date,year,month,day,portid,portname,country,ISO3,portcalls_container,portcalls_dry_bulk,portcalls_general_cargo,portcalls_roro,portcalls_tanker,portcalls_cargo,portcalls,import_container,import_dry_bulk,import_general_cargo,import_roro,import_tanker,import_cargo,import,export_container,export_dry_bulk,export_general_cargo,export_roro,export_tanker,export_cargo,export,ObjectId
2020-11-20,2020,11,20,port134,Beaumont,United States,USA,0,0,0,0,1,0,1,0,0,0,0,0,0,0,0,0,0,0,51486,0,51486,1160001
2020-11-21,2020,11,21,port134,Beaumont,United States,USA,0,0,0,0,0,0,0,0,0,0,0,0,0,0,0,0,0,0,0,0,0,1160002
2020-11-22,2020,11,22,port134,Beaumont,United States,USA,0,0,0,1,2,1,3,0,0,0,793,0,793,793,0,0,0,2256,35185,2256,37441,1160003
2020-11-23,2020,11,23,port134,Beaumont,United States,USA,0,0,0,0,0,0,0,0,0,0,0,0,0,0,0,0,0,0,0,0,0,1160004
2020-11-24,2020,11,24,port134,Beaumont,United States,USA,0,0,0,1,4,1,5,0,0,0,0,28289,0,28289,0,0,0,0,135004,0,135004,1160005
2020-11-25,2020,11,25,port134,Beaumont,United States,USA,0,0,0,0,1,0,1,0,0,0,0,0,0,0,0,0,0,0,13649,0,13649,1160006
2020-11-26,2020,11,26,port134,Beaumont,United States,USA,0,0,0,0,0,0,0,0,0,0,0,0,0,0,0,0,0,0,0,0,0,1160007
2020-11-27,2020,11,27,port134,Beaumont,United States,USA,0,0,0,0,1,0,1,0,0,0,0,4199,0,4199,0,0,0,0,0,0,0,1160009
2020-11-28,2020,11,28,port134,Beaumont,United States,USA,0,0,0,0,5,0,5,0,0,0,0,0,0,0,0,0,0,0,137489,0,137489,1160010
2020-11-29,2020,11,29,port134,Beaumont,United States,USA,0,0,0,0,0,0,0,0,0,0,0,0,0,0,0,0,0,0,0,0,0,1160011
2020-11-30,2020,11,30,port134,Beaumont,United States,USA,0,0,0,0,3,0,3,0,0,0,0,74294,0,74294,0,0,0,0,63617,0,63617,1160012
2020-12-01,2020,12,1,port134,Beaumont,United States,USA,0,1,0,0,1,1,2,0,24678,0,0,0,24678,24678,0,0,0,0,11732,0,11732,1160013
2020-12-02,2020,12,2,port134,Beaumont,United States,USA,0,0,0,0,4,0,4,0,0,0,0,592,0,592,0,0,0,0,74370,0,74370,1160014
2020-12-03,2020,12,3,port134,Beaumont,United States,USA,0,0,0,1,0,1,1,0,0,0,0,0,0,0,0,0,0,0,0,0,0,1160015
2020-12-04,2020,12,4,port134,Beaumont,United States,USA,0,0,0,0,0,0,0,0,0,0,0,0,0,0,0,0,0,0,0,0,0,1160016
2020-12-05,2020,12,5,port134,Beaumont,United States,USA,0,0,1,0,5,1,6,0,0,16119,0,12335,16119,28455,0,0,0,0,108310,0,108310,1160017
2020-12-06,2020,12,6,port134,Beaumont,United States,USA,0,0,0,0,1,0,1,0,0,0,0,0,0,0,0,0,0,0,55390,0,55390,1160018
2020-12-07,2020,12,7,port134,Beaumont,United States,USA,0,0,0,0,2,0,2,0,0,0,0,360,0,360,0,0,0,0,101259,0,101259,1160019
2020-12-08,2020,12,8,port134,Beaumont,United States,USA,0,1,0,0,3,1,4,0,0,0,0,0,0,0,0,8640,0,0,91967,8640,100607,1160020
2020-12-09,2020,12,9,port134,Beaumont,United States,USA,0,0,0,0,2,0,2,0,0,0,0,0,0,0,0,0,0,0,68729,0,68729,1160021
2020-12-10,2020,12,10,port134,Beaumont,United States,USA,0,0,0,0,2,0,2,0,0,0,0,0,0,0,0,0,0,0,126734,0,126734,1160022
2020-12-11,2020,12,11,port134,Beaumont,United States,USA,0,0,0,0,4,0,4,0,0,0,0,360,0,360,0,0,0,0,183099,0,183099,1160024
2020-12-12,2020,12,12,port134,Beaumont,United States,USA,0,0,0,0,2,0,2,0,0,0,0,0,0,0,0,0,0,0,69007,0,69007,1160025
2020-12-13,2020,12,13,port134,Beaumont,United States,USA,0,0,0,1,1,1,2,0,0,0,0,0,0,0,0,0,0,2732,80044,2732,82777,1160026
2020-12-14,2020,12,14,port134,Beaumont,United States,USA,0,0,0,0,2,0,2,0,0,0,0,948,0,948,0,0,0,0,51761,0,51761,1160027
2020-12-15,2020,12,15,port134,Beaumont,United States,USA,0,0,0,0,3,0,3,0,0,0,0,0,0,0,0,0,0,0,38738,0,38738,1160028
2020-12-16,2020,12,16,port134,Beaumont,United States,USA,0,0,1,0,3,1,4,0,0,14671,0,0,14671,14671,0,0,0,0,89673,0,89673,1160029
2020-12-17,2020,12,17,port134,Beaumont,United States,USA,0,0,0,0,3,0,3,0,0,0,0,0,0,0,0,0,0,0,68227,0,68227,1160030
2020-12-18,2020,12,18,port134,Beaumont,United States,USA,0,0,0,0,4,0,4,0,0,0,0,37936,0,37936,0,0,0,0,117892,0,117892,1160031
2020-12-19,2020,12,19,port134,Beaumont,United States,USA,0,0,0,0,0,0,0,0,0,0,0,0,0,0,0,0,0,0,0,0,0,1160032
2020-12-20,2020,12,20,port134,Beaumont,United States,USA,0,0,0,0,1,0,1,0,0,0,0,0,0,0,0,0,0,0,12413,0,12413,1160033
2020-12-21,2020,12,21,port134,Beaumont,United States,USA,0,0,0,0,3,0,3,0,0,0,0,21152,0,21152,0,0,0,0,87909,0,87909,1160034
2020-12-22,2020,12,22,port134,Beaumont,United States,USA,0,0,0,0,3,0,3,0,0,0,0,982,0,982,0,0,0,0,108844,0,108844,1160035
2020-12-23,2020,12,23,port134,Beaumont,United States,USA,0,1,0,0,1,1,2,0,9162,0,0,0,9162,9162,0,0,0,0,40769,0,40769,1160036
2020-12-24,2020,12,24,port134,Beaumont,United States,USA,0,0,0,0,0,0,0,0,0,0,0,0,0,0,0,0,0,0,0,0,0,1160037
2020-12-25,2020,12,25,port134,Beaumont,United States,USA,0,0,0,0,2,0,2,0,0,0,0,12467,0,12467,0,0,0,0,72842,0,72842,1160038
2020-12-26,2020,12,26,port134,Beaumont,United States,USA,0,0,0,0,4,0,4,0,0,0,0,90767,0,90767,0,0,0,0,25406,0,25406,1160039
2020-12-27,2020,12,27,port134,Beaumont,United States,USA,0,0,0,0,2,0,2,0,0,0,0,982,0,982,0,0,0,0,46215,0,46215,1160040
2020-12-28,2020,12,28,port134,Beaumont,United States,USA,0,0,0,0,3,0,3,0,0,0,0,0,0,0,0,0,0,0,30115,0,30115,1160041
2020-12-29,2020,12,29,port134,Beaumont,United States,USA,0,0,0,0,0,0,0,0,0,0,0,0,0,0,0,0,0,0,0,0,0,1160042
2020-12-30,2020,12,30,port134,Beaumont,United States,USA,0,0,0,0,3,0,3,0,0,0,0,360,0,360,0,0,0,0,105235,0,105235,1160043
2020-12-31,2020,12,31,port134,Beaumont,United States,USA,0,0,0,0,1,0,1,0,0,0,0,0,0,0,0,0,0,0,58177,0,58177,1160044
2021-12-25,2021,12,25,port134,Beaumont,United States,USA,0,0,0,0,2,0,2,0,0,0,0,12107,0,12107,0,0,0,0,61042,0,61042,1160045
2021-01-01,2021,1,1,port134,Beaumont,United States,USA,0,0,0,0,0,0,0,0,0,0,0,0,0,0,0,0,0,0,0,0,0,1160046
2021-01-02,2021,1,2,port134,Beaumont,United States,USA,0,1,0,0,4,1,5,0,0,0,0,0,0,0,0,15656,0,0,138278,15656,153934,1160047
2021-01-03,2021,1,3,port134,Beaumont,United States,USA,0,0,0,0,4,0,4,0,0,0,0,360,0,360,0,0,0,0,164550,0,164550,1160048
2021-01-04,2021,1,4,port134,Beaumont,United States,USA,0,0,0,0,3,0,3,0,0,0,0,2464,0,2464,0,0,0,0,64771,0,64771,1160049
2021-01-05,2021,1,5,port134,Beaumont,United States,USA,0,0,0,0,2,0,2,0,0,0,0,0,0,0,0,0,0,0,64787,0,64787,1160050
2021-01-06,2021,1,6,port134,Beaumont,United States,USA,0,0,0,0,3,0,3,0,0,0,0,0,0,0,0,0,0,0,72067,0,72067,1160051
2021-01-07,2021,1,7,port134,Beaumont,United States,USA,0,0,0,0,2,0,2,0,0,0,0,0,0,0,0,0,0,0,59777,0,59777,1160052
2021-01-08,2021,1,8,port134,Beaumont,United States,USA,0,0,0,0,2,0,2,0,0,0,0,0,0,0,0,0,0,0,49946,0,49946,1160053
2021-01-09,2021,1,9,port134,Beaumont,United States,USA,0,0,0,0,3,0,3,0,0,0,0,0,0,0,0,0,0,0,168767,0,168767,1160054
2021-01-10,2021,1,10,port134,Beaumont,United States,USA,0,0,0,0,3,0,3,0,0,0,0,0,0,0,0,0,0,0,80853,0,80853,1160055
2021-01-11,2021,1,11,port134,Beaumont,United States,USA,0,0,0,0,2,0,2,0,0,0,0,0,0,0,0,0,0,0,98660,0,98660,1160056
2021-01-12,2021,1,12,port134,Beaumont,United States,USA,0,0,0,0,7,0,7,0,0,0,0,176348,0,176348,0,0,0,0,165162,0,165162,1160057
2021-01-13,2021,1,13,port134,Beaumont,United States,USA,0,0,0,0,4,0,4,0,0,0,0,0,0,0,0,0,0,0,157306,0,157306,1160058
2021-01-14,2021,1,14,port134,Beaumont,United States,USA,0,0,0,0,0,0,0,0,0,0,0,0,0,0,0,0,0,0,0,0,0,1160059
2021-01-15,2021,1,15,port134,Beaumont,United States,USA,0,0,0,0,5,0,5,0,0,0,0,83047,0,83047,0,0,0,0,163566,0,163566,1160060
2021-01-16,2021,1,16,port134,Beaumont,United States,USA,0,0,0,0,1,0,1,0,0,0,0,0,0,0,0,0,0,0,75609,0,75609,1160061
2021-01-17,2021,1,17,port134,Beaumont,United States,USA,0,0,0,0,3,0,3,0,0,0,0,0,0,0,0,0,0,0,91456,0,91456,1160062
2021-01-18,2021,1,18,port134,Beaumont,United States,USA,0,0,0,0,6,0,6,0,0,0,0,13052,0,13052,0,0,0,0,138111,0,138111,1160063
2021-01-19,2021,1,19,port134,Beaumont,United States,USA,0,0,0,0,1,0,1,0,0,0,0,0,0,0,0,0,0,0,11939,0,11939,1160064
2021-01-20,2021,1,20,port134,Beaumont,United States,USA,0,0,0,0,1,0,1,0,0,0,0,0,0,0,0,0,0,0,4368,0,4368,1160065
2021-01-21,2021,1,21,port134,Beaumont,United States,USA,0,0,0,0,0,0,0,0,0,0,0,0,0,0,0,0,0,0,0,0,0,1160066
2021-01-22,2021,1,22,port134,Beaumont,United States,USA,0,0,0,0,2,0,2,0,0,0,0,0,0,0,0,0,0,0,62135,0,62135,1160067
2021-01-23,2021,1,23,port134,Beaumont,United States,USA,0,0,0,0,3,0,3,0,0,0,0,0,0,0,0,0,0,0,57188,0,57188,1160068
2021-01-24,2021,1,24,port134,Beaumont,United States,USA,0,0,0,0,0,0,0,0,0,0,0,0,0,0,0,0,0,0,0,0,0,1160069
2021-01-25,2021,1,25,port134,Beaumont,United States,USA,0,0,0,0,3,0,3,0,0,0,0,0,0,0,0,0,0,0,73101,0,73101,1160070
2021-01-26,2021,1,26,port134,Beaumont,United States,USA,0,0,0,0,3,0,3,0,0,0,0,0,0,0,0,0,0,0,17775,0,17775,1160071
2021-01-27,2021,1,27,port134,Beaumont,United States,USA,0,0,0,0,5,0,5,0,0,0,0,982,0,982,0,0,0,0,196576,0,196576,1160072
2021-01-28,2021,1,28,port134,Beaumont,United States,USA,0,0,0,0,5,0,5,0,0,0,0,0,0,0,0,0,0,0,89551,0,89551,1160073
2021-01-29,2021,1,29,port134,Beaumont,United States,USA,0,0,0,0,2,0,2,0,0,0,0,360,0,360,0,0,0,0,70941,0,70941,1160074
2021-01-30,2021,1,30,port134,Beaumont,United States,USA,0,0,0,0,0,0,0,0,0,0,0,0,0,0,0,0,0,0,0,0,0,1160075
2021-01-31,2021,1,31,port134,Beaumont,United States,USA,0,0,0,0,2,0,2,0,0,0,0,12107,0,12107,0,0,0,0,89820,0,89820,1160076
2021-02-01,2021,2,1,port134,Beaumont,United States,USA,0,1,0,0,3,1,4,0,64178,0,0,0,64178,64178,0,0,0,0,130368,0,130368,1160077
2021-02-02,2021,2,2,port134,Beaumont,United States,USA,0,0,0,1,1,1,2,0,0,0,0,0,0,0,0,0,0,8035,50252,8035,58287,1160078
2021-02-03,2021,2,3,port134,Beaumont,United States,USA,0,0,0,0,2,0,2,0,0,0,0,0,0,0,0,0,0,0,77197,0,77197,1160079
2021-02-04,2021,2,4,port134,Beaumont,United States,USA,0,0,0,0,2,0,2,0,0,0,0,0,0,0,0,0,0,0,86108,0,86108,1160080
2021-02-05,2021,2,5,port134,Beaumont,United States,USA,0,0,0,0,2,0,2,0,0,0,0,0,0,0,0,0,0,0,29451,0,29451,1160081
2021-02-06,2021,2,6,port134,Beaumont,United States,USA,0,0,0,1,3,1,4,0,0,0,0,0,0,0,0,0,0,2732,66674,2732,69406,1160082
2021-02-07,2021,2,7,port134,Beaumont,United States,USA,0,0,0,0,1,0,1,0,0,0,0,0,0,0,0,0,0,0,0,0,0,1160083
2021-02-08,2021,2,8,port134,Beaumont,United States,USA,0,1,1,0,4,2,6,0,0,5046,0,0,5046,5046,0,36904,2011,0,92166,38916,131083,1160084
2021-02-09,2021,2,9,port134,Beaumont,United States,USA,0,0,0,0,1,0,1,0,0,0,0,0,0,0,0,0,0,0,40789,0,40789,1160085
2021-02-10,2021,2,10,port134,Beaumont,United States,USA,0,0,0,0,0,0,0,0,0,0,0,0,0,0,0,0,0,0,0,0,0,1160086
2021-02-11,2021,2,11,port134,Beaumont,United States,USA,0,0,0,0,0,0,0,0,0,0,0,0,0,0,0,0,0,0,0,0,0,1160087
2021-02-12,2021,2,12,port134,Beaumont,United States,USA,0,0,0,0,10,0,10,0,0,0,0,982,0,982,0,0,0,0,423520,0,423520,1160088
2021-02-13,2021,2,13,port134,Beaumont,United States,USA,0,0,0,0,0,0,0,0,0,0,0,0,0,0,0,0,0,0,0,0,0,1160089
2021-02-14,2021,2,14,port134,Beaumont,United States,USA,0,0,0,0,1,0,1,0,0,0,0,12107,0,12107,0,0,0,0,39504,0,39504,1160090
2021-02-15,2021,2,15,port134,Beaumont,United States,USA,0,0,0,0,0,0,0,0,0,0,0,0,0,0,0,0,0,0,0,0,0,1160091
2021-02-16,2021,2,16,port134,Beaumont,United States,USA,0,0,0,0,0,0,0,0,0,0,0,0,0,0,0,0,0,0,0,0,0,1160092
2021-02-17,2021,2,17,port134,Beaumont,United States,USA,0,0,0,0,2,0,2,0,0,0,0,0,0,0,0,0,0,0,51382,0,51382,1160093
2021-02-18,2021,2,18,port134,Beaumont,United States,USA,0,0,0,0,3,0,3,0,0,0,0,0,0,0,0,0,0,0,36409,0,36409,1160094
2021-02-19,2021,2,19,port134,Beaumont,United States,USA,0,0,0,0,3,0,3,0,0,0,0,0,0,0,0,0,0,0,107926,0,107926,1160095
2021-02-20,2021,2,20,port134,Beaumont,United States,USA,0,0,0,0,1,0,1,0,0,0,0,0,0,0,0,0,0,0,56985,0,56985,1160096
2021-02-21,2021,2,21,port134,Beaumont,United States,USA,0,0,0,0,2,0,2,0,0,0,0,0,0,0,0,0,0,0,53827,0,53827,1160097
2021-02-22,2021,2,22,port134,Beaumont,United States,USA,0,0,0,0,1,0,1,0,0,0,0,0,0,0,0,0,0,0,33275,0,33275,1160098
2021-02-23,2021,2,23,port134,Beaumont,United States,USA,0,0,0,0,1,0,1,0,0,0,0,0,0,0,0,0,0,0,10049,0,10049,1160099
2021-02-24,2021,2,24,port134,Beaumont,United States,USA,0,0,1,0,6,1,7,0,0,5046,0,5307,5046,10353,0,0,2011,0,194105,2011,196117,1160100
2021-02-25,2021,2,25,port134,Beaumont,United States,USA,0,0,0,0,2,0,2,0,0,0,0,0,0,0,0,0,0,0,113550,0,113550,1160101
2021-02-26,2021,2,26,port134,Beaumont,United States,USA,0,0,0,0,1,0,1,0,0,0,0,0,0,0,0,0,0,0,35841,0,35841,1160102
2021-02-27,2021,2,27,port134,Beaumont,United States,USA,0,0,0,0,0,0,0,0,0,0,0,0,0,0,0,0,0,0,0,0,0,1160103
2021-02-28,2021,2,28,port134,Beaumont,United States,USA,0,0,0,0,0,0,0,0,0,0,0,0,0,0,0,0,0,0,0,0,0,1160104
2021-03-01,2021,3,1,port134,Beaumont,United States,USA,0,0,0,0,0,0,0,0,0,0,0,0,0,0,0,0,0,0,0,0,0,1160105
2021-03-02,2021,3,2,port134,Beaumont,United States,USA,0,0,0,1,5,1,6,0,0,0,0,12467,0,12467,0,0,0,0,260116,0,260116,1160106
2021-03-03,2021,3,3,port134,Beaumont,United States,USA,0,0,0,0,2,0,2,0,0,0,0,0,0,0,0,0,0,0,50064,0,50064,1160107
2021-03-04,2021,3,4,port134,Beaumont,United States,USA,0,0,0,0,2,0,2,0,0,0,0,0,0,0,0,0,0,0,66186,0,66186,1160108
2021-03-05,2021,3,5,port134,Beaumont,United States,USA,0,0,0,0,5,0,5,0,0,0,0,18888,0,18888,0,0,0,0,196451,0,196451,1160109
2021-03-06,2021,3,6,port134,Beaumont,United States,USA,0,0,0,0,2,0,2,0,0,0,0,3489,0,3489,0,0,0,0,36571,0,36571,1160110
2021-03-07,2021,3,7,port134,Beaumont,United States,USA,0,0,0,0,2,0,2,0,0,0,0,0,0,0,0,0,0,0,41150,0,41150,1160111
2021-03-08,2021,3,8,port134,Beaumont,United States,USA,0,0,0,0,3,0,3,0,0,0,0,0,0,0,0,0,0,0,124175,0,124175,1160112
2021-03-09,2021,3,9,port134,Beaumont,United States,USA,0,0,0,0,1,0,1,0,0,0,0,0,0,0,0,0,0,0,24904,0,24904,1160113
2021-03-10,2021,3,10,port134,Beaumont,United States,USA,0,0,0,0,3,0,3,0,0,0,0,0,0,0,0,0,0,0,155308,0,155308,1160114
2021-03-11,2021,3,11,port134,Beaumont,United States,USA,0,0,0,0,2,0,2,0,0,0,0,360,0,360,0,0,0,0,112035,0,112035,1160115
2021-03-12,2021,3,12,port134,Beaumont,United States,USA,0,0,0,0,2,0,2,0,0,0,0,0,0,0,0,0,0,0,69033,0,69033,1160116
2021-03-13,2021,3,13,port134,Beaumont,United States,USA,0,0,0,0,2,0,2,0,0,0,0,0,0,0,0,0,0,0,94809,0,94809,1160117
2021-03-14,2021,3,14,port134,Beaumont,United States,USA,0,0,0,0,5,0,5,0,0,0,0,5912,0,5912,0,0,0,0,176507,0,176507,1160118
2021-03-15,2021,3,15,port134,Beaumont,United States,USA,0,0,0,0,2,0,2,0,0,0,0,0,0,0,0,0,0,0,75004,0,75004,1160119
2021-03-16,2021,3,16,port134,Beaumont,United States,USA,0,0,0,0,0,0,0,0,0,0,0,0,0,0,0,0,0,0,0,0,0,1160120
2021-03-17,2021,3,17,port134,Beaumont,United States,USA,0,0,0,0,6,0,6,0,0,0,0,1342,0,1342,0,0,0,0,279160,0,279160,1160121
2021-03-18,2021,3,18,port134,Beaumont,United States,USA,0,0,0,1,4,1,5,0,0,0,0,21916,0,21916,0,0,0,0,169806,0,169806,1160122
2021-03-19,2021,3,19,port134,Beaumont,United States,USA,0,0,0,0,4,0,4,0,0,0,0,0,0,0,0,0,0,0,141345,0,141345,1160123
2021-03-20,2021,3,20,port134,Beaumont,United States,USA,0,0,0,0,2,0,2,0,0,0,0,0,0,0,0,0,0,0,79365,0,79365,1160124
2021-03-21,2021,3,21,port134,Beaumont,United States,USA,0,2,0,0,3,2,5,0,2810,0,0,0,2810,2810,0,63814,0,0,167124,63814,230939,1160125
2021-03-22,2021,3,22,port134,Beaumont,United States,USA,0,0,0,0,3,0,3,0,0,0,0,0,0,0,0,0,0,0,89105,0,89105,1160126
2021-03-23,2021,3,23,port134,Beaumont,United States,USA,0,0,0,0,5,0,5,0,0,0,0,982,0,982,0,0,0,0,147221,0,147221,1160127
2021-03-24,2021,3,24,port134,Beaumont,United States,USA,0,0,0,0,1,0,1,0,0,0,0,12107,0,12107,0,0,0,0,39504,0,39504,1160128
2021-03-25,2021,3,25,port134,Beaumont,United States,USA,0,0,0,0,1,0,1,0,0,0,0,0,0,0,0,0,0,0,32680,0,32680,1160129
2021-03-26,2021,3,26,port134,Beaumont,United States,USA,0,0,0,0,5,0,5,0,0,0,0,66559,0,66559,0,0,0,0,157527,0,157527,1160130
2021-03-27,2021,3,27,port134,Beaumont,United States,USA,0,0,0,0,1,0,1,0,0,0,0,562,0,562,0,0,0,0,0,0,0,1160131
2021-03-28,2021,3,28,port134,Beaumont,United States,USA,0,0,0,0,2,0,2,0,0,0,0,0,0,0,0,0,0,0,124665,0,124665,1160132
2021-03-29,2021,3,29,port134,Beaumont,United States,USA,0,1,0,1,2,2,4,0,0,0,0,982,0,982,0,12150,0,4061,76769,16211,92981,1160133
2021-03-30,2021,3,30,port134,Beaumont,United States,USA,0,0,0,0,4,0,4,0,0,0,0,0,0,0,0,0,0,0,177685,0,177685,1160134
2021-03-31,2021,3,31,port134,Beaumont,United States,USA,0,0,0,0,1,0,1,0,0,0,0,0,0,0,0,0,0,0,33551,0,33551,1160135
2021-04-01,2021,4,1,port134,Beaumont,United States,USA,0,0,0,0,2,0,2,0,0,0,0,0,0,0,0,0,0,0,85679,0,85679,1160136
2021-04-02,2021,4,2,port134,Beaumont,United States,USA,0,0,0,0,3,0,3,0,0,0,0,0,0,0,0,0,0,0,72356,0,72356,1160137
2021-04-03,2021,4,3,port134,Beaumont,United States,USA,1,0,0,0,2,1,3,8558,0,0,0,6064,8558,14623,0,0,0,0,71546,0,71546,1160138
2021-04-04,2021,4,4,port134,Beaumont,United States,USA,0,0,0,0,1,0,1,0,0,0,0,0,0,0,0,0,0,0,23673,0,23673,1160139
2021-04-05,2021,4,5,port134,Beaumont,United States,USA,0,0,0,0,2,0,2,0,0,0,0,0,0,0,0,0,0,0,79052,0,79052,1160140
2021-04-06,2021,4,6,port134,Beaumont,United States,USA,0,0,0,0,2,0,2,0,0,0,0,0,0,0,0,0,0,0,90007,0,90007,1160141
2021-04-07,2021,4,7,port134,Beaumont,United States,USA,0,1,0,0,2,1,3,0,64178,0,0,0,64178,64178,0,0,0,0,59652,0,59652,1160142
2021-04-08,2021,4,8,port134,Beaumont,United States,USA,0,0,0,0,2,0,2,0,0,0,0,1342,0,1342,0,0,0,0,11702,0,11702,1160143
2021-04-09,2021,4,9,port134,Beaumont,United States,USA,0,0,0,0,2,0,2,0,0,0,0,0,0,0,0,0,0,0,86979,0,86979,1160144
2021-04-10,2021,4,10,port134,Beaumont,United States,USA,0,0,0,0,0,0,0,0,0,0,0,0,0,0,0,0,0,0,0,0,0,1160145
2021-04-11,2021,4,11,port134,Beaumont,United States,USA,0,0,0,0,3,0,3,0,0,0,0,0,0,0,0,0,0,0,97665,0,97665,1160146
2021-04-12,2021,4,12,port134,Beaumont,United States,USA,0,0,0,0,4,0,4,0,0,0,0,0,0,0,0,0,0,0,117466,0,117466,1160147
2021-04-13,2021,4,13,port134,Beaumont,United States,USA,0,0,1,0,2,1,3,0,0,686,0,360,686,1046,0,0,0,0,100802,0,100802,1160148
2021-04-14,2021,4,14,port134,Beaumont,United States,USA,0,0,0,0,0,0,0,0,0,0,0,0,0,0,0,0,0,0,0,0,0,1160149
2021-04-15,2021,4,15,port134,Beaumont,United States,USA,0,0,0,0,4,0,4,0,0,0,0,0,0,0,0,0,0,0,16438,0,16438,1160150
2021-04-16,2021,4,16,port134,Beaumont,United States,USA,0,0,0,0,2,0,2,0,0,0,0,0,0,0,0,0,0,0,58851,0,58851,1160151
2021-04-17,2021,4,17,port134,Beaumont,United States,USA,0,1,1,0,2,2,4,0,0,230,0,0,230,230,0,33290,0,0,53925,33290,87215,1160152
2021-04-18,2021,4,18,port134,Beaumont,United States,USA,0,0,0,0,4,0,4,0,0,0,0,72782,0,72782,0,0,0,0,125250,0,125250,1160153
2021-04-19,2021,4,19,port134,Beaumont,United States,USA,0,0,0,1,2,1,3,0,0,0,0,0,0,0,0,0,0,2091,105170,2091,107261,1160154
2021-04-20,2021,4,20,port134,Beaumont,United States,USA,0,0,1,0,3,1,4,0,0,5469,0,0,5469,5469,0,0,0,0,70147,0,70147,1160155
2021-04-21,2021,4,21,port134,Beaumont,United States,USA,0,1,0,0,3,1,4,0,64178,0,0,0,64178,64178,0,0,0,0,108692,0,108692,1160156
2021-04-22,2021,4,22,port134,Beaumont,United States,USA,0,0,0,0,0,0,0,0,0,0,0,0,0,0,0,0,0,0,0,0,0,1160157
2021-04-23,2021,4,23,port134,Beaumont,United States,USA,0,0,0,0,1,0,1,0,0,0,0,0,0,0,0,0,0,0,51252,0,51252,1160158
2021-04-24,2021,4,24,port134,Beaumont,United States,USA,0,0,0,0,4,0,4,0,0,0,0,23578,0,23578,0,0,0,0,123725,0,123725,1160159
2021-04-25,2021,4,25,port134,Beaumont,United States,USA,0,0,1,0,1,1,2,0,0,5046,0,0,5046,5046,0,0,2011,0,50875,2011,52887,1160160
2021-04-26,2021,4,26,port134,Beaumont,United States,USA,0,0,0,0,1,0,1,0,0,0,0,0,0,0,0,0,0,0,19204,0,19204,1160161
2021-04-27,2021,4,27,port134,Beaumont,United States,USA,0,0,0,0,4,0,4,0,0,0,0,0,0,0,0,0,0,0,103121,0,103121,1160162
2021-04-28,2021,4,28,port134,Beaumont,United States,USA,0,1,0,0,3,1,4,0,0,0,0,982,0,982,0,32583,0,0,83917,32583,116501,1160163
2021-04-29,2021,4,29,port134,Beaumont,United States,USA,0,0,0,0,6,0,6,0,0,0,0,0,0,0,0,0,0,0,69513,0,69513,1160164
2021-04-30,2021,4,30,port134,Beaumont,United States,USA,0,0,0,0,0,0,0,0,0,0,0,0,0,0,0,0,0,0,0,0,0,1160165
2021-05-01,2021,5,1,port134,Beaumont,United States,USA,0,0,0,0,2,0,2,0,0,0,0,0,0,0,0,0,0,0,0,0,0,1160166
2021-05-02,2021,5,2,port134,Beaumont,United States,USA,0,0,0,0,0,0,0,0,0,0,0,0,0,0,0,0,0,0,0,0,0,1160167
2021-05-03,2021,5,3,port134,Beaumont,United States,USA,0,0,0,0,3,0,3,0,0,0,0,0,0,0,0,0,0,0,71722,0,71722,1160168
2021-05-04,2021,5,4,port134,Beaumont,United States,USA,0,0,0,0,4,0,4,0,0,0,0,360,0,360,0,0,0,0,133420,0,133420,1160169
2021-05-05,2021,5,5,port134,Beaumont,United States,USA,0,1,0,0,1,1,2,0,64178,0,0,0,64178,64178,0,0,0,0,4173,0,4173,1160170
2021-05-06,2021,5,6,port134,Beaumont,United States,USA,0,0,0,0,2,0,2,0,0,0,0,0,0,0,0,0,0,0,50578,0,50578,1160171
2021-05-07,2021,5,7,port134,Beaumont,United States,USA,0,0,0,0,3,0,3,0,0,0,0,0,0,0,0,0,0,0,85955,0,85955,1160172
2021-05-08,2021,5,8,port134,Beaumont,United States,USA,0,0,0,1,0,1,1,0,0,0,793,0,793,793,0,0,0,2256,0,2256,2256,1160173
2021-05-09,2021,5,9,port134,Beaumont,United States,USA,0,1,0,0,3,1,4,0,0,0,0,0,0,0,0,24100,0,0,64690,24100,88791,1160174
2021-05-10,2021,5,10,port134,Beaumont,United States,USA,0,0,0,0,1,0,1,0,0,0,0,0,0,0,0,0,0,0,51307,0,51307,1160175
2021-05-11,2021,5,11,port134,Beaumont,United States,USA,0,0,0,1,3,1,4,0,0,0,0,0,0,0,0,0,0,0,132291,0,132291,1160176
2021-05-12,2021,5,12,port134,Beaumont,United States,USA,0,0,0,0,3,0,3,0,0,0,0,15818,0,15818,0,0,0,0,51421,0,51421,1160177
2021-05-13,2021,5,13,port134,Beaumont,United States,USA,0,0,0,0,4,0,4,0,0,0,0,0,0,0,0,0,0,0,34155,0,34155,1160178
2021-05-14,2021,5,14,port134,Beaumont,United States,USA,0,0,0,0,2,0,2,0,0,0,0,0,0,0,0,0,0,0,38258,0,38258,1160179
2021-05-15,2021,5,15,port134,Beaumont,United States,USA,0,0,0,0,5,0,5,0,0,0,0,0,0,0,0,0,0,0,215011,0,215011,1160180
2021-05-16,2021,5,16,port134,Beaumont,United States,USA,0,0,0,0,3,0,3,0,0,0,0,0,0,0,0,0,0,0,68187,0,68187,1160181
2021-05-17,2021,5,17,port134,Beaumont,United States,USA,0,0,0,0,1,0,1,0,0,0,0,0,0,0,0,0,0,0,9046,0,9046,1160182
2021-05-18,2021,5,18,port134,Beaumont,United States,USA,0,0,0,0,2,0,2,0,0,0,0,0,0,0,0,0,0,0,58726,0,58726,1160183
2021-05-19,2021,5,19,port134,Beaumont,United States,USA,0,0,0,0,3,0,3,0,0,0,0,0,0,0,0,0,0,0,173590,0,173590,1160184
2021-05-20,2021,5,20,port134,Beaumont,United States,USA,0,0,0,0,3,0,3,0,0,0,0,12107,0,12107,0,0,0,0,59243,0,59243,1160185
2021-05-21,2021,5,21,port134,Beaumont,United States,USA,0,0,0,0,1,0,1,0,0,0,0,0,0,0,0,0,0,0,81846,0,81846,1160186
2021-05-22,2021,5,22,port134,Beaumont,United States,USA,0,0,0,0,1,0,1,0,0,0,0,0,0,0,0,0,0,0,73692,0,73692,1160187
2021-05-23,2021,5,23,port134,Beaumont,United States,USA,0,0,1,0,2,1,3,0,0,6877,0,360,6877,7237,0,0,0,0,56131,0,56131,1160188
2021-05-24,2021,5,24,port134,Beaumont,United States,USA,0,0,1,0,2,1,3,0,0,0,0,982,0,982,0,0,0,0,41157,0,41157,1160189
2021-05-25,2021,5,25,port134,Beaumont,United States,USA,0,1,0,0,3,1,4,0,0,0,0,0,0,0,0,34793,0,0,88497,34793,123291,1160190
2021-05-26,2021,5,26,port134,Beaumont,United States,USA,0,0,0,0,3,0,3,0,0,0,0,0,0,0,0,0,0,0,22825,0,22825,1160191
2021-05-27,2021,5,27,port134,Beaumont,United States,USA,0,0,0,0,2,0,2,0,0,0,0,44628,0,44628,0,0,0,0,16748,0,16748,1160192
2021-05-28,2021,5,28,port134,Beaumont,United States,USA,0,1,0,0,4,1,5,0,24666,0,0,0,24666,24666,0,0,0,0,91427,0,91427,1160193
2021-05-29,2021,5,29,port134,Beaumont,United States,USA,0,0,0,0,2,0,2,0,0,0,0,20592,0,20592,0,0,0,0,25406,0,25406,1160194
2021-05-30,2021,5,30,port134,Beaumont,United States,USA,0,0,0,0,2,0,2,0,0,0,0,360,0,360,0,0,0,0,80375,0,80375,1160195
2021-05-31,2021,5,31,port134,Beaumont,United States,USA,0,0,0,0,2,0,2,0,0,0,0,0,0,0,0,0,0,0,38013,0,38013,1160196
2021-06-01,2021,6,1,port134,Beaumont,United States,USA,0,0,0,0,2,0,2,0,0,0,0,0,0,0,0,0,0,0,41884,0,41884,1160197
2021-06-02,2021,6,2,port134,Beaumont,United States,USA,0,0,0,0,4,0,4,0,0,0,0,0,0,0,0,0,0,0,167959,0,167959,1160198
2021-06-03,2021,6,3,port134,Beaumont,United States,USA,0,0,1,0,3,1,4,0,0,5469,0,0,5469,5469,0,0,0,0,46567,0,46567,1160199
2021-06-04,2021,6,4,port134,Beaumont,United States,USA,0,0,0,0,2,0,2,0,0,0,0,0,0,0,0,0,0,0,97211,0,97211,1160200
2021-06-05,2021,6,5,port134,Beaumont,United States,USA,0,0,0,0,2,0,2,0,0,0,0,360,0,360,0,0,0,0,51591,0,51591,1160201
2021-06-06,2021,6,6,port134,Beaumont,United States,USA,0,0,0,0,2,0,2,0,0,0,0,982,0,982,0,0,0,0,67977,0,67977,1160202
2021-06-07,2021,6,7,port134,Beaumont,United States,USA,0,1,0,0,3,1,4,0,15633,0,0,12107,15633,27741,0,0,0,0,137886,0,137886,1160203
2021-06-08,2021,6,8,port134,Beaumont,United States,USA,0,0,0,0,3,0,3,0,0,0,0,0,0,0,0,0,0,0,115180,0,115180,1160204
2021-06-09,2021,6,9,port134,Beaumont,United States,USA,0,0,0,0,1,0,1,0,0,0,0,0,0,0,0,0,0,0,42170,0,42170,1160205
2021-06-10,2021,6,10,port134,Beaumont,United States,USA,0,0,1,0,3,1,4,0,0,222,0,0,222,222,0,0,0,0,159939,0,159939,1160206
2021-06-11,2021,6,11,port134,Beaumont,United States,USA,0,0,0,0,5,0,5,0,0,0,0,76570,0,76570,0,0,0,0,111203,0,111203,1160207
2021-06-12,2021,6,12,port134,Beaumont,United States,USA,0,0,0,0,0,0,0,0,0,0,0,0,0,0,0,0,0,0,0,0,0,1160208
2021-06-13,2021,6,13,port134,Beaumont,United States,USA,1,0,0,1,6,2,8,8823,0,0,0,10890,8823,19714,1216,0,0,15816,123357,17032,140390,1160209
2021-06-14,2021,6,14,port134,Beaumont,United States,USA,0,0,0,0,5,0,5,0,0,0,0,982,0,982,0,0,0,0,112317,0,112317,1160210
2021-06-15,2021,6,15,port134,Beaumont,United States,USA,0,1,0,0,1,1,2,0,0,0,0,0,0,0,0,1165,0,0,38750,1165,39916,1160211
2021-06-16,2021,6,16,port134,Beaumont,United States,USA,1,0,0,1,3,2,5,1016,0,0,0,0,1016,1016,204,0,0,4061,117476,4266,121743,1160212
2021-06-17,2021,6,17,port134,Beaumont,United States,USA,0,0,0,0,4,0,4,0,0,0,0,76766,0,76766,0,0,0,0,167419,0,167419,1160213
2021-06-18,2021,6,18,port134,Beaumont,United States,USA,0,0,0,0,0,0,0,0,0,0,0,0,0,0,0,0,0,0,0,0,0,1160214
2021-06-19,2021,6,19,port134,Beaumont,United States,USA,0,0,1,0,0,1,1,0,0,0,0,0,0,0,0,0,3579,0,0,3579,3579,1160215
2021-06-20,2021,6,20,port134,Beaumont,United States,USA,0,0,1,0,4,1,5,0,0,12922,0,0,12922,12922,0,0,0,0,128215,0,128215,1160216
2021-06-21,2021,6,21,port134,Beaumont,United States,USA,0,0,0,0,2,0,2,0,0,0,0,0,0,0,0,0,0,0,0,0,0,1160217
2021-06-22,2021,6,22,port134,Beaumont,United States,USA,0,0,0,0,3,0,3,0,0,0,0,360,0,360,0,0,0,0,120197,0,120197,1160218
2021-06-23,2021,6,23,port134,Beaumont,United States,USA,0,0,0,0,4,0,4,0,0,0,0,0,0,0,0,0,0,0,56863,0,56863,1160219
2021-06-24,2021,6,24,port134,Beaumont,United States,USA,1,0,0,0,3,1,4,1016,0,0,0,0,1016,1016,204,0,0,0,102911,204,103116,1160220
2021-06-25,2021,6,25,port134,Beaumont,United States,USA,0,0,0,0,1,0,1,0,0,0,0,0,0,0,0,0,0,0,69676,0,69676,1160221
2021-06-26,2021,6,26,port134,Beaumont,United States,USA,0,0,0,0,3,0,3,0,0,0,0,0,0,0,0,0,0,0,150911,0,150911,1160222
2021-06-27,2021,6,27,port134,Beaumont,United States,USA,0,0,0,0,4,0,4,0,0,0,0,11951,0,11951,0,0,0,0,142189,0,142189,1160223
2021-06-28,2021,6,28,port134,Beaumont,United States,USA,0,0,0,0,2,0,2,0,0,0,0,0,0,0,0,0,0,0,19599,0,19599,1160224
2021-06-29,2021,6,29,port134,Beaumont,United States,USA,0,0,0,0,3,0,3,0,0,0,0,0,0,0,0,0,0,0,101701,0,101701,1160225
2021-06-30,2021,6,30,port134,Beaumont,United States,USA,0,0,0,0,3,0,3,0,0,0,0,1610,0,1610,0,0,0,0,71379,0,71379,1160226
2021-07-01,2021,7,1,port134,Beaumont,United States,USA,0,0,0,0,1,0,1,0,0,0,0,0,0,0,0,0,0,0,9328,0,9328,1160227
2021-07-02,2021,7,2,port134,Beaumont,United States,USA,0,0,0,0,0,0,0,0,0,0,0,0,0,0,0,0,0,0,0,0,0,1160228
2021-07-03,2021,7,3,port134,Beaumont,United States,USA,0,0,0,1,2,1,3,0,0,0,793,0,793,793,0,0,0,2256,82373,2256,84629,1160229
2021-07-04,2021,7,4,port134,Beaumont,United States,USA,0,0,0,0,2,0,2,0,0,0,0,12107,0,12107,0,0,0,0,84533,0,84533,1160230
2021-07-05,2021,7,5,port134,Beaumont,United States,USA,0,0,0,0,2,0,2,0,0,0,0,0,0,0,0,0,0,0,23863,0,23863,1160231
2021-07-06,2021,7,6,port134,Beaumont,United States,USA,1,0,0,0,4,1,5,1016,0,0,0,83253,1016,84270,204,0,0,0,66646,204,66851,1160232
2021-07-07,2021,7,7,port134,Beaumont,United States,USA,0,0,0,0,3,0,3,0,0,0,0,0,0,0,0,0,0,0,101292,0,101292,1160233
2021-07-08,2021,7,8,port134,Beaumont,United States,USA,0,0,0,0,2,0,2,0,0,0,0,0,0,0,0,0,0,0,2369,0,2369,1160234
2021-07-09,2021,7,9,port134,Beaumont,United States,USA,0,0,0,0,2,0,2,0,0,0,0,0,0,0,0,0,0,0,55719,0,55719,1160235
2021-07-10,2021,7,10,port134,Beaumont,United States,USA,0,1,0,0,1,1,2,0,64178,0,0,0,64178,64178,0,0,0,0,51035,0,51035,1160236
2021-07-11,2021,7,11,port134,Beaumont,United States,USA,0,0,0,0,1,0,1,0,0,0,0,982,0,982,0,0,0,0,25406,0,25406,1160237
2021-07-12,2021,7,12,port134,Beaumont,United States,USA,0,1,0,0,2,1,3,0,0,0,0,1964,0,1964,0,0,0,0,50812,0,50812,1160238
2021-07-13,2021,7,13,port134,Beaumont,United States,USA,0,0,0,0,3,0,3,0,0,0,0,0,0,0,0,0,0,0,130669,0,130669,1160239
2021-07-14,2021,7,14,port134,Beaumont,United States,USA,0,0,0,0,3,0,3,0,0,0,0,0,0,0,0,0,0,0,172678,0,172678,1160240
2021-07-15,2021,7,15,port134,Beaumont,United States,USA,0,0,0,0,5,0,5,0,0,0,0,4753,0,4753,0,0,0,0,142171,0,142171,1160241
2021-07-16,2021,7,16,port134,Beaumont,United States,USA,0,0,0,1,2,1,3,0,0,0,0,360,0,360,0,0,0,2577,57709,2577,60287,1160242
2021-07-17,2021,7,17,port134,Beaumont,United States,USA,0,1,0,0,3,1,4,0,2810,0,0,12962,2810,15772,0,22385,0,0,56115,22385,78501,1160243
2021-07-18,2021,7,18,port134,Beaumont,United States,USA,0,1,0,0,1,1,2,0,64178,0,0,0,64178,64178,0,0,0,0,77957,0,77957,1160244
2021-07-19,2021,7,19,port134,Beaumont,United States,USA,0,0,0,0,4,0,4,0,0,0,0,0,0,0,0,0,0,0,132659,0,132659,1160245
2021-07-20,2021,7,20,port134,Beaumont,United States,USA,0,0,0,0,2,0,2,0,0,0,0,81934,0,81934,0,0,0,0,37856,0,37856,1160246
2021-07-21,2021,7,21,port134,Beaumont,United States,USA,0,0,1,0,2,1,3,0,0,16250,0,0,16250,16250,0,0,0,0,34518,0,34518,1160247
2021-07-22,2021,7,22,port134,Beaumont,United States,USA,0,0,1,0,5,1,6,0,0,4148,0,0,4148,4148,0,0,0,0,177913,0,177913,1160248
2021-07-23,2021,7,23,port134,Beaumont,United States,USA,0,1,0,0,2,1,3,0,0,0,0,0,0,0,0,33132,0,0,93513,33132,126645,1160249
2021-07-24,2021,7,24,port134,Beaumont,United States,USA,0,0,0,0,3,0,3,0,0,0,0,0,0,0,0,0,0,0,111184,0,111184,1160250
2021-07-25,2021,7,25,port134,Beaumont,United States,USA,0,0,0,0,3,0,3,0,0,0,0,1342,0,1342,0,0,0,0,100810,0,100810,1160251
2021-07-26,2021,7,26,port134,Beaumont,United States,USA,0,0,0,0,1,0,1,0,0,0,0,0,0,0,0,0,0,0,12935,0,12935,1160252
2021-07-27,2021,7,27,port134,Beaumont,United States,USA,0,1,0,0,0,1,1,0,23344,0,0,0,23344,23344,0,0,0,0,0,0,0,1160253
2021-07-28,2021,7,28,port134,Beaumont,United States,USA,0,0,0,0,3,0,3,0,0,0,0,18780,0,18780,0,0,0,0,49736,0,49736,1160254
2021-07-29,2021,7,29,port134,Beaumont,United States,USA,0,0,0,0,1,0,1,0,0,0,0,0,0,0,0,0,0,0,46627,0,46627,1160255
2021-07-30,2021,7,30,port134,Beaumont,United States,USA,0,0,0,0,2,0,2,0,0,0,0,0,0,0,0,0,0,0,27052,0,27052,1160256
2021-07-31,2021,7,31,port134,Beaumont,United States,USA,0,0,0,0,6,0,6,0,0,0,0,12854,0,12854,0,0,0,0,285305,0,285305,1160257
2021-08-01,2021,8,1,port134,Beaumont,United States,USA,0,0,0,0,1,0,1,0,0,0,0,0,0,0,0,0,0,0,61484,0,61484,1160258
2021-08-02,2021,8,2,port134,Beaumont,United States,USA,0,0,0,0,1,0,1,0,0,0,0,0,0,0,0,0,0,0,0,0,0,1160259
2021-08-03,2021,8,3,port134,Beaumont,United States,USA,0,0,0,0,4,0,4,0,0,0,0,360,0,360,0,0,0,0,142021,0,142021,1160260
2021-08-04,2021,8,4,port134,Beaumont,United States,USA,0,0,0,0,0,0,0,0,0,0,0,0,0,0,0,0,0,0,0,0,0,1160261
2021-08-05,2021,8,5,port134,Beaumont,United States,USA,0,0,0,0,3,0,3,0,0,0,0,0,0,0,0,0,0,0,207707,0,207707,1160262
2021-08-06,2021,8,6,port134,Beaumont,United States,USA,0,0,0,0,4,0,4,0,0,0,0,5716,0,5716,0,0,0,0,39138,0,39138,1160263
2021-08-07,2021,8,7,port134,Beaumont,United States,USA,0,0,0,0,4,0,4,0,0,0,0,0,0,0,0,0,0,0,143471,0,143471,1160264
2021-08-08,2021,8,8,port134,Beaumont,United States,USA,0,0,0,0,3,0,3,0,0,0,0,0,0,0,0,0,0,0,186465,0,186465,1160265
2021-08-09,2021,8,9,port134,Beaumont,United States,USA,0,0,0,0,0,0,0,0,0,0,0,0,0,0,0,0,0,0,0,0,0,1160266
2021-08-10,2021,8,10,port134,Beaumont,United States,USA,0,0,0,0,4,0,4,0,0,0,0,0,0,0,0,0,0,0,125378,0,125378,1160267
2021-08-11,2021,8,11,port134,Beaumont,United States,USA,0,0,0,0,4,0,4,0,0,0,0,0,0,0,0,0,0,0,77817,0,77817,1160268
2021-08-12,2021,8,12,port134,Beaumont,United States,USA,0,0,0,0,3,0,3,0,0,0,0,12107,0,12107,0,0,0,0,156657,0,156657,1160269
2021-08-13,2021,8,13,port134,Beaumont,United States,USA,0,0,0,0,2,0,2,0,0,0,0,12107,0,12107,0,0,0,0,49898,0,49898,1160270
2021-08-14,2021,8,14,port134,Beaumont,United States,USA,0,0,0,0,4,0,4,0,0,0,0,0,0,0,0,0,0,0,96934,0,96934,1160271
2021-08-15,2021,8,15,port134,Beaumont,United States,USA,0,1,0,1,2,2,4,0,0,0,0,72273,0,72273,0,37804,0,4061,33581,41866,75447,1160272
2021-08-16,2021,8,16,port134,Beaumont,United States,USA,1,0,0,0,3,1,4,1016,0,0,0,17514,1016,18531,204,0,0,0,81390,204,81595,1160273
2021-08-17,2021,8,17,port134,Beaumont,United States,USA,0,0,0,0,4,0,4,0,0,0,0,11969,0,11969,0,0,0,0,69448,0,69448,1160274
2021-08-18,2021,8,18,port134,Beaumont,United States,USA,0,0,0,0,1,0,1,0,0,0,0,0,0,0,0,0,0,0,39612,0,39612,1160275
2021-08-19,2021,8,19,port134,Beaumont,United States,USA,0,0,0,0,4,0,4,0,0,0,0,0,0,0,0,0,0,0,149264,0,149264,1160276
2021-08-20,2021,8,20,port134,Beaumont,United States,USA,0,0,0,0,2,0,2,0,0,0,0,2364,0,2364,0,0,0,0,10965,0,10965,1160277
2021-08-21,2021,8,21,port134,Beaumont,United States,USA,0,0,0,0,1,0,1,0,0,0,0,0,0,0,0,0,0,0,56467,0,56467,1160278
2021-08-22,2021,8,22,port134,Beaumont,United States,USA,0,0,0,0,6,0,6,0,0,0,0,0,0,0,0,0,0,0,115233,0,115233,1160279
2021-08-23,2021,8,23,port134,Beaumont,United States,USA,0,0,0,0,1,0,1,0,0,0,0,0,0,0,0,0,0,0,38086,0,38086,1160280
2021-08-24,2021,8,24,port134,Beaumont,United States,USA,0,0,0,0,2,0,2,0,0,0,0,982,0,982,0,0,0,0,29553,0,29553,1160281
2021-08-25,2021,8,25,port134,Beaumont,United States,USA,0,0,0,0,4,0,4,0,0,0,0,0,0,0,0,0,0,0,104804,0,104804,1160282
2021-08-26,2021,8,26,port134,Beaumont,United States,USA,0,1,1,0,1,2,3,0,57368,0,0,0,57368,57368,0,0,11360,0,26784,11360,38144,1160283
2021-08-27,2021,8,27,port134,Beaumont,United States,USA,0,1,0,0,0,1,1,0,2810,0,0,0,2810,2810,0,22385,0,0,0,22385,22385,1160284
2021-08-28,2021,8,28,port134,Beaumont,United States,USA,0,0,0,0,2,0,2,0,0,0,0,0,0,0,0,0,0,0,38135,0,38135,1160285
2021-08-29,2021,8,29,port134,Beaumont,United States,USA,0,1,0,0,2,1,3,0,53384,0,0,0,53384,53384,0,0,0,0,76492,0,76492,1160286
2021-08-30,2021,8,30,port134,Beaumont,United States,USA,0,0,0,0,2,0,2,0,0,0,0,0,0,0,0,0,0,0,40149,0,40149,1160287
2021-08-31,2021,8,31,port134,Beaumont,United States,USA,0,0,0,0,4,0,4,0,0,0,0,12107,0,12107,0,0,0,0,87905,0,87905,1160288
2021-09-01,2021,9,1,port134,Beaumont,United States,USA,1,0,0,0,1,1,2,1016,0,0,0,0,1016,1016,204,0,0,0,20729,204,20934,1160289
2021-09-02,2021,9,2,port134,Beaumont,United States,USA,0,0,0,0,3,0,3,0,0,0,0,0,0,0,0,0,0,0,113847,0,113847,1160290
2021-09-03,2021,9,3,port134,Beaumont,United States,USA,0,0,0,0,3,0,3,0,0,0,0,360,0,360,0,0,0,0,104724,0,104724,1160291
2021-09-04,2021,9,4,port134,Beaumont,United States,USA,0,0,0,0,1,0,1,0,0,0,0,982,0,982,0,0,0,0,25406,0,25406,1160292
2021-09-05,2021,9,5,port134,Beaumont,United States,USA,0,0,0,0,1,0,1,0,0,0,0,360,0,360,0,0,0,0,33337,0,33337,1160293
2021-09-06,2021,9,6,port134,Beaumont,United States,USA,0,0,0,0,2,0,2,0,0,0,0,12107,0,12107,0,0,0,0,77576,0,77576,1160294
2021-09-07,2021,9,7,port134,Beaumont,United States,USA,0,0,0,0,3,0,3,0,0,0,0,0,0,0,0,0,0,0,57290,0,57290,1160295
2021-09-08,2021,9,8,port134,Beaumont,United States,USA,0,1,0,0,1,1,2,0,0,0,0,0,0,0,0,10453,0,0,30816,10453,41270,1160296
2021-09-09,2021,9,9,port134,Beaumont,United States,USA,0,0,0,0,2,0,2,0,0,0,0,0,0,0,0,0,0,0,90198,0,90198,1160297
2021-09-10,2021,9,10,port134,Beaumont,United States,USA,0,0,0,0,4,0,4,0,0,0,0,982,0,982,0,0,0,0,164902,0,164902,1160298
2021-09-11,2021,9,11,port134,Beaumont,United States,USA,0,0,0,0,2,0,2,0,0,0,0,0,0,0,0,0,0,0,127247,0,127247,1160299
2021-09-12,2021,9,12,port134,Beaumont,United States,USA,0,0,0,0,3,0,3,0,0,0,0,0,0,0,0,0,0,0,135874,0,135874,1160300
2021-09-13,2021,9,13,port134,Beaumont,United States,USA,0,0,0,0,1,0,1,0,0,0,0,0,0,0,0,0,0,0,78207,0,78207,1160301
2021-09-14,2021,9,14,port134,Beaumont,United States,USA,0,1,0,1,1,2,3,0,24006,0,793,360,24799,25160,0,0,0,2256,33337,2256,35594,1160302
2021-09-15,2021,9,15,port134,Beaumont,United States,USA,0,0,0,0,2,0,2,0,0,0,0,0,0,0,0,0,0,0,130599,0,130599,1160303
2021-09-16,2021,9,16,port134,Beaumont,United States,USA,0,0,1,0,3,1,4,0,0,0,0,0,0,0,0,0,17326,0,88262,17326,105589,1160304
2021-09-17,2021,9,17,port134,Beaumont,United States,USA,0,0,0,0,1,0,1,0,0,0,0,0,0,0,0,0,0,0,69608,0,69608,1160305
2021-09-18,2021,9,18,port134,Beaumont,United States,USA,0,0,0,0,4,0,4,0,0,0,0,0,0,0,0,0,0,0,81811,0,81811,1160306
2021-09-19,2021,9,19,port134,Beaumont,United States,USA,0,0,0,0,0,0,0,0,0,0,0,0,0,0,0,0,0,0,0,0,0,1160307
2021-09-20,2021,9,20,port134,Beaumont,United States,USA,0,0,0,0,3,0,3,0,0,0,0,68414,0,68414,0,0,0,0,27866,0,27866,1160308
2021-09-21,2021,9,21,port134,Beaumont,United States,USA,0,0,0,0,1,0,1,0,0,0,0,0,0,0,0,0,0,0,47107,0,47107,1160309
2021-09-22,2021,9,22,port134,Beaumont,United States,USA,0,0,0,0,1,0,1,0,0,0,0,0,0,0,0,0,0,0,69608,0,69608,1160310
2021-09-23,2021,9,23,port134,Beaumont,United States,USA,0,0,0,0,3,0,3,0,0,0,0,0,0,0,0,0,0,0,133392,0,133392,1160311
2021-09-24,2021,9,24,port134,Beaumont,United States,USA,0,0,0,0,3,0,3,0,0,0,0,0,0,0,0,0,0,0,102998,0,102998,1160312
2021-09-25,2021,9,25,port134,Beaumont,United States,USA,0,0,0,0,4,0,4,0,0,0,0,0,0,0,0,0,0,0,124983,0,124983,1160313
2021-09-26,2021,9,26,port134,Beaumont,United States,USA,0,0,0,0,1,0,1,0,0,0,0,0,0,0,0,0,0,0,50664,0,50664,1160314
2021-09-27,2021,9,27,port134,Beaumont,United States,USA,0,0,0,0,2,0,2,0,0,0,0,0,0,0,0,0,0,0,98539,0,98539,1160315
2021-09-28,2021,9,28,port134,Beaumont,United States,USA,0,1,0,0,3,1,4,0,57368,0,0,72187,57368,129555,0,0,0,0,50812,0,50812,1160316
2021-09-29,2021,9,29,port134,Beaumont,United States,USA,0,0,0,0,4,0,4,0,0,0,0,19313,0,19313,0,0,0,0,62071,0,62071,1160317
2021-09-30,2021,9,30,port134,Beaumont,United States,USA,0,0,0,0,1,0,1,0,0,0,0,0,0,0,0,0,0,0,48991,0,48991,1160318
2021-10-01,2021,10,1,port134,Beaumont,United States,USA,0,1,0,0,0,1,1,0,0,0,0,0,0,0,0,37938,0,0,0,37938,37938,1160319
2021-10-02,2021,10,2,port134,Beaumont,United States,USA,0,0,0,0,3,0,3,0,0,0,0,360,0,360,0,0,0,0,108365,0,108365,1160320
2021-10-03,2021,10,3,port134,Beaumont,United States,USA,0,0,0,0,0,0,0,0,0,0,0,0,0,0,0,0,0,0,0,0,0,1160321
2021-10-04,2021,10,4,port134,Beaumont,United States,USA,0,0,0,0,1,0,1,0,0,0,0,0,0,0,0,0,0,0,75518,0,75518,1160322
2021-10-05,2021,10,5,port134,Beaumont,United States,USA,0,0,0,0,3,0,3,0,0,0,0,0,0,0,0,0,0,0,118990,0,118990,1160323
2021-10-06,2021,10,6,port134,Beaumont,United States,USA,0,0,0,0,3,0,3,0,0,0,0,0,0,0,0,0,0,0,107098,0,107098,1160324
2021-10-07,2021,10,7,port134,Beaumont,United States,USA,1,1,0,0,3,2,5,0,10916,0,0,31749,10916,42665,0,0,0,0,29999,0,29999,1160325
2021-10-08,2021,10,8,port134,Beaumont,United States,USA,0,0,1,0,3,1,4,0,0,7773,0,0,7773,7773,0,0,0,0,98495,0,98495,1160326
2021-10-09,2021,10,9,port134,Beaumont,United States,USA,0,0,0,0,1,0,1,0,0,0,0,0,0,0,0,0,0,0,39263,0,39263,1160327
2021-10-10,2021,10,10,port134,Beaumont,United States,USA,0,1,0,0,1,1,2,0,0,0,0,0,0,0,0,14122,0,0,70222,14122,84345,1160328
2021-10-11,2021,10,11,port134,Beaumont,United States,USA,0,0,0,0,3,0,3,0,0,0,0,360,0,360,0,0,0,0,124131,0,124131,1160329
2021-10-12,2021,10,12,port134,Beaumont,United States,USA,0,0,0,0,4,0,4,0,0,0,0,0,0,0,0,0,0,0,135526,0,135526,1160330
2021-10-13,2021,10,13,port134,Beaumont,United States,USA,0,0,0,0,1,0,1,0,0,0,0,0,0,0,0,0,0,0,30942,0,30942,1160331
2019-10-17,2019,10,17,port134,Beaumont,United States,USA,0,0,0,0,6,0,6,0,0,0,0,12107,0,12107,0,0,0,0,268073,0,268073,1160332
2021-10-14,2021,10,14,port134,Beaumont,United States,USA,0,0,0,0,2,0,2,0,0,0,0,0,0,0,0,0,0,0,13024,0,13024,1160333
2021-10-15,2021,10,15,port134,Beaumont,United States,USA,0,0,1,0,1,1,2,0,0,0,0,0,0,0,0,0,0,0,15352,0,15352,1160334
2021-10-16,2021,10,16,port134,Beaumont,United States,USA,0,0,0,0,2,0,2,0,0,0,0,0,0,0,0,0,0,0,52613,0,52613,1160335
2021-10-17,2021,10,17,port134,Beaumont,United States,USA,0,0,0,0,2,0,2,0,0,0,0,0,0,0,0,0,0,0,15287,0,15287,1160336
2021-10-18,2021,10,18,port134,Beaumont,United States,USA,0,0,0,0,3,0,3,0,0,0,0,5605,0,5605,0,0,0,0,85296,0,85296,1160337
2021-10-19,2021,10,19,port134,Beaumont,United States,USA,0,1,0,0,4,1,5,0,0,0,0,0,0,0,0,12037,0,0,182214,12037,194252,1160338
2021-10-20,2021,10,20,port134,Beaumont,United States,USA,0,1,0,0,2,1,3,0,24678,0,0,0,24678,24678,0,0,0,0,61496,0,61496,1160339
2021-10-21,2021,10,21,port134,Beaumont,United States,USA,0,0,0,0,1,0,1,0,0,0,0,0,0,0,0,0,0,0,14410,0,14410,1160340
2021-10-22,2021,10,22,port134,Beaumont,United States,USA,0,0,0,0,5,0,5,0,0,0,0,0,0,0,0,0,0,0,144011,0,144011,1160341
2021-10-23,2021,10,23,port134,Beaumont,United States,USA,0,0,0,0,2,0,2,0,0,0,0,0,0,0,0,0,0,0,101866,0,101866,1160342
2021-10-24,2021,10,24,port134,Beaumont,United States,USA,0,0,0,0,2,0,2,0,0,0,0,13238,0,13238,0,0,0,0,33272,0,33272,1160343
2021-10-25,2021,10,25,port134,Beaumont,United States,USA,0,0,0,0,5,0,5,0,0,0,0,13089,0,13089,0,0,0,0,202864,0,202864,1160344
2021-10-26,2021,10,26,port134,Beaumont,United States,USA,0,0,0,1,4,1,5,0,0,0,0,0,0,0,0,0,0,0,63749,0,63749,1160345
2021-10-27,2021,10,27,port134,Beaumont,United States,USA,0,0,0,0,2,0,2,0,0,0,0,0,0,0,0,0,0,0,103809,0,103809,1160346
2021-10-28,2021,10,28,port134,Beaumont,United States,USA,0,1,0,0,2,1,3,0,55128,0,0,0,55128,55128,0,0,0,0,37225,0,37225,1160347
2021-10-29,2021,10,29,port134,Beaumont,United States,USA,0,1,0,0,1,1,2,0,0,0,0,0,0,0,0,36352,0,0,45049,36352,81402,1160348
2021-10-30,2021,10,30,port134,Beaumont,United States,USA,0,1,0,0,3,1,4,0,0,0,0,0,0,0,0,34666,0,0,143768,34666,178434,1160349
2021-10-31,2021,10,31,port134,Beaumont,United States,USA,0,0,0,0,4,0,4,0,0,0,0,0,0,0,0,0,0,0,141632,0,141632,1160350
2021-11-01,2021,11,1,port134,Beaumont,United States,USA,0,0,0,0,1,0,1,0,0,0,0,0,0,0,0,0,0,0,70598,0,70598,1160351
2021-11-02,2021,11,2,port134,Beaumont,United States,USA,0,0,0,0,2,0,2,0,0,0,0,0,0,0,0,0,0,0,114843,0,114843,1160352
2021-11-03,2021,11,3,port134,Beaumont,United States,USA,0,0,0,0,2,0,2,0,0,0,0,0,0,0,0,0,0,0,108979,0,108979,1160353
2021-11-04,2021,11,4,port134,Beaumont,United States,USA,0,1,0,0,1,1,2,0,0,0,0,0,0,0,0,42347,0,0,25860,42347,68207,1160354
2021-11-05,2021,11,5,port134,Beaumont,United States,USA,0,0,0,0,5,0,5,0,0,0,0,0,0,0,0,0,0,0,294442,0,294442,1160355
2021-11-06,2021,11,6,port134,Beaumont,United States,USA,0,0,0,0,3,0,3,0,0,0,0,0,0,0,0,0,0,0,157488,0,157488,1160356
2021-11-07,2021,11,7,port134,Beaumont,United States,USA,0,1,0,0,2,1,3,0,16663,0,0,0,16663,16663,0,0,0,0,81195,0,81195,1160357
2021-11-08,2021,11,8,port134,Beaumont,United States,USA,0,0,0,1,1,1,2,0,0,0,0,0,0,0,0,0,0,19090,0,19090,19090,1160358
2021-11-09,2021,11,9,port134,Beaumont,United States,USA,0,0,0,0,4,0,4,0,0,0,0,360,0,360,0,0,0,0,193050,0,193050,1160359
2021-11-10,2021,11,10,port134,Beaumont,United States,USA,0,1,0,0,2,1,3,0,0,0,0,0,0,0,0,34352,0,0,58821,34352,93173,1160360
2021-11-11,2021,11,11,port134,Beaumont,United States,USA,0,0,0,0,1,0,1,0,0,0,0,524,0,524,0,0,0,0,0,0,0,1160361
2021-11-12,2021,11,12,port134,Beaumont,United States,USA,0,0,0,0,4,0,4,0,0,0,0,0,0,0,0,0,0,0,134799,0,134799,1160362
2021-11-13,2021,11,13,port134,Beaumont,United States,USA,0,0,0,0,2,0,2,0,0,0,0,0,0,0,0,0,0,0,113362,0,113362,1160363
2021-11-14,2021,11,14,port134,Beaumont,United States,USA,0,0,0,0,4,0,4,0,0,0,0,6064,0,6064,0,0,0,0,142608,0,142608,1160364
2021-11-15,2021,11,15,port134,Beaumont,United States,USA,0,0,0,0,3,0,3,0,0,0,0,12107,0,12107,0,0,0,0,123920,0,123920,1160365
2021-11-16,2021,11,16,port134,Beaumont,United States,USA,0,0,0,0,4,0,4,0,0,0,0,77176,0,77176,0,0,0,0,52528,0,52528,1160366
2021-11-17,2021,11,17,port134,Beaumont,United States,USA,0,0,0,0,3,0,3,0,0,0,0,0,0,0,0,0,0,0,111830,0,111830,1160367
2021-11-18,2021,11,18,port134,Beaumont,United States,USA,0,0,0,0,1,0,1,0,0,0,0,0,0,0,0,0,0,0,37658,0,37658,1160368
2021-11-19,2021,11,19,port134,Beaumont,United States,USA,0,0,0,0,4,0,4,0,0,0,0,0,0,0,0,0,0,0,85646,0,85646,1160369
2021-11-20,2021,11,20,port134,Beaumont,United States,USA,0,1,0,0,2,1,3,0,0,0,0,0,0,0,0,36009,0,0,47956,36009,83966,1160370
2021-11-21,2021,11,21,port134,Beaumont,United States,USA,0,0,0,0,0,0,0,0,0,0,0,0,0,0,0,0,0,0,0,0,0,1160371
2021-11-22,2021,11,22,port134,Beaumont,United States,USA,0,1,0,0,2,1,3,0,58667,0,0,360,58667,59027,0,0,0,0,47491,0,47491,1160372
2021-11-23,2021,11,23,port134,Beaumont,United States,USA,0,0,0,0,4,0,4,0,0,0,0,73057,0,73057,0,0,0,0,49231,0,49231,1160373
2021-11-24,2021,11,24,port134,Beaumont,United States,USA,0,0,1,0,2,1,3,0,0,15519,0,360,15519,15879,0,0,0,0,72413,0,72413,1160374
2021-11-25,2021,11,25,port134,Beaumont,United States,USA,0,0,0,0,2,0,2,0,0,0,0,0,0,0,0,0,0,0,61910,0,61910,1160375
2021-11-26,2021,11,26,port134,Beaumont,United States,USA,0,0,0,0,3,0,3,0,0,0,0,76621,0,76621,0,0,0,0,8354,0,8354,1160376
2021-11-27,2021,11,27,port134,Beaumont,United States,USA,0,0,1,0,2,1,3,0,0,0,0,0,0,0,0,0,0,0,32297,0,32297,1160377
2021-11-28,2021,11,28,port134,Beaumont,United States,USA,0,0,0,0,1,0,1,0,0,0,0,0,0,0,0,0,0,0,47689,0,47689,1160378
2021-11-29,2021,11,29,port134,Beaumont,United States,USA,0,0,0,0,1,0,1,0,0,0,0,0,0,0,0,0,0,0,54622,0,54622,1160379
2021-11-30,2021,11,30,port134,Beaumont,United States,USA,0,0,1,0,6,1,7,0,0,0,0,77536,0,77536,0,0,0,0,265610,0,265610,1160380
2021-12-01,2021,12,1,port134,Beaumont,United States,USA,0,0,0,0,4,0,4,0,0,0,0,73404,0,73404,0,0,0,0,165379,0,165379,1160381
2021-12-02,2021,12,2,port134,Beaumont,United States,USA,0,0,0,0,6,0,6,0,0,0,0,0,0,0,0,0,0,0,157686,0,157686,1160382
2021-12-03,2021,12,3,port134,Beaumont,United States,USA,0,0,0,0,6,0,6,0,0,0,0,88397,0,88397,0,0,0,0,114060,0,114060,1160383
2021-12-04,2021,12,4,port134,Beaumont,United States,USA,0,1,0,0,4,1,5,0,0,0,0,360,0,360,0,40843,0,0,119362,40843,160205,1160384
2021-12-05,2021,12,5,port134,Beaumont,United States,USA,0,0,1,0,3,1,4,0,0,25187,0,0,25187,25187,0,0,0,0,51008,0,51008,1160385
2021-12-06,2021,12,6,port134,Beaumont,United States,USA,0,1,0,0,1,1,2,0,52303,0,0,0,52303,52303,0,0,0,0,0,0,0,1160386
2021-12-07,2021,12,7,port134,Beaumont,United States,USA,0,1,0,1,4,2,6,0,0,0,0,0,0,0,0,18646,0,0,159871,18646,178517,1160387
2021-12-08,2021,12,8,port134,Beaumont,United States,USA,0,0,1,0,3,1,4,0,0,0,0,0,0,0,0,0,0,0,135067,0,135067,1160388
2021-12-09,2021,12,9,port134,Beaumont,United States,USA,0,1,0,0,3,1,4,0,2810,0,0,0,2810,2810,0,22385,0,0,135434,22385,157819,1160389
2021-12-10,2021,12,10,port134,Beaumont,United States,USA,0,0,0,0,1,0,1,0,0,0,0,2948,0,2948,0,0,0,0,0,0,0,1160390
2021-12-11,2021,12,11,port134,Beaumont,United States,USA,0,0,1,0,7,1,8,0,0,5046,0,12107,5046,17153,0,0,2011,0,276182,2011,278194,1160391
2021-12-12,2021,12,12,port134,Beaumont,United States,USA,0,1,0,0,4,1,5,0,2810,0,0,0,2810,2810,0,22385,0,0,66235,22385,88621,1160392
2021-12-13,2021,12,13,port134,Beaumont,United States,USA,0,0,0,0,1,0,1,0,0,0,0,0,0,0,0,0,0,0,19421,0,19421,1160393
2021-12-14,2021,12,14,port134,Beaumont,United States,USA,0,0,0,0,4,0,4,0,0,0,0,12467,0,12467,0,0,0,0,196731,0,196731,1160394
2021-12-15,2021,12,15,port134,Beaumont,United States,USA,0,0,0,0,0,0,0,0,0,0,0,0,0,0,0,0,0,0,0,0,0,1160395
2021-12-16,2021,12,16,port134,Beaumont,United States,USA,0,0,0,0,1,0,1,0,0,0,0,0,0,0,0,0,0,0,51296,0,51296,1160396
2021-12-17,2021,12,17,port134,Beaumont,United States,USA,0,0,0,0,8,0,8,0,0,0,0,6064,0,6064,0,0,0,0,309161,0,309161,1160397
2021-12-18,2021,12,18,port134,Beaumont,United States,USA,0,0,0,0,0,0,0,0,0,0,0,0,0,0,0,0,0,0,0,0,0,1160398
2021-12-19,2021,12,19,port134,Beaumont,United States,USA,0,2,1,0,4,3,7,0,52303,5915,0,26480,58219,84700,0,29487,0,0,100664,29487,130151,1160399
2021-12-20,2021,12,20,port134,Beaumont,United States,USA,0,0,0,1,7,1,8,0,0,0,0,0,0,0,0,0,0,5676,317848,5676,323524,1160400
2021-12-21,2021,12,21,port134,Beaumont,United States,USA,0,0,0,0,5,0,5,0,0,0,0,52820,0,52820,0,0,0,0,105525,0,105525,1160401
2021-12-22,2021,12,22,port134,Beaumont,United States,USA,0,0,0,0,1,0,1,0,0,0,0,0,0,0,0,0,0,0,41067,0,41067,1160402
2021-12-23,2021,12,23,port134,Beaumont,United States,USA,0,0,0,0,3,0,3,0,0,0,0,0,0,0,0,0,0,0,37067,0,37067,1160403
2021-12-24,2021,12,24,port134,Beaumont,United States,USA,0,0,0,0,5,0,5,0,0,0,0,72728,0,72728,0,0,0,0,146588,0,146588,1160404
2021-12-26,2021,12,26,port134,Beaumont,United States,USA,0,0,0,0,5,0,5,0,0,0,0,0,0,0,0,0,0,0,141451,0,141451,1160405
2021-12-27,2021,12,27,port134,Beaumont,United States,USA,0,0,0,0,1,0,1,0,0,0,0,0,0,0,0,0,0,0,37310,0,37310,1160407
2021-12-28,2021,12,28,port134,Beaumont,United States,USA,0,0,0,0,5,0,5,0,0,0,0,0,0,0,0,0,0,0,63641,0,63641,1160410
2021-12-29,2021,12,29,port134,Beaumont,United States,USA,0,0,0,0,3,0,3,0,0,0,0,0,0,0,0,0,0,0,50937,0,50937,1160411
2019-10-18,2019,10,18,port134,Beaumont,United States,USA,0,0,0,0,1,0,1,0,0,0,0,0,0,0,0,0,0,0,4284,0,4284,1160412
2021-12-30,2021,12,30,port134,Beaumont,United States,USA,0,1,0,0,1,1,2,0,53366,0,0,7127,53366,60494,0,0,0,0,0,0,0,1160414
2021-12-31,2021,12,31,port134,Beaumont,United States,USA,0,0,0,0,0,0,0,0,0,0,0,0,0,0,0,0,0,0,0,0,0,1160417
2019-10-19,2019,10,19,port134,Beaumont,United States,USA,0,0,0,0,4,0,4,0,0,0,0,121140,0,121140,0,0,0,0,76839,0,76839,1160420
2022-01-01,2022,1,1,port134,Beaumont,United States,USA,0,0,0,0,5,0,5,0,0,0,0,0,0,0,0,0,0,0,189652,0,189652,1160421
2019-10-20,2019,10,20,port134,Beaumont,United States,USA,0,1,0,0,2,1,3,0,52713,0,0,19887,52713,72601,0,0,0,0,33166,0,33166,1160424
2022-01-02,2022,1,2,port134,Beaumont,United States,USA,0,0,0,0,1,0,1,0,0,0,0,51567,0,51567,0,0,0,0,0,0,0,1160425
2019-10-21,2019,10,21,port134,Beaumont,United States,USA,0,0,0,0,2,0,2,0,0,0,0,0,0,0,0,0,0,0,114449,0,114449,1160428
2022-01-03,2022,1,3,port134,Beaumont,United States,USA,0,0,0,0,0,0,0,0,0,0,0,0,0,0,0,0,0,0,0,0,0,1160429
2019-10-22,2019,10,22,port134,Beaumont,United States,USA,0,0,0,1,5,1,6,0,0,0,0,12107,0,12107,0,0,0,0,250037,0,250037,1160432
2022-01-04,2022,1,4,port134,Beaumont,United States,USA,0,2,0,0,5,2,7,0,0,0,0,73404,0,73404,0,33872,0,0,69761,33872,103634,1160433
2019-10-23,2019,10,23,port134,Beaumont,United States,USA,0,0,0,0,1,0,1,0,0,0,0,0,0,0,0,0,0,0,0,0,0,1160436
2022-01-05,2022,1,5,port134,Beaumont,United States,USA,0,1,0,0,4,1,5,0,13348,0,0,12107,13348,25455,0,0,0,0,125552,0,125552,1160437
2019-10-24,2019,10,24,port134,Beaumont,United States,USA,0,0,0,0,3,0,3,0,0,0,0,0,0,0,0,0,0,0,119374,0,119374,1160440
2022-01-06,2022,1,6,port134,Beaumont,United States,USA,0,0,0,0,0,0,0,0,0,0,0,0,0,0,0,0,0,0,0,0,0,1160441
2019-10-25,2019,10,25,port134,Beaumont,United States,USA,0,0,0,0,3,0,3,0,0,0,0,12107,0,12107,0,0,0,0,152664,0,152664,1160444
2022-01-07,2022,1,7,port134,Beaumont,United States,USA,0,0,0,0,4,0,4,0,0,0,0,0,0,0,0,0,0,0,151698,0,151698,1160445
2019-10-26,2019,10,26,port134,Beaumont,United States,USA,0,0,0,0,5,0,5,0,0,0,0,15083,0,15083,0,0,0,0,128112,0,128112,1160448
2022-01-08,2022,1,8,port134,Beaumont,United States,USA,0,0,0,0,1,0,1,0,0,0,0,75609,0,75609,0,0,0,0,0,0,0,1160449
2019-10-27,2019,10,27,port134,Beaumont,United States,USA,0,1,1,0,1,2,3,0,53366,13441,0,0,66808,66808,0,0,0,0,40000,0,40000,1160452
2022-01-09,2022,1,9,port134,Beaumont,United States,USA,0,0,0,0,3,0,3,0,0,0,0,83185,0,83185,0,0,0,0,39504,0,39504,1160453
2019-10-28,2019,10,28,port134,Beaumont,United States,USA,0,0,0,1,1,1,2,0,0,0,0,67319,0,67319,0,0,0,0,0,0,0,1160455
2022-01-10,2022,1,10,port134,Beaumont,United States,USA,0,0,0,1,2,1,3,0,0,0,0,0,0,0,0,0,0,0,92257,0,92257,1160456
2022-01-11,2022,1,11,port134,Beaumont,United States,USA,0,0,0,0,1,0,1,0,0,0,0,0,0,0,0,0,0,0,12467,0,12467,1160458
2019-10-29,2019,10,29,port134,Beaumont,United States,USA,0,0,0,0,3,0,3,0,0,0,0,360,0,360,0,0,0,0,67435,0,67435,1160459
2022-01-12,2022,1,12,port134,Beaumont,United States,USA,0,0,0,0,4,0,4,0,0,0,0,0,0,0,0,0,0,0,98884,0,98884,1160462
2019-10-30,2019,10,30,port134,Beaumont,United States,USA,0,0,0,1,0,1,1,0,0,0,0,0,0,0,0,0,0,0,0,0,0,1160463
2022-01-13,2022,1,13,port134,Beaumont,United States,USA,0,0,0,0,2,0,2,0,0,0,0,0,0,0,0,0,0,0,40235,0,40235,1160466
2019-10-31,2019,10,31,port134,Beaumont,United States,USA,0,0,1,0,1,1,2,0,0,0,0,0,0,0,0,0,17478,0,18341,17478,35819,1160467
2022-01-14,2022,1,14,port134,Beaumont,United States,USA,0,0,0,0,3,0,3,0,0,0,0,0,0,0,0,0,0,0,121263,0,121263,1160470
2019-11-01,2019,11,1,port134,Beaumont,United States,USA,0,0,0,0,8,0,8,0,0,0,0,12943,0,12943,0,0,0,0,264233,0,264233,1160471
2022-01-15,2022,1,15,port134,Beaumont,United States,USA,0,0,0,0,4,0,4,0,0,0,0,12413,0,12413,0,0,0,0,47309,0,47309,1160474
2019-11-02,2019,11,2,port134,Beaumont,United States,USA,0,0,0,0,2,0,2,0,0,0,0,982,0,982,0,0,0,0,76761,0,76761,1160475
2022-01-16,2022,1,16,port134,Beaumont,United States,USA,0,0,0,0,0,0,0,0,0,0,0,0,0,0,0,0,0,0,0,0,0,1160478
2019-11-03,2019,11,3,port134,Beaumont,United States,USA,0,0,0,0,2,0,2,0,0,0,0,0,0,0,0,0,0,0,146988,0,146988,1160479
2022-01-17,2022,1,17,port134,Beaumont,United States,USA,0,0,0,0,4,0,4,0,0,0,0,72275,0,72275,0,0,0,0,128845,0,128845,1160482
2019-11-04,2019,11,4,port134,Beaumont,United States,USA,0,0,0,1,3,1,4,0,0,0,0,0,0,0,0,0,0,511,99264,511,99776,1160483
2022-01-18,2022,1,18,port134,Beaumont,United States,USA,0,0,0,0,5,0,5,0,0,0,0,71235,0,71235,0,0,0,0,106430,0,106430,1160486
2019-11-05,2019,11,5,port134,Beaumont,United States,USA,0,0,0,0,5,0,5,0,0,0,0,78435,0,78435,0,0,0,0,177057,0,177057,1160487
2022-01-19,2022,1,19,port134,Beaumont,United States,USA,0,0,0,0,4,0,4,0,0,0,0,5335,0,5335,0,0,0,0,140811,0,140811,1160490
2019-11-06,2019,11,6,port134,Beaumont,United States,USA,0,0,1,1,3,2,5,0,0,2069,793,0,2863,2863,0,0,0,2256,101786,2256,104043,1160491
2022-01-20,2022,1,20,port134,Beaumont,United States,USA,0,0,0,0,3,0,3,0,0,0,0,0,0,0,0,0,0,0,147155,0,147155,1160494
2022-01-21,2022,1,21,port134,Beaumont,United States,USA,0,0,0,0,0,0,0,0,0,0,0,0,0,0,0,0,0,0,0,0,0,1160495
2022-01-22,2022,1,22,port134,Beaumont,United States,USA,0,0,1,0,4,1,5,0,0,0,0,982,0,982,0,0,517,0,63238,517,63755,1160496
2022-01-23,2022,1,23,port134,Beaumont,United States,USA,0,0,0,0,2,0,2,0,0,0,0,0,0,0,0,0,0,0,66247,0,66247,1160497
2022-01-24,2022,1,24,port134,Beaumont,United States,USA,0,0,0,0,2,0,2,0,0,0,0,0,0,0,0,0,0,0,89423,0,89423,1160498
2022-01-25,2022,1,25,port134,Beaumont,United States,USA,0,0,0,0,0,0,0,0,0,0,0,0,0,0,0,0,0,0,0,0,0,1160499
2022-01-26,2022,1,26,port134,Beaumont,United States,USA,0,0,0,0,3,0,3,0,0,0,0,0,0,0,0,0,0,0,117031,0,117031,1160500
2022-01-27,2022,1,27,port134,Beaumont,United States,USA,0,0,1,0,0,1,1,0,0,5046,0,0,5046,5046,0,0,2011,0,0,2011,2011,1160501
2022-01-28,2022,1,28,port134,Beaumont,United States,USA,0,0,0,0,3,0,3,0,0,0,0,74334,0,74334,0,0,0,0,53224,0,53224,1160502
2022-01-29,2022,1,29,port134,Beaumont,United States,USA,0,1,0,0,5,1,6,0,0,0,0,0,0,0,0,2309,0,0,210405,2309,212714,1160503
2022-01-30,2022,1,30,port134,Beaumont,United States,USA,0,0,2,0,1,2,3,0,0,6150,0,0,6150,6150,0,0,0,0,36412,0,36412,1160504
2022-01-31,2022,1,31,port134,Beaumont,United States,USA,0,0,0,1,3,1,4,0,0,0,0,0,0,0,0,0,0,0,171271,0,171271,1160505
2022-02-01,2022,2,1,port134,Beaumont,United States,USA,0,1,0,0,4,1,5,0,0,0,0,360,0,360,0,0,0,0,134899,0,134899,1160506
2022-02-02,2022,2,2,port134,Beaumont,United States,USA,0,0,0,0,0,0,0,0,0,0,0,0,0,0,0,0,0,0,0,0,0,1160507
2022-02-03,2022,2,3,port134,Beaumont,United States,USA,0,0,0,0,0,0,0,0,0,0,0,0,0,0,0,0,0,0,0,0,0,1160508
2022-02-04,2022,2,4,port134,Beaumont,United States,USA,0,0,0,0,5,0,5,0,0,0,0,55279,0,55279,0,0,0,0,73098,0,73098,1160509
2022-02-05,2022,2,5,port134,Beaumont,United States,USA,0,0,0,0,1,0,1,0,0,0,0,0,0,0,0,0,0,0,0,0,0,1160510
2022-02-06,2022,2,6,port134,Beaumont,United States,USA,0,0,0,0,5,0,5,0,0,0,0,0,0,0,0,0,0,0,180207,0,180207,1160511
2022-02-07,2022,2,7,port134,Beaumont,United States,USA,0,0,0,0,3,0,3,0,0,0,0,0,0,0,0,0,0,0,90007,0,90007,1160512
2022-02-08,2022,2,8,port134,Beaumont,United States,USA,0,0,0,0,2,0,2,0,0,0,0,0,0,0,0,0,0,0,43086,0,43086,1160513
2022-02-09,2022,2,9,port134,Beaumont,United States,USA,0,0,0,0,3,0,3,0,0,0,0,0,0,0,0,0,0,0,100935,0,100935,1160514
2022-02-10,2022,2,10,port134,Beaumont,United States,USA,0,0,0,0,2,0,2,0,0,0,0,0,0,0,0,0,0,0,36923,0,36923,1160515
2022-02-11,2022,2,11,port134,Beaumont,United States,USA,0,0,0,0,5,0,5,0,0,0,0,0,0,0,0,0,0,0,216625,0,216625,1160516
2022-02-12,2022,2,12,port134,Beaumont,United States,USA,0,0,0,0,3,0,3,0,0,0,0,982,0,982,0,0,0,0,81926,0,81926,1160517
2022-02-13,2022,2,13,port134,Beaumont,United States,USA,0,1,0,0,0,1,1,0,0,0,0,0,0,0,0,36998,0,0,0,36998,36998,1160518
2022-02-14,2022,2,14,port134,Beaumont,United States,USA,0,0,0,0,4,0,4,0,0,0,0,0,0,0,0,0,0,0,139871,0,139871,1160519
2022-02-15,2022,2,15,port134,Beaumont,United States,USA,0,0,0,0,1,0,1,0,0,0,0,0,0,0,0,0,0,0,38703,0,38703,1160520
2022-02-16,2022,2,16,port134,Beaumont,United States,USA,0,0,0,0,2,0,2,0,0,0,0,7682,0,7682,0,0,0,0,82172,0,82172,1160521
2022-02-17,2022,2,17,port134,Beaumont,United States,USA,0,0,0,0,3,0,3,0,0,0,0,0,0,0,0,0,0,0,104638,0,104638,1160522
2022-02-18,2022,2,18,port134,Beaumont,United States,USA,0,0,0,0,0,0,0,0,0,0,0,0,0,0,0,0,0,0,0,0,0,1160523
2022-02-19,2022,2,19,port134,Beaumont,United States,USA,0,0,1,0,2,1,3,0,0,3920,0,0,3920,3920,0,0,0,0,49781,0,49781,1160524
2022-02-20,2022,2,20,port134,Beaumont,United States,USA,0,1,1,0,2,2,4,0,55128,3271,0,12107,58399,70507,0,0,0,0,91836,0,91836,1160525
2022-02-21,2022,2,21,port134,Beaumont,United States,USA,0,0,0,0,1,0,1,0,0,0,0,0,0,0,0,0,0,0,38967,0,38967,1160526
2022-02-22,2022,2,22,port134,Beaumont,United States,USA,0,0,0,0,3,0,3,0,0,0,0,0,0,0,0,0,0,0,157076,0,157076,1160527
2022-02-23,2022,2,23,port134,Beaumont,United States,USA,0,0,0,0,0,0,0,0,0,0,0,0,0,0,0,0,0,0,0,0,0,1160528
2022-02-24,2022,2,24,port134,Beaumont,United States,USA,0,0,0,0,1,0,1,0,0,0,0,12107,0,12107,0,0,0,0,39504,0,39504,1160529
2022-02-25,2022,2,25,port134,Beaumont,United States,USA,0,0,0,0,3,0,3,0,0,0,0,0,0,0,0,0,0,0,105979,0,105979,1160530
2022-02-26,2022,2,26,port134,Beaumont,United States,USA,0,0,0,0,11,0,11,0,0,0,0,12467,0,12467,0,0,0,0,268828,0,268828,1160531
2022-02-27,2022,2,27,port134,Beaumont,United States,USA,0,0,0,0,1,0,1,0,0,0,0,0,0,0,0,0,0,0,3695,0,3695,1160532
2022-02-28,2022,2,28,port134,Beaumont,United States,USA,0,0,1,0,6,1,7,0,0,5604,0,70703,5604,76307,0,0,0,0,198910,0,198910,1160533
2022-03-01,2022,3,1,port134,Beaumont,United States,USA,0,0,1,0,5,1,6,0,0,3559,0,12107,3559,15666,0,0,0,0,247283,0,247283,1160534
2022-03-02,2022,3,2,port134,Beaumont,United States,USA,0,0,0,0,2,0,2,0,0,0,0,0,0,0,0,0,0,0,25887,0,25887,1160535
2022-03-03,2022,3,3,port134,Beaumont,United States,USA,0,0,0,0,5,0,5,0,0,0,0,73800,0,73800,0,0,0,0,137677,0,137677,1160536
2022-03-04,2022,3,4,port134,Beaumont,United States,USA,0,1,0,0,4,1,5,0,11353,0,0,4661,11353,16015,0,0,0,0,111043,0,111043,1160537
2022-03-05,2022,3,5,port134,Beaumont,United States,USA,0,0,0,0,2,0,2,0,0,0,0,0,0,0,0,0,0,0,122437,0,122437,1160538
2022-03-06,2022,3,6,port134,Beaumont,United States,USA,0,0,0,0,2,0,2,0,0,0,0,0,0,0,0,0,0,0,32523,0,32523,1160539
2022-03-07,2022,3,7,port134,Beaumont,United States,USA,0,0,0,0,0,0,0,0,0,0,0,0,0,0,0,0,0,0,0,0,0,1160540
2022-03-08,2022,3,8,port134,Beaumont,United States,USA,0,1,0,0,6,1,7,0,0,0,0,0,0,0,0,0,0,0,163274,0,163274,1160541
2022-03-09,2022,3,9,port134,Beaumont,United States,USA,0,0,0,0,3,0,3,0,0,0,0,1375,0,1375,0,0,0,0,113760,0,113760,1160542
2022-03-10,2022,3,10,port134,Beaumont,United States,USA,0,1,0,0,4,1,5,0,0,0,0,2172,0,2172,0,40213,0,0,102228,40213,142442,1160543
2022-03-11,2022,3,11,port134,Beaumont,United States,USA,0,2,0,0,3,2,5,0,6343,0,0,0,6343,6343,0,35534,0,0,166374,35534,201909,1160544
2022-03-12,2022,3,12,port134,Beaumont,United States,USA,0,0,0,0,0,0,0,0,0,0,0,0,0,0,0,0,0,0,0,0,0,1160545
2022-03-13,2022,3,13,port134,Beaumont,United States,USA,0,0,0,0,5,0,5,0,0,0,0,13449,0,13449,0,0,0,0,114095,0,114095,1160546
2022-03-14,2022,3,14,port134,Beaumont,United States,USA,0,0,0,0,3,0,3,0,0,0,0,0,0,0,0,0,0,0,175442,0,175442,1160547
2022-03-15,2022,3,15,port134,Beaumont,United States,USA,0,0,0,0,0,0,0,0,0,0,0,0,0,0,0,0,0,0,0,0,0,1160548
2022-03-16,2022,3,16,port134,Beaumont,United States,USA,0,0,1,0,2,1,3,0,0,0,0,0,0,0,0,0,0,0,88206,0,88206,1160549
2022-03-17,2022,3,17,port134,Beaumont,United States,USA,0,1,0,1,4,2,6,0,0,0,0,0,0,0,0,12770,0,1966,130007,14737,144745,1160550
2022-03-18,2022,3,18,port134,Beaumont,United States,USA,0,1,0,0,2,1,3,0,0,0,0,0,0,0,0,11980,0,0,50144,11980,62124,1160551
2022-03-19,2022,3,19,port134,Beaumont,United States,USA,0,0,0,0,2,0,2,0,0,0,0,0,0,0,0,0,0,0,34367,0,34367,1160552
2022-03-20,2022,3,20,port134,Beaumont,United States,USA,0,0,0,0,2,0,2,0,0,0,0,360,0,360,0,0,0,0,62198,0,62198,1160553
2022-03-21,2022,3,21,port134,Beaumont,United States,USA,0,0,0,0,2,0,2,0,0,0,0,82081,0,82081,0,0,0,0,35042,0,35042,1160554
2022-03-22,2022,3,22,port134,Beaumont,United States,USA,0,0,0,0,3,0,3,0,0,0,0,0,0,0,0,0,0,0,137469,0,137469,1160555
2022-03-23,2022,3,23,port134,Beaumont,United States,USA,0,0,0,0,2,0,2,0,0,0,0,360,0,360,0,0,0,0,51662,0,51662,1160556
2022-03-24,2022,3,24,port134,Beaumont,United States,USA,0,0,0,0,3,0,3,0,0,0,0,0,0,0,0,0,0,0,104068,0,104068,1160557
2022-03-25,2022,3,25,port134,Beaumont,United States,USA,0,0,0,0,3,0,3,0,0,0,0,0,0,0,0,0,0,0,105203,0,105203,1160558
2022-03-26,2022,3,26,port134,Beaumont,United States,USA,0,1,0,0,2,1,3,0,64178,0,0,76212,64178,140391,0,0,0,0,37945,0,37945,1160559
2022-03-27,2022,3,27,port134,Beaumont,United States,USA,0,0,0,0,4,0,4,0,0,0,0,0,0,0,0,0,0,0,156185,0,156185,1160560
2022-03-28,2022,3,28,port134,Beaumont,United States,USA,0,0,0,0,2,0,2,0,0,0,0,2382,0,2382,0,0,0,0,0,0,0,1160561
2022-03-29,2022,3,29,port134,Beaumont,United States,USA,0,0,0,0,0,0,0,0,0,0,0,0,0,0,0,0,0,0,0,0,0,1160562
2022-03-30,2022,3,30,port134,Beaumont,United States,USA,0,0,0,0,4,0,4,0,0,0,0,0,0,0,0,0,0,0,191889,0,191889,1160563
2022-03-31,2022,3,31,port134,Beaumont,United States,USA,0,0,0,0,1,0,1,0,0,0,0,75099,0,75099,0,0,0,0,0,0,0,1160564
2022-04-01,2022,4,1,port134,Beaumont,United States,USA,0,0,0,0,4,0,4,0,0,0,0,8315,0,8315,0,0,0,0,89905,0,89905,1160565
2022-04-02,2022,4,2,port134,Beaumont,United States,USA,0,2,1,0,2,3,5,0,24006,0,0,0,24006,24006,0,36691,0,0,86182,36691,122873,1160566
2022-04-03,2022,4,3,port134,Beaumont,United States,USA,0,0,0,0,5,0,5,0,0,0,0,76562,0,76562,0,0,0,0,163538,0,163538,1160567
2022-04-04,2022,4,4,port134,Beaumont,United States,USA,0,0,0,0,3,0,3,0,0,0,0,18491,0,18491,0,0,0,0,115034,0,115034,1160568
2022-04-05,2022,4,5,port134,Beaumont,United States,USA,0,0,0,1,2,1,3,0,0,0,793,1106,793,1900,0,0,0,2256,21915,2256,24171,1160569
2022-04-06,2022,4,6,port134,Beaumont,United States,USA,0,0,0,0,1,0,1,0,0,0,0,0,0,0,0,0,0,0,6807,0,6807,1160570
2022-04-07,2022,4,7,port134,Beaumont,United States,USA,0,1,1,0,4,2,6,0,0,736,0,0,736,736,0,2881,0,0,130968,2881,133850,1160571
2022-04-08,2022,4,8,port134,Beaumont,United States,USA,0,0,0,0,1,0,1,0,0,0,0,0,0,0,0,0,0,0,41200,0,41200,1160572
2022-04-09,2022,4,9,port134,Beaumont,United States,USA,0,1,0,0,6,1,7,0,24678,0,0,0,24678,24678,0,0,0,0,298680,0,298680,1160573
2022-04-10,2022,4,10,port134,Beaumont,United States,USA,0,0,0,0,1,0,1,0,0,0,0,0,0,0,0,0,0,0,39629,0,39629,1160574
2022-04-11,2022,4,11,port134,Beaumont,United States,USA,0,0,0,0,3,0,3,0,0,0,0,0,0,0,0,0,0,0,63445,0,63445,1160575
2022-04-12,2022,4,12,port134,Beaumont,United States,USA,0,0,0,0,2,0,2,0,0,0,0,0,0,0,0,0,0,0,134431,0,134431,1160576
2022-04-13,2022,4,13,port134,Beaumont,United States,USA,0,0,0,0,3,0,3,0,0,0,0,0,0,0,0,0,0,0,50583,0,50583,1160577
2022-04-14,2022,4,14,port134,Beaumont,United States,USA,0,0,0,0,0,0,0,0,0,0,0,0,0,0,0,0,0,0,0,0,0,1160578
2022-04-15,2022,4,15,port134,Beaumont,United States,USA,0,0,0,0,10,0,10,0,0,0,0,0,0,0,0,0,0,0,388767,0,388767,1160579
2022-04-16,2022,4,16,port134,Beaumont,United States,USA,0,0,1,0,1,1,2,0,0,220,0,0,220,220,0,0,0,0,10971,0,10971,1160580
2022-04-17,2022,4,17,port134,Beaumont,United States,USA,0,0,0,0,1,0,1,0,0,0,0,0,0,0,0,0,0,0,0,0,0,1160581
2022-04-18,2022,4,18,port134,Beaumont,United States,USA,0,0,0,0,2,0,2,0,0,0,0,57452,0,57452,0,0,0,0,50462,0,50462,1160582
2022-04-19,2022,4,19,port134,Beaumont,United States,USA,0,0,0,0,4,0,4,0,0,0,0,92909,0,92909,0,0,0,0,54952,0,54952,1160583
2022-04-20,2022,4,20,port134,Beaumont,United States,USA,0,0,0,0,2,0,2,0,0,0,0,0,0,0,0,0,0,0,25478,0,25478,1160584
2022-04-21,2022,4,21,port134,Beaumont,United States,USA,0,0,0,0,4,0,4,0,0,0,0,0,0,0,0,0,0,0,120942,0,120942,1160585
2022-04-22,2022,4,22,port134,Beaumont,United States,USA,0,1,1,0,2,2,4,0,0,2040,0,63544,2040,65585,0,37287,0,0,0,37287,37287,1160586
2022-04-23,2022,4,23,port134,Beaumont,United States,USA,0,1,1,0,5,2,7,0,0,5046,0,4741,5046,9787,0,11605,2011,0,173506,13617,187123,1160587
2022-04-24,2022,4,24,port134,Beaumont,United States,USA,0,1,0,0,1,1,2,0,64178,0,0,0,64178,64178,0,0,0,0,31934,0,31934,1160588
2022-04-25,2022,4,25,port134,Beaumont,United States,USA,0,0,0,0,2,0,2,0,0,0,0,18904,0,18904,0,0,0,0,0,0,0,1160589
2022-04-26,2022,4,26,port134,Beaumont,United States,USA,0,0,0,0,2,0,2,0,0,0,0,0,0,0,0,0,0,0,47766,0,47766,1160590
2022-04-27,2022,4,27,port134,Beaumont,United States,USA,0,0,0,0,5,0,5,0,0,0,0,6458,0,6458,0,0,0,0,83201,0,83201,1160591
2022-04-28,2022,4,28,port134,Beaumont,United States,USA,0,1,0,0,1,1,2,0,0,0,0,0,0,0,0,4112,0,0,12039,4112,16152,1160592
2022-04-29,2022,4,29,port134,Beaumont,United States,USA,0,0,0,0,7,0,7,0,0,0,0,1342,0,1342,0,0,0,0,292354,0,292354,1160593
2022-04-30,2022,4,30,port134,Beaumont,United States,USA,0,0,0,0,4,0,4,0,0,0,0,0,0,0,0,0,0,0,75992,0,75992,1160594
2022-05-01,2022,5,1,port134,Beaumont,United States,USA,0,0,0,0,2,0,2,0,0,0,0,0,0,0,0,0,0,0,68482,0,68482,1160595
2022-05-02,2022,5,2,port134,Beaumont,United States,USA,0,0,0,0,2,0,2,0,0,0,0,73987,0,73987,0,0,0,0,85297,0,85297,1160596
2022-05-03,2022,5,3,port134,Beaumont,United States,USA,0,0,0,1,1,1,2,0,0,0,0,0,0,0,0,0,0,0,12484,0,12484,1160597
2022-05-04,2022,5,4,port134,Beaumont,United States,USA,0,0,0,0,2,0,2,0,0,0,0,62197,0,62197,0,0,0,0,81490,0,81490,1160598
2022-05-05,2022,5,5,port134,Beaumont,United States,USA,0,0,0,0,1,0,1,0,0,0,0,0,0,0,0,0,0,0,37295,0,37295,1160599
2022-05-06,2022,5,6,port134,Beaumont,United States,USA,0,0,0,0,4,0,4,0,0,0,0,0,0,0,0,0,0,0,113337,0,113337,1160600
2022-05-07,2022,5,7,port134,Beaumont,United States,USA,0,0,0,0,1,0,1,0,0,0,0,0,0,0,0,0,0,0,11255,0,11255,1160601
2022-05-08,2022,5,8,port134,Beaumont,United States,USA,0,0,0,0,3,0,3,0,0,0,0,0,0,0,0,0,0,0,127255,0,127255,1160602
2022-05-09,2022,5,9,port134,Beaumont,United States,USA,0,0,1,0,4,1,5,0,0,207,0,7691,207,7899,0,0,0,0,81931,0,81931,1160603
2022-05-10,2022,5,10,port134,Beaumont,United States,USA,0,1,0,0,3,1,4,0,64178,0,0,0,64178,64178,0,0,0,0,185295,0,185295,1160604
2022-05-11,2022,5,11,port134,Beaumont,United States,USA,0,0,0,0,3,0,3,0,0,0,0,0,0,0,0,0,0,0,169170,0,169170,1160605
2022-05-12,2022,5,12,port134,Beaumont,United States,USA,1,0,0,0,2,1,3,0,0,0,0,360,0,360,0,0,0,0,110465,0,110465,1160606
2022-05-13,2022,5,13,port134,Beaumont,United States,USA,0,1,0,0,5,1,6,0,42771,0,0,53508,42771,96279,0,0,0,0,113476,0,113476,1160607
2022-05-14,2022,5,14,port134,Beaumont,United States,USA,1,0,0,1,3,2,5,0,0,0,0,0,0,0,227,0,0,0,87727,227,87954,1160608
2022-05-15,2022,5,15,port134,Beaumont,United States,USA,0,0,0,0,5,0,5,0,0,0,0,0,0,0,0,0,0,0,124282,0,124282,1160609
2022-05-16,2022,5,16,port134,Beaumont,United States,USA,1,0,0,0,4,1,5,0,0,0,0,12107,0,12107,0,0,0,0,208184,0,208184,1160610
2022-05-17,2022,5,17,port134,Beaumont,United States,USA,0,0,0,0,4,0,4,0,0,0,0,0,0,0,0,0,0,0,152105,0,152105,1160611
2022-05-18,2022,5,18,port134,Beaumont,United States,USA,0,0,0,0,1,0,1,0,0,0,0,0,0,0,0,0,0,0,33677,0,33677,1160612
2022-05-19,2022,5,19,port134,Beaumont,United States,USA,0,0,0,0,4,0,4,0,0,0,0,72027,0,72027,0,0,0,0,64791,0,64791,1160613
2022-05-20,2022,5,20,port134,Beaumont,United States,USA,0,0,0,0,2,0,2,0,0,0,0,0,0,0,0,0,0,0,59150,0,59150,1160614
2022-05-21,2022,5,21,port134,Beaumont,United States,USA,1,0,0,0,5,1,6,0,0,0,0,31835,0,31835,0,0,0,0,185308,0,185308,1160615
2022-05-22,2022,5,22,port134,Beaumont,United States,USA,1,1,0,0,3,2,5,1016,0,0,0,982,1016,1999,204,43502,0,0,85959,43707,129666,1160616
2022-05-23,2022,5,23,port134,Beaumont,United States,USA,0,0,0,0,2,0,2,0,0,0,0,0,0,0,0,0,0,0,129361,0,129361,1160617
2022-05-24,2022,5,24,port134,Beaumont,United States,USA,0,0,0,0,3,0,3,0,0,0,0,982,0,982,0,0,0,0,79834,0,79834,1160618
2022-05-25,2022,5,25,port134,Beaumont,United States,USA,0,0,0,0,4,0,4,0,0,0,0,360,0,360,0,0,0,0,171139,0,171139,1160619
2022-05-26,2022,5,26,port134,Beaumont,United States,USA,0,0,0,0,4,0,4,0,0,0,0,0,0,0,0,0,0,0,145580,0,145580,1160620
2022-05-27,2022,5,27,port134,Beaumont,United States,USA,0,0,0,0,3,0,3,0,0,0,0,982,0,982,0,0,0,0,113548,0,113548,1160621
2022-05-28,2022,5,28,port134,Beaumont,United States,USA,0,1,0,1,2,2,4,0,0,0,0,0,0,0,0,35030,0,2057,41662,37088,78751,1160622
2022-05-29,2022,5,29,port134,Beaumont,United States,USA,0,0,0,0,1,0,1,0,0,0,0,0,0,0,0,0,0,0,47108,0,47108,1160623
2022-05-30,2022,5,30,port134,Beaumont,United States,USA,0,0,0,0,1,0,1,0,0,0,0,0,0,0,0,0,0,0,51267,0,51267,1160624
2022-05-31,2022,5,31,port134,Beaumont,United States,USA,0,0,0,0,2,0,2,0,0,0,0,0,0,0,0,0,0,0,122335,0,122335,1160625
2022-06-01,2022,6,1,port134,Beaumont,United States,USA,0,0,0,0,1,0,1,0,0,0,0,0,0,0,0,0,0,0,0,0,0,1160626
2022-06-02,2022,6,2,port134,Beaumont,United States,USA,0,0,0,0,4,0,4,0,0,0,0,0,0,0,0,0,0,0,226711,0,226711,1160627
2022-06-03,2022,6,3,port134,Beaumont,United States,USA,0,1,1,0,2,2,4,0,0,1349,0,0,1349,1349,0,35520,0,0,98683,35520,134204,1160628
2022-06-04,2022,6,4,port134,Beaumont,United States,USA,0,0,0,0,1,0,1,0,0,0,0,0,0,0,0,0,0,0,17260,0,17260,1160629
2022-06-05,2022,6,5,port134,Beaumont,United States,USA,0,0,0,0,3,0,3,0,0,0,0,772,0,772,0,0,0,0,51820,0,51820,1160630
2022-06-06,2022,6,6,port134,Beaumont,United States,USA,0,0,0,0,2,0,2,0,0,0,0,0,0,0,0,0,0,0,76213,0,76213,1160631
2022-06-07,2022,6,7,port134,Beaumont,United States,USA,0,0,1,0,0,1,1,0,0,0,0,0,0,0,0,0,0,0,0,0,0,1160632
2022-06-08,2022,6,8,port134,Beaumont,United States,USA,0,0,0,0,4,0,4,0,0,0,0,360,0,360,0,0,0,0,84749,0,84749,1160633
2022-06-09,2022,6,9,port134,Beaumont,United States,USA,0,0,0,0,2,0,2,0,0,0,0,360,0,360,0,0,0,0,57130,0,57130,1160634
2022-06-10,2022,6,10,port134,Beaumont,United States,USA,0,0,0,0,2,0,2,0,0,0,0,7101,0,7101,0,0,0,0,39885,0,39885,1160635
2022-06-11,2022,6,11,port134,Beaumont,United States,USA,0,0,0,0,1,0,1,0,0,0,0,0,0,0,0,0,0,0,57090,0,57090,1160636
2022-06-12,2022,6,12,port134,Beaumont,United States,USA,0,0,1,1,6,2,8,0,0,2945,0,0,2945,2945,0,0,0,0,294342,0,294342,1160637
2022-06-13,2022,6,13,port134,Beaumont,United States,USA,0,0,0,0,3,0,3,0,0,0,0,360,0,360,0,0,0,0,65744,0,65744,1160638
2022-06-14,2022,6,14,port134,Beaumont,United States,USA,0,1,0,0,2,1,3,0,0,0,0,0,0,0,0,36850,0,0,50422,36850,87272,1160639
2022-06-15,2022,6,15,port134,Beaumont,United States,USA,0,0,0,0,3,0,3,0,0,0,0,0,0,0,0,0,0,0,128883,0,128883,1160640
2022-06-16,2022,6,16,port134,Beaumont,United States,USA,0,0,0,0,1,0,1,0,0,0,0,0,0,0,0,0,0,0,20896,0,20896,1160641
2022-06-17,2022,6,17,port134,Beaumont,United States,USA,0,0,0,0,4,0,4,0,0,0,0,982,0,982,0,0,0,0,173308,0,173308,1160642
2022-06-18,2022,6,18,port134,Beaumont,United States,USA,0,0,0,0,0,0,0,0,0,0,0,0,0,0,0,0,0,0,0,0,0,1160643
2022-06-19,2022,6,19,port134,Beaumont,United States,USA,0,1,1,0,2,2,4,0,0,8671,0,0,8671,8671,0,42930,0,0,9771,42930,52702,1160644
2022-06-20,2022,6,20,port134,Beaumont,United States,USA,0,1,0,0,2,1,3,0,0,0,0,0,0,0,0,20071,0,0,98971,20071,119043,1160645
2022-06-21,2022,6,21,port134,Beaumont,United States,USA,1,0,0,0,3,1,4,1016,0,0,0,22583,1016,23599,204,0,0,0,90557,204,90761,1160646
2022-06-22,2022,6,22,port134,Beaumont,United States,USA,0,0,0,0,3,0,3,0,0,0,0,0,0,0,0,0,0,0,135791,0,135791,1160647
2022-06-23,2022,6,23,port134,Beaumont,United States,USA,0,0,0,0,7,0,7,0,0,0,0,982,0,982,0,0,0,0,282728,0,282728,1160648
2022-06-24,2022,6,24,port134,Beaumont,United States,USA,0,0,0,0,1,0,1,0,0,0,0,84637,0,84637,0,0,0,0,0,0,0,1160649
2022-06-25,2022,6,25,port134,Beaumont,United States,USA,0,0,0,0,6,0,6,0,0,0,0,42335,0,42335,0,0,0,0,131884,0,131884,1160650
2022-06-26,2022,6,26,port134,Beaumont,United States,USA,0,0,0,0,1,0,1,0,0,0,0,0,0,0,0,0,0,0,40382,0,40382,1160651
2022-06-27,2022,6,27,port134,Beaumont,United States,USA,0,0,1,0,5,1,6,0,0,3262,0,6064,3262,9327,0,0,0,0,125966,0,125966,1160652
2022-06-28,2022,6,28,port134,Beaumont,United States,USA,0,0,0,0,1,0,1,0,0,0,0,0,0,0,0,0,0,0,0,0,0,1160653
2022-06-29,2022,6,29,port134,Beaumont,United States,USA,0,0,0,0,8,0,8,0,0,0,0,8105,0,8105,0,0,0,0,213974,0,213974,1160654
2022-06-30,2022,6,30,port134,Beaumont,United States,USA,0,0,0,0,1,0,1,0,0,0,0,0,0,0,0,0,0,0,50462,0,50462,1160655
2022-07-01,2022,7,1,port134,Beaumont,United States,USA,0,0,0,1,0,1,1,0,0,0,0,0,0,0,0,0,0,0,0,0,0,1160656
2022-07-02,2022,7,2,port134,Beaumont,United States,USA,0,1,0,0,3,1,4,0,0,0,0,360,0,360,0,35763,0,0,70366,35763,106130,1160657
2022-07-03,2022,7,3,port134,Beaumont,United States,USA,0,0,0,0,5,0,5,0,0,0,0,360,0,360,0,0,0,0,88685,0,88685,1160658
2022-07-04,2022,7,4,port134,Beaumont,United States,USA,0,0,0,0,2,0,2,0,0,0,0,2524,0,2524,0,0,0,0,38477,0,38477,1160659
2022-07-05,2022,7,5,port134,Beaumont,United States,USA,0,1,0,0,1,1,2,0,0,0,0,0,0,0,0,13793,0,0,14825,13793,28618,1160660
2022-07-06,2022,7,6,port134,Beaumont,United States,USA,0,0,0,0,4,0,4,0,0,0,0,982,0,982,0,0,0,0,144246,0,144246,1160661
2022-07-07,2022,7,7,port134,Beaumont,United States,USA,0,0,0,0,3,0,3,0,0,0,0,0,0,0,0,0,0,0,105967,0,105967,1160662
2022-07-08,2022,7,8,port134,Beaumont,United States,USA,0,0,0,0,3,0,3,0,0,0,0,0,0,0,0,0,0,0,126136,0,126136,1160663
2022-07-09,2022,7,9,port134,Beaumont,United States,USA,0,0,0,0,3,0,3,0,0,0,0,70728,0,70728,0,0,0,0,89536,0,89536,1160664
2022-07-10,2022,7,10,port134,Beaumont,United States,USA,0,0,1,0,2,1,3,0,0,0,0,0,0,0,0,0,0,0,66735,0,66735,1160665
2022-07-11,2022,7,11,port134,Beaumont,United States,USA,0,0,1,0,0,1,1,0,0,2816,0,0,2816,2816,0,0,0,0,0,0,0,1160666
2022-07-12,2022,7,12,port134,Beaumont,United States,USA,0,0,0,0,3,0,3,0,0,0,0,360,0,360,0,0,0,0,85513,0,85513,1160667
2022-07-13,2022,7,13,port134,Beaumont,United States,USA,0,0,0,0,4,0,4,0,0,0,0,0,0,0,0,0,0,0,171590,0,171590,1160668
2022-07-14,2022,7,14,port134,Beaumont,United States,USA,0,0,0,0,0,0,0,0,0,0,0,0,0,0,0,0,0,0,0,0,0,1160669
2022-07-15,2022,7,15,port134,Beaumont,United States,USA,0,0,0,0,4,0,4,0,0,0,0,174,0,174,0,0,0,0,186856,0,186856,1160670
2022-07-16,2022,7,16,port134,Beaumont,United States,USA,0,0,0,0,1,0,1,0,0,0,0,0,0,0,0,0,0,0,25821,0,25821,1160671
2022-07-17,2022,7,17,port134,Beaumont,United States,USA,0,0,0,0,4,0,4,0,0,0,0,0,0,0,0,0,0,0,190571,0,190571,1160672
2022-07-18,2022,7,18,port134,Beaumont,United States,USA,0,0,1,0,2,1,3,0,0,0,0,0,0,0,0,0,640,0,90481,640,91121,1160673
2022-07-19,2022,7,19,port134,Beaumont,United States,USA,0,0,0,1,3,1,4,0,0,0,793,982,793,1776,0,0,0,2256,141720,2256,143976,1160674
2022-07-20,2022,7,20,port134,Beaumont,United States,USA,0,0,0,0,2,0,2,0,0,0,0,1589,0,1589,0,0,0,0,39885,0,39885,1160675
2022-07-21,2022,7,21,port134,Beaumont,United States,USA,0,0,0,0,3,0,3,0,0,0,0,62902,0,62902,0,0,0,0,4735,0,4735,1160676
2022-07-22,2022,7,22,port134,Beaumont,United States,USA,0,0,1,0,2,1,3,0,0,3808,0,0,3808,3808,0,0,0,0,72542,0,72542,1160677
2022-07-23,2022,7,23,port134,Beaumont,United States,USA,0,0,0,0,2,0,2,0,0,0,0,6064,0,6064,0,0,0,0,117026,0,117026,1160678
2022-07-24,2022,7,24,port134,Beaumont,United States,USA,0,0,0,0,4,0,4,0,0,0,0,0,0,0,0,0,0,0,118797,0,118797,1160679
2022-07-25,2022,7,25,port134,Beaumont,United States,USA,0,1,1,0,1,2,3,0,11538,0,0,0,11538,11538,0,0,21267,0,37479,21267,58747,1160680
2022-07-26,2022,7,26,port134,Beaumont,United States,USA,0,0,0,0,3,0,3,0,0,0,0,70703,0,70703,0,0,0,0,56039,0,56039,1160681
2022-07-27,2022,7,27,port134,Beaumont,United States,USA,0,0,0,1,2,1,3,0,0,0,793,0,793,793,0,0,0,2256,21372,2256,23628,1160682
2022-07-28,2022,7,28,port134,Beaumont,United States,USA,0,0,0,0,1,0,1,0,0,0,0,0,0,0,0,0,0,0,22647,0,22647,1160683
2022-07-29,2022,7,29,port134,Beaumont,United States,USA,0,0,0,0,1,0,1,0,0,0,0,0,0,0,0,0,0,0,37851,0,37851,1160684
2022-07-30,2022,7,30,port134,Beaumont,United States,USA,0,0,1,0,1,1,2,0,0,5046,0,0,5046,5046,0,0,2011,0,85735,2011,87747,1160685
2022-07-31,2022,7,31,port134,Beaumont,United States,USA,0,0,0,0,2,0,2,0,0,0,0,0,0,0,0,0,0,0,78025,0,78025,1160686
2022-08-01,2022,8,1,port134,Beaumont,United States,USA,0,0,0,0,4,0,4,0,0,0,0,0,0,0,0,0,0,0,191901,0,191901,1160687
2022-08-02,2022,8,2,port134,Beaumont,United States,USA,0,0,0,0,1,0,1,0,0,0,0,0,0,0,0,0,0,0,0,0,0,1160688
2022-08-03,2022,8,3,port134,Beaumont,United States,USA,0,1,0,0,2,1,3,0,0,0,0,982,0,982,0,33171,0,0,29068,33171,62239,1160689
2022-08-04,2022,8,4,port134,Beaumont,United States,USA,0,0,0,1,3,1,4,0,0,0,0,0,0,0,0,0,0,13210,85944,13210,99154,1160690
2022-08-05,2022,8,5,port134,Beaumont,United States,USA,0,0,0,0,2,0,2,0,0,0,0,0,0,0,0,0,0,0,52704,0,52704,1160691
2022-08-06,2022,8,6,port134,Beaumont,United States,USA,0,0,0,0,1,0,1,0,0,0,0,0,0,0,0,0,0,0,18679,0,18679,1160692
2022-08-07,2022,8,7,port134,Beaumont,United States,USA,0,0,0,0,3,0,3,0,0,0,0,0,0,0,0,0,0,0,132267,0,132267,1160693
2022-08-08,2022,8,8,port134,Beaumont,United States,USA,0,1,0,0,2,1,3,0,0,0,0,0,0,0,0,2884,0,0,117184,2884,120068,1160694
2022-08-09,2022,8,9,port134,Beaumont,United States,USA,0,0,0,0,0,0,0,0,0,0,0,0,0,0,0,0,0,0,0,0,0,1160695
2022-08-10,2022,8,10,port134,Beaumont,United States,USA,0,0,0,0,2,0,2,0,0,0,0,0,0,0,0,0,0,0,124374,0,124374,1160696
2022-08-11,2022,8,11,port134,Beaumont,United States,USA,0,0,0,0,2,0,2,0,0,0,0,0,0,0,0,0,0,0,109023,0,109023,1160697
2022-08-12,2022,8,12,port134,Beaumont,United States,USA,0,0,0,0,6,0,6,0,0,0,0,3558,0,3558,0,0,0,0,186980,0,186980,1160698
2022-08-13,2022,8,13,port134,Beaumont,United States,USA,0,1,1,0,2,2,4,0,0,5046,0,6064,5046,11110,0,37931,2011,0,114950,39943,154894,1160699
2022-08-14,2022,8,14,port134,Beaumont,United States,USA,0,0,0,0,3,0,3,0,0,0,0,0,0,0,0,0,0,0,133158,0,133158,1160700
2022-08-15,2022,8,15,port134,Beaumont,United States,USA,0,0,0,0,5,0,5,0,0,0,0,1375,0,1375,0,0,0,0,64189,0,64189,1160701
2022-08-16,2022,8,16,port134,Beaumont,United States,USA,0,0,0,1,3,1,4,0,0,0,2577,0,2577,2577,0,0,0,0,184725,0,184725,1160702
2022-08-17,2022,8,17,port134,Beaumont,United States,USA,0,2,0,0,3,2,5,0,0,0,0,0,0,0,0,32913,0,0,134410,32913,167323,1160703
2022-08-18,2022,8,18,port134,Beaumont,United States,USA,0,0,0,0,1,0,1,0,0,0,0,0,0,0,0,0,0,0,68929,0,68929,1160704
2022-08-19,2022,8,19,port134,Beaumont,United States,USA,0,0,0,0,1,0,1,0,0,0,0,0,0,0,0,0,0,0,73545,0,73545,1160705
2022-08-20,2022,8,20,port134,Beaumont,United States,USA,0,0,0,0,4,0,4,0,0,0,0,0,0,0,0,0,0,0,143656,0,143656,1160706
2022-08-21,2022,8,21,port134,Beaumont,United States,USA,0,0,0,0,4,0,4,0,0,0,0,24541,0,24541,0,0,0,0,116229,0,116229,1160707
2022-08-22,2022,8,22,port134,Beaumont,United States,USA,0,0,1,0,3,1,4,0,0,0,0,0,0,0,0,0,0,0,86541,0,86541,1160708
2022-08-23,2022,8,23,port134,Beaumont,United States,USA,0,0,0,0,3,0,3,0,0,0,0,0,0,0,0,0,0,0,127217,0,127217,1160709
2022-08-24,2022,8,24,port134,Beaumont,United States,USA,0,1,0,0,2,1,3,0,11353,0,0,0,11353,11353,0,0,0,0,121791,0,121791,1160710
2022-08-25,2022,8,25,port134,Beaumont,United States,USA,0,1,0,0,0,1,1,0,12713,0,0,0,12713,12713,0,0,0,0,0,0,0,1160711
2022-08-26,2022,8,26,port134,Beaumont,United States,USA,0,0,1,0,3,1,4,0,0,0,0,0,0,0,0,0,1125,0,75032,1125,76157,1160712
2022-08-27,2022,8,27,port134,Beaumont,United States,USA,0,0,0,0,2,0,2,0,0,0,0,0,0,0,0,0,0,0,36653,0,36653,1160713
2022-08-28,2022,8,28,port134,Beaumont,United States,USA,0,1,0,0,3,1,4,0,0,0,0,0,0,0,0,32824,0,0,106515,32824,139340,1160714
2022-08-29,2022,8,29,port134,Beaumont,United States,USA,0,0,0,0,0,0,0,0,0,0,0,0,0,0,0,0,0,0,0,0,0,1160715
2022-08-30,2022,8,30,port134,Beaumont,United States,USA,0,0,0,0,2,0,2,0,0,0,0,0,0,0,0,0,0,0,54890,0,54890,1160716
2022-08-31,2022,8,31,port134,Beaumont,United States,USA,0,0,0,0,4,0,4,0,0,0,0,0,0,0,0,0,0,0,293879,0,293879,1160717
2022-09-01,2022,9,1,port134,Beaumont,United States,USA,0,0,0,0,3,0,3,0,0,0,0,0,0,0,0,0,0,0,17945,0,17945,1160718
2022-09-02,2022,9,2,port134,Beaumont,United States,USA,0,0,1,0,4,1,5,0,0,0,0,62880,0,62880,0,0,7429,0,154775,7429,162204,1160719
2022-09-03,2022,9,3,port134,Beaumont,United States,USA,0,0,0,0,5,0,5,0,0,0,0,982,0,982,0,0,0,0,123697,0,123697,1160720
2022-09-04,2022,9,4,port134,Beaumont,United States,USA,0,0,0,0,2,0,2,0,0,0,0,0,0,0,0,0,0,0,92058,0,92058,1160721
2022-09-05,2022,9,5,port134,Beaumont,United States,USA,0,1,0,1,5,2,7,0,0,0,0,4713,0,4713,0,0,0,5107,141410,5107,146517,1160722
2022-09-06,2022,9,6,port134,Beaumont,United States,USA,0,0,0,0,4,0,4,0,0,0,0,0,0,0,0,0,0,0,86253,0,86253,1160723
2022-09-07,2022,9,7,port134,Beaumont,United States,USA,0,1,0,0,1,1,2,0,0,0,0,982,0,982,0,15349,0,0,25406,15349,40755,1160724
2022-09-08,2022,9,8,port134,Beaumont,United States,USA,0,1,0,0,1,1,2,0,2810,0,0,0,2810,2810,0,22385,0,0,0,22385,22385,1160725
2022-09-09,2022,9,9,port134,Beaumont,United States,USA,0,0,0,0,3,0,3,0,0,0,0,70388,0,70388,0,0,0,0,24484,0,24484,1160726
2022-09-10,2022,9,10,port134,Beaumont,United States,USA,0,0,1,0,3,1,4,0,0,0,0,982,0,982,0,0,14805,0,112541,14805,127346,1160727
2022-09-11,2022,9,11,port134,Beaumont,United States,USA,0,0,0,0,2,0,2,0,0,0,0,0,0,0,0,0,0,0,41633,0,41633,1160728
2022-09-12,2022,9,12,port134,Beaumont,United States,USA,0,0,0,0,0,0,0,0,0,0,0,0,0,0,0,0,0,0,0,0,0,1160729
2022-09-13,2022,9,13,port134,Beaumont,United States,USA,0,0,0,0,3,0,3,0,0,0,0,0,0,0,0,0,0,0,123608,0,123608,1160730
2022-09-14,2022,9,14,port134,Beaumont,United States,USA,0,0,0,0,4,0,4,0,0,0,0,12980,0,12980,0,0,0,0,75086,0,75086,1160731
2022-09-15,2022,9,15,port134,Beaumont,United States,USA,0,0,0,0,4,0,4,0,0,0,0,8917,0,8917,0,0,0,0,221779,0,221779,1160732
2022-09-16,2022,9,16,port134,Beaumont,United States,USA,0,0,1,0,3,1,4,0,0,4279,0,0,4279,4279,0,0,0,0,105977,0,105977,1160733
2022-09-17,2022,9,17,port134,Beaumont,United States,USA,0,0,0,0,5,0,5,0,0,0,0,0,0,0,0,0,0,0,177657,0,177657,1160734
2022-09-18,2022,9,18,port134,Beaumont,United States,USA,0,0,0,0,2,0,2,0,0,0,0,0,0,0,0,0,0,0,54144,0,54144,1160735
2022-09-19,2022,9,19,port134,Beaumont,United States,USA,0,0,0,0,3,0,3,0,0,0,0,0,0,0,0,0,0,0,195955,0,195955,1160736
2022-09-20,2022,9,20,port134,Beaumont,United States,USA,0,0,0,0,2,0,2,0,0,0,0,0,0,0,0,0,0,0,114673,0,114673,1160737
2022-09-21,2022,9,21,port134,Beaumont,United States,USA,0,0,0,0,1,0,1,0,0,0,0,0,0,0,0,0,0,0,72242,0,72242,1160738
2022-09-22,2022,9,22,port134,Beaumont,United States,USA,0,0,0,0,1,0,1,0,0,0,0,10073,0,10073,0,0,0,0,0,0,0,1160739
2022-09-23,2022,9,23,port134,Beaumont,United States,USA,0,0,0,0,3,0,3,0,0,0,0,982,0,982,0,0,0,0,54623,0,54623,1160740
2022-09-24,2022,9,24,port134,Beaumont,United States,USA,0,0,1,0,7,1,8,0,0,218,0,80846,218,81064,0,0,29,0,232559,29,232589,1160741
2022-09-25,2022,9,25,port134,Beaumont,United States,USA,0,0,1,0,1,1,2,0,0,0,0,0,0,0,0,0,0,0,0,0,0,1160742
2022-09-26,2022,9,26,port134,Beaumont,United States,USA,0,0,0,0,4,0,4,0,0,0,0,0,0,0,0,0,0,0,124326,0,124326,1160743
2022-09-27,2022,9,27,port134,Beaumont,United States,USA,0,1,0,0,4,1,5,0,0,0,0,0,0,0,0,1164,0,0,153499,1164,154664,1160744
2022-09-28,2022,9,28,port134,Beaumont,United States,USA,0,0,0,0,2,0,2,0,0,0,0,0,0,0,0,0,0,0,67637,0,67637,1160745
2022-09-29,2022,9,29,port134,Beaumont,United States,USA,0,0,0,0,3,0,3,0,0,0,0,0,0,0,0,0,0,0,163324,0,163324,1160746
2022-09-30,2022,9,30,port134,Beaumont,United States,USA,0,0,1,0,4,1,5,0,0,9847,0,0,9847,9847,0,0,0,0,58260,0,58260,1160747
2022-10-01,2022,10,1,port134,Beaumont,United States,USA,0,0,0,0,3,0,3,0,0,0,0,80011,0,80011,0,0,0,0,60783,0,60783,1160748
2022-10-02,2022,10,2,port134,Beaumont,United States,USA,0,0,0,0,4,0,4,0,0,0,0,0,0,0,0,0,0,0,126906,0,126906,1160749
2022-10-03,2022,10,3,port134,Beaumont,United States,USA,0,0,0,0,2,0,2,0,0,0,0,0,0,0,0,0,0,0,81494,0,81494,1160750
2022-10-04,2022,10,4,port134,Beaumont,United States,USA,0,1,0,0,2,1,3,0,0,0,0,0,0,0,0,4599,0,0,47770,4599,52370,1160751
2022-10-05,2022,10,5,port134,Beaumont,United States,USA,0,1,0,0,2,1,3,0,25338,0,0,0,25338,25338,0,0,0,0,79571,0,79571,1160752
2022-10-06,2022,10,6,port134,Beaumont,United States,USA,0,1,0,0,2,1,3,0,0,0,0,982,0,982,0,35340,0,0,79119,35340,114459,1160753
2022-10-07,2022,10,7,port134,Beaumont,United States,USA,0,1,0,0,1,1,2,0,0,0,0,0,0,0,0,39620,0,0,78010,39620,117631,1160754
2022-10-08,2022,10,8,port134,Beaumont,United States,USA,0,0,0,0,4,0,4,0,0,0,0,156735,0,156735,0,0,0,0,64506,0,64506,1160755
2022-10-09,2022,10,9,port134,Beaumont,United States,USA,0,0,2,0,5,2,7,0,0,5542,0,0,5542,5542,0,0,2011,0,104416,2011,106428,1160756
2022-10-10,2022,10,10,port134,Beaumont,United States,USA,0,0,0,0,3,0,3,0,0,0,0,0,0,0,0,0,0,0,167196,0,167196,1160757
2022-10-11,2022,10,11,port134,Beaumont,United States,USA,0,0,0,0,2,0,2,0,0,0,0,0,0,0,0,0,0,0,57524,0,57524,1160758
2022-10-12,2022,10,12,port134,Beaumont,United States,USA,0,0,2,0,4,2,6,0,0,5046,0,0,5046,5046,0,0,17304,0,142873,17304,160178,1160759
2022-10-13,2022,10,13,port134,Beaumont,United States,USA,0,0,0,0,4,0,4,0,0,0,0,0,0,0,0,0,0,0,230961,0,230961,1160760
2022-10-14,2022,10,14,port134,Beaumont,United States,USA,0,0,0,0,3,0,3,0,0,0,0,0,0,0,0,0,0,0,88186,0,88186,1160761
2022-10-15,2022,10,15,port134,Beaumont,United States,USA,0,0,0,0,4,0,4,0,0,0,0,360,0,360,0,0,0,0,159823,0,159823,1160762
2022-10-16,2022,10,16,port134,Beaumont,United States,USA,0,0,0,0,3,0,3,0,0,0,0,12107,0,12107,0,0,0,0,141803,0,141803,1160763
2022-10-17,2022,10,17,port134,Beaumont,United States,USA,0,0,0,0,4,0,4,0,0,0,0,11846,0,11846,0,0,0,0,96483,0,96483,1160764
2022-10-18,2022,10,18,port134,Beaumont,United States,USA,0,1,0,0,4,1,5,0,10688,0,0,13089,10688,23777,0,0,0,0,72246,0,72246,1160765
2022-10-19,2022,10,19,port134,Beaumont,United States,USA,0,1,0,0,4,1,5,0,47187,0,0,0,47187,47187,0,0,0,0,91197,0,91197,1160766
2022-10-20,2022,10,20,port134,Beaumont,United States,USA,0,1,0,0,1,1,2,0,0,0,0,0,0,0,0,16573,0,0,11994,16573,28567,1160767
2022-10-21,2022,10,21,port134,Beaumont,United States,USA,0,0,0,1,3,1,4,0,0,0,793,0,793,793,0,0,0,2256,81618,2256,83874,1160768
2022-10-22,2022,10,22,port134,Beaumont,United States,USA,0,0,0,0,3,0,3,0,0,0,0,12107,0,12107,0,0,0,0,93024,0,93024,1160769
2022-10-23,2022,10,23,port134,Beaumont,United States,USA,0,0,0,0,4,0,4,0,0,0,0,0,0,0,0,0,0,0,134624,0,134624,1160770
2022-10-24,2022,10,24,port134,Beaumont,United States,USA,0,0,1,0,1,1,2,0,0,1058,0,0,1058,1058,0,0,0,0,49209,0,49209,1160771
2022-10-25,2022,10,25,port134,Beaumont,United States,USA,0,1,0,0,5,1,6,0,2810,0,0,1342,2810,4153,0,22385,0,0,135761,22385,158147,1160772
2022-10-26,2022,10,26,port134,Beaumont,United States,USA,0,0,0,0,1,0,1,0,0,0,0,0,0,0,0,0,0,0,71569,0,71569,1160773
2022-10-27,2022,10,27,port134,Beaumont,United States,USA,0,0,0,0,3,0,3,0,0,0,0,0,0,0,0,0,0,0,85762,0,85762,1160774
2022-10-28,2022,10,28,port134,Beaumont,United States,USA,0,0,0,0,4,0,4,0,0,0,0,0,0,0,0,0,0,0,140723,0,140723,1160775
2022-10-29,2022,10,29,port134,Beaumont,United States,USA,0,0,0,0,2,0,2,0,0,0,0,0,0,0,0,0,0,0,80628,0,80628,1160776
2022-10-30,2022,10,30,port134,Beaumont,United States,USA,0,0,0,1,2,1,3,0,0,0,793,982,793,1776,0,0,0,2256,75751,2256,78008,1160777
2022-10-31,2022,10,31,port134,Beaumont,United States,USA,0,1,0,0,2,1,3,0,0,0,0,0,0,0,0,12416,0,0,89132,12416,101548,1160778
2022-11-01,2022,11,1,port134,Beaumont,United States,USA,0,0,0,0,2,0,2,0,0,0,0,0,0,0,0,0,0,0,87436,0,87436,1160779
2022-11-02,2022,11,2,port134,Beaumont,United States,USA,0,0,0,0,5,0,5,0,0,0,0,0,0,0,0,0,0,0,117416,0,117416,1160780
2022-11-03,2022,11,3,port134,Beaumont,United States,USA,0,0,0,0,3,0,3,0,0,0,0,88779,0,88779,0,0,0,0,0,0,0,1160781
2022-11-04,2022,11,4,port134,Beaumont,United States,USA,0,0,0,0,5,0,5,0,0,0,0,12107,0,12107,0,0,0,0,225376,0,225376,1160782
2022-11-05,2022,11,5,port134,Beaumont,United States,USA,0,0,0,0,0,0,0,0,0,0,0,0,0,0,0,0,0,0,0,0,0,1160783
2022-11-06,2022,11,6,port134,Beaumont,United States,USA,0,0,0,1,3,1,4,0,0,0,0,360,0,360,0,0,0,1133,33337,1133,34471,1160784
2022-11-07,2022,11,7,port134,Beaumont,United States,USA,0,0,0,0,2,0,2,0,0,0,0,22550,0,22550,0,0,0,0,37808,0,37808,1160785
2022-11-08,2022,11,8,port134,Beaumont,United States,USA,0,0,0,0,3,0,3,0,0,0,0,0,0,0,0,0,0,0,96372,0,96372,1160786
2022-11-09,2022,11,9,port134,Beaumont,United States,USA,0,0,0,0,2,0,2,0,0,0,0,0,0,0,0,0,0,0,83805,0,83805,1160787
2022-11-10,2022,11,10,port134,Beaumont,United States,USA,0,0,0,0,4,0,4,0,0,0,0,0,0,0,0,0,0,0,184743,0,184743,1160788
2022-11-11,2022,11,11,port134,Beaumont,United States,USA,0,1,0,0,2,1,3,0,0,0,0,0,0,0,0,15256,0,0,72816,15256,88072,1160789
2022-11-12,2022,11,12,port134,Beaumont,United States,USA,0,0,0,0,3,0,3,0,0,0,0,12107,0,12107,0,0,0,0,86987,0,86987,1160790
2022-11-13,2022,11,13,port134,Beaumont,United States,USA,0,0,0,0,4,0,4,0,0,0,0,360,0,360,0,0,0,0,175654,0,175654,1160791
2022-11-14,2022,11,14,port134,Beaumont,United States,USA,0,0,0,0,3,0,3,0,0,0,0,1767,0,1767,0,0,0,0,87641,0,87641,1160792
2022-11-15,2022,11,15,port134,Beaumont,United States,USA,0,0,0,0,0,0,0,0,0,0,0,0,0,0,0,0,0,0,0,0,0,1160793
2022-11-16,2022,11,16,port134,Beaumont,United States,USA,0,0,0,0,4,0,4,0,0,0,0,12107,0,12107,0,0,0,0,147265,0,147265,1160794
2022-11-17,2022,11,17,port134,Beaumont,United States,USA,0,0,0,0,1,0,1,0,0,0,0,0,0,0,0,0,0,0,32633,0,32633,1160795
2022-11-18,2022,11,18,port134,Beaumont,United States,USA,0,0,0,0,8,0,8,0,0,0,0,12360,0,12360,0,0,0,0,268968,0,268968,1160796
2022-11-19,2022,11,19,port134,Beaumont,United States,USA,0,0,1,0,2,1,3,0,0,0,0,0,0,0,0,0,0,0,51550,0,51550,1160797
2022-11-20,2022,11,20,port134,Beaumont,United States,USA,0,0,0,0,1,0,1,0,0,0,0,0,0,0,0,0,0,0,48386,0,48386,1160798
2022-11-21,2022,11,21,port134,Beaumont,United States,USA,0,0,0,0,3,0,3,0,0,0,0,0,0,0,0,0,0,0,133709,0,133709,1160799
2022-11-22,2022,11,22,port134,Beaumont,United States,USA,0,0,0,0,4,0,4,0,0,0,0,982,0,982,0,0,0,0,116604,0,116604,1160800
2022-11-23,2022,11,23,port134,Beaumont,United States,USA,0,1,0,0,4,1,5,0,0,0,0,0,0,0,0,14618,0,0,185101,14618,199720,1160801
2022-11-24,2022,11,24,port134,Beaumont,United States,USA,0,0,0,0,4,0,4,0,0,0,0,0,0,0,0,0,0,0,169038,0,169038,1160802
2022-11-25,2022,11,25,port134,Beaumont,United States,USA,0,0,0,0,4,0,4,0,0,0,0,0,0,0,0,0,0,0,199074,0,199074,1160803
2022-11-26,2022,11,26,port134,Beaumont,United States,USA,0,0,0,0,1,0,1,0,0,0,0,0,0,0,0,0,0,0,3341,0,3341,1160804
2022-11-27,2022,11,27,port134,Beaumont,United States,USA,0,0,0,0,4,0,4,0,0,0,0,0,0,0,0,0,0,0,192471,0,192471,1160805
2022-11-28,2022,11,28,port134,Beaumont,United States,USA,0,0,0,0,3,0,3,0,0,0,0,0,0,0,0,0,0,0,122540,0,122540,1160806
2022-11-29,2022,11,29,port134,Beaumont,United States,USA,0,1,0,0,3,1,4,0,0,0,0,0,0,0,0,12466,0,0,24038,12466,36505,1160807
2022-11-30,2022,11,30,port134,Beaumont,United States,USA,0,0,0,0,3,0,3,0,0,0,0,0,0,0,0,0,0,0,156755,0,156755,1160808
2022-12-01,2022,12,1,port134,Beaumont,United States,USA,0,0,0,0,5,0,5,0,0,0,0,1646,0,1646,0,0,0,0,125351,0,125351,1160809
2022-12-02,2022,12,2,port134,Beaumont,United States,USA,0,0,1,0,4,1,5,0,0,0,0,20972,0,20972,0,0,0,0,106292,0,106292,1160810
2022-12-03,2022,12,3,port134,Beaumont,United States,USA,0,0,0,0,0,0,0,0,0,0,0,0,0,0,0,0,0,0,0,0,0,1160811
2022-12-04,2022,12,4,port134,Beaumont,United States,USA,0,0,0,0,0,0,0,0,0,0,0,0,0,0,0,0,0,0,0,0,0,1160812
2022-12-05,2022,12,5,port134,Beaumont,United States,USA,0,0,0,0,3,0,3,0,0,0,0,0,0,0,0,0,0,0,138439,0,138439,1160813
2022-12-06,2022,12,6,port134,Beaumont,United States,USA,0,1,0,0,2,1,3,0,0,0,0,0,0,0,0,35945,0,0,48518,35945,84464,1160814
2022-12-07,2022,12,7,port134,Beaumont,United States,USA,0,1,1,0,6,2,8,0,0,8600,0,8906,8600,17506,0,32049,0,0,234671,32049,266720,1160815
2022-12-08,2022,12,8,port134,Beaumont,United States,USA,0,0,0,0,0,0,0,0,0,0,0,0,0,0,0,0,0,0,0,0,0,1160816
2022-12-09,2022,12,9,port134,Beaumont,United States,USA,0,0,1,0,3,1,4,0,0,0,0,360,0,360,0,0,0,0,83620,0,83620,1160817
2022-12-10,2022,12,10,port134,Beaumont,United States,USA,0,0,0,0,4,0,4,0,0,0,0,0,0,0,0,0,0,0,153531,0,153531,1160818
2022-12-11,2022,12,11,port134,Beaumont,United States,USA,0,0,0,0,5,0,5,0,0,0,0,82871,0,82871,0,0,0,0,195477,0,195477,1160819
2022-12-12,2022,12,12,port134,Beaumont,United States,USA,0,0,0,0,6,0,6,0,0,0,0,7918,0,7918,0,0,0,0,151990,0,151990,1160820
2022-12-13,2022,12,13,port134,Beaumont,United States,USA,1,0,0,0,0,1,1,1016,0,0,0,0,1016,1016,204,0,0,0,0,204,204,1160821
2022-12-14,2022,12,14,port134,Beaumont,United States,USA,0,1,0,0,4,1,5,0,2810,0,0,0,2810,2810,0,22385,0,0,146635,22385,169020,1160822
2022-12-15,2022,12,15,port134,Beaumont,United States,USA,0,1,0,0,3,1,4,0,0,0,0,0,0,0,0,3496,0,0,124580,3496,128076,1160823
2022-12-16,2022,12,16,port134,Beaumont,United States,USA,0,0,0,0,8,0,8,0,0,0,0,0,0,0,0,0,0,0,326927,0,326927,1160824
2022-12-17,2022,12,17,port134,Beaumont,United States,USA,0,0,0,0,4,0,4,0,0,0,0,3885,0,3885,0,0,0,0,129160,0,129160,1160825
2022-12-18,2022,12,18,port134,Beaumont,United States,USA,0,0,0,0,3,0,3,0,0,0,0,19486,0,19486,0,0,0,0,16708,0,16708,1160826
2022-12-19,2022,12,19,port134,Beaumont,United States,USA,0,0,0,0,1,0,1,0,0,0,0,70280,0,70280,0,0,0,0,0,0,0,1160827
2022-12-20,2022,12,20,port134,Beaumont,United States,USA,0,0,0,0,0,0,0,0,0,0,0,0,0,0,0,0,0,0,0,0,0,1160828
2022-12-21,2022,12,21,port134,Beaumont,United States,USA,0,0,0,0,4,0,4,0,0,0,0,360,0,360,0,0,0,0,90125,0,90125,1160829
2022-12-22,2022,12,22,port134,Beaumont,United States,USA,0,0,0,0,1,0,1,0,0,0,0,0,0,0,0,0,0,0,14254,0,14254,1160830
2022-12-23,2022,12,23,port134,Beaumont,United States,USA,0,0,0,0,1,0,1,0,0,0,0,0,0,0,0,0,0,0,24533,0,24533,1160831
2022-12-24,2022,12,24,port134,Beaumont,United States,USA,0,0,0,0,6,0,6,0,0,0,0,0,0,0,0,0,0,0,186560,0,186560,1160832
2022-12-25,2022,12,25,port134,Beaumont,United States,USA,0,1,0,1,3,2,5,0,0,0,2672,5511,2672,8183,0,46547,0,0,43327,46547,89875,1160833
2022-12-26,2022,12,26,port134,Beaumont,United States,USA,0,1,0,0,3,1,4,0,0,0,0,0,0,0,0,37931,0,0,28398,37931,66329,1160834
2022-12-27,2022,12,27,port134,Beaumont,United States,USA,0,0,0,0,3,0,3,0,0,0,0,982,0,982,0,0,0,0,131714,0,131714,1160835
2022-12-28,2022,12,28,port134,Beaumont,United States,USA,0,0,0,0,2,0,2,0,0,0,0,0,0,0,0,0,0,0,17504,0,17504,1160836
2022-12-29,2022,12,29,port134,Beaumont,United States,USA,0,0,0,0,3,0,3,0,0,0,0,36611,0,36611,0,0,0,0,121695,0,121695,1160837
2022-12-30,2022,12,30,port134,Beaumont,United States,USA,0,0,0,0,4,0,4,0,0,0,0,0,0,0,0,0,0,0,104007,0,104007,1160838
2022-12-31,2022,12,31,port134,Beaumont,United States,USA,0,0,0,0,0,0,0,0,0,0,0,0,0,0,0,0,0,0,0,0,0,1160839
2023-01-01,2023,1,1,port134,Beaumont,United States,USA,0,0,0,0,0,0,0,0,0,0,0,0,0,0,0,0,0,0,0,0,0,1160840
2023-01-02,2023,1,2,port134,Beaumont,United States,USA,0,0,0,0,0,0,0,0,0,0,0,0,0,0,0,0,0,0,0,0,0,1160841
2023-01-03,2023,1,3,port134,Beaumont,United States,USA,0,0,0,0,0,0,0,0,0,0,0,0,0,0,0,0,0,0,0,0,0,1160842
2023-01-04,2023,1,4,port134,Beaumont,United States,USA,0,0,0,0,5,0,5,0,0,0,0,0,0,0,0,0,0,0,164638,0,164638,1160843
2023-01-05,2023,1,5,port134,Beaumont,United States,USA,0,0,0,0,4,0,4,0,0,0,0,80981,0,80981,0,0,0,0,68197,0,68197,1160844
2023-01-06,2023,1,6,port134,Beaumont,United States,USA,0,1,0,0,4,1,5,0,0,0,0,51234,0,51234,0,11020,0,0,112215,11020,123235,1160845
2023-01-07,2023,1,7,port134,Beaumont,United States,USA,0,0,0,0,0,0,0,0,0,0,0,0,0,0,0,0,0,0,0,0,0,1160846
2023-01-08,2023,1,8,port134,Beaumont,United States,USA,0,0,0,0,3,0,3,0,0,0,0,0,0,0,0,0,0,0,106036,0,106036,1160847
2023-01-09,2023,1,9,port134,Beaumont,United States,USA,0,0,0,0,1,0,1,0,0,0,0,0,0,0,0,0,0,0,38085,0,38085,1160848
2023-01-10,2023,1,10,port134,Beaumont,United States,USA,0,0,0,0,3,0,3,0,0,0,0,0,0,0,0,0,0,0,66582,0,66582,1160849
2023-01-11,2023,1,11,port134,Beaumont,United States,USA,0,0,0,0,6,0,6,0,0,0,0,720,0,720,0,0,0,0,203720,0,203720,1160850
2023-01-12,2023,1,12,port134,Beaumont,United States,USA,0,0,1,0,3,1,4,0,0,4083,0,0,4083,4083,0,0,0,0,167955,0,167955,1160851
2023-01-13,2023,1,13,port134,Beaumont,United States,USA,0,0,0,0,2,0,2,0,0,0,0,0,0,0,0,0,0,0,39468,0,39468,1160852
2023-01-14,2023,1,14,port134,Beaumont,United States,USA,0,0,0,0,5,0,5,0,0,0,0,41974,0,41974,0,0,0,0,153203,0,153203,1160853
2023-01-15,2023,1,15,port134,Beaumont,United States,USA,0,1,0,1,4,2,6,0,0,0,0,12107,0,12107,0,32705,0,4539,146907,37245,184153,1160854
2023-01-16,2023,1,16,port134,Beaumont,United States,USA,0,0,0,0,3,0,3,0,0,0,0,0,0,0,0,0,0,0,155677,0,155677,1160855
2023-01-17,2023,1,17,port134,Beaumont,United States,USA,0,0,0,0,2,0,2,0,0,0,0,0,0,0,0,0,0,0,67562,0,67562,1160856
2023-01-18,2023,1,18,port134,Beaumont,United States,USA,0,0,0,0,0,0,0,0,0,0,0,0,0,0,0,0,0,0,0,0,0,1160857
2023-01-19,2023,1,19,port134,Beaumont,United States,USA,0,0,0,0,6,0,6,0,0,0,0,982,0,982,0,0,0,0,153235,0,153235,1160858
2023-01-20,2023,1,20,port134,Beaumont,United States,USA,0,1,0,0,2,1,3,0,0,0,0,0,0,0,0,2309,0,0,15209,2309,17519,1160859
2023-01-21,2023,1,21,port134,Beaumont,United States,USA,0,0,0,0,4,0,4,0,0,0,0,8296,0,8296,0,0,0,0,108244,0,108244,1160860
2023-01-22,2023,1,22,port134,Beaumont,United States,USA,0,0,0,0,1,0,1,0,0,0,0,0,0,0,0,0,0,0,5152,0,5152,1160861
2023-01-23,2023,1,23,port134,Beaumont,United States,USA,0,0,0,0,2,0,2,0,0,0,0,0,0,0,0,0,0,0,78779,0,78779,1160862
2023-01-24,2023,1,24,port134,Beaumont,United States,USA,0,0,0,0,1,0,1,0,0,0,0,0,0,0,0,0,0,0,48168,0,48168,1160863
2023-01-25,2023,1,25,port134,Beaumont,United States,USA,0,0,0,0,1,0,1,0,0,0,0,0,0,0,0,0,0,0,10887,0,10887,1160864
2023-01-26,2023,1,26,port134,Beaumont,United States,USA,0,0,0,0,3,0,3,0,0,0,0,0,0,0,0,0,0,0,107549,0,107549,1160865
2023-01-27,2023,1,27,port134,Beaumont,United States,USA,0,0,0,0,6,0,6,0,0,0,0,982,0,982,0,0,0,0,223012,0,223012,1160866
2023-01-28,2023,1,28,port134,Beaumont,United States,USA,0,0,0,0,4,0,4,0,0,0,0,0,0,0,0,0,0,0,197518,0,197518,1160867
2019-11-07,2019,11,7,port134,Beaumont,United States,USA,0,0,0,0,3,0,3,0,0,0,0,1964,0,1964,0,0,0,0,53946,0,53946,1160871
2019-11-08,2019,11,8,port134,Beaumont,United States,USA,0,0,0,0,2,0,2,0,0,0,0,0,0,0,0,0,0,0,17970,0,17970,1160873
2019-11-09,2019,11,9,port134,Beaumont,United States,USA,0,1,0,0,2,1,3,0,0,0,0,0,0,0,0,4420,0,0,20586,4420,25006,1160875
2019-11-10,2019,11,10,port134,Beaumont,United States,USA,0,0,0,0,4,0,4,0,0,0,0,71496,0,71496,0,0,0,0,122946,0,122946,1160878
2019-11-11,2019,11,11,port134,Beaumont,United States,USA,0,0,1,0,1,1,2,0,0,3526,0,0,3526,3526,0,0,0,0,46524,0,46524,1160881
2019-11-12,2019,11,12,port134,Beaumont,United States,USA,0,0,0,0,1,0,1,0,0,0,0,0,0,0,0,0,0,0,14082,0,14082,1160884
2019-11-13,2019,11,13,port134,Beaumont,United States,USA,0,0,0,0,7,0,7,0,0,0,0,0,0,0,0,0,0,0,248777,0,248777,1160887
2019-11-14,2019,11,14,port134,Beaumont,United States,USA,1,1,0,0,1,2,3,0,64178,0,0,0,64178,64178,409,0,0,0,31771,409,32181,1160890
2019-11-15,2019,11,15,port134,Beaumont,United States,USA,0,0,0,1,2,1,3,0,0,0,0,0,0,0,0,0,0,0,62108,0,62108,1160893
2019-01-01,2019,1,1,port134,Beaumont,United States,USA,0,0,0,0,1,0,1,0,0,0,0,0,0,0,0,0,0,0,51505,0,51505,1160973
2019-01-02,2019,1,2,port134,Beaumont,United States,USA,0,0,1,1,6,2,8,0,0,0,0,982,0,982,0,0,15948,14296,144303,30245,174548,1160974
2019-01-03,2019,1,3,port134,Beaumont,United States,USA,0,1,0,0,1,1,2,0,0,0,0,982,0,982,0,20574,0,0,25406,20574,45980,1160975
2019-01-04,2019,1,4,port134,Beaumont,United States,USA,0,0,0,0,5,0,5,0,0,0,0,96936,0,96936,0,0,0,0,122962,0,122962,1160976
2019-01-05,2019,1,5,port134,Beaumont,United States,USA,0,1,0,0,2,1,3,0,0,0,0,0,0,0,0,0,0,0,11168,0,11168,1160977
2019-01-06,2019,1,6,port134,Beaumont,United States,USA,0,0,0,0,3,0,3,0,0,0,0,64187,0,64187,0,0,0,0,79585,0,79585,1160978
2019-01-07,2019,1,7,port134,Beaumont,United States,USA,0,2,0,0,1,2,3,0,16274,0,0,0,16274,16274,0,13153,0,0,14600,13153,27753,1160979
2019-01-08,2019,1,8,port134,Beaumont,United States,USA,0,0,0,0,7,0,7,0,0,0,0,44097,0,44097,0,0,0,0,373607,0,373607,1160980
2019-01-09,2019,1,9,port134,Beaumont,United States,USA,0,1,1,0,3,2,5,0,22021,10880,0,70937,32901,103839,0,0,0,0,53922,0,53922,1160981
2019-01-10,2019,1,10,port134,Beaumont,United States,USA,0,1,0,0,4,1,5,0,0,0,0,12107,0,12107,0,33109,0,0,121343,33109,154452,1160982
2019-01-11,2019,1,11,port134,Beaumont,United States,USA,0,0,0,0,4,0,4,0,0,0,0,80314,0,80314,0,0,0,0,78343,0,78343,1160983
2019-01-12,2019,1,12,port134,Beaumont,United States,USA,0,0,0,0,1,0,1,0,0,0,0,0,0,0,0,0,0,0,42111,0,42111,1160984
2019-01-13,2019,1,13,port134,Beaumont,United States,USA,0,0,1,0,7,1,8,0,0,689,0,29735,689,30424,0,0,0,0,281338,0,281338,1160985
2019-01-14,2019,1,14,port134,Beaumont,United States,USA,0,1,1,1,4,3,7,0,17576,0,0,19019,17576,36595,0,0,4958,2570,145534,7529,153063,1160986
2019-01-15,2019,1,15,port134,Beaumont,United States,USA,0,0,0,0,5,0,5,0,0,0,0,6064,0,6064,0,0,0,0,166585,0,166585,1160987
2019-01-16,2019,1,16,port134,Beaumont,United States,USA,0,0,0,0,4,0,4,0,0,0,0,0,0,0,0,0,0,0,71569,0,71569,1160988
2019-01-17,2019,1,17,port134,Beaumont,United States,USA,0,0,0,0,7,0,7,0,0,0,0,0,0,0,0,0,0,0,308884,0,308884,1160989
2019-01-18,2019,1,18,port134,Beaumont,United States,USA,0,0,0,0,1,0,1,0,0,0,0,0,0,0,0,0,0,0,42111,0,42111,1160990
2019-01-19,2019,1,19,port134,Beaumont,United States,USA,0,0,0,0,3,0,3,0,0,0,0,3933,0,3933,0,0,0,0,73071,0,73071,1160991
2019-01-20,2019,1,20,port134,Beaumont,United States,USA,0,0,0,0,0,0,0,0,0,0,0,0,0,0,0,0,0,0,0,0,0,1160992
2019-01-21,2019,1,21,port134,Beaumont,United States,USA,0,0,0,0,7,0,7,0,0,0,0,982,0,982,0,0,0,0,204463,0,204463,1160993
2019-01-22,2019,1,22,port134,Beaumont,United States,USA,0,0,0,0,1,0,1,0,0,0,0,0,0,0,0,0,0,0,49072,0,49072,1160994
2019-01-23,2019,1,23,port134,Beaumont,United States,USA,0,0,0,0,1,0,1,0,0,0,0,982,0,982,0,0,0,0,25406,0,25406,1160995
2019-01-24,2019,1,24,port134,Beaumont,United States,USA,0,0,0,0,9,0,9,0,0,0,0,75167,0,75167,0,0,0,0,217171,0,217171,1160996
2019-01-25,2019,1,25,port134,Beaumont,United States,USA,0,0,2,0,3,2,5,0,0,1310,0,0,1310,1310,0,0,0,0,14904,0,14904,1160997
2019-01-26,2019,1,26,port134,Beaumont,United States,USA,0,0,0,0,3,0,3,0,0,0,0,0,0,0,0,0,0,0,148976,0,148976,1160998
2019-01-27,2019,1,27,port134,Beaumont,United States,USA,0,0,0,1,3,1,4,0,0,0,0,74143,0,74143,0,0,0,0,111906,0,111906,1160999
2019-01-28,2019,1,28,port134,Beaumont,United States,USA,0,1,1,0,3,2,5,0,47187,7803,0,0,54991,54991,0,0,0,0,43757,0,43757,1161000
2019-01-29,2019,1,29,port134,Beaumont,United States,USA,0,0,0,0,1,0,1,0,0,0,0,0,0,0,0,0,0,0,0,0,0,1161001
2019-01-30,2019,1,30,port134,Beaumont,United States,USA,0,1,0,1,5,2,7,0,55128,0,0,89601,55128,144729,0,0,0,0,184198,0,184198,1161002
2019-01-31,2019,1,31,port134,Beaumont,United States,USA,0,0,1,0,0,1,1,0,0,0,0,0,0,0,0,0,10688,0,0,10688,10688,1161003
2019-02-01,2019,2,1,port134,Beaumont,United States,USA,0,0,1,0,1,1,2,0,0,0,0,982,0,982,0,0,0,0,25406,0,25406,1161004
2019-02-02,2019,2,2,port134,Beaumont,United States,USA,0,0,0,0,1,0,1,0,0,0,0,0,0,0,0,0,0,0,39885,0,39885,1161005
2019-02-03,2019,2,3,port134,Beaumont,United States,USA,0,0,0,0,0,0,0,0,0,0,0,0,0,0,0,0,0,0,0,0,0,1161006
2019-02-04,2019,2,4,port134,Beaumont,United States,USA,0,0,0,0,0,0,0,0,0,0,0,0,0,0,0,0,0,0,0,0,0,1161007
2019-02-05,2019,2,5,port134,Beaumont,United States,USA,0,0,0,0,0,0,0,0,0,0,0,0,0,0,0,0,0,0,0,0,0,1161008
2019-02-06,2019,2,6,port134,Beaumont,United States,USA,0,0,0,0,2,0,2,0,0,0,0,12107,0,12107,0,0,0,0,52296,0,52296,1161009
2019-02-07,2019,2,7,port134,Beaumont,United States,USA,0,0,0,0,0,0,0,0,0,0,0,0,0,0,0,0,0,0,0,0,0,1161010
2019-02-08,2019,2,8,port134,Beaumont,United States,USA,1,0,1,0,6,2,8,7909,0,5046,0,0,12955,12955,0,0,2011,0,281850,2011,283862,1161011
2019-02-09,2019,2,9,port134,Beaumont,United States,USA,0,2,0,0,7,2,9,0,2810,0,0,23712,2810,26523,0,63946,0,0,200484,63946,264431,1161012
2019-02-10,2019,2,10,port134,Beaumont,United States,USA,0,2,0,0,5,2,7,0,11716,0,0,14996,11716,26713,0,26325,0,0,229108,26325,255433,1161013
2019-02-11,2019,2,11,port134,Beaumont,United States,USA,0,0,0,0,0,0,0,0,0,0,0,0,0,0,0,0,0,0,0,0,0,1161014
2019-02-12,2019,2,12,port134,Beaumont,United States,USA,0,0,0,0,2,0,2,0,0,0,0,0,0,0,0,0,0,0,116365,0,116365,1161015
2019-02-13,2019,2,13,port134,Beaumont,United States,USA,0,0,0,0,3,0,3,0,0,0,0,5564,0,5564,0,0,0,0,151242,0,151242,1161016
2019-02-14,2019,2,14,port134,Beaumont,United States,USA,0,1,0,0,9,1,10,0,0,0,0,9319,0,9319,0,51177,0,0,278836,51177,330014,1161017
2019-02-15,2019,2,15,port134,Beaumont,United States,USA,0,0,0,0,4,0,4,0,0,0,0,0,0,0,0,0,0,0,91006,0,91006,1161018
2019-02-16,2019,2,16,port134,Beaumont,United States,USA,0,0,0,0,1,0,1,0,0,0,0,360,0,360,0,0,0,0,33337,0,33337,1161019
2019-02-17,2019,2,17,port134,Beaumont,United States,USA,0,0,0,0,0,0,0,0,0,0,0,0,0,0,0,0,0,0,0,0,0,1161020
2019-02-18,2019,2,18,port134,Beaumont,United States,USA,0,0,0,0,5,0,5,0,0,0,0,0,0,0,0,0,0,0,149999,0,149999,1161021
2019-02-19,2019,2,19,port134,Beaumont,United States,USA,0,1,0,0,7,1,8,0,0,0,0,0,0,0,0,37180,0,0,271094,37180,308275,1161022
2019-02-20,2019,2,20,port134,Beaumont,United States,USA,0,0,0,0,1,0,1,0,0,0,0,0,0,0,0,0,0,0,63408,0,63408,1161023
2019-02-21,2019,2,21,port134,Beaumont,United States,USA,0,1,0,1,5,2,7,0,0,0,8750,0,8750,8750,0,22543,0,0,98462,22543,121006,1161024
2019-02-22,2019,2,22,port134,Beaumont,United States,USA,0,0,0,0,0,0,0,0,0,0,0,0,0,0,0,0,0,0,0,0,0,1161025
2019-02-23,2019,2,23,port134,Beaumont,United States,USA,0,0,0,0,0,0,0,0,0,0,0,0,0,0,0,0,0,0,0,0,0,1161026
2019-02-24,2019,2,24,port134,Beaumont,United States,USA,0,0,0,0,3,0,3,0,0,0,0,982,0,982,0,0,0,0,168552,0,168552,1161027
2019-02-25,2019,2,25,port134,Beaumont,United States,USA,0,1,2,0,9,3,12,0,2810,10092,0,12107,12902,25009,0,22385,4023,0,302081,26409,328491,1161028
2019-02-26,2019,2,26,port134,Beaumont,United States,USA,0,0,0,0,2,0,2,0,0,0,0,0,0,0,0,0,0,0,20669,0,20669,1161029
2019-02-27,2019,2,27,port134,Beaumont,United States,USA,1,0,0,0,3,1,4,23963,0,0,0,360,23963,24324,0,0,0,0,48426,0,48426,1161030
2019-02-28,2019,2,28,port134,Beaumont,United States,USA,0,0,0,0,1,0,1,0,0,0,0,0,0,0,0,0,0,0,13564,0,13564,1161031
2019-03-01,2019,3,1,port134,Beaumont,United States,USA,0,0,0,0,4,0,4,0,0,0,0,12107,0,12107,0,0,0,0,115219,0,115219,1161032
2019-03-02,2019,3,2,port134,Beaumont,United States,USA,0,0,0,0,2,0,2,0,0,0,0,0,0,0,0,0,0,0,26171,0,26171,1161033
2019-03-03,2019,3,3,port134,Beaumont,United States,USA,0,0,0,0,2,0,2,0,0,0,0,0,0,0,0,0,0,0,35560,0,35560,1161034
2019-03-04,2019,3,4,port134,Beaumont,United States,USA,0,1,1,0,7,2,9,0,0,5046,0,0,5046,5046,0,22605,2011,0,270549,24617,295166,1161035
2019-03-05,2019,3,5,port134,Beaumont,United States,USA,0,0,0,0,4,0,4,0,0,0,0,5419,0,5419,0,0,0,0,17365,0,17365,1161036
2019-03-06,2019,3,6,port134,Beaumont,United States,USA,0,0,0,0,3,0,3,0,0,0,0,12107,0,12107,0,0,0,0,84583,0,84583,1161037
2019-03-07,2019,3,7,port134,Beaumont,United States,USA,0,0,0,1,3,1,4,0,0,0,515,0,515,515,0,0,0,0,102517,0,102517,1161038
2019-03-08,2019,3,8,port134,Beaumont,United States,USA,0,0,0,0,4,0,4,0,0,0,0,0,0,0,0,0,0,0,79846,0,79846,1161039
2019-03-09,2019,3,9,port134,Beaumont,United States,USA,0,0,0,0,2,0,2,0,0,0,0,0,0,0,0,0,0,0,131848,0,131848,1161040
2019-03-10,2019,3,10,port134,Beaumont,United States,USA,0,0,0,0,0,0,0,0,0,0,0,0,0,0,0,0,0,0,0,0,0,1161041
2019-03-11,2019,3,11,port134,Beaumont,United States,USA,0,0,0,0,0,0,0,0,0,0,0,0,0,0,0,0,0,0,0,0,0,1161042
2019-03-12,2019,3,12,port134,Beaumont,United States,USA,0,0,0,0,6,0,6,0,0,0,0,12107,0,12107,0,0,0,0,116662,0,116662,1161043
2019-03-13,2019,3,13,port134,Beaumont,United States,USA,0,0,1,0,2,1,3,0,0,234,0,0,234,234,0,0,0,0,121325,0,121325,1161044
2019-03-14,2019,3,14,port134,Beaumont,United States,USA,0,1,0,1,6,2,8,0,19315,0,0,22003,19315,41319,0,0,0,0,48267,0,48267,1161045
2019-03-15,2019,3,15,port134,Beaumont,United States,USA,0,0,1,0,3,1,4,0,0,16553,0,0,16553,16553,0,0,0,0,134518,0,134518,1161046
2019-03-16,2019,3,16,port134,Beaumont,United States,USA,0,0,1,0,6,1,7,0,0,5046,0,0,5046,5046,0,0,2011,0,216874,2011,218886,1161047
2019-03-17,2019,3,17,port134,Beaumont,United States,USA,0,1,0,0,4,1,5,0,0,0,0,12111,0,12111,0,47899,0,0,50824,47899,98723,1161048
2019-03-18,2019,3,18,port134,Beaumont,United States,USA,0,0,0,0,3,0,3,0,0,0,0,74680,0,74680,0,0,0,0,43966,0,43966,1161049
2019-03-19,2019,3,19,port134,Beaumont,United States,USA,0,0,0,0,8,0,8,0,0,0,0,43569,0,43569,0,0,0,0,270018,0,270018,1161050
2019-03-20,2019,3,20,port134,Beaumont,United States,USA,0,1,0,0,4,1,5,0,0,0,0,0,0,0,0,32297,0,0,220513,32297,252811,1161051
2019-03-21,2019,3,21,port134,Beaumont,United States,USA,0,0,0,0,5,0,5,0,0,0,0,43172,0,43172,0,0,0,0,75772,0,75772,1161052
2019-03-22,2019,3,22,port134,Beaumont,United States,USA,0,0,0,0,2,0,2,0,0,0,0,0,0,0,0,0,0,0,40879,0,40879,1161053
2019-03-23,2019,3,23,port134,Beaumont,United States,USA,0,0,0,0,7,0,7,0,0,0,0,0,0,0,0,0,0,0,393750,0,393750,1161054
2019-03-24,2019,3,24,port134,Beaumont,United States,USA,0,0,0,0,3,0,3,0,0,0,0,360,0,360,0,0,0,0,73595,0,73595,1161055
2019-03-25,2019,3,25,port134,Beaumont,United States,USA,1,0,1,0,2,2,4,0,0,15024,0,37163,15024,52187,0,0,0,0,0,0,0,1161056
2019-03-26,2019,3,26,port134,Beaumont,United States,USA,0,1,2,0,5,3,8,0,2810,12813,0,0,15624,15624,0,22385,826,0,155404,23212,178616,1161057
2019-03-27,2019,3,27,port134,Beaumont,United States,USA,0,0,0,0,4,0,4,0,0,0,0,0,0,0,0,0,0,0,120305,0,120305,1161058
2019-03-28,2019,3,28,port134,Beaumont,United States,USA,0,0,1,1,1,2,3,0,0,5046,793,0,5839,5839,0,0,2011,2256,40680,4268,44949,1161059
2019-03-29,2019,3,29,port134,Beaumont,United States,USA,0,1,0,0,5,1,6,0,0,0,0,12107,0,12107,0,36959,0,0,140877,36959,177837,1161060
2019-03-30,2019,3,30,port134,Beaumont,United States,USA,0,0,0,1,5,1,6,0,0,0,793,0,793,793,0,0,0,2256,181027,2256,183283,1161061
2019-03-31,2019,3,31,port134,Beaumont,United States,USA,0,0,0,0,2,0,2,0,0,0,0,0,0,0,0,0,0,0,6091,0,6091,1161062
2019-04-01,2019,4,1,port134,Beaumont,United States,USA,0,0,0,0,3,0,3,0,0,0,0,0,0,0,0,0,0,0,69168,0,69168,1161063
2019-04-02,2019,4,2,port134,Beaumont,United States,USA,0,0,0,0,3,0,3,0,0,0,0,360,0,360,0,0,0,0,70610,0,70610,1161064
2019-04-03,2019,4,3,port134,Beaumont,United States,USA,0,2,0,0,9,2,11,0,64178,0,0,43566,64178,107744,0,5144,0,0,274420,5144,279564,1161065
2019-04-04,2019,4,4,port134,Beaumont,United States,USA,0,0,1,0,4,1,5,0,0,0,0,0,0,0,0,0,6473,0,61025,6473,67498,1161066
2019-04-05,2019,4,5,port134,Beaumont,United States,USA,0,0,0,0,1,0,1,0,0,0,0,0,0,0,0,0,0,0,10411,0,10411,1161067
2019-04-06,2019,4,6,port134,Beaumont,United States,USA,0,0,0,0,0,0,0,0,0,0,0,0,0,0,0,0,0,0,0,0,0,1161068
2019-04-07,2019,4,7,port134,Beaumont,United States,USA,0,0,0,0,2,0,2,0,0,0,0,0,0,0,0,0,0,0,77186,0,77186,1161069
2019-04-08,2019,4,8,port134,Beaumont,United States,USA,0,0,1,2,6,3,9,0,0,13233,793,982,14027,15009,0,0,0,2256,149847,2256,152103,1161070
2019-04-09,2019,4,9,port134,Beaumont,United States,USA,0,1,1,0,1,2,3,0,2810,0,0,0,2810,2810,0,22385,2754,0,51208,25139,76348,1161071
2019-04-10,2019,4,10,port134,Beaumont,United States,USA,0,0,0,0,7,0,7,0,0,0,0,360,0,360,0,0,0,0,181302,0,181302,1161072
2019-04-11,2019,4,11,port134,Beaumont,United States,USA,0,1,0,0,3,1,4,0,0,0,0,0,0,0,0,31972,0,0,101040,31972,133013,1161073
2019-04-12,2019,4,12,port134,Beaumont,United States,USA,0,0,0,0,1,0,1,0,0,0,0,0,0,0,0,0,0,0,1563,0,1563,1161074
2019-04-13,2019,4,13,port134,Beaumont,United States,USA,0,0,0,0,6,0,6,0,0,0,0,79255,0,79255,0,0,0,0,303694,0,303694,1161075
2019-04-14,2019,4,14,port134,Beaumont,United States,USA,0,0,0,0,3,0,3,0,0,0,0,0,0,0,0,0,0,0,106992,0,106992,1161076
2019-04-15,2019,4,15,port134,Beaumont,United States,USA,0,0,0,0,4,0,4,0,0,0,0,0,0,0,0,0,0,0,135341,0,135341,1161077
2019-04-16,2019,4,16,port134,Beaumont,United States,USA,0,0,0,0,3,0,3,0,0,0,0,0,0,0,0,0,0,0,107424,0,107424,1161078
2019-04-17,2019,4,17,port134,Beaumont,United States,USA,0,0,0,0,5,0,5,0,0,0,0,982,0,982,0,0,0,0,291696,0,291696,1161079
2019-04-18,2019,4,18,port134,Beaumont,United States,USA,0,1,0,0,4,1,5,0,0,0,0,0,0,0,0,9449,0,0,127739,9449,137189,1161080
2019-04-19,2019,4,19,port134,Beaumont,United States,USA,0,1,0,0,1,1,2,0,64178,0,0,0,64178,64178,0,0,0,0,85751,0,85751,1161081
2019-04-20,2019,4,20,port134,Beaumont,United States,USA,0,1,2,0,5,3,8,0,0,12800,0,0,12800,12800,0,29714,0,0,282899,29714,312613,1161082
2019-04-21,2019,4,21,port134,Beaumont,United States,USA,0,0,0,0,4,0,4,0,0,0,0,0,0,0,0,0,0,0,94666,0,94666,1161083
2019-04-22,2019,4,22,port134,Beaumont,United States,USA,0,0,0,0,4,0,4,0,0,0,0,79244,0,79244,0,0,0,0,169637,0,169637,1161084
2019-04-23,2019,4,23,port134,Beaumont,United States,USA,0,0,0,0,5,0,5,0,0,0,0,0,0,0,0,0,0,0,125418,0,125418,1161085
2019-04-24,2019,4,24,port134,Beaumont,United States,USA,0,0,0,0,0,0,0,0,0,0,0,0,0,0,0,0,0,0,0,0,0,1161086
2019-04-25,2019,4,25,port134,Beaumont,United States,USA,0,0,0,0,5,0,5,0,0,0,0,0,0,0,0,0,0,0,183939,0,183939,1161087
2019-04-26,2019,4,26,port134,Beaumont,United States,USA,0,0,0,0,6,0,6,0,0,0,0,0,0,0,0,0,0,0,180449,0,180449,1161088
2019-04-27,2019,4,27,port134,Beaumont,United States,USA,0,1,0,1,3,2,5,0,0,0,793,982,793,1776,0,24804,0,2256,93889,27060,120949,1161089
2019-04-28,2019,4,28,port134,Beaumont,United States,USA,0,0,0,0,5,0,5,0,0,0,0,13449,0,13449,0,0,0,0,184711,0,184711,1161090
2019-04-29,2019,4,29,port134,Beaumont,United States,USA,0,1,0,0,4,1,5,0,0,0,0,14071,0,14071,0,31722,0,0,131262,31722,162985,1161091
2019-04-30,2019,4,30,port134,Beaumont,United States,USA,0,0,0,0,2,0,2,0,0,0,0,1783,0,1783,0,0,0,0,49934,0,49934,1161092
2019-05-01,2019,5,1,port134,Beaumont,United States,USA,0,0,1,1,4,2,6,0,0,13219,0,0,13219,13219,0,0,0,0,178756,0,178756,1161093
2019-05-02,2019,5,2,port134,Beaumont,United States,USA,0,0,0,0,1,0,1,0,0,0,0,0,0,0,0,0,0,0,74219,0,74219,1161094
2019-05-03,2019,5,3,port134,Beaumont,United States,USA,0,0,1,0,6,1,7,0,0,5046,0,31782,5046,36828,0,0,2011,0,116772,2011,118784,1161095
2019-05-04,2019,5,4,port134,Beaumont,United States,USA,0,0,1,0,3,1,4,0,0,5046,0,1780,5046,6826,0,0,2011,0,55909,2011,57920,1161096
2019-05-05,2019,5,5,port134,Beaumont,United States,USA,0,0,0,0,2,0,2,0,0,0,0,0,0,0,0,0,0,0,23494,0,23494,1161097
2019-05-06,2019,5,6,port134,Beaumont,United States,USA,0,0,0,0,3,0,3,0,0,0,0,77659,0,77659,0,0,0,0,114184,0,114184,1161098
2019-05-07,2019,5,7,port134,Beaumont,United States,USA,0,0,1,0,6,1,7,0,0,0,0,982,0,982,0,0,12825,0,98395,12825,111221,1161099
2019-05-08,2019,5,8,port134,Beaumont,United States,USA,0,0,0,0,5,0,5,0,0,0,0,0,0,0,0,0,0,0,207278,0,207278,1161100
2019-05-09,2019,5,9,port134,Beaumont,United States,USA,0,0,0,1,1,1,2,0,0,0,0,0,0,0,0,0,0,3071,13321,3071,16392,1161101
2019-05-10,2019,5,10,port134,Beaumont,United States,USA,0,1,0,0,2,1,3,0,2810,0,0,0,2810,2810,0,22385,0,0,79256,22385,101642,1161102
2019-05-11,2019,5,11,port134,Beaumont,United States,USA,0,0,0,0,5,0,5,0,0,0,0,982,0,982,0,0,0,0,168571,0,168571,1161103
2019-05-12,2019,5,12,port134,Beaumont,United States,USA,1,0,2,0,6,3,9,455,0,12800,0,982,13255,14238,0,0,0,0,199677,0,199677,1161104
2019-05-13,2019,5,13,port134,Beaumont,United States,USA,0,0,0,0,1,0,1,0,0,0,0,0,0,0,0,0,0,0,72230,0,72230,1161105
2019-05-14,2019,5,14,port134,Beaumont,United States,USA,0,0,0,0,4,0,4,0,0,0,0,12467,0,12467,0,0,0,0,192879,0,192879,1161106
2019-05-15,2019,5,15,port134,Beaumont,United States,USA,0,0,0,0,4,0,4,0,0,0,0,0,0,0,0,0,0,0,25136,0,25136,1161107
2019-05-16,2019,5,16,port134,Beaumont,United States,USA,0,0,0,0,7,0,7,0,0,0,0,0,0,0,0,0,0,0,171180,0,171180,1161108
2019-05-17,2019,5,17,port134,Beaumont,United States,USA,0,0,1,0,4,1,5,0,0,1499,0,0,1499,1499,0,0,0,0,90471,0,90471,1161109
2019-05-18,2019,5,18,port134,Beaumont,United States,USA,0,0,0,0,0,0,0,0,0,0,0,0,0,0,0,0,0,0,0,0,0,1161110
2019-05-19,2019,5,19,port134,Beaumont,United States,USA,0,0,0,0,4,0,4,0,0,0,0,0,0,0,0,0,0,0,129722,0,129722,1161111
2019-05-20,2019,5,20,port134,Beaumont,United States,USA,0,0,0,0,3,0,3,0,0,0,0,0,0,0,0,0,0,0,147085,0,147085,1161112
2019-05-21,2019,5,21,port134,Beaumont,United States,USA,0,1,1,0,5,2,7,0,0,5046,0,92098,5046,97144,0,28633,2011,0,154141,30645,184787,1161113
2019-05-22,2019,5,22,port134,Beaumont,United States,USA,0,0,0,0,4,0,4,0,0,0,0,0,0,0,0,0,0,0,126941,0,126941,1161114
2019-05-23,2019,5,23,port134,Beaumont,United States,USA,0,0,1,0,3,1,4,0,0,12800,0,0,12800,12800,0,0,0,0,201389,0,201389,1161115
2019-05-24,2019,5,24,port134,Beaumont,United States,USA,0,0,0,0,2,0,2,0,0,0,0,0,0,0,0,0,0,0,108115,0,108115,1161116
2019-05-25,2019,5,25,port134,Beaumont,United States,USA,0,0,0,0,7,0,7,0,0,0,0,45052,0,45052,0,0,0,0,45995,0,45995,1161117
2019-05-26,2019,5,26,port134,Beaumont,United States,USA,0,0,0,0,1,0,1,0,0,0,0,0,0,0,0,0,0,0,0,0,0,1161118
2019-05-27,2019,5,27,port134,Beaumont,United States,USA,0,0,1,0,3,1,4,0,0,1638,0,0,1638,1638,0,0,0,0,79204,0,79204,1161119
2019-05-28,2019,5,28,port134,Beaumont,United States,USA,0,0,0,0,4,0,4,0,0,0,0,360,0,360,0,0,0,0,70460,0,70460,1161120
2019-05-29,2019,5,29,port134,Beaumont,United States,USA,0,0,0,0,3,0,3,0,0,0,0,0,0,0,0,0,0,0,69590,0,69590,1161121
2019-05-30,2019,5,30,port134,Beaumont,United States,USA,0,0,0,0,5,0,5,0,0,0,0,982,0,982,0,0,0,0,223324,0,223324,1161122
2019-05-31,2019,5,31,port134,Beaumont,United States,USA,0,1,0,0,2,1,3,0,0,0,0,91054,0,91054,0,18774,0,0,15341,18774,34115,1161123
2019-06-01,2019,6,1,port134,Beaumont,United States,USA,0,1,2,0,4,3,7,0,0,12380,0,20316,12380,32697,0,12109,431,0,92316,12541,104857,1161124
2019-06-02,2019,6,2,port134,Beaumont,United States,USA,0,0,0,0,4,0,4,0,0,0,0,982,0,982,0,0,0,0,41558,0,41558,1161125
2019-06-03,2019,6,3,port134,Beaumont,United States,USA,0,0,0,0,2,0,2,0,0,0,0,0,0,0,0,0,0,0,91453,0,91453,1161126
2019-06-04,2019,6,4,port134,Beaumont,United States,USA,0,0,0,0,3,0,3,0,0,0,0,61612,0,61612,0,0,0,0,77787,0,77787,1161127
2019-06-05,2019,6,5,port134,Beaumont,United States,USA,0,1,0,0,3,1,4,0,0,0,0,0,0,0,0,14363,0,0,15765,14363,30129,1161128
2019-06-06,2019,6,6,port134,Beaumont,United States,USA,0,0,0,0,2,0,2,0,0,0,0,982,0,982,0,0,0,0,66881,0,66881,1161129
2019-06-07,2019,6,7,port134,Beaumont,United States,USA,0,0,0,1,6,1,7,0,0,0,793,0,793,793,0,0,0,2256,264916,2256,267172,1161130
2019-06-08,2019,6,8,port134,Beaumont,United States,USA,0,1,0,0,3,1,4,0,25166,0,0,1964,25166,27131,0,0,0,0,129516,0,129516,1161131
2019-06-09,2019,6,9,port134,Beaumont,United States,USA,0,1,0,0,3,1,4,0,64178,0,0,982,64178,65160,0,0,0,0,139533,0,139533,1161132
2019-06-10,2019,6,10,port134,Beaumont,United States,USA,0,0,0,1,4,1,5,0,0,0,0,0,0,0,0,0,0,0,158210,0,158210,1161133
2019-06-11,2019,6,11,port134,Beaumont,United States,USA,0,0,0,0,2,0,2,0,0,0,0,0,0,0,0,0,0,0,79889,0,79889,1161134
2019-06-12,2019,6,12,port134,Beaumont,United States,USA,0,1,1,0,6,2,8,0,0,12800,0,0,12800,12800,0,44548,0,0,226880,44548,271429,1161135
2019-06-13,2019,6,13,port134,Beaumont,United States,USA,0,0,0,0,4,0,4,0,0,0,0,12107,0,12107,0,0,0,0,175137,0,175137,1161136
2019-06-14,2019,6,14,port134,Beaumont,United States,USA,0,0,0,0,6,0,6,0,0,0,0,0,0,0,0,0,0,0,171509,0,171509,1161137
2019-06-15,2019,6,15,port134,Beaumont,United States,USA,0,0,1,0,2,1,3,0,0,5046,0,0,5046,5046,0,0,2011,0,9426,2011,11438,1161138
2019-06-16,2019,6,16,port134,Beaumont,United States,USA,0,0,0,0,5,0,5,0,0,0,0,88185,0,88185,0,0,0,0,135440,0,135440,1161139
2019-06-17,2019,6,17,port134,Beaumont,United States,USA,0,0,0,0,3,0,3,0,0,0,0,0,0,0,0,0,0,0,79714,0,79714,1161140
2019-06-18,2019,6,18,port134,Beaumont,United States,USA,0,0,0,0,3,0,3,0,0,0,0,41444,0,41444,0,0,0,0,22709,0,22709,1161141
2019-06-19,2019,6,19,port134,Beaumont,United States,USA,0,0,1,0,3,1,4,0,0,5046,0,28289,5046,33335,0,0,2011,0,0,2011,2011,1161142
2019-06-20,2019,6,20,port134,Beaumont,United States,USA,0,0,0,0,4,0,4,0,0,0,0,73365,0,73365,0,0,0,0,38604,0,38604,1161143
2019-06-21,2019,6,21,port134,Beaumont,United States,USA,0,0,0,0,4,0,4,0,0,0,0,0,0,0,0,0,0,0,123169,0,123169,1161144
2019-06-22,2019,6,22,port134,Beaumont,United States,USA,0,1,0,0,1,1,2,0,0,0,0,360,0,360,0,33304,0,0,33337,33304,66642,1161145
2019-06-23,2019,6,23,port134,Beaumont,United States,USA,0,0,0,0,6,0,6,0,0,0,0,0,0,0,0,0,0,0,278797,0,278797,1161146
2019-06-24,2019,6,24,port134,Beaumont,United States,USA,0,0,2,0,3,2,5,0,0,13233,0,0,13233,13233,0,0,0,0,162267,0,162267,1161147
2019-06-25,2019,6,25,port134,Beaumont,United States,USA,0,0,0,0,3,0,3,0,0,0,0,0,0,0,0,0,0,0,83897,0,83897,1161148
2019-06-26,2019,6,26,port134,Beaumont,United States,USA,0,0,0,0,2,0,2,0,0,0,0,3544,0,3544,0,0,0,0,3698,0,3698,1161149
2019-06-27,2019,6,27,port134,Beaumont,United States,USA,0,0,0,0,4,0,4,0,0,0,0,0,0,0,0,0,0,0,196775,0,196775,1161150
2019-06-28,2019,6,28,port134,Beaumont,United States,USA,0,0,0,0,3,0,3,0,0,0,0,0,0,0,0,0,0,0,79430,0,79430,1161151
2019-06-29,2019,6,29,port134,Beaumont,United States,USA,0,0,0,0,4,0,4,0,0,0,0,0,0,0,0,0,0,0,162937,0,162937,1161152
2019-06-30,2019,6,30,port134,Beaumont,United States,USA,0,0,0,0,2,0,2,0,0,0,0,0,0,0,0,0,0,0,82127,0,82127,1161153
2019-07-01,2019,7,1,port134,Beaumont,United States,USA,0,1,1,0,4,2,6,0,0,5046,0,0,5046,5046,0,11991,2011,0,143364,14003,157368,1161154
2019-07-02,2019,7,2,port134,Beaumont,United States,USA,0,0,0,0,7,0,7,0,0,0,0,73596,0,73596,0,0,0,0,151994,0,151994,1161155
2019-07-03,2019,7,3,port134,Beaumont,United States,USA,0,0,0,1,2,1,3,0,0,0,793,0,793,793,0,0,0,2256,39435,2256,41692,1161156
2019-07-04,2019,7,4,port134,Beaumont,United States,USA,0,0,0,0,5,0,5,0,0,0,0,982,0,982,0,0,0,0,215650,0,215650,1161157
2019-07-05,2019,7,5,port134,Beaumont,United States,USA,0,0,1,0,3,1,4,0,0,13233,0,0,13233,13233,0,0,0,0,128254,0,128254,1161158
2019-07-06,2019,7,6,port134,Beaumont,United States,USA,0,0,0,0,4,0,4,0,0,0,0,21335,0,21335,0,0,0,0,134719,0,134719,1161159
2019-07-07,2019,7,7,port134,Beaumont,United States,USA,0,0,0,0,5,0,5,0,0,0,0,31696,0,31696,0,0,0,0,163771,0,163771,1161160
2019-07-08,2019,7,8,port134,Beaumont,United States,USA,0,0,0,0,3,0,3,0,0,0,0,0,0,0,0,0,0,0,89050,0,89050,1161161
2019-07-09,2019,7,9,port134,Beaumont,United States,USA,0,0,0,0,5,0,5,0,0,0,0,0,0,0,0,0,0,0,94148,0,94148,1161162
2019-07-10,2019,7,10,port134,Beaumont,United States,USA,0,0,0,0,1,0,1,0,0,0,0,0,0,0,0,0,0,0,71366,0,71366,1161163
2019-07-11,2019,7,11,port134,Beaumont,United States,USA,0,0,0,0,0,0,0,0,0,0,0,0,0,0,0,0,0,0,0,0,0,1161164
2019-07-12,2019,7,12,port134,Beaumont,United States,USA,0,0,0,0,5,0,5,0,0,0,0,0,0,0,0,0,0,0,199301,0,199301,1161165
2019-07-13,2019,7,13,port134,Beaumont,United States,USA,0,0,0,0,4,0,4,0,0,0,0,982,0,982,0,0,0,0,198351,0,198351,1161166
2019-07-14,2019,7,14,port134,Beaumont,United States,USA,0,0,0,0,0,0,0,0,0,0,0,0,0,0,0,0,0,0,0,0,0,1161167
2019-07-15,2019,7,15,port134,Beaumont,United States,USA,0,0,0,0,2,0,2,0,0,0,0,12107,0,12107,0,0,0,0,39504,0,39504,1161168
2019-07-16,2019,7,16,port134,Beaumont,United States,USA,0,1,0,1,6,2,8,0,0,0,793,1964,793,2758,0,47772,0,2256,278902,50028,328931,1161169
2019-07-17,2019,7,17,port134,Beaumont,United States,USA,0,2,0,0,4,2,6,0,81720,0,0,0,81720,81720,0,0,0,0,69742,0,69742,1161170
2019-07-18,2019,7,18,port134,Beaumont,United States,USA,0,0,0,0,4,0,4,0,0,0,0,0,0,0,0,0,0,0,124222,0,124222,1161171
2019-07-19,2019,7,19,port134,Beaumont,United States,USA,0,0,1,0,1,1,2,0,0,12813,0,0,12813,12813,0,0,0,0,32038,0,32038,1161172
2019-07-20,2019,7,20,port134,Beaumont,United States,USA,0,0,0,0,6,0,6,0,0,0,0,0,0,0,0,0,0,0,171324,0,171324,1161173
2019-07-21,2019,7,21,port134,Beaumont,United States,USA,0,0,1,0,6,1,7,0,0,0,0,12107,0,12107,0,0,5526,0,96703,5526,102230,1161174
2019-07-22,2019,7,22,port134,Beaumont,United States,USA,0,0,0,0,5,0,5,0,0,0,0,927,0,927,0,0,0,0,258363,0,258363,1161175
2019-07-23,2019,7,23,port134,Beaumont,United States,USA,0,0,0,0,2,0,2,0,0,0,0,982,0,982,0,0,0,0,105038,0,105038,1161176
2019-07-24,2019,7,24,port134,Beaumont,United States,USA,0,0,0,0,4,0,4,0,0,0,0,982,0,982,0,0,0,0,130279,0,130279,1161177
2019-07-25,2019,7,25,port134,Beaumont,United States,USA,0,0,0,0,6,0,6,0,0,0,0,982,0,982,0,0,0,0,212601,0,212601,1161178
2019-07-26,2019,7,26,port134,Beaumont,United States,USA,0,0,1,0,1,1,2,0,0,13972,0,0,13972,13972,0,0,0,0,76312,0,76312,1161179
2019-07-27,2019,7,27,port134,Beaumont,United States,USA,0,0,0,0,1,0,1,0,0,0,0,0,0,0,0,0,0,0,66756,0,66756,1161180
2019-07-28,2019,7,28,port134,Beaumont,United States,USA,0,0,0,0,4,0,4,0,0,0,0,0,0,0,0,0,0,0,135087,0,135087,1161181
2019-07-29,2019,7,29,port134,Beaumont,United States,USA,0,1,0,0,3,1,4,0,0,0,0,0,0,0,0,31972,0,0,101287,31972,133259,1161182
2019-07-30,2019,7,30,port134,Beaumont,United States,USA,0,1,1,0,4,2,6,0,0,12813,0,0,12813,12813,0,30040,0,0,121984,30040,152024,1161183
2019-07-31,2019,7,31,port134,Beaumont,United States,USA,0,0,0,0,4,0,4,0,0,0,0,18600,0,18600,0,0,0,0,78636,0,78636,1161184
2019-08-01,2019,8,1,port134,Beaumont,United States,USA,0,0,1,0,3,1,4,0,0,0,0,0,0,0,0,0,0,0,37168,0,37168,1161185
2019-08-02,2019,8,2,port134,Beaumont,United States,USA,0,0,0,0,4,0,4,0,0,0,0,12107,0,12107,0,0,0,0,51689,0,51689,1161186
2019-08-03,2019,8,3,port134,Beaumont,United States,USA,0,0,1,0,4,1,5,0,0,2169,0,360,2169,2530,0,0,0,0,146331,0,146331,1161187
2019-08-04,2019,8,4,port134,Beaumont,United States,USA,0,0,0,0,2,0,2,0,0,0,0,0,0,0,0,0,0,0,46560,0,46560,1161188
2019-08-05,2019,8,5,port134,Beaumont,United States,USA,0,0,0,0,4,0,4,0,0,0,0,78459,0,78459,0,0,0,0,123704,0,123704,1161189
2019-08-06,2019,8,6,port134,Beaumont,United States,USA,0,0,0,1,5,1,6,0,0,0,2057,0,2057,2057,0,0,0,0,148985,0,148985,1161190
2019-08-07,2019,8,7,port134,Beaumont,United States,USA,0,0,0,0,3,0,3,0,0,0,0,0,0,0,0,0,0,0,23754,0,23754,1161191
2019-08-08,2019,8,8,port134,Beaumont,United States,USA,0,0,0,0,4,0,4,0,0,0,0,0,0,0,0,0,0,0,173513,0,173513,1161192
2019-08-09,2019,8,9,port134,Beaumont,United States,USA,1,0,0,0,4,1,5,1016,0,0,0,0,1016,1016,204,0,0,0,184376,204,184580,1161193
2019-08-10,2019,8,10,port134,Beaumont,United States,USA,0,0,1,0,3,1,4,0,0,11960,0,6747,11960,18708,0,0,0,0,106413,0,106413,1161194
2019-08-11,2019,8,11,port134,Beaumont,United States,USA,0,0,1,0,4,1,5,0,0,1609,0,0,1609,1609,0,0,0,0,98855,0,98855,1161195
2019-08-12,2019,8,12,port134,Beaumont,United States,USA,0,0,0,0,3,0,3,0,0,0,0,0,0,0,0,0,0,0,123441,0,123441,1161196
2019-08-13,2019,8,13,port134,Beaumont,United States,USA,0,0,0,0,2,0,2,0,0,0,0,0,0,0,0,0,0,0,12009,0,12009,1161197
2019-08-14,2019,8,14,port134,Beaumont,United States,USA,0,0,0,0,2,0,2,0,0,0,0,0,0,0,0,0,0,0,27908,0,27908,1161198
2019-08-15,2019,8,15,port134,Beaumont,United States,USA,0,0,0,0,1,0,1,0,0,0,0,0,0,0,0,0,0,0,35717,0,35717,1161199
2019-08-16,2019,8,16,port134,Beaumont,United States,USA,0,0,0,0,5,0,5,0,0,0,0,0,0,0,0,0,0,0,189712,0,189712,1161200
2019-08-17,2019,8,17,port134,Beaumont,United States,USA,0,0,0,0,3,0,3,0,0,0,0,3535,0,3535,0,0,0,0,129679,0,129679,1161201
2019-08-18,2019,8,18,port134,Beaumont,United States,USA,0,1,0,0,4,1,5,0,0,0,0,982,0,982,0,16781,0,0,203123,16781,219905,1161202
2019-08-19,2019,8,19,port134,Beaumont,United States,USA,0,0,0,0,0,0,0,0,0,0,0,0,0,0,0,0,0,0,0,0,0,1161203
2019-08-20,2019,8,20,port134,Beaumont,United States,USA,0,0,2,0,2,2,4,0,0,12380,0,76441,12380,88822,0,0,20409,0,40680,20409,61089,1161204
2019-08-21,2019,8,21,port134,Beaumont,United States,USA,0,0,0,1,3,1,4,0,0,0,793,0,793,793,0,0,0,2256,101635,2256,103891,1161205
2019-08-22,2019,8,22,port134,Beaumont,United States,USA,0,0,1,0,5,1,6,0,0,1974,0,12107,1974,14081,0,0,0,0,196998,0,196998,1161206
2019-08-23,2019,8,23,port134,Beaumont,United States,USA,0,0,0,0,2,0,2,0,0,0,0,0,0,0,0,0,0,0,61120,0,61120,1161207
2019-08-24,2019,8,24,port134,Beaumont,United States,USA,0,0,0,0,4,0,4,0,0,0,0,0,0,0,0,0,0,0,91952,0,91952,1161208
2019-08-25,2019,8,25,port134,Beaumont,United States,USA,0,0,0,1,4,1,5,0,0,0,0,0,0,0,0,0,0,16469,180019,16469,196488,1161209
2019-08-26,2019,8,26,port134,Beaumont,United States,USA,0,0,0,0,5,0,5,0,0,0,0,1964,0,1964,0,0,0,0,129842,0,129842,1161210
2019-08-27,2019,8,27,port134,Beaumont,United States,USA,0,0,0,0,0,0,0,0,0,0,0,0,0,0,0,0,0,0,0,0,0,1161211
2019-08-28,2019,8,28,port134,Beaumont,United States,USA,0,0,0,0,3,0,3,0,0,0,0,68758,0,68758,0,0,0,0,131381,0,131381,1161212
2019-08-29,2019,8,29,port134,Beaumont,United States,USA,0,0,0,0,6,0,6,0,0,0,0,23284,0,23284,0,0,0,0,154975,0,154975,1161213
2019-08-30,2019,8,30,port134,Beaumont,United States,USA,0,1,1,0,3,2,5,0,0,12393,0,0,12393,12393,0,27876,0,0,27396,27876,55272,1161214
2019-08-31,2019,8,31,port134,Beaumont,United States,USA,0,0,0,0,2,0,2,0,0,0,0,0,0,0,0,0,0,0,44033,0,44033,1161215
2019-09-01,2019,9,1,port134,Beaumont,United States,USA,0,0,0,0,4,0,4,0,0,0,0,0,0,0,0,0,0,0,146461,0,146461,1161216
2019-09-02,2019,9,2,port134,Beaumont,United States,USA,0,0,0,0,2,0,2,0,0,0,0,0,0,0,0,0,0,0,46581,0,46581,1161217
2019-09-03,2019,9,3,port134,Beaumont,United States,USA,0,0,0,0,2,0,2,0,0,0,0,0,0,0,0,0,0,0,86331,0,86331,1161218
2019-09-04,2019,9,4,port134,Beaumont,United States,USA,0,1,0,0,5,1,6,0,0,0,0,0,0,0,0,33531,0,0,219835,33531,253366,1161219
2019-09-05,2019,9,5,port134,Beaumont,United States,USA,0,0,0,0,1,0,1,0,0,0,0,0,0,0,0,0,0,0,33206,0,33206,1161220
2019-09-06,2019,9,6,port134,Beaumont,United States,USA,0,0,0,0,3,0,3,0,0,0,0,12107,0,12107,0,0,0,0,105621,0,105621,1161221
2019-09-07,2019,9,7,port134,Beaumont,United States,USA,0,0,1,0,2,1,3,0,0,5046,0,0,5046,5046,0,0,2011,0,55313,2011,57325,1161222
2019-09-08,2019,9,8,port134,Beaumont,United States,USA,0,0,0,1,6,1,7,0,0,0,515,45661,515,46176,0,0,0,0,148594,0,148594,1161223
2019-09-09,2019,9,9,port134,Beaumont,United States,USA,0,0,1,0,4,1,5,0,0,0,0,75656,0,75656,0,0,0,0,44065,0,44065,1161224
2019-09-10,2019,9,10,port134,Beaumont,United States,USA,0,0,1,0,6,1,7,0,0,218,0,13089,218,13307,0,0,29,0,233435,29,233464,1161225
2019-09-11,2019,9,11,port134,Beaumont,United States,USA,0,0,1,0,0,1,1,0,0,12393,0,0,12393,12393,0,0,0,0,0,0,0,1161226
2019-09-12,2019,9,12,port134,Beaumont,United States,USA,0,0,0,0,2,0,2,0,0,0,0,24214,0,24214,0,0,0,0,79009,0,79009,1161227
2019-09-13,2019,9,13,port134,Beaumont,United States,USA,0,0,0,0,2,0,2,0,0,0,0,0,0,0,0,0,0,0,95088,0,95088,1161228
2019-09-14,2019,9,14,port134,Beaumont,United States,USA,0,1,0,0,3,1,4,0,0,0,0,982,0,982,0,29893,0,0,35606,29893,65500,1161229
2019-09-15,2019,9,15,port134,Beaumont,United States,USA,0,2,0,0,2,2,4,0,0,0,0,0,0,0,0,16791,0,0,58047,16791,74838,1161230
2019-09-16,2019,9,16,port134,Beaumont,United States,USA,1,0,0,0,2,1,3,1016,0,0,0,0,1016,1016,204,0,0,0,50483,204,50688,1161231
2019-09-17,2019,9,17,port134,Beaumont,United States,USA,0,0,0,0,4,0,4,0,0,0,0,0,0,0,0,0,0,0,151543,0,151543,1161232
2019-09-18,2019,9,18,port134,Beaumont,United States,USA,0,0,0,0,1,0,1,0,0,0,0,0,0,0,0,0,0,0,4654,0,4654,1161233
2019-09-19,2019,9,19,port134,Beaumont,United States,USA,0,0,0,0,1,0,1,0,0,0,0,0,0,0,0,0,0,0,19993,0,19993,1161234
2019-09-20,2019,9,20,port134,Beaumont,United States,USA,0,0,0,0,1,0,1,0,0,0,0,0,0,0,0,0,0,0,67115,0,67115,1161235
2019-09-21,2019,9,21,port134,Beaumont,United States,USA,0,0,0,1,1,1,2,0,0,0,0,0,0,0,0,0,0,0,10393,0,10393,1161236
2019-09-22,2019,9,22,port134,Beaumont,United States,USA,0,0,0,0,5,0,5,0,0,0,0,0,0,0,0,0,0,0,177114,0,177114,1161237
2019-09-23,2019,9,23,port134,Beaumont,United States,USA,0,0,0,0,2,0,2,0,0,0,0,0,0,0,0,0,0,0,36597,0,36597,1161238
2019-09-24,2019,9,24,port134,Beaumont,United States,USA,0,0,0,0,2,0,2,0,0,0,0,0,0,0,0,0,0,0,55140,0,55140,1161239
2019-09-25,2019,9,25,port134,Beaumont,United States,USA,0,0,1,0,5,1,6,0,0,12393,0,0,12393,12393,0,0,0,0,212758,0,212758,1161240
2019-09-26,2019,9,26,port134,Beaumont,United States,USA,0,0,0,1,4,1,5,0,0,0,0,982,0,982,0,0,0,0,121225,0,121225,1161241
2019-09-27,2019,9,27,port134,Beaumont,United States,USA,0,1,0,0,2,1,3,0,0,0,0,62748,0,62748,0,31709,0,0,33063,31709,64773,1161242
2019-09-28,2019,9,28,port134,Beaumont,United States,USA,0,0,0,0,2,0,2,0,0,0,0,0,0,0,0,0,0,0,59888,0,59888,1161243
2019-09-29,2019,9,29,port134,Beaumont,United States,USA,0,0,1,1,4,2,6,0,0,0,0,1861,0,1861,0,0,0,0,58096,0,58096,1161244
2019-09-30,2019,9,30,port134,Beaumont,United States,USA,0,0,0,0,1,0,1,0,0,0,0,982,0,982,0,0,0,0,25406,0,25406,1161245
2019-10-01,2019,10,1,port134,Beaumont,United States,USA,0,0,0,0,4,0,4,0,0,0,0,0,0,0,0,0,0,0,47629,0,47629,1161246
2019-10-02,2019,10,2,port134,Beaumont,United States,USA,0,0,0,1,2,1,3,0,0,0,0,982,0,982,0,0,0,0,105405,0,105405,1161247
2019-10-03,2019,10,3,port134,Beaumont,United States,USA,0,0,2,0,1,2,3,0,0,218,0,0,218,218,0,0,5441,0,38718,5441,44160,1161248
2019-10-04,2019,10,4,port134,Beaumont,United States,USA,0,0,0,0,2,0,2,0,0,0,0,0,0,0,0,0,0,0,15667,0,15667,1161249
2019-10-05,2019,10,5,port134,Beaumont,United States,USA,0,0,0,0,9,0,9,0,0,0,0,12107,0,12107,0,0,0,0,396254,0,396254,1161250
2019-10-06,2019,10,6,port134,Beaumont,United States,USA,0,0,1,0,0,1,1,0,0,12813,0,0,12813,12813,0,0,0,0,0,0,0,1161251
2019-10-07,2019,10,7,port134,Beaumont,United States,USA,0,0,0,1,4,1,5,0,0,0,0,0,0,0,0,0,0,0,74941,0,74941,1161252
2019-10-08,2019,10,8,port134,Beaumont,United States,USA,0,1,0,0,3,1,4,0,0,0,0,0,0,0,0,33727,0,0,124916,33727,158643,1161253
2019-10-09,2019,10,9,port134,Beaumont,United States,USA,0,0,0,0,3,0,3,0,0,0,0,0,0,0,0,0,0,0,10781,0,10781,1161254
2019-10-10,2019,10,10,port134,Beaumont,United States,USA,0,0,0,0,6,0,6,0,0,0,0,15269,0,15269,0,0,0,0,101888,0,101888,1161255
2019-10-11,2019,10,11,port134,Beaumont,United States,USA,0,0,0,0,6,0,6,0,0,0,0,12107,0,12107,0,0,0,0,182750,0,182750,1161256
2019-10-12,2019,10,12,port134,Beaumont,United States,USA,0,0,0,1,0,1,1,0,0,0,1658,0,1658,1658,0,0,0,1849,0,1849,1849,1161257
2019-10-13,2019,10,13,port134,Beaumont,United States,USA,0,0,0,0,4,0,4,0,0,0,0,12107,0,12107,0,0,0,0,58017,0,58017,1161258
2019-10-14,2019,10,14,port134,Beaumont,United States,USA,0,0,0,0,3,0,3,0,0,0,0,56369,0,56369,0,0,0,0,54504,0,54504,1161259
2019-10-15,2019,10,15,port134,Beaumont,United States,USA,0,1,0,1,4,2,6,0,0,0,0,78460,0,78460,0,32824,0,0,67489,32824,100313,1161260
2019-10-16,2019,10,16,port134,Beaumont,United States,USA,0,0,0,1,1,1,2,0,0,0,793,0,793,793,0,0,0,2256,39793,2256,42049,1161261
2019-11-16,2019,11,16,port134,Beaumont,United States,USA,0,0,1,0,6,1,7,0,0,1215,0,0,1215,1215,0,0,0,0,171601,0,171601,1161578
2019-11-17,2019,11,17,port134,Beaumont,United States,USA,0,0,0,0,2,0,2,0,0,0,0,74091,0,74091,0,0,0,0,37290,0,37290,1161579
2019-11-18,2019,11,18,port134,Beaumont,United States,USA,0,0,1,0,3,1,4,0,0,0,0,0,0,0,0,0,232,0,171601,232,171834,1161580
2019-11-19,2019,11,19,port134,Beaumont,United States,USA,0,0,0,0,0,0,0,0,0,0,0,0,0,0,0,0,0,0,0,0,0,1161581
2019-11-20,2019,11,20,port134,Beaumont,United States,USA,0,0,0,0,3,0,3,0,0,0,0,0,0,0,0,0,0,0,83986,0,83986,1161582
2019-11-21,2019,11,21,port134,Beaumont,United States,USA,0,0,0,0,3,0,3,0,0,0,0,0,0,0,0,0,0,0,98278,0,98278,1161583
2019-11-22,2019,11,22,port134,Beaumont,United States,USA,0,1,0,0,5,1,6,0,2810,0,0,78435,2810,81246,0,22385,0,0,207635,22385,230020,1161584
2019-11-23,2019,11,23,port134,Beaumont,United States,USA,0,0,0,0,2,0,2,0,0,0,0,99948,0,99948,0,0,0,0,17627,0,17627,1161585
2019-11-24,2019,11,24,port134,Beaumont,United States,USA,0,1,1,0,4,2,6,0,2810,420,0,0,3230,3230,0,22385,0,0,255801,22385,278187,1161586
2019-11-25,2019,11,25,port134,Beaumont,United States,USA,0,0,0,1,0,1,1,0,0,0,0,0,0,0,0,0,0,0,0,0,0,1161587
2019-11-26,2019,11,26,port134,Beaumont,United States,USA,0,0,1,0,2,1,3,0,0,0,0,0,0,0,0,0,0,0,42434,0,42434,1161588
2019-11-27,2019,11,27,port134,Beaumont,United States,USA,0,0,0,0,4,0,4,0,0,0,0,75982,0,75982,0,0,0,0,50812,0,50812,1161589
2019-11-28,2019,11,28,port134,Beaumont,United States,USA,0,0,0,0,0,0,0,0,0,0,0,0,0,0,0,0,0,0,0,0,0,1161590
2019-11-29,2019,11,29,port134,Beaumont,United States,USA,0,0,0,0,0,0,0,0,0,0,0,0,0,0,0,0,0,0,0,0,0,1161591
2019-11-30,2019,11,30,port134,Beaumont,United States,USA,0,0,1,0,3,1,4,0,0,0,0,12107,0,12107,0,0,419,0,199164,419,199583,1161592
2019-12-01,2019,12,1,port134,Beaumont,United States,USA,0,1,0,0,4,1,5,0,0,0,0,1060,0,1060,0,29784,0,0,62587,29784,92371,1161593
2019-12-02,2019,12,2,port134,Beaumont,United States,USA,0,1,0,0,5,1,6,0,47187,0,0,47126,47187,94313,0,0,0,0,182633,0,182633,1161594
2019-12-03,2019,12,3,port134,Beaumont,United States,USA,0,0,0,0,2,0,2,0,0,0,0,0,0,0,0,0,0,0,79502,0,79502,1161595
2019-12-04,2019,12,4,port134,Beaumont,United States,USA,0,0,0,1,4,1,5,0,0,0,793,0,793,793,0,0,0,2256,133282,2256,135538,1161596
2019-12-05,2019,12,5,port134,Beaumont,United States,USA,0,0,0,0,2,0,2,0,0,0,0,0,0,0,0,0,0,0,154250,0,154250,1161597
2019-12-06,2019,12,6,port134,Beaumont,United States,USA,0,0,0,2,1,2,3,0,0,0,793,0,793,793,0,0,0,2256,65260,2256,67516,1161598
2019-12-07,2019,12,7,port134,Beaumont,United States,USA,0,0,0,0,6,0,6,0,0,0,0,0,0,0,0,0,0,0,83118,0,83118,1161599
2019-12-08,2019,12,8,port134,Beaumont,United States,USA,0,0,0,0,2,0,2,0,0,0,0,982,0,982,0,0,0,0,53126,0,53126,1161600
2019-12-09,2019,12,9,port134,Beaumont,United States,USA,0,1,0,0,2,1,3,0,50893,0,0,0,50893,50893,0,0,0,0,177967,0,177967,1161601
2019-12-10,2019,12,10,port134,Beaumont,United States,USA,0,0,0,0,0,0,0,0,0,0,0,0,0,0,0,0,0,0,0,0,0,1161602
2019-12-11,2019,12,11,port134,Beaumont,United States,USA,0,0,0,0,2,0,2,0,0,0,0,12107,0,12107,0,0,0,0,75334,0,75334,1161603
2019-12-12,2019,12,12,port134,Beaumont,United States,USA,0,0,0,0,2,0,2,0,0,0,0,982,0,982,0,0,0,0,76811,0,76811,1161604
2019-12-13,2019,12,13,port134,Beaumont,United States,USA,0,0,0,0,3,0,3,0,0,0,0,1964,0,1964,0,0,0,0,66262,0,66262,1161605
2019-12-14,2019,12,14,port134,Beaumont,United States,USA,0,0,0,0,4,0,4,0,0,0,0,24214,0,24214,0,0,0,0,156947,0,156947,1161606
2019-12-15,2019,12,15,port134,Beaumont,United States,USA,0,0,0,0,2,0,2,0,0,0,0,982,0,982,0,0,0,0,40812,0,40812,1161607
2019-12-16,2019,12,16,port134,Beaumont,United States,USA,0,1,1,0,2,2,4,0,0,1860,0,13089,1860,14949,0,46645,0,0,64910,46645,111556,1161608
2019-12-17,2019,12,17,port134,Beaumont,United States,USA,0,0,0,0,1,0,1,0,0,0,0,360,0,360,0,0,0,0,33337,0,33337,1161609
2019-12-18,2019,12,18,port134,Beaumont,United States,USA,0,2,0,0,5,2,7,0,49998,0,0,25196,49998,75195,0,22385,0,0,185182,22385,207567,1161610
2019-12-19,2019,12,19,port134,Beaumont,United States,USA,0,0,0,0,3,0,3,0,0,0,0,982,0,982,0,0,0,0,137620,0,137620,1161611
2019-12-20,2019,12,20,port134,Beaumont,United States,USA,0,0,0,0,3,0,3,0,0,0,0,0,0,0,0,0,0,0,130361,0,130361,1161612
2019-12-21,2019,12,21,port134,Beaumont,United States,USA,0,0,0,0,4,0,4,0,0,0,0,12107,0,12107,0,0,0,0,150473,0,150473,1161613
2019-12-22,2019,12,22,port134,Beaumont,United States,USA,0,0,0,0,5,0,5,0,0,0,0,15054,0,15054,0,0,0,0,123641,0,123641,1161614
2019-12-23,2019,12,23,port134,Beaumont,United States,USA,0,0,0,0,5,0,5,0,0,0,0,82698,0,82698,0,0,0,0,128911,0,128911,1161615
2019-12-24,2019,12,24,port134,Beaumont,United States,USA,0,1,0,0,3,1,4,0,2810,0,0,1342,2810,4153,0,22385,0,0,59138,22385,81523,1161616
2019-12-25,2019,12,25,port134,Beaumont,United States,USA,0,0,0,0,2,0,2,0,0,0,0,982,0,982,0,0,0,0,42127,0,42127,1161617
2019-12-26,2019,12,26,port134,Beaumont,United States,USA,0,0,0,0,2,0,2,0,0,0,0,982,0,982,0,0,0,0,36896,0,36896,1161618
2019-12-27,2019,12,27,port134,Beaumont,United States,USA,0,0,0,0,0,0,0,0,0,0,0,0,0,0,0,0,0,0,0,0,0,1161619
2019-12-28,2019,12,28,port134,Beaumont,United States,USA,0,0,0,0,0,0,0,0,0,0,0,0,0,0,0,0,0,0,0,0,0,1161620
2019-12-29,2019,12,29,port134,Beaumont,United States,USA,0,0,0,0,4,0,4,0,0,0,0,0,0,0,0,0,0,0,240985,0,240985,1161621
2019-12-30,2019,12,30,port134,Beaumont,United States,USA,0,0,1,0,5,1,6,0,0,11323,0,14071,11323,25395,0,0,0,0,122370,0,122370,1161622
2019-12-31,2019,12,31,port134,Beaumont,United States,USA,0,0,0,0,1,0,1,0,0,0,0,0,0,0,0,0,0,0,37114,0,37114,1161623
2020-01-01,2020,1,1,port134,Beaumont,United States,USA,0,0,0,0,3,0,3,0,0,0,0,12428,0,12428,0,0,0,0,39504,0,39504,1161624
2020-01-02,2020,1,2,port134,Beaumont,United States,USA,0,1,0,0,5,1,6,0,0,0,0,982,0,982,0,6940,0,0,198261,6940,205201,1161625
2020-01-03,2020,1,3,port134,Beaumont,United States,USA,0,0,0,0,4,0,4,0,0,0,0,0,0,0,0,0,0,0,57715,0,57715,1161626
2020-01-04,2020,1,4,port134,Beaumont,United States,USA,0,0,0,0,1,0,1,0,0,0,0,0,0,0,0,0,0,0,14378,0,14378,1161627
2020-01-05,2020,1,5,port134,Beaumont,United States,USA,0,0,0,0,3,0,3,0,0,0,0,0,0,0,0,0,0,0,72079,0,72079,1161628
2020-01-06,2020,1,6,port134,Beaumont,United States,USA,0,0,0,1,2,1,3,0,0,0,1658,12107,1658,13765,0,0,0,1849,88387,1849,90236,1161629
2020-01-07,2020,1,7,port134,Beaumont,United States,USA,0,0,0,0,2,0,2,0,0,0,0,0,0,0,0,0,0,0,125971,0,125971,1161630
2020-01-08,2020,1,8,port134,Beaumont,United States,USA,0,0,0,0,2,0,2,0,0,0,0,0,0,0,0,0,0,0,53176,0,53176,1161631
2020-01-09,2020,1,9,port134,Beaumont,United States,USA,0,0,0,0,1,0,1,0,0,0,0,0,0,0,0,0,0,0,56466,0,56466,1161632
2020-01-10,2020,1,10,port134,Beaumont,United States,USA,0,1,2,0,5,3,8,0,49484,10092,0,6174,59576,65750,0,0,4023,0,249163,4023,253187,1161633
2020-01-11,2020,1,11,port134,Beaumont,United States,USA,0,0,0,0,2,0,2,0,0,0,0,0,0,0,0,0,0,0,16844,0,16844,1161634
2020-01-12,2020,1,12,port134,Beaumont,United States,USA,0,0,0,0,5,0,5,0,0,0,0,13089,0,13089,0,0,0,0,208358,0,208358,1161635
2020-01-13,2020,1,13,port134,Beaumont,United States,USA,0,0,0,0,2,0,2,0,0,0,0,982,0,982,0,0,0,0,36896,0,36896,1161636
2020-01-14,2020,1,14,port134,Beaumont,United States,USA,0,0,0,0,1,0,1,0,0,0,0,0,0,0,0,0,0,0,48882,0,48882,1161637
2020-01-15,2020,1,15,port134,Beaumont,United States,USA,0,0,0,0,3,0,3,0,0,0,0,69787,0,69787,0,0,0,0,47927,0,47927,1161638
2020-01-16,2020,1,16,port134,Beaumont,United States,USA,0,0,0,0,0,0,0,0,0,0,0,0,0,0,0,0,0,0,0,0,0,1161639
2020-01-17,2020,1,17,port134,Beaumont,United States,USA,0,0,0,1,2,1,3,0,0,0,0,0,0,0,0,0,0,515,108798,515,109314,1161640
2020-01-18,2020,1,18,port134,Beaumont,United States,USA,0,1,1,0,2,2,4,0,0,0,0,0,0,0,0,5489,0,0,51232,5489,56721,1161641
2020-01-19,2020,1,19,port134,Beaumont,United States,USA,0,0,0,0,5,0,5,0,0,0,0,26027,0,26027,0,0,0,0,171282,0,171282,1161642
2020-01-20,2020,1,20,port134,Beaumont,United States,USA,0,0,0,0,4,0,4,0,0,0,0,45150,0,45150,0,0,0,0,217875,0,217875,1161643
2020-01-21,2020,1,21,port134,Beaumont,United States,USA,0,0,1,0,3,1,4,0,0,0,0,0,0,0,0,0,0,0,135463,0,135463,1161644
2020-01-22,2020,1,22,port134,Beaumont,United States,USA,0,0,0,0,6,0,6,0,0,0,0,1327,0,1327,0,0,0,0,80322,0,80322,1161645
2020-01-23,2020,1,23,port134,Beaumont,United States,USA,0,0,1,0,0,1,1,0,0,0,0,0,0,0,0,0,0,0,0,0,0,1161646
2020-01-24,2020,1,24,port134,Beaumont,United States,USA,0,0,0,0,8,0,8,0,0,0,0,78207,0,78207,0,0,0,0,296665,0,296665,1161647
2020-01-25,2020,1,25,port134,Beaumont,United States,USA,0,0,1,0,5,1,6,0,0,0,0,0,0,0,0,0,1490,0,154398,1490,155888,1161648
2020-01-26,2020,1,26,port134,Beaumont,United States,USA,0,1,0,0,2,1,3,0,49484,0,0,83213,49484,132697,0,0,0,0,39504,0,39504,1161649
2020-01-27,2020,1,27,port134,Beaumont,United States,USA,0,1,0,0,3,1,4,0,0,0,0,1375,0,1375,0,31095,0,0,104307,31095,135403,1161650
2020-01-28,2020,1,28,port134,Beaumont,United States,USA,0,0,0,0,3,0,3,0,0,0,0,0,0,0,0,0,0,0,166880,0,166880,1161651
2020-01-29,2020,1,29,port134,Beaumont,United States,USA,0,0,0,0,3,0,3,0,0,0,0,12107,0,12107,0,0,0,0,88088,0,88088,1161652
2020-01-30,2020,1,30,port134,Beaumont,United States,USA,0,0,0,0,4,0,4,0,0,0,0,349,0,349,0,0,0,0,149576,0,149576,1161653
2020-01-31,2020,1,31,port134,Beaumont,United States,USA,0,0,0,0,4,0,4,0,0,0,0,0,0,0,0,0,0,0,204020,0,204020,1161654
2020-02-01,2020,2,1,port134,Beaumont,United States,USA,0,1,1,0,4,2,6,0,2810,0,0,0,2810,2810,0,22385,18969,0,131762,41354,173117,1161655
2020-02-02,2020,2,2,port134,Beaumont,United States,USA,0,0,0,0,3,0,3,0,0,0,0,0,0,0,0,0,0,0,114528,0,114528,1161656
2020-02-03,2020,2,3,port134,Beaumont,United States,USA,0,0,0,0,0,0,0,0,0,0,0,0,0,0,0,0,0,0,0,0,0,1161657
2020-02-04,2020,2,4,port134,Beaumont,United States,USA,0,0,0,0,3,0,3,0,0,0,0,0,0,0,0,0,0,0,123844,0,123844,1161658
2020-02-05,2020,2,5,port134,Beaumont,United States,USA,0,0,0,0,0,0,0,0,0,0,0,0,0,0,0,0,0,0,0,0,0,1161659
2020-02-06,2020,2,6,port134,Beaumont,United States,USA,0,0,0,0,5,0,5,0,0,0,0,183662,0,183662,0,0,0,0,86292,0,86292,1161660
2020-02-07,2020,2,7,port134,Beaumont,United States,USA,0,1,0,0,1,1,2,0,21961,0,0,0,21961,21961,0,0,0,0,14674,0,14674,1161661
2020-02-08,2020,2,8,port134,Beaumont,United States,USA,0,0,0,0,7,0,7,0,0,0,0,20366,0,20366,0,0,0,0,178508,0,178508,1161662
2020-02-09,2020,2,9,port134,Beaumont,United States,USA,0,0,0,0,2,0,2,0,0,0,0,0,0,0,0,0,0,0,81628,0,81628,1161663
2020-02-10,2020,2,10,port134,Beaumont,United States,USA,0,0,1,0,0,1,1,0,0,13454,0,0,13454,13454,0,0,0,0,0,0,0,1161664
2020-02-11,2020,2,11,port134,Beaumont,United States,USA,0,0,0,0,0,0,0,0,0,0,0,0,0,0,0,0,0,0,0,0,0,1161665
2020-02-12,2020,2,12,port134,Beaumont,United States,USA,0,0,0,0,1,0,1,0,0,0,0,0,0,0,0,0,0,0,48882,0,48882,1161666
2020-02-13,2020,2,13,port134,Beaumont,United States,USA,0,0,1,0,6,1,7,0,0,18911,0,15665,18911,34576,0,0,0,0,240285,0,240285,1161667
2020-02-14,2020,2,14,port134,Beaumont,United States,USA,0,0,0,0,6,0,6,0,0,0,0,90927,0,90927,0,0,0,0,139143,0,139143,1161668
2020-02-15,2020,2,15,port134,Beaumont,United States,USA,0,0,0,0,2,0,2,0,0,0,0,0,0,0,0,0,0,0,40849,0,40849,1161669
2020-02-16,2020,2,16,port134,Beaumont,United States,USA,0,0,0,0,1,0,1,0,0,0,0,0,0,0,0,0,0,0,15979,0,15979,1161670
2020-02-17,2020,2,17,port134,Beaumont,United States,USA,0,0,0,0,3,0,3,0,0,0,0,0,0,0,0,0,0,0,68950,0,68950,1161671
2020-02-18,2020,2,18,port134,Beaumont,United States,USA,0,0,0,0,1,0,1,0,0,0,0,0,0,0,0,0,0,0,48882,0,48882,1161672
2020-02-19,2020,2,19,port134,Beaumont,United States,USA,0,0,0,0,0,0,0,0,0,0,0,0,0,0,0,0,0,0,0,0,0,1161673
2020-02-20,2020,2,20,port134,Beaumont,United States,USA,0,0,1,2,6,3,9,0,0,0,1658,0,1658,1658,0,0,1130,8894,330899,10024,340924,1161674
2020-02-21,2020,2,21,port134,Beaumont,United States,USA,0,0,0,0,5,0,5,0,0,0,0,1775,0,1775,0,0,0,0,202940,0,202940,1161675
2020-02-22,2020,2,22,port134,Beaumont,United States,USA,0,1,0,0,3,1,4,0,0,0,0,0,0,0,0,8654,0,0,138723,8654,147377,1161676
2020-02-23,2020,2,23,port134,Beaumont,United States,USA,0,1,0,0,4,1,5,0,0,0,0,0,0,0,0,48812,0,0,49681,48812,98493,1161677
2020-02-24,2020,2,24,port134,Beaumont,United States,USA,0,0,0,1,2,1,3,0,0,0,0,0,0,0,0,0,0,0,78408,0,78408,1161678
2020-02-25,2020,2,25,port134,Beaumont,United States,USA,0,0,0,0,2,0,2,0,0,0,0,26385,0,26385,0,0,0,0,25406,0,25406,1161679
2020-02-26,2020,2,26,port134,Beaumont,United States,USA,0,0,0,0,4,0,4,0,0,0,0,0,0,0,0,0,0,0,233051,0,233051,1161680
2020-02-27,2020,2,27,port134,Beaumont,United States,USA,0,0,0,0,1,0,1,0,0,0,0,0,0,0,0,0,0,0,39596,0,39596,1161681
2020-02-28,2020,2,28,port134,Beaumont,United States,USA,0,0,2,0,3,2,5,0,0,24818,0,0,24818,24818,0,0,2011,0,141796,2011,143808,1161682
2020-02-29,2020,2,29,port134,Beaumont,United States,USA,0,0,0,0,2,0,2,0,0,0,0,0,0,0,0,0,0,0,98582,0,98582,1161683
2020-03-01,2020,3,1,port134,Beaumont,United States,USA,0,0,2,0,2,2,4,0,0,0,0,70270,0,70270,0,0,17975,0,42111,17975,60086,1161684
2020-03-02,2020,3,2,port134,Beaumont,United States,USA,0,0,0,0,3,0,3,0,0,0,0,0,0,0,0,0,0,0,61638,0,61638,1161685
2020-03-03,2020,3,3,port134,Beaumont,United States,USA,0,0,0,0,3,0,3,0,0,0,0,55719,0,55719,0,0,0,0,46524,0,46524,1161686
2020-03-04,2020,3,4,port134,Beaumont,United States,USA,0,0,0,0,5,0,5,0,0,0,0,18171,0,18171,0,0,0,0,186810,0,186810,1161687
2020-03-05,2020,3,5,port134,Beaumont,United States,USA,0,0,0,0,2,0,2,0,0,0,0,0,0,0,0,0,0,0,33437,0,33437,1161688
2020-03-06,2020,3,6,port134,Beaumont,United States,USA,0,1,0,0,6,1,7,0,48779,0,0,0,48779,48779,0,0,0,0,195727,0,195727,1161689
2020-03-07,2020,3,7,port134,Beaumont,United States,USA,0,0,0,0,2,0,2,0,0,0,0,0,0,0,0,0,0,0,112070,0,112070,1161690
2020-03-08,2020,3,8,port134,Beaumont,United States,USA,0,1,0,0,5,1,6,0,0,0,0,0,0,0,0,43865,0,0,194686,43865,238551,1161691
2020-03-09,2020,3,9,port134,Beaumont,United States,USA,0,0,0,0,3,0,3,0,0,0,0,12107,0,12107,0,0,0,0,168556,0,168556,1161692
2020-03-10,2020,3,10,port134,Beaumont,United States,USA,0,0,1,0,0,1,1,0,0,19772,0,0,19772,19772,0,0,0,0,0,0,0,1161693
2020-03-11,2020,3,11,port134,Beaumont,United States,USA,0,0,0,0,0,0,0,0,0,0,0,0,0,0,0,0,0,0,0,0,0,1161694
2020-03-12,2020,3,12,port134,Beaumont,United States,USA,0,0,0,0,1,0,1,0,0,0,0,0,0,0,0,0,0,0,48882,0,48882,1161695
2020-03-13,2020,3,13,port134,Beaumont,United States,USA,0,0,0,0,0,0,0,0,0,0,0,0,0,0,0,0,0,0,0,0,0,1161696
2020-03-14,2020,3,14,port134,Beaumont,United States,USA,0,0,0,0,0,0,0,0,0,0,0,0,0,0,0,0,0,0,0,0,0,1161697
2020-03-15,2020,3,15,port134,Beaumont,United States,USA,0,0,0,0,0,0,0,0,0,0,0,0,0,0,0,0,0,0,0,0,0,1161698
2020-03-16,2020,3,16,port134,Beaumont,United States,USA,0,0,0,0,8,0,8,0,0,0,0,97689,0,97689,0,0,0,0,300812,0,300812,1161699
2020-03-17,2020,3,17,port134,Beaumont,United States,USA,0,0,0,0,1,0,1,0,0,0,0,982,0,982,0,0,0,0,25406,0,25406,1161700
2020-03-18,2020,3,18,port134,Beaumont,United States,USA,0,0,0,0,0,0,0,0,0,0,0,0,0,0,0,0,0,0,0,0,0,1161701
2020-03-19,2020,3,19,port134,Beaumont,United States,USA,0,0,0,0,3,0,3,0,0,0,0,0,0,0,0,0,0,0,123570,0,123570,1161702
2020-03-20,2020,3,20,port134,Beaumont,United States,USA,0,1,1,0,4,2,6,0,2810,0,0,0,2810,2810,0,22385,0,0,105615,22385,128000,1161703
2020-03-21,2020,3,21,port134,Beaumont,United States,USA,0,0,2,0,3,2,5,0,0,34720,0,0,34720,34720,0,0,0,0,179079,0,179079,1161704
2020-03-22,2020,3,22,port134,Beaumont,United States,USA,0,1,0,0,2,1,3,0,0,0,0,0,0,0,0,12184,0,0,88652,12184,100836,1161705
2020-03-23,2020,3,23,port134,Beaumont,United States,USA,0,0,0,0,2,0,2,0,0,0,0,0,0,0,0,0,0,0,39356,0,39356,1161706
2020-03-24,2020,3,24,port134,Beaumont,United States,USA,0,0,0,0,7,0,7,0,0,0,0,0,0,0,0,0,0,0,291735,0,291735,1161707
2020-03-25,2020,3,25,port134,Beaumont,United States,USA,0,0,1,0,2,1,3,0,0,1871,0,0,1871,1871,0,0,0,0,50245,0,50245,1161708
2020-03-26,2020,3,26,port134,Beaumont,United States,USA,0,0,0,0,2,0,2,0,0,0,0,0,0,0,0,0,0,0,105346,0,105346,1161709
2020-03-27,2020,3,27,port134,Beaumont,United States,USA,0,0,0,0,3,0,3,0,0,0,0,0,0,0,0,0,0,0,188767,0,188767,1161710
2020-03-28,2020,3,28,port134,Beaumont,United States,USA,0,0,0,0,3,0,3,0,0,0,0,0,0,0,0,0,0,0,159019,0,159019,1161711
2020-03-29,2020,3,29,port134,Beaumont,United States,USA,0,0,0,0,1,0,1,0,0,0,0,0,0,0,0,0,0,0,46336,0,46336,1161712
2020-03-30,2020,3,30,port134,Beaumont,United States,USA,0,0,0,0,3,0,3,0,0,0,0,982,0,982,0,0,0,0,71054,0,71054,1161713
2020-03-31,2020,3,31,port134,Beaumont,United States,USA,1,1,0,0,4,2,6,1016,50893,0,0,0,51910,51910,204,0,0,0,129450,204,129655,1161714
2020-04-01,2020,4,1,port134,Beaumont,United States,USA,0,0,1,0,3,1,4,0,0,19341,0,0,19341,19341,0,0,0,0,155758,0,155758,1161715
2020-04-02,2020,4,2,port134,Beaumont,United States,USA,1,0,0,0,2,1,3,0,0,0,0,0,0,0,0,0,0,0,72438,0,72438,1161716
2020-04-03,2020,4,3,port134,Beaumont,United States,USA,0,1,1,0,2,2,4,0,0,0,0,0,0,0,0,31655,0,0,87558,31655,119213,1161717
2020-04-04,2020,4,4,port134,Beaumont,United States,USA,0,1,0,1,4,2,6,0,0,0,0,0,0,0,0,32583,0,0,163601,32583,196185,1161718
2020-04-05,2020,4,5,port134,Beaumont,United States,USA,0,0,0,0,2,0,2,0,0,0,0,0,0,0,0,0,0,0,6999,0,6999,1161719
2020-04-06,2020,4,6,port134,Beaumont,United States,USA,0,0,0,0,5,0,5,0,0,0,0,30620,0,30620,0,0,0,0,262078,0,262078,1161720
2020-04-07,2020,4,7,port134,Beaumont,United States,USA,0,0,0,0,1,0,1,0,0,0,0,0,0,0,0,0,0,0,72391,0,72391,1161721
2020-04-08,2020,4,8,port134,Beaumont,United States,USA,0,0,0,0,0,0,0,0,0,0,0,0,0,0,0,0,0,0,0,0,0,1161722
2020-04-09,2020,4,9,port134,Beaumont,United States,USA,1,1,0,0,4,2,6,1016,0,0,0,115017,1016,116033,204,29182,0,0,3656,29387,33044,1161723
2020-04-10,2020,4,10,port134,Beaumont,United States,USA,0,0,0,0,5,0,5,0,0,0,0,12107,0,12107,0,0,0,0,164514,0,164514,1161724
2020-04-11,2020,4,11,port134,Beaumont,United States,USA,0,0,0,0,0,0,0,0,0,0,0,0,0,0,0,0,0,0,0,0,0,1161725
2020-04-12,2020,4,12,port134,Beaumont,United States,USA,0,0,1,0,1,1,2,0,0,19341,0,0,19341,19341,0,0,0,0,12249,0,12249,1161726
2020-04-13,2020,4,13,port134,Beaumont,United States,USA,0,0,0,0,3,0,3,0,0,0,0,0,0,0,0,0,0,0,134570,0,134570,1161727
2020-04-14,2020,4,14,port134,Beaumont,United States,USA,1,0,0,0,4,1,5,1016,0,0,0,18609,1016,19625,204,0,0,0,142832,204,143036,1161728
2020-04-15,2020,4,15,port134,Beaumont,United States,USA,0,0,0,0,2,0,2,0,0,0,0,0,0,0,0,0,0,0,72313,0,72313,1161729
2020-04-16,2020,4,16,port134,Beaumont,United States,USA,0,1,1,0,4,2,6,0,7323,637,0,982,7960,8942,0,0,0,0,101585,0,101585,1161730
2020-04-17,2020,4,17,port134,Beaumont,United States,USA,0,0,0,0,2,0,2,0,0,0,0,0,0,0,0,0,0,0,134362,0,134362,1161731
2020-04-18,2020,4,18,port134,Beaumont,United States,USA,0,0,1,0,1,1,2,0,0,0,0,0,0,0,0,0,0,0,12528,0,12528,1161732
2020-04-19,2020,4,19,port134,Beaumont,United States,USA,0,0,0,0,0,0,0,0,0,0,0,0,0,0,0,0,0,0,0,0,0,1161733
2020-04-20,2020,4,20,port134,Beaumont,United States,USA,0,1,0,0,3,1,4,0,48779,0,0,0,48779,48779,0,0,0,0,160404,0,160404,1161734
2020-04-21,2020,4,21,port134,Beaumont,United States,USA,0,0,0,0,4,0,4,0,0,0,0,20397,0,20397,0,0,0,0,85438,0,85438,1161735
2020-04-22,2020,4,22,port134,Beaumont,United States,USA,0,0,1,0,3,1,4,0,0,20204,0,0,20204,20204,0,0,0,0,147072,0,147072,1161736
2020-04-23,2020,4,23,port134,Beaumont,United States,USA,0,0,1,0,3,1,4,0,0,0,0,0,0,0,0,0,0,0,112856,0,112856,1161737
2020-04-24,2020,4,24,port134,Beaumont,United States,USA,0,0,1,1,1,2,3,0,0,0,793,0,793,793,0,0,2820,2256,41475,5076,46551,1161738
2020-04-25,2020,4,25,port134,Beaumont,United States,USA,0,0,0,0,6,0,6,0,0,0,0,75873,0,75873,0,0,0,0,122264,0,122264,1161739
2020-04-26,2020,4,26,port134,Beaumont,United States,USA,0,1,0,0,3,1,4,0,2810,0,0,0,2810,2810,0,22385,0,0,153954,22385,176340,1161740
2020-04-27,2020,4,27,port134,Beaumont,United States,USA,0,1,0,0,3,1,4,0,0,0,0,72971,0,72971,0,0,0,0,61634,0,61634,1161741
2020-04-28,2020,4,28,port134,Beaumont,United States,USA,0,0,0,0,1,0,1,0,0,0,0,0,0,0,0,0,0,0,51438,0,51438,1161742
2020-04-29,2020,4,29,port134,Beaumont,United States,USA,0,1,1,0,0,2,2,0,49484,1475,0,0,50959,50959,0,0,0,0,0,0,0,1161743
2020-04-30,2020,4,30,port134,Beaumont,United States,USA,0,0,0,0,5,0,5,0,0,0,0,44628,0,44628,0,0,0,0,195691,0,195691,1161744
2020-05-01,2020,5,1,port134,Beaumont,United States,USA,0,0,0,0,4,0,4,0,0,0,0,58466,0,58466,0,0,0,0,62228,0,62228,1161745
2020-05-02,2020,5,2,port134,Beaumont,United States,USA,0,0,0,0,2,0,2,0,0,0,0,982,0,982,0,0,0,0,25406,0,25406,1161746
2020-05-03,2020,5,3,port134,Beaumont,United States,USA,0,0,0,0,1,0,1,0,0,0,0,0,0,0,0,0,0,0,36881,0,36881,1161747
2020-05-04,2020,5,4,port134,Beaumont,United States,USA,0,0,1,0,1,1,2,0,0,20204,0,0,20204,20204,0,0,0,0,16545,0,16545,1161748
2020-05-05,2020,5,5,port134,Beaumont,United States,USA,0,0,1,0,5,1,6,0,0,15046,0,0,15046,15046,0,0,0,0,127512,0,127512,1161749
2020-05-06,2020,5,6,port134,Beaumont,United States,USA,0,0,1,0,0,1,1,0,0,230,0,0,230,230,0,0,0,0,0,0,0,1161750
2020-05-07,2020,5,7,port134,Beaumont,United States,USA,1,0,0,0,3,1,4,1016,0,0,0,7506,1016,8523,204,0,0,0,75878,204,76082,1161751
2020-05-08,2020,5,8,port134,Beaumont,United States,USA,0,0,0,0,1,0,1,0,0,0,0,0,0,0,0,0,0,0,42111,0,42111,1161752
2020-05-09,2020,5,9,port134,Beaumont,United States,USA,0,0,0,0,2,0,2,0,0,0,0,14838,0,14838,0,0,0,0,79365,0,79365,1161753
2020-05-10,2020,5,10,port134,Beaumont,United States,USA,0,1,1,0,2,2,4,0,7323,0,0,0,7323,7323,0,0,564,0,54523,564,55088,1161754
2020-05-11,2020,5,11,port134,Beaumont,United States,USA,1,0,1,0,2,2,4,1016,0,489,0,0,1506,1506,204,0,0,0,45689,204,45893,1161755
2020-05-12,2020,5,12,port134,Beaumont,United States,USA,0,0,1,0,0,1,1,0,0,0,0,0,0,0,0,0,0,0,0,0,0,1161756
2020-05-13,2020,5,13,port134,Beaumont,United States,USA,0,0,0,0,2,0,2,0,0,0,0,0,0,0,0,0,0,0,12528,0,12528,1161757
2020-05-14,2020,5,14,port134,Beaumont,United States,USA,0,0,1,0,3,1,4,0,0,502,0,0,502,502,0,0,0,0,196288,0,196288,1161758
2020-05-15,2020,5,15,port134,Beaumont,United States,USA,0,0,0,0,1,0,1,0,0,0,0,0,0,0,0,0,0,0,48848,0,48848,1161759
2020-05-16,2020,5,16,port134,Beaumont,United States,USA,0,0,0,0,4,0,4,0,0,0,0,78697,0,78697,0,0,0,0,42824,0,42824,1161760
2020-05-17,2020,5,17,port134,Beaumont,United States,USA,0,0,0,0,3,0,3,0,0,0,0,0,0,0,0,0,0,0,84218,0,84218,1161761
2020-05-18,2020,5,18,port134,Beaumont,United States,USA,0,1,0,0,1,1,2,0,2810,0,0,0,2810,2810,0,22385,0,0,0,22385,22385,1161762
2020-05-19,2020,5,19,port134,Beaumont,United States,USA,0,1,0,1,1,2,3,0,5856,0,793,0,6650,6650,0,0,0,2256,64821,2256,67077,1161763
2020-05-20,2020,5,20,port134,Beaumont,United States,USA,0,0,1,0,3,1,4,0,0,0,0,70208,0,70208,0,0,0,0,79900,0,79900,1161764
2020-05-21,2020,5,21,port134,Beaumont,United States,USA,0,0,1,0,1,1,2,0,0,0,0,0,0,0,0,0,5076,0,32392,5076,37469,1161765
2020-05-22,2020,5,22,port134,Beaumont,United States,USA,0,0,1,0,3,1,4,0,0,20204,0,0,20204,20204,0,0,0,0,83779,0,83779,1161766
2020-05-23,2020,5,23,port134,Beaumont,United States,USA,0,0,0,0,4,0,4,0,0,0,0,91441,0,91441,0,0,0,0,69133,0,69133,1161767
2020-05-24,2020,5,24,port134,Beaumont,United States,USA,0,0,0,0,2,0,2,0,0,0,0,49511,0,49511,0,0,0,0,72975,0,72975,1161768
2020-05-25,2020,5,25,port134,Beaumont,United States,USA,0,0,0,0,3,0,3,0,0,0,0,83066,0,83066,0,0,0,0,39995,0,39995,1161769
2020-05-26,2020,5,26,port134,Beaumont,United States,USA,0,0,0,0,4,0,4,0,0,0,0,102818,0,102818,0,0,0,0,82586,0,82586,1161770
2020-05-27,2020,5,27,port134,Beaumont,United States,USA,0,0,0,0,0,0,0,0,0,0,0,0,0,0,0,0,0,0,0,0,0,1161771
2020-05-28,2020,5,28,port134,Beaumont,United States,USA,0,0,0,0,1,0,1,0,0,0,0,0,0,0,0,0,0,0,30532,0,30532,1161772
2020-05-29,2020,5,29,port134,Beaumont,United States,USA,0,0,0,1,4,1,5,0,0,0,0,79388,0,79388,0,0,0,0,75737,0,75737,1161773
2020-05-30,2020,5,30,port134,Beaumont,United States,USA,0,0,1,0,1,1,2,0,0,0,0,22859,0,22859,0,0,0,0,0,0,0,1161774
2020-05-31,2020,5,31,port134,Beaumont,United States,USA,0,0,0,0,3,0,3,0,0,0,0,38827,0,38827,0,0,0,0,0,0,0,1161775
2020-06-01,2020,6,1,port134,Beaumont,United States,USA,0,0,0,1,1,1,2,0,0,0,1025,84347,1025,85372,0,0,0,0,0,0,0,1161776
2020-06-02,2020,6,2,port134,Beaumont,United States,USA,0,0,0,0,3,0,3,0,0,0,0,90330,0,90330,0,0,0,0,68137,0,68137,1161777
2020-06-03,2020,6,3,port134,Beaumont,United States,USA,0,0,0,0,0,0,0,0,0,0,0,0,0,0,0,0,0,0,0,0,0,1161778
2020-06-04,2020,6,4,port134,Beaumont,United States,USA,0,1,0,0,3,1,4,0,1721,0,0,0,1721,1721,0,0,0,0,32960,0,32960,1161779
2020-06-05,2020,6,5,port134,Beaumont,United States,USA,0,0,0,0,2,0,2,0,0,0,0,69060,0,69060,0,0,0,0,19418,0,19418,1161780
2020-06-06,2020,6,6,port134,Beaumont,United States,USA,0,0,1,0,1,1,2,0,0,913,0,0,913,913,0,0,0,0,31769,0,31769,1161781
2020-06-07,2020,6,7,port134,Beaumont,United States,USA,0,0,0,0,2,0,2,0,0,0,0,66352,0,66352,0,0,0,0,76161,0,76161,1161782
2020-06-08,2020,6,8,port134,Beaumont,United States,USA,0,0,0,0,1,0,1,0,0,0,0,0,0,0,0,0,0,0,4385,0,4385,1161783
2020-06-09,2020,6,9,port134,Beaumont,United States,USA,0,0,0,0,2,0,2,0,0,0,0,79400,0,79400,0,0,0,0,51494,0,51494,1161784
2020-06-10,2020,6,10,port134,Beaumont,United States,USA,0,0,0,0,5,0,5,0,0,0,0,0,0,0,0,0,0,0,106343,0,106343,1161785
2020-06-11,2020,6,11,port134,Beaumont,United States,USA,0,0,0,0,1,0,1,0,0,0,0,0,0,0,0,0,0,0,5587,0,5587,1161786
2020-06-12,2020,6,12,port134,Beaumont,United States,USA,0,0,0,0,3,0,3,0,0,0,0,19019,0,19019,0,0,0,0,87892,0,87892,1161787
2020-06-13,2020,6,13,port134,Beaumont,United States,USA,0,0,1,0,3,1,4,0,0,15046,0,0,15046,15046,0,0,0,0,88881,0,88881,1161788
2020-06-14,2020,6,14,port134,Beaumont,United States,USA,0,0,0,0,3,0,3,0,0,0,0,982,0,982,0,0,0,0,48033,0,48033,1161789
2020-06-15,2020,6,15,port134,Beaumont,United States,USA,0,0,0,1,4,1,5,0,0,0,0,0,0,0,0,0,0,0,82063,0,82063,1161790
2020-06-16,2020,6,16,port134,Beaumont,United States,USA,0,0,0,0,2,0,2,0,0,0,0,12107,0,12107,0,0,0,0,75073,0,75073,1161791
2020-06-17,2020,6,17,port134,Beaumont,United States,USA,0,0,0,0,0,0,0,0,0,0,0,0,0,0,0,0,0,0,0,0,0,1161792
2020-06-18,2020,6,18,port134,Beaumont,United States,USA,0,0,1,0,2,1,3,0,0,5046,0,67261,5046,72307,0,0,2011,0,15237,2011,17249,1161793
2020-06-19,2020,6,19,port134,Beaumont,United States,USA,0,0,1,0,1,1,2,0,0,0,0,6064,0,6064,0,0,0,0,35324,0,35324,1161794
2020-06-20,2020,6,20,port134,Beaumont,United States,USA,0,0,1,0,3,1,4,0,0,997,0,0,997,997,0,0,0,0,79320,0,79320,1161795
2020-06-21,2020,6,21,port134,Beaumont,United States,USA,0,0,0,0,1,0,1,0,0,0,0,24858,0,24858,0,0,0,0,0,0,0,1161796
2020-06-22,2020,6,22,port134,Beaumont,United States,USA,0,0,0,0,3,0,3,0,0,0,0,0,0,0,0,0,0,0,123517,0,123517,1161797
2020-06-23,2020,6,23,port134,Beaumont,United States,USA,0,1,0,1,2,2,4,0,57368,0,793,70333,58162,128495,0,0,0,2256,85185,2256,87441,1161798
2020-06-24,2020,6,24,port134,Beaumont,United States,USA,0,0,0,0,3,0,3,0,0,0,0,0,0,0,0,0,0,0,57073,0,57073,1161799
2020-06-25,2020,6,25,port134,Beaumont,United States,USA,0,0,0,0,0,0,0,0,0,0,0,0,0,0,0,0,0,0,0,0,0,1161800
2020-06-26,2020,6,26,port134,Beaumont,United States,USA,0,1,0,0,5,1,6,0,0,0,0,7683,0,7683,0,16032,0,0,94551,16032,110583,1161801
2020-06-27,2020,6,27,port134,Beaumont,United States,USA,0,0,0,0,2,0,2,0,0,0,0,0,0,0,0,0,0,0,88475,0,88475,1161802
2020-06-28,2020,6,28,port134,Beaumont,United States,USA,0,0,1,0,2,1,3,0,0,391,0,0,391,391,0,0,0,0,113036,0,113036,1161803
2020-06-29,2020,6,29,port134,Beaumont,United States,USA,1,0,0,0,1,1,2,1016,0,0,0,0,1016,1016,204,0,0,0,65683,204,65888,1161804
2020-06-30,2020,6,30,port134,Beaumont,United States,USA,0,0,0,0,2,0,2,0,0,0,0,982,0,982,0,0,0,0,36416,0,36416,1161805
2020-07-01,2020,7,1,port134,Beaumont,United States,USA,0,0,0,0,2,0,2,0,0,0,0,77819,0,77819,0,0,0,0,25406,0,25406,1161806
2020-07-02,2020,7,2,port134,Beaumont,United States,USA,0,0,0,0,5,0,5,0,0,0,0,22243,0,22243,0,0,0,0,118729,0,118729,1161807
2020-07-03,2020,7,3,port134,Beaumont,United States,USA,0,0,0,0,0,0,0,0,0,0,0,0,0,0,0,0,0,0,0,0,0,1161808
2020-07-04,2020,7,4,port134,Beaumont,United States,USA,0,0,0,0,4,0,4,0,0,0,0,0,0,0,0,0,0,0,169586,0,169586,1161809
2020-07-05,2020,7,5,port134,Beaumont,United States,USA,0,0,0,0,3,0,3,0,0,0,0,0,0,0,0,0,0,0,83780,0,83780,1161810
2020-07-06,2020,7,6,port134,Beaumont,United States,USA,0,0,0,0,1,0,1,0,0,0,0,0,0,0,0,0,0,0,0,0,0,1161811
2020-07-07,2020,7,7,port134,Beaumont,United States,USA,0,1,0,0,1,1,2,0,57368,0,0,0,57368,57368,0,0,0,0,44223,0,44223,1161812
2020-07-08,2020,7,8,port134,Beaumont,United States,USA,0,0,0,0,3,0,3,0,0,0,0,0,0,0,0,0,0,0,187158,0,187158,1161813
2020-07-09,2020,7,9,port134,Beaumont,United States,USA,0,0,0,0,4,0,4,0,0,0,0,12467,0,12467,0,0,0,0,158883,0,158883,1161814
2020-07-10,2020,7,10,port134,Beaumont,United States,USA,1,0,0,0,1,1,2,16944,0,0,0,61214,16944,78159,0,0,0,0,0,0,0,1161815
2020-07-11,2020,7,11,port134,Beaumont,United States,USA,0,0,0,0,2,0,2,0,0,0,0,982,0,982,0,0,0,0,29684,0,29684,1161816
2020-07-12,2020,7,12,port134,Beaumont,United States,USA,0,0,0,1,2,1,3,0,0,0,0,0,0,0,0,0,0,8506,82718,8506,91225,1161817
2020-07-13,2020,7,13,port134,Beaumont,United States,USA,0,0,0,0,0,0,0,0,0,0,0,0,0,0,0,0,0,0,0,0,0,1161818
2020-07-14,2020,7,14,port134,Beaumont,United States,USA,0,0,0,0,7,0,7,0,0,0,0,18983,0,18983,0,0,0,0,228851,0,228851,1161819
2020-07-15,2020,7,15,port134,Beaumont,United States,USA,0,1,0,0,4,1,5,0,25327,0,0,12107,25327,37434,0,0,0,0,244963,0,244963,1161820
2020-07-16,2020,7,16,port134,Beaumont,United States,USA,0,0,1,0,0,1,1,0,0,0,0,0,0,0,0,0,0,0,0,0,0,1161821
2020-07-17,2020,7,17,port134,Beaumont,United States,USA,0,1,0,0,2,1,3,0,57368,0,0,0,57368,57368,0,0,0,0,161734,0,161734,1161822
2020-07-18,2020,7,18,port134,Beaumont,United States,USA,0,0,0,1,3,1,4,0,0,0,0,0,0,0,0,0,0,1709,162054,1709,163763,1161823
2020-07-19,2020,7,19,port134,Beaumont,United States,USA,0,0,0,0,3,0,3,0,0,0,0,4640,0,4640,0,0,0,0,83472,0,83472,1161824
2020-07-20,2020,7,20,port134,Beaumont,United States,USA,0,0,0,1,2,1,3,0,0,0,0,0,0,0,0,0,0,6158,131678,6158,137836,1161825
2020-07-21,2020,7,21,port134,Beaumont,United States,USA,0,0,1,0,3,1,4,0,0,15060,0,0,15060,15060,0,0,0,0,144316,0,144316,1161826
2020-07-22,2020,7,22,port134,Beaumont,United States,USA,0,1,0,0,3,1,4,0,0,0,0,0,0,0,0,37380,0,0,68470,37380,105851,1161827
2020-07-23,2020,7,23,port134,Beaumont,United States,USA,0,0,0,0,2,0,2,0,0,0,0,0,0,0,0,0,0,0,79171,0,79171,1161828
2020-07-24,2020,7,24,port134,Beaumont,United States,USA,0,1,0,0,2,1,3,0,53009,0,0,0,53009,53009,0,0,0,0,103111,0,103111,1161829
2020-07-25,2020,7,25,port134,Beaumont,United States,USA,0,0,1,0,0,1,1,0,0,0,0,0,0,0,0,0,0,0,0,0,0,1161830
2020-07-26,2020,7,26,port134,Beaumont,United States,USA,0,1,0,0,0,1,1,0,0,0,0,0,0,0,0,21574,0,0,0,21574,21574,1161831
2020-07-27,2020,7,27,port134,Beaumont,United States,USA,0,0,0,0,3,0,3,0,0,0,0,0,0,0,0,0,0,0,135324,0,135324,1161832
2020-07-28,2020,7,28,port134,Beaumont,United States,USA,0,0,0,0,5,0,5,0,0,0,0,12107,0,12107,0,0,0,0,130905,0,130905,1161833
2020-07-29,2020,7,29,port134,Beaumont,United States,USA,0,0,0,0,1,0,1,0,0,0,0,14934,0,14934,0,0,0,0,0,0,0,1161834
2020-07-30,2020,7,30,port134,Beaumont,United States,USA,0,0,0,1,0,1,1,0,0,0,0,0,0,0,0,0,0,514,0,514,514,1161835
2020-07-31,2020,7,31,port134,Beaumont,United States,USA,0,0,0,0,3,0,3,0,0,0,0,0,0,0,0,0,0,0,152029,0,152029,1161836
2020-08-01,2020,8,1,port134,Beaumont,United States,USA,0,0,0,0,2,0,2,0,0,0,0,0,0,0,0,0,0,0,84563,0,84563,1161837
2020-08-02,2020,8,2,port134,Beaumont,United States,USA,0,0,0,0,3,0,3,0,0,0,0,7719,0,7719,0,0,0,0,155861,0,155861,1161838
2020-08-03,2020,8,3,port134,Beaumont,United States,USA,0,1,0,0,1,1,2,0,57368,0,0,0,57368,57368,0,0,0,0,47665,0,47665,1161839
2020-08-04,2020,8,4,port134,Beaumont,United States,USA,0,0,0,0,1,0,1,0,0,0,0,0,0,0,0,0,0,0,13046,0,13046,1161840
2020-08-05,2020,8,5,port134,Beaumont,United States,USA,0,0,0,0,3,0,3,0,0,0,0,0,0,0,0,0,0,0,128421,0,128421,1161841
2020-08-06,2020,8,6,port134,Beaumont,United States,USA,0,0,0,0,3,0,3,0,0,0,0,0,0,0,0,0,0,0,34838,0,34838,1161842
2020-08-07,2020,8,7,port134,Beaumont,United States,USA,0,0,0,0,3,0,3,0,0,0,0,31623,0,31623,0,0,0,0,39504,0,39504,1161843
2020-08-08,2020,8,8,port134,Beaumont,United States,USA,0,1,0,0,1,1,2,0,0,0,0,0,0,0,0,27837,0,0,51401,27837,79238,1161844
2020-08-09,2020,8,9,port134,Beaumont,United States,USA,0,0,0,0,4,0,4,0,0,0,0,0,0,0,0,0,0,0,37658,0,37658,1161845
2020-08-10,2020,8,10,port134,Beaumont,United States,USA,0,0,0,0,2,0,2,0,0,0,0,0,0,0,0,0,0,0,24196,0,24196,1161846
2020-08-11,2020,8,11,port134,Beaumont,United States,USA,0,0,2,0,4,2,6,0,0,5046,0,75937,5046,80983,0,0,2011,0,116547,2011,118559,1161847
2020-08-12,2020,8,12,port134,Beaumont,United States,USA,0,0,0,0,3,0,3,0,0,0,0,0,0,0,0,0,0,0,85638,0,85638,1161848
2020-08-13,2020,8,13,port134,Beaumont,United States,USA,0,1,0,0,1,1,2,0,64178,0,0,0,64178,64178,0,0,0,0,43117,0,43117,1161849
2020-08-14,2020,8,14,port134,Beaumont,United States,USA,0,1,0,0,3,1,4,0,0,0,0,0,0,0,0,13833,0,0,64337,13833,78171,1161850
2020-08-15,2020,8,15,port134,Beaumont,United States,USA,0,0,0,0,2,0,2,0,0,0,0,0,0,0,0,0,0,0,40130,0,40130,1161851
2020-08-16,2020,8,16,port134,Beaumont,United States,USA,0,0,1,0,3,1,4,0,0,2769,0,0,2769,2769,0,0,0,0,172254,0,172254,1161852
2020-08-17,2020,8,17,port134,Beaumont,United States,USA,0,0,0,0,1,0,1,0,0,0,0,0,0,0,0,0,0,0,47236,0,47236,1161853
2020-08-18,2020,8,18,port134,Beaumont,United States,USA,0,0,0,0,1,0,1,0,0,0,0,0,0,0,0,0,0,0,20586,0,20586,1161854
2020-08-19,2020,8,19,port134,Beaumont,United States,USA,0,0,0,0,2,0,2,0,0,0,0,5571,0,5571,0,0,0,0,1045,0,1045,1161855
2020-08-20,2020,8,20,port134,Beaumont,United States,USA,0,1,0,0,5,1,6,0,2810,0,0,7683,2810,10494,0,22385,0,0,93804,22385,116189,1161856
2020-08-21,2020,8,21,port134,Beaumont,United States,USA,1,0,0,0,3,1,4,8823,0,0,0,20001,8823,28824,1216,0,0,0,59411,1216,60627,1161857
2020-08-22,2020,8,22,port134,Beaumont,United States,USA,0,0,0,0,2,0,2,0,0,0,0,0,0,0,0,0,0,0,23851,0,23851,1161858
2020-08-23,2020,8,23,port134,Beaumont,United States,USA,0,0,0,0,0,0,0,0,0,0,0,0,0,0,0,0,0,0,0,0,0,1161859
2020-08-24,2020,8,24,port134,Beaumont,United States,USA,0,0,0,0,1,0,1,0,0,0,0,982,0,982,0,0,0,0,25406,0,25406,1161860
2020-08-25,2020,8,25,port134,Beaumont,United States,USA,0,0,0,0,0,0,0,0,0,0,0,0,0,0,0,0,0,0,0,0,0,1161861
2020-08-26,2020,8,26,port134,Beaumont,United States,USA,0,0,0,0,0,0,0,0,0,0,0,0,0,0,0,0,0,0,0,0,0,1161862
2020-08-27,2020,8,27,port134,Beaumont,United States,USA,0,0,0,0,0,0,0,0,0,0,0,0,0,0,0,0,0,0,0,0,0,1161863
2020-08-28,2020,8,28,port134,Beaumont,United States,USA,0,0,0,0,0,0,0,0,0,0,0,0,0,0,0,0,0,0,0,0,0,1161864
2020-08-29,2020,8,29,port134,Beaumont,United States,USA,0,0,0,0,0,0,0,0,0,0,0,0,0,0,0,0,0,0,0,0,0,1161865
2020-08-30,2020,8,30,port134,Beaumont,United States,USA,0,0,0,0,0,0,0,0,0,0,0,0,0,0,0,0,0,0,0,0,0,1161866
2020-08-31,2020,8,31,port134,Beaumont,United States,USA,0,0,0,0,0,0,0,0,0,0,0,0,0,0,0,0,0,0,0,0,0,1161867
2020-09-01,2020,9,1,port134,Beaumont,United States,USA,0,0,0,0,0,0,0,0,0,0,0,0,0,0,0,0,0,0,0,0,0,1161868
2020-09-02,2020,9,2,port134,Beaumont,United States,USA,0,0,1,0,3,1,4,0,0,5046,0,0,5046,5046,0,0,2011,0,112640,2011,114651,1161869
2020-09-03,2020,9,3,port134,Beaumont,United States,USA,0,1,2,0,5,3,8,0,0,1001,0,0,1001,1001,0,2889,3413,0,237400,6303,243703,1161870
2020-09-04,2020,9,4,port134,Beaumont,United States,USA,0,1,0,0,4,1,5,0,55128,0,0,0,55128,55128,0,0,0,0,136738,0,136738,1161871
2020-09-05,2020,9,5,port134,Beaumont,United States,USA,0,0,1,0,2,1,3,0,0,16648,0,0,16648,16648,0,0,0,0,68040,0,68040,1161872
2020-09-06,2020,9,6,port134,Beaumont,United States,USA,0,1,0,0,3,1,4,0,2810,0,0,982,2810,3792,0,22385,0,0,32930,22385,55316,1161873
2020-09-07,2020,9,7,port134,Beaumont,United States,USA,0,0,0,0,2,0,2,0,0,0,0,0,0,0,0,0,0,0,129776,0,129776,1161874
2020-09-08,2020,9,8,port134,Beaumont,United States,USA,0,0,1,0,3,1,4,0,0,0,0,7687,0,7687,0,0,233,0,37075,233,37309,1161875
2020-09-09,2020,9,9,port134,Beaumont,United States,USA,0,0,0,0,2,0,2,0,0,0,0,0,0,0,0,0,0,0,108468,0,108468,1161876
2020-09-10,2020,9,10,port134,Beaumont,United States,USA,0,0,0,1,3,1,4,0,0,0,0,982,0,982,0,0,0,566,102948,566,103515,1161877
2020-09-11,2020,9,11,port134,Beaumont,United States,USA,0,0,0,0,4,0,4,0,0,0,0,0,0,0,0,0,0,0,163715,0,163715,1161878
2020-09-12,2020,9,12,port134,Beaumont,United States,USA,0,0,0,0,1,0,1,0,0,0,0,0,0,0,0,0,0,0,14484,0,14484,1161879
2020-09-13,2020,9,13,port134,Beaumont,United States,USA,0,0,0,0,0,0,0,0,0,0,0,0,0,0,0,0,0,0,0,0,0,1161880
2020-09-14,2020,9,14,port134,Beaumont,United States,USA,0,0,0,0,2,0,2,0,0,0,0,12107,0,12107,0,0,0,0,90991,0,90991,1161881
2020-09-15,2020,9,15,port134,Beaumont,United States,USA,0,0,0,1,1,1,2,0,0,0,0,0,0,0,0,0,0,3087,77587,3087,80674,1161882
2020-09-16,2020,9,16,port134,Beaumont,United States,USA,0,0,0,0,2,0,2,0,0,0,0,0,0,0,0,0,0,0,73352,0,73352,1161883
2020-09-17,2020,9,17,port134,Beaumont,United States,USA,0,0,0,0,4,0,4,0,0,0,0,360,0,360,0,0,0,0,209789,0,209789,1161884
2020-09-18,2020,9,18,port134,Beaumont,United States,USA,0,0,0,0,1,0,1,0,0,0,0,0,0,0,0,0,0,0,0,0,0,1161885
2020-09-19,2020,9,19,port134,Beaumont,United States,USA,0,0,0,0,2,0,2,0,0,0,0,0,0,0,0,0,0,0,114590,0,114590,1161886
2020-09-20,2020,9,20,port134,Beaumont,United States,USA,0,0,0,0,0,0,0,0,0,0,0,0,0,0,0,0,0,0,0,0,0,1161887
2020-09-21,2020,9,21,port134,Beaumont,United States,USA,0,0,0,0,0,0,0,0,0,0,0,0,0,0,0,0,0,0,0,0,0,1161888
2020-09-22,2020,9,22,port134,Beaumont,United States,USA,0,0,0,0,0,0,0,0,0,0,0,0,0,0,0,0,0,0,0,0,0,1161889
2020-09-23,2020,9,23,port134,Beaumont,United States,USA,0,0,0,0,5,0,5,0,0,0,0,21423,0,21423,0,0,0,0,175434,0,175434,1161890
2020-09-24,2020,9,24,port134,Beaumont,United States,USA,0,1,0,0,5,1,6,0,24006,0,0,0,24006,24006,0,0,0,0,95548,0,95548,1161891
2020-09-25,2020,9,25,port134,Beaumont,United States,USA,0,0,0,0,2,0,2,0,0,0,0,0,0,0,0,0,0,0,87393,0,87393,1161892
2020-09-26,2020,9,26,port134,Beaumont,United States,USA,0,0,0,0,3,0,3,0,0,0,0,0,0,0,0,0,0,0,50578,0,50578,1161893
2020-09-27,2020,9,27,port134,Beaumont,United States,USA,0,0,0,0,2,0,2,0,0,0,0,0,0,0,0,0,0,0,85892,0,85892,1161894
2020-09-28,2020,9,28,port134,Beaumont,United States,USA,0,0,0,1,3,1,4,0,0,0,1658,0,1658,1658,0,0,0,1849,99594,1849,101444,1161895
2020-09-29,2020,9,29,port134,Beaumont,United States,USA,0,1,0,0,2,1,3,0,0,0,0,19588,0,19588,0,10631,0,0,4689,10631,15320,1161896
2020-09-30,2020,9,30,port134,Beaumont,United States,USA,0,0,0,0,0,0,0,0,0,0,0,0,0,0,0,0,0,0,0,0,0,1161897
2020-10-01,2020,10,1,port134,Beaumont,United States,USA,0,0,0,0,1,0,1,0,0,0,0,0,0,0,0,0,0,0,22479,0,22479,1161898
2020-10-02,2020,10,2,port134,Beaumont,United States,USA,0,1,0,0,2,1,3,0,24678,0,0,0,24678,24678,0,0,0,0,85609,0,85609,1161899
2020-10-03,2020,10,3,port134,Beaumont,United States,USA,0,0,0,0,3,0,3,0,0,0,0,8306,0,8306,0,0,0,0,60347,0,60347,1161900
2020-10-04,2020,10,4,port134,Beaumont,United States,USA,0,1,0,0,0,1,1,0,57368,0,0,0,57368,57368,0,0,0,0,0,0,0,1161901
2020-10-05,2020,10,5,port134,Beaumont,United States,USA,0,0,0,0,1,0,1,0,0,0,0,0,0,0,0,0,0,0,3337,0,3337,1161902
2020-10-06,2020,10,6,port134,Beaumont,United States,USA,0,1,0,0,1,1,2,0,0,0,0,0,0,0,0,38871,0,0,3217,38871,42089,1161903
2020-10-07,2020,10,7,port134,Beaumont,United States,USA,0,0,0,0,5,0,5,0,0,0,0,24214,0,24214,0,0,0,0,130551,0,130551,1161904
2020-10-08,2020,10,8,port134,Beaumont,United States,USA,0,0,0,0,0,0,0,0,0,0,0,0,0,0,0,0,0,0,0,0,0,1161905
2020-10-09,2020,10,9,port134,Beaumont,United States,USA,0,0,0,0,0,0,0,0,0,0,0,0,0,0,0,0,0,0,0,0,0,1161906
2020-10-10,2020,10,10,port134,Beaumont,United States,USA,0,0,0,0,0,0,0,0,0,0,0,0,0,0,0,0,0,0,0,0,0,1161907
2020-10-11,2020,10,11,port134,Beaumont,United States,USA,0,0,0,0,6,0,6,0,0,0,0,0,0,0,0,0,0,0,292056,0,292056,1161908
2020-10-12,2020,10,12,port134,Beaumont,United States,USA,0,0,0,0,7,0,7,0,0,0,0,982,0,982,0,0,0,0,224405,0,224405,1161909
2020-10-13,2020,10,13,port134,Beaumont,United States,USA,0,0,0,0,2,0,2,0,0,0,0,21663,0,21663,0,0,0,0,38335,0,38335,1161910
2020-10-14,2020,10,14,port134,Beaumont,United States,USA,0,0,0,0,0,0,0,0,0,0,0,0,0,0,0,0,0,0,0,0,0,1161911
2020-10-15,2020,10,15,port134,Beaumont,United States,USA,0,0,0,0,4,0,4,0,0,0,0,360,0,360,0,0,0,0,225665,0,225665,1161912
2020-10-16,2020,10,16,port134,Beaumont,United States,USA,0,1,0,0,4,1,5,0,60149,0,0,29469,60149,89619,0,0,0,0,66877,0,66877,1161913
2020-10-17,2020,10,17,port134,Beaumont,United States,USA,0,0,0,0,3,0,3,0,0,0,0,982,0,982,0,0,0,0,33722,0,33722,1161914
2020-10-18,2020,10,18,port134,Beaumont,United States,USA,0,0,1,0,1,1,2,0,0,5583,0,0,5583,5583,0,0,0,0,50520,0,50520,1161915
2020-10-19,2020,10,19,port134,Beaumont,United States,USA,0,0,0,0,0,0,0,0,0,0,0,0,0,0,0,0,0,0,0,0,0,1161916
2020-10-20,2020,10,20,port134,Beaumont,United States,USA,0,0,0,0,2,0,2,0,0,0,0,360,0,360,0,0,0,0,53728,0,53728,1161917
2020-10-21,2020,10,21,port134,Beaumont,United States,USA,0,0,0,0,1,0,1,0,0,0,0,0,0,0,0,0,0,0,65459,0,65459,1161918
2020-10-22,2020,10,22,port134,Beaumont,United States,USA,0,0,0,1,4,1,5,0,0,0,0,12107,0,12107,0,0,0,6398,138525,6398,144924,1161919
2020-10-23,2020,10,23,port134,Beaumont,United States,USA,0,0,0,0,4,0,4,0,0,0,0,0,0,0,0,0,0,0,155693,0,155693,1161920
2020-10-24,2020,10,24,port134,Beaumont,United States,USA,0,0,1,0,0,1,1,0,0,0,0,0,0,0,0,0,0,0,0,0,0,1161921
2020-10-25,2020,10,25,port134,Beaumont,United States,USA,0,2,0,0,2,2,4,0,15962,0,0,12107,15962,28069,0,18525,0,0,102216,18525,120742,1161975
2020-10-26,2020,10,26,port134,Beaumont,United States,USA,0,0,0,1,3,1,4,0,0,0,0,0,0,0,0,0,0,6507,131728,6507,138235,1161976
2020-10-27,2020,10,27,port134,Beaumont,United States,USA,0,0,0,0,3,0,3,0,0,0,0,0,0,0,0,0,0,0,36642,0,36642,1161977
2020-10-28,2020,10,28,port134,Beaumont,United States,USA,0,0,0,0,1,0,1,0,0,0,0,80150,0,80150,0,0,0,0,0,0,0,1161978
2020-10-29,2020,10,29,port134,Beaumont,United States,USA,0,0,0,0,1,0,1,0,0,0,0,0,0,0,0,0,0,0,5290,0,5290,1161979
2020-10-30,2020,10,30,port134,Beaumont,United States,USA,0,0,2,0,3,2,5,0,0,15024,0,0,15024,15024,0,0,0,0,63584,0,63584,1161980
2020-10-31,2020,10,31,port134,Beaumont,United States,USA,0,0,0,0,1,0,1,0,0,0,0,0,0,0,0,0,0,0,19599,0,19599,1161981
2020-11-01,2020,11,1,port134,Beaumont,United States,USA,0,0,0,0,2,0,2,0,0,0,0,16762,0,16762,0,0,0,0,25406,0,25406,1161982
2020-11-02,2020,11,2,port134,Beaumont,United States,USA,0,0,0,0,2,0,2,0,0,0,0,0,0,0,0,0,0,0,38143,0,38143,1161983
2020-11-03,2020,11,3,port134,Beaumont,United States,USA,0,0,0,0,0,0,0,0,0,0,0,0,0,0,0,0,0,0,0,0,0,1161984
2020-11-04,2020,11,4,port134,Beaumont,United States,USA,0,1,0,0,4,1,5,0,0,0,0,12107,0,12107,0,2870,0,0,138006,2870,140877,1161985
2020-11-05,2020,11,5,port134,Beaumont,United States,USA,0,0,0,0,0,0,0,0,0,0,0,0,0,0,0,0,0,0,0,0,0,1161986
2020-11-06,2020,11,6,port134,Beaumont,United States,USA,0,0,0,0,2,0,2,0,0,0,0,982,0,982,0,0,0,0,38971,0,38971,1161987
2020-11-07,2020,11,7,port134,Beaumont,United States,USA,0,1,0,0,2,1,3,0,0,0,0,360,0,360,0,0,0,0,33337,0,33337,1161988
2020-11-08,2020,11,8,port134,Beaumont,United States,USA,0,0,0,0,1,0,1,0,0,0,0,0,0,0,0,0,0,0,37507,0,37507,1161989
2020-11-09,2020,11,9,port134,Beaumont,United States,USA,0,0,0,0,1,0,1,0,0,0,0,0,0,0,0,0,0,0,49856,0,49856,1161990
2020-11-10,2020,11,10,port134,Beaumont,United States,USA,0,0,1,0,0,1,1,0,0,0,0,0,0,0,0,0,5469,0,0,5469,5469,1161991
2020-11-11,2020,11,11,port134,Beaumont,United States,USA,0,0,0,0,0,0,0,0,0,0,0,0,0,0,0,0,0,0,0,0,0,1161992
2020-11-12,2020,11,12,port134,Beaumont,United States,USA,0,0,0,0,2,0,2,0,0,0,0,0,0,0,0,0,0,0,68961,0,68961,1161993
2020-11-13,2020,11,13,port134,Beaumont,United States,USA,0,0,0,1,3,1,4,0,0,0,0,0,0,0,0,0,0,5606,143220,5606,148827,1161994
2020-11-14,2020,11,14,port134,Beaumont,United States,USA,0,0,0,0,3,0,3,0,0,0,0,0,0,0,0,0,0,0,134587,0,134587,1161995
2020-11-15,2020,11,15,port134,Beaumont,United States,USA,0,0,0,0,1,0,1,0,0,0,0,360,0,360,0,0,0,0,33337,0,33337,1161996
2020-11-16,2020,11,16,port134,Beaumont,United States,USA,0,0,0,0,1,0,1,0,0,0,0,0,0,0,0,0,0,0,37992,0,37992,1161997
2020-11-17,2020,11,17,port134,Beaumont,United States,USA,0,0,0,0,3,0,3,0,0,0,0,982,0,982,0,0,0,0,90890,0,90890,1161998
2020-11-18,2020,11,18,port134,Beaumont,United States,USA,0,0,0,0,0,0,0,0,0,0,0,0,0,0,0,0,0,0,0,0,0,1161999
2020-11-19,2020,11,19,port134,Beaumont,United States,USA,0,1,0,0,2,1,3,0,64178,0,0,0,64178,64178,0,0,0,0,113687,0,113687,1162000
2026-05-13,2026,5,13,port134,Beaumont,United States,USA,0,0,0,0,5,0,5,0,0,0,0,982,0,982,0,0,0,0,162833,0,162833,1162001
2026-05-14,2026,5,14,port134,Beaumont,United States,USA,0,0,1,0,5,1,6,0,0,6029,0,12107,6029,18137,0,0,0,0,234947,0,234947,1162002
2026-05-15,2026,5,15,port134,Beaumont,United States,USA,0,2,0,0,4,2,6,0,44592,0,0,360,44592,44952,0,0,0,0,78691,0,78691,1162003
2026-05-16,2026,5,16,port134,Beaumont,United States,USA,0,0,0,0,7,0,7,0,0,0,0,71970,0,71970,0,0,0,0,268288,0,268288,1162005
2023-01-29,2023,1,29,port134,Beaumont,United States,USA,0,0,1,0,2,1,3,0,0,5046,0,0,5046,5046,0,0,2011,0,62884,2011,64896,1162006
2024-03-04,2024,3,4,port134,Beaumont,United States,USA,0,0,0,0,0,0,0,0,0,0,0,0,0,0,0,0,0,0,0,0,0,1162007
2026-05-17,2026,5,17,port134,Beaumont,United States,USA,0,1,0,0,4,1,5,0,0,0,0,0,0,0,0,15738,0,0,132239,15738,147977,1162008
2026-05-18,2026,5,18,port134,Beaumont,United States,USA,0,0,0,0,2,0,2,0,0,0,0,0,0,0,0,0,0,0,60829,0,60829,1162009
2026-05-19,2026,5,19,port134,Beaumont,United States,USA,0,0,0,1,9,1,10,0,0,0,656,982,656,1638,0,0,0,0,385000,0,385000,1162010
2026-05-20,2026,5,20,port134,Beaumont,United States,USA,0,0,0,0,3,0,3,0,0,0,0,0,0,0,0,0,0,0,96762,0,96762,1162011
2026-05-21,2026,5,21,port134,Beaumont,United States,USA,0,0,0,0,5,0,5,0,0,0,0,0,0,0,0,0,0,0,180001,0,180001,1162012
2026-05-22,2026,5,22,port134,Beaumont,United States,USA,0,0,0,0,4,0,4,0,0,0,0,982,0,982,0,0,0,0,122335,0,122335,1162013
2026-05-23,2026,5,23,port134,Beaumont,United States,USA,0,0,0,0,3,0,3,0,0,0,0,0,0,0,0,0,0,0,151888,0,151888,1162014
2026-05-24,2026,5,24,port134,Beaumont,United States,USA,0,0,0,1,6,1,7,0,0,0,6245,0,6245,6245,0,0,0,0,225791,0,225791,1162015
2026-05-25,2026,5,25,port134,Beaumont,United States,USA,0,1,0,0,4,1,5,0,3774,0,0,12107,3774,15881,0,21967,0,0,191834,21967,213802,1162016
2026-05-26,2026,5,26,port134,Beaumont,United States,USA,1,0,0,1,6,2,8,0,0,0,0,0,0,0,0,0,0,0,182143,0,182143,1162017
2026-05-27,2026,5,27,port134,Beaumont,United States,USA,0,0,0,0,1,0,1,0,0,0,0,0,0,0,0,0,0,0,40673,0,40673,1162018
2026-05-28,2026,5,28,port134,Beaumont,United States,USA,0,0,0,0,7,0,7,0,0,0,0,0,0,0,0,0,0,0,227802,0,227802,1162019
2026-05-29,2026,5,29,port134,Beaumont,United States,USA,0,0,0,0,6,0,6,0,0,0,0,0,0,0,0,0,0,0,280154,0,280154,1162020
2026-05-30,2026,5,30,port134,Beaumont,United States,USA,0,0,0,0,5,0,5,0,0,0,0,20390,0,20390,0,0,0,0,157022,0,157022,1162021
2026-05-31,2026,5,31,port134,Beaumont,United States,USA,0,0,0,1,4,1,5,0,0,0,0,690,0,690,0,0,0,0,152297,0,152297,1162022
2026-06-01,2026,6,1,port134,Beaumont,United States,USA,0,0,1,0,3,1,4,0,0,10151,0,10930,10151,21081,0,0,0,0,58942,0,58942,1162023
2026-06-02,2026,6,2,port134,Beaumont,United States,USA,1,0,0,0,7,1,8,1016,0,0,0,1342,1016,2359,204,0,0,0,235931,204,236135,1162024
2026-06-03,2026,6,3,port134,Beaumont,United States,USA,0,0,0,0,3,0,3,0,0,0,0,0,0,0,0,0,0,0,115594,0,115594,1162025
2026-06-04,2026,6,4,port134,Beaumont,United States,USA,0,0,0,1,4,1,5,0,0,0,0,0,0,0,0,0,0,0,151727,0,151727,1162026
2026-06-05,2026,6,5,port134,Beaumont,United States,USA,0,0,0,0,7,0,7,0,0,0,0,360,0,360,0,0,0,0,208989,0,208989,1162027
2026-06-06,2026,6,6,port134,Beaumont,United States,USA,0,1,0,0,5,1,6,0,2810,0,0,0,2810,2810,0,22385,0,0,221752,22385,244137,1162028
2026-06-07,2026,6,7,port134,Beaumont,United States,USA,0,0,0,0,5,0,5,0,0,0,0,4977,0,4977,0,0,0,0,148505,0,148505,1162029
2026-06-08,2026,6,8,port134,Beaumont,United States,USA,0,0,0,0,6,0,6,0,0,0,0,0,0,0,0,0,0,0,115447,0,115447,1162030
2026-06-09,2026,6,9,port134,Beaumont,United States,USA,0,0,0,0,4,0,4,0,0,0,0,69853,0,69853,0,0,0,0,63104,0,63104,1162031
2026-06-10,2026,6,10,port134,Beaumont,United States,USA,1,0,1,0,3,2,5,0,0,517,0,0,517,517,0,0,0,0,71025,0,71025,1162032
2026-06-11,2026,6,11,port134,Beaumont,United States,USA,0,1,0,0,3,1,4,0,0,0,0,0,0,0,0,7711,0,0,136206,7711,143918,1162033
2026-06-12,2026,6,12,port134,Beaumont,United States,USA,0,0,0,0,7,0,7,0,0,0,0,982,0,982,0,0,0,0,285597,0,285597,1162034
2026-06-13,2026,6,13,port134,Beaumont,United States,USA,0,0,0,0,3,0,3,0,0,0,0,5934,0,5934,0,0,0,0,159298,0,159298,1162035
2026-06-14,2026,6,14,port134,Beaumont,United States,USA,0,0,0,0,5,0,5,0,0,0,0,83702,0,83702,0,0,0,0,50731,0,50731,1162036
2026-06-15,2026,6,15,port134,Beaumont,United States,USA,0,1,0,0,6,1,7,0,1713,0,0,982,1713,2695,0,0,0,0,162888,0,162888,1162037
2026-06-16,2026,6,16,port134,Beaumont,United States,USA,0,1,0,0,3,1,4,0,13358,0,0,0,13358,13358,0,0,0,0,148658,0,148658,1162038
2026-06-17,2026,6,17,port134,Beaumont,United States,USA,0,0,0,0,6,0,6,0,0,0,0,13089,0,13089,0,0,0,0,259104,0,259104,1162039
2026-06-18,2026,6,18,port134,Beaumont,United States,USA,0,0,0,0,0,0,0,0,0,0,0,0,0,0,0,0,0,0,0,0,0,1162040
2026-06-19,2026,6,19,port134,Beaumont,United States,USA,0,0,0,0,9,0,9,0,0,0,0,0,0,0,0,0,0,0,352365,0,352365,1162041
2026-06-20,2026,6,20,port134,Beaumont,United States,USA,0,0,0,0,7,0,7,0,0,0,0,97538,0,97538,0,0,0,0,164927,0,164927,1162042
2026-06-21,2026,6,21,port134,Beaumont,United States,USA,0,1,0,0,5,1,6,0,0,0,0,0,0,0,0,39399,0,0,135788,39399,175187,1162043
2026-06-22,2026,6,22,port134,Beaumont,United States,USA,0,0,0,0,5,0,5,0,0,0,0,0,0,0,0,0,0,0,220846,0,220846,1162044
2026-06-23,2026,6,23,port134,Beaumont,United States,USA,0,0,0,0,3,0,3,0,0,0,0,0,0,0,0,0,0,0,67427,0,67427,1162045
2026-06-24,2026,6,24,port134,Beaumont,United States,USA,0,0,0,0,4,0,4,0,0,0,0,0,0,0,0,0,0,0,121543,0,121543,1162046
2026-06-25,2026,6,25,port134,Beaumont,United States,USA,0,0,0,0,7,0,7,0,0,0,0,0,0,0,0,0,0,0,312346,0,312346,1162047
2026-06-26,2026,6,26,port134,Beaumont,United States,USA,0,0,0,0,3,0,3,0,0,0,0,76424,0,76424,0,0,0,0,40845,0,40845,1162049
2026-06-27,2026,6,27,port134,Beaumont,United States,USA,0,0,0,0,4,0,4,0,0,0,0,360,0,360,0,0,0,0,165169,0,165169,1162050
2026-06-28,2026,6,28,port134,Beaumont,United States,USA,0,0,0,0,7,0,7,0,0,0,0,582,0,582,0,0,0,0,190827,0,190827,1162051
2026-06-29,2026,6,29,port134,Beaumont,United States,USA,0,1,0,0,1,1,2,0,0,0,0,0,0,0,0,0,0,0,15661,0,15661,1162052
2026-06-30,2026,6,30,port134,Beaumont,United States,USA,0,1,0,0,5,1,6,0,0,0,0,0,0,0,0,25186,0,0,154323,25186,179510,1162053
2026-07-01,2026,7,1,port134,Beaumont,United States,USA,0,0,0,0,3,0,3,0,0,0,0,360,0,360,0,0,0,0,132307,0,132307,1162054
2026-07-02,2026,7,2,port134,Beaumont,United States,USA,0,0,0,0,4,0,4,0,0,0,0,37522,0,37522,0,0,0,0,145797,0,145797,1162055
2026-07-03,2026,7,3,port134,Beaumont,United States,USA,0,1,0,0,3,1,4,0,0,0,0,982,0,982,0,38034,0,0,116197,38034,154232,1162056
2026-07-04,2026,7,4,port134,Beaumont,United States,USA,0,0,0,0,4,0,4,0,0,0,0,76663,0,76663,0,0,0,0,101108,0,101108,1162057
2026-07-05,2026,7,5,port134,Beaumont,United States,USA,0,0,0,0,6,0,6,0,0,0,0,982,0,982,0,0,0,0,219579,0,219579,1162058
2026-07-06,2026,7,6,port134,Beaumont,United States,USA,1,1,0,1,3,3,6,0,12775,0,0,0,12775,12775,0,0,0,0,104839,0,104839,1162059
2026-07-07,2026,7,7,port134,Beaumont,United States,USA,0,1,0,0,5,1,6,0,0,0,0,51617,0,51617,0,21315,0,0,60710,21315,82025,1162060
2026-07-08,2026,7,8,port134,Beaumont,United States,USA,0,0,0,0,2,0,2,0,0,0,0,0,0,0,0,0,0,0,155161,0,155161,1162061
2026-07-09,2026,7,9,port134,Beaumont,United States,USA,1,1,0,0,3,2,5,1016,0,0,0,0,1016,1016,204,15094,0,0,73694,15299,88994,1162062
2026-07-10,2026,7,10,port134,Beaumont,United States,USA,0,0,0,0,7,0,7,0,0,0,0,0,0,0,0,0,0,0,301855,0,301855,1162063
2026-07-11,2026,7,11,port134,Beaumont,United States,USA,0,1,0,0,1,1,2,0,0,0,0,0,0,0,0,37237,0,0,81028,37237,118266,1162064
2026-07-12,2026,7,12,port134,Beaumont,United States,USA,0,0,0,1,1,1,2,0,0,0,4821,0,4821,4821,0,0,0,0,44327,0,44327,1162065
2026-07-13,2026,7,13,port134,Beaumont,United States,USA,0,0,0,0,6,0,6,0,0,0,0,152008,0,152008,0,0,0,0,161256,0,161256,1162066
2026-07-14,2026,7,14,port134,Beaumont,United States,USA,0,0,0,0,4,0,4,0,0,0,0,982,0,982,0,0,0,0,131668,0,131668,1162067
2026-07-15,2026,7,15,port134,Beaumont,United States,USA,0,0,0,0,5,0,5,0,0,0,0,0,0,0,0,0,0,0,151895,0,151895,1162068
2026-07-16,2026,7,16,port134,Beaumont,United States,USA,0,1,0,0,4,1,5,0,0,0,0,76663,0,76663,0,60729,0,0,120820,60729,181550,1162069
2026-07-17,2026,7,17,port134,Beaumont,United States,USA,0,0,0,1,4,1,5,0,0,0,7326,0,7326,7326,0,0,0,0,109792,0,109792,1162070
2026-07-18,2026,7,18,port134,Beaumont,United States,USA,0,0,0,0,3,0,3,0,0,0,0,0,0,0,0,0,0,0,83366,0,83366,1162071
2026-07-19,2026,7,19,port134,Beaumont,United States,USA,0,1,0,0,3,1,4,0,2810,0,0,9963,2810,12774,0,22385,0,0,88089,22385,110474,1162072
2026-07-20,2026,7,20,port134,Beaumont,United States,USA,0,0,0,0,5,0,5,0,0,0,0,1375,0,1375,0,0,0,0,167965,0,167965,1162073
2026-07-21,2026,7,21,port134,Beaumont,United States,USA,0,0,0,0,5,0,5,0,0,0,0,982,0,982,0,0,0,0,140414,0,140414,1162074
2026-07-22,2026,7,22,port134,Beaumont,United States,USA,0,0,0,0,2,0,2,0,0,0,0,0,0,0,0,0,0,0,67422,0,67422,1162075
2026-07-23,2026,7,23,port134,Beaumont,United States,USA,1,0,0,0,7,1,8,17001,0,0,0,84676,17001,101677,0,0,0,0,247851,0,247851,1162076
2026-07-24,2026,7,24,port134,Beaumont,United States,USA,0,0,0,1,3,1,4,0,0,0,4539,27920,4539,32459,0,0,0,0,121351,0,121351,1162077
2026-07-25,2026,7,25,port134,Beaumont,United States,USA,0,0,0,0,4,0,4,0,0,0,0,0,0,0,0,0,0,0,165167,0,165167,1162078
2026-07-26,2026,7,26,port134,Beaumont,United States,USA,1,0,0,0,8,1,9,0,0,0,0,2887,0,2887,0,0,0,0,285535,0,285535,1162079
2026-07-27,2026,7,27,port134,Beaumont,United States,USA,0,1,0,0,2,1,3,0,0,0,0,0,0,0,0,23623,0,0,53578,23623,77201,1162080
2026-07-28,2026,7,28,port134,Beaumont,United States,USA,0,0,0,0,4,0,4,0,0,0,0,17977,0,17977,0,0,0,0,137407,0,137407,1162081
2026-07-29,2026,7,29,port134,Beaumont,United States,USA,0,0,0,0,5,0,5,0,0,0,0,0,0,0,0,0,0,0,123092,0,123092,1162082
2026-07-30,2026,7,30,port134,Beaumont,United States,USA,0,0,0,0,4,0,4,0,0,0,0,360,0,360,0,0,0,0,211197,0,211197,1162083
2026-07-31,2026,7,31,port134,Beaumont,United States,USA,0,0,0,0,4,0,4,0,0,0,0,79766,0,79766,0,0,0,0,18928,0,18928,1162084
2026-08-01,2026,8,1,port134,Beaumont,United States,USA,0,1,0,0,7,1,8,0,3774,0,0,0,3774,3774,0,21967,0,0,263432,21967,285400,1162085
2026-08-02,2026,8,2,port134,Beaumont,United States,USA,0,0,0,0,6,0,6,0,0,0,0,1342,0,1342,0,0,0,0,164362,0,164362,1162086
2026-08-03,2026,8,3,port134,Beaumont,United States,USA,0,0,0,0,3,0,3,0,0,0,0,982,0,982,0,0,0,0,89627,0,89627,1162087
2026-08-04,2026,8,4,port134,Beaumont,United States,USA,0,1,0,0,4,1,5,0,0,0,0,54857,0,54857,0,21566,0,0,99883,21566,121449,1162088
2026-08-05,2026,8,5,port134,Beaumont,United States,USA,0,0,0,0,4,0,4,0,0,0,0,1577,0,1577,0,0,0,0,117505,0,117505,1162089
2026-08-06,2026,8,6,port134,Beaumont,United States,USA,0,0,0,0,4,0,4,0,0,0,0,12107,0,12107,0,0,0,0,189050,0,189050,1162090
2026-08-07,2026,8,7,port134,Beaumont,United States,USA,0,0,0,0,3,0,3,0,0,0,0,690,0,690,0,0,0,0,87243,0,87243,1162091
2026-08-08,2026,8,8,port134,Beaumont,United States,USA,0,0,0,0,6,0,6,0,0,0,0,12645,0,12645,0,0,0,0,227063,0,227063,1162092
2026-08-09,2026,8,9,port134,Beaumont,United States,USA,0,0,0,0,4,0,4,0,0,0,0,360,0,360,0,0,0,0,150504,0,150504,1162093
2026-08-10,2026,8,10,port134,Beaumont,United States,USA,0,0,0,0,2,0,2,0,0,0,0,73296,0,73296,0,0,0,0,20163,0,20163,1162094
2026-08-11,2026,8,11,port134,Beaumont,United States,USA,1,1,0,0,3,2,5,0,0,0,0,0,0,0,0,35534,0,0,108822,35534,144356,1162095
2026-08-12,2026,8,12,port134,Beaumont,United States,USA,0,1,0,1,1,2,3,0,0,0,0,360,0,360,0,13626,0,0,33337,13626,46964,1162096
2026-08-13,2026,8,13,port134,Beaumont,United States,USA,0,0,0,0,7,0,7,0,0,0,0,75617,0,75617,0,0,0,0,214854,0,214854,1162097
2026-08-14,2026,8,14,port134,Beaumont,United States,USA,0,1,0,0,4,1,5,0,3774,0,0,40920,3774,44694,0,21967,0,0,91581,21967,113549,1162098
2025-04-08,2025,4,8,port134,Beaumont,United States,USA,0,0,0,1,4,1,5,0,0,0,0,0,0,0,0,0,0,3547,156853,3547,160401,1162405
2025-04-09,2025,4,9,port134,Beaumont,United States,USA,0,0,0,0,3,0,3,0,0,0,0,0,0,0,0,0,0,0,61663,0,61663,1162407
2024-03-05,2024,3,5,port134,Beaumont,United States,USA,0,0,0,0,2,0,2,0,0,0,0,0,0,0,0,0,0,0,53073,0,53073,1162409
2025-04-10,2025,4,10,port134,Beaumont,United States,USA,0,1,0,0,6,1,7,0,0,0,0,0,0,0,0,16824,0,0,149731,16824,166556,1162410
2023-01-30,2023,1,30,port134,Beaumont,United States,USA,1,0,0,0,0,1,1,1016,0,0,0,0,1016,1016,204,0,0,0,0,204,204,1162411
2024-03-06,2024,3,6,port134,Beaumont,United States,USA,0,0,0,0,3,0,3,0,0,0,0,0,0,0,0,0,0,0,106851,0,106851,1162413
2023-01-31,2023,1,31,port134,Beaumont,United States,USA,0,0,0,0,0,0,0,0,0,0,0,0,0,0,0,0,0,0,0,0,0,1162414
2025-04-11,2025,4,11,port134,Beaumont,United States,USA,0,0,1,0,5,1,6,0,0,1563,0,28382,1563,29945,0,0,0,0,227625,0,227625,1162415
2024-03-07,2024,3,7,port134,Beaumont,United States,USA,0,0,0,0,3,0,3,0,0,0,0,0,0,0,0,0,0,0,137761,0,137761,1162417
2023-02-01,2023,2,1,port134,Beaumont,United States,USA,0,0,0,1,2,1,3,0,0,0,793,0,793,793,0,0,0,2256,78084,2256,80340,1162418
2025-04-12,2025,4,12,port134,Beaumont,United States,USA,0,0,0,0,3,0,3,0,0,0,0,0,0,0,0,0,0,0,136542,0,136542,1162419
2024-03-08,2024,3,8,port134,Beaumont,United States,USA,0,0,0,0,1,0,1,0,0,0,0,0,0,0,0,0,0,0,13934,0,13934,1162421
2023-02-02,2023,2,2,port134,Beaumont,United States,USA,0,0,0,0,5,0,5,0,0,0,0,1375,0,1375,0,0,0,0,91517,0,91517,1162422
2025-04-13,2025,4,13,port134,Beaumont,United States,USA,0,0,0,0,2,0,2,0,0,0,0,72474,0,72474,0,0,0,0,58619,0,58619,1162423
2024-03-09,2024,3,9,port134,Beaumont,United States,USA,0,1,0,0,5,1,6,0,0,0,0,0,0,0,0,25315,0,0,183256,25315,208571,1162425
2023-02-03,2023,2,3,port134,Beaumont,United States,USA,0,0,0,0,4,0,4,0,0,0,0,0,0,0,0,0,0,0,229256,0,229256,1162426
2025-04-14,2025,4,14,port134,Beaumont,United States,USA,0,0,0,0,2,0,2,0,0,0,0,0,0,0,0,0,0,0,0,0,0,1162427
2024-03-10,2024,3,10,port134,Beaumont,United States,USA,0,0,0,0,4,0,4,0,0,0,0,81040,0,81040,0,0,0,0,120932,0,120932,1162429
2023-02-04,2023,2,4,port134,Beaumont,United States,USA,0,1,0,0,4,1,5,0,0,0,0,12107,0,12107,0,35660,0,0,161976,35660,197637,1162430
2025-04-15,2025,4,15,port134,Beaumont,United States,USA,0,0,0,0,0,0,0,0,0,0,0,0,0,0,0,0,0,0,0,0,0,1162431
2024-03-11,2024,3,11,port134,Beaumont,United States,USA,0,0,0,0,4,0,4,0,0,0,0,360,0,360,0,0,0,0,187314,0,187314,1162434
2023-02-05,2023,2,5,port134,Beaumont,United States,USA,0,0,0,0,1,0,1,0,0,0,0,0,0,0,0,0,0,0,17160,0,17160,1162435
2025-04-16,2025,4,16,port134,Beaumont,United States,USA,0,0,1,0,3,1,4,0,0,8662,0,0,8662,8662,0,0,0,0,94038,0,94038,1162436
2023-02-06,2023,2,6,port134,Beaumont,United States,USA,0,0,0,0,4,0,4,0,0,0,0,0,0,0,0,0,0,0,55469,0,55469,1162437
2024-03-12,2024,3,12,port134,Beaumont,United States,USA,0,0,0,1,3,1,4,0,0,0,0,19019,0,19019,0,0,0,0,52673,0,52673,1162439
2025-04-17,2025,4,17,port134,Beaumont,United States,USA,0,0,0,0,5,0,5,0,0,0,0,0,0,0,0,0,0,0,249445,0,249445,1162440
2023-02-07,2023,2,7,port134,Beaumont,United States,USA,0,1,0,0,3,1,4,0,0,0,0,56020,0,56020,0,11714,0,0,68604,11714,80318,1162441
2024-03-13,2024,3,13,port134,Beaumont,United States,USA,0,1,0,0,2,1,3,0,2810,0,0,0,2810,2810,0,22385,0,0,76841,22385,99227,1162443
2025-04-18,2025,4,18,port134,Beaumont,United States,USA,0,0,1,0,5,1,6,0,0,1953,0,12107,1953,14060,0,0,0,0,85621,0,85621,1162444
2023-02-08,2023,2,8,port134,Beaumont,United States,USA,0,0,0,0,2,0,2,0,0,0,0,18970,0,18970,0,0,0,0,49211,0,49211,1162445
2024-03-14,2024,3,14,port134,Beaumont,United States,USA,0,0,0,0,3,0,3,0,0,0,0,720,0,720,0,0,0,0,125295,0,125295,1162447
2025-04-19,2025,4,19,port134,Beaumont,United States,USA,0,0,1,0,4,1,5,0,0,5695,0,5093,5695,10788,0,0,0,0,114435,0,114435,1162448
2023-02-09,2023,2,9,port134,Beaumont,United States,USA,0,0,0,0,4,0,4,0,0,0,0,0,0,0,0,0,0,0,48906,0,48906,1162449
2024-03-15,2024,3,15,port134,Beaumont,United States,USA,0,0,0,0,4,0,4,0,0,0,0,0,0,0,0,0,0,0,296167,0,296167,1162451
2025-04-20,2025,4,20,port134,Beaumont,United States,USA,0,0,1,0,1,1,2,0,0,0,0,0,0,0,0,0,14075,0,14951,14075,29026,1162452
2023-02-10,2023,2,10,port134,Beaumont,United States,USA,0,0,1,0,2,1,3,0,0,5046,0,0,5046,5046,0,0,2011,0,79692,2011,81704,1162453
2024-03-16,2024,3,16,port134,Beaumont,United States,USA,0,0,0,0,3,0,3,0,0,0,0,982,0,982,0,0,0,0,100321,0,100321,1162455
2025-04-21,2025,4,21,port134,Beaumont,United States,USA,0,0,0,0,4,0,4,0,0,0,0,0,0,0,0,0,0,0,134594,0,134594,1162456
2023-02-11,2023,2,11,port134,Beaumont,United States,USA,0,0,0,0,4,0,4,0,0,0,0,76399,0,76399,0,0,0,0,48340,0,48340,1162457
2024-03-17,2024,3,17,port134,Beaumont,United States,USA,0,0,0,0,5,0,5,0,0,0,0,65403,0,65403,0,0,0,0,105232,0,105232,1162459
2025-04-22,2025,4,22,port134,Beaumont,United States,USA,0,0,0,0,2,0,2,0,0,0,0,0,0,0,0,0,0,0,89397,0,89397,1162460
2023-02-12,2023,2,12,port134,Beaumont,United States,USA,0,0,0,0,2,0,2,0,0,0,0,0,0,0,0,0,0,0,47147,0,47147,1162461
2024-03-18,2024,3,18,port134,Beaumont,United States,USA,0,0,0,0,3,0,3,0,0,0,0,2150,0,2150,0,0,0,0,62471,0,62471,1162463
2025-04-23,2025,4,23,port134,Beaumont,United States,USA,0,1,0,0,1,1,2,0,0,0,0,0,0,0,0,51943,0,0,45073,51943,97017,1162464
2023-02-13,2023,2,13,port134,Beaumont,United States,USA,0,0,0,0,2,0,2,0,0,0,0,0,0,0,0,0,0,0,88061,0,88061,1162465
2024-03-19,2024,3,19,port134,Beaumont,United States,USA,0,0,0,0,3,0,3,0,0,0,0,0,0,0,0,0,0,0,132323,0,132323,1162467
2025-04-24,2025,4,24,port134,Beaumont,United States,USA,0,0,0,0,6,0,6,0,0,0,0,30901,0,30901,0,0,0,0,162568,0,162568,1162468
2023-02-14,2023,2,14,port134,Beaumont,United States,USA,0,0,0,0,4,0,4,0,0,0,0,3533,0,3533,0,0,0,0,133048,0,133048,1162469
2024-03-20,2024,3,20,port134,Beaumont,United States,USA,0,0,0,0,5,0,5,0,0,0,0,76539,0,76539,0,0,0,0,160728,0,160728,1162471
2025-04-25,2025,4,25,port134,Beaumont,United States,USA,0,0,0,0,2,0,2,0,0,0,0,12107,0,12107,0,0,0,0,43673,0,43673,1162472
2023-02-15,2023,2,15,port134,Beaumont,United States,USA,0,0,0,0,1,0,1,0,0,0,0,2076,0,2076,0,0,0,0,0,0,0,1162473
2023-02-16,2023,2,16,port134,Beaumont,United States,USA,0,1,0,0,7,1,8,0,0,0,0,79259,0,79259,0,19314,0,0,197589,19314,216903,1162474
2023-02-17,2023,2,17,port134,Beaumont,United States,USA,0,0,1,0,3,1,4,0,0,0,0,360,0,360,0,0,12877,0,87327,12877,100204,1162475
2023-02-18,2023,2,18,port134,Beaumont,United States,USA,0,0,0,0,1,0,1,0,0,0,0,12107,0,12107,0,0,0,0,39504,0,39504,1162476
2023-02-19,2023,2,19,port134,Beaumont,United States,USA,0,0,0,0,0,0,0,0,0,0,0,0,0,0,0,0,0,0,0,0,0,1162477
2023-02-20,2023,2,20,port134,Beaumont,United States,USA,0,0,0,0,4,0,4,0,0,0,0,360,0,360,0,0,0,0,139287,0,139287,1162478
2023-02-21,2023,2,21,port134,Beaumont,United States,USA,0,0,0,0,2,0,2,0,0,0,0,0,0,0,0,0,0,0,53040,0,53040,1162479
2023-02-22,2023,2,22,port134,Beaumont,United States,USA,0,0,0,0,3,0,3,0,0,0,0,0,0,0,0,0,0,0,164905,0,164905,1162480
2023-02-23,2023,2,23,port134,Beaumont,United States,USA,0,0,0,0,1,0,1,0,0,0,0,12107,0,12107,0,0,0,0,39504,0,39504,1162481
2023-02-24,2023,2,24,port134,Beaumont,United States,USA,0,0,0,0,2,0,2,0,0,0,0,0,0,0,0,0,0,0,17596,0,17596,1162482
2023-02-25,2023,2,25,port134,Beaumont,United States,USA,0,0,0,0,0,0,0,0,0,0,0,0,0,0,0,0,0,0,0,0,0,1162483
2023-02-26,2023,2,26,port134,Beaumont,United States,USA,0,0,0,0,1,0,1,0,0,0,0,21049,0,21049,0,0,0,0,0,0,0,1162484
2023-02-27,2023,2,27,port134,Beaumont,United States,USA,0,0,0,0,2,0,2,0,0,0,0,0,0,0,0,0,0,0,127542,0,127542,1162485
2023-02-28,2023,2,28,port134,Beaumont,United States,USA,0,0,0,0,4,0,4,0,0,0,0,0,0,0,0,0,0,0,136002,0,136002,1162486
2023-03-01,2023,3,1,port134,Beaumont,United States,USA,0,0,0,0,2,0,2,0,0,0,0,12107,0,12107,0,0,0,0,78438,0,78438,1162487
2023-03-02,2023,3,2,port134,Beaumont,United States,USA,0,0,0,0,8,0,8,0,0,0,0,74875,0,74875,0,0,0,0,181586,0,181586,1162488
2023-03-03,2023,3,3,port134,Beaumont,United States,USA,0,0,0,0,4,0,4,0,0,0,0,73004,0,73004,0,0,0,0,88905,0,88905,1162489
2023-03-04,2023,3,4,port134,Beaumont,United States,USA,0,0,0,0,3,0,3,0,0,0,0,0,0,0,0,0,0,0,79911,0,79911,1162490
2023-03-05,2023,3,5,port134,Beaumont,United States,USA,0,0,1,0,7,1,8,0,0,11186,0,10667,11186,21853,0,0,0,0,102818,0,102818,1162491
2023-03-06,2023,3,6,port134,Beaumont,United States,USA,0,0,0,0,2,0,2,0,0,0,0,0,0,0,0,0,0,0,99654,0,99654,1162492
2023-03-07,2023,3,7,port134,Beaumont,United States,USA,0,0,0,0,1,0,1,0,0,0,0,0,0,0,0,0,0,0,20959,0,20959,1162493
2023-03-08,2023,3,8,port134,Beaumont,United States,USA,0,0,0,0,2,0,2,0,0,0,0,0,0,0,0,0,0,0,146943,0,146943,1162494
2023-03-09,2023,3,9,port134,Beaumont,United States,USA,0,0,0,0,1,0,1,0,0,0,0,0,0,0,0,0,0,0,44249,0,44249,1162495
2023-03-10,2023,3,10,port134,Beaumont,United States,USA,0,0,0,0,10,0,10,0,0,0,0,1964,0,1964,0,0,0,0,375922,0,375922,1162496
2023-03-11,2023,3,11,port134,Beaumont,United States,USA,0,0,0,0,4,0,4,0,0,0,0,0,0,0,0,0,0,0,166152,0,166152,1162497
2023-03-12,2023,3,12,port134,Beaumont,United States,USA,0,0,0,0,5,0,5,0,0,0,0,77174,0,77174,0,0,0,0,157644,0,157644,1162498
2023-03-13,2023,3,13,port134,Beaumont,United States,USA,0,1,0,0,1,1,2,0,0,0,0,0,0,0,0,33392,0,0,36849,33392,70241,1162499
2023-03-14,2023,3,14,port134,Beaumont,United States,USA,0,1,0,0,7,1,8,0,0,0,0,90740,0,90740,0,37836,0,0,223012,37836,260849,1162500
2023-03-15,2023,3,15,port134,Beaumont,United States,USA,0,0,0,0,4,0,4,0,0,0,0,77947,0,77947,0,0,0,0,89191,0,89191,1162501
2023-03-16,2023,3,16,port134,Beaumont,United States,USA,0,0,0,0,5,0,5,0,0,0,0,0,0,0,0,0,0,0,186606,0,186606,1162502
2023-03-17,2023,3,17,port134,Beaumont,United States,USA,0,0,0,0,3,0,3,0,0,0,0,0,0,0,0,0,0,0,143089,0,143089,1162503
2023-03-18,2023,3,18,port134,Beaumont,United States,USA,0,0,0,1,5,1,6,0,0,0,0,13089,0,13089,0,0,0,0,158394,0,158394,1162504
2023-03-19,2023,3,19,port134,Beaumont,United States,USA,0,0,0,0,3,0,3,0,0,0,0,360,0,360,0,0,0,0,121665,0,121665,1162505
2023-03-20,2023,3,20,port134,Beaumont,United States,USA,0,1,0,0,1,1,2,0,0,0,0,0,0,0,0,12117,0,0,15268,12117,27386,1162506
2023-03-21,2023,3,21,port134,Beaumont,United States,USA,0,0,0,0,8,0,8,0,0,0,0,63388,0,63388,0,0,0,0,189283,0,189283,1162507
2023-03-22,2023,3,22,port134,Beaumont,United States,USA,0,0,0,0,2,0,2,0,0,0,0,0,0,0,0,0,0,0,62022,0,62022,1162508
2023-03-23,2023,3,23,port134,Beaumont,United States,USA,0,0,0,0,5,0,5,0,0,0,0,42416,0,42416,0,0,0,0,142281,0,142281,1162509
2023-03-24,2023,3,24,port134,Beaumont,United States,USA,0,0,0,0,1,0,1,0,0,0,0,0,0,0,0,0,0,0,50290,0,50290,1162510
2023-03-25,2023,3,25,port134,Beaumont,United States,USA,0,0,0,0,3,0,3,0,0,0,0,77494,0,77494,0,0,0,0,76540,0,76540,1162511
2023-03-26,2023,3,26,port134,Beaumont,United States,USA,0,0,0,0,4,0,4,0,0,0,0,55136,0,55136,0,0,0,0,85709,0,85709,1162512
2023-03-27,2023,3,27,port134,Beaumont,United States,USA,0,0,0,0,1,0,1,0,0,0,0,0,0,0,0,0,0,0,37714,0,37714,1162513
2023-03-28,2023,3,28,port134,Beaumont,United States,USA,0,1,0,0,5,1,6,0,0,0,0,0,0,0,0,9543,0,0,86991,9543,96535,1162514
2023-03-29,2023,3,29,port134,Beaumont,United States,USA,0,0,0,1,7,1,8,0,0,0,15816,77174,15816,92990,0,0,0,0,256503,0,256503,1162515
2023-03-30,2023,3,30,port134,Beaumont,United States,USA,0,0,0,0,4,0,4,0,0,0,0,982,0,982,0,0,0,0,145189,0,145189,1162516
2023-03-31,2023,3,31,port134,Beaumont,United States,USA,0,0,0,0,1,0,1,0,0,0,0,0,0,0,0,0,0,0,14196,0,14196,1162517
2023-04-01,2023,4,1,port134,Beaumont,United States,USA,0,0,0,0,2,0,2,0,0,0,0,0,0,0,0,0,0,0,58285,0,58285,1162518
2023-04-02,2023,4,2,port134,Beaumont,United States,USA,0,0,0,0,2,0,2,0,0,0,0,0,0,0,0,0,0,0,58344,0,58344,1162519
2023-04-03,2023,4,3,port134,Beaumont,United States,USA,0,0,0,0,0,0,0,0,0,0,0,0,0,0,0,0,0,0,0,0,0,1162520
2023-04-04,2023,4,4,port134,Beaumont,United States,USA,0,0,0,0,6,0,6,0,0,0,0,0,0,0,0,0,0,0,240899,0,240899,1162521
2023-04-05,2023,4,5,port134,Beaumont,United States,USA,0,0,0,0,2,0,2,0,0,0,0,360,0,360,0,0,0,0,33337,0,33337,1162522
2023-04-06,2023,4,6,port134,Beaumont,United States,USA,0,0,1,0,6,1,7,0,0,2100,0,12107,2100,14207,0,0,0,0,219645,0,219645,1162523
2023-04-07,2023,4,7,port134,Beaumont,United States,USA,0,0,0,0,6,0,6,0,0,0,0,142971,0,142971,0,0,0,0,116795,0,116795,1162524
2023-04-08,2023,4,8,port134,Beaumont,United States,USA,0,1,0,0,3,1,4,0,0,0,0,0,0,0,0,14374,0,0,122269,14374,136643,1162525
2023-04-09,2023,4,9,port134,Beaumont,United States,USA,0,0,0,0,2,0,2,0,0,0,0,94626,0,94626,0,0,0,0,0,0,0,1162526
2023-04-10,2023,4,10,port134,Beaumont,United States,USA,1,1,0,0,4,2,6,1016,0,0,0,21019,1016,22036,204,0,0,0,69152,204,69356,1162527
2023-04-11,2023,4,11,port134,Beaumont,United States,USA,0,0,0,0,4,0,4,0,0,0,0,80011,0,80011,0,0,0,0,90999,0,90999,1162528
2023-04-12,2023,4,12,port134,Beaumont,United States,USA,0,0,0,0,5,0,5,0,0,0,0,0,0,0,0,0,0,0,130291,0,130291,1162529
2023-04-13,2023,4,13,port134,Beaumont,United States,USA,0,0,0,0,8,0,8,0,0,0,0,12279,0,12279,0,0,0,0,214161,0,214161,1162530
2023-04-14,2023,4,14,port134,Beaumont,United States,USA,0,1,0,0,3,1,4,0,23355,0,0,0,23355,23355,0,0,0,0,59442,0,59442,1162531
2023-04-15,2023,4,15,port134,Beaumont,United States,USA,0,0,0,0,2,0,2,0,0,0,0,0,0,0,0,0,0,0,130018,0,130018,1162532
2023-04-16,2023,4,16,port134,Beaumont,United States,USA,0,0,0,0,2,0,2,0,0,0,0,0,0,0,0,0,0,0,111699,0,111699,1162533
2023-04-17,2023,4,17,port134,Beaumont,United States,USA,0,0,0,0,7,0,7,0,0,0,0,21705,0,21705,0,0,0,0,168821,0,168821,1162534
2023-04-18,2023,4,18,port134,Beaumont,United States,USA,0,0,0,0,4,0,4,0,0,0,0,360,0,360,0,0,0,0,116636,0,116636,1162535
2023-04-19,2023,4,19,port134,Beaumont,United States,USA,0,0,0,0,5,0,5,0,0,0,0,0,0,0,0,0,0,0,152458,0,152458,1162536
2023-04-20,2023,4,20,port134,Beaumont,United States,USA,0,0,0,0,6,0,6,0,0,0,0,46430,0,46430,0,0,0,0,107588,0,107588,1162537
2023-04-21,2023,4,21,port134,Beaumont,United States,USA,0,0,0,0,2,0,2,0,0,0,0,2524,0,2524,0,0,0,0,37810,0,37810,1162538
2023-04-22,2023,4,22,port134,Beaumont,United States,USA,0,0,0,0,4,0,4,0,0,0,0,0,0,0,0,0,0,0,124884,0,124884,1162539
2023-04-23,2023,4,23,port134,Beaumont,United States,USA,0,0,0,0,4,0,4,0,0,0,0,76670,0,76670,0,0,0,0,93863,0,93863,1162540
2023-04-24,2023,4,24,port134,Beaumont,United States,USA,0,0,0,0,5,0,5,0,0,0,0,48121,0,48121,0,0,0,0,178382,0,178382,1162541
2023-04-25,2023,4,25,port134,Beaumont,United States,USA,0,0,1,0,0,1,1,0,0,12157,0,0,12157,12157,0,0,0,0,0,0,0,1162542
2023-04-26,2023,4,26,port134,Beaumont,United States,USA,0,0,0,0,3,0,3,0,0,0,0,78168,0,78168,0,0,0,0,98245,0,98245,1162543
2023-04-27,2023,4,27,port134,Beaumont,United States,USA,0,0,0,0,4,0,4,0,0,0,0,0,0,0,0,0,0,0,147700,0,147700,1162544
2023-04-28,2023,4,28,port134,Beaumont,United States,USA,0,1,0,0,4,1,5,0,0,0,0,4950,0,4950,0,0,0,0,109812,0,109812,1162545
2023-04-29,2023,4,29,port134,Beaumont,United States,USA,0,0,0,0,7,0,7,0,0,0,0,132306,0,132306,0,0,0,0,282920,0,282920,1162546
2023-04-30,2023,4,30,port134,Beaumont,United States,USA,0,0,0,0,5,0,5,0,0,0,0,0,0,0,0,0,0,0,186986,0,186986,1162547
2023-05-01,2023,5,1,port134,Beaumont,United States,USA,0,0,0,0,3,0,3,0,0,0,0,0,0,0,0,0,0,0,52732,0,52732,1162548
2023-05-02,2023,5,2,port134,Beaumont,United States,USA,0,0,0,0,5,0,5,0,0,0,0,108969,0,108969,0,0,0,0,85409,0,85409,1162549
2023-05-03,2023,5,3,port134,Beaumont,United States,USA,0,0,1,0,3,1,4,0,0,5625,0,0,5625,5625,0,0,0,0,165077,0,165077,1162550
2023-05-04,2023,5,4,port134,Beaumont,United States,USA,0,0,0,0,3,0,3,0,0,0,0,0,0,0,0,0,0,0,144668,0,144668,1162551
2023-05-05,2023,5,5,port134,Beaumont,United States,USA,0,0,0,0,1,0,1,0,0,0,0,12107,0,12107,0,0,0,0,39504,0,39504,1162552
2023-05-06,2023,5,6,port134,Beaumont,United States,USA,0,0,0,0,4,0,4,0,0,0,0,360,0,360,0,0,0,0,146875,0,146875,1162553
2023-05-07,2023,5,7,port134,Beaumont,United States,USA,0,0,0,0,1,0,1,0,0,0,0,0,0,0,0,0,0,0,36818,0,36818,1162554
2023-05-08,2023,5,8,port134,Beaumont,United States,USA,0,0,0,0,4,0,4,0,0,0,0,13022,0,13022,0,0,0,0,147976,0,147976,1162555
2023-05-09,2023,5,9,port134,Beaumont,United States,USA,0,0,0,0,3,0,3,0,0,0,0,0,0,0,0,0,0,0,103364,0,103364,1162556
2023-05-10,2023,5,10,port134,Beaumont,United States,USA,0,0,0,0,3,0,3,0,0,0,0,79625,0,79625,0,0,0,0,76324,0,76324,1162557
2023-05-11,2023,5,11,port134,Beaumont,United States,USA,0,0,0,0,3,0,3,0,0,0,0,0,0,0,0,0,0,0,127360,0,127360,1162558
2023-05-12,2023,5,12,port134,Beaumont,United States,USA,0,0,0,0,6,0,6,0,0,0,0,60153,0,60153,0,0,0,0,52590,0,52590,1162559
2023-05-13,2023,5,13,port134,Beaumont,United States,USA,0,1,0,0,3,1,4,0,0,0,0,982,0,982,0,45528,0,0,84445,45528,129973,1162560
2023-05-14,2023,5,14,port134,Beaumont,United States,USA,0,0,0,0,2,0,2,0,0,0,0,982,0,982,0,0,0,0,68750,0,68750,1162561
2023-05-15,2023,5,15,port134,Beaumont,United States,USA,0,0,0,0,3,0,3,0,0,0,0,0,0,0,0,0,0,0,143365,0,143365,1162562
2023-05-16,2023,5,16,port134,Beaumont,United States,USA,0,0,0,0,6,0,6,0,0,0,0,360,0,360,0,0,0,0,278093,0,278093,1162563
2023-05-17,2023,5,17,port134,Beaumont,United States,USA,0,0,0,0,1,0,1,0,0,0,0,0,0,0,0,0,0,0,52982,0,52982,1162564
2023-05-18,2023,5,18,port134,Beaumont,United States,USA,0,2,0,0,7,2,9,0,25999,0,0,90508,25999,116507,0,30240,0,0,232477,30240,262717,1162565
2023-05-19,2023,5,19,port134,Beaumont,United States,USA,0,0,0,1,4,1,5,0,0,0,0,78888,0,78888,0,0,0,0,107200,0,107200,1162566
2023-05-20,2023,5,20,port134,Beaumont,United States,USA,0,0,0,0,2,0,2,0,0,0,0,25546,0,25546,0,0,0,0,28860,0,28860,1162567
2023-05-21,2023,5,21,port134,Beaumont,United States,USA,0,0,0,0,6,0,6,0,0,0,0,11386,0,11386,0,0,0,0,146855,0,146855,1162568
2023-05-22,2023,5,22,port134,Beaumont,United States,USA,0,0,0,0,2,0,2,0,0,0,0,0,0,0,0,0,0,0,59932,0,59932,1162569
2023-05-23,2023,5,23,port134,Beaumont,United States,USA,0,0,0,0,5,0,5,0,0,0,0,360,0,360,0,0,0,0,194018,0,194018,1162570
2023-05-24,2023,5,24,port134,Beaumont,United States,USA,0,0,0,0,2,0,2,0,0,0,0,76996,0,76996,0,0,0,0,34790,0,34790,1162571
2023-05-25,2023,5,25,port134,Beaumont,United States,USA,0,0,0,0,4,0,4,0,0,0,0,0,0,0,0,0,0,0,101273,0,101273,1162572
2023-05-26,2023,5,26,port134,Beaumont,United States,USA,0,0,0,1,5,1,6,0,0,0,0,80674,0,80674,0,0,0,0,90474,0,90474,1162573
2023-05-27,2023,5,27,port134,Beaumont,United States,USA,0,0,0,0,2,0,2,0,0,0,0,0,0,0,0,0,0,0,71147,0,71147,1162574
2023-05-28,2023,5,28,port134,Beaumont,United States,USA,0,0,0,0,2,0,2,0,0,0,0,25332,0,25332,0,0,0,0,64653,0,64653,1162575
2023-05-29,2023,5,29,port134,Beaumont,United States,USA,0,0,0,0,3,0,3,0,0,0,0,360,0,360,0,0,0,0,87445,0,87445,1162576
2023-05-30,2023,5,30,port134,Beaumont,United States,USA,0,0,1,0,7,1,8,0,0,5774,0,81467,5774,87242,0,0,0,0,146141,0,146141,1162577
2023-05-31,2023,5,31,port134,Beaumont,United States,USA,0,0,0,0,3,0,3,0,0,0,0,19042,0,19042,0,0,0,0,108707,0,108707,1162578
2023-06-01,2023,6,1,port134,Beaumont,United States,USA,0,0,0,0,3,0,3,0,0,0,0,78121,0,78121,0,0,0,0,90622,0,90622,1162579
2023-06-02,2023,6,2,port134,Beaumont,United States,USA,0,0,0,0,6,0,6,0,0,0,0,0,0,0,0,0,0,0,212018,0,212018,1162580
2023-06-03,2023,6,3,port134,Beaumont,United States,USA,0,0,1,0,3,1,4,0,0,0,0,0,0,0,0,0,685,0,126349,685,127034,1162581
2023-06-04,2023,6,4,port134,Beaumont,United States,USA,0,0,0,0,3,0,3,0,0,0,0,125766,0,125766,0,0,0,0,50290,0,50290,1162582
2023-06-05,2023,6,5,port134,Beaumont,United States,USA,0,0,0,0,1,0,1,0,0,0,0,0,0,0,0,0,0,0,0,0,0,1162583
2023-06-06,2023,6,6,port134,Beaumont,United States,USA,0,0,1,0,2,1,3,0,0,0,0,360,0,360,0,0,0,0,75100,0,75100,1162584
2023-06-07,2023,6,7,port134,Beaumont,United States,USA,0,0,0,0,4,0,4,0,0,0,0,982,0,982,0,0,0,0,123157,0,123157,1162585
2023-06-08,2023,6,8,port134,Beaumont,United States,USA,0,0,0,0,2,0,2,0,0,0,0,0,0,0,0,0,0,0,22121,0,22121,1162586
2023-06-09,2023,6,9,port134,Beaumont,United States,USA,0,0,0,0,3,0,3,0,0,0,0,982,0,982,0,0,0,0,82105,0,82105,1162587
2023-06-10,2023,6,10,port134,Beaumont,United States,USA,0,0,0,0,6,0,6,0,0,0,0,0,0,0,0,0,0,0,315719,0,315719,1162588
2023-06-11,2023,6,11,port134,Beaumont,United States,USA,0,0,0,0,4,0,4,0,0,0,0,79444,0,79444,0,0,0,0,46665,0,46665,1162589
2023-06-12,2023,6,12,port134,Beaumont,United States,USA,0,0,0,0,1,0,1,0,0,0,0,360,0,360,0,0,0,0,33337,0,33337,1162590
2023-06-13,2023,6,13,port134,Beaumont,United States,USA,0,1,0,0,4,1,5,0,0,0,0,0,0,0,0,42322,0,0,75623,42322,117946,1162591
2023-06-14,2023,6,14,port134,Beaumont,United States,USA,0,0,0,0,4,0,4,0,0,0,0,0,0,0,0,0,0,0,184011,0,184011,1162592
2023-06-15,2023,6,15,port134,Beaumont,United States,USA,0,0,0,0,3,0,3,0,0,0,0,78121,0,78121,0,0,0,0,83571,0,83571,1162593
2023-06-16,2023,6,16,port134,Beaumont,United States,USA,0,0,0,0,2,0,2,0,0,0,0,0,0,0,0,0,0,0,81987,0,81987,1162594
2023-06-17,2023,6,17,port134,Beaumont,United States,USA,0,0,1,0,8,1,9,0,0,11689,0,982,11689,12671,0,0,0,0,234387,0,234387,1162595
2023-06-18,2023,6,18,port134,Beaumont,United States,USA,0,0,0,0,4,0,4,0,0,0,0,360,0,360,0,0,0,0,168161,0,168161,1162596
2023-06-19,2023,6,19,port134,Beaumont,United States,USA,0,0,0,0,0,0,0,0,0,0,0,0,0,0,0,0,0,0,0,0,0,1162597
2023-06-20,2023,6,20,port134,Beaumont,United States,USA,0,0,0,0,5,0,5,0,0,0,0,0,0,0,0,0,0,0,206422,0,206422,1162598
2023-06-21,2023,6,21,port134,Beaumont,United States,USA,0,1,0,1,1,2,3,0,0,0,0,0,0,0,0,41185,0,16469,41869,57654,99524,1162599
2023-06-22,2023,6,22,port134,Beaumont,United States,USA,0,0,0,0,3,0,3,0,0,0,0,12467,0,12467,0,0,0,0,72842,0,72842,1162600
2023-06-23,2023,6,23,port134,Beaumont,United States,USA,0,0,0,0,4,0,4,0,0,0,0,79066,0,79066,0,0,0,0,61336,0,61336,1162601
2023-06-24,2023,6,24,port134,Beaumont,United States,USA,0,0,0,0,4,0,4,0,0,0,0,0,0,0,0,0,0,0,216804,0,216804,1162602
2023-06-25,2023,6,25,port134,Beaumont,United States,USA,0,0,0,0,0,0,0,0,0,0,0,0,0,0,0,0,0,0,0,0,0,1162603
2023-06-26,2023,6,26,port134,Beaumont,United States,USA,0,0,0,0,4,0,4,0,0,0,0,77587,0,77587,0,0,0,0,78133,0,78133,1162604
2023-06-27,2023,6,27,port134,Beaumont,United States,USA,0,0,0,0,4,0,4,0,0,0,0,0,0,0,0,0,0,0,116126,0,116126,1162605
2023-06-28,2023,6,28,port134,Beaumont,United States,USA,0,0,0,0,3,0,3,0,0,0,0,7093,0,7093,0,0,0,0,88953,0,88953,1162606
2023-06-29,2023,6,29,port134,Beaumont,United States,USA,0,1,0,1,2,2,4,0,0,0,0,1964,0,1964,0,12039,0,3693,50812,15732,66545,1162607
2023-06-30,2023,6,30,port134,Beaumont,United States,USA,0,0,0,0,6,0,6,0,0,0,0,12107,0,12107,0,0,0,0,144996,0,144996,1162608
2023-07-01,2023,7,1,port134,Beaumont,United States,USA,0,0,0,0,3,0,3,0,0,0,0,0,0,0,0,0,0,0,87193,0,87193,1162609
2023-07-02,2023,7,2,port134,Beaumont,United States,USA,0,0,0,0,2,0,2,0,0,0,0,0,0,0,0,0,0,0,73844,0,73844,1162610
2023-07-03,2023,7,3,port134,Beaumont,United States,USA,0,0,0,0,4,0,4,0,0,0,0,54352,0,54352,0,0,0,0,71377,0,71377,1162611
2023-07-04,2023,7,4,port134,Beaumont,United States,USA,0,0,0,0,2,0,2,0,0,0,0,0,0,0,0,0,0,0,28231,0,28231,1162612
2023-07-05,2023,7,5,port134,Beaumont,United States,USA,0,0,0,0,5,0,5,0,0,0,0,77947,0,77947,0,0,0,0,106371,0,106371,1162613
2023-07-06,2023,7,6,port134,Beaumont,United States,USA,0,0,0,0,2,0,2,0,0,0,0,0,0,0,0,0,0,0,76106,0,76106,1162614
2023-07-07,2023,7,7,port134,Beaumont,United States,USA,0,0,0,0,2,0,2,0,0,0,0,0,0,0,0,0,0,0,62636,0,62636,1162615
2023-07-08,2023,7,8,port134,Beaumont,United States,USA,0,0,0,0,6,0,6,0,0,0,0,158432,0,158432,0,0,0,0,156959,0,156959,1162616
2023-07-09,2023,7,9,port134,Beaumont,United States,USA,0,0,0,0,1,0,1,0,0,0,0,0,0,0,0,0,0,0,52541,0,52541,1162617
2023-07-10,2023,7,10,port134,Beaumont,United States,USA,0,0,0,0,2,0,2,0,0,0,0,0,0,0,0,0,0,0,95433,0,95433,1162618
2023-07-11,2023,7,11,port134,Beaumont,United States,USA,0,0,0,0,3,0,3,0,0,0,0,0,0,0,0,0,0,0,160644,0,160644,1162619
2023-07-12,2023,7,12,port134,Beaumont,United States,USA,0,0,0,0,4,0,4,0,0,0,0,360,0,360,0,0,0,0,127684,0,127684,1162620
2023-07-13,2023,7,13,port134,Beaumont,United States,USA,0,1,0,0,4,1,5,0,0,0,0,126219,0,126219,0,51590,0,0,69795,51590,121386,1162621
2023-07-14,2023,7,14,port134,Beaumont,United States,USA,0,0,0,0,6,0,6,0,0,0,0,12107,0,12107,0,0,0,0,177211,0,177211,1162622
2023-07-15,2023,7,15,port134,Beaumont,United States,USA,0,0,0,0,3,0,3,0,0,0,0,0,0,0,0,0,0,0,58037,0,58037,1162623
2023-07-16,2023,7,16,port134,Beaumont,United States,USA,0,0,0,1,2,1,3,0,0,0,0,0,0,0,0,0,0,1133,86407,1133,87541,1162624
2023-07-17,2023,7,17,port134,Beaumont,United States,USA,0,0,0,0,4,0,4,0,0,0,0,53982,0,53982,0,0,0,0,117863,0,117863,1162625
2023-07-18,2023,7,18,port134,Beaumont,United States,USA,0,0,0,1,0,1,1,0,0,0,0,0,0,0,0,0,0,0,0,0,0,1162626
2023-07-19,2023,7,19,port134,Beaumont,United States,USA,0,1,1,0,4,2,6,0,0,5046,0,77587,5046,82633,0,53448,2011,0,88758,55460,144218,1162627
2023-07-20,2023,7,20,port134,Beaumont,United States,USA,0,0,0,0,3,0,3,0,0,0,0,360,0,360,0,0,0,0,89155,0,89155,1162628
2023-07-21,2023,7,21,port134,Beaumont,United States,USA,0,0,0,0,2,0,2,0,0,0,0,0,0,0,0,0,0,0,7315,0,7315,1162629
2023-07-22,2023,7,22,port134,Beaumont,United States,USA,0,0,0,0,2,0,2,0,0,0,0,0,0,0,0,0,0,0,51804,0,51804,1162630
2023-07-23,2023,7,23,port134,Beaumont,United States,USA,0,0,0,0,5,0,5,0,0,0,0,63539,0,63539,0,0,0,0,56868,0,56868,1162631
2023-07-24,2023,7,24,port134,Beaumont,United States,USA,0,0,0,0,5,0,5,0,0,0,0,0,0,0,0,0,0,0,117652,0,117652,1162632
2023-07-25,2023,7,25,port134,Beaumont,United States,USA,0,0,0,0,2,0,2,0,0,0,0,0,0,0,0,0,0,0,98742,0,98742,1162633
2023-07-26,2023,7,26,port134,Beaumont,United States,USA,0,0,1,0,3,1,4,0,0,12459,0,0,12459,12459,0,0,0,0,105179,0,105179,1162634
2023-07-27,2023,7,27,port134,Beaumont,United States,USA,0,0,0,0,4,0,4,0,0,0,0,0,0,0,0,0,0,0,87308,0,87308,1162635
2023-07-28,2023,7,28,port134,Beaumont,United States,USA,0,1,0,0,3,1,4,0,59479,0,0,163133,59479,222612,0,0,0,0,14242,0,14242,1162636
2023-07-29,2023,7,29,port134,Beaumont,United States,USA,0,0,0,0,4,0,4,0,0,0,0,0,0,0,0,0,0,0,93438,0,93438,1162637
2023-07-30,2023,7,30,port134,Beaumont,United States,USA,0,0,0,0,1,0,1,0,0,0,0,0,0,0,0,0,0,0,47368,0,47368,1162638
2023-07-31,2023,7,31,port134,Beaumont,United States,USA,0,0,0,0,0,0,0,0,0,0,0,0,0,0,0,0,0,0,0,0,0,1162639
2023-08-01,2023,8,1,port134,Beaumont,United States,USA,0,0,0,1,6,1,7,0,0,0,793,360,793,1154,0,0,0,2256,193085,2256,195341,1162640
2023-08-02,2023,8,2,port134,Beaumont,United States,USA,0,1,0,0,0,1,1,0,0,0,0,0,0,0,0,21206,0,0,0,21206,21206,1162641
2023-08-03,2023,8,3,port134,Beaumont,United States,USA,0,0,0,0,0,0,0,0,0,0,0,0,0,0,0,0,0,0,0,0,0,1162642
2023-08-04,2023,8,4,port134,Beaumont,United States,USA,0,0,0,0,3,0,3,0,0,0,0,0,0,0,0,0,0,0,108701,0,108701,1162643
2023-08-05,2023,8,5,port134,Beaumont,United States,USA,0,0,0,0,3,0,3,0,0,0,0,982,0,982,0,0,0,0,25406,0,25406,1162644
2023-08-06,2023,8,6,port134,Beaumont,United States,USA,0,0,0,0,4,0,4,0,0,0,0,0,0,0,0,0,0,0,126426,0,126426,1162645
2023-08-07,2023,8,7,port134,Beaumont,United States,USA,0,0,0,0,2,0,2,0,0,0,0,76799,0,76799,0,0,0,0,36242,0,36242,1162646
2023-08-08,2023,8,8,port134,Beaumont,United States,USA,0,1,0,0,3,1,4,0,0,0,0,0,0,0,0,2270,0,0,26014,2270,28284,1162647
2023-08-09,2023,8,9,port134,Beaumont,United States,USA,0,0,0,0,3,0,3,0,0,0,0,0,0,0,0,0,0,0,98393,0,98393,1162648
2023-08-10,2023,8,10,port134,Beaumont,United States,USA,0,0,1,0,5,1,6,0,0,0,0,18850,0,18850,0,0,13378,0,146182,13378,159560,1162649
2023-08-11,2023,8,11,port134,Beaumont,United States,USA,0,0,0,0,5,0,5,0,0,0,0,360,0,360,0,0,0,0,156961,0,156961,1162650
2023-08-12,2023,8,12,port134,Beaumont,United States,USA,0,0,1,0,3,1,4,0,0,0,0,0,0,0,0,0,2165,0,122211,2165,124376,1162651
2023-08-13,2023,8,13,port134,Beaumont,United States,USA,0,0,0,0,1,0,1,0,0,0,0,0,0,0,0,0,0,0,7188,0,7188,1162652
2023-08-14,2023,8,14,port134,Beaumont,United States,USA,0,0,0,0,4,0,4,0,0,0,0,0,0,0,0,0,0,0,160459,0,160459,1162653
2023-08-15,2023,8,15,port134,Beaumont,United States,USA,0,1,0,0,1,1,2,0,14012,0,0,0,14012,14012,0,0,0,0,39784,0,39784,1162654
2023-08-16,2023,8,16,port134,Beaumont,United States,USA,0,1,0,0,6,1,7,0,0,0,0,135026,0,135026,0,50515,0,0,118047,50515,168563,1162655
2023-08-17,2023,8,17,port134,Beaumont,United States,USA,0,0,0,0,4,0,4,0,0,0,0,0,0,0,0,0,0,0,145647,0,145647,1162656
2023-08-18,2023,8,18,port134,Beaumont,United States,USA,0,0,0,0,4,0,4,0,0,0,0,0,0,0,0,0,0,0,133017,0,133017,1162657
2023-08-19,2023,8,19,port134,Beaumont,United States,USA,0,0,0,0,7,0,7,0,0,0,0,27933,0,27933,0,0,0,0,156602,0,156602,1162658
2023-08-20,2023,8,20,port134,Beaumont,United States,USA,0,0,0,0,4,0,4,0,0,0,0,0,0,0,0,0,0,0,113982,0,113982,1162659
2023-08-21,2023,8,21,port134,Beaumont,United States,USA,0,0,0,0,4,0,4,0,0,0,0,5566,0,5566,0,0,0,0,160125,0,160125,1162660
2023-08-22,2023,8,22,port134,Beaumont,United States,USA,0,0,0,0,2,0,2,0,0,0,0,0,0,0,0,0,0,0,106277,0,106277,1162661
2023-08-23,2023,8,23,port134,Beaumont,United States,USA,0,0,0,0,2,0,2,0,0,0,0,78168,0,78168,0,0,0,0,7325,0,7325,1162662
2023-08-24,2023,8,24,port134,Beaumont,United States,USA,0,0,0,0,1,0,1,0,0,0,0,982,0,982,0,0,0,0,25406,0,25406,1162663
2023-08-25,2023,8,25,port134,Beaumont,United States,USA,0,0,0,0,6,0,6,0,0,0,0,0,0,0,0,0,0,0,193150,0,193150,1162664
2023-08-26,2023,8,26,port134,Beaumont,United States,USA,0,0,0,0,4,0,4,0,0,0,0,17399,0,17399,0,0,0,0,91096,0,91096,1162665
2023-08-27,2023,8,27,port134,Beaumont,United States,USA,0,0,0,0,3,0,3,0,0,0,0,0,0,0,0,0,0,0,146607,0,146607,1162666
2023-08-28,2023,8,28,port134,Beaumont,United States,USA,0,1,0,0,1,1,2,0,0,0,0,360,0,360,0,36679,0,0,33337,36679,70017,1162667
2023-08-29,2023,8,29,port134,Beaumont,United States,USA,0,1,0,0,6,1,7,0,0,0,0,78121,0,78121,0,42996,0,0,138490,42996,181487,1162668
2023-08-30,2023,8,30,port134,Beaumont,United States,USA,0,0,0,0,2,0,2,0,0,0,0,27513,0,27513,0,0,0,0,12552,0,12552,1162669
2023-08-31,2023,8,31,port134,Beaumont,United States,USA,0,0,0,0,4,0,4,0,0,0,0,78168,0,78168,0,0,0,0,129751,0,129751,1162670
2023-09-01,2023,9,1,port134,Beaumont,United States,USA,0,0,0,1,3,1,4,0,0,0,3598,0,3598,3598,0,0,0,0,149846,0,149846,1162671
2023-09-02,2023,9,2,port134,Beaumont,United States,USA,0,0,0,0,3,0,3,0,0,0,0,76791,0,76791,0,0,0,0,79235,0,79235,1162672
2023-09-03,2023,9,3,port134,Beaumont,United States,USA,0,0,1,0,3,1,4,0,0,5046,0,82644,5046,87690,0,0,2011,0,6879,2011,8891,1162673
2023-09-04,2023,9,4,port134,Beaumont,United States,USA,0,0,0,0,2,0,2,0,0,0,0,0,0,0,0,0,0,0,53311,0,53311,1162674
2023-09-05,2023,9,5,port134,Beaumont,United States,USA,0,1,0,0,3,1,4,0,0,0,0,0,0,0,0,15837,0,0,99679,15837,115516,1162675
2023-09-06,2023,9,6,port134,Beaumont,United States,USA,0,0,0,0,3,0,3,0,0,0,0,0,0,0,0,0,0,0,151641,0,151641,1162676
2023-09-07,2023,9,7,port134,Beaumont,United States,USA,0,0,0,0,3,0,3,0,0,0,0,0,0,0,0,0,0,0,62412,0,62412,1162677
2023-09-08,2023,9,8,port134,Beaumont,United States,USA,0,0,0,0,4,0,4,0,0,0,0,22806,0,22806,0,0,0,0,104490,0,104490,1162678
2023-09-09,2023,9,9,port134,Beaumont,United States,USA,0,0,0,0,3,0,3,0,0,0,0,78879,0,78879,0,0,0,0,85679,0,85679,1162679
2023-09-10,2023,9,10,port134,Beaumont,United States,USA,0,0,0,0,0,0,0,0,0,0,0,0,0,0,0,0,0,0,0,0,0,1162680
2023-09-11,2023,9,11,port134,Beaumont,United States,USA,0,0,0,0,3,0,3,0,0,0,0,0,0,0,0,0,0,0,106790,0,106790,1162681
2023-09-12,2023,9,12,port134,Beaumont,United States,USA,0,0,0,0,7,0,7,0,0,0,0,12467,0,12467,0,0,0,0,308663,0,308663,1162682
2023-09-13,2023,9,13,port134,Beaumont,United States,USA,0,0,0,0,0,0,0,0,0,0,0,0,0,0,0,0,0,0,0,0,0,1162683
2023-09-14,2023,9,14,port134,Beaumont,United States,USA,0,0,0,0,4,0,4,0,0,0,0,0,0,0,0,0,0,0,98931,0,98931,1162684
2023-09-15,2023,9,15,port134,Beaumont,United States,USA,0,0,0,0,4,0,4,0,0,0,0,13089,0,13089,0,0,0,0,140265,0,140265,1162685
2023-09-16,2023,9,16,port134,Beaumont,United States,USA,0,0,0,0,3,0,3,0,0,0,0,0,0,0,0,0,0,0,63376,0,63376,1162686
2023-09-17,2023,9,17,port134,Beaumont,United States,USA,0,1,0,0,2,1,3,0,0,0,0,982,0,982,0,36306,0,0,81445,36306,117751,1162687
2023-09-18,2023,9,18,port134,Beaumont,United States,USA,1,0,0,0,1,1,2,1016,0,0,0,0,1016,1016,204,0,0,0,51231,204,51435,1162688
2023-09-19,2023,9,19,port134,Beaumont,United States,USA,0,0,0,0,4,0,4,0,0,0,0,87660,0,87660,0,0,0,0,99157,0,99157,1162689
2023-09-20,2023,9,20,port134,Beaumont,United States,USA,1,0,0,0,4,1,5,0,0,0,0,70981,0,70981,0,0,0,0,120368,0,120368,1162690
2023-09-21,2023,9,21,port134,Beaumont,United States,USA,0,0,0,0,3,0,3,0,0,0,0,0,0,0,0,0,0,0,79229,0,79229,1162691
2023-09-22,2023,9,22,port134,Beaumont,United States,USA,0,0,0,0,4,0,4,0,0,0,0,0,0,0,0,0,0,0,196691,0,196691,1162692
2023-09-23,2023,9,23,port134,Beaumont,United States,USA,0,0,0,0,2,0,2,0,0,0,0,0,0,0,0,0,0,0,97128,0,97128,1162693
2023-09-24,2023,9,24,port134,Beaumont,United States,USA,0,0,1,0,3,1,4,0,0,12334,0,79417,12334,91751,0,0,0,0,109026,0,109026,1162694
2023-09-25,2023,9,25,port134,Beaumont,United States,USA,0,1,0,0,2,1,3,0,0,0,0,0,0,0,0,35582,0,0,56780,35582,92362,1162695
2023-09-26,2023,9,26,port134,Beaumont,United States,USA,0,0,0,1,6,1,7,0,0,0,655,33463,655,34118,0,0,0,0,235934,0,235934,1162696
2023-09-27,2023,9,27,port134,Beaumont,United States,USA,0,0,0,0,5,0,5,0,0,0,0,41218,0,41218,0,0,0,0,94407,0,94407,1162697
2023-09-28,2023,9,28,port134,Beaumont,United States,USA,0,0,0,0,3,0,3,0,0,0,0,79116,0,79116,0,0,0,0,148908,0,148908,1162698
2023-09-29,2023,9,29,port134,Beaumont,United States,USA,0,0,0,0,4,0,4,0,0,0,0,78659,0,78659,0,0,0,0,81128,0,81128,1162699
2023-09-30,2023,9,30,port134,Beaumont,United States,USA,0,0,0,0,4,0,4,0,0,0,0,31890,0,31890,0,0,0,0,65240,0,65240,1162700
2023-10-01,2023,10,1,port134,Beaumont,United States,USA,0,1,0,0,4,1,5,0,0,0,0,19805,0,19805,0,31933,0,0,101435,31933,133368,1162701
2023-10-02,2023,10,2,port134,Beaumont,United States,USA,0,0,0,0,1,0,1,0,0,0,0,0,0,0,0,0,0,0,10502,0,10502,1162702
2023-10-03,2023,10,3,port134,Beaumont,United States,USA,0,0,0,0,4,0,4,0,0,0,0,0,0,0,0,0,0,0,109644,0,109644,1162703
2023-10-04,2023,10,4,port134,Beaumont,United States,USA,0,0,0,0,3,0,3,0,0,0,0,80778,0,80778,0,0,0,0,55939,0,55939,1162704
2023-10-05,2023,10,5,port134,Beaumont,United States,USA,0,0,0,0,0,0,0,0,0,0,0,0,0,0,0,0,0,0,0,0,0,1162705
2023-10-06,2023,10,6,port134,Beaumont,United States,USA,0,0,0,0,5,0,5,0,0,0,0,14710,0,14710,0,0,0,0,91889,0,91889,1162706
2023-10-07,2023,10,7,port134,Beaumont,United States,USA,0,1,0,0,2,1,3,0,0,0,0,0,0,0,0,11564,0,0,105037,11564,116601,1162707
2023-10-08,2023,10,8,port134,Beaumont,United States,USA,0,0,0,0,1,0,1,0,0,0,0,0,0,0,0,0,0,0,52631,0,52631,1162708
2023-10-09,2023,10,9,port134,Beaumont,United States,USA,0,0,0,0,6,0,6,0,0,0,0,360,0,360,0,0,0,0,275878,0,275878,1162709
2023-10-10,2023,10,10,port134,Beaumont,United States,USA,0,0,0,0,3,0,3,0,0,0,0,0,0,0,0,0,0,0,128607,0,128607,1162710
2023-10-11,2023,10,11,port134,Beaumont,United States,USA,0,0,0,0,3,0,3,0,0,0,0,87794,0,87794,0,0,0,0,83946,0,83946,1162711
2023-10-12,2023,10,12,port134,Beaumont,United States,USA,0,0,0,0,5,0,5,0,0,0,0,982,0,982,0,0,0,0,213720,0,213720,1162712
2023-10-13,2023,10,13,port134,Beaumont,United States,USA,0,1,0,0,4,1,5,0,0,0,0,360,0,360,0,35177,0,0,217494,35177,252671,1162713
2023-10-14,2023,10,14,port134,Beaumont,United States,USA,0,0,0,0,2,0,2,0,0,0,0,0,0,0,0,0,0,0,65890,0,65890,1162714
2023-10-15,2023,10,15,port134,Beaumont,United States,USA,0,0,0,0,1,0,1,0,0,0,0,0,0,0,0,0,0,0,42905,0,42905,1162715
2023-10-16,2023,10,16,port134,Beaumont,United States,USA,0,0,0,0,3,0,3,0,0,0,0,19402,0,19402,0,0,0,0,73529,0,73529,1162716
2023-10-17,2023,10,17,port134,Beaumont,United States,USA,0,0,0,0,6,0,6,0,0,0,0,12664,0,12664,0,0,0,0,153733,0,153733,1162717
2023-10-18,2023,10,18,port134,Beaumont,United States,USA,0,0,0,0,6,0,6,0,0,0,0,0,0,0,0,0,0,0,260400,0,260400,1162718
2023-10-19,2023,10,19,port134,Beaumont,United States,USA,0,0,0,0,1,0,1,0,0,0,0,0,0,0,0,0,0,0,37597,0,37597,1162719
2023-10-20,2023,10,20,port134,Beaumont,United States,USA,0,1,0,0,3,1,4,0,50893,0,0,0,50893,50893,0,0,0,0,166869,0,166869,1162720
2023-10-21,2023,10,21,port134,Beaumont,United States,USA,0,0,0,0,5,0,5,0,0,0,0,12107,0,12107,0,0,0,0,166415,0,166415,1162721
2023-10-22,2023,10,22,port134,Beaumont,United States,USA,0,1,0,0,1,1,2,0,0,0,0,0,0,0,0,1100,0,0,42435,1100,43536,1162722
2023-10-23,2023,10,23,port134,Beaumont,United States,USA,1,0,0,0,5,1,6,1016,0,0,0,0,1016,1016,204,0,0,0,135792,204,135997,1162723
2023-10-24,2023,10,24,port134,Beaumont,United States,USA,0,0,0,0,3,0,3,0,0,0,0,360,0,360,0,0,0,0,126425,0,126425,1162724
2023-10-25,2023,10,25,port134,Beaumont,United States,USA,0,0,1,0,4,1,5,0,0,5046,0,0,5046,5046,0,0,2011,0,133131,2011,135143,1162725
2023-10-26,2023,10,26,port134,Beaumont,United States,USA,0,0,0,0,8,0,8,0,0,0,0,15613,0,15613,0,0,0,0,262536,0,262536,1162726
2023-10-27,2023,10,27,port134,Beaumont,United States,USA,0,0,0,0,5,0,5,0,0,0,0,37325,0,37325,0,0,0,0,102666,0,102666,1162727
2023-10-28,2023,10,28,port134,Beaumont,United States,USA,0,1,0,0,1,1,2,0,0,0,0,0,0,0,0,33620,0,0,15746,33620,49366,1162728
2023-10-29,2023,10,29,port134,Beaumont,United States,USA,0,0,0,0,5,0,5,0,0,0,0,0,0,0,0,0,0,0,219755,0,219755,1162729
2023-10-30,2023,10,30,port134,Beaumont,United States,USA,0,0,0,0,1,0,1,0,0,0,0,0,0,0,0,0,0,0,25553,0,25553,1162730
2023-10-31,2023,10,31,port134,Beaumont,United States,USA,0,0,0,0,3,0,3,0,0,0,0,75285,0,75285,0,0,0,0,78951,0,78951,1162731
2023-11-01,2023,11,1,port134,Beaumont,United States,USA,0,0,0,0,3,0,3,0,0,0,0,0,0,0,0,0,0,0,107255,0,107255,1162732
2023-11-02,2023,11,2,port134,Beaumont,United States,USA,1,0,0,0,3,1,4,0,0,0,0,0,0,0,0,0,0,0,80982,0,80982,1162733
2023-11-03,2023,11,3,port134,Beaumont,United States,USA,0,0,0,0,5,0,5,0,0,0,0,0,0,0,0,0,0,0,159722,0,159722,1162734
2023-11-04,2023,11,4,port134,Beaumont,United States,USA,0,0,0,0,1,0,1,0,0,0,0,0,0,0,0,0,0,0,12196,0,12196,1162735
2023-11-05,2023,11,5,port134,Beaumont,United States,USA,0,0,0,0,1,0,1,0,0,0,0,0,0,0,0,0,0,0,41749,0,41749,1162736
2023-11-06,2023,11,6,port134,Beaumont,United States,USA,0,0,0,0,2,0,2,0,0,0,0,0,0,0,0,0,0,0,48644,0,48644,1162737
2023-11-07,2023,11,7,port134,Beaumont,United States,USA,0,0,0,0,6,0,6,0,0,0,0,55703,0,55703,0,0,0,0,139492,0,139492,1162738
2023-11-08,2023,11,8,port134,Beaumont,United States,USA,0,0,0,0,4,0,4,0,0,0,0,34383,0,34383,0,0,0,0,152703,0,152703,1162739
2023-11-09,2023,11,9,port134,Beaumont,United States,USA,0,0,0,0,2,0,2,0,0,0,0,0,0,0,0,0,0,0,89109,0,89109,1162740
2023-11-10,2023,11,10,port134,Beaumont,United States,USA,0,0,0,0,5,0,5,0,0,0,0,982,0,982,0,0,0,0,129243,0,129243,1162741
2023-11-11,2023,11,11,port134,Beaumont,United States,USA,0,0,1,0,5,1,6,0,0,9671,0,12107,9671,21778,0,0,0,0,167593,0,167593,1162742
2023-11-12,2023,11,12,port134,Beaumont,United States,USA,0,0,0,0,2,0,2,0,0,0,0,76231,0,76231,0,0,0,0,50514,0,50514,1162743
2023-11-13,2023,11,13,port134,Beaumont,United States,USA,0,1,0,0,1,1,2,0,0,0,0,0,0,0,0,53463,0,0,51405,53463,104869,1162744
2023-11-14,2023,11,14,port134,Beaumont,United States,USA,0,0,0,0,6,0,6,0,0,0,0,0,0,0,0,0,0,0,239761,0,239761,1162745
2023-11-15,2023,11,15,port134,Beaumont,United States,USA,0,0,0,0,4,0,4,0,0,0,0,79777,0,79777,0,0,0,0,84584,0,84584,1162746
2023-11-16,2023,11,16,port134,Beaumont,United States,USA,0,0,0,0,2,0,2,0,0,0,0,360,0,360,0,0,0,0,75797,0,75797,1162747
2023-11-17,2023,11,17,port134,Beaumont,United States,USA,0,0,0,0,3,0,3,0,0,0,0,0,0,0,0,0,0,0,83281,0,83281,1162748
2023-11-18,2023,11,18,port134,Beaumont,United States,USA,0,2,0,0,4,2,6,0,62163,0,0,982,62163,63145,0,36796,0,0,74254,36796,111051,1162749
2023-11-19,2023,11,19,port134,Beaumont,United States,USA,0,0,0,0,3,0,3,0,0,0,0,0,0,0,0,0,0,0,165447,0,165447,1162750
2023-11-20,2023,11,20,port134,Beaumont,United States,USA,0,0,0,0,3,0,3,0,0,0,0,0,0,0,0,0,0,0,97432,0,97432,1162751
2023-11-21,2023,11,21,port134,Beaumont,United States,USA,0,0,0,0,3,0,3,0,0,0,0,76229,0,76229,0,0,0,0,128781,0,128781,1162752
2023-11-22,2023,11,22,port134,Beaumont,United States,USA,0,0,1,0,5,1,6,0,0,7673,0,360,7673,8033,0,0,0,0,239068,0,239068,1162753
2023-11-23,2023,11,23,port134,Beaumont,United States,USA,0,1,0,0,0,1,1,0,0,0,0,0,0,0,0,29170,0,0,0,29170,29170,1162754
2023-11-24,2023,11,24,port134,Beaumont,United States,USA,0,0,0,0,6,0,6,0,0,0,0,132350,0,132350,0,0,0,0,39994,0,39994,1162755
2023-11-25,2023,11,25,port134,Beaumont,United States,USA,0,0,0,1,4,1,5,0,0,0,0,0,0,0,0,0,0,0,56587,0,56587,1162756
2023-11-26,2023,11,26,port134,Beaumont,United States,USA,0,0,0,1,2,1,3,0,0,0,3938,6064,3938,10003,0,0,0,0,111638,0,111638,1162757
2023-11-27,2023,11,27,port134,Beaumont,United States,USA,0,0,0,0,5,0,5,0,0,0,0,78121,0,78121,0,0,0,0,150389,0,150389,1162758
2023-11-28,2023,11,28,port134,Beaumont,United States,USA,0,0,0,1,3,1,4,0,0,0,5676,0,5676,5676,0,0,0,0,115961,0,115961,1162759
2023-11-29,2023,11,29,port134,Beaumont,United States,USA,0,0,0,0,6,0,6,0,0,0,0,76663,0,76663,0,0,0,0,254692,0,254692,1162760
2023-11-30,2023,11,30,port134,Beaumont,United States,USA,0,1,0,0,2,1,3,0,0,0,0,0,0,0,0,13852,0,0,28986,13852,42839,1162761
2023-12-01,2023,12,1,port134,Beaumont,United States,USA,0,0,0,0,0,0,0,0,0,0,0,0,0,0,0,0,0,0,0,0,0,1162762
2023-12-02,2023,12,2,port134,Beaumont,United States,USA,0,0,0,0,0,0,0,0,0,0,0,0,0,0,0,0,0,0,0,0,0,1162763
2023-12-03,2023,12,3,port134,Beaumont,United States,USA,0,1,0,0,7,1,8,0,0,0,0,60547,0,60547,0,9214,0,0,197123,9214,206338,1162764
2023-12-04,2023,12,4,port134,Beaumont,United States,USA,0,0,1,0,2,1,3,0,0,0,0,21193,0,21193,0,0,13774,0,38404,13774,52179,1162765
2023-12-05,2023,12,5,port134,Beaumont,United States,USA,0,0,0,0,5,0,5,0,0,0,0,5283,0,5283,0,0,0,0,148202,0,148202,1162766
2023-12-06,2023,12,6,port134,Beaumont,United States,USA,0,0,0,0,4,0,4,0,0,0,0,96208,0,96208,0,0,0,0,43080,0,43080,1162767
2023-12-07,2023,12,7,port134,Beaumont,United States,USA,0,1,1,0,6,2,8,0,15343,5046,0,982,20389,21371,0,0,2011,0,190947,2011,192959,1162768
2023-12-08,2023,12,8,port134,Beaumont,United States,USA,0,0,0,0,3,0,3,0,0,0,0,0,0,0,0,0,0,0,94930,0,94930,1162769
2023-12-09,2023,12,9,port134,Beaumont,United States,USA,0,0,0,0,5,0,5,0,0,0,0,77211,0,77211,0,0,0,0,172021,0,172021,1162770
2023-12-10,2023,12,10,port134,Beaumont,United States,USA,0,0,0,0,4,0,4,0,0,0,0,0,0,0,0,0,0,0,120207,0,120207,1162771
2023-12-11,2023,12,11,port134,Beaumont,United States,USA,0,1,0,0,4,1,5,0,0,0,0,982,0,982,0,14122,0,0,116565,14122,130688,1162772
2023-12-12,2023,12,12,port134,Beaumont,United States,USA,0,0,0,0,6,0,6,0,0,0,0,9567,0,9567,0,0,0,0,202126,0,202126,1162773
2023-12-13,2023,12,13,port134,Beaumont,United States,USA,0,0,0,0,5,0,5,0,0,0,0,53144,0,53144,0,0,0,0,117355,0,117355,1162774
2023-12-14,2023,12,14,port134,Beaumont,United States,USA,0,0,0,0,5,0,5,0,0,0,0,0,0,0,0,0,0,0,191182,0,191182,1162775
2023-12-15,2023,12,15,port134,Beaumont,United States,USA,0,0,0,0,4,0,4,0,0,0,0,0,0,0,0,0,0,0,134014,0,134014,1162776
2023-12-16,2023,12,16,port134,Beaumont,United States,USA,0,0,0,0,0,0,0,0,0,0,0,0,0,0,0,0,0,0,0,0,0,1162777
2023-12-17,2023,12,17,port134,Beaumont,United States,USA,0,0,0,0,4,0,4,0,0,0,0,360,0,360,0,0,0,0,131930,0,131930,1162778
2023-12-18,2023,12,18,port134,Beaumont,United States,USA,0,0,0,0,5,0,5,0,0,0,0,0,0,0,0,0,0,0,209546,0,209546,1162779
2023-12-19,2023,12,19,port134,Beaumont,United States,USA,1,0,0,0,4,1,5,1016,0,0,0,0,1016,1016,204,0,0,0,197194,204,197398,1162780
2023-12-20,2023,12,20,port134,Beaumont,United States,USA,0,0,0,0,4,0,4,0,0,0,0,0,0,0,0,0,0,0,182991,0,182991,1162781
2023-12-21,2023,12,21,port134,Beaumont,United States,USA,0,0,0,0,5,0,5,0,0,0,0,1427,0,1427,0,0,0,0,135706,0,135706,1162782
2023-12-22,2023,12,22,port134,Beaumont,United States,USA,0,1,0,0,6,1,7,0,0,0,0,0,0,0,0,35746,0,0,197870,35746,233616,1162783
2023-12-23,2023,12,23,port134,Beaumont,United States,USA,0,1,0,0,5,1,6,0,0,0,0,21150,0,21150,0,37978,0,0,93140,37978,131119,1162784
2023-12-24,2023,12,24,port134,Beaumont,United States,USA,0,0,0,0,2,0,2,0,0,0,0,0,0,0,0,0,0,0,93406,0,93406,1162785
2023-12-25,2023,12,25,port134,Beaumont,United States,USA,0,0,0,0,2,0,2,0,0,0,0,0,0,0,0,0,0,0,78289,0,78289,1162786
2023-12-26,2023,12,26,port134,Beaumont,United States,USA,0,0,0,0,3,0,3,0,0,0,0,0,0,0,0,0,0,0,88058,0,88058,1162787
2023-12-27,2023,12,27,port134,Beaumont,United States,USA,0,0,0,0,5,0,5,0,0,0,0,3697,0,3697,0,0,0,0,100281,0,100281,1162788
2023-12-28,2023,12,28,port134,Beaumont,United States,USA,0,0,0,0,4,0,4,0,0,0,0,0,0,0,0,0,0,0,149162,0,149162,1162789
2023-12-29,2023,12,29,port134,Beaumont,United States,USA,0,0,0,0,3,0,3,0,0,0,0,77937,0,77937,0,0,0,0,46555,0,46555,1162790
2023-12-30,2023,12,30,port134,Beaumont,United States,USA,0,0,0,0,7,0,7,0,0,0,0,0,0,0,0,0,0,0,241700,0,241700,1162791
2023-12-31,2023,12,31,port134,Beaumont,United States,USA,0,0,0,0,4,0,4,0,0,0,0,20160,0,20160,0,0,0,0,80877,0,80877,1162792
2024-01-01,2024,1,1,port134,Beaumont,United States,USA,0,0,0,0,5,0,5,0,0,0,0,18902,0,18902,0,0,0,0,196126,0,196126,1162793
2024-01-02,2024,1,2,port134,Beaumont,United States,USA,0,0,0,0,2,0,2,0,0,0,0,0,0,0,0,0,0,0,94454,0,94454,1162794
2024-01-03,2024,1,3,port134,Beaumont,United States,USA,0,0,0,0,1,0,1,0,0,0,0,0,0,0,0,0,0,0,0,0,0,1162795
2024-01-04,2024,1,4,port134,Beaumont,United States,USA,0,0,0,0,6,0,6,0,0,0,0,0,0,0,0,0,0,0,184127,0,184127,1162796
2024-01-05,2024,1,5,port134,Beaumont,United States,USA,1,0,0,0,1,1,2,0,0,0,0,0,0,0,0,0,0,0,38283,0,38283,1162797
2024-01-06,2024,1,6,port134,Beaumont,United States,USA,0,0,0,0,5,0,5,0,0,0,0,0,0,0,0,0,0,0,223865,0,223865,1162798
2024-01-07,2024,1,7,port134,Beaumont,United States,USA,0,0,0,0,7,0,7,0,0,0,0,0,0,0,0,0,0,0,229719,0,229719,1162799
2024-01-08,2024,1,8,port134,Beaumont,United States,USA,0,0,0,0,6,0,6,0,0,0,0,29645,0,29645,0,0,0,0,159244,0,159244,1162800
2024-01-09,2024,1,9,port134,Beaumont,United States,USA,0,0,0,0,0,0,0,0,0,0,0,0,0,0,0,0,0,0,0,0,0,1162801
2024-01-10,2024,1,10,port134,Beaumont,United States,USA,0,1,0,0,1,1,2,0,0,0,0,0,0,0,0,34941,0,0,76196,34941,111137,1162802
2024-01-11,2024,1,11,port134,Beaumont,United States,USA,0,0,0,0,5,0,5,0,0,0,0,0,0,0,0,0,0,0,222051,0,222051,1162803
2024-01-12,2024,1,12,port134,Beaumont,United States,USA,0,1,0,0,3,1,4,0,49484,0,0,982,49484,50466,0,0,0,0,105204,0,105204,1162804
2024-01-13,2024,1,13,port134,Beaumont,United States,USA,0,0,0,0,4,0,4,0,0,0,0,0,0,0,0,0,0,0,176566,0,176566,1162805
2024-01-14,2024,1,14,port134,Beaumont,United States,USA,0,0,0,0,6,0,6,0,0,0,0,0,0,0,0,0,0,0,203202,0,203202,1162806
2024-01-15,2024,1,15,port134,Beaumont,United States,USA,0,0,0,0,4,0,4,0,0,0,0,0,0,0,0,0,0,0,214610,0,214610,1162807
2024-01-16,2024,1,16,port134,Beaumont,United States,USA,0,0,0,0,0,0,0,0,0,0,0,0,0,0,0,0,0,0,0,0,0,1162808
2024-01-17,2024,1,17,port134,Beaumont,United States,USA,0,0,0,0,2,0,2,0,0,0,0,0,0,0,0,0,0,0,60998,0,60998,1162809
2024-01-18,2024,1,18,port134,Beaumont,United States,USA,0,0,0,0,3,0,3,0,0,0,0,0,0,0,0,0,0,0,80308,0,80308,1162810
2024-01-19,2024,1,19,port134,Beaumont,United States,USA,0,1,0,0,1,1,2,0,0,0,0,12107,0,12107,0,10249,0,0,39504,10249,49754,1162811
2024-01-20,2024,1,20,port134,Beaumont,United States,USA,0,0,0,0,8,0,8,0,0,0,0,982,0,982,0,0,0,0,180554,0,180554,1162812
2024-01-21,2024,1,21,port134,Beaumont,United States,USA,0,0,0,0,6,0,6,0,0,0,0,0,0,0,0,0,0,0,178830,0,178830,1162813
2024-01-22,2024,1,22,port134,Beaumont,United States,USA,0,0,0,0,1,0,1,0,0,0,0,0,0,0,0,0,0,0,72474,0,72474,1162814
2024-01-23,2024,1,23,port134,Beaumont,United States,USA,0,0,0,0,0,0,0,0,0,0,0,0,0,0,0,0,0,0,0,0,0,1162815
2024-01-24,2024,1,24,port134,Beaumont,United States,USA,0,0,0,0,4,0,4,0,0,0,0,0,0,0,0,0,0,0,143984,0,143984,1162816
2024-01-25,2024,1,25,port134,Beaumont,United States,USA,0,0,0,0,5,0,5,0,0,0,0,0,0,0,0,0,0,0,130641,0,130641,1162817
2024-01-26,2024,1,26,port134,Beaumont,United States,USA,0,0,0,0,4,0,4,0,0,0,0,0,0,0,0,0,0,0,170031,0,170031,1162818
2024-01-27,2024,1,27,port134,Beaumont,United States,USA,0,0,0,0,4,0,4,0,0,0,0,12107,0,12107,0,0,0,0,258281,0,258281,1162819
2024-01-28,2024,1,28,port134,Beaumont,United States,USA,0,0,0,0,1,0,1,0,0,0,0,1107,0,1107,0,0,0,0,0,0,0,1162820
2024-01-29,2024,1,29,port134,Beaumont,United States,USA,1,0,0,0,4,1,5,1016,0,0,0,0,1016,1016,204,0,0,0,124478,204,124683,1162821
2024-01-30,2024,1,30,port134,Beaumont,United States,USA,0,0,0,0,3,0,3,0,0,0,0,0,0,0,0,0,0,0,71229,0,71229,1162822
2024-01-31,2024,1,31,port134,Beaumont,United States,USA,0,0,1,0,8,1,9,0,0,7593,0,81185,7593,88778,0,0,0,0,195966,0,195966,1162823
2024-02-01,2024,2,1,port134,Beaumont,United States,USA,0,0,0,0,5,0,5,0,0,0,0,0,0,0,0,0,0,0,241390,0,241390,1162824
2024-02-02,2024,2,2,port134,Beaumont,United States,USA,0,1,0,0,0,1,1,0,0,0,0,0,0,0,0,0,0,0,0,0,0,1162825
2024-02-03,2024,2,3,port134,Beaumont,United States,USA,0,0,0,0,7,0,7,0,0,0,0,360,0,360,0,0,0,0,180845,0,180845,1162826
2024-02-04,2024,2,4,port134,Beaumont,United States,USA,0,0,0,0,4,0,4,0,0,0,0,982,0,982,0,0,0,0,138339,0,138339,1162827
2024-02-05,2024,2,5,port134,Beaumont,United States,USA,0,0,0,0,1,0,1,0,0,0,0,79065,0,79065,0,0,0,0,0,0,0,1162828
2024-02-06,2024,2,6,port134,Beaumont,United States,USA,0,0,0,0,2,0,2,0,0,0,0,0,0,0,0,0,0,0,6190,0,6190,1162829
2024-02-07,2024,2,7,port134,Beaumont,United States,USA,0,0,0,0,3,0,3,0,0,0,0,0,0,0,0,0,0,0,108264,0,108264,1162830
2024-02-08,2024,2,8,port134,Beaumont,United States,USA,0,0,0,0,4,0,4,0,0,0,0,982,0,982,0,0,0,0,78542,0,78542,1162831
2024-02-09,2024,2,9,port134,Beaumont,United States,USA,0,0,0,0,2,0,2,0,0,0,0,0,0,0,0,0,0,0,60847,0,60847,1162832
2024-02-10,2024,2,10,port134,Beaumont,United States,USA,0,1,1,0,2,2,4,0,0,0,0,0,0,0,0,50049,13812,0,131995,63862,195857,1162833
2024-02-11,2024,2,11,port134,Beaumont,United States,USA,0,0,0,0,0,0,0,0,0,0,0,0,0,0,0,0,0,0,0,0,0,1162834
2024-02-12,2024,2,12,port134,Beaumont,United States,USA,0,0,0,1,4,1,5,0,0,0,0,21076,0,21076,0,0,0,0,150592,0,150592,1162835
2024-02-13,2024,2,13,port134,Beaumont,United States,USA,0,0,0,0,3,0,3,0,0,0,0,0,0,0,0,0,0,0,99813,0,99813,1162836
2024-02-14,2024,2,14,port134,Beaumont,United States,USA,0,0,0,1,6,1,7,0,0,0,1658,0,1658,1658,0,0,0,1849,136777,1849,138627,1162837
2024-02-15,2024,2,15,port134,Beaumont,United States,USA,0,0,0,0,3,0,3,0,0,0,0,0,0,0,0,0,0,0,70940,0,70940,1162838
2024-02-16,2024,2,16,port134,Beaumont,United States,USA,0,0,0,0,4,0,4,0,0,0,0,0,0,0,0,0,0,0,234861,0,234861,1162839
2024-02-17,2024,2,17,port134,Beaumont,United States,USA,0,0,0,0,5,0,5,0,0,0,0,0,0,0,0,0,0,0,192367,0,192367,1162840
2024-02-18,2024,2,18,port134,Beaumont,United States,USA,0,0,0,0,3,0,3,0,0,0,0,0,0,0,0,0,0,0,135551,0,135551,1162841
2024-02-19,2024,2,19,port134,Beaumont,United States,USA,0,1,0,0,1,1,2,0,2810,0,0,0,2810,2810,0,22385,0,0,32961,22385,55346,1162842
2024-02-20,2024,2,20,port134,Beaumont,United States,USA,0,1,0,1,3,2,5,0,0,0,9130,79518,9130,88649,0,35567,0,0,103302,35567,138869,1162843
2024-02-21,2024,2,21,port134,Beaumont,United States,USA,0,0,0,0,3,0,3,0,0,0,0,12107,0,12107,0,0,0,0,122835,0,122835,1162844
2024-02-22,2024,2,22,port134,Beaumont,United States,USA,0,0,0,0,5,0,5,0,0,0,0,13089,0,13089,0,0,0,0,213714,0,213714,1162845
2024-02-23,2024,2,23,port134,Beaumont,United States,USA,0,1,0,0,3,1,4,0,2810,0,0,0,2810,2810,0,22385,0,0,98192,22385,120577,1162846
2024-02-24,2024,2,24,port134,Beaumont,United States,USA,0,0,0,0,3,0,3,0,0,0,0,0,0,0,0,0,0,0,51029,0,51029,1162847
2024-02-25,2024,2,25,port134,Beaumont,United States,USA,0,0,0,0,3,0,3,0,0,0,0,360,0,360,0,0,0,0,78795,0,78795,1162848
2024-02-26,2024,2,26,port134,Beaumont,United States,USA,0,1,0,0,4,1,5,0,3675,0,0,0,3675,3675,0,0,0,0,97378,0,97378,1162849
2024-02-27,2024,2,27,port134,Beaumont,United States,USA,0,0,0,0,4,0,4,0,0,0,0,0,0,0,0,0,0,0,128435,0,128435,1162850
2024-02-28,2024,2,28,port134,Beaumont,United States,USA,0,0,0,0,1,0,1,0,0,0,0,0,0,0,0,0,0,0,51231,0,51231,1162851
2024-02-29,2024,2,29,port134,Beaumont,United States,USA,0,1,0,0,1,1,2,0,0,0,0,0,0,0,0,14086,0,0,18725,14086,32811,1162852
2024-03-01,2024,3,1,port134,Beaumont,United States,USA,0,0,0,0,7,0,7,0,0,0,0,360,0,360,0,0,0,0,197803,0,197803,1162853
2024-03-02,2024,3,2,port134,Beaumont,United States,USA,0,0,0,0,4,0,4,0,0,0,0,360,0,360,0,0,0,0,133614,0,133614,1162854
2024-03-03,2024,3,3,port134,Beaumont,United States,USA,0,0,0,0,0,0,0,0,0,0,0,0,0,0,0,0,0,0,0,0,0,1162855
2025-04-26,2025,4,26,port134,Beaumont,United States,USA,0,0,0,0,3,0,3,0,0,0,0,0,0,0,0,0,0,0,87712,0,87712,1162856
2024-03-21,2024,3,21,port134,Beaumont,United States,USA,0,0,0,0,5,0,5,0,0,0,0,982,0,982,0,0,0,0,132129,0,132129,1162857
2024-03-22,2024,3,22,port134,Beaumont,United States,USA,0,0,0,0,4,0,4,0,0,0,0,0,0,0,0,0,0,0,201847,0,201847,1162858
2025-04-27,2025,4,27,port134,Beaumont,United States,USA,0,0,1,1,1,2,3,0,0,10762,1658,0,12421,12421,0,0,0,1849,40734,1849,42584,1162860
2024-03-23,2024,3,23,port134,Beaumont,United States,USA,0,0,0,0,3,0,3,0,0,0,0,12107,0,12107,0,0,0,0,84916,0,84916,1162861
2025-04-28,2025,4,28,port134,Beaumont,United States,USA,0,0,0,0,4,0,4,0,0,0,0,0,0,0,0,0,0,0,206863,0,206863,1162863
2024-03-24,2024,3,24,port134,Beaumont,United States,USA,0,0,0,0,0,0,0,0,0,0,0,0,0,0,0,0,0,0,0,0,0,1162864
2025-04-29,2025,4,29,port134,Beaumont,United States,USA,0,0,0,0,5,0,5,0,0,0,0,360,0,360,0,0,0,0,137257,0,137257,1162866
2024-03-25,2024,3,25,port134,Beaumont,United States,USA,1,1,0,0,2,2,4,1016,0,0,0,21751,1016,22768,204,0,0,0,0,204,204,1162867
2025-04-30,2025,4,30,port134,Beaumont,United States,USA,0,0,0,0,3,0,3,0,0,0,0,6064,0,6064,0,0,0,0,72244,0,72244,1162869
2024-03-26,2024,3,26,port134,Beaumont,United States,USA,0,0,0,0,5,0,5,0,0,0,0,81490,0,81490,0,0,0,0,133747,0,133747,1162870
2025-05-01,2025,5,1,port134,Beaumont,United States,USA,0,0,0,0,4,0,4,0,0,0,0,92250,0,92250,0,0,0,0,93557,0,93557,1162872
2024-03-27,2024,3,27,port134,Beaumont,United States,USA,0,0,0,0,6,0,6,0,0,0,0,18171,0,18171,0,0,0,0,208072,0,208072,1162873
2024-03-28,2024,3,28,port134,Beaumont,United States,USA,0,0,0,0,3,0,3,0,0,0,0,3969,0,3969,0,0,0,0,79231,0,79231,1162875
2024-03-29,2024,3,29,port134,Beaumont,United States,USA,0,0,0,0,2,0,2,0,0,0,0,0,0,0,0,0,0,0,13626,0,13626,1162877
2025-05-02,2025,5,2,port134,Beaumont,United States,USA,0,0,0,0,3,0,3,0,0,0,0,360,0,360,0,0,0,0,91431,0,91431,1162878
2024-03-30,2024,3,30,port134,Beaumont,United States,USA,0,1,1,0,6,2,8,0,0,13202,0,71544,13202,84747,0,36111,0,0,239870,36111,275982,1162880
2025-05-03,2025,5,3,port134,Beaumont,United States,USA,0,0,0,0,0,0,0,0,0,0,0,0,0,0,0,0,0,0,0,0,0,1162881
2024-03-31,2024,3,31,port134,Beaumont,United States,USA,0,0,0,0,5,0,5,0,0,0,0,0,0,0,0,0,0,0,151467,0,151467,1162883
2025-05-04,2025,5,4,port134,Beaumont,United States,USA,0,0,0,0,1,0,1,0,0,0,0,0,0,0,0,0,0,0,27083,0,27083,1162884
2024-04-01,2024,4,1,port134,Beaumont,United States,USA,0,0,0,0,1,0,1,0,0,0,0,360,0,360,0,0,0,0,33337,0,33337,1162886
2025-05-05,2025,5,5,port134,Beaumont,United States,USA,0,0,0,0,1,0,1,0,0,0,0,0,0,0,0,0,0,0,36678,0,36678,1162887
2024-04-02,2024,4,2,port134,Beaumont,United States,USA,0,1,0,1,8,2,10,0,50893,0,0,90612,50893,141506,0,0,0,3405,185763,3405,189169,1162889
2025-05-06,2025,5,6,port134,Beaumont,United States,USA,0,0,0,0,4,0,4,0,0,0,0,360,0,360,0,0,0,0,175309,0,175309,1162890
2024-04-03,2024,4,3,port134,Beaumont,United States,USA,0,0,0,0,2,0,2,0,0,0,0,0,0,0,0,0,0,0,86449,0,86449,1162892
2025-05-07,2025,5,7,port134,Beaumont,United States,USA,0,0,0,0,1,0,1,0,0,0,0,0,0,0,0,0,0,0,17513,0,17513,1162893
2024-04-04,2024,4,4,port134,Beaumont,United States,USA,0,0,0,0,3,0,3,0,0,0,0,6064,0,6064,0,0,0,0,77356,0,77356,1162895
2025-05-08,2025,5,8,port134,Beaumont,United States,USA,0,0,0,0,6,0,6,0,0,0,0,13089,0,13089,0,0,0,0,147215,0,147215,1162896
2024-04-05,2024,4,5,port134,Beaumont,United States,USA,0,0,0,0,4,0,4,0,0,0,0,360,0,360,0,0,0,0,136848,0,136848,1162898
2025-05-09,2025,5,9,port134,Beaumont,United States,USA,0,1,0,0,5,1,6,0,0,0,0,360,0,360,0,40216,0,0,246139,40216,286355,1162899
2024-04-06,2024,4,6,port134,Beaumont,United States,USA,0,0,0,0,1,0,1,0,0,0,0,0,0,0,0,0,0,0,79365,0,79365,1162901
2025-05-10,2025,5,10,port134,Beaumont,United States,USA,0,0,0,0,5,0,5,0,0,0,0,0,0,0,0,0,0,0,179382,0,179382,1162902
2024-04-07,2024,4,7,port134,Beaumont,United States,USA,0,0,0,0,3,0,3,0,0,0,0,0,0,0,0,0,0,0,65882,0,65882,1162904
2025-05-11,2025,5,11,port134,Beaumont,United States,USA,0,0,0,0,1,0,1,0,0,0,0,0,0,0,0,0,0,0,49864,0,49864,1162905
2024-04-08,2024,4,8,port134,Beaumont,United States,USA,0,0,0,0,2,0,2,0,0,0,0,0,0,0,0,0,0,0,92006,0,92006,1162907
2025-05-12,2025,5,12,port134,Beaumont,United States,USA,0,0,0,0,4,0,4,0,0,0,0,61955,0,61955,0,0,0,0,125017,0,125017,1162908
2024-04-09,2024,4,9,port134,Beaumont,United States,USA,0,1,0,0,5,1,6,0,0,0,0,930,0,930,0,54352,0,0,215494,54352,269847,1162910
2025-05-13,2025,5,13,port134,Beaumont,United States,USA,0,1,0,0,4,1,5,0,38984,0,0,0,38984,38984,0,0,0,0,104101,0,104101,1162911
2024-04-10,2024,4,10,port134,Beaumont,United States,USA,0,0,0,0,0,0,0,0,0,0,0,0,0,0,0,0,0,0,0,0,0,1162913
2025-05-14,2025,5,14,port134,Beaumont,United States,USA,0,0,0,0,2,0,2,0,0,0,0,0,0,0,0,0,0,0,21053,0,21053,1162914
2025-05-15,2025,5,15,port134,Beaumont,United States,USA,0,0,0,1,2,1,3,0,0,0,0,0,0,0,0,0,0,0,88705,0,88705,1162916
2025-05-16,2025,5,16,port134,Beaumont,United States,USA,0,0,0,0,7,0,7,0,0,0,0,17597,0,17597,0,0,0,0,181831,0,181831,1162918
2024-04-11,2024,4,11,port134,Beaumont,United States,USA,0,0,0,0,7,0,7,0,0,0,0,1844,0,1844,0,0,0,0,126654,0,126654,1162919
2025-05-17,2025,5,17,port134,Beaumont,United States,USA,0,0,0,0,3,0,3,0,0,0,0,14639,0,14639,0,0,0,0,7880,0,7880,1162921
2024-04-12,2024,4,12,port134,Beaumont,United States,USA,0,0,0,0,2,0,2,0,0,0,0,0,0,0,0,0,0,0,67256,0,67256,1162922
2025-05-18,2025,5,18,port134,Beaumont,United States,USA,0,0,0,0,4,0,4,0,0,0,0,0,0,0,0,0,0,0,91431,0,91431,1162924
2024-04-13,2024,4,13,port134,Beaumont,United States,USA,0,0,0,0,8,0,8,0,0,0,0,48846,0,48846,0,0,0,0,264415,0,264415,1162925
2025-05-19,2025,5,19,port134,Beaumont,United States,USA,0,0,0,0,3,0,3,0,0,0,0,0,0,0,0,0,0,0,171958,0,171958,1162927
2024-04-14,2024,4,14,port134,Beaumont,United States,USA,0,0,0,0,3,0,3,0,0,0,0,982,0,982,0,0,0,0,149438,0,149438,1162928
2025-05-20,2025,5,20,port134,Beaumont,United States,USA,0,1,0,0,2,1,3,0,0,0,0,37542,0,37542,0,43290,0,0,22478,43290,65769,1162930
2024-04-15,2024,4,15,port134,Beaumont,United States,USA,0,0,1,0,1,1,2,0,0,5046,0,0,5046,5046,0,0,2011,0,6949,2011,8961,1162931
2025-05-21,2025,5,21,port134,Beaumont,United States,USA,0,1,0,0,2,1,3,0,2810,0,0,0,2810,2810,0,22385,0,0,73276,22385,95662,1162933
2024-04-16,2024,4,16,port134,Beaumont,United States,USA,0,0,0,0,5,0,5,0,0,0,0,43718,0,43718,0,0,0,0,175783,0,175783,1162934
2025-05-22,2025,5,22,port134,Beaumont,United States,USA,0,1,1,0,4,2,6,0,3774,21203,0,360,24977,25337,0,21967,0,0,88056,21967,110023,1162936
2024-04-17,2024,4,17,port134,Beaumont,United States,USA,0,0,0,0,6,0,6,0,0,0,0,0,0,0,0,0,0,0,290733,0,290733,1162937
2025-05-23,2025,5,23,port134,Beaumont,United States,USA,0,0,0,1,3,1,4,0,0,0,1658,2368,1658,4026,0,0,0,1849,48891,1849,50741,1162939
2024-04-18,2024,4,18,port134,Beaumont,United States,USA,0,0,0,0,4,0,4,0,0,0,0,76539,0,76539,0,0,0,0,94539,0,94539,1162940
2025-05-24,2025,5,24,port134,Beaumont,United States,USA,0,0,0,0,3,0,3,0,0,0,0,360,0,360,0,0,0,0,71356,0,71356,1162942
2024-04-19,2024,4,19,port134,Beaumont,United States,USA,0,0,1,0,1,1,2,0,0,0,0,79065,0,79065,0,0,1374,0,0,1374,1374,1162943
2025-05-25,2025,5,25,port134,Beaumont,United States,USA,0,0,0,0,1,0,1,0,0,0,0,0,0,0,0,0,0,0,0,0,0,1162944
2025-05-26,2025,5,26,port134,Beaumont,United States,USA,0,0,0,0,2,0,2,0,0,0,0,0,0,0,0,0,0,0,102161,0,102161,1162946
2024-04-20,2024,4,20,port134,Beaumont,United States,USA,0,0,0,0,4,0,4,0,0,0,0,0,0,0,0,0,0,0,171834,0,171834,1162947
2025-05-27,2025,5,27,port134,Beaumont,United States,USA,0,0,0,0,4,0,4,0,0,0,0,982,0,982,0,0,0,0,156256,0,156256,1162949
2024-04-21,2024,4,21,port134,Beaumont,United States,USA,0,1,0,0,4,1,5,0,0,0,0,78490,0,78490,0,36901,0,0,115015,36901,151917,1162950
2025-05-28,2025,5,28,port134,Beaumont,United States,USA,0,0,0,0,4,0,4,0,0,0,0,15675,0,15675,0,0,0,0,47891,0,47891,1162952
2024-04-22,2024,4,22,port134,Beaumont,United States,USA,0,1,0,0,0,1,1,0,0,0,0,0,0,0,0,11910,0,0,0,11910,11910,1162953
2025-05-29,2025,5,29,port134,Beaumont,United States,USA,0,0,0,0,1,0,1,0,0,0,0,0,0,0,0,0,0,0,32523,0,32523,1162955
2024-04-23,2024,4,23,port134,Beaumont,United States,USA,0,0,0,0,2,0,2,0,0,0,0,0,0,0,0,0,0,0,81831,0,81831,1162956
2025-05-30,2025,5,30,port134,Beaumont,United States,USA,0,0,0,0,5,0,5,0,0,0,0,0,0,0,0,0,0,0,137756,0,137756,1162957
2024-04-24,2024,4,24,port134,Beaumont,United States,USA,0,0,0,0,4,0,4,0,0,0,0,12107,0,12107,0,0,0,0,134993,0,134993,1162958
2025-05-31,2025,5,31,port134,Beaumont,United States,USA,0,0,0,1,5,1,6,0,0,0,0,97864,0,97864,0,0,0,13860,108161,13860,122022,1162959
2024-04-25,2024,4,25,port134,Beaumont,United States,USA,0,0,0,0,6,0,6,0,0,0,0,77488,0,77488,0,0,0,0,146652,0,146652,1162961
2025-06-01,2025,6,1,port134,Beaumont,United States,USA,0,0,0,0,1,0,1,0,0,0,0,0,0,0,0,0,0,0,7114,0,7114,1162962
2024-04-26,2024,4,26,port134,Beaumont,United States,USA,1,0,0,0,4,1,5,1016,0,0,0,0,1016,1016,204,0,0,0,147972,204,148176,1162964
2025-06-02,2025,6,2,port134,Beaumont,United States,USA,0,0,0,0,6,0,6,0,0,0,0,12107,0,12107,0,0,0,0,164092,0,164092,1162965
2024-04-27,2024,4,27,port134,Beaumont,United States,USA,0,0,0,0,0,0,0,0,0,0,0,0,0,0,0,0,0,0,0,0,0,1162967
2025-06-03,2025,6,3,port134,Beaumont,United States,USA,0,0,0,0,1,0,1,0,0,0,0,0,0,0,0,0,0,0,42357,0,42357,1162968
2024-04-28,2024,4,28,port134,Beaumont,United States,USA,0,0,0,0,0,0,0,0,0,0,0,0,0,0,0,0,0,0,0,0,0,1162970
2025-06-04,2025,6,4,port134,Beaumont,United States,USA,0,0,0,0,5,0,5,0,0,0,0,0,0,0,0,0,0,0,202305,0,202305,1162971
2024-04-29,2024,4,29,port134,Beaumont,United States,USA,0,0,0,0,7,0,7,0,0,0,0,78959,0,78959,0,0,0,0,146201,0,146201,1162973
2025-06-05,2025,6,5,port134,Beaumont,United States,USA,0,0,0,0,3,0,3,0,0,0,0,0,0,0,0,0,0,0,51446,0,51446,1162974
2024-04-30,2024,4,30,port134,Beaumont,United States,USA,0,0,0,0,4,0,4,0,0,0,0,0,0,0,0,0,0,0,133418,0,133418,1162976
2025-06-06,2025,6,6,port134,Beaumont,United States,USA,0,0,0,0,4,0,4,0,0,0,0,34202,0,34202,0,0,0,0,68628,0,68628,1162977
2024-05-01,2024,5,1,port134,Beaumont,United States,USA,0,0,0,0,2,0,2,0,0,0,0,0,0,0,0,0,0,0,104119,0,104119,1162979
2025-06-07,2025,6,7,port134,Beaumont,United States,USA,0,0,1,2,4,3,7,0,0,0,0,0,0,0,0,0,14465,8023,91070,22488,113559,1162980
2024-05-02,2024,5,2,port134,Beaumont,United States,USA,0,0,0,0,6,0,6,0,0,0,0,80942,0,80942,0,0,0,0,98328,0,98328,1162982
2025-06-08,2025,6,8,port134,Beaumont,United States,USA,0,0,0,0,2,0,2,0,0,0,0,0,0,0,0,0,0,0,27755,0,27755,1162983
2024-05-03,2024,5,3,port134,Beaumont,United States,USA,0,0,0,0,5,0,5,0,0,0,0,0,0,0,0,0,0,0,230740,0,230740,1162985
2025-06-09,2025,6,9,port134,Beaumont,United States,USA,0,0,0,0,5,0,5,0,0,0,0,0,0,0,0,0,0,0,273466,0,273466,1162986
2024-05-04,2024,5,4,port134,Beaumont,United States,USA,0,0,0,0,1,0,1,0,0,0,0,0,0,0,0,0,0,0,50460,0,50460,1162988
2025-06-10,2025,6,10,port134,Beaumont,United States,USA,0,0,0,0,5,0,5,0,0,0,0,73453,0,73453,0,0,0,0,93727,0,93727,1162989
2024-05-05,2024,5,5,port134,Beaumont,United States,USA,0,0,0,0,2,0,2,0,0,0,0,6064,0,6064,0,0,0,0,76149,0,76149,1162991
2025-06-11,2025,6,11,port134,Beaumont,United States,USA,0,0,0,0,4,0,4,0,0,0,0,0,0,0,0,0,0,0,55737,0,55737,1162992
2024-05-06,2024,5,6,port134,Beaumont,United States,USA,0,0,0,0,4,0,4,0,0,0,0,89153,0,89153,0,0,0,0,118783,0,118783,1162994
2025-06-12,2025,6,12,port134,Beaumont,United States,USA,0,0,1,0,0,1,1,0,0,0,0,0,0,0,0,0,9551,0,0,9551,9551,1162995
2024-05-07,2024,5,7,port134,Beaumont,United States,USA,0,0,0,0,0,0,0,0,0,0,0,0,0,0,0,0,0,0,0,0,0,1162997
2024-05-08,2024,5,8,port134,Beaumont,United States,USA,0,1,0,0,2,1,3,0,4259,0,0,0,4259,4259,0,0,0,0,67287,0,67287,1162999
2025-06-13,2025,6,13,port134,Beaumont,United States,USA,0,0,0,0,3,0,3,0,0,0,0,360,0,360,0,0,0,0,135096,0,135096,1163001
2024-05-09,2024,5,9,port134,Beaumont,United States,USA,0,0,0,0,3,0,3,0,0,0,0,0,0,0,0,0,0,0,115109,0,115109,1163002
2025-06-14,2025,6,14,port134,Beaumont,United States,USA,0,0,0,0,1,0,1,0,0,0,0,0,0,0,0,0,0,0,17936,0,17936,1163004
2024-05-10,2024,5,10,port134,Beaumont,United States,USA,0,0,1,0,2,1,3,0,0,13897,0,0,13897,13897,0,0,0,0,33717,0,33717,1163005
2025-06-15,2025,6,15,port134,Beaumont,United States,USA,0,0,0,0,2,0,2,0,0,0,0,67261,0,67261,0,0,0,0,41269,0,41269,1163007
2024-05-11,2024,5,11,port134,Beaumont,United States,USA,0,1,0,1,5,2,7,0,0,0,0,62321,0,62321,0,37283,0,0,135399,37283,172682,1163008
2025-06-16,2025,6,16,port134,Beaumont,United States,USA,0,0,1,0,2,1,3,0,0,5046,0,0,5046,5046,0,0,2011,0,111688,2011,113700,1163010
2024-05-12,2024,5,12,port134,Beaumont,United States,USA,0,1,0,0,2,1,3,0,0,0,0,82127,0,82127,0,56899,0,0,39852,56899,96751,1163011
2025-06-17,2025,6,17,port134,Beaumont,United States,USA,0,0,1,0,4,1,5,0,0,9168,0,982,9168,10150,0,0,0,0,143564,0,143564,1163013
2024-05-13,2024,5,13,port134,Beaumont,United States,USA,0,0,1,0,2,1,3,0,0,11192,0,982,11192,12175,0,0,0,0,81457,0,81457,1163014
2025-06-18,2025,6,18,port134,Beaumont,United States,USA,0,0,0,0,1,0,1,0,0,0,0,0,0,0,0,0,0,0,41016,0,41016,1163016
2024-05-14,2024,5,14,port134,Beaumont,United States,USA,0,0,0,0,5,0,5,0,0,0,0,360,0,360,0,0,0,0,146242,0,146242,1163017
2025-06-19,2025,6,19,port134,Beaumont,United States,USA,0,1,0,0,5,1,6,0,0,0,0,0,0,0,0,38489,0,0,105775,38489,144265,1163019
2024-05-15,2024,5,15,port134,Beaumont,United States,USA,0,0,0,0,1,0,1,0,0,0,0,0,0,0,0,0,0,0,39332,0,39332,1163020
2025-06-20,2025,6,20,port134,Beaumont,United States,USA,0,0,0,0,3,0,3,0,0,0,0,982,0,982,0,0,0,0,91358,0,91358,1163022
2024-05-16,2024,5,16,port134,Beaumont,United States,USA,0,0,0,0,5,0,5,0,0,0,0,34470,0,34470,0,0,0,0,144008,0,144008,1163023
2025-06-21,2025,6,21,port134,Beaumont,United States,USA,0,0,0,0,4,0,4,0,0,0,0,19231,0,19231,0,0,0,0,96494,0,96494,1163025
2024-05-17,2024,5,17,port134,Beaumont,United States,USA,0,0,0,0,2,0,2,0,0,0,0,0,0,0,0,0,0,0,85258,0,85258,1163026
2025-06-22,2025,6,22,port134,Beaumont,United States,USA,0,1,0,0,6,1,7,0,0,0,0,145743,0,145743,0,39946,0,0,151941,39946,191887,1163028
2024-05-18,2024,5,18,port134,Beaumont,United States,USA,0,0,0,0,0,0,0,0,0,0,0,0,0,0,0,0,0,0,0,0,0,1163029
2025-06-23,2025,6,23,port134,Beaumont,United States,USA,0,0,1,0,2,1,3,0,0,7150,0,0,7150,7150,0,0,0,0,74570,0,74570,1163031
2024-05-19,2024,5,19,port134,Beaumont,United States,USA,0,0,0,0,8,0,8,0,0,0,0,80993,0,80993,0,0,0,0,222451,0,222451,1163032
2025-06-24,2025,6,24,port134,Beaumont,United States,USA,0,0,0,0,4,0,4,0,0,0,0,0,0,0,0,0,0,0,104350,0,104350,1163034
2024-05-20,2024,5,20,port134,Beaumont,United States,USA,0,0,0,1,1,1,2,0,0,0,793,9298,793,10092,0,0,0,2256,0,2256,2256,1163035
2025-06-25,2025,6,25,port134,Beaumont,United States,USA,0,0,0,0,2,0,2,0,0,0,0,12107,0,12107,0,0,0,0,53915,0,53915,1163037
2024-05-21,2024,5,21,port134,Beaumont,United States,USA,0,1,0,0,3,1,4,0,0,0,0,6981,0,6981,0,18678,0,0,89960,18678,108639,1163038
2025-06-26,2025,6,26,port134,Beaumont,United States,USA,0,0,0,0,5,0,5,0,0,0,0,0,0,0,0,0,0,0,145249,0,145249,1163039
2024-05-22,2024,5,22,port134,Beaumont,United States,USA,0,0,0,1,2,1,3,0,0,0,0,0,0,0,0,0,0,4061,88215,4061,92277,1163040
2025-06-27,2025,6,27,port134,Beaumont,United States,USA,0,0,0,0,3,0,3,0,0,0,0,4973,0,4973,0,0,0,0,45663,0,45663,1163042
2024-05-23,2024,5,23,port134,Beaumont,United States,USA,0,0,0,0,0,0,0,0,0,0,0,0,0,0,0,0,0,0,0,0,0,1163043
2025-06-28,2025,6,28,port134,Beaumont,United States,USA,0,0,0,0,5,0,5,0,0,0,0,982,0,982,0,0,0,0,99565,0,99565,1163045
2024-05-24,2024,5,24,port134,Beaumont,United States,USA,0,0,2,0,9,2,11,0,0,1284,0,76670,1284,77954,0,0,0,0,238147,0,238147,1163046
2025-06-29,2025,6,29,port134,Beaumont,United States,USA,0,0,0,0,0,0,0,0,0,0,0,0,0,0,0,0,0,0,0,0,0,1163048
2024-05-25,2024,5,25,port134,Beaumont,United States,USA,0,0,0,0,2,0,2,0,0,0,0,0,0,0,0,0,0,0,80598,0,80598,1163049
2025-06-30,2025,6,30,port134,Beaumont,United States,USA,0,0,0,0,6,0,6,0,0,0,0,0,0,0,0,0,0,0,175446,0,175446,1163051
2024-05-26,2024,5,26,port134,Beaumont,United States,USA,0,0,0,0,3,0,3,0,0,0,0,76539,0,76539,0,0,0,0,11194,0,11194,1163052
2025-07-01,2025,7,1,port134,Beaumont,United States,USA,0,0,0,0,6,0,6,0,0,0,0,14379,0,14379,0,0,0,0,215536,0,215536,1163054
2024-05-27,2024,5,27,port134,Beaumont,United States,USA,0,0,0,0,2,0,2,0,0,0,0,360,0,360,0,0,0,0,78119,0,78119,1163055
2025-07-02,2025,7,2,port134,Beaumont,United States,USA,0,0,0,0,2,0,2,0,0,0,0,0,0,0,0,0,0,0,60750,0,60750,1163057
2024-05-28,2024,5,28,port134,Beaumont,United States,USA,0,0,0,0,2,0,2,0,0,0,0,0,0,0,0,0,0,0,16096,0,16096,1163058
2025-07-03,2025,7,3,port134,Beaumont,United States,USA,0,0,0,0,3,0,3,0,0,0,0,360,0,360,0,0,0,0,72655,0,72655,1163060
2024-05-29,2024,5,29,port134,Beaumont,United States,USA,0,1,0,1,7,2,9,0,0,0,0,22903,0,22903,0,30962,0,0,236256,30962,267219,1163061
2025-07-04,2025,7,4,port134,Beaumont,United States,USA,0,0,1,0,4,1,5,0,0,14455,0,0,14455,14455,0,0,0,0,97412,0,97412,1163063
2024-05-30,2024,5,30,port134,Beaumont,United States,USA,0,0,0,0,1,0,1,0,0,0,0,0,0,0,0,0,0,0,50769,0,50769,1163064
2025-07-05,2025,7,5,port134,Beaumont,United States,USA,0,0,0,0,2,0,2,0,0,0,0,360,0,360,0,0,0,0,73641,0,73641,1163066
2024-05-31,2024,5,31,port134,Beaumont,United States,USA,0,0,0,0,4,0,4,0,0,0,0,82127,0,82127,0,0,0,0,42530,0,42530,1163067
2025-07-06,2025,7,6,port134,Beaumont,United States,USA,0,0,0,0,3,0,3,0,0,0,0,24214,0,24214,0,0,0,0,92206,0,92206,1163069
2024-06-01,2024,6,1,port134,Beaumont,United States,USA,0,0,0,0,2,0,2,0,0,0,0,92425,0,92425,0,0,0,0,39504,0,39504,1163070
2025-07-07,2025,7,7,port134,Beaumont,United States,USA,0,0,0,0,1,0,1,0,0,0,0,360,0,360,0,0,0,0,33337,0,33337,1163072
2024-06-02,2024,6,2,port134,Beaumont,United States,USA,0,0,0,0,6,0,6,0,0,0,0,0,0,0,0,0,0,0,158934,0,158934,1163073
2025-07-08,2025,7,8,port134,Beaumont,United States,USA,0,0,0,0,6,0,6,0,0,0,0,22363,0,22363,0,0,0,0,181882,0,181882,1163075
2024-06-03,2024,6,3,port134,Beaumont,United States,USA,0,0,0,0,9,0,9,0,0,0,0,0,0,0,0,0,0,0,289527,0,289527,1163076
2025-07-09,2025,7,9,port134,Beaumont,United States,USA,0,0,0,0,4,0,4,0,0,0,0,0,0,0,0,0,0,0,132388,0,132388,1163078
2024-06-04,2024,6,4,port134,Beaumont,United States,USA,0,0,0,0,1,0,1,0,0,0,0,0,0,0,0,0,0,0,39267,0,39267,1163079
2025-07-10,2025,7,10,port134,Beaumont,United States,USA,0,0,0,0,1,0,1,0,0,0,0,0,0,0,0,0,0,0,43344,0,43344,1163080
2024-06-05,2024,6,5,port134,Beaumont,United States,USA,0,1,0,0,1,1,2,0,0,0,0,360,0,360,0,11050,0,0,33337,11050,44388,1163081
2025-07-11,2025,7,11,port134,Beaumont,United States,USA,0,1,0,0,5,1,6,0,0,0,0,0,0,0,0,45052,0,0,129745,45052,174798,1163082
2024-06-06,2024,6,6,port134,Beaumont,United States,USA,0,0,0,0,5,0,5,0,0,0,0,0,0,0,0,0,0,0,188412,0,188412,1163084
2025-07-12,2025,7,12,port134,Beaumont,United States,USA,0,0,1,0,4,1,5,0,0,230,0,11377,230,11608,0,0,0,0,87836,0,87836,1163085
2024-06-07,2024,6,7,port134,Beaumont,United States,USA,0,0,0,0,4,0,4,0,0,0,0,163529,0,163529,0,0,0,0,82509,0,82509,1163087
2025-07-13,2025,7,13,port134,Beaumont,United States,USA,0,0,0,0,4,0,4,0,0,0,0,0,0,0,0,0,0,0,115242,0,115242,1163088
2024-06-08,2024,6,8,port134,Beaumont,United States,USA,0,0,0,0,4,0,4,0,0,0,0,0,0,0,0,0,0,0,184934,0,184934,1163090
2025-07-14,2025,7,14,port134,Beaumont,United States,USA,0,1,0,0,2,1,3,0,0,0,0,0,0,0,0,39948,0,0,19478,39948,59426,1163091
2024-06-09,2024,6,9,port134,Beaumont,United States,USA,0,0,0,0,3,0,3,0,0,0,0,982,0,982,0,0,0,0,102918,0,102918,1163093
2025-07-15,2025,7,15,port134,Beaumont,United States,USA,0,0,0,0,2,0,2,0,0,0,0,0,0,0,0,0,0,0,18519,0,18519,1163094
2024-06-10,2024,6,10,port134,Beaumont,United States,USA,0,0,0,0,4,0,4,0,0,0,0,91577,0,91577,0,0,0,0,170091,0,170091,1163096
2025-07-16,2025,7,16,port134,Beaumont,United States,USA,0,0,0,0,3,0,3,0,0,0,0,0,0,0,0,0,0,0,71883,0,71883,1163097
2024-06-11,2024,6,11,port134,Beaumont,United States,USA,0,0,0,0,4,0,4,0,0,0,0,360,0,360,0,0,0,0,131372,0,131372,1163099
2025-07-17,2025,7,17,port134,Beaumont,United States,USA,0,1,0,1,5,2,7,0,0,0,1314,0,1314,1314,0,36020,0,0,173066,36020,209087,1163100
2024-06-12,2024,6,12,port134,Beaumont,United States,USA,0,1,0,0,2,1,3,0,0,0,0,0,0,0,0,16603,0,0,68595,16603,85199,1163102
2025-07-18,2025,7,18,port134,Beaumont,United States,USA,1,0,0,0,2,1,3,1016,0,0,0,0,1016,1016,204,0,0,0,9915,204,10119,1163103
2024-06-13,2024,6,13,port134,Beaumont,United States,USA,0,0,1,0,4,1,5,0,0,12222,0,0,12222,12222,0,0,0,0,94872,0,94872,1163105
2025-07-19,2025,7,19,port134,Beaumont,United States,USA,0,1,0,0,4,1,5,0,0,0,0,360,0,360,0,32833,0,0,137352,32833,170186,1163106
2024-06-14,2024,6,14,port134,Beaumont,United States,USA,0,0,0,0,5,0,5,0,0,0,0,982,0,982,0,0,0,0,163510,0,163510,1163108
2025-07-20,2025,7,20,port134,Beaumont,United States,USA,0,0,0,0,2,0,2,0,0,0,0,0,0,0,0,0,0,0,4175,0,4175,1163109
2024-06-15,2024,6,15,port134,Beaumont,United States,USA,0,0,1,0,4,1,5,0,0,0,0,0,0,0,0,0,2712,0,98008,2712,100721,1163111
2025-07-21,2025,7,21,port134,Beaumont,United States,USA,0,0,0,0,2,0,2,0,0,0,0,0,0,0,0,0,0,0,84191,0,84191,1163112
2024-06-16,2024,6,16,port134,Beaumont,United States,USA,0,0,0,0,4,0,4,0,0,0,0,0,0,0,0,0,0,0,68561,0,68561,1163114
2025-07-22,2025,7,22,port134,Beaumont,United States,USA,0,0,1,0,4,1,5,0,0,923,0,982,923,1905,0,0,0,0,68797,0,68797,1163115
2024-06-17,2024,6,17,port134,Beaumont,United States,USA,0,0,0,0,5,0,5,0,0,0,0,1964,0,1964,0,0,0,0,157093,0,157093,1163117
2025-07-23,2025,7,23,port134,Beaumont,United States,USA,0,0,0,0,3,0,3,0,0,0,0,0,0,0,0,0,0,0,114017,0,114017,1163118
2024-06-18,2024,6,18,port134,Beaumont,United States,USA,0,0,0,0,4,0,4,0,0,0,0,0,0,0,0,0,0,0,157959,0,157959,1163120
2024-06-19,2024,6,19,port134,Beaumont,United States,USA,0,0,0,0,4,0,4,0,0,0,0,24524,0,24524,0,0,0,0,114166,0,114166,1163122
2025-07-24,2025,7,24,port134,Beaumont,United States,USA,0,0,0,0,5,0,5,0,0,0,0,0,0,0,0,0,0,0,226784,0,226784,1163124
2024-06-20,2024,6,20,port134,Beaumont,United States,USA,0,0,0,0,1,0,1,0,0,0,0,0,0,0,0,0,0,0,48155,0,48155,1163125
2025-07-25,2025,7,25,port134,Beaumont,United States,USA,0,0,0,0,1,0,1,0,0,0,0,0,0,0,0,0,0,0,46394,0,46394,1163127
2024-06-21,2024,6,21,port134,Beaumont,United States,USA,0,0,0,0,5,0,5,0,0,0,0,360,0,360,0,0,0,0,88133,0,88133,1163128
2025-07-26,2025,7,26,port134,Beaumont,United States,USA,0,1,0,0,3,1,4,0,0,0,0,11489,0,11489,0,15615,0,0,61189,15615,76804,1163130
2024-06-22,2024,6,22,port134,Beaumont,United States,USA,0,0,0,1,2,1,3,0,0,0,0,0,0,0,0,0,0,2899,81839,2899,84738,1163131
2025-07-27,2025,7,27,port134,Beaumont,United States,USA,0,0,1,0,2,1,3,0,0,4858,0,0,4858,4858,0,0,0,0,72598,0,72598,1163133
2024-06-23,2024,6,23,port134,Beaumont,United States,USA,0,0,2,0,3,2,5,0,0,436,0,0,436,436,0,0,17066,0,133484,17066,150551,1163134
2025-07-28,2025,7,28,port134,Beaumont,United States,USA,0,0,0,0,5,0,5,0,0,0,0,0,0,0,0,0,0,0,107299,0,107299,1163136
2024-06-24,2024,6,24,port134,Beaumont,United States,USA,0,0,0,0,4,0,4,0,0,0,0,0,0,0,0,0,0,0,71407,0,71407,1163137
2025-07-29,2025,7,29,port134,Beaumont,United States,USA,0,0,0,0,3,0,3,0,0,0,0,0,0,0,0,0,0,0,92099,0,92099,1163139
2024-06-25,2024,6,25,port134,Beaumont,United States,USA,0,0,0,0,1,0,1,0,0,0,0,0,0,0,0,0,0,0,50426,0,50426,1163140
2025-07-30,2025,7,30,port134,Beaumont,United States,USA,0,0,0,0,5,0,5,0,0,0,0,0,0,0,0,0,0,0,146417,0,146417,1163142
2024-06-26,2024,6,26,port134,Beaumont,United States,USA,1,0,1,0,4,2,6,0,0,0,0,2183,0,2183,0,0,0,0,79210,0,79210,1163143
2025-07-31,2025,7,31,port134,Beaumont,United States,USA,0,0,0,0,0,0,0,0,0,0,0,0,0,0,0,0,0,0,0,0,0,1163145
2024-06-27,2024,6,27,port134,Beaumont,United States,USA,0,0,0,0,4,0,4,0,0,0,0,0,0,0,0,0,0,0,166653,0,166653,1163146
2025-08-01,2025,8,1,port134,Beaumont,United States,USA,0,0,0,0,4,0,4,0,0,0,0,15977,0,15977,0,0,0,0,114050,0,114050,1163148
2024-06-28,2024,6,28,port134,Beaumont,United States,USA,0,0,0,0,5,0,5,0,0,0,0,0,0,0,0,0,0,0,146676,0,146676,1163149
2025-08-02,2025,8,2,port134,Beaumont,United States,USA,0,0,0,0,2,0,2,0,0,0,0,0,0,0,0,0,0,0,68334,0,68334,1163151
2024-06-29,2024,6,29,port134,Beaumont,United States,USA,0,0,1,0,4,1,5,0,0,218,0,20444,218,20662,0,0,29,0,55417,29,55447,1163152
2025-08-03,2025,8,3,port134,Beaumont,United States,USA,0,1,0,0,0,1,1,0,2810,0,0,0,2810,2810,0,22385,0,0,0,22385,22385,1163154
2024-06-30,2024,6,30,port134,Beaumont,United States,USA,0,0,1,1,5,2,7,0,0,0,0,0,0,0,0,0,19969,0,151113,19969,171082,1163155
2025-08-04,2025,8,4,port134,Beaumont,United States,USA,0,0,1,0,3,1,4,0,0,4759,0,0,4759,4759,0,0,0,0,83036,0,83036,1163157
2024-07-01,2024,7,1,port134,Beaumont,United States,USA,0,0,0,0,3,0,3,0,0,0,0,982,0,982,0,0,0,0,28357,0,28357,1163158
2025-08-05,2025,8,5,port134,Beaumont,United States,USA,0,0,0,0,2,0,2,0,0,0,0,37270,0,37270,0,0,0,0,15155,0,15155,1163160
2024-07-02,2024,7,2,port134,Beaumont,United States,USA,0,0,0,0,3,0,3,0,0,0,0,360,0,360,0,0,0,0,87054,0,87054,1163161
2025-08-06,2025,8,6,port134,Beaumont,United States,USA,0,0,0,0,3,0,3,0,0,0,0,0,0,0,0,0,0,0,130298,0,130298,1163162
2024-07-03,2024,7,3,port134,Beaumont,United States,USA,0,0,0,0,4,0,4,0,0,0,0,80399,0,80399,0,0,0,0,120140,0,120140,1163163
2025-08-07,2025,8,7,port134,Beaumont,United States,USA,0,0,0,0,5,0,5,0,0,0,0,0,0,0,0,0,0,0,257571,0,257571,1163165
2024-07-04,2024,7,4,port134,Beaumont,United States,USA,0,1,0,0,3,1,4,0,0,0,0,0,0,0,0,50668,0,0,112699,50668,163368,1163166
2025-08-08,2025,8,8,port134,Beaumont,United States,USA,0,0,0,0,4,0,4,0,0,0,0,0,0,0,0,0,0,0,147641,0,147641,1163168
2024-07-05,2024,7,5,port134,Beaumont,United States,USA,0,0,0,0,3,0,3,0,0,0,0,73750,0,73750,0,0,0,0,109267,0,109267,1163169
2025-08-09,2025,8,9,port134,Beaumont,United States,USA,0,0,0,0,3,0,3,0,0,0,0,2659,0,2659,0,0,0,0,75751,0,75751,1163171
2024-07-06,2024,7,6,port134,Beaumont,United States,USA,0,0,1,0,3,1,4,0,0,5624,0,6064,5624,11688,0,0,0,0,122572,0,122572,1163172
2025-08-10,2025,8,10,port134,Beaumont,United States,USA,0,0,0,0,2,0,2,0,0,0,0,0,0,0,0,0,0,0,54902,0,54902,1163174
2024-07-07,2024,7,7,port134,Beaumont,United States,USA,0,0,0,0,6,0,6,0,0,0,0,360,0,360,0,0,0,0,143281,0,143281,1163175
2025-08-11,2025,8,11,port134,Beaumont,United States,USA,0,0,0,0,4,0,4,0,0,0,0,0,0,0,0,0,0,0,122343,0,122343,1163177
2024-07-08,2024,7,8,port134,Beaumont,United States,USA,0,0,0,0,1,0,1,0,0,0,0,982,0,982,0,0,0,0,25406,0,25406,1163178
2025-08-12,2025,8,12,port134,Beaumont,United States,USA,0,0,1,0,2,1,3,0,0,9681,0,0,9681,9681,0,0,0,0,88124,0,88124,1163180
2024-07-09,2024,7,9,port134,Beaumont,United States,USA,0,1,0,0,4,1,5,0,0,0,0,0,0,0,0,10051,0,0,142123,10051,152175,1163181
2025-08-13,2025,8,13,port134,Beaumont,United States,USA,0,0,0,0,4,0,4,0,0,0,0,11015,0,11015,0,0,0,0,101791,0,101791,1163183
2024-07-10,2024,7,10,port134,Beaumont,United States,USA,0,0,0,1,5,1,6,0,0,0,0,5312,0,5312,0,0,0,0,141886,0,141886,1163184
2025-08-14,2025,8,14,port134,Beaumont,United States,USA,0,1,0,0,5,1,6,0,2810,0,0,0,2810,2810,0,22385,0,0,193954,22385,216339,1163186
2024-07-11,2024,7,11,port134,Beaumont,United States,USA,0,0,0,0,4,0,4,0,0,0,0,67550,0,67550,0,0,0,0,64253,0,64253,1163187
2025-08-15,2025,8,15,port134,Beaumont,United States,USA,0,0,0,0,2,0,2,0,0,0,0,0,0,0,0,0,0,0,57232,0,57232,1163189
2024-07-12,2024,7,12,port134,Beaumont,United States,USA,0,0,0,1,2,1,3,0,0,0,0,0,0,0,0,0,0,0,30289,0,30289,1163190
2025-08-16,2025,8,16,port134,Beaumont,United States,USA,0,0,0,0,1,0,1,0,0,0,0,0,0,0,0,0,0,0,54442,0,54442,1163192
2024-07-13,2024,7,13,port134,Beaumont,United States,USA,0,0,0,0,4,0,4,0,0,0,0,1214,0,1214,0,0,0,0,139082,0,139082,1163193
2025-08-17,2025,8,17,port134,Beaumont,United States,USA,1,0,0,0,5,1,6,0,0,0,0,12181,0,12181,0,0,0,0,84271,0,84271,1163195
2024-07-14,2024,7,14,port134,Beaumont,United States,USA,0,0,0,0,4,0,4,0,0,0,0,0,0,0,0,0,0,0,176912,0,176912,1163196
2025-08-18,2025,8,18,port134,Beaumont,United States,USA,0,0,0,0,5,0,5,0,0,0,0,0,0,0,0,0,0,0,211792,0,211792,1163198
2024-07-15,2024,7,15,port134,Beaumont,United States,USA,0,0,0,0,2,0,2,0,0,0,0,0,0,0,0,0,0,0,69372,0,69372,1163199
2025-08-19,2025,8,19,port134,Beaumont,United States,USA,0,0,0,1,6,1,7,0,0,0,0,982,0,982,0,0,0,0,194558,0,194558,1163201
2024-07-16,2024,7,16,port134,Beaumont,United States,USA,0,0,0,0,1,0,1,0,0,0,0,0,0,0,0,0,0,0,16143,0,16143,1163202
2025-08-20,2025,8,20,port134,Beaumont,United States,USA,0,0,0,0,2,0,2,0,0,0,0,81232,0,81232,0,0,0,0,0,0,0,1163203
2024-07-17,2024,7,17,port134,Beaumont,United States,USA,0,0,0,0,4,0,4,0,0,0,0,0,0,0,0,0,0,0,249513,0,249513,1163204
2025-08-21,2025,8,21,port134,Beaumont,United States,USA,0,0,0,0,5,0,5,0,0,0,0,6424,0,6424,0,0,0,0,211305,0,211305,1163205
2024-07-18,2024,7,18,port134,Beaumont,United States,USA,0,0,0,0,3,0,3,0,0,0,0,0,0,0,0,0,0,0,23535,0,23535,1163207
2025-08-22,2025,8,22,port134,Beaumont,United States,USA,0,0,0,0,5,0,5,0,0,0,0,12107,0,12107,0,0,0,0,152026,0,152026,1163208
2024-07-19,2024,7,19,port134,Beaumont,United States,USA,0,0,0,0,5,0,5,0,0,0,0,60140,0,60140,0,0,0,0,153543,0,153543,1163210
2025-08-23,2025,8,23,port134,Beaumont,United States,USA,0,0,0,0,6,0,6,0,0,0,0,360,0,360,0,0,0,0,231944,0,231944,1163211
2024-07-20,2024,7,20,port134,Beaumont,United States,USA,0,0,0,0,7,0,7,0,0,0,0,0,0,0,0,0,0,0,304402,0,304402,1163213
2025-08-24,2025,8,24,port134,Beaumont,United States,USA,0,0,0,0,1,0,1,0,0,0,0,0,0,0,0,0,0,0,15163,0,15163,1163214
2024-07-21,2024,7,21,port134,Beaumont,United States,USA,0,0,0,0,1,0,1,0,0,0,0,0,0,0,0,0,0,0,48590,0,48590,1163216
2025-08-25,2025,8,25,port134,Beaumont,United States,USA,0,0,0,0,3,0,3,0,0,0,0,12107,0,12107,0,0,0,0,135986,0,135986,1163217
2024-07-22,2024,7,22,port134,Beaumont,United States,USA,0,0,1,0,2,1,3,0,0,437,0,0,437,437,0,0,0,0,69671,0,69671,1163219
2025-08-26,2025,8,26,port134,Beaumont,United States,USA,0,0,1,0,2,1,3,0,0,15386,0,0,15386,15386,0,0,0,0,59226,0,59226,1163220
2024-07-23,2024,7,23,port134,Beaumont,United States,USA,0,1,0,0,4,1,5,0,0,0,0,84929,0,84929,0,46699,0,0,39504,46699,86204,1163222
2025-08-27,2025,8,27,port134,Beaumont,United States,USA,0,0,0,0,7,0,7,0,0,0,0,4218,0,4218,0,0,0,0,118571,0,118571,1163223
2024-07-24,2024,7,24,port134,Beaumont,United States,USA,0,0,0,0,1,0,1,0,0,0,0,0,0,0,0,0,0,0,17672,0,17672,1163225
2025-08-28,2025,8,28,port134,Beaumont,United States,USA,0,0,1,0,3,1,4,0,0,5046,0,0,5046,5046,0,0,2011,0,68645,2011,70657,1163226
2024-07-25,2024,7,25,port134,Beaumont,United States,USA,0,0,0,0,7,0,7,0,0,0,0,92980,0,92980,0,0,0,0,122075,0,122075,1163228
2025-08-29,2025,8,29,port134,Beaumont,United States,USA,0,0,0,0,3,0,3,0,0,0,0,4615,0,4615,0,0,0,0,92333,0,92333,1163229
2024-07-26,2024,7,26,port134,Beaumont,United States,USA,0,0,0,0,4,0,4,0,0,0,0,0,0,0,0,0,0,0,174371,0,174371,1163231
2025-08-30,2025,8,30,port134,Beaumont,United States,USA,0,0,0,0,2,0,2,0,0,0,0,0,0,0,0,0,0,0,90155,0,90155,1163232
2024-07-27,2024,7,27,port134,Beaumont,United States,USA,1,0,0,0,4,1,5,11893,0,0,0,0,11893,11893,0,0,0,0,154172,0,154172,1163234
2025-08-31,2025,8,31,port134,Beaumont,United States,USA,0,0,0,0,3,0,3,0,0,0,0,19073,0,19073,0,0,0,0,97529,0,97529,1163235
2024-07-28,2024,7,28,port134,Beaumont,United States,USA,0,0,0,0,2,0,2,0,0,0,0,0,0,0,0,0,0,0,35524,0,35524,1163237
2025-09-01,2025,9,1,port134,Beaumont,United States,USA,0,0,0,0,5,0,5,0,0,0,0,0,0,0,0,0,0,0,109904,0,109904,1163238
2024-07-29,2024,7,29,port134,Beaumont,United States,USA,0,0,0,0,0,0,0,0,0,0,0,0,0,0,0,0,0,0,0,0,0,1163240
2025-09-02,2025,9,2,port134,Beaumont,United States,USA,0,0,0,0,3,0,3,0,0,0,0,0,0,0,0,0,0,0,143808,0,143808,1163241
2024-07-30,2024,7,30,port134,Beaumont,United States,USA,0,0,0,0,5,0,5,0,0,0,0,23325,0,23325,0,0,0,0,156832,0,156832,1163243
2024-07-31,2024,7,31,port134,Beaumont,United States,USA,0,0,0,0,3,0,3,0,0,0,0,0,0,0,0,0,0,0,90685,0,90685,1163245
2025-09-03,2025,9,3,port134,Beaumont,United States,USA,0,0,0,0,3,0,3,0,0,0,0,0,0,0,0,0,0,0,118445,0,118445,1163247
2024-08-01,2024,8,1,port134,Beaumont,United States,USA,0,0,1,0,3,1,4,0,0,12188,0,0,12188,12188,0,0,0,0,110928,0,110928,1163248
2025-09-04,2025,9,4,port134,Beaumont,United States,USA,0,0,0,1,6,1,7,0,0,0,0,54512,0,54512,0,0,0,0,203811,0,203811,1163250
2024-08-02,2024,8,2,port134,Beaumont,United States,USA,0,0,0,0,2,0,2,0,0,0,0,0,0,0,0,0,0,0,38494,0,38494,1163251
2025-09-05,2025,9,5,port134,Beaumont,United States,USA,0,0,1,0,3,1,4,0,0,0,0,0,0,0,0,0,20426,0,141743,20426,162169,1163253
2024-08-03,2024,8,3,port134,Beaumont,United States,USA,0,0,0,0,5,0,5,0,0,0,0,82896,0,82896,0,0,0,0,71432,0,71432,1163254
2025-09-06,2025,9,6,port134,Beaumont,United States,USA,0,0,0,0,3,0,3,0,0,0,0,0,0,0,0,0,0,0,63998,0,63998,1163256
2024-08-04,2024,8,4,port134,Beaumont,United States,USA,0,0,0,0,3,0,3,0,0,0,0,0,0,0,0,0,0,0,133632,0,133632,1163257
2025-09-07,2025,9,7,port134,Beaumont,United States,USA,0,0,0,0,8,0,8,0,0,0,0,982,0,982,0,0,0,0,256535,0,256535,1163259
2024-08-05,2024,8,5,port134,Beaumont,United States,USA,0,0,0,0,2,0,2,0,0,0,0,0,0,0,0,0,0,0,12012,0,12012,1163260
2025-09-08,2025,9,8,port134,Beaumont,United States,USA,0,1,0,0,2,1,3,0,0,0,0,0,0,0,0,35411,0,0,67924,35411,103336,1163262
2024-08-06,2024,8,6,port134,Beaumont,United States,USA,0,0,1,0,2,1,3,0,0,0,0,0,0,0,0,0,11023,0,52586,11023,63609,1163263
2025-09-09,2025,9,9,port134,Beaumont,United States,USA,0,0,0,0,7,0,7,0,0,0,0,982,0,982,0,0,0,0,250273,0,250273,1163265
2024-08-07,2024,8,7,port134,Beaumont,United States,USA,0,0,0,0,4,0,4,0,0,0,0,0,0,0,0,0,0,0,101180,0,101180,1163266
2025-09-10,2025,9,10,port134,Beaumont,United States,USA,0,0,0,0,5,0,5,0,0,0,0,76799,0,76799,0,0,0,0,120476,0,120476,1163268
2024-08-08,2024,8,8,port134,Beaumont,United States,USA,0,0,0,0,4,0,4,0,0,0,0,0,0,0,0,0,0,0,175795,0,175795,1163269
2025-09-11,2025,9,11,port134,Beaumont,United States,USA,0,0,0,0,3,0,3,0,0,0,0,23491,0,23491,0,0,0,0,44465,0,44465,1163271
2024-08-09,2024,8,9,port134,Beaumont,United States,USA,0,0,0,0,4,0,4,0,0,0,0,982,0,982,0,0,0,0,140691,0,140691,1163272
2025-09-12,2025,9,12,port134,Beaumont,United States,USA,0,0,0,0,3,0,3,0,0,0,0,74680,0,74680,0,0,0,0,37643,0,37643,1163274
2024-08-10,2024,8,10,port134,Beaumont,United States,USA,0,0,0,0,4,0,4,0,0,0,0,69911,0,69911,0,0,0,0,192826,0,192826,1163275
2025-09-13,2025,9,13,port134,Beaumont,United States,USA,0,1,0,0,6,1,7,0,0,0,0,13991,0,13991,0,38563,0,0,119215,38563,157778,1163277
2024-08-11,2024,8,11,port134,Beaumont,United States,USA,0,0,0,0,1,0,1,0,0,0,0,360,0,360,0,0,0,0,33337,0,33337,1163278
2025-09-14,2025,9,14,port134,Beaumont,United States,USA,0,0,0,0,5,0,5,0,0,0,0,0,0,0,0,0,0,0,231258,0,231258,1163280
2024-08-12,2024,8,12,port134,Beaumont,United States,USA,0,0,0,0,3,0,3,0,0,0,0,0,0,0,0,0,0,0,59509,0,59509,1163281
2025-09-15,2025,9,15,port134,Beaumont,United States,USA,0,0,0,1,3,1,4,0,0,0,0,0,0,0,0,0,0,0,158962,0,158962,1163283
2024-08-13,2024,8,13,port134,Beaumont,United States,USA,0,0,0,0,4,0,4,0,0,0,0,13105,0,13105,0,0,0,0,96740,0,96740,1163284
2025-09-16,2025,9,16,port134,Beaumont,United States,USA,0,0,1,0,3,1,4,0,0,5046,0,0,5046,5046,0,0,2011,0,79866,2011,81878,1163285
2024-08-14,2024,8,14,port134,Beaumont,United States,USA,0,0,0,0,4,0,4,0,0,0,0,36714,0,36714,0,0,0,0,93582,0,93582,1163286
2025-09-17,2025,9,17,port134,Beaumont,United States,USA,0,1,0,0,4,1,5,0,0,0,0,13089,0,13089,0,36952,0,0,91532,36952,128484,1163287
2024-08-15,2024,8,15,port134,Beaumont,United States,USA,0,0,0,0,4,0,4,0,0,0,0,25929,0,25929,0,0,0,0,149249,0,149249,1163289
2025-09-18,2025,9,18,port134,Beaumont,United States,USA,0,0,1,0,3,1,4,0,0,9728,0,0,9728,9728,0,0,0,0,116105,0,116105,1163290
2024-08-16,2024,8,16,port134,Beaumont,United States,USA,0,0,0,0,3,0,3,0,0,0,0,0,0,0,0,0,0,0,79948,0,79948,1163292
2025-09-19,2025,9,19,port134,Beaumont,United States,USA,0,0,0,0,6,0,6,0,0,0,0,12107,0,12107,0,0,0,0,232814,0,232814,1163293
2024-08-17,2024,8,17,port134,Beaumont,United States,USA,0,0,0,0,5,0,5,0,0,0,0,982,0,982,0,0,0,0,166362,0,166362,1163295
2025-09-20,2025,9,20,port134,Beaumont,United States,USA,0,0,0,0,3,0,3,0,0,0,0,0,0,0,0,0,0,0,165961,0,165961,1163296
2024-08-18,2024,8,18,port134,Beaumont,United States,USA,0,0,0,0,2,0,2,0,0,0,0,0,0,0,0,0,0,0,93047,0,93047,1163298
2025-09-21,2025,9,21,port134,Beaumont,United States,USA,0,1,0,0,6,1,7,0,0,0,0,0,0,0,0,36730,0,0,184932,36730,221662,1163299
2024-08-19,2024,8,19,port134,Beaumont,United States,USA,0,0,0,0,2,0,2,0,0,0,0,0,0,0,0,0,0,0,9946,0,9946,1163301
2025-09-22,2025,9,22,port134,Beaumont,United States,USA,0,0,0,0,3,0,3,0,0,0,0,18911,0,18911,0,0,0,0,43938,0,43938,1163302
2024-08-20,2024,8,20,port134,Beaumont,United States,USA,0,0,0,0,5,0,5,0,0,0,0,0,0,0,0,0,0,0,204255,0,204255,1163304
2025-09-23,2025,9,23,port134,Beaumont,United States,USA,0,0,1,0,2,1,3,0,0,0,0,0,0,0,0,0,178,0,82405,178,82584,1163305
2024-08-21,2024,8,21,port134,Beaumont,United States,USA,0,0,0,0,2,0,2,0,0,0,0,75049,0,75049,0,0,0,0,49709,0,49709,1163307
2025-09-24,2025,9,24,port134,Beaumont,United States,USA,0,0,0,0,6,0,6,0,0,0,0,57968,0,57968,0,0,0,0,141991,0,141991,1163308
2024-08-22,2024,8,22,port134,Beaumont,United States,USA,0,0,1,0,4,1,5,0,0,0,0,21663,0,21663,0,0,14700,0,205831,14700,220531,1163310
2025-09-25,2025,9,25,port134,Beaumont,United States,USA,0,0,0,0,3,0,3,0,0,0,0,0,0,0,0,0,0,0,86428,0,86428,1163311
2024-08-23,2024,8,23,port134,Beaumont,United States,USA,0,0,0,0,3,0,3,0,0,0,0,0,0,0,0,0,0,0,77977,0,77977,1163313
2025-09-26,2025,9,26,port134,Beaumont,United States,USA,0,0,0,0,4,0,4,0,0,0,0,0,0,0,0,0,0,0,155942,0,155942,1163314
2024-08-24,2024,8,24,port134,Beaumont,United States,USA,0,1,0,0,4,1,5,0,0,0,0,0,0,0,0,35654,0,0,178127,35654,213781,1163316
2025-09-27,2025,9,27,port134,Beaumont,United States,USA,0,0,0,0,4,0,4,0,0,0,0,0,0,0,0,0,0,0,165459,0,165459,1163317
2024-08-25,2024,8,25,port134,Beaumont,United States,USA,0,0,1,0,4,1,5,0,0,0,0,0,0,0,0,0,434,0,169586,434,170021,1163319
2025-09-28,2025,9,28,port134,Beaumont,United States,USA,0,0,0,0,5,0,5,0,0,0,0,982,0,982,0,0,0,0,160021,0,160021,1163320
2024-08-26,2024,8,26,port134,Beaumont,United States,USA,1,0,0,0,0,1,1,0,0,0,0,0,0,0,0,0,0,0,0,0,0,1163322
2025-09-29,2025,9,29,port134,Beaumont,United States,USA,0,0,0,0,5,0,5,0,0,0,0,0,0,0,0,0,0,0,92166,0,92166,1163323
2024-08-27,2024,8,27,port134,Beaumont,United States,USA,0,0,0,0,3,0,3,0,0,0,0,0,0,0,0,0,0,0,71745,0,71745,1163325
2024-08-28,2024,8,28,port134,Beaumont,United States,USA,0,0,0,0,3,0,3,0,0,0,0,0,0,0,0,0,0,0,80733,0,80733,1163327
2025-09-30,2025,9,30,port134,Beaumont,United States,USA,0,0,1,0,0,1,1,0,0,0,0,0,0,0,0,0,13933,0,0,13933,13933,1163329
2024-08-29,2024,8,29,port134,Beaumont,United States,USA,0,0,0,0,1,0,1,0,0,0,0,0,0,0,0,0,0,0,47236,0,47236,1163330
2025-10-01,2025,10,1,port134,Beaumont,United States,USA,0,0,0,0,6,0,6,0,0,0,0,22361,0,22361,0,0,0,0,108636,0,108636,1163332
2024-08-30,2024,8,30,port134,Beaumont,United States,USA,0,0,0,0,2,0,2,0,0,0,0,0,0,0,0,0,0,0,57832,0,57832,1163333
2025-10-02,2025,10,2,port134,Beaumont,United States,USA,0,0,0,0,5,0,5,0,0,0,0,76421,0,76421,0,0,0,0,170204,0,170204,1163335
2024-08-31,2024,8,31,port134,Beaumont,United States,USA,0,0,0,0,4,0,4,0,0,0,0,982,0,982,0,0,0,0,109738,0,109738,1163336
2025-10-03,2025,10,3,port134,Beaumont,United States,USA,0,0,0,0,3,0,3,0,0,0,0,443,0,443,0,0,0,0,51087,0,51087,1163338
2024-09-01,2024,9,1,port134,Beaumont,United States,USA,0,0,0,0,3,0,3,0,0,0,0,12107,0,12107,0,0,0,0,127313,0,127313,1163339
2025-10-04,2025,10,4,port134,Beaumont,United States,USA,0,0,1,0,4,1,5,0,0,5046,0,0,5046,5046,0,0,2011,0,167665,2011,169677,1163341
2024-09-02,2024,9,2,port134,Beaumont,United States,USA,0,0,0,0,2,0,2,0,0,0,0,0,0,0,0,0,0,0,93367,0,93367,1163342
2025-10-05,2025,10,5,port134,Beaumont,United States,USA,0,0,0,0,3,0,3,0,0,0,0,0,0,0,0,0,0,0,74400,0,74400,1163344
2024-09-03,2024,9,3,port134,Beaumont,United States,USA,0,0,0,0,3,0,3,0,0,0,0,70241,0,70241,0,0,0,0,25946,0,25946,1163345
2025-10-06,2025,10,6,port134,Beaumont,United States,USA,0,0,0,1,4,1,5,0,0,0,793,0,793,793,0,0,0,2256,170504,2256,172761,1163347
2024-09-04,2024,9,4,port134,Beaumont,United States,USA,0,0,1,0,0,1,1,0,0,6637,0,0,6637,6637,0,0,0,0,0,0,0,1163348
2025-10-07,2025,10,7,port134,Beaumont,United States,USA,0,0,0,0,4,0,4,0,0,0,0,360,0,360,0,0,0,0,167634,0,167634,1163350
2024-09-05,2024,9,5,port134,Beaumont,United States,USA,0,1,0,0,5,1,6,0,0,0,0,0,0,0,0,14037,0,0,185172,14037,199210,1163351
2025-10-08,2025,10,8,port134,Beaumont,United States,USA,1,0,0,0,7,1,8,1016,0,0,0,12467,1016,13484,204,0,0,0,235889,204,236094,1163353
2024-09-06,2024,9,6,port134,Beaumont,United States,USA,0,0,1,0,4,1,5,0,0,5046,0,0,5046,5046,0,0,2011,0,97934,2011,99946,1163354
2025-10-09,2025,10,9,port134,Beaumont,United States,USA,0,0,0,0,3,0,3,0,0,0,0,0,0,0,0,0,0,0,118061,0,118061,1163356
2024-09-07,2024,9,7,port134,Beaumont,United States,USA,0,1,0,0,0,1,1,0,0,0,0,0,0,0,0,32576,0,0,0,32576,32576,1163357
2025-10-10,2025,10,10,port134,Beaumont,United States,USA,0,0,0,0,6,0,6,0,0,0,0,12107,0,12107,0,0,0,0,248147,0,248147,1163359
2024-09-08,2024,9,8,port134,Beaumont,United States,USA,0,0,0,0,2,0,2,0,0,0,0,0,0,0,0,0,0,0,98698,0,98698,1163360
2025-10-11,2025,10,11,port134,Beaumont,United States,USA,0,0,0,0,2,0,2,0,0,0,0,0,0,0,0,0,0,0,96372,0,96372,1163362
2024-09-09,2024,9,9,port134,Beaumont,United States,USA,0,0,0,0,1,0,1,0,0,0,0,0,0,0,0,0,0,0,41414,0,41414,1163363
2025-10-12,2025,10,12,port134,Beaumont,United States,USA,0,1,1,0,6,2,8,0,0,498,0,53762,498,54261,0,36570,0,0,150901,36570,187471,1163365
2024-09-10,2024,9,10,port134,Beaumont,United States,USA,0,0,0,0,0,0,0,0,0,0,0,0,0,0,0,0,0,0,0,0,0,1163366
2025-10-13,2025,10,13,port134,Beaumont,United States,USA,0,1,0,0,5,1,6,0,0,0,0,0,0,0,0,20801,0,0,148855,20801,169657,1163367
2024-09-11,2024,9,11,port134,Beaumont,United States,USA,0,0,0,0,0,0,0,0,0,0,0,0,0,0,0,0,0,0,0,0,0,1163368
2025-10-14,2025,10,14,port134,Beaumont,United States,USA,0,0,0,0,5,0,5,0,0,0,0,0,0,0,0,0,0,0,271334,0,271334,1163369
2024-09-12,2024,9,12,port134,Beaumont,United States,USA,0,1,0,0,6,1,7,0,0,0,0,2182,0,2182,0,4103,0,0,191277,4103,195380,1163371
2025-10-15,2025,10,15,port134,Beaumont,United States,USA,0,0,0,1,6,1,7,0,0,0,0,1674,0,1674,0,0,0,0,122683,0,122683,1163372
2024-09-13,2024,9,13,port134,Beaumont,United States,USA,0,0,0,1,7,1,8,0,0,0,0,0,0,0,0,0,0,0,354395,0,354395,1163374
2025-10-16,2025,10,16,port134,Beaumont,United States,USA,0,0,0,0,2,0,2,0,0,0,0,0,0,0,0,0,0,0,32924,0,32924,1163375
2024-09-14,2024,9,14,port134,Beaumont,United States,USA,0,0,0,0,5,0,5,0,0,0,0,70255,0,70255,0,0,0,0,117298,0,117298,1163377
2025-10-17,2025,10,17,port134,Beaumont,United States,USA,0,0,0,0,5,0,5,0,0,0,0,982,0,982,0,0,0,0,196724,0,196724,1163378
2024-09-15,2024,9,15,port134,Beaumont,United States,USA,0,0,0,0,1,0,1,0,0,0,0,0,0,0,0,0,0,0,7207,0,7207,1163380
2025-10-18,2025,10,18,port134,Beaumont,United States,USA,0,1,0,0,1,1,2,0,0,0,0,0,0,0,0,35802,0,0,35987,35802,71790,1163381
2024-09-16,2024,9,16,port134,Beaumont,United States,USA,0,0,0,0,4,0,4,0,0,0,0,18976,0,18976,0,0,0,0,134296,0,134296,1163383
2025-10-19,2025,10,19,port134,Beaumont,United States,USA,0,0,0,0,3,0,3,0,0,0,0,0,0,0,0,0,0,0,101541,0,101541,1163384
2024-09-17,2024,9,17,port134,Beaumont,United States,USA,0,0,0,0,1,0,1,0,0,0,0,0,0,0,0,0,0,0,42660,0,42660,1163386
2025-10-20,2025,10,20,port134,Beaumont,United States,USA,0,0,0,0,3,0,3,0,0,0,0,0,0,0,0,0,0,0,123328,0,123328,1163387
2024-09-18,2024,9,18,port134,Beaumont,United States,USA,0,0,0,0,4,0,4,0,0,0,0,0,0,0,0,0,0,0,130061,0,130061,1163389
2025-10-21,2025,10,21,port134,Beaumont,United States,USA,0,0,0,0,2,0,2,0,0,0,0,0,0,0,0,0,0,0,27887,0,27887,1163390
2024-09-19,2024,9,19,port134,Beaumont,United States,USA,0,0,1,0,3,1,4,0,0,13205,0,0,13205,13205,0,0,0,0,63042,0,63042,1163392
2025-10-22,2025,10,22,port134,Beaumont,United States,USA,0,0,0,0,5,0,5,0,0,0,0,0,0,0,0,0,0,0,152318,0,152318,1163393
2024-09-20,2024,9,20,port134,Beaumont,United States,USA,0,0,0,0,5,0,5,0,0,0,0,20108,0,20108,0,0,0,0,112393,0,112393,1163395
2025-10-23,2025,10,23,port134,Beaumont,United States,USA,1,0,1,0,2,2,4,1016,0,218,0,60811,1234,62046,204,0,29,0,55214,234,55448,1163396
2024-09-21,2024,9,21,port134,Beaumont,United States,USA,0,0,0,0,2,0,2,0,0,0,0,360,0,360,0,0,0,0,73112,0,73112,1163398
2025-10-24,2025,10,24,port134,Beaumont,United States,USA,0,1,0,0,3,1,4,0,0,0,0,0,0,0,0,1662,0,0,155206,1662,156869,1163399
2024-09-22,2024,9,22,port134,Beaumont,United States,USA,0,0,0,0,2,0,2,0,0,0,0,78453,0,78453,0,0,0,0,50582,0,50582,1163401
2025-10-25,2025,10,25,port134,Beaumont,United States,USA,0,0,0,0,5,0,5,0,0,0,0,0,0,0,0,0,0,0,187116,0,187116,1163402
2024-09-23,2024,9,23,port134,Beaumont,United States,USA,0,1,0,0,3,1,4,0,0,0,0,360,0,360,0,10510,0,0,97789,10510,108300,1163404
2025-10-26,2025,10,26,port134,Beaumont,United States,USA,0,0,0,0,2,0,2,0,0,0,0,0,0,0,0,0,0,0,62899,0,62899,1163405
2024-09-24,2024,9,24,port134,Beaumont,United States,USA,0,0,0,0,3,0,3,0,0,0,0,0,0,0,0,0,0,0,81320,0,81320,1163407
2024-09-25,2024,9,25,port134,Beaumont,United States,USA,0,0,0,0,1,0,1,0,0,0,0,82946,0,82946,0,0,0,0,0,0,0,1163409
2025-10-27,2025,10,27,port134,Beaumont,United States,USA,0,0,0,0,3,0,3,0,0,0,0,0,0,0,0,0,0,0,140530,0,140530,1163410
2024-09-26,2024,9,26,port134,Beaumont,United States,USA,0,0,0,0,2,0,2,0,0,0,0,0,0,0,0,0,0,0,72943,0,72943,1163412
2025-10-28,2025,10,28,port134,Beaumont,United States,USA,0,0,0,0,5,0,5,0,0,0,0,28881,0,28881,0,0,0,0,143634,0,143634,1163413
2024-09-27,2024,9,27,port134,Beaumont,United States,USA,0,0,0,0,4,0,4,0,0,0,0,982,0,982,0,0,0,0,133276,0,133276,1163415
2025-10-29,2025,10,29,port134,Beaumont,United States,USA,0,0,0,0,4,0,4,0,0,0,0,0,0,0,0,0,0,0,190856,0,190856,1163416
2024-09-28,2024,9,28,port134,Beaumont,United States,USA,0,0,0,0,3,0,3,0,0,0,0,606,0,606,0,0,0,0,56051,0,56051,1163418
2025-10-30,2025,10,30,port134,Beaumont,United States,USA,0,0,0,0,5,0,5,0,0,0,0,360,0,360,0,0,0,0,157204,0,157204,1163419
2024-09-29,2024,9,29,port134,Beaumont,United States,USA,1,0,0,0,2,1,3,1016,0,0,0,0,1016,1016,204,0,0,0,52018,204,52222,1163421
2025-10-31,2025,10,31,port134,Beaumont,United States,USA,0,1,0,1,0,2,2,0,0,0,0,0,0,0,0,0,0,0,0,0,0,1163422
2024-09-30,2024,9,30,port134,Beaumont,United States,USA,0,0,0,0,2,0,2,0,0,0,0,106886,0,106886,0,0,0,0,0,0,0,1163424
2025-11-01,2025,11,1,port134,Beaumont,United States,USA,0,0,0,0,4,0,4,0,0,0,0,0,0,0,0,0,0,0,211591,0,211591,1163425
2024-10-01,2024,10,1,port134,Beaumont,United States,USA,0,0,0,0,2,0,2,0,0,0,0,0,0,0,0,0,0,0,77934,0,77934,1163427
2025-11-02,2025,11,2,port134,Beaumont,United States,USA,0,0,0,0,4,0,4,0,0,0,0,16053,0,16053,0,0,0,0,42586,0,42586,1163428
2024-10-02,2024,10,2,port134,Beaumont,United States,USA,0,0,1,0,1,1,2,0,0,1308,0,0,1308,1308,0,0,0,0,56039,0,56039,1163430
2025-11-03,2025,11,3,port134,Beaumont,United States,USA,0,0,1,1,3,2,5,0,0,7593,0,0,7593,7593,0,0,0,0,99750,0,99750,1163431
2024-10-03,2024,10,3,port134,Beaumont,United States,USA,0,0,0,1,3,1,4,0,0,0,0,0,0,0,0,0,0,0,97439,0,97439,1163433
2025-11-04,2025,11,4,port134,Beaumont,United States,USA,1,0,0,0,4,1,5,2033,0,0,0,0,2033,2033,0,0,0,0,66890,0,66890,1163434
2024-10-04,2024,10,4,port134,Beaumont,United States,USA,0,0,0,0,1,0,1,0,0,0,0,0,0,0,0,0,0,0,4182,0,4182,1163436
2025-11-05,2025,11,5,port134,Beaumont,United States,USA,0,0,0,0,1,0,1,0,0,0,0,0,0,0,0,0,0,0,52982,0,52982,1163437
2024-10-05,2024,10,5,port134,Beaumont,United States,USA,0,0,0,1,2,1,3,0,0,0,793,0,793,793,0,0,0,2256,73526,2256,75782,1163439
2025-11-06,2025,11,6,port134,Beaumont,United States,USA,0,0,0,1,5,1,6,0,0,0,4857,0,4857,4857,0,0,0,0,117473,0,117473,1163440
2024-10-06,2024,10,6,port134,Beaumont,United States,USA,0,0,0,0,5,0,5,0,0,0,0,0,0,0,0,0,0,0,163208,0,163208,1163442
2025-11-07,2025,11,7,port134,Beaumont,United States,USA,0,0,0,0,2,0,2,0,0,0,0,0,0,0,0,0,0,0,83784,0,83784,1163443
2024-10-07,2024,10,7,port134,Beaumont,United States,USA,0,0,0,0,3,0,3,0,0,0,0,0,0,0,0,0,0,0,106567,0,106567,1163445
2025-11-08,2025,11,8,port134,Beaumont,United States,USA,0,1,0,0,2,1,3,0,0,0,0,0,0,0,0,0,0,0,19048,0,19048,1163446
2024-10-08,2024,10,8,port134,Beaumont,United States,USA,0,0,0,0,2,0,2,0,0,0,0,0,0,0,0,0,0,0,49983,0,49983,1163448
2024-10-09,2024,10,9,port134,Beaumont,United States,USA,0,0,1,0,3,1,4,0,0,459,0,0,459,459,0,0,0,0,93879,0,93879,1163450
2025-11-09,2025,11,9,port134,Beaumont,United States,USA,0,0,0,0,2,0,2,0,0,0,0,0,0,0,0,0,0,0,11021,0,11021,1163451
2024-10-10,2024,10,10,port134,Beaumont,United States,USA,0,0,0,0,3,0,3,0,0,0,0,0,0,0,0,0,0,0,35056,0,35056,1163453
2025-11-10,2025,11,10,port134,Beaumont,United States,USA,0,0,0,0,5,0,5,0,0,0,0,55970,0,55970,0,0,0,0,119768,0,119768,1163454
2024-10-11,2024,10,11,port134,Beaumont,United States,USA,0,1,0,0,3,1,4,0,0,0,0,0,0,0,0,0,0,0,70916,0,70916,1163456
2025-11-11,2025,11,11,port134,Beaumont,United States,USA,0,0,0,0,7,0,7,0,0,0,0,982,0,982,0,0,0,0,264332,0,264332,1163457
2024-10-12,2024,10,12,port134,Beaumont,United States,USA,0,0,1,1,2,2,4,0,0,5046,0,13960,5046,19006,0,0,2011,5676,14041,7688,21729,1163459
2025-11-12,2025,11,12,port134,Beaumont,United States,USA,0,0,0,0,3,0,3,0,0,0,0,0,0,0,0,0,0,0,169004,0,169004,1163460
2024-10-13,2024,10,13,port134,Beaumont,United States,USA,0,0,1,0,2,1,3,0,0,18250,0,0,18250,18250,0,0,0,0,91237,0,91237,1163462
2025-11-13,2025,11,13,port134,Beaumont,United States,USA,0,0,0,0,4,0,4,0,0,0,0,54901,0,54901,0,0,0,0,93496,0,93496,1163463
2024-10-14,2024,10,14,port134,Beaumont,United States,USA,0,0,0,0,3,0,3,0,0,0,0,0,0,0,0,0,0,0,67908,0,67908,1163465
2025-11-14,2025,11,14,port134,Beaumont,United States,USA,0,1,1,0,7,2,9,0,0,5046,0,360,5046,5406,0,20561,2011,0,262733,22573,285307,1163466
2024-10-15,2024,10,15,port134,Beaumont,United States,USA,0,0,0,0,4,0,4,0,0,0,0,48432,0,48432,0,0,0,0,90361,0,90361,1163468
2025-11-15,2025,11,15,port134,Beaumont,United States,USA,0,0,0,0,4,0,4,0,0,0,0,19885,0,19885,0,0,0,0,69767,0,69767,1163469
2024-10-16,2024,10,16,port134,Beaumont,United States,USA,0,0,1,0,1,1,2,0,0,3318,0,0,3318,3318,0,0,0,0,50304,0,50304,1163471
2025-11-16,2025,11,16,port134,Beaumont,United States,USA,0,0,1,0,2,1,3,0,0,5046,0,0,5046,5046,0,0,2011,0,98226,2011,100238,1163472
2024-10-17,2024,10,17,port134,Beaumont,United States,USA,0,0,0,0,3,0,3,0,0,0,0,0,0,0,0,0,0,0,49739,0,49739,1163474
2025-11-17,2025,11,17,port134,Beaumont,United States,USA,0,0,0,0,3,0,3,0,0,0,0,982,0,982,0,0,0,0,92912,0,92912,1163475
2024-10-18,2024,10,18,port134,Beaumont,United States,USA,0,0,0,0,3,0,3,0,0,0,0,32914,0,32914,0,0,0,0,46634,0,46634,1163477
2025-11-18,2025,11,18,port134,Beaumont,United States,USA,0,0,0,0,6,0,6,0,0,0,0,24681,0,24681,0,0,0,0,140528,0,140528,1163478
2024-10-19,2024,10,19,port134,Beaumont,United States,USA,0,0,0,0,4,0,4,0,0,0,0,1577,0,1577,0,0,0,0,162094,0,162094,1163480
2025-11-19,2025,11,19,port134,Beaumont,United States,USA,0,0,0,0,3,0,3,0,0,0,0,12107,0,12107,0,0,0,0,80185,0,80185,1163481
2024-10-20,2024,10,20,port134,Beaumont,United States,USA,0,0,0,0,2,0,2,0,0,0,0,0,0,0,0,0,0,0,27196,0,27196,1163483
2025-11-20,2025,11,20,port134,Beaumont,United States,USA,0,0,0,0,3,0,3,0,0,0,0,0,0,0,0,0,0,0,147236,0,147236,1163484
2024-10-21,2024,10,21,port134,Beaumont,United States,USA,0,0,0,0,2,0,2,0,0,0,0,0,0,0,0,0,0,0,49253,0,49253,1163486
2025-11-21,2025,11,21,port134,Beaumont,United States,USA,0,0,0,0,1,0,1,0,0,0,0,0,0,0,0,0,0,0,18176,0,18176,1163487
2024-10-22,2024,10,22,port134,Beaumont,United States,USA,0,0,0,0,3,0,3,0,0,0,0,0,0,0,0,0,0,0,91649,0,91649,1163489
2024-10-23,2024,10,23,port134,Beaumont,United States,USA,0,0,0,0,3,0,3,0,0,0,0,0,0,0,0,0,0,0,90862,0,90862,1163491
2025-11-22,2025,11,22,port134,Beaumont,United States,USA,0,1,1,0,6,2,8,0,0,0,0,360,0,360,0,36389,19387,0,157322,55777,213100,1163492
2024-10-24,2024,10,24,port134,Beaumont,United States,USA,0,0,0,0,4,0,4,0,0,0,0,0,0,0,0,0,0,0,173882,0,173882,1163494
2025-11-23,2025,11,23,port134,Beaumont,United States,USA,0,0,0,0,3,0,3,0,0,0,0,81288,0,81288,0,0,0,0,90864,0,90864,1163495
2024-10-25,2024,10,25,port134,Beaumont,United States,USA,0,0,1,0,0,1,1,0,0,0,0,0,0,0,0,0,4051,0,0,4051,4051,1163497
2025-11-24,2025,11,24,port134,Beaumont,United States,USA,0,0,1,0,4,1,5,0,0,13538,0,0,13538,13538,0,0,0,0,129054,0,129054,1163498
2024-10-26,2024,10,26,port134,Beaumont,United States,USA,0,1,0,0,3,1,4,0,2810,0,0,0,2810,2810,0,22385,0,0,101893,22385,124278,1163500
2025-11-25,2025,11,25,port134,Beaumont,United States,USA,0,0,0,0,5,0,5,0,0,0,0,982,0,982,0,0,0,0,97119,0,97119,1163501
2024-10-27,2024,10,27,port134,Beaumont,United States,USA,0,1,0,0,3,1,4,0,2357,0,0,0,2357,2357,0,0,0,0,150568,0,150568,1163503
2025-11-26,2025,11,26,port134,Beaumont,United States,USA,0,0,0,0,4,0,4,0,0,0,0,0,0,0,0,0,0,0,123489,0,123489,1163504
2024-10-28,2024,10,28,port134,Beaumont,United States,USA,0,0,0,0,0,0,0,0,0,0,0,0,0,0,0,0,0,0,0,0,0,1163506
2025-11-27,2025,11,27,port134,Beaumont,United States,USA,0,0,0,0,7,0,7,0,0,0,0,19896,0,19896,0,0,0,0,242739,0,242739,1163507
2024-10-29,2024,10,29,port134,Beaumont,United States,USA,0,1,0,0,6,1,7,0,0,0,0,0,0,0,0,35849,0,0,221581,35849,257431,1163509
2025-11-28,2025,11,28,port134,Beaumont,United States,USA,0,0,0,0,5,0,5,0,0,0,0,12107,0,12107,0,0,0,0,156917,0,156917,1163510
2024-10-30,2024,10,30,port134,Beaumont,United States,USA,0,0,0,0,3,0,3,0,0,0,0,0,0,0,0,0,0,0,100026,0,100026,1163512
2025-11-29,2025,11,29,port134,Beaumont,United States,USA,0,0,0,0,3,0,3,0,0,0,0,3138,0,3138,0,0,0,0,95065,0,95065,1163513
2024-10-31,2024,10,31,port134,Beaumont,United States,USA,0,0,1,0,2,1,3,0,0,5046,0,0,5046,5046,0,0,2011,0,74635,2011,76647,1163515
2025-11-30,2025,11,30,port134,Beaumont,United States,USA,0,0,1,0,2,1,3,0,0,9176,0,0,9176,9176,0,0,0,0,28292,0,28292,1163516
2024-11-01,2024,11,1,port134,Beaumont,United States,USA,0,0,0,0,1,0,1,0,0,0,0,0,0,0,0,0,0,0,32470,0,32470,1163518
2025-12-01,2025,12,1,port134,Beaumont,United States,USA,0,1,0,1,1,2,3,0,0,0,4110,0,4110,4110,0,0,0,0,0,0,0,1163519
2024-11-02,2024,11,2,port134,Beaumont,United States,USA,0,0,0,0,3,0,3,0,0,0,0,0,0,0,0,0,0,0,50219,0,50219,1163521
2025-12-02,2025,12,2,port134,Beaumont,United States,USA,0,0,0,1,4,1,5,0,0,0,0,12467,0,12467,0,0,0,0,166959,0,166959,1163522
2024-11-03,2024,11,3,port134,Beaumont,United States,USA,0,1,0,0,4,1,5,0,0,0,0,78708,0,78708,0,32888,0,0,77207,32888,110096,1163524
2025-12-03,2025,12,3,port134,Beaumont,United States,USA,0,0,0,0,3,0,3,0,0,0,0,982,0,982,0,0,0,0,91864,0,91864,1163525
2024-11-04,2024,11,4,port134,Beaumont,United States,USA,0,0,0,0,2,0,2,0,0,0,0,0,0,0,0,0,0,0,32860,0,32860,1163527
2025-12-04,2025,12,4,port134,Beaumont,United States,USA,0,0,0,0,4,0,4,0,0,0,0,129187,0,129187,0,0,0,0,47374,0,47374,1163528
2024-11-05,2024,11,5,port134,Beaumont,United States,USA,0,0,0,0,3,0,3,0,0,0,0,0,0,0,0,0,0,0,138933,0,138933,1163530
2024-11-06,2024,11,6,port134,Beaumont,United States,USA,0,0,0,0,2,0,2,0,0,0,0,360,0,360,0,0,0,0,77435,0,77435,1163532
2025-12-05,2025,12,5,port134,Beaumont,United States,USA,0,1,0,0,5,1,6,0,0,0,0,0,0,0,0,36315,0,0,91409,36315,127724,1163534
2024-11-07,2024,11,7,port134,Beaumont,United States,USA,0,0,0,0,2,0,2,0,0,0,0,0,0,0,0,0,0,0,74065,0,74065,1163535
2025-12-06,2025,12,6,port134,Beaumont,United States,USA,0,0,0,0,2,0,2,0,0,0,0,0,0,0,0,0,0,0,27891,0,27891,1163537
2024-11-08,2024,11,8,port134,Beaumont,United States,USA,0,1,0,0,5,1,6,0,0,0,0,82761,0,82761,0,36864,0,0,99462,36864,136326,1163538
2025-12-07,2025,12,7,port134,Beaumont,United States,USA,0,0,0,0,1,0,1,0,0,0,0,18851,0,18851,0,0,0,0,0,0,0,1163540
2024-11-09,2024,11,9,port134,Beaumont,United States,USA,0,0,1,0,4,1,5,0,0,12134,0,360,12134,12494,0,0,0,0,212441,0,212441,1163541
2025-12-08,2025,12,8,port134,Beaumont,United States,USA,0,0,0,0,4,0,4,0,0,0,0,0,0,0,0,0,0,0,48426,0,48426,1163543
2024-11-10,2024,11,10,port134,Beaumont,United States,USA,0,0,0,0,2,0,2,0,0,0,0,0,0,0,0,0,0,0,91545,0,91545,1163544
2025-12-09,2025,12,9,port134,Beaumont,United States,USA,0,0,1,1,9,2,11,0,0,0,0,0,0,0,0,0,13840,0,400025,13840,413866,1163546
2024-11-11,2024,11,11,port134,Beaumont,United States,USA,0,0,0,0,1,0,1,0,0,0,0,0,0,0,0,0,0,0,11517,0,11517,1163547
2025-12-10,2025,12,10,port134,Beaumont,United States,USA,0,0,0,0,1,0,1,0,0,0,0,0,0,0,0,0,0,0,56335,0,56335,1163549
2024-11-12,2024,11,12,port134,Beaumont,United States,USA,0,0,0,0,4,0,4,0,0,0,0,100328,0,100328,0,0,0,0,127264,0,127264,1163550
2025-12-11,2025,12,11,port134,Beaumont,United States,USA,0,0,0,0,3,0,3,0,0,0,0,0,0,0,0,0,0,0,27959,0,27959,1163552
2024-11-13,2024,11,13,port134,Beaumont,United States,USA,0,1,0,0,4,1,5,0,0,0,0,0,0,0,0,38119,0,0,105424,38119,143543,1163553
2025-12-12,2025,12,12,port134,Beaumont,United States,USA,0,0,0,0,4,0,4,0,0,0,0,982,0,982,0,0,0,0,90365,0,90365,1163555
2024-11-14,2024,11,14,port134,Beaumont,United States,USA,1,0,0,0,2,1,3,1016,0,0,0,0,1016,1016,204,0,0,0,83698,204,83903,1163556
2025-12-13,2025,12,13,port134,Beaumont,United States,USA,0,0,0,0,2,0,2,0,0,0,0,0,0,0,0,0,0,0,47402,0,47402,1163558
2024-11-15,2024,11,15,port134,Beaumont,United States,USA,0,0,0,0,7,0,7,0,0,0,0,87717,0,87717,0,0,0,0,172257,0,172257,1163559
2025-12-14,2025,12,14,port134,Beaumont,United States,USA,0,0,0,0,8,0,8,0,0,0,0,1736,0,1736,0,0,0,0,230086,0,230086,1163561
2024-11-16,2024,11,16,port134,Beaumont,United States,USA,0,0,0,0,5,0,5,0,0,0,0,0,0,0,0,0,0,0,208970,0,208970,1163562
2025-12-15,2025,12,15,port134,Beaumont,United States,USA,0,0,0,1,2,1,3,0,0,0,0,0,0,0,0,0,0,0,37663,0,37663,1163564
2024-11-17,2024,11,17,port134,Beaumont,United States,USA,0,0,0,0,4,0,4,0,0,0,0,0,0,0,0,0,0,0,84048,0,84048,1163565
2025-12-16,2025,12,16,port134,Beaumont,United States,USA,1,0,0,0,4,1,5,1016,0,0,0,0,1016,1016,204,0,0,0,196425,204,196629,1163567
2024-11-18,2024,11,18,port134,Beaumont,United States,USA,0,0,1,0,8,1,9,0,0,2451,0,51800,2451,54251,0,0,0,0,172762,0,172762,1163568
2025-12-17,2025,12,17,port134,Beaumont,United States,USA,0,0,1,1,3,2,5,0,0,11881,0,0,11881,11881,0,0,0,0,100820,0,100820,1163570
2024-11-19,2024,11,19,port134,Beaumont,United States,USA,0,0,0,0,1,0,1,0,0,0,0,982,0,982,0,0,0,0,25406,0,25406,1163571
2025-12-18,2025,12,18,port134,Beaumont,United States,USA,0,0,0,0,1,0,1,0,0,0,0,360,0,360,0,0,0,0,33337,0,33337,1163572
2024-11-20,2024,11,20,port134,Beaumont,United States,USA,0,1,1,0,1,2,3,0,0,3008,0,0,3008,3008,0,35626,0,0,38466,35626,74092,1163573
2025-12-19,2025,12,19,port134,Beaumont,United States,USA,0,0,0,0,9,0,9,0,0,0,0,21029,0,21029,0,0,0,0,245039,0,245039,1163575
2024-11-21,2024,11,21,port134,Beaumont,United States,USA,0,0,0,1,5,1,6,0,0,0,0,0,0,0,0,0,0,2672,186666,2672,189339,1163576
2025-12-20,2025,12,20,port134,Beaumont,United States,USA,0,0,0,0,4,0,4,0,0,0,0,0,0,0,0,0,0,0,140896,0,140896,1163578
2024-11-22,2024,11,22,port134,Beaumont,United States,USA,0,0,1,0,3,1,4,0,0,5046,0,12467,5046,17513,0,0,2011,0,123484,2011,125496,1163579
2025-12-21,2025,12,21,port134,Beaumont,United States,USA,0,0,0,0,1,0,1,0,0,0,0,0,0,0,0,0,0,0,15818,0,15818,1163581
2024-11-23,2024,11,23,port134,Beaumont,United States,USA,0,0,0,0,4,0,4,0,0,0,0,0,0,0,0,0,0,0,115658,0,115658,1163582
2025-12-22,2025,12,22,port134,Beaumont,United States,USA,0,0,0,1,0,1,1,0,0,0,0,0,0,0,0,0,0,0,0,0,0,1163584
2024-11-24,2024,11,24,port134,Beaumont,United States,USA,0,0,0,0,2,0,2,0,0,0,0,0,0,0,0,0,0,0,63547,0,63547,1163585
2025-12-23,2025,12,23,port134,Beaumont,United States,USA,1,0,0,0,0,1,1,0,0,0,0,0,0,0,0,0,0,0,0,0,0,1163587
2024-11-25,2024,11,25,port134,Beaumont,United States,USA,0,0,0,0,4,0,4,0,0,0,0,0,0,0,0,0,0,0,140533,0,140533,1163588
2025-12-24,2025,12,24,port134,Beaumont,United States,USA,0,0,0,0,0,0,0,0,0,0,0,0,0,0,0,0,0,0,0,0,0,1163590
2024-11-26,2024,11,26,port134,Beaumont,United States,USA,0,0,0,0,4,0,4,0,0,0,0,0,0,0,0,0,0,0,141700,0,141700,1163591
2025-12-25,2025,12,25,port134,Beaumont,United States,USA,0,0,0,0,3,0,3,0,0,0,0,0,0,0,0,0,0,0,62779,0,62779,1163593
2024-11-27,2024,11,27,port134,Beaumont,United States,USA,0,0,0,0,2,0,2,0,0,0,0,0,0,0,0,0,0,0,39113,0,39113,1163594
2025-12-26,2025,12,26,port134,Beaumont,United States,USA,0,0,0,1,1,1,2,0,0,0,0,0,0,0,0,0,0,0,38796,0,38796,1163596
2024-11-28,2024,11,28,port134,Beaumont,United States,USA,0,0,0,0,3,0,3,0,0,0,0,20307,0,20307,0,0,0,0,80874,0,80874,1163597
2025-12-27,2025,12,27,port134,Beaumont,United States,USA,0,0,1,0,6,1,7,0,0,10641,0,13089,10641,23731,0,0,0,0,204512,0,204512,1163599
2024-11-29,2024,11,29,port134,Beaumont,United States,USA,0,0,0,0,3,0,3,0,0,0,0,0,0,0,0,0,0,0,98014,0,98014,1163600
2025-12-28,2025,12,28,port134,Beaumont,United States,USA,0,0,0,1,7,1,8,0,0,0,0,64828,0,64828,0,0,0,0,123832,0,123832,1163602
2024-11-30,2024,11,30,port134,Beaumont,United States,USA,0,0,0,0,2,0,2,0,0,0,0,85790,0,85790,0,0,0,0,0,0,0,1163603
2025-12-29,2025,12,29,port134,Beaumont,United States,USA,0,0,1,0,4,1,5,0,0,0,0,31468,0,31468,0,0,7982,0,142699,7982,150682,1163605
2024-12-01,2024,12,1,port134,Beaumont,United States,USA,0,0,0,0,4,0,4,0,0,0,0,0,0,0,0,0,0,0,100631,0,100631,1163606
2025-12-30,2025,12,30,port134,Beaumont,United States,USA,0,0,0,1,3,1,4,0,0,0,0,0,0,0,0,0,0,0,46260,0,46260,1163608
2024-12-02,2024,12,2,port134,Beaumont,United States,USA,0,0,0,0,4,0,4,0,0,0,0,73321,0,73321,0,0,0,0,107458,0,107458,1163609
2025-12-31,2025,12,31,port134,Beaumont,United States,USA,0,1,0,0,3,1,4,0,18682,0,0,0,18682,18682,0,0,0,0,28153,0,28153,1163611
2024-12-03,2024,12,3,port134,Beaumont,United States,USA,0,0,1,0,4,1,5,0,0,0,0,0,0,0,0,0,14455,0,102736,14455,117192,1163612
2026-01-01,2026,1,1,port134,Beaumont,United States,USA,0,0,0,0,5,0,5,0,0,0,0,0,0,0,0,0,0,0,218497,0,218497,1163613
2024-12-04,2024,12,4,port134,Beaumont,United States,USA,0,0,0,0,1,0,1,0,0,0,0,0,0,0,0,0,0,0,26014,0,26014,1163614
2026-01-02,2026,1,2,port134,Beaumont,United States,USA,0,0,0,0,5,0,5,0,0,0,0,0,0,0,0,0,0,0,122995,0,122995,1163615
2024-12-05,2024,12,5,port134,Beaumont,United States,USA,0,0,0,0,3,0,3,0,0,0,0,0,0,0,0,0,0,0,167653,0,167653,1163617
2026-01-03,2026,1,3,port134,Beaumont,United States,USA,0,0,0,0,2,0,2,0,0,0,0,49841,0,49841,0,0,0,0,25406,0,25406,1163618
2024-12-06,2024,12,6,port134,Beaumont,United States,USA,0,1,1,0,3,2,5,0,0,9681,0,0,9681,9681,0,18002,0,0,132630,18002,150632,1163620
2026-01-04,2026,1,4,port134,Beaumont,United States,USA,1,1,0,0,4,2,6,0,0,0,0,12467,0,12467,50602,56899,0,0,159722,107501,267223,1163621
2024-12-07,2024,12,7,port134,Beaumont,United States,USA,1,0,0,0,3,1,4,1016,0,0,0,0,1016,1016,204,0,0,0,96647,204,96851,1163623
2026-01-05,2026,1,5,port134,Beaumont,United States,USA,0,0,0,0,1,0,1,0,0,0,0,0,0,0,0,0,0,0,20683,0,20683,1163624
2024-12-08,2024,12,8,port134,Beaumont,United States,USA,0,0,0,0,3,0,3,0,0,0,0,0,0,0,0,0,0,0,151923,0,151923,1163626
2026-01-06,2026,1,6,port134,Beaumont,United States,USA,0,0,0,0,5,0,5,0,0,0,0,12107,0,12107,0,0,0,0,206236,0,206236,1163627
2024-12-09,2024,12,9,port134,Beaumont,United States,USA,0,0,0,0,0,0,0,0,0,0,0,0,0,0,0,0,0,0,0,0,0,1163629
2026-01-07,2026,1,7,port134,Beaumont,United States,USA,0,0,0,0,0,0,0,0,0,0,0,0,0,0,0,0,0,0,0,0,0,1163630
2024-12-10,2024,12,10,port134,Beaumont,United States,USA,0,0,0,0,0,0,0,0,0,0,0,0,0,0,0,0,0,0,0,0,0,1163632
2026-01-08,2026,1,8,port134,Beaumont,United States,USA,0,0,0,0,6,0,6,0,0,0,0,0,0,0,0,0,0,0,160047,0,160047,1163633
2024-12-11,2024,12,11,port134,Beaumont,United States,USA,0,1,0,0,6,1,7,0,0,0,0,0,0,0,0,35280,0,0,174223,35280,209503,1163635
2026-01-09,2026,1,9,port134,Beaumont,United States,USA,0,0,0,1,6,1,7,0,0,0,0,0,0,0,0,0,0,0,240232,0,240232,1163636
2024-12-12,2024,12,12,port134,Beaumont,United States,USA,0,0,0,0,3,0,3,0,0,0,0,982,0,982,0,0,0,0,110042,0,110042,1163638
2026-01-10,2026,1,10,port134,Beaumont,United States,USA,0,0,0,0,1,0,1,0,0,0,0,0,0,0,0,0,0,0,9513,0,9513,1163639
2024-12-13,2024,12,13,port134,Beaumont,United States,USA,1,0,0,0,7,1,8,1016,0,0,0,0,1016,1016,204,0,0,0,185008,204,185212,1163641
2026-01-11,2026,1,11,port134,Beaumont,United States,USA,0,0,0,0,7,0,7,0,0,0,0,0,0,0,0,0,0,0,250836,0,250836,1163642
2024-12-14,2024,12,14,port134,Beaumont,United States,USA,0,0,1,0,4,1,5,0,0,0,0,42372,0,42372,0,0,0,0,93344,0,93344,1163644
2026-01-12,2026,1,12,port134,Beaumont,United States,USA,0,0,0,0,6,0,6,0,0,0,0,720,0,720,0,0,0,0,209658,0,209658,1163645
2024-12-15,2024,12,15,port134,Beaumont,United States,USA,0,0,1,0,2,1,3,0,0,453,0,0,453,453,0,0,0,0,88825,0,88825,1163647
2026-01-13,2026,1,13,port134,Beaumont,United States,USA,1,1,0,0,4,2,6,0,0,0,0,0,0,0,0,50761,0,0,134065,50761,184826,1163648
2024-12-16,2024,12,16,port134,Beaumont,United States,USA,0,0,0,0,1,0,1,0,0,0,0,22281,0,22281,0,0,0,0,0,0,0,1163650
2026-01-14,2026,1,14,port134,Beaumont,United States,USA,0,0,0,0,7,0,7,0,0,0,0,1859,0,1859,0,0,0,0,178876,0,178876,1163651
2024-12-17,2024,12,17,port134,Beaumont,United States,USA,0,0,1,0,1,1,2,0,0,344,0,0,344,344,0,0,0,0,76213,0,76213,1163653
2024-12-18,2024,12,18,port134,Beaumont,United States,USA,0,0,0,0,3,0,3,0,0,0,0,0,0,0,0,0,0,0,71353,0,71353,1163655
2026-01-15,2026,1,15,port134,Beaumont,United States,USA,0,1,0,1,7,2,9,0,0,0,0,14071,0,14071,0,14868,0,0,202903,14868,217772,1163657
2024-12-19,2024,12,19,port134,Beaumont,United States,USA,0,0,0,0,6,0,6,0,0,0,0,0,0,0,0,0,0,0,233202,0,233202,1163658
2026-01-16,2026,1,16,port134,Beaumont,United States,USA,0,0,1,0,2,1,3,0,0,10090,0,0,10090,10090,0,0,0,0,68603,0,68603,1163660
2024-12-20,2024,12,20,port134,Beaumont,United States,USA,0,0,0,1,2,1,3,0,0,0,793,0,793,793,0,0,0,2256,84106,2256,86362,1163661
2026-01-17,2026,1,17,port134,Beaumont,United States,USA,0,0,0,0,6,0,6,0,0,0,0,9261,0,9261,0,0,0,0,190475,0,190475,1163663
2024-12-21,2024,12,21,port134,Beaumont,United States,USA,0,0,0,0,3,0,3,0,0,0,0,1342,0,1342,0,0,0,0,97245,0,97245,1163664
2026-01-18,2026,1,18,port134,Beaumont,United States,USA,0,0,0,0,3,0,3,0,0,0,0,360,0,360,0,0,0,0,33867,0,33867,1163666
2024-12-22,2024,12,22,port134,Beaumont,United States,USA,0,0,0,0,4,0,4,0,0,0,0,71819,0,71819,0,0,0,0,81035,0,81035,1163667
2026-01-19,2026,1,19,port134,Beaumont,United States,USA,0,0,0,0,2,0,2,0,0,0,0,0,0,0,0,0,0,0,44086,0,44086,1163669
2024-12-23,2024,12,23,port134,Beaumont,United States,USA,0,0,0,0,4,0,4,0,0,0,0,13483,0,13483,0,0,0,0,91408,0,91408,1163670
2026-01-20,2026,1,20,port134,Beaumont,United States,USA,0,0,0,0,3,0,3,0,0,0,0,0,0,0,0,0,0,0,108310,0,108310,1163672
2024-12-24,2024,12,24,port134,Beaumont,United States,USA,0,0,1,0,5,1,6,0,0,2116,0,0,2116,2116,0,0,0,0,157058,0,157058,1163673
2026-01-21,2026,1,21,port134,Beaumont,United States,USA,0,0,0,0,6,0,6,0,0,0,0,73182,0,73182,0,0,0,0,105617,0,105617,1163675
2024-12-25,2024,12,25,port134,Beaumont,United States,USA,1,0,0,0,3,1,4,0,0,0,0,982,0,982,11938,0,0,0,81518,11938,93456,1163676
2026-01-22,2026,1,22,port134,Beaumont,United States,USA,0,0,0,0,1,0,1,0,0,0,0,0,0,0,0,0,0,0,51437,0,51437,1163678
2024-12-26,2024,12,26,port134,Beaumont,United States,USA,0,0,0,0,1,0,1,0,0,0,0,0,0,0,0,0,0,0,55950,0,55950,1163679
2026-01-23,2026,1,23,port134,Beaumont,United States,USA,0,0,0,1,2,1,3,0,0,0,793,0,793,793,0,0,0,2256,79769,2256,82025,1163681
2024-12-27,2024,12,27,port134,Beaumont,United States,USA,0,0,0,0,5,0,5,0,0,0,0,103767,0,103767,0,0,0,0,215746,0,215746,1163682
2026-01-24,2026,1,24,port134,Beaumont,United States,USA,0,0,0,0,8,0,8,0,0,0,0,360,0,360,0,0,0,0,224926,0,224926,1163684
2024-12-28,2024,12,28,port134,Beaumont,United States,USA,0,0,0,0,1,0,1,0,0,0,0,0,0,0,0,0,0,0,38713,0,38713,1163685
2026-01-25,2026,1,25,port134,Beaumont,United States,USA,0,2,0,0,4,2,6,0,13853,0,0,22600,13853,36453,0,36354,0,0,104792,36354,141147,1163687
2024-12-29,2024,12,29,port134,Beaumont,United States,USA,0,0,0,0,7,0,7,0,0,0,0,1342,0,1342,0,0,0,0,212159,0,212159,1163688
2026-01-26,2026,1,26,port134,Beaumont,United States,USA,0,0,0,0,0,0,0,0,0,0,0,0,0,0,0,0,0,0,0,0,0,1163690
2024-12-30,2024,12,30,port134,Beaumont,United States,USA,0,0,0,0,1,0,1,0,0,0,0,0,0,0,0,0,0,0,31934,0,31934,1163691
2026-01-27,2026,1,27,port134,Beaumont,United States,USA,0,2,0,1,6,3,9,0,1854,0,1658,78490,3512,82003,0,59658,0,1849,140607,61508,202116,1163693
2024-12-31,2024,12,31,port134,Beaumont,United States,USA,0,0,1,0,1,1,2,0,0,5619,0,82035,5619,87654,0,0,0,0,0,0,0,1163694
2026-01-28,2026,1,28,port134,Beaumont,United States,USA,0,0,1,0,5,1,6,0,0,0,0,72338,0,72338,0,0,462,0,56049,462,56511,1163695
2025-01-01,2025,1,1,port134,Beaumont,United States,USA,0,0,0,0,7,0,7,0,0,0,0,0,0,0,0,0,0,0,181835,0,181835,1163696
2026-01-29,2026,1,29,port134,Beaumont,United States,USA,0,0,0,0,0,0,0,0,0,0,0,0,0,0,0,0,0,0,0,0,0,1163698
2025-01-02,2025,1,2,port134,Beaumont,United States,USA,0,0,0,0,3,0,3,0,0,0,0,982,0,982,0,0,0,0,84431,0,84431,1163699
2026-01-30,2026,1,30,port134,Beaumont,United States,USA,0,0,0,0,2,0,2,0,0,0,0,1852,0,1852,0,0,0,0,51405,0,51405,1163701
2025-01-03,2025,1,3,port134,Beaumont,United States,USA,0,0,0,0,7,0,7,0,0,0,0,143455,0,143455,0,0,0,0,177542,0,177542,1163702
2026-01-31,2026,1,31,port134,Beaumont,United States,USA,0,1,0,0,6,1,7,0,0,0,0,13336,0,13336,0,0,0,0,141103,0,141103,1163704
2025-01-04,2025,1,4,port134,Beaumont,United States,USA,0,0,0,0,0,0,0,0,0,0,0,0,0,0,0,0,0,0,0,0,0,1163705
2026-02-01,2026,2,1,port134,Beaumont,United States,USA,0,1,0,0,2,1,3,0,0,0,0,0,0,0,0,37464,0,0,81916,37464,119380,1163707
2025-01-05,2025,1,5,port134,Beaumont,United States,USA,0,1,0,0,2,1,3,0,0,0,0,0,0,0,0,11700,0,0,59663,11700,71364,1163708
2026-02-02,2026,2,2,port134,Beaumont,United States,USA,0,0,0,0,4,0,4,0,0,0,0,22630,0,22630,0,0,0,0,98426,0,98426,1163710
2025-01-06,2025,1,6,port134,Beaumont,United States,USA,0,0,0,0,2,0,2,0,0,0,0,0,0,0,0,0,0,0,126161,0,126161,1163711
2026-02-03,2026,2,3,port134,Beaumont,United States,USA,0,0,0,0,7,0,7,0,0,0,0,71549,0,71549,0,0,0,0,220336,0,220336,1163713
2025-01-07,2025,1,7,port134,Beaumont,United States,USA,0,0,0,0,6,0,6,0,0,0,0,1964,0,1964,0,0,0,0,151567,0,151567,1163714
2026-02-04,2026,2,4,port134,Beaumont,United States,USA,0,0,0,0,0,0,0,0,0,0,0,0,0,0,0,0,0,0,0,0,0,1163716
2025-01-08,2025,1,8,port134,Beaumont,United States,USA,0,0,0,0,6,0,6,0,0,0,0,77160,0,77160,0,0,0,0,89005,0,89005,1163717
2026-02-05,2026,2,5,port134,Beaumont,United States,USA,0,0,0,2,4,2,6,0,0,0,793,0,793,793,0,0,0,2256,222756,2256,225012,1163719
2025-01-09,2025,1,9,port134,Beaumont,United States,USA,0,0,0,0,3,0,3,0,0,0,0,0,0,0,0,0,0,0,66393,0,66393,1163720
2026-02-06,2026,2,6,port134,Beaumont,United States,USA,0,0,0,0,6,0,6,0,0,0,0,12107,0,12107,0,0,0,0,132977,0,132977,1163722
2025-01-10,2025,1,10,port134,Beaumont,United States,USA,0,0,0,0,1,0,1,0,0,0,0,0,0,0,0,0,0,0,0,0,0,1163723
2026-02-07,2026,2,7,port134,Beaumont,United States,USA,0,0,0,0,5,0,5,0,0,0,0,8209,0,8209,0,0,0,0,146522,0,146522,1163725
2025-01-11,2025,1,11,port134,Beaumont,United States,USA,0,0,0,0,8,0,8,0,0,0,0,0,0,0,0,0,0,0,131974,0,131974,1163726
2026-02-08,2026,2,8,port134,Beaumont,United States,USA,0,0,0,0,5,0,5,0,0,0,0,0,0,0,0,0,0,0,145989,0,145989,1163728
2025-01-12,2025,1,12,port134,Beaumont,United States,USA,0,0,0,0,1,0,1,0,0,0,0,0,0,0,0,0,0,0,38469,0,38469,1163729
2026-02-09,2026,2,9,port134,Beaumont,United States,USA,0,0,0,0,5,0,5,0,0,0,0,98113,0,98113,0,0,0,0,117690,0,117690,1163731
2025-01-13,2025,1,13,port134,Beaumont,United States,USA,0,0,0,0,2,0,2,0,0,0,0,0,0,0,0,0,0,0,38272,0,38272,1163732
2026-02-10,2026,2,10,port134,Beaumont,United States,USA,0,1,0,0,1,1,2,0,0,0,0,12107,0,12107,0,37985,0,0,39504,37985,77490,1163734
2025-01-14,2025,1,14,port134,Beaumont,United States,USA,0,0,0,0,4,0,4,0,0,0,0,66359,0,66359,0,0,0,0,179343,0,179343,1163735
2026-02-11,2026,2,11,port134,Beaumont,United States,USA,0,0,0,0,1,0,1,0,0,0,0,0,0,0,0,0,0,0,93969,0,93969,1163736
2025-01-15,2025,1,15,port134,Beaumont,United States,USA,0,0,0,0,6,0,6,0,0,0,0,982,0,982,0,0,0,0,176149,0,176149,1163737
2026-02-12,2026,2,12,port134,Beaumont,United States,USA,0,0,0,0,1,0,1,0,0,0,0,0,0,0,0,0,0,0,7474,0,7474,1163739
2025-01-16,2025,1,16,port134,Beaumont,United States,USA,0,0,0,0,3,0,3,0,0,0,0,77470,0,77470,0,0,0,0,95540,0,95540,1163740
2026-02-13,2026,2,13,port134,Beaumont,United States,USA,0,0,0,0,0,0,0,0,0,0,0,0,0,0,0,0,0,0,0,0,0,1163742
2025-01-17,2025,1,17,port134,Beaumont,United States,USA,0,0,0,0,2,0,2,0,0,0,0,0,0,0,0,0,0,0,91359,0,91359,1163743
2026-02-14,2026,2,14,port134,Beaumont,United States,USA,0,0,0,0,1,0,1,0,0,0,0,360,0,360,0,0,0,0,33337,0,33337,1163745
2025-01-18,2025,1,18,port134,Beaumont,United States,USA,0,0,0,0,2,0,2,0,0,0,0,0,0,0,0,0,0,0,10411,0,10411,1163746
2026-02-15,2026,2,15,port134,Beaumont,United States,USA,0,0,1,0,12,1,13,0,0,10875,0,91343,10875,102218,0,0,0,0,264729,0,264729,1163748
2025-01-19,2025,1,19,port134,Beaumont,United States,USA,0,0,1,0,3,1,4,0,0,1359,0,0,1359,1359,0,0,0,0,139834,0,139834,1163749
2026-02-16,2026,2,16,port134,Beaumont,United States,USA,0,0,0,0,5,0,5,0,0,0,0,982,0,982,0,0,0,0,151768,0,151768,1163751
2025-01-20,2025,1,20,port134,Beaumont,United States,USA,0,0,1,0,7,1,8,0,0,0,0,45715,0,45715,0,0,9122,0,237404,9122,246527,1163752
2026-02-17,2026,2,17,port134,Beaumont,United States,USA,0,0,0,1,2,1,3,0,0,0,0,0,0,0,0,0,0,0,46846,0,46846,1163754
2025-01-21,2025,1,21,port134,Beaumont,United States,USA,0,0,0,0,0,0,0,0,0,0,0,0,0,0,0,0,0,0,0,0,0,1163755
2026-02-18,2026,2,18,port134,Beaumont,United States,USA,0,0,1,0,5,1,6,0,0,0,0,0,0,0,0,0,21579,0,206361,21579,227941,1163757
2025-01-22,2025,1,22,port134,Beaumont,United States,USA,0,0,0,0,0,0,0,0,0,0,0,0,0,0,0,0,0,0,0,0,0,1163758
2026-02-19,2026,2,19,port134,Beaumont,United States,USA,0,0,0,0,5,0,5,0,0,0,0,1573,0,1573,0,0,0,0,125273,0,125273,1163760
2025-01-23,2025,1,23,port134,Beaumont,United States,USA,0,0,1,0,0,1,1,0,0,948,0,0,948,948,0,0,0,0,0,0,0,1163761
2026-02-20,2026,2,20,port134,Beaumont,United States,USA,0,0,0,0,0,0,0,0,0,0,0,0,0,0,0,0,0,0,0,0,0,1163763
2025-01-24,2025,1,24,port134,Beaumont,United States,USA,0,0,0,0,8,0,8,0,0,0,0,360,0,360,0,0,0,0,179501,0,179501,1163764
2026-02-21,2026,2,21,port134,Beaumont,United States,USA,0,0,0,0,0,0,0,0,0,0,0,0,0,0,0,0,0,0,0,0,0,1163766
2025-01-25,2025,1,25,port134,Beaumont,United States,USA,0,0,1,0,6,1,7,0,0,17590,0,0,17590,17590,0,0,0,0,124364,0,124364,1163767
2026-02-22,2026,2,22,port134,Beaumont,United States,USA,0,0,0,0,5,0,5,0,0,0,0,76312,0,76312,0,0,0,0,143294,0,143294,1163769
2025-01-26,2025,1,26,port134,Beaumont,United States,USA,0,0,0,0,1,0,1,0,0,0,0,0,0,0,0,0,0,0,47972,0,47972,1163770
2026-02-23,2026,2,23,port134,Beaumont,United States,USA,0,0,0,0,7,0,7,0,0,0,0,0,0,0,0,0,0,0,179834,0,179834,1163772
2025-01-27,2025,1,27,port134,Beaumont,United States,USA,0,0,0,0,3,0,3,0,0,0,0,0,0,0,0,0,0,0,137148,0,137148,1163773
2026-02-24,2026,2,24,port134,Beaumont,United States,USA,0,0,0,0,2,0,2,0,0,0,0,0,0,0,0,0,0,0,80944,0,80944,1163775
2025-01-28,2025,1,28,port134,Beaumont,United States,USA,0,0,1,0,1,1,2,0,0,915,0,360,915,1276,0,0,0,0,33337,0,33337,1163776
2026-02-25,2026,2,25,port134,Beaumont,United States,USA,0,0,0,0,5,0,5,0,0,0,0,10189,0,10189,0,0,0,0,235279,0,235279,1163777
2025-01-29,2025,1,29,port134,Beaumont,United States,USA,0,0,1,0,2,1,3,0,0,338,0,0,338,338,0,0,0,0,47828,0,47828,1163778
2026-02-26,2026,2,26,port134,Beaumont,United States,USA,0,0,0,0,4,0,4,0,0,0,0,4156,0,4156,0,0,0,0,88893,0,88893,1163780
2025-01-30,2025,1,30,port134,Beaumont,United States,USA,0,0,0,0,1,0,1,0,0,0,0,0,0,0,0,0,0,0,41403,0,41403,1163781
2026-02-27,2026,2,27,port134,Beaumont,United States,USA,0,0,0,0,2,0,2,0,0,0,0,0,0,0,0,0,0,0,80324,0,80324,1163783
2025-01-31,2025,1,31,port134,Beaumont,United States,USA,0,0,0,0,1,0,1,0,0,0,0,360,0,360,0,0,0,0,33337,0,33337,1163784
2026-02-28,2026,2,28,port134,Beaumont,United States,USA,0,0,0,0,2,0,2,0,0,0,0,12107,0,12107,0,0,0,0,44094,0,44094,1163786
2025-02-01,2025,2,1,port134,Beaumont,United States,USA,0,0,0,0,6,0,6,0,0,0,0,70797,0,70797,0,0,0,0,140769,0,140769,1163787
2026-03-01,2026,3,1,port134,Beaumont,United States,USA,0,0,0,0,0,0,0,0,0,0,0,0,0,0,0,0,0,0,0,0,0,1163789
2025-02-02,2025,2,2,port134,Beaumont,United States,USA,0,1,0,0,1,1,2,0,2810,0,0,0,2810,2810,0,22385,0,0,22005,22385,44391,1163790
2026-03-02,2026,3,2,port134,Beaumont,United States,USA,0,0,0,0,11,0,11,0,0,0,0,15583,0,15583,0,0,0,0,334075,0,334075,1163792
2025-02-03,2025,2,3,port134,Beaumont,United States,USA,0,1,0,0,3,1,4,0,0,0,0,0,0,0,0,35543,0,0,102706,35543,138250,1163793
2026-03-03,2026,3,3,port134,Beaumont,United States,USA,0,0,0,0,5,0,5,0,0,0,0,88315,0,88315,0,0,0,0,89991,0,89991,1163795
2025-02-04,2025,2,4,port134,Beaumont,United States,USA,0,0,0,0,0,0,0,0,0,0,0,0,0,0,0,0,0,0,0,0,0,1163796
2026-03-04,2026,3,4,port134,Beaumont,United States,USA,0,0,0,0,0,0,0,0,0,0,0,0,0,0,0,0,0,0,0,0,0,1163798
2025-02-05,2025,2,5,port134,Beaumont,United States,USA,0,0,0,0,2,0,2,0,0,0,0,80263,0,80263,0,0,0,0,81152,0,81152,1163799
2026-03-05,2026,3,5,port134,Beaumont,United States,USA,0,0,0,0,0,0,0,0,0,0,0,0,0,0,0,0,0,0,0,0,0,1163801
2025-02-06,2025,2,6,port134,Beaumont,United States,USA,0,0,0,0,0,0,0,0,0,0,0,0,0,0,0,0,0,0,0,0,0,1163802
2026-03-06,2026,3,6,port134,Beaumont,United States,USA,0,0,0,0,0,0,0,0,0,0,0,0,0,0,0,0,0,0,0,0,0,1163804
2025-02-07,2025,2,7,port134,Beaumont,United States,USA,0,0,0,0,0,0,0,0,0,0,0,0,0,0,0,0,0,0,0,0,0,1163805
2026-03-07,2026,3,7,port134,Beaumont,United States,USA,0,0,0,0,6,0,6,0,0,0,0,45603,0,45603,0,0,0,0,184962,0,184962,1163807
2025-02-08,2025,2,8,port134,Beaumont,United States,USA,0,0,0,1,3,1,4,0,0,0,793,0,793,793,0,0,0,2256,94305,2256,96561,1163808
2026-03-08,2026,3,8,port134,Beaumont,United States,USA,0,1,1,0,10,2,12,0,2810,19464,0,982,22274,23257,0,22385,0,0,307810,22385,330195,1163810
2025-02-09,2025,2,9,port134,Beaumont,United States,USA,0,0,0,0,2,0,2,0,0,0,0,0,0,0,0,0,0,0,62923,0,62923,1163811
2026-03-09,2026,3,9,port134,Beaumont,United States,USA,0,0,0,0,1,0,1,0,0,0,0,0,0,0,0,0,0,0,3814,0,3814,1163813
2025-02-10,2025,2,10,port134,Beaumont,United States,USA,0,0,0,0,0,0,0,0,0,0,0,0,0,0,0,0,0,0,0,0,0,1163814
2026-03-10,2026,3,10,port134,Beaumont,United States,USA,0,0,0,0,5,0,5,0,0,0,0,257029,0,257029,0,0,0,0,79436,0,79436,1163816
2025-02-11,2025,2,11,port134,Beaumont,United States,USA,0,0,2,0,6,2,8,0,0,22749,0,982,22749,23731,0,0,0,0,181454,0,181454,1163817
2026-03-11,2026,3,11,port134,Beaumont,United States,USA,0,1,0,0,8,1,9,0,0,0,0,0,0,0,0,51087,0,0,223322,51087,274409,1163818
2025-02-12,2025,2,12,port134,Beaumont,United States,USA,0,1,0,0,7,1,8,0,0,0,0,134819,0,134819,0,15087,0,0,180177,15087,195265,1163819
2026-03-12,2026,3,12,port134,Beaumont,United States,USA,0,0,0,0,2,0,2,0,0,0,0,982,0,982,0,0,0,0,26506,0,26506,1163820
2025-02-13,2025,2,13,port134,Beaumont,United States,USA,0,0,0,0,6,0,6,0,0,0,0,22887,0,22887,0,0,0,0,198292,0,198292,1163822
2026-03-13,2026,3,13,port134,Beaumont,United States,USA,0,0,0,0,8,0,8,0,0,0,0,82714,0,82714,0,0,0,0,187168,0,187168,1163823
2025-02-14,2025,2,14,port134,Beaumont,United States,USA,0,0,0,0,1,0,1,0,0,0,0,0,0,0,0,0,0,0,20222,0,20222,1163825
2026-03-14,2026,3,14,port134,Beaumont,United States,USA,0,0,0,0,7,0,7,0,0,0,0,0,0,0,0,0,0,0,210450,0,210450,1163826
2025-02-15,2025,2,15,port134,Beaumont,United States,USA,0,0,0,0,2,0,2,0,0,0,0,0,0,0,0,0,0,0,68223,0,68223,1163828
2026-03-15,2026,3,15,port134,Beaumont,United States,USA,0,0,0,0,1,0,1,0,0,0,0,0,0,0,0,0,0,0,43915,0,43915,1163829
2025-02-16,2025,2,16,port134,Beaumont,United States,USA,0,0,0,0,4,0,4,0,0,0,0,0,0,0,0,0,0,0,98769,0,98769,1163831
2026-03-16,2026,3,16,port134,Beaumont,United States,USA,0,0,0,0,2,0,2,0,0,0,0,31720,0,31720,0,0,0,0,7561,0,7561,1163832
2025-02-17,2025,2,17,port134,Beaumont,United States,USA,0,1,0,0,6,1,7,0,0,0,0,0,0,0,0,47814,0,0,169688,47814,217503,1163834
2026-03-17,2026,3,17,port134,Beaumont,United States,USA,0,0,0,0,7,0,7,0,0,0,0,0,0,0,0,0,0,0,292196,0,292196,1163835
2025-02-18,2025,2,18,port134,Beaumont,United States,USA,0,0,0,0,2,0,2,0,0,0,0,0,0,0,0,0,0,0,32345,0,32345,1163837
2026-03-18,2026,3,18,port134,Beaumont,United States,USA,0,0,0,1,4,1,5,0,0,0,0,98109,0,98109,0,0,0,0,132721,0,132721,1163838
2025-02-19,2025,2,19,port134,Beaumont,United States,USA,0,0,0,0,4,0,4,0,0,0,0,54102,0,54102,0,0,0,0,99945,0,99945,1163840
2026-03-19,2026,3,19,port134,Beaumont,United States,USA,0,0,0,0,5,0,5,0,0,0,0,0,0,0,0,0,0,0,107355,0,107355,1163841
2025-02-20,2025,2,20,port134,Beaumont,United States,USA,0,0,0,0,5,0,5,0,0,0,0,0,0,0,0,0,0,0,221669,0,221669,1163843
2026-03-20,2026,3,20,port134,Beaumont,United States,USA,0,0,0,0,4,0,4,0,0,0,0,0,0,0,0,0,0,0,188590,0,188590,1163844
2025-02-21,2025,2,21,port134,Beaumont,United States,USA,0,0,1,0,2,1,3,0,0,13203,0,0,13203,13203,0,0,0,0,101833,0,101833,1163846
2026-03-21,2026,3,21,port134,Beaumont,United States,USA,0,0,0,0,5,0,5,0,0,0,0,13603,0,13603,0,0,0,0,169701,0,169701,1163847
2025-02-22,2025,2,22,port134,Beaumont,United States,USA,0,0,0,0,3,0,3,0,0,0,0,0,0,0,0,0,0,0,125626,0,125626,1163849
2026-03-22,2026,3,22,port134,Beaumont,United States,USA,0,0,0,0,1,0,1,0,0,0,0,6064,0,6064,0,0,0,0,35324,0,35324,1163850
2025-02-23,2025,2,23,port134,Beaumont,United States,USA,0,0,0,0,5,0,5,0,0,0,0,0,0,0,0,0,0,0,152861,0,152861,1163852
2026-03-23,2026,3,23,port134,Beaumont,United States,USA,0,0,0,0,8,0,8,0,0,0,0,0,0,0,0,0,0,0,145302,0,145302,1163853
2025-02-24,2025,2,24,port134,Beaumont,United States,USA,0,0,0,0,1,0,1,0,0,0,0,0,0,0,0,0,0,0,37657,0,37657,1163855
2026-03-24,2026,3,24,port134,Beaumont,United States,USA,0,1,0,0,0,1,1,0,0,0,0,0,0,0,0,50217,0,0,0,50217,50217,1163856
2025-02-25,2025,2,25,port134,Beaumont,United States,USA,0,0,0,0,0,0,0,0,0,0,0,0,0,0,0,0,0,0,0,0,0,1163858
2025-02-26,2025,2,26,port134,Beaumont,United States,USA,0,0,0,0,3,0,3,0,0,0,0,0,0,0,0,0,0,0,137594,0,137594,1163860
2026-03-25,2026,3,25,port134,Beaumont,United States,USA,0,2,0,0,6,2,8,0,0,0,0,360,0,360,0,36786,0,0,256571,36786,293357,1163861
2025-02-27,2025,2,27,port134,Beaumont,United States,USA,0,0,0,0,2,0,2,0,0,0,0,0,0,0,0,0,0,0,67571,0,67571,1163863
2026-03-26,2026,3,26,port134,Beaumont,United States,USA,0,0,0,1,1,1,2,0,0,0,0,0,0,0,0,0,0,16913,64757,16913,81671,1163864
2025-02-28,2025,2,28,port134,Beaumont,United States,USA,0,0,0,0,4,0,4,0,0,0,0,0,0,0,0,0,0,0,138276,0,138276,1163866
2026-03-27,2026,3,27,port134,Beaumont,United States,USA,0,0,0,0,7,0,7,0,0,0,0,72944,0,72944,0,0,0,0,189602,0,189602,1163867
2025-03-01,2025,3,1,port134,Beaumont,United States,USA,0,1,1,0,6,2,8,0,0,6172,0,982,6172,7155,0,0,0,0,220894,0,220894,1163869
2026-03-28,2026,3,28,port134,Beaumont,United States,USA,0,0,0,0,2,0,2,0,0,0,0,0,0,0,0,0,0,0,67392,0,67392,1163870
2025-03-02,2025,3,2,port134,Beaumont,United States,USA,0,1,0,0,4,1,5,0,0,0,0,54293,0,54293,0,54293,0,0,90887,54293,145181,1163872
2026-03-29,2026,3,29,port134,Beaumont,United States,USA,0,0,0,0,5,0,5,0,0,0,0,54872,0,54872,0,0,0,0,100388,0,100388,1163873
2025-03-03,2025,3,3,port134,Beaumont,United States,USA,0,0,0,0,1,0,1,0,0,0,0,0,0,0,0,0,0,0,44308,0,44308,1163875
2026-03-30,2026,3,30,port134,Beaumont,United States,USA,0,1,1,1,2,3,5,0,0,0,0,0,0,0,0,0,1378,0,11268,1378,12647,1163876
2025-03-04,2025,3,4,port134,Beaumont,United States,USA,0,0,0,0,4,0,4,0,0,0,0,360,0,360,0,0,0,0,82081,0,82081,1163878
2026-03-31,2026,3,31,port134,Beaumont,United States,USA,1,0,0,0,3,1,4,0,0,0,0,0,0,0,0,0,0,0,81069,0,81069,1163879
2025-03-05,2025,3,5,port134,Beaumont,United States,USA,0,0,1,0,2,1,3,0,0,2423,0,0,2423,2423,0,0,0,0,92420,0,92420,1163881
2026-04-01,2026,4,1,port134,Beaumont,United States,USA,0,1,0,1,3,2,5,0,0,0,0,0,0,0,0,20772,0,7956,102653,28729,131382,1163882
2025-03-06,2025,3,6,port134,Beaumont,United States,USA,0,0,0,0,5,0,5,0,0,0,0,57101,0,57101,0,0,0,0,144525,0,144525,1163884
2026-04-02,2026,4,2,port134,Beaumont,United States,USA,0,0,0,0,8,0,8,0,0,0,0,149580,0,149580,0,0,0,0,321496,0,321496,1163885
2025-03-07,2025,3,7,port134,Beaumont,United States,USA,1,0,0,0,6,1,7,0,0,0,0,17184,0,17184,0,0,0,0,129258,0,129258,1163887
2026-04-03,2026,4,3,port134,Beaumont,United States,USA,1,0,0,0,3,1,4,1509,0,0,0,6064,1509,7574,0,0,0,0,91789,0,91789,1163888
2025-03-08,2025,3,8,port134,Beaumont,United States,USA,0,0,0,0,0,0,0,0,0,0,0,0,0,0,0,0,0,0,0,0,0,1163890
2026-04-04,2026,4,4,port134,Beaumont,United States,USA,0,0,0,0,4,0,4,0,0,0,0,690,0,690,0,0,0,0,146654,0,146654,1163891
2025-03-09,2025,3,9,port134,Beaumont,United States,USA,1,0,0,0,3,1,4,1016,0,0,0,982,1016,1999,204,0,0,0,117458,204,117663,1163893
2026-04-05,2026,4,5,port134,Beaumont,United States,USA,0,0,0,1,5,1,6,0,0,0,0,0,0,0,0,0,0,0,188496,0,188496,1163894
2025-03-10,2025,3,10,port134,Beaumont,United States,USA,0,1,0,0,4,1,5,0,0,0,0,10410,0,10410,0,49353,0,0,90444,49353,139797,1163896
2026-04-06,2026,4,6,port134,Beaumont,United States,USA,1,0,0,0,4,1,5,1016,0,0,0,0,1016,1016,204,0,0,0,164466,204,164670,1163897
2025-03-11,2025,3,11,port134,Beaumont,United States,USA,0,0,1,0,3,1,4,0,0,6569,0,55203,6569,61773,0,0,0,0,74909,0,74909,1163899
2025-03-12,2025,3,12,port134,Beaumont,United States,USA,0,0,1,0,7,1,8,0,0,9655,0,163465,9655,173120,0,0,0,0,229549,0,229549,1163901
2026-04-07,2026,4,7,port134,Beaumont,United States,USA,0,0,0,0,2,0,2,0,0,0,0,0,0,0,0,0,0,0,66741,0,66741,1163903
2025-03-13,2025,3,13,port134,Beaumont,United States,USA,0,0,0,0,4,0,4,0,0,0,0,0,0,0,0,0,0,0,181656,0,181656,1163904
2026-04-08,2026,4,8,port134,Beaumont,United States,USA,0,0,0,0,4,0,4,0,0,0,0,0,0,0,0,0,0,0,91714,0,91714,1163906
2025-03-14,2025,3,14,port134,Beaumont,United States,USA,0,0,0,0,0,0,0,0,0,0,0,0,0,0,0,0,0,0,0,0,0,1163907
2026-04-09,2026,4,9,port134,Beaumont,United States,USA,0,0,0,0,3,0,3,0,0,0,0,0,0,0,0,0,0,0,65420,0,65420,1163909
2025-03-15,2025,3,15,port134,Beaumont,United States,USA,0,0,0,0,3,0,3,0,0,0,0,982,0,982,0,0,0,0,65072,0,65072,1163910
2026-04-10,2026,4,10,port134,Beaumont,United States,USA,0,0,0,0,4,0,4,0,0,0,0,11122,0,11122,0,0,0,0,158542,0,158542,1163912
2025-03-16,2025,3,16,port134,Beaumont,United States,USA,0,0,0,0,5,0,5,0,0,0,0,6064,0,6064,0,0,0,0,148451,0,148451,1163913
2026-04-11,2026,4,11,port134,Beaumont,United States,USA,0,2,0,0,4,2,6,0,2810,0,0,0,2810,2810,0,71977,0,0,129596,71977,201574,1163915
2025-03-17,2025,3,17,port134,Beaumont,United States,USA,0,1,0,0,0,1,1,0,0,0,0,0,0,0,0,37977,0,0,0,37977,37977,1163916
2026-04-12,2026,4,12,port134,Beaumont,United States,USA,0,0,0,0,2,0,2,0,0,0,0,0,0,0,0,0,0,0,93530,0,93530,1163918
2025-03-18,2025,3,18,port134,Beaumont,United States,USA,0,1,1,0,5,2,7,0,0,0,0,2274,0,2274,0,40216,331,0,116657,40548,157205,1163919
2026-04-13,2026,4,13,port134,Beaumont,United States,USA,0,0,0,0,4,0,4,0,0,0,0,0,0,0,0,0,0,0,176181,0,176181,1163921
2025-03-19,2025,3,19,port134,Beaumont,United States,USA,0,0,0,0,5,0,5,0,0,0,0,0,0,0,0,0,0,0,90571,0,90571,1163922
2026-04-14,2026,4,14,port134,Beaumont,United States,USA,0,0,0,0,5,0,5,0,0,0,0,0,0,0,0,0,0,0,193343,0,193343,1163924
2025-03-20,2025,3,20,port134,Beaumont,United States,USA,0,0,0,0,2,0,2,0,0,0,0,0,0,0,0,0,0,0,111312,0,111312,1163925
2026-04-15,2026,4,15,port134,Beaumont,United States,USA,0,0,0,0,1,0,1,0,0,0,0,0,0,0,0,0,0,0,80213,0,80213,1163927
2025-03-21,2025,3,21,port134,Beaumont,United States,USA,0,0,0,0,4,0,4,0,0,0,0,0,0,0,0,0,0,0,86892,0,86892,1163928
2026-04-16,2026,4,16,port134,Beaumont,United States,USA,0,0,0,1,5,1,6,0,0,0,0,0,0,0,0,0,0,0,136235,0,136235,1163930
2025-03-22,2025,3,22,port134,Beaumont,United States,USA,0,0,0,0,3,0,3,0,0,0,0,78490,0,78490,0,0,0,0,23177,0,23177,1163931
2026-04-17,2026,4,17,port134,Beaumont,United States,USA,0,0,0,0,3,0,3,0,0,0,0,0,0,0,0,0,0,0,74557,0,74557,1163933
2025-03-23,2025,3,23,port134,Beaumont,United States,USA,0,0,0,0,2,0,2,0,0,0,0,0,0,0,0,0,0,0,91883,0,91883,1163934
2026-04-18,2026,4,18,port134,Beaumont,United States,USA,0,0,0,1,0,1,1,0,0,0,3316,0,3316,3316,0,0,0,0,0,0,0,1163936
2025-03-24,2025,3,24,port134,Beaumont,United States,USA,0,1,0,0,2,1,3,0,0,0,0,0,0,0,0,40282,0,0,33447,40282,73730,1163937
2026-04-19,2026,4,19,port134,Beaumont,United States,USA,0,0,0,0,4,0,4,0,0,0,0,0,0,0,0,0,0,0,238882,0,238882,1163939
2025-03-25,2025,3,25,port134,Beaumont,United States,USA,0,0,0,0,3,0,3,0,0,0,0,982,0,982,0,0,0,0,73981,0,73981,1163940
2026-04-20,2026,4,20,port134,Beaumont,United States,USA,0,0,0,0,12,0,12,0,0,0,0,18464,0,18464,0,0,0,0,326678,0,326678,1163941
2025-03-26,2025,3,26,port134,Beaumont,United States,USA,0,0,0,0,4,0,4,0,0,0,0,0,0,0,0,0,0,0,134654,0,134654,1163942
2026-04-21,2026,4,21,port134,Beaumont,United States,USA,0,0,0,0,1,0,1,0,0,0,0,0,0,0,0,0,0,0,100318,0,100318,1163943
2025-03-27,2025,3,27,port134,Beaumont,United States,USA,0,0,0,0,1,0,1,0,0,0,0,0,0,0,0,0,0,0,42361,0,42361,1163945
2026-04-22,2026,4,22,port134,Beaumont,United States,USA,0,1,0,0,9,1,10,0,0,0,0,96732,0,96732,0,37066,0,0,313137,37066,350204,1163946
2025-03-28,2025,3,28,port134,Beaumont,United States,USA,0,0,0,0,6,0,6,0,0,0,0,0,0,0,0,0,0,0,127395,0,127395,1163948
2026-04-23,2026,4,23,port134,Beaumont,United States,USA,0,0,0,0,4,0,4,0,0,0,0,6064,0,6064,0,0,0,0,103533,0,103533,1163949
2025-03-29,2025,3,29,port134,Beaumont,United States,USA,0,0,0,0,3,0,3,0,0,0,0,0,0,0,0,0,0,0,72692,0,72692,1163951
2026-04-24,2026,4,24,port134,Beaumont,United States,USA,0,0,0,0,3,0,3,0,0,0,0,0,0,0,0,0,0,0,141292,0,141292,1163952
2025-03-30,2025,3,30,port134,Beaumont,United States,USA,0,0,1,0,2,1,3,0,0,0,0,6064,0,6064,0,0,0,0,70466,0,70466,1163954
2026-04-25,2026,4,25,port134,Beaumont,United States,USA,0,0,0,0,4,0,4,0,0,0,0,0,0,0,0,0,0,0,140742,0,140742,1163955
2025-03-31,2025,3,31,port134,Beaumont,United States,USA,0,0,0,0,2,0,2,0,0,0,0,0,0,0,0,0,0,0,103928,0,103928,1163957
2026-04-26,2026,4,26,port134,Beaumont,United States,USA,0,0,0,0,3,0,3,0,0,0,0,0,0,0,0,0,0,0,67444,0,67444,1163958
2025-04-01,2025,4,1,port134,Beaumont,United States,USA,0,0,1,0,8,1,9,0,0,982,0,78918,982,79901,0,0,0,0,196267,0,196267,1163960
2026-04-27,2026,4,27,port134,Beaumont,United States,USA,0,0,0,0,3,0,3,0,0,0,0,0,0,0,0,0,0,0,100025,0,100025,1163961
2025-04-02,2025,4,2,port134,Beaumont,United States,USA,0,0,0,0,4,0,4,0,0,0,0,0,0,0,0,0,0,0,116190,0,116190,1163963
2026-04-28,2026,4,28,port134,Beaumont,United States,USA,2,1,0,0,4,3,7,9840,12642,0,0,0,22483,22483,1421,0,0,0,82168,1421,83589,1163964
2025-04-03,2025,4,3,port134,Beaumont,United States,USA,0,0,1,1,5,2,7,0,0,10641,5129,0,15771,15771,0,0,0,0,172851,0,172851,1163966
2026-04-29,2026,4,29,port134,Beaumont,United States,USA,1,0,0,0,4,1,5,0,0,0,0,0,0,0,0,0,0,0,161061,0,161061,1163967
2025-04-04,2025,4,4,port134,Beaumont,United States,USA,0,0,0,0,4,0,4,0,0,0,0,76663,0,76663,0,0,0,0,36576,0,36576,1163969
2026-04-30,2026,4,30,port134,Beaumont,United States,USA,0,0,0,0,6,0,6,0,0,0,0,12107,0,12107,0,0,0,0,207067,0,207067,1163970
2025-04-05,2025,4,5,port134,Beaumont,United States,USA,0,1,0,0,3,1,4,0,0,0,0,0,0,0,0,6845,0,0,29664,6845,36509,1163972
2026-05-01,2026,5,1,port134,Beaumont,United States,USA,0,0,0,0,6,0,6,0,0,0,0,0,0,0,0,0,0,0,296656,0,296656,1163973
2025-04-06,2025,4,6,port134,Beaumont,United States,USA,0,0,1,1,1,2,3,0,0,435,0,0,435,435,0,0,0,0,14969,0,14969,1163975
2026-05-02,2026,5,2,port134,Beaumont,United States,USA,0,0,0,0,0,0,0,0,0,0,0,0,0,0,0,0,0,0,0,0,0,1163976
2025-04-07,2025,4,7,port134,Beaumont,United States,USA,0,0,0,0,2,0,2,0,0,0,0,68282,0,68282,0,0,0,0,0,0,0,1163978
2026-05-03,2026,5,3,port134,Beaumont,United States,USA,0,0,0,0,6,0,6,0,0,0,0,0,0,0,0,0,0,0,226786,0,226786,1163979
2026-05-04,2026,5,4,port134,Beaumont,United States,USA,0,1,0,0,6,1,7,0,2810,0,0,15335,2810,18146,0,22385,0,0,179895,22385,202280,1163983
2026-05-05,2026,5,5,port134,Beaumont,United States,USA,0,0,0,0,7,0,7,0,0,0,0,0,0,0,0,0,0,0,188114,0,188114,1163985
2026-05-06,2026,5,6,port134,Beaumont,United States,USA,0,0,0,0,5,0,5,0,0,0,0,982,0,982,0,0,0,0,174560,0,174560,1163987
2026-05-07,2026,5,7,port134,Beaumont,United States,USA,1,0,0,0,6,1,7,1016,0,0,0,32251,1016,33267,204,0,0,0,213135,204,213340,1163989
2026-05-08,2026,5,8,port134,Beaumont,United States,USA,0,1,0,0,6,1,7,0,0,0,0,1964,0,1964,0,10699,0,0,289142,10699,299841,1163991
2026-05-09,2026,5,9,port134,Beaumont,United States,USA,0,0,0,0,6,0,6,0,0,0,0,2122,0,2122,0,0,0,0,167570,0,167570,1163993
2026-05-10,2026,5,10,port134,Beaumont,United States,USA,0,0,0,0,5,0,5,0,0,0,0,0,0,0,0,0,0,0,182127,0,182127,1163995
2026-05-11,2026,5,11,port134,Beaumont,United States,USA,0,0,0,0,2,0,2,0,0,0,0,0,0,0,0,0,0,0,86455,0,86455,1163997
2026-05-12,2026,5,12,port134,Beaumont,United States,USA,0,0,0,0,6,0,6,0,0,0,0,0,0,0,0,0,0,0,138365,0,138365,1163999
2026-08-15,2026,8,15,port134,Beaumont,United States,USA,0,0,0,0,4,0,4,0,0,0,0,59863,0,59863,0,0,0,0,57988,0,57988,1169870
2026-08-16,2026,8,16,port134,Beaumont,United States,USA,0,0,0,0,1,0,1,0,0,0,0,88195,0,88195,0,0,0,0,0,0,0,1169872
2026-08-17,2026,8,17,port134,Beaumont,United States,USA,0,0,0,0,6,0,6,0,0,0,0,0,0,0,0,0,0,0,163936,0,163936,1169874
2026-08-18,2026,8,18,port134,Beaumont,United States,USA,0,0,0,1,6,1,7,0,0,0,0,0,0,0,0,0,0,19747,269288,19747,289035,1169876
2026-08-19,2026,8,19,port134,Beaumont,United States,USA,0,0,0,0,4,0,4,0,0,0,0,339,0,339,0,0,0,0,146568,0,146568,1169878
2026-08-20,2026,8,20,port134,Beaumont,United States,USA,0,0,0,1,2,1,3,0,0,0,0,0,0,0,0,0,0,0,72200,0,72200,1169881
2026-08-21,2026,8,21,port134,Beaumont,United States,USA,0,1,0,0,3,1,4,0,0,0,0,0,0,0,0,15093,0,0,168892,15093,183985,1169883
2026-08-22,2026,8,22,port134,Beaumont,United States,USA,0,0,0,0,6,0,6,0,0,0,0,68723,0,68723,0,0,0,0,206488,0,206488,1169885
2026-08-23,2026,8,23,port134,Beaumont,United States,USA,0,0,0,0,4,0,4,0,0,0,0,18884,0,18884,0,0,0,0,123483,0,123483,1169887
2026-08-24,2026,8,24,port134,Beaumont,United States,USA,0,0,0,0,4,0,4,0,0,0,0,0,0,0,0,0,0,0,93603,0,93603,1169889
2026-08-25,2026,8,25,port134,Beaumont,United States,USA,0,0,0,0,3,0,3,0,0,0,0,0,0,0,0,0,0,0,73679,0,73679,1169891
2026-08-26,2026,8,26,port134,Beaumont,United States,USA,0,0,0,0,4,0,4,0,0,0,0,12519,0,12519,0,0,0,0,127536,0,127536,1169894
2026-08-27,2026,8,27,port134,Beaumont,United States,USA,0,0,0,0,5,0,5,0,0,0,0,79426,0,79426,0,0,0,0,169094,0,169094,1169896
2026-08-28,2026,8,28,port134,Beaumont,United States,USA,0,0,1,0,4,1,5,0,0,5046,0,12179,5046,17225,0,0,2011,0,106066,2011,108078,1169898
