"date","portid","portname","country","ISO3","portcalls_container","portcalls_dry_bulk","portcalls_general_cargo","portcalls_roro","portcalls_tanker","portcalls_cargo","portcalls","import_container","import_dry_bulk","import_general_cargo","import_roro","import_tanker","import_cargo","import","export_container","export_dry_bulk","export_general_cargo","export_roro","export_tanker","export_cargo","export"
"2020-09-23","port290","Dhamra Port","India","IND","0","0","0","0","0","0","0","0","0","0","0","0","0","0","0","0","0","0","0","0","0"
"2020-09-24","port290","Dhamra Port","India","IND","0","1","0","0","0","1","1","0","41621","0","0","0","41621","41621","0","19061","0","0","0","19061","19061"
"2019-08-20","port290","Dhamra Port","India","IND","0","2","0","0","0","2","2","0","85451","0","0","0","85451","85451","0","19061","0","0","0","19061","19061"
"2020-09-25","port290","Dhamra Port","India","IND","0","0","1","0","0","1","1","0","0","2305","0","0","2305","2305","0","0","4134","0","0","4134","4134"
"2019-08-21","port290","Dhamra Port","India","IND","0","1","0","0","0","1","1","0","60064","0","0","0","60064","60064","0","0","0","0","0","0","0"
"2020-09-26","port290","Dhamra Port","India","IND","0","1","0","0","0","1","1","0","0","0","0","0","0","0","0","46381","0","0","0","46381","46381"
"2019-08-22","port290","Dhamra Port","India","IND","0","0","0","0","0","0","0","0","0","0","0","0","0","0","0","0","0","0","0","0","0"
"2019-01-01","port290","Dhamra Port","India","IND","0","0","0","0","0","0","0","0","0","0","0","0","0","0","0","0","0","0","0","0","0"
"2019-01-02","port290","Dhamra Port","India","IND","0","0","0","0","0","0","0","0","0","0","0","0","0","0","0","0","0","0","0","0","0"
"2019-01-03","port290","Dhamra Port","India","IND","0","1","0","0","0","1","1","0","41621","0","0","0","41621","41621","0","19061","0","0","0","19061","19061"
"2019-01-04","port290","Dhamra Port","India","IND","0","0","0","0","0","0","0","0","0","0","0","0","0","0","0","0","0","0","0","0","0"
"2019-01-05","port290","Dhamra Port","India","IND","0","1","1","0","0","2","2","0","41621","2305","0","0","43927","43927","0","19061","4134","0","0","23195","23195"
"2019-01-06","port290","Dhamra Port","India","IND","0","0","0","0","0","0","0","0","0","0","0","0","0","0","0","0","0","0","0","0","0"
"2019-01-07","port290","Dhamra Port","India","IND","0","3","0","0","0","3","3","0","41621","0","0","0","41621","41621","0","84358","0","0","0","84358","84358"
"2019-01-08","port290","Dhamra Port","India","IND","0","1","0","0","0","1","1","0","41621","0","0","0","41621","41621","0","19061","0","0","0","19061","19061"
"2019-01-09","port290","Dhamra Port","India","IND","0","1","0","0","0","1","1","0","9583","0","0","0","9583","9583","0","0","0","0","0","0","0"
"2019-01-10","port290","Dhamra Port","India","IND","0","1","0","0","0","1","1","0","73173","0","0","0","73173","73173","0","0","0","0","0","0","0"
"2019-01-11","port290","Dhamra Port","India","IND","0","1","0","0","0","1","1","0","41621","0","0","0","41621","41621","0","19061","0","0","0","19061","19061"
"2019-01-12","port290","Dhamra Port","India","IND","0","2","0","0","0","2","2","0","73454","0","0","0","73454","73454","0","19061","0","0","0","19061","19061"
"2019-01-13","port290","Dhamra Port","India","IND","0","0","0","0","0","0","0","0","0","0","0","0","0","0","0","0","0","0","0","0","0"
"2019-01-14","port290","Dhamra Port","India","IND","0","1","0","0","0","1","1","0","41621","0","0","0","41621","41621","0","19061","0","0","0","19061","19061"
"2019-01-15","port290","Dhamra Port","India","IND","0","1","0","0","0","1","1","0","41621","0","0","0","41621","41621","0","19061","0","0","0","19061","19061"
"2019-01-16","port290","Dhamra Port","India","IND","0","0","0","0","0","0","0","0","0","0","0","0","0","0","0","0","0","0","0","0","0"
"2019-01-17","port290","Dhamra Port","India","IND","0","0","0","0","0","0","0","0","0","0","0","0","0","0","0","0","0","0","0","0","0"
"2019-01-18","port290","Dhamra Port","India","IND","0","1","0","0","0","1","1","0","0","0","0","0","0","0","0","0","0","0","0","0","0"
"2019-01-19","port290","Dhamra Port","India","IND","0","2","0","0","0","2","2","0","41621","0","0","0","41621","41621","0","47925","0","0","0","47925","47925"
"2019-01-20","port290","Dhamra Port","India","IND","0","0","0","0","0","0","0","0","0","0","0","0","0","0","0","0","0","0","0","0","0"
"2019-01-21","port290","Dhamra Port","India","IND","0","1","0","0","0","1","1","0","0","0","0","0","0","0","0","18704","0","0","0","18704","18704"
"2019-01-22","port290","Dhamra Port","India","IND","0","0","0","0","0","0","0","0","0","0","0","0","0","0","0","0","0","0","0","0","0"
"2019-01-23","port290","Dhamra Port","India","IND","0","1","0","0","0","1","1","0","41621","0","0","0","41621","41621","0","19061","0","0","0","19061","19061"
"2019-01-24","port290","Dhamra Port","India","IND","0","0","0","0","0","0","0","0","0","0","0","0","0","0","0","0","0","0","0","0","0"
"2019-01-25","port290","Dhamra Port","India","IND","0","0","0","0","0","0","0","0","0","0","0","0","0","0","0","0","0","0","0","0","0"
"2019-01-26","port290","Dhamra Port","India","IND","0","1","0","0","0","1","1","0","28628","0","0","0","28628","28628","0","0","0","0","0","0","0"
"2019-01-27","port290","Dhamra Port","India","IND","0","1","0","0","0","1","1","0","41621","0","0","0","41621","41621","0","19061","0","0","0","19061","19061"
"2019-01-28","port290","Dhamra Port","India","IND","0","0","0","0","0","0","0","0","0","0","0","0","0","0","0","0","0","0","0","0","0"
"2019-01-29","port290","Dhamra Port","India","IND","0","1","0","0","0","1","1","0","25321","0","0","0","25321","25321","0","0","0","0","0","0","0"
"2019-01-30","port290","Dhamra Port","India","IND","0","3","0","0","0","3","3","0","119985","0","0","0","119985","119985","0","72428","0","0","0","72428","72428"
"2019-01-31","port290","Dhamra Port","India","IND","0","1","0","0","0","1","1","0","0","0","0","0","0","0","0","53490","0","0","0","53490","53490"
"2019-02-01","port290","Dhamra Port","India","IND","0","1","0","0","0","1","1","0","138","0","0","0","138","138","0","0","0","0","0","0","0"
"2019-02-02","port290","Dhamra Port","India","IND","0","1","0","0","0","1","1","0","35789","0","0","0","35789","35789","0","0","0","0","0","0","0"
"2019-02-03","port290","Dhamra Port","India","IND","0","1","0","0","0","1","1","0","0","0","0","0","0","0","0","27918","0","0","0","27918","27918"
"2019-02-04","port290","Dhamra Port","India","IND","0","2","0","0","0","2","2","0","250995","0","0","0","250995","250995","0","0","0","0","0","0","0"
"2019-02-05","port290","Dhamra Port","India","IND","0","1","0","0","0","1","1","0","2405","0","0","0","2405","2405","0","0","0","0","0","0","0"
"2019-02-06","port290","Dhamra Port","India","IND","0","0","0","0","0","0","0","0","0","0","0","0","0","0","0","0","0","0","0","0","0"
"2019-02-07","port290","Dhamra Port","India","IND","0","0","0","0","0","0","0","0","0","0","0","0","0","0","0","0","0","0","0","0","0"
"2019-02-08","port290","Dhamra Port","India","IND","0","2","0","0","0","2","2","0","46288","0","0","0","46288","46288","0","55300","0","0","0","55300","55300"
"2019-02-09","port290","Dhamra Port","India","IND","0","1","0","0","0","1","1","0","77798","0","0","0","77798","77798","0","0","0","0","0","0","0"
"2019-02-10","port290","Dhamra Port","India","IND","0","2","0","0","0","2","2","0","54938","0","0","0","54938","54938","0","54475","0","0","0","54475","54475"
"2019-02-11","port290","Dhamra Port","India","IND","0","1","0","0","0","1","1","0","0","0","0","0","0","0","0","0","0","0","0","0","0"
"2019-02-12","port290","Dhamra Port","India","IND","0","1","0","0","0","1","1","0","0","0","0","0","0","0","0","49856","0","0","0","49856","49856"
"2019-02-13","port290","Dhamra Port","India","IND","0","2","0","0","0","2","2","0","41621","0","0","0","41621","41621","0","58052","0","0","0","58052","58052"
"2019-02-14","port290","Dhamra Port","India","IND","0","0","0","0","0","0","0","0","0","0","0","0","0","0","0","0","0","0","0","0","0"
"2019-02-15","port290","Dhamra Port","India","IND","0","0","0","0","0","0","0","0","0","0","0","0","0","0","0","0","0","0","0","0","0"
"2019-02-16","port290","Dhamra Port","India","IND","0","0","0","0","0","0","0","0","0","0","0","0","0","0","0","0","0","0","0","0","0"
"2019-02-17","port290","Dhamra Port","India","IND","0","2","0","0","0","2","2","0","80781","0","0","0","80781","80781","0","0","0","0","0","0","0"
"2019-02-18","port290","Dhamra Port","India","IND","0","0","0","0","0","0","0","0","0","0","0","0","0","0","0","0","0","0","0","0","0"
"2019-02-19","port290","Dhamra Port","India","IND","0","0","0","0","0","0","0","0","0","0","0","0","0","0","0","0","0","0","0","0","0"
"2019-02-20","port290","Dhamra Port","India","IND","0","1","0","0","0","1","1","0","0","0","0","0","0","0","0","13438","0","0","0","13438","13438"
"2019-02-21","port290","Dhamra Port","India","IND","0","0","0","0","0","0","0","0","0","0","0","0","0","0","0","0","0","0","0","0","0"
"2019-02-22","port290","Dhamra Port","India","IND","0","1","0","0","0","1","1","0","79451","0","0","0","79451","79451","0","0","0","0","0","0","0"
"2019-02-23","port290","Dhamra Port","India","IND","0","1","0","0","0","1","1","0","41621","0","0","0","41621","41621","0","19061","0","0","0","19061","19061"
"2019-02-24","port290","Dhamra Port","India","IND","0","2","0","0","0","2","2","0","52349","0","0","0","52349","52349","0","0","0","0","0","0","0"
"2019-02-25","port290","Dhamra Port","India","IND","0","0","0","0","0","0","0","0","0","0","0","0","0","0","0","0","0","0","0","0","0"
"2019-02-26","port290","Dhamra Port","India","IND","0","1","0","0","0","1","1","0","41621","0","0","0","41621","41621","0","19061","0","0","0","19061","19061"
"2019-02-27","port290","Dhamra Port","India","IND","0","1","0","0","0","1","1","0","28199","0","0","0","28199","28199","0","0","0","0","0","0","0"
"2019-02-28","port290","Dhamra Port","India","IND","0","0","0","0","0","0","0","0","0","0","0","0","0","0","0","0","0","0","0","0","0"
"2019-03-01","port290","Dhamra Port","India","IND","0","1","0","0","0","1","1","0","0","0","0","0","0","0","0","4756","0","0","0","4756","4756"
"2019-03-02","port290","Dhamra Port","India","IND","0","0","0","0","0","0","0","0","0","0","0","0","0","0","0","0","0","0","0","0","0"
"2019-03-03","port290","Dhamra Port","India","IND","0","0","0","0","0","0","0","0","0","0","0","0","0","0","0","0","0","0","0","0","0"
"2019-03-04","port290","Dhamra Port","India","IND","0","0","0","0","0","0","0","0","0","0","0","0","0","0","0","0","0","0","0","0","0"
"2019-03-05","port290","Dhamra Port","India","IND","0","2","0","0","0","2","2","0","83243","0","0","0","83243","83243","0","38123","0","0","0","38123","38123"
"2019-03-06","port290","Dhamra Port","India","IND","0","0","0","0","0","0","0","0","0","0","0","0","0","0","0","0","0","0","0","0","0"
"2019-03-07","port290","Dhamra Port","India","IND","0","1","0","0","0","1","1","0","0","0","0","0","0","0","0","54564","0","0","0","54564","54564"
"2019-03-08","port290","Dhamra Port","India","IND","0","3","0","0","0","3","3","0","255889","0","0","0","255889","255889","0","38123","0","0","0","38123","38123"
"2019-03-09","port290","Dhamra Port","India","IND","0","1","0","0","0","1","1","0","41621","0","0","0","41621","41621","0","19061","0","0","0","19061","19061"
"2019-03-10","port290","Dhamra Port","India","IND","0","1","0","0","0","1","1","0","41621","0","0","0","41621","41621","0","19061","0","0","0","19061","19061"
"2019-03-11","port290","Dhamra Port","India","IND","0","0","0","0","0","0","0","0","0","0","0","0","0","0","0","0","0","0","0","0","0"
"2019-03-12","port290","Dhamra Port","India","IND","0","0","0","0","0","0","0","0","0","0","0","0","0","0","0","0","0","0","0","0","0"
"2019-03-13","port290","Dhamra Port","India","IND","0","2","0","0","0","2","2","0","128778","0","0","0","128778","128778","0","0","0","0","0","0","0"
"2019-03-14","port290","Dhamra Port","India","IND","0","1","0","0","0","1","1","0","41621","0","0","0","41621","41621","0","19061","0","0","0","19061","19061"
"2019-03-15","port290","Dhamra Port","India","IND","0","0","0","0","0","0","0","0","0","0","0","0","0","0","0","0","0","0","0","0","0"
"2019-03-16","port290","Dhamra Port","India","IND","0","1","0","0","0","1","1","0","0","0","0","0","0","0","0","40666","0","0","0","40666","40666"
"2019-03-17","port290","Dhamra Port","India","IND","0","0","0","0","0","0","0","0","0","0","0","0","0","0","0","0","0","0","0","0","0"
"2019-03-18","port290","Dhamra Port","India","IND","0","1","0","0","0","1","1","0","41621","0","0","0","41621","41621","0","19061","0","0","0","19061","19061"
"2019-03-19","port290","Dhamra Port","India","IND","0","3","0","0","0","3","3","0","116502","0","0","0","116502","116502","0","0","0","0","0","0","0"
"2019-03-20","port290","Dhamra Port","India","IND","0","0","0","0","0","0","0","0","0","0","0","0","0","0","0","0","0","0","0","0","0"
"2019-03-21","port290","Dhamra Port","India","IND","0","0","0","0","0","0","0","0","0","0","0","0","0","0","0","0","0","0","0","0","0"
"2019-03-22","port290","Dhamra Port","India","IND","0","0","0","0","0","0","0","0","0","0","0","0","0","0","0","0","0","0","0","0","0"
"2019-03-23","port290","Dhamra Port","India","IND","0","0","0","0","0","0","0","0","0","0","0","0","0","0","0","0","0","0","0","0","0"
"2019-03-24","port290","Dhamra Port","India","IND","0","1","0","0","0","1","1","0","21432","0","0","0","21432","21432","0","0","0","0","0","0","0"
"2019-03-25","port290","Dhamra Port","India","IND","0","0","1","0","0","1","1","0","0","2305","0","0","2305","2305","0","0","4134","0","0","4134","4134"
"2019-03-26","port290","Dhamra Port","India","IND","0","1","0","0","0","1","1","0","411","0","0","0","411","411","0","0","0","0","0","0","0"
"2019-03-27","port290","Dhamra Port","India","IND","0","1","0","0","0","1","1","0","0","0","0","0","0","0","0","1659","0","0","0","1659","1659"
"2019-03-28","port290","Dhamra Port","India","IND","0","0","0","0","0","0","0","0","0","0","0","0","0","0","0","0","0","0","0","0","0"
"2019-03-29","port290","Dhamra Port","India","IND","0","1","0","0","0","1","1","0","26712","0","0","0","26712","26712","0","0","0","0","0","0","0"
"2019-03-30","port290","Dhamra Port","India","IND","0","0","0","0","0","0","0","0","0","0","0","0","0","0","0","0","0","0","0","0","0"
"2019-03-31","port290","Dhamra Port","India","IND","0","2","1","0","0","3","3","0","0","2305","0","0","2305","2305","0","51823","4134","0","0","55957","55957"
"2019-04-01","port290","Dhamra Port","India","IND","0","0","0","0","0","0","0","0","0","0","0","0","0","0","0","0","0","0","0","0","0"
"2019-04-02","port290","Dhamra Port","India","IND","0","1","0","0","0","1","1","0","0","0","0","0","0","0","0","51116","0","0","0","51116","51116"
"2019-04-03","port290","Dhamra Port","India","IND","0","0","0","0","0","0","0","0","0","0","0","0","0","0","0","0","0","0","0","0","0"
"2019-04-04","port290","Dhamra Port","India","IND","0","1","0","0","0","1","1","0","80255","0","0","0","80255","80255","0","0","0","0","0","0","0"
"2019-04-05","port290","Dhamra Port","India","IND","0","2","0","0","0","2","2","0","41621","0","0","0","41621","41621","0","92233","0","0","0","92233","92233"
"2019-04-06","port290","Dhamra Port","India","IND","0","1","0","0","0","1","1","0","41621","0","0","0","41621","41621","0","19061","0","0","0","19061","19061"
"2019-04-07","port290","Dhamra Port","India","IND","0","0","0","0","0","0","0","0","0","0","0","0","0","0","0","0","0","0","0","0","0"
"2019-04-08","port290","Dhamra Port","India","IND","0","1","0","0","0","1","1","0","41621","0","0","0","41621","41621","0","19061","0","0","0","19061","19061"
"2019-04-09","port290","Dhamra Port","India","IND","0","0","0","0","0","0","0","0","0","0","0","0","0","0","0","0","0","0","0","0","0"
"2019-04-10","port290","Dhamra Port","India","IND","0","0","0","0","0","0","0","0","0","0","0","0","0","0","0","0","0","0","0","0","0"
"2019-04-11","port290","Dhamra Port","India","IND","0","1","1","0","0","2","2","0","78117","2305","0","0","80422","80422","0","0","4134","0","0","4134","4134"
"2019-04-12","port290","Dhamra Port","India","IND","0","1","0","0","0","1","1","0","41621","0","0","0","41621","41621","0","19061","0","0","0","19061","19061"
"2019-04-13","port290","Dhamra Port","India","IND","0","1","0","0","0","1","1","0","41621","0","0","0","41621","41621","0","19061","0","0","0","19061","19061"
"2019-04-14","port290","Dhamra Port","India","IND","0","0","0","0","0","0","0","0","0","0","0","0","0","0","0","0","0","0","0","0","0"
"2019-04-15","port290","Dhamra Port","India","IND","0","0","0","0","0","0","0","0","0","0","0","0","0","0","0","0","0","0","0","0","0"
"2019-04-16","port290","Dhamra Port","India","IND","0","1","0","0","0","1","1","0","50695","0","0","0","50695","50695","0","0","0","0","0","0","0"
"2019-04-17","port290","Dhamra Port","India","IND","0","1","0","0","0","1","1","0","0","0","0","0","0","0","0","45962","0","0","0","45962","45962"
"2019-04-18","port290","Dhamra Port","India","IND","0","0","0","0","0","0","0","0","0","0","0","0","0","0","0","0","0","0","0","0","0"
"2019-04-19","port290","Dhamra Port","India","IND","0","2","0","0","0","2","2","0","41621","0","0","0","41621","41621","0","90139","0","0","0","90139","90139"
"2019-04-20","port290","Dhamra Port","India","IND","0","1","0","0","0","1","1","0","53390","0","0","0","53390","53390","0","0","0","0","0","0","0"
"2019-04-21","port290","Dhamra Port","India","IND","0","0","0","0","0","0","0","0","0","0","0","0","0","0","0","0","0","0","0","0","0"
"2019-04-22","port290","Dhamra Port","India","IND","0","3","1","0","0","4","4","0","106254","0","0","0","106254","106254","0","52108","1991","0","0","54100","54100"
"2019-04-23","port290","Dhamra Port","India","IND","0","0","0","0","0","0","0","0","0","0","0","0","0","0","0","0","0","0","0","0","0"
"2019-04-24","port290","Dhamra Port","India","IND","0","0","0","0","0","0","0","0","0","0","0","0","0","0","0","0","0","0","0","0","0"
"2019-04-25","port290","Dhamra Port","India","IND","0","3","0","0","0","3","3","0","142182","0","0","0","142182","142182","0","19061","0","0","0","19061","19061"
"2019-04-26","port290","Dhamra Port","India","IND","0","1","0","0","0","1","1","0","9933","0","0","0","9933","9933","0","0","0","0","0","0","0"
"2019-04-27","port290","Dhamra Port","India","IND","0","1","0","0","0","1","1","0","0","0","0","0","0","0","0","73191","0","0","0","73191","73191"
"2019-04-28","port290","Dhamra Port","India","IND","0","1","0","0","0","1","1","0","79447","0","0","0","79447","79447","0","0","0","0","0","0","0"
"2019-04-29","port290","Dhamra Port","India","IND","0","1","0","0","0","1","1","0","0","0","0","0","0","0","0","25831","0","0","0","25831","25831"
"2019-04-30","port290","Dhamra Port","India","IND","0","0","0","0","0","0","0","0","0","0","0","0","0","0","0","0","0","0","0","0","0"
"2019-05-01","port290","Dhamra Port","India","IND","0","0","0","0","0","0","0","0","0","0","0","0","0","0","0","0","0","0","0","0","0"
"2019-05-02","port290","Dhamra Port","India","IND","0","0","0","0","0","0","0","0","0","0","0","0","0","0","0","0","0","0","0","0","0"
"2019-05-03","port290","Dhamra Port","India","IND","0","0","0","0","0","0","0","0","0","0","0","0","0","0","0","0","0","0","0","0","0"
"2019-05-04","port290","Dhamra Port","India","IND","0","0","0","0","0","0","0","0","0","0","0","0","0","0","0","0","0","0","0","0","0"
"2019-05-05","port290","Dhamra Port","India","IND","0","1","0","0","0","1","1","0","78678","0","0","0","78678","78678","0","0","0","0","0","0","0"
"2019-05-06","port290","Dhamra Port","India","IND","0","2","0","0","0","2","2","0","41621","0","0","0","41621","41621","0","38845","0","0","0","38845","38845"
"2019-05-07","port290","Dhamra Port","India","IND","0","3","0","0","0","3","3","0","118768","0","0","0","118768","118768","0","19061","0","0","0","19061","19061"
"2019-05-08","port290","Dhamra Port","India","IND","0","1","0","0","0","1","1","0","25139","0","0","0","25139","25139","0","0","0","0","0","0","0"
"2019-05-09","port290","Dhamra Port","India","IND","0","0","0","0","0","0","0","0","0","0","0","0","0","0","0","0","0","0","0","0","0"
"2019-05-10","port290","Dhamra Port","India","IND","0","1","0","0","0","1","1","0","41621","0","0","0","41621","41621","0","19061","0","0","0","19061","19061"
"2019-05-11","port290","Dhamra Port","India","IND","0","3","0","0","0","3","3","0","57884","0","0","0","57884","57884","0","1108","0","0","0","1108","1108"
"2019-05-12","port290","Dhamra Port","India","IND","0","1","0","0","0","1","1","0","78945","0","0","0","78945","78945","0","0","0","0","0","0","0"
"2019-05-13","port290","Dhamra Port","India","IND","0","0","0","0","0","0","0","0","0","0","0","0","0","0","0","0","0","0","0","0","0"
"2019-05-14","port290","Dhamra Port","India","IND","0","2","0","0","0","2","2","0","119704","0","0","0","119704","119704","0","19061","0","0","0","19061","19061"
"2019-05-15","port290","Dhamra Port","India","IND","0","0","0","0","0","0","0","0","0","0","0","0","0","0","0","0","0","0","0","0","0"
"2019-05-16","port290","Dhamra Port","India","IND","0","1","0","0","0","1","1","0","45677","0","0","0","45677","45677","0","0","0","0","0","0","0"
"2019-05-17","port290","Dhamra Port","India","IND","0","2","0","0","0","2","2","0","98681","0","0","0","98681","98681","0","0","0","0","0","0","0"
"2019-05-18","port290","Dhamra Port","India","IND","0","1","0","0","0","1","1","0","42372","0","0","0","42372","42372","0","0","0","0","0","0","0"
"2019-05-19","port290","Dhamra Port","India","IND","0","1","0","0","0","1","1","0","183408","0","0","0","183408","183408","0","0","0","0","0","0","0"
"2019-05-20","port290","Dhamra Port","India","IND","0","0","0","0","0","0","0","0","0","0","0","0","0","0","0","0","0","0","0","0","0"
"2019-05-21","port290","Dhamra Port","India","IND","0","0","0","0","0","0","0","0","0","0","0","0","0","0","0","0","0","0","0","0","0"
"2019-05-22","port290","Dhamra Port","India","IND","0","0","0","0","0","0","0","0","0","0","0","0","0","0","0","0","0","0","0","0","0"
"2019-05-23","port290","Dhamra Port","India","IND","0","2","1","0","0","3","3","0","41621","2305","0","0","43927","43927","0","70112","4134","0","0","74246","74246"
"2019-05-24","port290","Dhamra Port","India","IND","0","0","0","0","0","0","0","0","0","0","0","0","0","0","0","0","0","0","0","0","0"
"2019-05-25","port290","Dhamra Port","India","IND","0","2","0","0","0","2","2","0","86144","0","0","0","86144","86144","0","54252","0","0","0","54252","54252"
"2019-05-26","port290","Dhamra Port","India","IND","0","0","0","0","0","0","0","0","0","0","0","0","0","0","0","0","0","0","0","0","0"
"2019-05-27","port290","Dhamra Port","India","IND","0","2","0","0","0","2","2","0","41551","0","0","0","41551","41551","0","52402","0","0","0","52402","52402"
"2019-05-28","port290","Dhamra Port","India","IND","0","0","0","0","0","0","0","0","0","0","0","0","0","0","0","0","0","0","0","0","0"
"2019-05-29","port290","Dhamra Port","India","IND","0","1","0","0","0","1","1","0","33510","0","0","0","33510","33510","0","0","0","0","0","0","0"
"2019-05-30","port290","Dhamra Port","India","IND","0","0","0","0","0","0","0","0","0","0","0","0","0","0","0","0","0","0","0","0","0"
"2019-05-31","port290","Dhamra Port","India","IND","0","1","0","0","0","1","1","0","41641","0","0","0","41641","41641","0","0","0","0","0","0","0"
"2019-06-01","port290","Dhamra Port","India","IND","0","0","0","0","0","0","0","0","0","0","0","0","0","0","0","0","0","0","0","0","0"
"2019-06-02","port290","Dhamra Port","India","IND","0","1","0","0","0","1","1","0","41621","0","0","0","41621","41621","0","19061","0","0","0","19061","19061"
"2019-06-03","port290","Dhamra Port","India","IND","0","0","0","0","0","0","0","0","0","0","0","0","0","0","0","0","0","0","0","0","0"
"2019-06-04","port290","Dhamra Port","India","IND","0","0","0","0","0","0","0","0","0","0","0","0","0","0","0","0","0","0","0","0","0"
"2019-06-05","port290","Dhamra Port","India","IND","0","3","0","0","0","3","3","0","67102","0","0","0","67102","67102","0","19061","0","0","0","19061","19061"
"2019-06-06","port290","Dhamra Port","India","IND","0","0","0","0","0","0","0","0","0","0","0","0","0","0","0","0","0","0","0","0","0"
"2019-06-07","port290","Dhamra Port","India","IND","0","3","0","0","0","3","3","0","16029","0","0","0","16029","16029","0","49316","0","0","0","49316","49316"
"2019-06-08","port290","Dhamra Port","India","IND","0","1","0","0","0","1","1","0","23186","0","0","0","23186","23186","0","0","0","0","0","0","0"
"2019-06-09","port290","Dhamra Port","India","IND","0","1","0","0","0","1","1","0","67440","0","0","0","67440","67440","0","0","0","0","0","0","0"
"2019-06-10","port290","Dhamra Port","India","IND","0","2","0","0","0","2","2","0","78076","0","0","0","78076","78076","0","0","0","0","0","0","0"
"2019-06-11","port290","Dhamra Port","India","IND","0","1","0","0","0","1","1","0","72713","0","0","0","72713","72713","0","0","0","0","0","0","0"
"2019-06-12","port290","Dhamra Port","India","IND","0","3","0","0","0","3","3","0","119453","0","0","0","119453","119453","0","35043","0","0","0","35043","35043"
"2019-06-13","port290","Dhamra Port","India","IND","0","0","0","0","0","0","0","0","0","0","0","0","0","0","0","0","0","0","0","0","0"
"2019-06-14","port290","Dhamra Port","India","IND","0","0","0","0","0","0","0","0","0","0","0","0","0","0","0","0","0","0","0","0","0"
"2019-06-15","port290","Dhamra Port","India","IND","0","2","0","0","0","2","2","0","41621","0","0","0","41621","41621","0","73626","0","0","0","73626","73626"
"2019-06-16","port290","Dhamra Port","India","IND","0","0","0","0","0","0","0","0","0","0","0","0","0","0","0","0","0","0","0","0","0"
"2019-06-17","port290","Dhamra Port","India","IND","0","2","0","0","0","2","2","0","41621","0","0","0","41621","41621","0","68917","0","0","0","68917","68917"
"2019-06-18","port290","Dhamra Port","India","IND","0","0","0","0","0","0","0","0","0","0","0","0","0","0","0","0","0","0","0","0","0"
"2019-06-19","port290","Dhamra Port","India","IND","0","2","0","0","0","2","2","0","163161","0","0","0","163161","163161","0","21546","0","0","0","21546","21546"
"2019-06-20","port290","Dhamra Port","India","IND","0","1","0","0","0","1","1","0","74367","0","0","0","74367","74367","0","0","0","0","0","0","0"
"2019-06-21","port290","Dhamra Port","India","IND","0","1","0","0","0","1","1","0","69811","0","0","0","69811","69811","0","0","0","0","0","0","0"
"2019-06-22","port290","Dhamra Port","India","IND","0","2","0","0","0","2","2","0","83093","0","0","0","83093","83093","0","19061","0","0","0","19061","19061"
"2019-06-23","port290","Dhamra Port","India","IND","0","0","0","0","0","0","0","0","0","0","0","0","0","0","0","0","0","0","0","0","0"
"2019-06-24","port290","Dhamra Port","India","IND","0","2","0","0","0","2","2","0","5991","0","0","0","5991","5991","0","53220","0","0","0","53220","53220"
"2019-06-25","port290","Dhamra Port","India","IND","0","2","0","0","0","2","2","0","113881","0","0","0","113881","113881","0","19061","0","0","0","19061","19061"
"2019-06-26","port290","Dhamra Port","India","IND","0","1","2","0","0","3","3","0","64348","11582","0","0","75930","75930","0","0","4134","0","0","4134","4134"
"2019-06-27","port290","Dhamra Port","India","IND","0","1","0","0","0","1","1","0","41621","0","0","0","41621","41621","0","19061","0","0","0","19061","19061"
"2019-06-28","port290","Dhamra Port","India","IND","0","1","0","0","0","1","1","0","0","0","0","0","0","0","0","47130","0","0","0","47130","47130"
"2019-06-29","port290","Dhamra Port","India","IND","0","1","0","0","0","1","1","0","0","0","0","0","0","0","0","73495","0","0","0","73495","73495"
"2019-06-30","port290","Dhamra Port","India","IND","0","0","0","0","0","0","0","0","0","0","0","0","0","0","0","0","0","0","0","0","0"
"2019-07-01","port290","Dhamra Port","India","IND","0","0","0","0","0","0","0","0","0","0","0","0","0","0","0","0","0","0","0","0","0"
"2019-07-02","port290","Dhamra Port","India","IND","0","2","0","0","0","2","2","0","41621","0","0","0","41621","41621","0","65429","0","0","0","65429","65429"
"2019-07-03","port290","Dhamra Port","India","IND","0","0","0","0","0","0","0","0","0","0","0","0","0","0","0","0","0","0","0","0","0"
"2019-07-04","port290","Dhamra Port","India","IND","0","2","1","0","0","3","3","0","120319","2305","0","0","122625","122625","0","19061","4134","0","0","23195","23195"
"2019-07-05","port290","Dhamra Port","India","IND","0","0","0","0","0","0","0","0","0","0","0","0","0","0","0","0","0","0","0","0","0"
"2019-07-06","port290","Dhamra Port","India","IND","0","1","0","0","0","1","1","0","41621","0","0","0","41621","41621","0","19061","0","0","0","19061","19061"
"2019-07-07","port290","Dhamra Port","India","IND","0","1","0","0","0","1","1","0","78586","0","0","0","78586","78586","0","0","0","0","0","0","0"
"2019-07-08","port290","Dhamra Port","India","IND","0","0","0","0","0","0","0","0","0","0","0","0","0","0","0","0","0","0","0","0","0"
"2019-07-09","port290","Dhamra Port","India","IND","0","0","0","0","0","0","0","0","0","0","0","0","0","0","0","0","0","0","0","0","0"
"2019-07-10","port290","Dhamra Port","India","IND","0","2","0","0","0","2","2","0","41621","0","0","0","41621","41621","0","47707","0","0","0","47707","47707"
"2019-07-11","port290","Dhamra Port","India","IND","0","1","0","0","0","1","1","0","75282","0","0","0","75282","75282","0","0","0","0","0","0","0"
"2019-07-12","port290","Dhamra Port","India","IND","0","2","0","0","0","2","2","0","3472","0","0","0","3472","3472","0","28111","0","0","0","28111","28111"
"2019-07-13","port290","Dhamra Port","India","IND","0","1","0","0","0","1","1","0","41621","0","0","0","41621","41621","0","19061","0","0","0","19061","19061"
"2019-07-14","port290","Dhamra Port","India","IND","0","0","0","0","0","0","0","0","0","0","0","0","0","0","0","0","0","0","0","0","0"
"2019-07-15","port290","Dhamra Port","India","IND","0","1","0","0","0","1","1","0","162711","0","0","0","162711","162711","0","0","0","0","0","0","0"
"2019-07-16","port290","Dhamra Port","India","IND","0","3","0","0","0","3","3","0","83243","0","0","0","83243","83243","0","91778","0","0","0","91778","91778"
"2019-07-17","port290","Dhamra Port","India","IND","0","0","0","0","0","0","0","0","0","0","0","0","0","0","0","0","0","0","0","0","0"
"2019-07-18","port290","Dhamra Port","India","IND","0","1","0","0","0","1","1","0","0","0","0","0","0","0","0","0","0","0","0","0","0"
"2019-07-19","port290","Dhamra Port","India","IND","0","2","0","0","0","2","2","0","95393","0","0","0","95393","95393","0","19061","0","0","0","19061","19061"
"2019-07-20","port290","Dhamra Port","India","IND","0","0","0","0","0","0","0","0","0","0","0","0","0","0","0","0","0","0","0","0","0"
"2019-07-21","port290","Dhamra Port","India","IND","0","2","0","0","0","2","2","0","41621","0","0","0","41621","41621","0","73326","0","0","0","73326","73326"
"2019-07-22","port290","Dhamra Port","India","IND","0","4","0","0","0","4","4","0","202499","0","0","0","202499","202499","0","19545","0","0","0","19545","19545"
"2019-07-23","port290","Dhamra Port","India","IND","0","0","0","0","0","0","0","0","0","0","0","0","0","0","0","0","0","0","0","0","0"
"2019-07-24","port290","Dhamra Port","India","IND","0","1","1","0","0","2","2","0","41621","0","0","0","41621","41621","0","19061","830","0","0","19892","19892"
"2019-07-25","port290","Dhamra Port","India","IND","0","0","0","0","0","0","0","0","0","0","0","0","0","0","0","0","0","0","0","0","0"
"2019-07-26","port290","Dhamra Port","India","IND","0","0","0","0","0","0","0","0","0","0","0","0","0","0","0","0","0","0","0","0","0"
"2019-07-27","port290","Dhamra Port","India","IND","0","2","0","0","0","2","2","0","111985","0","0","0","111985","111985","0","0","0","0","0","0","0"
"2019-07-28","port290","Dhamra Port","India","IND","0","1","0","0","0","1","1","0","10641","0","0","0","10641","10641","0","0","0","0","0","0","0"
"2019-07-29","port290","Dhamra Port","India","IND","0","1","0","0","0","1","1","0","0","0","0","0","0","0","0","26429","0","0","0","26429","26429"
"2019-07-30","port290","Dhamra Port","India","IND","0","0","0","0","0","0","0","0","0","0","0","0","0","0","0","0","0","0","0","0","0"
"2019-07-31","port290","Dhamra Port","India","IND","0","3","1","0","0","4","4","0","77604","2305","0","0","79910","79910","0","73302","4134","0","0","77436","77436"
"2019-08-01","port290","Dhamra Port","India","IND","0","1","0","0","0","1","1","0","0","0","0","0","0","0","0","79212","0","0","0","79212","79212"
"2019-08-02","port290","Dhamra Port","India","IND","0","2","0","0","0","2","2","0","41621","0","0","0","41621","41621","0","62837","0","0","0","62837","62837"
"2019-08-03","port290","Dhamra Port","India","IND","0","1","0","0","0","1","1","0","0","0","0","0","0","0","0","5005","0","0","0","5005","5005"
"2019-08-04","port290","Dhamra Port","India","IND","0","1","0","0","0","1","1","0","0","0","0","0","0","0","0","404","0","0","0","404","404"
"2019-08-05","port290","Dhamra Port","India","IND","0","1","0","0","0","1","1","0","51040","0","0","0","51040","51040","0","0","0","0","0","0","0"
"2019-08-06","port290","Dhamra Port","India","IND","0","1","0","0","0","1","1","0","0","0","0","0","0","0","0","70777","0","0","0","70777","70777"
"2019-08-07","port290","Dhamra Port","India","IND","0","0","0","0","0","0","0","0","0","0","0","0","0","0","0","0","0","0","0","0","0"
"2019-08-08","port290","Dhamra Port","India","IND","0","1","0","0","0","1","1","0","0","0","0","0","0","0","0","54304","0","0","0","54304","54304"
"2019-08-09","port290","Dhamra Port","India","IND","0","3","0","0","0","3","3","0","103349","0","0","0","103349","103349","0","41675","0","0","0","41675","41675"
"2019-08-10","port290","Dhamra Port","India","IND","0","2","0","0","0","2","2","0","172244","0","0","0","172244","172244","0","54185","0","0","0","54185","54185"
"2019-08-11","port290","Dhamra Port","India","IND","0","1","0","0","0","1","1","0","78940","0","0","0","78940","78940","0","0","0","0","0","0","0"
"2019-08-12","port290","Dhamra Port","India","IND","0","1","0","0","0","1","1","0","0","0","0","0","0","0","0","27514","0","0","0","27514","27514"
"2019-08-13","port290","Dhamra Port","India","IND","0","1","0","0","0","1","1","0","174128","0","0","0","174128","174128","0","0","0","0","0","0","0"
"2019-08-14","port290","Dhamra Port","India","IND","0","1","0","0","0","1","1","0","41621","0","0","0","41621","41621","0","19061","0","0","0","19061","19061"
"2019-08-15","port290","Dhamra Port","India","IND","0","1","0","0","0","1","1","0","31218","0","0","0","31218","31218","0","0","0","0","0","0","0"
"2019-08-16","port290","Dhamra Port","India","IND","0","2","0","0","0","2","2","0","41621","0","0","0","41621","41621","0","71933","0","0","0","71933","71933"
"2019-08-17","port290","Dhamra Port","India","IND","0","1","0","0","0","1","1","0","80147","0","0","0","80147","80147","0","0","0","0","0","0","0"
"2019-08-18","port290","Dhamra Port","India","IND","0","0","0","0","0","0","0","0","0","0","0","0","0","0","0","0","0","0","0","0","0"
"2019-08-19","port290","Dhamra Port","India","IND","0","1","0","0","1","1","2","0","41621","0","0","0","41621","41621","0","19061","0","0","945","19061","20007"
"2020-09-27","port290","Dhamra Port","India","IND","0","0","0","0","0","0","0","0","0","0","0","0","0","0","0","0","0","0","0","0","0"
"2019-08-23","port290","Dhamra Port","India","IND","0","0","0","0","0","0","0","0","0","0","0","0","0","0","0","0","0","0","0","0","0"
"2020-09-28","port290","Dhamra Port","India","IND","0","1","0","0","0","1","1","0","41621","0","0","0","41621","41621","0","19061","0","0","0","19061","19061"
"2019-08-24","port290","Dhamra Port","India","IND","0","1","0","0","0","1","1","0","0","0","0","0","0","0","0","15329","0","0","0","15329","15329"
"2020-09-29","port290","Dhamra Port","India","IND","0","0","0","0","0","0","0","0","0","0","0","0","0","0","0","0","0","0","0","0","0"
"2019-08-25","port290","Dhamra Port","India","IND","0","0","0","0","0","0","0","0","0","0","0","0","0","0","0","0","0","0","0","0","0"
"2020-09-30","port290","Dhamra Port","India","IND","0","2","0","0","0","2","2","0","223688","0","0","0","223688","223688","0","0","0","0","0","0","0"
"2019-08-26","port290","Dhamra Port","India","IND","0","3","0","0","0","3","3","0","245197","0","0","0","245197","245197","0","0","0","0","0","0","0"
"2020-10-01","port290","Dhamra Port","India","IND","0","2","0","0","0","2","2","0","87910","0","0","0","87910","87910","0","19061","0","0","0","19061","19061"
"2019-08-27","port290","Dhamra Port","India","IND","0","2","0","0","0","2","2","0","60929","0","0","0","60929","60929","0","19061","0","0","0","19061","19061"
"2020-10-02","port290","Dhamra Port","India","IND","0","1","0","0","0","1","1","0","26051","0","0","0","26051","26051","0","0","0","0","0","0","0"
"2019-08-28","port290","Dhamra Port","India","IND","0","1","0","0","0","1","1","0","0","0","0","0","0","0","0","50820","0","0","0","50820","50820"
"2020-10-03","port290","Dhamra Port","India","IND","0","0","0","0","0","0","0","0","0","0","0","0","0","0","0","0","0","0","0","0","0"
"2019-08-29","port290","Dhamra Port","India","IND","0","2","0","0","0","2","2","0","83243","0","0","0","83243","83243","0","38123","0","0","0","38123","38123"
"2020-10-04","port290","Dhamra Port","India","IND","0","1","0","0","0","1","1","0","41621","0","0","0","41621","41621","0","19061","0","0","0","19061","19061"
"2019-08-30","port290","Dhamra Port","India","IND","0","1","0","0","0","1","1","0","0","0","0","0","0","0","0","6299","0","0","0","6299","6299"
"2020-10-05","port290","Dhamra Port","India","IND","0","1","0","0","0","1","1","0","0","0","0","0","0","0","0","53620","0","0","0","53620","53620"
"2019-08-31","port290","Dhamra Port","India","IND","0","0","0","0","0","0","0","0","0","0","0","0","0","0","0","0","0","0","0","0","0"
"2020-10-06","port290","Dhamra Port","India","IND","0","2","0","0","0","2","2","0","120016","0","0","0","120016","120016","0","19061","0","0","0","19061","19061"
"2019-09-01","port290","Dhamra Port","India","IND","0","0","0","0","0","0","0","0","0","0","0","0","0","0","0","0","0","0","0","0","0"
"2019-09-02","port290","Dhamra Port","India","IND","0","0","0","0","0","0","0","0","0","0","0","0","0","0","0","0","0","0","0","0","0"
"2019-09-03","port290","Dhamra Port","India","IND","0","1","1","0","0","2","2","0","57908","2305","0","0","60214","60214","0","0","4134","0","0","4134","4134"
"2019-09-04","port290","Dhamra Port","India","IND","0","2","0","0","0","2","2","0","0","0","0","0","0","0","0","49647","0","0","0","49647","49647"
"2019-09-05","port290","Dhamra Port","India","IND","0","1","0","0","0","1","1","0","0","0","0","0","0","0","0","22519","0","0","0","22519","22519"
"2019-09-06","port290","Dhamra Port","India","IND","0","1","0","0","0","1","1","0","41621","0","0","0","41621","41621","0","19061","0","0","0","19061","19061"
"2019-09-07","port290","Dhamra Port","India","IND","0","1","0","0","0","1","1","0","41621","0","0","0","41621","41621","0","19061","0","0","0","19061","19061"
"2019-09-08","port290","Dhamra Port","India","IND","0","0","0","0","0","0","0","0","0","0","0","0","0","0","0","0","0","0","0","0","0"
"2019-09-09","port290","Dhamra Port","India","IND","0","0","0","0","0","0","0","0","0","0","0","0","0","0","0","0","0","0","0","0","0"
"2019-09-10","port290","Dhamra Port","India","IND","0","0","0","0","0","0","0","0","0","0","0","0","0","0","0","0","0","0","0","0","0"
"2019-09-11","port290","Dhamra Port","India","IND","0","2","0","0","0","2","2","0","198609","0","0","0","198609","198609","0","0","0","0","0","0","0"
"2019-09-12","port290","Dhamra Port","India","IND","0","0","0","0","0","0","0","0","0","0","0","0","0","0","0","0","0","0","0","0","0"
"2019-09-13","port290","Dhamra Port","India","IND","0","2","0","0","0","2","2","0","53331","0","0","0","53331","53331","0","19061","0","0","0","19061","19061"
"2019-09-14","port290","Dhamra Port","India","IND","0","0","0","0","0","0","0","0","0","0","0","0","0","0","0","0","0","0","0","0","0"
"2019-09-15","port290","Dhamra Port","India","IND","0","1","0","0","0","1","1","0","0","0","0","0","0","0","0","58956","0","0","0","58956","58956"
"2019-09-16","port290","Dhamra Port","India","IND","0","0","0","0","0","0","0","0","0","0","0","0","0","0","0","0","0","0","0","0","0"
"2019-09-17","port290","Dhamra Port","India","IND","0","0","0","0","0","0","0","0","0","0","0","0","0","0","0","0","0","0","0","0","0"
"2019-09-18","port290","Dhamra Port","India","IND","0","1","0","0","0","1","1","0","0","0","0","0","0","0","0","14007","0","0","0","14007","14007"
"2019-09-19","port290","Dhamra Port","India","IND","0","1","0","0","0","1","1","0","0","0","0","0","0","0","0","51774","0","0","0","51774","51774"
"2019-09-20","port290","Dhamra Port","India","IND","0","1","0","0","0","1","1","0","41621","0","0","0","41621","41621","0","19061","0","0","0","19061","19061"
"2019-09-21","port290","Dhamra Port","India","IND","0","0","0","0","0","0","0","0","0","0","0","0","0","0","0","0","0","0","0","0","0"
"2019-09-22","port290","Dhamra Port","India","IND","0","0","0","0","0","0","0","0","0","0","0","0","0","0","0","0","0","0","0","0","0"
"2019-09-23","port290","Dhamra Port","India","IND","0","0","0","0","0","0","0","0","0","0","0","0","0","0","0","0","0","0","0","0","0"
"2019-09-24","port290","Dhamra Port","India","IND","0","1","0","0","0","1","1","0","0","0","0","0","0","0","0","29683","0","0","0","29683","29683"
"2019-09-25","port290","Dhamra Port","India","IND","0","0","0","0","0","0","0","0","0","0","0","0","0","0","0","0","0","0","0","0","0"
"2019-09-26","port290","Dhamra Port","India","IND","0","2","0","0","0","2","2","0","83243","0","0","0","83243","83243","0","38123","0","0","0","38123","38123"
"2019-09-27","port290","Dhamra Port","India","IND","0","1","0","0","0","1","1","0","41621","0","0","0","41621","41621","0","19061","0","0","0","19061","19061"
"2019-09-28","port290","Dhamra Port","India","IND","0","2","0","0","0","2","2","0","83243","0","0","0","83243","83243","0","38123","0","0","0","38123","38123"
"2019-09-29","port290","Dhamra Port","India","IND","0","0","0","0","0","0","0","0","0","0","0","0","0","0","0","0","0","0","0","0","0"
"2019-09-30","port290","Dhamra Port","India","IND","0","1","0","0","0","1","1","0","0","0","0","0","0","0","0","29108","0","0","0","29108","29108"
"2019-10-01","port290","Dhamra Port","India","IND","0","1","0","0","0","1","1","0","0","0","0","0","0","0","0","11091","0","0","0","11091","11091"
"2019-10-02","port290","Dhamra Port","India","IND","0","1","1","0","0","2","2","0","41621","0","0","0","41621","41621","0","19061","2850","0","0","21912","21912"
"2019-10-03","port290","Dhamra Port","India","IND","0","1","0","0","0","1","1","0","41621","0","0","0","41621","41621","0","19061","0","0","0","19061","19061"
"2019-10-04","port290","Dhamra Port","India","IND","0","0","0","0","0","0","0","0","0","0","0","0","0","0","0","0","0","0","0","0","0"
"2019-10-05","port290","Dhamra Port","India","IND","0","2","1","0","0","3","3","0","83243","2305","0","0","85549","85549","0","38123","4134","0","0","42257","42257"
"2019-10-06","port290","Dhamra Port","India","IND","0","0","0","0","0","0","0","0","0","0","0","0","0","0","0","0","0","0","0","0","0"
"2019-10-07","port290","Dhamra Port","India","IND","0","0","0","0","0","0","0","0","0","0","0","0","0","0","0","0","0","0","0","0","0"
"2019-10-08","port290","Dhamra Port","India","IND","0","0","0","0","0","0","0","0","0","0","0","0","0","0","0","0","0","0","0","0","0"
"2019-10-09","port290","Dhamra Port","India","IND","0","1","0","0","0","1","1","0","0","0","0","0","0","0","0","9899","0","0","0","9899","9899"
"2019-10-10","port290","Dhamra Port","India","IND","0","2","0","0","0","2","2","0","102508","0","0","0","102508","102508","0","19061","0","0","0","19061","19061"
"2019-10-11","port290","Dhamra Port","India","IND","0","1","0","0","0","1","1","0","41621","0","0","0","41621","41621","0","19061","0","0","0","19061","19061"
"2019-10-12","port290","Dhamra Port","India","IND","0","1","0","0","0","1","1","0","4839","0","0","0","4839","4839","0","0","0","0","0","0","0"
"2019-10-13","port290","Dhamra Port","India","IND","0","1","0","0","0","1","1","0","50215","0","0","0","50215","50215","0","0","0","0","0","0","0"
"2019-10-14","port290","Dhamra Port","India","IND","0","0","0","0","0","0","0","0","0","0","0","0","0","0","0","0","0","0","0","0","0"
"2019-10-15","port290","Dhamra Port","India","IND","0","1","0","0","0","1","1","0","80307","0","0","0","80307","80307","0","0","0","0","0","0","0"
"2019-10-16","port290","Dhamra Port","India","IND","0","0","0","0","0","0","0","0","0","0","0","0","0","0","0","0","0","0","0","0","0"
"2019-10-17","port290","Dhamra Port","India","IND","0","0","0","0","0","0","0","0","0","0","0","0","0","0","0","0","0","0","0","0","0"
"2019-10-18","port290","Dhamra Port","India","IND","0","2","0","0","0","2","2","0","0","0","0","0","0","0","0","53583","0","0","0","53583","53583"
"2019-10-19","port290","Dhamra Port","India","IND","0","0","0","0","0","0","0","0","0","0","0","0","0","0","0","0","0","0","0","0","0"
"2019-10-20","port290","Dhamra Port","India","IND","0","0","0","0","0","0","0","0","0","0","0","0","0","0","0","0","0","0","0","0","0"
"2019-10-21","port290","Dhamra Port","India","IND","0","0","0","0","0","0","0","0","0","0","0","0","0","0","0","0","0","0","0","0","0"
"2019-10-22","port290","Dhamra Port","India","IND","0","1","0","0","0","1","1","0","41621","0","0","0","41621","41621","0","19061","0","0","0","19061","19061"
"2019-10-23","port290","Dhamra Port","India","IND","0","0","0","0","0","0","0","0","0","0","0","0","0","0","0","0","0","0","0","0","0"
"2019-10-24","port290","Dhamra Port","India","IND","0","3","0","0","0","3","3","0","136725","0","0","0","136725","136725","0","19061","0","0","0","19061","19061"
"2019-10-25","port290","Dhamra Port","India","IND","0","1","0","0","0","1","1","0","0","0","0","0","0","0","0","32718","0","0","0","32718","32718"
"2019-10-26","port290","Dhamra Port","India","IND","0","0","0","0","0","0","0","0","0","0","0","0","0","0","0","0","0","0","0","0","0"
"2019-10-27","port290","Dhamra Port","India","IND","0","1","0","0","0","1","1","0","0","0","0","0","0","0","0","54397","0","0","0","54397","54397"
"2019-10-28","port290","Dhamra Port","India","IND","0","0","0","0","0","0","0","0","0","0","0","0","0","0","0","0","0","0","0","0","0"
"2019-10-29","port290","Dhamra Port","India","IND","0","3","0","0","0","3","3","0","83243","0","0","0","83243","83243","0","80538","0","0","0","80538","80538"
"2019-10-30","port290","Dhamra Port","India","IND","0","0","0","0","0","0","0","0","0","0","0","0","0","0","0","0","0","0","0","0","0"
"2019-10-31","port290","Dhamra Port","India","IND","0","2","0","0","0","2","2","0","162623","0","0","0","162623","162623","0","49299","0","0","0","49299","49299"
"2019-11-01","port290","Dhamra Port","India","IND","0","1","0","0","0","1","1","0","41621","0","0","0","41621","41621","0","19061","0","0","0","19061","19061"
"2019-11-02","port290","Dhamra Port","India","IND","0","0","0","0","0","0","0","0","0","0","0","0","0","0","0","0","0","0","0","0","0"
"2019-11-03","port290","Dhamra Port","India","IND","0","0","0","0","0","0","0","0","0","0","0","0","0","0","0","0","0","0","0","0","0"
"2019-11-04","port290","Dhamra Port","India","IND","0","3","0","0","0","3","3","0","110628","0","0","0","110628","110628","0","38123","0","0","0","38123","38123"
"2019-11-05","port290","Dhamra Port","India","IND","0","3","0","0","0","3","3","0","109743","0","0","0","109743","109743","0","38123","0","0","0","38123","38123"
"2019-11-06","port290","Dhamra Port","India","IND","0","0","0","0","0","0","0","0","0","0","0","0","0","0","0","0","0","0","0","0","0"
"2019-11-07","port290","Dhamra Port","India","IND","0","2","0","0","0","2","2","0","0","0","0","0","0","0","0","34809","0","0","0","34809","34809"
"2019-11-08","port290","Dhamra Port","India","IND","0","0","0","0","0","0","0","0","0","0","0","0","0","0","0","0","0","0","0","0","0"
"2019-11-09","port290","Dhamra Port","India","IND","0","0","0","0","0","0","0","0","0","0","0","0","0","0","0","0","0","0","0","0","0"
"2019-11-10","port290","Dhamra Port","India","IND","0","0","0","0","0","0","0","0","0","0","0","0","0","0","0","0","0","0","0","0","0"
"2019-11-11","port290","Dhamra Port","India","IND","0","2","0","0","0","2","2","0","0","0","0","0","0","0","0","83026","0","0","0","83026","83026"
"2019-11-12","port290","Dhamra Port","India","IND","0","1","0","0","0","1","1","0","41621","0","0","0","41621","41621","0","19061","0","0","0","19061","19061"
"2019-11-13","port290","Dhamra Port","India","IND","0","2","0","0","0","2","2","0","42208","0","0","0","42208","42208","0","19061","0","0","0","19061","19061"
"2019-11-14","port290","Dhamra Port","India","IND","0","0","0","0","0","0","0","0","0","0","0","0","0","0","0","0","0","0","0","0","0"
"2019-11-15","port290","Dhamra Port","India","IND","0","0","0","0","0","0","0","0","0","0","0","0","0","0","0","0","0","0","0","0","0"
"2019-11-16","port290","Dhamra Port","India","IND","0","1","0","0","0","1","1","0","41621","0","0","0","41621","41621","0","19061","0","0","0","19061","19061"
"2019-11-17","port290","Dhamra Port","India","IND","0","1","0","0","0","1","1","0","41621","0","0","0","41621","41621","0","19061","0","0","0","19061","19061"
"2019-11-18","port290","Dhamra Port","India","IND","0","0","0","0","0","0","0","0","0","0","0","0","0","0","0","0","0","0","0","0","0"
"2019-11-19","port290","Dhamra Port","India","IND","0","1","0","0","0","1","1","0","0","0","0","0","0","0","0","8473","0","0","0","8473","8473"
"2019-11-20","port290","Dhamra Port","India","IND","0","1","0","0","0","1","1","0","41621","0","0","0","41621","41621","0","19061","0","0","0","19061","19061"
"2019-11-21","port290","Dhamra Port","India","IND","0","0","0","0","0","0","0","0","0","0","0","0","0","0","0","0","0","0","0","0","0"
"2019-11-22","port290","Dhamra Port","India","IND","0","0","0","0","0","0","0","0","0","0","0","0","0","0","0","0","0","0","0","0","0"
"2019-11-23","port290","Dhamra Port","India","IND","0","0","0","0","0","0","0","0","0","0","0","0","0","0","0","0","0","0","0","0","0"
"2019-11-24","port290","Dhamra Port","India","IND","0","2","0","0","0","2","2","0","242086","0","0","0","242086","242086","0","0","0","0","0","0","0"
"2019-11-25","port290","Dhamra Port","India","IND","0","0","0","0","0","0","0","0","0","0","0","0","0","0","0","0","0","0","0","0","0"
"2019-11-26","port290","Dhamra Port","India","IND","0","1","0","0","0","1","1","0","0","0","0","0","0","0","0","10004","0","0","0","10004","10004"
"2019-11-27","port290","Dhamra Port","India","IND","0","0","0","0","0","0","0","0","0","0","0","0","0","0","0","0","0","0","0","0","0"
"2019-11-28","port290","Dhamra Port","India","IND","0","0","0","0","0","0","0","0","0","0","0","0","0","0","0","0","0","0","0","0","0"
"2019-11-29","port290","Dhamra Port","India","IND","0","1","1","0","0","2","2","0","78625","2305","0","0","80931","80931","0","0","4134","0","0","4134","4134"
"2019-11-30","port290","Dhamra Port","India","IND","0","1","0","0","0","1","1","0","41621","0","0","0","41621","41621","0","19061","0","0","0","19061","19061"
"2019-12-01","port290","Dhamra Port","India","IND","0","1","0","0","0","1","1","0","0","0","0","0","0","0","0","54564","0","0","0","54564","54564"
"2019-12-02","port290","Dhamra Port","India","IND","0","1","0","0","1","1","2","0","41621","0","0","0","41621","41621","0","19061","0","0","945","19061","20007"
"2019-12-03","port290","Dhamra Port","India","IND","0","1","0","0","0","1","1","0","0","0","0","0","0","0","0","0","0","0","0","0","0"
"2019-12-04","port290","Dhamra Port","India","IND","0","0","0","0","0","0","0","0","0","0","0","0","0","0","0","0","0","0","0","0","0"
"2019-12-05","port290","Dhamra Port","India","IND","0","0","0","0","0","0","0","0","0","0","0","0","0","0","0","0","0","0","0","0","0"
"2019-12-06","port290","Dhamra Port","India","IND","0","2","0","0","0","2","2","0","90269","0","0","0","90269","90269","0","0","0","0","0","0","0"
"2019-12-07","port290","Dhamra Port","India","IND","0","0","0","0","0","0","0","0","0","0","0","0","0","0","0","0","0","0","0","0","0"
"2019-12-08","port290","Dhamra Port","India","IND","0","0","0","0","0","0","0","0","0","0","0","0","0","0","0","0","0","0","0","0","0"
"2019-12-09","port290","Dhamra Port","India","IND","0","1","0","0","0","1","1","0","0","0","0","0","0","0","0","55776","0","0","0","55776","55776"
"2019-12-10","port290","Dhamra Port","India","IND","0","1","0","0","0","1","1","0","41621","0","0","0","41621","41621","0","19061","0","0","0","19061","19061"
"2019-12-11","port290","Dhamra Port","India","IND","0","1","0","0","0","1","1","0","41621","0","0","0","41621","41621","0","19061","0","0","0","19061","19061"
"2019-12-12","port290","Dhamra Port","India","IND","0","0","0","0","0","0","0","0","0","0","0","0","0","0","0","0","0","0","0","0","0"
"2019-12-13","port290","Dhamra Port","India","IND","0","0","0","0","0","0","0","0","0","0","0","0","0","0","0","0","0","0","0","0","0"
"2019-12-14","port290","Dhamra Port","India","IND","0","0","0","0","0","0","0","0","0","0","0","0","0","0","0","0","0","0","0","0","0"
"2019-12-15","port290","Dhamra Port","India","IND","0","1","0","0","0","1","1","0","41621","0","0","0","41621","41621","0","19061","0","0","0","19061","19061"
"2019-12-16","port290","Dhamra Port","India","IND","0","1","0","0","0","1","1","0","41621","0","0","0","41621","41621","0","19061","0","0","0","19061","19061"
"2019-12-17","port290","Dhamra Port","India","IND","0","2","0","0","0","2","2","0","41621","0","0","0","41621","41621","0","73136","0","0","0","73136","73136"
"2019-12-18","port290","Dhamra Port","India","IND","0","2","0","0","0","2","2","0","71120","0","0","0","71120","71120","0","19061","0","0","0","19061","19061"
"2019-12-19","port290","Dhamra Port","India","IND","0","2","0","0","0","2","2","0","0","0","0","0","0","0","0","85776","0","0","0","85776","85776"
"2019-12-20","port290","Dhamra Port","India","IND","0","1","0","0","0","1","1","0","41621","0","0","0","41621","41621","0","19061","0","0","0","19061","19061"
"2019-12-21","port290","Dhamra Port","India","IND","0","2","0","0","0","2","2","0","41621","0","0","0","41621","41621","0","75513","0","0","0","75513","75513"
"2019-12-22","port290","Dhamra Port","India","IND","0","0","0","0","0","0","0","0","0","0","0","0","0","0","0","0","0","0","0","0","0"
"2019-12-23","port290","Dhamra Port","India","IND","0","2","0","0","0","2","2","0","4059","0","0","0","4059","4059","0","6004","0","0","0","6004","6004"
"2019-12-24","port290","Dhamra Port","India","IND","0","1","0","0","0","1","1","0","79642","0","0","0","79642","79642","0","0","0","0","0","0","0"
"2019-12-25","port290","Dhamra Port","India","IND","0","2","0","0","0","2","2","0","41621","0","0","0","41621","41621","0","41493","0","0","0","41493","41493"
"2019-12-26","port290","Dhamra Port","India","IND","0","0","0","0","0","0","0","0","0","0","0","0","0","0","0","0","0","0","0","0","0"
"2019-12-27","port290","Dhamra Port","India","IND","0","2","0","0","0","2","2","0","41621","0","0","0","41621","41621","0","50419","0","0","0","50419","50419"
"2019-12-28","port290","Dhamra Port","India","IND","0","1","0","0","0","1","1","0","74401","0","0","0","74401","74401","0","0","0","0","0","0","0"
"2019-12-29","port290","Dhamra Port","India","IND","0","0","0","0","0","0","0","0","0","0","0","0","0","0","0","0","0","0","0","0","0"
"2019-12-30","port290","Dhamra Port","India","IND","0","1","0","0","0","1","1","0","0","0","0","0","0","0","0","54475","0","0","0","54475","54475"
"2019-12-31","port290","Dhamra Port","India","IND","0","0","0","0","0","0","0","0","0","0","0","0","0","0","0","0","0","0","0","0","0"
"2020-01-01","port290","Dhamra Port","India","IND","0","2","0","0","0","2","2","0","41621","0","0","0","41621","41621","0","60385","0","0","0","60385","60385"
"2020-01-02","port290","Dhamra Port","India","IND","0","1","0","0","0","1","1","0","41621","0","0","0","41621","41621","0","19061","0","0","0","19061","19061"
"2020-01-03","port290","Dhamra Port","India","IND","0","0","0","0","0","0","0","0","0","0","0","0","0","0","0","0","0","0","0","0","0"
"2020-01-04","port290","Dhamra Port","India","IND","0","1","0","0","0","1","1","0","2223","0","0","0","2223","2223","0","0","0","0","0","0","0"
"2020-01-05","port290","Dhamra Port","India","IND","0","1","0","0","0","1","1","0","0","0","0","0","0","0","0","55057","0","0","0","55057","55057"
"2020-01-06","port290","Dhamra Port","India","IND","0","1","0","0","0","1","1","0","41621","0","0","0","41621","41621","0","19061","0","0","0","19061","19061"
"2020-01-07","port290","Dhamra Port","India","IND","0","2","0","0","0","2","2","0","41621","0","0","0","41621","41621","0","75076","0","0","0","75076","75076"
"2020-01-08","port290","Dhamra Port","India","IND","0","0","0","0","0","0","0","0","0","0","0","0","0","0","0","0","0","0","0","0","0"
"2020-01-09","port290","Dhamra Port","India","IND","0","0","0","0","0","0","0","0","0","0","0","0","0","0","0","0","0","0","0","0","0"
"2020-01-10","port290","Dhamra Port","India","IND","0","3","0","0","0","3","3","0","83243","0","0","0","83243","83243","0","83545","0","0","0","83545","83545"
"2020-01-11","port290","Dhamra Port","India","IND","0","0","0","0","0","0","0","0","0","0","0","0","0","0","0","0","0","0","0","0","0"
"2020-01-12","port290","Dhamra Port","India","IND","0","0","0","0","0","0","0","0","0","0","0","0","0","0","0","0","0","0","0","0","0"
"2020-01-13","port290","Dhamra Port","India","IND","0","0","0","0","0","0","0","0","0","0","0","0","0","0","0","0","0","0","0","0","0"
"2020-01-14","port290","Dhamra Port","India","IND","0","1","0","0","0","1","1","0","0","0","0","0","0","0","0","54215","0","0","0","54215","54215"
"2020-01-15","port290","Dhamra Port","India","IND","0","2","0","0","0","2","2","0","41621","0","0","0","41621","41621","0","19061","0","0","0","19061","19061"
"2020-01-16","port290","Dhamra Port","India","IND","0","1","0","0","0","1","1","0","75556","0","0","0","75556","75556","0","0","0","0","0","0","0"
"2020-01-17","port290","Dhamra Port","India","IND","0","1","0","0","0","1","1","0","41621","0","0","0","41621","41621","0","19061","0","0","0","19061","19061"
"2020-01-18","port290","Dhamra Port","India","IND","0","1","1","0","0","2","2","0","0","2305","0","0","2305","2305","0","0","4134","0","0","4134","4134"
"2020-01-19","port290","Dhamra Port","India","IND","0","2","0","0","0","2","2","0","41621","0","0","0","41621","41621","0","71436","0","0","0","71436","71436"
"2020-01-20","port290","Dhamra Port","India","IND","0","1","0","0","0","1","1","0","41621","0","0","0","41621","41621","0","19061","0","0","0","19061","19061"
"2020-01-21","port290","Dhamra Port","India","IND","0","1","0","0","0","1","1","0","0","0","0","0","0","0","0","26620","0","0","0","26620","26620"
"2020-01-22","port290","Dhamra Port","India","IND","0","2","0","0","0","2","2","0","120308","0","0","0","120308","120308","0","19061","0","0","0","19061","19061"
"2020-01-23","port290","Dhamra Port","India","IND","0","3","0","0","0","3","3","0","124865","0","0","0","124865","124865","0","57185","0","0","0","57185","57185"
"2020-01-24","port290","Dhamra Port","India","IND","0","0","0","0","0","0","0","0","0","0","0","0","0","0","0","0","0","0","0","0","0"
"2020-01-25","port290","Dhamra Port","India","IND","0","1","0","0","0","1","1","0","41621","0","0","0","41621","41621","0","19061","0","0","0","19061","19061"
"2020-01-26","port290","Dhamra Port","India","IND","0","2","0","0","0","2","2","0","16179","0","0","0","16179","16179","0","668","0","0","0","668","668"
"2020-01-27","port290","Dhamra Port","India","IND","0","1","0","0","0","1","1","0","41621","0","0","0","41621","41621","0","19061","0","0","0","19061","19061"
"2020-01-28","port290","Dhamra Port","India","IND","0","1","0","0","0","1","1","0","0","0","0","0","0","0","0","969","0","0","0","969","969"
"2020-01-29","port290","Dhamra Port","India","IND","0","0","0","0","0","0","0","0","0","0","0","0","0","0","0","0","0","0","0","0","0"
"2020-01-30","port290","Dhamra Port","India","IND","0","0","0","0","0","0","0","0","0","0","0","0","0","0","0","0","0","0","0","0","0"
"2020-01-31","port290","Dhamra Port","India","IND","0","1","0","0","0","1","1","0","34903","0","0","0","34903","34903","0","0","0","0","0","0","0"
"2020-02-01","port290","Dhamra Port","India","IND","0","0","0","0","0","0","0","0","0","0","0","0","0","0","0","0","0","0","0","0","0"
"2020-02-02","port290","Dhamra Port","India","IND","0","0","0","0","0","0","0","0","0","0","0","0","0","0","0","0","0","0","0","0","0"
"2020-02-03","port290","Dhamra Port","India","IND","0","2","0","0","0","2","2","0","173123","0","0","0","173123","173123","0","11806","0","0","0","11806","11806"
"2020-02-04","port290","Dhamra Port","India","IND","0","1","0","0","0","1","1","0","0","0","0","0","0","0","0","49420","0","0","0","49420","49420"
"2020-02-05","port290","Dhamra Port","India","IND","0","1","0","0","0","1","1","0","0","0","0","0","0","0","0","1113","0","0","0","1113","1113"
"2020-02-06","port290","Dhamra Port","India","IND","0","1","0","0","0","1","1","0","158546","0","0","0","158546","158546","0","0","0","0","0","0","0"
"2020-02-07","port290","Dhamra Port","India","IND","0","1","0","0","0","1","1","0","79504","0","0","0","79504","79504","0","0","0","0","0","0","0"
"2020-02-08","port290","Dhamra Port","India","IND","0","0","0","0","0","0","0","0","0","0","0","0","0","0","0","0","0","0","0","0","0"
"2020-02-09","port290","Dhamra Port","India","IND","0","2","0","0","0","2","2","0","150902","0","0","0","150902","150902","0","19061","0","0","0","19061","19061"
"2020-02-10","port290","Dhamra Port","India","IND","0","1","0","0","0","1","1","0","0","0","0","0","0","0","0","46923","0","0","0","46923","46923"
"2020-02-11","port290","Dhamra Port","India","IND","0","0","0","0","0","0","0","0","0","0","0","0","0","0","0","0","0","0","0","0","0"
"2020-02-12","port290","Dhamra Port","India","IND","0","1","0","0","0","1","1","0","78499","0","0","0","78499","78499","0","0","0","0","0","0","0"
"2020-02-13","port290","Dhamra Port","India","IND","0","1","0","0","0","1","1","0","41621","0","0","0","41621","41621","0","19061","0","0","0","19061","19061"
"2020-02-14","port290","Dhamra Port","India","IND","0","1","0","0","0","1","1","0","41621","0","0","0","41621","41621","0","19061","0","0","0","19061","19061"
"2020-02-15","port290","Dhamra Port","India","IND","0","1","0","0","0","1","1","0","0","0","0","0","0","0","0","30694","0","0","0","30694","30694"
"2020-02-16","port290","Dhamra Port","India","IND","0","0","0","0","0","0","0","0","0","0","0","0","0","0","0","0","0","0","0","0","0"
"2020-02-17","port290","Dhamra Port","India","IND","0","1","1","0","0","2","2","0","41621","0","0","0","41621","41621","0","19061","0","0","0","19061","19061"
"2020-02-18","port290","Dhamra Port","India","IND","0","1","0","0","0","1","1","0","41621","0","0","0","41621","41621","0","19061","0","0","0","19061","19061"
"2020-02-19","port290","Dhamra Port","India","IND","0","2","0","0","0","2","2","0","41621","0","0","0","41621","41621","0","48343","0","0","0","48343","48343"
"2020-02-20","port290","Dhamra Port","India","IND","0","1","0","0","0","1","1","0","41621","0","0","0","41621","41621","0","19061","0","0","0","19061","19061"
"2020-02-21","port290","Dhamra Port","India","IND","0","1","0","0","0","1","1","0","79198","0","0","0","79198","79198","0","0","0","0","0","0","0"
"2020-02-22","port290","Dhamra Port","India","IND","0","0","0","0","0","0","0","0","0","0","0","0","0","0","0","0","0","0","0","0","0"
"2020-02-23","port290","Dhamra Port","India","IND","0","2","1","0","0","3","3","0","41621","12273","0","0","53895","53895","0","62495","0","0","0","62495","62495"
"2020-02-24","port290","Dhamra Port","India","IND","0","0","0","0","0","0","0","0","0","0","0","0","0","0","0","0","0","0","0","0","0"
"2020-02-25","port290","Dhamra Port","India","IND","0","1","0","0","0","1","1","0","41621","0","0","0","41621","41621","0","19061","0","0","0","19061","19061"
"2020-02-26","port290","Dhamra Port","India","IND","0","0","0","0","0","0","0","0","0","0","0","0","0","0","0","0","0","0","0","0","0"
"2020-02-27","port290","Dhamra Port","India","IND","0","0","0","0","0","0","0","0","0","0","0","0","0","0","0","0","0","0","0","0","0"
"2020-02-28","port290","Dhamra Port","India","IND","0","1","0","0","0","1","1","0","41621","0","0","0","41621","41621","0","19061","0","0","0","19061","19061"
"2020-02-29","port290","Dhamra Port","India","IND","0","1","0","0","0","1","1","0","41621","0","0","0","41621","41621","0","19061","0","0","0","19061","19061"
"2020-03-01","port290","Dhamra Port","India","IND","0","1","0","0","0","1","1","0","41621","0","0","0","41621","41621","0","19061","0","0","0","19061","19061"
"2020-03-02","port290","Dhamra Port","India","IND","0","1","0","0","0","1","1","0","0","0","0","0","0","0","0","54158","0","0","0","54158","54158"
"2020-03-03","port290","Dhamra Port","India","IND","0","1","0","0","0","1","1","0","41621","0","0","0","41621","41621","0","19061","0","0","0","19061","19061"
"2020-03-04","port290","Dhamra Port","India","IND","0","0","0","0","0","0","0","0","0","0","0","0","0","0","0","0","0","0","0","0","0"
"2020-03-05","port290","Dhamra Port","India","IND","0","0","0","0","0","0","0","0","0","0","0","0","0","0","0","0","0","0","0","0","0"
"2020-03-06","port290","Dhamra Port","India","IND","0","1","0","0","0","1","1","0","22649","0","0","0","22649","22649","0","0","0","0","0","0","0"
"2020-03-07","port290","Dhamra Port","India","IND","0","1","0","0","0","1","1","0","41621","0","0","0","41621","41621","0","19061","0","0","0","19061","19061"
"2020-03-08","port290","Dhamra Port","India","IND","0","0","0","0","0","0","0","0","0","0","0","0","0","0","0","0","0","0","0","0","0"
"2020-03-09","port290","Dhamra Port","India","IND","0","2","0","0","0","2","2","0","83243","0","0","0","83243","83243","0","38123","0","0","0","38123","38123"
"2020-03-10","port290","Dhamra Port","India","IND","0","1","0","0","0","1","1","0","0","0","0","0","0","0","0","3514","0","0","0","3514","3514"
"2020-03-11","port290","Dhamra Port","India","IND","0","1","0","0","0","1","1","0","6049","0","0","0","6049","6049","0","0","0","0","0","0","0"
"2020-03-12","port290","Dhamra Port","India","IND","0","0","0","0","0","0","0","0","0","0","0","0","0","0","0","0","0","0","0","0","0"
"2020-03-13","port290","Dhamra Port","India","IND","0","1","0","0","0","1","1","0","166468","0","0","0","166468","166468","0","0","0","0","0","0","0"
"2020-03-14","port290","Dhamra Port","India","IND","0","0","0","0","0","0","0","0","0","0","0","0","0","0","0","0","0","0","0","0","0"
"2020-03-15","port290","Dhamra Port","India","IND","0","1","0","0","0","1","1","0","54430","0","0","0","54430","54430","0","0","0","0","0","0","0"
"2020-03-16","port290","Dhamra Port","India","IND","0","3","0","0","0","3","3","0","259506","0","0","0","259506","259506","0","19061","0","0","0","19061","19061"
"2020-03-17","port290","Dhamra Port","India","IND","0","0","0","0","0","0","0","0","0","0","0","0","0","0","0","0","0","0","0","0","0"
"2020-03-18","port290","Dhamra Port","India","IND","0","2","0","0","0","2","2","0","41621","0","0","0","41621","41621","0","50828","0","0","0","50828","50828"
"2020-03-19","port290","Dhamra Port","India","IND","0","0","0","0","0","0","0","0","0","0","0","0","0","0","0","0","0","0","0","0","0"
"2020-03-20","port290","Dhamra Port","India","IND","0","1","0","0","0","1","1","0","41621","0","0","0","41621","41621","0","19061","0","0","0","19061","19061"
"2020-03-21","port290","Dhamra Port","India","IND","0","0","0","0","1","0","1","0","0","0","0","192176","0","192176","0","0","0","0","0","0","0"
"2020-03-22","port290","Dhamra Port","India","IND","0","1","0","0","0","1","1","0","0","0","0","0","0","0","0","21273","0","0","0","21273","21273"
"2020-03-23","port290","Dhamra Port","India","IND","0","1","0","0","0","1","1","0","0","0","0","0","0","0","0","49878","0","0","0","49878","49878"
"2020-03-24","port290","Dhamra Port","India","IND","0","1","0","0","0","1","1","0","0","0","0","0","0","0","0","53869","0","0","0","53869","53869"
"2020-03-25","port290","Dhamra Port","India","IND","0","0","0","0","0","0","0","0","0","0","0","0","0","0","0","0","0","0","0","0","0"
"2020-03-26","port290","Dhamra Port","India","IND","0","2","0","0","0","2","2","0","41621","0","0","0","41621","41621","0","19061","0","0","0","19061","19061"
"2020-03-27","port290","Dhamra Port","India","IND","0","2","0","0","0","2","2","0","78349","0","0","0","78349","78349","0","43992","0","0","0","43992","43992"
"2020-03-28","port290","Dhamra Port","India","IND","0","0","0","0","0","0","0","0","0","0","0","0","0","0","0","0","0","0","0","0","0"
"2020-03-29","port290","Dhamra Port","India","IND","0","0","0","0","0","0","0","0","0","0","0","0","0","0","0","0","0","0","0","0","0"
"2020-03-30","port290","Dhamra Port","India","IND","0","1","0","0","0","1","1","0","0","0","0","0","0","0","0","37424","0","0","0","37424","37424"
"2020-03-31","port290","Dhamra Port","India","IND","0","3","0","0","0","3","3","0","198159","0","0","0","198159","198159","0","19061","0","0","0","19061","19061"
"2020-04-01","port290","Dhamra Port","India","IND","0","0","0","0","0","0","0","0","0","0","0","0","0","0","0","0","0","0","0","0","0"
"2020-04-02","port290","Dhamra Port","India","IND","0","1","0","0","0","1","1","0","0","0","0","0","0","0","0","53842","0","0","0","53842","53842"
"2020-04-03","port290","Dhamra Port","India","IND","0","0","0","0","0","0","0","0","0","0","0","0","0","0","0","0","0","0","0","0","0"
"2020-04-04","port290","Dhamra Port","India","IND","0","2","0","0","0","2","2","0","0","0","0","0","0","0","0","50427","0","0","0","50427","50427"
"2020-04-05","port290","Dhamra Port","India","IND","0","2","0","0","0","2","2","0","153139","0","0","0","153139","153139","0","0","0","0","0","0","0"
"2020-04-06","port290","Dhamra Port","India","IND","0","3","0","0","0","3","3","0","120456","0","0","0","120456","120456","0","72286","0","0","0","72286","72286"
"2020-04-07","port290","Dhamra Port","India","IND","0","0","0","0","0","0","0","0","0","0","0","0","0","0","0","0","0","0","0","0","0"
"2020-04-08","port290","Dhamra Port","India","IND","0","0","0","0","0","0","0","0","0","0","0","0","0","0","0","0","0","0","0","0","0"
"2020-04-09","port290","Dhamra Port","India","IND","0","2","0","0","0","2","2","0","156675","0","0","0","156675","156675","0","0","0","0","0","0","0"
"2020-04-10","port290","Dhamra Port","India","IND","0","0","0","0","0","0","0","0","0","0","0","0","0","0","0","0","0","0","0","0","0"
"2020-04-11","port290","Dhamra Port","India","IND","0","1","0","0","0","1","1","0","78922","0","0","0","78922","78922","0","0","0","0","0","0","0"
"2020-04-12","port290","Dhamra Port","India","IND","0","1","0","0","0","1","1","0","54475","0","0","0","54475","54475","0","0","0","0","0","0","0"
"2020-04-13","port290","Dhamra Port","India","IND","0","1","0","0","0","1","1","0","78898","0","0","0","78898","78898","0","0","0","0","0","0","0"
"2020-04-14","port290","Dhamra Port","India","IND","0","1","0","0","0","1","1","0","41621","0","0","0","41621","41621","0","19061","0","0","0","19061","19061"
"2020-04-15","port290","Dhamra Port","India","IND","0","0","0","0","0","0","0","0","0","0","0","0","0","0","0","0","0","0","0","0","0"
"2020-04-16","port290","Dhamra Port","India","IND","0","2","0","0","0","2","2","0","78806","0","0","0","78806","78806","0","51691","0","0","0","51691","51691"
"2020-04-17","port290","Dhamra Port","India","IND","0","2","0","0","0","2","2","0","119120","0","0","0","119120","119120","0","19061","0","0","0","19061","19061"
"2020-04-18","port290","Dhamra Port","India","IND","0","2","0","0","0","2","2","0","83243","0","0","0","83243","83243","0","38123","0","0","0","38123","38123"
"2020-04-19","port290","Dhamra Port","India","IND","0","1","0","0","0","1","1","0","0","0","0","0","0","0","0","0","0","0","0","0","0"
"2020-04-20","port290","Dhamra Port","India","IND","0","0","0","0","0","0","0","0","0","0","0","0","0","0","0","0","0","0","0","0","0"
"2020-04-21","port290","Dhamra Port","India","IND","0","1","0","0","0","1","1","0","161505","0","0","0","161505","161505","0","0","0","0","0","0","0"
"2020-04-22","port290","Dhamra Port","India","IND","0","2","0","0","0","2","2","0","83243","0","0","0","83243","83243","0","38123","0","0","0","38123","38123"
"2020-04-23","port290","Dhamra Port","India","IND","0","1","0","0","0","1","1","0","41621","0","0","0","41621","41621","0","19061","0","0","0","19061","19061"
"2020-04-24","port290","Dhamra Port","India","IND","0","0","0","0","0","0","0","0","0","0","0","0","0","0","0","0","0","0","0","0","0"
"2020-04-25","port290","Dhamra Port","India","IND","0","2","0","0","0","2","2","0","58380","0","0","0","58380","58380","0","23786","0","0","0","23786","23786"
"2020-04-26","port290","Dhamra Port","India","IND","0","1","0","0","0","1","1","0","41621","0","0","0","41621","41621","0","19061","0","0","0","19061","19061"
"2020-04-27","port290","Dhamra Port","India","IND","0","3","0","0","0","3","3","0","41621","0","0","0","41621","41621","0","92170","0","0","0","92170","92170"
"2020-04-28","port290","Dhamra Port","India","IND","0","1","0","0","0","1","1","0","41621","0","0","0","41621","41621","0","19061","0","0","0","19061","19061"
"2020-04-29","port290","Dhamra Port","India","IND","0","0","0","0","0","0","0","0","0","0","0","0","0","0","0","0","0","0","0","0","0"
"2020-04-30","port290","Dhamra Port","India","IND","0","2","0","0","0","2","2","0","41621","0","0","0","41621","41621","0","67501","0","0","0","67501","67501"
"2020-05-01","port290","Dhamra Port","India","IND","0","0","0","0","0","0","0","0","0","0","0","0","0","0","0","0","0","0","0","0","0"
"2020-05-02","port290","Dhamra Port","India","IND","0","1","0","0","0","1","1","0","41621","0","0","0","41621","41621","0","19061","0","0","0","19061","19061"
"2020-05-03","port290","Dhamra Port","India","IND","0","1","0","0","0","1","1","0","79449","0","0","0","79449","79449","0","0","0","0","0","0","0"
"2020-05-04","port290","Dhamra Port","India","IND","0","1","0","0","0","1","1","0","0","0","0","0","0","0","0","20637","0","0","0","20637","20637"
"2020-05-05","port290","Dhamra Port","India","IND","0","0","0","0","0","0","0","0","0","0","0","0","0","0","0","0","0","0","0","0","0"
"2020-05-06","port290","Dhamra Port","India","IND","0","1","0","0","0","1","1","0","78100","0","0","0","78100","78100","0","0","0","0","0","0","0"
"2020-05-07","port290","Dhamra Port","India","IND","0","1","0","0","0","1","1","0","0","0","0","0","0","0","0","53123","0","0","0","53123","53123"
"2020-05-08","port290","Dhamra Port","India","IND","0","3","0","0","0","3","3","0","41621","0","0","0","41621","41621","0","61351","0","0","0","61351","61351"
"2020-05-09","port290","Dhamra Port","India","IND","0","1","0","0","0","1","1","0","835","0","0","0","835","835","0","0","0","0","0","0","0"
"2020-05-10","port290","Dhamra Port","India","IND","0","1","0","0","0","1","1","0","103540","0","0","0","103540","103540","0","0","0","0","0","0","0"
"2020-05-11","port290","Dhamra Port","India","IND","0","2","0","0","0","2","2","0","0","0","0","0","0","0","0","77341","0","0","0","77341","77341"
"2020-05-12","port290","Dhamra Port","India","IND","0","2","0","0","0","2","2","0","105315","0","0","0","105315","105315","0","0","0","0","0","0","0"
"2020-05-13","port290","Dhamra Port","India","IND","0","0","0","0","0","0","0","0","0","0","0","0","0","0","0","0","0","0","0","0","0"
"2020-05-14","port290","Dhamra Port","India","IND","0","0","0","0","0","0","0","0","0","0","0","0","0","0","0","0","0","0","0","0","0"
"2020-05-15","port290","Dhamra Port","India","IND","0","1","0","0","0","1","1","0","0","0","0","0","0","0","0","30437","0","0","0","30437","30437"
"2020-05-16","port290","Dhamra Port","India","IND","0","2","0","0","0","2","2","0","0","0","0","0","0","0","0","51216","0","0","0","51216","51216"
"2020-05-17","port290","Dhamra Port","India","IND","0","1","0","0","0","1","1","0","41621","0","0","0","41621","41621","0","19061","0","0","0","19061","19061"
"2020-05-18","port290","Dhamra Port","India","IND","0","0","0","0","0","0","0","0","0","0","0","0","0","0","0","0","0","0","0","0","0"
"2020-05-19","port290","Dhamra Port","India","IND","0","0","0","0","0","0","0","0","0","0","0","0","0","0","0","0","0","0","0","0","0"
"2020-05-20","port290","Dhamra Port","India","IND","0","0","0","0","0","0","0","0","0","0","0","0","0","0","0","0","0","0","0","0","0"
"2020-05-21","port290","Dhamra Port","India","IND","0","2","0","0","0","2","2","0","78986","0","0","0","78986","78986","0","54406","0","0","0","54406","54406"
"2020-05-22","port290","Dhamra Port","India","IND","0","1","0","0","0","1","1","0","22654","0","0","0","22654","22654","0","0","0","0","0","0","0"
"2020-05-23","port290","Dhamra Port","India","IND","0","1","0","0","0","1","1","0","53398","0","0","0","53398","53398","0","0","0","0","0","0","0"
"2020-05-24","port290","Dhamra Port","India","IND","0","2","0","0","0","2","2","0","0","0","0","0","0","0","0","89601","0","0","0","89601","89601"
"2020-05-25","port290","Dhamra Port","India","IND","0","1","0","0","0","1","1","0","77215","0","0","0","77215","77215","0","0","0","0","0","0","0"
"2020-05-26","port290","Dhamra Port","India","IND","0","1","0","0","0","1","1","0","0","0","0","0","0","0","0","0","0","0","0","0","0"
"2020-05-27","port290","Dhamra Port","India","IND","0","1","0","0","0","1","1","0","79851","0","0","0","79851","79851","0","0","0","0","0","0","0"
"2020-05-28","port290","Dhamra Port","India","IND","0","1","0","0","0","1","1","0","0","0","0","0","0","0","0","76853","0","0","0","76853","76853"
"2020-05-29","port290","Dhamra Port","India","IND","0","1","0","0","0","1","1","0","61718","0","0","0","61718","61718","0","0","0","0","0","0","0"
"2020-05-30","port290","Dhamra Port","India","IND","0","2","0","0","0","2","2","0","41524","0","0","0","41524","41524","0","12352","0","0","0","12352","12352"
"2020-05-31","port290","Dhamra Port","India","IND","0","0","0","0","0","0","0","0","0","0","0","0","0","0","0","0","0","0","0","0","0"
"2020-06-01","port290","Dhamra Port","India","IND","0","0","0","0","0","0","0","0","0","0","0","0","0","0","0","0","0","0","0","0","0"
"2020-06-02","port290","Dhamra Port","India","IND","0","1","0","0","0","1","1","0","0","0","0","0","0","0","0","36609","0","0","0","36609","36609"
"2020-06-03","port290","Dhamra Port","India","IND","0","1","0","0","0","1","1","0","1149","0","0","0","1149","1149","0","0","0","0","0","0","0"
"2020-06-04","port290","Dhamra Port","India","IND","0","1","0","0","0","1","1","0","41621","0","0","0","41621","41621","0","19061","0","0","0","19061","19061"
"2020-06-05","port290","Dhamra Port","India","IND","0","0","0","0","0","0","0","0","0","0","0","0","0","0","0","0","0","0","0","0","0"
"2020-06-06","port290","Dhamra Port","India","IND","0","2","0","0","0","2","2","0","41621","0","0","0","41621","41621","0","67320","0","0","0","67320","67320"
"2020-06-07","port290","Dhamra Port","India","IND","0","1","0","0","0","1","1","0","0","0","0","0","0","0","0","37108","0","0","0","37108","37108"
"2020-06-08","port290","Dhamra Port","India","IND","0","1","0","0","0","1","1","0","0","0","0","0","0","0","0","0","0","0","0","0","0"
"2020-06-09","port290","Dhamra Port","India","IND","0","1","0","0","0","1","1","0","41621","0","0","0","41621","41621","0","19061","0","0","0","19061","19061"
"2020-06-10","port290","Dhamra Port","India","IND","0","2","0","0","0","2","2","0","41621","0","0","0","41621","41621","0","71550","0","0","0","71550","71550"
"2020-06-11","port290","Dhamra Port","India","IND","0","3","0","0","0","3","3","0","91745","0","0","0","91745","91745","0","19061","0","0","0","19061","19061"
"2020-06-12","port290","Dhamra Port","India","IND","0","0","0","0","0","0","0","0","0","0","0","0","0","0","0","0","0","0","0","0","0"
"2020-06-13","port290","Dhamra Port","India","IND","0","1","0","0","0","1","1","0","0","0","0","0","0","0","0","49768","0","0","0","49768","49768"
"2020-06-14","port290","Dhamra Port","India","IND","0","2","0","0","0","2","2","0","165650","0","0","0","165650","165650","0","30647","0","0","0","30647","30647"
"2020-06-15","port290","Dhamra Port","India","IND","0","1","0","0","0","1","1","0","79928","0","0","0","79928","79928","0","0","0","0","0","0","0"
"2020-06-16","port290","Dhamra Port","India","IND","0","1","0","0","0","1","1","0","0","0","0","0","0","0","0","0","0","0","0","0","0"
"2020-06-17","port290","Dhamra Port","India","IND","0","2","0","0","0","2","2","0","41621","0","0","0","41621","41621","0","48773","0","0","0","48773","48773"
"2020-06-18","port290","Dhamra Port","India","IND","0","1","0","0","0","1","1","0","0","0","0","0","0","0","0","30594","0","0","0","30594","30594"
"2020-06-19","port290","Dhamra Port","India","IND","0","0","0","0","0","0","0","0","0","0","0","0","0","0","0","0","0","0","0","0","0"
"2020-06-20","port290","Dhamra Port","India","IND","0","0","0","0","0","0","0","0","0","0","0","0","0","0","0","0","0","0","0","0","0"
"2020-06-21","port290","Dhamra Port","India","IND","0","3","0","0","0","3","3","0","118609","0","0","0","118609","118609","0","19061","0","0","0","19061","19061"
"2020-06-22","port290","Dhamra Port","India","IND","0","1","0","0","0","1","1","0","73662","0","0","0","73662","73662","0","0","0","0","0","0","0"
"2020-06-23","port290","Dhamra Port","India","IND","0","1","0","0","0","1","1","0","0","0","0","0","0","0","0","52371","0","0","0","52371","52371"
"2020-06-24","port290","Dhamra Port","India","IND","0","1","0","0","0","1","1","0","0","0","0","0","0","0","0","78462","0","0","0","78462","78462"
"2020-06-25","port290","Dhamra Port","India","IND","0","3","0","0","1","3","4","0","41621","0","0","0","41621","41621","0","67335","0","0","0","67335","67335"
"2020-06-26","port290","Dhamra Port","India","IND","0","1","0","0","0","1","1","0","0","0","0","0","0","0","0","20973","0","0","0","20973","20973"
"2020-06-27","port290","Dhamra Port","India","IND","0","1","0","0","0","1","1","0","0","0","0","0","0","0","0","49082","0","0","0","49082","49082"
"2020-06-28","port290","Dhamra Port","India","IND","0","2","0","0","0","2","2","0","90210","0","0","0","90210","90210","0","19061","0","0","0","19061","19061"
"2020-06-29","port290","Dhamra Port","India","IND","0","2","0","0","0","2","2","0","166237","0","0","0","166237","166237","0","44010","0","0","0","44010","44010"
"2020-06-30","port290","Dhamra Port","India","IND","0","0","0","0","0","0","0","0","0","0","0","0","0","0","0","0","0","0","0","0","0"
"2020-07-01","port290","Dhamra Port","India","IND","0","0","0","0","0","0","0","0","0","0","0","0","0","0","0","0","0","0","0","0","0"
"2020-07-02","port290","Dhamra Port","India","IND","0","2","0","0","0","2","2","0","78860","0","0","0","78860","78860","0","48704","0","0","0","48704","48704"
"2020-07-03","port290","Dhamra Port","India","IND","0","1","0","0","0","1","1","0","103569","0","0","0","103569","103569","0","0","0","0","0","0","0"
"2020-07-04","port290","Dhamra Port","India","IND","0","2","0","0","0","2","2","0","10925","0","0","0","10925","10925","0","48927","0","0","0","48927","48927"
"2020-07-05","port290","Dhamra Port","India","IND","0","0","0","0","0","0","0","0","0","0","0","0","0","0","0","0","0","0","0","0","0"
"2020-07-06","port290","Dhamra Port","India","IND","0","0","0","0","0","0","0","0","0","0","0","0","0","0","0","0","0","0","0","0","0"
"2020-07-07","port290","Dhamra Port","India","IND","0","1","0","0","0","1","1","0","0","0","0","0","0","0","0","58626","0","0","0","58626","58626"
"2020-07-08","port290","Dhamra Port","India","IND","0","2","0","0","0","2","2","0","162771","0","0","0","162771","162771","0","0","0","0","0","0","0"
"2020-07-09","port290","Dhamra Port","India","IND","0","1","0","0","0","1","1","0","0","0","0","0","0","0","0","53490","0","0","0","53490","53490"
"2020-07-10","port290","Dhamra Port","India","IND","0","1","0","0","0","1","1","0","41621","0","0","0","41621","41621","0","19061","0","0","0","19061","19061"
"2020-07-11","port290","Dhamra Port","India","IND","0","0","0","0","0","0","0","0","0","0","0","0","0","0","0","0","0","0","0","0","0"
"2020-07-12","port290","Dhamra Port","India","IND","0","1","0","0","0","1","1","0","41621","0","0","0","41621","41621","0","19061","0","0","0","19061","19061"
"2020-07-13","port290","Dhamra Port","India","IND","0","1","0","0","0","1","1","0","0","0","0","0","0","0","0","30252","0","0","0","30252","30252"
"2020-07-14","port290","Dhamra Port","India","IND","0","1","0","0","0","1","1","0","3272","0","0","0","3272","3272","0","0","0","0","0","0","0"
"2020-07-15","port290","Dhamra Port","India","IND","0","1","0","0","0","1","1","0","0","0","0","0","0","0","0","544","0","0","0","544","544"
"2020-07-16","port290","Dhamra Port","India","IND","0","0","0","0","0","0","0","0","0","0","0","0","0","0","0","0","0","0","0","0","0"
"2020-07-17","port290","Dhamra Port","India","IND","0","1","0","0","0","1","1","0","0","0","0","0","0","0","0","49065","0","0","0","49065","49065"
"2020-07-18","port290","Dhamra Port","India","IND","0","2","0","0","0","2","2","0","83243","0","0","0","83243","83243","0","38123","0","0","0","38123","38123"
"2020-07-19","port290","Dhamra Port","India","IND","0","1","0","0","0","1","1","0","41621","0","0","0","41621","41621","0","19061","0","0","0","19061","19061"
"2020-07-20","port290","Dhamra Port","India","IND","0","0","0","0","0","0","0","0","0","0","0","0","0","0","0","0","0","0","0","0","0"
"2020-07-21","port290","Dhamra Port","India","IND","0","2","0","0","0","2","2","0","0","0","0","0","0","0","0","105658","0","0","0","105658","105658"
"2020-07-22","port290","Dhamra Port","India","IND","0","0","1","0","0","1","1","0","0","2305","0","0","2305","2305","0","0","4134","0","0","4134","4134"
"2020-07-23","port290","Dhamra Port","India","IND","0","0","0","0","0","0","0","0","0","0","0","0","0","0","0","0","0","0","0","0","0"
"2020-07-24","port290","Dhamra Port","India","IND","0","2","0","0","0","2","2","0","41621","0","0","0","41621","41621","0","49499","0","0","0","49499","49499"
"2020-07-25","port290","Dhamra Port","India","IND","0","1","0","0","0","1","1","0","66224","0","0","0","66224","66224","0","0","0","0","0","0","0"
"2020-07-26","port290","Dhamra Port","India","IND","0","0","1","0","0","1","1","0","0","2305","0","0","2305","2305","0","0","4134","0","0","4134","4134"
"2020-07-27","port290","Dhamra Port","India","IND","0","2","0","0","0","2","2","0","41621","0","0","0","41621","41621","0","97112","0","0","0","97112","97112"
"2020-07-28","port290","Dhamra Port","India","IND","0","1","0","0","0","1","1","0","164166","0","0","0","164166","164166","0","0","0","0","0","0","0"
"2020-07-29","port290","Dhamra Port","India","IND","0","2","0","0","0","2","2","0","0","0","0","0","0","0","0","55842","0","0","0","55842","55842"
"2020-07-30","port290","Dhamra Port","India","IND","0","0","0","0","0","0","0","0","0","0","0","0","0","0","0","0","0","0","0","0","0"
"2020-07-31","port290","Dhamra Port","India","IND","0","1","0","0","0","1","1","0","0","0","0","0","0","0","0","50738","0","0","0","50738","50738"
"2020-08-01","port290","Dhamra Port","India","IND","0","2","0","0","0","2","2","0","42372","0","0","0","42372","42372","0","1013","0","0","0","1013","1013"
"2020-08-02","port290","Dhamra Port","India","IND","0","3","0","0","0","3","3","0","76613","0","0","0","76613","76613","0","84223","0","0","0","84223","84223"
"2020-08-03","port290","Dhamra Port","India","IND","0","2","0","0","0","2","2","0","71353","0","0","0","71353","71353","0","55080","0","0","0","55080","55080"
"2020-08-04","port290","Dhamra Port","India","IND","0","0","0","0","0","0","0","0","0","0","0","0","0","0","0","0","0","0","0","0","0"
"2020-08-05","port290","Dhamra Port","India","IND","0","0","0","0","0","0","0","0","0","0","0","0","0","0","0","0","0","0","0","0","0"
"2020-08-06","port290","Dhamra Port","India","IND","0","1","0","0","0","1","1","0","85585","0","0","0","85585","85585","0","0","0","0","0","0","0"
"2020-08-07","port290","Dhamra Port","India","IND","0","1","0","0","0","1","1","0","41621","0","0","0","41621","41621","0","19061","0","0","0","19061","19061"
"2020-08-08","port290","Dhamra Port","India","IND","0","0","0","0","0","0","0","0","0","0","0","0","0","0","0","0","0","0","0","0","0"
"2020-08-09","port290","Dhamra Port","India","IND","0","3","0","0","0","3","3","0","111459","0","0","0","111459","111459","0","84958","0","0","0","84958","84958"
"2020-08-10","port290","Dhamra Port","India","IND","0","0","0","0","0","0","0","0","0","0","0","0","0","0","0","0","0","0","0","0","0"
"2020-08-11","port290","Dhamra Port","India","IND","0","0","0","0","0","0","0","0","0","0","0","0","0","0","0","0","0","0","0","0","0"
"2020-08-12","port290","Dhamra Port","India","IND","0","4","0","0","0","4","4","0","103795","0","0","0","103795","103795","0","68884","0","0","0","68884","68884"
"2020-08-13","port290","Dhamra Port","India","IND","0","2","0","0","0","2","2","0","101642","0","0","0","101642","101642","0","19061","0","0","0","19061","19061"
"2020-08-14","port290","Dhamra Port","India","IND","0","0","0","0","0","0","0","0","0","0","0","0","0","0","0","0","0","0","0","0","0"
"2020-08-15","port290","Dhamra Port","India","IND","0","1","0","0","0","1","1","0","42839","0","0","0","42839","42839","0","0","0","0","0","0","0"
"2020-08-16","port290","Dhamra Port","India","IND","0","1","0","0","0","1","1","0","46475","0","0","0","46475","46475","0","0","0","0","0","0","0"
"2020-08-17","port290","Dhamra Port","India","IND","0","1","0","0","0","1","1","0","0","0","0","0","0","0","0","0","0","0","0","0","0"
"2020-08-18","port290","Dhamra Port","India","IND","0","3","0","0","0","3","3","0","78467","0","0","0","78467","78467","0","94752","0","0","0","94752","94752"
"2020-08-19","port290","Dhamra Port","India","IND","0","0","0","0","0","0","0","0","0","0","0","0","0","0","0","0","0","0","0","0","0"
"2020-08-20","port290","Dhamra Port","India","IND","0","1","0","0","0","1","1","0","41621","0","0","0","41621","41621","0","19061","0","0","0","19061","19061"
"2020-08-21","port290","Dhamra Port","India","IND","0","1","0","0","0","1","1","0","162340","0","0","0","162340","162340","0","0","0","0","0","0","0"
"2020-08-22","port290","Dhamra Port","India","IND","0","1","0","0","0","1","1","0","0","0","0","0","0","0","0","53407","0","0","0","53407","53407"
"2020-08-23","port290","Dhamra Port","India","IND","0","0","0","0","0","0","0","0","0","0","0","0","0","0","0","0","0","0","0","0","0"
"2020-08-24","port290","Dhamra Port","India","IND","0","2","0","0","0","2","2","0","96628","0","0","0","96628","96628","0","19061","0","0","0","19061","19061"
"2020-08-25","port290","Dhamra Port","India","IND","0","0","0","0","0","0","0","0","0","0","0","0","0","0","0","0","0","0","0","0","0"
"2020-08-26","port290","Dhamra Port","India","IND","0","0","0","0","0","0","0","0","0","0","0","0","0","0","0","0","0","0","0","0","0"
"2020-08-27","port290","Dhamra Port","India","IND","0","2","0","0","0","2","2","0","204552","0","0","0","204552","204552","0","19061","0","0","0","19061","19061"
"2020-08-28","port290","Dhamra Port","India","IND","0","0","0","0","0","0","0","0","0","0","0","0","0","0","0","0","0","0","0","0","0"
"2020-08-29","port290","Dhamra Port","India","IND","0","1","0","0","0","1","1","0","41621","0","0","0","41621","41621","0","19061","0","0","0","19061","19061"
"2020-08-30","port290","Dhamra Port","India","IND","0","1","0","0","0","1","1","0","41621","0","0","0","41621","41621","0","19061","0","0","0","19061","19061"
"2020-08-31","port290","Dhamra Port","India","IND","0","0","0","0","0","0","0","0","0","0","0","0","0","0","0","0","0","0","0","0","0"
"2020-09-01","port290","Dhamra Port","India","IND","0","2","0","0","0","2","2","0","151439","0","0","0","151439","151439","0","0","0","0","0","0","0"
"2020-09-02","port290","Dhamra Port","India","IND","0","1","0","0","0","1","1","0","696","0","0","0","696","696","0","0","0","0","0","0","0"
"2020-09-03","port290","Dhamra Port","India","IND","0","1","0","0","0","1","1","0","0","0","0","0","0","0","0","26584","0","0","0","26584","26584"
"2020-09-04","port290","Dhamra Port","India","IND","0","1","0","0","0","1","1","0","0","0","0","0","0","0","0","50213","0","0","0","50213","50213"
"2020-09-05","port290","Dhamra Port","India","IND","0","0","0","0","0","0","0","0","0","0","0","0","0","0","0","0","0","0","0","0","0"
"2020-09-06","port290","Dhamra Port","India","IND","0","3","0","0","0","3","3","0","124865","0","0","0","124865","124865","0","57185","0","0","0","57185","57185"
"2020-09-07","port290","Dhamra Port","India","IND","0","0","0","0","0","0","0","0","0","0","0","0","0","0","0","0","0","0","0","0","0"
"2020-09-08","port290","Dhamra Port","India","IND","0","2","0","0","0","2","2","0","41621","0","0","0","41621","41621","0","69629","0","0","0","69629","69629"
"2020-09-09","port290","Dhamra Port","India","IND","0","2","0","0","0","2","2","0","42978","0","0","0","42978","42978","0","19061","0","0","0","19061","19061"
"2020-09-10","port290","Dhamra Port","India","IND","0","2","0","0","0","2","2","0","41621","0","0","0","41621","41621","0","91928","0","0","0","91928","91928"
"2020-09-11","port290","Dhamra Port","India","IND","0","0","0","0","0","0","0","0","0","0","0","0","0","0","0","0","0","0","0","0","0"
"2020-09-12","port290","Dhamra Port","India","IND","0","1","0","0","0","1","1","0","0","0","0","0","0","0","0","19012","0","0","0","19012","19012"
"2020-09-13","port290","Dhamra Port","India","IND","0","1","0","0","0","1","1","0","158272","0","0","0","158272","158272","0","0","0","0","0","0","0"
"2020-09-14","port290","Dhamra Port","India","IND","0","3","0","0","0","3","3","0","136690","0","0","0","136690","136690","0","38123","0","0","0","38123","38123"
"2020-09-15","port290","Dhamra Port","India","IND","0","0","0","0","0","0","0","0","0","0","0","0","0","0","0","0","0","0","0","0","0"
"2020-09-16","port290","Dhamra Port","India","IND","0","2","0","0","0","2","2","0","185373","0","0","0","185373","185373","0","0","0","0","0","0","0"
"2020-09-17","port290","Dhamra Port","India","IND","0","1","0","0","0","1","1","0","73173","0","0","0","73173","73173","0","0","0","0","0","0","0"
"2020-09-18","port290","Dhamra Port","India","IND","0","1","0","0","0","1","1","0","41621","0","0","0","41621","41621","0","19061","0","0","0","19061","19061"
"2020-09-19","port290","Dhamra Port","India","IND","0","0","0","0","0","0","0","0","0","0","0","0","0","0","0","0","0","0","0","0","0"
"2020-09-20","port290","Dhamra Port","India","IND","0","1","0","0","0","1","1","0","27426","0","0","0","27426","27426","0","0","0","0","0","0","0"
"2020-09-21","port290","Dhamra Port","India","IND","0","2","0","0","0","2","2","0","41621","0","0","0","41621","41621","0","54260","0","0","0","54260","54260"
"2020-09-22","port290","Dhamra Port","India","IND","0","2","0","0","0","2","2","0","241225","0","0","0","241225","241225","0","0","0","0","0","0","0"
"2020-10-07","port290","Dhamra Port","India","IND","0","3","0","0","0","3","3","0","149640","0","0","0","149640","149640","0","0","0","0","0","0","0"
"2020-10-08","port290","Dhamra Port","India","IND","0","1","0","0","0","1","1","0","26510","0","0","0","26510","26510","0","0","0","0","0","0","0"
"2020-10-09","port290","Dhamra Port","India","IND","0","2","0","0","0","2","2","0","159322","0","0","0","159322","159322","0","45886","0","0","0","45886","45886"
"2020-10-10","port290","Dhamra Port","India","IND","0","3","0","0","0","3","3","0","103019","0","0","0","103019","103019","0","65335","0","0","0","65335","65335"
"2020-10-11","port290","Dhamra Port","India","IND","0","0","0","0","0","0","0","0","0","0","0","0","0","0","0","0","0","0","0","0","0"
"2020-10-12","port290","Dhamra Port","India","IND","0","1","0","0","0","1","1","0","41621","0","0","0","41621","41621","0","19061","0","0","0","19061","19061"
"2020-10-13","port290","Dhamra Port","India","IND","0","1","0","0","0","1","1","0","41621","0","0","0","41621","41621","0","19061","0","0","0","19061","19061"
"2020-10-14","port290","Dhamra Port","India","IND","0","2","0","0","0","2","2","0","52724","0","0","0","52724","52724","0","74334","0","0","0","74334","74334"
"2020-10-15","port290","Dhamra Port","India","IND","0","1","0","0","0","1","1","0","41621","0","0","0","41621","41621","0","19061","0","0","0","19061","19061"
"2020-10-16","port290","Dhamra Port","India","IND","0","1","0","0","0","1","1","0","41621","0","0","0","41621","41621","0","19061","0","0","0","19061","19061"
"2020-10-17","port290","Dhamra Port","India","IND","0","1","0","0","0","1","1","0","0","0","0","0","0","0","0","39290","0","0","0","39290","39290"
"2020-10-18","port290","Dhamra Port","India","IND","0","1","0","0","0","1","1","0","0","0","0","0","0","0","0","54591","0","0","0","54591","54591"
"2020-10-19","port290","Dhamra Port","India","IND","0","0","0","0","0","0","0","0","0","0","0","0","0","0","0","0","0","0","0","0","0"
"2020-10-20","port290","Dhamra Port","India","IND","0","0","0","0","0","0","0","0","0","0","0","0","0","0","0","0","0","0","0","0","0"
"2020-10-21","port290","Dhamra Port","India","IND","0","1","0","0","0","1","1","0","161414","0","0","0","161414","161414","0","0","0","0","0","0","0"
"2020-10-22","port290","Dhamra Port","India","IND","0","1","0","0","0","1","1","0","6050","0","0","0","6050","6050","0","0","0","0","0","0","0"
"2020-10-23","port290","Dhamra Port","India","IND","0","0","0","0","0","0","0","0","0","0","0","0","0","0","0","0","0","0","0","0","0"
"2020-10-24","port290","Dhamra Port","India","IND","0","1","0","0","0","1","1","0","83520","0","0","0","83520","83520","0","0","0","0","0","0","0"
"2020-10-25","port290","Dhamra Port","India","IND","0","1","0","0","0","1","1","0","4097","0","0","0","4097","4097","0","0","0","0","0","0","0"
"2020-10-26","port290","Dhamra Port","India","IND","0","2","0","0","0","2","2","0","204438","0","0","0","204438","204438","0","19061","0","0","0","19061","19061"
"2020-10-27","port290","Dhamra Port","India","IND","0","2","0","0","0","2","2","0","41621","0","0","0","41621","41621","0","64879","0","0","0","64879","64879"
"2020-10-28","port290","Dhamra Port","India","IND","0","0","0","0","0","0","0","0","0","0","0","0","0","0","0","0","0","0","0","0","0"
"2020-10-29","port290","Dhamra Port","India","IND","0","1","0","0","0","1","1","0","0","0","0","0","0","0","0","0","0","0","0","0","0"
"2020-10-30","port290","Dhamra Port","India","IND","0","1","0","0","0","1","1","0","162416","0","0","0","162416","162416","0","0","0","0","0","0","0"
"2020-10-31","port290","Dhamra Port","India","IND","0","1","0","0","0","1","1","0","73275","0","0","0","73275","73275","0","0","0","0","0","0","0"
"2020-11-01","port290","Dhamra Port","India","IND","0","1","0","0","0","1","1","0","58","0","0","0","58","58","0","0","0","0","0","0","0"
"2020-11-02","port290","Dhamra Port","India","IND","0","1","0","0","0","1","1","0","41621","0","0","0","41621","41621","0","19061","0","0","0","19061","19061"
"2020-11-03","port290","Dhamra Port","India","IND","0","0","0","0","0","0","0","0","0","0","0","0","0","0","0","0","0","0","0","0","0"
"2020-11-04","port290","Dhamra Port","India","IND","0","0","0","0","0","0","0","0","0","0","0","0","0","0","0","0","0","0","0","0","0"
"2020-11-05","port290","Dhamra Port","India","IND","0","2","0","0","0","2","2","0","78277","0","0","0","78277","78277","0","70197","0","0","0","70197","70197"
"2020-11-06","port290","Dhamra Port","India","IND","0","1","0","0","0","1","1","0","39416","0","0","0","39416","39416","0","0","0","0","0","0","0"
"2020-11-07","port290","Dhamra Port","India","IND","0","1","0","0","0","1","1","0","162327","0","0","0","162327","162327","0","0","0","0","0","0","0"
"2020-11-08","port290","Dhamra Port","India","IND","0","2","0","0","0","2","2","0","128859","0","0","0","128859","128859","0","0","0","0","0","0","0"
"2020-11-09","port290","Dhamra Port","India","IND","0","1","0","0","0","1","1","0","0","0","0","0","0","0","0","49524","0","0","0","49524","49524"
"2020-11-10","port290","Dhamra Port","India","IND","0","2","0","0","0","2","2","0","117196","0","0","0","117196","117196","0","19061","0","0","0","19061","19061"
"2020-11-11","port290","Dhamra Port","India","IND","0","2","0","0","0","2","2","0","1201","0","0","0","1201","1201","0","28617","0","0","0","28617","28617"
"2020-11-12","port290","Dhamra Port","India","IND","0","0","0","0","0","0","0","0","0","0","0","0","0","0","0","0","0","0","0","0","0"
"2020-11-13","port290","Dhamra Port","India","IND","0","2","0","0","0","2","2","0","119403","0","0","0","119403","119403","0","19061","0","0","0","19061","19061"
"2020-11-14","port290","Dhamra Port","India","IND","0","1","0","0","0","1","1","0","41621","0","0","0","41621","41621","0","19061","0","0","0","19061","19061"
"2020-11-15","port290","Dhamra Port","India","IND","0","0","0","0","0","0","0","0","0","0","0","0","0","0","0","0","0","0","0","0","0"
"2020-11-16","port290","Dhamra Port","India","IND","0","0","0","0","0","0","0","0","0","0","0","0","0","0","0","0","0","0","0","0","0"
"2020-11-17","port290","Dhamra Port","India","IND","0","1","0","0","0","1","1","0","8197","0","0","0","8197","8197","0","0","0","0","0","0","0"
"2020-11-18","port290","Dhamra Port","India","IND","0","2","0","0","0","2","2","0","41621","0","0","0","41621","41621","0","96678","0","0","0","96678","96678"
"2020-11-19","port290","Dhamra Port","India","IND","0","0","0","0","0","0","0","0","0","0","0","0","0","0","0","0","0","0","0","0","0"
"2020-11-20","port290","Dhamra Port","India","IND","0","0","0","0","0","0","0","0","0","0","0","0","0","0","0","0","0","0","0","0","0"
"2020-11-21","port290","Dhamra Port","India","IND","0","1","1","0","0","2","2","0","41621","0","0","0","41621","41621","0","19061","608","0","0","19670","19670"
"2020-11-22","port290","Dhamra Port","India","IND","0","1","0","0","0","1","1","0","0","0","0","0","0","0","0","0","0","0","0","0","0"
"2020-11-23","port290","Dhamra Port","India","IND","0","0","0","0","0","0","0","0","0","0","0","0","0","0","0","0","0","0","0","0","0"
"2020-11-24","port290","Dhamra Port","India","IND","0","1","0","0","0","1","1","0","78860","0","0","0","78860","78860","0","0","0","0","0","0","0"
"2020-11-25","port290","Dhamra Port","India","IND","0","1","0","0","0","1","1","0","0","0","0","0","0","0","0","72145","0","0","0","72145","72145"
"2020-11-26","port290","Dhamra Port","India","IND","0","0","0","0","0","0","0","0","0","0","0","0","0","0","0","0","0","0","0","0","0"
"2020-11-27","port290","Dhamra Port","India","IND","0","0","0","0","0","0","0","0","0","0","0","0","0","0","0","0","0","0","0","0","0"
"2020-11-28","port290","Dhamra Port","India","IND","0","1","0","0","0","1","1","0","25218","0","0","0","25218","25218","0","0","0","0","0","0","0"
"2020-11-29","port290","Dhamra Port","India","IND","0","0","0","0","0","0","0","0","0","0","0","0","0","0","0","0","0","0","0","0","0"
"2020-11-30","port290","Dhamra Port","India","IND","0","1","0","0","0","1","1","0","41254","0","0","0","41254","41254","0","0","0","0","0","0","0"
"2020-12-01","port290","Dhamra Port","India","IND","0","0","0","0","0","0","0","0","0","0","0","0","0","0","0","0","0","0","0","0","0"
"2020-12-02","port290","Dhamra Port","India","IND","0","1","0","0","0","1","1","0","78126","0","0","0","78126","78126","0","0","0","0","0","0","0"
"2020-12-03","port290","Dhamra Port","India","IND","0","2","0","0","0","2","2","0","206908","0","0","0","206908","206908","0","19061","0","0","0","19061","19061"
"2020-12-04","port290","Dhamra Port","India","IND","0","1","0","0","0","1","1","0","49112","0","0","0","49112","49112","0","0","0","0","0","0","0"
"2020-12-05","port290","Dhamra Port","India","IND","0","2","0","0","0","2","2","0","204445","0","0","0","204445","204445","0","0","0","0","0","0","0"
"2020-12-06","port290","Dhamra Port","India","IND","0","0","0","0","0","0","0","0","0","0","0","0","0","0","0","0","0","0","0","0","0"
"2020-12-07","port290","Dhamra Port","India","IND","0","1","0","0","0","1","1","0","0","0","0","0","0","0","0","48796","0","0","0","48796","48796"
"2020-12-08","port290","Dhamra Port","India","IND","0","1","0","0","0","1","1","0","72865","0","0","0","72865","72865","0","0","0","0","0","0","0"
"2020-12-09","port290","Dhamra Port","India","IND","0","2","0","0","0","2","2","0","158802","0","0","0","158802","158802","0","0","0","0","0","0","0"
"2020-12-10","port290","Dhamra Port","India","IND","0","0","0","0","0","0","0","0","0","0","0","0","0","0","0","0","0","0","0","0","0"
"2020-12-11","port290","Dhamra Port","India","IND","0","1","0","0","0","1","1","0","78915","0","0","0","78915","78915","0","0","0","0","0","0","0"
"2020-12-12","port290","Dhamra Port","India","IND","0","0","0","0","0","0","0","0","0","0","0","0","0","0","0","0","0","0","0","0","0"
"2020-12-13","port290","Dhamra Port","India","IND","0","4","0","0","0","4","4","0","290223","0","0","0","290223","290223","0","43093","0","0","0","43093","43093"
"2020-12-14","port290","Dhamra Port","India","IND","0","0","0","0","0","0","0","0","0","0","0","0","0","0","0","0","0","0","0","0","0"
"2020-12-15","port290","Dhamra Port","India","IND","0","1","0","0","0","1","1","0","78447","0","0","0","78447","78447","0","0","0","0","0","0","0"
"2020-12-16","port290","Dhamra Port","India","IND","0","0","0","0","0","0","0","0","0","0","0","0","0","0","0","0","0","0","0","0","0"
"2020-12-17","port290","Dhamra Port","India","IND","0","0","0","0","0","0","0","0","0","0","0","0","0","0","0","0","0","0","0","0","0"
"2020-12-18","port290","Dhamra Port","India","IND","0","1","0","0","0","1","1","0","0","0","0","0","0","0","0","58649","0","0","0","58649","58649"
"2020-12-19","port290","Dhamra Port","India","IND","0","1","0","0","0","1","1","0","41621","0","0","0","41621","41621","0","19061","0","0","0","19061","19061"
"2020-12-20","port290","Dhamra Port","India","IND","0","1","0","0","0","1","1","0","81583","0","0","0","81583","81583","0","0","0","0","0","0","0"
"2020-12-21","port290","Dhamra Port","India","IND","0","0","0","0","0","0","0","0","0","0","0","0","0","0","0","0","0","0","0","0","0"
"2020-12-22","port290","Dhamra Port","India","IND","0","1","0","0","0","1","1","0","163251","0","0","0","163251","163251","0","0","0","0","0","0","0"
"2020-12-23","port290","Dhamra Port","India","IND","0","1","0","0","0","1","1","0","0","0","0","0","0","0","0","55569","0","0","0","55569","55569"
"2020-12-24","port290","Dhamra Port","India","IND","0","1","0","0","0","1","1","0","41621","0","0","0","41621","41621","0","19061","0","0","0","19061","19061"
"2020-12-25","port290","Dhamra Port","India","IND","0","1","0","0","0","1","1","0","0","0","0","0","0","0","0","0","0","0","0","0","0"
"2020-12-26","port290","Dhamra Port","India","IND","0","1","0","0","0","1","1","0","0","0","0","0","0","0","0","37631","0","0","0","37631","37631"
"2020-12-27","port290","Dhamra Port","India","IND","0","1","0","0","0","1","1","0","162501","0","0","0","162501","162501","0","0","0","0","0","0","0"
"2020-12-28","port290","Dhamra Port","India","IND","0","1","0","0","0","1","1","0","0","0","0","0","0","0","0","0","0","0","0","0","0"
"2020-12-29","port290","Dhamra Port","India","IND","0","0","0","0","0","0","0","0","0","0","0","0","0","0","0","0","0","0","0","0","0"
"2020-12-30","port290","Dhamra Port","India","IND","0","1","0","0","0","1","1","0","162708","0","0","0","162708","162708","0","0","0","0","0","0","0"
"2020-12-31","port290","Dhamra Port","India","IND","0","3","0","0","0","3","3","0","41555","0","0","0","41555","41555","0","50707","0","0","0","50707","50707"
"2021-01-01","port290","Dhamra Port","India","IND","0","0","0","0","0","0","0","0","0","0","0","0","0","0","0","0","0","0","0","0","0"
"2021-01-02","port290","Dhamra Port","India","IND","0","3","0","0","0","3","3","0","83243","0","0","0","83243","83243","0","87008","0","0","0","87008","87008"
"2021-01-03","port290","Dhamra Port","India","IND","0","2","0","0","0","2","2","0","78860","0","0","0","78860","78860","0","12705","0","0","0","12705","12705"
"2021-01-04","port290","Dhamra Port","India","IND","0","0","0","0","0","0","0","0","0","0","0","0","0","0","0","0","0","0","0","0","0"
"2021-01-05","port290","Dhamra Port","India","IND","0","2","0","0","0","2","2","0","83243","0","0","0","83243","83243","0","38123","0","0","0","38123","38123"
"2021-01-06","port290","Dhamra Port","India","IND","0","1","0","0","0","1","1","0","162715","0","0","0","162715","162715","0","0","0","0","0","0","0"
"2021-01-07","port290","Dhamra Port","India","IND","0","1","0","0","0","1","1","0","41621","0","0","0","41621","41621","0","19061","0","0","0","19061","19061"
"2021-01-08","port290","Dhamra Port","India","IND","0","0","0","0","0","0","0","0","0","0","0","0","0","0","0","0","0","0","0","0","0"
"2021-01-09","port290","Dhamra Port","India","IND","0","0","0","0","0","0","0","0","0","0","0","0","0","0","0","0","0","0","0","0","0"
"2021-01-10","port290","Dhamra Port","India","IND","0","1","0","0","0","1","1","0","0","0","0","0","0","0","0","54983","0","0","0","54983","54983"
"2021-01-11","port290","Dhamra Port","India","IND","0","0","0","0","0","0","0","0","0","0","0","0","0","0","0","0","0","0","0","0","0"
"2021-01-12","port290","Dhamra Port","India","IND","0","0","0","0","0","0","0","0","0","0","0","0","0","0","0","0","0","0","0","0","0"
"2021-01-13","port290","Dhamra Port","India","IND","0","0","0","0","0","0","0","0","0","0","0","0","0","0","0","0","0","0","0","0","0"
"2021-01-14","port290","Dhamra Port","India","IND","0","0","0","0","0","0","0","0","0","0","0","0","0","0","0","0","0","0","0","0","0"
"2021-01-15","port290","Dhamra Port","India","IND","0","0","0","0","0","0","0","0","0","0","0","0","0","0","0","0","0","0","0","0","0"
"2021-01-16","port290","Dhamra Port","India","IND","0","1","0","0","0","1","1","0","0","0","0","0","0","0","0","53799","0","0","0","53799","53799"
"2021-01-17","port290","Dhamra Port","India","IND","0","1","0","0","0","1","1","0","79067","0","0","0","79067","79067","0","0","0","0","0","0","0"
"2021-01-18","port290","Dhamra Port","India","IND","0","1","0","0","0","1","1","0","41621","0","0","0","41621","41621","0","19061","0","0","0","19061","19061"
"2021-01-19","port290","Dhamra Port","India","IND","0","0","0","0","0","0","0","0","0","0","0","0","0","0","0","0","0","0","0","0","0"
"2021-01-20","port290","Dhamra Port","India","IND","0","0","0","0","0","0","0","0","0","0","0","0","0","0","0","0","0","0","0","0","0"
"2021-01-21","port290","Dhamra Port","India","IND","0","0","0","0","0","0","0","0","0","0","0","0","0","0","0","0","0","0","0","0","0"
"2021-01-22","port290","Dhamra Port","India","IND","0","0","0","0","0","0","0","0","0","0","0","0","0","0","0","0","0","0","0","0","0"
"2021-01-23","port290","Dhamra Port","India","IND","0","2","0","0","0","2","2","0","74867","0","0","0","74867","74867","0","19061","0","0","0","19061","19061"
"2021-01-24","port290","Dhamra Port","India","IND","0","0","0","0","0","0","0","0","0","0","0","0","0","0","0","0","0","0","0","0","0"
"2021-01-25","port290","Dhamra Port","India","IND","0","1","0","0","0","1","1","0","0","0","0","0","0","0","0","53419","0","0","0","53419","53419"
"2021-01-26","port290","Dhamra Port","India","IND","0","0","0","0","0","0","0","0","0","0","0","0","0","0","0","0","0","0","0","0","0"
"2021-01-27","port290","Dhamra Port","India","IND","0","3","0","0","0","3","3","0","246612","0","0","0","246612","246612","0","0","0","0","0","0","0"
"2021-01-28","port290","Dhamra Port","India","IND","0","2","0","0","0","2","2","0","0","0","0","0","0","0","0","87623","0","0","0","87623","87623"
"2021-01-29","port290","Dhamra Port","India","IND","0","0","0","0","0","0","0","0","0","0","0","0","0","0","0","0","0","0","0","0","0"
"2021-01-30","port290","Dhamra Port","India","IND","0","1","0","0","0","1","1","0","0","0","0","0","0","0","0","60570","0","0","0","60570","60570"
"2021-01-31","port290","Dhamra Port","India","IND","0","1","0","0","0","1","1","0","41621","0","0","0","41621","41621","0","19061","0","0","0","19061","19061"
"2021-02-01","port290","Dhamra Port","India","IND","0","0","0","0","0","0","0","0","0","0","0","0","0","0","0","0","0","0","0","0","0"
"2021-02-02","port290","Dhamra Port","India","IND","0","1","0","0","0","1","1","0","78489","0","0","0","78489","78489","0","0","0","0","0","0","0"
"2021-02-03","port290","Dhamra Port","India","IND","0","0","0","0","0","0","0","0","0","0","0","0","0","0","0","0","0","0","0","0","0"
"2021-02-04","port290","Dhamra Port","India","IND","0","0","0","0","0","0","0","0","0","0","0","0","0","0","0","0","0","0","0","0","0"
"2021-02-05","port290","Dhamra Port","India","IND","0","1","0","0","0","1","1","0","29768","0","0","0","29768","29768","0","0","0","0","0","0","0"
"2021-02-06","port290","Dhamra Port","India","IND","0","2","0","0","0","2","2","0","83598","0","0","0","83598","83598","0","0","0","0","0","0","0"
"2021-02-07","port290","Dhamra Port","India","IND","0","0","0","0","0","0","0","0","0","0","0","0","0","0","0","0","0","0","0","0","0"
"2021-02-08","port290","Dhamra Port","India","IND","0","1","0","0","0","1","1","0","41621","0","0","0","41621","41621","0","19061","0","0","0","19061","19061"
"2021-02-09","port290","Dhamra Port","India","IND","0","1","0","0","0","1","1","0","41621","0","0","0","41621","41621","0","19061","0","0","0","19061","19061"
"2021-02-10","port290","Dhamra Port","India","IND","0","2","0","0","0","2","2","0","41621","0","0","0","41621","41621","0","48766","0","0","0","48766","48766"
"2021-02-11","port290","Dhamra Port","India","IND","0","2","0","0","0","2","2","0","41621","0","0","0","41621","41621","0","24313","0","0","0","24313","24313"
"2021-02-12","port290","Dhamra Port","India","IND","0","0","0","0","0","0","0","0","0","0","0","0","0","0","0","0","0","0","0","0","0"
"2021-02-13","port290","Dhamra Port","India","IND","0","1","0","0","0","1","1","0","41621","0","0","0","41621","41621","0","19061","0","0","0","19061","19061"
"2021-02-14","port290","Dhamra Port","India","IND","0","1","0","0","0","1","1","0","0","0","0","0","0","0","0","28868","0","0","0","28868","28868"
"2021-02-15","port290","Dhamra Port","India","IND","0","0","0","0","0","0","0","0","0","0","0","0","0","0","0","0","0","0","0","0","0"
"2021-02-16","port290","Dhamra Port","India","IND","0","1","0","0","0","1","1","0","0","0","0","0","0","0","0","52064","0","0","0","52064","52064"
"2021-02-17","port290","Dhamra Port","India","IND","0","0","0","0","0","0","0","0","0","0","0","0","0","0","0","0","0","0","0","0","0"
"2021-02-18","port290","Dhamra Port","India","IND","0","0","0","0","0","0","0","0","0","0","0","0","0","0","0","0","0","0","0","0","0"
"2021-02-19","port290","Dhamra Port","India","IND","0","0","0","0","0","0","0","0","0","0","0","0","0","0","0","0","0","0","0","0","0"
"2021-02-20","port290","Dhamra Port","India","IND","0","1","0","0","0","1","1","0","41621","0","0","0","41621","41621","0","19061","0","0","0","19061","19061"
"2021-02-21","port290","Dhamra Port","India","IND","0","2","0","0","0","2","2","0","41621","0","0","0","41621","41621","0","79401","0","0","0","79401","79401"
"2021-02-22","port290","Dhamra Port","India","IND","0","1","0","0","0","1","1","0","0","0","0","0","0","0","0","46863","0","0","0","46863","46863"
"2021-02-23","port290","Dhamra Port","India","IND","0","0","0","0","0","0","0","0","0","0","0","0","0","0","0","0","0","0","0","0","0"
"2021-02-24","port290","Dhamra Port","India","IND","0","1","0","0","0","1","1","0","41938","0","0","0","41938","41938","0","0","0","0","0","0","0"
"2021-02-25","port290","Dhamra Port","India","IND","0","2","0","0","0","2","2","0","79881","0","0","0","79881","79881","0","54207","0","0","0","54207","54207"
"2021-02-26","port290","Dhamra Port","India","IND","0","1","0","0","0","1","1","0","0","0","0","0","0","0","0","0","0","0","0","0","0"
"2021-02-27","port290","Dhamra Port","India","IND","0","0","0","0","0","0","0","0","0","0","0","0","0","0","0","0","0","0","0","0","0"
"2021-02-28","port290","Dhamra Port","India","IND","0","1","0","0","0","1","1","0","0","0","0","0","0","0","0","71747","0","0","0","71747","71747"
"2021-03-01","port290","Dhamra Port","India","IND","0","0","0","0","0","0","0","0","0","0","0","0","0","0","0","0","0","0","0","0","0"
"2021-03-02","port290","Dhamra Port","India","IND","0","0","0","0","0","0","0","0","0","0","0","0","0","0","0","0","0","0","0","0","0"
"2021-03-03","port290","Dhamra Port","India","IND","0","1","0","0","0","1","1","0","41621","0","0","0","41621","41621","0","19061","0","0","0","19061","19061"
"2021-03-04","port290","Dhamra Port","India","IND","0","2","0","0","0","2","2","0","163594","0","0","0","163594","163594","0","73171","0","0","0","73171","73171"
"2021-03-05","port290","Dhamra Port","India","IND","0","0","0","0","0","0","0","0","0","0","0","0","0","0","0","0","0","0","0","0","0"
"2021-03-06","port290","Dhamra Port","India","IND","0","2","0","0","0","2","2","0","242085","0","0","0","242085","242085","0","0","0","0","0","0","0"
"2021-03-07","port290","Dhamra Port","India","IND","0","0","0","0","0","0","0","0","0","0","0","0","0","0","0","0","0","0","0","0","0"
"2021-03-08","port290","Dhamra Port","India","IND","0","2","0","0","0","2","2","0","121936","0","0","0","121936","121936","0","19061","0","0","0","19061","19061"
"2021-03-09","port290","Dhamra Port","India","IND","0","0","0","0","0","0","0","0","0","0","0","0","0","0","0","0","0","0","0","0","0"
"2021-03-10","port290","Dhamra Port","India","IND","0","0","0","0","0","0","0","0","0","0","0","0","0","0","0","0","0","0","0","0","0"
"2021-03-11","port290","Dhamra Port","India","IND","0","1","0","0","0","1","1","0","0","0","0","0","0","0","0","49856","0","0","0","49856","49856"
"2021-03-12","port290","Dhamra Port","India","IND","0","0","0","0","0","0","0","0","0","0","0","0","0","0","0","0","0","0","0","0","0"
"2021-03-13","port290","Dhamra Port","India","IND","0","0","0","0","0","0","0","0","0","0","0","0","0","0","0","0","0","0","0","0","0"
"2021-03-14","port290","Dhamra Port","India","IND","0","0","0","0","0","0","0","0","0","0","0","0","0","0","0","0","0","0","0","0","0"
"2021-03-15","port290","Dhamra Port","India","IND","0","0","0","0","0","0","0","0","0","0","0","0","0","0","0","0","0","0","0","0","0"
"2021-03-16","port290","Dhamra Port","India","IND","0","0","0","0","0","0","0","0","0","0","0","0","0","0","0","0","0","0","0","0","0"
"2021-03-17","port290","Dhamra Port","India","IND","0","2","0","0","0","2","2","0","0","0","0","0","0","0","0","82511","0","0","0","82511","82511"
"2021-03-18","port290","Dhamra Port","India","IND","0","1","0","0","0","1","1","0","0","0","0","0","0","0","0","14084","0","0","0","14084","14084"
"2021-03-19","port290","Dhamra Port","India","IND","0","1","0","0","0","1","1","0","0","0","0","0","0","0","0","31420","0","0","0","31420","31420"
"2021-03-20","port290","Dhamra Port","India","IND","0","0","0","0","0","0","0","0","0","0","0","0","0","0","0","0","0","0","0","0","0"
"2021-03-21","port290","Dhamra Port","India","IND","0","1","0","0","0","1","1","0","83681","0","0","0","83681","83681","0","0","0","0","0","0","0"
"2021-03-22","port290","Dhamra Port","India","IND","0","1","0","0","0","1","1","0","41621","0","0","0","41621","41621","0","19061","0","0","0","19061","19061"
"2021-03-23","port290","Dhamra Port","India","IND","0","2","0","0","0","2","2","0","0","0","0","0","0","0","0","83828","0","0","0","83828","83828"
"2021-03-24","port290","Dhamra Port","India","IND","0","1","0","0","0","1","1","0","0","0","0","0","0","0","0","0","0","0","0","0","0"
"2021-03-25","port290","Dhamra Port","India","IND","0","0","0","0","0","0","0","0","0","0","0","0","0","0","0","0","0","0","0","0","0"
"2021-03-26","port290","Dhamra Port","India","IND","0","1","0","0","0","1","1","0","161412","0","0","0","161412","161412","0","0","0","0","0","0","0"
"2021-03-27","port290","Dhamra Port","India","IND","0","4","0","0","0","4","4","0","42652","0","0","0","42652","42652","0","166036","0","0","0","166036","166036"
"2021-03-28","port290","Dhamra Port","India","IND","0","1","0","0","0","1","1","0","73173","0","0","0","73173","73173","0","0","0","0","0","0","0"
"2021-03-29","port290","Dhamra Port","India","IND","0","2","0","0","0","2","2","0","121738","0","0","0","121738","121738","0","0","0","0","0","0","0"
"2021-03-30","port290","Dhamra Port","India","IND","0","1","0","0","0","1","1","0","46426","0","0","0","46426","46426","0","0","0","0","0","0","0"
"2021-03-31","port290","Dhamra Port","India","IND","0","1","0","0","0","1","1","0","41621","0","0","0","41621","41621","0","19061","0","0","0","19061","19061"
"2021-04-01","port290","Dhamra Port","India","IND","0","1","0","0","0","1","1","0","41621","0","0","0","41621","41621","0","19061","0","0","0","19061","19061"
"2021-04-02","port290","Dhamra Port","India","IND","0","0","0","0","0","0","0","0","0","0","0","0","0","0","0","0","0","0","0","0","0"
"2021-04-03","port290","Dhamra Port","India","IND","0","3","0","0","0","3","3","0","119582","0","0","0","119582","119582","0","11646","0","0","0","11646","11646"
"2021-04-04","port290","Dhamra Port","India","IND","0","1","0","0","0","1","1","0","0","0","0","0","0","0","0","55874","0","0","0","55874","55874"
"2021-04-05","port290","Dhamra Port","India","IND","0","2","1","0","0","3","3","0","241097","2305","0","0","243402","243402","0","0","4134","0","0","4134","4134"
"2021-04-06","port290","Dhamra Port","India","IND","0","3","0","0","0","3","3","0","41621","0","0","0","41621","41621","0","117056","0","0","0","117056","117056"
"2021-04-07","port290","Dhamra Port","India","IND","0","1","0","0","0","1","1","0","71395","0","0","0","71395","71395","0","0","0","0","0","0","0"
"2021-04-08","port290","Dhamra Port","India","IND","0","0","0","0","0","0","0","0","0","0","0","0","0","0","0","0","0","0","0","0","0"
"2021-04-09","port290","Dhamra Port","India","IND","0","0","0","0","0","0","0","0","0","0","0","0","0","0","0","0","0","0","0","0","0"
"2021-04-10","port290","Dhamra Port","India","IND","0","1","0","0","0","1","1","0","0","0","0","0","0","0","0","33593","0","0","0","33593","33593"
"2021-04-11","port290","Dhamra Port","India","IND","0","0","0","0","0","0","0","0","0","0","0","0","0","0","0","0","0","0","0","0","0"
"2021-04-12","port290","Dhamra Port","India","IND","0","0","0","0","0","0","0","0","0","0","0","0","0","0","0","0","0","0","0","0","0"
"2021-04-13","port290","Dhamra Port","India","IND","0","0","0","0","0","0","0","0","0","0","0","0","0","0","0","0","0","0","0","0","0"
"2021-04-14","port290","Dhamra Port","India","IND","0","1","0","0","0","1","1","0","41621","0","0","0","41621","41621","0","19061","0","0","0","19061","19061"
"2021-04-15","port290","Dhamra Port","India","IND","0","0","0","0","0","0","0","0","0","0","0","0","0","0","0","0","0","0","0","0","0"
"2021-04-16","port290","Dhamra Port","India","IND","0","0","0","0","0","0","0","0","0","0","0","0","0","0","0","0","0","0","0","0","0"
"2021-04-17","port290","Dhamra Port","India","IND","0","1","0","0","0","1","1","0","0","0","0","0","0","0","0","73171","0","0","0","73171","73171"
"2021-04-18","port290","Dhamra Port","India","IND","0","0","0","0","0","0","0","0","0","0","0","0","0","0","0","0","0","0","0","0","0"
"2021-04-19","port290","Dhamra Port","India","IND","0","1","0","0","0","1","1","0","162180","0","0","0","162180","162180","0","0","0","0","0","0","0"
"2021-04-20","port290","Dhamra Port","India","IND","0","1","0","0","0","1","1","0","41621","0","0","0","41621","41621","0","19061","0","0","0","19061","19061"
"2021-04-21","port290","Dhamra Port","India","IND","0","0","0","0","0","0","0","0","0","0","0","0","0","0","0","0","0","0","0","0","0"
"2021-04-22","port290","Dhamra Port","India","IND","0","0","0","0","0","0","0","0","0","0","0","0","0","0","0","0","0","0","0","0","0"
"2021-04-23","port290","Dhamra Port","India","IND","0","1","0","0","0","1","1","0","0","0","0","0","0","0","0","41262","0","0","0","41262","41262"
"2021-04-24","port290","Dhamra Port","India","IND","0","3","0","0","0","3","3","0","121667","0","0","0","121667","121667","0","30437","0","0","0","30437","30437"
"2021-04-25","port290","Dhamra Port","India","IND","0","2","0","0","0","2","2","0","74909","0","0","0","74909","74909","0","48532","0","0","0","48532","48532"
"2021-04-26","port290","Dhamra Port","India","IND","0","0","0","0","0","0","0","0","0","0","0","0","0","0","0","0","0","0","0","0","0"
"2021-04-27","port290","Dhamra Port","India","IND","0","1","0","0","0","1","1","0","43531","0","0","0","43531","43531","0","0","0","0","0","0","0"
"2021-04-28","port290","Dhamra Port","India","IND","0","1","1","0","0","2","2","0","0","0","0","0","0","0","0","62592","278","0","0","62870","62870"
"2021-04-29","port290","Dhamra Port","India","IND","0","1","0","0","0","1","1","0","41621","0","0","0","41621","41621","0","19061","0","0","0","19061","19061"
"2021-04-30","port290","Dhamra Port","India","IND","0","2","0","0","0","2","2","0","120297","0","0","0","120297","120297","0","19061","0","0","0","19061","19061"
"2021-05-01","port290","Dhamra Port","India","IND","0","1","0","0","0","1","1","0","0","0","0","0","0","0","0","2503","0","0","0","2503","2503"
"2021-05-02","port290","Dhamra Port","India","IND","0","0","0","0","0","0","0","0","0","0","0","0","0","0","0","0","0","0","0","0","0"
"2021-05-03","port290","Dhamra Port","India","IND","0","2","0","0","0","2","2","0","164721","0","0","0","164721","164721","0","0","0","0","0","0","0"
"2021-05-04","port290","Dhamra Port","India","IND","0","0","0","0","0","0","0","0","0","0","0","0","0","0","0","0","0","0","0","0","0"
"2021-05-05","port290","Dhamra Port","India","IND","0","2","0","0","0","2","2","0","68639","0","0","0","68639","68639","0","19061","0","0","0","19061","19061"
"2021-05-06","port290","Dhamra Port","India","IND","0","0","0","0","0","0","0","0","0","0","0","0","0","0","0","0","0","0","0","0","0"
"2021-05-07","port290","Dhamra Port","India","IND","0","0","0","0","0","0","0","0","0","0","0","0","0","0","0","0","0","0","0","0","0"
"2021-05-08","port290","Dhamra Port","India","IND","0","3","1","0","0","4","4","0","162931","0","0","0","162931","162931","0","76061","2349","0","0","78411","78411"
"2021-05-09","port290","Dhamra Port","India","IND","0","2","0","0","0","2","2","0","78756","0","0","0","78756","78756","0","385","0","0","0","385","385"
"2021-05-10","port290","Dhamra Port","India","IND","0","1","0","0","0","1","1","0","0","0","0","0","0","0","0","60459","0","0","0","60459","60459"
"2021-05-11","port290","Dhamra Port","India","IND","0","1","0","0","0","1","1","0","76812","0","0","0","76812","76812","0","0","0","0","0","0","0"
"2021-05-12","port290","Dhamra Port","India","IND","0","1","0","0","0","1","1","0","41621","0","0","0","41621","41621","0","19061","0","0","0","19061","19061"
"2021-05-13","port290","Dhamra Port","India","IND","0","0","0","0","0","0","0","0","0","0","0","0","0","0","0","0","0","0","0","0","0"
"2021-05-14","port290","Dhamra Port","India","IND","0","1","0","0","0","1","1","0","0","0","0","0","0","0","0","28628","0","0","0","28628","28628"
"2021-05-15","port290","Dhamra Port","India","IND","0","1","0","0","0","1","1","0","0","0","0","0","0","0","0","40701","0","0","0","40701","40701"
"2021-05-16","port290","Dhamra Port","India","IND","0","1","0","0","0","1","1","0","103483","0","0","0","103483","103483","0","0","0","0","0","0","0"
"2021-05-17","port290","Dhamra Port","India","IND","0","1","0","0","0","1","1","0","0","0","0","0","0","0","0","48923","0","0","0","48923","48923"
"2021-05-18","port290","Dhamra Port","India","IND","0","2","0","0","0","2","2","0","49068","0","0","0","49068","49068","0","0","0","0","0","0","0"
"2021-05-19","port290","Dhamra Port","India","IND","0","1","0","0","0","1","1","0","0","0","0","0","0","0","0","29788","0","0","0","29788","29788"
"2021-05-20","port290","Dhamra Port","India","IND","0","1","0","0","0","1","1","0","30632","0","0","0","30632","30632","0","0","0","0","0","0","0"
"2021-05-21","port290","Dhamra Port","India","IND","0","0","0","0","0","0","0","0","0","0","0","0","0","0","0","0","0","0","0","0","0"
"2021-05-22","port290","Dhamra Port","India","IND","0","2","0","0","0","2","2","0","1210","0","0","0","1210","1210","0","48742","0","0","0","48742","48742"
"2021-05-23","port290","Dhamra Port","India","IND","0","0","0","0","0","0","0","0","0","0","0","0","0","0","0","0","0","0","0","0","0"
"2021-05-24","port290","Dhamra Port","India","IND","0","0","0","0","0","0","0","0","0","0","0","0","0","0","0","0","0","0","0","0","0"
"2021-05-25","port290","Dhamra Port","India","IND","0","0","0","0","0","0","0","0","0","0","0","0","0","0","0","0","0","0","0","0","0"
"2021-05-26","port290","Dhamra Port","India","IND","0","0","0","0","0","0","0","0","0","0","0","0","0","0","0","0","0","0","0","0","0"
"2021-05-27","port290","Dhamra Port","India","IND","0","1","0","0","0","1","1","0","0","0","0","0","0","0","0","51286","0","0","0","51286","51286"
"2021-05-28","port290","Dhamra Port","India","IND","0","1","0","0","0","1","1","0","40763","0","0","0","40763","40763","0","0","0","0","0","0","0"
"2021-05-29","port290","Dhamra Port","India","IND","0","2","0","0","0","2","2","0","71395","0","0","0","71395","71395","0","28131","0","0","0","28131","28131"
"2021-05-30","port290","Dhamra Port","India","IND","0","0","0","0","1","0","1","0","0","0","0","192176","0","192176","0","0","0","0","0","0","0"
"2021-05-31","port290","Dhamra Port","India","IND","0","1","0","0","0","1","1","0","0","0","0","0","0","0","0","36041","0","0","0","36041","36041"
"2021-06-01","port290","Dhamra Port","India","IND","0","3","0","0","0","3","3","0","63733","0","0","0","63733","63733","0","103742","0","0","0","103742","103742"
"2021-06-02","port290","Dhamra Port","India","IND","0","0","0","0","0","0","0","0","0","0","0","0","0","0","0","0","0","0","0","0","0"
"2021-06-03","port290","Dhamra Port","India","IND","0","1","0","0","0","1","1","0","41621","0","0","0","41621","41621","0","19061","0","0","0","19061","19061"
"2021-06-04","port290","Dhamra Port","India","IND","0","2","0","0","0","2","2","0","41621","0","0","0","41621","41621","0","89383","0","0","0","89383","89383"
"2021-06-05","port290","Dhamra Port","India","IND","0","3","0","0","0","3","3","0","205698","0","0","0","205698","205698","0","19061","0","0","0","19061","19061"
"2021-06-06","port290","Dhamra Port","India","IND","0","1","0","0","0","1","1","0","0","0","0","0","0","0","0","55598","0","0","0","55598","55598"
"2021-06-07","port290","Dhamra Port","India","IND","0","2","0","0","0","2","2","0","145344","0","0","0","145344","145344","0","19061","0","0","0","19061","19061"
"2021-06-08","port290","Dhamra Port","India","IND","0","2","0","0","0","2","2","0","41621","0","0","0","41621","41621","0","72608","0","0","0","72608","72608"
"2021-06-09","port290","Dhamra Port","India","IND","0","1","0","0","0","1","1","0","0","0","0","0","0","0","0","29282","0","0","0","29282","29282"
"2021-06-10","port290","Dhamra Port","India","IND","0","1","0","0","0","1","1","0","14935","0","0","0","14935","14935","0","0","0","0","0","0","0"
"2021-06-11","port290","Dhamra Port","India","IND","0","1","0","0","0","1","1","0","41621","0","0","0","41621","41621","0","19061","0","0","0","19061","19061"
"2021-06-12","port290","Dhamra Port","India","IND","0","1","0","0","0","1","1","0","0","0","0","0","0","0","0","53671","0","0","0","53671","53671"
"2021-06-13","port290","Dhamra Port","India","IND","0","2","0","0","0","2","2","0","42820","0","0","0","42820","42820","0","19061","0","0","0","19061","19061"
"2021-06-14","port290","Dhamra Port","India","IND","0","2","0","0","0","2","2","0","78883","0","0","0","78883","78883","0","0","0","0","0","0","0"
"2021-06-15","port290","Dhamra Port","India","IND","0","1","0","0","0","1","1","0","167251","0","0","0","167251","167251","0","0","0","0","0","0","0"
"2021-06-16","port290","Dhamra Port","India","IND","0","2","0","0","0","2","2","0","162314","0","0","0","162314","162314","0","47180","0","0","0","47180","47180"
"2021-06-17","port290","Dhamra Port","India","IND","0","1","0","0","0","1","1","0","0","0","0","0","0","0","0","60910","0","0","0","60910","60910"
"2021-06-18","port290","Dhamra Port","India","IND","0","1","0","0","0","1","1","0","0","0","0","0","0","0","0","65199","0","0","0","65199","65199"
"2021-06-19","port290","Dhamra Port","India","IND","0","0","0","0","0","0","0","0","0","0","0","0","0","0","0","0","0","0","0","0","0"
"2021-06-20","port290","Dhamra Port","India","IND","0","1","0","0","0","1","1","0","0","0","0","0","0","0","0","14565","0","0","0","14565","14565"
"2021-06-21","port290","Dhamra Port","India","IND","0","1","0","0","0","1","1","0","41621","0","0","0","41621","41621","0","19061","0","0","0","19061","19061"
"2021-06-22","port290","Dhamra Port","India","IND","0","0","0","0","0","0","0","0","0","0","0","0","0","0","0","0","0","0","0","0","0"
"2021-06-23","port290","Dhamra Port","India","IND","0","2","0","0","0","2","2","0","41621","0","0","0","41621","41621","0","91274","0","0","0","91274","91274"
"2021-06-24","port290","Dhamra Port","India","IND","0","1","0","0","0","1","1","0","79192","0","0","0","79192","79192","0","0","0","0","0","0","0"
"2021-06-25","port290","Dhamra Port","India","IND","0","2","0","0","0","2","2","0","65608","0","0","0","65608","65608","0","19061","0","0","0","19061","19061"
"2021-06-26","port290","Dhamra Port","India","IND","0","0","1","0","0","1","1","0","0","0","0","0","0","0","0","0","7786","0","0","7786","7786"
"2021-06-27","port290","Dhamra Port","India","IND","0","0","0","0","0","0","0","0","0","0","0","0","0","0","0","0","0","0","0","0","0"
"2021-06-28","port290","Dhamra Port","India","IND","0","3","0","0","0","3","3","0","203950","0","0","0","203950","203950","0","80056","0","0","0","80056","80056"
"2021-06-29","port290","Dhamra Port","India","IND","0","1","0","0","0","1","1","0","35288","0","0","0","35288","35288","0","0","0","0","0","0","0"
"2021-06-30","port290","Dhamra Port","India","IND","0","1","0","0","0","1","1","0","0","0","0","0","0","0","0","2343","0","0","0","2343","2343"
"2021-07-01","port290","Dhamra Port","India","IND","0","1","0","0","0","1","1","0","41621","0","0","0","41621","41621","0","19061","0","0","0","19061","19061"
"2021-07-02","port290","Dhamra Port","India","IND","0","2","0","0","0","2","2","0","157852","0","0","0","157852","157852","0","51209","0","0","0","51209","51209"
"2021-07-03","port290","Dhamra Port","India","IND","0","0","0","0","0","0","0","0","0","0","0","0","0","0","0","0","0","0","0","0","0"
"2021-07-04","port290","Dhamra Port","India","IND","0","0","0","0","0","0","0","0","0","0","0","0","0","0","0","0","0","0","0","0","0"
"2021-07-05","port290","Dhamra Port","India","IND","0","3","0","0","0","3","3","0","225534","0","0","0","225534","225534","0","19061","0","0","0","19061","19061"
"2021-07-06","port290","Dhamra Port","India","IND","0","1","0","0","0","1","1","0","0","0","0","0","0","0","0","1209","0","0","0","1209","1209"
"2021-07-07","port290","Dhamra Port","India","IND","0","1","0","0","0","1","1","0","0","0","0","0","0","0","0","51591","0","0","0","51591","51591"
"2021-07-08","port290","Dhamra Port","India","IND","0","0","0","0","0","0","0","0","0","0","0","0","0","0","0","0","0","0","0","0","0"
"2021-07-09","port290","Dhamra Port","India","IND","0","1","0","0","0","1","1","0","91105","0","0","0","91105","91105","0","0","0","0","0","0","0"
"2021-07-10","port290","Dhamra Port","India","IND","0","3","0","0","0","3","3","0","210331","0","0","0","210331","210331","0","19061","0","0","0","19061","19061"
"2021-07-11","port290","Dhamra Port","India","IND","0","1","0","0","0","1","1","0","0","0","0","0","0","0","0","17581","0","0","0","17581","17581"
"2021-07-12","port290","Dhamra Port","India","IND","0","0","0","0","0","0","0","0","0","0","0","0","0","0","0","0","0","0","0","0","0"
"2021-07-13","port290","Dhamra Port","India","IND","0","1","0","0","0","1","1","0","41621","0","0","0","41621","41621","0","19061","0","0","0","19061","19061"
"2021-07-14","port290","Dhamra Port","India","IND","0","1","0","0","0","1","1","0","41621","0","0","0","41621","41621","0","19061","0","0","0","19061","19061"
"2021-07-15","port290","Dhamra Port","India","IND","0","2","0","0","0","2","2","0","115184","0","0","0","115184","115184","0","0","0","0","0","0","0"
"2021-07-16","port290","Dhamra Port","India","IND","0","0","0","0","0","0","0","0","0","0","0","0","0","0","0","0","0","0","0","0","0"
"2021-07-17","port290","Dhamra Port","India","IND","0","1","0","0","0","1","1","0","0","0","0","0","0","0","0","51064","0","0","0","51064","51064"
"2021-07-18","port290","Dhamra Port","India","IND","0","2","0","0","0","2","2","0","59948","0","0","0","59948","59948","0","19061","0","0","0","19061","19061"
"2021-07-19","port290","Dhamra Port","India","IND","0","1","0","0","0","1","1","0","41621","0","0","0","41621","41621","0","19061","0","0","0","19061","19061"
"2021-07-20","port290","Dhamra Port","India","IND","0","1","0","0","0","1","1","0","41621","0","0","0","41621","41621","0","19061","0","0","0","19061","19061"
"2021-07-21","port290","Dhamra Port","India","IND","0","2","0","0","0","2","2","0","84848","0","0","0","84848","84848","0","0","0","0","0","0","0"
"2021-07-22","port290","Dhamra Port","India","IND","0","2","0","0","0","2","2","0","163990","0","0","0","163990","163990","0","51604","0","0","0","51604","51604"
"2021-07-23","port290","Dhamra Port","India","IND","0","3","0","0","0","3","3","0","19967","0","0","0","19967","19967","0","29802","0","0","0","29802","29802"
"2021-07-24","port290","Dhamra Port","India","IND","0","0","0","0","0","0","0","0","0","0","0","0","0","0","0","0","0","0","0","0","0"
"2021-07-25","port290","Dhamra Port","India","IND","0","1","0","0","0","1","1","0","41802","0","0","0","41802","41802","0","0","0","0","0","0","0"
"2021-07-26","port290","Dhamra Port","India","IND","0","2","0","0","0","2","2","0","170229","0","0","0","170229","170229","0","27829","0","0","0","27829","27829"
"2021-07-27","port290","Dhamra Port","India","IND","0","1","0","0","0","1","1","0","0","0","0","0","0","0","0","55779","0","0","0","55779","55779"
"2021-07-28","port290","Dhamra Port","India","IND","0","2","0","0","0","2","2","0","187397","0","0","0","187397","187397","0","19061","0","0","0","19061","19061"
"2021-07-29","port290","Dhamra Port","India","IND","0","0","0","0","0","0","0","0","0","0","0","0","0","0","0","0","0","0","0","0","0"
"2021-07-30","port290","Dhamra Port","India","IND","0","1","0","0","0","1","1","0","0","0","0","0","0","0","0","71549","0","0","0","71549","71549"
"2021-07-31","port290","Dhamra Port","India","IND","0","1","0","0","0","1","1","0","0","0","0","0","0","0","0","17019","0","0","0","17019","17019"
"2021-08-01","port290","Dhamra Port","India","IND","0","0","0","0","0","0","0","0","0","0","0","0","0","0","0","0","0","0","0","0","0"
"2021-08-02","port290","Dhamra Port","India","IND","0","1","0","0","0","1","1","0","42692","0","0","0","42692","42692","0","0","0","0","0","0","0"
"2021-08-03","port290","Dhamra Port","India","IND","0","1","0","0","0","1","1","0","0","0","0","0","0","0","0","49967","0","0","0","49967","49967"
"2021-08-04","port290","Dhamra Port","India","IND","0","1","0","0","0","1","1","0","54134","0","0","0","54134","54134","0","0","0","0","0","0","0"
"2021-08-05","port290","Dhamra Port","India","IND","0","0","0","0","0","0","0","0","0","0","0","0","0","0","0","0","0","0","0","0","0"
"2021-08-06","port290","Dhamra Port","India","IND","0","0","0","0","0","0","0","0","0","0","0","0","0","0","0","0","0","0","0","0","0"
"2021-08-07","port290","Dhamra Port","India","IND","0","2","0","0","0","2","2","0","44041","0","0","0","44041","44041","0","19061","0","0","0","19061","19061"
"2021-08-08","port290","Dhamra Port","India","IND","0","0","0","0","0","0","0","0","0","0","0","0","0","0","0","0","0","0","0","0","0"
"2021-08-09","port290","Dhamra Port","India","IND","0","2","0","0","0","2","2","0","41621","0","0","0","41621","41621","0","73196","0","0","0","73196","73196"
"2021-08-10","port290","Dhamra Port","India","IND","0","0","0","0","0","0","0","0","0","0","0","0","0","0","0","0","0","0","0","0","0"
"2021-08-11","port290","Dhamra Port","India","IND","0","2","0","0","0","2","2","0","41621","0","0","0","41621","41621","0","54853","0","0","0","54853","54853"
"2021-08-12","port290","Dhamra Port","India","IND","0","1","0","0","0","1","1","0","77734","0","0","0","77734","77734","0","0","0","0","0","0","0"
"2021-08-13","port290","Dhamra Port","India","IND","0","0","0","0","0","0","0","0","0","0","0","0","0","0","0","0","0","0","0","0","0"
"2021-08-14","port290","Dhamra Port","India","IND","0","2","0","0","0","2","2","0","143889","0","0","0","143889","143889","0","19061","0","0","0","19061","19061"
"2021-08-15","port290","Dhamra Port","India","IND","0","0","0","0","0","0","0","0","0","0","0","0","0","0","0","0","0","0","0","0","0"
"2021-08-16","port290","Dhamra Port","India","IND","0","1","0","0","0","1","1","0","41621","0","0","0","41621","41621","0","19061","0","0","0","19061","19061"
"2021-08-17","port290","Dhamra Port","India","IND","0","1","0","0","0","1","1","0","41621","0","0","0","41621","41621","0","19061","0","0","0","19061","19061"
"2021-08-18","port290","Dhamra Port","India","IND","0","0","0","0","0","0","0","0","0","0","0","0","0","0","0","0","0","0","0","0","0"
"2021-08-19","port290","Dhamra Port","India","IND","0","2","0","0","0","2","2","0","56161","0","0","0","56161","56161","0","0","0","0","0","0","0"
"2021-08-20","port290","Dhamra Port","India","IND","0","1","0","0","0","1","1","0","55566","0","0","0","55566","55566","0","0","0","0","0","0","0"
"2021-08-21","port290","Dhamra Port","India","IND","0","1","0","0","0","1","1","0","41621","0","0","0","41621","41621","0","19061","0","0","0","19061","19061"
"2021-08-22","port290","Dhamra Port","India","IND","0","0","0","0","0","0","0","0","0","0","0","0","0","0","0","0","0","0","0","0","0"
"2021-08-23","port290","Dhamra Port","India","IND","0","1","0","0","0","1","1","0","78065","0","0","0","78065","78065","0","0","0","0","0","0","0"
"2021-08-24","port290","Dhamra Port","India","IND","0","0","0","0","0","0","0","0","0","0","0","0","0","0","0","0","0","0","0","0","0"
"2021-08-25","port290","Dhamra Port","India","IND","0","0","0","0","0","0","0","0","0","0","0","0","0","0","0","0","0","0","0","0","0"
"2021-08-26","port290","Dhamra Port","India","IND","0","2","0","0","0","2","2","0","160968","0","0","0","160968","160968","0","52492","0","0","0","52492","52492"
"2021-08-27","port290","Dhamra Port","India","IND","0","1","0","0","0","1","1","0","41621","0","0","0","41621","41621","0","19061","0","0","0","19061","19061"
"2021-08-28","port290","Dhamra Port","India","IND","0","2","0","0","0","2","2","0","41621","0","0","0","41621","41621","0","92233","0","0","0","92233","92233"
"2021-08-29","port290","Dhamra Port","India","IND","0","0","0","0","0","0","0","0","0","0","0","0","0","0","0","0","0","0","0","0","0"
"2021-08-30","port290","Dhamra Port","India","IND","0","0","0","0","0","0","0","0","0","0","0","0","0","0","0","0","0","0","0","0","0"
"2021-08-31","port290","Dhamra Port","India","IND","0","2","0","0","0","2","2","0","0","0","0","0","0","0","0","32800","0","0","0","32800","32800"
"2021-09-01","port290","Dhamra Port","India","IND","0","1","0","0","0","1","1","0","0","0","0","0","0","0","0","16002","0","0","0","16002","16002"
"2021-09-02","port290","Dhamra Port","India","IND","0","2","0","0","0","2","2","0","324802","0","0","0","324802","324802","0","0","0","0","0","0","0"
"2021-09-03","port290","Dhamra Port","India","IND","0","1","0","0","0","1","1","0","0","0","0","0","0","0","0","32242","0","0","0","32242","32242"
"2021-09-04","port290","Dhamra Port","India","IND","0","2","0","0","0","2","2","0","92649","0","0","0","92649","92649","0","0","0","0","0","0","0"
"2021-09-05","port290","Dhamra Port","India","IND","0","1","0","0","0","1","1","0","41621","0","0","0","41621","41621","0","19061","0","0","0","19061","19061"
"2021-09-06","port290","Dhamra Port","India","IND","0","0","1","0","0","1","1","0","0","0","0","0","0","0","0","0","14320","0","0","14320","14320"
"2021-09-07","port290","Dhamra Port","India","IND","0","2","0","0","0","2","2","0","152089","0","0","0","152089","152089","0","19061","0","0","0","19061","19061"
"2021-09-08","port290","Dhamra Port","India","IND","0","1","0","0","0","1","1","0","0","0","0","0","0","0","0","0","0","0","0","0","0"
"2021-09-09","port290","Dhamra Port","India","IND","0","1","0","0","0","1","1","0","0","0","0","0","0","0","0","0","0","0","0","0","0"
"2021-09-10","port290","Dhamra Port","India","IND","0","0","0","0","0","0","0","0","0","0","0","0","0","0","0","0","0","0","0","0","0"
"2021-09-11","port290","Dhamra Port","India","IND","0","1","0","0","0","1","1","0","41621","0","0","0","41621","41621","0","19061","0","0","0","19061","19061"
"2021-09-12","port290","Dhamra Port","India","IND","0","3","0","0","0","3","3","0","104061","0","0","0","104061","104061","0","78287","0","0","0","78287","78287"
"2021-09-13","port290","Dhamra Port","India","IND","0","1","0","0","0","1","1","0","31865","0","0","0","31865","31865","0","0","0","0","0","0","0"
"2021-09-14","port290","Dhamra Port","India","IND","0","0","0","0","0","0","0","0","0","0","0","0","0","0","0","0","0","0","0","0","0"
"2021-09-15","port290","Dhamra Port","India","IND","0","2","0","0","0","2","2","0","41621","0","0","0","41621","41621","0","19061","0","0","0","19061","19061"
"2021-09-16","port290","Dhamra Port","India","IND","0","0","0","0","0","0","0","0","0","0","0","0","0","0","0","0","0","0","0","0","0"
"2021-09-17","port290","Dhamra Port","India","IND","0","2","0","0","0","2","2","0","0","0","0","0","0","0","0","74818","0","0","0","74818","74818"
"2021-09-18","port290","Dhamra Port","India","IND","0","2","0","0","0","2","2","0","47039","0","0","0","47039","47039","0","19061","0","0","0","19061","19061"
"2021-09-19","port290","Dhamra Port","India","IND","0","0","0","0","0","0","0","0","0","0","0","0","0","0","0","0","0","0","0","0","0"
"2021-09-20","port290","Dhamra Port","India","IND","0","3","0","0","0","3","3","0","119798","0","0","0","119798","119798","0","39502","0","0","0","39502","39502"
"2021-09-21","port290","Dhamra Port","India","IND","0","2","0","0","0","2","2","0","161135","0","0","0","161135","161135","0","28734","0","0","0","28734","28734"
"2021-09-22","port290","Dhamra Port","India","IND","0","1","0","0","0","1","1","0","41621","0","0","0","41621","41621","0","19061","0","0","0","19061","19061"
"2021-09-23","port290","Dhamra Port","India","IND","0","0","0","0","0","0","0","0","0","0","0","0","0","0","0","0","0","0","0","0","0"
"2021-09-24","port290","Dhamra Port","India","IND","0","2","0","0","0","2","2","0","201039","0","0","0","201039","201039","0","19061","0","0","0","19061","19061"
"2021-09-25","port290","Dhamra Port","India","IND","0","0","0","0","0","0","0","0","0","0","0","0","0","0","0","0","0","0","0","0","0"
"2021-09-26","port290","Dhamra Port","India","IND","0","0","0","0","0","0","0","0","0","0","0","0","0","0","0","0","0","0","0","0","0"
"2021-09-27","port290","Dhamra Port","India","IND","0","2","0","0","0","2","2","0","70953","0","0","0","70953","70953","0","0","0","0","0","0","0"
"2021-09-28","port290","Dhamra Port","India","IND","0","1","0","0","0","1","1","0","0","0","0","0","0","0","0","9733","0","0","0","9733","9733"
"2021-09-29","port290","Dhamra Port","India","IND","0","1","0","0","0","1","1","0","41621","0","0","0","41621","41621","0","19061","0","0","0","19061","19061"
"2021-09-30","port290","Dhamra Port","India","IND","0","0","0","0","0","0","0","0","0","0","0","0","0","0","0","0","0","0","0","0","0"
"2021-10-01","port290","Dhamra Port","India","IND","0","0","0","0","0","0","0","0","0","0","0","0","0","0","0","0","0","0","0","0","0"
"2021-10-02","port290","Dhamra Port","India","IND","0","0","0","0","0","0","0","0","0","0","0","0","0","0","0","0","0","0","0","0","0"
"2021-10-03","port290","Dhamra Port","India","IND","0","1","0","0","0","1","1","0","38047","0","0","0","38047","38047","0","0","0","0","0","0","0"
"2021-10-04","port290","Dhamra Port","India","IND","0","1","0","0","0","1","1","0","162771","0","0","0","162771","162771","0","0","0","0","0","0","0"
"2021-10-05","port290","Dhamra Port","India","IND","0","1","0","0","0","1","1","0","43150","0","0","0","43150","43150","0","0","0","0","0","0","0"
"2021-10-06","port290","Dhamra Port","India","IND","0","0","0","0","0","0","0","0","0","0","0","0","0","0","0","0","0","0","0","0","0"
"2021-10-07","port290","Dhamra Port","India","IND","0","0","0","0","0","0","0","0","0","0","0","0","0","0","0","0","0","0","0","0","0"
"2021-10-08","port290","Dhamra Port","India","IND","0","3","0","0","0","3","3","0","209569","0","0","0","209569","209569","0","19061","0","0","0","19061","19061"
"2021-10-09","port290","Dhamra Port","India","IND","0","0","0","0","0","0","0","0","0","0","0","0","0","0","0","0","0","0","0","0","0"
"2021-10-10","port290","Dhamra Port","India","IND","0","0","0","0","0","0","0","0","0","0","0","0","0","0","0","0","0","0","0","0","0"
"2021-10-11","port290","Dhamra Port","India","IND","0","3","0","0","0","3","3","0","88211","0","0","0","88211","88211","0","39859","0","0","0","39859","39859"
"2021-10-12","port290","Dhamra Port","India","IND","0","1","0","0","0","1","1","0","41621","0","0","0","41621","41621","0","19061","0","0","0","19061","19061"
"2021-10-13","port290","Dhamra Port","India","IND","0","1","0","0","0","1","1","0","37361","0","0","0","37361","37361","0","0","0","0","0","0","0"
"2021-10-14","port290","Dhamra Port","India","IND","0","0","0","0","0","0","0","0","0","0","0","0","0","0","0","0","0","0","0","0","0"
"2021-10-15","port290","Dhamra Port","India","IND","0","2","1","0","0","3","3","0","79527","0","0","0","79527","79527","0","30737","5609","0","0","36346","36346"
"2021-10-16","port290","Dhamra Port","India","IND","0","1","0","0","0","1","1","0","41621","0","0","0","41621","41621","0","19061","0","0","0","19061","19061"
"2021-10-17","port290","Dhamra Port","India","IND","0","1","0","0","0","1","1","0","78782","0","0","0","78782","78782","0","0","0","0","0","0","0"
"2021-10-18","port290","Dhamra Port","India","IND","0","0","0","0","0","0","0","0","0","0","0","0","0","0","0","0","0","0","0","0","0"
"2021-10-19","port290","Dhamra Port","India","IND","0","3","0","0","0","3","3","0","165844","0","0","0","165844","165844","0","67746","0","0","0","67746","67746"
"2021-10-20","port290","Dhamra Port","India","IND","0","1","0","0","0","1","1","0","0","0","0","0","0","0","0","23757","0","0","0","23757","23757"
"2021-10-21","port290","Dhamra Port","India","IND","0","1","0","0","0","1","1","0","41621","0","0","0","41621","41621","0","19061","0","0","0","19061","19061"
"2021-10-22","port290","Dhamra Port","India","IND","0","1","0","0","0","1","1","0","41621","0","0","0","41621","41621","0","19061","0","0","0","19061","19061"
"2021-10-23","port290","Dhamra Port","India","IND","0","1","0","0","0","1","1","0","3613","0","0","0","3613","3613","0","0","0","0","0","0","0"
"2021-10-24","port290","Dhamra Port","India","IND","0","1","0","0","0","1","1","0","0","0","0","0","0","0","0","46532","0","0","0","46532","46532"
"2021-10-25","port290","Dhamra Port","India","IND","0","0","0","0","0","0","0","0","0","0","0","0","0","0","0","0","0","0","0","0","0"
"2021-10-26","port290","Dhamra Port","India","IND","0","3","0","0","0","3","3","0","4789","0","0","0","4789","4789","0","85891","0","0","0","85891","85891"
"2021-10-27","port290","Dhamra Port","India","IND","0","1","0","0","0","1","1","0","53396","0","0","0","53396","53396","0","0","0","0","0","0","0"
"2025-02-09","port290","Dhamra Port","India","IND","0","0","0","0","0","0","0","0","0","0","0","0","0","0","0","0","0","0","0","0","0"
"2025-02-10","port290","Dhamra Port","India","IND","0","1","0","0","0","1","1","0","85476","0","0","0","85476","85476","0","0","0","0","0","0","0"
"2025-02-11","port290","Dhamra Port","India","IND","0","1","0","0","0","1","1","0","157281","0","0","0","157281","157281","0","0","0","0","0","0","0"
"2025-02-12","port290","Dhamra Port","India","IND","0","1","0","0","0","1","1","0","0","0","0","0","0","0","0","14028","0","0","0","14028","14028"
"2025-02-13","port290","Dhamra Port","India","IND","0","0","0","0","0","0","0","0","0","0","0","0","0","0","0","0","0","0","0","0","0"
"2025-02-14","port290","Dhamra Port","India","IND","0","0","0","0","0","0","0","0","0","0","0","0","0","0","0","0","0","0","0","0","0"
"2025-02-15","port290","Dhamra Port","India","IND","0","1","0","0","0","1","1","0","41621","0","0","0","41621","41621","0","19061","0","0","0","19061","19061"
"2025-02-16","port290","Dhamra Port","India","IND","0","1","0","0","0","1","1","0","41621","0","0","0","41621","41621","0","19061","0","0","0","19061","19061"
"2025-02-17","port290","Dhamra Port","India","IND","0","1","0","0","0","1","1","0","0","0","0","0","0","0","0","79588","0","0","0","79588","79588"
"2025-02-18","port290","Dhamra Port","India","IND","0","0","0","0","0","0","0","0","0","0","0","0","0","0","0","0","0","0","0","0","0"
"2025-02-19","port290","Dhamra Port","India","IND","0","1","0","0","0","1","1","0","169020","0","0","0","169020","169020","0","0","0","0","0","0","0"
"2025-02-20","port290","Dhamra Port","India","IND","0","1","0","0","0","1","1","0","0","0","0","0","0","0","0","77604","0","0","0","77604","77604"
"2025-02-21","port290","Dhamra Port","India","IND","0","0","0","0","0","0","0","0","0","0","0","0","0","0","0","0","0","0","0","0","0"
"2025-02-22","port290","Dhamra Port","India","IND","0","3","1","0","0","4","4","0","223523","0","0","0","223523","223523","0","19061","0","0","0","19061","19061"
"2025-02-23","port290","Dhamra Port","India","IND","0","0","0","0","0","0","0","0","0","0","0","0","0","0","0","0","0","0","0","0","0"
"2025-02-24","port290","Dhamra Port","India","IND","0","0","0","0","0","0","0","0","0","0","0","0","0","0","0","0","0","0","0","0","0"
"2025-02-25","port290","Dhamra Port","India","IND","0","4","0","0","0","4","4","0","41621","0","0","0","41621","41621","0","85533","0","0","0","85533","85533"
"2025-02-26","port290","Dhamra Port","India","IND","0","0","0","0","0","0","0","0","0","0","0","0","0","0","0","0","0","0","0","0","0"
"2022-12-02","port290","Dhamra Port","India","IND","0","0","0","0","0","0","0","0","0","0","0","0","0","0","0","0","0","0","0","0","0"
"2024-01-06","port290","Dhamra Port","India","IND","0","1","0","0","0","1","1","0","165250","0","0","0","165250","165250","0","0","0","0","0","0","0"
"2026-03-16","port290","Dhamra Port","India","IND","0","0","0","0","0","0","0","0","0","0","0","0","0","0","0","0","0","0","0","0","0"
"2021-10-28","port290","Dhamra Port","India","IND","0","0","0","0","0","0","0","0","0","0","0","0","0","0","0","0","0","0","0","0","0"
"2025-02-27","port290","Dhamra Port","India","IND","0","1","0","0","0","1","1","0","41621","0","0","0","41621","41621","0","19061","0","0","0","19061","19061"
"2025-02-28","port290","Dhamra Port","India","IND","0","1","0","0","0","1","1","0","41621","0","0","0","41621","41621","0","19061","0","0","0","19061","19061"
"2025-03-01","port290","Dhamra Port","India","IND","0","0","0","0","0","0","0","0","0","0","0","0","0","0","0","0","0","0","0","0","0"
"2025-03-02","port290","Dhamra Port","India","IND","0","0","0","0","0","0","0","0","0","0","0","0","0","0","0","0","0","0","0","0","0"
"2025-03-03","port290","Dhamra Port","India","IND","0","0","0","0","0","0","0","0","0","0","0","0","0","0","0","0","0","0","0","0","0"
"2025-03-04","port290","Dhamra Port","India","IND","0","0","0","0","0","0","0","0","0","0","0","0","0","0","0","0","0","0","0","0","0"
"2025-03-05","port290","Dhamra Port","India","IND","0","1","0","0","0","1","1","0","0","0","0","0","0","0","0","72713","0","0","0","72713","72713"
"2025-03-06","port290","Dhamra Port","India","IND","0","1","0","0","0","1","1","0","0","0","0","0","0","0","0","72591","0","0","0","72591","72591"
"2025-03-07","port290","Dhamra Port","India","IND","0","1","0","0","0","1","1","0","41621","0","0","0","41621","41621","0","19061","0","0","0","19061","19061"
"2025-03-08","port290","Dhamra Port","India","IND","0","0","0","0","0","0","0","0","0","0","0","0","0","0","0","0","0","0","0","0","0"
"2025-03-09","port290","Dhamra Port","India","IND","0","1","0","0","0","1","1","0","77402","0","0","0","77402","77402","0","0","0","0","0","0","0"
"2025-03-10","port290","Dhamra Port","India","IND","0","1","0","0","0","1","1","0","0","0","0","0","0","0","0","23679","0","0","0","23679","23679"
"2025-03-11","port290","Dhamra Port","India","IND","0","3","0","0","0","3","3","0","92023","0","0","0","92023","92023","0","38123","0","0","0","38123","38123"
"2025-03-12","port290","Dhamra Port","India","IND","0","0","0","0","0","0","0","0","0","0","0","0","0","0","0","0","0","0","0","0","0"
"2025-03-13","port290","Dhamra Port","India","IND","0","1","0","0","0","1","1","0","41621","0","0","0","41621","41621","0","19061","0","0","0","19061","19061"
"2025-03-14","port290","Dhamra Port","India","IND","0","0","0","0","0","0","0","0","0","0","0","0","0","0","0","0","0","0","0","0","0"
"2025-03-15","port290","Dhamra Port","India","IND","0","0","0","0","0","0","0","0","0","0","0","0","0","0","0","0","0","0","0","0","0"
"2025-03-16","port290","Dhamra Port","India","IND","0","1","0","0","0","1","1","0","171893","0","0","0","171893","171893","0","0","0","0","0","0","0"
"2025-03-17","port290","Dhamra Port","India","IND","0","1","0","0","0","1","1","0","0","0","0","0","0","0","0","34569","0","0","0","34569","34569"
"2025-03-18","port290","Dhamra Port","India","IND","0","1","0","0","0","1","1","0","41621","0","0","0","41621","41621","0","19061","0","0","0","19061","19061"
"2025-03-19","port290","Dhamra Port","India","IND","0","0","0","0","0","0","0","0","0","0","0","0","0","0","0","0","0","0","0","0","0"
"2025-03-20","port290","Dhamra Port","India","IND","0","1","0","0","0","1","1","0","0","0","0","0","0","0","0","58398","0","0","0","58398","58398"
"2025-03-21","port290","Dhamra Port","India","IND","0","3","0","0","0","3","3","0","54609","0","0","0","54609","54609","0","19061","0","0","0","19061","19061"
"2025-03-22","port290","Dhamra Port","India","IND","0","1","0","0","0","1","1","0","41621","0","0","0","41621","41621","0","19061","0","0","0","19061","19061"
"2025-03-23","port290","Dhamra Port","India","IND","0","0","0","0","0","0","0","0","0","0","0","0","0","0","0","0","0","0","0","0","0"
"2025-03-24","port290","Dhamra Port","India","IND","0","1","0","0","0","1","1","0","0","0","0","0","0","0","0","55645","0","0","0","55645","55645"
"2025-03-25","port290","Dhamra Port","India","IND","0","2","0","0","0","2","2","0","197375","0","0","0","197375","197375","0","0","0","0","0","0","0"
"2025-03-26","port290","Dhamra Port","India","IND","0","2","1","0","0","3","3","0","261955","220","0","0","262175","262175","0","0","0","0","0","0","0"
"2025-03-27","port290","Dhamra Port","India","IND","0","2","0","0","0","2","2","0","0","0","0","0","0","0","0","112040","0","0","0","112040","112040"
"2025-03-28","port290","Dhamra Port","India","IND","0","2","0","0","0","2","2","0","158490","0","0","0","158490","158490","0","55300","0","0","0","55300","55300"
"2025-03-29","port290","Dhamra Port","India","IND","0","1","0","0","0","1","1","0","8123","0","0","0","8123","8123","0","0","0","0","0","0","0"
"2025-03-30","port290","Dhamra Port","India","IND","0","1","0","0","0","1","1","0","41621","0","0","0","41621","41621","0","19061","0","0","0","19061","19061"
"2025-03-31","port290","Dhamra Port","India","IND","0","0","0","0","0","0","0","0","0","0","0","0","0","0","0","0","0","0","0","0","0"
"2025-04-01","port290","Dhamra Port","India","IND","0","3","1","0","0","4","4","0","83243","2305","0","0","85549","85549","0","42074","4134","0","0","46208","46208"
"2025-04-02","port290","Dhamra Port","India","IND","0","1","0","0","0","1","1","0","41621","0","0","0","41621","41621","0","19061","0","0","0","19061","19061"
"2025-04-03","port290","Dhamra Port","India","IND","0","0","0","0","0","0","0","0","0","0","0","0","0","0","0","0","0","0","0","0","0"
"2025-04-04","port290","Dhamra Port","India","IND","0","1","0","0","0","1","1","0","103507","0","0","0","103507","103507","0","0","0","0","0","0","0"
"2025-04-05","port290","Dhamra Port","India","IND","0","1","0","0","0","1","1","0","0","0","0","0","0","0","0","53490","0","0","0","53490","53490"
"2025-04-06","port290","Dhamra Port","India","IND","0","1","0","0","0","1","1","0","41621","0","0","0","41621","41621","0","19061","0","0","0","19061","19061"
"2025-04-07","port290","Dhamra Port","India","IND","0","1","0","0","0","1","1","0","41621","0","0","0","41621","41621","0","19061","0","0","0","19061","19061"
"2025-04-08","port290","Dhamra Port","India","IND","0","2","0","0","0","2","2","0","120404","0","0","0","120404","120404","0","19061","0","0","0","19061","19061"
"2025-04-09","port290","Dhamra Port","India","IND","0","2","0","0","0","2","2","0","221482","0","0","0","221482","221482","0","49609","0","0","0","49609","49609"
"2025-04-10","port290","Dhamra Port","India","IND","0","1","0","0","0","1","1","0","0","0","0","0","0","0","0","38725","0","0","0","38725","38725"
"2025-04-11","port290","Dhamra Port","India","IND","0","0","0","0","0","0","0","0","0","0","0","0","0","0","0","0","0","0","0","0","0"
"2025-04-12","port290","Dhamra Port","India","IND","0","4","0","0","0","4","4","0","203516","0","0","0","203516","203516","0","57185","0","0","0","57185","57185"
"2025-04-13","port290","Dhamra Port","India","IND","0","1","0","0","0","1","1","0","0","0","0","0","0","0","0","586","0","0","0","586","586"
"2025-04-14","port290","Dhamra Port","India","IND","0","3","0","0","0","3","3","0","283181","0","0","0","283181","283181","0","19061","0","0","0","19061","19061"
"2025-04-15","port290","Dhamra Port","India","IND","0","0","0","0","0","0","0","0","0","0","0","0","0","0","0","0","0","0","0","0","0"
"2025-04-16","port290","Dhamra Port","India","IND","0","3","0","0","0","3","3","0","83243","0","0","0","83243","83243","0","38262","0","0","0","38262","38262"
"2025-04-17","port290","Dhamra Port","India","IND","0","1","0","0","0","1","1","0","37417","0","0","0","37417","37417","0","0","0","0","0","0","0"
"2025-04-18","port290","Dhamra Port","India","IND","0","3","0","0","0","3","3","0","96675","0","0","0","96675","96675","0","21112","0","0","0","21112","21112"
"2025-04-19","port290","Dhamra Port","India","IND","0","1","0","0","0","1","1","0","41621","0","0","0","41621","41621","0","19061","0","0","0","19061","19061"
"2025-04-20","port290","Dhamra Port","India","IND","0","0","0","0","0","0","0","0","0","0","0","0","0","0","0","0","0","0","0","0","0"
"2025-04-21","port290","Dhamra Port","India","IND","0","2","0","0","0","2","2","0","0","0","0","0","0","0","0","127756","0","0","0","127756","127756"
"2025-04-22","port290","Dhamra Port","India","IND","0","1","0","0","0","1","1","0","41621","0","0","0","41621","41621","0","19061","0","0","0","19061","19061"
"2025-04-23","port290","Dhamra Port","India","IND","0","1","0","0","0","1","1","0","0","0","0","0","0","0","0","30010","0","0","0","30010","30010"
"2025-04-24","port290","Dhamra Port","India","IND","0","0","0","0","0","0","0","0","0","0","0","0","0","0","0","0","0","0","0","0","0"
"2025-04-25","port290","Dhamra Port","India","IND","0","0","0","0","0","0","0","0","0","0","0","0","0","0","0","0","0","0","0","0","0"
"2025-04-26","port290","Dhamra Port","India","IND","0","0","0","0","0","0","0","0","0","0","0","0","0","0","0","0","0","0","0","0","0"
"2025-04-27","port290","Dhamra Port","India","IND","0","2","0","0","0","2","2","0","106424","0","0","0","106424","106424","0","0","0","0","0","0","0"
"2025-04-28","port290","Dhamra Port","India","IND","0","1","0","0","0","1","1","0","21103","0","0","0","21103","21103","0","0","0","0","0","0","0"
"2025-04-29","port290","Dhamra Port","India","IND","0","0","0","0","0","0","0","0","0","0","0","0","0","0","0","0","0","0","0","0","0"
"2025-04-30","port290","Dhamra Port","India","IND","0","1","0","0","0","1","1","0","33731","0","0","0","33731","33731","0","0","0","0","0","0","0"
"2025-05-01","port290","Dhamra Port","India","IND","0","0","0","0","0","0","0","0","0","0","0","0","0","0","0","0","0","0","0","0","0"
"2025-05-02","port290","Dhamra Port","India","IND","0","0","0","0","0","0","0","0","0","0","0","0","0","0","0","0","0","0","0","0","0"
"2025-05-03","port290","Dhamra Port","India","IND","0","0","0","0","0","0","0","0","0","0","0","0","0","0","0","0","0","0","0","0","0"
"2025-05-04","port290","Dhamra Port","India","IND","0","1","0","0","0","1","1","0","41621","0","0","0","41621","41621","0","19061","0","0","0","19061","19061"
"2025-05-05","port290","Dhamra Port","India","IND","0","0","0","0","0","0","0","0","0","0","0","0","0","0","0","0","0","0","0","0","0"
"2025-05-06","port290","Dhamra Port","India","IND","0","1","0","0","0","1","1","0","41621","0","0","0","41621","41621","0","19061","0","0","0","19061","19061"
"2025-05-07","port290","Dhamra Port","India","IND","0","0","0","0","0","0","0","0","0","0","0","0","0","0","0","0","0","0","0","0","0"
"2025-05-08","port290","Dhamra Port","India","IND","0","0","0","0","0","0","0","0","0","0","0","0","0","0","0","0","0","0","0","0","0"
"2025-05-09","port290","Dhamra Port","India","IND","0","3","0","0","0","3","3","0","186721","0","0","0","186721","186721","0","38123","0","0","0","38123","38123"
"2025-05-10","port290","Dhamra Port","India","IND","0","1","0","0","0","1","1","0","30950","0","0","0","30950","30950","0","0","0","0","0","0","0"
"2025-05-11","port290","Dhamra Port","India","IND","0","3","0","0","0","3","3","0","163325","0","0","0","163325","163325","0","87182","0","0","0","87182","87182"
"2025-05-12","port290","Dhamra Port","India","IND","0","1","0","0","0","1","1","0","78017","0","0","0","78017","78017","0","0","0","0","0","0","0"
"2025-05-13","port290","Dhamra Port","India","IND","0","0","0","0","0","0","0","0","0","0","0","0","0","0","0","0","0","0","0","0","0"
"2025-05-14","port290","Dhamra Port","India","IND","0","1","0","0","0","1","1","0","79901","0","0","0","79901","79901","0","0","0","0","0","0","0"
"2025-05-15","port290","Dhamra Port","India","IND","0","2","0","0","0","2","2","0","120320","0","0","0","120320","120320","0","19061","0","0","0","19061","19061"
"2025-05-16","port290","Dhamra Port","India","IND","0","0","0","0","0","0","0","0","0","0","0","0","0","0","0","0","0","0","0","0","0"
"2025-05-17","port290","Dhamra Port","India","IND","0","0","0","0","0","0","0","0","0","0","0","0","0","0","0","0","0","0","0","0","0"
"2025-05-18","port290","Dhamra Port","India","IND","0","3","0","0","0","3","3","0","200112","0","0","0","200112","200112","0","34170","0","0","0","34170","34170"
"2025-05-19","port290","Dhamra Port","India","IND","0","0","0","0","0","0","0","0","0","0","0","0","0","0","0","0","0","0","0","0","0"
"2025-05-20","port290","Dhamra Port","India","IND","0","0","0","0","0","0","0","0","0","0","0","0","0","0","0","0","0","0","0","0","0"
"2025-05-21","port290","Dhamra Port","India","IND","0","1","0","0","0","1","1","0","18254","0","0","0","18254","18254","0","30100","0","0","0","30100","30100"
"2025-05-22","port290","Dhamra Port","India","IND","0","0","0","0","0","0","0","0","0","0","0","0","0","0","0","0","0","0","0","0","0"
"2025-05-23","port290","Dhamra Port","India","IND","0","1","0","0","0","1","1","0","23188","0","0","0","23188","23188","0","0","0","0","0","0","0"
"2025-05-24","port290","Dhamra Port","India","IND","0","2","0","0","0","2","2","0","41621","0","0","0","41621","41621","0","23907","0","0","0","23907","23907"
"2025-05-25","port290","Dhamra Port","India","IND","0","0","0","0","0","0","0","0","0","0","0","0","0","0","0","0","0","0","0","0","0"
"2025-05-26","port290","Dhamra Port","India","IND","0","1","0","0","0","1","1","0","0","0","0","0","0","0","0","51233","0","0","0","51233","51233"
"2025-05-27","port290","Dhamra Port","India","IND","0","2","1","0","0","3","3","0","34014","0","0","0","34014","34014","0","9689","1142","0","0","10832","10832"
"2025-05-28","port290","Dhamra Port","India","IND","0","0","0","0","0","0","0","0","0","0","0","0","0","0","0","0","0","0","0","0","0"
"2025-05-29","port290","Dhamra Port","India","IND","0","1","0","0","0","1","1","0","41621","0","0","0","41621","41621","0","19061","0","0","0","19061","19061"
"2025-05-30","port290","Dhamra Port","India","IND","0","3","0","0","0","3","3","0","169326","0","0","0","169326","169326","0","19061","0","0","0","19061","19061"
"2025-05-31","port290","Dhamra Port","India","IND","0","1","0","0","0","1","1","0","41621","0","0","0","41621","41621","0","19061","0","0","0","19061","19061"
"2025-06-01","port290","Dhamra Port","India","IND","0","1","0","0","0","1","1","0","72600","0","0","0","72600","72600","0","0","0","0","0","0","0"
"2025-06-02","port290","Dhamra Port","India","IND","0","2","0","0","0","2","2","0","0","0","0","0","0","0","0","130960","0","0","0","130960","130960"
"2025-06-03","port290","Dhamra Port","India","IND","0","1","0","0","0","1","1","0","0","0","0","0","0","0","0","72937","0","0","0","72937","72937"
"2025-06-04","port290","Dhamra Port","India","IND","0","1","0","0","0","1","1","0","41621","0","0","0","41621","41621","0","19061","0","0","0","19061","19061"
"2025-06-05","port290","Dhamra Port","India","IND","0","2","1","0","0","3","3","0","121898","0","0","0","121898","121898","0","19061","4578","0","0","23640","23640"
"2025-06-06","port290","Dhamra Port","India","IND","0","1","0","0","0","1","1","0","41621","0","0","0","41621","41621","0","19061","0","0","0","19061","19061"
"2025-06-07","port290","Dhamra Port","India","IND","0","2","0","0","0","2","2","0","41621","0","0","0","41621","41621","0","92227","0","0","0","92227","92227"
"2025-06-08","port290","Dhamra Port","India","IND","0","1","0","0","0","1","1","0","73316","0","0","0","73316","73316","0","0","0","0","0","0","0"
"2025-06-09","port290","Dhamra Port","India","IND","0","0","0","0","0","0","0","0","0","0","0","0","0","0","0","0","0","0","0","0","0"
"2025-06-10","port290","Dhamra Port","India","IND","0","1","0","0","0","1","1","0","41621","0","0","0","41621","41621","0","19061","0","0","0","19061","19061"
"2025-06-11","port290","Dhamra Port","India","IND","0","1","0","0","0","1","1","0","41621","0","0","0","41621","41621","0","19061","0","0","0","19061","19061"
"2025-06-12","port290","Dhamra Port","India","IND","0","1","0","0","0","1","1","0","0","0","0","0","0","0","0","690","0","0","0","690","690"
"2025-06-13","port290","Dhamra Port","India","IND","0","0","0","0","0","0","0","0","0","0","0","0","0","0","0","0","0","0","0","0","0"
"2025-06-14","port290","Dhamra Port","India","IND","0","2","0","0","0","2","2","0","83243","0","0","0","83243","83243","0","38123","0","0","0","38123","38123"
"2025-06-15","port290","Dhamra Port","India","IND","0","0","0","0","0","0","0","0","0","0","0","0","0","0","0","0","0","0","0","0","0"
"2025-06-16","port290","Dhamra Port","India","IND","0","2","0","0","0","2","2","0","206187","0","0","0","206187","206187","0","19061","0","0","0","19061","19061"
"2025-06-17","port290","Dhamra Port","India","IND","0","2","0","0","0","2","2","0","41621","0","0","0","41621","41621","0","79667","0","0","0","79667","79667"
"2025-06-18","port290","Dhamra Port","India","IND","0","1","0","0","0","1","1","0","0","0","0","0","0","0","0","0","0","0","0","0","0"
"2025-06-19","port290","Dhamra Port","India","IND","0","2","0","0","0","2","2","0","83243","0","0","0","83243","83243","0","38123","0","0","0","38123","38123"
"2025-06-20","port290","Dhamra Port","India","IND","0","0","0","0","0","0","0","0","0","0","0","0","0","0","0","0","0","0","0","0","0"
"2025-06-21","port290","Dhamra Port","India","IND","0","1","0","0","0","1","1","0","41621","0","0","0","41621","41621","0","19061","0","0","0","19061","19061"
"2025-06-22","port290","Dhamra Port","India","IND","0","1","0","0","0","1","1","0","170609","0","0","0","170609","170609","0","0","0","0","0","0","0"
"2025-06-23","port290","Dhamra Port","India","IND","0","0","0","0","0","0","0","0","0","0","0","0","0","0","0","0","0","0","0","0","0"
"2025-06-24","port290","Dhamra Port","India","IND","0","0","0","0","0","0","0","0","0","0","0","0","0","0","0","0","0","0","0","0","0"
"2025-06-25","port290","Dhamra Port","India","IND","0","2","0","0","0","2","2","0","47633","0","0","0","47633","47633","0","19061","0","0","0","19061","19061"
"2025-06-26","port290","Dhamra Port","India","IND","0","2","0","0","0","2","2","0","230560","0","0","0","230560","230560","0","0","0","0","0","0","0"
"2025-06-27","port290","Dhamra Port","India","IND","0","1","0","0","0","1","1","0","0","0","0","0","0","0","0","24224","0","0","0","24224","24224"
"2025-06-28","port290","Dhamra Port","India","IND","0","0","0","0","0","0","0","0","0","0","0","0","0","0","0","0","0","0","0","0","0"
"2025-06-29","port290","Dhamra Port","India","IND","0","0","0","0","0","0","0","0","0","0","0","0","0","0","0","0","0","0","0","0","0"
"2025-06-30","port290","Dhamra Port","India","IND","0","3","0","0","0","3","3","0","222506","0","0","0","222506","222506","0","1115","0","0","0","1115","1115"
"2025-07-01","port290","Dhamra Port","India","IND","0","2","0","0","0","2","2","0","41621","0","0","0","41621","41621","0","77720","0","0","0","77720","77720"
"2025-07-02","port290","Dhamra Port","India","IND","0","0","0","0","0","0","0","0","0","0","0","0","0","0","0","0","0","0","0","0","0"
"2025-07-03","port290","Dhamra Port","India","IND","0","1","0","0","0","1","1","0","0","0","0","0","0","0","0","60830","0","0","0","60830","60830"
"2025-07-04","port290","Dhamra Port","India","IND","0","1","0","0","0","1","1","0","41621","0","0","0","41621","41621","0","19061","0","0","0","19061","19061"
"2025-07-05","port290","Dhamra Port","India","IND","0","1","0","0","0","1","1","0","41621","0","0","0","41621","41621","0","19061","0","0","0","19061","19061"
"2025-07-06","port290","Dhamra Port","India","IND","0","0","0","0","0","0","0","0","0","0","0","0","0","0","0","0","0","0","0","0","0"
"2025-07-07","port290","Dhamra Port","India","IND","0","0","0","0","0","0","0","0","0","0","0","0","0","0","0","0","0","0","0","0","0"
"2025-07-08","port290","Dhamra Port","India","IND","0","1","0","0","0","1","1","0","77876","0","0","0","77876","77876","0","0","0","0","0","0","0"
"2025-07-09","port290","Dhamra Port","India","IND","0","0","1","0","0","1","1","0","0","0","0","0","0","0","0","0","0","0","0","0","0"
"2025-07-10","port290","Dhamra Port","India","IND","0","2","0","0","0","2","2","0","159416","0","0","0","159416","159416","0","54094","0","0","0","54094","54094"
"2025-07-11","port290","Dhamra Port","India","IND","0","1","0","0","0","1","1","0","0","0","0","0","0","0","0","8351","0","0","0","8351","8351"
"2025-07-12","port290","Dhamra Port","India","IND","0","1","0","0","0","1","1","0","0","0","0","0","0","0","0","60992","0","0","0","60992","60992"
"2025-07-13","port290","Dhamra Port","India","IND","0","0","0","0","0","0","0","0","0","0","0","0","0","0","0","0","0","0","0","0","0"
"2025-07-14","port290","Dhamra Port","India","IND","0","3","0","0","0","3","3","0","18254","0","0","0","18254","18254","0","68568","0","0","0","68568","68568"
"2025-07-15","port290","Dhamra Port","India","IND","0","1","0","0","0","1","1","0","41621","0","0","0","41621","41621","0","19061","0","0","0","19061","19061"
"2025-07-16","port290","Dhamra Port","India","IND","0","0","0","0","0","0","0","0","0","0","0","0","0","0","0","0","0","0","0","0","0"
"2025-07-17","port290","Dhamra Port","India","IND","0","0","0","0","0","0","0","0","0","0","0","0","0","0","0","0","0","0","0","0","0"
"2025-07-18","port290","Dhamra Port","India","IND","0","1","0","0","0","1","1","0","41621","0","0","0","41621","41621","0","19061","0","0","0","19061","19061"
"2025-07-19","port290","Dhamra Port","India","IND","0","1","0","0","0","1","1","0","41621","0","0","0","41621","41621","0","19061","0","0","0","19061","19061"
"2025-07-20","port290","Dhamra Port","India","IND","0","0","0","0","0","0","0","0","0","0","0","0","0","0","0","0","0","0","0","0","0"
"2025-07-21","port290","Dhamra Port","India","IND","0","2","0","0","0","2","2","0","83243","0","0","0","83243","83243","0","38123","0","0","0","38123","38123"
"2025-07-22","port290","Dhamra Port","India","IND","0","0","0","0","0","0","0","0","0","0","0","0","0","0","0","0","0","0","0","0","0"
"2025-07-23","port290","Dhamra Port","India","IND","0","0","0","0","0","0","0","0","0","0","0","0","0","0","0","0","0","0","0","0","0"
"2025-07-24","port290","Dhamra Port","India","IND","0","3","0","0","0","3","3","0","114793","0","0","0","114793","114793","0","19061","0","0","0","19061","19061"
"2025-07-25","port290","Dhamra Port","India","IND","0","0","0","0","0","0","0","0","0","0","0","0","0","0","0","0","0","0","0","0","0"
"2025-07-26","port290","Dhamra Port","India","IND","0","1","0","0","0","1","1","0","41621","0","0","0","41621","41621","0","19061","0","0","0","19061","19061"
"2025-07-27","port290","Dhamra Port","India","IND","0","1","0","0","0","1","1","0","41621","0","0","0","41621","41621","0","19061","0","0","0","19061","19061"
"2025-07-28","port290","Dhamra Port","India","IND","0","2","0","0","0","2","2","0","74400","0","0","0","74400","74400","0","73165","0","0","0","73165","73165"
"2025-07-29","port290","Dhamra Port","India","IND","0","0","0","0","0","0","0","0","0","0","0","0","0","0","0","0","0","0","0","0","0"
"2025-07-30","port290","Dhamra Port","India","IND","0","0","0","0","0","0","0","0","0","0","0","0","0","0","0","0","0","0","0","0","0"
"2025-07-31","port290","Dhamra Port","India","IND","0","1","0","0","0","1","1","0","41621","0","0","0","41621","41621","0","19061","0","0","0","19061","19061"
"2025-08-01","port290","Dhamra Port","India","IND","0","0","0","0","0","0","0","0","0","0","0","0","0","0","0","0","0","0","0","0","0"
"2025-08-02","port290","Dhamra Port","India","IND","0","0","0","0","0","0","0","0","0","0","0","0","0","0","0","0","0","0","0","0","0"
"2025-08-03","port290","Dhamra Port","India","IND","0","1","0","0","0","1","1","0","41621","0","0","0","41621","41621","0","19061","0","0","0","19061","19061"
"2025-08-04","port290","Dhamra Port","India","IND","0","0","0","0","0","0","0","0","0","0","0","0","0","0","0","0","0","0","0","0","0"
"2025-08-05","port290","Dhamra Port","India","IND","0","3","0","0","0","3","3","0","124865","0","0","0","124865","124865","0","57185","0","0","0","57185","57185"
"2025-08-06","port290","Dhamra Port","India","IND","0","2","0","0","0","2","2","0","200303","0","0","0","200303","200303","0","19061","0","0","0","19061","19061"
"2025-08-07","port290","Dhamra Port","India","IND","0","2","0","0","0","2","2","0","83243","0","0","0","83243","83243","0","38123","0","0","0","38123","38123"
"2025-08-08","port290","Dhamra Port","India","IND","0","0","0","0","0","0","0","0","0","0","0","0","0","0","0","0","0","0","0","0","0"
"2025-08-09","port290","Dhamra Port","India","IND","0","0","0","0","0","0","0","0","0","0","0","0","0","0","0","0","0","0","0","0","0"
"2025-08-10","port290","Dhamra Port","India","IND","0","1","0","0","0","1","1","0","165665","0","0","0","165665","165665","0","0","0","0","0","0","0"
"2025-08-11","port290","Dhamra Port","India","IND","0","0","0","0","0","0","0","0","0","0","0","0","0","0","0","0","0","0","0","0","0"
"2025-08-12","port290","Dhamra Port","India","IND","0","2","0","0","0","2","2","0","122060","0","0","0","122060","122060","0","19061","0","0","0","19061","19061"
"2025-08-13","port290","Dhamra Port","India","IND","0","0","0","0","0","0","0","0","0","0","0","0","0","0","0","0","0","0","0","0","0"
"2025-08-14","port290","Dhamra Port","India","IND","0","1","0","0","0","1","1","0","41621","0","0","0","41621","41621","0","19061","0","0","0","19061","19061"
"2025-08-15","port290","Dhamra Port","India","IND","0","1","0","0","0","1","1","0","167895","0","0","0","167895","167895","0","0","0","0","0","0","0"
"2025-08-16","port290","Dhamra Port","India","IND","0","0","0","0","0","0","0","0","0","0","0","0","0","0","0","0","0","0","0","0","0"
"2025-08-17","port290","Dhamra Port","India","IND","0","0","1","0","0","1","1","0","0","2305","0","0","2305","2305","0","0","4134","0","0","4134","4134"
"2025-08-18","port290","Dhamra Port","India","IND","0","0","0","0","0","0","0","0","0","0","0","0","0","0","0","0","0","0","0","0","0"
"2025-08-19","port290","Dhamra Port","India","IND","0","0","0","0","0","0","0","0","0","0","0","0","0","0","0","0","0","0","0","0","0"
"2025-08-20","port290","Dhamra Port","India","IND","0","1","0","0","0","1","1","0","109496","0","0","0","109496","109496","0","0","0","0","0","0","0"
"2025-08-21","port290","Dhamra Port","India","IND","0","0","0","0","0","0","0","0","0","0","0","0","0","0","0","0","0","0","0","0","0"
"2025-08-22","port290","Dhamra Port","India","IND","0","0","0","0","0","0","0","0","0","0","0","0","0","0","0","0","0","0","0","0","0"
"2025-08-23","port290","Dhamra Port","India","IND","0","0","0","0","0","0","0","0","0","0","0","0","0","0","0","0","0","0","0","0","0"
"2025-08-24","port290","Dhamra Port","India","IND","0","0","0","0","0","0","0","0","0","0","0","0","0","0","0","0","0","0","0","0","0"
"2025-08-25","port290","Dhamra Port","India","IND","0","0","0","0","0","0","0","0","0","0","0","0","0","0","0","0","0","0","0","0","0"
"2025-08-26","port290","Dhamra Port","India","IND","0","1","0","0","0","1","1","0","41621","0","0","0","41621","41621","0","19061","0","0","0","19061","19061"
"2025-08-27","port290","Dhamra Port","India","IND","0","0","0","0","0","0","0","0","0","0","0","0","0","0","0","0","0","0","0","0","0"
"2025-08-28","port290","Dhamra Port","India","IND","0","0","0","0","0","0","0","0","0","0","0","0","0","0","0","0","0","0","0","0","0"
"2025-08-29","port290","Dhamra Port","India","IND","0","0","0","0","0","0","0","0","0","0","0","0","0","0","0","0","0","0","0","0","0"
"2025-08-30","port290","Dhamra Port","India","IND","0","2","0","0","0","2","2","0","41621","0","0","0","41621","41621","0","23516","0","0","0","23516","23516"
"2025-08-31","port290","Dhamra Port","India","IND","0","3","0","0","0","3","3","0","117334","0","0","0","117334","117334","0","38123","0","0","0","38123","38123"
"2025-09-01","port290","Dhamra Port","India","IND","0","0","0","0","0","0","0","0","0","0","0","0","0","0","0","0","0","0","0","0","0"
"2025-09-02","port290","Dhamra Port","India","IND","0","0","0","0","0","0","0","0","0","0","0","0","0","0","0","0","0","0","0","0","0"
"2025-09-03","port290","Dhamra Port","India","IND","0","0","0","0","0","0","0","0","0","0","0","0","0","0","0","0","0","0","0","0","0"
"2025-09-04","port290","Dhamra Port","India","IND","0","0","0","0","0","0","0","0","0","0","0","0","0","0","0","0","0","0","0","0","0"
"2025-09-05","port290","Dhamra Port","India","IND","0","1","0","0","0","1","1","0","0","0","0","0","0","0","0","0","0","0","0","0","0"
"2025-09-06","port290","Dhamra Port","India","IND","0","1","0","0","0","1","1","0","41621","0","0","0","41621","41621","0","19061","0","0","0","19061","19061"
"2025-09-07","port290","Dhamra Port","India","IND","0","1","0","0","0","1","1","0","41621","0","0","0","41621","41621","0","19061","0","0","0","19061","19061"
"2025-09-08","port290","Dhamra Port","India","IND","0","2","0","0","0","2","2","0","204947","0","0","0","204947","204947","0","19061","0","0","0","19061","19061"
"2025-09-09","port290","Dhamra Port","India","IND","0","2","0","0","0","2","2","0","101944","0","0","0","101944","101944","0","19061","0","0","0","19061","19061"
"2025-09-10","port290","Dhamra Port","India","IND","0","0","0","0","0","0","0","0","0","0","0","0","0","0","0","0","0","0","0","0","0"
"2025-09-11","port290","Dhamra Port","India","IND","0","0","0","0","0","0","0","0","0","0","0","0","0","0","0","0","0","0","0","0","0"
"2025-09-12","port290","Dhamra Port","India","IND","0","0","0","0","0","0","0","0","0","0","0","0","0","0","0","0","0","0","0","0","0"
"2025-09-13","port290","Dhamra Port","India","IND","0","1","0","0","0","1","1","0","41621","0","0","0","41621","41621","0","19061","0","0","0","19061","19061"
"2025-09-14","port290","Dhamra Port","India","IND","0","2","0","0","0","2","2","0","83243","0","0","0","83243","83243","0","38123","0","0","0","38123","38123"
"2025-09-15","port290","Dhamra Port","India","IND","0","1","0","0","0","1","1","0","41621","0","0","0","41621","41621","0","19061","0","0","0","19061","19061"
"2025-09-16","port290","Dhamra Port","India","IND","0","2","0","0","0","2","2","0","41621","0","0","0","41621","41621","0","77862","0","0","0","77862","77862"
"2025-09-17","port290","Dhamra Port","India","IND","0","2","0","0","0","2","2","0","72352","0","0","0","72352","72352","0","2109","0","0","0","2109","2109"
"2025-09-18","port290","Dhamra Port","India","IND","0","1","0","0","0","1","1","0","79383","0","0","0","79383","79383","0","0","0","0","0","0","0"
"2025-09-19","port290","Dhamra Port","India","IND","0","1","0","0","0","1","1","0","41621","0","0","0","41621","41621","0","19061","0","0","0","19061","19061"
"2025-09-20","port290","Dhamra Port","India","IND","0","1","0","0","0","1","1","0","0","0","0","0","0","0","0","56037","0","0","0","56037","56037"
"2025-09-21","port290","Dhamra Port","India","IND","0","0","0","0","0","0","0","0","0","0","0","0","0","0","0","0","0","0","0","0","0"
"2025-09-22","port290","Dhamra Port","India","IND","0","2","0","0","0","2","2","0","41621","0","0","0","41621","41621","0","77839","0","0","0","77839","77839"
"2025-09-23","port290","Dhamra Port","India","IND","0","0","0","0","0","0","0","0","0","0","0","0","0","0","0","0","0","0","0","0","0"
"2025-09-24","port290","Dhamra Port","India","IND","0","0","0","0","0","0","0","0","0","0","0","0","0","0","0","0","0","0","0","0","0"
"2025-09-25","port290","Dhamra Port","India","IND","0","0","0","0","0","0","0","0","0","0","0","0","0","0","0","0","0","0","0","0","0"
"2025-09-26","port290","Dhamra Port","India","IND","0","0","0","0","0","0","0","0","0","0","0","0","0","0","0","0","0","0","0","0","0"
"2025-09-27","port290","Dhamra Port","India","IND","0","3","0","0","0","3","3","0","41621","0","0","0","41621","41621","0","119874","0","0","0","119874","119874"
"2025-09-28","port290","Dhamra Port","India","IND","0","1","0","0","0","1","1","0","41827","0","0","0","41827","41827","0","0","0","0","0","0","0"
"2025-09-29","port290","Dhamra Port","India","IND","0","0","0","0","0","0","0","0","0","0","0","0","0","0","0","0","0","0","0","0","0"
"2025-09-30","port290","Dhamra Port","India","IND","0","0","0","0","0","0","0","0","0","0","0","0","0","0","0","0","0","0","0","0","0"
"2025-10-01","port290","Dhamra Port","India","IND","0","0","0","0","0","0","0","0","0","0","0","0","0","0","0","0","0","0","0","0","0"
"2025-10-02","port290","Dhamra Port","India","IND","0","1","0","0","0","1","1","0","41621","0","0","0","41621","41621","0","19061","0","0","0","19061","19061"
"2025-10-03","port290","Dhamra Port","India","IND","0","0","0","0","0","0","0","0","0","0","0","0","0","0","0","0","0","0","0","0","0"
"2025-10-04","port290","Dhamra Port","India","IND","0","0","0","0","0","0","0","0","0","0","0","0","0","0","0","0","0","0","0","0","0"
"2025-10-05","port290","Dhamra Port","India","IND","0","1","0","0","0","1","1","0","41621","0","0","0","41621","41621","0","19061","0","0","0","19061","19061"
"2025-10-06","port290","Dhamra Port","India","IND","0","0","0","0","0","0","0","0","0","0","0","0","0","0","0","0","0","0","0","0","0"
"2025-10-07","port290","Dhamra Port","India","IND","0","1","0","0","0","1","1","0","30189","0","0","0","30189","30189","0","0","0","0","0","0","0"
"2025-10-08","port290","Dhamra Port","India","IND","0","0","0","0","0","0","0","0","0","0","0","0","0","0","0","0","0","0","0","0","0"
"2025-10-09","port290","Dhamra Port","India","IND","0","1","0","0","0","1","1","0","41621","0","0","0","41621","41621","0","19061","0","0","0","19061","19061"
"2025-10-10","port290","Dhamra Port","India","IND","0","1","0","0","0","1","1","0","1669","0","0","0","1669","1669","0","0","0","0","0","0","0"
"2025-10-11","port290","Dhamra Port","India","IND","0","1","0","0","0","1","1","0","41621","0","0","0","41621","41621","0","19061","0","0","0","19061","19061"
"2025-10-12","port290","Dhamra Port","India","IND","0","1","0","0","0","1","1","0","0","0","0","0","0","0","0","73171","0","0","0","73171","73171"
"2025-10-13","port290","Dhamra Port","India","IND","0","1","0","0","0","1","1","0","164607","0","0","0","164607","164607","0","0","0","0","0","0","0"
"2025-10-14","port290","Dhamra Port","India","IND","0","0","0","0","0","0","0","0","0","0","0","0","0","0","0","0","0","0","0","0","0"
"2025-10-15","port290","Dhamra Port","India","IND","0","0","0","0","0","0","0","0","0","0","0","0","0","0","0","0","0","0","0","0","0"
"2025-10-16","port290","Dhamra Port","India","IND","0","0","0","0","0","0","0","0","0","0","0","0","0","0","0","0","0","0","0","0","0"
"2025-10-17","port290","Dhamra Port","India","IND","0","0","0","0","0","0","0","0","0","0","0","0","0","0","0","0","0","0","0","0","0"
"2025-10-18","port290","Dhamra Port","India","IND","0","0","0","0","0","0","0","0","0","0","0","0","0","0","0","0","0","0","0","0","0"
"2025-10-19","port290","Dhamra Port","India","IND","0","1","0","0","0","1","1","0","0","0","0","0","0","0","0","12409","0","0","0","12409","12409"
"2025-10-20","port290","Dhamra Port","India","IND","0","1","0","0","0","1","1","0","18254","0","0","0","18254","18254","0","30100","0","0","0","30100","30100"
"2025-10-21","port290","Dhamra Port","India","IND","0","1","0","0","0","1","1","0","41621","0","0","0","41621","41621","0","19061","0","0","0","19061","19061"
"2025-10-22","port290","Dhamra Port","India","IND","0","0","0","0","0","0","0","0","0","0","0","0","0","0","0","0","0","0","0","0","0"
"2025-10-23","port290","Dhamra Port","India","IND","0","2","0","0","0","2","2","0","41621","0","0","0","41621","41621","0","19061","0","0","0","19061","19061"
"2025-10-24","port290","Dhamra Port","India","IND","0","0","0","0","0","0","0","0","0","0","0","0","0","0","0","0","0","0","0","0","0"
"2025-10-25","port290","Dhamra Port","India","IND","0","2","0","0","0","2","2","0","41621","0","0","0","41621","41621","0","24457","0","0","0","24457","24457"
"2025-10-26","port290","Dhamra Port","India","IND","0","1","0","0","0","1","1","0","0","0","0","0","0","0","0","54416","0","0","0","54416","54416"
"2025-10-27","port290","Dhamra Port","India","IND","0","2","0","0","0","2","2","0","44404","0","0","0","44404","44404","0","19061","0","0","0","19061","19061"
"2025-10-28","port290","Dhamra Port","India","IND","0","1","0","0","0","1","1","0","162194","0","0","0","162194","162194","0","0","0","0","0","0","0"
"2025-10-29","port290","Dhamra Port","India","IND","0","1","0","0","0","1","1","0","41621","0","0","0","41621","41621","0","19061","0","0","0","19061","19061"
"2025-10-30","port290","Dhamra Port","India","IND","0","0","0","0","0","0","0","0","0","0","0","0","0","0","0","0","0","0","0","0","0"
"2025-10-31","port290","Dhamra Port","India","IND","0","1","0","0","0","1","1","0","52475","0","0","0","52475","52475","0","0","0","0","0","0","0"
"2025-11-01","port290","Dhamra Port","India","IND","0","0","0","0","0","0","0","0","0","0","0","0","0","0","0","0","0","0","0","0","0"
"2025-11-02","port290","Dhamra Port","India","IND","0","1","0","0","0","1","1","0","0","0","0","0","0","0","0","51737","0","0","0","51737","51737"
"2025-11-03","port290","Dhamra Port","India","IND","0","3","0","0","0","3","3","0","83243","0","0","0","83243","83243","0","42220","0","0","0","42220","42220"
"2025-11-04","port290","Dhamra Port","India","IND","0","0","0","0","0","0","0","0","0","0","0","0","0","0","0","0","0","0","0","0","0"
"2025-11-05","port290","Dhamra Port","India","IND","0","0","0","0","0","0","0","0","0","0","0","0","0","0","0","0","0","0","0","0","0"
"2025-11-06","port290","Dhamra Port","India","IND","0","0","1","0","0","1","1","0","0","926","0","0","926","926","0","0","0","0","0","0","0"
"2025-11-07","port290","Dhamra Port","India","IND","0","1","0","0","0","1","1","0","110467","0","0","0","110467","110467","0","0","0","0","0","0","0"
"2025-11-08","port290","Dhamra Port","India","IND","0","1","0","0","0","1","1","0","0","0","0","0","0","0","0","0","0","0","0","0","0"
"2025-11-09","port290","Dhamra Port","India","IND","0","1","0","0","0","1","1","0","18254","0","0","0","18254","18254","0","30100","0","0","0","30100","30100"
"2025-11-10","port290","Dhamra Port","India","IND","0","1","0","0","0","1","1","0","41621","0","0","0","41621","41621","0","19061","0","0","0","19061","19061"
"2025-11-11","port290","Dhamra Port","India","IND","0","0","0","0","0","0","0","0","0","0","0","0","0","0","0","0","0","0","0","0","0"
"2025-11-12","port290","Dhamra Port","India","IND","0","2","0","0","0","2","2","0","149826","0","0","0","149826","149826","0","0","0","0","0","0","0"
"2025-11-13","port290","Dhamra Port","India","IND","0","0","0","0","0","0","0","0","0","0","0","0","0","0","0","0","0","0","0","0","0"
"2025-11-14","port290","Dhamra Port","India","IND","0","0","0","0","0","0","0","0","0","0","0","0","0","0","0","0","0","0","0","0","0"
"2025-11-15","port290","Dhamra Port","India","IND","0","0","0","0","0","0","0","0","0","0","0","0","0","0","0","0","0","0","0","0","0"
"2025-11-16","port290","Dhamra Port","India","IND","0","0","0","0","0","0","0","0","0","0","0","0","0","0","0","0","0","0","0","0","0"
"2025-11-17","port290","Dhamra Port","India","IND","0","1","0","0","0","1","1","0","41621","0","0","0","41621","41621","0","19061","0","0","0","19061","19061"
"2025-11-18","port290","Dhamra Port","India","IND","0","1","0","0","0","1","1","0","0","0","0","0","0","0","0","30998","0","0","0","30998","30998"
"2025-11-19","port290","Dhamra Port","India","IND","0","0","0","0","0","0","0","0","0","0","0","0","0","0","0","0","0","0","0","0","0"
"2025-11-20","port290","Dhamra Port","India","IND","0","1","0","0","0","1","1","0","41621","0","0","0","41621","41621","0","19061","0","0","0","19061","19061"
"2025-11-21","port290","Dhamra Port","India","IND","0","1","0","0","0","1","1","0","0","0","0","0","0","0","0","59432","0","0","0","59432","59432"
"2025-11-22","port290","Dhamra Port","India","IND","0","2","0","0","0","2","2","0","168100","0","0","0","168100","168100","0","79588","0","0","0","79588","79588"
"2025-11-23","port290","Dhamra Port","India","IND","0","0","0","0","0","0","0","0","0","0","0","0","0","0","0","0","0","0","0","0","0"
"2025-11-24","port290","Dhamra Port","India","IND","0","3","0","0","0","3","3","0","76666","0","0","0","76666","76666","0","19061","0","0","0","19061","19061"
"2025-11-25","port290","Dhamra Port","India","IND","0","2","0","0","0","2","2","0","51369","0","0","0","51369","51369","0","8184","0","0","0","8184","8184"
"2025-11-26","port290","Dhamra Port","India","IND","0","0","0","0","0","0","0","0","0","0","0","0","0","0","0","0","0","0","0","0","0"
"2025-11-27","port290","Dhamra Port","India","IND","0","0","0","0","0","0","0","0","0","0","0","0","0","0","0","0","0","0","0","0","0"
"2025-11-28","port290","Dhamra Port","India","IND","0","0","0","0","0","0","0","0","0","0","0","0","0","0","0","0","0","0","0","0","0"
"2025-11-29","port290","Dhamra Port","India","IND","0","1","0","0","0","1","1","0","41621","0","0","0","41621","41621","0","19061","0","0","0","19061","19061"
"2025-11-30","port290","Dhamra Port","India","IND","0","1","0","0","0","1","1","0","38261","0","0","0","38261","38261","0","0","0","0","0","0","0"
"2025-12-01","port290","Dhamra Port","India","IND","0","0","0","0","0","0","0","0","0","0","0","0","0","0","0","0","0","0","0","0","0"
"2025-12-02","port290","Dhamra Port","India","IND","0","1","0","0","0","1","1","0","41621","0","0","0","41621","41621","0","19061","0","0","0","19061","19061"
"2025-12-03","port290","Dhamra Port","India","IND","0","0","0","0","0","0","0","0","0","0","0","0","0","0","0","0","0","0","0","0","0"
"2025-12-04","port290","Dhamra Port","India","IND","0","0","0","0","0","0","0","0","0","0","0","0","0","0","0","0","0","0","0","0","0"
"2025-12-05","port290","Dhamra Port","India","IND","0","0","0","0","0","0","0","0","0","0","0","0","0","0","0","0","0","0","0","0","0"
"2025-12-06","port290","Dhamra Port","India","IND","0","7","0","0","0","7","7","0","276992","0","0","0","276992","276992","0","101943","0","0","0","101943","101943"
"2025-12-07","port290","Dhamra Port","India","IND","0","1","0","0","0","1","1","0","41621","0","0","0","41621","41621","0","19061","0","0","0","19061","19061"
"2025-12-08","port290","Dhamra Port","India","IND","0","0","0","0","0","0","0","0","0","0","0","0","0","0","0","0","0","0","0","0","0"
"2025-12-09","port290","Dhamra Port","India","IND","0","0","0","0","0","0","0","0","0","0","0","0","0","0","0","0","0","0","0","0","0"
"2025-12-10","port290","Dhamra Port","India","IND","0","0","0","0","0","0","0","0","0","0","0","0","0","0","0","0","0","0","0","0","0"
"2025-12-11","port290","Dhamra Port","India","IND","0","0","0","0","0","0","0","0","0","0","0","0","0","0","0","0","0","0","0","0","0"
"2025-12-12","port290","Dhamra Port","India","IND","0","0","0","0","0","0","0","0","0","0","0","0","0","0","0","0","0","0","0","0","0"
"2025-12-13","port290","Dhamra Port","India","IND","0","0","0","0","0","0","0","0","0","0","0","0","0","0","0","0","0","0","0","0","0"
"2025-12-14","port290","Dhamra Port","India","IND","0","1","0","0","0","1","1","0","86190","0","0","0","86190","86190","0","0","0","0","0","0","0"
"2025-12-15","port290","Dhamra Port","India","IND","0","0","0","0","0","0","0","0","0","0","0","0","0","0","0","0","0","0","0","0","0"
"2025-12-16","port290","Dhamra Port","India","IND","0","0","0","0","0","0","0","0","0","0","0","0","0","0","0","0","0","0","0","0","0"
"2025-12-17","port290","Dhamra Port","India","IND","0","0","0","0","0","0","0","0","0","0","0","0","0","0","0","0","0","0","0","0","0"
"2025-12-18","port290","Dhamra Port","India","IND","0","1","0","0","0","1","1","0","41621","0","0","0","41621","41621","0","19061","0","0","0","19061","19061"
"2025-12-19","port290","Dhamra Port","India","IND","0","0","0","0","0","0","0","0","0","0","0","0","0","0","0","0","0","0","0","0","0"
"2025-12-20","port290","Dhamra Port","India","IND","0","0","0","0","0","0","0","0","0","0","0","0","0","0","0","0","0","0","0","0","0"
"2025-12-21","port290","Dhamra Port","India","IND","0","1","0","0","0","1","1","0","79109","0","0","0","79109","79109","0","0","0","0","0","0","0"
"2025-12-22","port290","Dhamra Port","India","IND","0","2","0","0","0","2","2","0","0","0","0","0","0","0","0","98144","0","0","0","98144","98144"
"2025-12-23","port290","Dhamra Port","India","IND","0","1","0","0","0","1","1","0","41621","0","0","0","41621","41621","0","19061","0","0","0","19061","19061"
"2025-12-24","port290","Dhamra Port","India","IND","0","0","0","0","0","0","0","0","0","0","0","0","0","0","0","0","0","0","0","0","0"
"2025-12-25","port290","Dhamra Port","India","IND","0","1","0","0","0","1","1","0","41621","0","0","0","41621","41621","0","19061","0","0","0","19061","19061"
"2025-12-26","port290","Dhamra Port","India","IND","0","0","0","0","0","0","0","0","0","0","0","0","0","0","0","0","0","0","0","0","0"
"2025-12-27","port290","Dhamra Port","India","IND","0","0","0","0","0","0","0","0","0","0","0","0","0","0","0","0","0","0","0","0","0"
"2025-12-28","port290","Dhamra Port","India","IND","0","2","0","0","0","2","2","0","0","0","0","0","0","0","0","73643","0","0","0","73643","73643"
"2025-12-29","port290","Dhamra Port","India","IND","0","1","0","0","0","1","1","0","41621","0","0","0","41621","41621","0","19061","0","0","0","19061","19061"
"2025-12-30","port290","Dhamra Port","India","IND","0","0","0","0","0","0","0","0","0","0","0","0","0","0","0","0","0","0","0","0","0"
"2025-12-31","port290","Dhamra Port","India","IND","0","1","0","0","0","1","1","0","41621","0","0","0","41621","41621","0","19061","0","0","0","19061","19061"
"2026-01-01","port290","Dhamra Port","India","IND","0","0","0","0","0","0","0","0","0","0","0","0","0","0","0","0","0","0","0","0","0"
"2026-01-02","port290","Dhamra Port","India","IND","0","1","0","0","0","1","1","0","0","0","0","0","0","0","0","11111","0","0","0","11111","11111"
"2026-01-03","port290","Dhamra Port","India","IND","0","0","0","0","0","0","0","0","0","0","0","0","0","0","0","0","0","0","0","0","0"
"2026-01-04","port290","Dhamra Port","India","IND","0","0","0","0","0","0","0","0","0","0","0","0","0","0","0","0","0","0","0","0","0"
"2026-01-05","port290","Dhamra Port","India","IND","0","2","0","0","0","2","2","0","127979","0","0","0","127979","127979","0","19061","0","0","0","19061","19061"
"2026-01-06","port290","Dhamra Port","India","IND","0","0","0","0","0","0","0","0","0","0","0","0","0","0","0","0","0","0","0","0","0"
"2026-01-07","port290","Dhamra Port","India","IND","0","0","0","0","0","0","0","0","0","0","0","0","0","0","0","0","0","0","0","0","0"
"2026-01-08","port290","Dhamra Port","India","IND","0","1","0","0","0","1","1","0","0","0","0","0","0","0","0","54419","0","0","0","54419","54419"
"2026-01-09","port290","Dhamra Port","India","IND","0","0","0","0","0","0","0","0","0","0","0","0","0","0","0","0","0","0","0","0","0"
"2026-01-10","port290","Dhamra Port","India","IND","0","2","0","0","0","2","2","0","145257","0","0","0","145257","145257","0","19061","0","0","0","19061","19061"
"2026-01-11","port290","Dhamra Port","India","IND","0","1","0","0","0","1","1","0","166890","0","0","0","166890","166890","0","0","0","0","0","0","0"
"2026-01-12","port290","Dhamra Port","India","IND","0","1","0","0","0","1","1","0","41621","0","0","0","41621","41621","0","19061","0","0","0","19061","19061"
"2026-01-13","port290","Dhamra Port","India","IND","0","0","0","0","0","0","0","0","0","0","0","0","0","0","0","0","0","0","0","0","0"
"2026-01-14","port290","Dhamra Port","India","IND","0","2","0","0","0","2","2","0","78579","0","0","0","78579","78579","0","73171","0","0","0","73171","73171"
"2026-01-15","port290","Dhamra Port","India","IND","0","0","0","0","0","0","0","0","0","0","0","0","0","0","0","0","0","0","0","0","0"
"2026-01-16","port290","Dhamra Port","India","IND","0","1","0","0","0","1","1","0","41621","0","0","0","41621","41621","0","19061","0","0","0","19061","19061"
"2026-01-17","port290","Dhamra Port","India","IND","0","0","0","0","0","0","0","0","0","0","0","0","0","0","0","0","0","0","0","0","0"
"2026-01-18","port290","Dhamra Port","India","IND","0","0","0","0","0","0","0","0","0","0","0","0","0","0","0","0","0","0","0","0","0"
"2026-01-19","port290","Dhamra Port","India","IND","0","0","0","0","0","0","0","0","0","0","0","0","0","0","0","0","0","0","0","0","0"
"2026-01-20","port290","Dhamra Port","India","IND","0","0","0","0","0","0","0","0","0","0","0","0","0","0","0","0","0","0","0","0","0"
"2026-01-21","port290","Dhamra Port","India","IND","0","1","0","0","0","1","1","0","0","0","0","0","0","0","0","63277","0","0","0","63277","63277"
"2026-01-22","port290","Dhamra Port","India","IND","0","0","0","0","0","0","0","0","0","0","0","0","0","0","0","0","0","0","0","0","0"
"2026-01-23","port290","Dhamra Port","India","IND","0","0","0","0","0","0","0","0","0","0","0","0","0","0","0","0","0","0","0","0","0"
"2026-01-24","port290","Dhamra Port","India","IND","0","1","1","0","0","2","2","0","41621","0","0","0","41621","41621","0","19061","18530","0","0","37592","37592"
"2026-01-25","port290","Dhamra Port","India","IND","0","1","0","0","0","1","1","0","53201","0","0","0","53201","53201","0","0","0","0","0","0","0"
"2026-01-26","port290","Dhamra Port","India","IND","0","1","0","0","0","1","1","0","0","0","0","0","0","0","0","12758","0","0","0","12758","12758"
"2026-01-27","port290","Dhamra Port","India","IND","0","1","0","0","0","1","1","0","41621","0","0","0","41621","41621","0","19061","0","0","0","19061","19061"
"2026-01-28","port290","Dhamra Port","India","IND","0","0","0","0","0","0","0","0","0","0","0","0","0","0","0","0","0","0","0","0","0"
"2026-01-29","port290","Dhamra Port","India","IND","0","0","0","0","0","0","0","0","0","0","0","0","0","0","0","0","0","0","0","0","0"
"2026-01-30","port290","Dhamra Port","India","IND","0","1","0","0","0","1","1","0","41621","0","0","0","41621","41621","0","19061","0","0","0","19061","19061"
"2026-01-31","port290","Dhamra Port","India","IND","0","0","0","0","0","0","0","0","0","0","0","0","0","0","0","0","0","0","0","0","0"
"2026-02-01","port290","Dhamra Port","India","IND","0","1","0","0","0","1","1","0","0","0","0","0","0","0","0","60339","0","0","0","60339","60339"
"2026-02-02","port290","Dhamra Port","India","IND","0","1","0","0","0","1","1","0","103507","0","0","0","103507","103507","0","0","0","0","0","0","0"
"2026-02-03","port290","Dhamra Port","India","IND","0","2","0","0","0","2","2","0","41621","0","0","0","41621","41621","0","29254","0","0","0","29254","29254"
"2026-02-04","port290","Dhamra Port","India","IND","0","1","0","0","0","1","1","0","41621","0","0","0","41621","41621","0","19061","0","0","0","19061","19061"
"2026-02-05","port290","Dhamra Port","India","IND","0","0","0","0","0","0","0","0","0","0","0","0","0","0","0","0","0","0","0","0","0"
"2026-02-06","port290","Dhamra Port","India","IND","0","1","0","0","0","1","1","0","0","0","0","0","0","0","0","60880","0","0","0","60880","60880"
"2026-02-07","port290","Dhamra Port","India","IND","0","0","0","0","0","0","0","0","0","0","0","0","0","0","0","0","0","0","0","0","0"
"2026-02-08","port290","Dhamra Port","India","IND","0","2","0","0","0","2","2","0","83243","0","0","0","83243","83243","0","38123","0","0","0","38123","38123"
"2026-02-09","port290","Dhamra Port","India","IND","0","2","0","0","0","2","2","0","79978","0","0","0","79978","79978","0","0","0","0","0","0","0"
"2026-02-10","port290","Dhamra Port","India","IND","0","1","0","0","0","1","1","0","0","0","0","0","0","0","0","73171","0","0","0","73171","73171"
"2026-02-11","port290","Dhamra Port","India","IND","0","1","0","0","0","1","1","0","41621","0","0","0","41621","41621","0","19061","0","0","0","19061","19061"
"2026-02-12","port290","Dhamra Port","India","IND","0","1","0","0","0","1","1","0","0","0","0","0","0","0","0","56352","0","0","0","56352","56352"
"2026-02-13","port290","Dhamra Port","India","IND","0","0","0","0","0","0","0","0","0","0","0","0","0","0","0","0","0","0","0","0","0"
"2026-02-14","port290","Dhamra Port","India","IND","0","1","0","0","0","1","1","0","41621","0","0","0","41621","41621","0","19061","0","0","0","19061","19061"
"2026-02-15","port290","Dhamra Port","India","IND","0","0","1","0","0","1","1","0","0","0","0","0","0","0","0","0","0","0","0","0","0"
"2026-02-16","port290","Dhamra Port","India","IND","0","0","0","0","0","0","0","0","0","0","0","0","0","0","0","0","0","0","0","0","0"
"2026-02-17","port290","Dhamra Port","India","IND","0","2","0","0","0","2","2","0","138803","0","0","0","138803","138803","0","0","0","0","0","0","0"
"2026-02-18","port290","Dhamra Port","India","IND","0","0","0","0","0","0","0","0","0","0","0","0","0","0","0","0","0","0","0","0","0"
"2026-02-19","port290","Dhamra Port","India","IND","0","2","0","0","0","2","2","0","94880","0","0","0","94880","94880","0","19061","0","0","0","19061","19061"
"2026-02-20","port290","Dhamra Port","India","IND","0","0","0","0","0","0","0","0","0","0","0","0","0","0","0","0","0","0","0","0","0"
"2026-02-21","port290","Dhamra Port","India","IND","0","0","0","0","0","0","0","0","0","0","0","0","0","0","0","0","0","0","0","0","0"
"2026-02-22","port290","Dhamra Port","India","IND","0","1","0","0","0","1","1","0","103635","0","0","0","103635","103635","0","0","0","0","0","0","0"
"2026-02-23","port290","Dhamra Port","India","IND","0","1","0","0","0","1","1","0","84020","0","0","0","84020","84020","0","0","0","0","0","0","0"
"2026-02-24","port290","Dhamra Port","India","IND","0","0","0","0","0","0","0","0","0","0","0","0","0","0","0","0","0","0","0","0","0"
"2026-02-25","port290","Dhamra Port","India","IND","0","1","0","0","0","1","1","0","18254","0","0","0","18254","18254","0","30100","0","0","0","30100","30100"
"2026-02-26","port290","Dhamra Port","India","IND","0","1","0","0","0","1","1","0","41459","0","0","0","41459","41459","0","0","0","0","0","0","0"
"2026-02-27","port290","Dhamra Port","India","IND","0","1","0","0","0","1","1","0","50160","0","0","0","50160","50160","0","0","0","0","0","0","0"
"2026-02-28","port290","Dhamra Port","India","IND","0","3","0","0","0","3","3","0","27903","0","0","0","27903","27903","0","23214","0","0","0","23214","23214"
"2026-03-01","port290","Dhamra Port","India","IND","0","1","0","0","0","1","1","0","0","0","0","0","0","0","0","0","0","0","0","0","0"
"2026-03-02","port290","Dhamra Port","India","IND","0","0","0","0","0","0","0","0","0","0","0","0","0","0","0","0","0","0","0","0","0"
"2026-03-03","port290","Dhamra Port","India","IND","0","1","0","0","0","1","1","0","79187","0","0","0","79187","79187","0","0","0","0","0","0","0"
"2026-03-04","port290","Dhamra Port","India","IND","0","1","0","0","0","1","1","0","18254","0","0","0","18254","18254","0","30100","0","0","0","30100","30100"
"2026-03-05","port290","Dhamra Port","India","IND","0","0","0","0","0","0","0","0","0","0","0","0","0","0","0","0","0","0","0","0","0"
"2026-03-06","port290","Dhamra Port","India","IND","0","0","0","0","0","0","0","0","0","0","0","0","0","0","0","0","0","0","0","0","0"
"2026-03-07","port290","Dhamra Port","India","IND","0","0","0","0","0","0","0","0","0","0","0","0","0","0","0","0","0","0","0","0","0"
"2026-03-08","port290","Dhamra Port","India","IND","0","0","0","0","0","0","0","0","0","0","0","0","0","0","0","0","0","0","0","0","0"
"2026-03-09","port290","Dhamra Port","India","IND","0","1","0","0","0","1","1","0","76529","0","0","0","76529","76529","0","0","0","0","0","0","0"
"2026-03-10","port290","Dhamra Port","India","IND","0","1","0","0","0","1","1","0","41621","0","0","0","41621","41621","0","19061","0","0","0","19061","19061"
"2026-03-11","port290","Dhamra Port","India","IND","0","1","0","0","0","1","1","0","41621","0","0","0","41621","41621","0","19061","0","0","0","19061","19061"
"2026-03-12","port290","Dhamra Port","India","IND","0","1","0","0","0","1","1","0","41621","0","0","0","41621","41621","0","19061","0","0","0","19061","19061"
"2026-03-13","port290","Dhamra Port","India","IND","0","0","0","0","0","0","0","0","0","0","0","0","0","0","0","0","0","0","0","0","0"
"2026-03-14","port290","Dhamra Port","India","IND","0","0","0","0","0","0","0","0","0","0","0","0","0","0","0","0","0","0","0","0","0"
"2026-03-15","port290","Dhamra Port","India","IND","0","0","0","0","0","0","0","0","0","0","0","0","0","0","0","0","0","0","0","0","0"
"2024-01-07","port290","Dhamra Port","India","IND","0","1","0","0","0","1","1","0","0","0","0","0","0","0","0","58816","0","0","0","58816","58816"
"2021-10-29","port290","Dhamra Port","India","IND","0","2","0","0","0","2","2","0","122455","0","0","0","122455","122455","0","19061","0","0","0","19061","19061"
"2022-12-03","port290","Dhamra Port","India","IND","0","2","0","0","0","2","2","0","41621","0","0","0","41621","41621","0","52946","0","0","0","52946","52946"
"2022-12-04","port290","Dhamra Port","India","IND","0","0","0","0","0","0","0","0","0","0","0","0","0","0","0","0","0","0","0","0","0"
"2022-12-05","port290","Dhamra Port","India","IND","0","1","0","0","0","1","1","0","41621","0","0","0","41621","41621","0","19061","0","0","0","19061","19061"
"2024-01-08","port290","Dhamra Port","India","IND","0","2","0","0","0","2","2","0","72944","0","0","0","72944","72944","0","60830","0","0","0","60830","60830"
"2026-03-17","port290","Dhamra Port","India","IND","0","0","0","0","0","0","0","0","0","0","0","0","0","0","0","0","0","0","0","0","0"
"2021-10-30","port290","Dhamra Port","India","IND","0","0","0","0","0","0","0","0","0","0","0","0","0","0","0","0","0","0","0","0","0"
"2022-12-06","port290","Dhamra Port","India","IND","0","1","0","0","0","1","1","0","37904","0","0","0","37904","37904","0","0","0","0","0","0","0"
"2024-01-09","port290","Dhamra Port","India","IND","0","2","0","0","0","2","2","0","41827","0","0","0","41827","41827","0","71329","0","0","0","71329","71329"
"2026-03-18","port290","Dhamra Port","India","IND","0","2","0","0","0","2","2","0","204318","0","0","0","204318","204318","0","19061","0","0","0","19061","19061"
"2021-10-31","port290","Dhamra Port","India","IND","0","3","0","0","0","3","3","0","213727","0","0","0","213727","213727","0","0","0","0","0","0","0"
"2022-12-07","port290","Dhamra Port","India","IND","0","1","0","0","0","1","1","0","0","0","0","0","0","0","0","29255","0","0","0","29255","29255"
"2024-01-10","port290","Dhamra Port","India","IND","0","0","0","0","0","0","0","0","0","0","0","0","0","0","0","0","0","0","0","0","0"
"2026-03-19","port290","Dhamra Port","India","IND","0","2","0","0","0","2","2","0","41621","0","0","0","41621","41621","0","77103","0","0","0","77103","77103"
"2021-11-01","port290","Dhamra Port","India","IND","0","1","0","0","0","1","1","0","41621","0","0","0","41621","41621","0","19061","0","0","0","19061","19061"
"2022-12-08","port290","Dhamra Port","India","IND","0","3","0","0","0","3","3","0","174733","0","0","0","174733","174733","0","53970","0","0","0","53970","53970"
"2024-01-11","port290","Dhamra Port","India","IND","0","0","0","0","0","0","0","0","0","0","0","0","0","0","0","0","0","0","0","0","0"
"2026-03-20","port290","Dhamra Port","India","IND","0","1","0","0","0","1","1","0","41621","0","0","0","41621","41621","0","19061","0","0","0","19061","19061"
"2021-11-02","port290","Dhamra Port","India","IND","0","1","0","0","0","1","1","0","78265","0","0","0","78265","78265","0","0","0","0","0","0","0"
"2022-12-09","port290","Dhamra Port","India","IND","0","1","0","0","0","1","1","0","78323","0","0","0","78323","78323","0","0","0","0","0","0","0"
"2024-01-12","port290","Dhamra Port","India","IND","0","2","0","0","0","2","2","0","0","0","0","0","0","0","0","109285","0","0","0","109285","109285"
"2026-03-21","port290","Dhamra Port","India","IND","0","1","0","0","0","1","1","0","41621","0","0","0","41621","41621","0","19061","0","0","0","19061","19061"
"2021-11-03","port290","Dhamra Port","India","IND","0","2","0","0","0","2","2","0","72492","0","0","0","72492","72492","0","20646","0","0","0","20646","20646"
"2022-12-10","port290","Dhamra Port","India","IND","0","3","0","0","0","3","3","0","94840","0","0","0","94840","94840","0","55117","0","0","0","55117","55117"
"2024-01-13","port290","Dhamra Port","India","IND","0","0","0","0","0","0","0","0","0","0","0","0","0","0","0","0","0","0","0","0","0"
"2026-03-22","port290","Dhamra Port","India","IND","0","0","0","0","0","0","0","0","0","0","0","0","0","0","0","0","0","0","0","0","0"
"2021-11-04","port290","Dhamra Port","India","IND","0","0","0","0","0","0","0","0","0","0","0","0","0","0","0","0","0","0","0","0","0"
"2022-12-11","port290","Dhamra Port","India","IND","0","0","0","0","0","0","0","0","0","0","0","0","0","0","0","0","0","0","0","0","0"
"2024-01-14","port290","Dhamra Port","India","IND","0","3","0","0","0","3","3","0","38079","0","0","0","38079","38079","0","64279","0","0","0","64279","64279"
"2026-03-23","port290","Dhamra Port","India","IND","0","2","0","0","0","2","2","0","59875","0","0","0","59875","59875","0","49162","0","0","0","49162","49162"
"2021-11-05","port290","Dhamra Port","India","IND","0","2","0","0","0","2","2","0","105927","0","0","0","105927","105927","0","0","0","0","0","0","0"
"2022-12-12","port290","Dhamra Port","India","IND","0","1","0","0","0","1","1","0","31342","0","0","0","31342","31342","0","0","0","0","0","0","0"
"2024-01-15","port290","Dhamra Port","India","IND","0","0","0","0","0","0","0","0","0","0","0","0","0","0","0","0","0","0","0","0","0"
"2026-03-24","port290","Dhamra Port","India","IND","0","2","0","0","0","2","2","0","120781","0","0","0","120781","120781","0","19061","0","0","0","19061","19061"
"2021-11-06","port290","Dhamra Port","India","IND","0","0","0","0","0","0","0","0","0","0","0","0","0","0","0","0","0","0","0","0","0"
"2022-12-13","port290","Dhamra Port","India","IND","0","0","0","0","0","0","0","0","0","0","0","0","0","0","0","0","0","0","0","0","0"
"2024-01-16","port290","Dhamra Port","India","IND","0","2","0","0","0","2","2","0","0","0","0","0","0","0","0","85709","0","0","0","85709","85709"
"2026-03-25","port290","Dhamra Port","India","IND","0","0","0","0","0","0","0","0","0","0","0","0","0","0","0","0","0","0","0","0","0"
"2021-11-07","port290","Dhamra Port","India","IND","0","1","0","0","0","1","1","0","41621","0","0","0","41621","41621","0","19061","0","0","0","19061","19061"
"2022-12-14","port290","Dhamra Port","India","IND","0","0","0","0","0","0","0","0","0","0","0","0","0","0","0","0","0","0","0","0","0"
"2026-03-26","port290","Dhamra Port","India","IND","0","1","0","0","0","1","1","0","41621","0","0","0","41621","41621","0","19061","0","0","0","19061","19061"
"2021-11-08","port290","Dhamra Port","India","IND","0","2","0","0","0","2","2","0","78682","0","0","0","78682","78682","0","576","0","0","0","576","576"
"2022-12-15","port290","Dhamra Port","India","IND","0","0","0","0","0","0","0","0","0","0","0","0","0","0","0","0","0","0","0","0","0"
"2024-01-17","port290","Dhamra Port","India","IND","0","0","0","0","0","0","0","0","0","0","0","0","0","0","0","0","0","0","0","0","0"
"2026-03-27","port290","Dhamra Port","India","IND","0","1","0","0","0","1","1","0","18254","0","0","0","18254","18254","0","30100","0","0","0","30100","30100"
"2021-11-09","port290","Dhamra Port","India","IND","0","1","0","0","0","1","1","0","0","0","0","0","0","0","0","7265","0","0","0","7265","7265"
"2022-12-16","port290","Dhamra Port","India","IND","0","0","0","0","0","0","0","0","0","0","0","0","0","0","0","0","0","0","0","0","0"
"2024-01-18","port290","Dhamra Port","India","IND","0","0","0","0","0","0","0","0","0","0","0","0","0","0","0","0","0","0","0","0","0"
"2026-03-28","port290","Dhamra Port","India","IND","0","3","0","0","0","3","3","0","18254","0","0","0","18254","18254","0","168726","0","0","0","168726","168726"
"2021-11-10","port290","Dhamra Port","India","IND","0","1","0","0","0","1","1","0","78864","0","0","0","78864","78864","0","0","0","0","0","0","0"
"2022-12-17","port290","Dhamra Port","India","IND","0","0","0","0","0","0","0","0","0","0","0","0","0","0","0","0","0","0","0","0","0"
"2024-01-19","port290","Dhamra Port","India","IND","0","0","0","0","0","0","0","0","0","0","0","0","0","0","0","0","0","0","0","0","0"
"2026-03-29","port290","Dhamra Port","India","IND","0","1","0","0","0","1","1","0","0","0","0","0","0","0","0","55651","0","0","0","55651","55651"
"2021-11-11","port290","Dhamra Port","India","IND","0","1","0","0","0","1","1","0","16638","0","0","0","16638","16638","0","0","0","0","0","0","0"
"2022-12-18","port290","Dhamra Port","India","IND","0","0","0","0","0","0","0","0","0","0","0","0","0","0","0","0","0","0","0","0","0"
"2024-01-20","port290","Dhamra Port","India","IND","0","2","0","0","0","2","2","0","0","0","0","0","0","0","0","72577","0","0","0","72577","72577"
"2026-03-30","port290","Dhamra Port","India","IND","0","3","0","0","0","3","3","0","120220","0","0","0","120220","120220","0","68859","0","0","0","68859","68859"
"2021-11-12","port290","Dhamra Port","India","IND","0","1","0","0","0","1","1","0","91679","0","0","0","91679","91679","0","0","0","0","0","0","0"
"2022-12-19","port290","Dhamra Port","India","IND","0","1","0","0","0","1","1","0","161509","0","0","0","161509","161509","0","0","0","0","0","0","0"
"2024-01-21","port290","Dhamra Port","India","IND","0","1","0","0","0","1","1","0","41621","0","0","0","41621","41621","0","19061","0","0","0","19061","19061"
"2026-03-31","port290","Dhamra Port","India","IND","0","2","0","0","0","2","2","0","44965","0","0","0","44965","44965","0","19061","0","0","0","19061","19061"
"2021-11-13","port290","Dhamra Port","India","IND","0","1","0","0","0","1","1","0","162684","0","0","0","162684","162684","0","0","0","0","0","0","0"
"2022-12-20","port290","Dhamra Port","India","IND","0","1","0","0","0","1","1","0","0","0","0","0","0","0","0","48845","0","0","0","48845","48845"
"2024-01-22","port290","Dhamra Port","India","IND","0","0","0","0","0","0","0","0","0","0","0","0","0","0","0","0","0","0","0","0","0"
"2026-04-01","port290","Dhamra Port","India","IND","0","2","0","0","0","2","2","0","1144","0","0","0","1144","1144","0","73171","0","0","0","73171","73171"
"2021-11-14","port290","Dhamra Port","India","IND","0","0","0","0","0","0","0","0","0","0","0","0","0","0","0","0","0","0","0","0","0"
"2022-12-21","port290","Dhamra Port","India","IND","0","0","0","0","0","0","0","0","0","0","0","0","0","0","0","0","0","0","0","0","0"
"2024-01-23","port290","Dhamra Port","India","IND","0","0","0","0","0","0","0","0","0","0","0","0","0","0","0","0","0","0","0","0","0"
"2026-04-02","port290","Dhamra Port","India","IND","0","1","0","0","0","1","1","0","31387","0","0","0","31387","31387","0","0","0","0","0","0","0"
"2021-11-15","port290","Dhamra Port","India","IND","0","1","0","0","0","1","1","0","58679","0","0","0","58679","58679","0","0","0","0","0","0","0"
"2022-12-22","port290","Dhamra Port","India","IND","0","1","0","0","0","1","1","0","2411","0","0","0","2411","2411","0","0","0","0","0","0","0"
"2024-01-24","port290","Dhamra Port","India","IND","0","3","0","0","0","3","3","0","41621","0","0","0","41621","41621","0","71178","0","0","0","71178","71178"
"2026-04-03","port290","Dhamra Port","India","IND","0","0","0","0","0","0","0","0","0","0","0","0","0","0","0","0","0","0","0","0","0"
"2021-11-16","port290","Dhamra Port","India","IND","0","1","0","0","0","1","1","0","0","0","0","0","0","0","0","25103","0","0","0","25103","25103"
"2022-12-23","port290","Dhamra Port","India","IND","0","1","0","0","0","1","1","0","41621","0","0","0","41621","41621","0","19061","0","0","0","19061","19061"
"2024-01-25","port290","Dhamra Port","India","IND","0","0","0","0","0","0","0","0","0","0","0","0","0","0","0","0","0","0","0","0","0"
"2026-04-04","port290","Dhamra Port","India","IND","0","4","0","0","0","4","4","0","123520","0","0","0","123520","123520","0","93013","0","0","0","93013","93013"
"2021-11-17","port290","Dhamra Port","India","IND","0","2","0","0","0","2","2","0","149713","0","0","0","149713","149713","0","0","0","0","0","0","0"
"2022-12-24","port290","Dhamra Port","India","IND","0","1","0","0","0","1","1","0","12088","0","0","0","12088","12088","0","0","0","0","0","0","0"
"2024-01-26","port290","Dhamra Port","India","IND","0","0","0","0","0","0","0","0","0","0","0","0","0","0","0","0","0","0","0","0","0"
"2026-04-05","port290","Dhamra Port","India","IND","0","0","0","0","0","0","0","0","0","0","0","0","0","0","0","0","0","0","0","0","0"
"2021-11-18","port290","Dhamra Port","India","IND","0","0","0","0","0","0","0","0","0","0","0","0","0","0","0","0","0","0","0","0","0"
"2022-12-25","port290","Dhamra Port","India","IND","0","1","0","0","0","1","1","0","0","0","0","0","0","0","0","15924","0","0","0","15924","15924"
"2022-12-26","port290","Dhamra Port","India","IND","0","2","0","0","0","2","2","0","157471","0","0","0","157471","157471","0","0","0","0","0","0","0"
"2022-12-27","port290","Dhamra Port","India","IND","0","1","0","0","0","1","1","0","103483","0","0","0","103483","103483","0","0","0","0","0","0","0"
"2022-12-28","port290","Dhamra Port","India","IND","0","0","0","0","0","0","0","0","0","0","0","0","0","0","0","0","0","0","0","0","0"
"2022-12-29","port290","Dhamra Port","India","IND","0","0","0","0","0","0","0","0","0","0","0","0","0","0","0","0","0","0","0","0","0"
"2022-12-30","port290","Dhamra Port","India","IND","0","1","0","0","0","1","1","0","79192","0","0","0","79192","79192","0","0","0","0","0","0","0"
"2022-12-31","port290","Dhamra Port","India","IND","0","1","0","0","0","1","1","0","0","0","0","0","0","0","0","55064","0","0","0","55064","55064"
"2023-01-01","port290","Dhamra Port","India","IND","0","1","0","0","0","1","1","0","41621","0","0","0","41621","41621","0","19061","0","0","0","19061","19061"
"2023-01-02","port290","Dhamra Port","India","IND","0","1","0","0","0","1","1","0","41621","0","0","0","41621","41621","0","19061","0","0","0","19061","19061"
"2023-01-03","port290","Dhamra Port","India","IND","0","0","0","0","0","0","0","0","0","0","0","0","0","0","0","0","0","0","0","0","0"
"2023-01-04","port290","Dhamra Port","India","IND","0","1","0","0","0","1","1","0","0","0","0","0","0","0","0","54534","0","0","0","54534","54534"
"2023-01-05","port290","Dhamra Port","India","IND","0","1","0","0","0","1","1","0","0","0","0","0","0","0","0","582","0","0","0","582","582"
"2023-01-06","port290","Dhamra Port","India","IND","0","0","0","0","0","0","0","0","0","0","0","0","0","0","0","0","0","0","0","0","0"
"2023-01-07","port290","Dhamra Port","India","IND","0","2","0","0","0","2","2","0","83243","0","0","0","83243","83243","0","38123","0","0","0","38123","38123"
"2023-01-08","port290","Dhamra Port","India","IND","0","0","0","0","0","0","0","0","0","0","0","0","0","0","0","0","0","0","0","0","0"
"2023-01-09","port290","Dhamra Port","India","IND","0","2","0","0","0","2","2","0","208895","0","0","0","208895","208895","0","0","0","0","0","0","0"
"2023-01-10","port290","Dhamra Port","India","IND","0","1","0","0","0","1","1","0","78575","0","0","0","78575","78575","0","0","0","0","0","0","0"
"2023-01-11","port290","Dhamra Port","India","IND","0","1","0","0","0","1","1","0","161655","0","0","0","161655","161655","0","0","0","0","0","0","0"
"2023-01-12","port290","Dhamra Port","India","IND","0","0","0","0","0","0","0","0","0","0","0","0","0","0","0","0","0","0","0","0","0"
"2023-01-13","port290","Dhamra Port","India","IND","0","1","0","0","0","1","1","0","5950","0","0","0","5950","5950","0","0","0","0","0","0","0"
"2023-01-14","port290","Dhamra Port","India","IND","0","2","0","0","0","2","2","0","96314","0","0","0","96314","96314","0","19061","0","0","0","19061","19061"
"2023-01-15","port290","Dhamra Port","India","IND","0","2","0","0","0","2","2","0","41621","0","0","0","41621","41621","0","79171","0","0","0","79171","79171"
"2023-01-16","port290","Dhamra Port","India","IND","0","1","0","0","0","1","1","0","25964","0","0","0","25964","25964","0","0","0","0","0","0","0"
"2023-01-17","port290","Dhamra Port","India","IND","0","1","0","0","0","1","1","0","0","0","0","0","0","0","0","78067","0","0","0","78067","78067"
"2023-01-18","port290","Dhamra Port","India","IND","0","2","0","0","0","2","2","0","42161","0","0","0","42161","42161","0","20751","0","0","0","20751","20751"
"2023-01-19","port290","Dhamra Port","India","IND","0","0","0","0","0","0","0","0","0","0","0","0","0","0","0","0","0","0","0","0","0"
"2023-01-20","port290","Dhamra Port","India","IND","0","1","0","0","0","1","1","0","0","0","0","0","0","0","0","0","0","0","0","0","0"
"2023-01-21","port290","Dhamra Port","India","IND","0","2","0","0","0","2","2","0","121585","0","0","0","121585","121585","0","0","0","0","0","0","0"
"2023-01-22","port290","Dhamra Port","India","IND","0","0","0","0","0","0","0","0","0","0","0","0","0","0","0","0","0","0","0","0","0"
"2023-01-23","port290","Dhamra Port","India","IND","0","1","0","0","0","1","1","0","73171","0","0","0","73171","73171","0","0","0","0","0","0","0"
"2023-01-24","port290","Dhamra Port","India","IND","0","0","0","0","0","0","0","0","0","0","0","0","0","0","0","0","0","0","0","0","0"
"2023-01-25","port290","Dhamra Port","India","IND","0","1","0","0","0","1","1","0","0","0","0","0","0","0","0","27501","0","0","0","27501","27501"
"2023-01-26","port290","Dhamra Port","India","IND","0","1","0","0","0","1","1","0","0","0","0","0","0","0","0","53476","0","0","0","53476","53476"
"2023-01-27","port290","Dhamra Port","India","IND","0","0","0","0","0","0","0","0","0","0","0","0","0","0","0","0","0","0","0","0","0"
"2023-01-28","port290","Dhamra Port","India","IND","0","0","0","0","0","0","0","0","0","0","0","0","0","0","0","0","0","0","0","0","0"
"2023-01-29","port290","Dhamra Port","India","IND","0","1","0","0","0","1","1","0","1195","0","0","0","1195","1195","0","0","0","0","0","0","0"
"2023-01-30","port290","Dhamra Port","India","IND","0","1","0","0","0","1","1","0","103635","0","0","0","103635","103635","0","0","0","0","0","0","0"
"2023-01-31","port290","Dhamra Port","India","IND","0","0","0","0","0","0","0","0","0","0","0","0","0","0","0","0","0","0","0","0","0"
"2023-02-01","port290","Dhamra Port","India","IND","0","2","0","0","0","2","2","0","140637","0","0","0","140637","140637","0","55170","0","0","0","55170","55170"
"2023-02-02","port290","Dhamra Port","India","IND","0","1","0","0","0","1","1","0","0","0","0","0","0","0","0","56373","0","0","0","56373","56373"
"2023-02-03","port290","Dhamra Port","India","IND","0","1","0","0","0","1","1","0","160080","0","0","0","160080","160080","0","0","0","0","0","0","0"
"2023-02-04","port290","Dhamra Port","India","IND","0","0","0","0","0","0","0","0","0","0","0","0","0","0","0","0","0","0","0","0","0"
"2023-02-05","port290","Dhamra Port","India","IND","0","0","0","0","0","0","0","0","0","0","0","0","0","0","0","0","0","0","0","0","0"
"2023-02-06","port290","Dhamra Port","India","IND","0","1","0","0","0","1","1","0","41621","0","0","0","41621","41621","0","19061","0","0","0","19061","19061"
"2023-02-07","port290","Dhamra Port","India","IND","0","1","0","0","0","1","1","0","0","0","0","0","0","0","0","1369","0","0","0","1369","1369"
"2023-02-08","port290","Dhamra Port","India","IND","0","0","0","0","0","0","0","0","0","0","0","0","0","0","0","0","0","0","0","0","0"
"2023-02-09","port290","Dhamra Port","India","IND","0","0","0","0","0","0","0","0","0","0","0","0","0","0","0","0","0","0","0","0","0"
"2023-02-10","port290","Dhamra Port","India","IND","0","0","0","0","0","0","0","0","0","0","0","0","0","0","0","0","0","0","0","0","0"
"2023-02-11","port290","Dhamra Port","India","IND","0","1","0","0","0","1","1","0","160820","0","0","0","160820","160820","0","0","0","0","0","0","0"
"2023-02-12","port290","Dhamra Port","India","IND","0","2","0","0","0","2","2","0","83243","0","0","0","83243","83243","0","38123","0","0","0","38123","38123"
"2023-02-13","port290","Dhamra Port","India","IND","0","1","0","0","0","1","1","0","0","0","0","0","0","0","0","53608","0","0","0","53608","53608"
"2023-02-14","port290","Dhamra Port","India","IND","0","0","0","0","0","0","0","0","0","0","0","0","0","0","0","0","0","0","0","0","0"
"2023-02-15","port290","Dhamra Port","India","IND","0","0","1","0","0","1","1","0","0","2305","0","0","2305","2305","0","0","4134","0","0","4134","4134"
"2023-02-16","port290","Dhamra Port","India","IND","0","2","0","0","0","2","2","0","41505","0","0","0","41505","41505","0","54617","0","0","0","54617","54617"
"2023-02-17","port290","Dhamra Port","India","IND","0","1","0","0","0","1","1","0","78898","0","0","0","78898","78898","0","0","0","0","0","0","0"
"2023-02-18","port290","Dhamra Port","India","IND","0","0","0","0","0","0","0","0","0","0","0","0","0","0","0","0","0","0","0","0","0"
"2023-02-19","port290","Dhamra Port","India","IND","0","1","0","0","0","1","1","0","41621","0","0","0","41621","41621","0","19061","0","0","0","19061","19061"
"2023-02-20","port290","Dhamra Port","India","IND","0","0","0","0","0","0","0","0","0","0","0","0","0","0","0","0","0","0","0","0","0"
"2023-02-21","port290","Dhamra Port","India","IND","0","0","0","0","0","0","0","0","0","0","0","0","0","0","0","0","0","0","0","0","0"
"2023-02-22","port290","Dhamra Port","India","IND","0","1","0","0","0","1","1","0","0","0","0","0","0","0","0","7230","0","0","0","7230","7230"
"2023-02-23","port290","Dhamra Port","India","IND","0","2","0","0","0","2","2","0","41621","0","0","0","41621","41621","0","54873","0","0","0","54873","54873"
"2023-02-24","port290","Dhamra Port","India","IND","0","0","0","0","0","0","0","0","0","0","0","0","0","0","0","0","0","0","0","0","0"
"2023-02-25","port290","Dhamra Port","India","IND","0","1","0","0","0","1","1","0","0","0","0","0","0","0","0","36603","0","0","0","36603","36603"
"2023-02-26","port290","Dhamra Port","India","IND","0","2","0","0","0","2","2","0","78646","0","0","0","78646","78646","0","0","0","0","0","0","0"
"2023-02-27","port290","Dhamra Port","India","IND","0","0","0","0","0","0","0","0","0","0","0","0","0","0","0","0","0","0","0","0","0"
"2023-02-28","port290","Dhamra Port","India","IND","0","1","0","0","0","1","1","0","41621","0","0","0","41621","41621","0","19061","0","0","0","19061","19061"
"2023-03-01","port290","Dhamra Port","India","IND","0","2","0","0","0","2","2","0","182717","0","0","0","182717","182717","0","19061","0","0","0","19061","19061"
"2023-03-02","port290","Dhamra Port","India","IND","0","0","0","0","0","0","0","0","0","0","0","0","0","0","0","0","0","0","0","0","0"
"2023-03-03","port290","Dhamra Port","India","IND","0","1","0","0","0","1","1","0","136807","0","0","0","136807","136807","0","0","0","0","0","0","0"
"2023-03-04","port290","Dhamra Port","India","IND","0","1","0","0","0","1","1","0","0","0","0","0","0","0","0","54299","0","0","0","54299","54299"
"2023-03-05","port290","Dhamra Port","India","IND","0","0","0","0","0","0","0","0","0","0","0","0","0","0","0","0","0","0","0","0","0"
"2023-03-06","port290","Dhamra Port","India","IND","0","0","0","0","0","0","0","0","0","0","0","0","0","0","0","0","0","0","0","0","0"
"2023-03-07","port290","Dhamra Port","India","IND","0","2","0","0","0","2","2","0","66181","0","0","0","66181","66181","0","60593","0","0","0","60593","60593"
"2023-03-08","port290","Dhamra Port","India","IND","0","0","0","0","0","0","0","0","0","0","0","0","0","0","0","0","0","0","0","0","0"
"2023-03-09","port290","Dhamra Port","India","IND","0","1","0","0","0","1","1","0","76985","0","0","0","76985","76985","0","0","0","0","0","0","0"
"2023-03-10","port290","Dhamra Port","India","IND","0","0","0","0","0","0","0","0","0","0","0","0","0","0","0","0","0","0","0","0","0"
"2023-03-11","port290","Dhamra Port","India","IND","0","3","0","0","0","3","3","0","264698","0","0","0","264698","264698","0","0","0","0","0","0","0"
"2023-03-12","port290","Dhamra Port","India","IND","0","0","0","0","0","0","0","0","0","0","0","0","0","0","0","0","0","0","0","0","0"
"2023-03-13","port290","Dhamra Port","India","IND","0","2","0","0","0","2","2","0","163379","0","0","0","163379","163379","0","158739","0","0","0","158739","158739"
"2023-03-14","port290","Dhamra Port","India","IND","0","0","0","0","0","0","0","0","0","0","0","0","0","0","0","0","0","0","0","0","0"
"2023-03-15","port290","Dhamra Port","India","IND","0","1","0","0","0","1","1","0","0","0","0","0","0","0","0","54462","0","0","0","54462","54462"
"2023-03-16","port290","Dhamra Port","India","IND","0","1","0","0","0","1","1","0","0","0","0","0","0","0","0","61002","0","0","0","61002","61002"
"2023-03-17","port290","Dhamra Port","India","IND","0","1","0","0","0","1","1","0","166237","0","0","0","166237","166237","0","0","0","0","0","0","0"
"2023-03-18","port290","Dhamra Port","India","IND","0","0","0","0","0","0","0","0","0","0","0","0","0","0","0","0","0","0","0","0","0"
"2023-03-19","port290","Dhamra Port","India","IND","0","1","0","0","0","1","1","0","25014","0","0","0","25014","25014","0","0","0","0","0","0","0"
"2023-03-20","port290","Dhamra Port","India","IND","0","1","0","0","0","1","1","0","0","0","0","0","0","0","0","53220","0","0","0","53220","53220"
"2023-03-21","port290","Dhamra Port","India","IND","0","0","0","0","0","0","0","0","0","0","0","0","0","0","0","0","0","0","0","0","0"
"2023-03-22","port290","Dhamra Port","India","IND","0","3","0","0","0","3","3","0","43056","0","0","0","43056","43056","0","57791","0","0","0","57791","57791"
"2023-03-23","port290","Dhamra Port","India","IND","0","2","0","0","0","2","2","0","78789","0","0","0","78789","78789","0","54350","0","0","0","54350","54350"
"2023-03-24","port290","Dhamra Port","India","IND","0","1","0","0","0","1","1","0","73171","0","0","0","73171","73171","0","0","0","0","0","0","0"
"2023-03-25","port290","Dhamra Port","India","IND","0","0","0","0","0","0","0","0","0","0","0","0","0","0","0","0","0","0","0","0","0"
"2023-03-26","port290","Dhamra Port","India","IND","0","1","0","0","0","1","1","0","78898","0","0","0","78898","78898","0","0","0","0","0","0","0"
"2023-03-27","port290","Dhamra Port","India","IND","0","0","0","0","0","0","0","0","0","0","0","0","0","0","0","0","0","0","0","0","0"
"2023-03-28","port290","Dhamra Port","India","IND","0","0","0","0","0","0","0","0","0","0","0","0","0","0","0","0","0","0","0","0","0"
"2023-03-29","port290","Dhamra Port","India","IND","0","1","0","0","0","1","1","0","0","0","0","0","0","0","0","0","0","0","0","0","0"
"2023-03-30","port290","Dhamra Port","India","IND","0","0","0","0","0","0","0","0","0","0","0","0","0","0","0","0","0","0","0","0","0"
"2023-03-31","port290","Dhamra Port","India","IND","0","0","0","0","0","0","0","0","0","0","0","0","0","0","0","0","0","0","0","0","0"
"2023-04-01","port290","Dhamra Port","India","IND","0","1","0","0","0","1","1","0","41621","0","0","0","41621","41621","0","19061","0","0","0","19061","19061"
"2023-04-02","port290","Dhamra Port","India","IND","0","0","0","0","0","0","0","0","0","0","0","0","0","0","0","0","0","0","0","0","0"
"2023-04-03","port290","Dhamra Port","India","IND","0","2","0","0","0","2","2","0","164728","0","0","0","164728","164728","0","0","0","0","0","0","0"
"2023-04-04","port290","Dhamra Port","India","IND","0","1","0","0","0","1","1","0","161409","0","0","0","161409","161409","0","0","0","0","0","0","0"
"2023-04-05","port290","Dhamra Port","India","IND","0","1","0","0","0","1","1","0","0","0","0","0","0","0","0","24952","0","0","0","24952","24952"
"2023-04-06","port290","Dhamra Port","India","IND","0","3","0","0","0","3","3","0","176326","0","0","0","176326","176326","0","19061","0","0","0","19061","19061"
"2023-04-07","port290","Dhamra Port","India","IND","0","0","0","0","0","0","0","0","0","0","0","0","0","0","0","0","0","0","0","0","0"
"2023-04-08","port290","Dhamra Port","India","IND","0","2","0","0","0","2","2","0","237989","0","0","0","237989","237989","0","0","0","0","0","0","0"
"2023-04-09","port290","Dhamra Port","India","IND","0","0","0","0","0","0","0","0","0","0","0","0","0","0","0","0","0","0","0","0","0"
"2023-04-10","port290","Dhamra Port","India","IND","0","0","0","0","0","0","0","0","0","0","0","0","0","0","0","0","0","0","0","0","0"
"2023-04-11","port290","Dhamra Port","India","IND","0","2","0","0","0","2","2","0","60250","0","0","0","60250","60250","0","19061","0","0","0","19061","19061"
"2023-04-12","port290","Dhamra Port","India","IND","0","1","0","0","0","1","1","0","0","0","0","0","0","0","0","175925","0","0","0","175925","175925"
"2023-04-13","port290","Dhamra Port","India","IND","0","0","0","0","0","0","0","0","0","0","0","0","0","0","0","0","0","0","0","0","0"
"2023-04-14","port290","Dhamra Port","India","IND","0","2","0","0","0","2","2","0","46089","0","0","0","46089","46089","0","61198","0","0","0","61198","61198"
"2023-04-15","port290","Dhamra Port","India","IND","0","0","0","0","0","0","0","0","0","0","0","0","0","0","0","0","0","0","0","0","0"
"2023-04-16","port290","Dhamra Port","India","IND","0","1","0","0","0","1","1","0","0","0","0","0","0","0","0","53291","0","0","0","53291","53291"
"2023-04-17","port290","Dhamra Port","India","IND","0","1","0","0","0","1","1","0","78164","0","0","0","78164","78164","0","0","0","0","0","0","0"
"2023-04-18","port290","Dhamra Port","India","IND","0","2","0","0","0","2","2","0","2361","0","0","0","2361","2361","0","2423","0","0","0","2423","2423"
"2023-04-19","port290","Dhamra Port","India","IND","0","1","0","0","0","1","1","0","103477","0","0","0","103477","103477","0","0","0","0","0","0","0"
"2023-04-20","port290","Dhamra Port","India","IND","0","0","0","0","0","0","0","0","0","0","0","0","0","0","0","0","0","0","0","0","0"
"2023-04-21","port290","Dhamra Port","India","IND","0","0","0","0","0","0","0","0","0","0","0","0","0","0","0","0","0","0","0","0","0"
"2023-04-22","port290","Dhamra Port","India","IND","0","2","0","0","0","2","2","0","79274","0","0","0","79274","79274","0","0","0","0","0","0","0"
"2023-04-23","port290","Dhamra Port","India","IND","0","1","0","0","0","1","1","0","0","0","0","0","0","0","0","4681","0","0","0","4681","4681"
"2023-04-24","port290","Dhamra Port","India","IND","0","0","0","0","0","0","0","0","0","0","0","0","0","0","0","0","0","0","0","0","0"
"2023-04-25","port290","Dhamra Port","India","IND","0","0","0","0","0","0","0","0","0","0","0","0","0","0","0","0","0","0","0","0","0"
"2023-04-26","port290","Dhamra Port","India","IND","0","1","0","0","0","1","1","0","1216","0","0","0","1216","1216","0","0","0","0","0","0","0"
"2023-04-27","port290","Dhamra Port","India","IND","0","1","0","0","0","1","1","0","0","0","0","0","0","0","0","28059","0","0","0","28059","28059"
"2023-04-28","port290","Dhamra Port","India","IND","0","1","0","0","0","1","1","0","78424","0","0","0","78424","78424","0","0","0","0","0","0","0"
"2023-04-29","port290","Dhamra Port","India","IND","0","1","0","0","0","1","1","0","0","0","0","0","0","0","0","55333","0","0","0","55333","55333"
"2023-04-30","port290","Dhamra Port","India","IND","0","0","1","0","0","1","1","0","0","0","0","0","0","0","0","0","20135","0","0","20135","20135"
"2023-05-01","port290","Dhamra Port","India","IND","0","0","0","0","0","0","0","0","0","0","0","0","0","0","0","0","0","0","0","0","0"
"2023-05-02","port290","Dhamra Port","India","IND","0","0","0","0","0","0","0","0","0","0","0","0","0","0","0","0","0","0","0","0","0"
"2023-05-03","port290","Dhamra Port","India","IND","0","0","0","0","0","0","0","0","0","0","0","0","0","0","0","0","0","0","0","0","0"
"2023-05-04","port290","Dhamra Port","India","IND","0","1","0","0","0","1","1","0","29084","0","0","0","29084","29084","0","0","0","0","0","0","0"
"2023-05-05","port290","Dhamra Port","India","IND","0","1","0","0","0","1","1","0","162053","0","0","0","162053","162053","0","0","0","0","0","0","0"
"2023-05-06","port290","Dhamra Port","India","IND","0","1","0","0","0","1","1","0","166459","0","0","0","166459","166459","0","0","0","0","0","0","0"
"2023-05-07","port290","Dhamra Port","India","IND","0","1","0","0","0","1","1","0","0","0","0","0","0","0","0","56375","0","0","0","56375","56375"
"2023-05-08","port290","Dhamra Port","India","IND","0","1","0","0","0","1","1","0","117531","0","0","0","117531","117531","0","0","0","0","0","0","0"
"2023-05-09","port290","Dhamra Port","India","IND","0","2","0","0","0","2","2","0","49398","0","0","0","49398","49398","0","52885","0","0","0","52885","52885"
"2023-05-10","port290","Dhamra Port","India","IND","0","1","0","0","0","1","1","0","41621","0","0","0","41621","41621","0","19061","0","0","0","19061","19061"
"2023-05-11","port290","Dhamra Port","India","IND","0","2","0","0","0","2","2","0","41621","0","0","0","41621","41621","0","81106","0","0","0","81106","81106"
"2023-05-12","port290","Dhamra Port","India","IND","0","0","0","0","0","0","0","0","0","0","0","0","0","0","0","0","0","0","0","0","0"
"2023-05-13","port290","Dhamra Port","India","IND","0","1","0","0","0","1","1","0","27784","0","0","0","27784","27784","0","0","0","0","0","0","0"
"2023-05-14","port290","Dhamra Port","India","IND","0","0","0","0","0","0","0","0","0","0","0","0","0","0","0","0","0","0","0","0","0"
"2023-05-15","port290","Dhamra Port","India","IND","0","0","0","0","0","0","0","0","0","0","0","0","0","0","0","0","0","0","0","0","0"
"2023-05-16","port290","Dhamra Port","India","IND","0","0","0","0","0","0","0","0","0","0","0","0","0","0","0","0","0","0","0","0","0"
"2023-05-17","port290","Dhamra Port","India","IND","0","2","0","0","0","2","2","0","205570","0","0","0","205570","205570","0","19061","0","0","0","19061","19061"
"2023-05-18","port290","Dhamra Port","India","IND","0","1","0","0","0","1","1","0","0","0","0","0","0","0","0","22176","0","0","0","22176","22176"
"2023-05-19","port290","Dhamra Port","India","IND","0","1","0","0","0","1","1","0","155798","0","0","0","155798","155798","0","0","0","0","0","0","0"
"2023-05-20","port290","Dhamra Port","India","IND","0","1","0","0","0","1","1","0","41621","0","0","0","41621","41621","0","19061","0","0","0","19061","19061"
"2023-05-21","port290","Dhamra Port","India","IND","0","3","0","0","0","3","3","0","176875","0","0","0","176875","176875","0","52978","0","0","0","52978","52978"
"2023-05-22","port290","Dhamra Port","India","IND","0","0","0","0","0","0","0","0","0","0","0","0","0","0","0","0","0","0","0","0","0"
"2023-05-23","port290","Dhamra Port","India","IND","0","0","0","0","0","0","0","0","0","0","0","0","0","0","0","0","0","0","0","0","0"
"2023-05-24","port290","Dhamra Port","India","IND","0","1","0","0","0","1","1","0","0","0","0","0","0","0","0","25891","0","0","0","25891","25891"
"2023-05-25","port290","Dhamra Port","India","IND","0","1","0","0","0","1","1","0","0","0","0","0","0","0","0","0","0","0","0","0","0"
"2023-05-26","port290","Dhamra Port","India","IND","0","1","0","0","0","1","1","0","41621","0","0","0","41621","41621","0","19061","0","0","0","19061","19061"
"2023-05-27","port290","Dhamra Port","India","IND","0","2","0","0","0","2","2","0","207525","0","0","0","207525","207525","0","19061","0","0","0","19061","19061"
"2023-05-28","port290","Dhamra Port","India","IND","0","2","0","0","0","2","2","0","3618","0","0","0","3618","3618","0","12122","0","0","0","12122","12122"
"2023-05-29","port290","Dhamra Port","India","IND","0","1","0","0","0","1","1","0","166221","0","0","0","166221","166221","0","0","0","0","0","0","0"
"2023-05-30","port290","Dhamra Port","India","IND","0","0","0","0","0","0","0","0","0","0","0","0","0","0","0","0","0","0","0","0","0"
"2023-05-31","port290","Dhamra Port","India","IND","0","0","0","0","0","0","0","0","0","0","0","0","0","0","0","0","0","0","0","0","0"
"2023-06-01","port290","Dhamra Port","India","IND","0","1","0","0","0","1","1","0","83731","0","0","0","83731","83731","0","0","0","0","0","0","0"
"2023-06-02","port290","Dhamra Port","India","IND","0","1","0","0","0","1","1","0","0","0","0","0","0","0","0","58801","0","0","0","58801","58801"
"2023-06-03","port290","Dhamra Port","India","IND","0","2","0","0","0","2","2","0","201785","0","0","0","201785","201785","0","19061","0","0","0","19061","19061"
"2023-06-04","port290","Dhamra Port","India","IND","0","1","0","0","0","1","1","0","0","0","0","0","0","0","0","53280","0","0","0","53280","53280"
"2023-06-05","port290","Dhamra Port","India","IND","0","1","0","0","0","1","1","0","23090","0","0","0","23090","23090","0","0","0","0","0","0","0"
"2023-06-06","port290","Dhamra Port","India","IND","0","1","0","0","0","1","1","0","41621","0","0","0","41621","41621","0","19061","0","0","0","19061","19061"
"2023-06-07","port290","Dhamra Port","India","IND","0","1","0","0","0","1","1","0","168805","0","0","0","168805","168805","0","0","0","0","0","0","0"
"2023-06-08","port290","Dhamra Port","India","IND","0","0","0","0","0","0","0","0","0","0","0","0","0","0","0","0","0","0","0","0","0"
"2023-06-09","port290","Dhamra Port","India","IND","0","0","0","0","0","0","0","0","0","0","0","0","0","0","0","0","0","0","0","0","0"
"2023-06-10","port290","Dhamra Port","India","IND","0","1","0","0","0","1","1","0","79288","0","0","0","79288","79288","0","0","0","0","0","0","0"
"2023-06-11","port290","Dhamra Port","India","IND","0","0","0","0","0","0","0","0","0","0","0","0","0","0","0","0","0","0","0","0","0"
"2023-06-12","port290","Dhamra Port","India","IND","0","0","0","0","0","0","0","0","0","0","0","0","0","0","0","0","0","0","0","0","0"
"2023-06-13","port290","Dhamra Port","India","IND","0","1","0","0","0","1","1","0","103482","0","0","0","103482","103482","0","0","0","0","0","0","0"
"2023-06-14","port290","Dhamra Port","India","IND","0","2","0","0","0","2","2","0","41621","0","0","0","41621","41621","0","19061","0","0","0","19061","19061"
"2023-06-15","port290","Dhamra Port","India","IND","0","1","0","0","0","1","1","0","41621","0","0","0","41621","41621","0","19061","0","0","0","19061","19061"
"2023-06-16","port290","Dhamra Port","India","IND","0","1","0","0","0","1","1","0","0","0","0","0","0","0","0","73171","0","0","0","73171","73171"
"2023-06-17","port290","Dhamra Port","India","IND","0","1","0","0","0","1","1","0","76872","0","0","0","76872","76872","0","0","0","0","0","0","0"
"2023-06-18","port290","Dhamra Port","India","IND","0","0","0","0","0","0","0","0","0","0","0","0","0","0","0","0","0","0","0","0","0"
"2023-06-19","port290","Dhamra Port","India","IND","0","2","0","0","0","2","2","0","0","0","0","0","0","0","0","115332","0","0","0","115332","115332"
"2023-06-20","port290","Dhamra Port","India","IND","0","1","0","0","0","1","1","0","36985","0","0","0","36985","36985","0","0","0","0","0","0","0"
"2023-06-21","port290","Dhamra Port","India","IND","0","1","0","0","0","1","1","0","41621","0","0","0","41621","41621","0","19061","0","0","0","19061","19061"
"2023-06-22","port290","Dhamra Port","India","IND","0","0","0","0","0","0","0","0","0","0","0","0","0","0","0","0","0","0","0","0","0"
"2023-06-23","port290","Dhamra Port","India","IND","0","1","0","0","0","1","1","0","0","0","0","0","0","0","0","52979","0","0","0","52979","52979"
"2023-06-24","port290","Dhamra Port","India","IND","0","0","0","0","0","0","0","0","0","0","0","0","0","0","0","0","0","0","0","0","0"
"2023-06-25","port290","Dhamra Port","India","IND","0","1","0","0","0","1","1","0","41621","0","0","0","41621","41621","0","19061","0","0","0","19061","19061"
"2023-06-26","port290","Dhamra Port","India","IND","0","2","0","0","0","2","2","0","78514","0","0","0","78514","78514","0","54298","0","0","0","54298","54298"
"2023-06-27","port290","Dhamra Port","India","IND","0","1","0","0","0","1","1","0","41621","0","0","0","41621","41621","0","19061","0","0","0","19061","19061"
"2023-06-28","port290","Dhamra Port","India","IND","0","0","0","0","0","0","0","0","0","0","0","0","0","0","0","0","0","0","0","0","0"
"2023-06-29","port290","Dhamra Port","India","IND","0","0","0","0","0","0","0","0","0","0","0","0","0","0","0","0","0","0","0","0","0"
"2023-06-30","port290","Dhamra Port","India","IND","0","2","0","0","0","2","2","0","41621","0","0","0","41621","41621","0","68723","0","0","0","68723","68723"
"2023-07-01","port290","Dhamra Port","India","IND","0","1","0","0","0","1","1","0","27647","0","0","0","27647","27647","0","0","0","0","0","0","0"
"2023-07-02","port290","Dhamra Port","India","IND","0","0","0","0","0","0","0","0","0","0","0","0","0","0","0","0","0","0","0","0","0"
"2023-07-03","port290","Dhamra Port","India","IND","0","2","0","0","0","2","2","0","73235","0","0","0","73235","73235","0","0","0","0","0","0","0"
"2023-07-04","port290","Dhamra Port","India","IND","0","2","0","0","0","2","2","0","215341","0","0","0","215341","215341","0","0","0","0","0","0","0"
"2023-07-05","port290","Dhamra Port","India","IND","0","2","0","0","0","2","2","0","30077","0","0","0","30077","30077","0","51536","0","0","0","51536","51536"
"2023-07-06","port290","Dhamra Port","India","IND","0","1","0","0","0","1","1","0","66161","0","0","0","66161","66161","0","0","0","0","0","0","0"
"2023-07-07","port290","Dhamra Port","India","IND","0","2","0","0","0","2","2","0","165858","0","0","0","165858","165858","0","14625","0","0","0","14625","14625"
"2023-07-08","port290","Dhamra Port","India","IND","0","1","0","0","0","1","1","0","0","0","0","0","0","0","0","53227","0","0","0","53227","53227"
"2023-07-09","port290","Dhamra Port","India","IND","0","0","0","0","0","0","0","0","0","0","0","0","0","0","0","0","0","0","0","0","0"
"2023-07-10","port290","Dhamra Port","India","IND","0","2","0","0","0","2","2","0","137901","0","0","0","137901","137901","0","67433","0","0","0","67433","67433"
"2023-07-11","port290","Dhamra Port","India","IND","0","0","0","0","0","0","0","0","0","0","0","0","0","0","0","0","0","0","0","0","0"
"2023-07-12","port290","Dhamra Port","India","IND","0","1","0","0","0","1","1","0","73177","0","0","0","73177","73177","0","0","0","0","0","0","0"
"2023-07-13","port290","Dhamra Port","India","IND","0","1","0","0","0","1","1","0","174664","0","0","0","174664","174664","0","0","0","0","0","0","0"
"2023-07-14","port290","Dhamra Port","India","IND","0","1","0","0","0","1","1","0","0","0","0","0","0","0","0","60813","0","0","0","60813","60813"
"2023-07-15","port290","Dhamra Port","India","IND","0","1","0","0","0","1","1","0","41806","0","0","0","41806","41806","0","0","0","0","0","0","0"
"2023-07-16","port290","Dhamra Port","India","IND","0","1","0","0","0","1","1","0","0","0","0","0","0","0","0","49563","0","0","0","49563","49563"
"2023-07-17","port290","Dhamra Port","India","IND","0","0","0","0","0","0","0","0","0","0","0","0","0","0","0","0","0","0","0","0","0"
"2023-07-18","port290","Dhamra Port","India","IND","0","1","0","0","0","1","1","0","0","0","0","0","0","0","0","167","0","0","0","167","167"
"2023-07-19","port290","Dhamra Port","India","IND","0","1","0","0","0","1","1","0","41621","0","0","0","41621","41621","0","19061","0","0","0","19061","19061"
"2023-07-20","port290","Dhamra Port","India","IND","0","0","0","0","0","0","0","0","0","0","0","0","0","0","0","0","0","0","0","0","0"
"2023-07-21","port290","Dhamra Port","India","IND","0","1","0","0","0","1","1","0","103477","0","0","0","103477","103477","0","0","0","0","0","0","0"
"2023-07-22","port290","Dhamra Port","India","IND","0","0","0","0","0","0","0","0","0","0","0","0","0","0","0","0","0","0","0","0","0"
"2023-07-23","port290","Dhamra Port","India","IND","0","0","0","0","0","0","0","0","0","0","0","0","0","0","0","0","0","0","0","0","0"
"2023-07-24","port290","Dhamra Port","India","IND","0","0","0","0","0","0","0","0","0","0","0","0","0","0","0","0","0","0","0","0","0"
"2023-07-25","port290","Dhamra Port","India","IND","0","1","0","0","0","1","1","0","0","0","0","0","0","0","0","35944","0","0","0","35944","35944"
"2023-07-26","port290","Dhamra Port","India","IND","0","0","0","0","0","0","0","0","0","0","0","0","0","0","0","0","0","0","0","0","0"
"2023-07-27","port290","Dhamra Port","India","IND","0","1","0","0","0","1","1","0","0","0","0","0","0","0","0","12202","0","0","0","12202","12202"
"2023-07-28","port290","Dhamra Port","India","IND","0","3","0","0","0","3","3","0","82668","0","0","0","82668","82668","0","61504","0","0","0","61504","61504"
"2023-07-29","port290","Dhamra Port","India","IND","0","0","0","0","0","0","0","0","0","0","0","0","0","0","0","0","0","0","0","0","0"
"2023-07-30","port290","Dhamra Port","India","IND","0","1","0","0","0","1","1","0","170527","0","0","0","170527","170527","0","0","0","0","0","0","0"
"2023-07-31","port290","Dhamra Port","India","IND","0","1","1","0","0","2","2","0","0","0","0","0","0","0","0","61109","17564","0","0","78673","78673"
"2023-08-01","port290","Dhamra Port","India","IND","0","1","0","0","0","1","1","0","78067","0","0","0","78067","78067","0","0","0","0","0","0","0"
"2023-08-02","port290","Dhamra Port","India","IND","0","0","0","0","0","0","0","0","0","0","0","0","0","0","0","0","0","0","0","0","0"
"2023-08-03","port290","Dhamra Port","India","IND","0","1","0","0","0","1","1","0","41621","0","0","0","41621","41621","0","19061","0","0","0","19061","19061"
"2023-08-04","port290","Dhamra Port","India","IND","0","1","0","0","0","1","1","0","26347","0","0","0","26347","26347","0","0","0","0","0","0","0"
"2023-08-05","port290","Dhamra Port","India","IND","0","1","0","0","0","1","1","0","0","0","0","0","0","0","0","53123","0","0","0","53123","53123"
"2023-08-06","port290","Dhamra Port","India","IND","0","0","0","0","0","0","0","0","0","0","0","0","0","0","0","0","0","0","0","0","0"
"2023-08-07","port290","Dhamra Port","India","IND","0","1","0","0","0","1","1","0","73125","0","0","0","73125","73125","0","0","0","0","0","0","0"
"2023-08-08","port290","Dhamra Port","India","IND","0","0","0","0","0","0","0","0","0","0","0","0","0","0","0","0","0","0","0","0","0"
"2023-08-09","port290","Dhamra Port","India","IND","0","0","0","0","0","0","0","0","0","0","0","0","0","0","0","0","0","0","0","0","0"
"2023-08-10","port290","Dhamra Port","India","IND","0","0","0","0","0","0","0","0","0","0","0","0","0","0","0","0","0","0","0","0","0"
"2023-08-11","port290","Dhamra Port","India","IND","0","0","0","0","0","0","0","0","0","0","0","0","0","0","0","0","0","0","0","0","0"
"2023-08-12","port290","Dhamra Port","India","IND","0","1","0","0","0","1","1","0","0","0","0","0","0","0","0","13560","0","0","0","13560","13560"
"2023-08-13","port290","Dhamra Port","India","IND","0","2","0","0","0","2","2","0","41621","0","0","0","41621","41621","0","73998","0","0","0","73998","73998"
"2023-08-14","port290","Dhamra Port","India","IND","0","2","0","0","0","2","2","0","323556","0","0","0","323556","323556","0","0","0","0","0","0","0"
"2023-08-15","port290","Dhamra Port","India","IND","0","0","0","0","0","0","0","0","0","0","0","0","0","0","0","0","0","0","0","0","0"
"2023-08-16","port290","Dhamra Port","India","IND","0","0","0","0","0","0","0","0","0","0","0","0","0","0","0","0","0","0","0","0","0"
"2023-08-17","port290","Dhamra Port","India","IND","0","0","0","0","0","0","0","0","0","0","0","0","0","0","0","0","0","0","0","0","0"
"2023-08-18","port290","Dhamra Port","India","IND","0","0","0","0","0","0","0","0","0","0","0","0","0","0","0","0","0","0","0","0","0"
"2023-08-19","port290","Dhamra Port","India","IND","0","0","0","0","0","0","0","0","0","0","0","0","0","0","0","0","0","0","0","0","0"
"2023-08-20","port290","Dhamra Port","India","IND","0","2","0","0","0","2","2","0","0","0","0","0","0","0","0","58455","0","0","0","58455","58455"
"2023-08-21","port290","Dhamra Port","India","IND","0","0","0","0","0","0","0","0","0","0","0","0","0","0","0","0","0","0","0","0","0"
"2023-08-22","port290","Dhamra Port","India","IND","0","1","0","0","0","1","1","0","79522","0","0","0","79522","79522","0","0","0","0","0","0","0"
"2023-08-23","port290","Dhamra Port","India","IND","0","0","0","0","0","0","0","0","0","0","0","0","0","0","0","0","0","0","0","0","0"
"2023-08-24","port290","Dhamra Port","India","IND","0","2","0","0","0","2","2","0","0","0","0","0","0","0","0","60961","0","0","0","60961","60961"
"2023-08-25","port290","Dhamra Port","India","IND","0","0","0","0","0","0","0","0","0","0","0","0","0","0","0","0","0","0","0","0","0"
"2023-08-26","port290","Dhamra Port","India","IND","0","1","0","0","0","1","1","0","155798","0","0","0","155798","155798","0","0","0","0","0","0","0"
"2023-08-27","port290","Dhamra Port","India","IND","0","1","0","0","0","1","1","0","41621","0","0","0","41621","41621","0","19061","0","0","0","19061","19061"
"2023-08-28","port290","Dhamra Port","India","IND","0","1","0","0","0","1","1","0","41621","0","0","0","41621","41621","0","19061","0","0","0","19061","19061"
"2023-08-29","port290","Dhamra Port","India","IND","0","0","0","0","0","0","0","0","0","0","0","0","0","0","0","0","0","0","0","0","0"
"2023-08-30","port290","Dhamra Port","India","IND","0","2","0","0","0","2","2","0","59010","0","0","0","59010","59010","0","59583","0","0","0","59583","59583"
"2023-08-31","port290","Dhamra Port","India","IND","0","1","0","0","0","1","1","0","0","0","0","0","0","0","0","0","0","0","0","0","0"
"2023-09-01","port290","Dhamra Port","India","IND","0","1","0","0","0","1","1","0","41621","0","0","0","41621","41621","0","19061","0","0","0","19061","19061"
"2023-09-02","port290","Dhamra Port","India","IND","0","0","0","0","0","0","0","0","0","0","0","0","0","0","0","0","0","0","0","0","0"
"2023-09-03","port290","Dhamra Port","India","IND","0","2","0","0","0","2","2","0","41331","0","0","0","41331","41331","0","54767","0","0","0","54767","54767"
"2023-09-04","port290","Dhamra Port","India","IND","0","1","0","0","0","1","1","0","85337","0","0","0","85337","85337","0","0","0","0","0","0","0"
"2023-09-05","port290","Dhamra Port","India","IND","0","1","0","0","0","1","1","0","0","0","0","0","0","0","0","73171","0","0","0","73171","73171"
"2023-09-06","port290","Dhamra Port","India","IND","0","2","0","0","0","2","2","0","65139","0","0","0","65139","65139","0","53496","0","0","0","53496","53496"
"2023-09-07","port290","Dhamra Port","India","IND","0","0","0","0","0","0","0","0","0","0","0","0","0","0","0","0","0","0","0","0","0"
"2023-09-08","port290","Dhamra Port","India","IND","0","2","0","0","0","2","2","0","41621","0","0","0","41621","41621","0","77335","0","0","0","77335","77335"
"2023-09-09","port290","Dhamra Port","India","IND","0","0","0","0","0","0","0","0","0","0","0","0","0","0","0","0","0","0","0","0","0"
"2023-09-10","port290","Dhamra Port","India","IND","0","2","0","0","0","2","2","0","39683","0","0","0","39683","39683","0","51227","0","0","0","51227","51227"
"2023-09-11","port290","Dhamra Port","India","IND","0","2","0","0","0","2","2","0","113697","0","0","0","113697","113697","0","0","0","0","0","0","0"
"2023-09-12","port290","Dhamra Port","India","IND","0","1","0","0","0","1","1","0","66012","0","0","0","66012","66012","0","0","0","0","0","0","0"
"2023-09-13","port290","Dhamra Port","India","IND","0","0","0","0","0","0","0","0","0","0","0","0","0","0","0","0","0","0","0","0","0"
"2023-09-14","port290","Dhamra Port","India","IND","0","1","0","0","0","1","1","0","0","0","0","0","0","0","0","51853","0","0","0","51853","51853"
"2023-09-15","port290","Dhamra Port","India","IND","0","1","0","0","0","1","1","0","0","0","0","0","0","0","0","0","0","0","0","0","0"
"2023-09-16","port290","Dhamra Port","India","IND","0","0","0","0","0","0","0","0","0","0","0","0","0","0","0","0","0","0","0","0","0"
"2023-09-17","port290","Dhamra Port","India","IND","0","0","0","0","0","0","0","0","0","0","0","0","0","0","0","0","0","0","0","0","0"
"2023-09-18","port290","Dhamra Port","India","IND","0","1","0","0","0","1","1","0","0","0","0","0","0","0","0","55680","0","0","0","55680","55680"
"2023-09-19","port290","Dhamra Port","India","IND","0","0","0","0","0","0","0","0","0","0","0","0","0","0","0","0","0","0","0","0","0"
"2023-09-20","port290","Dhamra Port","India","IND","0","0","0","0","0","0","0","0","0","0","0","0","0","0","0","0","0","0","0","0","0"
"2023-09-21","port290","Dhamra Port","India","IND","0","1","0","0","0","1","1","0","41621","0","0","0","41621","41621","0","19061","0","0","0","19061","19061"
"2023-09-22","port290","Dhamra Port","India","IND","0","0","0","0","0","0","0","0","0","0","0","0","0","0","0","0","0","0","0","0","0"
"2023-09-23","port290","Dhamra Port","India","IND","0","1","0","0","0","1","1","0","78286","0","0","0","78286","78286","0","0","0","0","0","0","0"
"2023-09-24","port290","Dhamra Port","India","IND","0","1","0","0","0","1","1","0","0","0","0","0","0","0","0","26497","0","0","0","26497","26497"
"2023-09-25","port290","Dhamra Port","India","IND","0","3","0","0","0","3","3","0","41621","0","0","0","41621","41621","0","69951","0","0","0","69951","69951"
"2023-09-26","port290","Dhamra Port","India","IND","0","0","0","0","0","0","0","0","0","0","0","0","0","0","0","0","0","0","0","0","0"
"2023-09-27","port290","Dhamra Port","India","IND","0","1","0","0","0","1","1","0","25053","0","0","0","25053","25053","0","0","0","0","0","0","0"
"2023-09-28","port290","Dhamra Port","India","IND","0","0","0","0","0","0","0","0","0","0","0","0","0","0","0","0","0","0","0","0","0"
"2023-09-29","port290","Dhamra Port","India","IND","0","0","0","0","0","0","0","0","0","0","0","0","0","0","0","0","0","0","0","0","0"
"2023-09-30","port290","Dhamra Port","India","IND","0","0","0","0","0","0","0","0","0","0","0","0","0","0","0","0","0","0","0","0","0"
"2023-10-01","port290","Dhamra Port","India","IND","0","1","0","0","0","1","1","0","0","0","0","0","0","0","0","52882","0","0","0","52882","52882"
"2023-10-02","port290","Dhamra Port","India","IND","0","1","0","0","0","1","1","0","41621","0","0","0","41621","41621","0","19061","0","0","0","19061","19061"
"2023-10-03","port290","Dhamra Port","India","IND","0","0","0","0","0","0","0","0","0","0","0","0","0","0","0","0","0","0","0","0","0"
"2023-10-04","port290","Dhamra Port","India","IND","0","2","0","0","0","2","2","0","31877","0","0","0","31877","31877","0","58860","0","0","0","58860","58860"
"2023-10-05","port290","Dhamra Port","India","IND","0","0","0","0","0","0","0","0","0","0","0","0","0","0","0","0","0","0","0","0","0"
"2023-10-06","port290","Dhamra Port","India","IND","0","1","0","0","0","1","1","0","0","0","0","0","0","0","0","54213","0","0","0","54213","54213"
"2023-10-07","port290","Dhamra Port","India","IND","0","1","0","0","0","1","1","0","41621","0","0","0","41621","41621","0","19061","0","0","0","19061","19061"
"2023-10-08","port290","Dhamra Port","India","IND","0","3","0","0","0","3","3","0","100352","0","0","0","100352","100352","0","56298","0","0","0","56298","56298"
"2023-10-09","port290","Dhamra Port","India","IND","0","2","0","0","0","2","2","0","0","0","0","0","0","0","0","56291","0","0","0","56291","56291"
"2023-10-10","port290","Dhamra Port","India","IND","0","1","0","0","0","1","1","0","162326","0","0","0","162326","162326","0","0","0","0","0","0","0"
"2023-10-11","port290","Dhamra Port","India","IND","0","1","0","0","0","1","1","0","0","0","0","0","0","0","0","61338","0","0","0","61338","61338"
"2023-10-12","port290","Dhamra Port","India","IND","0","1","0","0","0","1","1","0","41621","0","0","0","41621","41621","0","19061","0","0","0","19061","19061"
"2023-10-13","port290","Dhamra Port","India","IND","0","2","0","0","0","2","2","0","83243","0","0","0","83243","83243","0","38123","0","0","0","38123","38123"
"2023-10-14","port290","Dhamra Port","India","IND","0","0","0","0","0","0","0","0","0","0","0","0","0","0","0","0","0","0","0","0","0"
"2023-10-15","port290","Dhamra Port","India","IND","0","1","0","0","0","1","1","0","89549","0","0","0","89549","89549","0","0","0","0","0","0","0"
"2023-10-16","port290","Dhamra Port","India","IND","0","0","0","0","0","0","0","0","0","0","0","0","0","0","0","0","0","0","0","0","0"
"2023-10-17","port290","Dhamra Port","India","IND","0","3","0","0","0","3","3","0","204849","0","0","0","204849","204849","0","58541","0","0","0","58541","58541"
"2023-10-18","port290","Dhamra Port","India","IND","0","0","0","0","0","0","0","0","0","0","0","0","0","0","0","0","0","0","0","0","0"
"2023-10-19","port290","Dhamra Port","India","IND","0","3","0","0","0","3","3","0","124136","0","0","0","124136","124136","0","28628","0","0","0","28628","28628"
"2023-10-20","port290","Dhamra Port","India","IND","0","3","0","0","0","3","3","0","80640","0","0","0","80640","80640","0","71366","0","0","0","71366","71366"
"2023-10-21","port290","Dhamra Port","India","IND","0","1","0","0","0","1","1","0","139","0","0","0","139","139","0","0","0","0","0","0","0"
"2023-10-22","port290","Dhamra Port","India","IND","0","0","0","0","0","0","0","0","0","0","0","0","0","0","0","0","0","0","0","0","0"
"2023-10-23","port290","Dhamra Port","India","IND","0","1","0","0","0","1","1","0","0","0","0","0","0","0","0","91640","0","0","0","91640","91640"
"2023-10-24","port290","Dhamra Port","India","IND","0","0","0","0","0","0","0","0","0","0","0","0","0","0","0","0","0","0","0","0","0"
"2023-10-25","port290","Dhamra Port","India","IND","0","0","0","0","0","0","0","0","0","0","0","0","0","0","0","0","0","0","0","0","0"
"2023-10-26","port290","Dhamra Port","India","IND","0","2","0","0","0","2","2","0","156996","0","0","0","156996","156996","0","5119","0","0","0","5119","5119"
"2023-10-27","port290","Dhamra Port","India","IND","0","1","0","0","0","1","1","0","41621","0","0","0","41621","41621","0","19061","0","0","0","19061","19061"
"2023-10-28","port290","Dhamra Port","India","IND","0","0","0","0","0","0","0","0","0","0","0","0","0","0","0","0","0","0","0","0","0"
"2023-10-29","port290","Dhamra Port","India","IND","0","1","0","0","0","1","1","0","0","0","0","0","0","0","0","51381","0","0","0","51381","51381"
"2023-10-30","port290","Dhamra Port","India","IND","0","1","0","0","0","1","1","0","41621","0","0","0","41621","41621","0","19061","0","0","0","19061","19061"
"2023-10-31","port290","Dhamra Port","India","IND","0","1","0","0","0","1","1","0","0","0","0","0","0","0","0","26322","0","0","0","26322","26322"
"2023-11-01","port290","Dhamra Port","India","IND","0","1","0","0","0","1","1","0","0","0","0","0","0","0","0","35209","0","0","0","35209","35209"
"2023-11-02","port290","Dhamra Port","India","IND","0","0","0","0","0","0","0","0","0","0","0","0","0","0","0","0","0","0","0","0","0"
"2023-11-03","port290","Dhamra Port","India","IND","0","1","0","0","0","1","1","0","0","0","0","0","0","0","0","53753","0","0","0","53753","53753"
"2023-11-04","port290","Dhamra Port","India","IND","0","0","0","0","0","0","0","0","0","0","0","0","0","0","0","0","0","0","0","0","0"
"2023-11-05","port290","Dhamra Port","India","IND","0","2","0","0","0","2","2","0","0","0","0","0","0","0","0","102730","0","0","0","102730","102730"
"2023-11-06","port290","Dhamra Port","India","IND","0","1","0","0","0","1","1","0","0","0","0","0","0","0","0","26433","0","0","0","26433","26433"
"2023-11-07","port290","Dhamra Port","India","IND","0","1","0","0","0","1","1","0","0","0","0","0","0","0","0","70113","0","0","0","70113","70113"
"2023-11-08","port290","Dhamra Port","India","IND","0","1","0","0","0","1","1","0","18202","0","0","0","18202","18202","0","0","0","0","0","0","0"
"2023-11-09","port290","Dhamra Port","India","IND","0","2","0","0","0","2","2","0","0","0","0","0","0","0","0","113375","0","0","0","113375","113375"
"2023-11-10","port290","Dhamra Port","India","IND","0","2","0","0","0","2","2","0","41621","0","0","0","41621","41621","0","73551","0","0","0","73551","73551"
"2023-11-11","port290","Dhamra Port","India","IND","0","2","0","0","0","2","2","0","203572","0","0","0","203572","203572","0","19061","0","0","0","19061","19061"
"2023-11-12","port290","Dhamra Port","India","IND","0","0","0","0","0","0","0","0","0","0","0","0","0","0","0","0","0","0","0","0","0"
"2023-11-13","port290","Dhamra Port","India","IND","0","0","0","0","0","0","0","0","0","0","0","0","0","0","0","0","0","0","0","0","0"
"2023-11-14","port290","Dhamra Port","India","IND","0","0","0","0","0","0","0","0","0","0","0","0","0","0","0","0","0","0","0","0","0"
"2023-11-15","port290","Dhamra Port","India","IND","0","1","0","0","0","1","1","0","0","0","0","0","0","0","0","50726","0","0","0","50726","50726"
"2023-11-16","port290","Dhamra Port","India","IND","0","2","0","0","0","2","2","0","41621","0","0","0","41621","41621","0","80110","0","0","0","80110","80110"
"2023-11-17","port290","Dhamra Port","India","IND","0","1","0","0","0","1","1","0","56308","0","0","0","56308","56308","0","0","0","0","0","0","0"
"2023-11-18","port290","Dhamra Port","India","IND","0","2","0","0","0","2","2","0","0","0","0","0","0","0","0","36482","0","0","0","36482","36482"
"2023-11-19","port290","Dhamra Port","India","IND","0","2","0","0","0","2","2","0","41621","0","0","0","41621","41621","0","79845","0","0","0","79845","79845"
"2023-11-20","port290","Dhamra Port","India","IND","0","2","0","0","0","2","2","0","83243","0","0","0","83243","83243","0","38123","0","0","0","38123","38123"
"2023-11-21","port290","Dhamra Port","India","IND","0","2","0","0","0","2","2","0","41621","0","0","0","41621","41621","0","75146","0","0","0","75146","75146"
"2023-11-22","port290","Dhamra Port","India","IND","0","1","0","0","0","1","1","0","41621","0","0","0","41621","41621","0","19061","0","0","0","19061","19061"
"2023-11-23","port290","Dhamra Port","India","IND","0","2","0","0","0","2","2","0","41621","0","0","0","41621","41621","0","74415","0","0","0","74415","74415"
"2023-11-24","port290","Dhamra Port","India","IND","0","2","0","0","0","2","2","0","13072","0","0","0","13072","13072","0","0","0","0","0","0","0"
"2023-11-25","port290","Dhamra Port","India","IND","0","2","0","0","0","2","2","0","0","0","0","0","0","0","0","113099","0","0","0","113099","113099"
"2023-11-26","port290","Dhamra Port","India","IND","0","2","0","0","0","2","2","0","41472","0","0","0","41472","41472","0","70797","0","0","0","70797","70797"
"2023-11-27","port290","Dhamra Port","India","IND","0","1","0","0","0","1","1","0","41621","0","0","0","41621","41621","0","19061","0","0","0","19061","19061"
"2023-11-28","port290","Dhamra Port","India","IND","0","0","0","0","0","0","0","0","0","0","0","0","0","0","0","0","0","0","0","0","0"
"2023-11-29","port290","Dhamra Port","India","IND","0","1","0","0","0","1","1","0","0","0","0","0","0","0","0","49340","0","0","0","49340","49340"
"2023-11-30","port290","Dhamra Port","India","IND","0","2","0","0","0","2","2","0","0","0","0","0","0","0","0","131204","0","0","0","131204","131204"
"2023-12-01","port290","Dhamra Port","India","IND","0","2","0","0","0","2","2","0","197775","0","0","0","197775","197775","0","19061","0","0","0","19061","19061"
"2023-12-02","port290","Dhamra Port","India","IND","0","0","0","0","0","0","0","0","0","0","0","0","0","0","0","0","0","0","0","0","0"
"2023-12-03","port290","Dhamra Port","India","IND","0","0","0","0","0","0","0","0","0","0","0","0","0","0","0","0","0","0","0","0","0"
"2023-12-04","port290","Dhamra Port","India","IND","0","1","0","0","0","1","1","0","0","0","0","0","0","0","0","56015","0","0","0","56015","56015"
"2023-12-05","port290","Dhamra Port","India","IND","0","1","0","0","0","1","1","0","0","0","0","0","0","0","0","25642","0","0","0","25642","25642"
"2023-12-06","port290","Dhamra Port","India","IND","0","0","0","0","0","0","0","0","0","0","0","0","0","0","0","0","0","0","0","0","0"
"2023-12-07","port290","Dhamra Port","India","IND","0","3","0","0","0","3","3","0","131048","0","0","0","131048","131048","0","38123","0","0","0","38123","38123"
"2023-12-08","port290","Dhamra Port","India","IND","0","0","0","0","0","0","0","0","0","0","0","0","0","0","0","0","0","0","0","0","0"
"2023-12-09","port290","Dhamra Port","India","IND","0","2","0","0","0","2","2","0","74070","0","0","0","74070","74070","0","7740","0","0","0","7740","7740"
"2023-12-10","port290","Dhamra Port","India","IND","0","1","0","0","0","1","1","0","71752","0","0","0","71752","71752","0","0","0","0","0","0","0"
"2023-12-11","port290","Dhamra Port","India","IND","0","3","0","0","0","3","3","0","159253","0","0","0","159253","159253","0","19061","0","0","0","19061","19061"
"2023-12-12","port290","Dhamra Port","India","IND","0","0","0","0","0","0","0","0","0","0","0","0","0","0","0","0","0","0","0","0","0"
"2023-12-13","port290","Dhamra Port","India","IND","0","2","0","0","0","2","2","0","135032","0","0","0","135032","135032","0","19061","0","0","0","19061","19061"
"2023-12-14","port290","Dhamra Port","India","IND","0","0","0","0","0","0","0","0","0","0","0","0","0","0","0","0","0","0","0","0","0"
"2023-12-15","port290","Dhamra Port","India","IND","0","3","0","0","0","3","3","0","118229","0","0","0","118229","118229","0","19061","0","0","0","19061","19061"
"2023-12-16","port290","Dhamra Port","India","IND","0","3","0","0","0","3","3","0","76742","0","0","0","76742","76742","0","56323","0","0","0","56323","56323"
"2023-12-17","port290","Dhamra Port","India","IND","0","2","0","0","0","2","2","0","107911","0","0","0","107911","107911","0","60646","0","0","0","60646","60646"
"2023-12-18","port290","Dhamra Port","India","IND","0","0","0","0","0","0","0","0","0","0","0","0","0","0","0","0","0","0","0","0","0"
"2023-12-19","port290","Dhamra Port","India","IND","0","1","0","0","0","1","1","0","41454","0","0","0","41454","41454","0","0","0","0","0","0","0"
"2023-12-20","port290","Dhamra Port","India","IND","0","4","0","0","0","4","4","0","41621","0","0","0","41621","41621","0","156303","0","0","0","156303","156303"
"2023-12-21","port290","Dhamra Port","India","IND","0","0","0","0","0","0","0","0","0","0","0","0","0","0","0","0","0","0","0","0","0"
"2023-12-22","port290","Dhamra Port","India","IND","0","1","0","0","0","1","1","0","0","0","0","0","0","0","0","54236","0","0","0","54236","54236"
"2023-12-23","port290","Dhamra Port","India","IND","0","2","0","0","0","2","2","0","109556","0","0","0","109556","109556","0","19061","0","0","0","19061","19061"
"2023-12-24","port290","Dhamra Port","India","IND","0","1","0","0","0","1","1","0","79591","0","0","0","79591","79591","0","0","0","0","0","0","0"
"2023-12-25","port290","Dhamra Port","India","IND","0","3","0","0","0","3","3","0","159391","0","0","0","159391","159391","0","115040","0","0","0","115040","115040"
"2023-12-26","port290","Dhamra Port","India","IND","0","1","0","0","0","1","1","0","0","0","0","0","0","0","0","53233","0","0","0","53233","53233"
"2023-12-27","port290","Dhamra Port","India","IND","0","0","0","0","0","0","0","0","0","0","0","0","0","0","0","0","0","0","0","0","0"
"2023-12-28","port290","Dhamra Port","India","IND","0","2","0","0","0","2","2","0","78646","0","0","0","78646","78646","0","0","0","0","0","0","0"
"2023-12-29","port290","Dhamra Port","India","IND","0","0","0","0","0","0","0","0","0","0","0","0","0","0","0","0","0","0","0","0","0"
"2023-12-30","port290","Dhamra Port","India","IND","0","1","0","0","0","1","1","0","0","0","0","0","0","0","0","54339","0","0","0","54339","54339"
"2023-12-31","port290","Dhamra Port","India","IND","0","1","0","0","0","1","1","0","0","0","0","0","0","0","0","0","0","0","0","0","0"
"2024-01-01","port290","Dhamra Port","India","IND","0","1","0","0","0","1","1","0","0","0","0","0","0","0","0","0","0","0","0","0","0"
"2024-01-02","port290","Dhamra Port","India","IND","0","1","0","0","0","1","1","0","0","0","0","0","0","0","0","0","0","0","0","0","0"
"2024-01-03","port290","Dhamra Port","India","IND","0","2","0","0","0","2","2","0","41621","0","0","0","41621","41621","0","72693","0","0","0","72693","72693"
"2024-01-04","port290","Dhamra Port","India","IND","0","1","0","0","0","1","1","0","73125","0","0","0","73125","73125","0","0","0","0","0","0","0"
"2024-01-05","port290","Dhamra Port","India","IND","0","0","0","0","0","0","0","0","0","0","0","0","0","0","0","0","0","0","0","0","0"
"2024-01-27","port290","Dhamra Port","India","IND","0","0","0","0","0","0","0","0","0","0","0","0","0","0","0","0","0","0","0","0","0"
"2026-04-06","port290","Dhamra Port","India","IND","0","1","0","0","0","1","1","0","41621","0","0","0","41621","41621","0","19061","0","0","0","19061","19061"
"2021-11-19","port290","Dhamra Port","India","IND","0","0","0","0","0","0","0","0","0","0","0","0","0","0","0","0","0","0","0","0","0"
"2021-11-20","port290","Dhamra Port","India","IND","0","1","0","0","0","1","1","0","160825","0","0","0","160825","160825","0","0","0","0","0","0","0"
"2026-04-07","port290","Dhamra Port","India","IND","0","0","0","0","0","0","0","0","0","0","0","0","0","0","0","0","0","0","0","0","0"
"2021-11-21","port290","Dhamra Port","India","IND","0","0","0","0","0","0","0","0","0","0","0","0","0","0","0","0","0","0","0","0","0"
"2024-01-28","port290","Dhamra Port","India","IND","0","3","0","0","0","3","3","0","83243","0","0","0","83243","83243","0","61839","0","0","0","61839","61839"
"2026-04-08","port290","Dhamra Port","India","IND","0","0","0","0","0","0","0","0","0","0","0","0","0","0","0","0","0","0","0","0","0"
"2021-11-22","port290","Dhamra Port","India","IND","0","1","0","0","0","1","1","0","0","0","0","0","0","0","0","31626","0","0","0","31626","31626"
"2024-01-29","port290","Dhamra Port","India","IND","0","0","0","0","0","0","0","0","0","0","0","0","0","0","0","0","0","0","0","0","0"
"2026-04-09","port290","Dhamra Port","India","IND","0","0","0","0","0","0","0","0","0","0","0","0","0","0","0","0","0","0","0","0","0"
"2021-11-23","port290","Dhamra Port","India","IND","0","0","0","0","0","0","0","0","0","0","0","0","0","0","0","0","0","0","0","0","0"
"2024-01-30","port290","Dhamra Port","India","IND","0","1","0","0","0","1","1","0","0","0","0","0","0","0","0","58886","0","0","0","58886","58886"
"2026-04-10","port290","Dhamra Port","India","IND","0","1","0","0","0","1","1","0","41621","0","0","0","41621","41621","0","19061","0","0","0","19061","19061"
"2021-11-24","port290","Dhamra Port","India","IND","0","0","0","0","0","0","0","0","0","0","0","0","0","0","0","0","0","0","0","0","0"
"2024-01-31","port290","Dhamra Port","India","IND","0","0","0","0","0","0","0","0","0","0","0","0","0","0","0","0","0","0","0","0","0"
"2026-04-11","port290","Dhamra Port","India","IND","0","0","0","0","0","0","0","0","0","0","0","0","0","0","0","0","0","0","0","0","0"
"2021-11-25","port290","Dhamra Port","India","IND","0","0","0","0","0","0","0","0","0","0","0","0","0","0","0","0","0","0","0","0","0"
"2024-02-01","port290","Dhamra Port","India","IND","0","0","0","0","0","0","0","0","0","0","0","0","0","0","0","0","0","0","0","0","0"
"2026-04-12","port290","Dhamra Port","India","IND","0","1","0","0","0","1","1","0","0","0","0","0","0","0","0","51889","0","0","0","51889","51889"
"2021-11-26","port290","Dhamra Port","India","IND","0","1","0","0","0","1","1","0","79245","0","0","0","79245","79245","0","0","0","0","0","0","0"
"2024-02-02","port290","Dhamra Port","India","IND","0","0","0","0","0","0","0","0","0","0","0","0","0","0","0","0","0","0","0","0","0"
"2026-04-13","port290","Dhamra Port","India","IND","0","1","0","0","0","1","1","0","41621","0","0","0","41621","41621","0","19061","0","0","0","19061","19061"
"2021-11-27","port290","Dhamra Port","India","IND","0","1","0","0","0","1","1","0","51286","0","0","0","51286","51286","0","0","0","0","0","0","0"
"2024-02-03","port290","Dhamra Port","India","IND","0","0","0","0","0","0","0","0","0","0","0","0","0","0","0","0","0","0","0","0","0"
"2026-04-14","port290","Dhamra Port","India","IND","0","1","0","0","0","1","1","0","0","0","0","0","0","0","0","73434","0","0","0","73434","73434"
"2021-11-28","port290","Dhamra Port","India","IND","0","0","0","0","0","0","0","0","0","0","0","0","0","0","0","0","0","0","0","0","0"
"2024-02-04","port290","Dhamra Port","India","IND","0","2","0","0","0","2","2","0","83243","0","0","0","83243","83243","0","38123","0","0","0","38123","38123"
"2026-04-15","port290","Dhamra Port","India","IND","0","2","0","0","0","2","2","0","69656","0","0","0","69656","69656","0","50921","0","0","0","50921","50921"
"2021-11-29","port290","Dhamra Port","India","IND","0","2","0","0","0","2","2","0","0","0","0","0","0","0","0","8066","0","0","0","8066","8066"
"2024-02-05","port290","Dhamra Port","India","IND","0","1","0","0","0","1","1","0","79093","0","0","0","79093","79093","0","0","0","0","0","0","0"
"2026-04-16","port290","Dhamra Port","India","IND","0","1","0","0","0","1","1","0","41621","0","0","0","41621","41621","0","19061","0","0","0","19061","19061"
"2021-11-30","port290","Dhamra Port","India","IND","0","3","0","0","0","3","3","0","158330","0","0","0","158330","158330","0","0","0","0","0","0","0"
"2024-02-06","port290","Dhamra Port","India","IND","0","1","0","0","0","1","1","0","41621","0","0","0","41621","41621","0","19061","0","0","0","19061","19061"
"2026-04-17","port290","Dhamra Port","India","IND","0","1","1","0","0","2","2","0","41621","0","0","0","41621","41621","0","19061","517","0","0","19579","19579"
"2021-12-01","port290","Dhamra Port","India","IND","0","0","0","0","0","0","0","0","0","0","0","0","0","0","0","0","0","0","0","0","0"
"2024-02-07","port290","Dhamra Port","India","IND","0","1","0","0","0","1","1","0","41621","0","0","0","41621","41621","0","19061","0","0","0","19061","19061"
"2026-04-18","port290","Dhamra Port","India","IND","0","0","0","0","0","0","0","0","0","0","0","0","0","0","0","0","0","0","0","0","0"
"2021-12-02","port290","Dhamra Port","India","IND","0","0","0","0","0","0","0","0","0","0","0","0","0","0","0","0","0","0","0","0","0"
"2024-02-08","port290","Dhamra Port","India","IND","0","2","0","0","0","2","2","0","0","0","0","0","0","0","0","117424","0","0","0","117424","117424"
"2026-04-19","port290","Dhamra Port","India","IND","0","0","0","0","0","0","0","0","0","0","0","0","0","0","0","0","0","0","0","0","0"
"2021-12-03","port290","Dhamra Port","India","IND","0","2","0","0","0","2","2","0","83243","0","0","0","83243","83243","0","38123","0","0","0","38123","38123"
"2024-02-09","port290","Dhamra Port","India","IND","0","0","0","0","0","0","0","0","0","0","0","0","0","0","0","0","0","0","0","0","0"
"2026-04-20","port290","Dhamra Port","India","IND","0","2","0","0","0","2","2","0","0","0","0","0","0","0","0","109199","0","0","0","109199","109199"
"2021-12-04","port290","Dhamra Port","India","IND","0","0","0","0","0","0","0","0","0","0","0","0","0","0","0","0","0","0","0","0","0"
"2026-04-21","port290","Dhamra Port","India","IND","0","1","0","0","0","1","1","0","60947","0","0","0","60947","60947","0","0","0","0","0","0","0"
"2021-12-05","port290","Dhamra Port","India","IND","0","0","0","0","0","0","0","0","0","0","0","0","0","0","0","0","0","0","0","0","0"
"2024-02-10","port290","Dhamra Port","India","IND","0","1","0","0","0","1","1","0","0","0","0","0","0","0","0","22011","0","0","0","22011","22011"
"2026-04-22","port290","Dhamra Port","India","IND","0","1","0","0","0","1","1","0","2420","0","0","0","2420","2420","0","0","0","0","0","0","0"
"2021-12-06","port290","Dhamra Port","India","IND","0","1","0","0","0","1","1","0","41621","0","0","0","41621","41621","0","19061","0","0","0","19061","19061"
"2024-02-11","port290","Dhamra Port","India","IND","0","3","0","0","0","3","3","0","161624","0","0","0","161624","161624","0","115409","0","0","0","115409","115409"
"2026-04-23","port290","Dhamra Port","India","IND","0","2","0","0","0","2","2","0","0","0","0","0","0","0","0","77824","0","0","0","77824","77824"
"2021-12-07","port290","Dhamra Port","India","IND","0","2","0","0","0","2","2","0","41621","0","0","0","41621","41621","0","31564","0","0","0","31564","31564"
"2024-02-12","port290","Dhamra Port","India","IND","0","0","0","0","0","0","0","0","0","0","0","0","0","0","0","0","0","0","0","0","0"
"2026-04-24","port290","Dhamra Port","India","IND","0","0","0","0","0","0","0","0","0","0","0","0","0","0","0","0","0","0","0","0","0"
"2021-12-08","port290","Dhamra Port","India","IND","0","0","1","0","0","1","1","0","0","7683","0","0","7683","7683","0","0","0","0","0","0","0"
"2024-02-13","port290","Dhamra Port","India","IND","0","2","0","0","0","2","2","0","79310","0","0","0","79310","79310","0","1306","0","0","0","1306","1306"
"2026-04-25","port290","Dhamra Port","India","IND","0","0","0","0","0","0","0","0","0","0","0","0","0","0","0","0","0","0","0","0","0"
"2021-12-09","port290","Dhamra Port","India","IND","0","3","0","0","0","3","3","0","215877","0","0","0","215877","215877","0","28228","0","0","0","28228","28228"
"2024-02-14","port290","Dhamra Port","India","IND","0","2","0","0","0","2","2","0","41621","0","0","0","41621","41621","0","19647","0","0","0","19647","19647"
"2026-04-26","port290","Dhamra Port","India","IND","0","1","0","0","0","1","1","0","162201","0","0","0","162201","162201","0","0","0","0","0","0","0"
"2021-12-10","port290","Dhamra Port","India","IND","0","1","0","0","0","1","1","0","73171","0","0","0","73171","73171","0","0","0","0","0","0","0"
"2024-02-15","port290","Dhamra Port","India","IND","0","0","0","0","0","0","0","0","0","0","0","0","0","0","0","0","0","0","0","0","0"
"2026-04-27","port290","Dhamra Port","India","IND","0","4","0","0","0","4","4","0","237430","0","0","0","237430","237430","0","149665","0","0","0","149665","149665"
"2021-12-11","port290","Dhamra Port","India","IND","0","1","0","0","0","1","1","0","1209","0","0","0","1209","1209","0","0","0","0","0","0","0"
"2024-02-16","port290","Dhamra Port","India","IND","0","2","0","0","0","2","2","0","41621","0","0","0","41621","41621","0","73437","0","0","0","73437","73437"
"2026-04-28","port290","Dhamra Port","India","IND","0","0","0","0","0","0","0","0","0","0","0","0","0","0","0","0","0","0","0","0","0"
"2021-12-12","port290","Dhamra Port","India","IND","0","1","0","0","0","1","1","0","41621","0","0","0","41621","41621","0","19061","0","0","0","19061","19061"
"2024-02-17","port290","Dhamra Port","India","IND","0","1","0","0","0","1","1","0","0","0","0","0","0","0","0","53827","0","0","0","53827","53827"
"2026-04-29","port290","Dhamra Port","India","IND","0","1","0","0","0","1","1","0","0","0","0","0","0","0","0","72158","0","0","0","72158","72158"
"2021-12-13","port290","Dhamra Port","India","IND","0","0","0","0","0","0","0","0","0","0","0","0","0","0","0","0","0","0","0","0","0"
"2024-02-18","port290","Dhamra Port","India","IND","0","1","0","0","0","1","1","0","0","0","0","0","0","0","0","0","0","0","0","0","0"
"2026-04-30","port290","Dhamra Port","India","IND","0","1","0","0","0","1","1","0","0","0","0","0","0","0","0","82277","0","0","0","82277","82277"
"2021-12-14","port290","Dhamra Port","India","IND","0","1","0","0","0","1","1","0","0","0","0","0","0","0","0","72531","0","0","0","72531","72531"
"2024-02-19","port290","Dhamra Port","India","IND","0","0","0","0","0","0","0","0","0","0","0","0","0","0","0","0","0","0","0","0","0"
"2026-05-01","port290","Dhamra Port","India","IND","0","3","0","0","0","3","3","0","83112","0","0","0","83112","83112","0","98912","0","0","0","98912","98912"
"2021-12-15","port290","Dhamra Port","India","IND","0","1","0","0","0","1","1","0","79658","0","0","0","79658","79658","0","0","0","0","0","0","0"
"2024-02-20","port290","Dhamra Port","India","IND","0","0","0","0","0","0","0","0","0","0","0","0","0","0","0","0","0","0","0","0","0"
"2026-05-02","port290","Dhamra Port","India","IND","0","2","0","0","0","2","2","0","83243","0","0","0","83243","83243","0","38123","0","0","0","38123","38123"
"2021-12-16","port290","Dhamra Port","India","IND","0","2","0","0","0","2","2","0","167190","0","0","0","167190","167190","0","50913","0","0","0","50913","50913"
"2024-02-21","port290","Dhamra Port","India","IND","0","3","0","0","0","3","3","0","41621","0","0","0","41621","41621","0","127574","0","0","0","127574","127574"
"2026-05-03","port290","Dhamra Port","India","IND","0","1","0","0","0","1","1","0","41621","0","0","0","41621","41621","0","19061","0","0","0","19061","19061"
"2021-12-17","port290","Dhamra Port","India","IND","0","0","0","0","0","0","0","0","0","0","0","0","0","0","0","0","0","0","0","0","0"
"2024-02-22","port290","Dhamra Port","India","IND","0","2","0","0","0","2","2","0","41621","0","0","0","41621","41621","0","19061","0","0","0","19061","19061"
"2026-05-04","port290","Dhamra Port","India","IND","0","0","0","0","0","0","0","0","0","0","0","0","0","0","0","0","0","0","0","0","0"
"2021-12-18","port290","Dhamra Port","India","IND","0","1","0","0","0","1","1","0","41621","0","0","0","41621","41621","0","19061","0","0","0","19061","19061"
"2024-02-23","port290","Dhamra Port","India","IND","0","2","0","0","0","2","2","0","41621","0","0","0","41621","41621","0","70780","0","0","0","70780","70780"
"2026-05-05","port290","Dhamra Port","India","IND","0","2","0","0","0","2","2","0","73182","0","0","0","73182","73182","0","51266","0","0","0","51266","51266"
"2026-05-06","port290","Dhamra Port","India","IND","0","0","0","0","0","0","0","0","0","0","0","0","0","0","0","0","0","0","0","0","0"
"2026-05-07","port290","Dhamra Port","India","IND","0","0","0","0","0","0","0","0","0","0","0","0","0","0","0","0","0","0","0","0","0"
"2026-05-08","port290","Dhamra Port","India","IND","0","1","0","0","0","1","1","0","79443","0","0","0","79443","79443","0","0","0","0","0","0","0"
"2026-05-09","port290","Dhamra Port","India","IND","0","1","0","0","0","1","1","0","0","0","0","0","0","0","0","58681","0","0","0","58681","58681"
"2026-05-10","port290","Dhamra Port","India","IND","0","1","0","0","0","1","1","0","166705","0","0","0","166705","166705","0","0","0","0","0","0","0"
"2026-05-11","port290","Dhamra Port","India","IND","0","1","0","0","0","1","1","0","41834","0","0","0","41834","41834","0","0","0","0","0","0","0"
"2026-05-12","port290","Dhamra Port","India","IND","0","2","0","0","0","2","2","0","2074","0","0","0","2074","2074","0","73171","0","0","0","73171","73171"
"2026-05-13","port290","Dhamra Port","India","IND","0","3","0","0","0","3","3","0","207067","0","0","0","207067","207067","0","19061","0","0","0","19061","19061"
"2026-05-14","port290","Dhamra Port","India","IND","0","0","0","0","0","0","0","0","0","0","0","0","0","0","0","0","0","0","0","0","0"
"2026-05-15","port290","Dhamra Port","India","IND","0","3","0","0","0","3","3","0","37011","0","0","0","37011","37011","0","73858","0","0","0","73858","73858"
"2026-05-16","port290","Dhamra Port","India","IND","0","1","0","0","0","1","1","0","41678","0","0","0","41678","41678","0","0","0","0","0","0","0"
"2026-05-17","port290","Dhamra Port","India","IND","0","2","0","0","0","2","2","0","47958","0","0","0","47958","47958","0","57127","0","0","0","57127","57127"
"2026-05-18","port290","Dhamra Port","India","IND","0","3","0","0","0","3","3","0","0","0","0","0","0","0","0","94678","0","0","0","94678","94678"
"2026-05-19","port290","Dhamra Port","India","IND","0","0","0","0","0","0","0","0","0","0","0","0","0","0","0","0","0","0","0","0","0"
"2026-05-20","port290","Dhamra Port","India","IND","0","1","0","0","0","1","1","0","0","0","0","0","0","0","0","60819","0","0","0","60819","60819"
"2026-05-21","port290","Dhamra Port","India","IND","0","3","0","0","0","3","3","0","156221","0","0","0","156221","156221","0","95299","0","0","0","95299","95299"
"2026-05-22","port290","Dhamra Port","India","IND","0","2","0","0","0","2","2","0","41621","0","0","0","41621","41621","0","76955","0","0","0","76955","76955"
"2026-05-23","port290","Dhamra Port","India","IND","0","2","0","0","0","2","2","0","182404","0","0","0","182404","182404","0","0","0","0","0","0","0"
"2026-05-24","port290","Dhamra Port","India","IND","0","2","0","0","0","2","2","0","0","0","0","0","0","0","0","133760","0","0","0","133760","133760"
"2026-05-25","port290","Dhamra Port","India","IND","0","0","0","0","0","0","0","0","0","0","0","0","0","0","0","0","0","0","0","0","0"
"2026-05-26","port290","Dhamra Port","India","IND","0","2","0","0","0","2","2","0","30160","0","0","0","30160","30160","0","61344","0","0","0","61344","61344"
"2026-05-27","port290","Dhamra Port","India","IND","0","0","0","0","0","0","0","0","0","0","0","0","0","0","0","0","0","0","0","0","0"
"2026-05-28","port290","Dhamra Port","India","IND","0","3","0","0","0","3","3","0","49872","0","0","0","49872","49872","0","28600","0","0","0","28600","28600"
"2026-05-29","port290","Dhamra Port","India","IND","0","1","0","0","0","1","1","0","0","0","0","0","0","0","0","72707","0","0","0","72707","72707"
"2026-05-30","port290","Dhamra Port","India","IND","0","0","0","0","0","0","0","0","0","0","0","0","0","0","0","0","0","0","0","0","0"
"2026-05-31","port290","Dhamra Port","India","IND","0","4","0","0","0","4","4","0","135009","0","0","0","135009","135009","0","79969","0","0","0","79969","79969"
"2026-06-01","port290","Dhamra Port","India","IND","0","1","0","0","0","1","1","0","79237","0","0","0","79237","79237","0","0","0","0","0","0","0"
"2026-06-02","port290","Dhamra Port","India","IND","0","1","0","0","0","1","1","0","162219","0","0","0","162219","162219","0","0","0","0","0","0","0"
"2026-06-03","port290","Dhamra Port","India","IND","0","0","0","0","0","0","0","0","0","0","0","0","0","0","0","0","0","0","0","0","0"
"2026-06-04","port290","Dhamra Port","India","IND","0","0","0","0","0","0","0","0","0","0","0","0","0","0","0","0","0","0","0","0","0"
"2026-06-05","port290","Dhamra Port","India","IND","0","2","0","0","0","2","2","0","145714","0","0","0","145714","145714","0","0","0","0","0","0","0"
"2026-06-06","port290","Dhamra Port","India","IND","0","2","0","0","0","2","2","0","160830","0","0","0","160830","160830","0","61146","0","0","0","61146","61146"
"2026-06-07","port290","Dhamra Port","India","IND","0","1","0","0","0","1","1","0","88753","0","0","0","88753","88753","0","0","0","0","0","0","0"
"2026-06-08","port290","Dhamra Port","India","IND","0","2","0","0","0","2","2","0","156527","0","0","0","156527","156527","0","0","0","0","0","0","0"
"2026-06-09","port290","Dhamra Port","India","IND","0","1","0","0","0","1","1","0","22883","0","0","0","22883","22883","0","0","0","0","0","0","0"
"2026-06-10","port290","Dhamra Port","India","IND","0","0","0","0","0","0","0","0","0","0","0","0","0","0","0","0","0","0","0","0","0"
"2026-06-11","port290","Dhamra Port","India","IND","0","3","0","0","0","3","3","0","41621","0","0","0","41621","41621","0","57995","0","0","0","57995","57995"
"2026-06-12","port290","Dhamra Port","India","IND","0","1","0","0","0","1","1","0","39281","0","0","0","39281","39281","0","0","0","0","0","0","0"
"2026-06-13","port290","Dhamra Port","India","IND","0","0","0","0","0","0","0","0","0","0","0","0","0","0","0","0","0","0","0","0","0"
"2026-06-14","port290","Dhamra Port","India","IND","0","1","0","0","0","1","1","0","54470","0","0","0","54470","54470","0","0","0","0","0","0","0"
"2026-06-15","port290","Dhamra Port","India","IND","0","2","0","0","0","2","2","0","102345","0","0","0","102345","102345","0","19061","0","0","0","19061","19061"
"2026-06-16","port290","Dhamra Port","India","IND","0","2","0","0","0","2","2","0","0","0","0","0","0","0","0","126340","0","0","0","126340","126340"
"2026-06-17","port290","Dhamra Port","India","IND","0","2","0","0","0","2","2","0","268584","0","0","0","268584","268584","0","0","0","0","0","0","0"
"2026-06-18","port290","Dhamra Port","India","IND","0","1","0","0","0","1","1","0","0","0","0","0","0","0","0","54265","0","0","0","54265","54265"
"2026-06-19","port290","Dhamra Port","India","IND","0","2","0","0","0","2","2","0","80212","0","0","0","80212","80212","0","73171","0","0","0","73171","73171"
"2026-06-20","port290","Dhamra Port","India","IND","0","0","0","0","0","0","0","0","0","0","0","0","0","0","0","0","0","0","0","0","0"
"2026-06-21","port290","Dhamra Port","India","IND","0","1","0","0","0","1","1","0","0","0","0","0","0","0","0","585","0","0","0","585","585"
"2026-06-22","port290","Dhamra Port","India","IND","0","2","0","0","0","2","2","0","70688","0","0","0","70688","70688","0","85176","0","0","0","85176","85176"
"2026-06-23","port290","Dhamra Port","India","IND","0","1","0","0","0","1","1","0","78975","0","0","0","78975","78975","0","0","0","0","0","0","0"
"2026-06-24","port290","Dhamra Port","India","IND","0","4","0","0","0","4","4","0","89513","0","0","0","89513","89513","0","119129","0","0","0","119129","119129"
"2026-06-25","port290","Dhamra Port","India","IND","0","0","0","0","0","0","0","0","0","0","0","0","0","0","0","0","0","0","0","0","0"
"2026-06-26","port290","Dhamra Port","India","IND","0","1","0","0","0","1","1","0","38019","0","0","0","38019","38019","0","0","0","0","0","0","0"
"2026-06-27","port290","Dhamra Port","India","IND","0","0","0","0","0","0","0","0","0","0","0","0","0","0","0","0","0","0","0","0","0"
"2026-06-28","port290","Dhamra Port","India","IND","0","3","0","0","0","3","3","0","166598","0","0","0","166598","166598","0","53037","0","0","0","53037","53037"
"2026-06-29","port290","Dhamra Port","India","IND","0","1","0","0","0","1","1","0","0","0","0","0","0","0","0","60841","0","0","0","60841","60841"
"2026-06-30","port290","Dhamra Port","India","IND","0","1","0","0","0","1","1","0","0","0","0","0","0","0","0","61734","0","0","0","61734","61734"
"2026-07-01","port290","Dhamra Port","India","IND","0","0","0","0","0","0","0","0","0","0","0","0","0","0","0","0","0","0","0","0","0"
"2026-07-02","port290","Dhamra Port","India","IND","0","3","0","0","0","3","3","0","78437","0","0","0","78437","78437","0","89654","0","0","0","89654","89654"
"2026-07-03","port290","Dhamra Port","India","IND","0","2","0","0","0","2","2","0","78860","0","0","0","78860","78860","0","55388","0","0","0","55388","55388"
"2026-07-04","port290","Dhamra Port","India","IND","0","0","0","0","0","0","0","0","0","0","0","0","0","0","0","0","0","0","0","0","0"
"2026-07-05","port290","Dhamra Port","India","IND","0","0","0","0","0","0","0","0","0","0","0","0","0","0","0","0","0","0","0","0","0"
"2026-07-06","port290","Dhamra Port","India","IND","0","2","0","0","0","2","2","0","119663","0","0","0","119663","119663","0","19061","0","0","0","19061","19061"
"2026-07-07","port290","Dhamra Port","India","IND","0","0","0","0","0","0","0","0","0","0","0","0","0","0","0","0","0","0","0","0","0"
"2026-07-08","port290","Dhamra Port","India","IND","0","0","0","0","0","0","0","0","0","0","0","0","0","0","0","0","0","0","0","0","0"
"2026-07-09","port290","Dhamra Port","India","IND","0","1","0","0","0","1","1","0","0","0","0","0","0","0","0","70810","0","0","0","70810","70810"
"2026-07-10","port290","Dhamra Port","India","IND","0","0","0","0","0","0","0","0","0","0","0","0","0","0","0","0","0","0","0","0","0"
"2026-07-11","port290","Dhamra Port","India","IND","0","0","0","0","0","0","0","0","0","0","0","0","0","0","0","0","0","0","0","0","0"
"2026-07-12","port290","Dhamra Port","India","IND","0","2","0","0","0","2","2","0","117830","0","0","0","117830","117830","0","0","0","0","0","0","0"
"2026-07-13","port290","Dhamra Port","India","IND","0","0","0","0","0","0","0","0","0","0","0","0","0","0","0","0","0","0","0","0","0"
"2026-07-14","port290","Dhamra Port","India","IND","0","1","0","0","0","1","1","0","42154","0","0","0","42154","42154","0","0","0","0","0","0","0"
"2026-07-15","port290","Dhamra Port","India","IND","0","3","0","0","0","3","3","0","88037","0","0","0","88037","88037","0","91492","0","0","0","91492","91492"
"2026-07-16","port290","Dhamra Port","India","IND","0","2","0","0","0","2","2","0","181599","0","0","0","181599","181599","0","0","0","0","0","0","0"
"2026-07-17","port290","Dhamra Port","India","IND","0","1","0","0","0","1","1","0","0","0","0","0","0","0","0","0","0","0","0","0","0"
"2026-07-18","port290","Dhamra Port","India","IND","0","3","0","0","0","3","3","0","27706","0","0","0","27706","27706","0","132229","0","0","0","132229","132229"
"2026-07-19","port290","Dhamra Port","India","IND","0","3","0","0","0","3","3","0","196854","0","0","0","196854","196854","0","19061","0","0","0","19061","19061"
"2026-07-20","port290","Dhamra Port","India","IND","0","2","0","0","0","2","2","0","42509","0","0","0","42509","42509","0","73171","0","0","0","73171","73171"
"2026-07-21","port290","Dhamra Port","India","IND","0","0","0","0","0","0","0","0","0","0","0","0","0","0","0","0","0","0","0","0","0"
"2026-07-22","port290","Dhamra Port","India","IND","0","3","0","0","0","3","3","0","41621","0","0","0","41621","41621","0","126201","0","0","0","126201","126201"
"2026-07-23","port290","Dhamra Port","India","IND","0","0","0","0","0","0","0","0","0","0","0","0","0","0","0","0","0","0","0","0","0"
"2026-07-24","port290","Dhamra Port","India","IND","0","2","0","0","0","2","2","0","156766","0","0","0","156766","156766","0","0","0","0","0","0","0"
"2026-07-25","port290","Dhamra Port","India","IND","0","2","0","0","0","2","2","0","84282","0","0","0","84282","84282","0","0","0","0","0","0","0"
"2026-07-26","port290","Dhamra Port","India","IND","0","0","0","0","0","0","0","0","0","0","0","0","0","0","0","0","0","0","0","0","0"
"2026-07-27","port290","Dhamra Port","India","IND","0","3","0","0","0","3","3","0","79794","0","0","0","79794","79794","0","103819","0","0","0","103819","103819"
"2026-07-28","port290","Dhamra Port","India","IND","0","1","0","0","0","1","1","0","0","0","0","0","0","0","0","54910","0","0","0","54910","54910"
"2026-07-29","port290","Dhamra Port","India","IND","0","4","0","0","0","4","4","0","58848","0","0","0","58848","58848","0","103851","0","0","0","103851","103851"
"2026-07-30","port290","Dhamra Port","India","IND","0","1","0","0","0","1","1","0","41621","0","0","0","41621","41621","0","19061","0","0","0","19061","19061"
"2026-07-31","port290","Dhamra Port","India","IND","0","2","0","0","0","2","2","0","120951","0","0","0","120951","120951","0","19061","0","0","0","19061","19061"
"2026-08-01","port290","Dhamra Port","India","IND","0","4","0","0","0","4","4","0","113233","0","0","0","113233","113233","0","94827","0","0","0","94827","94827"
"2026-08-02","port290","Dhamra Port","India","IND","0","0","0","0","0","0","0","0","0","0","0","0","0","0","0","0","0","0","0","0","0"
"2026-08-03","port290","Dhamra Port","India","IND","0","4","0","0","0","4","4","0","119751","0","0","0","119751","119751","0","98324","0","0","0","98324","98324"
"2026-08-04","port290","Dhamra Port","India","IND","0","1","0","0","0","1","1","0","49336","0","0","0","49336","49336","0","0","0","0","0","0","0"
"2026-08-05","port290","Dhamra Port","India","IND","0","2","0","0","0","2","2","0","84678","0","0","0","84678","84678","0","19061","0","0","0","19061","19061"
"2026-08-06","port290","Dhamra Port","India","IND","0","1","0","0","0","1","1","0","41621","0","0","0","41621","41621","0","19061","0","0","0","19061","19061"
"2026-08-07","port290","Dhamra Port","India","IND","0","1","0","0","0","1","1","0","77954","0","0","0","77954","77954","0","0","0","0","0","0","0"
"2026-08-08","port290","Dhamra Port","India","IND","0","3","0","0","0","3","3","0","66368","0","0","0","66368","66368","0","91769","0","0","0","91769","91769"
"2026-08-09","port290","Dhamra Port","India","IND","0","1","0","0","0","1","1","0","41621","0","0","0","41621","41621","0","19061","0","0","0","19061","19061"
"2026-08-10","port290","Dhamra Port","India","IND","0","0","0","0","0","0","0","0","0","0","0","0","0","0","0","0","0","0","0","0","0"
"2026-08-11","port290","Dhamra Port","India","IND","0","0","0","0","0","0","0","0","0","0","0","0","0","0","0","0","0","0","0","0","0"
"2026-08-12","port290","Dhamra Port","India","IND","0","2","0","0","0","2","2","0","41621","0","0","0","41621","41621","0","19061","0","0","0","19061","19061"
"2026-08-13","port290","Dhamra Port","India","IND","0","1","0","0","0","1","1","0","41621","0","0","0","41621","41621","0","19061","0","0","0","19061","19061"
"2026-08-14","port290","Dhamra Port","India","IND","0","1","0","0","0","1","1","0","41621","0","0","0","41621","41621","0","19061","0","0","0","19061","19061"
"2024-02-24","port290","Dhamra Port","India","IND","0","1","0","0","0","1","1","0","0","0","0","0","0","0","0","54535","0","0","0","54535","54535"
"2024-02-25","port290","Dhamra Port","India","IND","0","4","0","0","0","4","4","0","239477","0","0","0","239477","239477","0","72782","0","0","0","72782","72782"
"2021-12-19","port290","Dhamra Port","India","IND","0","1","0","0","0","1","1","0","41621","0","0","0","41621","41621","0","19061","0","0","0","19061","19061"
"2024-02-26","port290","Dhamra Port","India","IND","0","1","0","0","0","1","1","0","30978","0","0","0","30978","30978","0","0","0","0","0","0","0"
"2021-12-20","port290","Dhamra Port","India","IND","0","2","0","0","0","2","2","0","74252","0","0","0","74252","74252","0","41718","0","0","0","41718","41718"
"2024-02-27","port290","Dhamra Port","India","IND","0","1","0","0","0","1","1","0","0","0","0","0","0","0","0","54203","0","0","0","54203","54203"
"2021-12-21","port290","Dhamra Port","India","IND","0","1","0","0","0","1","1","0","103507","0","0","0","103507","103507","0","0","0","0","0","0","0"
"2024-02-28","port290","Dhamra Port","India","IND","0","2","0","0","0","2","2","0","41621","0","0","0","41621","41621","0","73112","0","0","0","73112","73112"
"2021-12-22","port290","Dhamra Port","India","IND","0","1","0","0","0","1","1","0","164665","0","0","0","164665","164665","0","0","0","0","0","0","0"
"2024-02-29","port290","Dhamra Port","India","IND","0","0","0","0","0","0","0","0","0","0","0","0","0","0","0","0","0","0","0","0","0"
"2021-12-23","port290","Dhamra Port","India","IND","0","0","0","0","0","0","0","0","0","0","0","0","0","0","0","0","0","0","0","0","0"
"2024-03-01","port290","Dhamra Port","India","IND","0","1","0","0","0","1","1","0","41621","0","0","0","41621","41621","0","19061","0","0","0","19061","19061"
"2021-12-24","port290","Dhamra Port","India","IND","0","1","0","0","0","1","1","0","103482","0","0","0","103482","103482","0","0","0","0","0","0","0"
"2024-03-02","port290","Dhamra Port","India","IND","0","0","0","0","0","0","0","0","0","0","0","0","0","0","0","0","0","0","0","0","0"
"2021-12-25","port290","Dhamra Port","India","IND","0","0","0","0","0","0","0","0","0","0","0","0","0","0","0","0","0","0","0","0","0"
"2024-03-03","port290","Dhamra Port","India","IND","0","1","0","0","0","1","1","0","167468","0","0","0","167468","167468","0","0","0","0","0","0","0"
"2021-12-26","port290","Dhamra Port","India","IND","0","1","0","0","0","1","1","0","49967","0","0","0","49967","49967","0","0","0","0","0","0","0"
"2024-03-04","port290","Dhamra Port","India","IND","0","3","0","0","0","3","3","0","160589","0","0","0","160589","160589","0","7438","0","0","0","7438","7438"
"2021-12-27","port290","Dhamra Port","India","IND","0","0","0","0","0","0","0","0","0","0","0","0","0","0","0","0","0","0","0","0","0"
"2024-03-05","port290","Dhamra Port","India","IND","0","0","0","0","0","0","0","0","0","0","0","0","0","0","0","0","0","0","0","0","0"
"2021-12-28","port290","Dhamra Port","India","IND","0","1","0","0","0","1","1","0","41621","0","0","0","41621","41621","0","19061","0","0","0","19061","19061"
"2024-03-06","port290","Dhamra Port","India","IND","0","0","0","0","0","0","0","0","0","0","0","0","0","0","0","0","0","0","0","0","0"
"2021-12-29","port290","Dhamra Port","India","IND","0","2","0","0","0","2","2","0","40832","0","0","0","40832","40832","0","73626","0","0","0","73626","73626"
"2024-03-07","port290","Dhamra Port","India","IND","0","1","0","0","0","1","1","0","41621","0","0","0","41621","41621","0","19061","0","0","0","19061","19061"
"2021-12-30","port290","Dhamra Port","India","IND","0","0","0","0","0","0","0","0","0","0","0","0","0","0","0","0","0","0","0","0","0"
"2024-03-08","port290","Dhamra Port","India","IND","0","2","0","0","0","2","2","0","83243","0","0","0","83243","83243","0","38123","0","0","0","38123","38123"
"2021-12-31","port290","Dhamra Port","India","IND","0","2","0","0","0","2","2","0","239395","0","0","0","239395","239395","0","0","0","0","0","0","0"
"2024-03-09","port290","Dhamra Port","India","IND","0","2","0","0","0","2","2","0","83243","0","0","0","83243","83243","0","38123","0","0","0","38123","38123"
"2022-01-01","port290","Dhamra Port","India","IND","0","0","0","0","0","0","0","0","0","0","0","0","0","0","0","0","0","0","0","0","0"
"2024-03-10","port290","Dhamra Port","India","IND","0","0","0","0","0","0","0","0","0","0","0","0","0","0","0","0","0","0","0","0","0"
"2022-01-02","port290","Dhamra Port","India","IND","0","1","0","0","0","1","1","0","41621","0","0","0","41621","41621","0","19061","0","0","0","19061","19061"
"2024-03-11","port290","Dhamra Port","India","IND","0","4","0","0","0","4","4","0","77498","0","0","0","77498","77498","0","109458","0","0","0","109458","109458"
"2022-01-03","port290","Dhamra Port","India","IND","0","1","0","0","0","1","1","0","41621","0","0","0","41621","41621","0","19061","0","0","0","19061","19061"
"2024-03-12","port290","Dhamra Port","India","IND","0","0","0","0","0","0","0","0","0","0","0","0","0","0","0","0","0","0","0","0","0"
"2022-01-04","port290","Dhamra Port","India","IND","0","0","0","0","0","0","0","0","0","0","0","0","0","0","0","0","0","0","0","0","0"
"2024-03-13","port290","Dhamra Port","India","IND","0","0","0","0","0","0","0","0","0","0","0","0","0","0","0","0","0","0","0","0","0"
"2022-01-05","port290","Dhamra Port","India","IND","0","0","0","0","0","0","0","0","0","0","0","0","0","0","0","0","0","0","0","0","0"
"2024-03-14","port290","Dhamra Port","India","IND","0","1","0","0","0","1","1","0","0","0","0","0","0","0","0","54211","0","0","0","54211","54211"
"2022-01-06","port290","Dhamra Port","India","IND","0","3","0","0","0","3","3","0","101833","0","0","0","101833","101833","0","90809","0","0","0","90809","90809"
"2024-03-15","port290","Dhamra Port","India","IND","0","3","0","0","0","3","3","0","90940","0","0","0","90940","90940","0","73275","0","0","0","73275","73275"
"2022-01-07","port290","Dhamra Port","India","IND","0","1","0","0","0","1","1","0","41621","0","0","0","41621","41621","0","19061","0","0","0","19061","19061"
"2022-01-08","port290","Dhamra Port","India","IND","0","1","0","0","0","1","1","0","41621","0","0","0","41621","41621","0","19061","0","0","0","19061","19061"
"2022-01-09","port290","Dhamra Port","India","IND","0","0","0","0","0","0","0","0","0","0","0","0","0","0","0","0","0","0","0","0","0"
"2022-01-10","port290","Dhamra Port","India","IND","0","0","0","0","0","0","0","0","0","0","0","0","0","0","0","0","0","0","0","0","0"
"2022-01-11","port290","Dhamra Port","India","IND","0","1","0","0","0","1","1","0","40871","0","0","0","40871","40871","0","0","0","0","0","0","0"
"2022-01-12","port290","Dhamra Port","India","IND","0","0","0","0","0","0","0","0","0","0","0","0","0","0","0","0","0","0","0","0","0"
"2022-01-13","port290","Dhamra Port","India","IND","0","2","0","0","0","2","2","0","29772","0","0","0","29772","29772","0","56315","0","0","0","56315","56315"
"2022-01-14","port290","Dhamra Port","India","IND","0","0","0","0","0","0","0","0","0","0","0","0","0","0","0","0","0","0","0","0","0"
"2022-01-15","port290","Dhamra Port","India","IND","0","0","0","0","0","0","0","0","0","0","0","0","0","0","0","0","0","0","0","0","0"
"2022-01-16","port290","Dhamra Port","India","IND","0","1","0","0","0","1","1","0","0","0","0","0","0","0","0","78773","0","0","0","78773","78773"
"2022-01-17","port290","Dhamra Port","India","IND","0","0","0","0","0","0","0","0","0","0","0","0","0","0","0","0","0","0","0","0","0"
"2022-01-18","port290","Dhamra Port","India","IND","0","2","0","0","0","2","2","0","41621","0","0","0","41621","41621","0","19900","0","0","0","19900","19900"
"2022-01-19","port290","Dhamra Port","India","IND","0","1","0","0","0","1","1","0","0","0","0","0","0","0","0","60806","0","0","0","60806","60806"
"2022-01-20","port290","Dhamra Port","India","IND","0","3","0","0","0","3","3","0","312290","0","0","0","312290","312290","0","0","0","0","0","0","0"
"2022-01-21","port290","Dhamra Port","India","IND","0","1","1","0","0","2","2","0","93189","0","0","0","93189","93189","0","0","2882","0","0","2882","2882"
"2022-01-22","port290","Dhamra Port","India","IND","0","2","0","0","0","2","2","0","0","0","0","0","0","0","0","68026","0","0","0","68026","68026"
"2022-01-23","port290","Dhamra Port","India","IND","0","1","0","0","0","1","1","0","0","0","0","0","0","0","0","13088","0","0","0","13088","13088"
"2022-01-24","port290","Dhamra Port","India","IND","0","1","0","0","0","1","1","0","41621","0","0","0","41621","41621","0","19061","0","0","0","19061","19061"
"2022-01-25","port290","Dhamra Port","India","IND","0","0","0","0","0","0","0","0","0","0","0","0","0","0","0","0","0","0","0","0","0"
"2022-01-26","port290","Dhamra Port","India","IND","0","3","0","0","0","3","3","0","164599","0","0","0","164599","164599","0","26247","0","0","0","26247","26247"
"2022-01-27","port290","Dhamra Port","India","IND","0","1","0","0","0","1","1","0","41621","0","0","0","41621","41621","0","19061","0","0","0","19061","19061"
"2022-01-28","port290","Dhamra Port","India","IND","0","0","0","0","0","0","0","0","0","0","0","0","0","0","0","0","0","0","0","0","0"
"2022-01-29","port290","Dhamra Port","India","IND","0","2","0","0","0","2","2","0","41621","0","0","0","41621","41621","0","92253","0","0","0","92253","92253"
"2022-01-30","port290","Dhamra Port","India","IND","0","2","0","0","0","2","2","0","83243","0","0","0","83243","83243","0","38123","0","0","0","38123","38123"
"2022-01-31","port290","Dhamra Port","India","IND","0","1","0","0","0","1","1","0","78225","0","0","0","78225","78225","0","0","0","0","0","0","0"
"2022-02-01","port290","Dhamra Port","India","IND","0","1","0","0","0","1","1","0","103477","0","0","0","103477","103477","0","0","0","0","0","0","0"
"2022-02-02","port290","Dhamra Port","India","IND","0","1","0","0","0","1","1","0","42251","0","0","0","42251","42251","0","0","0","0","0","0","0"
"2022-02-03","port290","Dhamra Port","India","IND","0","1","0","0","0","1","1","0","0","0","0","0","0","0","0","73626","0","0","0","73626","73626"
"2022-02-04","port290","Dhamra Port","India","IND","0","1","0","0","0","1","1","0","158274","0","0","0","158274","158274","0","0","0","0","0","0","0"
"2022-02-05","port290","Dhamra Port","India","IND","0","0","0","0","0","0","0","0","0","0","0","0","0","0","0","0","0","0","0","0","0"
"2022-02-06","port290","Dhamra Port","India","IND","0","0","1","0","0","1","1","0","0","0","0","0","0","0","0","0","11180","0","0","11180","11180"
"2022-02-07","port290","Dhamra Port","India","IND","0","1","0","0","0","1","1","0","0","0","0","0","0","0","0","32424","0","0","0","32424","32424"
"2022-02-08","port290","Dhamra Port","India","IND","0","0","0","0","0","0","0","0","0","0","0","0","0","0","0","0","0","0","0","0","0"
"2022-02-09","port290","Dhamra Port","India","IND","0","2","0","0","0","2","2","0","0","0","0","0","0","0","0","78256","0","0","0","78256","78256"
"2022-02-10","port290","Dhamra Port","India","IND","0","1","0","0","0","1","1","0","0","0","0","0","0","0","0","23836","0","0","0","23836","23836"
"2022-02-11","port290","Dhamra Port","India","IND","0","1","0","0","0","1","1","0","41621","0","0","0","41621","41621","0","19061","0","0","0","19061","19061"
"2022-02-12","port290","Dhamra Port","India","IND","0","2","0","0","0","2","2","0","42317","0","0","0","42317","42317","0","19061","0","0","0","19061","19061"
"2022-02-13","port290","Dhamra Port","India","IND","0","2","0","0","0","2","2","0","229640","0","0","0","229640","229640","0","0","0","0","0","0","0"
"2022-02-14","port290","Dhamra Port","India","IND","0","2","0","0","0","2","2","0","139871","0","0","0","139871","139871","0","0","0","0","0","0","0"
"2022-02-15","port290","Dhamra Port","India","IND","0","1","0","0","0","1","1","0","0","0","0","0","0","0","0","56015","0","0","0","56015","56015"
"2022-02-16","port290","Dhamra Port","India","IND","0","0","0","0","0","0","0","0","0","0","0","0","0","0","0","0","0","0","0","0","0"
"2022-02-17","port290","Dhamra Port","India","IND","0","2","0","0","0","2","2","0","163409","0","0","0","163409","163409","0","7644","0","0","0","7644","7644"
"2022-02-18","port290","Dhamra Port","India","IND","0","0","0","0","0","0","0","0","0","0","0","0","0","0","0","0","0","0","0","0","0"
"2022-02-19","port290","Dhamra Port","India","IND","0","1","0","0","0","1","1","0","74345","0","0","0","74345","74345","0","0","0","0","0","0","0"
"2022-02-20","port290","Dhamra Port","India","IND","0","1","0","0","0","1","1","0","41621","0","0","0","41621","41621","0","19061","0","0","0","19061","19061"
"2022-02-21","port290","Dhamra Port","India","IND","0","1","0","0","0","1","1","0","81640","0","0","0","81640","81640","0","0","0","0","0","0","0"
"2022-02-22","port290","Dhamra Port","India","IND","0","1","0","0","0","1","1","0","0","0","0","0","0","0","0","0","0","0","0","0","0"
"2022-02-23","port290","Dhamra Port","India","IND","0","1","0","0","0","1","1","0","43812","0","0","0","43812","43812","0","0","0","0","0","0","0"
"2022-02-24","port290","Dhamra Port","India","IND","0","2","0","0","0","2","2","0","163591","0","0","0","163591","163591","0","29012","0","0","0","29012","29012"
"2022-02-25","port290","Dhamra Port","India","IND","0","1","0","0","0","1","1","0","0","0","0","0","0","0","0","39113","0","0","0","39113","39113"
"2022-02-26","port290","Dhamra Port","India","IND","0","2","0","0","0","2","2","0","75827","0","0","0","75827","75827","0","0","0","0","0","0","0"
"2022-02-27","port290","Dhamra Port","India","IND","0","2","0","0","0","2","2","0","41621","0","0","0","41621","41621","0","72040","0","0","0","72040","72040"
"2022-02-28","port290","Dhamra Port","India","IND","0","1","0","0","0","1","1","0","42355","0","0","0","42355","42355","0","0","0","0","0","0","0"
"2022-03-01","port290","Dhamra Port","India","IND","0","1","0","0","0","1","1","0","109287","0","0","0","109287","109287","0","0","0","0","0","0","0"
"2022-03-02","port290","Dhamra Port","India","IND","0","1","0","0","0","1","1","0","0","0","0","0","0","0","0","7636","0","0","0","7636","7636"
"2022-03-03","port290","Dhamra Port","India","IND","0","3","0","0","0","3","3","0","183070","0","0","0","183070","183070","0","71747","0","0","0","71747","71747"
"2022-03-04","port290","Dhamra Port","India","IND","0","1","0","0","0","1","1","0","159123","0","0","0","159123","159123","0","0","0","0","0","0","0"
"2022-03-05","port290","Dhamra Port","India","IND","0","1","0","0","0","1","1","0","0","0","0","0","0","0","0","58591","0","0","0","58591","58591"
"2022-03-06","port290","Dhamra Port","India","IND","0","0","0","0","0","0","0","0","0","0","0","0","0","0","0","0","0","0","0","0","0"
"2022-03-07","port290","Dhamra Port","India","IND","0","2","0","0","0","2","2","0","123119","0","0","0","123119","123119","0","19061","0","0","0","19061","19061"
"2022-03-08","port290","Dhamra Port","India","IND","0","1","0","0","0","1","1","0","78188","0","0","0","78188","78188","0","0","0","0","0","0","0"
"2022-03-09","port290","Dhamra Port","India","IND","0","0","0","0","0","0","0","0","0","0","0","0","0","0","0","0","0","0","0","0","0"
"2022-03-10","port290","Dhamra Port","India","IND","0","0","0","0","0","0","0","0","0","0","0","0","0","0","0","0","0","0","0","0","0"
"2022-03-11","port290","Dhamra Port","India","IND","0","4","0","0","0","4","4","0","167754","0","0","0","167754","167754","0","126716","0","0","0","126716","126716"
"2022-03-12","port290","Dhamra Port","India","IND","0","1","0","0","0","1","1","0","41479","0","0","0","41479","41479","0","0","0","0","0","0","0"
"2022-03-13","port290","Dhamra Port","India","IND","0","0","0","0","0","0","0","0","0","0","0","0","0","0","0","0","0","0","0","0","0"
"2022-03-14","port290","Dhamra Port","India","IND","0","2","0","0","0","2","2","0","0","0","0","0","0","0","0","28784","0","0","0","28784","28784"
"2022-03-15","port290","Dhamra Port","India","IND","0","0","0","0","0","0","0","0","0","0","0","0","0","0","0","0","0","0","0","0","0"
"2022-03-16","port290","Dhamra Port","India","IND","0","2","0","0","0","2","2","0","66574","0","0","0","66574","66574","0","19061","0","0","0","19061","19061"
"2022-03-17","port290","Dhamra Port","India","IND","0","1","0","0","0","1","1","0","160601","0","0","0","160601","160601","0","0","0","0","0","0","0"
"2022-03-18","port290","Dhamra Port","India","IND","0","2","0","0","0","2","2","0","41621","0","0","0","41621","41621","0","33480","0","0","0","33480","33480"
"2022-03-19","port290","Dhamra Port","India","IND","0","1","0","0","0","1","1","0","173756","0","0","0","173756","173756","0","0","0","0","0","0","0"
"2022-03-20","port290","Dhamra Port","India","IND","0","2","0","0","0","2","2","0","23417","0","0","0","23417","23417","0","0","0","0","0","0","0"
"2022-03-21","port290","Dhamra Port","India","IND","0","0","0","0","0","0","0","0","0","0","0","0","0","0","0","0","0","0","0","0","0"
"2022-03-22","port290","Dhamra Port","India","IND","0","1","0","0","0","1","1","0","29031","0","0","0","29031","29031","0","0","0","0","0","0","0"
"2022-03-23","port290","Dhamra Port","India","IND","0","0","0","0","0","0","0","0","0","0","0","0","0","0","0","0","0","0","0","0","0"
"2022-03-24","port290","Dhamra Port","India","IND","0","2","0","0","0","2","2","0","64774","0","0","0","64774","64774","0","0","0","0","0","0","0"
"2022-03-25","port290","Dhamra Port","India","IND","0","0","0","0","0","0","0","0","0","0","0","0","0","0","0","0","0","0","0","0","0"
"2022-03-26","port290","Dhamra Port","India","IND","0","2","0","0","0","2","2","0","0","0","0","0","0","0","0","70657","0","0","0","70657","70657"
"2022-03-27","port290","Dhamra Port","India","IND","0","1","0","0","0","1","1","0","0","0","0","0","0","0","0","77943","0","0","0","77943","77943"
"2022-03-28","port290","Dhamra Port","India","IND","0","2","0","0","0","2","2","0","241803","0","0","0","241803","241803","0","0","0","0","0","0","0"
"2022-03-29","port290","Dhamra Port","India","IND","0","2","0","0","0","2","2","0","79131","0","0","0","79131","79131","0","49881","0","0","0","49881","49881"
"2022-03-30","port290","Dhamra Port","India","IND","0","0","0","0","0","0","0","0","0","0","0","0","0","0","0","0","0","0","0","0","0"
"2022-03-31","port290","Dhamra Port","India","IND","0","2","0","0","0","2","2","0","27830","0","0","0","27830","27830","0","58822","0","0","0","58822","58822"
"2022-04-01","port290","Dhamra Port","India","IND","0","0","0","0","0","0","0","0","0","0","0","0","0","0","0","0","0","0","0","0","0"
"2022-04-02","port290","Dhamra Port","India","IND","0","2","1","0","0","3","3","0","212484","4558","0","0","217043","217043","0","0","0","0","0","0","0"
"2022-04-03","port290","Dhamra Port","India","IND","0","1","0","0","0","1","1","0","0","0","0","0","0","0","0","33204","0","0","0","33204","33204"
"2022-04-04","port290","Dhamra Port","India","IND","0","0","0","0","0","0","0","0","0","0","0","0","0","0","0","0","0","0","0","0","0"
"2022-04-05","port290","Dhamra Port","India","IND","0","1","0","0","0","1","1","0","0","0","0","0","0","0","0","69465","0","0","0","69465","69465"
"2022-04-06","port290","Dhamra Port","India","IND","0","2","0","0","0","2","2","0","0","0","0","0","0","0","0","71747","0","0","0","71747","71747"
"2022-04-07","port290","Dhamra Port","India","IND","0","0","0","0","0","0","0","0","0","0","0","0","0","0","0","0","0","0","0","0","0"
"2022-04-08","port290","Dhamra Port","India","IND","0","3","0","0","0","3","3","0","95981","0","0","0","95981","95981","0","42730","0","0","0","42730","42730"
"2022-04-09","port290","Dhamra Port","India","IND","0","0","0","0","0","0","0","0","0","0","0","0","0","0","0","0","0","0","0","0","0"
"2022-04-10","port290","Dhamra Port","India","IND","0","2","0","0","0","2","2","0","0","0","0","0","0","0","0","122191","0","0","0","122191","122191"
"2022-04-11","port290","Dhamra Port","India","IND","0","1","0","0","0","1","1","0","41621","0","0","0","41621","41621","0","19061","0","0","0","19061","19061"
"2022-04-12","port290","Dhamra Port","India","IND","0","3","0","0","0","3","3","0","306755","0","0","0","306755","306755","0","73626","0","0","0","73626","73626"
"2022-04-13","port290","Dhamra Port","India","IND","0","1","0","0","0","1","1","0","0","0","0","0","0","0","0","56352","0","0","0","56352","56352"
"2022-04-14","port290","Dhamra Port","India","IND","0","0","0","0","0","0","0","0","0","0","0","0","0","0","0","0","0","0","0","0","0"
"2022-04-15","port290","Dhamra Port","India","IND","0","2","0","0","0","2","2","0","49700","0","0","0","49700","49700","0","30655","0","0","0","30655","30655"
"2022-04-16","port290","Dhamra Port","India","IND","0","1","0","0","0","1","1","0","0","0","0","0","0","0","0","84341","0","0","0","84341","84341"
"2022-04-17","port290","Dhamra Port","India","IND","0","1","0","0","0","1","1","0","78849","0","0","0","78849","78849","0","0","0","0","0","0","0"
"2022-04-18","port290","Dhamra Port","India","IND","0","1","0","0","0","1","1","0","78633","0","0","0","78633","78633","0","0","0","0","0","0","0"
"2022-04-19","port290","Dhamra Port","India","IND","0","3","0","0","0","3","3","0","261650","0","0","0","261650","261650","0","53242","0","0","0","53242","53242"
"2022-04-20","port290","Dhamra Port","India","IND","0","0","0","0","0","0","0","0","0","0","0","0","0","0","0","0","0","0","0","0","0"
"2022-04-21","port290","Dhamra Port","India","IND","0","0","0","0","0","0","0","0","0","0","0","0","0","0","0","0","0","0","0","0","0"
"2022-04-22","port290","Dhamra Port","India","IND","0","1","0","0","0","1","1","0","78706","0","0","0","78706","78706","0","0","0","0","0","0","0"
"2022-04-23","port290","Dhamra Port","India","IND","0","1","0","0","0","1","1","0","0","0","0","0","0","0","0","29225","0","0","0","29225","29225"
"2022-04-24","port290","Dhamra Port","India","IND","0","0","0","0","0","0","0","0","0","0","0","0","0","0","0","0","0","0","0","0","0"
"2022-04-25","port290","Dhamra Port","India","IND","0","1","0","0","0","1","1","0","41621","0","0","0","41621","41621","0","19061","0","0","0","19061","19061"
"2022-04-26","port290","Dhamra Port","India","IND","0","0","0","0","0","0","0","0","0","0","0","0","0","0","0","0","0","0","0","0","0"
"2022-04-27","port290","Dhamra Port","India","IND","0","3","0","0","0","3","3","0","167555","0","0","0","167555","167555","0","86410","0","0","0","86410","86410"
"2022-04-28","port290","Dhamra Port","India","IND","0","2","0","0","0","2","2","0","26911","0","0","0","26911","26911","0","22256","0","0","0","22256","22256"
"2022-04-29","port290","Dhamra Port","India","IND","0","2","0","0","0","2","2","0","78441","0","0","0","78441","78441","0","55879","0","0","0","55879","55879"
"2022-04-30","port290","Dhamra Port","India","IND","0","2","0","0","0","2","2","0","177613","0","0","0","177613","177613","0","19061","0","0","0","19061","19061"
"2022-05-01","port290","Dhamra Port","India","IND","0","2","0","0","0","2","2","0","40787","0","0","0","40787","40787","0","28465","0","0","0","28465","28465"
"2022-05-02","port290","Dhamra Port","India","IND","0","1","0","0","0","1","1","0","0","0","0","0","0","0","0","54653","0","0","0","54653","54653"
"2022-05-03","port290","Dhamra Port","India","IND","0","2","0","0","0","2","2","0","189149","0","0","0","189149","189149","0","0","0","0","0","0","0"
"2022-05-04","port290","Dhamra Port","India","IND","0","1","0","0","0","1","1","0","160237","0","0","0","160237","160237","0","0","0","0","0","0","0"
"2022-05-05","port290","Dhamra Port","India","IND","0","0","0","0","0","0","0","0","0","0","0","0","0","0","0","0","0","0","0","0","0"
"2022-05-06","port290","Dhamra Port","India","IND","0","1","0","0","0","1","1","0","0","0","0","0","0","0","0","3428","0","0","0","3428","3428"
"2022-05-07","port290","Dhamra Port","India","IND","0","1","0","0","0","1","1","0","103482","0","0","0","103482","103482","0","0","0","0","0","0","0"
"2022-05-08","port290","Dhamra Port","India","IND","0","2","0","0","0","2","2","0","380","0","0","0","380","380","0","202021","0","0","0","202021","202021"
"2022-05-09","port290","Dhamra Port","India","IND","0","3","0","0","0","3","3","0","237299","0","0","0","237299","237299","0","77533","0","0","0","77533","77533"
"2022-05-10","port290","Dhamra Port","India","IND","0","1","0","0","0","1","1","0","78853","0","0","0","78853","78853","0","0","0","0","0","0","0"
"2022-05-11","port290","Dhamra Port","India","IND","0","0","0","0","0","0","0","0","0","0","0","0","0","0","0","0","0","0","0","0","0"
"2022-05-12","port290","Dhamra Port","India","IND","0","0","0","0","0","0","0","0","0","0","0","0","0","0","0","0","0","0","0","0","0"
"2022-05-13","port290","Dhamra Port","India","IND","0","3","0","0","0","3","3","0","210803","0","0","0","210803","210803","0","72700","0","0","0","72700","72700"
"2022-05-14","port290","Dhamra Port","India","IND","0","1","0","0","0","1","1","0","41621","0","0","0","41621","41621","0","19061","0","0","0","19061","19061"
"2022-05-15","port290","Dhamra Port","India","IND","0","1","0","0","0","1","1","0","0","0","0","0","0","0","0","0","0","0","0","0","0"
"2022-05-16","port290","Dhamra Port","India","IND","0","1","0","0","0","1","1","0","71489","0","0","0","71489","71489","0","0","0","0","0","0","0"
"2022-05-17","port290","Dhamra Port","India","IND","0","1","0","0","0","1","1","0","78570","0","0","0","78570","78570","0","0","0","0","0","0","0"
"2022-05-18","port290","Dhamra Port","India","IND","0","2","0","0","0","2","2","0","0","0","0","0","0","0","0","82165","0","0","0","82165","82165"
"2022-05-19","port290","Dhamra Port","India","IND","0","1","0","0","0","1","1","0","78624","0","0","0","78624","78624","0","0","0","0","0","0","0"
"2022-05-20","port290","Dhamra Port","India","IND","0","2","0","0","0","2","2","0","121793","0","0","0","121793","121793","0","72429","0","0","0","72429","72429"
"2022-05-21","port290","Dhamra Port","India","IND","0","1","0","0","0","1","1","0","162251","0","0","0","162251","162251","0","0","0","0","0","0","0"
"2022-05-22","port290","Dhamra Port","India","IND","0","0","0","0","0","0","0","0","0","0","0","0","0","0","0","0","0","0","0","0","0"
"2022-05-23","port290","Dhamra Port","India","IND","0","2","0","0","0","2","2","0","115270","0","0","0","115270","115270","0","19061","0","0","0","19061","19061"
"2022-05-24","port290","Dhamra Port","India","IND","0","1","0","0","0","1","1","0","31536","0","0","0","31536","31536","0","0","0","0","0","0","0"
"2022-05-25","port290","Dhamra Port","India","IND","0","0","0","0","0","0","0","0","0","0","0","0","0","0","0","0","0","0","0","0","0"
"2022-05-26","port290","Dhamra Port","India","IND","0","2","0","0","0","2","2","0","150053","0","0","0","150053","150053","0","0","0","0","0","0","0"
"2022-05-27","port290","Dhamra Port","India","IND","0","0","0","0","0","0","0","0","0","0","0","0","0","0","0","0","0","0","0","0","0"
"2022-05-28","port290","Dhamra Port","India","IND","0","4","0","0","0","4","4","0","321654","0","0","0","321654","321654","0","38123","0","0","0","38123","38123"
"2022-05-29","port290","Dhamra Port","India","IND","0","1","0","0","0","1","1","0","0","0","0","0","0","0","0","70201","0","0","0","70201","70201"
"2022-05-30","port290","Dhamra Port","India","IND","0","2","0","0","0","2","2","0","41621","0","0","0","41621","41621","0","19061","0","0","0","19061","19061"
"2022-05-31","port290","Dhamra Port","India","IND","0","3","0","0","0","3","3","0","161316","0","0","0","161316","161316","0","72700","0","0","0","72700","72700"
"2022-06-01","port290","Dhamra Port","India","IND","0","1","0","0","0","1","1","0","0","0","0","0","0","0","0","10591","0","0","0","10591","10591"
"2022-06-02","port290","Dhamra Port","India","IND","0","2","0","0","0","2","2","0","77880","0","0","0","77880","77880","0","3631","0","0","0","3631","3631"
"2022-06-03","port290","Dhamra Port","India","IND","0","3","0","0","0","3","3","0","106493","0","0","0","106493","106493","0","43992","0","0","0","43992","43992"
"2022-06-04","port290","Dhamra Port","India","IND","0","0","0","0","0","0","0","0","0","0","0","0","0","0","0","0","0","0","0","0","0"
"2022-06-05","port290","Dhamra Port","India","IND","0","2","0","0","0","2","2","0","135296","0","0","0","135296","135296","0","0","0","0","0","0","0"
"2022-06-06","port290","Dhamra Port","India","IND","0","2","0","0","0","2","2","0","212717","0","0","0","212717","212717","0","0","0","0","0","0","0"
"2022-06-07","port290","Dhamra Port","India","IND","0","1","0","0","0","1","1","0","0","0","0","0","0","0","0","23709","0","0","0","23709","23709"
"2022-06-08","port290","Dhamra Port","India","IND","0","0","0","0","0","0","0","0","0","0","0","0","0","0","0","0","0","0","0","0","0"
"2022-06-09","port290","Dhamra Port","India","IND","0","0","0","0","0","0","0","0","0","0","0","0","0","0","0","0","0","0","0","0","0"
"2022-06-10","port290","Dhamra Port","India","IND","0","2","0","0","0","2","2","0","238743","0","0","0","238743","238743","0","0","0","0","0","0","0"
"2022-06-11","port290","Dhamra Port","India","IND","0","3","0","0","0","3","3","0","84493","0","0","0","84493","84493","0","28457","0","0","0","28457","28457"
"2022-06-12","port290","Dhamra Port","India","IND","0","0","0","0","0","0","0","0","0","0","0","0","0","0","0","0","0","0","0","0","0"
"2022-06-13","port290","Dhamra Port","India","IND","0","3","0","0","0","3","3","0","219255","0","0","0","219255","219255","0","72700","0","0","0","72700","72700"
"2022-06-14","port290","Dhamra Port","India","IND","0","0","0","0","0","0","0","0","0","0","0","0","0","0","0","0","0","0","0","0","0"
"2022-06-15","port290","Dhamra Port","India","IND","0","0","0","0","0","0","0","0","0","0","0","0","0","0","0","0","0","0","0","0","0"
"2022-06-16","port290","Dhamra Port","India","IND","0","1","0","0","0","1","1","0","27827","0","0","0","27827","27827","0","0","0","0","0","0","0"
"2022-06-17","port290","Dhamra Port","India","IND","0","2","0","0","0","2","2","0","48372","0","0","0","48372","48372","0","30038","0","0","0","30038","30038"
"2022-06-18","port290","Dhamra Port","India","IND","0","2","0","0","0","2","2","0","119387","0","0","0","119387","119387","0","19061","0","0","0","19061","19061"
"2022-06-19","port290","Dhamra Port","India","IND","0","1","0","0","0","1","1","0","0","0","0","0","0","0","0","71747","0","0","0","71747","71747"
"2022-06-20","port290","Dhamra Port","India","IND","0","1","0","0","0","1","1","0","157495","0","0","0","157495","157495","0","0","0","0","0","0","0"
"2022-06-21","port290","Dhamra Port","India","IND","0","1","0","0","0","1","1","0","0","0","0","0","0","0","0","47945","0","0","0","47945","47945"
"2022-06-22","port290","Dhamra Port","India","IND","0","1","0","0","0","1","1","0","0","0","0","0","0","0","0","34135","0","0","0","34135","34135"
"2022-06-23","port290","Dhamra Port","India","IND","0","0","0","0","0","0","0","0","0","0","0","0","0","0","0","0","0","0","0","0","0"
"2022-06-24","port290","Dhamra Port","India","IND","0","1","0","0","0","1","1","0","103482","0","0","0","103482","103482","0","0","0","0","0","0","0"
"2022-06-25","port290","Dhamra Port","India","IND","0","0","0","0","0","0","0","0","0","0","0","0","0","0","0","0","0","0","0","0","0"
"2022-06-26","port290","Dhamra Port","India","IND","0","1","0","0","0","1","1","0","0","0","0","0","0","0","0","31581","0","0","0","31581","31581"
"2022-06-27","port290","Dhamra Port","India","IND","0","3","0","0","0","3","3","0","169499","0","0","0","169499","169499","0","30584","0","0","0","30584","30584"
"2022-06-28","port290","Dhamra Port","India","IND","0","2","0","0","0","2","2","0","40049","0","0","0","40049","40049","0","0","0","0","0","0","0"
"2022-06-29","port290","Dhamra Port","India","IND","0","0","0","0","0","0","0","0","0","0","0","0","0","0","0","0","0","0","0","0","0"
"2022-06-30","port290","Dhamra Port","India","IND","0","3","0","0","0","3","3","0","245407","0","0","0","245407","245407","0","19061","0","0","0","19061","19061"
"2022-07-01","port290","Dhamra Port","India","IND","0","1","0","0","0","1","1","0","77629","0","0","0","77629","77629","0","0","0","0","0","0","0"
"2022-07-02","port290","Dhamra Port","India","IND","0","2","0","0","0","2","2","0","0","0","0","0","0","0","0","0","0","0","0","0","0"
"2022-07-03","port290","Dhamra Port","India","IND","0","2","0","0","0","2","2","0","110976","0","0","0","110976","110976","0","0","0","0","0","0","0"
"2022-07-04","port290","Dhamra Port","India","IND","0","2","0","0","0","2","2","0","124509","0","0","0","124509","124509","0","0","0","0","0","0","0"
"2022-07-05","port290","Dhamra Port","India","IND","0","1","0","0","0","1","1","0","66930","0","0","0","66930","66930","0","0","0","0","0","0","0"
"2022-07-06","port290","Dhamra Port","India","IND","0","1","0","0","0","1","1","0","71083","0","0","0","71083","71083","0","0","0","0","0","0","0"
"2022-07-07","port290","Dhamra Port","India","IND","0","2","0","0","0","2","2","0","48174","0","0","0","48174","48174","0","35665","0","0","0","35665","35665"
"2022-07-08","port290","Dhamra Port","India","IND","0","1","0","0","0","1","1","0","66024","0","0","0","66024","66024","0","0","0","0","0","0","0"
"2022-07-09","port290","Dhamra Port","India","IND","0","0","0","0","0","0","0","0","0","0","0","0","0","0","0","0","0","0","0","0","0"
"2022-07-10","port290","Dhamra Port","India","IND","0","0","0","0","0","0","0","0","0","0","0","0","0","0","0","0","0","0","0","0","0"
"2022-07-11","port290","Dhamra Port","India","IND","0","1","0","0","0","1","1","0","41621","0","0","0","41621","41621","0","19061","0","0","0","19061","19061"
"2022-07-12","port290","Dhamra Port","India","IND","0","2","0","0","0","2","2","0","202535","0","0","0","202535","202535","0","19061","0","0","0","19061","19061"
"2022-07-13","port290","Dhamra Port","India","IND","0","0","0","0","0","0","0","0","0","0","0","0","0","0","0","0","0","0","0","0","0"
"2022-07-14","port290","Dhamra Port","India","IND","0","1","0","0","0","1","1","0","72498","0","0","0","72498","72498","0","0","0","0","0","0","0"
"2022-07-15","port290","Dhamra Port","India","IND","0","0","0","0","0","0","0","0","0","0","0","0","0","0","0","0","0","0","0","0","0"
"2022-07-16","port290","Dhamra Port","India","IND","0","1","0","0","0","1","1","0","41621","0","0","0","41621","41621","0","19061","0","0","0","19061","19061"
"2022-07-17","port290","Dhamra Port","India","IND","0","1","0","0","0","1","1","0","156353","0","0","0","156353","156353","0","0","0","0","0","0","0"
"2022-07-18","port290","Dhamra Port","India","IND","0","1","0","0","0","1","1","0","19040","0","0","0","19040","19040","0","0","0","0","0","0","0"
"2022-07-19","port290","Dhamra Port","India","IND","0","1","0","0","0","1","1","0","67271","0","0","0","67271","67271","0","0","0","0","0","0","0"
"2022-07-20","port290","Dhamra Port","India","IND","0","1","0","0","0","1","1","0","67023","0","0","0","67023","67023","0","0","0","0","0","0","0"
"2022-07-21","port290","Dhamra Port","India","IND","0","2","0","0","0","2","2","0","122003","0","0","0","122003","122003","0","19061","0","0","0","19061","19061"
"2022-07-22","port290","Dhamra Port","India","IND","0","0","0","0","0","0","0","0","0","0","0","0","0","0","0","0","0","0","0","0","0"
"2022-07-23","port290","Dhamra Port","India","IND","0","2","0","0","0","2","2","0","162053","0","0","0","162053","162053","0","33037","0","0","0","33037","33037"
"2022-07-24","port290","Dhamra Port","India","IND","0","0","0","0","0","0","0","0","0","0","0","0","0","0","0","0","0","0","0","0","0"
"2022-07-25","port290","Dhamra Port","India","IND","0","2","0","0","0","2","2","0","42564","0","0","0","42564","42564","0","0","0","0","0","0","0"
"2022-07-26","port290","Dhamra Port","India","IND","0","1","0","0","0","1","1","0","41621","0","0","0","41621","41621","0","19061","0","0","0","19061","19061"
"2022-07-27","port290","Dhamra Port","India","IND","0","2","0","0","0","2","2","0","163591","0","0","0","163591","163591","0","0","0","0","0","0","0"
"2022-07-28","port290","Dhamra Port","India","IND","0","2","0","0","0","2","2","0","157143","0","0","0","157143","157143","0","26139","0","0","0","26139","26139"
"2022-07-29","port290","Dhamra Port","India","IND","0","0","0","0","0","0","0","0","0","0","0","0","0","0","0","0","0","0","0","0","0"
"2022-07-30","port290","Dhamra Port","India","IND","0","2","0","0","0","2","2","0","256304","0","0","0","256304","256304","0","0","0","0","0","0","0"
"2022-07-31","port290","Dhamra Port","India","IND","0","1","0","0","0","1","1","0","80165","0","0","0","80165","80165","0","0","0","0","0","0","0"
"2022-08-01","port290","Dhamra Port","India","IND","0","1","0","0","0","1","1","0","79091","0","0","0","79091","79091","0","0","0","0","0","0","0"
"2022-08-02","port290","Dhamra Port","India","IND","0","2","0","0","0","2","2","0","149339","0","0","0","149339","149339","0","0","0","0","0","0","0"
"2022-08-03","port290","Dhamra Port","India","IND","0","0","0","0","0","0","0","0","0","0","0","0","0","0","0","0","0","0","0","0","0"
"2022-08-04","port290","Dhamra Port","India","IND","0","0","0","0","0","0","0","0","0","0","0","0","0","0","0","0","0","0","0","0","0"
"2022-08-05","port290","Dhamra Port","India","IND","0","1","0","0","0","1","1","0","0","0","0","0","0","0","0","24798","0","0","0","24798","24798"
"2022-08-06","port290","Dhamra Port","India","IND","0","3","0","0","0","3","3","0","202116","0","0","0","202116","202116","0","142078","0","0","0","142078","142078"
"2022-08-07","port290","Dhamra Port","India","IND","0","1","0","0","0","1","1","0","104326","0","0","0","104326","104326","0","0","0","0","0","0","0"
"2022-08-08","port290","Dhamra Port","India","IND","0","1","0","0","0","1","1","0","42649","0","0","0","42649","42649","0","0","0","0","0","0","0"
"2022-08-09","port290","Dhamra Port","India","IND","0","1","0","0","0","1","1","0","158313","0","0","0","158313","158313","0","0","0","0","0","0","0"
"2022-08-10","port290","Dhamra Port","India","IND","0","2","0","0","0","2","2","0","3540","0","0","0","3540","3540","0","35665","0","0","0","35665","35665"
"2022-08-11","port290","Dhamra Port","India","IND","0","0","0","0","0","0","0","0","0","0","0","0","0","0","0","0","0","0","0","0","0"
"2022-08-12","port290","Dhamra Port","India","IND","0","1","0","0","0","1","1","0","78868","0","0","0","78868","78868","0","0","0","0","0","0","0"
"2022-08-13","port290","Dhamra Port","India","IND","0","0","0","0","0","0","0","0","0","0","0","0","0","0","0","0","0","0","0","0","0"
"2022-08-14","port290","Dhamra Port","India","IND","0","1","0","0","0","1","1","0","78588","0","0","0","78588","78588","0","0","0","0","0","0","0"
"2022-08-15","port290","Dhamra Port","India","IND","0","3","0","0","0","3","3","0","72096","0","0","0","72096","72096","0","58867","0","0","0","58867","58867"
"2022-08-16","port290","Dhamra Port","India","IND","0","1","0","0","0","1","1","0","157356","0","0","0","157356","157356","0","0","0","0","0","0","0"
"2022-08-17","port290","Dhamra Port","India","IND","0","1","0","0","0","1","1","0","0","0","0","0","0","0","0","35309","0","0","0","35309","35309"
"2022-08-18","port290","Dhamra Port","India","IND","0","1","0","0","0","1","1","0","162433","0","0","0","162433","162433","0","0","0","0","0","0","0"
"2022-08-19","port290","Dhamra Port","India","IND","0","0","0","0","0","0","0","0","0","0","0","0","0","0","0","0","0","0","0","0","0"
"2022-08-20","port290","Dhamra Port","India","IND","0","1","0","0","0","1","1","0","41621","0","0","0","41621","41621","0","19061","0","0","0","19061","19061"
"2022-08-21","port290","Dhamra Port","India","IND","0","1","0","0","0","1","1","0","103477","0","0","0","103477","103477","0","0","0","0","0","0","0"
"2022-08-22","port290","Dhamra Port","India","IND","0","2","0","0","0","2","2","0","44417","0","0","0","44417","44417","0","0","0","0","0","0","0"
"2022-08-23","port290","Dhamra Port","India","IND","0","1","0","0","0","1","1","0","0","0","0","0","0","0","0","37313","0","0","0","37313","37313"
"2022-08-24","port290","Dhamra Port","India","IND","0","3","0","0","0","3","3","0","176890","0","0","0","176890","176890","0","53315","0","0","0","53315","53315"
"2022-08-25","port290","Dhamra Port","India","IND","0","1","0","0","0","1","1","0","74338","0","0","0","74338","74338","0","0","0","0","0","0","0"
"2022-08-26","port290","Dhamra Port","India","IND","0","2","0","0","0","2","2","0","0","0","0","0","0","0","0","63082","0","0","0","63082","63082"
"2022-08-27","port290","Dhamra Port","India","IND","0","0","0","0","0","0","0","0","0","0","0","0","0","0","0","0","0","0","0","0","0"
"2022-08-28","port290","Dhamra Port","India","IND","0","2","0","0","0","2","2","0","78399","0","0","0","78399","78399","0","0","0","0","0","0","0"
"2022-08-29","port290","Dhamra Port","India","IND","0","2","0","0","0","2","2","0","135782","0","0","0","135782","135782","0","1375","0","0","0","1375","1375"
"2022-08-30","port290","Dhamra Port","India","IND","0","1","0","0","0","1","1","0","0","0","0","0","0","0","0","76313","0","0","0","76313","76313"
"2022-08-31","port290","Dhamra Port","India","IND","0","2","0","0","0","2","2","0","118517","0","0","0","118517","118517","0","19061","0","0","0","19061","19061"
"2022-09-01","port290","Dhamra Port","India","IND","0","1","0","0","0","1","1","0","28201","0","0","0","28201","28201","0","0","0","0","0","0","0"
"2022-09-02","port290","Dhamra Port","India","IND","0","1","0","0","0","1","1","0","93643","0","0","0","93643","93643","0","0","0","0","0","0","0"
"2022-09-03","port290","Dhamra Port","India","IND","0","0","0","0","0","0","0","0","0","0","0","0","0","0","0","0","0","0","0","0","0"
"2022-09-04","port290","Dhamra Port","India","IND","0","2","0","0","0","2","2","0","113685","0","0","0","113685","113685","0","19061","0","0","0","19061","19061"
"2022-09-05","port290","Dhamra Port","India","IND","0","2","0","0","0","2","2","0","102267","0","0","0","102267","102267","0","50983","0","0","0","50983","50983"
"2022-09-06","port290","Dhamra Port","India","IND","0","1","0","0","0","1","1","0","41621","0","0","0","41621","41621","0","19061","0","0","0","19061","19061"
"2022-09-07","port290","Dhamra Port","India","IND","0","1","0","0","0","1","1","0","0","0","0","0","0","0","0","1209","0","0","0","1209","1209"
"2022-09-08","port290","Dhamra Port","India","IND","0","1","0","0","0","1","1","0","162775","0","0","0","162775","162775","0","0","0","0","0","0","0"
"2022-09-09","port290","Dhamra Port","India","IND","0","0","0","0","0","0","0","0","0","0","0","0","0","0","0","0","0","0","0","0","0"
"2022-09-10","port290","Dhamra Port","India","IND","0","2","0","0","0","2","2","0","41621","0","0","0","41621","41621","0","54031","0","0","0","54031","54031"
"2022-09-11","port290","Dhamra Port","India","IND","0","0","0","0","0","0","0","0","0","0","0","0","0","0","0","0","0","0","0","0","0"
"2022-09-12","port290","Dhamra Port","India","IND","0","1","0","0","0","1","1","0","139196","0","0","0","139196","139196","0","0","0","0","0","0","0"
"2022-09-13","port290","Dhamra Port","India","IND","0","1","0","0","0","1","1","0","135123","0","0","0","135123","135123","0","0","0","0","0","0","0"
"2022-09-14","port290","Dhamra Port","India","IND","0","0","0","0","0","0","0","0","0","0","0","0","0","0","0","0","0","0","0","0","0"
"2022-09-15","port290","Dhamra Port","India","IND","0","0","0","0","0","0","0","0","0","0","0","0","0","0","0","0","0","0","0","0","0"
"2022-09-16","port290","Dhamra Port","India","IND","0","1","0","0","0","1","1","0","157746","0","0","0","157746","157746","0","0","0","0","0","0","0"
"2022-09-17","port290","Dhamra Port","India","IND","0","0","0","0","0","0","0","0","0","0","0","0","0","0","0","0","0","0","0","0","0"
"2022-09-18","port290","Dhamra Port","India","IND","0","4","0","0","0","4","4","0","156585","0","0","0","156585","156585","0","96510","0","0","0","96510","96510"
"2022-09-19","port290","Dhamra Port","India","IND","0","0","0","0","0","0","0","0","0","0","0","0","0","0","0","0","0","0","0","0","0"
"2022-09-20","port290","Dhamra Port","India","IND","0","0","1","0","0","1","1","0","0","21119","0","0","21119","21119","0","0","0","0","0","0","0"
"2022-09-21","port290","Dhamra Port","India","IND","0","1","0","0","0","1","1","0","39418","0","0","0","39418","39418","0","0","0","0","0","0","0"
"2022-09-22","port290","Dhamra Port","India","IND","0","2","0","0","0","2","2","0","160369","0","0","0","160369","160369","0","36044","0","0","0","36044","36044"
"2022-09-23","port290","Dhamra Port","India","IND","0","0","0","0","0","0","0","0","0","0","0","0","0","0","0","0","0","0","0","0","0"
"2022-09-24","port290","Dhamra Port","India","IND","0","2","0","0","0","2","2","0","79755","0","0","0","79755","79755","0","37706","0","0","0","37706","37706"
"2022-09-25","port290","Dhamra Port","India","IND","0","0","0","0","0","0","0","0","0","0","0","0","0","0","0","0","0","0","0","0","0"
"2022-09-26","port290","Dhamra Port","India","IND","0","1","0","0","0","1","1","0","104326","0","0","0","104326","104326","0","0","0","0","0","0","0"
"2022-09-27","port290","Dhamra Port","India","IND","0","4","0","0","0","4","4","0","83152","0","0","0","83152","83152","0","70726","0","0","0","70726","70726"
"2022-09-28","port290","Dhamra Port","India","IND","0","0","0","0","0","0","0","0","0","0","0","0","0","0","0","0","0","0","0","0","0"
"2022-09-29","port290","Dhamra Port","India","IND","0","1","0","0","0","1","1","0","41621","0","0","0","41621","41621","0","19061","0","0","0","19061","19061"
"2022-09-30","port290","Dhamra Port","India","IND","0","2","0","0","0","2","2","0","96667","0","0","0","96667","96667","0","19061","0","0","0","19061","19061"
"2022-10-01","port290","Dhamra Port","India","IND","0","0","0","0","0","0","0","0","0","0","0","0","0","0","0","0","0","0","0","0","0"
"2022-10-02","port290","Dhamra Port","India","IND","0","1","0","0","0","1","1","0","41621","0","0","0","41621","41621","0","19061","0","0","0","19061","19061"
"2022-10-03","port290","Dhamra Port","India","IND","0","0","0","0","0","0","0","0","0","0","0","0","0","0","0","0","0","0","0","0","0"
"2022-10-04","port290","Dhamra Port","India","IND","0","0","0","0","0","0","0","0","0","0","0","0","0","0","0","0","0","0","0","0","0"
"2022-10-05","port290","Dhamra Port","India","IND","0","2","0","0","0","2","2","0","120046","0","0","0","120046","120046","0","19061","0","0","0","19061","19061"
"2022-10-06","port290","Dhamra Port","India","IND","0","1","0","0","0","1","1","0","41621","0","0","0","41621","41621","0","19061","0","0","0","19061","19061"
"2022-10-07","port290","Dhamra Port","India","IND","0","1","0","0","0","1","1","0","41621","0","0","0","41621","41621","0","19061","0","0","0","19061","19061"
"2022-10-08","port290","Dhamra Port","India","IND","0","1","0","0","0","1","1","0","41621","0","0","0","41621","41621","0","19061","0","0","0","19061","19061"
"2022-10-09","port290","Dhamra Port","India","IND","0","0","0","0","0","0","0","0","0","0","0","0","0","0","0","0","0","0","0","0","0"
"2022-10-10","port290","Dhamra Port","India","IND","0","1","0","0","0","1","1","0","0","0","0","0","0","0","0","8477","0","0","0","8477","8477"
"2022-10-11","port290","Dhamra Port","India","IND","0","2","0","0","0","2","2","0","78577","0","0","0","78577","78577","0","53381","0","0","0","53381","53381"
"2022-10-12","port290","Dhamra Port","India","IND","0","0","0","0","0","0","0","0","0","0","0","0","0","0","0","0","0","0","0","0","0"
"2022-10-13","port290","Dhamra Port","India","IND","0","1","0","0","0","1","1","0","0","0","0","0","0","0","0","13557","0","0","0","13557","13557"
"2022-10-14","port290","Dhamra Port","India","IND","0","0","0","0","0","0","0","0","0","0","0","0","0","0","0","0","0","0","0","0","0"
"2022-10-15","port290","Dhamra Port","India","IND","0","1","0","0","0","1","1","0","41621","0","0","0","41621","41621","0","19061","0","0","0","19061","19061"
"2022-10-16","port290","Dhamra Port","India","IND","0","0","0","0","0","0","0","0","0","0","0","0","0","0","0","0","0","0","0","0","0"
"2022-10-17","port290","Dhamra Port","India","IND","0","1","0","0","0","1","1","0","41621","0","0","0","41621","41621","0","19061","0","0","0","19061","19061"
"2022-10-18","port290","Dhamra Port","India","IND","0","3","0","0","0","3","3","0","227036","0","0","0","227036","227036","0","0","0","0","0","0","0"
"2022-10-19","port290","Dhamra Port","India","IND","0","0","0","0","0","0","0","0","0","0","0","0","0","0","0","0","0","0","0","0","0"
"2022-10-20","port290","Dhamra Port","India","IND","0","1","0","0","0","1","1","0","41621","0","0","0","41621","41621","0","19061","0","0","0","19061","19061"
"2022-10-21","port290","Dhamra Port","India","IND","0","0","0","0","0","0","0","0","0","0","0","0","0","0","0","0","0","0","0","0","0"
"2022-10-22","port290","Dhamra Port","India","IND","0","1","0","0","0","1","1","0","77754","0","0","0","77754","77754","0","0","0","0","0","0","0"
"2022-10-23","port290","Dhamra Port","India","IND","0","1","0","0","0","1","1","0","75506","0","0","0","75506","75506","0","0","0","0","0","0","0"
"2022-10-24","port290","Dhamra Port","India","IND","0","1","0","0","0","1","1","0","102267","0","0","0","102267","102267","0","0","0","0","0","0","0"
"2022-10-25","port290","Dhamra Port","India","IND","0","2","0","0","0","2","2","0","41436","0","0","0","41436","41436","0","22283","0","0","0","22283","22283"
"2022-10-26","port290","Dhamra Port","India","IND","0","2","0","0","0","2","2","0","103635","0","0","0","103635","103635","0","49167","0","0","0","49167","49167"
"2022-10-27","port290","Dhamra Port","India","IND","0","0","0","0","0","0","0","0","0","0","0","0","0","0","0","0","0","0","0","0","0"
"2022-10-28","port290","Dhamra Port","India","IND","0","2","0","0","0","2","2","0","835","0","0","0","835","835","0","0","0","0","0","0","0"
"2022-10-29","port290","Dhamra Port","India","IND","0","0","0","0","0","0","0","0","0","0","0","0","0","0","0","0","0","0","0","0","0"
"2022-10-30","port290","Dhamra Port","India","IND","0","0","0","0","0","0","0","0","0","0","0","0","0","0","0","0","0","0","0","0","0"
"2022-10-31","port290","Dhamra Port","India","IND","0","1","0","0","0","1","1","0","78947","0","0","0","78947","78947","0","0","0","0","0","0","0"
"2022-11-01","port290","Dhamra Port","India","IND","0","2","0","0","0","2","2","0","41621","0","0","0","41621","41621","0","109754","0","0","0","109754","109754"
"2022-11-02","port290","Dhamra Port","India","IND","0","1","0","0","0","1","1","0","44260","0","0","0","44260","44260","0","0","0","0","0","0","0"
"2022-11-03","port290","Dhamra Port","India","IND","0","1","0","0","0","1","1","0","0","0","0","0","0","0","0","9681","0","0","0","9681","9681"
"2022-11-04","port290","Dhamra Port","India","IND","0","1","0","0","0","1","1","0","41004","0","0","0","41004","41004","0","0","0","0","0","0","0"
"2022-11-05","port290","Dhamra Port","India","IND","0","0","0","0","0","0","0","0","0","0","0","0","0","0","0","0","0","0","0","0","0"
"2022-11-06","port290","Dhamra Port","India","IND","0","0","0","0","0","0","0","0","0","0","0","0","0","0","0","0","0","0","0","0","0"
"2022-11-07","port290","Dhamra Port","India","IND","0","0","0","0","0","0","0","0","0","0","0","0","0","0","0","0","0","0","0","0","0"
"2022-11-08","port290","Dhamra Port","India","IND","0","1","0","0","0","1","1","0","157974","0","0","0","157974","157974","0","0","0","0","0","0","0"
"2022-11-09","port290","Dhamra Port","India","IND","0","0","0","0","0","0","0","0","0","0","0","0","0","0","0","0","0","0","0","0","0"
"2022-11-10","port290","Dhamra Port","India","IND","0","1","0","0","0","1","1","0","42951","0","0","0","42951","42951","0","0","0","0","0","0","0"
"2022-11-11","port290","Dhamra Port","India","IND","0","0","0","0","0","0","0","0","0","0","0","0","0","0","0","0","0","0","0","0","0"
"2022-11-12","port290","Dhamra Port","India","IND","0","0","0","0","0","0","0","0","0","0","0","0","0","0","0","0","0","0","0","0","0"
"2022-11-13","port290","Dhamra Port","India","IND","0","0","0","0","0","0","0","0","0","0","0","0","0","0","0","0","0","0","0","0","0"
"2022-11-14","port290","Dhamra Port","India","IND","0","1","0","0","0","1","1","0","63676","0","0","0","63676","63676","0","0","0","0","0","0","0"
"2022-11-15","port290","Dhamra Port","India","IND","0","1","0","0","0","1","1","0","78910","0","0","0","78910","78910","0","0","0","0","0","0","0"
"2022-11-16","port290","Dhamra Port","India","IND","0","1","0","0","0","1","1","0","41621","0","0","0","41621","41621","0","19061","0","0","0","19061","19061"
"2022-11-17","port290","Dhamra Port","India","IND","0","0","0","0","0","0","0","0","0","0","0","0","0","0","0","0","0","0","0","0","0"
"2022-11-18","port290","Dhamra Port","India","IND","0","1","0","0","0","1","1","0","38731","0","0","0","38731","38731","0","0","0","0","0","0","0"
"2022-11-19","port290","Dhamra Port","India","IND","0","0","0","0","0","0","0","0","0","0","0","0","0","0","0","0","0","0","0","0","0"
"2022-11-20","port290","Dhamra Port","India","IND","0","3","0","0","0","3","3","0","47671","0","0","0","47671","47671","0","50299","0","0","0","50299","50299"
"2022-11-21","port290","Dhamra Port","India","IND","0","2","0","0","0","2","2","0","72865","0","0","0","72865","72865","0","9689","0","0","0","9689","9689"
"2022-11-22","port290","Dhamra Port","India","IND","0","0","0","0","0","0","0","0","0","0","0","0","0","0","0","0","0","0","0","0","0"
"2022-11-23","port290","Dhamra Port","India","IND","0","0","0","0","0","0","0","0","0","0","0","0","0","0","0","0","0","0","0","0","0"
"2022-11-24","port290","Dhamra Port","India","IND","0","0","0","0","0","0","0","0","0","0","0","0","0","0","0","0","0","0","0","0","0"
"2022-11-25","port290","Dhamra Port","India","IND","0","2","0","0","0","2","2","0","208154","0","0","0","208154","208154","0","0","0","0","0","0","0"
"2022-11-26","port290","Dhamra Port","India","IND","0","1","0","0","0","1","1","0","43634","0","0","0","43634","43634","0","0","0","0","0","0","0"
"2022-11-27","port290","Dhamra Port","India","IND","0","1","0","0","0","1","1","0","39840","0","0","0","39840","39840","0","0","0","0","0","0","0"
"2022-11-28","port290","Dhamra Port","India","IND","0","2","0","0","0","2","2","0","77762","0","0","0","77762","77762","0","60735","0","0","0","60735","60735"
"2022-11-29","port290","Dhamra Port","India","IND","0","0","0","0","0","0","0","0","0","0","0","0","0","0","0","0","0","0","0","0","0"
"2022-11-30","port290","Dhamra Port","India","IND","0","1","0","0","0","1","1","0","0","0","0","0","0","0","0","49674","0","0","0","49674","49674"
"2022-12-01","port290","Dhamra Port","India","IND","0","0","0","0","0","0","0","0","0","0","0","0","0","0","0","0","0","0","0","0","0"
"2024-03-16","port290","Dhamra Port","India","IND","0","1","0","0","0","1","1","0","0","0","0","0","0","0","0","47325","0","0","0","47325","47325"
"2024-03-17","port290","Dhamra Port","India","IND","0","2","0","0","0","2","2","0","128760","0","0","0","128760","128760","0","0","0","0","0","0","0"
"2024-03-18","port290","Dhamra Port","India","IND","0","1","0","0","0","1","1","0","0","0","0","0","0","0","0","0","0","0","0","0","0"
"2024-03-19","port290","Dhamra Port","India","IND","0","1","0","0","0","1","1","0","74133","0","0","0","74133","74133","0","0","0","0","0","0","0"
"2024-03-20","port290","Dhamra Port","India","IND","0","3","0","0","0","3","3","0","0","0","0","0","0","0","0","189608","0","0","0","189608","189608"
"2024-03-21","port290","Dhamra Port","India","IND","0","1","0","0","0","1","1","0","41621","0","0","0","41621","41621","0","19061","0","0","0","19061","19061"
"2024-03-22","port290","Dhamra Port","India","IND","0","0","0","0","0","0","0","0","0","0","0","0","0","0","0","0","0","0","0","0","0"
"2024-03-23","port290","Dhamra Port","India","IND","0","0","0","0","0","0","0","0","0","0","0","0","0","0","0","0","0","0","0","0","0"
"2024-03-24","port290","Dhamra Port","India","IND","0","2","0","0","0","2","2","0","45193","0","0","0","45193","45193","0","19061","0","0","0","19061","19061"
"2024-03-25","port290","Dhamra Port","India","IND","0","1","0","0","0","1","1","0","0","0","0","0","0","0","0","31422","0","0","0","31422","31422"
"2024-03-26","port290","Dhamra Port","India","IND","0","1","0","0","0","1","1","0","41621","0","0","0","41621","41621","0","19061","0","0","0","19061","19061"
"2024-03-27","port290","Dhamra Port","India","IND","0","1","0","0","0","1","1","0","0","0","0","0","0","0","0","53222","0","0","0","53222","53222"
"2024-03-28","port290","Dhamra Port","India","IND","0","2","0","0","0","2","2","0","169698","0","0","0","169698","169698","0","0","0","0","0","0","0"
"2024-03-29","port290","Dhamra Port","India","IND","0","0","0","0","0","0","0","0","0","0","0","0","0","0","0","0","0","0","0","0","0"
"2024-03-30","port290","Dhamra Port","India","IND","0","1","0","0","0","1","1","0","160421","0","0","0","160421","160421","0","0","0","0","0","0","0"
"2024-03-31","port290","Dhamra Port","India","IND","0","2","0","0","0","2","2","0","104257","0","0","0","104257","104257","0","29130","0","0","0","29130","29130"
"2024-04-01","port290","Dhamra Port","India","IND","0","2","0","0","0","2","2","0","41621","0","0","0","41621","41621","0","44409","0","0","0","44409","44409"
"2024-04-02","port290","Dhamra Port","India","IND","0","0","0","0","0","0","0","0","0","0","0","0","0","0","0","0","0","0","0","0","0"
"2024-04-03","port290","Dhamra Port","India","IND","0","1","0","0","0","1","1","0","122223","0","0","0","122223","122223","0","0","0","0","0","0","0"
"2024-04-04","port290","Dhamra Port","India","IND","0","1","0","0","0","1","1","0","0","0","0","0","0","0","0","53442","0","0","0","53442","53442"
"2024-04-05","port290","Dhamra Port","India","IND","0","1","0","0","0","1","1","0","30655","0","0","0","30655","30655","0","0","0","0","0","0","0"
"2024-04-06","port290","Dhamra Port","India","IND","0","3","0","0","0","3","3","0","204395","0","0","0","204395","204395","0","88906","0","0","0","88906","88906"
"2024-04-07","port290","Dhamra Port","India","IND","0","1","0","0","0","1","1","0","41621","0","0","0","41621","41621","0","19061","0","0","0","19061","19061"
"2024-04-08","port290","Dhamra Port","India","IND","0","1","1","0","0","2","2","0","0","0","0","0","0","0","0","2420","0","0","0","2420","2420"
"2024-04-09","port290","Dhamra Port","India","IND","0","0","0","0","0","0","0","0","0","0","0","0","0","0","0","0","0","0","0","0","0"
"2024-04-10","port290","Dhamra Port","India","IND","0","2","1","0","0","3","3","0","160899","10800","0","0","171700","171700","0","55526","0","0","0","55526","55526"
"2024-04-11","port290","Dhamra Port","India","IND","0","0","0","0","0","0","0","0","0","0","0","0","0","0","0","0","0","0","0","0","0"
"2024-04-12","port290","Dhamra Port","India","IND","0","2","0","0","0","2","2","0","163591","0","0","0","163591","163591","0","11960","0","0","0","11960","11960"
"2024-04-13","port290","Dhamra Port","India","IND","0","1","0","0","0","1","1","0","0","0","0","0","0","0","0","0","0","0","0","0","0"
"2024-04-14","port290","Dhamra Port","India","IND","0","0","0","0","0","0","0","0","0","0","0","0","0","0","0","0","0","0","0","0","0"
"2024-04-15","port290","Dhamra Port","India","IND","0","5","0","0","0","5","5","0","198768","0","0","0","198768","198768","0","207567","0","0","0","207567","207567"
"2024-04-16","port290","Dhamra Port","India","IND","0","3","0","0","0","3","3","0","120470","0","0","0","120470","120470","0","92687","0","0","0","92687","92687"
"2024-04-17","port290","Dhamra Port","India","IND","0","0","0","0","0","0","0","0","0","0","0","0","0","0","0","0","0","0","0","0","0"
"2024-04-18","port290","Dhamra Port","India","IND","0","2","0","0","0","2","2","0","41621","0","0","0","41621","41621","0","70264","0","0","0","70264","70264"
"2024-04-19","port290","Dhamra Port","India","IND","0","2","0","0","0","2","2","0","120046","0","0","0","120046","120046","0","19061","0","0","0","19061","19061"
"2024-04-20","port290","Dhamra Port","India","IND","0","0","0","0","0","0","0","0","0","0","0","0","0","0","0","0","0","0","0","0","0"
"2024-04-21","port290","Dhamra Port","India","IND","0","1","0","0","0","1","1","0","0","0","0","0","0","0","0","60829","0","0","0","60829","60829"
"2024-04-22","port290","Dhamra Port","India","IND","0","1","0","0","0","1","1","0","935","0","0","0","935","935","0","0","0","0","0","0","0"
"2024-04-23","port290","Dhamra Port","India","IND","0","2","0","0","0","2","2","0","78666","0","0","0","78666","78666","0","1367","0","0","0","1367","1367"
"2024-04-24","port290","Dhamra Port","India","IND","0","0","0","0","0","0","0","0","0","0","0","0","0","0","0","0","0","0","0","0","0"
"2024-04-25","port290","Dhamra Port","India","IND","0","4","0","0","0","4","4","0","95776","0","0","0","95776","95776","0","89972","0","0","0","89972","89972"
"2024-04-26","port290","Dhamra Port","India","IND","0","2","0","0","0","2","2","0","1209","0","0","0","1209","1209","0","0","0","0","0","0","0"
"2024-04-27","port290","Dhamra Port","India","IND","0","0","0","0","0","0","0","0","0","0","0","0","0","0","0","0","0","0","0","0","0"
"2024-04-28","port290","Dhamra Port","India","IND","0","1","0","0","0","1","1","0","0","0","0","0","0","0","0","26433","0","0","0","26433","26433"
"2024-04-29","port290","Dhamra Port","India","IND","0","0","0","0","0","0","0","0","0","0","0","0","0","0","0","0","0","0","0","0","0"
"2024-04-30","port290","Dhamra Port","India","IND","0","0","0","0","0","0","0","0","0","0","0","0","0","0","0","0","0","0","0","0","0"
"2024-05-01","port290","Dhamra Port","India","IND","0","1","0","0","0","1","1","0","0","0","0","0","0","0","0","54293","0","0","0","54293","54293"
"2024-05-02","port290","Dhamra Port","India","IND","0","1","0","0","0","1","1","0","0","0","0","0","0","0","0","79965","0","0","0","79965","79965"
"2024-05-03","port290","Dhamra Port","India","IND","0","1","0","0","0","1","1","0","41621","0","0","0","41621","41621","0","19061","0","0","0","19061","19061"
"2024-05-04","port290","Dhamra Port","India","IND","0","1","0","0","0","1","1","0","0","0","0","0","0","0","0","54369","0","0","0","54369","54369"
"2024-05-05","port290","Dhamra Port","India","IND","0","1","0","0","0","1","1","0","0","0","0","0","0","0","0","0","0","0","0","0","0"
"2024-05-06","port290","Dhamra Port","India","IND","0","3","0","0","0","3","3","0","120659","0","0","0","120659","120659","0","19061","0","0","0","19061","19061"
"2024-05-07","port290","Dhamra Port","India","IND","0","0","0","0","0","0","0","0","0","0","0","0","0","0","0","0","0","0","0","0","0"
"2024-05-08","port290","Dhamra Port","India","IND","0","2","0","0","0","2","2","0","78356","0","0","0","78356","78356","0","60847","0","0","0","60847","60847"
"2024-05-09","port290","Dhamra Port","India","IND","0","0","0","0","0","0","0","0","0","0","0","0","0","0","0","0","0","0","0","0","0"
"2024-05-10","port290","Dhamra Port","India","IND","0","0","0","0","0","0","0","0","0","0","0","0","0","0","0","0","0","0","0","0","0"
"2024-05-11","port290","Dhamra Port","India","IND","0","0","0","0","0","0","0","0","0","0","0","0","0","0","0","0","0","0","0","0","0"
"2024-05-12","port290","Dhamra Port","India","IND","0","0","0","0","0","0","0","0","0","0","0","0","0","0","0","0","0","0","0","0","0"
"2024-05-13","port290","Dhamra Port","India","IND","0","3","0","0","0","3","3","0","145104","0","0","0","145104","145104","0","73206","0","0","0","73206","73206"
"2024-05-14","port290","Dhamra Port","India","IND","0","1","0","0","0","1","1","0","0","0","0","0","0","0","0","3594","0","0","0","3594","3594"
"2024-05-15","port290","Dhamra Port","India","IND","0","1","0","0","0","1","1","0","41621","0","0","0","41621","41621","0","19061","0","0","0","19061","19061"
"2024-05-16","port290","Dhamra Port","India","IND","0","1","0","0","0","1","1","0","0","0","0","0","0","0","0","46461","0","0","0","46461","46461"
"2024-05-17","port290","Dhamra Port","India","IND","0","0","0","0","0","0","0","0","0","0","0","0","0","0","0","0","0","0","0","0","0"
"2024-05-18","port290","Dhamra Port","India","IND","0","3","0","0","0","3","3","0","171906","0","0","0","171906","171906","0","112653","0","0","0","112653","112653"
"2024-05-19","port290","Dhamra Port","India","IND","0","4","0","0","0","4","4","0","405122","0","0","0","405122","405122","0","0","0","0","0","0","0"
"2024-05-20","port290","Dhamra Port","India","IND","0","0","0","0","0","0","0","0","0","0","0","0","0","0","0","0","0","0","0","0","0"
"2024-05-21","port290","Dhamra Port","India","IND","0","3","0","0","0","3","3","0","50199","0","0","0","50199","50199","0","115543","0","0","0","115543","115543"
"2024-05-22","port290","Dhamra Port","India","IND","0","1","0","0","0","1","1","0","0","0","0","0","0","0","0","58532","0","0","0","58532","58532"
"2024-05-23","port290","Dhamra Port","India","IND","0","1","0","0","0","1","1","0","41621","0","0","0","41621","41621","0","19061","0","0","0","19061","19061"
"2024-05-24","port290","Dhamra Port","India","IND","0","1","0","0","0","1","1","0","78857","0","0","0","78857","78857","0","0","0","0","0","0","0"
"2024-05-25","port290","Dhamra Port","India","IND","0","3","0","0","0","3","3","0","72453","0","0","0","72453","72453","0","108179","0","0","0","108179","108179"
"2024-05-26","port290","Dhamra Port","India","IND","0","0","0","0","0","0","0","0","0","0","0","0","0","0","0","0","0","0","0","0","0"
"2024-05-27","port290","Dhamra Port","India","IND","0","2","0","0","0","2","2","0","120322","0","0","0","120322","120322","0","19061","0","0","0","19061","19061"
"2024-05-28","port290","Dhamra Port","India","IND","0","1","0","0","0","1","1","0","112681","0","0","0","112681","112681","0","0","0","0","0","0","0"
"2024-05-29","port290","Dhamra Port","India","IND","0","1","0","0","0","1","1","0","41621","0","0","0","41621","41621","0","19061","0","0","0","19061","19061"
"2024-05-30","port290","Dhamra Port","India","IND","0","2","0","0","0","2","2","0","116192","0","0","0","116192","116192","0","19061","0","0","0","19061","19061"
"2024-05-31","port290","Dhamra Port","India","IND","0","1","0","0","0","1","1","0","37657","0","0","0","37657","37657","0","0","0","0","0","0","0"
"2024-06-01","port290","Dhamra Port","India","IND","0","2","0","0","0","2","2","0","64240","0","0","0","64240","64240","0","24952","0","0","0","24952","24952"
"2024-06-02","port290","Dhamra Port","India","IND","0","2","0","0","0","2","2","0","41621","0","0","0","41621","41621","0","79983","0","0","0","79983","79983"
"2024-06-03","port290","Dhamra Port","India","IND","0","2","0","0","0","2","2","0","6871","0","0","0","6871","6871","0","51298","0","0","0","51298","51298"
"2024-06-04","port290","Dhamra Port","India","IND","0","2","0","0","0","2","2","0","115127","0","0","0","115127","115127","0","19061","0","0","0","19061","19061"
"2024-06-05","port290","Dhamra Port","India","IND","0","4","0","0","0","4","4","0","83243","0","0","0","83243","83243","0","175378","0","0","0","175378","175378"
"2024-06-06","port290","Dhamra Port","India","IND","0","1","0","0","0","1","1","0","0","0","0","0","0","0","0","54949","0","0","0","54949","54949"
"2024-06-07","port290","Dhamra Port","India","IND","0","0","0","0","0","0","0","0","0","0","0","0","0","0","0","0","0","0","0","0","0"
"2024-06-08","port290","Dhamra Port","India","IND","0","0","0","0","0","0","0","0","0","0","0","0","0","0","0","0","0","0","0","0","0"
"2024-06-09","port290","Dhamra Port","India","IND","0","2","0","0","0","2","2","0","0","0","0","0","0","0","0","100922","0","0","0","100922","100922"
"2024-06-10","port290","Dhamra Port","India","IND","0","1","0","0","0","1","1","0","0","0","0","0","0","0","0","55626","0","0","0","55626","55626"
"2024-06-11","port290","Dhamra Port","India","IND","0","2","0","0","0","2","2","0","41621","0","0","0","41621","41621","0","72393","0","0","0","72393","72393"
"2024-06-12","port290","Dhamra Port","India","IND","0","2","0","0","0","2","2","0","56402","0","0","0","56402","56402","0","0","0","0","0","0","0"
"2024-06-13","port290","Dhamra Port","India","IND","0","5","0","0","0","5","5","0","162842","0","0","0","162842","162842","0","64014","0","0","0","64014","64014"
"2024-06-14","port290","Dhamra Port","India","IND","0","0","0","0","0","0","0","0","0","0","0","0","0","0","0","0","0","0","0","0","0"
"2024-06-15","port290","Dhamra Port","India","IND","0","4","0","0","0","4","4","0","106514","0","0","0","106514","106514","0","101108","0","0","0","101108","101108"
"2024-06-16","port290","Dhamra Port","India","IND","0","1","0","0","0","1","1","0","41621","0","0","0","41621","41621","0","19061","0","0","0","19061","19061"
"2024-06-17","port290","Dhamra Port","India","IND","0","2","0","0","0","2","2","0","41621","0","0","0","41621","41621","0","96666","0","0","0","96666","96666"
"2024-06-18","port290","Dhamra Port","India","IND","0","0","0","0","0","0","0","0","0","0","0","0","0","0","0","0","0","0","0","0","0"
"2024-06-19","port290","Dhamra Port","India","IND","0","0","0","0","0","0","0","0","0","0","0","0","0","0","0","0","0","0","0","0","0"
"2024-06-20","port290","Dhamra Port","India","IND","0","0","0","0","0","0","0","0","0","0","0","0","0","0","0","0","0","0","0","0","0"
"2024-06-21","port290","Dhamra Port","India","IND","0","1","0","0","0","1","1","0","83122","0","0","0","83122","83122","0","0","0","0","0","0","0"
"2024-06-22","port290","Dhamra Port","India","IND","0","2","0","0","0","2","2","0","41621","0","0","0","41621","41621","0","75098","0","0","0","75098","75098"
"2024-06-23","port290","Dhamra Port","India","IND","0","3","0","0","0","3","3","0","84469","0","0","0","84469","84469","0","73392","0","0","0","73392","73392"
"2024-06-24","port290","Dhamra Port","India","IND","0","2","0","0","0","2","2","0","41621","0","0","0","41621","41621","0","46038","0","0","0","46038","46038"
"2024-06-25","port290","Dhamra Port","India","IND","0","1","0","0","0","1","1","0","76173","0","0","0","76173","76173","0","0","0","0","0","0","0"
"2024-06-26","port290","Dhamra Port","India","IND","0","1","0","0","0","1","1","0","78637","0","0","0","78637","78637","0","0","0","0","0","0","0"
"2024-06-27","port290","Dhamra Port","India","IND","0","2","0","0","0","2","2","0","102299","0","0","0","102299","102299","0","19061","0","0","0","19061","19061"
"2024-06-28","port290","Dhamra Port","India","IND","0","2","0","0","0","2","2","0","36711","0","0","0","36711","36711","0","29066","0","0","0","29066","29066"
"2024-06-29","port290","Dhamra Port","India","IND","0","1","0","0","0","1","1","0","0","0","0","0","0","0","0","51153","0","0","0","51153","51153"
"2024-06-30","port290","Dhamra Port","India","IND","0","3","0","0","0","3","3","0","37251","0","0","0","37251","37251","0","125810","0","0","0","125810","125810"
"2024-07-01","port290","Dhamra Port","India","IND","0","2","0","0","0","2","2","0","214763","0","0","0","214763","214763","0","19061","0","0","0","19061","19061"
"2024-07-02","port290","Dhamra Port","India","IND","0","1","0","0","0","1","1","0","0","0","0","0","0","0","0","55697","0","0","0","55697","55697"
"2024-07-03","port290","Dhamra Port","India","IND","0","0","0","0","0","0","0","0","0","0","0","0","0","0","0","0","0","0","0","0","0"
"2024-07-04","port290","Dhamra Port","India","IND","0","2","0","0","0","2","2","0","87241","0","0","0","87241","87241","0","19061","0","0","0","19061","19061"
"2024-07-05","port290","Dhamra Port","India","IND","0","1","0","0","0","1","1","0","0","0","0","0","0","0","0","69844","0","0","0","69844","69844"
"2024-07-06","port290","Dhamra Port","India","IND","0","2","0","0","0","2","2","0","241570","0","0","0","241570","241570","0","0","0","0","0","0","0"
"2024-07-07","port290","Dhamra Port","India","IND","0","1","0","0","0","1","1","0","0","0","0","0","0","0","0","27347","0","0","0","27347","27347"
"2024-07-08","port290","Dhamra Port","India","IND","0","3","0","0","0","3","3","0","109000","0","0","0","109000","109000","0","0","0","0","0","0","0"
"2024-07-09","port290","Dhamra Port","India","IND","0","3","0","0","0","3","3","0","41621","0","0","0","41621","41621","0","52465","0","0","0","52465","52465"
"2024-07-10","port290","Dhamra Port","India","IND","0","0","0","0","0","0","0","0","0","0","0","0","0","0","0","0","0","0","0","0","0"
"2024-07-11","port290","Dhamra Port","India","IND","0","3","0","0","0","3","3","0","79430","0","0","0","79430","79430","0","105568","0","0","0","105568","105568"
"2024-07-12","port290","Dhamra Port","India","IND","0","0","0","0","0","0","0","0","0","0","0","0","0","0","0","0","0","0","0","0","0"
"2024-07-13","port290","Dhamra Port","India","IND","0","1","0","0","0","1","1","0","80451","0","0","0","80451","80451","0","0","0","0","0","0","0"
"2024-07-14","port290","Dhamra Port","India","IND","0","3","0","0","0","3","3","0","41621","0","0","0","41621","41621","0","81685","0","0","0","81685","81685"
"2024-07-15","port290","Dhamra Port","India","IND","0","0","0","0","0","0","0","0","0","0","0","0","0","0","0","0","0","0","0","0","0"
"2024-07-16","port290","Dhamra Port","India","IND","0","2","0","0","0","2","2","0","203748","0","0","0","203748","203748","0","19061","0","0","0","19061","19061"
"2024-07-17","port290","Dhamra Port","India","IND","0","1","0","0","0","1","1","0","78920","0","0","0","78920","78920","0","0","0","0","0","0","0"
"2024-07-18","port290","Dhamra Port","India","IND","0","1","0","0","0","1","1","0","0","0","0","0","0","0","0","55669","0","0","0","55669","55669"
"2024-07-19","port290","Dhamra Port","India","IND","0","1","0","0","0","1","1","0","41621","0","0","0","41621","41621","0","19061","0","0","0","19061","19061"
"2024-07-20","port290","Dhamra Port","India","IND","0","2","0","0","0","2","2","0","200309","0","0","0","200309","200309","0","19061","0","0","0","19061","19061"
"2024-07-21","port290","Dhamra Port","India","IND","0","0","0","0","0","0","0","0","0","0","0","0","0","0","0","0","0","0","0","0","0"
"2024-07-22","port290","Dhamra Port","India","IND","0","3","0","0","0","3","3","0","41621","0","0","0","41621","41621","0","59143","0","0","0","59143","59143"
"2024-07-23","port290","Dhamra Port","India","IND","0","1","0","0","0","1","1","0","0","0","0","0","0","0","0","54494","0","0","0","54494","54494"
"2024-07-24","port290","Dhamra Port","India","IND","0","2","0","0","0","2","2","0","79680","0","0","0","79680","79680","0","31313","0","0","0","31313","31313"
"2024-07-25","port290","Dhamra Port","India","IND","0","2","0","0","0","2","2","0","243212","0","0","0","243212","243212","0","0","0","0","0","0","0"
"2024-07-26","port290","Dhamra Port","India","IND","0","2","0","0","0","2","2","0","0","0","0","0","0","0","0","50129","0","0","0","50129","50129"
"2024-07-27","port290","Dhamra Port","India","IND","0","0","0","0","0","0","0","0","0","0","0","0","0","0","0","0","0","0","0","0","0"
"2024-07-28","port290","Dhamra Port","India","IND","0","0","0","0","0","0","0","0","0","0","0","0","0","0","0","0","0","0","0","0","0"
"2024-07-29","port290","Dhamra Port","India","IND","0","2","0","0","0","2","2","0","40127","0","0","0","40127","40127","0","4101","0","0","0","4101","4101"
"2024-07-30","port290","Dhamra Port","India","IND","0","2","0","0","0","2","2","0","83243","0","0","0","83243","83243","0","38123","0","0","0","38123","38123"
"2024-07-31","port290","Dhamra Port","India","IND","0","2","0","0","0","2","2","0","41621","0","0","0","41621","41621","0","72564","0","0","0","72564","72564"
"2024-08-01","port290","Dhamra Port","India","IND","0","0","0","0","0","0","0","0","0","0","0","0","0","0","0","0","0","0","0","0","0"
"2024-08-02","port290","Dhamra Port","India","IND","0","2","0","0","0","2","2","0","78920","0","0","0","78920","78920","0","48654","0","0","0","48654","48654"
"2024-08-03","port290","Dhamra Port","India","IND","0","0","0","0","0","0","0","0","0","0","0","0","0","0","0","0","0","0","0","0","0"
"2024-08-04","port290","Dhamra Port","India","IND","0","1","0","0","0","1","1","0","41621","0","0","0","41621","41621","0","19061","0","0","0","19061","19061"
"2024-08-05","port290","Dhamra Port","India","IND","0","1","0","0","0","1","1","0","48932","0","0","0","48932","48932","0","0","0","0","0","0","0"
"2024-08-06","port290","Dhamra Port","India","IND","0","0","0","0","0","0","0","0","0","0","0","0","0","0","0","0","0","0","0","0","0"
"2024-08-07","port290","Dhamra Port","India","IND","0","1","0","0","0","1","1","0","41621","0","0","0","41621","41621","0","19061","0","0","0","19061","19061"
"2024-08-08","port290","Dhamra Port","India","IND","0","1","0","0","0","1","1","0","41621","0","0","0","41621","41621","0","19061","0","0","0","19061","19061"
"2024-08-09","port290","Dhamra Port","India","IND","0","1","0","0","0","1","1","0","41621","0","0","0","41621","41621","0","19061","0","0","0","19061","19061"
"2024-08-10","port290","Dhamra Port","India","IND","0","1","0","0","0","1","1","0","160591","0","0","0","160591","160591","0","0","0","0","0","0","0"
"2024-08-11","port290","Dhamra Port","India","IND","0","0","0","0","0","0","0","0","0","0","0","0","0","0","0","0","0","0","0","0","0"
"2024-08-12","port290","Dhamra Port","India","IND","0","0","0","0","0","0","0","0","0","0","0","0","0","0","0","0","0","0","0","0","0"
"2024-08-13","port290","Dhamra Port","India","IND","0","0","0","0","0","0","0","0","0","0","0","0","0","0","0","0","0","0","0","0","0"
"2024-08-14","port290","Dhamra Port","India","IND","0","1","0","0","0","1","1","0","78804","0","0","0","78804","78804","0","0","0","0","0","0","0"
"2024-08-15","port290","Dhamra Port","India","IND","0","1","0","0","0","1","1","0","42079","0","0","0","42079","42079","0","0","0","0","0","0","0"
"2024-08-16","port290","Dhamra Port","India","IND","0","0","0","0","0","0","0","0","0","0","0","0","0","0","0","0","0","0","0","0","0"
"2024-08-17","port290","Dhamra Port","India","IND","0","0","0","0","0","0","0","0","0","0","0","0","0","0","0","0","0","0","0","0","0"
"2024-08-18","port290","Dhamra Port","India","IND","0","0","0","0","0","0","0","0","0","0","0","0","0","0","0","0","0","0","0","0","0"
"2024-08-19","port290","Dhamra Port","India","IND","0","2","0","0","0","2","2","0","41621","0","0","0","41621","41621","0","73708","0","0","0","73708","73708"
"2024-08-20","port290","Dhamra Port","India","IND","0","0","0","0","0","0","0","0","0","0","0","0","0","0","0","0","0","0","0","0","0"
"2024-08-21","port290","Dhamra Port","India","IND","0","0","0","0","0","0","0","0","0","0","0","0","0","0","0","0","0","0","0","0","0"
"2024-08-22","port290","Dhamra Port","India","IND","0","1","0","0","0","1","1","0","0","0","0","0","0","0","0","66615","0","0","0","66615","66615"
"2024-08-23","port290","Dhamra Port","India","IND","0","2","0","0","0","2","2","0","121351","0","0","0","121351","121351","0","19061","0","0","0","19061","19061"
"2024-08-24","port290","Dhamra Port","India","IND","0","2","0","0","0","2","2","0","41621","0","0","0","41621","41621","0","92876","0","0","0","92876","92876"
"2024-08-25","port290","Dhamra Port","India","IND","0","1","0","0","0","1","1","0","41621","0","0","0","41621","41621","0","19061","0","0","0","19061","19061"
"2024-08-26","port290","Dhamra Port","India","IND","0","1","0","0","0","1","1","0","29197","0","0","0","29197","29197","0","0","0","0","0","0","0"
"2024-08-27","port290","Dhamra Port","India","IND","0","1","0","0","0","1","1","0","80347","0","0","0","80347","80347","0","0","0","0","0","0","0"
"2024-08-28","port290","Dhamra Port","India","IND","0","0","0","0","0","0","0","0","0","0","0","0","0","0","0","0","0","0","0","0","0"
"2024-08-29","port290","Dhamra Port","India","IND","0","2","0","0","0","2","2","0","0","0","0","0","0","0","0","72097","0","0","0","72097","72097"
"2024-08-30","port290","Dhamra Port","India","IND","0","1","0","0","0","1","1","0","41621","0","0","0","41621","41621","0","19061","0","0","0","19061","19061"
"2024-08-31","port290","Dhamra Port","India","IND","0","0","0","0","0","0","0","0","0","0","0","0","0","0","0","0","0","0","0","0","0"
"2024-09-01","port290","Dhamra Port","India","IND","0","2","0","0","0","2","2","0","41621","0","0","0","41621","41621","0","19061","0","0","0","19061","19061"
"2024-09-02","port290","Dhamra Port","India","IND","0","1","0","0","0","1","1","0","41621","0","0","0","41621","41621","0","19061","0","0","0","19061","19061"
"2024-09-03","port290","Dhamra Port","India","IND","0","0","0","0","0","0","0","0","0","0","0","0","0","0","0","0","0","0","0","0","0"
"2024-09-04","port290","Dhamra Port","India","IND","0","1","0","0","0","1","1","0","0","0","0","0","0","0","0","54107","0","0","0","54107","54107"
"2024-09-05","port290","Dhamra Port","India","IND","0","1","0","0","0","1","1","0","0","0","0","0","0","0","0","79730","0","0","0","79730","79730"
"2024-09-06","port290","Dhamra Port","India","IND","0","1","0","0","0","1","1","0","0","0","0","0","0","0","0","73626","0","0","0","73626","73626"
"2024-09-07","port290","Dhamra Port","India","IND","0","1","0","0","0","1","1","0","41621","0","0","0","41621","41621","0","19061","0","0","0","19061","19061"
"2024-09-08","port290","Dhamra Port","India","IND","0","1","0","0","0","1","1","0","0","0","0","0","0","0","0","39272","0","0","0","39272","39272"
"2024-09-09","port290","Dhamra Port","India","IND","0","1","0","0","0","1","1","0","76457","0","0","0","76457","76457","0","0","0","0","0","0","0"
"2024-09-10","port290","Dhamra Port","India","IND","0","0","0","0","0","0","0","0","0","0","0","0","0","0","0","0","0","0","0","0","0"
"2024-09-11","port290","Dhamra Port","India","IND","0","0","0","0","0","0","0","0","0","0","0","0","0","0","0","0","0","0","0","0","0"
"2024-09-12","port290","Dhamra Port","India","IND","0","4","0","0","0","4","4","0","252282","0","0","0","252282","252282","0","112075","0","0","0","112075","112075"
"2024-09-13","port290","Dhamra Port","India","IND","0","1","0","0","0","1","1","0","0","0","0","0","0","0","0","59391","0","0","0","59391","59391"
"2024-09-14","port290","Dhamra Port","India","IND","0","2","0","0","0","2","2","0","56364","0","0","0","56364","56364","0","78982","0","0","0","78982","78982"
"2024-09-15","port290","Dhamra Port","India","IND","0","0","0","0","0","0","0","0","0","0","0","0","0","0","0","0","0","0","0","0","0"
"2024-09-16","port290","Dhamra Port","India","IND","0","1","0","0","0","1","1","0","42628","0","0","0","42628","42628","0","0","0","0","0","0","0"
"2024-09-17","port290","Dhamra Port","India","IND","0","0","0","0","0","0","0","0","0","0","0","0","0","0","0","0","0","0","0","0","0"
"2024-09-18","port290","Dhamra Port","India","IND","0","2","0","0","0","2","2","0","12108","0","0","0","12108","12108","0","76648","0","0","0","76648","76648"
"2024-09-19","port290","Dhamra Port","India","IND","0","1","0","0","0","1","1","0","41621","0","0","0","41621","41621","0","19061","0","0","0","19061","19061"
"2024-09-20","port290","Dhamra Port","India","IND","0","1","0","0","0","1","1","0","41621","0","0","0","41621","41621","0","19061","0","0","0","19061","19061"
"2024-09-21","port290","Dhamra Port","India","IND","0","0","0","0","0","0","0","0","0","0","0","0","0","0","0","0","0","0","0","0","0"
"2024-09-22","port290","Dhamra Port","India","IND","0","1","0","0","0","1","1","0","0","0","0","0","0","0","0","59583","0","0","0","59583","59583"
"2024-09-23","port290","Dhamra Port","India","IND","0","1","0","0","0","1","1","0","0","0","0","0","0","0","0","25926","0","0","0","25926","25926"
"2024-09-24","port290","Dhamra Port","India","IND","0","0","0","0","0","0","0","0","0","0","0","0","0","0","0","0","0","0","0","0","0"
"2024-09-25","port290","Dhamra Port","India","IND","0","1","0","0","0","1","1","0","167386","0","0","0","167386","167386","0","0","0","0","0","0","0"
"2024-09-26","port290","Dhamra Port","India","IND","0","1","0","0","0","1","1","0","79302","0","0","0","79302","79302","0","0","0","0","0","0","0"
"2024-09-27","port290","Dhamra Port","India","IND","0","1","0","0","0","1","1","0","0","0","0","0","0","0","0","55645","0","0","0","55645","55645"
"2024-09-28","port290","Dhamra Port","India","IND","0","1","0","0","0","1","1","0","6052","0","0","0","6052","6052","0","0","0","0","0","0","0"
"2024-09-29","port290","Dhamra Port","India","IND","0","1","0","0","0","1","1","0","71690","0","0","0","71690","71690","0","0","0","0","0","0","0"
"2024-09-30","port290","Dhamra Port","India","IND","0","2","0","0","0","2","2","0","78535","0","0","0","78535","78535","0","28690","0","0","0","28690","28690"
"2024-10-01","port290","Dhamra Port","India","IND","0","1","0","0","0","1","1","0","41621","0","0","0","41621","41621","0","19061","0","0","0","19061","19061"
"2024-10-02","port290","Dhamra Port","India","IND","0","1","0","0","0","1","1","0","41621","0","0","0","41621","41621","0","19061","0","0","0","19061","19061"
"2024-10-03","port290","Dhamra Port","India","IND","0","1","0","0","0","1","1","0","78981","0","0","0","78981","78981","0","0","0","0","0","0","0"
"2024-10-04","port290","Dhamra Port","India","IND","0","2","0","0","0","2","2","0","105782","0","0","0","105782","105782","0","0","0","0","0","0","0"
"2024-10-05","port290","Dhamra Port","India","IND","0","1","0","0","0","1","1","0","0","0","0","0","0","0","0","25891","0","0","0","25891","25891"
"2024-10-06","port290","Dhamra Port","India","IND","0","1","0","0","0","1","1","0","167079","0","0","0","167079","167079","0","0","0","0","0","0","0"
"2024-10-07","port290","Dhamra Port","India","IND","0","1","0","0","0","1","1","0","41621","0","0","0","41621","41621","0","19061","0","0","0","19061","19061"
"2024-10-08","port290","Dhamra Port","India","IND","0","0","0","0","0","0","0","0","0","0","0","0","0","0","0","0","0","0","0","0","0"
"2024-10-09","port290","Dhamra Port","India","IND","0","1","0","0","0","1","1","0","0","0","0","0","0","0","0","26163","0","0","0","26163","26163"
"2024-10-10","port290","Dhamra Port","India","IND","0","0","0","0","0","0","0","0","0","0","0","0","0","0","0","0","0","0","0","0","0"
"2024-10-11","port290","Dhamra Port","India","IND","0","3","0","0","0","3","3","0","41621","0","0","0","41621","41621","0","92481","0","0","0","92481","92481"
"2024-10-12","port290","Dhamra Port","India","IND","0","1","0","0","0","1","1","0","417","0","0","0","417","417","0","0","0","0","0","0","0"
"2024-10-13","port290","Dhamra Port","India","IND","0","1","0","0","0","1","1","0","41621","0","0","0","41621","41621","0","19061","0","0","0","19061","19061"
"2024-10-14","port290","Dhamra Port","India","IND","0","3","0","0","0","3","3","0","42820","0","0","0","42820","42820","0","75435","0","0","0","75435","75435"
"2024-10-15","port290","Dhamra Port","India","IND","0","2","0","0","0","2","2","0","41621","0","0","0","41621","41621","0","73482","0","0","0","73482","73482"
"2024-10-16","port290","Dhamra Port","India","IND","0","0","0","0","0","0","0","0","0","0","0","0","0","0","0","0","0","0","0","0","0"
"2024-10-17","port290","Dhamra Port","India","IND","0","3","0","0","0","3","3","0","212091","0","0","0","212091","212091","0","91569","0","0","0","91569","91569"
"2024-10-18","port290","Dhamra Port","India","IND","0","1","0","0","0","1","1","0","41621","0","0","0","41621","41621","0","19061","0","0","0","19061","19061"
"2024-10-19","port290","Dhamra Port","India","IND","0","1","0","0","0","1","1","0","0","0","0","0","0","0","0","72713","0","0","0","72713","72713"
"2024-10-20","port290","Dhamra Port","India","IND","0","2","0","0","0","2","2","0","41621","0","0","0","41621","41621","0","28060","0","0","0","28060","28060"
"2024-10-21","port290","Dhamra Port","India","IND","0","1","0","0","0","1","1","0","0","0","0","0","0","0","0","20894","0","0","0","20894","20894"
"2024-10-22","port290","Dhamra Port","India","IND","0","1","0","0","0","1","1","0","41621","0","0","0","41621","41621","0","19061","0","0","0","19061","19061"
"2024-10-23","port290","Dhamra Port","India","IND","0","0","0","0","0","0","0","0","0","0","0","0","0","0","0","0","0","0","0","0","0"
"2024-10-24","port290","Dhamra Port","India","IND","0","0","0","0","0","0","0","0","0","0","0","0","0","0","0","0","0","0","0","0","0"
"2024-10-25","port290","Dhamra Port","India","IND","0","1","0","0","0","1","1","0","0","0","0","0","0","0","0","16070","0","0","0","16070","16070"
"2024-10-26","port290","Dhamra Port","India","IND","0","4","0","0","0","4","4","0","112324","0","0","0","112324","112324","0","38123","0","0","0","38123","38123"
"2024-10-27","port290","Dhamra Port","India","IND","0","1","0","0","0","1","1","0","41621","0","0","0","41621","41621","0","19061","0","0","0","19061","19061"
"2024-10-28","port290","Dhamra Port","India","IND","0","1","0","0","0","1","1","0","0","0","0","0","0","0","0","78015","0","0","0","78015","78015"
"2024-10-29","port290","Dhamra Port","India","IND","0","2","0","0","0","2","2","0","241180","0","0","0","241180","241180","0","0","0","0","0","0","0"
"2024-10-30","port290","Dhamra Port","India","IND","0","1","0","0","0","1","1","0","0","0","0","0","0","0","0","4104","0","0","0","4104","4104"
"2024-10-31","port290","Dhamra Port","India","IND","0","2","0","0","0","2","2","0","42871","0","0","0","42871","42871","0","19061","0","0","0","19061","19061"
"2024-11-01","port290","Dhamra Port","India","IND","0","1","0","0","0","1","1","0","0","0","0","0","0","0","0","58612","0","0","0","58612","58612"
"2024-11-02","port290","Dhamra Port","India","IND","0","2","0","0","0","2","2","0","41621","0","0","0","41621","41621","0","97503","0","0","0","97503","97503"
"2024-11-03","port290","Dhamra Port","India","IND","0","0","0","0","0","0","0","0","0","0","0","0","0","0","0","0","0","0","0","0","0"
"2024-11-04","port290","Dhamra Port","India","IND","0","1","0","0","0","1","1","0","0","0","0","0","0","0","0","11255","0","0","0","11255","11255"
"2024-11-05","port290","Dhamra Port","India","IND","0","4","0","0","0","4","4","0","162771","0","0","0","162771","162771","0","64776","0","0","0","64776","64776"
"2024-11-06","port290","Dhamra Port","India","IND","0","0","0","0","0","0","0","0","0","0","0","0","0","0","0","0","0","0","0","0","0"
"2024-11-07","port290","Dhamra Port","India","IND","0","2","0","0","0","2","2","0","164268","0","0","0","164268","164268","0","59520","0","0","0","59520","59520"
"2024-11-08","port290","Dhamra Port","India","IND","0","2","0","0","0","2","2","0","111197","0","0","0","111197","111197","0","0","0","0","0","0","0"
"2024-11-09","port290","Dhamra Port","India","IND","0","2","0","0","0","2","2","0","41621","0","0","0","41621","41621","0","74868","0","0","0","74868","74868"
"2024-11-10","port290","Dhamra Port","India","IND","0","0","0","0","0","0","0","0","0","0","0","0","0","0","0","0","0","0","0","0","0"
"2024-11-11","port290","Dhamra Port","India","IND","0","2","0","0","0","2","2","0","120268","0","0","0","120268","120268","0","19061","0","0","0","19061","19061"
"2024-11-12","port290","Dhamra Port","India","IND","0","2","0","0","0","2","2","0","83243","0","0","0","83243","83243","0","38123","0","0","0","38123","38123"
"2024-11-13","port290","Dhamra Port","India","IND","0","1","0","0","0","1","1","0","0","0","0","0","0","0","0","73055","0","0","0","73055","73055"
"2024-11-14","port290","Dhamra Port","India","IND","0","0","0","0","0","0","0","0","0","0","0","0","0","0","0","0","0","0","0","0","0"
"2024-11-15","port290","Dhamra Port","India","IND","0","0","0","0","0","0","0","0","0","0","0","0","0","0","0","0","0","0","0","0","0"
"2024-11-16","port290","Dhamra Port","India","IND","0","1","0","0","0","1","1","0","41621","0","0","0","41621","41621","0","19061","0","0","0","19061","19061"
"2024-11-17","port290","Dhamra Port","India","IND","0","0","0","0","0","0","0","0","0","0","0","0","0","0","0","0","0","0","0","0","0"
"2024-11-18","port290","Dhamra Port","India","IND","0","2","0","0","0","2","2","0","41621","0","0","0","41621","41621","0","19061","0","0","0","19061","19061"
"2024-11-19","port290","Dhamra Port","India","IND","0","0","0","0","0","0","0","0","0","0","0","0","0","0","0","0","0","0","0","0","0"
"2024-11-20","port290","Dhamra Port","India","IND","0","2","0","0","0","2","2","0","113997","0","0","0","113997","113997","0","19061","0","0","0","19061","19061"
"2024-11-21","port290","Dhamra Port","India","IND","0","1","0","0","0","1","1","0","78389","0","0","0","78389","78389","0","0","0","0","0","0","0"
"2024-11-22","port290","Dhamra Port","India","IND","0","1","0","0","0","1","1","0","41621","0","0","0","41621","41621","0","19061","0","0","0","19061","19061"
"2024-11-23","port290","Dhamra Port","India","IND","0","1","0","0","0","1","1","0","165334","0","0","0","165334","165334","0","0","0","0","0","0","0"
"2024-11-24","port290","Dhamra Port","India","IND","0","2","0","0","0","2","2","0","41621","0","0","0","41621","41621","0","74835","0","0","0","74835","74835"
"2024-11-25","port290","Dhamra Port","India","IND","0","1","0","0","0","1","1","0","103635","0","0","0","103635","103635","0","0","0","0","0","0","0"
"2024-11-26","port290","Dhamra Port","India","IND","0","0","0","0","0","0","0","0","0","0","0","0","0","0","0","0","0","0","0","0","0"
"2024-11-27","port290","Dhamra Port","India","IND","0","3","0","0","0","3","3","0","77968","0","0","0","77968","77968","0","91912","0","0","0","91912","91912"
"2024-11-28","port290","Dhamra Port","India","IND","0","1","0","0","0","1","1","0","0","0","0","0","0","0","0","28432","0","0","0","28432","28432"
"2024-11-29","port290","Dhamra Port","India","IND","0","1","0","0","0","1","1","0","41621","0","0","0","41621","41621","0","19061","0","0","0","19061","19061"
"2024-11-30","port290","Dhamra Port","India","IND","0","1","0","0","0","1","1","0","0","0","0","0","0","0","0","77332","0","0","0","77332","77332"
"2024-12-01","port290","Dhamra Port","India","IND","0","2","0","0","0","2","2","0","160603","0","0","0","160603","160603","0","43395","0","0","0","43395","43395"
"2024-12-02","port290","Dhamra Port","India","IND","0","0","0","0","0","0","0","0","0","0","0","0","0","0","0","0","0","0","0","0","0"
"2024-12-03","port290","Dhamra Port","India","IND","0","2","0","0","0","2","2","0","0","0","0","0","0","0","0","53227","0","0","0","53227","53227"
"2024-12-04","port290","Dhamra Port","India","IND","0","2","0","0","0","2","2","0","33292","0","0","0","33292","33292","0","72713","0","0","0","72713","72713"
"2024-12-05","port290","Dhamra Port","India","IND","0","0","0","0","0","0","0","0","0","0","0","0","0","0","0","0","0","0","0","0","0"
"2024-12-06","port290","Dhamra Port","India","IND","0","1","0","0","0","1","1","0","41621","0","0","0","41621","41621","0","19061","0","0","0","19061","19061"
"2024-12-07","port290","Dhamra Port","India","IND","0","1","0","0","0","1","1","0","41621","0","0","0","41621","41621","0","19061","0","0","0","19061","19061"
"2024-12-08","port290","Dhamra Port","India","IND","0","0","0","0","0","0","0","0","0","0","0","0","0","0","0","0","0","0","0","0","0"
"2024-12-09","port290","Dhamra Port","India","IND","0","0","1","0","0","1","1","0","0","0","0","0","0","0","0","0","0","0","0","0","0"
"2024-12-10","port290","Dhamra Port","India","IND","0","2","0","0","0","2","2","0","41621","0","0","0","41621","41621","0","48017","0","0","0","48017","48017"
"2024-12-11","port290","Dhamra Port","India","IND","0","0","0","0","0","0","0","0","0","0","0","0","0","0","0","0","0","0","0","0","0"
"2024-12-12","port290","Dhamra Port","India","IND","0","2","0","0","0","2","2","0","41621","0","0","0","41621","41621","0","45495","0","0","0","45495","45495"
"2024-12-13","port290","Dhamra Port","India","IND","0","3","0","0","0","3","3","0","41621","0","0","0","41621","41621","0","157826","0","0","0","157826","157826"
"2024-12-14","port290","Dhamra Port","India","IND","0","0","0","0","0","0","0","0","0","0","0","0","0","0","0","0","0","0","0","0","0"
"2024-12-15","port290","Dhamra Port","India","IND","0","2","0","0","0","2","2","0","0","0","0","0","0","0","0","113289","0","0","0","113289","113289"
"2024-12-16","port290","Dhamra Port","India","IND","0","1","0","0","0","1","1","0","77675","0","0","0","77675","77675","0","0","0","0","0","0","0"
"2024-12-17","port290","Dhamra Port","India","IND","0","2","0","0","0","2","2","0","41621","0","0","0","41621","41621","0","63811","0","0","0","63811","63811"
"2024-12-18","port290","Dhamra Port","India","IND","0","2","0","0","0","2","2","0","163736","0","0","0","163736","163736","0","56302","0","0","0","56302","56302"
"2024-12-19","port290","Dhamra Port","India","IND","0","1","0","0","0","1","1","0","0","0","0","0","0","0","0","73171","0","0","0","73171","73171"
"2024-12-20","port290","Dhamra Port","India","IND","0","0","0","0","0","0","0","0","0","0","0","0","0","0","0","0","0","0","0","0","0"
"2024-12-21","port290","Dhamra Port","India","IND","0","1","0","0","0","1","1","0","0","0","0","0","0","0","0","1710","0","0","0","1710","1710"
"2024-12-22","port290","Dhamra Port","India","IND","0","0","0","0","0","0","0","0","0","0","0","0","0","0","0","0","0","0","0","0","0"
"2024-12-23","port290","Dhamra Port","India","IND","0","2","0","0","0","2","2","0","120198","0","0","0","120198","120198","0","19061","0","0","0","19061","19061"
"2024-12-24","port290","Dhamra Port","India","IND","0","0","0","0","0","0","0","0","0","0","0","0","0","0","0","0","0","0","0","0","0"
"2024-12-25","port290","Dhamra Port","India","IND","0","0","0","0","0","0","0","0","0","0","0","0","0","0","0","0","0","0","0","0","0"
"2024-12-26","port290","Dhamra Port","India","IND","0","2","0","0","0","2","2","0","41621","0","0","0","41621","41621","0","42187","0","0","0","42187","42187"
"2024-12-27","port290","Dhamra Port","India","IND","0","4","0","0","0","4","4","0","277714","0","0","0","277714","277714","0","119690","0","0","0","119690","119690"
"2024-12-28","port290","Dhamra Port","India","IND","0","1","0","0","0","1","1","0","41621","0","0","0","41621","41621","0","19061","0","0","0","19061","19061"
"2024-12-29","port290","Dhamra Port","India","IND","0","1","0","0","0","1","1","0","0","0","0","0","0","0","0","79010","0","0","0","79010","79010"
"2024-12-30","port290","Dhamra Port","India","IND","0","0","0","0","0","0","0","0","0","0","0","0","0","0","0","0","0","0","0","0","0"
"2024-12-31","port290","Dhamra Port","India","IND","0","4","1","0","0","5","5","0","289521","0","0","0","289521","289521","0","19061","0","0","0","19061","19061"
"2025-01-01","port290","Dhamra Port","India","IND","0","1","0","0","0","1","1","0","55680","0","0","0","55680","55680","0","0","0","0","0","0","0"
"2025-01-02","port290","Dhamra Port","India","IND","0","0","0","0","0","0","0","0","0","0","0","0","0","0","0","0","0","0","0","0","0"
"2025-01-03","port290","Dhamra Port","India","IND","0","1","0","0","0","1","1","0","75133","0","0","0","75133","75133","0","0","0","0","0","0","0"
"2025-01-04","port290","Dhamra Port","India","IND","0","1","0","0","0","1","1","0","78888","0","0","0","78888","78888","0","0","0","0","0","0","0"
"2025-01-05","port290","Dhamra Port","India","IND","0","1","0","0","0","1","1","0","963","0","0","0","963","963","0","0","0","0","0","0","0"
"2025-01-06","port290","Dhamra Port","India","IND","0","1","0","0","0","1","1","0","37353","0","0","0","37353","37353","0","0","0","0","0","0","0"
"2025-01-07","port290","Dhamra Port","India","IND","0","0","0","0","0","0","0","0","0","0","0","0","0","0","0","0","0","0","0","0","0"
"2025-01-08","port290","Dhamra Port","India","IND","0","1","0","0","0","1","1","0","167065","0","0","0","167065","167065","0","0","0","0","0","0","0"
"2025-01-09","port290","Dhamra Port","India","IND","0","1","0","0","0","1","1","0","79588","0","0","0","79588","79588","0","0","0","0","0","0","0"
"2025-01-10","port290","Dhamra Port","India","IND","0","1","0","0","0","1","1","0","0","0","0","0","0","0","0","69844","0","0","0","69844","69844"
"2025-01-11","port290","Dhamra Port","India","IND","0","1","0","0","0","1","1","0","103482","0","0","0","103482","103482","0","0","0","0","0","0","0"
"2025-01-12","port290","Dhamra Port","India","IND","0","0","0","0","0","0","0","0","0","0","0","0","0","0","0","0","0","0","0","0","0"
"2025-01-13","port290","Dhamra Port","India","IND","0","0","0","0","0","0","0","0","0","0","0","0","0","0","0","0","0","0","0","0","0"
"2025-01-14","port290","Dhamra Port","India","IND","0","1","0","0","0","1","1","0","4839","0","0","0","4839","4839","0","0","0","0","0","0","0"
"2025-01-15","port290","Dhamra Port","India","IND","0","0","0","0","0","0","0","0","0","0","0","0","0","0","0","0","0","0","0","0","0"
"2025-01-16","port290","Dhamra Port","India","IND","0","1","0","0","0","1","1","0","0","0","0","0","0","0","0","72713","0","0","0","72713","72713"
"2025-01-17","port290","Dhamra Port","India","IND","0","3","0","0","0","3","3","0","124865","0","0","0","124865","124865","0","57185","0","0","0","57185","57185"
"2025-01-18","port290","Dhamra Port","India","IND","0","2","0","0","0","2","2","0","78277","0","0","0","78277","78277","0","0","0","0","0","0","0"
"2025-01-19","port290","Dhamra Port","India","IND","0","0","0","0","0","0","0","0","0","0","0","0","0","0","0","0","0","0","0","0","0"
"2025-01-20","port290","Dhamra Port","India","IND","0","0","0","0","0","0","0","0","0","0","0","0","0","0","0","0","0","0","0","0","0"
"2025-01-21","port290","Dhamra Port","India","IND","0","2","0","0","0","2","2","0","111232","0","0","0","111232","111232","0","0","0","0","0","0","0"
"2025-01-22","port290","Dhamra Port","India","IND","0","0","0","0","0","0","0","0","0","0","0","0","0","0","0","0","0","0","0","0","0"
"2025-01-23","port290","Dhamra Port","India","IND","0","2","1","0","0","3","3","0","41621","0","0","0","41621","41621","0","43440","0","0","0","43440","43440"
"2025-01-24","port290","Dhamra Port","India","IND","0","1","0","0","0","1","1","0","0","0","0","0","0","0","0","79588","0","0","0","79588","79588"
"2025-01-25","port290","Dhamra Port","India","IND","0","1","0","0","0","1","1","0","78424","0","0","0","78424","78424","0","0","0","0","0","0","0"
"2025-01-26","port290","Dhamra Port","India","IND","0","2","0","0","0","2","2","0","145129","0","0","0","145129","145129","0","19061","0","0","0","19061","19061"
"2025-01-27","port290","Dhamra Port","India","IND","0","2","1","0","0","3","3","0","120814","0","0","0","120814","120814","0","19061","0","0","0","19061","19061"
"2025-01-28","port290","Dhamra Port","India","IND","0","1","0","0","0","1","1","0","78644","0","0","0","78644","78644","0","0","0","0","0","0","0"
"2025-01-29","port290","Dhamra Port","India","IND","0","2","0","0","0","2","2","0","41621","0","0","0","41621","41621","0","88906","0","0","0","88906","88906"
"2025-01-30","port290","Dhamra Port","India","IND","0","0","0","0","0","0","0","0","0","0","0","0","0","0","0","0","0","0","0","0","0"
"2025-01-31","port290","Dhamra Port","India","IND","0","1","0","0","0","1","1","0","0","0","0","0","0","0","0","26864","0","0","0","26864","26864"
"2025-02-01","port290","Dhamra Port","India","IND","0","1","0","0","0","1","1","0","41621","0","0","0","41621","41621","0","19061","0","0","0","19061","19061"
"2025-02-02","port290","Dhamra Port","India","IND","0","0","0","0","0","0","0","0","0","0","0","0","0","0","0","0","0","0","0","0","0"
"2025-02-03","port290","Dhamra Port","India","IND","0","1","0","0","0","1","1","0","0","0","0","0","0","0","0","53242","0","0","0","53242","53242"
"2025-02-04","port290","Dhamra Port","India","IND","0","0","0","0","0","0","0","0","0","0","0","0","0","0","0","0","0","0","0","0","0"
"2025-02-05","port290","Dhamra Port","India","IND","0","1","0","0","0","1","1","0","78896","0","0","0","78896","78896","0","0","0","0","0","0","0"
"2025-02-06","port290","Dhamra Port","India","IND","0","0","0","0","0","0","0","0","0","0","0","0","0","0","0","0","0","0","0","0","0"
"2025-02-07","port290","Dhamra Port","India","IND","0","0","0","0","0","0","0","0","0","0","0","0","0","0","0","0","0","0","0","0","0"
"2025-02-08","port290","Dhamra Port","India","IND","0","1","0","0","0","1","1","0","41621","0","0","0","41621","41621","0","19061","0","0","0","19061","19061"
2026-08-15,port290,Dhamra Port,India,IND,0,2,0,0,0,2,2,0,102530,0,0,0,102530,102530,0,78394,0,0,0,78394,78394
2026-08-16,port290,Dhamra Port,India,IND,0,0,0,0,0,0,0,0,0,0,0,0,0,0,0,0,0,0,0,0,0
2026-08-17,port290,Dhamra Port,India,IND,0,0,0,0,0,0,0,0,0,0,0,0,0,0,0,0,0,0,0,0,0
2026-08-18,port290,Dhamra Port,India,IND,0,3,0,0,0,3,3,0,119720,0,0,0,119720,119720,0,80523,0,0,0,80523,80523
2026-08-19,port290,Dhamra Port,India,IND,0,0,0,0,0,0,0,0,0,0,0,0,0,0,0,0,0,0,0,0,0
2026-08-20,port290,Dhamra Port,India,IND,0,0,0,0,0,0,0,0,0,0,0,0,0,0,0,0,0,0,0,0,0
2026-08-21,port290,Dhamra Port,India,IND,0,2,0,0,0,2,2,0,48345,0,0,0,48345,48345,0,19184,0,0,0,19184,19184
2026-08-22,port290,Dhamra Port,India,IND,0,2,0,0,0,2,2,0,82983,0,0,0,82983,82983,0,38369,0,0,0,38369,38369
2026-08-23,port290,Dhamra Port,India,IND,0,2,0,0,0,2,2,0,41491,0,0,0,41491,41491,0,91687,0,0,0,91687,91687
2026-08-24,port290,Dhamra Port,India,IND,0,2,0,0,0,2,2,0,82983,0,0,0,82983,82983,0,38369,0,0,0,38369,38369
2026-08-25,port290,Dhamra Port,India,IND,0,0,0,0,0,0,0,0,0,0,0,0,0,0,0,0,0,0,0,0,0
2026-08-26,port290,Dhamra Port,India,IND,0,1,0,0,0,1,1,0,7260,0,0,0,7260,7260,0,0,0,0,0,0,0
2026-08-27,port290,Dhamra Port,India,IND,0,1,0,0,0,1,1,0,41491,0,0,0,41491,41491,0,19184,0,0,0,19184,19184
2026-08-28,port290,Dhamra Port,India,IND,0,0,0,0,0,0,0,0,0,0,0,0,0,0,0,0,0,0,0,0,0
