date,year,month,day,portid,portname,country,ISO3,portcalls_container,portcalls_dry_bulk,portcalls_general_cargo,portcalls_roro,portcalls_tanker,portcalls_cargo,portcalls,import_container,import_dry_bulk,import_general_cargo,import_roro,import_tanker,import_cargo,import,export_container,export_dry_bulk,export_general_cargo,export_roro,export_tanker,export_cargo,export,ObjectId
2021-03-12,2021,3,12,port709,Mormugao,India,IND,0,1,0,0,0,1,1,0,31105,0,0,0,31105,31105,0,0,0,0,0,0,0,3208022
2019-01-02,2019,1,2,port709,Mormugao,India,IND,0,0,0,0,1,0,1,0,0,0,0,0,0,0,0,0,0,0,0,0,0,3208025
2021-03-13,2021,3,13,port709,Mormugao,India,IND,0,0,0,0,0,0,0,0,0,0,0,0,0,0,0,0,0,0,0,0,0,3208026
2019-01-03,2019,1,3,port709,Mormugao,India,IND,0,2,0,0,0,2,2,0,103784,0,0,0,103784,103784,0,0,0,0,0,0,0,3208029
2021-03-14,2021,3,14,port709,Mormugao,India,IND,0,1,0,0,0,1,1,0,0,0,0,0,0,0,0,32752,0,0,0,32752,32752,3208030
2019-01-04,2019,1,4,port709,Mormugao,India,IND,0,1,0,0,0,1,1,0,41129,0,0,0,41129,41129,0,8214,0,0,0,8214,8214,3208033
2021-03-15,2021,3,15,port709,Mormugao,India,IND,0,1,0,0,0,1,1,0,0,0,0,0,0,0,0,25325,0,0,0,25325,25325,3208034
2019-01-05,2019,1,5,port709,Mormugao,India,IND,0,1,0,0,0,1,1,0,31272,0,0,0,31272,31272,0,0,0,0,0,0,0,3208037
2021-03-16,2021,3,16,port709,Mormugao,India,IND,0,0,0,0,0,0,0,0,0,0,0,0,0,0,0,0,0,0,0,0,0,3208038
2019-01-06,2019,1,6,port709,Mormugao,India,IND,1,0,0,0,0,1,1,1420,0,0,0,0,1420,1420,3402,0,0,0,0,3402,3402,3208041
2021-03-17,2021,3,17,port709,Mormugao,India,IND,1,0,0,0,0,1,1,1420,0,0,0,0,1420,1420,3402,0,0,0,0,3402,3402,3208042
2019-01-07,2019,1,7,port709,Mormugao,India,IND,0,1,0,1,0,2,2,0,35259,0,0,0,35259,35259,0,0,0,0,0,0,0,3208045
2021-03-18,2021,3,18,port709,Mormugao,India,IND,0,0,0,0,0,0,0,0,0,0,0,0,0,0,0,0,0,0,0,0,0,3208046
2020-02-06,2020,2,6,port709,Mormugao,India,IND,0,0,1,0,0,1,1,0,0,1367,0,0,1367,1367,0,0,4198,0,0,4198,4198,3208439
2021-03-19,2021,3,19,port709,Mormugao,India,IND,0,1,0,0,1,1,2,0,187591,0,0,12306,187591,199897,0,0,0,0,1325,0,1325,3208441
2021-03-20,2021,3,20,port709,Mormugao,India,IND,0,0,0,0,0,0,0,0,0,0,0,0,0,0,0,0,0,0,0,0,0,3208442
2019-01-08,2019,1,8,port709,Mormugao,India,IND,0,0,0,0,0,0,0,0,0,0,0,0,0,0,0,0,0,0,0,0,0,3208443
2021-03-21,2021,3,21,port709,Mormugao,India,IND,0,0,0,0,0,0,0,0,0,0,0,0,0,0,0,0,0,0,0,0,0,3208445
2019-01-09,2019,1,9,port709,Mormugao,India,IND,0,0,0,0,0,0,0,0,0,0,0,0,0,0,0,0,0,0,0,0,0,3208446
2021-03-22,2021,3,22,port709,Mormugao,India,IND,0,0,0,0,0,0,0,0,0,0,0,0,0,0,0,0,0,0,0,0,0,3208448
2019-01-10,2019,1,10,port709,Mormugao,India,IND,0,0,0,0,0,0,0,0,0,0,0,0,0,0,0,0,0,0,0,0,0,3208449
2021-03-23,2021,3,23,port709,Mormugao,India,IND,0,0,0,0,0,0,0,0,0,0,0,0,0,0,0,0,0,0,0,0,0,3208451
2019-01-11,2019,1,11,port709,Mormugao,India,IND,0,0,0,0,0,0,0,0,0,0,0,0,0,0,0,0,0,0,0,0,0,3208452
2021-03-24,2021,3,24,port709,Mormugao,India,IND,0,1,0,0,0,1,1,0,0,0,0,0,0,0,0,43535,0,0,0,43535,43535,3208454
2019-01-12,2019,1,12,port709,Mormugao,India,IND,0,1,0,0,0,1,1,0,32920,0,0,0,32920,32920,0,0,0,0,0,0,0,3208455
2021-03-25,2021,3,25,port709,Mormugao,India,IND,0,1,0,0,0,1,1,0,0,0,0,0,0,0,0,46834,0,0,0,46834,46834,3208457
2019-01-13,2019,1,13,port709,Mormugao,India,IND,0,0,0,0,0,0,0,0,0,0,0,0,0,0,0,0,0,0,0,0,0,3208458
2021-03-26,2021,3,26,port709,Mormugao,India,IND,0,1,0,0,0,1,1,0,12954,0,0,0,12954,12954,0,0,0,0,0,0,0,3208460
2019-01-14,2019,1,14,port709,Mormugao,India,IND,0,0,0,0,0,0,0,0,0,0,0,0,0,0,0,0,0,0,0,0,0,3208461
2021-03-27,2021,3,27,port709,Mormugao,India,IND,0,0,0,0,0,0,0,0,0,0,0,0,0,0,0,0,0,0,0,0,0,3208463
2019-01-15,2019,1,15,port709,Mormugao,India,IND,0,0,0,0,0,0,0,0,0,0,0,0,0,0,0,0,0,0,0,0,0,3208464
2021-03-28,2021,3,28,port709,Mormugao,India,IND,0,1,0,0,0,1,1,0,41129,0,0,0,41129,41129,0,8214,0,0,0,8214,8214,3208466
2019-01-16,2019,1,16,port709,Mormugao,India,IND,0,1,0,0,0,1,1,0,41129,0,0,0,41129,41129,0,8214,0,0,0,8214,8214,3208467
2020-02-07,2020,2,7,port709,Mormugao,India,IND,0,0,0,0,0,0,0,0,0,0,0,0,0,0,0,0,0,0,0,0,0,3208469
2021-03-29,2021,3,29,port709,Mormugao,India,IND,0,0,0,0,0,0,0,0,0,0,0,0,0,0,0,0,0,0,0,0,0,3208470
2019-01-17,2019,1,17,port709,Mormugao,India,IND,0,0,0,0,0,0,0,0,0,0,0,0,0,0,0,0,0,0,0,0,0,3208471
2020-02-08,2020,2,8,port709,Mormugao,India,IND,0,1,0,0,0,1,1,0,41129,0,0,0,41129,41129,0,8214,0,0,0,8214,8214,3208473
2021-03-30,2021,3,30,port709,Mormugao,India,IND,0,2,1,0,0,3,3,0,82258,0,0,0,82258,82258,0,16429,0,0,0,16429,16429,3208474
2019-01-18,2019,1,18,port709,Mormugao,India,IND,0,0,0,0,0,0,0,0,0,0,0,0,0,0,0,0,0,0,0,0,0,3208475
2020-02-09,2020,2,9,port709,Mormugao,India,IND,0,0,0,0,0,0,0,0,0,0,0,0,0,0,0,0,0,0,0,0,0,3208477
2021-03-31,2021,3,31,port709,Mormugao,India,IND,0,0,0,0,0,0,0,0,0,0,0,0,0,0,0,0,0,0,0,0,0,3208478
2019-01-19,2019,1,19,port709,Mormugao,India,IND,0,0,0,0,1,0,1,0,0,0,0,35637,0,35637,0,0,0,0,0,0,0,3208479
2020-02-10,2020,2,10,port709,Mormugao,India,IND,0,1,0,0,0,1,1,0,90227,0,0,0,90227,90227,0,0,0,0,0,0,0,3208480
2021-04-01,2021,4,1,port709,Mormugao,India,IND,0,1,0,0,0,1,1,0,39810,0,0,0,39810,39810,0,0,0,0,0,0,0,3208481
2019-01-20,2019,1,20,port709,Mormugao,India,IND,1,0,0,0,0,1,1,1420,0,0,0,0,1420,1420,3402,0,0,0,0,3402,3402,3208482
2021-04-02,2021,4,2,port709,Mormugao,India,IND,0,1,0,0,0,1,1,0,0,0,0,0,0,0,0,37435,0,0,0,37435,37435,3208483
2019-01-21,2019,1,21,port709,Mormugao,India,IND,0,0,0,0,0,0,0,0,0,0,0,0,0,0,0,0,0,0,0,0,0,3208485
2021-04-03,2021,4,3,port709,Mormugao,India,IND,0,0,0,0,0,0,0,0,0,0,0,0,0,0,0,0,0,0,0,0,0,3208486
2019-01-22,2019,1,22,port709,Mormugao,India,IND,0,2,0,0,1,2,3,0,41129,0,0,12202,41129,53332,0,37867,0,0,766,37867,38633,3208488
2021-04-04,2021,4,4,port709,Mormugao,India,IND,1,2,0,0,0,3,3,1054,66459,0,0,0,67513,67513,0,8214,0,0,0,8214,8214,3208489
2019-01-23,2019,1,23,port709,Mormugao,India,IND,0,1,0,0,0,1,1,0,54048,0,0,0,54048,54048,0,0,0,0,0,0,0,3208491
2021-04-05,2021,4,5,port709,Mormugao,India,IND,0,1,0,0,0,1,1,0,33914,0,0,0,33914,33914,0,0,0,0,0,0,0,3208492
2019-01-24,2019,1,24,port709,Mormugao,India,IND,0,0,0,0,0,0,0,0,0,0,0,0,0,0,0,0,0,0,0,0,0,3208494
2021-04-06,2021,4,6,port709,Mormugao,India,IND,0,0,0,0,0,0,0,0,0,0,0,0,0,0,0,0,0,0,0,0,0,3208495
2019-01-25,2019,1,25,port709,Mormugao,India,IND,0,0,0,0,0,0,0,0,0,0,0,0,0,0,0,0,0,0,0,0,0,3208497
2021-04-07,2021,4,7,port709,Mormugao,India,IND,0,0,0,0,0,0,0,0,0,0,0,0,0,0,0,0,0,0,0,0,0,3208498
2019-01-26,2019,1,26,port709,Mormugao,India,IND,0,0,0,0,0,0,0,0,0,0,0,0,0,0,0,0,0,0,0,0,0,3208500
2021-04-08,2021,4,8,port709,Mormugao,India,IND,0,1,0,0,0,1,1,0,0,0,0,0,0,0,0,54829,0,0,0,54829,54829,3208501
2019-01-27,2019,1,27,port709,Mormugao,India,IND,0,0,0,0,0,0,0,0,0,0,0,0,0,0,0,0,0,0,0,0,0,3208503
2021-04-09,2021,4,9,port709,Mormugao,India,IND,0,1,0,0,0,1,1,0,41129,0,0,0,41129,41129,0,8214,0,0,0,8214,8214,3208504
2019-01-28,2019,1,28,port709,Mormugao,India,IND,0,0,0,0,0,0,0,0,0,0,0,0,0,0,0,0,0,0,0,0,0,3208506
2021-04-10,2021,4,10,port709,Mormugao,India,IND,0,0,0,0,0,0,0,0,0,0,0,0,0,0,0,0,0,0,0,0,0,3208507
2019-01-29,2019,1,29,port709,Mormugao,India,IND,0,0,0,0,0,0,0,0,0,0,0,0,0,0,0,0,0,0,0,0,0,3208509
2021-04-11,2021,4,11,port709,Mormugao,India,IND,0,0,0,0,0,0,0,0,0,0,0,0,0,0,0,0,0,0,0,0,0,3208510
2019-01-30,2019,1,30,port709,Mormugao,India,IND,0,2,0,0,0,2,2,0,25214,0,0,0,25214,25214,0,27797,0,0,0,27797,27797,3208512
2021-04-12,2021,4,12,port709,Mormugao,India,IND,0,0,0,0,0,0,0,0,0,0,0,0,0,0,0,0,0,0,0,0,0,3208513
2019-01-31,2019,1,31,port709,Mormugao,India,IND,0,3,0,0,0,3,3,0,157220,0,0,0,157220,157220,0,16429,0,0,0,16429,16429,3208515
2021-04-13,2021,4,13,port709,Mormugao,India,IND,0,1,0,0,0,1,1,0,41129,0,0,0,41129,41129,0,8214,0,0,0,8214,8214,3208516
2019-02-01,2019,2,1,port709,Mormugao,India,IND,0,0,0,0,0,0,0,0,0,0,0,0,0,0,0,0,0,0,0,0,0,3208518
2021-04-14,2021,4,14,port709,Mormugao,India,IND,0,0,0,0,0,0,0,0,0,0,0,0,0,0,0,0,0,0,0,0,0,3208519
2019-02-02,2019,2,2,port709,Mormugao,India,IND,1,0,0,0,0,1,1,1420,0,0,0,0,1420,1420,3402,0,0,0,0,3402,3402,3208521
2021-04-15,2021,4,15,port709,Mormugao,India,IND,0,1,0,0,0,1,1,0,41129,0,0,0,41129,41129,0,8214,0,0,0,8214,8214,3208522
2019-02-03,2019,2,3,port709,Mormugao,India,IND,0,1,0,0,0,1,1,0,41129,0,0,0,41129,41129,0,8214,0,0,0,8214,8214,3208524
2021-04-16,2021,4,16,port709,Mormugao,India,IND,0,0,0,0,0,0,0,0,0,0,0,0,0,0,0,0,0,0,0,0,0,3208526
2019-02-04,2019,2,4,port709,Mormugao,India,IND,0,1,1,0,0,2,2,0,75616,0,0,0,75616,75616,0,0,0,0,0,0,0,3208527
2020-02-11,2020,2,11,port709,Mormugao,India,IND,0,0,0,0,0,0,0,0,0,0,0,0,0,0,0,0,0,0,0,0,0,3208529
2019-02-05,2019,2,5,port709,Mormugao,India,IND,0,1,1,0,0,2,2,0,0,1367,0,0,1367,1367,0,25726,4198,0,0,29925,29925,3208530
2021-04-17,2021,4,17,port709,Mormugao,India,IND,0,0,0,0,0,0,0,0,0,0,0,0,0,0,0,0,0,0,0,0,0,3208532
2020-02-12,2020,2,12,port709,Mormugao,India,IND,0,0,1,0,0,1,1,0,0,0,0,0,0,0,0,0,9704,0,0,9704,9704,3208533
2019-02-06,2019,2,6,port709,Mormugao,India,IND,0,0,0,0,0,0,0,0,0,0,0,0,0,0,0,0,0,0,0,0,0,3208534
2021-04-18,2021,4,18,port709,Mormugao,India,IND,0,1,0,0,0,1,1,0,58643,0,0,0,58643,58643,0,0,0,0,0,0,0,3208536
2020-02-13,2020,2,13,port709,Mormugao,India,IND,0,0,0,0,0,0,0,0,0,0,0,0,0,0,0,0,0,0,0,0,0,3208537
2019-02-07,2019,2,7,port709,Mormugao,India,IND,0,2,0,0,0,2,2,0,82433,0,0,0,82433,82433,0,0,0,0,0,0,0,3208538
2021-04-19,2021,4,19,port709,Mormugao,India,IND,0,1,0,0,0,1,1,0,0,0,0,0,0,0,0,10784,0,0,0,10784,10784,3208540
2020-02-14,2020,2,14,port709,Mormugao,India,IND,0,0,0,0,0,0,0,0,0,0,0,0,0,0,0,0,0,0,0,0,0,3208541
2019-02-08,2019,2,8,port709,Mormugao,India,IND,0,0,0,0,1,0,1,0,0,0,0,10151,0,10151,0,0,0,0,0,0,0,3208542
2021-04-20,2021,4,20,port709,Mormugao,India,IND,0,1,0,0,0,1,1,0,41129,0,0,0,41129,41129,0,8214,0,0,0,8214,8214,3208544
2020-02-15,2020,2,15,port709,Mormugao,India,IND,0,1,0,0,0,1,1,0,81585,0,0,0,81585,81585,0,0,0,0,0,0,0,3208545
2019-02-09,2019,2,9,port709,Mormugao,India,IND,0,1,0,0,0,1,1,0,0,0,0,0,0,0,0,483,0,0,0,483,483,3208546
2021-04-21,2021,4,21,port709,Mormugao,India,IND,0,0,0,0,0,0,0,0,0,0,0,0,0,0,0,0,0,0,0,0,0,3208548
2020-02-16,2020,2,16,port709,Mormugao,India,IND,0,0,0,0,0,0,0,0,0,0,0,0,0,0,0,0,0,0,0,0,0,3208549
2019-02-10,2019,2,10,port709,Mormugao,India,IND,0,0,0,0,0,0,0,0,0,0,0,0,0,0,0,0,0,0,0,0,0,3208550
2021-04-22,2021,4,22,port709,Mormugao,India,IND,0,2,0,0,0,2,2,0,82258,0,0,0,82258,82258,0,16429,0,0,0,16429,16429,3208552
2020-02-17,2020,2,17,port709,Mormugao,India,IND,1,0,0,0,0,1,1,1420,0,0,0,0,1420,1420,3402,0,0,0,0,3402,3402,3208553
2019-02-11,2019,2,11,port709,Mormugao,India,IND,0,1,0,0,0,1,1,0,10878,0,0,0,10878,10878,0,1556,0,0,0,1556,1556,3208554
2021-04-23,2021,4,23,port709,Mormugao,India,IND,0,1,1,0,0,2,2,0,0,0,0,0,0,0,0,26595,15536,0,0,42131,42131,3208556
2020-02-18,2020,2,18,port709,Mormugao,India,IND,0,0,0,0,0,0,0,0,0,0,0,0,0,0,0,0,0,0,0,0,0,3208557
2019-02-12,2019,2,12,port709,Mormugao,India,IND,0,0,0,0,0,0,0,0,0,0,0,0,0,0,0,0,0,0,0,0,0,3208558
2021-04-24,2021,4,24,port709,Mormugao,India,IND,0,0,0,0,0,0,0,0,0,0,0,0,0,0,0,0,0,0,0,0,0,3208560
2020-02-19,2020,2,19,port709,Mormugao,India,IND,0,0,0,0,1,0,1,0,0,0,0,31139,0,31139,0,0,0,0,0,0,0,3208561
2019-02-13,2019,2,13,port709,Mormugao,India,IND,0,0,0,0,1,0,1,0,0,0,0,0,0,0,0,0,0,0,0,0,0,3208562
2021-04-25,2021,4,25,port709,Mormugao,India,IND,1,2,0,0,0,3,3,0,41129,0,0,0,41129,41129,1052,55242,0,0,0,56294,56294,3208564
2020-02-20,2020,2,20,port709,Mormugao,India,IND,0,0,0,0,0,0,0,0,0,0,0,0,0,0,0,0,0,0,0,0,0,3208565
2019-02-14,2019,2,14,port709,Mormugao,India,IND,0,0,0,0,0,0,0,0,0,0,0,0,0,0,0,0,0,0,0,0,0,3208566
2021-04-26,2021,4,26,port709,Mormugao,India,IND,0,0,0,0,0,0,0,0,0,0,0,0,0,0,0,0,0,0,0,0,0,3208567
2020-02-21,2020,2,21,port709,Mormugao,India,IND,0,0,0,0,0,0,0,0,0,0,0,0,0,0,0,0,0,0,0,0,0,3208568
2019-02-15,2019,2,15,port709,Mormugao,India,IND,0,0,0,0,0,0,0,0,0,0,0,0,0,0,0,0,0,0,0,0,0,3208569
2021-04-27,2021,4,27,port709,Mormugao,India,IND,0,0,0,0,0,0,0,0,0,0,0,0,0,0,0,0,0,0,0,0,0,3208571
2019-02-16,2019,2,16,port709,Mormugao,India,IND,0,0,0,0,0,0,0,0,0,0,0,0,0,0,0,0,0,0,0,0,0,3208572
2021-04-28,2021,4,28,port709,Mormugao,India,IND,0,2,0,0,0,2,2,0,49733,0,0,0,49733,49733,0,49072,0,0,0,49072,49072,3208574
2019-02-17,2019,2,17,port709,Mormugao,India,IND,1,0,0,0,0,1,1,1420,0,0,0,0,1420,1420,3402,0,0,0,0,3402,3402,3208575
2021-04-29,2021,4,29,port709,Mormugao,India,IND,0,1,0,0,1,1,2,0,75881,0,0,0,75881,75881,0,0,0,0,0,0,0,3208577
2019-02-18,2019,2,18,port709,Mormugao,India,IND,0,1,0,0,0,1,1,0,16997,0,0,0,16997,16997,0,0,0,0,0,0,0,3208578
2021-04-30,2021,4,30,port709,Mormugao,India,IND,0,1,0,0,0,1,1,0,89202,0,0,0,89202,89202,0,0,0,0,0,0,0,3208580
2019-02-19,2019,2,19,port709,Mormugao,India,IND,0,0,0,0,0,0,0,0,0,0,0,0,0,0,0,0,0,0,0,0,0,3208581
2021-05-01,2021,5,1,port709,Mormugao,India,IND,0,0,0,0,0,0,0,0,0,0,0,0,0,0,0,0,0,0,0,0,0,3208583
2019-02-20,2019,2,20,port709,Mormugao,India,IND,0,0,0,0,0,0,0,0,0,0,0,0,0,0,0,0,0,0,0,0,0,3208584
2021-05-02,2021,5,2,port709,Mormugao,India,IND,0,2,0,0,0,2,2,0,41129,0,0,0,41129,41129,0,24967,0,0,0,24967,24967,3208586
2019-02-21,2019,2,21,port709,Mormugao,India,IND,0,0,0,0,0,0,0,0,0,0,0,0,0,0,0,0,0,0,0,0,0,3208587
2021-05-03,2021,5,3,port709,Mormugao,India,IND,0,2,0,0,0,2,2,0,0,0,0,0,0,0,0,63972,0,0,0,63972,63972,3208589
2019-02-22,2019,2,22,port709,Mormugao,India,IND,0,0,0,0,0,0,0,0,0,0,0,0,0,0,0,0,0,0,0,0,0,3208590
2021-05-04,2021,5,4,port709,Mormugao,India,IND,0,0,0,0,1,0,1,0,0,0,0,33249,0,33249,0,0,0,0,0,0,0,3208592
2019-02-23,2019,2,23,port709,Mormugao,India,IND,0,0,0,0,0,0,0,0,0,0,0,0,0,0,0,0,0,0,0,0,0,3208593
2021-05-05,2021,5,5,port709,Mormugao,India,IND,0,0,0,0,0,0,0,0,0,0,0,0,0,0,0,0,0,0,0,0,0,3208595
2019-02-24,2019,2,24,port709,Mormugao,India,IND,0,1,0,0,0,1,1,0,41129,0,0,0,41129,41129,0,8214,0,0,0,8214,8214,3208596
2021-05-06,2021,5,6,port709,Mormugao,India,IND,1,1,1,0,0,3,3,0,91335,0,0,0,91335,91335,2106,0,8986,0,0,11093,11093,3208598
2019-02-25,2019,2,25,port709,Mormugao,India,IND,0,0,0,0,0,0,0,0,0,0,0,0,0,0,0,0,0,0,0,0,0,3208599
2021-05-07,2021,5,7,port709,Mormugao,India,IND,0,0,0,0,0,0,0,0,0,0,0,0,0,0,0,0,0,0,0,0,0,3208601
2019-02-26,2019,2,26,port709,Mormugao,India,IND,0,0,0,0,0,0,0,0,0,0,0,0,0,0,0,0,0,0,0,0,0,3208602
2021-05-08,2021,5,8,port709,Mormugao,India,IND,0,2,0,0,0,2,2,0,141701,0,0,0,141701,141701,0,0,0,0,0,0,0,3208604
2019-02-27,2019,2,27,port709,Mormugao,India,IND,0,1,0,0,0,1,1,0,0,0,0,0,0,0,0,32491,0,0,0,32491,32491,3208605
2021-05-09,2021,5,9,port709,Mormugao,India,IND,1,0,0,0,0,1,1,1037,0,0,0,0,1037,1037,0,0,0,0,0,0,0,3208607
2019-02-28,2019,2,28,port709,Mormugao,India,IND,0,1,0,0,1,1,2,0,41129,0,0,0,41129,41129,0,8214,0,0,0,8214,8214,3208608
2021-05-10,2021,5,10,port709,Mormugao,India,IND,0,0,0,0,0,0,0,0,0,0,0,0,0,0,0,0,0,0,0,0,0,3208610
2021-05-11,2021,5,11,port709,Mormugao,India,IND,0,0,0,0,0,0,0,0,0,0,0,0,0,0,0,0,0,0,0,0,0,3208611
2021-05-12,2021,5,12,port709,Mormugao,India,IND,0,0,0,0,0,0,0,0,0,0,0,0,0,0,0,0,0,0,0,0,0,3208612
2021-05-13,2021,5,13,port709,Mormugao,India,IND,0,0,1,0,0,1,1,0,0,0,0,0,0,0,0,0,3409,0,0,3409,3409,3208613
2021-05-14,2021,5,14,port709,Mormugao,India,IND,0,0,0,0,0,0,0,0,0,0,0,0,0,0,0,0,0,0,0,0,0,3208614
2021-05-15,2021,5,15,port709,Mormugao,India,IND,0,0,0,0,0,0,0,0,0,0,0,0,0,0,0,0,0,0,0,0,0,3208615
2021-05-16,2021,5,16,port709,Mormugao,India,IND,0,0,0,0,0,0,0,0,0,0,0,0,0,0,0,0,0,0,0,0,0,3208616
2021-05-17,2021,5,17,port709,Mormugao,India,IND,0,0,0,0,0,0,0,0,0,0,0,0,0,0,0,0,0,0,0,0,0,3208617
2021-05-18,2021,5,18,port709,Mormugao,India,IND,0,1,1,0,0,2,2,0,0,1367,0,0,1367,1367,0,19883,4198,0,0,24082,24082,3208618
2021-05-19,2021,5,19,port709,Mormugao,India,IND,0,2,0,0,0,2,2,0,82258,0,0,0,82258,82258,0,16429,0,0,0,16429,16429,3208619
2021-05-20,2021,5,20,port709,Mormugao,India,IND,0,1,0,0,0,1,1,0,0,0,0,0,0,0,0,34159,0,0,0,34159,34159,3208620
2021-05-21,2021,5,21,port709,Mormugao,India,IND,0,0,1,0,0,1,1,0,0,0,0,0,0,0,0,0,5799,0,0,5799,5799,3208621
2021-05-22,2021,5,22,port709,Mormugao,India,IND,0,2,0,0,0,2,2,0,0,0,0,0,0,0,0,30948,0,0,0,30948,30948,3208622
2021-05-23,2021,5,23,port709,Mormugao,India,IND,1,3,0,0,0,4,4,0,108627,0,0,0,108627,108627,4209,54500,0,0,0,58709,58709,3208623
2021-05-24,2021,5,24,port709,Mormugao,India,IND,0,2,0,0,0,2,2,0,41129,0,0,0,41129,41129,0,8898,0,0,0,8898,8898,3208624
2021-05-25,2021,5,25,port709,Mormugao,India,IND,0,0,1,0,0,1,1,0,0,0,0,0,0,0,0,0,0,0,0,0,0,3208625
2021-05-26,2021,5,26,port709,Mormugao,India,IND,0,1,0,0,0,1,1,0,62092,0,0,0,62092,62092,0,0,0,0,0,0,0,3208626
2021-05-27,2021,5,27,port709,Mormugao,India,IND,0,3,0,0,0,3,3,0,159977,0,0,0,159977,159977,0,16429,0,0,0,16429,16429,3208627
2021-05-28,2021,5,28,port709,Mormugao,India,IND,0,0,1,0,0,1,1,0,0,0,0,0,0,0,0,0,0,0,0,0,0,3208628
2021-05-29,2021,5,29,port709,Mormugao,India,IND,0,1,1,0,0,2,2,0,41129,1367,0,0,42496,42496,0,8214,4198,0,0,12413,12413,3208629
2021-05-30,2021,5,30,port709,Mormugao,India,IND,0,3,0,0,0,3,3,0,192264,0,0,0,192264,192264,0,26022,0,0,0,26022,26022,3208630
2021-05-31,2021,5,31,port709,Mormugao,India,IND,0,1,0,0,0,1,1,0,41129,0,0,0,41129,41129,0,8214,0,0,0,8214,8214,3208631
2021-06-01,2021,6,1,port709,Mormugao,India,IND,0,0,0,0,0,0,0,0,0,0,0,0,0,0,0,0,0,0,0,0,0,3208632
2021-06-02,2021,6,2,port709,Mormugao,India,IND,1,0,0,0,0,1,1,1420,0,0,0,0,1420,1420,3402,0,0,0,0,3402,3402,3208633
2021-06-03,2021,6,3,port709,Mormugao,India,IND,0,1,0,0,0,1,1,0,0,0,0,0,0,0,0,27834,0,0,0,27834,27834,3208634
2021-06-04,2021,6,4,port709,Mormugao,India,IND,0,0,0,0,0,0,0,0,0,0,0,0,0,0,0,0,0,0,0,0,0,3208635
2021-06-05,2021,6,5,port709,Mormugao,India,IND,0,0,0,0,0,0,0,0,0,0,0,0,0,0,0,0,0,0,0,0,0,3208636
2021-06-06,2021,6,6,port709,Mormugao,India,IND,0,1,0,0,0,1,1,0,0,0,0,0,0,0,0,42775,0,0,0,42775,42775,3208637
2021-06-07,2021,6,7,port709,Mormugao,India,IND,0,0,0,0,0,0,0,0,0,0,0,0,0,0,0,0,0,0,0,0,0,3208638
2021-06-08,2021,6,8,port709,Mormugao,India,IND,0,1,0,0,0,1,1,0,41129,0,0,0,41129,41129,0,8214,0,0,0,8214,8214,3208639
2021-06-09,2021,6,9,port709,Mormugao,India,IND,0,0,0,0,0,0,0,0,0,0,0,0,0,0,0,0,0,0,0,0,0,3208640
2021-06-10,2021,6,10,port709,Mormugao,India,IND,0,0,0,0,0,0,0,0,0,0,0,0,0,0,0,0,0,0,0,0,0,3208641
2021-06-11,2021,6,11,port709,Mormugao,India,IND,1,1,0,0,0,2,2,0,5233,0,0,0,5233,5233,5256,0,0,0,0,5256,5256,3208642
2021-06-12,2021,6,12,port709,Mormugao,India,IND,0,1,0,0,0,1,1,0,75788,0,0,0,75788,75788,0,0,0,0,0,0,0,3208643
2021-06-13,2021,6,13,port709,Mormugao,India,IND,0,1,0,0,0,1,1,0,41129,0,0,0,41129,41129,0,8214,0,0,0,8214,8214,3208644
2021-06-14,2021,6,14,port709,Mormugao,India,IND,0,1,0,0,0,1,1,0,81313,0,0,0,81313,81313,0,0,0,0,0,0,0,3208645
2021-06-15,2021,6,15,port709,Mormugao,India,IND,0,1,0,0,0,1,1,0,0,0,0,0,0,0,0,42362,0,0,0,42362,42362,3208646
2021-06-16,2021,6,16,port709,Mormugao,India,IND,1,1,0,0,0,2,2,0,82332,0,0,0,82332,82332,12525,0,0,0,0,12525,12525,3208647
2021-06-17,2021,6,17,port709,Mormugao,India,IND,0,0,0,0,0,0,0,0,0,0,0,0,0,0,0,0,0,0,0,0,0,3208648
2021-06-18,2021,6,18,port709,Mormugao,India,IND,0,2,0,0,0,2,2,0,74824,0,0,0,74824,74824,0,18782,0,0,0,18782,18782,3208649
2021-06-19,2021,6,19,port709,Mormugao,India,IND,0,0,0,0,0,0,0,0,0,0,0,0,0,0,0,0,0,0,0,0,0,3208650
2021-06-20,2021,6,20,port709,Mormugao,India,IND,0,0,0,0,0,0,0,0,0,0,0,0,0,0,0,0,0,0,0,0,0,3208651
2021-06-21,2021,6,21,port709,Mormugao,India,IND,0,0,0,0,0,0,0,0,0,0,0,0,0,0,0,0,0,0,0,0,0,3208652
2020-02-22,2020,2,22,port709,Mormugao,India,IND,0,0,0,0,0,0,0,0,0,0,0,0,0,0,0,0,0,0,0,0,0,3208653
2021-06-22,2021,6,22,port709,Mormugao,India,IND,0,0,0,0,1,0,1,0,0,0,0,38595,0,38595,0,0,0,0,0,0,0,3208654
2021-06-23,2021,6,23,port709,Mormugao,India,IND,0,3,0,0,0,3,3,0,90515,0,0,0,90515,90515,0,33799,0,0,0,33799,33799,3208655
2021-06-24,2021,6,24,port709,Mormugao,India,IND,0,0,0,0,0,0,0,0,0,0,0,0,0,0,0,0,0,0,0,0,0,3208656
2021-06-25,2021,6,25,port709,Mormugao,India,IND,0,1,0,0,0,1,1,0,0,0,0,0,0,0,0,47814,0,0,0,47814,47814,3208657
2021-06-26,2021,6,26,port709,Mormugao,India,IND,1,0,0,0,0,1,1,0,0,0,0,0,0,0,7865,0,0,0,0,7865,7865,3208658
2021-06-27,2021,6,27,port709,Mormugao,India,IND,0,1,0,0,0,1,1,0,0,0,0,0,0,0,0,32995,0,0,0,32995,32995,3208659
2021-06-28,2021,6,28,port709,Mormugao,India,IND,1,0,0,0,0,1,1,1420,0,0,0,0,1420,1420,3402,0,0,0,0,3402,3402,3208660
2021-06-29,2021,6,29,port709,Mormugao,India,IND,0,1,0,0,0,1,1,0,12944,0,0,0,12944,12944,0,0,0,0,0,0,0,3208661
2021-06-30,2021,6,30,port709,Mormugao,India,IND,0,0,0,0,0,0,0,0,0,0,0,0,0,0,0,0,0,0,0,0,0,3208662
2021-07-01,2021,7,1,port709,Mormugao,India,IND,0,1,1,0,0,2,2,0,0,0,0,0,0,0,0,89253,2634,0,0,91888,91888,3208663
2021-07-02,2021,7,2,port709,Mormugao,India,IND,0,0,0,0,0,0,0,0,0,0,0,0,0,0,0,0,0,0,0,0,0,3208664
2021-07-03,2021,7,3,port709,Mormugao,India,IND,0,1,0,0,0,1,1,0,0,0,0,0,0,0,0,0,0,0,0,0,0,3208665
2021-07-04,2021,7,4,port709,Mormugao,India,IND,0,0,1,0,1,1,2,0,0,0,0,0,0,0,0,0,3048,0,25606,3048,28655,3208666
2021-07-05,2021,7,5,port709,Mormugao,India,IND,0,2,0,0,0,2,2,0,75692,0,0,0,75692,75692,0,7730,0,0,0,7730,7730,3208667
2021-07-06,2021,7,6,port709,Mormugao,India,IND,0,1,0,0,0,1,1,0,41129,0,0,0,41129,41129,0,8214,0,0,0,8214,8214,3208668
2021-07-07,2021,7,7,port709,Mormugao,India,IND,0,0,0,0,0,0,0,0,0,0,0,0,0,0,0,0,0,0,0,0,0,3208669
2021-07-08,2021,7,8,port709,Mormugao,India,IND,0,0,0,0,1,0,1,0,0,0,0,0,0,0,0,0,0,0,0,0,0,3208670
2021-07-09,2021,7,9,port709,Mormugao,India,IND,0,2,0,0,2,2,4,0,34581,0,0,34491,34581,69073,0,0,0,0,544,0,544,3208671
2021-07-10,2021,7,10,port709,Mormugao,India,IND,0,0,0,0,0,0,0,0,0,0,0,0,0,0,0,0,0,0,0,0,0,3208672
2021-07-11,2021,7,11,port709,Mormugao,India,IND,0,0,0,0,0,0,0,0,0,0,0,0,0,0,0,0,0,0,0,0,0,3208673
2021-07-12,2021,7,12,port709,Mormugao,India,IND,1,1,0,0,0,2,2,0,82608,0,0,0,82608,82608,527,0,0,0,0,527,527,3208674
2021-07-13,2021,7,13,port709,Mormugao,India,IND,0,0,0,0,0,0,0,0,0,0,0,0,0,0,0,0,0,0,0,0,0,3208675
2021-07-14,2021,7,14,port709,Mormugao,India,IND,0,1,0,0,0,1,1,0,40947,0,0,0,40947,40947,0,0,0,0,0,0,0,3208676
2021-07-15,2021,7,15,port709,Mormugao,India,IND,0,0,1,0,0,1,1,0,0,0,0,0,0,0,0,0,10667,0,0,10667,10667,3208677
2021-07-16,2021,7,16,port709,Mormugao,India,IND,0,2,0,0,0,2,2,0,41688,0,0,0,41688,41688,0,8214,0,0,0,8214,8214,3208678
2021-07-17,2021,7,17,port709,Mormugao,India,IND,0,0,0,0,0,0,0,0,0,0,0,0,0,0,0,0,0,0,0,0,0,3208679
2021-07-18,2021,7,18,port709,Mormugao,India,IND,0,0,0,0,0,0,0,0,0,0,0,0,0,0,0,0,0,0,0,0,0,3208680
2021-07-19,2021,7,19,port709,Mormugao,India,IND,0,1,0,0,0,1,1,0,0,0,0,0,0,0,0,40643,0,0,0,40643,40643,3208681
2021-07-20,2021,7,20,port709,Mormugao,India,IND,1,1,0,0,0,2,2,0,41129,0,0,0,41129,41129,11494,8214,0,0,0,19709,19709,3208682
2021-07-21,2021,7,21,port709,Mormugao,India,IND,0,1,0,0,0,1,1,0,25448,0,0,0,25448,25448,0,0,0,0,0,0,0,3208683
2021-07-22,2021,7,22,port709,Mormugao,India,IND,0,1,0,0,0,1,1,0,836,0,0,0,836,836,0,0,0,0,0,0,0,3208684
2021-07-23,2021,7,23,port709,Mormugao,India,IND,0,2,0,0,0,2,2,0,81835,0,0,0,81835,81835,0,0,0,0,0,0,0,3208685
2021-07-24,2021,7,24,port709,Mormugao,India,IND,0,1,1,0,0,2,2,0,82174,1367,0,0,83542,83542,0,0,4198,0,0,4198,4198,3208686
2021-07-25,2021,7,25,port709,Mormugao,India,IND,0,0,0,0,1,0,1,0,0,0,0,0,0,0,0,0,0,0,0,0,0,3208687
2021-07-26,2021,7,26,port709,Mormugao,India,IND,0,0,3,0,0,3,3,0,0,1367,0,0,1367,1367,0,0,21371,0,0,21371,21371,3208688
2021-07-27,2021,7,27,port709,Mormugao,India,IND,0,2,0,0,0,2,2,0,73758,0,0,0,73758,73758,0,8214,0,0,0,8214,8214,3208689
2021-07-28,2021,7,28,port709,Mormugao,India,IND,1,3,0,0,0,4,4,1420,212960,0,0,0,214380,214380,3402,8214,0,0,0,11617,11617,3208690
2021-07-29,2021,7,29,port709,Mormugao,India,IND,0,0,0,0,0,0,0,0,0,0,0,0,0,0,0,0,0,0,0,0,0,3208691
2021-07-30,2021,7,30,port709,Mormugao,India,IND,0,1,0,0,0,1,1,0,0,0,0,0,0,0,0,39983,0,0,0,39983,39983,3208692
2021-07-31,2021,7,31,port709,Mormugao,India,IND,0,0,0,0,0,0,0,0,0,0,0,0,0,0,0,0,0,0,0,0,0,3208693
2021-08-01,2021,8,1,port709,Mormugao,India,IND,0,0,0,0,0,0,0,0,0,0,0,0,0,0,0,0,0,0,0,0,0,3208694
2021-08-02,2021,8,2,port709,Mormugao,India,IND,0,1,0,0,0,1,1,0,53371,0,0,0,53371,53371,0,0,0,0,0,0,0,3208695
2021-08-03,2021,8,3,port709,Mormugao,India,IND,0,1,0,0,0,1,1,0,41129,0,0,0,41129,41129,0,8214,0,0,0,8214,8214,3208696
2021-08-04,2021,8,4,port709,Mormugao,India,IND,0,0,0,0,0,0,0,0,0,0,0,0,0,0,0,0,0,0,0,0,0,3208697
2021-08-05,2021,8,5,port709,Mormugao,India,IND,0,0,0,0,0,0,0,0,0,0,0,0,0,0,0,0,0,0,0,0,0,3208698
2021-08-06,2021,8,6,port709,Mormugao,India,IND,0,1,1,0,0,2,2,0,41129,1367,0,0,42496,42496,0,8214,4198,0,0,12413,12413,3208699
2021-08-07,2021,8,7,port709,Mormugao,India,IND,0,1,0,0,1,1,2,0,47716,0,0,11095,47716,58812,0,0,0,0,119,0,119,3208700
2021-08-08,2021,8,8,port709,Mormugao,India,IND,0,0,0,0,0,0,0,0,0,0,0,0,0,0,0,0,0,0,0,0,0,3208701
2021-08-09,2021,8,9,port709,Mormugao,India,IND,0,2,0,0,0,2,2,0,2088,0,0,0,2088,2088,0,40701,0,0,0,40701,40701,3208702
2021-08-10,2021,8,10,port709,Mormugao,India,IND,0,0,0,0,0,0,0,0,0,0,0,0,0,0,0,0,0,0,0,0,0,3208703
2021-08-11,2021,8,11,port709,Mormugao,India,IND,0,1,0,0,0,1,1,0,75750,0,0,0,75750,75750,0,0,0,0,0,0,0,3208704
2021-08-12,2021,8,12,port709,Mormugao,India,IND,0,0,0,0,0,0,0,0,0,0,0,0,0,0,0,0,0,0,0,0,0,3208705
2021-08-13,2021,8,13,port709,Mormugao,India,IND,0,1,0,0,0,1,1,0,0,0,0,0,0,0,0,42125,0,0,0,42125,42125,3208706
2021-08-14,2021,8,14,port709,Mormugao,India,IND,0,2,0,0,0,2,2,0,186984,0,0,0,186984,186984,0,0,0,0,0,0,0,3208707
2021-08-15,2021,8,15,port709,Mormugao,India,IND,0,0,0,0,0,0,0,0,0,0,0,0,0,0,0,0,0,0,0,0,0,3208708
2021-08-16,2021,8,16,port709,Mormugao,India,IND,0,0,0,0,0,0,0,0,0,0,0,0,0,0,0,0,0,0,0,0,0,3208709
2021-08-17,2021,8,17,port709,Mormugao,India,IND,0,0,0,0,0,0,0,0,0,0,0,0,0,0,0,0,0,0,0,0,0,3208710
2021-08-18,2021,8,18,port709,Mormugao,India,IND,0,0,0,0,1,0,1,0,0,0,0,0,0,0,0,0,0,0,0,0,0,3208711
2021-08-19,2021,8,19,port709,Mormugao,India,IND,0,0,0,0,0,0,0,0,0,0,0,0,0,0,0,0,0,0,0,0,0,3208712
2021-08-20,2021,8,20,port709,Mormugao,India,IND,0,0,0,0,0,0,0,0,0,0,0,0,0,0,0,0,0,0,0,0,0,3208713
2021-08-21,2021,8,21,port709,Mormugao,India,IND,0,0,0,0,0,0,0,0,0,0,0,0,0,0,0,0,0,0,0,0,0,3208714
2021-08-22,2021,8,22,port709,Mormugao,India,IND,0,1,0,0,0,1,1,0,72546,0,0,0,72546,72546,0,0,0,0,0,0,0,3208715
2021-08-23,2021,8,23,port709,Mormugao,India,IND,0,1,0,0,0,1,1,0,82183,0,0,0,82183,82183,0,0,0,0,0,0,0,3208716
2021-08-24,2021,8,24,port709,Mormugao,India,IND,0,0,0,0,0,0,0,0,0,0,0,0,0,0,0,0,0,0,0,0,0,3208717
2021-08-25,2021,8,25,port709,Mormugao,India,IND,0,4,0,0,0,4,4,0,190833,0,0,0,190833,190833,0,38071,0,0,0,38071,38071,3208718
2021-08-26,2021,8,26,port709,Mormugao,India,IND,0,0,0,0,0,0,0,0,0,0,0,0,0,0,0,0,0,0,0,0,0,3208719
2021-08-27,2021,8,27,port709,Mormugao,India,IND,0,2,0,0,0,2,2,0,0,0,0,0,0,0,0,41050,0,0,0,41050,41050,3208720
2021-08-28,2021,8,28,port709,Mormugao,India,IND,0,0,0,0,0,0,0,0,0,0,0,0,0,0,0,0,0,0,0,0,0,3208721
2021-08-29,2021,8,29,port709,Mormugao,India,IND,0,0,0,0,0,0,0,0,0,0,0,0,0,0,0,0,0,0,0,0,0,3208722
2021-08-30,2021,8,30,port709,Mormugao,India,IND,0,1,0,0,0,1,1,0,186084,0,0,0,186084,186084,0,0,0,0,0,0,0,3208723
2021-08-31,2021,8,31,port709,Mormugao,India,IND,0,0,0,0,0,0,0,0,0,0,0,0,0,0,0,0,0,0,0,0,0,3208724
2021-09-01,2021,9,1,port709,Mormugao,India,IND,0,0,0,0,0,0,0,0,0,0,0,0,0,0,0,0,0,0,0,0,0,3208725
2021-09-02,2021,9,2,port709,Mormugao,India,IND,0,1,0,0,0,1,1,0,41129,0,0,0,41129,41129,0,8214,0,0,0,8214,8214,3208726
2021-09-03,2021,9,3,port709,Mormugao,India,IND,1,0,0,0,0,1,1,1420,0,0,0,0,1420,1420,3402,0,0,0,0,3402,3402,3208727
2021-09-04,2021,9,4,port709,Mormugao,India,IND,0,0,0,0,0,0,0,0,0,0,0,0,0,0,0,0,0,0,0,0,0,3208728
2021-09-05,2021,9,5,port709,Mormugao,India,IND,0,1,0,0,0,1,1,0,0,0,0,0,0,0,0,21107,0,0,0,21107,21107,3208729
2021-09-06,2021,9,6,port709,Mormugao,India,IND,0,0,0,0,0,0,0,0,0,0,0,0,0,0,0,0,0,0,0,0,0,3208730
2021-09-07,2021,9,7,port709,Mormugao,India,IND,0,0,0,0,0,0,0,0,0,0,0,0,0,0,0,0,0,0,0,0,0,3208731
2021-09-08,2021,9,8,port709,Mormugao,India,IND,0,1,0,0,0,1,1,0,81774,0,0,0,81774,81774,0,0,0,0,0,0,0,3208732
2021-09-09,2021,9,9,port709,Mormugao,India,IND,0,2,0,0,0,2,2,0,0,0,0,0,0,0,0,80878,0,0,0,80878,80878,3208733
2021-09-10,2021,9,10,port709,Mormugao,India,IND,0,0,0,0,0,0,0,0,0,0,0,0,0,0,0,0,0,0,0,0,0,3208734
2021-09-11,2021,9,11,port709,Mormugao,India,IND,0,1,0,0,0,1,1,0,69745,0,0,0,69745,69745,0,0,0,0,0,0,0,3208735
2021-09-12,2021,9,12,port709,Mormugao,India,IND,0,0,0,0,0,0,0,0,0,0,0,0,0,0,0,0,0,0,0,0,0,3208736
2021-09-13,2021,9,13,port709,Mormugao,India,IND,0,1,0,0,0,1,1,0,0,0,0,0,0,0,0,1703,0,0,0,1703,1703,3208737
2021-09-14,2021,9,14,port709,Mormugao,India,IND,0,0,0,0,0,0,0,0,0,0,0,0,0,0,0,0,0,0,0,0,0,3208738
2021-09-15,2021,9,15,port709,Mormugao,India,IND,0,1,0,0,0,1,1,0,24101,0,0,0,24101,24101,0,0,0,0,0,0,0,3208739
2021-09-16,2021,9,16,port709,Mormugao,India,IND,0,1,0,0,0,1,1,0,41129,0,0,0,41129,41129,0,8214,0,0,0,8214,8214,3208740
2021-09-17,2021,9,17,port709,Mormugao,India,IND,0,0,0,0,0,0,0,0,0,0,0,0,0,0,0,0,0,0,0,0,0,3208741
2021-09-18,2021,9,18,port709,Mormugao,India,IND,0,1,0,0,0,1,1,0,90489,0,0,0,90489,90489,0,0,0,0,0,0,0,3208742
2021-09-19,2021,9,19,port709,Mormugao,India,IND,1,0,0,0,0,1,1,1420,0,0,0,0,1420,1420,3402,0,0,0,0,3402,3402,3208743
2021-09-20,2021,9,20,port709,Mormugao,India,IND,0,1,0,0,0,1,1,0,0,0,0,0,0,0,0,27486,0,0,0,27486,27486,3208744
2021-09-21,2021,9,21,port709,Mormugao,India,IND,0,0,0,0,0,0,0,0,0,0,0,0,0,0,0,0,0,0,0,0,0,3208745
2021-09-22,2021,9,22,port709,Mormugao,India,IND,0,0,0,0,0,0,0,0,0,0,0,0,0,0,0,0,0,0,0,0,0,3208746
2021-09-23,2021,9,23,port709,Mormugao,India,IND,0,0,0,0,0,0,0,0,0,0,0,0,0,0,0,0,0,0,0,0,0,3208747
2021-09-24,2021,9,24,port709,Mormugao,India,IND,0,1,0,0,0,1,1,0,78784,0,0,0,78784,78784,0,0,0,0,0,0,0,3208748
2021-09-25,2021,9,25,port709,Mormugao,India,IND,0,1,0,0,1,1,2,0,41129,0,0,0,41129,41129,0,8214,0,0,0,8214,8214,3208749
2021-09-26,2021,9,26,port709,Mormugao,India,IND,0,1,0,0,0,1,1,0,40517,0,0,0,40517,40517,0,0,0,0,0,0,0,3208750
2021-09-27,2021,9,27,port709,Mormugao,India,IND,0,1,0,0,0,1,1,0,0,0,0,0,0,0,0,11437,0,0,0,11437,11437,3208751
2021-09-28,2021,9,28,port709,Mormugao,India,IND,0,1,0,0,0,1,1,0,75845,0,0,0,75845,75845,0,0,0,0,0,0,0,3208752
2021-09-29,2021,9,29,port709,Mormugao,India,IND,0,0,0,0,0,0,0,0,0,0,0,0,0,0,0,0,0,0,0,0,0,3208753
2021-09-30,2021,9,30,port709,Mormugao,India,IND,0,1,0,0,0,1,1,0,74462,0,0,0,74462,74462,0,0,0,0,0,0,0,3208754
2021-10-01,2021,10,1,port709,Mormugao,India,IND,0,0,0,0,0,0,0,0,0,0,0,0,0,0,0,0,0,0,0,0,0,3208755
2021-10-02,2021,10,2,port709,Mormugao,India,IND,0,1,0,0,0,1,1,0,77263,0,0,0,77263,77263,0,0,0,0,0,0,0,3208756
2021-10-03,2021,10,3,port709,Mormugao,India,IND,1,0,0,0,1,1,2,1420,0,0,0,0,1420,1420,3402,0,0,0,0,3402,3402,3208757
2021-10-04,2021,10,4,port709,Mormugao,India,IND,0,1,0,0,0,1,1,0,41129,0,0,0,41129,41129,0,8214,0,0,0,8214,8214,3208758
2021-10-05,2021,10,5,port709,Mormugao,India,IND,0,2,0,0,0,2,2,0,116394,0,0,0,116394,116394,0,8214,0,0,0,8214,8214,3208759
2021-10-06,2021,10,6,port709,Mormugao,India,IND,0,0,0,0,0,0,0,0,0,0,0,0,0,0,0,0,0,0,0,0,0,3208760
2021-10-07,2021,10,7,port709,Mormugao,India,IND,0,2,0,0,0,2,2,0,0,0,0,0,0,0,0,68553,0,0,0,68553,68553,3208761
2021-10-08,2021,10,8,port709,Mormugao,India,IND,0,1,0,0,0,1,1,0,187172,0,0,0,187172,187172,0,0,0,0,0,0,0,3208762
2021-10-09,2021,10,9,port709,Mormugao,India,IND,0,0,0,0,0,0,0,0,0,0,0,0,0,0,0,0,0,0,0,0,0,3208763
2021-10-10,2021,10,10,port709,Mormugao,India,IND,0,0,0,0,0,0,0,0,0,0,0,0,0,0,0,0,0,0,0,0,0,3208764
2021-10-11,2021,10,11,port709,Mormugao,India,IND,0,1,0,0,0,1,1,0,41129,0,0,0,41129,41129,0,8214,0,0,0,8214,8214,3208765
2021-10-12,2021,10,12,port709,Mormugao,India,IND,0,1,0,0,0,1,1,0,1182,0,0,0,1182,1182,0,0,0,0,0,0,0,3208766
2021-10-13,2021,10,13,port709,Mormugao,India,IND,0,0,0,0,0,0,0,0,0,0,0,0,0,0,0,0,0,0,0,0,0,3208767
2021-10-14,2021,10,14,port709,Mormugao,India,IND,0,1,0,0,1,1,2,0,1645,0,0,12306,1645,13951,0,0,0,0,1325,0,1325,3208768
2021-10-15,2021,10,15,port709,Mormugao,India,IND,0,1,0,0,0,1,1,0,163990,0,0,0,163990,163990,0,0,0,0,0,0,0,3208769
2021-10-16,2021,10,16,port709,Mormugao,India,IND,0,0,0,0,0,0,0,0,0,0,0,0,0,0,0,0,0,0,0,0,0,3208770
2021-10-17,2021,10,17,port709,Mormugao,India,IND,1,0,0,0,0,1,1,0,0,0,0,0,0,0,1395,0,0,0,0,1395,1395,3208771
2021-10-18,2021,10,18,port709,Mormugao,India,IND,0,0,0,0,0,0,0,0,0,0,0,0,0,0,0,0,0,0,0,0,0,3208772
2021-10-19,2021,10,19,port709,Mormugao,India,IND,0,1,0,0,0,1,1,0,87810,0,0,0,87810,87810,0,0,0,0,0,0,0,3208773
2021-10-20,2021,10,20,port709,Mormugao,India,IND,0,0,0,0,0,0,0,0,0,0,0,0,0,0,0,0,0,0,0,0,0,3208774
2021-10-21,2021,10,21,port709,Mormugao,India,IND,0,1,0,0,0,1,1,0,88806,0,0,0,88806,88806,0,0,0,0,0,0,0,3208775
2021-10-22,2021,10,22,port709,Mormugao,India,IND,0,1,0,0,0,1,1,0,72138,0,0,0,72138,72138,0,0,0,0,0,0,0,3208776
2021-10-23,2021,10,23,port709,Mormugao,India,IND,0,0,0,0,0,0,0,0,0,0,0,0,0,0,0,0,0,0,0,0,0,3208777
2021-10-24,2021,10,24,port709,Mormugao,India,IND,0,0,0,0,0,0,0,0,0,0,0,0,0,0,0,0,0,0,0,0,0,3208778
2021-10-25,2021,10,25,port709,Mormugao,India,IND,0,0,0,0,0,0,0,0,0,0,0,0,0,0,0,0,0,0,0,0,0,3208779
2021-10-26,2021,10,26,port709,Mormugao,India,IND,0,0,0,0,0,0,0,0,0,0,0,0,0,0,0,0,0,0,0,0,0,3208780
2021-10-27,2021,10,27,port709,Mormugao,India,IND,0,1,0,0,0,1,1,0,2769,0,0,0,2769,2769,0,0,0,0,0,0,0,3208781
2021-10-28,2021,10,28,port709,Mormugao,India,IND,0,0,0,0,0,0,0,0,0,0,0,0,0,0,0,0,0,0,0,0,0,3208782
2021-10-29,2021,10,29,port709,Mormugao,India,IND,0,1,0,0,0,1,1,0,0,0,0,0,0,0,0,15604,0,0,0,15604,15604,3208783
2021-10-30,2021,10,30,port709,Mormugao,India,IND,0,0,0,0,0,0,0,0,0,0,0,0,0,0,0,0,0,0,0,0,0,3208784
2021-10-31,2021,10,31,port709,Mormugao,India,IND,0,0,0,0,0,0,0,0,0,0,0,0,0,0,0,0,0,0,0,0,0,3208785
2021-11-01,2021,11,1,port709,Mormugao,India,IND,0,0,0,0,0,0,0,0,0,0,0,0,0,0,0,0,0,0,0,0,0,3208786
2021-11-02,2021,11,2,port709,Mormugao,India,IND,0,0,0,0,0,0,0,0,0,0,0,0,0,0,0,0,0,0,0,0,0,3208787
2021-11-03,2021,11,3,port709,Mormugao,India,IND,0,1,0,0,0,1,1,0,50645,0,0,0,50645,50645,0,0,0,0,0,0,0,3208788
2021-11-04,2021,11,4,port709,Mormugao,India,IND,1,0,0,0,0,1,1,0,0,0,0,0,0,0,1736,0,0,0,0,1736,1736,3208789
2021-11-05,2021,11,5,port709,Mormugao,India,IND,0,0,0,0,1,0,1,0,0,0,0,0,0,0,0,0,0,0,0,0,0,3208790
2021-11-06,2021,11,6,port709,Mormugao,India,IND,0,0,1,0,0,1,1,0,0,0,0,0,0,0,0,0,2867,0,0,2867,2867,3208791
2021-11-07,2021,11,7,port709,Mormugao,India,IND,0,1,0,0,0,1,1,0,72507,0,0,0,72507,72507,0,0,0,0,0,0,0,3208792
2021-11-08,2021,11,8,port709,Mormugao,India,IND,0,1,0,0,0,1,1,0,77084,0,0,0,77084,77084,0,0,0,0,0,0,0,3208793
2021-11-09,2021,11,9,port709,Mormugao,India,IND,0,0,0,0,0,0,0,0,0,0,0,0,0,0,0,0,0,0,0,0,0,3208794
2021-11-10,2021,11,10,port709,Mormugao,India,IND,0,0,0,0,1,0,1,0,0,0,0,7282,0,7282,0,0,0,0,0,0,0,3208795
2021-11-11,2021,11,11,port709,Mormugao,India,IND,0,3,0,0,0,3,3,0,101661,0,0,0,101661,101661,0,28406,0,0,0,28406,28406,3208796
2021-11-12,2021,11,12,port709,Mormugao,India,IND,0,0,0,0,1,0,1,0,0,0,0,4927,0,4927,0,0,0,0,0,0,0,3208797
2021-11-13,2021,11,13,port709,Mormugao,India,IND,0,1,0,0,1,1,2,0,161529,0,0,0,161529,161529,0,0,0,0,0,0,0,3208798
2021-11-14,2021,11,14,port709,Mormugao,India,IND,0,0,0,0,0,0,0,0,0,0,0,0,0,0,0,0,0,0,0,0,0,3208799
2021-11-15,2021,11,15,port709,Mormugao,India,IND,0,0,0,0,0,0,0,0,0,0,0,0,0,0,0,0,0,0,0,0,0,3208800
2021-11-16,2021,11,16,port709,Mormugao,India,IND,0,1,0,0,0,1,1,0,41129,0,0,0,41129,41129,0,8214,0,0,0,8214,8214,3208801
2021-11-17,2021,11,17,port709,Mormugao,India,IND,0,0,0,0,0,0,0,0,0,0,0,0,0,0,0,0,0,0,0,0,0,3208802
2021-11-18,2021,11,18,port709,Mormugao,India,IND,0,0,0,0,0,0,0,0,0,0,0,0,0,0,0,0,0,0,0,0,0,3208803
2021-11-19,2021,11,19,port709,Mormugao,India,IND,0,1,0,0,0,1,1,0,0,0,0,0,0,0,0,38008,0,0,0,38008,38008,3208804
2021-11-20,2021,11,20,port709,Mormugao,India,IND,1,1,0,0,0,2,2,1420,5622,0,0,0,7042,7042,3402,0,0,0,0,3402,3402,3208805
2021-11-21,2021,11,21,port709,Mormugao,India,IND,0,0,1,0,0,1,1,0,0,1367,0,0,1367,1367,0,0,4198,0,0,4198,4198,3208806
2021-11-22,2021,11,22,port709,Mormugao,India,IND,0,1,1,0,0,2,2,0,60145,0,0,0,60145,60145,0,0,2499,0,0,2499,2499,3208807
2021-11-23,2021,11,23,port709,Mormugao,India,IND,0,1,1,0,0,2,2,0,75591,0,0,0,75591,75591,0,0,3257,0,0,3257,3257,3208808
2021-11-24,2021,11,24,port709,Mormugao,India,IND,0,0,0,0,0,0,0,0,0,0,0,0,0,0,0,0,0,0,0,0,0,3208809
2021-11-25,2021,11,25,port709,Mormugao,India,IND,0,0,0,0,0,0,0,0,0,0,0,0,0,0,0,0,0,0,0,0,0,3208810
2021-11-26,2021,11,26,port709,Mormugao,India,IND,0,1,0,0,1,1,2,0,0,0,0,37469,0,37469,0,40703,0,0,0,40703,40703,3208811
2021-11-27,2021,11,27,port709,Mormugao,India,IND,0,1,0,0,0,1,1,0,110836,0,0,0,110836,110836,0,0,0,0,0,0,0,3208812
2021-11-28,2021,11,28,port709,Mormugao,India,IND,0,1,0,0,0,1,1,0,31272,0,0,0,31272,31272,0,0,0,0,0,0,0,3208813
2021-11-29,2021,11,29,port709,Mormugao,India,IND,0,1,0,0,0,1,1,0,0,0,0,0,0,0,0,3809,0,0,0,3809,3809,3208814
2021-11-30,2021,11,30,port709,Mormugao,India,IND,0,0,0,0,0,0,0,0,0,0,0,0,0,0,0,0,0,0,0,0,0,3208815
2021-12-01,2021,12,1,port709,Mormugao,India,IND,0,0,0,0,0,0,0,0,0,0,0,0,0,0,0,0,0,0,0,0,0,3208816
2021-12-02,2021,12,2,port709,Mormugao,India,IND,0,1,0,0,0,1,1,0,78682,0,0,0,78682,78682,0,0,0,0,0,0,0,3208817
2021-12-03,2021,12,3,port709,Mormugao,India,IND,0,1,1,0,1,2,3,0,32936,0,0,32880,32936,65817,0,0,0,0,0,0,0,3208818
2021-12-04,2021,12,4,port709,Mormugao,India,IND,0,0,1,0,0,1,1,0,0,0,0,0,0,0,0,0,3257,0,0,3257,3257,3208819
2021-12-05,2021,12,5,port709,Mormugao,India,IND,0,0,0,0,0,0,0,0,0,0,0,0,0,0,0,0,0,0,0,0,0,3208820
2021-12-06,2021,12,6,port709,Mormugao,India,IND,0,0,0,0,0,0,0,0,0,0,0,0,0,0,0,0,0,0,0,0,0,3208821
2021-12-07,2021,12,7,port709,Mormugao,India,IND,0,1,1,0,1,2,3,0,0,0,0,0,0,0,0,36505,0,0,0,36505,36505,3208822
2021-12-08,2021,12,8,port709,Mormugao,India,IND,0,0,1,0,0,1,1,0,0,0,0,0,0,0,0,0,0,0,0,0,0,3208823
2021-12-09,2021,12,9,port709,Mormugao,India,IND,0,0,0,0,0,0,0,0,0,0,0,0,0,0,0,0,0,0,0,0,0,3208824
2021-12-10,2021,12,10,port709,Mormugao,India,IND,0,0,1,0,0,1,1,0,0,0,0,0,0,0,0,0,0,0,0,0,0,3208825
2021-12-11,2021,12,11,port709,Mormugao,India,IND,0,1,0,0,0,1,1,0,20824,0,0,0,20824,20824,0,0,0,0,0,0,0,3208826
2021-12-12,2021,12,12,port709,Mormugao,India,IND,0,0,0,0,0,0,0,0,0,0,0,0,0,0,0,0,0,0,0,0,0,3208827
2021-12-13,2021,12,13,port709,Mormugao,India,IND,0,0,0,0,0,0,0,0,0,0,0,0,0,0,0,0,0,0,0,0,0,3208828
2021-12-14,2021,12,14,port709,Mormugao,India,IND,0,2,0,0,0,2,2,0,0,0,0,0,0,0,0,25782,0,0,0,25782,25782,3208829
2021-12-15,2021,12,15,port709,Mormugao,India,IND,0,2,1,0,0,3,3,0,164184,0,0,0,164184,164184,0,0,0,0,0,0,0,3208830
2021-12-16,2021,12,16,port709,Mormugao,India,IND,0,0,0,0,0,0,0,0,0,0,0,0,0,0,0,0,0,0,0,0,0,3208831
2021-12-17,2021,12,17,port709,Mormugao,India,IND,0,1,0,0,0,1,1,0,0,0,0,0,0,0,0,7322,0,0,0,7322,7322,3208832
2021-12-18,2021,12,18,port709,Mormugao,India,IND,0,1,0,0,0,1,1,0,33292,0,0,0,33292,33292,0,0,0,0,0,0,0,3208833
2021-12-19,2021,12,19,port709,Mormugao,India,IND,1,0,0,0,1,1,2,0,0,0,0,33249,0,33249,348,0,0,0,0,348,348,3208834
2021-12-20,2021,12,20,port709,Mormugao,India,IND,0,2,0,0,0,2,2,0,66181,0,0,0,66181,66181,0,0,0,0,0,0,0,3208835
2021-12-21,2021,12,21,port709,Mormugao,India,IND,0,1,0,0,0,1,1,0,26456,0,0,0,26456,26456,0,0,0,0,0,0,0,3208836
2021-12-22,2021,12,22,port709,Mormugao,India,IND,0,2,0,0,0,2,2,0,88502,0,0,0,88502,88502,0,11831,0,0,0,11831,11831,3208837
2021-12-23,2021,12,23,port709,Mormugao,India,IND,0,0,0,0,1,0,1,0,0,0,0,2090,0,2090,0,0,0,0,0,0,0,3208838
2021-12-24,2021,12,24,port709,Mormugao,India,IND,0,2,0,0,0,2,2,0,6486,0,0,0,6486,6486,0,5877,0,0,0,5877,5877,3208839
2021-12-25,2021,12,25,port709,Mormugao,India,IND,0,1,0,0,1,1,2,0,73341,0,0,0,73341,73341,0,0,0,0,0,0,0,3208840
2021-12-26,2021,12,26,port709,Mormugao,India,IND,0,0,0,0,0,0,0,0,0,0,0,0,0,0,0,0,0,0,0,0,0,3208841
2021-12-27,2021,12,27,port709,Mormugao,India,IND,0,2,1,0,0,3,3,0,0,0,0,0,0,0,0,0,0,0,0,0,0,3208842
2021-12-28,2021,12,28,port709,Mormugao,India,IND,0,0,0,0,0,0,0,0,0,0,0,0,0,0,0,0,0,0,0,0,0,3208843
2021-12-29,2021,12,29,port709,Mormugao,India,IND,0,1,0,0,0,1,1,0,0,0,0,0,0,0,0,2418,0,0,0,2418,2418,3208844
2021-12-30,2021,12,30,port709,Mormugao,India,IND,0,0,1,0,0,1,1,0,0,0,0,0,0,0,0,0,0,0,0,0,0,3208845
2021-12-31,2021,12,31,port709,Mormugao,India,IND,0,2,0,0,1,2,3,0,76279,0,0,5861,76279,82140,0,1392,0,0,0,1392,1392,3208846
2022-01-01,2022,1,1,port709,Mormugao,India,IND,1,1,0,0,1,2,3,0,41129,0,0,0,41129,41129,344,8214,0,0,0,8559,8559,3208847
2022-01-02,2022,1,2,port709,Mormugao,India,IND,0,0,0,0,0,0,0,0,0,0,0,0,0,0,0,0,0,0,0,0,0,3208848
2022-01-03,2022,1,3,port709,Mormugao,India,IND,0,2,0,0,0,2,2,0,41129,0,0,0,41129,41129,0,20085,0,0,0,20085,20085,3208849
2022-01-04,2022,1,4,port709,Mormugao,India,IND,0,2,1,0,0,3,3,0,14305,0,0,0,14305,14305,0,0,0,0,0,0,0,3208850
2022-01-05,2022,1,5,port709,Mormugao,India,IND,0,1,0,0,0,1,1,0,41129,0,0,0,41129,41129,0,8214,0,0,0,8214,8214,3208851
2022-01-06,2022,1,6,port709,Mormugao,India,IND,0,1,1,0,0,2,2,0,3308,0,0,0,3308,3308,0,0,0,0,0,0,0,3208852
2022-01-07,2022,1,7,port709,Mormugao,India,IND,0,0,0,0,0,0,0,0,0,0,0,0,0,0,0,0,0,0,0,0,0,3208853
2022-01-08,2022,1,8,port709,Mormugao,India,IND,0,1,1,0,0,2,2,0,164110,1367,0,0,165477,165477,0,0,4198,0,0,4198,4198,3208854
2022-01-09,2022,1,9,port709,Mormugao,India,IND,0,0,0,0,0,0,0,0,0,0,0,0,0,0,0,0,0,0,0,0,0,3208855
2022-01-10,2022,1,10,port709,Mormugao,India,IND,0,2,1,0,0,3,3,0,0,0,0,0,0,0,0,45859,0,0,0,45859,45859,3208856
2022-01-11,2022,1,11,port709,Mormugao,India,IND,0,0,1,0,0,1,1,0,0,0,0,0,0,0,0,0,0,0,0,0,0,3208857
2022-01-12,2022,1,12,port709,Mormugao,India,IND,0,0,0,0,0,0,0,0,0,0,0,0,0,0,0,0,0,0,0,0,0,3208858
2022-01-13,2022,1,13,port709,Mormugao,India,IND,0,0,1,0,1,1,2,0,0,3008,0,0,3008,3008,0,0,0,0,0,0,0,3208859
2022-01-14,2022,1,14,port709,Mormugao,India,IND,0,0,1,0,0,1,1,0,0,0,0,0,0,0,0,0,3064,0,0,3064,3064,3208860
2022-01-15,2022,1,15,port709,Mormugao,India,IND,0,1,0,0,1,1,2,0,22869,0,0,8317,22869,31186,0,0,0,0,0,0,0,3208861
2022-01-16,2022,1,16,port709,Mormugao,India,IND,0,0,0,0,0,0,0,0,0,0,0,0,0,0,0,0,0,0,0,0,0,3208862
2022-01-17,2022,1,17,port709,Mormugao,India,IND,0,1,0,0,1,1,2,0,82364,0,0,12306,82364,94670,0,0,0,0,1325,0,1325,3208863
2022-01-18,2022,1,18,port709,Mormugao,India,IND,0,1,0,0,0,1,1,0,0,0,0,0,0,0,0,0,0,0,0,0,0,3208864
2022-01-19,2022,1,19,port709,Mormugao,India,IND,0,0,0,0,0,0,0,0,0,0,0,0,0,0,0,0,0,0,0,0,0,3208865
2022-01-20,2022,1,20,port709,Mormugao,India,IND,0,2,0,0,1,2,3,0,77038,0,0,18895,77038,95934,0,39102,0,0,0,39102,39102,3208866
2022-01-21,2022,1,21,port709,Mormugao,India,IND,0,0,0,0,0,0,0,0,0,0,0,0,0,0,0,0,0,0,0,0,0,3208867
2022-01-22,2022,1,22,port709,Mormugao,India,IND,0,1,0,0,0,1,1,0,41129,0,0,0,41129,41129,0,8214,0,0,0,8214,8214,3208868
2022-01-23,2022,1,23,port709,Mormugao,India,IND,0,1,0,0,0,1,1,0,126530,0,0,0,126530,126530,0,0,0,0,0,0,0,3208869
2022-01-24,2022,1,24,port709,Mormugao,India,IND,0,1,0,0,2,1,3,0,0,0,0,21247,0,21247,0,30101,0,0,544,30101,30645,3208870
2022-01-25,2022,1,25,port709,Mormugao,India,IND,0,1,1,0,0,2,2,0,41129,1367,0,0,42496,42496,0,8214,4198,0,0,12413,12413,3208871
2022-01-26,2022,1,26,port709,Mormugao,India,IND,0,0,0,0,0,0,0,0,0,0,0,0,0,0,0,0,0,0,0,0,0,3208872
2022-01-27,2022,1,27,port709,Mormugao,India,IND,0,3,0,0,1,3,4,0,41129,0,0,1524,41129,42653,0,66928,0,0,0,66928,66928,3208873
2022-01-28,2022,1,28,port709,Mormugao,India,IND,1,0,0,0,0,1,1,696,0,0,0,0,696,696,0,0,0,0,0,0,0,3208874
2022-01-29,2022,1,29,port709,Mormugao,India,IND,0,0,0,0,0,0,0,0,0,0,0,0,0,0,0,0,0,0,0,0,0,3208875
2022-01-30,2022,1,30,port709,Mormugao,India,IND,0,0,0,0,1,0,1,0,0,0,0,9757,0,9757,0,0,0,0,544,0,544,3208876
2022-01-31,2022,1,31,port709,Mormugao,India,IND,0,1,1,0,2,2,4,0,0,20801,0,9757,20801,30559,0,12645,0,0,544,12645,13189,3208877
2022-02-01,2022,2,1,port709,Mormugao,India,IND,0,1,0,0,0,1,1,0,0,0,0,0,0,0,0,13685,0,0,0,13685,13685,3208878
2022-02-02,2022,2,2,port709,Mormugao,India,IND,0,1,0,0,0,1,1,0,10599,0,0,0,10599,10599,0,0,0,0,0,0,0,3208879
2022-02-03,2022,2,3,port709,Mormugao,India,IND,0,0,0,0,1,0,1,0,0,0,0,0,0,0,0,0,0,0,0,0,0,3208880
2022-02-04,2022,2,4,port709,Mormugao,India,IND,0,2,1,0,0,3,3,0,90573,0,0,0,90573,90573,0,0,0,0,0,0,0,3208881
2022-02-05,2022,2,5,port709,Mormugao,India,IND,0,1,1,0,0,2,2,0,0,0,0,0,0,0,0,6651,3257,0,0,9909,9909,3208882
2022-02-06,2022,2,6,port709,Mormugao,India,IND,0,0,0,0,1,0,1,0,0,0,0,0,0,0,0,0,0,0,0,0,0,3208883
2022-02-07,2022,2,7,port709,Mormugao,India,IND,0,0,0,0,0,0,0,0,0,0,0,0,0,0,0,0,0,0,0,0,0,3208884
2022-02-08,2022,2,8,port709,Mormugao,India,IND,0,0,1,0,0,1,1,0,0,0,0,0,0,0,0,0,3064,0,0,3064,3064,3208885
2022-02-09,2022,2,9,port709,Mormugao,India,IND,0,0,0,0,0,0,0,0,0,0,0,0,0,0,0,0,0,0,0,0,0,3208886
2022-02-10,2022,2,10,port709,Mormugao,India,IND,0,0,0,0,0,0,0,0,0,0,0,0,0,0,0,0,0,0,0,0,0,3208887
2022-02-11,2022,2,11,port709,Mormugao,India,IND,1,0,0,1,1,2,3,348,0,0,0,0,348,348,0,0,0,8204,0,8204,8204,3208888
2022-02-12,2022,2,12,port709,Mormugao,India,IND,0,3,1,0,0,4,4,0,128900,3789,0,0,132689,132689,0,27916,0,0,0,27916,27916,3208889
2022-02-13,2022,2,13,port709,Mormugao,India,IND,0,1,0,0,0,1,1,0,79261,0,0,0,79261,79261,0,0,0,0,0,0,0,3208890
2022-02-14,2022,2,14,port709,Mormugao,India,IND,0,1,0,0,0,1,1,0,27272,0,0,0,27272,27272,0,0,0,0,0,0,0,3208891
2022-02-15,2022,2,15,port709,Mormugao,India,IND,0,0,1,1,1,2,3,0,0,1367,0,0,1367,1367,0,0,4198,17380,0,21578,21578,3208892
2022-02-16,2022,2,16,port709,Mormugao,India,IND,0,0,0,0,1,0,1,0,0,0,0,0,0,0,0,0,0,0,0,0,0,3208893
2022-02-17,2022,2,17,port709,Mormugao,India,IND,0,0,1,0,0,1,1,0,0,0,0,0,0,0,0,0,0,0,0,0,0,3208894
2022-02-18,2022,2,18,port709,Mormugao,India,IND,0,0,0,0,0,0,0,0,0,0,0,0,0,0,0,0,0,0,0,0,0,3208895
2022-02-19,2022,2,19,port709,Mormugao,India,IND,0,0,0,0,0,0,0,0,0,0,0,0,0,0,0,0,0,0,0,0,0,3208896
2022-02-20,2022,2,20,port709,Mormugao,India,IND,0,1,0,0,1,1,2,0,41129,0,0,2081,41129,43210,0,8214,0,0,0,8214,8214,3208897
2022-02-21,2022,2,21,port709,Mormugao,India,IND,0,3,0,0,0,3,3,0,134352,0,0,0,134352,134352,0,42875,0,0,0,42875,42875,3208898
2022-02-22,2022,2,22,port709,Mormugao,India,IND,0,0,0,0,0,0,0,0,0,0,0,0,0,0,0,0,0,0,0,0,0,3208899
2022-02-23,2022,2,23,port709,Mormugao,India,IND,0,1,0,0,0,1,1,0,0,0,0,0,0,0,0,0,0,0,0,0,0,3208900
2022-02-24,2022,2,24,port709,Mormugao,India,IND,0,1,0,0,1,1,2,0,35988,0,0,2104,35988,38093,0,0,0,0,0,0,0,3208901
2022-02-25,2022,2,25,port709,Mormugao,India,IND,0,1,0,0,0,1,1,0,0,0,0,0,0,0,0,6933,0,0,0,6933,6933,3208902
2022-02-26,2022,2,26,port709,Mormugao,India,IND,0,1,0,0,0,1,1,0,0,0,0,0,0,0,0,0,0,0,0,0,0,3208903
2022-02-27,2022,2,27,port709,Mormugao,India,IND,0,1,1,0,0,2,2,0,79264,0,0,0,79264,79264,0,0,3257,0,0,3257,3257,3208904
2022-02-28,2022,2,28,port709,Mormugao,India,IND,0,2,0,0,0,2,2,0,0,0,0,0,0,0,0,39581,0,0,0,39581,39581,3208905
2022-03-01,2022,3,1,port709,Mormugao,India,IND,0,0,0,0,0,0,0,0,0,0,0,0,0,0,0,0,0,0,0,0,0,3208906
2022-03-02,2022,3,2,port709,Mormugao,India,IND,0,1,0,0,1,1,2,0,0,0,0,0,0,0,0,17702,0,0,0,17702,17702,3208907
2022-03-03,2022,3,3,port709,Mormugao,India,IND,0,0,0,0,1,0,1,0,0,0,0,32880,0,32880,0,0,0,0,0,0,0,3208908
2022-03-04,2022,3,4,port709,Mormugao,India,IND,0,0,0,0,0,0,0,0,0,0,0,0,0,0,0,0,0,0,0,0,0,3208909
2022-03-05,2022,3,5,port709,Mormugao,India,IND,0,1,0,0,0,1,1,0,0,0,0,0,0,0,0,3986,0,0,0,3986,3986,3208910
2022-03-06,2022,3,6,port709,Mormugao,India,IND,0,1,0,0,0,1,1,0,1177,0,0,0,1177,1177,0,0,0,0,0,0,0,3208911
2022-03-07,2022,3,7,port709,Mormugao,India,IND,0,2,1,0,0,3,3,0,150784,0,0,0,150784,150784,0,0,10892,0,0,10892,10892,3208912
2022-03-08,2022,3,8,port709,Mormugao,India,IND,0,0,0,0,0,0,0,0,0,0,0,0,0,0,0,0,0,0,0,0,0,3208913
2022-03-09,2022,3,9,port709,Mormugao,India,IND,1,2,0,0,0,3,3,0,28660,0,0,0,28660,28660,693,43706,0,0,0,44400,44400,3208914
2022-03-10,2022,3,10,port709,Mormugao,India,IND,0,0,0,0,0,0,0,0,0,0,0,0,0,0,0,0,0,0,0,0,0,3208915
2022-03-11,2022,3,11,port709,Mormugao,India,IND,0,0,0,0,0,0,0,0,0,0,0,0,0,0,0,0,0,0,0,0,0,3208916
2022-03-12,2022,3,12,port709,Mormugao,India,IND,0,1,0,0,1,1,2,0,0,0,0,4165,0,4165,0,0,0,0,0,0,0,3208917
2022-03-13,2022,3,13,port709,Mormugao,India,IND,0,0,1,0,0,1,1,0,0,0,0,0,0,0,0,0,0,0,0,0,0,3208918
2022-03-14,2022,3,14,port709,Mormugao,India,IND,0,1,1,0,0,2,2,0,129562,0,0,0,129562,129562,0,0,8232,0,0,8232,8232,3208919
2022-03-15,2022,3,15,port709,Mormugao,India,IND,0,1,0,0,0,1,1,0,0,0,0,0,0,0,0,112040,0,0,0,112040,112040,3208920
2022-03-16,2022,3,16,port709,Mormugao,India,IND,0,0,0,0,1,0,1,0,0,0,0,5153,0,5153,0,0,0,0,0,0,0,3208921
2022-03-17,2022,3,17,port709,Mormugao,India,IND,0,2,1,0,0,3,3,0,75753,199,0,0,75952,75952,0,38086,0,0,0,38086,38086,3208922
2022-03-18,2022,3,18,port709,Mormugao,India,IND,0,0,1,0,0,1,1,0,0,5297,0,0,5297,5297,0,0,0,0,0,0,0,3208923
2022-03-19,2022,3,19,port709,Mormugao,India,IND,0,3,0,0,0,3,3,0,21571,0,0,0,21571,21571,0,25292,0,0,0,25292,25292,3208924
2022-03-20,2022,3,20,port709,Mormugao,India,IND,0,0,0,0,1,0,1,0,0,0,0,0,0,0,0,0,0,0,0,0,0,3208925
2022-03-21,2022,3,21,port709,Mormugao,India,IND,0,1,0,0,1,1,2,0,41129,0,0,0,41129,41129,0,8214,0,0,0,8214,8214,3208926
2022-03-22,2022,3,22,port709,Mormugao,India,IND,0,0,0,0,0,0,0,0,0,0,0,0,0,0,0,0,0,0,0,0,0,3208927
2022-03-23,2022,3,23,port709,Mormugao,India,IND,0,1,0,0,0,1,1,0,0,0,0,0,0,0,0,37812,0,0,0,37812,37812,3208928
2022-03-24,2022,3,24,port709,Mormugao,India,IND,0,3,1,0,0,4,4,0,81785,0,0,0,81785,81785,0,28730,0,0,0,28730,28730,3208929
2022-03-25,2022,3,25,port709,Mormugao,India,IND,0,0,0,0,0,0,0,0,0,0,0,0,0,0,0,0,0,0,0,0,0,3208930
2022-03-26,2022,3,26,port709,Mormugao,India,IND,0,0,0,0,0,0,0,0,0,0,0,0,0,0,0,0,0,0,0,0,0,3208931
2022-03-27,2022,3,27,port709,Mormugao,India,IND,0,1,0,0,0,1,1,0,0,0,0,0,0,0,0,0,0,0,0,0,0,3208932
2022-03-28,2022,3,28,port709,Mormugao,India,IND,0,0,1,0,0,1,1,0,0,0,0,0,0,0,0,0,11041,0,0,11041,11041,3208933
2022-03-29,2022,3,29,port709,Mormugao,India,IND,0,1,0,0,0,1,1,0,0,0,0,0,0,0,0,15368,0,0,0,15368,15368,3208934
2022-03-30,2022,3,30,port709,Mormugao,India,IND,0,1,0,0,0,1,1,0,72500,0,0,0,72500,72500,0,0,0,0,0,0,0,3208935
2022-03-31,2022,3,31,port709,Mormugao,India,IND,0,0,0,0,0,0,0,0,0,0,0,0,0,0,0,0,0,0,0,0,0,3208936
2022-04-01,2022,4,1,port709,Mormugao,India,IND,0,0,0,0,1,0,1,0,0,0,0,0,0,0,0,0,0,0,0,0,0,3208937
2022-04-02,2022,4,2,port709,Mormugao,India,IND,0,1,1,0,0,2,2,0,41129,1367,0,0,42496,42496,0,8214,4198,0,0,12413,12413,3208938
2022-04-03,2022,4,3,port709,Mormugao,India,IND,0,0,0,0,0,0,0,0,0,0,0,0,0,0,0,0,0,0,0,0,0,3208939
2022-04-04,2022,4,4,port709,Mormugao,India,IND,0,0,0,0,0,0,0,0,0,0,0,0,0,0,0,0,0,0,0,0,0,3208940
2022-04-05,2022,4,5,port709,Mormugao,India,IND,0,1,0,0,0,1,1,0,0,0,0,0,0,0,0,52152,0,0,0,52152,52152,3208941
2022-04-06,2022,4,6,port709,Mormugao,India,IND,0,0,0,0,0,0,0,0,0,0,0,0,0,0,0,0,0,0,0,0,0,3208942
2022-04-07,2022,4,7,port709,Mormugao,India,IND,0,1,0,0,0,1,1,0,92161,0,0,0,92161,92161,0,0,0,0,0,0,0,3208943
2022-04-08,2022,4,8,port709,Mormugao,India,IND,0,1,0,0,0,1,1,0,78045,0,0,0,78045,78045,0,0,0,0,0,0,0,3208944
2022-04-09,2022,4,9,port709,Mormugao,India,IND,0,0,0,0,0,0,0,0,0,0,0,0,0,0,0,0,0,0,0,0,0,3208945
2022-04-10,2022,4,10,port709,Mormugao,India,IND,0,0,0,0,0,0,0,0,0,0,0,0,0,0,0,0,0,0,0,0,0,3208946
2022-04-11,2022,4,11,port709,Mormugao,India,IND,0,0,0,0,0,0,0,0,0,0,0,0,0,0,0,0,0,0,0,0,0,3208947
2022-04-12,2022,4,12,port709,Mormugao,India,IND,0,0,0,0,0,0,0,0,0,0,0,0,0,0,0,0,0,0,0,0,0,3208948
2022-04-13,2022,4,13,port709,Mormugao,India,IND,0,1,0,0,0,1,1,0,32568,0,0,0,32568,32568,0,0,0,0,0,0,0,3208949
2022-04-14,2022,4,14,port709,Mormugao,India,IND,0,0,0,0,0,0,0,0,0,0,0,0,0,0,0,0,0,0,0,0,0,3208950
2022-04-15,2022,4,15,port709,Mormugao,India,IND,0,1,1,0,0,2,2,0,41129,0,0,0,41129,41129,0,8214,563,0,0,8778,8778,3208951
2019-03-01,2019,3,1,port709,Mormugao,India,IND,0,3,0,0,1,3,4,0,146415,0,0,12202,146415,158618,0,37859,0,0,766,37859,38625,3208955
2019-03-02,2019,3,2,port709,Mormugao,India,IND,0,0,1,0,0,1,1,0,0,0,0,0,0,0,0,0,0,0,0,0,0,3208956
2019-03-03,2019,3,3,port709,Mormugao,India,IND,1,0,0,0,0,1,1,1420,0,0,0,0,1420,1420,3402,0,0,0,0,3402,3402,3208958
2019-03-04,2019,3,4,port709,Mormugao,India,IND,0,0,0,0,0,0,0,0,0,0,0,0,0,0,0,0,0,0,0,0,0,3208960
2019-03-05,2019,3,5,port709,Mormugao,India,IND,0,1,0,0,1,1,2,0,81596,0,0,12202,81596,93799,0,0,0,0,766,0,766,3208962
2019-03-06,2019,3,6,port709,Mormugao,India,IND,0,1,0,0,0,1,1,0,0,0,0,0,0,0,0,4628,0,0,0,4628,4628,3208964
2019-03-07,2019,3,7,port709,Mormugao,India,IND,0,1,0,0,0,1,1,0,0,0,0,0,0,0,0,23636,0,0,0,23636,23636,3208965
2019-03-08,2019,3,8,port709,Mormugao,India,IND,0,1,0,0,0,1,1,0,82787,0,0,0,82787,82787,0,0,0,0,0,0,0,3208967
2019-03-09,2019,3,9,port709,Mormugao,India,IND,0,1,0,0,0,1,1,0,41129,0,0,0,41129,41129,0,8214,0,0,0,8214,8214,3208969
2019-03-10,2019,3,10,port709,Mormugao,India,IND,0,0,0,0,0,0,0,0,0,0,0,0,0,0,0,0,0,0,0,0,0,3208971
2019-03-11,2019,3,11,port709,Mormugao,India,IND,0,0,0,0,0,0,0,0,0,0,0,0,0,0,0,0,0,0,0,0,0,3208973
2019-03-12,2019,3,12,port709,Mormugao,India,IND,0,2,0,0,0,2,2,0,47383,0,0,0,47383,47383,0,8214,0,0,0,8214,8214,3208974
2019-03-13,2019,3,13,port709,Mormugao,India,IND,0,1,0,0,0,1,1,0,41129,0,0,0,41129,41129,0,8214,0,0,0,8214,8214,3208976
2019-03-14,2019,3,14,port709,Mormugao,India,IND,0,1,0,0,0,1,1,0,54475,0,0,0,54475,54475,0,0,0,0,0,0,0,3208978
2019-03-15,2019,3,15,port709,Mormugao,India,IND,0,1,0,0,1,1,2,0,0,0,0,0,0,0,0,0,0,0,0,0,0,3208980
2019-03-16,2019,3,16,port709,Mormugao,India,IND,0,0,0,0,0,0,0,0,0,0,0,0,0,0,0,0,0,0,0,0,0,3208982
2019-03-17,2019,3,17,port709,Mormugao,India,IND,1,0,0,0,0,1,1,1420,0,0,0,0,1420,1420,3402,0,0,0,0,3402,3402,3208984
2019-03-18,2019,3,18,port709,Mormugao,India,IND,0,0,1,0,0,1,1,0,0,0,0,0,0,0,0,0,8680,0,0,8680,8680,3208986
2019-03-19,2019,3,19,port709,Mormugao,India,IND,0,2,0,0,0,2,2,0,75908,0,0,0,75908,75908,0,0,0,0,0,0,0,3208988
2019-03-20,2019,3,20,port709,Mormugao,India,IND,0,0,0,0,0,0,0,0,0,0,0,0,0,0,0,0,0,0,0,0,0,3208990
2019-03-21,2019,3,21,port709,Mormugao,India,IND,0,1,0,0,0,1,1,0,41129,0,0,0,41129,41129,0,8214,0,0,0,8214,8214,3208992
2019-03-22,2019,3,22,port709,Mormugao,India,IND,0,1,0,0,0,1,1,0,60803,0,0,0,60803,60803,0,0,0,0,0,0,0,3208994
2019-03-23,2019,3,23,port709,Mormugao,India,IND,0,1,0,0,0,1,1,0,121614,0,0,0,121614,121614,0,0,0,0,0,0,0,3208996
2019-03-24,2019,3,24,port709,Mormugao,India,IND,0,0,0,0,0,0,0,0,0,0,0,0,0,0,0,0,0,0,0,0,0,3208998
2019-03-25,2019,3,25,port709,Mormugao,India,IND,0,0,0,0,0,0,0,0,0,0,0,0,0,0,0,0,0,0,0,0,0,3208999
2019-03-26,2019,3,26,port709,Mormugao,India,IND,0,1,0,0,0,1,1,0,0,0,0,0,0,0,0,17689,0,0,0,17689,17689,3209001
2019-03-27,2019,3,27,port709,Mormugao,India,IND,0,1,0,0,0,1,1,0,0,0,0,0,0,0,0,32176,0,0,0,32176,32176,3209003
2019-03-28,2019,3,28,port709,Mormugao,India,IND,0,1,0,0,0,1,1,0,0,0,0,0,0,0,0,0,0,0,0,0,0,3209005
2020-02-23,2020,2,23,port709,Mormugao,India,IND,0,1,0,0,0,1,1,0,2407,0,0,0,2407,2407,0,0,0,0,0,0,0,3209007
2019-03-29,2019,3,29,port709,Mormugao,India,IND,0,0,1,0,0,1,1,0,0,0,0,0,0,0,0,0,0,0,0,0,0,3209009
2020-02-24,2020,2,24,port709,Mormugao,India,IND,0,1,0,0,0,1,1,0,0,0,0,0,0,0,0,20637,0,0,0,20637,20637,3209010
2019-03-30,2019,3,30,port709,Mormugao,India,IND,0,1,0,0,0,1,1,0,41129,0,0,0,41129,41129,0,8214,0,0,0,8214,8214,3209012
2020-02-25,2020,2,25,port709,Mormugao,India,IND,0,0,0,0,0,0,0,0,0,0,0,0,0,0,0,0,0,0,0,0,0,3209013
2019-03-31,2019,3,31,port709,Mormugao,India,IND,1,1,0,0,0,2,2,1420,215,0,0,0,1635,1635,3402,0,0,0,0,3402,3402,3209015
2020-02-26,2020,2,26,port709,Mormugao,India,IND,0,2,0,0,0,2,2,0,83175,0,0,0,83175,83175,0,28628,0,0,0,28628,28628,3209016
2019-04-01,2019,4,1,port709,Mormugao,India,IND,0,0,0,0,0,0,0,0,0,0,0,0,0,0,0,0,0,0,0,0,0,3209018
2020-02-27,2020,2,27,port709,Mormugao,India,IND,0,0,0,0,0,0,0,0,0,0,0,0,0,0,0,0,0,0,0,0,0,3209019
2019-04-02,2019,4,2,port709,Mormugao,India,IND,0,2,0,0,1,2,3,0,75487,0,0,0,75487,75487,0,7143,0,0,0,7143,7143,3209021
2020-02-28,2020,2,28,port709,Mormugao,India,IND,0,1,0,0,0,1,1,0,25980,0,0,0,25980,25980,0,0,0,0,0,0,0,3209022
2019-04-03,2019,4,3,port709,Mormugao,India,IND,0,0,0,0,0,0,0,0,0,0,0,0,0,0,0,0,0,0,0,0,0,3209024
2020-02-29,2020,2,29,port709,Mormugao,India,IND,0,0,0,0,0,0,0,0,0,0,0,0,0,0,0,0,0,0,0,0,0,3209025
2019-04-04,2019,4,4,port709,Mormugao,India,IND,0,1,0,0,0,1,1,0,86311,0,0,0,86311,86311,0,0,0,0,0,0,0,3209027
2020-03-01,2020,3,1,port709,Mormugao,India,IND,0,0,0,0,0,0,0,0,0,0,0,0,0,0,0,0,0,0,0,0,0,3209028
2019-04-05,2019,4,5,port709,Mormugao,India,IND,0,0,0,0,0,0,0,0,0,0,0,0,0,0,0,0,0,0,0,0,0,3209030
2020-03-02,2020,3,2,port709,Mormugao,India,IND,1,0,0,0,0,1,1,1420,0,0,0,0,1420,1420,3402,0,0,0,0,3402,3402,3209031
2019-04-06,2019,4,6,port709,Mormugao,India,IND,0,2,0,0,0,2,2,0,175003,0,0,0,175003,175003,0,0,0,0,0,0,0,3209033
2020-03-03,2020,3,3,port709,Mormugao,India,IND,0,0,0,0,0,0,0,0,0,0,0,0,0,0,0,0,0,0,0,0,0,3209034
2019-04-07,2019,4,7,port709,Mormugao,India,IND,0,0,0,0,0,0,0,0,0,0,0,0,0,0,0,0,0,0,0,0,0,3209036
2020-03-04,2020,3,4,port709,Mormugao,India,IND,0,1,0,0,0,1,1,0,56489,0,0,0,56489,56489,0,0,0,0,0,0,0,3209037
2019-04-08,2019,4,8,port709,Mormugao,India,IND,1,0,0,0,0,1,1,1420,0,0,0,0,1420,1420,3402,0,0,0,0,3402,3402,3209039
2020-03-05,2020,3,5,port709,Mormugao,India,IND,0,0,0,0,0,0,0,0,0,0,0,0,0,0,0,0,0,0,0,0,0,3209040
2019-04-09,2019,4,9,port709,Mormugao,India,IND,0,0,1,0,0,1,1,0,0,0,0,0,0,0,0,0,8220,0,0,8220,8220,3209042
2019-04-10,2019,4,10,port709,Mormugao,India,IND,0,1,0,0,0,1,1,0,52790,0,0,0,52790,52790,0,0,0,0,0,0,0,3209044
2019-04-11,2019,4,11,port709,Mormugao,India,IND,0,0,0,0,1,0,1,0,0,0,0,35730,0,35730,0,0,0,0,0,0,0,3209046
2019-04-12,2019,4,12,port709,Mormugao,India,IND,0,0,0,0,0,0,0,0,0,0,0,0,0,0,0,0,0,0,0,0,0,3209048
2019-04-13,2019,4,13,port709,Mormugao,India,IND,0,0,0,0,1,0,1,0,0,0,0,19524,0,19524,0,0,0,0,0,0,0,3209050
2019-04-14,2019,4,14,port709,Mormugao,India,IND,1,0,0,0,0,1,1,702,0,0,0,0,702,702,0,0,0,0,0,0,0,3209052
2019-04-15,2019,4,15,port709,Mormugao,India,IND,0,0,0,0,0,0,0,0,0,0,0,0,0,0,0,0,0,0,0,0,0,3209054
2019-04-16,2019,4,16,port709,Mormugao,India,IND,1,0,0,0,1,1,2,1420,0,0,0,9757,1420,11177,3402,0,0,0,544,3402,3946,3209056
2019-04-17,2019,4,17,port709,Mormugao,India,IND,0,1,0,0,0,1,1,0,4068,0,0,0,4068,4068,0,0,0,0,0,0,0,3209058
2019-04-18,2019,4,18,port709,Mormugao,India,IND,0,0,0,0,0,0,0,0,0,0,0,0,0,0,0,0,0,0,0,0,0,3209060
2019-04-19,2019,4,19,port709,Mormugao,India,IND,0,0,0,0,0,0,0,0,0,0,0,0,0,0,0,0,0,0,0,0,0,3209062
2019-04-20,2019,4,20,port709,Mormugao,India,IND,0,1,0,0,0,1,1,0,70752,0,0,0,70752,70752,0,0,0,0,0,0,0,3209064
2019-04-21,2019,4,21,port709,Mormugao,India,IND,1,0,1,0,0,2,2,1420,0,0,0,0,1420,1420,3402,0,0,0,0,3402,3402,3209066
2019-04-22,2019,4,22,port709,Mormugao,India,IND,0,2,0,0,0,2,2,0,195514,0,0,0,195514,195514,0,0,0,0,0,0,0,3209068
2019-04-23,2019,4,23,port709,Mormugao,India,IND,0,1,0,0,0,1,1,0,2994,0,0,0,2994,2994,0,0,0,0,0,0,0,3209070
2019-04-24,2019,4,24,port709,Mormugao,India,IND,0,0,0,0,0,0,0,0,0,0,0,0,0,0,0,0,0,0,0,0,0,3209072
2019-04-25,2019,4,25,port709,Mormugao,India,IND,0,1,0,0,0,1,1,0,0,0,0,0,0,0,0,23641,0,0,0,23641,23641,3209074
2019-04-26,2019,4,26,port709,Mormugao,India,IND,0,0,0,0,0,0,0,0,0,0,0,0,0,0,0,0,0,0,0,0,0,3209076
2019-04-27,2019,4,27,port709,Mormugao,India,IND,0,0,0,0,0,0,0,0,0,0,0,0,0,0,0,0,0,0,0,0,0,3209078
2019-04-28,2019,4,28,port709,Mormugao,India,IND,1,1,0,0,0,2,2,1420,41129,0,0,0,42549,42549,3402,8214,0,0,0,11617,11617,3209080
2019-04-29,2019,4,29,port709,Mormugao,India,IND,0,0,0,0,0,0,0,0,0,0,0,0,0,0,0,0,0,0,0,0,0,3209082
2019-04-30,2019,4,30,port709,Mormugao,India,IND,0,0,0,0,0,0,0,0,0,0,0,0,0,0,0,0,0,0,0,0,0,3209084
2019-05-01,2019,5,1,port709,Mormugao,India,IND,0,0,0,0,0,0,0,0,0,0,0,0,0,0,0,0,0,0,0,0,0,3209086
2019-05-02,2019,5,2,port709,Mormugao,India,IND,0,0,0,0,1,0,1,0,0,0,0,12306,0,12306,0,0,0,0,1325,0,1325,3209087
2019-05-03,2019,5,3,port709,Mormugao,India,IND,0,1,0,0,0,1,1,0,41129,0,0,0,41129,41129,0,8214,0,0,0,8214,8214,3209088
2019-05-04,2019,5,4,port709,Mormugao,India,IND,0,0,0,0,0,0,0,0,0,0,0,0,0,0,0,0,0,0,0,0,0,3209089
2019-05-05,2019,5,5,port709,Mormugao,India,IND,0,0,0,0,0,0,0,0,0,0,0,0,0,0,0,0,0,0,0,0,0,3209090
2019-05-06,2019,5,6,port709,Mormugao,India,IND,0,2,0,0,0,2,2,0,158287,0,0,0,158287,158287,0,0,0,0,0,0,0,3209091
2019-05-07,2019,5,7,port709,Mormugao,India,IND,0,1,0,0,0,1,1,0,41129,0,0,0,41129,41129,0,8214,0,0,0,8214,8214,3209092
2019-05-08,2019,5,8,port709,Mormugao,India,IND,0,2,0,0,0,2,2,0,82258,0,0,0,82258,82258,0,16429,0,0,0,16429,16429,3209093
2019-05-09,2019,5,9,port709,Mormugao,India,IND,0,0,0,0,0,0,0,0,0,0,0,0,0,0,0,0,0,0,0,0,0,3209094
2019-05-10,2019,5,10,port709,Mormugao,India,IND,0,2,0,0,0,2,2,0,95913,0,0,0,95913,95913,0,8214,0,0,0,8214,8214,3209095
2019-05-11,2019,5,11,port709,Mormugao,India,IND,0,2,0,0,0,2,2,0,92278,0,0,0,92278,92278,0,0,0,0,0,0,0,3209096
2019-05-12,2019,5,12,port709,Mormugao,India,IND,0,0,0,0,0,0,0,0,0,0,0,0,0,0,0,0,0,0,0,0,0,3209097
2019-05-13,2019,5,13,port709,Mormugao,India,IND,0,1,0,0,0,1,1,0,41129,0,0,0,41129,41129,0,8214,0,0,0,8214,8214,3209098
2019-05-14,2019,5,14,port709,Mormugao,India,IND,0,1,0,0,1,1,2,0,82978,0,0,61363,82978,144341,0,0,0,0,0,0,0,3209099
2019-05-15,2019,5,15,port709,Mormugao,India,IND,0,2,0,0,0,2,2,0,82258,0,0,0,82258,82258,0,16429,0,0,0,16429,16429,3209100
2019-05-16,2019,5,16,port709,Mormugao,India,IND,0,1,0,0,0,1,1,0,33207,0,0,0,33207,33207,0,0,0,0,0,0,0,3209101
2019-05-17,2019,5,17,port709,Mormugao,India,IND,0,1,1,0,0,2,2,0,41129,0,0,0,41129,41129,0,8214,0,0,0,8214,8214,3209102
2019-05-18,2019,5,18,port709,Mormugao,India,IND,0,0,0,0,0,0,0,0,0,0,0,0,0,0,0,0,0,0,0,0,0,3209103
2019-05-19,2019,5,19,port709,Mormugao,India,IND,0,0,0,0,0,0,0,0,0,0,0,0,0,0,0,0,0,0,0,0,0,3209104
2019-05-20,2019,5,20,port709,Mormugao,India,IND,0,0,0,0,0,0,0,0,0,0,0,0,0,0,0,0,0,0,0,0,0,3209105
2019-05-21,2019,5,21,port709,Mormugao,India,IND,0,2,0,0,0,2,2,0,18473,0,0,0,18473,18473,0,53439,0,0,0,53439,53439,3209106
2019-05-22,2019,5,22,port709,Mormugao,India,IND,0,1,0,0,0,1,1,0,0,0,0,0,0,0,0,34618,0,0,0,34618,34618,3209107
2019-05-23,2019,5,23,port709,Mormugao,India,IND,0,0,0,0,0,0,0,0,0,0,0,0,0,0,0,0,0,0,0,0,0,3209108
2019-05-24,2019,5,24,port709,Mormugao,India,IND,0,0,0,0,0,0,0,0,0,0,0,0,0,0,0,0,0,0,0,0,0,3209109
2019-05-25,2019,5,25,port709,Mormugao,India,IND,0,2,0,0,0,2,2,0,58969,0,0,0,58969,58969,0,0,0,0,0,0,0,3209110
2019-05-26,2019,5,26,port709,Mormugao,India,IND,0,1,0,0,0,1,1,0,41129,0,0,0,41129,41129,0,8214,0,0,0,8214,8214,3209111
2019-05-27,2019,5,27,port709,Mormugao,India,IND,0,1,1,0,0,2,2,0,0,1367,0,0,1367,1367,0,107195,4198,0,0,111393,111393,3209112
2019-05-28,2019,5,28,port709,Mormugao,India,IND,0,1,0,0,0,1,1,0,41129,0,0,0,41129,41129,0,8214,0,0,0,8214,8214,3209113
2019-05-29,2019,5,29,port709,Mormugao,India,IND,0,1,0,0,0,1,1,0,4855,0,0,0,4855,4855,0,0,0,0,0,0,0,3209114
2019-05-30,2019,5,30,port709,Mormugao,India,IND,0,0,0,0,0,0,0,0,0,0,0,0,0,0,0,0,0,0,0,0,0,3209115
2019-05-31,2019,5,31,port709,Mormugao,India,IND,0,1,0,0,0,1,1,0,0,0,0,0,0,0,0,32320,0,0,0,32320,32320,3209116
2019-06-01,2019,6,1,port709,Mormugao,India,IND,0,0,0,0,0,0,0,0,0,0,0,0,0,0,0,0,0,0,0,0,0,3209117
2019-06-02,2019,6,2,port709,Mormugao,India,IND,0,0,0,0,0,0,0,0,0,0,0,0,0,0,0,0,0,0,0,0,0,3209118
2019-06-03,2019,6,3,port709,Mormugao,India,IND,0,0,0,0,0,0,0,0,0,0,0,0,0,0,0,0,0,0,0,0,0,3209119
2019-06-04,2019,6,4,port709,Mormugao,India,IND,0,3,0,0,0,3,3,0,167533,0,0,0,167533,167533,0,0,0,0,0,0,0,3209120
2019-06-05,2019,6,5,port709,Mormugao,India,IND,0,0,0,0,2,0,2,0,0,0,0,0,0,0,0,0,0,0,32423,0,32423,3209121
2019-06-06,2019,6,6,port709,Mormugao,India,IND,0,1,0,0,0,1,1,0,31645,0,0,0,31645,31645,0,0,0,0,0,0,0,3209122
2019-06-07,2019,6,7,port709,Mormugao,India,IND,1,1,0,0,0,2,2,1681,41129,0,0,0,42810,42810,0,8214,0,0,0,8214,8214,3209123
2019-06-08,2019,6,8,port709,Mormugao,India,IND,0,1,0,0,0,1,1,0,41129,0,0,0,41129,41129,0,8214,0,0,0,8214,8214,3209124
2019-06-09,2019,6,9,port709,Mormugao,India,IND,0,0,0,0,0,0,0,0,0,0,0,0,0,0,0,0,0,0,0,0,0,3209125
2019-06-10,2019,6,10,port709,Mormugao,India,IND,0,2,0,0,0,2,2,0,58987,0,0,0,58987,58987,0,8214,0,0,0,8214,8214,3209126
2019-06-11,2019,6,11,port709,Mormugao,India,IND,0,1,0,0,0,1,1,0,0,0,0,0,0,0,0,0,0,0,0,0,0,3209127
2019-06-12,2019,6,12,port709,Mormugao,India,IND,0,0,1,0,0,1,1,0,0,0,0,0,0,0,0,0,0,0,0,0,0,3209128
2020-03-06,2020,3,6,port709,Mormugao,India,IND,0,0,0,0,0,0,0,0,0,0,0,0,0,0,0,0,0,0,0,0,0,3209129
2019-06-13,2019,6,13,port709,Mormugao,India,IND,0,3,0,0,0,3,3,0,169987,0,0,0,169987,169987,0,16429,0,0,0,16429,16429,3209130
2019-06-14,2019,6,14,port709,Mormugao,India,IND,0,0,0,0,0,0,0,0,0,0,0,0,0,0,0,0,0,0,0,0,0,3209131
2019-06-15,2019,6,15,port709,Mormugao,India,IND,0,0,0,0,0,0,0,0,0,0,0,0,0,0,0,0,0,0,0,0,0,3209132
2019-06-16,2019,6,16,port709,Mormugao,India,IND,0,0,0,0,0,0,0,0,0,0,0,0,0,0,0,0,0,0,0,0,0,3209133
2019-06-17,2019,6,17,port709,Mormugao,India,IND,0,3,0,0,0,3,3,0,111388,0,0,0,111388,111388,0,15823,0,0,0,15823,15823,3209134
2019-06-18,2019,6,18,port709,Mormugao,India,IND,0,0,0,0,0,0,0,0,0,0,0,0,0,0,0,0,0,0,0,0,0,3209135
2019-06-19,2019,6,19,port709,Mormugao,India,IND,0,1,0,0,0,1,1,0,41129,0,0,0,41129,41129,0,8214,0,0,0,8214,8214,3209136
2019-06-20,2019,6,20,port709,Mormugao,India,IND,0,2,0,0,0,2,2,0,131298,0,0,0,131298,131298,0,0,0,0,0,0,0,3209137
2019-06-21,2019,6,21,port709,Mormugao,India,IND,0,0,0,0,0,0,0,0,0,0,0,0,0,0,0,0,0,0,0,0,0,3209138
2019-06-22,2019,6,22,port709,Mormugao,India,IND,0,1,1,0,0,2,2,0,53711,1367,0,0,55078,55078,0,0,4198,0,0,4198,4198,3209139
2019-06-23,2019,6,23,port709,Mormugao,India,IND,0,1,1,0,0,2,2,0,40031,0,0,0,40031,40031,0,0,3202,0,0,3202,3202,3209140
2019-06-24,2019,6,24,port709,Mormugao,India,IND,1,1,0,0,0,2,2,1420,41129,0,0,0,42549,42549,3402,8214,0,0,0,11617,11617,3209141
2019-06-25,2019,6,25,port709,Mormugao,India,IND,0,0,0,0,0,0,0,0,0,0,0,0,0,0,0,0,0,0,0,0,0,3209142
2019-06-26,2019,6,26,port709,Mormugao,India,IND,0,1,0,0,0,1,1,0,122654,0,0,0,122654,122654,0,0,0,0,0,0,0,3209143
2019-06-27,2019,6,27,port709,Mormugao,India,IND,0,0,0,0,0,0,0,0,0,0,0,0,0,0,0,0,0,0,0,0,0,3209144
2019-06-28,2019,6,28,port709,Mormugao,India,IND,0,0,0,0,0,0,0,0,0,0,0,0,0,0,0,0,0,0,0,0,0,3209145
2019-06-29,2019,6,29,port709,Mormugao,India,IND,0,0,0,0,0,0,0,0,0,0,0,0,0,0,0,0,0,0,0,0,0,3209146
2019-06-30,2019,6,30,port709,Mormugao,India,IND,0,0,0,0,0,0,0,0,0,0,0,0,0,0,0,0,0,0,0,0,0,3209147
2019-07-01,2019,7,1,port709,Mormugao,India,IND,0,0,0,0,0,0,0,0,0,0,0,0,0,0,0,0,0,0,0,0,0,3209148
2019-07-02,2019,7,2,port709,Mormugao,India,IND,0,0,0,0,0,0,0,0,0,0,0,0,0,0,0,0,0,0,0,0,0,3209149
2019-07-03,2019,7,3,port709,Mormugao,India,IND,0,0,0,0,0,0,0,0,0,0,0,0,0,0,0,0,0,0,0,0,0,3209150
2019-07-04,2019,7,4,port709,Mormugao,India,IND,0,0,0,0,0,0,0,0,0,0,0,0,0,0,0,0,0,0,0,0,0,3209151
2019-07-05,2019,7,5,port709,Mormugao,India,IND,0,1,1,0,0,2,2,0,0,1127,0,0,1127,1127,0,12781,0,0,0,12781,12781,3209152
2019-07-06,2019,7,6,port709,Mormugao,India,IND,0,1,0,0,0,1,1,0,41129,0,0,0,41129,41129,0,8214,0,0,0,8214,8214,3209153
2019-07-07,2019,7,7,port709,Mormugao,India,IND,0,0,0,0,1,0,1,0,0,0,0,2240,0,2240,0,0,0,0,0,0,0,3209154
2019-07-08,2019,7,8,port709,Mormugao,India,IND,0,1,1,0,0,2,2,0,76158,0,0,0,76158,76158,0,0,308,0,0,308,308,3209155
2019-07-09,2019,7,9,port709,Mormugao,India,IND,0,1,0,0,0,1,1,0,41129,0,0,0,41129,41129,0,8214,0,0,0,8214,8214,3209156
2019-07-10,2019,7,10,port709,Mormugao,India,IND,1,0,0,0,0,1,1,1420,0,0,0,0,1420,1420,3402,0,0,0,0,3402,3402,3209157
2019-07-11,2019,7,11,port709,Mormugao,India,IND,0,0,0,0,0,0,0,0,0,0,0,0,0,0,0,0,0,0,0,0,0,3209158
2019-07-12,2019,7,12,port709,Mormugao,India,IND,0,1,0,0,0,1,1,0,41129,0,0,0,41129,41129,0,8214,0,0,0,8214,8214,3209159
2019-07-13,2019,7,13,port709,Mormugao,India,IND,0,0,0,0,0,0,0,0,0,0,0,0,0,0,0,0,0,0,0,0,0,3209160
2019-07-14,2019,7,14,port709,Mormugao,India,IND,1,0,0,0,0,1,1,459,0,0,0,0,459,459,0,0,0,0,0,0,0,3209161
2019-07-15,2019,7,15,port709,Mormugao,India,IND,0,1,0,0,0,1,1,0,63935,0,0,0,63935,63935,0,0,0,0,0,0,0,3209162
2019-07-16,2019,7,16,port709,Mormugao,India,IND,0,1,0,0,0,1,1,0,34286,0,0,0,34286,34286,0,0,0,0,0,0,0,3209163
2019-07-17,2019,7,17,port709,Mormugao,India,IND,0,0,1,0,0,1,1,0,0,1367,0,0,1367,1367,0,0,4198,0,0,4198,4198,3209164
2019-07-18,2019,7,18,port709,Mormugao,India,IND,0,2,0,0,0,2,2,0,42744,0,0,0,42744,42744,0,8214,0,0,0,8214,8214,3209165
2019-07-19,2019,7,19,port709,Mormugao,India,IND,0,1,0,0,1,1,2,0,106236,0,0,0,106236,106236,0,0,0,0,0,0,0,3209166
2019-07-20,2019,7,20,port709,Mormugao,India,IND,0,0,0,0,0,0,0,0,0,0,0,0,0,0,0,0,0,0,0,0,0,3209167
2019-07-21,2019,7,21,port709,Mormugao,India,IND,0,0,0,0,0,0,0,0,0,0,0,0,0,0,0,0,0,0,0,0,0,3209168
2019-07-22,2019,7,22,port709,Mormugao,India,IND,0,1,0,0,0,1,1,0,0,0,0,0,0,0,0,4691,0,0,0,4691,4691,3209169
2019-07-23,2019,7,23,port709,Mormugao,India,IND,0,2,0,0,0,2,2,0,123264,0,0,0,123264,123264,0,8214,0,0,0,8214,8214,3209170
2019-07-24,2019,7,24,port709,Mormugao,India,IND,0,0,0,0,0,0,0,0,0,0,0,0,0,0,0,0,0,0,0,0,0,3209171
2019-07-25,2019,7,25,port709,Mormugao,India,IND,1,0,0,0,0,1,1,0,0,0,0,0,0,0,702,0,0,0,0,702,702,3209172
2019-07-26,2019,7,26,port709,Mormugao,India,IND,0,1,0,0,0,1,1,0,0,0,0,0,0,0,0,25211,0,0,0,25211,25211,3209173
2019-07-27,2019,7,27,port709,Mormugao,India,IND,0,0,1,0,0,1,1,0,0,0,0,0,0,0,0,0,13222,0,0,13222,13222,3209174
2019-07-28,2019,7,28,port709,Mormugao,India,IND,0,1,0,0,0,1,1,0,0,0,0,0,0,0,0,3530,0,0,0,3530,3530,3209175
2019-07-29,2019,7,29,port709,Mormugao,India,IND,0,0,0,0,0,0,0,0,0,0,0,0,0,0,0,0,0,0,0,0,0,3209176
2019-07-30,2019,7,30,port709,Mormugao,India,IND,0,1,0,0,0,1,1,0,0,0,0,0,0,0,0,28104,0,0,0,28104,28104,3209177
2019-07-31,2019,7,31,port709,Mormugao,India,IND,0,0,0,0,0,0,0,0,0,0,0,0,0,0,0,0,0,0,0,0,0,3209178
2019-08-01,2019,8,1,port709,Mormugao,India,IND,0,1,0,0,0,1,1,0,15821,0,0,0,15821,15821,0,0,0,0,0,0,0,3209179
2019-08-02,2019,8,2,port709,Mormugao,India,IND,1,0,0,0,0,1,1,0,0,0,0,0,0,0,7668,0,0,0,0,7668,7668,3209180
2019-08-03,2019,8,3,port709,Mormugao,India,IND,0,1,0,0,1,1,2,0,32660,0,0,6382,32660,39042,0,0,0,0,0,0,0,3209181
2019-08-04,2019,8,4,port709,Mormugao,India,IND,0,0,0,0,0,0,0,0,0,0,0,0,0,0,0,0,0,0,0,0,0,3209182
2019-08-05,2019,8,5,port709,Mormugao,India,IND,0,0,0,0,1,0,1,0,0,0,0,0,0,0,0,0,0,0,0,0,0,3209183
2019-08-06,2019,8,6,port709,Mormugao,India,IND,0,0,0,0,0,0,0,0,0,0,0,0,0,0,0,0,0,0,0,0,0,3209184
2019-08-07,2019,8,7,port709,Mormugao,India,IND,0,2,0,0,0,2,2,0,41129,0,0,0,41129,41129,0,13291,0,0,0,13291,13291,3209185
2019-08-08,2019,8,8,port709,Mormugao,India,IND,0,1,0,0,1,1,2,0,9584,0,0,0,9584,9584,0,0,0,0,0,0,0,3209186
2019-08-09,2019,8,9,port709,Mormugao,India,IND,0,0,0,0,0,0,0,0,0,0,0,0,0,0,0,0,0,0,0,0,0,3209187
2019-08-10,2019,8,10,port709,Mormugao,India,IND,0,0,0,0,1,0,1,0,0,0,0,4231,0,4231,0,0,0,0,0,0,0,3209188
2019-08-11,2019,8,11,port709,Mormugao,India,IND,0,0,0,0,0,0,0,0,0,0,0,0,0,0,0,0,0,0,0,0,0,3209189
2019-08-12,2019,8,12,port709,Mormugao,India,IND,0,0,0,0,0,0,0,0,0,0,0,0,0,0,0,0,0,0,0,0,0,3209190
2019-08-13,2019,8,13,port709,Mormugao,India,IND,1,0,0,0,0,1,1,1420,0,0,0,0,1420,1420,3402,0,0,0,0,3402,3402,3209191
2019-08-14,2019,8,14,port709,Mormugao,India,IND,0,0,0,0,1,0,1,0,0,0,0,0,0,0,0,0,0,0,0,0,0,3209192
2019-08-15,2019,8,15,port709,Mormugao,India,IND,0,1,0,0,0,1,1,0,41129,0,0,0,41129,41129,0,8214,0,0,0,8214,8214,3209193
2019-08-16,2019,8,16,port709,Mormugao,India,IND,1,0,0,0,0,1,1,1420,0,0,0,0,1420,1420,3402,0,0,0,0,3402,3402,3209194
2019-08-17,2019,8,17,port709,Mormugao,India,IND,0,1,0,0,1,1,2,0,1645,0,0,33025,1645,34670,0,0,0,0,0,0,0,3209195
2019-08-18,2019,8,18,port709,Mormugao,India,IND,1,0,0,0,0,1,1,0,0,0,0,0,0,0,8329,0,0,0,0,8329,8329,3209196
2019-08-19,2019,8,19,port709,Mormugao,India,IND,0,1,0,0,0,1,1,0,0,0,0,0,0,0,0,0,0,0,0,0,0,3209197
2019-08-20,2019,8,20,port709,Mormugao,India,IND,0,0,0,0,0,0,0,0,0,0,0,0,0,0,0,0,0,0,0,0,0,3209198
2019-08-21,2019,8,21,port709,Mormugao,India,IND,0,0,0,0,1,0,1,0,0,0,0,16194,0,16194,0,0,0,0,0,0,0,3209199
2019-08-22,2019,8,22,port709,Mormugao,India,IND,0,0,0,0,0,0,0,0,0,0,0,0,0,0,0,0,0,0,0,0,0,3209200
2019-08-23,2019,8,23,port709,Mormugao,India,IND,0,0,0,0,0,0,0,0,0,0,0,0,0,0,0,0,0,0,0,0,0,3209201
2019-08-24,2019,8,24,port709,Mormugao,India,IND,0,0,0,0,0,0,0,0,0,0,0,0,0,0,0,0,0,0,0,0,0,3209202
2019-08-25,2019,8,25,port709,Mormugao,India,IND,0,1,0,0,0,1,1,0,41129,0,0,0,41129,41129,0,8214,0,0,0,8214,8214,3209203
2019-08-26,2019,8,26,port709,Mormugao,India,IND,0,0,0,0,0,0,0,0,0,0,0,0,0,0,0,0,0,0,0,0,0,3209204
2019-08-27,2019,8,27,port709,Mormugao,India,IND,0,0,0,0,0,0,0,0,0,0,0,0,0,0,0,0,0,0,0,0,0,3209205
2019-08-28,2019,8,28,port709,Mormugao,India,IND,0,0,0,0,0,0,0,0,0,0,0,0,0,0,0,0,0,0,0,0,0,3209206
2019-08-29,2019,8,29,port709,Mormugao,India,IND,0,1,0,0,1,1,2,0,41129,0,0,16821,41129,57950,0,8214,0,0,0,8214,8214,3209207
2019-08-30,2019,8,30,port709,Mormugao,India,IND,0,0,0,0,0,0,0,0,0,0,0,0,0,0,0,0,0,0,0,0,0,3209208
2019-08-31,2019,8,31,port709,Mormugao,India,IND,0,1,0,0,0,1,1,0,171118,0,0,0,171118,171118,0,0,0,0,0,0,0,3209209
2019-09-01,2019,9,1,port709,Mormugao,India,IND,1,0,0,0,0,1,1,6916,0,0,0,0,6916,6916,0,0,0,0,0,0,0,3209210
2019-09-02,2019,9,2,port709,Mormugao,India,IND,0,0,0,0,0,0,0,0,0,0,0,0,0,0,0,0,0,0,0,0,0,3209211
2019-09-03,2019,9,3,port709,Mormugao,India,IND,0,1,0,0,0,1,1,0,0,0,0,0,0,0,0,0,0,0,0,0,0,3209212
2019-09-04,2019,9,4,port709,Mormugao,India,IND,0,0,0,0,0,0,0,0,0,0,0,0,0,0,0,0,0,0,0,0,0,3209213
2019-09-05,2019,9,5,port709,Mormugao,India,IND,0,1,0,0,0,1,1,0,5614,0,0,0,5614,5614,0,0,0,0,0,0,0,3209214
2019-09-06,2019,9,6,port709,Mormugao,India,IND,0,1,0,0,0,1,1,0,41129,0,0,0,41129,41129,0,8214,0,0,0,8214,8214,3209215
2019-09-07,2019,9,7,port709,Mormugao,India,IND,0,0,0,0,0,0,0,0,0,0,0,0,0,0,0,0,0,0,0,0,0,3209216
2019-09-08,2019,9,8,port709,Mormugao,India,IND,0,0,0,0,0,0,0,0,0,0,0,0,0,0,0,0,0,0,0,0,0,3209217
2019-09-09,2019,9,9,port709,Mormugao,India,IND,0,2,0,0,0,2,2,0,82258,0,0,0,82258,82258,0,16429,0,0,0,16429,16429,3209218
2019-09-10,2019,9,10,port709,Mormugao,India,IND,0,0,1,0,0,1,1,0,0,1367,0,0,1367,1367,0,0,4198,0,0,4198,4198,3209219
2019-09-11,2019,9,11,port709,Mormugao,India,IND,0,0,0,0,0,0,0,0,0,0,0,0,0,0,0,0,0,0,0,0,0,3209220
2019-09-12,2019,9,12,port709,Mormugao,India,IND,1,1,0,0,0,2,2,1420,41129,0,0,0,42549,42549,3402,8214,0,0,0,11617,11617,3209221
2019-09-13,2019,9,13,port709,Mormugao,India,IND,0,0,0,0,0,0,0,0,0,0,0,0,0,0,0,0,0,0,0,0,0,3209222
2019-09-14,2019,9,14,port709,Mormugao,India,IND,0,0,0,0,0,0,0,0,0,0,0,0,0,0,0,0,0,0,0,0,0,3209223
2019-09-15,2019,9,15,port709,Mormugao,India,IND,0,1,0,0,0,1,1,0,73360,0,0,0,73360,73360,0,0,0,0,0,0,0,3209224
2019-09-16,2019,9,16,port709,Mormugao,India,IND,0,0,1,0,0,1,1,0,0,0,0,0,0,0,0,0,1891,0,0,1891,1891,3209225
2019-09-17,2019,9,17,port709,Mormugao,India,IND,1,0,0,0,0,1,1,1420,0,0,0,0,1420,1420,3402,0,0,0,0,3402,3402,3209226
2019-09-18,2019,9,18,port709,Mormugao,India,IND,0,0,0,0,0,0,0,0,0,0,0,0,0,0,0,0,0,0,0,0,0,3209227
2019-09-19,2019,9,19,port709,Mormugao,India,IND,0,0,0,0,0,0,0,0,0,0,0,0,0,0,0,0,0,0,0,0,0,3209228
2019-09-20,2019,9,20,port709,Mormugao,India,IND,0,1,0,0,0,1,1,0,41129,0,0,0,41129,41129,0,8214,0,0,0,8214,8214,3209229
2019-09-21,2019,9,21,port709,Mormugao,India,IND,0,1,0,0,0,1,1,0,41129,0,0,0,41129,41129,0,8214,0,0,0,8214,8214,3209230
2019-09-22,2019,9,22,port709,Mormugao,India,IND,0,0,0,0,0,0,0,0,0,0,0,0,0,0,0,0,0,0,0,0,0,3209231
2019-09-23,2019,9,23,port709,Mormugao,India,IND,0,0,0,0,0,0,0,0,0,0,0,0,0,0,0,0,0,0,0,0,0,3209232
2019-09-24,2019,9,24,port709,Mormugao,India,IND,0,1,0,0,0,1,1,0,169642,0,0,0,169642,169642,0,0,0,0,0,0,0,3209233
2019-09-25,2019,9,25,port709,Mormugao,India,IND,0,0,0,0,0,0,0,0,0,0,0,0,0,0,0,0,0,0,0,0,0,3209234
2019-09-26,2019,9,26,port709,Mormugao,India,IND,1,1,0,0,1,2,3,0,41129,0,0,9757,41129,50886,10882,8214,0,0,544,19096,19641,3209235
2019-09-27,2019,9,27,port709,Mormugao,India,IND,0,0,0,0,0,0,0,0,0,0,0,0,0,0,0,0,0,0,0,0,0,3209236
2019-09-28,2019,9,28,port709,Mormugao,India,IND,0,1,0,0,0,1,1,0,41129,0,0,0,41129,41129,0,8214,0,0,0,8214,8214,3209237
2019-09-29,2019,9,29,port709,Mormugao,India,IND,1,1,0,0,0,2,2,42278,41129,0,0,0,83407,83407,0,8214,0,0,0,8214,8214,3209238
2019-09-30,2019,9,30,port709,Mormugao,India,IND,1,0,0,0,0,1,1,1420,0,0,0,0,1420,1420,3402,0,0,0,0,3402,3402,3209239
2019-10-01,2019,10,1,port709,Mormugao,India,IND,0,2,0,0,0,2,2,0,44673,0,0,0,44673,44673,0,28269,0,0,0,28269,28269,3209240
2019-10-02,2019,10,2,port709,Mormugao,India,IND,0,0,0,0,0,0,0,0,0,0,0,0,0,0,0,0,0,0,0,0,0,3209241
2019-10-03,2019,10,3,port709,Mormugao,India,IND,0,0,0,0,0,0,0,0,0,0,0,0,0,0,0,0,0,0,0,0,0,3209242
2019-10-04,2019,10,4,port709,Mormugao,India,IND,0,1,0,0,0,1,1,0,27406,0,0,0,27406,27406,0,0,0,0,0,0,0,3209243
2019-10-05,2019,10,5,port709,Mormugao,India,IND,0,0,0,0,0,0,0,0,0,0,0,0,0,0,0,0,0,0,0,0,0,3209244
2019-10-06,2019,10,6,port709,Mormugao,India,IND,0,0,0,0,0,0,0,0,0,0,0,0,0,0,0,0,0,0,0,0,0,3209245
2019-10-07,2019,10,7,port709,Mormugao,India,IND,0,1,0,0,0,1,1,0,0,0,0,0,0,0,0,44502,0,0,0,44502,44502,3209246
2019-10-08,2019,10,8,port709,Mormugao,India,IND,0,0,0,0,0,0,0,0,0,0,0,0,0,0,0,0,0,0,0,0,0,3209247
2019-10-09,2019,10,9,port709,Mormugao,India,IND,0,1,0,0,1,1,2,0,86358,0,0,0,86358,86358,0,0,0,0,0,0,0,3209248
2019-10-10,2019,10,10,port709,Mormugao,India,IND,0,0,0,0,0,0,0,0,0,0,0,0,0,0,0,0,0,0,0,0,0,3209249
2019-10-11,2019,10,11,port709,Mormugao,India,IND,0,0,0,0,0,0,0,0,0,0,0,0,0,0,0,0,0,0,0,0,0,3209250
2019-10-12,2019,10,12,port709,Mormugao,India,IND,0,0,0,0,0,0,0,0,0,0,0,0,0,0,0,0,0,0,0,0,0,3209251
2019-10-13,2019,10,13,port709,Mormugao,India,IND,0,0,0,0,0,0,0,0,0,0,0,0,0,0,0,0,0,0,0,0,0,3209252
2019-10-14,2019,10,14,port709,Mormugao,India,IND,1,1,0,0,1,2,3,1420,92275,0,0,0,93695,93695,3402,0,0,0,0,3402,3402,3209253
2019-10-15,2019,10,15,port709,Mormugao,India,IND,0,0,0,0,0,0,0,0,0,0,0,0,0,0,0,0,0,0,0,0,0,3209254
2019-10-16,2019,10,16,port709,Mormugao,India,IND,0,0,0,0,0,0,0,0,0,0,0,0,0,0,0,0,0,0,0,0,0,3209255
2019-10-17,2019,10,17,port709,Mormugao,India,IND,0,0,0,0,0,0,0,0,0,0,0,0,0,0,0,0,0,0,0,0,0,3209256
2019-10-18,2019,10,18,port709,Mormugao,India,IND,0,1,1,0,0,2,2,0,56670,1367,0,0,58037,58037,0,0,4198,0,0,4198,4198,3209257
2019-10-19,2019,10,19,port709,Mormugao,India,IND,0,1,0,0,0,1,1,0,84235,0,0,0,84235,84235,0,0,0,0,0,0,0,3209258
2019-10-20,2019,10,20,port709,Mormugao,India,IND,1,0,0,0,0,1,1,0,0,0,0,0,0,0,10066,0,0,0,0,10066,10066,3209259
2019-10-21,2019,10,21,port709,Mormugao,India,IND,0,0,0,0,1,0,1,0,0,0,0,0,0,0,0,0,0,0,0,0,0,3209260
2019-10-22,2019,10,22,port709,Mormugao,India,IND,0,0,0,0,0,0,0,0,0,0,0,0,0,0,0,0,0,0,0,0,0,3209261
2019-10-23,2019,10,23,port709,Mormugao,India,IND,0,0,0,0,0,0,0,0,0,0,0,0,0,0,0,0,0,0,0,0,0,3209262
2019-10-24,2019,10,24,port709,Mormugao,India,IND,0,0,0,0,0,0,0,0,0,0,0,0,0,0,0,0,0,0,0,0,0,3209263
2019-10-25,2019,10,25,port709,Mormugao,India,IND,0,0,0,0,0,0,0,0,0,0,0,0,0,0,0,0,0,0,0,0,0,3209264
2019-10-26,2019,10,26,port709,Mormugao,India,IND,0,1,1,0,0,2,2,0,70410,0,0,0,70410,70410,0,0,0,0,0,0,0,3209265
2019-10-27,2019,10,27,port709,Mormugao,India,IND,0,0,0,0,0,0,0,0,0,0,0,0,0,0,0,0,0,0,0,0,0,3209266
2019-10-28,2019,10,28,port709,Mormugao,India,IND,0,0,0,0,0,0,0,0,0,0,0,0,0,0,0,0,0,0,0,0,0,3209267
2019-10-29,2019,10,29,port709,Mormugao,India,IND,0,2,1,0,0,3,3,0,0,0,0,0,0,0,0,21075,0,0,0,21075,21075,3209268
2019-10-30,2019,10,30,port709,Mormugao,India,IND,0,0,0,0,0,0,0,0,0,0,0,0,0,0,0,0,0,0,0,0,0,3209269
2019-10-31,2019,10,31,port709,Mormugao,India,IND,0,1,1,0,1,2,3,0,25891,1367,0,12202,27258,39461,0,0,4198,0,766,4198,4965,3209270
2019-11-01,2019,11,1,port709,Mormugao,India,IND,0,1,0,0,0,1,1,0,0,0,0,0,0,0,0,22021,0,0,0,22021,22021,3209271
2019-11-02,2019,11,2,port709,Mormugao,India,IND,0,1,0,0,0,1,1,0,54416,0,0,0,54416,54416,0,0,0,0,0,0,0,3209272
2019-11-03,2019,11,3,port709,Mormugao,India,IND,0,1,1,0,0,2,2,0,41129,1367,0,0,42496,42496,0,8214,4198,0,0,12413,12413,3209273
2019-11-04,2019,11,4,port709,Mormugao,India,IND,0,2,0,0,0,2,2,0,41129,0,0,0,41129,41129,0,9607,0,0,0,9607,9607,3209274
2019-11-05,2019,11,5,port709,Mormugao,India,IND,0,0,0,0,0,0,0,0,0,0,0,0,0,0,0,0,0,0,0,0,0,3209275
2019-11-06,2019,11,6,port709,Mormugao,India,IND,0,1,0,0,0,1,1,0,0,0,0,0,0,0,0,8721,0,0,0,8721,8721,3209276
2019-11-07,2019,11,7,port709,Mormugao,India,IND,0,0,0,0,0,0,0,0,0,0,0,0,0,0,0,0,0,0,0,0,0,3209277
2019-11-08,2019,11,8,port709,Mormugao,India,IND,0,0,0,0,1,0,1,0,0,0,0,1572,0,1572,0,0,0,0,0,0,0,3209278
2019-11-09,2019,11,9,port709,Mormugao,India,IND,0,1,0,0,0,1,1,0,0,0,0,0,0,0,0,35628,0,0,0,35628,35628,3209279
2019-11-10,2019,11,10,port709,Mormugao,India,IND,1,0,0,0,0,1,1,1420,0,0,0,0,1420,1420,3402,0,0,0,0,3402,3402,3209280
2019-11-11,2019,11,11,port709,Mormugao,India,IND,0,0,0,0,0,0,0,0,0,0,0,0,0,0,0,0,0,0,0,0,0,3209281
2019-11-12,2019,11,12,port709,Mormugao,India,IND,0,1,0,0,0,1,1,0,36746,0,0,0,36746,36746,0,0,0,0,0,0,0,3209282
2019-11-13,2019,11,13,port709,Mormugao,India,IND,0,0,0,0,0,0,0,0,0,0,0,0,0,0,0,0,0,0,0,0,0,3209283
2019-11-14,2019,11,14,port709,Mormugao,India,IND,0,1,0,0,0,1,1,0,22835,0,0,0,22835,22835,0,0,0,0,0,0,0,3209284
2019-11-15,2019,11,15,port709,Mormugao,India,IND,0,0,0,0,0,0,0,0,0,0,0,0,0,0,0,0,0,0,0,0,0,3209285
2019-11-16,2019,11,16,port709,Mormugao,India,IND,0,1,0,0,0,1,1,0,58541,0,0,0,58541,58541,0,0,0,0,0,0,0,3209286
2019-11-17,2019,11,17,port709,Mormugao,India,IND,0,0,1,0,0,1,1,0,0,0,0,0,0,0,0,0,9177,0,0,9177,9177,3209287
2019-11-18,2019,11,18,port709,Mormugao,India,IND,0,0,0,0,0,0,0,0,0,0,0,0,0,0,0,0,0,0,0,0,0,3209288
2019-11-19,2019,11,19,port709,Mormugao,India,IND,0,1,0,0,0,1,1,0,41129,0,0,0,41129,41129,0,8214,0,0,0,8214,8214,3209289
2019-11-20,2019,11,20,port709,Mormugao,India,IND,0,0,1,0,0,1,1,0,0,0,0,0,0,0,0,0,0,0,0,0,0,3209290
2019-11-21,2019,11,21,port709,Mormugao,India,IND,0,1,0,0,0,1,1,0,0,0,0,0,0,0,0,35555,0,0,0,35555,35555,3209291
2019-11-22,2019,11,22,port709,Mormugao,India,IND,0,1,0,0,0,1,1,0,78860,0,0,0,78860,78860,0,0,0,0,0,0,0,3209292
2019-11-23,2019,11,23,port709,Mormugao,India,IND,0,1,0,0,0,1,1,0,0,0,0,0,0,0,0,25864,0,0,0,25864,25864,3209293
2019-11-24,2019,11,24,port709,Mormugao,India,IND,1,1,0,0,0,2,2,1420,1209,0,0,0,2629,2629,3402,0,0,0,0,3402,3402,3209294
2019-11-25,2019,11,25,port709,Mormugao,India,IND,0,1,0,0,0,1,1,0,0,0,0,0,0,0,0,1099,0,0,0,1099,1099,3209295
2019-11-26,2019,11,26,port709,Mormugao,India,IND,0,1,0,0,0,1,1,0,41129,0,0,0,41129,41129,0,8214,0,0,0,8214,8214,3209296
2019-11-27,2019,11,27,port709,Mormugao,India,IND,0,1,0,0,0,1,1,0,41129,0,0,0,41129,41129,0,8214,0,0,0,8214,8214,3209297
2019-11-28,2019,11,28,port709,Mormugao,India,IND,0,1,0,0,0,1,1,0,41129,0,0,0,41129,41129,0,8214,0,0,0,8214,8214,3209298
2019-11-29,2019,11,29,port709,Mormugao,India,IND,0,1,0,0,0,1,1,0,169667,0,0,0,169667,169667,0,0,0,0,0,0,0,3209299
2019-11-30,2019,11,30,port709,Mormugao,India,IND,0,0,0,0,0,0,0,0,0,0,0,0,0,0,0,0,0,0,0,0,0,3209300
2019-12-01,2019,12,1,port709,Mormugao,India,IND,0,1,0,0,0,1,1,0,0,0,0,0,0,0,0,0,0,0,0,0,0,3209301
2019-12-02,2019,12,2,port709,Mormugao,India,IND,0,1,0,0,0,1,1,0,0,0,0,0,0,0,0,0,0,0,0,0,0,3209302
2019-12-03,2019,12,3,port709,Mormugao,India,IND,0,1,0,0,0,1,1,0,56489,0,0,0,56489,56489,0,0,0,0,0,0,0,3209303
2019-12-04,2019,12,4,port709,Mormugao,India,IND,0,0,0,0,0,0,0,0,0,0,0,0,0,0,0,0,0,0,0,0,0,3209304
2019-12-05,2019,12,5,port709,Mormugao,India,IND,0,0,0,0,0,0,0,0,0,0,0,0,0,0,0,0,0,0,0,0,0,3209305
2019-12-06,2019,12,6,port709,Mormugao,India,IND,0,1,0,0,0,1,1,0,0,0,0,0,0,0,0,0,0,0,0,0,0,3209306
2019-12-07,2019,12,7,port709,Mormugao,India,IND,0,1,0,0,0,1,1,0,41129,0,0,0,41129,41129,0,8214,0,0,0,8214,8214,3209307
2019-12-08,2019,12,8,port709,Mormugao,India,IND,1,0,0,0,0,1,1,1420,0,0,0,0,1420,1420,3402,0,0,0,0,3402,3402,3209308
2019-12-09,2019,12,9,port709,Mormugao,India,IND,0,0,0,0,0,0,0,0,0,0,0,0,0,0,0,0,0,0,0,0,0,3209309
2019-12-10,2019,12,10,port709,Mormugao,India,IND,0,0,0,0,0,0,0,0,0,0,0,0,0,0,0,0,0,0,0,0,0,3209310
2019-12-11,2019,12,11,port709,Mormugao,India,IND,0,1,0,0,0,1,1,0,191533,0,0,0,191533,191533,0,0,0,0,0,0,0,3209311
2019-12-12,2019,12,12,port709,Mormugao,India,IND,0,0,0,0,0,0,0,0,0,0,0,0,0,0,0,0,0,0,0,0,0,3209312
2019-12-13,2019,12,13,port709,Mormugao,India,IND,0,0,0,0,0,0,0,0,0,0,0,0,0,0,0,0,0,0,0,0,0,3209313
2019-12-14,2019,12,14,port709,Mormugao,India,IND,0,0,0,0,0,0,0,0,0,0,0,0,0,0,0,0,0,0,0,0,0,3209314
2019-12-15,2019,12,15,port709,Mormugao,India,IND,0,0,0,0,0,0,0,0,0,0,0,0,0,0,0,0,0,0,0,0,0,3209315
2019-12-16,2019,12,16,port709,Mormugao,India,IND,0,2,1,0,0,3,3,0,161521,0,0,0,161521,161521,0,0,7132,0,0,7132,7132,3209316
2019-12-17,2019,12,17,port709,Mormugao,India,IND,0,0,0,0,0,0,0,0,0,0,0,0,0,0,0,0,0,0,0,0,0,3209317
2019-12-18,2019,12,18,port709,Mormugao,India,IND,0,0,0,0,0,0,0,0,0,0,0,0,0,0,0,0,0,0,0,0,0,3209318
2019-12-19,2019,12,19,port709,Mormugao,India,IND,0,0,0,0,0,0,0,0,0,0,0,0,0,0,0,0,0,0,0,0,0,3209319
2019-12-20,2019,12,20,port709,Mormugao,India,IND,0,0,0,0,0,0,0,0,0,0,0,0,0,0,0,0,0,0,0,0,0,3209320
2019-12-21,2019,12,21,port709,Mormugao,India,IND,0,0,0,0,0,0,0,0,0,0,0,0,0,0,0,0,0,0,0,0,0,3209321
2019-12-22,2019,12,22,port709,Mormugao,India,IND,1,0,0,0,0,1,1,1420,0,0,0,0,1420,1420,3402,0,0,0,0,3402,3402,3209322
2019-12-23,2019,12,23,port709,Mormugao,India,IND,0,2,0,0,0,2,2,0,41129,0,0,0,41129,41129,0,9972,0,0,0,9972,9972,3209323
2019-12-24,2019,12,24,port709,Mormugao,India,IND,0,2,0,0,0,2,2,0,41129,0,0,0,41129,41129,0,8214,0,0,0,8214,8214,3209324
2019-12-25,2019,12,25,port709,Mormugao,India,IND,0,1,0,0,0,1,1,0,0,0,0,0,0,0,0,2089,0,0,0,2089,2089,3209325
2019-12-26,2019,12,26,port709,Mormugao,India,IND,0,1,0,0,0,1,1,0,41129,0,0,0,41129,41129,0,8214,0,0,0,8214,8214,3209326
2019-12-27,2019,12,27,port709,Mormugao,India,IND,0,0,0,0,0,0,0,0,0,0,0,0,0,0,0,0,0,0,0,0,0,3209327
2019-12-28,2019,12,28,port709,Mormugao,India,IND,0,2,0,0,0,2,2,0,82258,0,0,0,82258,82258,0,16429,0,0,0,16429,16429,3209328
2019-12-29,2019,12,29,port709,Mormugao,India,IND,1,2,0,0,0,3,3,1420,41129,0,0,0,42549,42549,3402,50218,0,0,0,53620,53620,3209329
2019-12-30,2019,12,30,port709,Mormugao,India,IND,0,1,0,0,0,1,1,0,0,0,0,0,0,0,0,0,0,0,0,0,0,3209330
2019-12-31,2019,12,31,port709,Mormugao,India,IND,0,1,0,0,0,1,1,0,53100,0,0,0,53100,53100,0,0,0,0,0,0,0,3209331
2020-01-01,2020,1,1,port709,Mormugao,India,IND,0,2,0,0,0,2,2,0,106375,0,0,0,106375,106375,0,0,0,0,0,0,0,3209332
2020-01-02,2020,1,2,port709,Mormugao,India,IND,0,1,0,0,0,1,1,0,41129,0,0,0,41129,41129,0,8214,0,0,0,8214,8214,3209333
2020-01-03,2020,1,3,port709,Mormugao,India,IND,0,0,0,0,0,0,0,0,0,0,0,0,0,0,0,0,0,0,0,0,0,3209334
2020-01-04,2020,1,4,port709,Mormugao,India,IND,0,0,0,0,0,0,0,0,0,0,0,0,0,0,0,0,0,0,0,0,0,3209335
2020-01-05,2020,1,5,port709,Mormugao,India,IND,0,0,0,0,0,0,0,0,0,0,0,0,0,0,0,0,0,0,0,0,0,3209336
2020-01-06,2020,1,6,port709,Mormugao,India,IND,1,0,0,0,0,1,1,1420,0,0,0,0,1420,1420,3402,0,0,0,0,3402,3402,3209337
2020-01-07,2020,1,7,port709,Mormugao,India,IND,0,0,1,0,0,1,1,0,0,1367,0,0,1367,1367,0,0,4198,0,0,4198,4198,3209338
2020-01-08,2020,1,8,port709,Mormugao,India,IND,0,0,0,0,0,0,0,0,0,0,0,0,0,0,0,0,0,0,0,0,0,3209339
2020-01-09,2020,1,9,port709,Mormugao,India,IND,0,0,0,0,0,0,0,0,0,0,0,0,0,0,0,0,0,0,0,0,0,3209340
2020-01-10,2020,1,10,port709,Mormugao,India,IND,0,0,0,0,0,0,0,0,0,0,0,0,0,0,0,0,0,0,0,0,0,3209341
2020-01-11,2020,1,11,port709,Mormugao,India,IND,0,0,0,0,0,0,0,0,0,0,0,0,0,0,0,0,0,0,0,0,0,3209342
2020-01-12,2020,1,12,port709,Mormugao,India,IND,0,0,0,0,0,0,0,0,0,0,0,0,0,0,0,0,0,0,0,0,0,3209343
2020-01-13,2020,1,13,port709,Mormugao,India,IND,0,1,0,0,0,1,1,0,41129,0,0,0,41129,41129,0,8214,0,0,0,8214,8214,3209344
2020-01-14,2020,1,14,port709,Mormugao,India,IND,0,1,0,0,0,1,1,0,24374,0,0,0,24374,24374,0,0,0,0,0,0,0,3209345
2020-01-15,2020,1,15,port709,Mormugao,India,IND,0,0,0,0,0,0,0,0,0,0,0,0,0,0,0,0,0,0,0,0,0,3209346
2020-01-16,2020,1,16,port709,Mormugao,India,IND,0,0,0,0,0,0,0,0,0,0,0,0,0,0,0,0,0,0,0,0,0,3209347
2020-01-17,2020,1,17,port709,Mormugao,India,IND,0,0,0,0,0,0,0,0,0,0,0,0,0,0,0,0,0,0,0,0,0,3209348
2020-01-18,2020,1,18,port709,Mormugao,India,IND,0,0,0,0,0,0,0,0,0,0,0,0,0,0,0,0,0,0,0,0,0,3209349
2020-01-19,2020,1,19,port709,Mormugao,India,IND,1,0,0,0,0,1,1,1420,0,0,0,0,1420,1420,3402,0,0,0,0,3402,3402,3209350
2020-01-20,2020,1,20,port709,Mormugao,India,IND,0,0,0,0,0,0,0,0,0,0,0,0,0,0,0,0,0,0,0,0,0,3209351
2020-01-21,2020,1,21,port709,Mormugao,India,IND,0,0,0,0,0,0,0,0,0,0,0,0,0,0,0,0,0,0,0,0,0,3209352
2020-01-22,2020,1,22,port709,Mormugao,India,IND,0,0,0,0,0,0,0,0,0,0,0,0,0,0,0,0,0,0,0,0,0,3209353
2020-01-23,2020,1,23,port709,Mormugao,India,IND,0,0,0,0,0,0,0,0,0,0,0,0,0,0,0,0,0,0,0,0,0,3209354
2020-01-24,2020,1,24,port709,Mormugao,India,IND,0,0,0,0,0,0,0,0,0,0,0,0,0,0,0,0,0,0,0,0,0,3209355
2020-01-25,2020,1,25,port709,Mormugao,India,IND,0,0,0,0,0,0,0,0,0,0,0,0,0,0,0,0,0,0,0,0,0,3209356
2020-01-26,2020,1,26,port709,Mormugao,India,IND,0,0,0,0,0,0,0,0,0,0,0,0,0,0,0,0,0,0,0,0,0,3209357
2020-01-27,2020,1,27,port709,Mormugao,India,IND,0,2,0,0,0,2,2,0,82968,0,0,0,82968,82968,0,11404,0,0,0,11404,11404,3209358
2020-01-28,2020,1,28,port709,Mormugao,India,IND,0,1,0,0,0,1,1,0,41129,0,0,0,41129,41129,0,8214,0,0,0,8214,8214,3209359
2020-01-29,2020,1,29,port709,Mormugao,India,IND,0,1,0,0,0,1,1,0,25525,0,0,0,25525,25525,0,0,0,0,0,0,0,3209360
2020-01-30,2020,1,30,port709,Mormugao,India,IND,0,0,0,0,0,0,0,0,0,0,0,0,0,0,0,0,0,0,0,0,0,3209361
2020-01-31,2020,1,31,port709,Mormugao,India,IND,0,0,0,0,0,0,0,0,0,0,0,0,0,0,0,0,0,0,0,0,0,3209362
2020-02-01,2020,2,1,port709,Mormugao,India,IND,0,0,0,0,1,0,1,0,0,0,0,9757,0,9757,0,0,0,0,544,0,544,3209363
2020-02-02,2020,2,2,port709,Mormugao,India,IND,1,0,0,0,0,1,1,1420,0,0,0,0,1420,1420,3402,0,0,0,0,3402,3402,3209364
2020-02-03,2020,2,3,port709,Mormugao,India,IND,0,0,0,0,0,0,0,0,0,0,0,0,0,0,0,0,0,0,0,0,0,3209365
2020-02-04,2020,2,4,port709,Mormugao,India,IND,0,0,0,0,0,0,0,0,0,0,0,0,0,0,0,0,0,0,0,0,0,3209366
2020-02-05,2020,2,5,port709,Mormugao,India,IND,0,1,0,0,0,1,1,0,39006,0,0,0,39006,39006,0,0,0,0,0,0,0,3209367
2020-03-07,2020,3,7,port709,Mormugao,India,IND,0,0,0,0,0,0,0,0,0,0,0,0,0,0,0,0,0,0,0,0,0,3209622
2020-03-08,2020,3,8,port709,Mormugao,India,IND,0,0,0,0,0,0,0,0,0,0,0,0,0,0,0,0,0,0,0,0,0,3209624
2020-03-09,2020,3,9,port709,Mormugao,India,IND,0,1,0,0,0,1,1,0,27286,0,0,0,27286,27286,0,0,0,0,0,0,0,3209626
2020-03-10,2020,3,10,port709,Mormugao,India,IND,0,0,0,0,0,0,0,0,0,0,0,0,0,0,0,0,0,0,0,0,0,3209628
2020-03-11,2020,3,11,port709,Mormugao,India,IND,0,0,0,0,0,0,0,0,0,0,0,0,0,0,0,0,0,0,0,0,0,3209630
2020-03-12,2020,3,12,port709,Mormugao,India,IND,0,0,0,0,0,0,0,0,0,0,0,0,0,0,0,0,0,0,0,0,0,3209632
2020-03-13,2020,3,13,port709,Mormugao,India,IND,0,1,0,0,0,1,1,0,41129,0,0,0,41129,41129,0,8214,0,0,0,8214,8214,3209634
2020-03-14,2020,3,14,port709,Mormugao,India,IND,0,0,0,0,0,0,0,0,0,0,0,0,0,0,0,0,0,0,0,0,0,3209636
2020-03-15,2020,3,15,port709,Mormugao,India,IND,0,1,0,0,0,1,1,0,60396,0,0,0,60396,60396,0,0,0,0,0,0,0,3209638
2019-01-01,2019,1,1,port709,Mormugao,India,IND,0,0,0,0,0,0,0,0,0,0,0,0,0,0,0,0,0,0,0,0,0,3209639
2020-03-16,2020,3,16,port709,Mormugao,India,IND,0,0,0,0,0,0,0,0,0,0,0,0,0,0,0,0,0,0,0,0,0,3209640
2020-03-17,2020,3,17,port709,Mormugao,India,IND,1,0,0,0,0,1,1,1420,0,0,0,0,1420,1420,3402,0,0,0,0,3402,3402,3209641
2020-03-18,2020,3,18,port709,Mormugao,India,IND,0,0,0,0,0,0,0,0,0,0,0,0,0,0,0,0,0,0,0,0,0,3209642
2020-03-19,2020,3,19,port709,Mormugao,India,IND,0,1,0,0,0,1,1,0,0,0,0,0,0,0,0,55006,0,0,0,55006,55006,3209643
2020-03-20,2020,3,20,port709,Mormugao,India,IND,0,0,0,0,1,0,1,0,0,0,0,9757,0,9757,0,0,0,0,544,0,544,3209644
2020-03-21,2020,3,21,port709,Mormugao,India,IND,0,1,0,0,0,1,1,0,41129,0,0,0,41129,41129,0,8214,0,0,0,8214,8214,3209645
2020-03-22,2020,3,22,port709,Mormugao,India,IND,0,0,0,0,0,0,0,0,0,0,0,0,0,0,0,0,0,0,0,0,0,3209646
2020-03-23,2020,3,23,port709,Mormugao,India,IND,0,1,0,0,0,1,1,0,117068,0,0,0,117068,117068,0,0,0,0,0,0,0,3209647
2020-03-24,2020,3,24,port709,Mormugao,India,IND,0,0,0,0,1,0,1,0,0,0,0,4125,0,4125,0,0,0,0,0,0,0,3209648
2020-03-25,2020,3,25,port709,Mormugao,India,IND,0,0,0,0,0,0,0,0,0,0,0,0,0,0,0,0,0,0,0,0,0,3209649
2020-03-26,2020,3,26,port709,Mormugao,India,IND,0,0,0,0,0,0,0,0,0,0,0,0,0,0,0,0,0,0,0,0,0,3209650
2020-03-27,2020,3,27,port709,Mormugao,India,IND,0,1,1,0,0,2,2,0,0,1367,0,0,1367,1367,0,19721,4198,0,0,23920,23920,3209651
2020-03-28,2020,3,28,port709,Mormugao,India,IND,0,1,1,0,0,2,2,0,86447,0,0,0,86447,86447,0,0,0,0,0,0,0,3209652
2020-03-29,2020,3,29,port709,Mormugao,India,IND,0,0,1,0,0,1,1,0,0,0,0,0,0,0,0,0,0,0,0,0,0,3209653
2020-03-30,2020,3,30,port709,Mormugao,India,IND,0,0,0,0,0,0,0,0,0,0,0,0,0,0,0,0,0,0,0,0,0,3209654
2020-03-31,2020,3,31,port709,Mormugao,India,IND,1,0,0,0,0,1,1,1420,0,0,0,0,1420,1420,3402,0,0,0,0,3402,3402,3209655
2020-04-01,2020,4,1,port709,Mormugao,India,IND,0,1,0,0,0,1,1,0,41129,0,0,0,41129,41129,0,8214,0,0,0,8214,8214,3209656
2020-04-02,2020,4,2,port709,Mormugao,India,IND,0,0,0,0,0,0,0,0,0,0,0,0,0,0,0,0,0,0,0,0,0,3209657
2020-04-03,2020,4,3,port709,Mormugao,India,IND,0,0,0,0,0,0,0,0,0,0,0,0,0,0,0,0,0,0,0,0,0,3209658
2020-04-04,2020,4,4,port709,Mormugao,India,IND,0,0,1,0,0,1,1,0,0,0,0,0,0,0,0,0,0,0,0,0,0,3209659
2020-04-05,2020,4,5,port709,Mormugao,India,IND,0,1,1,0,0,2,2,0,82340,0,0,0,82340,82340,0,0,0,0,0,0,0,3209660
2020-04-06,2020,4,6,port709,Mormugao,India,IND,0,0,0,0,0,0,0,0,0,0,0,0,0,0,0,0,0,0,0,0,0,3209661
2020-04-07,2020,4,7,port709,Mormugao,India,IND,0,1,0,0,0,1,1,0,0,0,0,0,0,0,0,4408,0,0,0,4408,4408,3209662
2020-04-08,2020,4,8,port709,Mormugao,India,IND,0,1,0,0,1,1,2,0,16232,0,0,32469,16232,48702,0,0,0,0,0,0,0,3209663
2020-04-09,2020,4,9,port709,Mormugao,India,IND,0,0,0,0,0,0,0,0,0,0,0,0,0,0,0,0,0,0,0,0,0,3209664
2020-04-10,2020,4,10,port709,Mormugao,India,IND,0,0,0,0,0,0,0,0,0,0,0,0,0,0,0,0,0,0,0,0,0,3209665
2020-04-11,2020,4,11,port709,Mormugao,India,IND,0,1,0,0,1,1,2,0,0,0,0,4576,0,4576,0,24259,0,0,0,24259,24259,3209666
2020-04-12,2020,4,12,port709,Mormugao,India,IND,0,0,0,0,0,0,0,0,0,0,0,0,0,0,0,0,0,0,0,0,0,3209667
2020-04-13,2020,4,13,port709,Mormugao,India,IND,0,1,0,0,0,1,1,0,72994,0,0,0,72994,72994,0,0,0,0,0,0,0,3209668
2020-04-14,2020,4,14,port709,Mormugao,India,IND,0,1,0,0,0,1,1,0,45233,0,0,0,45233,45233,0,0,0,0,0,0,0,3209669
2020-04-15,2020,4,15,port709,Mormugao,India,IND,0,0,0,0,0,0,0,0,0,0,0,0,0,0,0,0,0,0,0,0,0,3209670
2020-04-16,2020,4,16,port709,Mormugao,India,IND,0,0,0,0,0,0,0,0,0,0,0,0,0,0,0,0,0,0,0,0,0,3209671
2020-04-17,2020,4,17,port709,Mormugao,India,IND,0,1,0,0,0,1,1,0,33061,0,0,0,33061,33061,0,0,0,0,0,0,0,3209672
2020-04-18,2020,4,18,port709,Mormugao,India,IND,0,1,0,0,0,1,1,0,0,0,0,0,0,0,0,7248,0,0,0,7248,7248,3209673
2020-04-19,2020,4,19,port709,Mormugao,India,IND,0,0,0,0,0,0,0,0,0,0,0,0,0,0,0,0,0,0,0,0,0,3209674
2020-04-20,2020,4,20,port709,Mormugao,India,IND,0,1,0,0,0,1,1,0,87778,0,0,0,87778,87778,0,0,0,0,0,0,0,3209675
2020-04-21,2020,4,21,port709,Mormugao,India,IND,0,0,0,0,0,0,0,0,0,0,0,0,0,0,0,0,0,0,0,0,0,3209676
2020-04-22,2020,4,22,port709,Mormugao,India,IND,0,1,0,0,0,1,1,0,0,0,0,0,0,0,0,3229,0,0,0,3229,3229,3209677
2020-04-23,2020,4,23,port709,Mormugao,India,IND,0,0,0,0,0,0,0,0,0,0,0,0,0,0,0,0,0,0,0,0,0,3209678
2020-04-24,2020,4,24,port709,Mormugao,India,IND,0,0,0,0,0,0,0,0,0,0,0,0,0,0,0,0,0,0,0,0,0,3209679
2020-04-25,2020,4,25,port709,Mormugao,India,IND,0,0,0,0,0,0,0,0,0,0,0,0,0,0,0,0,0,0,0,0,0,3209680
2020-04-26,2020,4,26,port709,Mormugao,India,IND,0,1,0,0,0,1,1,0,0,0,0,0,0,0,0,17318,0,0,0,17318,17318,3209681
2020-04-27,2020,4,27,port709,Mormugao,India,IND,0,0,0,0,0,0,0,0,0,0,0,0,0,0,0,0,0,0,0,0,0,3209682
2020-04-28,2020,4,28,port709,Mormugao,India,IND,0,0,0,0,0,0,0,0,0,0,0,0,0,0,0,0,0,0,0,0,0,3209683
2020-04-29,2020,4,29,port709,Mormugao,India,IND,0,0,0,0,0,0,0,0,0,0,0,0,0,0,0,0,0,0,0,0,0,3209684
2020-04-30,2020,4,30,port709,Mormugao,India,IND,0,2,0,0,0,2,2,0,88606,0,0,0,88606,88606,0,48102,0,0,0,48102,48102,3209685
2020-05-01,2020,5,1,port709,Mormugao,India,IND,0,0,1,0,0,1,1,0,0,0,0,0,0,0,0,0,0,0,0,0,0,3209686
2020-05-02,2020,5,2,port709,Mormugao,India,IND,0,0,0,0,0,0,0,0,0,0,0,0,0,0,0,0,0,0,0,0,0,3209687
2020-05-03,2020,5,3,port709,Mormugao,India,IND,0,1,0,0,0,1,1,0,109776,0,0,0,109776,109776,0,0,0,0,0,0,0,3209688
2020-05-04,2020,5,4,port709,Mormugao,India,IND,0,1,0,0,0,1,1,0,86880,0,0,0,86880,86880,0,0,0,0,0,0,0,3209689
2020-05-05,2020,5,5,port709,Mormugao,India,IND,0,0,1,0,0,1,1,0,0,0,0,0,0,0,0,0,0,0,0,0,0,3209690
2020-05-06,2020,5,6,port709,Mormugao,India,IND,0,1,0,0,0,1,1,0,166843,0,0,0,166843,166843,0,0,0,0,0,0,0,3209691
2020-05-07,2020,5,7,port709,Mormugao,India,IND,0,1,0,0,0,1,1,0,0,0,0,0,0,0,0,40671,0,0,0,40671,40671,3209692
2020-05-08,2020,5,8,port709,Mormugao,India,IND,0,0,0,0,0,0,0,0,0,0,0,0,0,0,0,0,0,0,0,0,0,3209693
2020-05-09,2020,5,9,port709,Mormugao,India,IND,0,1,0,0,0,1,1,0,41129,0,0,0,41129,41129,0,8214,0,0,0,8214,8214,3209694
2020-05-10,2020,5,10,port709,Mormugao,India,IND,0,0,0,0,0,0,0,0,0,0,0,0,0,0,0,0,0,0,0,0,0,3209695
2020-05-11,2020,5,11,port709,Mormugao,India,IND,0,1,0,0,0,1,1,0,41129,0,0,0,41129,41129,0,8214,0,0,0,8214,8214,3209696
2020-05-12,2020,5,12,port709,Mormugao,India,IND,0,0,0,0,0,0,0,0,0,0,0,0,0,0,0,0,0,0,0,0,0,3209697
2020-05-13,2020,5,13,port709,Mormugao,India,IND,0,2,0,0,0,2,2,0,86066,0,0,0,86066,86066,0,54899,0,0,0,54899,54899,3209698
2020-05-14,2020,5,14,port709,Mormugao,India,IND,0,1,0,0,0,1,1,0,0,0,0,0,0,0,0,40924,0,0,0,40924,40924,3209699
2020-05-15,2020,5,15,port709,Mormugao,India,IND,0,0,0,0,0,0,0,0,0,0,0,0,0,0,0,0,0,0,0,0,0,3209700
2020-05-16,2020,5,16,port709,Mormugao,India,IND,0,1,0,0,1,1,2,0,0,0,0,9757,0,9757,0,0,0,0,544,0,544,3209701
2020-05-17,2020,5,17,port709,Mormugao,India,IND,0,1,0,0,0,1,1,0,47694,0,0,0,47694,47694,0,0,0,0,0,0,0,3209702
2020-05-18,2020,5,18,port709,Mormugao,India,IND,0,2,0,0,0,2,2,0,52344,0,0,0,52344,52344,0,8214,0,0,0,8214,8214,3209703
2020-05-19,2020,5,19,port709,Mormugao,India,IND,0,1,0,0,0,1,1,0,41129,0,0,0,41129,41129,0,8214,0,0,0,8214,8214,3209704
2020-05-20,2020,5,20,port709,Mormugao,India,IND,0,2,0,0,0,2,2,0,0,0,0,0,0,0,0,90615,0,0,0,90615,90615,3209705
2020-05-21,2020,5,21,port709,Mormugao,India,IND,0,0,0,0,0,0,0,0,0,0,0,0,0,0,0,0,0,0,0,0,0,3209706
2020-05-22,2020,5,22,port709,Mormugao,India,IND,0,2,0,0,0,2,2,0,0,0,0,0,0,0,0,63730,0,0,0,63730,63730,3209707
2020-05-23,2020,5,23,port709,Mormugao,India,IND,0,2,0,0,0,2,2,0,129141,0,0,0,129141,129141,0,0,0,0,0,0,0,3209708
2020-05-24,2020,5,24,port709,Mormugao,India,IND,0,1,0,0,0,1,1,0,0,0,0,0,0,0,0,54439,0,0,0,54439,54439,3209709
2020-05-25,2020,5,25,port709,Mormugao,India,IND,0,3,0,0,0,3,3,0,119182,0,0,0,119182,119182,0,42080,0,0,0,42080,42080,3209710
2020-05-26,2020,5,26,port709,Mormugao,India,IND,0,1,0,0,0,1,1,0,0,0,0,0,0,0,0,53502,0,0,0,53502,53502,3209711
2020-05-27,2020,5,27,port709,Mormugao,India,IND,0,0,0,0,0,0,0,0,0,0,0,0,0,0,0,0,0,0,0,0,0,3209712
2020-05-28,2020,5,28,port709,Mormugao,India,IND,0,0,0,0,0,0,0,0,0,0,0,0,0,0,0,0,0,0,0,0,0,3209713
2020-05-29,2020,5,29,port709,Mormugao,India,IND,0,4,0,0,0,4,4,0,123387,0,0,0,123387,123387,0,53615,0,0,0,53615,53615,3209714
2020-05-30,2020,5,30,port709,Mormugao,India,IND,0,2,1,0,0,3,3,0,8594,0,0,0,8594,8594,0,0,0,0,0,0,0,3209715
2020-05-31,2020,5,31,port709,Mormugao,India,IND,0,0,0,0,0,0,0,0,0,0,0,0,0,0,0,0,0,0,0,0,0,3209716
2020-06-01,2020,6,1,port709,Mormugao,India,IND,0,1,0,0,0,1,1,0,79264,0,0,0,79264,79264,0,0,0,0,0,0,0,3209717
2020-06-02,2020,6,2,port709,Mormugao,India,IND,0,0,0,0,0,0,0,0,0,0,0,0,0,0,0,0,0,0,0,0,0,3209718
2020-06-03,2020,6,3,port709,Mormugao,India,IND,0,1,1,0,0,2,2,0,0,1367,0,0,1367,1367,0,13995,4198,0,0,18194,18194,3209719
2020-06-04,2020,6,4,port709,Mormugao,India,IND,0,2,0,0,0,2,2,0,0,0,0,0,0,0,0,119000,0,0,0,119000,119000,3209720
2020-06-05,2020,6,5,port709,Mormugao,India,IND,0,4,0,0,0,4,4,0,129735,0,0,0,129735,129735,0,91126,0,0,0,91126,91126,3209721
2020-06-06,2020,6,6,port709,Mormugao,India,IND,0,0,0,0,0,0,0,0,0,0,0,0,0,0,0,0,0,0,0,0,0,3209722
2020-06-07,2020,6,7,port709,Mormugao,India,IND,0,0,0,0,0,0,0,0,0,0,0,0,0,0,0,0,0,0,0,0,0,3209723
2020-06-08,2020,6,8,port709,Mormugao,India,IND,0,1,1,0,0,2,2,0,0,0,0,0,0,0,0,54494,7571,0,0,62066,62066,3209724
2020-06-09,2020,6,9,port709,Mormugao,India,IND,0,1,0,0,0,1,1,0,0,0,0,0,0,0,0,22764,0,0,0,22764,22764,3209725
2020-06-10,2020,6,10,port709,Mormugao,India,IND,0,3,1,0,0,4,4,0,89817,0,0,0,89817,89817,0,0,5965,0,0,5965,5965,3209726
2020-06-11,2020,6,11,port709,Mormugao,India,IND,0,0,0,0,0,0,0,0,0,0,0,0,0,0,0,0,0,0,0,0,0,3209727
2020-06-12,2020,6,12,port709,Mormugao,India,IND,0,0,0,0,0,0,0,0,0,0,0,0,0,0,0,0,0,0,0,0,0,3209728
2020-06-13,2020,6,13,port709,Mormugao,India,IND,0,0,0,0,0,0,0,0,0,0,0,0,0,0,0,0,0,0,0,0,0,3209729
2020-06-14,2020,6,14,port709,Mormugao,India,IND,0,0,0,0,0,0,0,0,0,0,0,0,0,0,0,0,0,0,0,0,0,3209730
2020-06-15,2020,6,15,port709,Mormugao,India,IND,0,1,0,0,1,1,2,0,75250,0,0,18814,75250,94064,0,0,0,0,0,0,0,3209731
2020-06-16,2020,6,16,port709,Mormugao,India,IND,0,1,0,0,0,1,1,0,0,0,0,0,0,0,0,0,0,0,0,0,0,3209732
2020-06-17,2020,6,17,port709,Mormugao,India,IND,0,0,1,0,0,1,1,0,0,1367,0,0,1367,1367,0,0,4198,0,0,4198,4198,3209733
2020-06-18,2020,6,18,port709,Mormugao,India,IND,0,2,0,0,0,2,2,0,82258,0,0,0,82258,82258,0,16429,0,0,0,16429,16429,3209734
2020-06-19,2020,6,19,port709,Mormugao,India,IND,0,0,0,0,0,0,0,0,0,0,0,0,0,0,0,0,0,0,0,0,0,3209735
2020-06-20,2020,6,20,port709,Mormugao,India,IND,0,1,1,0,0,2,2,0,82924,0,0,0,82924,82924,0,0,11921,0,0,11921,11921,3209736
2020-06-21,2020,6,21,port709,Mormugao,India,IND,0,2,1,0,0,3,3,0,41129,1367,0,0,42496,42496,0,59505,4198,0,0,63704,63704,3209737
2020-06-22,2020,6,22,port709,Mormugao,India,IND,0,1,1,0,0,2,2,0,20353,0,0,0,20353,20353,0,0,14539,0,0,14539,14539,3209738
2020-06-23,2020,6,23,port709,Mormugao,India,IND,0,1,0,0,0,1,1,0,0,0,0,0,0,0,0,31144,0,0,0,31144,31144,3209739
2020-06-24,2020,6,24,port709,Mormugao,India,IND,0,0,0,0,0,0,0,0,0,0,0,0,0,0,0,0,0,0,0,0,0,3209740
2020-06-25,2020,6,25,port709,Mormugao,India,IND,0,2,0,0,0,2,2,0,82258,0,0,0,82258,82258,0,16429,0,0,0,16429,16429,3209741
2020-06-26,2020,6,26,port709,Mormugao,India,IND,0,1,0,0,0,1,1,0,0,0,0,0,0,0,0,29920,0,0,0,29920,29920,3209742
2020-06-27,2020,6,27,port709,Mormugao,India,IND,0,1,0,0,0,1,1,0,1085,0,0,0,1085,1085,0,0,0,0,0,0,0,3209743
2020-06-28,2020,6,28,port709,Mormugao,India,IND,0,1,0,0,0,1,1,0,0,0,0,0,0,0,0,37256,0,0,0,37256,37256,3209744
2020-06-29,2020,6,29,port709,Mormugao,India,IND,1,0,0,0,1,1,2,0,0,0,0,28369,0,28369,20509,0,0,0,0,20509,20509,3209745
2020-06-30,2020,6,30,port709,Mormugao,India,IND,0,3,0,0,0,3,3,0,84402,0,0,0,84402,84402,0,52367,0,0,0,52367,52367,3209746
2020-07-01,2020,7,1,port709,Mormugao,India,IND,0,2,0,0,0,2,2,0,244782,0,0,0,244782,244782,0,0,0,0,0,0,0,3209747
2020-07-02,2020,7,2,port709,Mormugao,India,IND,0,0,0,0,0,0,0,0,0,0,0,0,0,0,0,0,0,0,0,0,0,3209748
2020-07-03,2020,7,3,port709,Mormugao,India,IND,0,1,0,0,0,1,1,0,25865,0,0,0,25865,25865,0,0,0,0,0,0,0,3209749
2020-07-04,2020,7,4,port709,Mormugao,India,IND,0,0,0,0,0,0,0,0,0,0,0,0,0,0,0,0,0,0,0,0,0,3209750
2020-07-05,2020,7,5,port709,Mormugao,India,IND,0,0,0,0,0,0,0,0,0,0,0,0,0,0,0,0,0,0,0,0,0,3209751
2020-07-06,2020,7,6,port709,Mormugao,India,IND,0,3,0,0,0,3,3,0,82258,0,0,0,82258,82258,0,64841,0,0,0,64841,64841,3209752
2020-07-07,2020,7,7,port709,Mormugao,India,IND,0,0,0,0,0,0,0,0,0,0,0,0,0,0,0,0,0,0,0,0,0,3209753
2020-07-08,2020,7,8,port709,Mormugao,India,IND,0,1,0,0,0,1,1,0,41129,0,0,0,41129,41129,0,8214,0,0,0,8214,8214,3209754
2020-07-09,2020,7,9,port709,Mormugao,India,IND,0,1,1,0,0,2,2,0,51838,1367,0,0,53206,53206,0,0,4198,0,0,4198,4198,3209755
2020-07-10,2020,7,10,port709,Mormugao,India,IND,0,1,0,0,1,1,2,0,0,0,0,521,0,521,0,26081,0,0,0,26081,26081,3209756
2020-07-11,2020,7,11,port709,Mormugao,India,IND,0,3,0,0,0,3,3,0,211764,0,0,0,211764,211764,0,54115,0,0,0,54115,54115,3209757
2020-07-12,2020,7,12,port709,Mormugao,India,IND,0,1,1,0,0,2,2,0,41129,1367,0,0,42496,42496,0,8214,4198,0,0,12413,12413,3209758
2020-07-13,2020,7,13,port709,Mormugao,India,IND,0,3,0,0,0,3,3,0,128181,0,0,0,128181,128181,0,52109,0,0,0,52109,52109,3209759
2020-07-14,2020,7,14,port709,Mormugao,India,IND,0,1,0,0,0,1,1,0,0,0,0,0,0,0,0,55849,0,0,0,55849,55849,3209760
2020-07-15,2020,7,15,port709,Mormugao,India,IND,1,0,0,0,0,1,1,0,0,0,0,0,0,0,9049,0,0,0,0,9049,9049,3209761
2020-07-16,2020,7,16,port709,Mormugao,India,IND,0,0,0,0,0,0,0,0,0,0,0,0,0,0,0,0,0,0,0,0,0,3209762
2020-07-17,2020,7,17,port709,Mormugao,India,IND,0,0,0,0,0,0,0,0,0,0,0,0,0,0,0,0,0,0,0,0,0,3209763
2020-07-18,2020,7,18,port709,Mormugao,India,IND,0,1,0,0,0,1,1,0,135341,0,0,0,135341,135341,0,0,0,0,0,0,0,3209764
2020-07-19,2020,7,19,port709,Mormugao,India,IND,0,0,0,0,0,0,0,0,0,0,0,0,0,0,0,0,0,0,0,0,0,3209765
2020-07-20,2020,7,20,port709,Mormugao,India,IND,0,0,0,0,0,0,0,0,0,0,0,0,0,0,0,0,0,0,0,0,0,3209766
2020-07-21,2020,7,21,port709,Mormugao,India,IND,1,0,0,0,0,1,1,1420,0,0,0,0,1420,1420,3402,0,0,0,0,3402,3402,3209767
2020-07-22,2020,7,22,port709,Mormugao,India,IND,0,0,0,0,1,0,1,0,0,0,0,9757,0,9757,0,0,0,0,544,0,544,3209768
2020-07-23,2020,7,23,port709,Mormugao,India,IND,0,1,0,0,0,1,1,0,65281,0,0,0,65281,65281,0,0,0,0,0,0,0,3209769
2020-07-24,2020,7,24,port709,Mormugao,India,IND,0,1,0,0,0,1,1,0,41129,0,0,0,41129,41129,0,8214,0,0,0,8214,8214,3209770
2020-07-25,2020,7,25,port709,Mormugao,India,IND,0,2,0,0,0,2,2,0,111276,0,0,0,111276,111276,0,15968,0,0,0,15968,15968,3209771
2020-07-26,2020,7,26,port709,Mormugao,India,IND,0,0,0,0,0,0,0,0,0,0,0,0,0,0,0,0,0,0,0,0,0,3209772
2020-07-27,2020,7,27,port709,Mormugao,India,IND,0,0,0,0,0,0,0,0,0,0,0,0,0,0,0,0,0,0,0,0,0,3209773
2020-07-28,2020,7,28,port709,Mormugao,India,IND,0,0,0,0,0,0,0,0,0,0,0,0,0,0,0,0,0,0,0,0,0,3209774
2020-07-29,2020,7,29,port709,Mormugao,India,IND,0,1,0,0,0,1,1,0,0,0,0,0,0,0,0,16494,0,0,0,16494,16494,3209775
2020-07-30,2020,7,30,port709,Mormugao,India,IND,0,1,0,0,0,1,1,0,41129,0,0,0,41129,41129,0,8214,0,0,0,8214,8214,3209776
2020-07-31,2020,7,31,port709,Mormugao,India,IND,1,1,0,0,0,2,2,1420,35932,0,0,0,37352,37352,3402,0,0,0,0,3402,3402,3209777
2020-08-01,2020,8,1,port709,Mormugao,India,IND,0,0,0,0,0,0,0,0,0,0,0,0,0,0,0,0,0,0,0,0,0,3209778
2020-08-02,2020,8,2,port709,Mormugao,India,IND,1,0,0,0,0,1,1,1420,0,0,0,0,1420,1420,3402,0,0,0,0,3402,3402,3209779
2020-08-03,2020,8,3,port709,Mormugao,India,IND,0,1,0,0,0,1,1,0,0,0,0,0,0,0,0,28159,0,0,0,28159,28159,3209780
2020-08-04,2020,8,4,port709,Mormugao,India,IND,0,0,0,0,0,0,0,0,0,0,0,0,0,0,0,0,0,0,0,0,0,3209781
2020-08-05,2020,8,5,port709,Mormugao,India,IND,0,0,0,0,0,0,0,0,0,0,0,0,0,0,0,0,0,0,0,0,0,3209782
2020-08-06,2020,8,6,port709,Mormugao,India,IND,0,1,0,0,0,1,1,0,0,0,0,0,0,0,0,0,0,0,0,0,0,3209783
2020-08-07,2020,8,7,port709,Mormugao,India,IND,0,1,0,0,0,1,1,0,129382,0,0,0,129382,129382,0,0,0,0,0,0,0,3209784
2020-08-08,2020,8,8,port709,Mormugao,India,IND,0,0,0,0,0,0,0,0,0,0,0,0,0,0,0,0,0,0,0,0,0,3209785
2020-08-09,2020,8,9,port709,Mormugao,India,IND,0,0,0,0,0,0,0,0,0,0,0,0,0,0,0,0,0,0,0,0,0,3209786
2020-08-10,2020,8,10,port709,Mormugao,India,IND,0,0,0,0,0,0,0,0,0,0,0,0,0,0,0,0,0,0,0,0,0,3209787
2020-08-11,2020,8,11,port709,Mormugao,India,IND,0,0,0,0,0,0,0,0,0,0,0,0,0,0,0,0,0,0,0,0,0,3209788
2020-08-12,2020,8,12,port709,Mormugao,India,IND,0,1,0,0,1,1,2,0,80966,0,0,33249,80966,114216,0,0,0,0,0,0,0,3209789
2020-08-13,2020,8,13,port709,Mormugao,India,IND,0,0,0,0,0,0,0,0,0,0,0,0,0,0,0,0,0,0,0,0,0,3209790
2020-08-14,2020,8,14,port709,Mormugao,India,IND,0,0,0,0,0,0,0,0,0,0,0,0,0,0,0,0,0,0,0,0,0,3209791
2020-08-15,2020,8,15,port709,Mormugao,India,IND,0,0,0,0,0,0,0,0,0,0,0,0,0,0,0,0,0,0,0,0,0,3209792
2020-08-16,2020,8,16,port709,Mormugao,India,IND,0,0,0,0,0,0,0,0,0,0,0,0,0,0,0,0,0,0,0,0,0,3209793
2020-08-17,2020,8,17,port709,Mormugao,India,IND,0,0,0,0,0,0,0,0,0,0,0,0,0,0,0,0,0,0,0,0,0,3209794
2020-08-18,2020,8,18,port709,Mormugao,India,IND,1,0,0,0,0,1,1,1420,0,0,0,0,1420,1420,3402,0,0,0,0,3402,3402,3209795
2020-08-19,2020,8,19,port709,Mormugao,India,IND,0,1,0,0,0,1,1,0,131259,0,0,0,131259,131259,0,0,0,0,0,0,0,3209796
2020-08-20,2020,8,20,port709,Mormugao,India,IND,0,0,0,0,0,0,0,0,0,0,0,0,0,0,0,0,0,0,0,0,0,3209797
2020-08-21,2020,8,21,port709,Mormugao,India,IND,0,0,0,0,0,0,0,0,0,0,0,0,0,0,0,0,0,0,0,0,0,3209798
2020-08-22,2020,8,22,port709,Mormugao,India,IND,0,0,0,0,0,0,0,0,0,0,0,0,0,0,0,0,0,0,0,0,0,3209799
2020-08-23,2020,8,23,port709,Mormugao,India,IND,0,0,0,0,0,0,0,0,0,0,0,0,0,0,0,0,0,0,0,0,0,3209800
2020-08-24,2020,8,24,port709,Mormugao,India,IND,0,1,0,0,0,1,1,0,63371,0,0,0,63371,63371,0,0,0,0,0,0,0,3209801
2020-08-25,2020,8,25,port709,Mormugao,India,IND,0,1,0,0,0,1,1,0,0,0,0,0,0,0,0,0,0,0,0,0,0,3209802
2020-08-26,2020,8,26,port709,Mormugao,India,IND,0,1,0,0,0,1,1,0,29723,0,0,0,29723,29723,0,0,0,0,0,0,0,3209803
2020-08-27,2020,8,27,port709,Mormugao,India,IND,0,0,0,0,0,0,0,0,0,0,0,0,0,0,0,0,0,0,0,0,0,3209804
2020-08-28,2020,8,28,port709,Mormugao,India,IND,0,2,0,0,0,2,2,0,161086,0,0,0,161086,161086,0,8214,0,0,0,8214,8214,3209805
2020-08-29,2020,8,29,port709,Mormugao,India,IND,0,1,0,0,0,1,1,0,41129,0,0,0,41129,41129,0,8214,0,0,0,8214,8214,3209806
2020-08-30,2020,8,30,port709,Mormugao,India,IND,0,0,0,0,1,0,1,0,0,0,0,0,0,0,0,0,0,0,28369,0,28369,3209807
2020-08-31,2020,8,31,port709,Mormugao,India,IND,0,0,0,0,0,0,0,0,0,0,0,0,0,0,0,0,0,0,0,0,0,3209808
2020-09-01,2020,9,1,port709,Mormugao,India,IND,0,1,0,0,0,1,1,0,41129,0,0,0,41129,41129,0,8214,0,0,0,8214,8214,3209809
2020-09-02,2020,9,2,port709,Mormugao,India,IND,0,0,0,0,0,0,0,0,0,0,0,0,0,0,0,0,0,0,0,0,0,3209810
2020-09-03,2020,9,3,port709,Mormugao,India,IND,1,0,0,0,0,1,1,1420,0,0,0,0,1420,1420,3402,0,0,0,0,3402,3402,3209811
2020-09-04,2020,9,4,port709,Mormugao,India,IND,0,2,0,0,0,2,2,0,31146,0,0,0,31146,31146,0,49559,0,0,0,49559,49559,3209812
2020-09-05,2020,9,5,port709,Mormugao,India,IND,0,1,0,0,0,1,1,0,53470,0,0,0,53470,53470,0,0,0,0,0,0,0,3209813
2020-09-06,2020,9,6,port709,Mormugao,India,IND,0,0,1,0,0,1,1,0,0,1367,0,0,1367,1367,0,0,4198,0,0,4198,4198,3209814
2020-09-07,2020,9,7,port709,Mormugao,India,IND,0,0,0,0,0,0,0,0,0,0,0,0,0,0,0,0,0,0,0,0,0,3209815
2020-09-08,2020,9,8,port709,Mormugao,India,IND,0,0,0,0,0,0,0,0,0,0,0,0,0,0,0,0,0,0,0,0,0,3209816
2020-09-09,2020,9,9,port709,Mormugao,India,IND,0,0,0,0,0,0,0,0,0,0,0,0,0,0,0,0,0,0,0,0,0,3209817
2020-09-10,2020,9,10,port709,Mormugao,India,IND,1,1,1,0,0,3,3,0,41129,1367,0,0,42496,42496,8759,8214,4198,0,0,21173,21173,3209818
2020-09-11,2020,9,11,port709,Mormugao,India,IND,0,1,0,0,0,1,1,0,41129,0,0,0,41129,41129,0,8214,0,0,0,8214,8214,3209819
2020-09-12,2020,9,12,port709,Mormugao,India,IND,0,0,0,0,0,0,0,0,0,0,0,0,0,0,0,0,0,0,0,0,0,3209820
2020-09-13,2020,9,13,port709,Mormugao,India,IND,0,1,0,0,0,1,1,0,74116,0,0,0,74116,74116,0,0,0,0,0,0,0,3209821
2020-09-14,2020,9,14,port709,Mormugao,India,IND,0,0,0,0,0,0,0,0,0,0,0,0,0,0,0,0,0,0,0,0,0,3209822
2020-09-15,2020,9,15,port709,Mormugao,India,IND,0,1,0,0,0,1,1,0,40946,0,0,0,40946,40946,0,0,0,0,0,0,0,3209823
2020-09-16,2020,9,16,port709,Mormugao,India,IND,0,0,0,0,0,0,0,0,0,0,0,0,0,0,0,0,0,0,0,0,0,3209824
2020-09-17,2020,9,17,port709,Mormugao,India,IND,0,0,0,0,0,0,0,0,0,0,0,0,0,0,0,0,0,0,0,0,0,3209825
2020-09-18,2020,9,18,port709,Mormugao,India,IND,0,0,0,0,0,0,0,0,0,0,0,0,0,0,0,0,0,0,0,0,0,3209826
2020-09-19,2020,9,19,port709,Mormugao,India,IND,0,1,0,0,0,1,1,0,0,0,0,0,0,0,0,46995,0,0,0,46995,46995,3209827
2020-09-20,2020,9,20,port709,Mormugao,India,IND,1,0,0,0,0,1,1,935,0,0,0,0,935,935,0,0,0,0,0,0,0,3209828
2020-09-21,2020,9,21,port709,Mormugao,India,IND,0,1,0,0,0,1,1,0,0,0,0,0,0,0,0,41452,0,0,0,41452,41452,3209829
2020-09-22,2020,9,22,port709,Mormugao,India,IND,0,1,0,0,0,1,1,0,0,0,0,0,0,0,0,7259,0,0,0,7259,7259,3209830
2020-09-23,2020,9,23,port709,Mormugao,India,IND,0,0,0,0,0,0,0,0,0,0,0,0,0,0,0,0,0,0,0,0,0,3209831
2020-09-24,2020,9,24,port709,Mormugao,India,IND,0,0,0,0,0,0,0,0,0,0,0,0,0,0,0,0,0,0,0,0,0,3209832
2020-09-25,2020,9,25,port709,Mormugao,India,IND,0,0,0,0,0,0,0,0,0,0,0,0,0,0,0,0,0,0,0,0,0,3209833
2020-09-26,2020,9,26,port709,Mormugao,India,IND,0,1,0,0,0,1,1,0,0,0,0,0,0,0,0,54436,0,0,0,54436,54436,3209834
2020-09-27,2020,9,27,port709,Mormugao,India,IND,1,2,0,0,0,3,3,1420,74345,0,0,0,75765,75765,3402,37049,0,0,0,40451,40451,3209835
2020-09-28,2020,9,28,port709,Mormugao,India,IND,0,0,0,0,0,0,0,0,0,0,0,0,0,0,0,0,0,0,0,0,0,3209836
2020-09-29,2020,9,29,port709,Mormugao,India,IND,0,1,0,0,0,1,1,0,40005,0,0,0,40005,40005,0,0,0,0,0,0,0,3209837
2020-09-30,2020,9,30,port709,Mormugao,India,IND,0,0,0,0,1,0,1,0,0,0,0,9757,0,9757,0,0,0,0,544,0,544,3209838
2020-10-01,2020,10,1,port709,Mormugao,India,IND,0,0,0,0,0,0,0,0,0,0,0,0,0,0,0,0,0,0,0,0,0,3209839
2020-10-02,2020,10,2,port709,Mormugao,India,IND,0,0,0,0,0,0,0,0,0,0,0,0,0,0,0,0,0,0,0,0,0,3209840
2020-10-03,2020,10,3,port709,Mormugao,India,IND,0,1,0,0,0,1,1,0,41129,0,0,0,41129,41129,0,8214,0,0,0,8214,8214,3209841
2020-10-04,2020,10,4,port709,Mormugao,India,IND,0,0,0,0,0,0,0,0,0,0,0,0,0,0,0,0,0,0,0,0,0,3209842
2020-10-05,2020,10,5,port709,Mormugao,India,IND,1,0,0,0,0,1,1,1420,0,0,0,0,1420,1420,3402,0,0,0,0,3402,3402,3209843
2020-10-06,2020,10,6,port709,Mormugao,India,IND,0,1,0,0,0,1,1,0,41129,0,0,0,41129,41129,0,8214,0,0,0,8214,8214,3209844
2020-10-07,2020,10,7,port709,Mormugao,India,IND,0,0,0,0,0,0,0,0,0,0,0,0,0,0,0,0,0,0,0,0,0,3209845
2020-10-08,2020,10,8,port709,Mormugao,India,IND,0,1,0,0,1,1,2,0,179270,0,0,0,179270,179270,0,0,0,0,0,0,0,3209846
2020-10-09,2020,10,9,port709,Mormugao,India,IND,0,0,0,0,0,0,0,0,0,0,0,0,0,0,0,0,0,0,0,0,0,3209847
2020-10-10,2020,10,10,port709,Mormugao,India,IND,0,0,0,0,0,0,0,0,0,0,0,0,0,0,0,0,0,0,0,0,0,3209848
2020-10-11,2020,10,11,port709,Mormugao,India,IND,1,0,0,0,0,1,1,1420,0,0,0,0,1420,1420,3402,0,0,0,0,3402,3402,3209849
2020-10-12,2020,10,12,port709,Mormugao,India,IND,0,0,1,0,0,1,1,0,0,1367,0,0,1367,1367,0,0,4198,0,0,4198,4198,3209850
2020-10-13,2020,10,13,port709,Mormugao,India,IND,0,0,0,0,0,0,0,0,0,0,0,0,0,0,0,0,0,0,0,0,0,3209851
2020-10-14,2020,10,14,port709,Mormugao,India,IND,0,1,0,0,0,1,1,0,81770,0,0,0,81770,81770,0,0,0,0,0,0,0,3209852
2020-10-15,2020,10,15,port709,Mormugao,India,IND,0,1,0,0,0,1,1,0,31828,0,0,0,31828,31828,0,0,0,0,0,0,0,3209853
2020-10-16,2020,10,16,port709,Mormugao,India,IND,0,0,0,0,0,0,0,0,0,0,0,0,0,0,0,0,0,0,0,0,0,3209854
2020-10-17,2020,10,17,port709,Mormugao,India,IND,0,0,0,0,0,0,0,0,0,0,0,0,0,0,0,0,0,0,0,0,0,3209855
2020-10-18,2020,10,18,port709,Mormugao,India,IND,0,1,0,0,0,1,1,0,73085,0,0,0,73085,73085,0,0,0,0,0,0,0,3209856
2020-10-19,2020,10,19,port709,Mormugao,India,IND,0,0,0,0,0,0,0,0,0,0,0,0,0,0,0,0,0,0,0,0,0,3209857
2020-10-20,2020,10,20,port709,Mormugao,India,IND,0,0,0,0,0,0,0,0,0,0,0,0,0,0,0,0,0,0,0,0,0,3209858
2020-10-21,2020,10,21,port709,Mormugao,India,IND,1,0,0,0,0,1,1,467,0,0,0,0,467,467,0,0,0,0,0,0,0,3209859
2020-10-22,2020,10,22,port709,Mormugao,India,IND,0,0,0,0,0,0,0,0,0,0,0,0,0,0,0,0,0,0,0,0,0,3209860
2020-10-23,2020,10,23,port709,Mormugao,India,IND,0,0,0,0,0,0,0,0,0,0,0,0,0,0,0,0,0,0,0,0,0,3209861
2020-10-24,2020,10,24,port709,Mormugao,India,IND,0,1,0,0,0,1,1,0,0,0,0,0,0,0,0,28076,0,0,0,28076,28076,3209862
2020-10-25,2020,10,25,port709,Mormugao,India,IND,0,0,0,0,0,0,0,0,0,0,0,0,0,0,0,0,0,0,0,0,0,3209863
2020-10-26,2020,10,26,port709,Mormugao,India,IND,0,0,0,0,0,0,0,0,0,0,0,0,0,0,0,0,0,0,0,0,0,3209864
2020-10-27,2020,10,27,port709,Mormugao,India,IND,1,0,0,0,0,1,1,1420,0,0,0,0,1420,1420,3402,0,0,0,0,3402,3402,3209865
2020-10-28,2020,10,28,port709,Mormugao,India,IND,0,1,0,0,0,1,1,0,26081,0,0,0,26081,26081,0,0,0,0,0,0,0,3209866
2020-10-29,2020,10,29,port709,Mormugao,India,IND,0,0,0,0,0,0,0,0,0,0,0,0,0,0,0,0,0,0,0,0,0,3209867
2020-10-30,2020,10,30,port709,Mormugao,India,IND,0,0,0,0,0,0,0,0,0,0,0,0,0,0,0,0,0,0,0,0,0,3209868
2020-10-31,2020,10,31,port709,Mormugao,India,IND,0,0,0,0,0,0,0,0,0,0,0,0,0,0,0,0,0,0,0,0,0,3209869
2020-11-01,2020,11,1,port709,Mormugao,India,IND,0,0,0,0,1,0,1,0,0,0,0,3175,0,3175,0,0,0,0,0,0,0,3209870
2020-11-02,2020,11,2,port709,Mormugao,India,IND,0,1,0,0,1,1,2,0,0,0,0,7008,0,7008,0,93299,0,0,0,93299,93299,3209871
2020-11-03,2020,11,3,port709,Mormugao,India,IND,0,0,0,0,0,0,0,0,0,0,0,0,0,0,0,0,0,0,0,0,0,3209872
2020-11-04,2020,11,4,port709,Mormugao,India,IND,0,0,0,0,0,0,0,0,0,0,0,0,0,0,0,0,0,0,0,0,0,3209873
2020-11-05,2020,11,5,port709,Mormugao,India,IND,0,1,0,0,0,1,1,0,172122,0,0,0,172122,172122,0,0,0,0,0,0,0,3209874
2020-11-06,2020,11,6,port709,Mormugao,India,IND,0,0,0,0,0,0,0,0,0,0,0,0,0,0,0,0,0,0,0,0,0,3209875
2020-11-07,2020,11,7,port709,Mormugao,India,IND,0,0,0,0,0,0,0,0,0,0,0,0,0,0,0,0,0,0,0,0,0,3209876
2020-11-08,2020,11,8,port709,Mormugao,India,IND,0,3,0,0,0,3,3,0,227117,0,0,0,227117,227117,0,8214,0,0,0,8214,8214,3209877
2020-11-09,2020,11,9,port709,Mormugao,India,IND,0,1,0,0,1,1,2,0,41129,0,0,3153,41129,44282,0,8214,0,0,0,8214,8214,3209878
2020-11-10,2020,11,10,port709,Mormugao,India,IND,1,0,0,0,0,1,1,1420,0,0,0,0,1420,1420,3402,0,0,0,0,3402,3402,3209879
2020-11-11,2020,11,11,port709,Mormugao,India,IND,0,0,1,0,0,1,1,0,0,0,0,0,0,0,0,0,7794,0,0,7794,7794,3209880
2020-11-12,2020,11,12,port709,Mormugao,India,IND,0,2,0,0,0,2,2,0,66415,0,0,0,66415,66415,0,8214,0,0,0,8214,8214,3209881
2020-11-13,2020,11,13,port709,Mormugao,India,IND,0,0,0,0,0,0,0,0,0,0,0,0,0,0,0,0,0,0,0,0,0,3209882
2020-11-14,2020,11,14,port709,Mormugao,India,IND,0,0,0,0,0,0,0,0,0,0,0,0,0,0,0,0,0,0,0,0,0,3209883
2020-11-15,2020,11,15,port709,Mormugao,India,IND,0,1,0,0,0,1,1,0,53527,0,0,0,53527,53527,0,0,0,0,0,0,0,3209884
2020-11-16,2020,11,16,port709,Mormugao,India,IND,0,1,0,0,0,1,1,0,41129,0,0,0,41129,41129,0,8214,0,0,0,8214,8214,3209885
2020-11-17,2020,11,17,port709,Mormugao,India,IND,0,0,0,0,0,0,0,0,0,0,0,0,0,0,0,0,0,0,0,0,0,3209886
2020-11-18,2020,11,18,port709,Mormugao,India,IND,0,0,0,0,0,0,0,0,0,0,0,0,0,0,0,0,0,0,0,0,0,3209887
2020-11-19,2020,11,19,port709,Mormugao,India,IND,0,1,0,0,0,1,1,0,41129,0,0,0,41129,41129,0,8214,0,0,0,8214,8214,3209888
2020-11-20,2020,11,20,port709,Mormugao,India,IND,0,1,0,0,0,1,1,0,71768,0,0,0,71768,71768,0,0,0,0,0,0,0,3209889
2020-11-21,2020,11,21,port709,Mormugao,India,IND,0,0,1,0,1,1,2,0,0,1367,0,0,1367,1367,0,0,4198,0,0,4198,4198,3209890
2020-11-22,2020,11,22,port709,Mormugao,India,IND,0,2,0,0,0,2,2,0,58603,0,0,0,58603,58603,0,43549,0,0,0,43549,43549,3209891
2020-11-23,2020,11,23,port709,Mormugao,India,IND,0,0,0,0,0,0,0,0,0,0,0,0,0,0,0,0,0,0,0,0,0,3209892
2020-11-24,2020,11,24,port709,Mormugao,India,IND,1,0,0,0,0,1,1,1420,0,0,0,0,1420,1420,3402,0,0,0,0,3402,3402,3209893
2020-11-25,2020,11,25,port709,Mormugao,India,IND,0,0,0,0,0,0,0,0,0,0,0,0,0,0,0,0,0,0,0,0,0,3209894
2020-11-26,2020,11,26,port709,Mormugao,India,IND,0,1,0,0,1,1,2,0,56086,0,0,32755,56086,88842,0,0,0,0,0,0,0,3209895
2020-11-27,2020,11,27,port709,Mormugao,India,IND,0,0,0,0,0,0,0,0,0,0,0,0,0,0,0,0,0,0,0,0,0,3209896
2020-11-28,2020,11,28,port709,Mormugao,India,IND,0,1,0,0,1,1,2,0,41129,0,0,0,41129,41129,0,8214,0,0,0,8214,8214,3209897
2020-11-29,2020,11,29,port709,Mormugao,India,IND,0,2,0,0,0,2,2,0,164422,0,0,0,164422,164422,0,42469,0,0,0,42469,42469,3209898
2020-11-30,2020,11,30,port709,Mormugao,India,IND,0,0,1,0,0,1,1,0,0,1367,0,0,1367,1367,0,0,4198,0,0,4198,4198,3209899
2020-12-01,2020,12,1,port709,Mormugao,India,IND,0,0,0,0,0,0,0,0,0,0,0,0,0,0,0,0,0,0,0,0,0,3209900
2020-12-02,2020,12,2,port709,Mormugao,India,IND,1,0,0,0,1,1,2,1420,0,0,0,12202,1420,13623,3402,0,0,0,766,3402,4168,3209901
2020-12-03,2020,12,3,port709,Mormugao,India,IND,0,0,0,0,0,0,0,0,0,0,0,0,0,0,0,0,0,0,0,0,0,3209902
2020-12-04,2020,12,4,port709,Mormugao,India,IND,0,1,0,0,0,1,1,0,41129,0,0,0,41129,41129,0,8214,0,0,0,8214,8214,3209903
2020-12-05,2020,12,5,port709,Mormugao,India,IND,0,0,0,0,0,0,0,0,0,0,0,0,0,0,0,0,0,0,0,0,0,3209904
2020-12-06,2020,12,6,port709,Mormugao,India,IND,0,0,0,0,1,0,1,0,0,0,0,0,0,0,0,0,0,0,0,0,0,3209905
2020-12-07,2020,12,7,port709,Mormugao,India,IND,0,1,0,0,0,1,1,0,41129,0,0,0,41129,41129,0,8214,0,0,0,8214,8214,3209906
2020-12-08,2020,12,8,port709,Mormugao,India,IND,0,1,0,0,0,1,1,0,41129,0,0,0,41129,41129,0,8214,0,0,0,8214,8214,3209907
2020-12-09,2020,12,9,port709,Mormugao,India,IND,0,1,0,0,1,1,2,0,71768,0,0,3029,71768,74798,0,0,0,0,2529,0,2529,3209908
2020-12-10,2020,12,10,port709,Mormugao,India,IND,0,0,0,0,0,0,0,0,0,0,0,0,0,0,0,0,0,0,0,0,0,3209909
2020-12-11,2020,12,11,port709,Mormugao,India,IND,0,0,0,0,0,0,0,0,0,0,0,0,0,0,0,0,0,0,0,0,0,3209910
2020-12-12,2020,12,12,port709,Mormugao,India,IND,0,1,0,0,1,1,2,0,41129,0,0,9757,41129,50886,0,8214,0,0,544,8214,8758,3209911
2020-12-13,2020,12,13,port709,Mormugao,India,IND,0,0,0,0,0,0,0,0,0,0,0,0,0,0,0,0,0,0,0,0,0,3209912
2020-12-14,2020,12,14,port709,Mormugao,India,IND,0,1,0,0,0,1,1,0,41129,0,0,0,41129,41129,0,8214,0,0,0,8214,8214,3209913
2020-12-15,2020,12,15,port709,Mormugao,India,IND,0,0,1,0,0,1,1,0,0,6809,0,0,6809,6809,0,0,0,0,0,0,0,3209914
2020-12-16,2020,12,16,port709,Mormugao,India,IND,0,0,0,0,0,0,0,0,0,0,0,0,0,0,0,0,0,0,0,0,0,3209915
2020-12-17,2020,12,17,port709,Mormugao,India,IND,0,0,0,0,1,0,1,0,0,0,0,12306,0,12306,0,0,0,0,1325,0,1325,3209916
2020-12-18,2020,12,18,port709,Mormugao,India,IND,0,2,0,0,0,2,2,0,93825,0,0,0,93825,93825,0,8214,0,0,0,8214,8214,3209917
2020-12-19,2020,12,19,port709,Mormugao,India,IND,0,0,0,0,0,0,0,0,0,0,0,0,0,0,0,0,0,0,0,0,0,3209918
2020-12-20,2020,12,20,port709,Mormugao,India,IND,0,1,0,0,0,1,1,0,0,0,0,0,0,0,0,28394,0,0,0,28394,28394,3209919
2020-12-21,2020,12,21,port709,Mormugao,India,IND,1,3,1,0,0,5,5,1420,208154,11115,0,0,220690,220690,3402,62607,0,0,0,66009,66009,3209920
2020-12-22,2020,12,22,port709,Mormugao,India,IND,0,0,0,0,0,0,0,0,0,0,0,0,0,0,0,0,0,0,0,0,0,3209921
2020-12-23,2020,12,23,port709,Mormugao,India,IND,0,0,0,0,0,0,0,0,0,0,0,0,0,0,0,0,0,0,0,0,0,3209922
2020-12-24,2020,12,24,port709,Mormugao,India,IND,0,2,0,0,0,2,2,0,88438,0,0,0,88438,88438,0,0,0,0,0,0,0,3209923
2020-12-25,2020,12,25,port709,Mormugao,India,IND,0,1,0,0,0,1,1,0,0,0,0,0,0,0,0,23420,0,0,0,23420,23420,3209924
2020-12-26,2020,12,26,port709,Mormugao,India,IND,0,1,0,0,0,1,1,0,41129,0,0,0,41129,41129,0,8214,0,0,0,8214,8214,3209925
2020-12-27,2020,12,27,port709,Mormugao,India,IND,1,0,0,0,0,1,1,1420,0,0,0,0,1420,1420,3402,0,0,0,0,3402,3402,3209926
2020-12-28,2020,12,28,port709,Mormugao,India,IND,0,1,0,0,0,1,1,0,0,0,0,0,0,0,0,4553,0,0,0,4553,4553,3209927
2020-12-29,2020,12,29,port709,Mormugao,India,IND,0,0,0,0,0,0,0,0,0,0,0,0,0,0,0,0,0,0,0,0,0,3209928
2020-12-30,2020,12,30,port709,Mormugao,India,IND,0,1,0,0,0,1,1,0,41129,0,0,0,41129,41129,0,8214,0,0,0,8214,8214,3209929
2020-12-31,2020,12,31,port709,Mormugao,India,IND,0,1,0,0,0,1,1,0,0,0,0,0,0,0,0,11991,0,0,0,11991,11991,3209930
2021-01-01,2021,1,1,port709,Mormugao,India,IND,0,1,0,1,0,2,2,0,41129,0,0,0,41129,41129,0,8214,0,0,0,8214,8214,3209931
2021-01-02,2021,1,2,port709,Mormugao,India,IND,0,0,0,0,0,0,0,0,0,0,0,0,0,0,0,0,0,0,0,0,0,3209932
2021-01-03,2021,1,3,port709,Mormugao,India,IND,0,1,0,0,0,1,1,0,119746,0,0,0,119746,119746,0,0,0,0,0,0,0,3209933
2021-01-04,2021,1,4,port709,Mormugao,India,IND,0,0,0,0,1,0,1,0,0,0,0,13716,0,13716,0,0,0,0,0,0,0,3209934
2021-01-05,2021,1,5,port709,Mormugao,India,IND,0,0,0,0,0,0,0,0,0,0,0,0,0,0,0,0,0,0,0,0,0,3209935
2021-01-06,2021,1,6,port709,Mormugao,India,IND,1,2,0,0,0,3,3,1420,0,0,0,0,1420,1420,3402,69538,0,0,0,72940,72940,3209936
2021-01-07,2021,1,7,port709,Mormugao,India,IND,0,0,0,0,0,0,0,0,0,0,0,0,0,0,0,0,0,0,0,0,0,3209937
2021-01-08,2021,1,8,port709,Mormugao,India,IND,0,0,0,0,0,0,0,0,0,0,0,0,0,0,0,0,0,0,0,0,0,3209938
2021-01-09,2021,1,9,port709,Mormugao,India,IND,0,0,0,0,0,0,0,0,0,0,0,0,0,0,0,0,0,0,0,0,0,3209939
2021-01-10,2021,1,10,port709,Mormugao,India,IND,0,0,0,0,0,0,0,0,0,0,0,0,0,0,0,0,0,0,0,0,0,3209940
2021-01-11,2021,1,11,port709,Mormugao,India,IND,0,2,0,0,0,2,2,0,248332,0,0,0,248332,248332,0,0,0,0,0,0,0,3209941
2021-01-12,2021,1,12,port709,Mormugao,India,IND,1,0,0,0,0,1,1,1420,0,0,0,0,1420,1420,3402,0,0,0,0,3402,3402,3209942
2021-01-13,2021,1,13,port709,Mormugao,India,IND,0,2,0,0,1,2,3,0,41129,0,0,18850,41129,59979,0,59304,0,0,0,59304,59304,3209943
2021-01-14,2021,1,14,port709,Mormugao,India,IND,0,0,0,0,1,0,1,0,0,0,0,0,0,0,0,0,0,0,0,0,0,3209944
2021-01-15,2021,1,15,port709,Mormugao,India,IND,0,1,0,0,0,1,1,0,14102,0,0,0,14102,14102,0,0,0,0,0,0,0,3209945
2021-01-16,2021,1,16,port709,Mormugao,India,IND,0,1,0,0,0,1,1,0,44071,0,0,0,44071,44071,0,0,0,0,0,0,0,3209946
2021-01-17,2021,1,17,port709,Mormugao,India,IND,0,0,0,0,0,0,0,0,0,0,0,0,0,0,0,0,0,0,0,0,0,3209947
2021-01-18,2021,1,18,port709,Mormugao,India,IND,0,0,0,0,1,0,1,0,0,0,0,12202,0,12202,0,0,0,0,766,0,766,3209948
2021-01-19,2021,1,19,port709,Mormugao,India,IND,1,1,0,0,0,2,2,1420,0,0,0,0,1420,1420,3402,33915,0,0,0,37317,37317,3209949
2021-01-20,2021,1,20,port709,Mormugao,India,IND,0,0,0,0,0,0,0,0,0,0,0,0,0,0,0,0,0,0,0,0,0,3209950
2021-01-21,2021,1,21,port709,Mormugao,India,IND,0,0,0,0,1,0,1,0,0,0,0,30823,0,30823,0,0,0,0,0,0,0,3209951
2021-01-22,2021,1,22,port709,Mormugao,India,IND,0,0,0,0,0,0,0,0,0,0,0,0,0,0,0,0,0,0,0,0,0,3209952
2021-01-23,2021,1,23,port709,Mormugao,India,IND,0,1,1,0,0,2,2,0,41129,0,0,0,41129,41129,0,8214,16220,0,0,24435,24435,3209953
2021-01-24,2021,1,24,port709,Mormugao,India,IND,0,1,0,0,0,1,1,0,26721,0,0,0,26721,26721,0,0,0,0,0,0,0,3209954
2021-01-25,2021,1,25,port709,Mormugao,India,IND,0,1,0,0,0,1,1,0,0,0,0,0,0,0,0,28762,0,0,0,28762,28762,3209955
2021-01-26,2021,1,26,port709,Mormugao,India,IND,0,2,0,0,0,2,2,0,69100,0,0,0,69100,69100,0,8214,0,0,0,8214,8214,3209956
2021-01-27,2021,1,27,port709,Mormugao,India,IND,1,0,0,0,0,1,1,1420,0,0,0,0,1420,1420,3402,0,0,0,0,3402,3402,3209957
2021-01-28,2021,1,28,port709,Mormugao,India,IND,0,0,0,0,0,0,0,0,0,0,0,0,0,0,0,0,0,0,0,0,0,3209958
2021-01-29,2021,1,29,port709,Mormugao,India,IND,0,0,0,0,0,0,0,0,0,0,0,0,0,0,0,0,0,0,0,0,0,3209959
2021-01-30,2021,1,30,port709,Mormugao,India,IND,0,1,0,0,0,1,1,0,0,0,0,0,0,0,0,40235,0,0,0,40235,40235,3209960
2021-01-31,2021,1,31,port709,Mormugao,India,IND,0,2,0,0,0,2,2,0,117917,0,0,0,117917,117917,0,8214,0,0,0,8214,8214,3209961
2021-02-01,2021,2,1,port709,Mormugao,India,IND,0,0,0,0,0,0,0,0,0,0,0,0,0,0,0,0,0,0,0,0,0,3209962
2021-02-02,2021,2,2,port709,Mormugao,India,IND,0,0,0,0,0,0,0,0,0,0,0,0,0,0,0,0,0,0,0,0,0,3209963
2021-02-03,2021,2,3,port709,Mormugao,India,IND,0,1,0,0,0,1,1,0,41129,0,0,0,41129,41129,0,8214,0,0,0,8214,8214,3209964
2021-02-04,2021,2,4,port709,Mormugao,India,IND,0,1,0,0,0,1,1,0,191728,0,0,0,191728,191728,0,0,0,0,0,0,0,3209965
2021-02-05,2021,2,5,port709,Mormugao,India,IND,0,0,0,0,1,0,1,0,0,0,0,9757,0,9757,0,0,0,0,544,0,544,3209966
2021-02-06,2021,2,6,port709,Mormugao,India,IND,0,0,0,0,0,0,0,0,0,0,0,0,0,0,0,0,0,0,0,0,0,3209967
2021-02-07,2021,2,7,port709,Mormugao,India,IND,0,0,0,0,0,0,0,0,0,0,0,0,0,0,0,0,0,0,0,0,0,3209968
2021-02-08,2021,2,8,port709,Mormugao,India,IND,0,0,0,0,0,0,0,0,0,0,0,0,0,0,0,0,0,0,0,0,0,3209969
2021-02-09,2021,2,9,port709,Mormugao,India,IND,0,0,0,0,0,0,0,0,0,0,0,0,0,0,0,0,0,0,0,0,0,3209970
2021-02-10,2021,2,10,port709,Mormugao,India,IND,1,1,0,0,0,2,2,234,86895,0,0,0,87129,87129,0,0,0,0,0,0,0,3209971
2021-02-11,2021,2,11,port709,Mormugao,India,IND,0,1,0,0,0,1,1,0,75163,0,0,0,75163,75163,0,0,0,0,0,0,0,3209972
2021-02-12,2021,2,12,port709,Mormugao,India,IND,0,1,0,0,0,1,1,0,41129,0,0,0,41129,41129,0,8214,0,0,0,8214,8214,3209973
2021-02-13,2021,2,13,port709,Mormugao,India,IND,0,0,0,0,0,0,0,0,0,0,0,0,0,0,0,0,0,0,0,0,0,3209974
2021-02-14,2021,2,14,port709,Mormugao,India,IND,0,1,0,0,0,1,1,0,0,0,0,0,0,0,0,27045,0,0,0,27045,27045,3209975
2021-02-15,2021,2,15,port709,Mormugao,India,IND,0,0,0,0,0,0,0,0,0,0,0,0,0,0,0,0,0,0,0,0,0,3209976
2021-02-16,2021,2,16,port709,Mormugao,India,IND,1,0,0,0,0,1,1,1420,0,0,0,0,1420,1420,3402,0,0,0,0,3402,3402,3209977
2021-02-17,2021,2,17,port709,Mormugao,India,IND,0,0,0,0,0,0,0,0,0,0,0,0,0,0,0,0,0,0,0,0,0,3209978
2021-02-18,2021,2,18,port709,Mormugao,India,IND,0,0,0,0,0,0,0,0,0,0,0,0,0,0,0,0,0,0,0,0,0,3209979
2021-02-19,2021,2,19,port709,Mormugao,India,IND,0,0,0,0,0,0,0,0,0,0,0,0,0,0,0,0,0,0,0,0,0,3209980
2021-02-20,2021,2,20,port709,Mormugao,India,IND,0,0,0,0,0,0,0,0,0,0,0,0,0,0,0,0,0,0,0,0,0,3209981
2021-02-21,2021,2,21,port709,Mormugao,India,IND,0,0,0,0,0,0,0,0,0,0,0,0,0,0,0,0,0,0,0,0,0,3209982
2021-02-22,2021,2,22,port709,Mormugao,India,IND,0,0,0,0,0,0,0,0,0,0,0,0,0,0,0,0,0,0,0,0,0,3209983
2021-02-23,2021,2,23,port709,Mormugao,India,IND,0,0,0,0,0,0,0,0,0,0,0,0,0,0,0,0,0,0,0,0,0,3209984
2021-02-24,2021,2,24,port709,Mormugao,India,IND,0,0,0,0,0,0,0,0,0,0,0,0,0,0,0,0,0,0,0,0,0,3209985
2021-02-25,2021,2,25,port709,Mormugao,India,IND,0,0,0,0,0,0,0,0,0,0,0,0,0,0,0,0,0,0,0,0,0,3209986
2021-02-26,2021,2,26,port709,Mormugao,India,IND,0,1,0,0,0,1,1,0,55450,0,0,0,55450,55450,0,0,0,0,0,0,0,3209987
2021-02-27,2021,2,27,port709,Mormugao,India,IND,0,0,0,0,0,0,0,0,0,0,0,0,0,0,0,0,0,0,0,0,0,3209988
2021-02-28,2021,2,28,port709,Mormugao,India,IND,0,0,0,0,0,0,0,0,0,0,0,0,0,0,0,0,0,0,0,0,0,3209989
2021-03-01,2021,3,1,port709,Mormugao,India,IND,1,1,0,0,0,2,2,1420,71540,0,0,0,72960,72960,3402,0,0,0,0,3402,3402,3209990
2021-03-02,2021,3,2,port709,Mormugao,India,IND,0,1,0,0,0,1,1,0,41472,0,0,0,41472,41472,0,0,0,0,0,0,0,3209991
2021-03-03,2021,3,3,port709,Mormugao,India,IND,0,0,0,0,0,0,0,0,0,0,0,0,0,0,0,0,0,0,0,0,0,3209992
2021-03-04,2021,3,4,port709,Mormugao,India,IND,0,0,0,0,0,0,0,0,0,0,0,0,0,0,0,0,0,0,0,0,0,3209993
2021-03-05,2021,3,5,port709,Mormugao,India,IND,0,1,0,0,0,1,1,0,0,0,0,0,0,0,0,36998,0,0,0,36998,36998,3209994
2021-03-06,2021,3,6,port709,Mormugao,India,IND,0,0,0,0,0,0,0,0,0,0,0,0,0,0,0,0,0,0,0,0,0,3209995
2021-03-07,2021,3,7,port709,Mormugao,India,IND,0,0,0,0,0,0,0,0,0,0,0,0,0,0,0,0,0,0,0,0,0,3209996
2021-03-08,2021,3,8,port709,Mormugao,India,IND,0,0,0,0,0,0,0,0,0,0,0,0,0,0,0,0,0,0,0,0,0,3209997
2021-03-09,2021,3,9,port709,Mormugao,India,IND,0,1,0,0,0,1,1,0,0,0,0,0,0,0,0,42311,0,0,0,42311,42311,3209998
2021-03-10,2021,3,10,port709,Mormugao,India,IND,0,0,0,0,0,0,0,0,0,0,0,0,0,0,0,0,0,0,0,0,0,3209999
2021-03-11,2021,3,11,port709,Mormugao,India,IND,0,0,0,0,0,0,0,0,0,0,0,0,0,0,0,0,0,0,0,0,0,3210000
2022-04-16,2022,4,16,port709,Mormugao,India,IND,0,0,0,0,1,0,1,0,0,0,0,0,0,0,0,0,0,0,0,0,0,3210001
2022-04-17,2022,4,17,port709,Mormugao,India,IND,0,1,0,0,0,1,1,0,26218,0,0,0,26218,26218,0,0,0,0,0,0,0,3210002
2022-04-18,2022,4,18,port709,Mormugao,India,IND,0,1,0,0,0,1,1,0,33971,0,0,0,33971,33971,0,0,0,0,0,0,0,3210003
2022-04-19,2022,4,19,port709,Mormugao,India,IND,0,1,0,0,0,1,1,0,134623,0,0,0,134623,134623,0,0,0,0,0,0,0,3210004
2022-04-20,2022,4,20,port709,Mormugao,India,IND,0,0,0,0,0,0,0,0,0,0,0,0,0,0,0,0,0,0,0,0,0,3210005
2022-04-21,2022,4,21,port709,Mormugao,India,IND,0,0,0,0,0,0,0,0,0,0,0,0,0,0,0,0,0,0,0,0,0,3210006
2022-04-22,2022,4,22,port709,Mormugao,India,IND,0,1,0,0,0,1,1,0,75513,0,0,0,75513,75513,0,0,0,0,0,0,0,3210007
2022-04-23,2022,4,23,port709,Mormugao,India,IND,0,1,0,0,0,1,1,0,0,0,0,0,0,0,0,13231,0,0,0,13231,13231,3210008
2022-04-24,2022,4,24,port709,Mormugao,India,IND,0,1,0,0,0,1,1,0,0,0,0,0,0,0,0,5449,0,0,0,5449,5449,3210009
2022-04-25,2022,4,25,port709,Mormugao,India,IND,0,1,0,0,0,1,1,0,90515,0,0,0,90515,90515,0,0,0,0,0,0,0,3210010
2022-04-26,2022,4,26,port709,Mormugao,India,IND,0,2,0,0,0,2,2,0,0,0,0,0,0,0,0,89646,0,0,0,89646,89646,3210011
2022-04-27,2022,4,27,port709,Mormugao,India,IND,0,1,0,0,0,1,1,0,0,0,0,0,0,0,0,9223,0,0,0,9223,9223,3210012
2022-04-28,2022,4,28,port709,Mormugao,India,IND,0,0,0,0,1,0,1,0,0,0,0,0,0,0,0,0,0,0,0,0,0,3210013
2022-04-29,2022,4,29,port709,Mormugao,India,IND,0,2,0,0,0,2,2,0,109524,0,0,0,109524,109524,0,28191,0,0,0,28191,28191,3210014
2022-04-30,2022,4,30,port709,Mormugao,India,IND,0,1,0,0,0,1,1,0,32250,0,0,0,32250,32250,0,0,0,0,0,0,0,3210015
2022-05-01,2022,5,1,port709,Mormugao,India,IND,0,0,0,0,0,0,0,0,0,0,0,0,0,0,0,0,0,0,0,0,0,3210016
2022-05-02,2022,5,2,port709,Mormugao,India,IND,0,1,0,0,0,1,1,0,41129,0,0,0,41129,41129,0,8214,0,0,0,8214,8214,3210017
2022-05-03,2022,5,3,port709,Mormugao,India,IND,0,0,0,0,0,0,0,0,0,0,0,0,0,0,0,0,0,0,0,0,0,3210018
2022-05-04,2022,5,4,port709,Mormugao,India,IND,0,1,0,0,0,1,1,0,41129,0,0,0,41129,41129,0,8214,0,0,0,8214,8214,3210019
2022-05-05,2022,5,5,port709,Mormugao,India,IND,0,1,0,0,1,1,2,0,82449,0,0,1565,82449,84015,0,0,0,0,0,0,0,3210020
2022-05-06,2022,5,6,port709,Mormugao,India,IND,0,0,0,0,0,0,0,0,0,0,0,0,0,0,0,0,0,0,0,0,0,3210021
2022-05-07,2022,5,7,port709,Mormugao,India,IND,0,2,0,0,0,2,2,0,0,0,0,0,0,0,0,43445,0,0,0,43445,43445,3210022
2022-05-08,2022,5,8,port709,Mormugao,India,IND,0,0,0,0,0,0,0,0,0,0,0,0,0,0,0,0,0,0,0,0,0,3210023
2022-05-09,2022,5,9,port709,Mormugao,India,IND,0,0,0,0,0,0,0,0,0,0,0,0,0,0,0,0,0,0,0,0,0,3210024
2022-05-10,2022,5,10,port709,Mormugao,India,IND,0,0,0,0,0,0,0,0,0,0,0,0,0,0,0,0,0,0,0,0,0,3210025
2022-05-11,2022,5,11,port709,Mormugao,India,IND,0,1,0,0,0,1,1,0,96209,0,0,0,96209,96209,0,0,0,0,0,0,0,3210026
2022-05-12,2022,5,12,port709,Mormugao,India,IND,0,0,0,0,0,0,0,0,0,0,0,0,0,0,0,0,0,0,0,0,0,3210027
2022-05-13,2022,5,13,port709,Mormugao,India,IND,0,0,0,0,0,0,0,0,0,0,0,0,0,0,0,0,0,0,0,0,0,3210028
2022-05-14,2022,5,14,port709,Mormugao,India,IND,0,2,0,0,0,2,2,0,16357,0,0,0,16357,16357,0,13134,0,0,0,13134,13134,3210029
2022-05-15,2022,5,15,port709,Mormugao,India,IND,0,0,0,0,0,0,0,0,0,0,0,0,0,0,0,0,0,0,0,0,0,3210030
2022-05-16,2022,5,16,port709,Mormugao,India,IND,0,1,0,0,0,1,1,0,30104,0,0,0,30104,30104,0,0,0,0,0,0,0,3210031
2022-05-17,2022,5,17,port709,Mormugao,India,IND,0,0,0,0,0,0,0,0,0,0,0,0,0,0,0,0,0,0,0,0,0,3210032
2022-05-18,2022,5,18,port709,Mormugao,India,IND,0,1,0,0,0,1,1,0,0,0,0,0,0,0,0,5943,0,0,0,5943,5943,3210033
2022-05-19,2022,5,19,port709,Mormugao,India,IND,0,2,0,0,0,2,2,0,0,0,0,0,0,0,0,28668,0,0,0,28668,28668,3210034
2022-05-20,2022,5,20,port709,Mormugao,India,IND,0,2,0,0,0,2,2,0,0,0,0,0,0,0,0,27410,0,0,0,27410,27410,3210035
2022-05-21,2022,5,21,port709,Mormugao,India,IND,0,0,0,0,1,0,1,0,0,0,0,32193,0,32193,0,0,0,0,0,0,0,3210036
2022-05-22,2022,5,22,port709,Mormugao,India,IND,0,1,1,0,0,2,2,0,68687,0,0,0,68687,68687,0,0,2639,0,0,2639,2639,3210037
2022-05-23,2022,5,23,port709,Mormugao,India,IND,0,1,0,0,0,1,1,0,33423,0,0,0,33423,33423,0,0,0,0,0,0,0,3210038
2022-05-24,2022,5,24,port709,Mormugao,India,IND,0,0,0,0,0,0,0,0,0,0,0,0,0,0,0,0,0,0,0,0,0,3210039
2022-05-25,2022,5,25,port709,Mormugao,India,IND,0,0,1,0,0,1,1,0,0,0,0,0,0,0,0,0,9368,0,0,9368,9368,3210040
2022-05-26,2022,5,26,port709,Mormugao,India,IND,0,0,0,0,0,0,0,0,0,0,0,0,0,0,0,0,0,0,0,0,0,3210041
2022-05-27,2022,5,27,port709,Mormugao,India,IND,0,0,0,0,0,0,0,0,0,0,0,0,0,0,0,0,0,0,0,0,0,3210042
2022-05-28,2022,5,28,port709,Mormugao,India,IND,0,0,0,0,0,0,0,0,0,0,0,0,0,0,0,0,0,0,0,0,0,3210043
2022-05-29,2022,5,29,port709,Mormugao,India,IND,0,2,1,0,0,3,3,0,147577,0,0,0,147577,147577,0,0,12010,0,0,12010,12010,3210044
2022-05-30,2022,5,30,port709,Mormugao,India,IND,0,0,0,0,0,0,0,0,0,0,0,0,0,0,0,0,0,0,0,0,0,3210045
2022-05-31,2022,5,31,port709,Mormugao,India,IND,0,0,0,0,0,0,0,0,0,0,0,0,0,0,0,0,0,0,0,0,0,3210046
2022-06-01,2022,6,1,port709,Mormugao,India,IND,0,0,0,0,0,0,0,0,0,0,0,0,0,0,0,0,0,0,0,0,0,3210047
2022-06-02,2022,6,2,port709,Mormugao,India,IND,0,1,0,0,0,1,1,0,0,0,0,0,0,0,0,384,0,0,0,384,384,3210048
2022-06-03,2022,6,3,port709,Mormugao,India,IND,0,2,0,0,0,2,2,0,7049,0,0,0,7049,7049,0,15896,0,0,0,15896,15896,3210049
2022-06-04,2022,6,4,port709,Mormugao,India,IND,0,0,0,0,0,0,0,0,0,0,0,0,0,0,0,0,0,0,0,0,0,3210050
2022-06-05,2022,6,5,port709,Mormugao,India,IND,0,0,0,0,0,0,0,0,0,0,0,0,0,0,0,0,0,0,0,0,0,3210051
2022-06-06,2022,6,6,port709,Mormugao,India,IND,0,1,0,0,0,1,1,0,1195,0,0,0,1195,1195,0,0,0,0,0,0,0,3210052
2022-06-07,2022,6,7,port709,Mormugao,India,IND,0,1,0,0,1,1,2,0,33971,0,0,12202,33971,46174,0,0,0,0,766,0,766,3210053
2022-06-08,2022,6,8,port709,Mormugao,India,IND,0,0,0,0,0,0,0,0,0,0,0,0,0,0,0,0,0,0,0,0,0,3210054
2022-06-09,2022,6,9,port709,Mormugao,India,IND,0,0,0,0,0,0,0,0,0,0,0,0,0,0,0,0,0,0,0,0,0,3210055
2022-06-10,2022,6,10,port709,Mormugao,India,IND,0,1,0,0,0,1,1,0,31327,0,0,0,31327,31327,0,0,0,0,0,0,0,3210056
2022-06-11,2022,6,11,port709,Mormugao,India,IND,0,1,0,0,0,1,1,0,9040,0,0,0,9040,9040,0,0,0,0,0,0,0,3210057
2022-06-12,2022,6,12,port709,Mormugao,India,IND,0,0,0,0,0,0,0,0,0,0,0,0,0,0,0,0,0,0,0,0,0,3210058
2022-06-13,2022,6,13,port709,Mormugao,India,IND,0,1,0,0,0,1,1,0,11146,0,0,0,11146,11146,0,0,0,0,0,0,0,3210059
2022-06-14,2022,6,14,port709,Mormugao,India,IND,0,1,0,0,0,1,1,0,78715,0,0,0,78715,78715,0,0,0,0,0,0,0,3210060
2022-06-15,2022,6,15,port709,Mormugao,India,IND,0,1,0,0,0,1,1,0,84394,0,0,0,84394,84394,0,0,0,0,0,0,0,3210061
2022-06-16,2022,6,16,port709,Mormugao,India,IND,0,1,0,0,0,1,1,0,124735,0,0,0,124735,124735,0,0,0,0,0,0,0,3210062
2022-06-17,2022,6,17,port709,Mormugao,India,IND,0,0,0,0,0,0,0,0,0,0,0,0,0,0,0,0,0,0,0,0,0,3210063
2022-06-18,2022,6,18,port709,Mormugao,India,IND,0,1,0,0,0,1,1,0,41129,0,0,0,41129,41129,0,8214,0,0,0,8214,8214,3210064
2022-06-19,2022,6,19,port709,Mormugao,India,IND,0,1,0,0,0,1,1,0,41129,0,0,0,41129,41129,0,8214,0,0,0,8214,8214,3210065
2022-06-20,2022,6,20,port709,Mormugao,India,IND,0,0,0,0,0,0,0,0,0,0,0,0,0,0,0,0,0,0,0,0,0,3210066
2022-06-21,2022,6,21,port709,Mormugao,India,IND,0,1,0,0,0,1,1,0,7740,0,0,0,7740,7740,0,0,0,0,0,0,0,3210067
2022-06-22,2022,6,22,port709,Mormugao,India,IND,0,2,0,0,0,2,2,0,104997,0,0,0,104997,104997,0,0,0,0,0,0,0,3210068
2022-06-23,2022,6,23,port709,Mormugao,India,IND,0,1,0,0,1,1,2,0,104531,0,0,9529,104531,114061,0,0,0,0,0,0,0,3210069
2022-06-24,2022,6,24,port709,Mormugao,India,IND,0,2,0,0,0,2,2,0,41129,0,0,0,41129,41129,0,51947,0,0,0,51947,51947,3210070
2022-06-25,2022,6,25,port709,Mormugao,India,IND,0,0,0,0,0,0,0,0,0,0,0,0,0,0,0,0,0,0,0,0,0,3210071
2022-06-26,2022,6,26,port709,Mormugao,India,IND,0,0,0,0,0,0,0,0,0,0,0,0,0,0,0,0,0,0,0,0,0,3210072
2022-06-27,2022,6,27,port709,Mormugao,India,IND,0,2,0,0,0,2,2,0,32266,0,0,0,32266,32266,0,543,0,0,0,543,543,3210073
2022-06-28,2022,6,28,port709,Mormugao,India,IND,0,0,0,0,0,0,0,0,0,0,0,0,0,0,0,0,0,0,0,0,0,3210074
2022-06-29,2022,6,29,port709,Mormugao,India,IND,0,1,0,0,0,1,1,0,0,0,0,0,0,0,0,14236,0,0,0,14236,14236,3210075
2022-06-30,2022,6,30,port709,Mormugao,India,IND,0,0,0,0,0,0,0,0,0,0,0,0,0,0,0,0,0,0,0,0,0,3210077
2022-07-01,2022,7,1,port709,Mormugao,India,IND,0,0,0,0,0,0,0,0,0,0,0,0,0,0,0,0,0,0,0,0,0,3210078
2022-07-02,2022,7,2,port709,Mormugao,India,IND,0,0,0,0,0,0,0,0,0,0,0,0,0,0,0,0,0,0,0,0,0,3210079
2022-07-03,2022,7,3,port709,Mormugao,India,IND,0,2,0,0,1,2,3,0,82095,0,0,12202,82095,94298,0,0,0,0,766,0,766,3210080
2022-07-04,2022,7,4,port709,Mormugao,India,IND,0,0,0,0,0,0,0,0,0,0,0,0,0,0,0,0,0,0,0,0,0,3210081
2022-07-05,2022,7,5,port709,Mormugao,India,IND,0,0,0,0,0,0,0,0,0,0,0,0,0,0,0,0,0,0,0,0,0,3210082
2022-07-06,2022,7,6,port709,Mormugao,India,IND,0,0,0,0,0,0,0,0,0,0,0,0,0,0,0,0,0,0,0,0,0,3210083
2022-07-07,2022,7,7,port709,Mormugao,India,IND,0,1,0,0,0,1,1,0,71704,0,0,0,71704,71704,0,0,0,0,0,0,0,3210084
2022-07-08,2022,7,8,port709,Mormugao,India,IND,0,0,0,0,0,0,0,0,0,0,0,0,0,0,0,0,0,0,0,0,0,3210085
2022-07-09,2022,7,9,port709,Mormugao,India,IND,0,1,0,0,0,1,1,0,41129,0,0,0,41129,41129,0,8214,0,0,0,8214,8214,3210086
2022-07-10,2022,7,10,port709,Mormugao,India,IND,0,0,0,0,0,0,0,0,0,0,0,0,0,0,0,0,0,0,0,0,0,3210087
2022-07-11,2022,7,11,port709,Mormugao,India,IND,0,1,0,0,0,1,1,0,83696,0,0,0,83696,83696,0,0,0,0,0,0,0,3210088
2022-07-12,2022,7,12,port709,Mormugao,India,IND,0,1,0,0,0,1,1,0,34625,0,0,0,34625,34625,0,0,0,0,0,0,0,3210089
2025-07-29,2025,7,29,port709,Mormugao,India,IND,0,2,0,0,0,2,2,0,119986,0,0,0,119986,119986,0,0,0,0,0,0,0,3210090
2022-07-13,2022,7,13,port709,Mormugao,India,IND,0,0,0,0,0,0,0,0,0,0,0,0,0,0,0,0,0,0,0,0,0,3210091
2022-07-14,2022,7,14,port709,Mormugao,India,IND,0,1,0,0,0,1,1,0,29362,0,0,0,29362,29362,0,0,0,0,0,0,0,3210092
2022-07-15,2022,7,15,port709,Mormugao,India,IND,0,0,0,0,0,0,0,0,0,0,0,0,0,0,0,0,0,0,0,0,0,3210093
2022-07-16,2022,7,16,port709,Mormugao,India,IND,0,0,0,0,0,0,0,0,0,0,0,0,0,0,0,0,0,0,0,0,0,3210094
2022-07-17,2022,7,17,port709,Mormugao,India,IND,0,1,0,0,0,1,1,0,0,0,0,0,0,0,0,0,0,0,0,0,0,3210095
2022-07-18,2022,7,18,port709,Mormugao,India,IND,0,0,0,0,0,0,0,0,0,0,0,0,0,0,0,0,0,0,0,0,0,3210096
2022-07-19,2022,7,19,port709,Mormugao,India,IND,0,3,0,0,1,3,4,0,181491,0,0,12306,181491,193797,0,6362,0,0,1325,6362,7687,3210097
2022-07-20,2022,7,20,port709,Mormugao,India,IND,0,0,0,0,0,0,0,0,0,0,0,0,0,0,0,0,0,0,0,0,0,3210098
2022-07-21,2022,7,21,port709,Mormugao,India,IND,0,1,1,0,0,2,2,0,556,0,0,0,556,556,0,0,9130,0,0,9130,9130,3210099
2022-07-22,2022,7,22,port709,Mormugao,India,IND,0,1,0,0,0,1,1,0,41129,0,0,0,41129,41129,0,8214,0,0,0,8214,8214,3210100
2022-07-23,2022,7,23,port709,Mormugao,India,IND,0,0,0,0,0,0,0,0,0,0,0,0,0,0,0,0,0,0,0,0,0,3210101
2022-07-24,2022,7,24,port709,Mormugao,India,IND,0,0,0,0,0,0,0,0,0,0,0,0,0,0,0,0,0,0,0,0,0,3210102
2022-07-25,2022,7,25,port709,Mormugao,India,IND,0,2,0,0,0,2,2,0,147031,0,0,0,147031,147031,0,0,0,0,0,0,0,3210103
2022-07-26,2022,7,26,port709,Mormugao,India,IND,0,1,0,0,1,1,2,0,72531,0,0,9617,72531,82148,0,0,0,0,0,0,0,3210104
2022-07-27,2022,7,27,port709,Mormugao,India,IND,0,0,0,0,0,0,0,0,0,0,0,0,0,0,0,0,0,0,0,0,0,3210105
2022-07-28,2022,7,28,port709,Mormugao,India,IND,0,0,0,0,0,0,0,0,0,0,0,0,0,0,0,0,0,0,0,0,0,3210106
2022-07-29,2022,7,29,port709,Mormugao,India,IND,0,0,0,0,0,0,0,0,0,0,0,0,0,0,0,0,0,0,0,0,0,3210107
2022-07-30,2022,7,30,port709,Mormugao,India,IND,0,2,0,0,0,2,2,0,0,0,0,0,0,0,0,24327,0,0,0,24327,24327,3210108
2022-07-31,2022,7,31,port709,Mormugao,India,IND,0,1,0,0,1,1,2,0,0,0,0,0,0,0,0,7146,0,0,0,7146,7146,3210109
2022-08-01,2022,8,1,port709,Mormugao,India,IND,0,0,0,0,0,0,0,0,0,0,0,0,0,0,0,0,0,0,0,0,0,3210110
2022-08-02,2022,8,2,port709,Mormugao,India,IND,0,1,0,0,2,1,3,0,77086,0,0,2102,77086,79189,0,0,0,0,0,0,0,3210111
2022-08-03,2022,8,3,port709,Mormugao,India,IND,0,2,0,0,0,2,2,0,46010,0,0,0,46010,46010,0,4336,0,0,0,4336,4336,3210112
2022-08-04,2022,8,4,port709,Mormugao,India,IND,0,0,0,0,1,0,1,0,0,0,0,18720,0,18720,0,0,0,0,0,0,0,3210113
2022-08-05,2022,8,5,port709,Mormugao,India,IND,0,1,0,0,0,1,1,0,48553,0,0,0,48553,48553,0,0,0,0,0,0,0,3210114
2022-08-06,2022,8,6,port709,Mormugao,India,IND,0,1,0,0,0,1,1,0,34591,0,0,0,34591,34591,0,0,0,0,0,0,0,3210115
2022-08-07,2022,8,7,port709,Mormugao,India,IND,0,1,0,0,0,1,1,0,66793,0,0,0,66793,66793,0,0,0,0,0,0,0,3210116
2022-08-08,2022,8,8,port709,Mormugao,India,IND,0,0,0,0,0,0,0,0,0,0,0,0,0,0,0,0,0,0,0,0,0,3210117
2022-08-09,2022,8,9,port709,Mormugao,India,IND,0,0,0,0,0,0,0,0,0,0,0,0,0,0,0,0,0,0,0,0,0,3210118
2022-08-10,2022,8,10,port709,Mormugao,India,IND,0,1,0,0,0,1,1,0,141657,0,0,0,141657,141657,0,0,0,0,0,0,0,3210119
2022-08-11,2022,8,11,port709,Mormugao,India,IND,0,0,0,0,1,0,1,0,0,0,0,32880,0,32880,0,0,0,0,0,0,0,3210120
2022-08-12,2022,8,12,port709,Mormugao,India,IND,0,0,0,0,0,0,0,0,0,0,0,0,0,0,0,0,0,0,0,0,0,3210121
2022-08-13,2022,8,13,port709,Mormugao,India,IND,0,1,0,0,0,1,1,0,37148,0,0,0,37148,37148,0,0,0,0,0,0,0,3210122
2022-08-14,2022,8,14,port709,Mormugao,India,IND,0,0,0,0,0,0,0,0,0,0,0,0,0,0,0,0,0,0,0,0,0,3210123
2022-08-15,2022,8,15,port709,Mormugao,India,IND,0,0,0,0,0,0,0,0,0,0,0,0,0,0,0,0,0,0,0,0,0,3210124
2022-08-16,2022,8,16,port709,Mormugao,India,IND,0,1,0,0,1,1,2,0,36281,0,0,18963,36281,55245,0,0,0,0,0,0,0,3210125
2022-08-17,2022,8,17,port709,Mormugao,India,IND,0,0,0,0,0,0,0,0,0,0,0,0,0,0,0,0,0,0,0,0,0,3210126
2022-08-18,2022,8,18,port709,Mormugao,India,IND,0,0,0,0,0,0,0,0,0,0,0,0,0,0,0,0,0,0,0,0,0,3210127
2022-08-19,2022,8,19,port709,Mormugao,India,IND,0,0,0,0,1,0,1,0,0,0,0,4980,0,4980,0,0,0,0,0,0,0,3210128
2022-08-20,2022,8,20,port709,Mormugao,India,IND,0,0,0,0,0,0,0,0,0,0,0,0,0,0,0,0,0,0,0,0,0,3210129
2022-08-21,2022,8,21,port709,Mormugao,India,IND,0,0,0,0,2,0,2,0,0,0,0,14837,0,14837,0,0,0,0,766,0,766,3210130
2022-08-22,2022,8,22,port709,Mormugao,India,IND,0,0,0,0,0,0,0,0,0,0,0,0,0,0,0,0,0,0,0,0,0,3210131
2022-08-23,2022,8,23,port709,Mormugao,India,IND,0,1,0,0,0,1,1,0,88219,0,0,0,88219,88219,0,0,0,0,0,0,0,3210132
2022-08-24,2022,8,24,port709,Mormugao,India,IND,0,1,0,0,0,1,1,0,41129,0,0,0,41129,41129,0,8214,0,0,0,8214,8214,3210133
2022-08-25,2022,8,25,port709,Mormugao,India,IND,0,1,0,0,0,1,1,0,76284,0,0,0,76284,76284,0,0,0,0,0,0,0,3210134
2022-08-26,2022,8,26,port709,Mormugao,India,IND,0,0,0,0,0,0,0,0,0,0,0,0,0,0,0,0,0,0,0,0,0,3210135
2022-08-27,2022,8,27,port709,Mormugao,India,IND,0,1,0,0,0,1,1,0,0,0,0,0,0,0,0,8749,0,0,0,8749,8749,3210136
2022-08-28,2022,8,28,port709,Mormugao,India,IND,0,0,0,0,0,0,0,0,0,0,0,0,0,0,0,0,0,0,0,0,0,3210137
2022-08-29,2022,8,29,port709,Mormugao,India,IND,0,0,0,0,0,0,0,0,0,0,0,0,0,0,0,0,0,0,0,0,0,3210138
2022-08-30,2022,8,30,port709,Mormugao,India,IND,0,3,0,0,1,3,4,0,201761,0,0,2710,201761,204471,0,16429,0,0,0,16429,16429,3210139
2022-08-31,2022,8,31,port709,Mormugao,India,IND,0,0,0,0,0,0,0,0,0,0,0,0,0,0,0,0,0,0,0,0,0,3210140
2022-09-01,2022,9,1,port709,Mormugao,India,IND,0,1,0,0,0,1,1,0,5937,0,0,0,5937,5937,0,0,0,0,0,0,0,3210141
2022-09-02,2022,9,2,port709,Mormugao,India,IND,0,1,0,0,0,1,1,0,57479,0,0,0,57479,57479,0,0,0,0,0,0,0,3210142
2022-09-03,2022,9,3,port709,Mormugao,India,IND,0,2,0,0,0,2,2,0,58473,0,0,0,58473,58473,0,8214,0,0,0,8214,8214,3210143
2022-09-04,2022,9,4,port709,Mormugao,India,IND,0,0,0,0,0,0,0,0,0,0,0,0,0,0,0,0,0,0,0,0,0,3210144
2022-09-05,2022,9,5,port709,Mormugao,India,IND,0,1,0,0,0,1,1,0,41129,0,0,0,41129,41129,0,8214,0,0,0,8214,8214,3210145
2022-09-06,2022,9,6,port709,Mormugao,India,IND,0,0,0,0,0,0,0,0,0,0,0,0,0,0,0,0,0,0,0,0,0,3210146
2022-09-07,2022,9,7,port709,Mormugao,India,IND,0,0,1,0,0,1,1,0,0,0,0,0,0,0,0,0,0,0,0,0,0,3210147
2022-09-08,2022,9,8,port709,Mormugao,India,IND,0,1,0,0,0,1,1,0,135120,0,0,0,135120,135120,0,0,0,0,0,0,0,3210148
2022-09-09,2022,9,9,port709,Mormugao,India,IND,0,0,0,0,0,0,0,0,0,0,0,0,0,0,0,0,0,0,0,0,0,3210149
2022-09-10,2022,9,10,port709,Mormugao,India,IND,0,0,0,0,1,0,1,0,0,0,0,33556,0,33556,0,0,0,0,0,0,0,3210150
2022-09-11,2022,9,11,port709,Mormugao,India,IND,0,0,0,0,0,0,0,0,0,0,0,0,0,0,0,0,0,0,0,0,0,3210151
2022-09-12,2022,9,12,port709,Mormugao,India,IND,0,0,1,0,0,1,1,0,0,1367,0,0,1367,1367,0,0,4198,0,0,4198,4198,3210152
2022-09-13,2022,9,13,port709,Mormugao,India,IND,0,0,0,0,1,0,1,0,0,0,0,0,0,0,0,0,0,0,0,0,0,3210153
2022-09-14,2022,9,14,port709,Mormugao,India,IND,0,0,0,0,0,0,0,0,0,0,0,0,0,0,0,0,0,0,0,0,0,3210154
2022-09-15,2022,9,15,port709,Mormugao,India,IND,0,0,0,0,1,0,1,0,0,0,0,0,0,0,0,0,0,0,0,0,0,3210155
2022-09-16,2022,9,16,port709,Mormugao,India,IND,0,0,0,0,1,0,1,0,0,0,0,38739,0,38739,0,0,0,0,0,0,0,3210156
2022-09-17,2022,9,17,port709,Mormugao,India,IND,0,1,0,0,0,1,1,0,73526,0,0,0,73526,73526,0,0,0,0,0,0,0,3210157
2022-09-18,2022,9,18,port709,Mormugao,India,IND,0,1,0,0,0,1,1,0,72352,0,0,0,72352,72352,0,0,0,0,0,0,0,3210158
2022-09-19,2022,9,19,port709,Mormugao,India,IND,0,0,0,0,0,0,0,0,0,0,0,0,0,0,0,0,0,0,0,0,0,3210159
2022-09-20,2022,9,20,port709,Mormugao,India,IND,0,1,0,0,1,1,2,0,50298,0,0,0,50298,50298,0,0,0,0,0,0,0,3210160
2022-09-21,2022,9,21,port709,Mormugao,India,IND,0,1,0,0,1,1,2,0,41129,0,0,33492,41129,74621,0,8214,0,0,0,8214,8214,3210161
2022-09-22,2022,9,22,port709,Mormugao,India,IND,0,1,0,0,1,1,2,0,121220,0,0,36817,121220,158037,0,0,0,0,0,0,0,3210162
2022-09-23,2022,9,23,port709,Mormugao,India,IND,0,1,0,0,0,1,1,0,0,0,0,0,0,0,0,50717,0,0,0,50717,50717,3210163
2022-09-24,2022,9,24,port709,Mormugao,India,IND,0,1,0,0,0,1,1,0,132619,0,0,0,132619,132619,0,0,0,0,0,0,0,3210164
2022-09-25,2022,9,25,port709,Mormugao,India,IND,0,0,0,0,0,0,0,0,0,0,0,0,0,0,0,0,0,0,0,0,0,3210165
2022-09-26,2022,9,26,port709,Mormugao,India,IND,0,0,0,0,0,0,0,0,0,0,0,0,0,0,0,0,0,0,0,0,0,3210166
2022-09-27,2022,9,27,port709,Mormugao,India,IND,0,1,0,0,0,1,1,0,0,0,0,0,0,0,0,14978,0,0,0,14978,14978,3210167
2022-09-28,2022,9,28,port709,Mormugao,India,IND,0,0,0,0,0,0,0,0,0,0,0,0,0,0,0,0,0,0,0,0,0,3210168
2022-09-29,2022,9,29,port709,Mormugao,India,IND,0,0,0,0,2,0,2,0,0,0,0,15001,0,15001,0,0,0,0,766,0,766,3210169
2022-09-30,2022,9,30,port709,Mormugao,India,IND,0,1,0,0,0,1,1,0,0,0,0,0,0,0,0,90003,0,0,0,90003,90003,3210170
2022-10-01,2022,10,1,port709,Mormugao,India,IND,0,0,0,0,0,0,0,0,0,0,0,0,0,0,0,0,0,0,0,0,0,3210171
2022-10-02,2022,10,2,port709,Mormugao,India,IND,0,1,0,0,0,1,1,0,29383,0,0,0,29383,29383,0,0,0,0,0,0,0,3210172
2022-10-03,2022,10,3,port709,Mormugao,India,IND,0,0,0,0,2,0,2,0,0,0,0,55932,0,55932,0,0,0,0,0,0,0,3210173
2022-10-04,2022,10,4,port709,Mormugao,India,IND,0,0,0,0,0,0,0,0,0,0,0,0,0,0,0,0,0,0,0,0,0,3210174
2022-10-05,2022,10,5,port709,Mormugao,India,IND,0,0,0,0,1,0,1,0,0,0,0,450,0,450,0,0,0,0,0,0,0,3210175
2022-10-06,2022,10,6,port709,Mormugao,India,IND,0,1,0,0,0,1,1,0,73571,0,0,0,73571,73571,0,0,0,0,0,0,0,3210176
2022-10-07,2022,10,7,port709,Mormugao,India,IND,0,1,0,0,0,1,1,0,15687,0,0,0,15687,15687,0,0,0,0,0,0,0,3210177
2022-10-08,2022,10,8,port709,Mormugao,India,IND,0,1,0,0,0,1,1,0,35812,0,0,0,35812,35812,0,0,0,0,0,0,0,3210178
2022-10-09,2022,10,9,port709,Mormugao,India,IND,0,0,0,0,0,0,0,0,0,0,0,0,0,0,0,0,0,0,0,0,0,3210179
2022-10-10,2022,10,10,port709,Mormugao,India,IND,0,0,1,0,0,1,1,0,0,0,0,0,0,0,0,0,0,0,0,0,0,3210180
2022-10-11,2022,10,11,port709,Mormugao,India,IND,0,1,0,0,0,1,1,0,72408,0,0,0,72408,72408,0,0,0,0,0,0,0,3210181
2022-10-12,2022,10,12,port709,Mormugao,India,IND,0,1,0,0,0,1,1,0,0,0,0,0,0,0,0,20560,0,0,0,20560,20560,3210182
2022-10-13,2022,10,13,port709,Mormugao,India,IND,0,0,0,0,0,0,0,0,0,0,0,0,0,0,0,0,0,0,0,0,0,3210183
2022-10-14,2022,10,14,port709,Mormugao,India,IND,0,2,0,0,0,2,2,0,152504,0,0,0,152504,152504,0,0,0,0,0,0,0,3210184
2022-10-15,2022,10,15,port709,Mormugao,India,IND,0,0,0,0,0,0,0,0,0,0,0,0,0,0,0,0,0,0,0,0,0,3210185
2022-10-16,2022,10,16,port709,Mormugao,India,IND,0,0,0,0,0,0,0,0,0,0,0,0,0,0,0,0,0,0,0,0,0,3210186
2022-10-17,2022,10,17,port709,Mormugao,India,IND,0,1,0,0,1,1,2,0,72386,0,0,0,72386,72386,0,0,0,0,0,0,0,3210187
2022-10-18,2022,10,18,port709,Mormugao,India,IND,0,0,0,0,0,0,0,0,0,0,0,0,0,0,0,0,0,0,0,0,0,3210188
2022-10-19,2022,10,19,port709,Mormugao,India,IND,0,1,0,0,1,1,2,0,71301,0,0,0,71301,71301,0,0,0,0,0,0,0,3210189
2022-10-20,2022,10,20,port709,Mormugao,India,IND,0,0,0,0,1,0,1,0,0,0,0,0,0,0,0,0,0,0,0,0,0,3210190
2022-10-21,2022,10,21,port709,Mormugao,India,IND,0,0,0,0,0,0,0,0,0,0,0,0,0,0,0,0,0,0,0,0,0,3210191
2022-10-22,2022,10,22,port709,Mormugao,India,IND,0,1,0,0,0,1,1,0,13181,0,0,0,13181,13181,0,0,0,0,0,0,0,3210192
2022-10-23,2022,10,23,port709,Mormugao,India,IND,0,0,0,0,0,0,0,0,0,0,0,0,0,0,0,0,0,0,0,0,0,3210193
2022-10-24,2022,10,24,port709,Mormugao,India,IND,0,0,0,0,0,0,0,0,0,0,0,0,0,0,0,0,0,0,0,0,0,3210194
2022-10-25,2022,10,25,port709,Mormugao,India,IND,0,2,0,0,0,2,2,0,35186,0,0,0,35186,35186,0,33601,0,0,0,33601,33601,3210195
2022-10-26,2022,10,26,port709,Mormugao,India,IND,0,1,0,0,0,1,1,0,0,0,0,0,0,0,0,0,0,0,0,0,0,3210196
2022-10-27,2022,10,27,port709,Mormugao,India,IND,0,0,0,0,0,0,0,0,0,0,0,0,0,0,0,0,0,0,0,0,0,3210197
2022-10-28,2022,10,28,port709,Mormugao,India,IND,0,0,0,0,0,0,0,0,0,0,0,0,0,0,0,0,0,0,0,0,0,3210198
2022-10-29,2022,10,29,port709,Mormugao,India,IND,0,0,0,0,0,0,0,0,0,0,0,0,0,0,0,0,0,0,0,0,0,3210199
2022-10-30,2022,10,30,port709,Mormugao,India,IND,0,1,0,0,0,1,1,0,41129,0,0,0,41129,41129,0,8214,0,0,0,8214,8214,3210200
2022-10-31,2022,10,31,port709,Mormugao,India,IND,0,0,0,0,0,0,0,0,0,0,0,0,0,0,0,0,0,0,0,0,0,3210201
2022-11-01,2022,11,1,port709,Mormugao,India,IND,0,0,1,0,0,1,1,0,0,0,0,0,0,0,0,0,5542,0,0,5542,5542,3210202
2022-11-02,2022,11,2,port709,Mormugao,India,IND,0,1,1,0,0,2,2,0,34644,2714,0,0,37358,37358,0,0,0,0,0,0,0,3210203
2022-11-03,2022,11,3,port709,Mormugao,India,IND,0,0,0,0,1,0,1,0,0,0,0,0,0,0,0,0,0,0,0,0,0,3210204
2022-11-04,2022,11,4,port709,Mormugao,India,IND,0,1,0,0,0,1,1,0,75282,0,0,0,75282,75282,0,0,0,0,0,0,0,3210205
2022-11-05,2022,11,5,port709,Mormugao,India,IND,0,0,0,0,0,0,0,0,0,0,0,0,0,0,0,0,0,0,0,0,0,3210206
2022-11-06,2022,11,6,port709,Mormugao,India,IND,0,2,0,0,0,2,2,0,143175,0,0,0,143175,143175,0,0,0,0,0,0,0,3210207
2022-11-07,2022,11,7,port709,Mormugao,India,IND,0,0,0,0,1,0,1,0,0,0,0,0,0,0,0,0,0,0,0,0,0,3210208
2022-11-08,2022,11,8,port709,Mormugao,India,IND,0,0,0,0,0,0,0,0,0,0,0,0,0,0,0,0,0,0,0,0,0,3210209
2022-11-09,2022,11,9,port709,Mormugao,India,IND,0,1,0,0,0,1,1,0,81587,0,0,0,81587,81587,0,0,0,0,0,0,0,3210210
2022-11-10,2022,11,10,port709,Mormugao,India,IND,0,0,0,0,0,0,0,0,0,0,0,0,0,0,0,0,0,0,0,0,0,3210211
2022-11-11,2022,11,11,port709,Mormugao,India,IND,0,1,0,0,1,1,2,0,22899,0,0,0,22899,22899,0,0,0,0,0,0,0,3210212
2022-11-12,2022,11,12,port709,Mormugao,India,IND,0,0,0,0,1,0,1,0,0,0,0,0,0,0,0,0,0,0,0,0,0,3210213
2022-11-13,2022,11,13,port709,Mormugao,India,IND,0,1,0,0,0,1,1,0,47454,0,0,0,47454,47454,0,0,0,0,0,0,0,3210214
2022-11-14,2022,11,14,port709,Mormugao,India,IND,0,0,1,0,1,1,2,0,0,0,0,0,0,0,0,0,3437,0,0,3437,3437,3210215
2022-11-15,2022,11,15,port709,Mormugao,India,IND,0,0,1,0,1,1,2,0,0,0,0,0,0,0,0,0,0,0,12819,0,12819,3210216
2022-11-16,2022,11,16,port709,Mormugao,India,IND,0,1,0,0,0,1,1,0,127815,0,0,0,127815,127815,0,0,0,0,0,0,0,3210217
2022-11-17,2022,11,17,port709,Mormugao,India,IND,0,0,0,0,0,0,0,0,0,0,0,0,0,0,0,0,0,0,0,0,0,3210218
2022-11-18,2022,11,18,port709,Mormugao,India,IND,0,0,0,0,0,0,0,0,0,0,0,0,0,0,0,0,0,0,0,0,0,3210219
2022-11-19,2022,11,19,port709,Mormugao,India,IND,0,0,0,0,1,0,1,0,0,0,0,0,0,0,0,0,0,0,0,0,0,3210220
2022-11-20,2022,11,20,port709,Mormugao,India,IND,0,0,0,0,1,0,1,0,0,0,0,17312,0,17312,0,0,0,0,0,0,0,3210221
2022-11-21,2022,11,21,port709,Mormugao,India,IND,0,0,0,0,0,0,0,0,0,0,0,0,0,0,0,0,0,0,0,0,0,3210222
2022-11-22,2022,11,22,port709,Mormugao,India,IND,0,1,0,0,0,1,1,0,115172,0,0,0,115172,115172,0,0,0,0,0,0,0,3210223
2022-11-23,2022,11,23,port709,Mormugao,India,IND,0,0,0,0,1,0,1,0,0,0,0,5263,0,5263,0,0,0,0,0,0,0,3210224
2022-11-24,2022,11,24,port709,Mormugao,India,IND,0,1,0,0,2,1,3,0,17680,0,0,18540,17680,36221,0,0,0,0,766,0,766,3210225
2022-11-25,2022,11,25,port709,Mormugao,India,IND,0,0,0,0,0,0,0,0,0,0,0,0,0,0,0,0,0,0,0,0,0,3210226
2022-11-26,2022,11,26,port709,Mormugao,India,IND,0,0,1,0,0,1,1,0,0,0,0,0,0,0,0,0,7497,0,0,7497,7497,3210227
2022-11-27,2022,11,27,port709,Mormugao,India,IND,0,0,0,0,0,0,0,0,0,0,0,0,0,0,0,0,0,0,0,0,0,3210228
2022-11-28,2022,11,28,port709,Mormugao,India,IND,0,0,0,0,1,0,1,0,0,0,0,0,0,0,0,0,0,0,0,0,0,3210229
2022-11-29,2022,11,29,port709,Mormugao,India,IND,0,0,0,0,0,0,0,0,0,0,0,0,0,0,0,0,0,0,0,0,0,3210230
2022-11-30,2022,11,30,port709,Mormugao,India,IND,0,0,0,0,0,0,0,0,0,0,0,0,0,0,0,0,0,0,0,0,0,3210231
2022-12-01,2022,12,1,port709,Mormugao,India,IND,0,0,0,0,0,0,0,0,0,0,0,0,0,0,0,0,0,0,0,0,0,3210232
2022-12-02,2022,12,2,port709,Mormugao,India,IND,0,1,0,0,0,1,1,0,42839,0,0,0,42839,42839,0,0,0,0,0,0,0,3210233
2022-12-03,2022,12,3,port709,Mormugao,India,IND,0,0,0,0,0,0,0,0,0,0,0,0,0,0,0,0,0,0,0,0,0,3210234
2022-12-04,2022,12,4,port709,Mormugao,India,IND,0,0,0,0,0,0,0,0,0,0,0,0,0,0,0,0,0,0,0,0,0,3210235
2022-12-05,2022,12,5,port709,Mormugao,India,IND,0,1,0,0,0,1,1,0,41129,0,0,0,41129,41129,0,8214,0,0,0,8214,8214,3210236
2022-12-06,2022,12,6,port709,Mormugao,India,IND,0,0,0,0,1,0,1,0,0,0,0,3029,0,3029,0,0,0,0,2529,0,2529,3210237
2022-12-07,2022,12,7,port709,Mormugao,India,IND,0,2,0,0,1,2,3,0,173285,0,0,5813,173285,179099,0,0,0,0,0,0,0,3210238
2022-12-08,2022,12,8,port709,Mormugao,India,IND,0,0,0,0,0,0,0,0,0,0,0,0,0,0,0,0,0,0,0,0,0,3210239
2022-12-09,2022,12,9,port709,Mormugao,India,IND,0,2,0,0,0,2,2,0,114629,0,0,0,114629,114629,0,0,0,0,0,0,0,3210240
2022-12-10,2022,12,10,port709,Mormugao,India,IND,0,0,0,0,0,0,0,0,0,0,0,0,0,0,0,0,0,0,0,0,0,3210241
2022-12-11,2022,12,11,port709,Mormugao,India,IND,0,1,0,0,0,1,1,0,24496,0,0,0,24496,24496,0,0,0,0,0,0,0,3210242
2022-12-12,2022,12,12,port709,Mormugao,India,IND,0,1,0,0,0,1,1,0,81249,0,0,0,81249,81249,0,0,0,0,0,0,0,3210243
2022-12-13,2022,12,13,port709,Mormugao,India,IND,0,0,0,0,0,0,0,0,0,0,0,0,0,0,0,0,0,0,0,0,0,3210244
2022-12-14,2022,12,14,port709,Mormugao,India,IND,0,0,0,0,0,0,0,0,0,0,0,0,0,0,0,0,0,0,0,0,0,3210245
2022-12-15,2022,12,15,port709,Mormugao,India,IND,0,0,0,0,1,0,1,0,0,0,0,38209,0,38209,0,0,0,0,0,0,0,3210246
2022-12-16,2022,12,16,port709,Mormugao,India,IND,0,0,0,0,1,0,1,0,0,0,0,11449,0,11449,0,0,0,0,0,0,0,3210247
2022-12-17,2022,12,17,port709,Mormugao,India,IND,0,0,0,0,0,0,0,0,0,0,0,0,0,0,0,0,0,0,0,0,0,3210248
2022-12-18,2022,12,18,port709,Mormugao,India,IND,0,1,1,0,0,2,2,0,0,0,0,0,0,0,0,0,6773,0,0,6773,6773,3210249
2022-12-19,2022,12,19,port709,Mormugao,India,IND,0,1,0,0,1,1,2,0,36426,0,0,0,36426,36426,0,0,0,0,0,0,0,3210250
2022-12-20,2022,12,20,port709,Mormugao,India,IND,0,0,0,0,0,0,0,0,0,0,0,0,0,0,0,0,0,0,0,0,0,3210251
2022-12-21,2022,12,21,port709,Mormugao,India,IND,0,1,0,0,0,1,1,0,125037,0,0,0,125037,125037,0,0,0,0,0,0,0,3210252
2022-12-22,2022,12,22,port709,Mormugao,India,IND,0,1,0,0,1,1,2,0,24948,0,0,7073,24948,32022,0,0,0,0,0,0,0,3210253
2022-12-23,2022,12,23,port709,Mormugao,India,IND,0,1,0,0,0,1,1,0,55688,0,0,0,55688,55688,0,0,0,0,0,0,0,3210254
2022-12-24,2022,12,24,port709,Mormugao,India,IND,0,0,0,0,0,0,0,0,0,0,0,0,0,0,0,0,0,0,0,0,0,3210255
2022-12-25,2022,12,25,port709,Mormugao,India,IND,0,0,0,0,0,0,0,0,0,0,0,0,0,0,0,0,0,0,0,0,0,3210256
2022-12-26,2022,12,26,port709,Mormugao,India,IND,0,1,0,0,2,1,3,0,47822,0,0,4238,47822,52061,0,0,0,0,0,0,0,3210257
2022-12-27,2022,12,27,port709,Mormugao,India,IND,0,2,0,0,1,2,3,0,63540,0,0,12306,63540,75846,0,13190,0,0,1325,13190,14515,3210258
2022-12-28,2022,12,28,port709,Mormugao,India,IND,0,0,1,0,0,1,1,0,0,0,0,0,0,0,0,0,3437,0,0,3437,3437,3210259
2022-12-29,2022,12,29,port709,Mormugao,India,IND,0,0,1,0,0,1,1,0,0,0,0,0,0,0,0,0,0,0,0,0,0,3210260
2022-12-30,2022,12,30,port709,Mormugao,India,IND,0,2,0,0,0,2,2,0,0,0,0,0,0,0,0,102252,0,0,0,102252,102252,3210261
2022-12-31,2022,12,31,port709,Mormugao,India,IND,0,0,0,0,1,0,1,0,0,0,0,0,0,0,0,0,0,0,0,0,0,3210262
2023-01-01,2023,1,1,port709,Mormugao,India,IND,0,0,0,0,0,0,0,0,0,0,0,0,0,0,0,0,0,0,0,0,0,3210263
2023-01-02,2023,1,2,port709,Mormugao,India,IND,0,0,0,0,0,0,0,0,0,0,0,0,0,0,0,0,0,0,0,0,0,3210264
2023-01-03,2023,1,3,port709,Mormugao,India,IND,0,1,0,0,0,1,1,0,75045,0,0,0,75045,75045,0,0,0,0,0,0,0,3210265
2023-01-04,2023,1,4,port709,Mormugao,India,IND,0,0,0,0,1,0,1,0,0,0,0,4693,0,4693,0,0,0,0,0,0,0,3210266
2023-01-05,2023,1,5,port709,Mormugao,India,IND,0,1,0,0,0,1,1,0,124879,0,0,0,124879,124879,0,0,0,0,0,0,0,3210267
2023-01-06,2023,1,6,port709,Mormugao,India,IND,0,0,0,0,0,0,0,0,0,0,0,0,0,0,0,0,0,0,0,0,0,3210268
2023-01-07,2023,1,7,port709,Mormugao,India,IND,0,0,0,0,0,0,0,0,0,0,0,0,0,0,0,0,0,0,0,0,0,3210269
2023-01-08,2023,1,8,port709,Mormugao,India,IND,0,0,0,0,0,0,0,0,0,0,0,0,0,0,0,0,0,0,0,0,0,3210270
2023-01-09,2023,1,9,port709,Mormugao,India,IND,0,1,0,0,0,1,1,0,25530,0,0,0,25530,25530,0,0,0,0,0,0,0,3210271
2023-01-10,2023,1,10,port709,Mormugao,India,IND,0,1,0,0,1,1,2,0,26225,0,0,32494,26225,58720,0,0,0,0,0,0,0,3210272
2023-01-11,2023,1,11,port709,Mormugao,India,IND,0,1,0,0,0,1,1,0,0,0,0,0,0,0,0,31029,0,0,0,31029,31029,3210273
2023-01-12,2023,1,12,port709,Mormugao,India,IND,0,1,0,0,1,1,2,0,125293,0,0,0,125293,125293,0,0,0,0,26564,0,26564,3210274
2023-01-13,2023,1,13,port709,Mormugao,India,IND,0,0,0,0,1,0,1,0,0,0,0,1058,0,1058,0,0,0,0,0,0,0,3210275
2023-01-14,2023,1,14,port709,Mormugao,India,IND,0,0,0,0,0,0,0,0,0,0,0,0,0,0,0,0,0,0,0,0,0,3210276
2023-01-15,2023,1,15,port709,Mormugao,India,IND,0,1,0,0,1,1,2,0,9052,0,0,35432,9052,44485,0,0,0,0,0,0,0,3210277
2023-01-16,2023,1,16,port709,Mormugao,India,IND,0,0,1,0,1,1,2,0,0,0,0,0,0,0,0,0,0,0,0,0,0,3210278
2023-01-17,2023,1,17,port709,Mormugao,India,IND,0,1,0,0,0,1,1,0,99590,0,0,0,99590,99590,0,0,0,0,0,0,0,3210279
2023-01-18,2023,1,18,port709,Mormugao,India,IND,0,1,0,0,1,1,2,0,0,0,0,2087,0,2087,0,29683,0,0,0,29683,29683,3210280
2023-01-19,2023,1,19,port709,Mormugao,India,IND,0,0,0,0,0,0,0,0,0,0,0,0,0,0,0,0,0,0,0,0,0,3210281
2023-01-20,2023,1,20,port709,Mormugao,India,IND,0,0,0,0,0,0,0,0,0,0,0,0,0,0,0,0,0,0,0,0,0,3210282
2023-01-21,2023,1,21,port709,Mormugao,India,IND,0,1,0,0,0,1,1,0,111098,0,0,0,111098,111098,0,0,0,0,0,0,0,3210283
2023-01-22,2023,1,22,port709,Mormugao,India,IND,0,0,0,0,0,0,0,0,0,0,0,0,0,0,0,0,0,0,0,0,0,3210284
2023-01-23,2023,1,23,port709,Mormugao,India,IND,0,1,0,0,0,1,1,0,0,0,0,0,0,0,0,25942,0,0,0,25942,25942,3210285
2023-01-24,2023,1,24,port709,Mormugao,India,IND,0,2,0,0,0,2,2,0,88180,0,0,0,88180,88180,0,7183,0,0,0,7183,7183,3210286
2023-01-25,2023,1,25,port709,Mormugao,India,IND,0,1,0,0,0,1,1,0,0,0,0,0,0,0,0,12054,0,0,0,12054,12054,3210287
2023-01-26,2023,1,26,port709,Mormugao,India,IND,0,0,0,0,0,0,0,0,0,0,0,0,0,0,0,0,0,0,0,0,0,3210288
2023-01-27,2023,1,27,port709,Mormugao,India,IND,0,1,0,0,0,1,1,0,0,0,0,0,0,0,0,43955,0,0,0,43955,43955,3210289
2023-01-28,2023,1,28,port709,Mormugao,India,IND,0,1,0,0,0,1,1,0,16267,0,0,0,16267,16267,0,0,0,0,0,0,0,3210290
2023-01-29,2023,1,29,port709,Mormugao,India,IND,0,0,0,0,0,0,0,0,0,0,0,0,0,0,0,0,0,0,0,0,0,3210291
2023-01-30,2023,1,30,port709,Mormugao,India,IND,0,1,1,0,0,2,2,0,122510,0,0,0,122510,122510,0,0,536,0,0,536,536,3210292
2023-01-31,2023,1,31,port709,Mormugao,India,IND,0,0,1,0,0,1,1,0,0,3337,0,0,3337,3337,0,0,0,0,0,0,0,3210293
2023-02-01,2023,2,1,port709,Mormugao,India,IND,0,0,0,0,0,0,0,0,0,0,0,0,0,0,0,0,0,0,0,0,0,3210294
2023-02-02,2023,2,2,port709,Mormugao,India,IND,0,2,0,0,2,2,4,0,165183,0,0,36132,165183,201315,0,0,0,0,0,0,0,3210295
2023-02-03,2023,2,3,port709,Mormugao,India,IND,0,0,0,0,0,0,0,0,0,0,0,0,0,0,0,0,0,0,0,0,0,3210296
2023-02-04,2023,2,4,port709,Mormugao,India,IND,0,1,0,0,0,1,1,0,72184,0,0,0,72184,72184,0,0,0,0,0,0,0,3210297
2023-02-05,2023,2,5,port709,Mormugao,India,IND,0,0,0,0,0,0,0,0,0,0,0,0,0,0,0,0,0,0,0,0,0,3210298
2023-02-06,2023,2,6,port709,Mormugao,India,IND,0,0,0,0,0,0,0,0,0,0,0,0,0,0,0,0,0,0,0,0,0,3210299
2023-02-07,2023,2,7,port709,Mormugao,India,IND,0,0,0,0,2,0,2,0,0,0,0,15752,0,15752,0,0,0,0,766,0,766,3210300
2023-02-08,2023,2,8,port709,Mormugao,India,IND,0,1,0,1,0,2,2,0,0,0,0,0,0,0,0,10002,0,16191,0,26193,26193,3210301
2023-02-09,2023,2,9,port709,Mormugao,India,IND,0,2,0,0,0,2,2,0,40797,0,0,0,40797,40797,0,53883,0,0,0,53883,53883,3210302
2023-02-10,2023,2,10,port709,Mormugao,India,IND,0,1,0,0,1,1,2,0,0,0,0,0,0,0,0,0,0,0,0,0,0,3210303
2023-02-11,2023,2,11,port709,Mormugao,India,IND,0,2,0,0,0,2,2,0,139664,0,0,0,139664,139664,0,0,0,0,0,0,0,3210304
2023-02-12,2023,2,12,port709,Mormugao,India,IND,0,0,0,0,0,0,0,0,0,0,0,0,0,0,0,0,0,0,0,0,0,3210305
2023-02-13,2023,2,13,port709,Mormugao,India,IND,0,1,0,0,0,1,1,0,0,0,0,0,0,0,0,38965,0,0,0,38965,38965,3210306
2023-02-14,2023,2,14,port709,Mormugao,India,IND,0,1,0,0,0,1,1,0,6809,0,0,0,6809,6809,0,0,0,0,0,0,0,3210307
2023-02-15,2023,2,15,port709,Mormugao,India,IND,0,1,0,0,0,1,1,0,55753,0,0,0,55753,55753,0,0,0,0,0,0,0,3210308
2023-02-16,2023,2,16,port709,Mormugao,India,IND,0,0,0,0,0,0,0,0,0,0,0,0,0,0,0,0,0,0,0,0,0,3210309
2023-02-17,2023,2,17,port709,Mormugao,India,IND,0,1,1,0,1,2,3,0,75866,0,0,10327,75866,86193,0,0,0,0,0,0,0,3210310
2023-02-18,2023,2,18,port709,Mormugao,India,IND,0,1,1,0,1,2,3,0,40622,0,0,0,40622,40622,0,0,7322,0,25086,7322,32409,3210311
2023-02-19,2023,2,19,port709,Mormugao,India,IND,0,0,0,0,0,0,0,0,0,0,0,0,0,0,0,0,0,0,0,0,0,3210312
2023-02-20,2023,2,20,port709,Mormugao,India,IND,0,0,0,0,0,0,0,0,0,0,0,0,0,0,0,0,0,0,0,0,0,3210313
2023-02-21,2023,2,21,port709,Mormugao,India,IND,0,0,0,0,1,0,1,0,0,0,0,0,0,0,0,0,0,0,0,0,0,3210314
2023-02-22,2023,2,22,port709,Mormugao,India,IND,0,1,0,0,1,1,2,0,0,0,0,0,0,0,0,38163,0,0,0,38163,38163,3210315
2023-02-23,2023,2,23,port709,Mormugao,India,IND,0,1,0,0,0,1,1,0,121409,0,0,0,121409,121409,0,0,0,0,0,0,0,3210316
2023-02-24,2023,2,24,port709,Mormugao,India,IND,0,0,0,0,1,0,1,0,0,0,0,842,0,842,0,0,0,0,0,0,0,3210317
2023-02-25,2023,2,25,port709,Mormugao,India,IND,0,1,0,0,0,1,1,0,51536,0,0,0,51536,51536,0,0,0,0,0,0,0,3210318
2023-02-26,2023,2,26,port709,Mormugao,India,IND,0,0,0,0,0,0,0,0,0,0,0,0,0,0,0,0,0,0,0,0,0,3210319
2023-02-27,2023,2,27,port709,Mormugao,India,IND,0,1,0,0,0,1,1,0,95498,0,0,0,95498,95498,0,0,0,0,0,0,0,3210320
2023-02-28,2023,2,28,port709,Mormugao,India,IND,0,1,0,0,1,1,2,0,50586,0,0,0,50586,50586,0,0,0,0,0,0,0,3210321
2023-03-01,2023,3,1,port709,Mormugao,India,IND,0,2,0,0,0,2,2,0,147995,0,0,0,147995,147995,0,0,0,0,0,0,0,3210322
2023-03-02,2023,3,2,port709,Mormugao,India,IND,0,0,0,0,0,0,0,0,0,0,0,0,0,0,0,0,0,0,0,0,0,3210323
2023-03-03,2023,3,3,port709,Mormugao,India,IND,0,1,0,0,0,1,1,0,0,0,0,0,0,0,0,19794,0,0,0,19794,19794,3210324
2023-03-04,2023,3,4,port709,Mormugao,India,IND,0,3,0,0,0,3,3,0,189467,0,0,0,189467,189467,0,8214,0,0,0,8214,8214,3210325
2023-03-05,2023,3,5,port709,Mormugao,India,IND,0,0,0,0,1,0,1,0,0,0,0,12202,0,12202,0,0,0,0,766,0,766,3210326
2023-03-06,2023,3,6,port709,Mormugao,India,IND,0,0,0,0,0,0,0,0,0,0,0,0,0,0,0,0,0,0,0,0,0,3210327
2023-03-07,2023,3,7,port709,Mormugao,India,IND,0,1,0,0,0,1,1,0,43725,0,0,0,43725,43725,0,0,0,0,0,0,0,3210328
2023-03-08,2023,3,8,port709,Mormugao,India,IND,0,1,0,0,2,1,3,0,0,0,0,35057,0,35057,0,3809,0,0,2529,3809,6339,3210329
2023-03-09,2023,3,9,port709,Mormugao,India,IND,0,0,1,0,0,1,1,0,0,0,0,0,0,0,0,0,555,0,0,555,555,3210330
2023-03-10,2023,3,10,port709,Mormugao,India,IND,0,0,0,0,0,0,0,0,0,0,0,0,0,0,0,0,0,0,0,0,0,3210331
2023-03-11,2023,3,11,port709,Mormugao,India,IND,0,1,0,0,0,1,1,0,78748,0,0,0,78748,78748,0,0,0,0,0,0,0,3210332
2023-03-12,2023,3,12,port709,Mormugao,India,IND,0,0,0,0,0,0,0,0,0,0,0,0,0,0,0,0,0,0,0,0,0,3210333
2023-03-13,2023,3,13,port709,Mormugao,India,IND,0,1,0,0,1,1,2,0,69676,0,0,6174,69676,75851,0,0,0,0,0,0,0,3210334
2023-03-14,2023,3,14,port709,Mormugao,India,IND,0,0,0,0,0,0,0,0,0,0,0,0,0,0,0,0,0,0,0,0,0,3210335
2023-03-15,2023,3,15,port709,Mormugao,India,IND,0,1,0,0,2,1,3,0,0,0,0,42269,0,42269,0,6776,0,0,0,6776,6776,3210336
2023-03-16,2023,3,16,port709,Mormugao,India,IND,0,0,0,0,0,0,0,0,0,0,0,0,0,0,0,0,0,0,0,0,0,3210337
2023-03-17,2023,3,17,port709,Mormugao,India,IND,0,1,0,0,0,1,1,0,107277,0,0,0,107277,107277,0,0,0,0,0,0,0,3210338
2023-03-18,2023,3,18,port709,Mormugao,India,IND,0,1,0,0,0,1,1,0,109420,0,0,0,109420,109420,0,0,0,0,0,0,0,3210339
2023-03-19,2023,3,19,port709,Mormugao,India,IND,0,1,0,0,0,1,1,0,0,0,0,0,0,0,0,6540,0,0,0,6540,6540,3210340
2023-03-20,2023,3,20,port709,Mormugao,India,IND,0,1,0,0,0,1,1,0,0,0,0,0,0,0,0,19981,0,0,0,19981,19981,3210341
2023-03-21,2023,3,21,port709,Mormugao,India,IND,0,0,0,0,0,0,0,0,0,0,0,0,0,0,0,0,0,0,0,0,0,3210342
2023-03-22,2023,3,22,port709,Mormugao,India,IND,0,0,0,0,0,0,0,0,0,0,0,0,0,0,0,0,0,0,0,0,0,3210343
2023-03-23,2023,3,23,port709,Mormugao,India,IND,0,1,0,0,0,1,1,0,0,0,0,0,0,0,0,2030,0,0,0,2030,2030,3210344
2023-03-24,2023,3,24,port709,Mormugao,India,IND,0,2,0,0,0,2,2,0,163402,0,0,0,163402,163402,0,0,0,0,0,0,0,3210345
2023-03-25,2023,3,25,port709,Mormugao,India,IND,0,0,0,0,0,0,0,0,0,0,0,0,0,0,0,0,0,0,0,0,0,3210346
2023-03-26,2023,3,26,port709,Mormugao,India,IND,0,2,0,0,1,2,3,0,116891,0,0,36695,116891,153587,0,8214,0,0,0,8214,8214,3210347
2023-03-27,2023,3,27,port709,Mormugao,India,IND,0,0,1,0,0,1,1,0,0,0,0,0,0,0,0,0,0,0,0,0,0,3210348
2023-03-28,2023,3,28,port709,Mormugao,India,IND,0,1,0,0,0,1,1,0,0,0,0,0,0,0,0,0,0,0,0,0,0,3210349
2023-03-29,2023,3,29,port709,Mormugao,India,IND,0,0,0,0,1,0,1,0,0,0,0,0,0,0,0,0,0,0,0,0,0,3210350
2023-03-30,2023,3,30,port709,Mormugao,India,IND,0,0,0,0,0,0,0,0,0,0,0,0,0,0,0,0,0,0,0,0,0,3210351
2023-03-31,2023,3,31,port709,Mormugao,India,IND,0,3,1,0,0,4,4,0,116619,0,0,0,116619,116619,0,33238,0,0,0,33238,33238,3210352
2023-04-01,2023,4,1,port709,Mormugao,India,IND,0,0,0,0,0,0,0,0,0,0,0,0,0,0,0,0,0,0,0,0,0,3210353
2023-04-02,2023,4,2,port709,Mormugao,India,IND,0,0,1,0,0,1,1,0,0,0,0,0,0,0,0,0,0,0,0,0,0,3210354
2023-04-03,2023,4,3,port709,Mormugao,India,IND,0,0,1,0,0,1,1,0,0,0,0,0,0,0,0,0,0,0,0,0,0,3210355
2023-04-04,2023,4,4,port709,Mormugao,India,IND,0,0,0,0,0,0,0,0,0,0,0,0,0,0,0,0,0,0,0,0,0,3210356
2023-04-05,2023,4,5,port709,Mormugao,India,IND,0,2,0,0,0,2,2,0,109700,0,0,0,109700,109700,0,7253,0,0,0,7253,7253,3210357
2023-04-06,2023,4,6,port709,Mormugao,India,IND,0,0,1,0,2,1,3,0,0,0,0,40886,0,40886,0,0,0,0,0,0,0,3210358
2023-04-07,2023,4,7,port709,Mormugao,India,IND,0,0,1,0,0,1,1,0,0,0,0,0,0,0,0,0,3859,0,0,3859,3859,3210359
2023-04-08,2023,4,8,port709,Mormugao,India,IND,0,0,0,0,0,0,0,0,0,0,0,0,0,0,0,0,0,0,0,0,0,3210360
2023-04-09,2023,4,9,port709,Mormugao,India,IND,0,0,0,0,0,0,0,0,0,0,0,0,0,0,0,0,0,0,0,0,0,3210361
2023-04-10,2023,4,10,port709,Mormugao,India,IND,0,2,1,0,0,3,3,0,100556,0,0,0,100556,100556,0,0,0,0,0,0,0,3210362
2023-04-11,2023,4,11,port709,Mormugao,India,IND,0,0,0,0,1,0,1,0,0,0,0,31490,0,31490,0,0,0,0,0,0,0,3210363
2023-04-12,2023,4,12,port709,Mormugao,India,IND,0,0,0,0,0,0,0,0,0,0,0,0,0,0,0,0,0,0,0,0,0,3210364
2023-04-13,2023,4,13,port709,Mormugao,India,IND,0,2,1,0,0,3,3,0,3550,0,0,0,3550,3550,0,54313,0,0,0,54313,54313,3210365
2023-04-14,2023,4,14,port709,Mormugao,India,IND,0,0,0,1,0,1,1,0,0,0,0,0,0,0,0,0,0,1142,0,1142,1142,3210366
2023-04-15,2023,4,15,port709,Mormugao,India,IND,0,0,0,0,0,0,0,0,0,0,0,0,0,0,0,0,0,0,0,0,0,3210367
2023-04-16,2023,4,16,port709,Mormugao,India,IND,0,1,0,0,0,1,1,0,40183,0,0,0,40183,40183,0,0,0,0,0,0,0,3210368
2023-04-17,2023,4,17,port709,Mormugao,India,IND,0,0,0,0,1,0,1,0,0,0,0,1333,0,1333,0,0,0,0,0,0,0,3210369
2023-04-18,2023,4,18,port709,Mormugao,India,IND,0,1,0,0,0,1,1,0,76983,0,0,0,76983,76983,0,0,0,0,0,0,0,3210370
2023-04-19,2023,4,19,port709,Mormugao,India,IND,0,2,0,0,0,2,2,0,75671,0,0,0,75671,75671,0,18254,0,0,0,18254,18254,3210371
2023-04-20,2023,4,20,port709,Mormugao,India,IND,0,0,0,0,0,0,0,0,0,0,0,0,0,0,0,0,0,0,0,0,0,3210372
2023-04-21,2023,4,21,port709,Mormugao,India,IND,0,0,0,0,0,0,0,0,0,0,0,0,0,0,0,0,0,0,0,0,0,3210373
2023-04-22,2023,4,22,port709,Mormugao,India,IND,0,1,0,0,0,1,1,0,89515,0,0,0,89515,89515,0,0,0,0,0,0,0,3210374
2023-04-23,2023,4,23,port709,Mormugao,India,IND,0,2,0,0,2,2,4,0,11770,0,0,11500,11770,23270,0,0,0,0,0,0,0,3210375
2023-04-24,2023,4,24,port709,Mormugao,India,IND,0,1,0,0,1,1,2,0,0,0,0,32892,0,32892,0,47555,0,0,0,47555,47555,3210376
2023-04-25,2023,4,25,port709,Mormugao,India,IND,0,0,1,0,0,1,1,0,0,0,0,0,0,0,0,0,0,0,0,0,0,3210377
2023-04-26,2023,4,26,port709,Mormugao,India,IND,0,2,0,0,0,2,2,0,37809,0,0,0,37809,37809,0,2141,0,0,0,2141,2141,3210378
2023-04-27,2023,4,27,port709,Mormugao,India,IND,0,3,0,0,0,3,3,0,58683,0,0,0,58683,58683,0,4903,0,0,0,4903,4903,3210379
2023-04-28,2023,4,28,port709,Mormugao,India,IND,0,1,0,0,1,1,2,0,71907,0,0,0,71907,71907,0,0,0,0,0,0,0,3210380
2023-04-29,2023,4,29,port709,Mormugao,India,IND,0,1,0,0,0,1,1,0,0,0,0,0,0,0,0,39857,0,0,0,39857,39857,3210381
2023-04-30,2023,4,30,port709,Mormugao,India,IND,0,1,0,0,1,1,2,0,18417,0,0,0,18417,18417,0,0,0,0,0,0,0,3210382
2023-05-01,2023,5,1,port709,Mormugao,India,IND,0,0,0,0,0,0,0,0,0,0,0,0,0,0,0,0,0,0,0,0,0,3210383
2023-05-02,2023,5,2,port709,Mormugao,India,IND,0,2,0,0,0,2,2,0,29081,0,0,0,29081,29081,0,9935,0,0,0,9935,9935,3210384
2023-05-03,2023,5,3,port709,Mormugao,India,IND,0,0,0,0,0,0,0,0,0,0,0,0,0,0,0,0,0,0,0,0,0,3210385
2023-05-04,2023,5,4,port709,Mormugao,India,IND,0,2,0,0,2,2,4,0,0,0,0,0,0,0,0,11280,0,0,0,11280,11280,3210386
2023-05-05,2023,5,5,port709,Mormugao,India,IND,0,1,0,0,0,1,1,0,23180,0,0,0,23180,23180,0,0,0,0,0,0,0,3210387
2023-05-06,2023,5,6,port709,Mormugao,India,IND,0,0,0,0,0,0,0,0,0,0,0,0,0,0,0,0,0,0,0,0,0,3210388
2023-05-07,2023,5,7,port709,Mormugao,India,IND,0,1,0,0,0,1,1,0,22700,0,0,0,22700,22700,0,0,0,0,0,0,0,3210389
2023-05-08,2023,5,8,port709,Mormugao,India,IND,0,0,0,0,1,0,1,0,0,0,0,33040,0,33040,0,0,0,0,0,0,0,3210390
2023-05-09,2023,5,9,port709,Mormugao,India,IND,0,0,0,0,0,0,0,0,0,0,0,0,0,0,0,0,0,0,0,0,0,3210391
2023-05-10,2023,5,10,port709,Mormugao,India,IND,0,1,0,0,1,1,2,0,0,0,0,0,0,0,0,0,0,0,0,0,0,3210392
2023-05-11,2023,5,11,port709,Mormugao,India,IND,0,1,0,0,1,1,2,0,74468,0,0,0,74468,74468,0,0,0,0,0,0,0,3210393
2023-05-12,2023,5,12,port709,Mormugao,India,IND,0,0,1,0,0,1,1,0,0,0,0,0,0,0,0,0,0,0,0,0,0,3210394
2023-05-13,2023,5,13,port709,Mormugao,India,IND,0,0,0,0,0,0,0,0,0,0,0,0,0,0,0,0,0,0,0,0,0,3210395
2023-05-14,2023,5,14,port709,Mormugao,India,IND,0,1,0,0,0,1,1,0,83561,0,0,0,83561,83561,0,0,0,0,0,0,0,3210396
2023-05-15,2023,5,15,port709,Mormugao,India,IND,0,0,1,0,1,1,2,0,0,0,0,22874,0,22874,0,0,0,0,0,0,0,3210397
2023-05-16,2023,5,16,port709,Mormugao,India,IND,0,2,0,0,0,2,2,0,76264,0,0,0,76264,76264,0,0,0,0,0,0,0,3210398
2023-05-17,2023,5,17,port709,Mormugao,India,IND,0,1,0,0,0,1,1,0,0,0,0,0,0,0,0,55877,0,0,0,55877,55877,3210399
2023-05-18,2023,5,18,port709,Mormugao,India,IND,0,2,0,0,0,2,2,0,100239,0,0,0,100239,100239,0,5035,0,0,0,5035,5035,3210400
2023-05-19,2023,5,19,port709,Mormugao,India,IND,0,0,0,0,0,0,0,0,0,0,0,0,0,0,0,0,0,0,0,0,0,3210401
2023-05-20,2023,5,20,port709,Mormugao,India,IND,0,1,1,0,0,2,2,0,0,3714,0,0,3714,3714,0,9797,0,0,0,9797,9797,3210402
2024-06-24,2024,6,24,port709,Mormugao,India,IND,0,1,1,0,0,2,2,0,0,0,0,0,0,0,0,3829,0,0,0,3829,3829,3210403
2023-05-21,2023,5,21,port709,Mormugao,India,IND,0,1,0,0,2,1,3,0,37864,0,0,38886,37864,76750,0,0,0,0,0,0,0,3210404
2024-06-25,2024,6,25,port709,Mormugao,India,IND,0,2,0,0,1,2,3,0,57788,0,0,12202,57788,69991,0,0,0,0,766,0,766,3210406
2023-05-22,2023,5,22,port709,Mormugao,India,IND,0,0,0,0,0,0,0,0,0,0,0,0,0,0,0,0,0,0,0,0,0,3210407
2023-05-23,2023,5,23,port709,Mormugao,India,IND,0,0,1,0,1,1,2,0,0,0,0,37589,0,37589,0,0,13479,0,0,13479,13479,3210408
2025-07-30,2025,7,30,port709,Mormugao,India,IND,0,0,0,0,0,0,0,0,0,0,0,0,0,0,0,0,0,0,0,0,0,3210410
2023-05-24,2023,5,24,port709,Mormugao,India,IND,0,3,0,0,0,3,3,0,0,0,0,0,0,0,0,73217,0,0,0,73217,73217,3210411
2024-06-26,2024,6,26,port709,Mormugao,India,IND,0,1,0,0,0,1,1,0,53270,0,0,0,53270,53270,0,0,0,0,0,0,0,3210412
2025-07-31,2025,7,31,port709,Mormugao,India,IND,0,1,0,0,0,1,1,0,41129,0,0,0,41129,41129,0,8214,0,0,0,8214,8214,3210413
2023-05-25,2023,5,25,port709,Mormugao,India,IND,0,0,1,0,1,1,2,0,0,0,0,38492,0,38492,0,0,0,0,0,0,0,3210415
2024-06-27,2024,6,27,port709,Mormugao,India,IND,0,1,0,0,0,1,1,0,0,0,0,0,0,0,0,0,0,0,0,0,0,3210416
2025-08-01,2025,8,1,port709,Mormugao,India,IND,0,1,0,0,0,1,1,0,28464,0,0,0,28464,28464,0,0,0,0,0,0,0,3210417
2023-05-26,2023,5,26,port709,Mormugao,India,IND,0,1,0,0,0,1,1,0,35782,0,0,0,35782,35782,0,0,0,0,0,0,0,3210419
2024-06-28,2024,6,28,port709,Mormugao,India,IND,0,3,0,0,0,3,3,0,92546,0,0,0,92546,92546,0,7131,0,0,0,7131,7131,3210420
2025-08-02,2025,8,2,port709,Mormugao,India,IND,0,1,0,0,1,1,2,0,0,0,0,1410,0,1410,0,20013,0,0,0,20013,20013,3210421
2023-05-27,2023,5,27,port709,Mormugao,India,IND,0,1,1,0,0,2,2,0,26758,0,0,0,26758,26758,0,0,1658,0,0,1658,1658,3210423
2024-06-29,2024,6,29,port709,Mormugao,India,IND,0,1,1,0,0,2,2,0,41129,0,0,0,41129,41129,0,8214,0,0,0,8214,8214,3210424
2025-08-03,2025,8,3,port709,Mormugao,India,IND,0,1,0,0,0,1,1,0,81868,0,0,0,81868,81868,0,0,0,0,0,0,0,3210425
2025-08-04,2025,8,4,port709,Mormugao,India,IND,0,0,0,0,1,0,1,0,0,0,0,9896,0,9896,0,0,0,0,0,0,0,3210426
2025-08-05,2025,8,5,port709,Mormugao,India,IND,0,0,0,0,1,0,1,0,0,0,0,32501,0,32501,0,0,0,0,0,0,0,3210427
2025-08-06,2025,8,6,port709,Mormugao,India,IND,0,1,0,0,0,1,1,0,138922,0,0,0,138922,138922,0,0,0,0,0,0,0,3210428
2025-08-07,2025,8,7,port709,Mormugao,India,IND,0,0,0,0,0,0,0,0,0,0,0,0,0,0,0,0,0,0,0,0,0,3210429
2025-08-08,2025,8,8,port709,Mormugao,India,IND,0,0,1,0,0,1,1,0,0,0,0,0,0,0,0,0,0,0,0,0,0,3210430
2025-08-09,2025,8,9,port709,Mormugao,India,IND,0,0,0,0,0,0,0,0,0,0,0,0,0,0,0,0,0,0,0,0,0,3210431
2025-08-10,2025,8,10,port709,Mormugao,India,IND,0,2,0,0,1,2,3,0,183889,0,0,29995,183889,213885,0,0,0,0,0,0,0,3210432
2025-08-11,2025,8,11,port709,Mormugao,India,IND,0,0,0,0,0,0,0,0,0,0,0,0,0,0,0,0,0,0,0,0,0,3210433
2025-08-12,2025,8,12,port709,Mormugao,India,IND,0,1,0,0,0,1,1,0,28833,0,0,0,28833,28833,0,0,0,0,0,0,0,3210434
2025-08-13,2025,8,13,port709,Mormugao,India,IND,0,0,0,0,0,0,0,0,0,0,0,0,0,0,0,0,0,0,0,0,0,3210435
2025-08-14,2025,8,14,port709,Mormugao,India,IND,0,1,0,0,0,1,1,0,120918,0,0,0,120918,120918,0,0,0,0,0,0,0,3210436
2025-08-15,2025,8,15,port709,Mormugao,India,IND,0,1,0,0,0,1,1,0,82340,0,0,0,82340,82340,0,0,0,0,0,0,0,3210437
2025-08-16,2025,8,16,port709,Mormugao,India,IND,0,0,0,0,0,0,0,0,0,0,0,0,0,0,0,0,0,0,0,0,0,3210438
2025-08-17,2025,8,17,port709,Mormugao,India,IND,0,0,0,0,0,0,0,0,0,0,0,0,0,0,0,0,0,0,0,0,0,3210439
2025-08-18,2025,8,18,port709,Mormugao,India,IND,0,1,0,0,0,1,1,0,0,0,0,0,0,0,0,22068,0,0,0,22068,22068,3210440
2025-08-19,2025,8,19,port709,Mormugao,India,IND,0,0,0,0,0,0,0,0,0,0,0,0,0,0,0,0,0,0,0,0,0,3210441
2025-08-20,2025,8,20,port709,Mormugao,India,IND,0,0,0,0,0,0,0,0,0,0,0,0,0,0,0,0,0,0,0,0,0,3210442
2025-08-21,2025,8,21,port709,Mormugao,India,IND,0,0,0,0,0,0,0,0,0,0,0,0,0,0,0,0,0,0,0,0,0,3210443
2025-08-22,2025,8,22,port709,Mormugao,India,IND,0,0,0,0,1,0,1,0,0,0,0,9757,0,9757,0,0,0,0,544,0,544,3210444
2025-08-23,2025,8,23,port709,Mormugao,India,IND,0,0,0,0,0,0,0,0,0,0,0,0,0,0,0,0,0,0,0,0,0,3210445
2025-08-24,2025,8,24,port709,Mormugao,India,IND,0,1,0,0,0,1,1,0,0,0,0,0,0,0,0,0,0,0,0,0,0,3210446
2025-08-25,2025,8,25,port709,Mormugao,India,IND,0,1,0,0,0,1,1,0,8692,0,0,0,8692,8692,0,0,0,0,0,0,0,3210447
2025-08-26,2025,8,26,port709,Mormugao,India,IND,0,4,0,0,1,4,5,0,167555,0,0,8008,167555,175564,0,50321,0,0,0,50321,50321,3210448
2025-08-27,2025,8,27,port709,Mormugao,India,IND,0,1,0,0,0,1,1,0,33971,0,0,0,33971,33971,0,0,0,0,0,0,0,3210449
2025-08-28,2025,8,28,port709,Mormugao,India,IND,0,1,1,0,0,2,2,0,0,2487,0,0,2487,2487,0,1023,250,0,0,1273,1273,3210450
2025-08-29,2025,8,29,port709,Mormugao,India,IND,0,0,0,0,1,0,1,0,0,0,0,0,0,0,0,0,0,0,0,0,0,3210451
2025-08-30,2025,8,30,port709,Mormugao,India,IND,0,3,0,0,0,3,3,0,191003,0,0,0,191003,191003,0,8214,0,0,0,8214,8214,3210452
2025-08-31,2025,8,31,port709,Mormugao,India,IND,0,1,0,0,0,1,1,0,0,0,0,0,0,0,0,10359,0,0,0,10359,10359,3210453
2025-09-01,2025,9,1,port709,Mormugao,India,IND,0,1,1,0,1,2,3,0,71943,2487,0,6770,74431,81201,0,0,250,0,0,250,250,3210454
2025-09-02,2025,9,2,port709,Mormugao,India,IND,0,1,0,0,0,1,1,0,59289,0,0,0,59289,59289,0,0,0,0,0,0,0,3210455
2025-09-03,2025,9,3,port709,Mormugao,India,IND,0,1,0,0,0,1,1,0,77499,0,0,0,77499,77499,0,0,0,0,0,0,0,3210456
2025-09-04,2025,9,4,port709,Mormugao,India,IND,0,1,0,0,0,1,1,0,0,0,0,0,0,0,0,11961,0,0,0,11961,11961,3210457
2025-09-05,2025,9,5,port709,Mormugao,India,IND,0,0,0,0,1,0,1,0,0,0,0,6853,0,6853,0,0,0,0,0,0,0,3210458
2025-09-06,2025,9,6,port709,Mormugao,India,IND,0,0,1,0,0,1,1,0,0,8402,0,0,8402,8402,0,0,0,0,0,0,0,3210459
2025-09-07,2025,9,7,port709,Mormugao,India,IND,0,0,0,0,0,0,0,0,0,0,0,0,0,0,0,0,0,0,0,0,0,3210460
2025-09-08,2025,9,8,port709,Mormugao,India,IND,0,0,0,0,0,0,0,0,0,0,0,0,0,0,0,0,0,0,0,0,0,3210461
2025-09-09,2025,9,9,port709,Mormugao,India,IND,0,1,0,0,1,1,2,0,41129,0,0,0,41129,41129,0,8214,0,0,14344,8214,22559,3210462
2025-09-10,2025,9,10,port709,Mormugao,India,IND,0,1,0,0,0,1,1,0,1168,0,0,0,1168,1168,0,0,0,0,0,0,0,3210463
2025-09-11,2025,9,11,port709,Mormugao,India,IND,0,1,0,0,0,1,1,0,54481,0,0,0,54481,54481,0,0,0,0,0,0,0,3210464
2025-09-12,2025,9,12,port709,Mormugao,India,IND,0,2,0,0,0,2,2,0,145781,0,0,0,145781,145781,0,0,0,0,0,0,0,3210465
2025-09-13,2025,9,13,port709,Mormugao,India,IND,0,1,0,0,1,1,2,0,33115,0,0,9757,33115,42873,0,0,0,0,544,0,544,3210466
2025-09-14,2025,9,14,port709,Mormugao,India,IND,0,0,0,0,0,0,0,0,0,0,0,0,0,0,0,0,0,0,0,0,0,3210467
2025-09-15,2025,9,15,port709,Mormugao,India,IND,0,0,0,0,0,0,0,0,0,0,0,0,0,0,0,0,0,0,0,0,0,3210468
2025-09-16,2025,9,16,port709,Mormugao,India,IND,0,0,0,0,1,0,1,0,0,0,0,0,0,0,0,0,0,0,0,0,0,3210469
2025-09-17,2025,9,17,port709,Mormugao,India,IND,0,0,0,0,0,0,0,0,0,0,0,0,0,0,0,0,0,0,0,0,0,3210470
2025-09-18,2025,9,18,port709,Mormugao,India,IND,0,1,0,0,0,1,1,0,0,0,0,0,0,0,0,29664,0,0,0,29664,29664,3210471
2025-09-19,2025,9,19,port709,Mormugao,India,IND,0,1,1,0,0,2,2,0,75972,2487,0,0,78460,78460,0,0,250,0,0,250,250,3210472
2025-09-20,2025,9,20,port709,Mormugao,India,IND,0,2,0,0,0,2,2,0,57168,0,0,0,57168,57168,0,53396,0,0,0,53396,53396,3210473
2025-09-21,2025,9,21,port709,Mormugao,India,IND,0,3,0,0,0,3,3,0,75346,0,0,0,75346,75346,0,91162,0,0,0,91162,91162,3210474
2025-09-22,2025,9,22,port709,Mormugao,India,IND,0,1,0,0,0,1,1,0,51255,0,0,0,51255,51255,0,0,0,0,0,0,0,3210475
2025-09-23,2025,9,23,port709,Mormugao,India,IND,0,1,0,0,0,1,1,0,33257,0,0,0,33257,33257,0,0,0,0,0,0,0,3210476
2025-09-24,2025,9,24,port709,Mormugao,India,IND,0,2,1,0,0,3,3,0,24948,0,0,0,24948,24948,0,25468,1193,0,0,26662,26662,3210477
2025-09-25,2025,9,25,port709,Mormugao,India,IND,0,0,0,0,1,0,1,0,0,0,0,4144,0,4144,0,0,0,0,0,0,0,3210478
2025-09-26,2025,9,26,port709,Mormugao,India,IND,0,1,0,0,0,1,1,0,48700,0,0,0,48700,48700,0,0,0,0,0,0,0,3210479
2025-09-27,2025,9,27,port709,Mormugao,India,IND,0,1,0,0,0,1,1,0,79905,0,0,0,79905,79905,0,0,0,0,0,0,0,3210480
2025-09-28,2025,9,28,port709,Mormugao,India,IND,0,1,0,0,1,1,2,0,0,0,0,8062,0,8062,0,22735,0,0,0,22735,22735,3210481
2025-09-29,2025,9,29,port709,Mormugao,India,IND,0,1,1,0,0,2,2,0,75841,0,0,0,75841,75841,0,0,3927,0,0,3927,3927,3210482
2025-09-30,2025,9,30,port709,Mormugao,India,IND,0,2,0,0,1,2,3,0,29817,0,0,4290,29817,34107,0,30429,0,0,0,30429,30429,3210483
2025-10-01,2025,10,1,port709,Mormugao,India,IND,0,2,0,0,0,2,2,0,43691,0,0,0,43691,43691,0,0,0,0,0,0,0,3210484
2025-10-02,2025,10,2,port709,Mormugao,India,IND,0,1,0,0,0,1,1,0,101584,0,0,0,101584,101584,0,0,0,0,0,0,0,3210485
2025-10-03,2025,10,3,port709,Mormugao,India,IND,0,0,1,0,0,1,1,0,0,1367,0,0,1367,1367,0,0,4198,0,0,4198,4198,3210486
2025-10-04,2025,10,4,port709,Mormugao,India,IND,0,0,0,0,0,0,0,0,0,0,0,0,0,0,0,0,0,0,0,0,0,3210487
2025-10-05,2025,10,5,port709,Mormugao,India,IND,0,0,0,0,0,0,0,0,0,0,0,0,0,0,0,0,0,0,0,0,0,3210488
2025-10-06,2025,10,6,port709,Mormugao,India,IND,0,2,0,0,1,2,3,0,82125,0,0,24947,82125,107073,0,36228,0,0,0,36228,36228,3210489
2025-10-07,2025,10,7,port709,Mormugao,India,IND,0,0,0,0,0,0,0,0,0,0,0,0,0,0,0,0,0,0,0,0,0,3210490
2025-10-08,2025,10,8,port709,Mormugao,India,IND,0,1,0,0,0,1,1,0,81649,0,0,0,81649,81649,0,0,0,0,0,0,0,3210491
2025-10-09,2025,10,9,port709,Mormugao,India,IND,0,0,0,0,0,0,0,0,0,0,0,0,0,0,0,0,0,0,0,0,0,3210492
2025-10-10,2025,10,10,port709,Mormugao,India,IND,0,1,0,0,0,1,1,0,33116,0,0,0,33116,33116,0,0,0,0,0,0,0,3210493
2025-10-11,2025,10,11,port709,Mormugao,India,IND,0,2,0,0,1,2,3,0,22188,0,0,35881,22188,58070,0,55228,0,0,0,55228,55228,3210494
2025-10-12,2025,10,12,port709,Mormugao,India,IND,0,1,0,0,0,1,1,0,39095,0,0,0,39095,39095,0,0,0,0,0,0,0,3210495
2025-10-13,2025,10,13,port709,Mormugao,India,IND,0,1,0,0,0,1,1,0,0,0,0,0,0,0,0,56317,0,0,0,56317,56317,3210496
2025-10-14,2025,10,14,port709,Mormugao,India,IND,0,0,0,0,1,0,1,0,0,0,0,0,0,0,0,0,0,0,0,0,0,3210497
2025-10-15,2025,10,15,port709,Mormugao,India,IND,0,1,0,0,0,1,1,0,76057,0,0,0,76057,76057,0,0,0,0,0,0,0,3210498
2025-10-16,2025,10,16,port709,Mormugao,India,IND,0,0,0,0,1,0,1,0,0,0,0,34592,0,34592,0,0,0,0,0,0,0,3210499
2025-10-17,2025,10,17,port709,Mormugao,India,IND,0,1,0,0,0,1,1,0,41129,0,0,0,41129,41129,0,8214,0,0,0,8214,8214,3210500
2025-10-18,2025,10,18,port709,Mormugao,India,IND,0,1,0,0,0,1,1,0,54731,0,0,0,54731,54731,0,0,0,0,0,0,0,3210501
2025-10-19,2025,10,19,port709,Mormugao,India,IND,0,2,0,0,1,2,3,0,76681,0,0,9097,76681,85778,0,51613,0,0,0,51613,51613,3210502
2025-10-20,2025,10,20,port709,Mormugao,India,IND,0,0,0,0,0,0,0,0,0,0,0,0,0,0,0,0,0,0,0,0,0,3210503
2025-10-21,2025,10,21,port709,Mormugao,India,IND,0,0,0,0,1,0,1,0,0,0,0,1893,0,1893,0,0,0,0,0,0,0,3210504
2025-10-22,2025,10,22,port709,Mormugao,India,IND,0,1,0,0,0,1,1,0,0,0,0,0,0,0,0,4868,0,0,0,4868,4868,3210505
2025-10-23,2025,10,23,port709,Mormugao,India,IND,0,2,0,0,0,2,2,0,101726,0,0,0,101726,101726,0,15823,0,0,0,15823,15823,3210506
2025-10-24,2025,10,24,port709,Mormugao,India,IND,0,1,1,0,0,2,2,0,81913,11093,0,0,93006,93006,0,0,0,0,0,0,0,3210507
2025-10-25,2025,10,25,port709,Mormugao,India,IND,0,0,0,0,0,0,0,0,0,0,0,0,0,0,0,0,0,0,0,0,0,3210508
2025-10-26,2025,10,26,port709,Mormugao,India,IND,0,1,0,0,0,1,1,0,0,0,0,0,0,0,0,28167,0,0,0,28167,28167,3210509
2025-10-27,2025,10,27,port709,Mormugao,India,IND,0,0,0,0,0,0,0,0,0,0,0,0,0,0,0,0,0,0,0,0,0,3210510
2025-10-28,2025,10,28,port709,Mormugao,India,IND,0,2,0,0,0,2,2,0,0,0,0,0,0,0,0,37860,0,0,0,37860,37860,3210511
2025-10-29,2025,10,29,port709,Mormugao,India,IND,0,0,0,0,0,0,0,0,0,0,0,0,0,0,0,0,0,0,0,0,0,3210512
2025-10-30,2025,10,30,port709,Mormugao,India,IND,0,3,0,0,0,3,3,0,79049,0,0,0,79049,79049,0,60738,0,0,0,60738,60738,3210513
2025-10-31,2025,10,31,port709,Mormugao,India,IND,0,0,0,0,1,0,1,0,0,0,0,35062,0,35062,0,0,0,0,0,0,0,3210514
2025-11-01,2025,11,1,port709,Mormugao,India,IND,0,1,0,0,0,1,1,0,0,0,0,0,0,0,0,57479,0,0,0,57479,57479,3210515
2025-11-02,2025,11,2,port709,Mormugao,India,IND,0,1,0,0,1,1,2,0,75437,0,0,8470,75437,83907,0,0,0,0,0,0,0,3210516
2025-11-03,2025,11,3,port709,Mormugao,India,IND,0,1,0,0,0,1,1,0,28085,0,0,0,28085,28085,0,0,0,0,0,0,0,3210517
2025-11-04,2025,11,4,port709,Mormugao,India,IND,0,1,0,0,0,1,1,0,30690,0,0,0,30690,30690,0,0,0,0,0,0,0,3210518
2025-11-05,2025,11,5,port709,Mormugao,India,IND,0,1,0,0,1,1,2,0,125037,0,0,16468,125037,141506,0,0,0,0,0,0,0,3210519
2025-11-06,2025,11,6,port709,Mormugao,India,IND,0,1,0,0,0,1,1,0,0,0,0,0,0,0,0,0,0,0,0,0,0,3210520
2025-11-07,2025,11,7,port709,Mormugao,India,IND,0,1,0,0,0,1,1,0,25072,0,0,0,25072,25072,0,0,0,0,0,0,0,3210521
2025-11-08,2025,11,8,port709,Mormugao,India,IND,0,0,0,0,0,0,0,0,0,0,0,0,0,0,0,0,0,0,0,0,0,3210522
2025-11-09,2025,11,9,port709,Mormugao,India,IND,0,0,1,0,1,1,2,0,0,2487,0,2597,2487,5085,0,0,250,0,0,250,250,3210523
2025-11-10,2025,11,10,port709,Mormugao,India,IND,0,0,0,0,0,0,0,0,0,0,0,0,0,0,0,0,0,0,0,0,0,3210524
2025-11-11,2025,11,11,port709,Mormugao,India,IND,0,1,0,0,1,1,2,0,0,0,0,0,0,0,0,1505,0,0,0,1505,1505,3210525
2025-11-12,2025,11,12,port709,Mormugao,India,IND,0,0,0,0,1,0,1,0,0,0,0,7225,0,7225,0,0,0,0,0,0,0,3210526
2025-11-13,2025,11,13,port709,Mormugao,India,IND,0,0,0,0,0,0,0,0,0,0,0,0,0,0,0,0,0,0,0,0,0,3210527
2025-11-14,2025,11,14,port709,Mormugao,India,IND,0,0,0,0,1,0,1,0,0,0,0,32393,0,32393,0,0,0,0,0,0,0,3210528
2025-11-15,2025,11,15,port709,Mormugao,India,IND,0,0,0,0,0,0,0,0,0,0,0,0,0,0,0,0,0,0,0,0,0,3210529
2025-11-16,2025,11,16,port709,Mormugao,India,IND,0,0,0,0,0,0,0,0,0,0,0,0,0,0,0,0,0,0,0,0,0,3210530
2025-11-17,2025,11,17,port709,Mormugao,India,IND,0,1,0,0,0,1,1,0,75820,0,0,0,75820,75820,0,0,0,0,0,0,0,3210531
2025-11-18,2025,11,18,port709,Mormugao,India,IND,0,0,1,0,0,1,1,0,0,2487,0,0,2487,2487,0,0,250,0,0,250,250,3210532
2025-11-19,2025,11,19,port709,Mormugao,India,IND,0,1,0,0,0,1,1,0,32710,0,0,0,32710,32710,0,0,0,0,0,0,0,3210533
2025-11-20,2025,11,20,port709,Mormugao,India,IND,1,1,0,0,0,2,2,0,51194,0,0,0,51194,51194,0,0,0,0,0,0,0,3210534
2025-11-21,2025,11,21,port709,Mormugao,India,IND,0,0,0,0,0,0,0,0,0,0,0,0,0,0,0,0,0,0,0,0,0,3210535
2025-11-22,2025,11,22,port709,Mormugao,India,IND,0,0,0,0,0,0,0,0,0,0,0,0,0,0,0,0,0,0,0,0,0,3210536
2025-11-23,2025,11,23,port709,Mormugao,India,IND,0,0,0,0,1,0,1,0,0,0,0,40824,0,40824,0,0,0,0,0,0,0,3210537
2025-11-24,2025,11,24,port709,Mormugao,India,IND,0,3,0,0,0,3,3,0,84767,0,0,0,84767,84767,0,64669,0,0,0,64669,64669,3210538
2025-11-25,2025,11,25,port709,Mormugao,India,IND,0,0,0,0,0,0,0,0,0,0,0,0,0,0,0,0,0,0,0,0,0,3210539
2025-11-26,2025,11,26,port709,Mormugao,India,IND,0,2,1,0,0,3,3,0,163970,0,0,0,163970,163970,0,0,0,0,0,0,0,3210540
2025-11-27,2025,11,27,port709,Mormugao,India,IND,0,1,0,0,1,1,2,0,0,0,0,0,0,0,0,36620,0,0,0,36620,36620,3210541
2025-11-28,2025,11,28,port709,Mormugao,India,IND,0,2,0,0,0,2,2,0,193851,0,0,0,193851,193851,0,0,0,0,0,0,0,3210542
2025-11-29,2025,11,29,port709,Mormugao,India,IND,0,0,0,0,0,0,0,0,0,0,0,0,0,0,0,0,0,0,0,0,0,3210543
2025-11-30,2025,11,30,port709,Mormugao,India,IND,0,1,0,0,0,1,1,0,75626,0,0,0,75626,75626,0,0,0,0,0,0,0,3210544
2025-12-01,2025,12,1,port709,Mormugao,India,IND,0,0,0,0,1,0,1,0,0,0,0,10704,0,10704,0,0,0,0,0,0,0,3210545
2025-12-02,2025,12,2,port709,Mormugao,India,IND,0,1,0,0,0,1,1,0,83273,0,0,0,83273,83273,0,0,0,0,0,0,0,3210546
2025-12-03,2025,12,3,port709,Mormugao,India,IND,0,1,0,1,0,2,2,0,41129,0,0,0,41129,41129,0,8214,0,1830,0,10044,10044,3210547
2025-12-04,2025,12,4,port709,Mormugao,India,IND,0,0,0,0,0,0,0,0,0,0,0,0,0,0,0,0,0,0,0,0,0,3210548
2025-12-05,2025,12,5,port709,Mormugao,India,IND,0,2,0,0,0,2,2,0,76952,0,0,0,76952,76952,0,36288,0,0,0,36288,36288,3210549
2025-12-06,2025,12,6,port709,Mormugao,India,IND,0,1,0,0,2,1,3,0,75376,0,0,14743,75376,90119,0,0,0,0,0,0,0,3210550
2025-12-07,2025,12,7,port709,Mormugao,India,IND,1,0,0,0,0,1,1,0,0,0,0,0,0,0,0,0,0,0,0,0,0,3210551
2025-12-08,2025,12,8,port709,Mormugao,India,IND,0,0,0,0,0,0,0,0,0,0,0,0,0,0,0,0,0,0,0,0,0,3210552
2025-12-09,2025,12,9,port709,Mormugao,India,IND,0,2,0,0,0,2,2,0,160033,0,0,0,160033,160033,0,0,0,0,0,0,0,3210553
2025-12-10,2025,12,10,port709,Mormugao,India,IND,0,0,0,0,1,0,1,0,0,0,0,38768,0,38768,0,0,0,0,0,0,0,3210554
2025-12-11,2025,12,11,port709,Mormugao,India,IND,0,0,0,0,0,0,0,0,0,0,0,0,0,0,0,0,0,0,0,0,0,3210555
2025-12-12,2025,12,12,port709,Mormugao,India,IND,0,1,1,0,0,2,2,0,75417,0,0,0,75417,75417,0,0,0,0,0,0,0,3210556
2025-12-13,2025,12,13,port709,Mormugao,India,IND,0,1,0,0,0,1,1,0,88229,0,0,0,88229,88229,0,0,0,0,0,0,0,3210557
2025-12-14,2025,12,14,port709,Mormugao,India,IND,0,0,0,0,0,0,0,0,0,0,0,0,0,0,0,0,0,0,0,0,0,3210558
2025-12-15,2025,12,15,port709,Mormugao,India,IND,0,1,0,0,0,1,1,0,11649,0,0,0,11649,11649,0,0,0,0,0,0,0,3210559
2025-12-16,2025,12,16,port709,Mormugao,India,IND,0,0,0,0,0,0,0,0,0,0,0,0,0,0,0,0,0,0,0,0,0,3210560
2025-12-17,2025,12,17,port709,Mormugao,India,IND,0,0,0,0,0,0,0,0,0,0,0,0,0,0,0,0,0,0,0,0,0,3210561
2025-12-18,2025,12,18,port709,Mormugao,India,IND,0,2,0,0,0,2,2,0,82258,0,0,0,82258,82258,0,16429,0,0,0,16429,16429,3210562
2025-12-19,2025,12,19,port709,Mormugao,India,IND,0,0,0,0,1,0,1,0,0,0,0,12202,0,12202,0,0,0,0,766,0,766,3210563
2025-12-20,2025,12,20,port709,Mormugao,India,IND,0,0,0,0,0,0,0,0,0,0,0,0,0,0,0,0,0,0,0,0,0,3210564
2025-12-21,2025,12,21,port709,Mormugao,India,IND,0,0,0,0,0,0,0,0,0,0,0,0,0,0,0,0,0,0,0,0,0,3210565
2025-12-22,2025,12,22,port709,Mormugao,India,IND,0,0,0,0,0,0,0,0,0,0,0,0,0,0,0,0,0,0,0,0,0,3210566
2025-12-23,2025,12,23,port709,Mormugao,India,IND,0,0,0,0,0,0,0,0,0,0,0,0,0,0,0,0,0,0,0,0,0,3210567
2025-12-24,2025,12,24,port709,Mormugao,India,IND,1,0,0,0,0,1,1,1420,0,0,0,0,1420,1420,3402,0,0,0,0,3402,3402,3210568
2025-12-25,2025,12,25,port709,Mormugao,India,IND,0,0,0,0,0,0,0,0,0,0,0,0,0,0,0,0,0,0,0,0,0,3210569
2025-12-26,2025,12,26,port709,Mormugao,India,IND,0,0,0,0,0,0,0,0,0,0,0,0,0,0,0,0,0,0,0,0,0,3210570
2025-12-27,2025,12,27,port709,Mormugao,India,IND,0,1,0,0,0,1,1,0,41129,0,0,0,41129,41129,0,8214,0,0,0,8214,8214,3210571
2025-12-28,2025,12,28,port709,Mormugao,India,IND,0,1,0,0,0,1,1,0,41129,0,0,0,41129,41129,0,8214,0,0,0,8214,8214,3210572
2025-12-29,2025,12,29,port709,Mormugao,India,IND,0,0,0,0,0,0,0,0,0,0,0,0,0,0,0,0,0,0,0,0,0,3210573
2025-12-30,2025,12,30,port709,Mormugao,India,IND,0,0,0,0,0,0,0,0,0,0,0,0,0,0,0,0,0,0,0,0,0,3210574
2025-12-31,2025,12,31,port709,Mormugao,India,IND,0,1,0,0,1,1,2,0,0,0,0,0,0,0,0,23107,0,0,0,23107,23107,3210575
2026-01-01,2026,1,1,port709,Mormugao,India,IND,0,1,0,0,0,1,1,0,41129,0,0,0,41129,41129,0,8214,0,0,0,8214,8214,3210576
2026-01-02,2026,1,2,port709,Mormugao,India,IND,0,1,0,0,0,1,1,0,29817,0,0,0,29817,29817,0,15823,0,0,0,15823,15823,3210577
2026-01-03,2026,1,3,port709,Mormugao,India,IND,0,0,1,0,0,1,1,0,0,1367,0,0,1367,1367,0,0,4198,0,0,4198,4198,3210578
2026-01-04,2026,1,4,port709,Mormugao,India,IND,0,0,0,0,0,0,0,0,0,0,0,0,0,0,0,0,0,0,0,0,0,3210579
2026-01-05,2026,1,5,port709,Mormugao,India,IND,0,1,0,0,0,1,1,0,41129,0,0,0,41129,41129,0,8214,0,0,0,8214,8214,3210580
2026-01-06,2026,1,6,port709,Mormugao,India,IND,0,0,0,0,0,0,0,0,0,0,0,0,0,0,0,0,0,0,0,0,0,3210581
2026-01-07,2026,1,7,port709,Mormugao,India,IND,0,0,0,0,0,0,0,0,0,0,0,0,0,0,0,0,0,0,0,0,0,3210582
2026-01-08,2026,1,8,port709,Mormugao,India,IND,0,0,0,0,1,0,1,0,0,0,0,9757,0,9757,0,0,0,0,544,0,544,3210583
2026-01-09,2026,1,9,port709,Mormugao,India,IND,0,1,0,0,0,1,1,0,41129,0,0,0,41129,41129,0,8214,0,0,0,8214,8214,3210584
2026-01-10,2026,1,10,port709,Mormugao,India,IND,0,1,0,0,0,1,1,0,0,0,0,0,0,0,0,50019,0,0,0,50019,50019,3210585
2026-01-11,2026,1,11,port709,Mormugao,India,IND,0,1,0,0,0,1,1,0,83843,0,0,0,83843,83843,0,0,0,0,0,0,0,3210586
2026-01-12,2026,1,12,port709,Mormugao,India,IND,0,1,0,0,0,1,1,0,16869,0,0,0,16869,16869,0,0,0,0,0,0,0,3210587
2026-01-13,2026,1,13,port709,Mormugao,India,IND,0,0,0,0,0,0,0,0,0,0,0,0,0,0,0,0,0,0,0,0,0,3210588
2026-01-14,2026,1,14,port709,Mormugao,India,IND,1,0,0,0,0,1,1,1420,0,0,0,0,1420,1420,3402,0,0,0,0,3402,3402,3210589
2026-01-15,2026,1,15,port709,Mormugao,India,IND,0,0,0,0,0,0,0,0,0,0,0,0,0,0,0,0,0,0,0,0,0,3210590
2026-01-16,2026,1,16,port709,Mormugao,India,IND,0,1,0,0,0,1,1,0,72772,0,0,0,72772,72772,0,0,0,0,0,0,0,3210591
2026-01-17,2026,1,17,port709,Mormugao,India,IND,0,0,0,0,0,0,0,0,0,0,0,0,0,0,0,0,0,0,0,0,0,3210592
2026-01-18,2026,1,18,port709,Mormugao,India,IND,0,0,0,0,0,0,0,0,0,0,0,0,0,0,0,0,0,0,0,0,0,3210593
2026-01-19,2026,1,19,port709,Mormugao,India,IND,0,0,0,0,0,0,0,0,0,0,0,0,0,0,0,0,0,0,0,0,0,3210594
2026-01-20,2026,1,20,port709,Mormugao,India,IND,0,0,0,0,0,0,0,0,0,0,0,0,0,0,0,0,0,0,0,0,0,3210595
2026-01-21,2026,1,21,port709,Mormugao,India,IND,0,0,0,0,0,0,0,0,0,0,0,0,0,0,0,0,0,0,0,0,0,3210596
2026-01-22,2026,1,22,port709,Mormugao,India,IND,0,1,0,0,0,1,1,0,73025,0,0,0,73025,73025,0,0,0,0,0,0,0,3210597
2026-01-23,2026,1,23,port709,Mormugao,India,IND,0,1,0,0,1,1,2,0,43740,0,0,0,43740,43740,0,0,0,0,0,0,0,3210598
2026-01-24,2026,1,24,port709,Mormugao,India,IND,0,1,0,0,0,1,1,0,81785,0,0,0,81785,81785,0,0,0,0,0,0,0,3210599
2026-01-25,2026,1,25,port709,Mormugao,India,IND,0,1,0,0,0,1,1,0,0,0,0,0,0,0,0,25836,0,0,0,25836,25836,3210600
2026-01-26,2026,1,26,port709,Mormugao,India,IND,0,0,0,0,0,0,0,0,0,0,0,0,0,0,0,0,0,0,0,0,0,3210601
2026-01-27,2026,1,27,port709,Mormugao,India,IND,0,0,0,0,0,0,0,0,0,0,0,0,0,0,0,0,0,0,0,0,0,3210602
2026-01-28,2026,1,28,port709,Mormugao,India,IND,0,2,0,0,0,2,2,0,60319,0,0,0,60319,60319,0,8214,0,0,0,8214,8214,3210603
2026-01-29,2026,1,29,port709,Mormugao,India,IND,0,2,0,0,0,2,2,0,137134,0,0,0,137134,137134,0,0,0,0,0,0,0,3210604
2026-01-30,2026,1,30,port709,Mormugao,India,IND,0,0,0,0,0,0,0,0,0,0,0,0,0,0,0,0,0,0,0,0,0,3210605
2026-01-31,2026,1,31,port709,Mormugao,India,IND,0,1,0,0,1,1,2,0,72012,0,0,6753,72012,78766,0,0,0,0,0,0,0,3210606
2026-02-01,2026,2,1,port709,Mormugao,India,IND,0,1,0,0,0,1,1,0,0,0,0,0,0,0,0,0,0,0,0,0,0,3210607
2026-02-02,2026,2,2,port709,Mormugao,India,IND,0,0,1,0,0,1,1,0,0,17486,0,0,17486,17486,0,0,0,0,0,0,0,3210608
2026-02-03,2026,2,3,port709,Mormugao,India,IND,0,2,0,0,0,2,2,0,108062,0,0,0,108062,108062,0,0,0,0,0,0,0,3210609
2026-02-04,2026,2,4,port709,Mormugao,India,IND,0,0,0,0,2,0,2,0,0,0,0,11797,0,11797,0,0,0,0,0,0,0,3210610
2026-02-05,2026,2,5,port709,Mormugao,India,IND,0,0,0,0,0,0,0,0,0,0,0,0,0,0,0,0,0,0,0,0,0,3210611
2026-02-06,2026,2,6,port709,Mormugao,India,IND,0,2,0,0,1,2,3,0,49833,0,0,0,49833,49833,0,0,0,0,0,0,0,3210612
2026-02-07,2026,2,7,port709,Mormugao,India,IND,1,1,0,0,0,2,2,1420,82210,0,0,0,83630,83630,3402,0,0,0,0,3402,3402,3210613
2026-02-08,2026,2,8,port709,Mormugao,India,IND,0,0,0,0,0,0,0,0,0,0,0,0,0,0,0,0,0,0,0,0,0,3210614
2026-02-09,2026,2,9,port709,Mormugao,India,IND,0,1,0,0,0,1,1,0,78305,0,0,0,78305,78305,0,0,0,0,0,0,0,3210615
2026-02-10,2026,2,10,port709,Mormugao,India,IND,0,1,0,0,0,1,1,0,54470,0,0,0,54470,54470,0,0,0,0,0,0,0,3210616
2026-02-11,2026,2,11,port709,Mormugao,India,IND,0,0,0,0,1,0,1,0,0,0,0,6109,0,6109,0,0,0,0,0,0,0,3210617
2026-02-12,2026,2,12,port709,Mormugao,India,IND,0,0,0,0,1,0,1,0,0,0,0,35485,0,35485,0,0,0,0,0,0,0,3210618
2026-02-13,2026,2,13,port709,Mormugao,India,IND,0,2,0,0,0,2,2,0,202802,0,0,0,202802,202802,0,0,0,0,0,0,0,3210619
2026-02-14,2026,2,14,port709,Mormugao,India,IND,0,0,0,0,0,0,0,0,0,0,0,0,0,0,0,0,0,0,0,0,0,3210620
2026-02-15,2026,2,15,port709,Mormugao,India,IND,0,0,0,0,0,0,0,0,0,0,0,0,0,0,0,0,0,0,0,0,0,3210621
2026-02-16,2026,2,16,port709,Mormugao,India,IND,0,1,0,0,0,1,1,0,57887,0,0,0,57887,57887,0,0,0,0,0,0,0,3210622
2026-02-17,2026,2,17,port709,Mormugao,India,IND,0,0,0,0,0,0,0,0,0,0,0,0,0,0,0,0,0,0,0,0,0,3210623
2026-02-18,2026,2,18,port709,Mormugao,India,IND,0,0,0,0,0,0,0,0,0,0,0,0,0,0,0,0,0,0,0,0,0,3210624
2026-02-19,2026,2,19,port709,Mormugao,India,IND,0,1,0,0,1,1,2,0,0,0,0,31715,0,31715,0,25303,0,0,0,25303,25303,3210625
2026-02-20,2026,2,20,port709,Mormugao,India,IND,0,0,0,0,0,0,0,0,0,0,0,0,0,0,0,0,0,0,0,0,0,3210626
2026-02-21,2026,2,21,port709,Mormugao,India,IND,0,1,0,0,1,1,2,0,82428,0,0,12202,82428,94631,0,0,0,0,766,0,766,3210627
2026-02-22,2026,2,22,port709,Mormugao,India,IND,0,0,0,0,0,0,0,0,0,0,0,0,0,0,0,0,0,0,0,0,0,3210628
2026-02-23,2026,2,23,port709,Mormugao,India,IND,0,1,0,0,1,1,2,0,88399,0,0,0,88399,88399,0,0,0,0,0,0,0,3210629
2026-02-24,2026,2,24,port709,Mormugao,India,IND,1,0,0,0,0,1,1,0,0,0,0,0,0,0,0,0,0,0,0,0,0,3210630
2026-02-25,2026,2,25,port709,Mormugao,India,IND,0,2,0,0,0,2,2,0,72166,0,0,0,72166,72166,0,8214,0,0,0,8214,8214,3210631
2026-02-26,2026,2,26,port709,Mormugao,India,IND,0,1,0,0,1,1,2,0,0,0,0,12202,0,12202,0,3681,0,0,766,3681,4447,3210632
2026-02-27,2026,2,27,port709,Mormugao,India,IND,0,1,0,0,0,1,1,0,0,0,0,0,0,0,0,18080,0,0,0,18080,18080,3210633
2026-02-28,2026,2,28,port709,Mormugao,India,IND,0,0,0,0,0,0,0,0,0,0,0,0,0,0,0,0,0,0,0,0,0,3210634
2026-03-01,2026,3,1,port709,Mormugao,India,IND,0,1,0,0,0,1,1,0,75866,0,0,0,75866,75866,0,0,0,0,0,0,0,3210635
2026-03-02,2026,3,2,port709,Mormugao,India,IND,0,0,0,0,0,0,0,0,0,0,0,0,0,0,0,0,0,0,0,0,0,3210636
2026-03-03,2026,3,3,port709,Mormugao,India,IND,0,2,0,0,1,2,3,0,219608,0,0,9757,219608,229366,0,0,0,0,544,0,544,3210637
2026-03-04,2026,3,4,port709,Mormugao,India,IND,0,0,0,0,1,0,1,0,0,0,0,14773,0,14773,0,0,0,0,0,0,0,3210638
2026-03-05,2026,3,5,port709,Mormugao,India,IND,0,0,0,0,0,0,0,0,0,0,0,0,0,0,0,0,0,0,0,0,0,3210639
2026-03-06,2026,3,6,port709,Mormugao,India,IND,0,0,0,0,0,0,0,0,0,0,0,0,0,0,0,0,0,0,0,0,0,3210640
2026-03-07,2026,3,7,port709,Mormugao,India,IND,0,1,0,0,0,1,1,0,80969,0,0,0,80969,80969,0,0,0,0,0,0,0,3210641
2026-03-08,2026,3,8,port709,Mormugao,India,IND,0,0,0,0,0,0,0,0,0,0,0,0,0,0,0,0,0,0,0,0,0,3210642
2026-03-09,2026,3,9,port709,Mormugao,India,IND,0,0,0,0,0,0,0,0,0,0,0,0,0,0,0,0,0,0,0,0,0,3210643
2026-03-10,2026,3,10,port709,Mormugao,India,IND,0,1,0,0,1,1,2,0,72747,0,0,12202,72747,84950,0,0,0,0,766,0,766,3210644
2026-03-11,2026,3,11,port709,Mormugao,India,IND,0,0,0,0,0,0,0,0,0,0,0,0,0,0,0,0,0,0,0,0,0,3210645
2026-03-12,2026,3,12,port709,Mormugao,India,IND,0,0,0,0,0,0,0,0,0,0,0,0,0,0,0,0,0,0,0,0,0,3210646
2026-03-13,2026,3,13,port709,Mormugao,India,IND,0,1,0,0,1,1,2,0,82481,0,0,30260,82481,112741,0,0,0,0,0,0,0,3210647
2026-03-14,2026,3,14,port709,Mormugao,India,IND,0,0,0,0,0,0,0,0,0,0,0,0,0,0,0,0,0,0,0,0,0,3210648
2026-03-15,2026,3,15,port709,Mormugao,India,IND,0,1,0,0,0,1,1,0,88229,0,0,0,88229,88229,0,0,0,0,0,0,0,3210649
2026-03-16,2026,3,16,port709,Mormugao,India,IND,0,2,0,0,0,2,2,0,34644,0,0,0,34644,34644,0,30196,0,0,0,30196,30196,3210650
2026-03-17,2026,3,17,port709,Mormugao,India,IND,0,0,0,0,0,0,0,0,0,0,0,0,0,0,0,0,0,0,0,0,0,3210651
2026-03-18,2026,3,18,port709,Mormugao,India,IND,0,0,0,0,0,0,0,0,0,0,0,0,0,0,0,0,0,0,0,0,0,3210652
2026-03-19,2026,3,19,port709,Mormugao,India,IND,1,1,0,0,0,2,2,1420,37442,0,0,0,38863,38863,3402,0,0,0,0,3402,3402,3210653
2026-03-20,2026,3,20,port709,Mormugao,India,IND,0,1,0,0,0,1,1,0,0,0,0,0,0,0,0,20767,0,0,0,20767,20767,3210654
2026-03-21,2026,3,21,port709,Mormugao,India,IND,0,0,0,0,0,0,0,0,0,0,0,0,0,0,0,0,0,0,0,0,0,3210655
2026-03-22,2026,3,22,port709,Mormugao,India,IND,0,2,0,0,1,2,3,0,147337,0,0,14408,147337,161745,0,0,0,0,0,0,0,3210656
2026-03-23,2026,3,23,port709,Mormugao,India,IND,0,0,0,0,0,0,0,0,0,0,0,0,0,0,0,0,0,0,0,0,0,3210657
2026-03-24,2026,3,24,port709,Mormugao,India,IND,0,1,1,0,1,2,3,0,26513,0,0,0,26513,26513,0,0,0,0,0,0,0,3210658
2026-03-25,2026,3,25,port709,Mormugao,India,IND,0,2,0,0,1,2,3,0,0,0,0,34969,0,34969,0,79641,0,0,0,79641,79641,3210659
2026-03-26,2026,3,26,port709,Mormugao,India,IND,0,1,0,0,0,1,1,0,75393,0,0,0,75393,75393,0,0,0,0,0,0,0,3210660
2026-03-27,2026,3,27,port709,Mormugao,India,IND,0,2,0,0,0,2,2,0,92646,0,0,0,92646,92646,0,0,0,0,0,0,0,3210661
2026-03-28,2026,3,28,port709,Mormugao,India,IND,0,1,0,0,0,1,1,0,0,0,0,0,0,0,0,57127,0,0,0,57127,57127,3210662
2026-03-29,2026,3,29,port709,Mormugao,India,IND,0,0,0,0,0,0,0,0,0,0,0,0,0,0,0,0,0,0,0,0,0,3210663
2026-03-30,2026,3,30,port709,Mormugao,India,IND,0,1,0,0,0,1,1,0,51274,0,0,0,51274,51274,0,0,0,0,0,0,0,3210664
2026-03-31,2026,3,31,port709,Mormugao,India,IND,0,1,0,0,0,1,1,0,0,0,0,0,0,0,0,13314,0,0,0,13314,13314,3210665
2026-04-01,2026,4,1,port709,Mormugao,India,IND,0,1,0,0,1,1,2,0,82075,0,0,12202,82075,94278,0,0,0,0,766,0,766,3210666
2026-04-02,2026,4,2,port709,Mormugao,India,IND,0,1,0,0,0,1,1,0,0,0,0,0,0,0,0,0,0,0,0,0,0,3210667
2026-04-03,2026,4,3,port709,Mormugao,India,IND,0,1,0,0,0,1,1,0,51255,0,0,0,51255,51255,0,0,0,0,0,0,0,3210668
2026-04-04,2026,4,4,port709,Mormugao,India,IND,0,1,0,0,1,1,2,0,52232,0,0,0,52232,52232,0,0,0,0,0,0,0,3210669
2026-04-05,2026,4,5,port709,Mormugao,India,IND,0,0,0,0,0,0,0,0,0,0,0,0,0,0,0,0,0,0,0,0,0,3210670
2026-04-06,2026,4,6,port709,Mormugao,India,IND,0,1,0,0,1,1,2,0,71174,0,0,0,71174,71174,0,0,0,0,0,0,0,3210671
2026-04-07,2026,4,7,port709,Mormugao,India,IND,0,0,0,0,1,0,1,0,0,0,0,0,0,0,0,0,0,0,105426,0,105426,3210672
2026-04-08,2026,4,8,port709,Mormugao,India,IND,0,1,0,0,0,1,1,0,10975,0,0,0,10975,10975,0,0,0,0,0,0,0,3210673
2026-04-09,2026,4,9,port709,Mormugao,India,IND,0,2,0,0,0,2,2,0,123552,0,0,0,123552,123552,0,8214,0,0,0,8214,8214,3210674
2026-04-10,2026,4,10,port709,Mormugao,India,IND,0,1,1,0,0,2,2,0,77998,0,0,0,77998,77998,0,0,0,0,0,0,0,3210675
2026-04-11,2026,4,11,port709,Mormugao,India,IND,0,0,1,0,0,1,1,0,0,0,0,0,0,0,0,0,0,0,0,0,0,3210676
2026-04-12,2026,4,12,port709,Mormugao,India,IND,0,0,2,0,0,2,2,0,0,0,0,0,0,0,0,0,0,0,0,0,0,3210677
2026-04-13,2026,4,13,port709,Mormugao,India,IND,0,1,0,0,0,1,1,0,120885,0,0,0,120885,120885,0,0,0,0,0,0,0,3210678
2026-04-14,2026,4,14,port709,Mormugao,India,IND,0,1,0,0,0,1,1,0,73893,0,0,0,73893,73893,0,0,0,0,0,0,0,3210679
2026-04-15,2026,4,15,port709,Mormugao,India,IND,0,0,0,0,1,0,1,0,0,0,0,10373,0,10373,0,0,0,0,0,0,0,3210680
2026-04-16,2026,4,16,port709,Mormugao,India,IND,0,1,0,0,1,1,2,0,73705,0,0,4243,73705,77948,0,0,0,0,0,0,0,3210681
2026-04-17,2026,4,17,port709,Mormugao,India,IND,0,1,0,0,0,1,1,0,0,0,0,0,0,0,0,25566,0,0,0,25566,25566,3210682
2026-04-18,2026,4,18,port709,Mormugao,India,IND,0,2,0,0,0,2,2,0,210390,0,0,0,210390,210390,0,0,0,0,0,0,0,3210683
2026-04-19,2026,4,19,port709,Mormugao,India,IND,0,0,0,0,1,0,1,0,0,0,0,0,0,0,0,0,0,0,0,0,0,3210684
2026-04-20,2026,4,20,port709,Mormugao,India,IND,0,0,0,0,2,0,2,0,0,0,0,12306,0,12306,0,0,0,0,1325,0,1325,3210685
2026-04-21,2026,4,21,port709,Mormugao,India,IND,0,1,0,0,0,1,1,0,83217,0,0,0,83217,83217,0,0,0,0,0,0,0,3210686
2026-04-22,2026,4,22,port709,Mormugao,India,IND,0,1,0,0,0,1,1,0,50702,0,0,0,50702,50702,0,0,0,0,0,0,0,3210687
2026-04-23,2026,4,23,port709,Mormugao,India,IND,0,0,0,0,1,0,1,0,0,0,0,9757,0,9757,0,0,0,0,544,0,544,3210688
2026-04-24,2026,4,24,port709,Mormugao,India,IND,0,1,0,0,0,1,1,0,75282,0,0,0,75282,75282,0,0,0,0,0,0,0,3210689
2026-04-25,2026,4,25,port709,Mormugao,India,IND,0,1,0,0,0,1,1,0,0,0,0,0,0,0,0,55311,0,0,0,55311,55311,3210690
2026-04-26,2026,4,26,port709,Mormugao,India,IND,0,1,0,0,2,1,3,0,33184,0,0,138392,33184,171577,0,0,0,0,0,0,0,3210691
2026-04-27,2026,4,27,port709,Mormugao,India,IND,0,1,0,0,0,1,1,0,0,0,0,0,0,0,0,41871,0,0,0,41871,41871,3210692
2026-04-28,2026,4,28,port709,Mormugao,India,IND,1,0,0,0,0,1,1,0,0,0,0,0,0,0,0,0,0,0,0,0,0,3210693
2026-04-29,2026,4,29,port709,Mormugao,India,IND,0,1,0,0,0,1,1,0,46403,0,0,0,46403,46403,0,0,0,0,0,0,0,3210694
2026-04-30,2026,4,30,port709,Mormugao,India,IND,0,1,0,0,0,1,1,0,0,0,0,0,0,0,0,9197,0,0,0,9197,9197,3210695
2026-05-01,2026,5,1,port709,Mormugao,India,IND,0,1,0,0,0,1,1,0,71242,0,0,0,71242,71242,0,0,0,0,0,0,0,3210696
2026-05-02,2026,5,2,port709,Mormugao,India,IND,0,0,0,0,0,0,0,0,0,0,0,0,0,0,0,0,0,0,0,0,0,3210697
2026-05-03,2026,5,3,port709,Mormugao,India,IND,0,1,0,0,0,1,1,0,79573,0,0,0,79573,79573,0,0,0,0,0,0,0,3210698
2026-05-04,2026,5,4,port709,Mormugao,India,IND,0,1,0,0,0,1,1,0,42477,0,0,0,42477,42477,0,0,0,0,0,0,0,3210699
2026-05-05,2026,5,5,port709,Mormugao,India,IND,0,0,0,0,0,0,0,0,0,0,0,0,0,0,0,0,0,0,0,0,0,3210700
2026-05-06,2026,5,6,port709,Mormugao,India,IND,0,3,0,0,0,3,3,0,210248,0,0,0,210248,210248,0,52924,0,0,0,52924,52924,3210701
2026-05-07,2026,5,7,port709,Mormugao,India,IND,0,0,0,0,0,0,0,0,0,0,0,0,0,0,0,0,0,0,0,0,0,3210702
2026-05-08,2026,5,8,port709,Mormugao,India,IND,0,1,0,0,0,1,1,0,55781,0,0,0,55781,55781,0,0,0,0,0,0,0,3210703
2026-05-09,2026,5,9,port709,Mormugao,India,IND,0,1,0,0,0,1,1,0,82035,0,0,0,82035,82035,0,0,0,0,0,0,0,3210704
2026-05-10,2026,5,10,port709,Mormugao,India,IND,0,1,0,0,0,1,1,0,0,0,0,0,0,0,0,55119,0,0,0,55119,55119,3210705
2026-05-11,2026,5,11,port709,Mormugao,India,IND,0,0,0,0,1,0,1,0,0,0,0,0,0,0,0,0,0,0,0,0,0,3210706
2026-05-12,2026,5,12,port709,Mormugao,India,IND,0,0,0,0,0,0,0,0,0,0,0,0,0,0,0,0,0,0,0,0,0,3210707
2026-05-13,2026,5,13,port709,Mormugao,India,IND,0,2,0,0,0,2,2,0,123499,0,0,0,123499,123499,0,0,0,0,0,0,0,3210708
2026-05-14,2026,5,14,port709,Mormugao,India,IND,0,0,0,0,0,0,0,0,0,0,0,0,0,0,0,0,0,0,0,0,0,3210709
2026-05-15,2026,5,15,port709,Mormugao,India,IND,0,0,0,0,0,0,0,0,0,0,0,0,0,0,0,0,0,0,0,0,0,3210710
2026-05-16,2026,5,16,port709,Mormugao,India,IND,0,2,0,0,0,2,2,0,37442,0,0,0,37442,37442,0,54565,0,0,0,54565,54565,3210711
2026-05-17,2026,5,17,port709,Mormugao,India,IND,0,0,0,0,0,0,0,0,0,0,0,0,0,0,0,0,0,0,0,0,0,3210712
2026-05-18,2026,5,18,port709,Mormugao,India,IND,0,0,0,0,0,0,0,0,0,0,0,0,0,0,0,0,0,0,0,0,0,3210713
2026-05-19,2026,5,19,port709,Mormugao,India,IND,0,1,0,0,0,1,1,0,0,0,0,0,0,0,0,25303,0,0,0,25303,25303,3210714
2026-05-20,2026,5,20,port709,Mormugao,India,IND,1,1,0,0,0,2,2,0,36135,0,0,0,36135,36135,0,0,0,0,0,0,0,3210715
2026-05-21,2026,5,21,port709,Mormugao,India,IND,0,1,0,0,1,1,2,0,23864,0,0,0,23864,23864,0,0,0,0,0,0,0,3210716
2026-05-22,2026,5,22,port709,Mormugao,India,IND,0,2,0,0,0,2,2,0,87111,0,0,0,87111,87111,0,54784,0,0,0,54784,54784,3210717
2026-05-23,2026,5,23,port709,Mormugao,India,IND,0,0,0,1,0,1,1,0,0,0,0,0,0,0,0,0,0,6440,0,6440,6440,3210718
2026-05-24,2026,5,24,port709,Mormugao,India,IND,0,1,0,0,1,1,2,0,82340,0,0,33448,82340,115788,0,0,0,0,0,0,0,3210719
2026-05-25,2026,5,25,port709,Mormugao,India,IND,0,2,0,0,0,2,2,0,73071,0,0,0,73071,73071,0,25782,0,0,0,25782,25782,3210720
2026-05-26,2026,5,26,port709,Mormugao,India,IND,0,1,0,0,0,1,1,0,0,0,0,0,0,0,0,26127,0,0,0,26127,26127,3210721
2026-05-27,2026,5,27,port709,Mormugao,India,IND,0,1,0,0,1,1,2,0,0,0,0,4393,0,4393,0,2365,0,0,0,2365,2365,3210722
2026-05-28,2026,5,28,port709,Mormugao,India,IND,0,1,0,0,1,1,2,0,0,0,0,7694,0,7694,0,25829,0,0,0,25829,25829,3210723
2026-05-29,2026,5,29,port709,Mormugao,India,IND,0,0,0,0,0,0,0,0,0,0,0,0,0,0,0,0,0,0,0,0,0,3210724
2026-05-30,2026,5,30,port709,Mormugao,India,IND,0,2,0,0,0,2,2,0,39642,0,0,0,39642,39642,0,56381,0,0,0,56381,56381,3210725
2026-05-31,2026,5,31,port709,Mormugao,India,IND,0,0,0,0,0,0,0,0,0,0,0,0,0,0,0,0,0,0,0,0,0,3210726
2026-06-01,2026,6,1,port709,Mormugao,India,IND,0,1,0,0,0,1,1,0,0,0,0,0,0,0,0,0,0,0,0,0,0,3210727
2026-06-02,2026,6,2,port709,Mormugao,India,IND,0,0,0,0,1,0,1,0,0,0,0,42269,0,42269,0,0,0,0,0,0,0,3210728
2026-06-03,2026,6,3,port709,Mormugao,India,IND,0,1,0,0,1,1,2,0,0,0,0,9757,0,9757,0,2290,0,0,544,2290,2835,3210729
2026-06-04,2026,6,4,port709,Mormugao,India,IND,0,1,0,0,0,1,1,0,0,0,0,0,0,0,0,60114,0,0,0,60114,60114,3210730
2026-06-05,2026,6,5,port709,Mormugao,India,IND,0,1,0,0,0,1,1,0,0,0,0,0,0,0,0,57354,0,0,0,57354,57354,3210731
2026-06-06,2026,6,6,port709,Mormugao,India,IND,0,1,0,0,0,1,1,0,77080,0,0,0,77080,77080,0,0,0,0,0,0,0,3210732
2026-06-07,2026,6,7,port709,Mormugao,India,IND,0,0,0,0,0,0,0,0,0,0,0,0,0,0,0,0,0,0,0,0,0,3210733
2026-06-08,2026,6,8,port709,Mormugao,India,IND,0,0,0,0,0,0,0,0,0,0,0,0,0,0,0,0,0,0,0,0,0,3210734
2026-06-09,2026,6,9,port709,Mormugao,India,IND,1,1,0,0,0,2,2,0,69733,0,0,0,69733,69733,0,0,0,0,0,0,0,3210735
2026-06-10,2026,6,10,port709,Mormugao,India,IND,0,0,0,0,0,0,0,0,0,0,0,0,0,0,0,0,0,0,0,0,0,3210736
2026-06-11,2026,6,11,port709,Mormugao,India,IND,0,1,0,0,0,1,1,0,76050,0,0,0,76050,76050,0,0,0,0,0,0,0,3210737
2026-06-12,2026,6,12,port709,Mormugao,India,IND,0,0,0,0,0,0,0,0,0,0,0,0,0,0,0,0,0,0,0,0,0,3210738
2026-06-13,2026,6,13,port709,Mormugao,India,IND,0,1,0,0,1,1,2,0,77247,0,0,12004,77247,89251,0,0,0,0,0,0,0,3210739
2026-06-14,2026,6,14,port709,Mormugao,India,IND,0,1,0,0,1,1,2,0,75701,0,0,0,75701,75701,0,0,0,0,0,0,0,3210740
2026-06-15,2026,6,15,port709,Mormugao,India,IND,0,0,0,0,0,0,0,0,0,0,0,0,0,0,0,0,0,0,0,0,0,3210741
2026-06-16,2026,6,16,port709,Mormugao,India,IND,1,1,0,0,0,2,2,0,72581,0,0,0,72581,72581,6262,0,0,0,0,6262,6262,3210742
2026-06-17,2026,6,17,port709,Mormugao,India,IND,0,2,0,0,0,2,2,0,22448,0,0,0,22448,22448,0,53333,0,0,0,53333,53333,3210743
2026-06-18,2026,6,18,port709,Mormugao,India,IND,0,0,0,0,0,0,0,0,0,0,0,0,0,0,0,0,0,0,0,0,0,3210744
2026-06-19,2026,6,19,port709,Mormugao,India,IND,0,2,0,0,0,2,2,0,71378,0,0,0,71378,71378,0,23032,0,0,0,23032,23032,3210745
2026-06-20,2026,6,20,port709,Mormugao,India,IND,0,0,0,0,0,0,0,0,0,0,0,0,0,0,0,0,0,0,0,0,0,3210746
2026-06-21,2026,6,21,port709,Mormugao,India,IND,0,1,0,0,0,1,1,0,5937,0,0,0,5937,5937,0,0,0,0,0,0,0,3210747
2026-06-22,2026,6,22,port709,Mormugao,India,IND,0,1,0,0,1,1,2,0,73860,0,0,6610,73860,80471,0,0,0,0,0,0,0,3210748
2026-06-23,2026,6,23,port709,Mormugao,India,IND,0,1,0,0,0,1,1,0,0,0,0,0,0,0,0,34146,0,0,0,34146,34146,3210749
2026-06-24,2026,6,24,port709,Mormugao,India,IND,0,1,0,0,1,1,2,0,51255,0,0,12202,51255,63458,0,0,0,0,766,0,766,3210750
2026-06-25,2026,6,25,port709,Mormugao,India,IND,0,0,0,0,0,0,0,0,0,0,0,0,0,0,0,0,0,0,0,0,0,3210751
2026-06-26,2026,6,26,port709,Mormugao,India,IND,0,2,0,0,1,2,3,0,75173,0,0,34504,75173,109677,0,8214,0,0,0,8214,8214,3210752
2026-06-27,2026,6,27,port709,Mormugao,India,IND,0,1,0,0,0,1,1,0,0,0,0,0,0,0,0,26168,0,0,0,26168,26168,3210753
2026-06-28,2026,6,28,port709,Mormugao,India,IND,0,0,0,0,1,0,1,0,0,0,0,0,0,0,0,0,0,0,0,0,0,3210754
2026-06-29,2026,6,29,port709,Mormugao,India,IND,0,0,0,0,0,0,0,0,0,0,0,0,0,0,0,0,0,0,0,0,0,3210755
2026-06-30,2026,6,30,port709,Mormugao,India,IND,0,2,1,0,0,3,3,0,96780,0,0,0,96780,96780,0,0,0,0,0,0,0,3210756
2026-07-01,2026,7,1,port709,Mormugao,India,IND,0,1,0,0,0,1,1,0,120885,0,0,0,120885,120885,0,0,0,0,0,0,0,3210757
2026-07-02,2026,7,2,port709,Mormugao,India,IND,0,0,0,0,0,0,0,0,0,0,0,0,0,0,0,0,0,0,0,0,0,3210758
2026-07-03,2026,7,3,port709,Mormugao,India,IND,0,1,0,0,0,1,1,0,56415,0,0,0,56415,56415,0,0,0,0,0,0,0,3210759
2026-07-04,2026,7,4,port709,Mormugao,India,IND,0,1,0,0,0,1,1,0,0,0,0,0,0,0,0,1056,0,0,0,1056,1056,3210760
2026-07-05,2026,7,5,port709,Mormugao,India,IND,0,0,0,0,0,0,0,0,0,0,0,0,0,0,0,0,0,0,0,0,0,3210761
2026-07-06,2026,7,6,port709,Mormugao,India,IND,0,0,0,0,1,0,1,0,0,0,0,0,0,0,0,0,0,0,0,0,0,3210762
2026-07-07,2026,7,7,port709,Mormugao,India,IND,0,1,0,0,1,1,2,0,0,0,0,12459,0,12459,0,0,0,0,0,0,0,3210763
2026-07-08,2026,7,8,port709,Mormugao,India,IND,0,1,0,0,0,1,1,0,60910,0,0,0,60910,60910,0,0,0,0,0,0,0,3210764
2026-07-09,2026,7,9,port709,Mormugao,India,IND,0,1,0,0,0,1,1,0,79611,0,0,0,79611,79611,0,0,0,0,0,0,0,3210765
2026-07-10,2026,7,10,port709,Mormugao,India,IND,0,0,0,0,0,0,0,0,0,0,0,0,0,0,0,0,0,0,0,0,0,3210766
2026-07-11,2026,7,11,port709,Mormugao,India,IND,0,1,0,0,0,1,1,0,39013,0,0,0,39013,39013,0,0,0,0,0,0,0,3210767
2026-07-12,2026,7,12,port709,Mormugao,India,IND,0,1,0,0,0,1,1,0,75376,0,0,0,75376,75376,0,0,0,0,0,0,0,3210768
2026-07-13,2026,7,13,port709,Mormugao,India,IND,0,1,0,0,0,1,1,0,0,0,0,0,0,0,0,43841,0,0,0,43841,43841,3210769
2026-07-14,2026,7,14,port709,Mormugao,India,IND,0,0,0,0,0,0,0,0,0,0,0,0,0,0,0,0,0,0,0,0,0,3210770
2026-07-15,2026,7,15,port709,Mormugao,India,IND,0,1,0,0,0,1,1,0,81931,0,0,0,81931,81931,0,0,0,0,0,0,0,3210771
2026-07-16,2026,7,16,port709,Mormugao,India,IND,0,0,0,0,0,0,0,0,0,0,0,0,0,0,0,0,0,0,0,0,0,3210772
2026-07-17,2026,7,17,port709,Mormugao,India,IND,0,1,0,0,0,1,1,0,24120,0,0,0,24120,24120,0,0,0,0,0,0,0,3210773
2026-07-18,2026,7,18,port709,Mormugao,India,IND,0,0,0,0,0,0,0,0,0,0,0,0,0,0,0,0,0,0,0,0,0,3210774
2026-07-19,2026,7,19,port709,Mormugao,India,IND,0,0,0,0,0,0,0,0,0,0,0,0,0,0,0,0,0,0,0,0,0,3210775
2026-07-20,2026,7,20,port709,Mormugao,India,IND,0,1,0,0,0,1,1,0,5881,0,0,0,5881,5881,0,0,0,0,0,0,0,3210776
2026-07-21,2026,7,21,port709,Mormugao,India,IND,0,1,0,0,0,1,1,0,41129,0,0,0,41129,41129,0,8214,0,0,0,8214,8214,3210777
2026-07-22,2026,7,22,port709,Mormugao,India,IND,0,0,0,0,0,0,0,0,0,0,0,0,0,0,0,0,0,0,0,0,0,3210778
2026-07-23,2026,7,23,port709,Mormugao,India,IND,0,0,0,0,0,0,0,0,0,0,0,0,0,0,0,0,0,0,0,0,0,3210779
2026-07-24,2026,7,24,port709,Mormugao,India,IND,0,0,0,0,0,0,0,0,0,0,0,0,0,0,0,0,0,0,0,0,0,3210780
2026-07-25,2026,7,25,port709,Mormugao,India,IND,0,2,0,0,0,2,2,0,76427,0,0,0,76427,76427,0,28749,0,0,0,28749,28749,3210781
2026-07-26,2026,7,26,port709,Mormugao,India,IND,0,0,0,0,0,0,0,0,0,0,0,0,0,0,0,0,0,0,0,0,0,3210782
2026-07-27,2026,7,27,port709,Mormugao,India,IND,0,0,1,0,0,1,1,0,0,0,0,0,0,0,0,0,0,0,0,0,0,3210783
2026-07-28,2026,7,28,port709,Mormugao,India,IND,0,1,0,0,1,1,2,0,41129,0,0,11095,41129,52224,0,8214,0,0,119,8214,8334,3210784
2026-07-29,2026,7,29,port709,Mormugao,India,IND,0,1,0,0,0,1,1,0,71480,0,0,0,71480,71480,0,0,0,0,0,0,0,3210785
2026-07-30,2026,7,30,port709,Mormugao,India,IND,0,0,0,0,0,0,0,0,0,0,0,0,0,0,0,0,0,0,0,0,0,3210786
2026-07-31,2026,7,31,port709,Mormugao,India,IND,0,1,0,0,0,1,1,0,0,0,0,0,0,0,0,10318,0,0,0,10318,10318,3210787
2026-08-01,2026,8,1,port709,Mormugao,India,IND,0,2,0,0,0,2,2,0,106841,0,0,0,106841,106841,0,0,0,0,0,0,0,3210788
2026-08-02,2026,8,2,port709,Mormugao,India,IND,0,0,0,0,1,0,1,0,0,0,0,1047,0,1047,0,0,0,0,0,0,0,3210789
2026-08-03,2026,8,3,port709,Mormugao,India,IND,0,1,0,0,0,1,1,0,0,0,0,0,0,0,0,34042,0,0,0,34042,34042,3210790
2026-08-04,2026,8,4,port709,Mormugao,India,IND,0,0,0,0,1,0,1,0,0,0,0,10730,0,10730,0,0,0,0,0,0,0,3210791
2026-08-05,2026,8,5,port709,Mormugao,India,IND,0,1,0,0,0,1,1,0,74689,0,0,0,74689,74689,0,0,0,0,0,0,0,3210792
2026-08-06,2026,8,6,port709,Mormugao,India,IND,0,1,0,0,0,1,1,0,74740,0,0,0,74740,74740,0,0,0,0,0,0,0,3210793
2026-08-07,2026,8,7,port709,Mormugao,India,IND,0,0,0,0,0,0,0,0,0,0,0,0,0,0,0,0,0,0,0,0,0,3210794
2026-08-08,2026,8,8,port709,Mormugao,India,IND,0,0,0,0,0,0,0,0,0,0,0,0,0,0,0,0,0,0,0,0,0,3210795
2026-08-09,2026,8,9,port709,Mormugao,India,IND,0,2,0,0,0,2,2,0,163031,0,0,0,163031,163031,0,0,0,0,0,0,0,3210796
2026-08-10,2026,8,10,port709,Mormugao,India,IND,0,0,0,0,1,0,1,0,0,0,0,12306,0,12306,0,0,0,0,1325,0,1325,3210797
2026-08-11,2026,8,11,port709,Mormugao,India,IND,0,0,0,0,1,0,1,0,0,0,0,41254,0,41254,0,0,0,0,0,0,0,3210798
2026-08-12,2026,8,12,port709,Mormugao,India,IND,0,0,0,0,0,0,0,0,0,0,0,0,0,0,0,0,0,0,0,0,0,3210799
2026-08-13,2026,8,13,port709,Mormugao,India,IND,0,0,0,0,0,0,0,0,0,0,0,0,0,0,0,0,0,0,0,0,0,3210800
2026-08-14,2026,8,14,port709,Mormugao,India,IND,0,1,0,0,0,1,1,0,41129,0,0,0,41129,41129,0,8214,0,0,0,8214,8214,3210801
2024-06-30,2024,6,30,port709,Mormugao,India,IND,0,0,0,0,1,0,1,0,0,0,0,16126,0,16126,0,0,0,0,0,0,0,3210979
2024-07-01,2024,7,1,port709,Mormugao,India,IND,0,0,0,0,0,0,0,0,0,0,0,0,0,0,0,0,0,0,0,0,0,3210982
2023-05-28,2023,5,28,port709,Mormugao,India,IND,0,2,0,0,1,2,3,0,2769,0,0,7751,2769,10520,0,11742,0,0,0,11742,11742,3210984
2023-05-29,2023,5,29,port709,Mormugao,India,IND,0,1,0,0,0,1,1,0,55351,0,0,0,55351,55351,0,0,0,0,0,0,0,3210987
2024-07-02,2024,7,2,port709,Mormugao,India,IND,0,1,2,0,0,3,3,0,0,0,0,0,0,0,0,29784,0,0,0,29784,29784,3210988
2023-05-30,2023,5,30,port709,Mormugao,India,IND,0,1,0,0,0,1,1,0,32583,0,0,0,32583,32583,0,0,0,0,0,0,0,3210990
2023-05-31,2023,5,31,port709,Mormugao,India,IND,0,2,0,0,0,2,2,0,14592,0,0,0,14592,14592,0,3854,0,0,0,3854,3854,3210991
2023-06-01,2023,6,1,port709,Mormugao,India,IND,0,2,0,0,1,2,3,0,159869,0,0,3029,159869,162899,0,0,0,0,2529,0,2529,3210992
2023-06-02,2023,6,2,port709,Mormugao,India,IND,0,0,0,0,0,0,0,0,0,0,0,0,0,0,0,0,0,0,0,0,0,3210993
2023-06-03,2023,6,3,port709,Mormugao,India,IND,0,2,0,0,0,2,2,0,96968,0,0,0,96968,96968,0,0,0,0,0,0,0,3210994
2023-06-04,2023,6,4,port709,Mormugao,India,IND,0,0,0,0,0,0,0,0,0,0,0,0,0,0,0,0,0,0,0,0,0,3210995
2023-06-05,2023,6,5,port709,Mormugao,India,IND,0,0,1,0,1,1,2,0,0,0,0,0,0,0,0,0,0,0,0,0,0,3210996
2023-06-06,2023,6,6,port709,Mormugao,India,IND,0,0,0,0,0,0,0,0,0,0,0,0,0,0,0,0,0,0,0,0,0,3210997
2023-06-07,2023,6,7,port709,Mormugao,India,IND,0,3,0,0,0,3,3,0,260150,0,0,0,260150,260150,0,0,0,0,0,0,0,3210998
2023-06-08,2023,6,8,port709,Mormugao,India,IND,0,0,0,0,2,0,2,0,0,0,0,10572,0,10572,0,0,0,0,0,0,0,3210999
2023-06-09,2023,6,9,port709,Mormugao,India,IND,0,0,0,0,0,0,0,0,0,0,0,0,0,0,0,0,0,0,0,0,0,3211000
2023-06-10,2023,6,10,port709,Mormugao,India,IND,0,2,0,0,1,2,3,0,55096,0,0,421,55096,55517,0,54817,0,0,0,54817,54817,3211001
2023-06-11,2023,6,11,port709,Mormugao,India,IND,0,0,0,0,0,0,0,0,0,0,0,0,0,0,0,0,0,0,0,0,0,3211002
2023-06-12,2023,6,12,port709,Mormugao,India,IND,0,1,0,0,0,1,1,0,48067,0,0,0,48067,48067,0,0,0,0,0,0,0,3211003
2023-06-13,2023,6,13,port709,Mormugao,India,IND,0,1,0,0,0,1,1,0,41129,0,0,0,41129,41129,0,8214,0,0,0,8214,8214,3211004
2023-06-14,2023,6,14,port709,Mormugao,India,IND,0,0,0,0,1,0,1,0,0,0,0,0,0,0,0,0,0,0,0,0,0,3211005
2023-06-15,2023,6,15,port709,Mormugao,India,IND,0,0,0,0,0,0,0,0,0,0,0,0,0,0,0,0,0,0,0,0,0,3211006
2023-06-16,2023,6,16,port709,Mormugao,India,IND,0,1,0,0,0,1,1,0,115141,0,0,0,115141,115141,0,0,0,0,0,0,0,3211007
2023-06-17,2023,6,17,port709,Mormugao,India,IND,0,0,0,0,0,0,0,0,0,0,0,0,0,0,0,0,0,0,0,0,0,3211008
2023-06-18,2023,6,18,port709,Mormugao,India,IND,0,1,1,0,1,2,3,0,14530,0,0,2211,14530,16741,0,0,9050,0,0,9050,9050,3211009
2023-06-19,2023,6,19,port709,Mormugao,India,IND,0,0,1,0,1,1,2,0,0,14215,0,24167,14215,38382,0,0,0,0,0,0,0,3211010
2023-06-20,2023,6,20,port709,Mormugao,India,IND,0,0,0,0,0,0,0,0,0,0,0,0,0,0,0,0,0,0,0,0,0,3211011
2023-06-21,2023,6,21,port709,Mormugao,India,IND,0,1,0,0,1,1,2,0,81554,0,0,0,81554,81554,0,0,0,0,2335,0,2335,3211012
2023-06-22,2023,6,22,port709,Mormugao,India,IND,0,0,0,0,1,0,1,0,0,0,0,5730,0,5730,0,0,0,0,0,0,0,3211013
2023-06-23,2023,6,23,port709,Mormugao,India,IND,0,2,1,0,0,3,3,0,0,0,0,0,0,0,0,30222,0,0,0,30222,30222,3211014
2023-06-24,2023,6,24,port709,Mormugao,India,IND,0,0,0,0,2,0,2,0,0,0,0,12202,0,12202,0,0,0,0,766,0,766,3211015
2023-06-25,2023,6,25,port709,Mormugao,India,IND,0,0,0,0,0,0,0,0,0,0,0,0,0,0,0,0,0,0,0,0,0,3211016
2023-06-26,2023,6,26,port709,Mormugao,India,IND,0,1,1,0,1,2,3,0,81825,0,0,0,81825,81825,0,0,0,0,2094,0,2094,3211017
2023-06-27,2023,6,27,port709,Mormugao,India,IND,0,0,1,0,0,1,1,0,0,0,0,0,0,0,0,0,2197,0,0,2197,2197,3211018
2023-06-28,2023,6,28,port709,Mormugao,India,IND,0,1,0,0,1,1,2,0,23680,0,0,0,23680,23680,0,0,0,0,0,0,0,3211019
2023-06-29,2023,6,29,port709,Mormugao,India,IND,0,0,0,0,0,0,0,0,0,0,0,0,0,0,0,0,0,0,0,0,0,3211020
2023-06-30,2023,6,30,port709,Mormugao,India,IND,0,1,0,0,2,1,3,0,0,0,0,3029,0,3029,0,59268,0,0,2529,59268,61798,3211021
2023-07-01,2023,7,1,port709,Mormugao,India,IND,0,2,0,0,0,2,2,0,82907,0,0,0,82907,82907,0,4770,0,0,0,4770,4770,3211022
2023-07-02,2023,7,2,port709,Mormugao,India,IND,0,0,0,0,0,0,0,0,0,0,0,0,0,0,0,0,0,0,0,0,0,3211023
2023-07-03,2023,7,3,port709,Mormugao,India,IND,0,0,0,0,1,0,1,0,0,0,0,0,0,0,0,0,0,0,12403,0,12403,3211024
2023-07-04,2023,7,4,port709,Mormugao,India,IND,0,1,0,0,1,1,2,0,0,0,0,0,0,0,0,30461,0,0,0,30461,30461,3211025
2023-07-05,2023,7,5,port709,Mormugao,India,IND,0,0,0,0,0,0,0,0,0,0,0,0,0,0,0,0,0,0,0,0,0,3211026
2023-07-06,2023,7,6,port709,Mormugao,India,IND,0,1,0,0,1,1,2,0,3382,0,0,34361,3382,37743,0,0,0,0,0,0,0,3211027
2023-07-07,2023,7,7,port709,Mormugao,India,IND,0,1,0,0,0,1,1,0,45513,0,0,0,45513,45513,0,0,0,0,0,0,0,3211028
2023-07-08,2023,7,8,port709,Mormugao,India,IND,0,2,0,0,0,2,2,0,84830,0,0,0,84830,84830,0,0,0,0,0,0,0,3211029
2023-07-09,2023,7,9,port709,Mormugao,India,IND,0,0,0,0,0,0,0,0,0,0,0,0,0,0,0,0,0,0,0,0,0,3211030
2023-07-10,2023,7,10,port709,Mormugao,India,IND,0,1,0,0,0,1,1,0,0,0,0,0,0,0,0,10988,0,0,0,10988,10988,3211031
2023-07-11,2023,7,11,port709,Mormugao,India,IND,0,1,0,0,1,1,2,0,77377,0,0,0,77377,77377,0,0,0,0,0,0,0,3211032
2023-07-12,2023,7,12,port709,Mormugao,India,IND,0,0,0,0,0,0,0,0,0,0,0,0,0,0,0,0,0,0,0,0,0,3211033
2023-07-13,2023,7,13,port709,Mormugao,India,IND,0,1,0,0,0,1,1,0,118434,0,0,0,118434,118434,0,0,0,0,0,0,0,3211034
2023-07-14,2023,7,14,port709,Mormugao,India,IND,0,0,0,0,1,0,1,0,0,0,0,0,0,0,0,0,0,0,0,0,0,3211035
2023-07-15,2023,7,15,port709,Mormugao,India,IND,0,0,0,0,0,0,0,0,0,0,0,0,0,0,0,0,0,0,0,0,0,3211036
2023-07-16,2023,7,16,port709,Mormugao,India,IND,0,2,0,0,0,2,2,0,74391,0,0,0,74391,74391,0,6611,0,0,0,6611,6611,3211037
2023-07-17,2023,7,17,port709,Mormugao,India,IND,0,0,1,1,0,2,2,0,0,0,0,0,0,0,0,0,0,6245,0,6245,6245,3211038
2023-07-18,2023,7,18,port709,Mormugao,India,IND,0,0,0,0,0,0,0,0,0,0,0,0,0,0,0,0,0,0,0,0,0,3211039
2023-07-19,2023,7,19,port709,Mormugao,India,IND,0,0,0,0,0,0,0,0,0,0,0,0,0,0,0,0,0,0,0,0,0,3211040
2023-07-20,2023,7,20,port709,Mormugao,India,IND,0,0,0,0,0,0,0,0,0,0,0,0,0,0,0,0,0,0,0,0,0,3211041
2023-07-21,2023,7,21,port709,Mormugao,India,IND,0,0,0,0,1,0,1,0,0,0,0,9412,0,9412,0,0,0,0,0,0,0,3211042
2023-07-22,2023,7,22,port709,Mormugao,India,IND,0,2,0,0,0,2,2,0,115456,0,0,0,115456,115456,0,9097,0,0,0,9097,9097,3211043
2023-07-23,2023,7,23,port709,Mormugao,India,IND,0,0,0,0,0,0,0,0,0,0,0,0,0,0,0,0,0,0,0,0,0,3211044
2023-07-24,2023,7,24,port709,Mormugao,India,IND,0,1,0,0,0,1,1,0,0,0,0,0,0,0,0,21260,0,0,0,21260,21260,3211045
2023-07-25,2023,7,25,port709,Mormugao,India,IND,0,1,0,0,2,1,3,0,76050,0,0,17442,76050,93493,0,0,0,0,544,0,544,3211046
2023-07-26,2023,7,26,port709,Mormugao,India,IND,0,0,0,0,1,0,1,0,0,0,0,4249,0,4249,0,0,0,0,0,0,0,3211047
2023-07-27,2023,7,27,port709,Mormugao,India,IND,0,1,2,0,0,3,3,0,44177,0,0,0,44177,44177,0,0,13694,0,0,13694,13694,3211048
2023-07-28,2023,7,28,port709,Mormugao,India,IND,0,1,0,0,0,1,1,0,0,0,0,0,0,0,0,0,0,0,0,0,0,3211049
2023-07-29,2023,7,29,port709,Mormugao,India,IND,0,1,0,0,0,1,1,0,0,0,0,0,0,0,0,41094,0,0,0,41094,41094,3211050
2023-07-30,2023,7,30,port709,Mormugao,India,IND,0,0,0,0,1,0,1,0,0,0,0,0,0,0,0,0,0,0,18946,0,18946,3211051
2023-07-31,2023,7,31,port709,Mormugao,India,IND,0,0,0,0,0,0,0,0,0,0,0,0,0,0,0,0,0,0,0,0,0,3211052
2023-08-01,2023,8,1,port709,Mormugao,India,IND,0,2,0,0,0,2,2,0,22070,0,0,0,22070,22070,0,59966,0,0,0,59966,59966,3211053
2023-08-02,2023,8,2,port709,Mormugao,India,IND,0,1,0,0,1,1,2,0,41129,0,0,0,41129,41129,0,8214,0,0,0,8214,8214,3211054
2023-08-03,2023,8,3,port709,Mormugao,India,IND,0,1,0,0,1,1,2,0,3681,0,0,7706,3681,11388,0,0,0,0,0,0,0,3211055
2023-08-04,2023,8,4,port709,Mormugao,India,IND,0,0,0,0,1,0,1,0,0,0,0,4661,0,4661,0,0,0,0,0,0,0,3211056
2023-08-05,2023,8,5,port709,Mormugao,India,IND,0,1,0,0,1,1,2,0,10418,0,0,0,10418,10418,0,0,0,0,23289,0,23289,3211057
2023-08-06,2023,8,6,port709,Mormugao,India,IND,0,2,0,0,0,2,2,0,161716,0,0,0,161716,161716,0,8214,0,0,0,8214,8214,3211058
2023-08-07,2023,8,7,port709,Mormugao,India,IND,0,1,1,0,1,2,3,0,24036,0,0,37482,24036,61519,0,0,0,0,0,0,0,3211059
2023-08-08,2023,8,8,port709,Mormugao,India,IND,0,0,0,0,0,0,0,0,0,0,0,0,0,0,0,0,0,0,0,0,0,3211060
2023-08-09,2023,8,9,port709,Mormugao,India,IND,0,0,0,0,1,0,1,0,0,0,0,18810,0,18810,0,0,0,0,0,0,0,3211061
2023-08-10,2023,8,10,port709,Mormugao,India,IND,0,0,0,0,0,0,0,0,0,0,0,0,0,0,0,0,0,0,0,0,0,3211062
2023-08-11,2023,8,11,port709,Mormugao,India,IND,0,1,0,0,1,1,2,0,115719,0,0,2648,115719,118368,0,0,0,0,0,0,0,3211063
2023-08-12,2023,8,12,port709,Mormugao,India,IND,0,1,0,0,0,1,1,0,82481,0,0,0,82481,82481,0,0,0,0,0,0,0,3211064
2023-08-13,2023,8,13,port709,Mormugao,India,IND,0,0,0,0,0,0,0,0,0,0,0,0,0,0,0,0,0,0,0,0,0,3211065
2023-08-14,2023,8,14,port709,Mormugao,India,IND,0,0,0,0,0,0,0,0,0,0,0,0,0,0,0,0,0,0,0,0,0,3211066
2023-08-15,2023,8,15,port709,Mormugao,India,IND,0,0,0,0,0,0,0,0,0,0,0,0,0,0,0,0,0,0,0,0,0,3211067
2023-08-16,2023,8,16,port709,Mormugao,India,IND,0,1,0,0,0,1,1,0,48279,0,0,0,48279,48279,0,0,0,0,0,0,0,3211068
2023-08-17,2023,8,17,port709,Mormugao,India,IND,0,0,0,0,0,0,0,0,0,0,0,0,0,0,0,0,0,0,0,0,0,3211069
2023-08-18,2023,8,18,port709,Mormugao,India,IND,0,1,0,0,0,1,1,0,73031,0,0,0,73031,73031,0,0,0,0,0,0,0,3211070
2023-08-19,2023,8,19,port709,Mormugao,India,IND,0,1,0,0,2,1,3,0,72932,0,0,38192,72932,111124,0,0,0,0,766,0,766,3211071
2023-08-20,2023,8,20,port709,Mormugao,India,IND,0,1,0,0,1,1,2,0,56982,0,0,23289,56982,80272,0,0,0,0,0,0,0,3211072
2023-08-21,2023,8,21,port709,Mormugao,India,IND,0,0,0,0,1,0,1,0,0,0,0,9757,0,9757,0,0,0,0,544,0,544,3211073
2023-08-22,2023,8,22,port709,Mormugao,India,IND,0,0,0,0,1,0,1,0,0,0,0,0,0,0,0,0,0,0,0,0,0,3211074
2023-08-23,2023,8,23,port709,Mormugao,India,IND,0,0,0,0,0,0,0,0,0,0,0,0,0,0,0,0,0,0,0,0,0,3211075
2023-08-24,2023,8,24,port709,Mormugao,India,IND,0,1,0,0,1,1,2,0,41359,0,0,0,41359,41359,0,0,0,0,0,0,0,3211076
2023-08-25,2023,8,25,port709,Mormugao,India,IND,0,0,1,0,0,1,1,0,0,0,0,0,0,0,0,0,0,0,0,0,0,3211077
2023-08-26,2023,8,26,port709,Mormugao,India,IND,0,1,0,0,1,1,2,0,0,0,0,29175,0,29175,0,21984,0,0,0,21984,21984,3211078
2023-08-27,2023,8,27,port709,Mormugao,India,IND,0,1,0,0,1,1,2,0,71133,0,0,12383,71133,83517,0,0,0,0,0,0,0,3211079
2023-08-28,2023,8,28,port709,Mormugao,India,IND,0,2,0,0,0,2,2,0,105781,0,0,0,105781,105781,0,0,0,0,0,0,0,3211080
2023-08-29,2023,8,29,port709,Mormugao,India,IND,0,0,0,0,1,0,1,0,0,0,0,2109,0,2109,0,0,0,0,0,0,0,3211081
2023-08-30,2023,8,30,port709,Mormugao,India,IND,0,0,0,0,0,0,0,0,0,0,0,0,0,0,0,0,0,0,0,0,0,3211082
2023-08-31,2023,8,31,port709,Mormugao,India,IND,0,1,0,0,0,1,1,0,52108,0,0,0,52108,52108,0,0,0,0,0,0,0,3211083
2023-09-01,2023,9,1,port709,Mormugao,India,IND,0,0,0,0,0,0,0,0,0,0,0,0,0,0,0,0,0,0,0,0,0,3211084
2023-09-02,2023,9,2,port709,Mormugao,India,IND,0,0,0,0,1,0,1,0,0,0,0,2811,0,2811,0,0,0,0,0,0,0,3211085
2023-09-03,2023,9,3,port709,Mormugao,India,IND,0,0,0,0,1,0,1,0,0,0,0,0,0,0,0,0,0,0,0,0,0,3211086
2023-09-04,2023,9,4,port709,Mormugao,India,IND,0,0,0,0,1,0,1,0,0,0,0,37482,0,37482,0,0,0,0,0,0,0,3211087
2023-09-05,2023,9,5,port709,Mormugao,India,IND,0,1,0,0,0,1,1,0,71468,0,0,0,71468,71468,0,0,0,0,0,0,0,3211088
2023-09-06,2023,9,6,port709,Mormugao,India,IND,0,0,0,0,0,0,0,0,0,0,0,0,0,0,0,0,0,0,0,0,0,3211089
2023-09-07,2023,9,7,port709,Mormugao,India,IND,0,0,0,0,0,0,0,0,0,0,0,0,0,0,0,0,0,0,0,0,0,3211090
2023-09-08,2023,9,8,port709,Mormugao,India,IND,0,1,0,0,2,1,3,0,52619,0,0,21171,52619,73791,0,0,0,0,0,0,0,3211091
2023-09-09,2023,9,9,port709,Mormugao,India,IND,0,3,0,0,0,3,3,0,59442,0,0,0,59442,59442,0,0,0,0,0,0,0,3211092
2023-09-10,2023,9,10,port709,Mormugao,India,IND,0,0,0,0,0,0,0,0,0,0,0,0,0,0,0,0,0,0,0,0,0,3211093
2023-09-11,2023,9,11,port709,Mormugao,India,IND,0,2,0,0,0,2,2,0,225824,0,0,0,225824,225824,0,0,0,0,0,0,0,3211094
2023-09-12,2023,9,12,port709,Mormugao,India,IND,0,0,0,0,1,0,1,0,0,0,0,0,0,0,0,0,0,0,330,0,330,3211095
2023-09-13,2023,9,13,port709,Mormugao,India,IND,0,0,0,0,0,0,0,0,0,0,0,0,0,0,0,0,0,0,0,0,0,3211096
2023-09-14,2023,9,14,port709,Mormugao,India,IND,0,0,0,0,1,0,1,0,0,0,0,12202,0,12202,0,0,0,0,766,0,766,3211097
2023-09-15,2023,9,15,port709,Mormugao,India,IND,0,1,0,0,0,1,1,0,117231,0,0,0,117231,117231,0,0,0,0,0,0,0,3211098
2023-09-16,2023,9,16,port709,Mormugao,India,IND,0,0,0,0,0,0,0,0,0,0,0,0,0,0,0,0,0,0,0,0,0,3211099
2023-09-17,2023,9,17,port709,Mormugao,India,IND,0,1,0,0,0,1,1,0,0,0,0,0,0,0,0,0,0,0,0,0,0,3211100
2023-09-18,2023,9,18,port709,Mormugao,India,IND,0,1,0,0,0,1,1,0,81993,0,0,0,81993,81993,0,0,0,0,0,0,0,3211101
2023-09-19,2023,9,19,port709,Mormugao,India,IND,0,0,0,0,0,0,0,0,0,0,0,0,0,0,0,0,0,0,0,0,0,3211102
2023-09-20,2023,9,20,port709,Mormugao,India,IND,0,0,0,0,0,0,0,0,0,0,0,0,0,0,0,0,0,0,0,0,0,3211103
2023-09-21,2023,9,21,port709,Mormugao,India,IND,0,0,0,0,2,0,2,0,0,0,0,7942,0,7942,0,0,0,0,0,0,0,3211104
2023-09-22,2023,9,22,port709,Mormugao,India,IND,0,1,0,0,1,1,2,0,73188,0,0,38112,73188,111301,0,0,0,0,0,0,0,3211105
2023-09-23,2023,9,23,port709,Mormugao,India,IND,0,1,0,0,0,1,1,0,0,0,0,0,0,0,0,0,0,0,0,0,0,3211106
2023-09-24,2023,9,24,port709,Mormugao,India,IND,0,0,0,0,0,0,0,0,0,0,0,0,0,0,0,0,0,0,0,0,0,3211107
2023-09-25,2023,9,25,port709,Mormugao,India,IND,0,0,0,0,0,0,0,0,0,0,0,0,0,0,0,0,0,0,0,0,0,3211108
2023-09-26,2023,9,26,port709,Mormugao,India,IND,0,1,0,0,1,1,2,0,75726,0,0,0,75726,75726,0,0,0,0,28867,0,28867,3211109
2023-09-27,2023,9,27,port709,Mormugao,India,IND,0,1,0,0,0,1,1,0,0,0,0,0,0,0,0,6810,0,0,0,6810,6810,3211110
2023-09-28,2023,9,28,port709,Mormugao,India,IND,0,2,1,0,0,3,3,0,72581,0,0,0,72581,72581,0,49910,9180,0,0,59091,59091,3211111
2023-09-29,2023,9,29,port709,Mormugao,India,IND,0,2,0,0,0,2,2,0,76639,0,0,0,76639,76639,0,0,0,0,0,0,0,3211112
2023-09-30,2023,9,30,port709,Mormugao,India,IND,0,0,0,0,0,0,0,0,0,0,0,0,0,0,0,0,0,0,0,0,0,3211113
2023-10-01,2023,10,1,port709,Mormugao,India,IND,0,1,0,0,0,1,1,0,81931,0,0,0,81931,81931,0,0,0,0,0,0,0,3211114
2023-10-02,2023,10,2,port709,Mormugao,India,IND,0,0,0,0,1,0,1,0,0,0,0,12202,0,12202,0,0,0,0,766,0,766,3211115
2023-10-03,2023,10,3,port709,Mormugao,India,IND,0,3,0,0,1,3,4,0,211662,0,0,0,211662,211662,0,0,0,0,0,0,0,3211116
2023-10-04,2023,10,4,port709,Mormugao,India,IND,0,0,0,0,0,0,0,0,0,0,0,0,0,0,0,0,0,0,0,0,0,3211117
2023-10-05,2023,10,5,port709,Mormugao,India,IND,0,0,0,0,0,0,0,0,0,0,0,0,0,0,0,0,0,0,0,0,0,3211118
2023-10-06,2023,10,6,port709,Mormugao,India,IND,0,0,0,0,1,0,1,0,0,0,0,0,0,0,0,0,0,0,0,0,0,3211119
2023-10-07,2023,10,7,port709,Mormugao,India,IND,0,2,0,0,1,2,3,0,72751,0,0,7776,72751,80527,0,0,0,0,0,0,0,3211120
2023-10-08,2023,10,8,port709,Mormugao,India,IND,0,0,0,0,0,0,0,0,0,0,0,0,0,0,0,0,0,0,0,0,0,3211121
2023-10-09,2023,10,9,port709,Mormugao,India,IND,0,0,0,0,0,0,0,0,0,0,0,0,0,0,0,0,0,0,0,0,0,3211122
2023-10-10,2023,10,10,port709,Mormugao,India,IND,0,0,0,0,0,0,0,0,0,0,0,0,0,0,0,0,0,0,0,0,0,3211123
2023-10-11,2023,10,11,port709,Mormugao,India,IND,0,1,0,0,1,1,2,0,81587,0,0,2101,81587,83689,0,0,0,0,0,0,0,3211124
2023-10-12,2023,10,12,port709,Mormugao,India,IND,0,0,0,0,0,0,0,0,0,0,0,0,0,0,0,0,0,0,0,0,0,3211125
2023-10-13,2023,10,13,port709,Mormugao,India,IND,0,1,0,0,1,1,2,0,13966,0,0,7267,13966,21234,0,0,0,0,0,0,0,3211126
2023-10-14,2023,10,14,port709,Mormugao,India,IND,0,0,0,0,0,0,0,0,0,0,0,0,0,0,0,0,0,0,0,0,0,3211127
2023-10-15,2023,10,15,port709,Mormugao,India,IND,0,1,0,0,0,1,1,0,0,0,0,0,0,0,0,58300,0,0,0,58300,58300,3211128
2023-10-16,2023,10,16,port709,Mormugao,India,IND,0,1,0,0,2,1,3,0,70034,0,0,9882,70034,79916,0,0,0,0,0,0,0,3211129
2023-10-17,2023,10,17,port709,Mormugao,India,IND,0,0,0,0,0,0,0,0,0,0,0,0,0,0,0,0,0,0,0,0,0,3211130
2023-10-18,2023,10,18,port709,Mormugao,India,IND,0,1,0,0,0,1,1,0,112020,0,0,0,112020,112020,0,0,0,0,0,0,0,3211131
2023-10-19,2023,10,19,port709,Mormugao,India,IND,0,0,0,0,1,0,1,0,0,0,0,0,0,0,0,0,0,0,877,0,877,3211132
2023-10-20,2023,10,20,port709,Mormugao,India,IND,0,1,0,0,0,1,1,0,42471,0,0,0,42471,42471,0,0,0,0,0,0,0,3211133
2023-10-21,2023,10,21,port709,Mormugao,India,IND,0,2,0,0,0,2,2,0,79527,0,0,0,79527,79527,0,48475,0,0,0,48475,48475,3211134
2023-10-22,2023,10,22,port709,Mormugao,India,IND,0,0,0,0,0,0,0,0,0,0,0,0,0,0,0,0,0,0,0,0,0,3211135
2023-10-23,2023,10,23,port709,Mormugao,India,IND,0,0,0,0,0,0,0,0,0,0,0,0,0,0,0,0,0,0,0,0,0,3211136
2023-10-24,2023,10,24,port709,Mormugao,India,IND,0,1,1,0,0,2,2,0,78759,0,0,0,78759,78759,0,0,0,0,0,0,0,3211137
2023-10-25,2023,10,25,port709,Mormugao,India,IND,0,0,1,0,0,1,1,0,0,0,0,0,0,0,0,0,0,0,0,0,0,3211138
2023-10-26,2023,10,26,port709,Mormugao,India,IND,0,1,1,0,0,2,2,0,0,0,0,0,0,0,0,20949,0,0,0,20949,20949,3211139
2023-10-27,2023,10,27,port709,Mormugao,India,IND,0,4,0,0,0,4,4,0,156710,0,0,0,156710,156710,0,60970,0,0,0,60970,60970,3211140
2023-10-28,2023,10,28,port709,Mormugao,India,IND,0,0,0,0,0,0,0,0,0,0,0,0,0,0,0,0,0,0,0,0,0,3211141
2023-10-29,2023,10,29,port709,Mormugao,India,IND,0,0,0,0,1,0,1,0,0,0,0,0,0,0,0,0,0,0,0,0,0,3211142
2023-10-30,2023,10,30,port709,Mormugao,India,IND,0,1,0,0,0,1,1,0,0,0,0,0,0,0,0,41788,0,0,0,41788,41788,3211143
2023-10-31,2023,10,31,port709,Mormugao,India,IND,0,2,0,0,0,2,2,0,117565,0,0,0,117565,117565,0,0,0,0,0,0,0,3211144
2023-11-01,2023,11,1,port709,Mormugao,India,IND,0,0,0,0,1,0,1,0,0,0,0,0,0,0,0,0,0,0,0,0,0,3211145
2023-11-02,2023,11,2,port709,Mormugao,India,IND,0,0,0,0,0,0,0,0,0,0,0,0,0,0,0,0,0,0,0,0,0,3211146
2023-11-03,2023,11,3,port709,Mormugao,India,IND,0,0,1,0,1,1,2,0,0,0,0,0,0,0,0,0,0,0,0,0,0,3211147
2023-11-04,2023,11,4,port709,Mormugao,India,IND,0,0,0,0,1,0,1,0,0,0,0,0,0,0,0,0,0,0,0,0,0,3211148
2023-11-05,2023,11,5,port709,Mormugao,India,IND,0,1,0,0,0,1,1,0,125427,0,0,0,125427,125427,0,0,0,0,0,0,0,3211149
2023-11-06,2023,11,6,port709,Mormugao,India,IND,0,1,2,0,0,3,3,0,16502,0,0,0,16502,16502,0,0,8738,0,0,8738,8738,3211150
2023-11-07,2023,11,7,port709,Mormugao,India,IND,0,1,0,0,0,1,1,0,48138,0,0,0,48138,48138,0,0,0,0,0,0,0,3211151
2023-11-08,2023,11,8,port709,Mormugao,India,IND,0,0,0,0,0,0,0,0,0,0,0,0,0,0,0,0,0,0,0,0,0,3211152
2023-11-09,2023,11,9,port709,Mormugao,India,IND,0,0,0,0,1,0,1,0,0,0,0,0,0,0,0,0,0,0,0,0,0,3211153
2023-11-10,2023,11,10,port709,Mormugao,India,IND,0,0,0,0,1,0,1,0,0,0,0,5827,0,5827,0,0,0,0,0,0,0,3211154
2023-11-11,2023,11,11,port709,Mormugao,India,IND,0,0,0,0,1,0,1,0,0,0,0,12202,0,12202,0,0,0,0,766,0,766,3211155
2023-11-12,2023,11,12,port709,Mormugao,India,IND,0,1,0,0,0,1,1,0,39064,0,0,0,39064,39064,0,0,0,0,0,0,0,3211156
2023-11-13,2023,11,13,port709,Mormugao,India,IND,0,0,0,0,0,0,0,0,0,0,0,0,0,0,0,0,0,0,0,0,0,3211157
2023-11-14,2023,11,14,port709,Mormugao,India,IND,0,0,0,0,0,0,0,0,0,0,0,0,0,0,0,0,0,0,0,0,0,3211158
2023-11-15,2023,11,15,port709,Mormugao,India,IND,0,2,0,0,0,2,2,0,72528,0,0,0,72528,72528,0,0,0,0,0,0,0,3211159
2023-11-16,2023,11,16,port709,Mormugao,India,IND,0,1,0,0,1,1,2,0,20436,0,0,3029,20436,23466,0,0,0,0,2529,0,2529,3211160
2023-11-17,2023,11,17,port709,Mormugao,India,IND,0,1,0,0,0,1,1,0,84344,0,0,0,84344,84344,0,0,0,0,0,0,0,3211161
2023-11-18,2023,11,18,port709,Mormugao,India,IND,0,1,0,0,0,1,1,0,74539,0,0,0,74539,74539,0,0,0,0,0,0,0,3211162
2023-11-19,2023,11,19,port709,Mormugao,India,IND,0,2,0,0,1,2,3,0,44612,0,0,8999,44612,53612,0,0,0,0,0,0,0,3211163
2023-11-20,2023,11,20,port709,Mormugao,India,IND,0,1,0,1,0,2,2,0,0,0,0,0,0,0,0,51289,0,0,0,51289,51289,3211164
2023-11-21,2023,11,21,port709,Mormugao,India,IND,0,1,0,0,0,1,1,0,0,0,0,0,0,0,0,54211,0,0,0,54211,54211,3211165
2023-11-22,2023,11,22,port709,Mormugao,India,IND,0,0,0,0,0,0,0,0,0,0,0,0,0,0,0,0,0,0,0,0,0,3211166
2023-11-23,2023,11,23,port709,Mormugao,India,IND,0,1,0,0,1,1,2,0,120099,0,0,20382,120099,140482,0,0,0,0,0,0,0,3211167
2023-11-24,2023,11,24,port709,Mormugao,India,IND,0,1,1,0,0,2,2,0,0,0,0,0,0,0,0,0,7367,0,0,7367,7367,3211168
2023-11-25,2023,11,25,port709,Mormugao,India,IND,0,0,0,0,1,0,1,0,0,0,0,0,0,0,0,0,0,0,0,0,0,3211169
2023-11-26,2023,11,26,port709,Mormugao,India,IND,0,1,0,0,0,1,1,0,55468,0,0,0,55468,55468,0,0,0,0,0,0,0,3211170
2023-11-27,2023,11,27,port709,Mormugao,India,IND,0,2,0,0,1,2,3,0,135309,0,0,12306,135309,147615,0,0,0,0,1325,0,1325,3211171
2023-11-28,2023,11,28,port709,Mormugao,India,IND,0,1,1,0,0,2,2,0,0,1367,0,0,1367,1367,0,50896,4198,0,0,55095,55095,3211172
2023-11-29,2023,11,29,port709,Mormugao,India,IND,0,1,0,0,1,1,2,0,60570,0,0,0,60570,60570,0,0,0,0,0,0,0,3211173
2023-11-30,2023,11,30,port709,Mormugao,India,IND,0,0,0,0,0,0,0,0,0,0,0,0,0,0,0,0,0,0,0,0,0,3211174
2023-12-01,2023,12,1,port709,Mormugao,India,IND,0,0,0,0,0,0,0,0,0,0,0,0,0,0,0,0,0,0,0,0,0,3211175
2023-12-02,2023,12,2,port709,Mormugao,India,IND,0,1,0,0,0,1,1,0,74659,0,0,0,74659,74659,0,0,0,0,0,0,0,3211176
2023-12-03,2023,12,3,port709,Mormugao,India,IND,0,2,0,0,0,2,2,0,120798,0,0,0,120798,120798,0,0,0,0,0,0,0,3211177
2023-12-04,2023,12,4,port709,Mormugao,India,IND,0,0,0,0,0,0,0,0,0,0,0,0,0,0,0,0,0,0,0,0,0,3211178
2023-12-05,2023,12,5,port709,Mormugao,India,IND,0,1,0,0,0,1,1,0,0,0,0,0,0,0,0,3950,0,0,0,3950,3950,3211179
2023-12-06,2023,12,6,port709,Mormugao,India,IND,0,1,0,0,1,1,2,0,0,0,0,3602,0,3602,0,27123,0,0,0,27123,27123,3211180
2023-12-07,2023,12,7,port709,Mormugao,India,IND,0,2,0,0,0,2,2,0,55709,0,0,0,55709,55709,0,0,0,0,0,0,0,3211181
2023-12-08,2023,12,8,port709,Mormugao,India,IND,0,1,0,0,0,1,1,0,122357,0,0,0,122357,122357,0,0,0,0,0,0,0,3211182
2023-12-09,2023,12,9,port709,Mormugao,India,IND,0,1,0,0,1,1,2,0,71928,0,0,0,71928,71928,0,0,0,0,0,0,0,3211183
2023-12-10,2023,12,10,port709,Mormugao,India,IND,0,0,0,0,0,0,0,0,0,0,0,0,0,0,0,0,0,0,0,0,0,3211184
2023-12-11,2023,12,11,port709,Mormugao,India,IND,0,0,1,0,1,1,2,0,0,0,0,0,0,0,0,0,11635,0,0,11635,11635,3211185
2023-12-12,2023,12,12,port709,Mormugao,India,IND,0,0,1,0,1,1,2,0,0,1367,0,0,1367,1367,0,0,4198,0,0,4198,4198,3211186
2023-12-13,2023,12,13,port709,Mormugao,India,IND,0,1,0,0,0,1,1,0,10869,0,0,0,10869,10869,0,0,0,0,0,0,0,3211187
2023-12-14,2023,12,14,port709,Mormugao,India,IND,0,0,1,0,0,1,1,0,0,1367,0,0,1367,1367,0,0,4198,0,0,4198,4198,3211188
2023-12-15,2023,12,15,port709,Mormugao,India,IND,0,0,0,0,1,0,1,0,0,0,0,439,0,439,0,0,0,0,0,0,0,3211189
2023-12-16,2023,12,16,port709,Mormugao,India,IND,0,3,0,0,1,3,4,0,139032,0,0,6246,139032,145279,0,1572,0,0,0,1572,1572,3211190
2023-12-17,2023,12,17,port709,Mormugao,India,IND,0,0,0,0,0,0,0,0,0,0,0,0,0,0,0,0,0,0,0,0,0,3211191
2023-12-18,2023,12,18,port709,Mormugao,India,IND,0,0,0,0,2,0,2,0,0,0,0,2825,0,2825,0,0,0,0,0,0,0,3211192
2023-12-19,2023,12,19,port709,Mormugao,India,IND,0,0,0,0,1,0,1,0,0,0,0,43317,0,43317,0,0,0,0,0,0,0,3211193
2023-12-20,2023,12,20,port709,Mormugao,India,IND,0,2,0,0,0,2,2,0,0,0,0,0,0,0,0,87953,0,0,0,87953,87953,3211194
2023-12-21,2023,12,21,port709,Mormugao,India,IND,0,2,0,0,0,2,2,0,75388,0,0,0,75388,75388,0,0,0,0,0,0,0,3211195
2023-12-22,2023,12,22,port709,Mormugao,India,IND,0,0,0,0,0,0,0,0,0,0,0,0,0,0,0,0,0,0,0,0,0,3211196
2023-12-23,2023,12,23,port709,Mormugao,India,IND,0,1,0,0,0,1,1,0,0,0,0,0,0,0,0,30122,0,0,0,30122,30122,3211197
2023-12-24,2023,12,24,port709,Mormugao,India,IND,0,2,0,0,0,2,2,0,89804,0,0,0,89804,89804,0,51989,0,0,0,51989,51989,3211198
2023-12-25,2023,12,25,port709,Mormugao,India,IND,0,0,0,0,1,0,1,0,0,0,0,3029,0,3029,0,0,0,0,2529,0,2529,3211199
2023-12-26,2023,12,26,port709,Mormugao,India,IND,0,2,0,0,0,2,2,0,0,0,0,0,0,0,0,31220,0,0,0,31220,31220,3211200
2023-12-27,2023,12,27,port709,Mormugao,India,IND,0,2,0,0,0,2,2,0,100471,0,0,0,100471,100471,0,0,0,0,0,0,0,3211201
2023-12-28,2023,12,28,port709,Mormugao,India,IND,0,0,0,0,0,0,0,0,0,0,0,0,0,0,0,0,0,0,0,0,0,3211202
2023-12-29,2023,12,29,port709,Mormugao,India,IND,0,3,1,0,1,4,5,0,76303,1367,0,1097,77670,78768,0,0,4198,0,0,4198,4198,3211203
2023-12-30,2023,12,30,port709,Mormugao,India,IND,0,0,0,0,0,0,0,0,0,0,0,0,0,0,0,0,0,0,0,0,0,3211204
2023-12-31,2023,12,31,port709,Mormugao,India,IND,0,1,0,0,1,1,2,0,99985,0,0,10374,99985,110360,0,0,0,0,0,0,0,3211205
2024-01-01,2024,1,1,port709,Mormugao,India,IND,0,0,1,0,0,1,1,0,0,0,0,0,0,0,0,0,915,0,0,915,915,3211206
2024-01-02,2024,1,2,port709,Mormugao,India,IND,0,0,0,0,1,0,1,0,0,0,0,0,0,0,0,0,0,0,0,0,0,3211207
2024-01-03,2024,1,3,port709,Mormugao,India,IND,0,0,0,0,0,0,0,0,0,0,0,0,0,0,0,0,0,0,0,0,0,3211208
2024-01-04,2024,1,4,port709,Mormugao,India,IND,0,2,0,0,0,2,2,0,140964,0,0,0,140964,140964,0,0,0,0,0,0,0,3211209
2024-01-05,2024,1,5,port709,Mormugao,India,IND,0,1,0,0,0,1,1,0,0,0,0,0,0,0,0,26976,0,0,0,26976,26976,3211210
2024-01-06,2024,1,6,port709,Mormugao,India,IND,0,2,0,0,0,2,2,0,85308,0,0,0,85308,85308,0,0,0,0,0,0,0,3211211
2024-01-07,2024,1,7,port709,Mormugao,India,IND,0,0,0,0,0,0,0,0,0,0,0,0,0,0,0,0,0,0,0,0,0,3211212
2024-01-08,2024,1,8,port709,Mormugao,India,IND,0,0,0,0,0,0,0,0,0,0,0,0,0,0,0,0,0,0,0,0,0,3211213
2024-01-09,2024,1,9,port709,Mormugao,India,IND,0,1,0,0,1,1,2,0,121500,0,0,0,121500,121500,0,0,0,0,0,0,0,3211214
2024-01-10,2024,1,10,port709,Mormugao,India,IND,0,0,0,0,0,0,0,0,0,0,0,0,0,0,0,0,0,0,0,0,0,3211215
2024-01-11,2024,1,11,port709,Mormugao,India,IND,0,1,0,0,1,1,2,0,74642,0,0,5279,74642,79921,0,0,0,0,0,0,0,3211216
2024-01-12,2024,1,12,port709,Mormugao,India,IND,0,1,0,0,1,1,2,0,55645,0,0,3712,55645,59358,0,0,0,0,0,0,0,3211217
2024-01-13,2024,1,13,port709,Mormugao,India,IND,0,0,0,0,0,0,0,0,0,0,0,0,0,0,0,0,0,0,0,0,0,3211218
2024-01-14,2024,1,14,port709,Mormugao,India,IND,0,0,0,0,0,0,0,0,0,0,0,0,0,0,0,0,0,0,0,0,0,3211219
2024-01-15,2024,1,15,port709,Mormugao,India,IND,0,3,0,0,0,3,3,0,202344,0,0,0,202344,202344,0,53364,0,0,0,53364,53364,3211220
2024-01-16,2024,1,16,port709,Mormugao,India,IND,0,0,0,0,1,0,1,0,0,0,0,1754,0,1754,0,0,0,0,0,0,0,3211221
2024-01-17,2024,1,17,port709,Mormugao,India,IND,0,0,0,0,0,0,0,0,0,0,0,0,0,0,0,0,0,0,0,0,0,3211222
2024-01-18,2024,1,18,port709,Mormugao,India,IND,0,1,0,0,1,1,2,0,60275,0,0,0,60275,60275,0,0,0,0,0,0,0,3211223
2024-01-19,2024,1,19,port709,Mormugao,India,IND,0,0,0,0,0,0,0,0,0,0,0,0,0,0,0,0,0,0,0,0,0,3211224
2024-01-20,2024,1,20,port709,Mormugao,India,IND,0,0,1,0,0,1,1,0,0,0,0,0,0,0,0,0,945,0,0,945,945,3211225
2024-01-21,2024,1,21,port709,Mormugao,India,IND,0,0,1,0,1,1,2,0,0,5934,0,0,5934,5934,0,0,0,0,0,0,0,3211226
2024-01-22,2024,1,22,port709,Mormugao,India,IND,0,2,0,0,0,2,2,0,185719,0,0,0,185719,185719,0,0,0,0,0,0,0,3211227
2024-01-23,2024,1,23,port709,Mormugao,India,IND,0,1,0,0,0,1,1,0,0,0,0,0,0,0,0,5828,0,0,0,5828,5828,3211228
2024-01-24,2024,1,24,port709,Mormugao,India,IND,0,0,0,0,1,0,1,0,0,0,0,12704,0,12704,0,0,0,0,0,0,0,3211229
2024-01-25,2024,1,25,port709,Mormugao,India,IND,0,1,0,0,0,1,1,0,0,0,0,0,0,0,0,0,0,0,0,0,0,3211230
2024-01-26,2024,1,26,port709,Mormugao,India,IND,0,1,0,0,0,1,1,0,0,0,0,0,0,0,0,0,0,0,0,0,0,3211231
2024-01-27,2024,1,27,port709,Mormugao,India,IND,0,1,0,0,1,1,2,0,0,0,0,8306,0,8306,0,11556,0,0,0,11556,11556,3211232
2024-01-28,2024,1,28,port709,Mormugao,India,IND,0,2,0,0,0,2,2,0,117496,0,0,0,117496,117496,0,39586,0,0,0,39586,39586,3211233
2024-01-29,2024,1,29,port709,Mormugao,India,IND,0,0,0,0,0,0,0,0,0,0,0,0,0,0,0,0,0,0,0,0,0,3211234
2024-01-30,2024,1,30,port709,Mormugao,India,IND,0,3,0,0,0,3,3,0,4768,0,0,0,4768,4768,0,7810,0,0,0,7810,7810,3211235
2024-01-31,2024,1,31,port709,Mormugao,India,IND,0,0,0,0,0,0,0,0,0,0,0,0,0,0,0,0,0,0,0,0,0,3211236
2024-02-01,2024,2,1,port709,Mormugao,India,IND,0,1,0,0,0,1,1,0,0,0,0,0,0,0,0,14808,0,0,0,14808,14808,3211237
2024-02-02,2024,2,2,port709,Mormugao,India,IND,0,0,0,0,0,0,0,0,0,0,0,0,0,0,0,0,0,0,0,0,0,3211238
2024-02-03,2024,2,3,port709,Mormugao,India,IND,0,1,0,0,0,1,1,0,0,0,0,0,0,0,0,1188,0,0,0,1188,1188,3211239
2024-02-04,2024,2,4,port709,Mormugao,India,IND,0,0,0,0,2,0,2,0,0,0,0,6012,0,6012,0,0,0,0,0,0,0,3211240
2024-02-05,2024,2,5,port709,Mormugao,India,IND,0,0,0,0,0,0,0,0,0,0,0,0,0,0,0,0,0,0,0,0,0,3211241
2024-02-06,2024,2,6,port709,Mormugao,India,IND,0,1,0,0,1,1,2,0,81533,0,0,6779,81533,88312,0,0,0,0,0,0,0,3211242
2024-02-07,2024,2,7,port709,Mormugao,India,IND,0,1,0,0,0,1,1,0,28679,0,0,0,28679,28679,0,0,0,0,0,0,0,3211243
2024-02-08,2024,2,8,port709,Mormugao,India,IND,0,1,0,0,1,1,2,0,65757,0,0,0,65757,65757,0,0,0,0,0,0,0,3211244
2024-02-09,2024,2,9,port709,Mormugao,India,IND,0,0,0,0,0,0,0,0,0,0,0,0,0,0,0,0,0,0,0,0,0,3211245
2024-02-10,2024,2,10,port709,Mormugao,India,IND,0,0,0,0,0,0,0,0,0,0,0,0,0,0,0,0,0,0,0,0,0,3211246
2024-02-11,2024,2,11,port709,Mormugao,India,IND,0,1,0,0,1,1,2,0,0,0,0,0,0,0,0,51863,0,0,0,51863,51863,3211247
2024-02-12,2024,2,12,port709,Mormugao,India,IND,0,0,0,0,0,0,0,0,0,0,0,0,0,0,0,0,0,0,0,0,0,3211248
2024-02-13,2024,2,13,port709,Mormugao,India,IND,0,1,0,0,0,1,1,0,75246,0,0,0,75246,75246,0,0,0,0,0,0,0,3211249
2024-02-14,2024,2,14,port709,Mormugao,India,IND,0,1,1,0,0,2,2,0,41129,0,0,0,41129,41129,0,8214,0,0,0,8214,8214,3211250
2024-02-15,2024,2,15,port709,Mormugao,India,IND,0,1,0,0,2,1,3,0,54102,0,0,636,54102,54739,0,0,0,0,0,0,0,3211251
2024-02-16,2024,2,16,port709,Mormugao,India,IND,0,1,0,0,0,1,1,0,0,0,0,0,0,0,0,0,0,0,0,0,0,3211252
2024-02-17,2024,2,17,port709,Mormugao,India,IND,0,0,0,0,0,0,0,0,0,0,0,0,0,0,0,0,0,0,0,0,0,3211253
2024-02-18,2024,2,18,port709,Mormugao,India,IND,0,0,0,0,1,0,1,0,0,0,0,0,0,0,0,0,0,0,0,0,0,3211254
2024-02-19,2024,2,19,port709,Mormugao,India,IND,0,1,0,0,0,1,1,0,0,0,0,0,0,0,0,3136,0,0,0,3136,3136,3211255
2024-02-20,2024,2,20,port709,Mormugao,India,IND,0,1,0,0,0,1,1,0,0,0,0,0,0,0,0,44073,0,0,0,44073,44073,3211256
2024-02-21,2024,2,21,port709,Mormugao,India,IND,0,2,1,0,0,3,3,0,135442,0,0,0,135442,135442,0,0,0,0,0,0,0,3211257
2024-02-22,2024,2,22,port709,Mormugao,India,IND,0,0,0,0,0,0,0,0,0,0,0,0,0,0,0,0,0,0,0,0,0,3211258
2024-02-23,2024,2,23,port709,Mormugao,India,IND,0,1,1,0,0,2,2,0,0,0,0,0,0,0,0,8081,0,0,0,8081,8081,3211259
2024-02-24,2024,2,24,port709,Mormugao,India,IND,0,1,0,0,0,1,1,0,51415,0,0,0,51415,51415,0,0,0,0,0,0,0,3211260
2024-02-25,2024,2,25,port709,Mormugao,India,IND,0,1,0,0,0,1,1,0,65709,0,0,0,65709,65709,0,0,0,0,0,0,0,3211261
2024-02-26,2024,2,26,port709,Mormugao,India,IND,0,0,1,0,0,1,1,0,0,0,0,0,0,0,0,0,0,0,0,0,0,3211262
2024-02-27,2024,2,27,port709,Mormugao,India,IND,0,4,0,0,0,4,4,0,140105,0,0,0,140105,140105,0,20789,0,0,0,20789,20789,3211263
2024-02-28,2024,2,28,port709,Mormugao,India,IND,0,1,0,0,0,1,1,0,12146,0,0,0,12146,12146,0,0,0,0,0,0,0,3211264
2024-02-29,2024,2,29,port709,Mormugao,India,IND,0,1,0,0,2,1,3,0,16878,0,0,32920,16878,49799,0,0,0,0,0,0,0,3211265
2024-03-01,2024,3,1,port709,Mormugao,India,IND,0,0,0,0,0,0,0,0,0,0,0,0,0,0,0,0,0,0,0,0,0,3211266
2024-03-02,2024,3,2,port709,Mormugao,India,IND,0,1,0,0,1,1,2,0,3977,0,0,1572,3977,5550,0,0,0,0,0,0,0,3211267
2024-03-03,2024,3,3,port709,Mormugao,India,IND,0,0,0,0,0,0,0,0,0,0,0,0,0,0,0,0,0,0,0,0,0,3211268
2024-03-04,2024,3,4,port709,Mormugao,India,IND,0,1,0,0,0,1,1,0,75632,0,0,0,75632,75632,0,0,0,0,0,0,0,3211269
2024-03-05,2024,3,5,port709,Mormugao,India,IND,0,1,1,0,0,2,2,0,31177,0,0,0,31177,31177,0,0,14559,0,0,14559,14559,3211270
2024-03-06,2024,3,6,port709,Mormugao,India,IND,0,0,0,0,0,0,0,0,0,0,0,0,0,0,0,0,0,0,0,0,0,3211271
2024-03-07,2024,3,7,port709,Mormugao,India,IND,0,1,0,0,2,1,3,0,82382,0,0,6779,82382,89161,0,0,0,0,0,0,0,3211272
2024-03-08,2024,3,8,port709,Mormugao,India,IND,0,1,0,0,0,1,1,0,0,0,0,0,0,0,0,7253,0,0,0,7253,7253,3211273
2024-03-09,2024,3,9,port709,Mormugao,India,IND,0,0,1,0,1,1,2,0,0,1367,0,43062,1367,44429,0,0,4198,0,0,4198,4198,3211274
2024-03-10,2024,3,10,port709,Mormugao,India,IND,0,0,0,0,0,0,0,0,0,0,0,0,0,0,0,0,0,0,0,0,0,3211275
2024-03-11,2024,3,11,port709,Mormugao,India,IND,0,2,0,0,0,2,2,0,16194,0,0,0,16194,16194,0,17353,0,0,0,17353,17353,3211276
2024-03-12,2024,3,12,port709,Mormugao,India,IND,0,0,0,0,0,0,0,0,0,0,0,0,0,0,0,0,0,0,0,0,0,3211277
2024-03-13,2024,3,13,port709,Mormugao,India,IND,0,0,0,0,0,0,0,0,0,0,0,0,0,0,0,0,0,0,0,0,0,3211278
2024-03-14,2024,3,14,port709,Mormugao,India,IND,0,0,0,0,0,0,0,0,0,0,0,0,0,0,0,0,0,0,0,0,0,3211279
2024-03-15,2024,3,15,port709,Mormugao,India,IND,0,0,0,0,0,0,0,0,0,0,0,0,0,0,0,0,0,0,0,0,0,3211280
2024-03-16,2024,3,16,port709,Mormugao,India,IND,0,1,0,0,0,1,1,0,82481,0,0,0,82481,82481,0,0,0,0,0,0,0,3211281
2024-03-17,2024,3,17,port709,Mormugao,India,IND,0,0,1,0,1,1,2,0,0,0,0,37786,0,37786,0,0,0,0,0,0,0,3211282
2024-03-18,2024,3,18,port709,Mormugao,India,IND,0,3,1,0,0,4,4,0,63802,0,0,0,63802,63802,0,8214,0,0,0,8214,8214,3211283
2024-03-19,2024,3,19,port709,Mormugao,India,IND,0,0,0,0,2,0,2,0,0,0,0,5796,0,5796,0,0,0,0,0,0,0,3211284
2024-03-20,2024,3,20,port709,Mormugao,India,IND,0,1,1,0,0,2,2,0,0,0,0,0,0,0,0,0,0,0,0,0,0,3211285
2024-03-21,2024,3,21,port709,Mormugao,India,IND,0,0,0,0,0,0,0,0,0,0,0,0,0,0,0,0,0,0,0,0,0,3211286
2024-03-22,2024,3,22,port709,Mormugao,India,IND,0,0,1,0,1,1,2,0,0,0,0,3029,0,3029,0,0,0,0,2529,0,2529,3211287
2024-03-23,2024,3,23,port709,Mormugao,India,IND,0,3,0,0,0,3,3,0,175129,0,0,0,175129,175129,0,0,0,0,0,0,0,3211288
2024-03-24,2024,3,24,port709,Mormugao,India,IND,0,0,1,0,1,1,2,0,0,1367,0,12202,1367,13570,0,0,4198,0,766,4198,4965,3211289
2024-03-25,2024,3,25,port709,Mormugao,India,IND,0,1,1,0,0,2,2,0,0,1367,0,0,1367,1367,0,1960,4198,0,0,6158,6158,3211290
2024-03-26,2024,3,26,port709,Mormugao,India,IND,0,1,0,0,0,1,1,0,0,0,0,0,0,0,0,0,0,0,0,0,0,3211291
2024-03-27,2024,3,27,port709,Mormugao,India,IND,0,2,0,0,0,2,2,0,75313,0,0,0,75313,75313,0,0,0,0,0,0,0,3211292
2024-03-28,2024,3,28,port709,Mormugao,India,IND,0,0,0,0,1,0,1,0,0,0,0,3029,0,3029,0,0,0,0,2529,0,2529,3211293
2024-03-29,2024,3,29,port709,Mormugao,India,IND,0,2,0,0,0,2,2,0,50885,0,0,0,50885,50885,0,5265,0,0,0,5265,5265,3211294
2024-03-30,2024,3,30,port709,Mormugao,India,IND,0,0,0,0,1,0,1,0,0,0,0,11095,0,11095,0,0,0,0,119,0,119,3211295
2024-03-31,2024,3,31,port709,Mormugao,India,IND,0,1,0,0,1,1,2,0,0,0,0,0,0,0,0,5427,0,0,0,5427,5427,3211296
2024-04-01,2024,4,1,port709,Mormugao,India,IND,0,0,0,0,0,0,0,0,0,0,0,0,0,0,0,0,0,0,0,0,0,3211297
2024-04-02,2024,4,2,port709,Mormugao,India,IND,0,2,0,0,0,2,2,0,77594,0,0,0,77594,77594,0,0,0,0,0,0,0,3211298
2024-04-03,2024,4,3,port709,Mormugao,India,IND,0,1,0,0,0,1,1,0,50215,0,0,0,50215,50215,0,0,0,0,0,0,0,3211299
2024-04-04,2024,4,4,port709,Mormugao,India,IND,0,0,0,0,0,0,0,0,0,0,0,0,0,0,0,0,0,0,0,0,0,3211300
2024-04-05,2024,4,5,port709,Mormugao,India,IND,0,0,0,0,1,0,1,0,0,0,0,25468,0,25468,0,0,0,0,0,0,0,3211301
2024-04-06,2024,4,6,port709,Mormugao,India,IND,0,0,0,0,0,0,0,0,0,0,0,0,0,0,0,0,0,0,0,0,0,3211302
2024-04-07,2024,4,7,port709,Mormugao,India,IND,0,2,0,0,1,2,3,0,94283,0,0,30839,94283,125123,0,0,0,0,0,0,0,3211303
2024-04-08,2024,4,8,port709,Mormugao,India,IND,0,0,1,0,0,1,1,0,0,0,0,0,0,0,0,0,12057,0,0,12057,12057,3211304
2024-04-09,2024,4,9,port709,Mormugao,India,IND,0,0,0,0,1,0,1,0,0,0,0,0,0,0,0,0,0,0,0,0,0,3211305
2024-04-10,2024,4,10,port709,Mormugao,India,IND,0,1,0,0,0,1,1,0,125037,0,0,0,125037,125037,0,0,0,0,0,0,0,3211306
2024-04-11,2024,4,11,port709,Mormugao,India,IND,0,0,0,0,0,0,0,0,0,0,0,0,0,0,0,0,0,0,0,0,0,3211307
2024-04-12,2024,4,12,port709,Mormugao,India,IND,0,0,1,0,0,1,1,0,0,0,0,0,0,0,0,0,1383,0,0,1383,1383,3211308
2024-04-13,2024,4,13,port709,Mormugao,India,IND,0,0,1,0,0,1,1,0,0,0,0,0,0,0,0,0,0,0,0,0,0,3211309
2024-04-14,2024,4,14,port709,Mormugao,India,IND,0,1,0,0,0,1,1,0,41129,0,0,0,41129,41129,0,8214,0,0,0,8214,8214,3211310
2024-04-15,2024,4,15,port709,Mormugao,India,IND,0,2,0,0,0,2,2,0,41129,0,0,0,41129,41129,0,35018,0,0,0,35018,35018,3211311
2024-04-16,2024,4,16,port709,Mormugao,India,IND,0,0,0,0,2,0,2,0,0,0,0,4966,0,4966,0,0,0,0,0,0,0,3211312
2024-04-17,2024,4,17,port709,Mormugao,India,IND,0,1,0,0,0,1,1,0,23131,0,0,0,23131,23131,0,0,0,0,0,0,0,3211313
2024-04-18,2024,4,18,port709,Mormugao,India,IND,0,0,0,0,0,0,0,0,0,0,0,0,0,0,0,0,0,0,0,0,0,3211314
2024-04-19,2024,4,19,port709,Mormugao,India,IND,0,2,0,0,0,2,2,0,18726,0,0,0,18726,18726,0,0,0,0,0,0,0,3211315
2024-04-20,2024,4,20,port709,Mormugao,India,IND,0,0,0,0,0,0,0,0,0,0,0,0,0,0,0,0,0,0,0,0,0,3211316
2024-04-21,2024,4,21,port709,Mormugao,India,IND,0,1,0,0,0,1,1,0,63334,0,0,0,63334,63334,0,0,0,0,0,0,0,3211317
2024-04-22,2024,4,22,port709,Mormugao,India,IND,0,3,0,0,1,3,4,0,28628,0,0,2077,28628,30705,0,31937,0,0,0,31937,31937,3211318
2024-04-23,2024,4,23,port709,Mormugao,India,IND,0,1,0,0,1,1,2,0,41875,0,0,1044,41875,42920,0,0,0,0,0,0,0,3211319
2024-04-24,2024,4,24,port709,Mormugao,India,IND,0,1,0,0,0,1,1,0,82342,0,0,0,82342,82342,0,0,0,0,0,0,0,3211320
2024-04-25,2024,4,25,port709,Mormugao,India,IND,0,1,0,0,0,1,1,0,0,0,0,0,0,0,0,17935,0,0,0,17935,17935,3211321
2024-04-26,2024,4,26,port709,Mormugao,India,IND,0,0,0,0,0,0,0,0,0,0,0,0,0,0,0,0,0,0,0,0,0,3211322
2024-04-27,2024,4,27,port709,Mormugao,India,IND,0,2,2,0,1,4,5,0,73000,0,0,5331,73000,78332,0,22320,0,0,0,22320,22320,3211323
2024-04-28,2024,4,28,port709,Mormugao,India,IND,0,0,0,0,0,0,0,0,0,0,0,0,0,0,0,0,0,0,0,0,0,3211324
2024-04-29,2024,4,29,port709,Mormugao,India,IND,0,0,1,0,0,1,1,0,0,0,0,0,0,0,0,0,0,0,0,0,0,3211325
2024-04-30,2024,4,30,port709,Mormugao,India,IND,0,2,1,0,0,3,3,0,41129,18606,0,0,59735,59735,0,16993,0,0,0,16993,16993,3211326
2024-05-01,2024,5,1,port709,Mormugao,India,IND,0,0,1,0,1,1,2,0,0,0,0,0,0,0,0,0,0,0,0,0,0,3211327
2024-05-02,2024,5,2,port709,Mormugao,India,IND,0,1,0,0,1,1,2,0,59556,0,0,11095,59556,70652,0,0,0,0,119,0,119,3211328
2024-05-03,2024,5,3,port709,Mormugao,India,IND,0,1,0,0,0,1,1,0,0,0,0,0,0,0,0,56328,0,0,0,56328,56328,3211329
2024-05-04,2024,5,4,port709,Mormugao,India,IND,0,0,1,0,0,1,1,0,0,0,0,0,0,0,0,0,0,0,0,0,0,3211330
2024-05-05,2024,5,5,port709,Mormugao,India,IND,0,0,0,0,0,0,0,0,0,0,0,0,0,0,0,0,0,0,0,0,0,3211331
2024-05-06,2024,5,6,port709,Mormugao,India,IND,0,0,0,0,1,0,1,0,0,0,0,0,0,0,0,0,0,0,0,0,0,3211332
2024-05-07,2024,5,7,port709,Mormugao,India,IND,0,1,0,0,0,1,1,0,2222,0,0,0,2222,2222,0,0,0,0,0,0,0,3211333
2024-05-08,2024,5,8,port709,Mormugao,India,IND,0,1,1,0,0,2,2,0,0,0,0,0,0,0,0,0,0,0,0,0,0,3211334
2024-05-09,2024,5,9,port709,Mormugao,India,IND,0,0,1,0,0,1,1,0,0,0,0,0,0,0,0,0,0,0,0,0,0,3211335
2024-05-10,2024,5,10,port709,Mormugao,India,IND,0,2,1,0,0,3,3,0,112724,0,0,0,112724,112724,0,8214,0,0,0,8214,8214,3211336
2024-05-11,2024,5,11,port709,Mormugao,India,IND,0,0,1,0,1,1,2,0,0,0,0,5674,0,5674,0,0,0,0,0,0,0,3211337
2024-05-12,2024,5,12,port709,Mormugao,India,IND,0,1,0,0,0,1,1,0,81931,0,0,0,81931,81931,0,0,0,0,0,0,0,3211338
2024-05-13,2024,5,13,port709,Mormugao,India,IND,0,2,0,0,0,2,2,0,123343,0,0,0,123343,123343,0,52032,0,0,0,52032,52032,3211339
2024-05-14,2024,5,14,port709,Mormugao,India,IND,0,1,1,0,0,2,2,0,0,0,0,0,0,0,0,161906,0,0,0,161906,161906,3211340
2024-05-15,2024,5,15,port709,Mormugao,India,IND,0,0,0,0,0,0,0,0,0,0,0,0,0,0,0,0,0,0,0,0,0,3211341
2024-05-16,2024,5,16,port709,Mormugao,India,IND,0,1,1,0,1,2,3,0,75788,0,0,21257,75788,97045,0,0,0,0,0,0,0,3211342
2024-05-17,2024,5,17,port709,Mormugao,India,IND,0,1,0,0,1,1,2,0,26583,0,0,3029,26583,29613,0,0,0,0,2529,0,2529,3211343
2024-05-18,2024,5,18,port709,Mormugao,India,IND,0,2,0,0,1,2,3,0,120645,0,0,0,120645,120645,0,0,0,0,0,0,0,3211344
2024-05-19,2024,5,19,port709,Mormugao,India,IND,0,0,1,0,1,1,2,0,0,0,0,5019,0,5019,0,0,0,0,0,0,0,3211345
2024-05-20,2024,5,20,port709,Mormugao,India,IND,0,0,1,0,0,1,1,0,0,0,0,0,0,0,0,0,0,0,0,0,0,3211346
2024-05-21,2024,5,21,port709,Mormugao,India,IND,0,2,0,0,1,2,3,0,64028,0,0,16418,64028,80447,0,8214,0,0,0,8214,8214,3211347
2024-05-22,2024,5,22,port709,Mormugao,India,IND,0,1,1,0,1,2,3,0,18754,0,0,0,18754,18754,0,0,0,0,0,0,0,3211348
2024-05-23,2024,5,23,port709,Mormugao,India,IND,0,2,2,0,1,4,5,0,72225,0,0,12202,72225,84428,0,0,0,0,766,0,766,3211349
2024-05-24,2024,5,24,port709,Mormugao,India,IND,0,0,0,0,1,0,1,0,0,0,0,0,0,0,0,0,0,0,0,0,0,3211350
2024-05-25,2024,5,25,port709,Mormugao,India,IND,0,1,0,0,0,1,1,0,23891,0,0,0,23891,23891,0,0,0,0,0,0,0,3211351
2024-05-26,2024,5,26,port709,Mormugao,India,IND,0,1,0,0,0,1,1,0,0,0,0,0,0,0,0,26421,0,0,0,26421,26421,3211352
2024-05-27,2024,5,27,port709,Mormugao,India,IND,0,0,1,0,0,1,1,0,0,0,0,0,0,0,0,0,0,0,0,0,0,3211353
2024-05-28,2024,5,28,port709,Mormugao,India,IND,0,3,1,0,0,4,4,0,66440,0,0,0,66440,66440,0,87641,0,0,0,87641,87641,3211354
2024-05-29,2024,5,29,port709,Mormugao,India,IND,0,1,1,0,0,2,2,0,0,0,0,0,0,0,0,8227,0,0,0,8227,8227,3211355
2024-05-30,2024,5,30,port709,Mormugao,India,IND,0,1,2,0,0,3,3,0,0,1367,0,0,1367,1367,0,0,4198,0,0,4198,4198,3211356
2024-05-31,2024,5,31,port709,Mormugao,India,IND,0,0,0,0,0,0,0,0,0,0,0,0,0,0,0,0,0,0,0,0,0,3211357
2024-06-01,2024,6,1,port709,Mormugao,India,IND,0,0,0,0,0,0,0,0,0,0,0,0,0,0,0,0,0,0,0,0,0,3211358
2024-06-02,2024,6,2,port709,Mormugao,India,IND,0,0,1,0,1,1,2,0,0,0,0,0,0,0,0,0,0,0,24167,0,24167,3211359
2024-06-03,2024,6,3,port709,Mormugao,India,IND,0,1,0,0,1,1,2,0,6896,0,0,0,6896,6896,0,0,0,0,0,0,0,3211360
2024-06-04,2024,6,4,port709,Mormugao,India,IND,0,0,1,0,0,1,1,0,0,0,0,0,0,0,0,0,0,0,0,0,0,3211361
2024-06-05,2024,6,5,port709,Mormugao,India,IND,0,1,0,0,1,1,2,0,63095,0,0,12202,63095,75298,0,0,0,0,766,0,766,3211362
2024-06-06,2024,6,6,port709,Mormugao,India,IND,0,0,0,0,0,0,0,0,0,0,0,0,0,0,0,0,0,0,0,0,0,3211363
2024-06-07,2024,6,7,port709,Mormugao,India,IND,0,0,0,0,1,0,1,0,0,0,0,33494,0,33494,0,0,0,0,0,0,0,3211364
2024-06-08,2024,6,8,port709,Mormugao,India,IND,0,2,0,0,0,2,2,0,76153,0,0,0,76153,76153,0,0,0,0,0,0,0,3211365
2024-06-09,2024,6,9,port709,Mormugao,India,IND,0,0,0,0,0,0,0,0,0,0,0,0,0,0,0,0,0,0,0,0,0,3211366
2024-06-10,2024,6,10,port709,Mormugao,India,IND,0,1,0,0,1,1,2,0,41129,0,0,34490,41129,75620,0,8214,0,0,0,8214,8214,3211367
2024-06-11,2024,6,11,port709,Mormugao,India,IND,0,1,1,0,0,2,2,0,81785,0,0,0,81785,81785,0,0,0,0,0,0,0,3211368
2024-06-12,2024,6,12,port709,Mormugao,India,IND,0,1,2,0,0,3,3,0,54568,0,0,0,54568,54568,0,0,0,0,0,0,0,3211369
2024-06-13,2024,6,13,port709,Mormugao,India,IND,0,0,0,0,0,0,0,0,0,0,0,0,0,0,0,0,0,0,0,0,0,3211370
2024-06-14,2024,6,14,port709,Mormugao,India,IND,0,2,1,0,0,3,3,0,85897,2876,0,0,88773,88773,0,0,0,0,0,0,0,3211371
2024-06-15,2024,6,15,port709,Mormugao,India,IND,0,2,1,0,1,3,4,0,63168,0,0,5706,63168,68874,0,0,0,0,0,0,0,3211372
2024-06-16,2024,6,16,port709,Mormugao,India,IND,0,0,0,0,0,0,0,0,0,0,0,0,0,0,0,0,0,0,0,0,0,3211373
2024-06-17,2024,6,17,port709,Mormugao,India,IND,0,0,0,0,1,0,1,0,0,0,0,0,0,0,0,0,0,0,439,0,439,3211374
2024-06-18,2024,6,18,port709,Mormugao,India,IND,0,0,1,0,0,1,1,0,0,0,0,0,0,0,0,0,0,0,0,0,0,3211375
2024-06-19,2024,6,19,port709,Mormugao,India,IND,0,3,1,0,0,4,4,0,126209,0,0,0,126209,126209,0,2073,0,0,0,2073,2073,3211376
2024-06-20,2024,6,20,port709,Mormugao,India,IND,0,1,1,0,0,2,2,0,46225,0,0,0,46225,46225,0,0,741,0,0,741,741,3211377
2024-06-21,2024,6,21,port709,Mormugao,India,IND,0,2,0,0,0,2,2,0,76137,0,0,0,76137,76137,0,91399,0,0,0,91399,91399,3211378
2024-06-22,2024,6,22,port709,Mormugao,India,IND,0,1,1,0,1,2,3,0,0,0,0,0,0,0,0,48141,0,0,0,48141,48141,3211379
2024-06-23,2024,6,23,port709,Mormugao,India,IND,0,0,1,0,0,1,1,0,0,0,0,0,0,0,0,0,0,0,0,0,0,3211380
2024-07-03,2024,7,3,port709,Mormugao,India,IND,0,2,0,0,1,2,3,0,51254,0,0,3029,51254,54283,0,0,0,0,2529,0,2529,3211414
2024-07-04,2024,7,4,port709,Mormugao,India,IND,0,0,0,0,0,0,0,0,0,0,0,0,0,0,0,0,0,0,0,0,0,3211416
2024-07-05,2024,7,5,port709,Mormugao,India,IND,1,1,0,0,0,2,2,0,27170,0,0,0,27170,27170,0,0,0,0,0,0,0,3211418
2024-07-06,2024,7,6,port709,Mormugao,India,IND,0,0,1,0,0,1,1,0,0,0,0,0,0,0,0,0,0,0,0,0,0,3211420
2024-07-07,2024,7,7,port709,Mormugao,India,IND,0,0,1,0,0,1,1,0,0,0,0,0,0,0,0,0,0,0,0,0,0,3211422
2024-07-08,2024,7,8,port709,Mormugao,India,IND,0,0,1,0,0,1,1,0,0,0,0,0,0,0,0,0,0,0,0,0,0,3211423
2024-07-09,2024,7,9,port709,Mormugao,India,IND,0,0,0,0,0,0,0,0,0,0,0,0,0,0,0,0,0,0,0,0,0,3211424
2024-07-10,2024,7,10,port709,Mormugao,India,IND,0,1,1,0,1,2,3,0,2838,0,0,2294,2838,5132,0,0,0,0,0,0,0,3211425
2024-07-11,2024,7,11,port709,Mormugao,India,IND,0,3,0,0,0,3,3,0,161508,0,0,0,161508,161508,0,0,0,0,0,0,0,3211426
2024-07-12,2024,7,12,port709,Mormugao,India,IND,0,0,1,0,1,1,2,0,0,0,0,3106,0,3106,0,0,0,0,0,0,0,3211427
2024-07-13,2024,7,13,port709,Mormugao,India,IND,0,0,0,0,0,0,0,0,0,0,0,0,0,0,0,0,0,0,0,0,0,3211428
2024-07-14,2024,7,14,port709,Mormugao,India,IND,0,0,0,0,1,0,1,0,0,0,0,2783,0,2783,0,0,0,0,0,0,0,3211429
2024-07-15,2024,7,15,port709,Mormugao,India,IND,0,1,0,0,0,1,1,0,119658,0,0,0,119658,119658,0,0,0,0,0,0,0,3211430
2024-07-16,2024,7,16,port709,Mormugao,India,IND,0,1,1,0,1,2,3,0,75010,0,0,6226,75010,81237,0,0,0,0,0,0,0,3211431
2024-07-17,2024,7,17,port709,Mormugao,India,IND,0,0,0,0,2,0,2,0,0,0,0,36098,0,36098,0,0,0,0,766,0,766,3211432
2024-07-18,2024,7,18,port709,Mormugao,India,IND,0,0,0,0,1,0,1,0,0,0,0,5685,0,5685,0,0,0,0,0,0,0,3211433
2024-07-19,2024,7,19,port709,Mormugao,India,IND,0,0,1,0,0,1,1,0,0,0,0,0,0,0,0,0,0,0,0,0,0,3211434
2024-07-20,2024,7,20,port709,Mormugao,India,IND,0,1,0,0,1,1,2,0,5870,0,0,2769,5870,8639,0,0,0,0,0,0,0,3211435
2024-07-21,2024,7,21,port709,Mormugao,India,IND,0,1,1,0,0,2,2,0,49833,0,0,0,49833,49833,0,0,0,0,0,0,0,3211436
2024-07-22,2024,7,22,port709,Mormugao,India,IND,0,2,0,0,0,2,2,0,107100,0,0,0,107100,107100,0,0,0,0,0,0,0,3211437
2024-07-23,2024,7,23,port709,Mormugao,India,IND,0,1,1,0,2,2,4,0,13857,0,0,0,13857,13857,0,0,0,0,32439,0,32439,3211438
2024-07-24,2024,7,24,port709,Mormugao,India,IND,0,1,1,0,0,2,2,0,0,0,0,0,0,0,0,2186,0,0,0,2186,2186,3211439
2024-07-25,2024,7,25,port709,Mormugao,India,IND,0,1,0,0,0,1,1,0,41612,0,0,0,41612,41612,0,0,0,0,0,0,0,3211440
2024-07-26,2024,7,26,port709,Mormugao,India,IND,0,0,1,0,1,1,2,0,0,0,0,28399,0,28399,0,0,0,0,0,0,0,3211441
2024-07-27,2024,7,27,port709,Mormugao,India,IND,0,0,1,0,0,1,1,0,0,0,0,0,0,0,0,0,0,0,0,0,0,3211442
2024-07-28,2024,7,28,port709,Mormugao,India,IND,0,1,0,0,0,1,1,0,74753,0,0,0,74753,74753,0,0,0,0,0,0,0,3211443
2024-07-29,2024,7,29,port709,Mormugao,India,IND,0,0,0,0,1,0,1,0,0,0,0,33836,0,33836,0,0,0,0,0,0,0,3211444
2024-07-30,2024,7,30,port709,Mormugao,India,IND,0,0,2,0,0,2,2,0,0,0,0,0,0,0,0,0,0,0,0,0,0,3211445
2024-07-31,2024,7,31,port709,Mormugao,India,IND,0,0,0,0,0,0,0,0,0,0,0,0,0,0,0,0,0,0,0,0,0,3211446
2024-08-01,2024,8,1,port709,Mormugao,India,IND,0,0,0,0,0,0,0,0,0,0,0,0,0,0,0,0,0,0,0,0,0,3211447
2024-08-02,2024,8,2,port709,Mormugao,India,IND,0,2,0,0,1,2,3,0,160326,0,0,0,160326,160326,0,0,0,0,0,0,0,3211448
2024-08-03,2024,8,3,port709,Mormugao,India,IND,0,0,1,0,2,1,3,0,0,0,0,0,0,0,0,0,0,0,24606,0,24606,3211449
2024-08-04,2024,8,4,port709,Mormugao,India,IND,0,0,1,0,0,1,1,0,0,0,0,0,0,0,0,0,0,0,0,0,0,3211450
2024-08-05,2024,8,5,port709,Mormugao,India,IND,0,0,0,0,0,0,0,0,0,0,0,0,0,0,0,0,0,0,0,0,0,3211451
2024-08-06,2024,8,6,port709,Mormugao,India,IND,0,0,1,0,0,1,1,0,0,0,0,0,0,0,0,0,0,0,0,0,0,3211452
2024-08-07,2024,8,7,port709,Mormugao,India,IND,0,1,0,0,0,1,1,0,72299,0,0,0,72299,72299,0,0,0,0,0,0,0,3211453
2024-08-08,2024,8,8,port709,Mormugao,India,IND,0,0,1,0,0,1,1,0,0,0,0,0,0,0,0,0,0,0,0,0,0,3211454
2024-08-09,2024,8,9,port709,Mormugao,India,IND,0,2,0,0,1,2,3,0,0,0,0,0,0,0,0,113162,0,0,0,113162,113162,3211455
2024-08-10,2024,8,10,port709,Mormugao,India,IND,0,1,1,0,1,2,3,0,41129,0,0,18313,41129,59442,0,8214,0,0,0,8214,8214,3211456
2024-08-11,2024,8,11,port709,Mormugao,India,IND,0,2,1,0,0,3,3,0,43906,0,0,0,43906,43906,0,78636,2354,0,0,80991,80991,3211457
2024-08-12,2024,8,12,port709,Mormugao,India,IND,0,1,0,0,0,1,1,0,0,0,0,0,0,0,0,11990,0,0,0,11990,11990,3211458
2024-08-13,2024,8,13,port709,Mormugao,India,IND,0,0,1,0,0,1,1,0,0,0,0,0,0,0,0,0,0,0,0,0,0,3211459
2024-08-14,2024,8,14,port709,Mormugao,India,IND,0,0,1,0,0,1,1,0,0,0,0,0,0,0,0,0,0,0,0,0,0,3211460
2024-08-15,2024,8,15,port709,Mormugao,India,IND,0,3,1,0,0,4,4,0,178114,0,0,0,178114,178114,0,0,11041,0,0,11041,11041,3211461
2024-08-16,2024,8,16,port709,Mormugao,India,IND,0,0,0,0,1,0,1,0,0,0,0,526,0,526,0,0,0,0,0,0,0,3211462
2024-08-17,2024,8,17,port709,Mormugao,India,IND,0,0,0,0,0,0,0,0,0,0,0,0,0,0,0,0,0,0,0,0,0,3211463
2024-08-18,2024,8,18,port709,Mormugao,India,IND,0,0,1,0,0,1,1,0,0,0,0,0,0,0,0,0,0,0,0,0,0,3211464
2024-08-19,2024,8,19,port709,Mormugao,India,IND,0,1,0,0,1,1,2,0,87775,0,0,2631,87775,90406,0,0,0,0,0,0,0,3211465
2024-08-20,2024,8,20,port709,Mormugao,India,IND,0,0,0,0,1,0,1,0,0,0,0,31838,0,31838,0,0,0,0,0,0,0,3211466
2024-08-21,2024,8,21,port709,Mormugao,India,IND,0,2,1,0,1,3,4,0,54724,0,0,26212,54724,80936,0,0,0,0,0,0,0,3211467
2024-08-22,2024,8,22,port709,Mormugao,India,IND,0,1,0,0,0,1,1,0,16914,0,0,0,16914,16914,0,0,0,0,0,0,0,3211468
2024-08-23,2024,8,23,port709,Mormugao,India,IND,0,1,0,0,0,1,1,0,0,0,0,0,0,0,0,0,0,0,0,0,0,3211469
2024-08-24,2024,8,24,port709,Mormugao,India,IND,0,0,0,0,0,0,0,0,0,0,0,0,0,0,0,0,0,0,0,0,0,3211470
2024-08-25,2024,8,25,port709,Mormugao,India,IND,0,2,1,0,0,3,3,0,3465,1367,0,0,4833,4833,0,0,4198,0,0,4198,4198,3211471
2024-08-26,2024,8,26,port709,Mormugao,India,IND,0,1,0,0,0,1,1,0,0,0,0,0,0,0,0,29197,0,0,0,29197,29197,3211472
2024-08-27,2024,8,27,port709,Mormugao,India,IND,0,2,0,0,0,2,2,0,129139,0,0,0,129139,129139,0,0,0,0,0,0,0,3211473
2024-08-28,2024,8,28,port709,Mormugao,India,IND,0,0,0,0,1,0,1,0,0,0,0,0,0,0,0,0,0,0,0,0,0,3211474
2024-08-29,2024,8,29,port709,Mormugao,India,IND,0,2,1,0,2,3,5,0,50884,0,0,50182,50884,101067,0,13165,0,0,0,13165,13165,3211475
2024-08-30,2024,8,30,port709,Mormugao,India,IND,0,0,0,0,0,0,0,0,0,0,0,0,0,0,0,0,0,0,0,0,0,3211476
2024-08-31,2024,8,31,port709,Mormugao,India,IND,0,2,0,0,0,2,2,0,139239,0,0,0,139239,139239,0,0,0,0,0,0,0,3211477
2024-09-01,2024,9,1,port709,Mormugao,India,IND,0,1,0,0,0,1,1,0,74083,0,0,0,74083,74083,0,0,0,0,0,0,0,3211478
2024-09-02,2024,9,2,port709,Mormugao,India,IND,0,0,0,0,1,0,1,0,0,0,0,26043,0,26043,0,0,0,0,0,0,0,3211479
2024-09-03,2024,9,3,port709,Mormugao,India,IND,0,0,0,0,1,0,1,0,0,0,0,0,0,0,0,0,0,0,0,0,0,3211480
2024-09-04,2024,9,4,port709,Mormugao,India,IND,0,1,0,0,1,1,2,0,41129,0,0,4215,41129,45344,0,8214,0,0,0,8214,8214,3211481
2024-09-05,2024,9,5,port709,Mormugao,India,IND,0,0,1,0,0,1,1,0,0,2251,0,0,2251,2251,0,0,0,0,0,0,0,3211482
2024-09-06,2024,9,6,port709,Mormugao,India,IND,0,0,0,0,0,0,0,0,0,0,0,0,0,0,0,0,0,0,0,0,0,3211483
2024-09-07,2024,9,7,port709,Mormugao,India,IND,0,1,0,0,0,1,1,0,76013,0,0,0,76013,76013,0,0,0,0,0,0,0,3211484
2024-09-08,2024,9,8,port709,Mormugao,India,IND,0,0,0,0,0,0,0,0,0,0,0,0,0,0,0,0,0,0,0,0,0,3211485
2024-09-09,2024,9,9,port709,Mormugao,India,IND,0,1,0,0,0,1,1,0,54752,0,0,0,54752,54752,0,0,0,0,0,0,0,3211486
2024-09-10,2024,9,10,port709,Mormugao,India,IND,0,0,0,0,0,0,0,0,0,0,0,0,0,0,0,0,0,0,0,0,0,3211487
2024-09-11,2024,9,11,port709,Mormugao,India,IND,0,0,0,0,0,0,0,0,0,0,0,0,0,0,0,0,0,0,0,0,0,3211488
2024-09-12,2024,9,12,port709,Mormugao,India,IND,0,0,0,0,0,0,0,0,0,0,0,0,0,0,0,0,0,0,0,0,0,3211489
2024-09-13,2024,9,13,port709,Mormugao,India,IND,0,1,0,0,0,1,1,0,29598,0,0,0,29598,29598,0,0,0,0,0,0,0,3211490
2024-09-14,2024,9,14,port709,Mormugao,India,IND,0,1,0,0,0,1,1,0,81825,0,0,0,81825,81825,0,0,0,0,0,0,0,3211491
2024-09-15,2024,9,15,port709,Mormugao,India,IND,0,1,0,0,2,1,3,0,52566,0,0,4646,52566,57213,0,0,0,0,0,0,0,3211492
2024-09-16,2024,9,16,port709,Mormugao,India,IND,0,0,1,0,0,1,1,0,0,13115,0,0,13115,13115,0,0,0,0,0,0,0,3211493
2024-09-17,2024,9,17,port709,Mormugao,India,IND,0,0,0,0,1,0,1,0,0,0,0,9834,0,9834,0,0,0,0,0,0,0,3211494
2024-09-18,2024,9,18,port709,Mormugao,India,IND,0,1,0,0,0,1,1,0,0,0,0,0,0,0,0,53237,0,0,0,53237,53237,3211495
2024-09-19,2024,9,19,port709,Mormugao,India,IND,0,0,0,0,1,0,1,0,0,0,0,4379,0,4379,0,0,0,0,0,0,0,3211496
2024-09-20,2024,9,20,port709,Mormugao,India,IND,0,0,0,0,0,0,0,0,0,0,0,0,0,0,0,0,0,0,0,0,0,3211497
2024-09-21,2024,9,21,port709,Mormugao,India,IND,0,1,0,0,0,1,1,0,84341,0,0,0,84341,84341,0,0,0,0,0,0,0,3211498
2024-09-22,2024,9,22,port709,Mormugao,India,IND,0,0,0,0,0,0,0,0,0,0,0,0,0,0,0,0,0,0,0,0,0,3211499
2024-09-23,2024,9,23,port709,Mormugao,India,IND,0,2,0,0,0,2,2,0,111895,0,0,0,111895,111895,0,0,0,0,0,0,0,3211500
2024-09-24,2024,9,24,port709,Mormugao,India,IND,0,0,0,0,0,0,0,0,0,0,0,0,0,0,0,0,0,0,0,0,0,3211501
2024-09-25,2024,9,25,port709,Mormugao,India,IND,0,3,0,0,0,3,3,0,95439,0,0,0,95439,95439,0,72260,0,0,0,72260,72260,3211502
2024-09-26,2024,9,26,port709,Mormugao,India,IND,0,1,0,0,0,1,1,0,2058,0,0,0,2058,2058,0,0,0,0,0,0,0,3211503
2024-09-27,2024,9,27,port709,Mormugao,India,IND,0,0,1,0,0,1,1,0,0,0,0,0,0,0,0,0,1451,0,0,1451,1451,3211504
2024-09-28,2024,9,28,port709,Mormugao,India,IND,0,2,0,0,0,2,2,0,135125,0,0,0,135125,135125,0,0,0,0,0,0,0,3211505
2024-09-29,2024,9,29,port709,Mormugao,India,IND,0,1,0,0,1,1,2,0,38897,0,0,19714,38897,58612,0,0,0,0,0,0,0,3211506
2024-09-30,2024,9,30,port709,Mormugao,India,IND,0,0,0,0,0,0,0,0,0,0,0,0,0,0,0,0,0,0,0,0,0,3211507
2024-10-01,2024,10,1,port709,Mormugao,India,IND,0,2,0,0,1,2,3,0,53375,0,0,12306,53375,65681,0,12497,0,0,1325,12497,13823,3211508
2024-10-02,2024,10,2,port709,Mormugao,India,IND,0,0,0,0,0,0,0,0,0,0,0,0,0,0,0,0,0,0,0,0,0,3211509
2024-10-03,2024,10,3,port709,Mormugao,India,IND,0,0,0,0,0,0,0,0,0,0,0,0,0,0,0,0,0,0,0,0,0,3211510
2024-10-04,2024,10,4,port709,Mormugao,India,IND,0,0,0,0,1,0,1,0,0,0,0,1654,0,1654,0,0,0,0,0,0,0,3211511
2024-10-05,2024,10,5,port709,Mormugao,India,IND,0,2,0,0,0,2,2,0,103484,0,0,0,103484,103484,0,0,0,0,0,0,0,3211512
2024-10-06,2024,10,6,port709,Mormugao,India,IND,0,2,0,0,1,2,3,0,0,0,0,33976,0,33976,0,59002,0,0,0,59002,59002,3211513
2024-10-07,2024,10,7,port709,Mormugao,India,IND,0,0,0,0,0,0,0,0,0,0,0,0,0,0,0,0,0,0,0,0,0,3211514
2024-10-08,2024,10,8,port709,Mormugao,India,IND,0,0,0,0,0,0,0,0,0,0,0,0,0,0,0,0,0,0,0,0,0,3211515
2024-10-09,2024,10,9,port709,Mormugao,India,IND,0,2,0,0,0,2,2,0,115989,0,0,0,115989,115989,0,0,0,0,0,0,0,3211516
2024-10-10,2024,10,10,port709,Mormugao,India,IND,0,0,0,0,1,0,1,0,0,0,0,28139,0,28139,0,0,0,0,0,0,0,3211517
2024-10-11,2024,10,11,port709,Mormugao,India,IND,0,2,0,0,0,2,2,0,44244,0,0,0,44244,44244,0,2961,0,0,0,2961,2961,3211518
2024-10-12,2024,10,12,port709,Mormugao,India,IND,0,0,0,0,1,0,1,0,0,0,0,11625,0,11625,0,0,0,0,0,0,0,3211519
2024-10-13,2024,10,13,port709,Mormugao,India,IND,0,2,0,0,0,2,2,0,19273,0,0,0,19273,19273,0,26224,0,0,0,26224,26224,3211520
2024-10-14,2024,10,14,port709,Mormugao,India,IND,0,1,0,0,1,1,2,0,43988,0,0,0,43988,43988,0,0,0,0,0,0,0,3211521
2024-10-15,2024,10,15,port709,Mormugao,India,IND,0,0,0,0,0,0,0,0,0,0,0,0,0,0,0,0,0,0,0,0,0,3211522
2024-10-16,2024,10,16,port709,Mormugao,India,IND,0,2,0,0,1,2,3,0,144991,0,0,0,144991,144991,0,0,0,0,0,0,0,3211523
2024-10-17,2024,10,17,port709,Mormugao,India,IND,0,0,0,0,0,0,0,0,0,0,0,0,0,0,0,0,0,0,0,0,0,3211524
2024-10-18,2024,10,18,port709,Mormugao,India,IND,0,1,1,0,2,2,4,0,39640,0,0,3060,39640,42700,0,0,0,0,0,0,0,3211525
2024-10-19,2024,10,19,port709,Mormugao,India,IND,0,0,0,0,0,0,0,0,0,0,0,0,0,0,0,0,0,0,0,0,0,3211526
2024-10-20,2024,10,20,port709,Mormugao,India,IND,0,1,0,0,0,1,1,0,87472,0,0,0,87472,87472,0,0,0,0,0,0,0,3211527
2024-10-21,2024,10,21,port709,Mormugao,India,IND,0,2,0,0,0,2,2,0,77007,0,0,0,77007,77007,0,10781,0,0,0,10781,10781,3211528
2024-10-22,2024,10,22,port709,Mormugao,India,IND,0,0,0,0,0,0,0,0,0,0,0,0,0,0,0,0,0,0,0,0,0,3211529
2024-10-23,2024,10,23,port709,Mormugao,India,IND,0,1,0,0,0,1,1,0,54489,0,0,0,54489,54489,0,0,0,0,0,0,0,3211530
2024-10-24,2024,10,24,port709,Mormugao,India,IND,0,0,0,0,0,0,0,0,0,0,0,0,0,0,0,0,0,0,0,0,0,3211531
2024-10-25,2024,10,25,port709,Mormugao,India,IND,0,2,0,0,0,2,2,0,54510,0,0,0,54510,54510,0,3381,0,0,0,3381,3381,3211532
2024-10-26,2024,10,26,port709,Mormugao,India,IND,0,1,0,0,0,1,1,0,0,0,0,0,0,0,0,1144,0,0,0,1144,1144,3211533
2024-10-27,2024,10,27,port709,Mormugao,India,IND,0,1,0,0,0,1,1,0,0,0,0,0,0,0,0,35518,0,0,0,35518,35518,3211534
2024-10-28,2024,10,28,port709,Mormugao,India,IND,0,0,0,0,1,0,1,0,0,0,0,0,0,0,0,0,0,0,0,0,0,3211535
2024-10-29,2024,10,29,port709,Mormugao,India,IND,0,2,0,0,0,2,2,0,75725,0,0,0,75725,75725,0,3206,0,0,0,3206,3206,3211536
2024-10-30,2024,10,30,port709,Mormugao,India,IND,0,1,0,0,1,1,2,0,15467,0,0,14795,15467,30262,0,0,0,0,0,0,0,3211537
2024-10-31,2024,10,31,port709,Mormugao,India,IND,0,0,0,0,0,0,0,0,0,0,0,0,0,0,0,0,0,0,0,0,0,3211538
2024-11-01,2024,11,1,port709,Mormugao,India,IND,0,0,0,0,0,0,0,0,0,0,0,0,0,0,0,0,0,0,0,0,0,3211539
2024-11-02,2024,11,2,port709,Mormugao,India,IND,0,0,0,0,0,0,0,0,0,0,0,0,0,0,0,0,0,0,0,0,0,3211540
2024-11-03,2024,11,3,port709,Mormugao,India,IND,0,0,0,0,1,0,1,0,0,0,0,6226,0,6226,0,0,0,0,0,0,0,3211541
2024-11-04,2024,11,4,port709,Mormugao,India,IND,0,0,0,0,0,0,0,0,0,0,0,0,0,0,0,0,0,0,0,0,0,3211542
2024-11-05,2024,11,5,port709,Mormugao,India,IND,0,1,0,0,0,1,1,0,1188,0,0,0,1188,1188,0,0,0,0,0,0,0,3211543
2024-11-06,2024,11,6,port709,Mormugao,India,IND,0,0,0,0,0,0,0,0,0,0,0,0,0,0,0,0,0,0,0,0,0,3211544
2024-11-07,2024,11,7,port709,Mormugao,India,IND,0,0,1,0,1,1,2,0,0,1367,0,2284,1367,3652,0,0,4198,0,0,4198,4198,3211545
2024-11-08,2024,11,8,port709,Mormugao,India,IND,0,0,0,0,1,0,1,0,0,0,0,0,0,0,0,0,0,0,0,0,0,3211546
2024-11-09,2024,11,9,port709,Mormugao,India,IND,0,1,0,0,1,1,2,0,33889,0,0,8842,33889,42732,0,0,0,0,0,0,0,3211547
2024-11-10,2024,11,10,port709,Mormugao,India,IND,0,1,1,0,1,2,3,0,75964,0,0,13787,75964,89751,0,0,3805,0,0,3805,3805,3211548
2024-11-11,2024,11,11,port709,Mormugao,India,IND,0,0,0,0,0,0,0,0,0,0,0,0,0,0,0,0,0,0,0,0,0,3211549
2024-11-12,2024,11,12,port709,Mormugao,India,IND,0,1,0,0,1,1,2,0,71957,0,0,31339,71957,103297,0,0,0,0,0,0,0,3211550
2024-11-13,2024,11,13,port709,Mormugao,India,IND,0,0,0,0,0,0,0,0,0,0,0,0,0,0,0,0,0,0,0,0,0,3211551
2024-11-14,2024,11,14,port709,Mormugao,India,IND,0,1,0,0,0,1,1,0,76254,0,0,0,76254,76254,0,0,0,0,0,0,0,3211552
2024-11-15,2024,11,15,port709,Mormugao,India,IND,0,0,0,0,1,0,1,0,0,0,0,0,0,0,0,0,0,0,0,0,0,3211553
2024-11-16,2024,11,16,port709,Mormugao,India,IND,0,1,1,0,1,2,3,0,19437,0,0,11095,19437,30532,0,0,0,0,119,0,119,3211554
2024-11-17,2024,11,17,port709,Mormugao,India,IND,0,0,0,0,0,0,0,0,0,0,0,0,0,0,0,0,0,0,0,0,0,3211555
2024-11-18,2024,11,18,port709,Mormugao,India,IND,0,1,0,0,0,1,1,0,65191,0,0,0,65191,65191,0,0,0,0,0,0,0,3211556
2024-11-19,2024,11,19,port709,Mormugao,India,IND,0,0,0,0,1,0,1,0,0,0,0,1842,0,1842,0,0,0,0,0,0,0,3211557
2024-11-20,2024,11,20,port709,Mormugao,India,IND,0,0,0,0,0,0,0,0,0,0,0,0,0,0,0,0,0,0,0,0,0,3211558
2024-11-21,2024,11,21,port709,Mormugao,India,IND,0,2,1,0,0,3,3,0,148055,0,0,0,148055,148055,0,0,680,0,0,680,680,3211559
2024-11-22,2024,11,22,port709,Mormugao,India,IND,0,1,0,0,1,1,2,0,0,0,0,31715,0,31715,0,52582,0,0,0,52582,52582,3211560
2024-11-23,2024,11,23,port709,Mormugao,India,IND,0,0,0,0,0,0,0,0,0,0,0,0,0,0,0,0,0,0,0,0,0,3211561
2024-11-24,2024,11,24,port709,Mormugao,India,IND,0,0,0,0,0,0,0,0,0,0,0,0,0,0,0,0,0,0,0,0,0,3211562
2024-11-25,2024,11,25,port709,Mormugao,India,IND,0,1,0,0,0,1,1,0,52035,0,0,0,52035,52035,0,0,0,0,0,0,0,3211563
2024-11-26,2024,11,26,port709,Mormugao,India,IND,0,2,0,0,0,2,2,0,56974,0,0,0,56974,56974,0,48420,0,0,0,48420,48420,3211564
2024-11-27,2024,11,27,port709,Mormugao,India,IND,0,0,0,0,0,0,0,0,0,0,0,0,0,0,0,0,0,0,0,0,0,3211565
2024-11-28,2024,11,28,port709,Mormugao,India,IND,0,0,0,0,0,0,0,0,0,0,0,0,0,0,0,0,0,0,0,0,0,3211566
2024-11-29,2024,11,29,port709,Mormugao,India,IND,0,1,0,0,1,1,2,0,0,0,0,0,0,0,0,17555,0,0,0,17555,17555,3211567
2024-11-30,2024,11,30,port709,Mormugao,India,IND,0,2,1,0,0,3,3,0,81233,0,0,0,81233,81233,0,0,0,0,0,0,0,3211568
2024-12-01,2024,12,1,port709,Mormugao,India,IND,0,0,0,0,0,0,0,0,0,0,0,0,0,0,0,0,0,0,0,0,0,3211569
2024-12-02,2024,12,2,port709,Mormugao,India,IND,0,0,0,0,1,0,1,0,0,0,0,0,0,0,0,0,0,0,0,0,0,3211570
2024-12-03,2024,12,3,port709,Mormugao,India,IND,0,0,1,0,0,1,1,0,0,1367,0,0,1367,1367,0,0,4198,0,0,4198,4198,3211571
2024-12-04,2024,12,4,port709,Mormugao,India,IND,0,0,0,0,1,0,1,0,0,0,0,0,0,0,0,0,0,0,0,0,0,3211572
2024-12-05,2024,12,5,port709,Mormugao,India,IND,0,0,0,0,0,0,0,0,0,0,0,0,0,0,0,0,0,0,0,0,0,3211573
2024-12-06,2024,12,6,port709,Mormugao,India,IND,0,1,1,0,1,2,3,0,118286,1367,0,3123,119654,122778,0,0,4198,0,0,4198,4198,3211574
2024-12-07,2024,12,7,port709,Mormugao,India,IND,0,1,0,0,1,1,2,0,22778,0,0,0,22778,22778,0,0,0,0,0,0,0,3211575
2024-12-08,2024,12,8,port709,Mormugao,India,IND,0,1,0,0,0,1,1,0,53970,0,0,0,53970,53970,0,0,0,0,0,0,0,3211576
2024-12-09,2024,12,9,port709,Mormugao,India,IND,0,0,0,0,0,0,0,0,0,0,0,0,0,0,0,0,0,0,0,0,0,3211577
2024-12-10,2024,12,10,port709,Mormugao,India,IND,0,2,0,0,1,2,3,0,54724,0,0,0,54724,54724,0,0,0,0,0,0,0,3211578
2024-12-11,2024,12,11,port709,Mormugao,India,IND,0,0,0,0,0,0,0,0,0,0,0,0,0,0,0,0,0,0,0,0,0,3211579
2024-12-12,2024,12,12,port709,Mormugao,India,IND,0,1,1,0,0,2,2,0,0,0,0,0,0,0,0,9938,0,0,0,9938,9938,3211580
2024-12-13,2024,12,13,port709,Mormugao,India,IND,0,0,0,0,0,0,0,0,0,0,0,0,0,0,0,0,0,0,0,0,0,3211581
2024-12-14,2024,12,14,port709,Mormugao,India,IND,0,1,0,0,0,1,1,0,72700,0,0,0,72700,72700,0,0,0,0,0,0,0,3211582
2024-12-15,2024,12,15,port709,Mormugao,India,IND,0,1,0,0,0,1,1,0,79044,0,0,0,79044,79044,0,0,0,0,0,0,0,3211583
2024-12-16,2024,12,16,port709,Mormugao,India,IND,0,2,0,0,0,2,2,0,112556,0,0,0,112556,112556,0,790,0,0,0,790,790,3211584
2024-12-17,2024,12,17,port709,Mormugao,India,IND,0,1,0,0,0,1,1,0,74943,0,0,0,74943,74943,0,0,0,0,0,0,0,3211585
2024-12-18,2024,12,18,port709,Mormugao,India,IND,0,0,0,0,1,0,1,0,0,0,0,5836,0,5836,0,0,0,0,0,0,0,3211586
2024-12-19,2024,12,19,port709,Mormugao,India,IND,0,1,0,0,0,1,1,0,76031,0,0,0,76031,76031,0,0,0,0,0,0,0,3211587
2024-12-20,2024,12,20,port709,Mormugao,India,IND,0,1,0,0,0,1,1,0,0,0,0,0,0,0,0,30744,0,0,0,30744,30744,3211588
2024-12-21,2024,12,21,port709,Mormugao,India,IND,0,1,0,0,0,1,1,0,0,0,0,0,0,0,0,27978,0,0,0,27978,27978,3211589
2024-12-22,2024,12,22,port709,Mormugao,India,IND,0,2,0,0,0,2,2,0,131647,0,0,0,131647,131647,0,0,0,0,0,0,0,3211590
2024-12-23,2024,12,23,port709,Mormugao,India,IND,0,0,0,0,0,0,0,0,0,0,0,0,0,0,0,0,0,0,0,0,0,3211591
2024-12-24,2024,12,24,port709,Mormugao,India,IND,0,1,0,0,2,1,3,0,75706,0,0,12883,75706,88589,0,0,0,0,544,0,544,3211592
2024-12-25,2024,12,25,port709,Mormugao,India,IND,0,0,0,0,0,0,0,0,0,0,0,0,0,0,0,0,0,0,0,0,0,3211593
2024-12-26,2024,12,26,port709,Mormugao,India,IND,0,2,1,0,1,3,4,0,130189,0,0,14012,130189,144202,0,0,0,0,0,0,0,3211594
2024-12-27,2024,12,27,port709,Mormugao,India,IND,0,2,1,0,0,3,3,0,33971,1135,0,0,35107,35107,0,2294,0,0,0,2294,2294,3211595
2024-12-28,2024,12,28,port709,Mormugao,India,IND,0,1,0,0,1,1,2,0,0,0,0,43149,0,43149,0,7150,0,0,0,7150,7150,3211596
2024-12-29,2024,12,29,port709,Mormugao,India,IND,0,0,0,0,2,0,2,0,0,0,0,3146,0,3146,0,0,0,0,0,0,0,3211597
2024-12-30,2024,12,30,port709,Mormugao,India,IND,0,1,0,0,0,1,1,0,0,0,0,0,0,0,0,16120,0,0,0,16120,16120,3211598
2024-12-31,2024,12,31,port709,Mormugao,India,IND,0,1,0,0,1,1,2,0,74468,0,0,27334,74468,101802,0,0,0,0,0,0,0,3211599
2025-01-01,2025,1,1,port709,Mormugao,India,IND,0,0,0,0,0,0,0,0,0,0,0,0,0,0,0,0,0,0,0,0,0,3211600
2025-01-02,2025,1,2,port709,Mormugao,India,IND,0,1,0,0,0,1,1,0,53842,0,0,0,53842,53842,0,0,0,0,0,0,0,3211601
2025-01-03,2025,1,3,port709,Mormugao,India,IND,0,1,0,0,0,1,1,0,41129,0,0,0,41129,41129,0,8214,0,0,0,8214,8214,3211602
2025-01-04,2025,1,4,port709,Mormugao,India,IND,0,0,0,0,0,0,0,0,0,0,0,0,0,0,0,0,0,0,0,0,0,3211603
2025-01-05,2025,1,5,port709,Mormugao,India,IND,0,0,0,0,1,0,1,0,0,0,0,0,0,0,0,0,0,0,13770,0,13770,3211604
2025-01-06,2025,1,6,port709,Mormugao,India,IND,0,0,0,0,0,0,0,0,0,0,0,0,0,0,0,0,0,0,0,0,0,3211605
2025-01-07,2025,1,7,port709,Mormugao,India,IND,0,1,0,0,0,1,1,0,27266,0,0,0,27266,27266,0,0,0,0,0,0,0,3211606
2025-01-08,2025,1,8,port709,Mormugao,India,IND,0,0,0,0,0,0,0,0,0,0,0,0,0,0,0,0,0,0,0,0,0,3211607
2025-01-09,2025,1,9,port709,Mormugao,India,IND,0,0,0,0,1,0,1,0,0,0,0,39158,0,39158,0,0,0,0,0,0,0,3211608
2025-01-10,2025,1,10,port709,Mormugao,India,IND,0,2,0,0,1,2,3,0,145554,0,0,14519,145554,160073,0,0,0,0,0,0,0,3211609
2025-01-11,2025,1,11,port709,Mormugao,India,IND,0,0,0,0,0,0,0,0,0,0,0,0,0,0,0,0,0,0,0,0,0,3211610
2025-01-12,2025,1,12,port709,Mormugao,India,IND,0,0,0,0,0,0,0,0,0,0,0,0,0,0,0,0,0,0,0,0,0,3211611
2025-01-13,2025,1,13,port709,Mormugao,India,IND,0,1,0,0,0,1,1,0,86880,0,0,0,86880,86880,0,0,0,0,0,0,0,3211612
2025-01-14,2025,1,14,port709,Mormugao,India,IND,0,0,0,0,0,0,0,0,0,0,0,0,0,0,0,0,0,0,0,0,0,3211613
2025-01-15,2025,1,15,port709,Mormugao,India,IND,0,0,0,0,0,0,0,0,0,0,0,0,0,0,0,0,0,0,0,0,0,3211614
2025-01-16,2025,1,16,port709,Mormugao,India,IND,0,1,0,0,0,1,1,0,17717,0,0,0,17717,17717,0,0,0,0,0,0,0,3211615
2025-01-17,2025,1,17,port709,Mormugao,India,IND,0,0,0,0,1,0,1,0,0,0,0,29272,0,29272,0,0,0,0,0,0,0,3211616
2025-01-18,2025,1,18,port709,Mormugao,India,IND,0,0,0,0,0,0,0,0,0,0,0,0,0,0,0,0,0,0,0,0,0,3211617
2025-01-19,2025,1,19,port709,Mormugao,India,IND,0,1,1,0,0,2,2,0,79248,0,0,0,79248,79248,0,0,0,0,0,0,0,3211618
2025-01-20,2025,1,20,port709,Mormugao,India,IND,0,0,0,0,0,0,0,0,0,0,0,0,0,0,0,0,0,0,0,0,0,3211619
2025-01-21,2025,1,21,port709,Mormugao,India,IND,0,0,0,0,0,0,0,0,0,0,0,0,0,0,0,0,0,0,0,0,0,3211620
2025-01-22,2025,1,22,port709,Mormugao,India,IND,0,1,0,0,1,1,2,0,7826,0,0,3431,7826,11257,0,0,0,0,0,0,0,3211621
2025-01-23,2025,1,23,port709,Mormugao,India,IND,0,1,0,0,0,1,1,0,53545,0,0,0,53545,53545,0,0,0,0,0,0,0,3211622
2025-01-24,2025,1,24,port709,Mormugao,India,IND,0,2,0,0,0,2,2,0,74800,0,0,0,74800,74800,0,4669,0,0,0,4669,4669,3211623
2025-01-25,2025,1,25,port709,Mormugao,India,IND,0,2,0,0,0,2,2,0,77890,0,0,0,77890,77890,0,11968,0,0,0,11968,11968,3211624
2025-01-26,2025,1,26,port709,Mormugao,India,IND,0,1,0,0,0,1,1,0,54784,0,0,0,54784,54784,0,0,0,0,0,0,0,3211625
2025-01-27,2025,1,27,port709,Mormugao,India,IND,0,1,1,0,2,2,4,0,0,0,0,38591,0,38591,0,43320,0,0,0,43320,43320,3211626
2025-01-28,2025,1,28,port709,Mormugao,India,IND,0,0,1,0,0,1,1,0,0,0,0,0,0,0,0,0,8447,0,0,8447,8447,3211627
2025-01-29,2025,1,29,port709,Mormugao,India,IND,0,0,0,0,0,0,0,0,0,0,0,0,0,0,0,0,0,0,0,0,0,3211628
2025-01-30,2025,1,30,port709,Mormugao,India,IND,0,3,1,0,0,4,4,0,152543,0,0,0,152543,152543,0,34319,0,0,0,34319,34319,3211629
2025-01-31,2025,1,31,port709,Mormugao,India,IND,0,0,0,0,1,0,1,0,0,0,0,18795,0,18795,0,0,0,0,0,0,0,3211630
2025-02-01,2025,2,1,port709,Mormugao,India,IND,0,1,1,0,1,2,3,0,0,0,0,0,0,0,0,14835,0,0,0,14835,14835,3211631
2025-02-02,2025,2,2,port709,Mormugao,India,IND,0,0,1,0,1,1,2,0,0,0,0,1353,0,1353,0,0,0,0,0,0,0,3211632
2025-02-03,2025,2,3,port709,Mormugao,India,IND,0,0,0,0,2,0,2,0,0,0,0,2126,0,2126,0,0,0,0,0,0,0,3211633
2025-02-04,2025,2,4,port709,Mormugao,India,IND,0,2,0,0,0,2,2,0,54330,0,0,0,54330,54330,0,0,0,0,0,0,0,3211634
2025-02-05,2025,2,5,port709,Mormugao,India,IND,0,0,0,0,0,0,0,0,0,0,0,0,0,0,0,0,0,0,0,0,0,3211635
2025-02-06,2025,2,6,port709,Mormugao,India,IND,0,0,0,0,0,0,0,0,0,0,0,0,0,0,0,0,0,0,0,0,0,3211636
2025-02-07,2025,2,7,port709,Mormugao,India,IND,0,1,0,0,1,1,2,0,74451,0,0,5289,74451,79741,0,0,0,0,0,0,0,3211637
2025-02-08,2025,2,8,port709,Mormugao,India,IND,0,1,0,0,0,1,1,0,0,0,0,0,0,0,0,54489,0,0,0,54489,54489,3211638
2025-02-09,2025,2,9,port709,Mormugao,India,IND,0,1,0,0,0,1,1,0,82231,0,0,0,82231,82231,0,0,0,0,0,0,0,3211639
2025-02-10,2025,2,10,port709,Mormugao,India,IND,0,1,1,0,0,2,2,0,0,0,0,0,0,0,0,27933,0,0,0,27933,27933,3211640
2025-02-11,2025,2,11,port709,Mormugao,India,IND,0,0,0,0,1,0,1,0,0,0,0,37786,0,37786,0,0,0,0,0,0,0,3211641
2025-02-12,2025,2,12,port709,Mormugao,India,IND,0,0,0,0,0,0,0,0,0,0,0,0,0,0,0,0,0,0,0,0,0,3211642
2025-02-13,2025,2,13,port709,Mormugao,India,IND,0,1,0,0,0,1,1,0,73312,0,0,0,73312,73312,0,0,0,0,0,0,0,3211643
2025-02-14,2025,2,14,port709,Mormugao,India,IND,0,0,0,0,0,0,0,0,0,0,0,0,0,0,0,0,0,0,0,0,0,3211644
2025-02-15,2025,2,15,port709,Mormugao,India,IND,0,0,0,0,0,0,0,0,0,0,0,0,0,0,0,0,0,0,0,0,0,3211645
2025-02-16,2025,2,16,port709,Mormugao,India,IND,0,0,0,0,0,0,0,0,0,0,0,0,0,0,0,0,0,0,0,0,0,3211646
2025-02-17,2025,2,17,port709,Mormugao,India,IND,0,1,0,0,1,1,2,0,62973,0,0,516,62973,63489,0,0,0,0,0,0,0,3211647
2025-02-18,2025,2,18,port709,Mormugao,India,IND,0,0,0,0,0,0,0,0,0,0,0,0,0,0,0,0,0,0,0,0,0,3211648
2025-02-19,2025,2,19,port709,Mormugao,India,IND,0,1,0,0,0,1,1,0,74238,0,0,0,74238,74238,0,0,0,0,0,0,0,3211649
2025-02-20,2025,2,20,port709,Mormugao,India,IND,0,1,0,0,0,1,1,0,54450,0,0,0,54450,54450,0,0,0,0,0,0,0,3211650
2025-02-21,2025,2,21,port709,Mormugao,India,IND,0,2,0,0,0,2,2,0,98478,0,0,0,98478,98478,0,0,0,0,0,0,0,3211651
2025-02-22,2025,2,22,port709,Mormugao,India,IND,0,0,0,0,0,0,0,0,0,0,0,0,0,0,0,0,0,0,0,0,0,3211652
2025-02-23,2025,2,23,port709,Mormugao,India,IND,0,3,0,0,0,3,3,0,143831,0,0,0,143831,143831,0,45045,0,0,0,45045,45045,3211653
2025-02-24,2025,2,24,port709,Mormugao,India,IND,0,0,0,0,0,0,0,0,0,0,0,0,0,0,0,0,0,0,0,0,0,3211654
2025-02-25,2025,2,25,port709,Mormugao,India,IND,0,1,1,0,0,2,2,0,17675,0,0,0,17675,17675,0,0,0,0,0,0,0,3211655
2025-02-26,2025,2,26,port709,Mormugao,India,IND,0,2,0,0,0,2,2,0,52696,0,0,0,52696,52696,0,33051,0,0,0,33051,33051,3211656
2025-02-27,2025,2,27,port709,Mormugao,India,IND,0,1,1,0,1,2,3,0,17208,0,0,23219,17208,40428,0,0,12349,0,0,12349,12349,3211657
2025-02-28,2025,2,28,port709,Mormugao,India,IND,0,2,0,0,1,2,3,0,91915,0,0,12202,91915,104118,0,13716,0,0,766,13716,14482,3211658
2025-03-01,2025,3,1,port709,Mormugao,India,IND,0,1,0,0,1,1,2,0,52484,0,0,5210,52484,57695,0,0,0,0,0,0,0,3211659
2025-03-02,2025,3,2,port709,Mormugao,India,IND,0,1,0,0,2,1,3,0,76741,0,0,0,76741,76741,0,0,0,0,0,0,0,3211660
2025-03-03,2025,3,3,port709,Mormugao,India,IND,0,0,1,0,0,1,1,0,0,3037,0,0,3037,3037,0,0,0,0,0,0,0,3211661
2025-03-04,2025,3,4,port709,Mormugao,India,IND,0,1,1,0,0,2,2,0,74083,1794,0,0,75877,75877,0,0,0,0,0,0,0,3211662
2025-03-05,2025,3,5,port709,Mormugao,India,IND,0,0,0,0,1,0,1,0,0,0,0,0,0,0,0,0,0,0,0,0,0,3211663
2025-03-06,2025,3,6,port709,Mormugao,India,IND,0,1,0,0,0,1,1,0,41129,0,0,0,41129,41129,0,8214,0,0,0,8214,8214,3211664
2025-03-07,2025,3,7,port709,Mormugao,India,IND,0,1,0,0,0,1,1,0,33884,0,0,0,33884,33884,0,0,0,0,0,0,0,3211665
2025-03-08,2025,3,8,port709,Mormugao,India,IND,0,0,0,0,0,0,0,0,0,0,0,0,0,0,0,0,0,0,0,0,0,3211666
2025-03-09,2025,3,9,port709,Mormugao,India,IND,0,0,0,0,0,0,0,0,0,0,0,0,0,0,0,0,0,0,0,0,0,3211667
2025-03-10,2025,3,10,port709,Mormugao,India,IND,0,1,2,0,0,3,3,0,33421,872,0,0,34293,34293,0,0,0,0,0,0,0,3211668
2025-03-11,2025,3,11,port709,Mormugao,India,IND,0,1,1,0,0,2,2,0,75250,792,0,0,76042,76042,0,0,0,0,0,0,0,3211669
2025-03-12,2025,3,12,port709,Mormugao,India,IND,0,0,0,0,0,0,0,0,0,0,0,0,0,0,0,0,0,0,0,0,0,3211670
2025-03-13,2025,3,13,port709,Mormugao,India,IND,0,1,0,0,0,1,1,0,63499,0,0,0,63499,63499,0,0,0,0,0,0,0,3211671
2025-03-14,2025,3,14,port709,Mormugao,India,IND,0,0,0,0,0,0,0,0,0,0,0,0,0,0,0,0,0,0,0,0,0,3211672
2025-03-15,2025,3,15,port709,Mormugao,India,IND,0,1,0,0,0,1,1,0,82329,0,0,0,82329,82329,0,0,0,0,0,0,0,3211673
2025-03-16,2025,3,16,port709,Mormugao,India,IND,0,0,0,0,0,0,0,0,0,0,0,0,0,0,0,0,0,0,0,0,0,3211674
2025-03-17,2025,3,17,port709,Mormugao,India,IND,0,1,0,0,2,1,3,0,41129,0,0,26494,41129,67623,0,8214,0,0,0,8214,8214,3211675
2025-03-18,2025,3,18,port709,Mormugao,India,IND,0,0,0,0,0,0,0,0,0,0,0,0,0,0,0,0,0,0,0,0,0,3211676
2025-03-19,2025,3,19,port709,Mormugao,India,IND,0,0,1,0,1,1,2,0,0,0,0,12306,0,12306,0,0,0,0,1325,0,1325,3211677
2025-03-20,2025,3,20,port709,Mormugao,India,IND,0,1,0,0,0,1,1,0,12701,0,0,0,12701,12701,0,0,0,0,0,0,0,3211678
2025-03-21,2025,3,21,port709,Mormugao,India,IND,0,0,0,0,0,0,0,0,0,0,0,0,0,0,0,0,0,0,0,0,0,3211679
2025-03-22,2025,3,22,port709,Mormugao,India,IND,0,1,0,0,1,1,2,0,71908,0,0,0,71908,71908,0,0,0,0,0,0,0,3211680
2025-03-23,2025,3,23,port709,Mormugao,India,IND,0,2,0,0,0,2,2,0,81535,0,0,0,81535,81535,0,54576,0,0,0,54576,54576,3211681
2025-03-24,2025,3,24,port709,Mormugao,India,IND,0,2,1,0,0,3,3,0,72288,0,0,0,72288,72288,0,26680,0,0,0,26680,26680,3211682
2025-03-25,2025,3,25,port709,Mormugao,India,IND,0,1,0,0,0,1,1,0,0,0,0,0,0,0,0,6033,0,0,0,6033,6033,3211683
2025-03-26,2025,3,26,port709,Mormugao,India,IND,0,2,0,0,0,2,2,0,0,0,0,0,0,0,0,76102,0,0,0,76102,76102,3211684
2025-03-27,2025,3,27,port709,Mormugao,India,IND,0,1,0,0,0,1,1,0,79598,0,0,0,79598,79598,0,0,0,0,0,0,0,3211685
2025-03-28,2025,3,28,port709,Mormugao,India,IND,0,1,1,0,0,2,2,0,56489,0,0,0,56489,56489,0,0,13828,0,0,13828,13828,3211686
2025-03-29,2025,3,29,port709,Mormugao,India,IND,0,1,0,0,0,1,1,0,0,0,0,0,0,0,0,35617,0,0,0,35617,35617,3211687
2025-03-30,2025,3,30,port709,Mormugao,India,IND,0,1,0,0,1,1,2,0,0,0,0,6018,0,6018,0,0,0,0,0,0,0,3211688
2025-03-31,2025,3,31,port709,Mormugao,India,IND,0,1,0,0,1,1,2,0,0,0,0,0,0,0,0,8161,0,0,0,8161,8161,3211689
2025-04-01,2025,4,1,port709,Mormugao,India,IND,0,1,0,0,1,1,2,0,41129,0,0,31636,41129,72765,0,8214,0,0,0,8214,8214,3211690
2025-04-02,2025,4,2,port709,Mormugao,India,IND,0,2,0,0,1,2,3,0,126043,0,0,0,126043,126043,0,0,0,0,24167,0,24167,3211691
2025-04-03,2025,4,3,port709,Mormugao,India,IND,0,0,0,0,0,0,0,0,0,0,0,0,0,0,0,0,0,0,0,0,0,3211692
2025-04-04,2025,4,4,port709,Mormugao,India,IND,0,1,0,0,0,1,1,0,45823,0,0,0,45823,45823,0,0,0,0,0,0,0,3211693
2025-04-05,2025,4,5,port709,Mormugao,India,IND,0,1,0,0,0,1,1,0,41129,0,0,0,41129,41129,0,8214,0,0,0,8214,8214,3211694
2025-04-06,2025,4,6,port709,Mormugao,India,IND,0,1,0,0,0,1,1,0,73008,0,0,0,73008,73008,0,0,0,0,0,0,0,3211695
2025-04-07,2025,4,7,port709,Mormugao,India,IND,0,0,0,0,0,0,0,0,0,0,0,0,0,0,0,0,0,0,0,0,0,3211696
2025-04-08,2025,4,8,port709,Mormugao,India,IND,0,0,0,0,0,0,0,0,0,0,0,0,0,0,0,0,0,0,0,0,0,3211697
2025-04-09,2025,4,9,port709,Mormugao,India,IND,0,1,0,0,1,1,2,0,0,0,0,5687,0,5687,0,0,0,0,0,0,0,3211698
2025-04-10,2025,4,10,port709,Mormugao,India,IND,0,1,0,0,0,1,1,0,77247,0,0,0,77247,77247,0,0,0,0,0,0,0,3211699
2025-04-11,2025,4,11,port709,Mormugao,India,IND,0,0,0,0,0,0,0,0,0,0,0,0,0,0,0,0,0,0,0,0,0,3211700
2025-04-12,2025,4,12,port709,Mormugao,India,IND,0,1,0,0,0,1,1,0,30377,0,0,0,30377,30377,0,0,0,0,0,0,0,3211701
2025-04-13,2025,4,13,port709,Mormugao,India,IND,0,0,0,0,0,0,0,0,0,0,0,0,0,0,0,0,0,0,0,0,0,3211702
2025-04-14,2025,4,14,port709,Mormugao,India,IND,0,2,0,0,1,2,3,0,47320,0,0,38496,47320,85817,0,34440,0,0,0,34440,34440,3211703
2025-04-15,2025,4,15,port709,Mormugao,India,IND,0,0,0,0,0,0,0,0,0,0,0,0,0,0,0,0,0,0,0,0,0,3211704
2025-04-16,2025,4,16,port709,Mormugao,India,IND,0,1,0,0,0,1,1,0,42164,0,0,0,42164,42164,0,0,0,0,0,0,0,3211705
2025-04-17,2025,4,17,port709,Mormugao,India,IND,0,0,0,0,0,0,0,0,0,0,0,0,0,0,0,0,0,0,0,0,0,3211706
2025-04-18,2025,4,18,port709,Mormugao,India,IND,0,0,0,0,0,0,0,0,0,0,0,0,0,0,0,0,0,0,0,0,0,3211707
2025-04-19,2025,4,19,port709,Mormugao,India,IND,0,2,0,0,0,2,2,0,88591,0,0,0,88591,88591,0,40549,0,0,0,40549,40549,3211708
2025-04-20,2025,4,20,port709,Mormugao,India,IND,0,0,0,0,0,0,0,0,0,0,0,0,0,0,0,0,0,0,0,0,0,3211709
2025-04-21,2025,4,21,port709,Mormugao,India,IND,0,0,0,0,0,0,0,0,0,0,0,0,0,0,0,0,0,0,0,0,0,3211710
2025-04-22,2025,4,22,port709,Mormugao,India,IND,0,1,1,0,1,2,3,0,54724,0,0,0,54724,54724,0,0,2218,0,0,2218,2218,3211711
2025-04-23,2025,4,23,port709,Mormugao,India,IND,0,1,0,0,1,1,2,0,41129,0,0,190675,41129,231804,0,8214,0,0,0,8214,8214,3211712
2025-04-24,2025,4,24,port709,Mormugao,India,IND,0,1,0,0,0,1,1,0,5758,0,0,0,5758,5758,0,0,0,0,0,0,0,3211713
2025-04-25,2025,4,25,port709,Mormugao,India,IND,0,1,1,0,2,2,4,0,0,0,0,458,0,458,0,0,0,0,0,0,0,3211714
2025-04-26,2025,4,26,port709,Mormugao,India,IND,0,2,0,0,0,2,2,0,74174,0,0,0,74174,74174,0,2704,0,0,0,2704,2704,3211715
2025-04-27,2025,4,27,port709,Mormugao,India,IND,0,1,0,0,2,1,3,0,0,0,0,28568,0,28568,0,40478,0,0,544,40478,41022,3211716
2025-04-28,2025,4,28,port709,Mormugao,India,IND,0,1,0,0,0,1,1,0,41129,0,0,0,41129,41129,0,8214,0,0,0,8214,8214,3211717
2025-04-29,2025,4,29,port709,Mormugao,India,IND,0,1,0,0,0,1,1,0,25335,0,0,0,25335,25335,0,0,0,0,0,0,0,3211718
2025-04-30,2025,4,30,port709,Mormugao,India,IND,0,1,0,0,0,1,1,0,53553,0,0,0,53553,53553,0,0,0,0,0,0,0,3211719
2025-05-01,2025,5,1,port709,Mormugao,India,IND,0,1,0,0,0,1,1,0,62556,0,0,0,62556,62556,0,0,0,0,0,0,0,3211720
2025-05-02,2025,5,2,port709,Mormugao,India,IND,0,2,0,0,0,2,2,0,72165,0,0,0,72165,72165,0,38096,0,0,0,38096,38096,3211721
2025-05-03,2025,5,3,port709,Mormugao,India,IND,0,0,0,0,1,0,1,0,0,0,0,0,0,0,0,0,0,0,0,0,0,3211722
2025-05-04,2025,5,4,port709,Mormugao,India,IND,0,0,0,0,1,0,1,0,0,0,0,6800,0,6800,0,0,0,0,0,0,0,3211723
2025-05-05,2025,5,5,port709,Mormugao,India,IND,0,1,0,0,1,1,2,0,87747,0,0,42837,87747,130584,0,0,0,0,0,0,0,3211724
2025-05-06,2025,5,6,port709,Mormugao,India,IND,0,1,0,0,0,1,1,0,75724,0,0,0,75724,75724,0,0,0,0,0,0,0,3211725
2025-05-07,2025,5,7,port709,Mormugao,India,IND,0,0,0,0,1,0,1,0,0,0,0,0,0,0,0,0,0,0,0,0,0,3211726
2025-05-08,2025,5,8,port709,Mormugao,India,IND,0,1,0,0,0,1,1,0,74310,0,0,0,74310,74310,0,0,0,0,0,0,0,3211727
2025-05-09,2025,5,9,port709,Mormugao,India,IND,0,1,0,0,0,1,1,0,67271,0,0,0,67271,67271,0,0,0,0,0,0,0,3211728
2025-05-10,2025,5,10,port709,Mormugao,India,IND,0,1,0,0,0,1,1,0,0,0,0,0,0,0,0,55207,0,0,0,55207,55207,3211729
2025-05-11,2025,5,11,port709,Mormugao,India,IND,0,1,0,0,0,1,1,0,59294,0,0,0,59294,59294,0,0,0,0,0,0,0,3211730
2025-05-12,2025,5,12,port709,Mormugao,India,IND,0,0,0,0,0,0,0,0,0,0,0,0,0,0,0,0,0,0,0,0,0,3211731
2025-05-13,2025,5,13,port709,Mormugao,India,IND,0,0,0,0,1,0,1,0,0,0,0,0,0,0,0,0,0,0,0,0,0,3211732
2025-05-14,2025,5,14,port709,Mormugao,India,IND,0,0,0,0,0,0,0,0,0,0,0,0,0,0,0,0,0,0,0,0,0,3211733
2025-05-15,2025,5,15,port709,Mormugao,India,IND,0,1,0,0,0,1,1,0,44273,0,0,0,44273,44273,0,0,0,0,0,0,0,3211734
2025-05-16,2025,5,16,port709,Mormugao,India,IND,0,1,0,0,0,1,1,0,74198,0,0,0,74198,74198,0,0,0,0,0,0,0,3211735
2025-05-17,2025,5,17,port709,Mormugao,India,IND,0,1,0,0,0,1,1,0,63499,0,0,0,63499,63499,0,0,0,0,0,0,0,3211736
2025-05-18,2025,5,18,port709,Mormugao,India,IND,0,1,0,0,0,1,1,0,72095,0,0,0,72095,72095,0,0,0,0,0,0,0,3211737
2025-05-19,2025,5,19,port709,Mormugao,India,IND,0,1,1,0,0,2,2,0,0,532,0,0,532,532,0,41462,0,0,0,41462,41462,3211738
2025-05-20,2025,5,20,port709,Mormugao,India,IND,0,2,0,0,0,2,2,0,41813,0,0,0,41813,41813,0,8214,0,0,0,8214,8214,3211739
2025-05-21,2025,5,21,port709,Mormugao,India,IND,0,0,0,0,0,0,0,0,0,0,0,0,0,0,0,0,0,0,0,0,0,3211740
2025-05-22,2025,5,22,port709,Mormugao,India,IND,0,0,0,0,0,0,0,0,0,0,0,0,0,0,0,0,0,0,0,0,0,3211741
2025-05-23,2025,5,23,port709,Mormugao,India,IND,0,2,0,0,1,2,3,0,73439,0,0,0,73439,73439,0,0,0,0,0,0,0,3211742
2025-05-24,2025,5,24,port709,Mormugao,India,IND,0,2,0,0,0,2,2,0,13642,0,0,0,13642,13642,0,51691,0,0,0,51691,51691,3211743
2025-05-25,2025,5,25,port709,Mormugao,India,IND,0,2,0,0,0,2,2,0,41331,0,0,0,41331,41331,0,7208,0,0,0,7208,7208,3211744
2025-05-26,2025,5,26,port709,Mormugao,India,IND,0,1,2,0,0,3,3,0,24833,2487,0,0,27321,27321,0,0,250,0,0,250,250,3211745
2025-05-27,2025,5,27,port709,Mormugao,India,IND,0,0,1,0,1,1,2,0,0,0,0,0,0,0,0,0,0,0,439,0,439,3211746
2025-05-28,2025,5,28,port709,Mormugao,India,IND,0,2,0,0,0,2,2,0,27721,0,0,0,27721,27721,0,34044,0,0,0,34044,34044,3211747
2025-05-29,2025,5,29,port709,Mormugao,India,IND,0,0,1,0,0,1,1,0,0,0,0,0,0,0,0,0,0,0,0,0,0,3211748
2025-05-30,2025,5,30,port709,Mormugao,India,IND,0,0,2,0,0,2,2,0,0,0,0,0,0,0,0,0,561,0,0,561,561,3211749
2025-05-31,2025,5,31,port709,Mormugao,India,IND,0,4,0,0,0,4,4,0,160133,0,0,0,160133,160133,0,0,0,0,0,0,0,3211750
2025-06-01,2025,6,1,port709,Mormugao,India,IND,0,0,0,0,1,0,1,0,0,0,0,40585,0,40585,0,0,0,0,0,0,0,3211751
2025-06-02,2025,6,2,port709,Mormugao,India,IND,0,1,1,0,1,2,3,0,37408,0,0,7437,37408,44846,0,0,7770,0,0,7770,7770,3211752
2025-06-03,2025,6,3,port709,Mormugao,India,IND,0,1,1,0,1,2,3,0,22086,2487,0,1654,24574,26229,0,0,250,0,0,250,250,3211753
2025-06-04,2025,6,4,port709,Mormugao,India,IND,0,1,0,0,1,1,2,0,73171,0,0,0,73171,73171,0,0,0,0,0,0,0,3211754
2025-06-05,2025,6,5,port709,Mormugao,India,IND,0,1,0,0,0,1,1,0,60859,0,0,0,60859,60859,0,0,0,0,0,0,0,3211755
2025-06-06,2025,6,6,port709,Mormugao,India,IND,0,0,1,0,0,1,1,0,0,0,0,0,0,0,0,0,0,0,0,0,0,3211756
2025-06-07,2025,6,7,port709,Mormugao,India,IND,0,2,0,0,0,2,2,0,82586,0,0,0,82586,82586,0,8549,0,0,0,8549,8549,3211757
2025-06-08,2025,6,8,port709,Mormugao,India,IND,0,1,0,0,0,1,1,0,71812,0,0,0,71812,71812,0,0,0,0,0,0,0,3211758
2025-06-09,2025,6,9,port709,Mormugao,India,IND,0,0,0,0,1,0,1,0,0,0,0,0,0,0,0,0,0,0,0,0,0,3211759
2025-06-10,2025,6,10,port709,Mormugao,India,IND,0,3,0,0,0,3,3,0,210190,0,0,0,210190,210190,0,0,0,0,0,0,0,3211760
2025-06-11,2025,6,11,port709,Mormugao,India,IND,0,0,1,0,1,1,2,0,0,0,0,0,0,0,0,0,0,0,0,0,0,3211761
2025-06-12,2025,6,12,port709,Mormugao,India,IND,0,0,0,0,0,0,0,0,0,0,0,0,0,0,0,0,0,0,0,0,0,3211762
2025-06-13,2025,6,13,port709,Mormugao,India,IND,0,1,0,0,0,1,1,0,26327,0,0,0,26327,26327,0,0,0,0,0,0,0,3211763
2025-06-14,2025,6,14,port709,Mormugao,India,IND,0,0,1,0,0,1,1,0,0,0,0,0,0,0,0,0,0,0,0,0,0,3211764
2025-06-15,2025,6,15,port709,Mormugao,India,IND,0,1,0,0,0,1,1,0,84979,0,0,0,84979,84979,0,0,0,0,0,0,0,3211765
2025-06-16,2025,6,16,port709,Mormugao,India,IND,0,1,0,0,1,1,2,0,0,0,0,4771,0,4771,0,33884,0,0,0,33884,33884,3211766
2025-06-17,2025,6,17,port709,Mormugao,India,IND,0,1,0,0,1,1,2,0,67271,0,0,8817,67271,76088,0,0,0,0,0,0,0,3211767
2025-06-18,2025,6,18,port709,Mormugao,India,IND,0,1,0,0,0,1,1,0,51266,0,0,0,51266,51266,0,0,0,0,0,0,0,3211768
2025-06-19,2025,6,19,port709,Mormugao,India,IND,0,1,0,0,0,1,1,0,68089,0,0,0,68089,68089,0,0,0,0,0,0,0,3211769
2025-06-20,2025,6,20,port709,Mormugao,India,IND,0,1,0,0,0,1,1,0,0,0,0,0,0,0,0,28385,0,0,0,28385,28385,3211770
2025-06-21,2025,6,21,port709,Mormugao,India,IND,0,1,0,0,0,1,1,0,0,0,0,0,0,0,0,55636,0,0,0,55636,55636,3211771
2025-06-22,2025,6,22,port709,Mormugao,India,IND,0,0,0,0,0,0,0,0,0,0,0,0,0,0,0,0,0,0,0,0,0,3211772
2025-06-23,2025,6,23,port709,Mormugao,India,IND,0,0,0,0,0,0,0,0,0,0,0,0,0,0,0,0,0,0,0,0,0,3211773
2025-06-24,2025,6,24,port709,Mormugao,India,IND,0,2,0,0,1,2,3,0,133006,0,0,28756,133006,161763,0,0,0,0,0,0,0,3211774
2025-06-25,2025,6,25,port709,Mormugao,India,IND,0,1,1,0,0,2,2,0,0,2487,0,0,2487,2487,0,12765,250,0,0,13016,13016,3211775
2025-06-26,2025,6,26,port709,Mormugao,India,IND,0,0,1,0,1,1,2,0,0,0,0,0,0,0,0,0,0,0,0,0,0,3211776
2025-06-27,2025,6,27,port709,Mormugao,India,IND,0,1,0,0,0,1,1,0,41900,0,0,0,41900,41900,0,0,0,0,0,0,0,3211777
2025-06-28,2025,6,28,port709,Mormugao,India,IND,0,1,0,0,0,1,1,0,45434,0,0,0,45434,45434,0,0,0,0,0,0,0,3211778
2025-06-29,2025,6,29,port709,Mormugao,India,IND,0,2,0,0,0,2,2,0,0,0,0,0,0,0,0,11262,0,0,0,11262,11262,3211779
2025-06-30,2025,6,30,port709,Mormugao,India,IND,0,0,0,0,0,0,0,0,0,0,0,0,0,0,0,0,0,0,0,0,0,3211780
2025-07-01,2025,7,1,port709,Mormugao,India,IND,0,0,1,0,0,1,1,0,0,2487,0,0,2487,2487,0,0,250,0,0,250,250,3211781
2025-07-02,2025,7,2,port709,Mormugao,India,IND,0,0,1,0,0,1,1,0,0,0,0,0,0,0,0,0,2124,0,0,2124,2124,3211782
2025-07-03,2025,7,3,port709,Mormugao,India,IND,0,2,0,0,0,2,2,0,110889,0,0,0,110889,110889,0,0,0,0,0,0,0,3211783
2025-07-04,2025,7,4,port709,Mormugao,India,IND,0,0,0,0,0,0,0,0,0,0,0,0,0,0,0,0,0,0,0,0,0,3211784
2025-07-05,2025,7,5,port709,Mormugao,India,IND,0,1,0,0,1,1,2,0,7021,0,0,23677,7021,30699,0,0,0,0,0,0,0,3211785
2025-07-06,2025,7,6,port709,Mormugao,India,IND,0,1,0,0,1,1,2,0,72188,0,0,0,72188,72188,0,0,0,0,0,0,0,3211786
2025-07-07,2025,7,7,port709,Mormugao,India,IND,0,0,0,0,1,0,1,0,0,0,0,0,0,0,0,0,0,0,0,0,0,3211787
2025-07-08,2025,7,8,port709,Mormugao,India,IND,0,1,0,0,0,1,1,0,88354,0,0,0,88354,88354,0,0,0,0,0,0,0,3211788
2025-07-09,2025,7,9,port709,Mormugao,India,IND,0,1,0,0,1,1,2,0,46292,0,0,8284,46292,54576,0,0,0,0,0,0,0,3211789
2025-07-10,2025,7,10,port709,Mormugao,India,IND,0,0,0,0,0,0,0,0,0,0,0,0,0,0,0,0,0,0,0,0,0,3211790
2025-07-11,2025,7,11,port709,Mormugao,India,IND,0,1,0,0,0,1,1,0,30630,0,0,0,30630,30630,0,0,0,0,0,0,0,3211791
2025-07-12,2025,7,12,port709,Mormugao,India,IND,0,1,0,0,0,1,1,0,41129,0,0,0,41129,41129,0,8214,0,0,0,8214,8214,3211792
2025-07-13,2025,7,13,port709,Mormugao,India,IND,0,1,0,0,0,1,1,0,72083,0,0,0,72083,72083,0,0,0,0,0,0,0,3211793
2025-07-14,2025,7,14,port709,Mormugao,India,IND,0,0,0,0,0,0,0,0,0,0,0,0,0,0,0,0,0,0,0,0,0,3211794
2025-07-15,2025,7,15,port709,Mormugao,India,IND,0,0,0,0,1,0,1,0,0,0,0,0,0,0,0,0,0,0,945,0,945,3211795
2025-07-16,2025,7,16,port709,Mormugao,India,IND,0,1,0,0,0,1,1,0,25348,0,0,0,25348,25348,0,0,0,0,0,0,0,3211796
2025-07-17,2025,7,17,port709,Mormugao,India,IND,0,0,0,0,0,0,0,0,0,0,0,0,0,0,0,0,0,0,0,0,0,3211797
2025-07-18,2025,7,18,port709,Mormugao,India,IND,0,0,0,0,0,0,0,0,0,0,0,0,0,0,0,0,0,0,0,0,0,3211798
2025-07-19,2025,7,19,port709,Mormugao,India,IND,0,3,0,0,0,3,3,0,94596,0,0,0,94596,94596,0,0,0,0,0,0,0,3211799
2025-07-20,2025,7,20,port709,Mormugao,India,IND,0,0,0,0,0,0,0,0,0,0,0,0,0,0,0,0,0,0,0,0,0,3211800
2025-07-21,2025,7,21,port709,Mormugao,India,IND,0,2,0,0,1,2,3,0,73177,0,0,0,73177,73177,0,40399,0,0,0,40399,40399,3211801
2025-07-22,2025,7,22,port709,Mormugao,India,IND,0,1,0,0,0,1,1,0,22489,0,0,0,22489,22489,0,0,0,0,0,0,0,3211802
2025-07-23,2025,7,23,port709,Mormugao,India,IND,0,1,0,0,1,1,2,0,36700,0,0,3029,36700,39730,0,0,0,0,2529,0,2529,3211803
2025-07-24,2025,7,24,port709,Mormugao,India,IND,0,0,0,0,0,0,0,0,0,0,0,0,0,0,0,0,0,0,0,0,0,3211804
2025-07-25,2025,7,25,port709,Mormugao,India,IND,0,1,0,0,1,1,2,0,78600,0,0,18890,78600,97491,0,0,0,0,0,0,0,3211805
2025-07-26,2025,7,26,port709,Mormugao,India,IND,0,0,0,0,1,0,1,0,0,0,0,6769,0,6769,0,0,0,0,0,0,0,3211806
2025-07-27,2025,7,27,port709,Mormugao,India,IND,0,1,0,0,0,1,1,0,73638,0,0,0,73638,73638,0,0,0,0,0,0,0,3211807
2025-07-28,2025,7,28,port709,Mormugao,India,IND,0,0,0,0,0,0,0,0,0,0,0,0,0,0,0,0,0,0,0,0,0,3211808
