date,year,month,day,portid,portname,country,ISO3,portcalls_container,portcalls_dry_bulk,portcalls_general_cargo,portcalls_roro,portcalls_tanker,portcalls_cargo,portcalls,import_container,import_dry_bulk,import_general_cargo,import_roro,import_tanker,import_cargo,import,export_container,export_dry_bulk,export_general_cargo,export_roro,export_tanker,export_cargo,export,ObjectId
2022-01-08,2022,1,8,port425,Guangzhou (Nansha),China,CHN,12,2,2,0,2,16,18,30733,45756,3854,0,8478,80345,88824,35106,0,780,0,564,35886,36451,442014
2019-10-31,2019,10,31,port425,Guangzhou (Nansha),China,CHN,16,3,6,1,6,26,32,21707,105807,10189,958,14451,138662,153114,44662,2905,10386,0,8334,57955,66290,442053
2020-12-04,2020,12,4,port425,Guangzhou (Nansha),China,CHN,18,3,4,3,7,28,35,68801,99522,24959,2674,41133,195959,237092,61005,0,1263,407,4518,62676,67194,442404
2020-12-05,2020,12,5,port425,Guangzhou (Nansha),China,CHN,11,3,5,0,6,19,25,46930,67133,19778,0,45608,133842,179451,31617,5811,1175,0,2929,38604,41533,442405
2022-01-09,2022,1,9,port425,Guangzhou (Nansha),China,CHN,13,3,2,2,3,20,23,69972,72451,20586,619,3173,163630,166803,32054,10477,0,681,2227,43213,45440,442407
2019-11-01,2019,11,1,port425,Guangzhou (Nansha),China,CHN,14,4,4,2,8,24,32,48436,144275,17987,2078,58713,212777,271490,53398,5811,0,407,1182,59617,60799,442408
2020-12-06,2020,12,6,port425,Guangzhou (Nansha),China,CHN,13,2,1,1,2,17,19,73143,70840,272,0,3777,144256,148033,39602,0,0,0,4167,39602,43769,442409
2022-01-10,2022,1,10,port425,Guangzhou (Nansha),China,CHN,17,2,1,2,6,22,28,62658,106198,16415,619,8558,185893,194451,36621,0,0,1316,3694,37937,41631,442411
2019-11-02,2019,11,2,port425,Guangzhou (Nansha),China,CHN,12,0,2,3,7,17,24,25544,0,4746,0,22069,30291,52361,74036,0,0,1163,6724,75200,81924,442412
2020-12-07,2020,12,7,port425,Guangzhou (Nansha),China,CHN,16,6,2,3,9,27,36,153715,117744,3497,2358,60215,277315,337530,13486,8717,780,407,1237,23391,24629,442413
2022-01-11,2022,1,11,port425,Guangzhou (Nansha),China,CHN,17,0,2,2,4,21,25,98423,0,9360,619,5928,108403,114332,45111,0,0,2772,4627,47884,52512,442415
2019-11-03,2019,11,3,port425,Guangzhou (Nansha),China,CHN,14,0,0,3,5,17,22,72119,0,0,2667,10626,74786,85413,61793,0,0,407,1182,62200,63382,442416
2020-12-08,2020,12,8,port425,Guangzhou (Nansha),China,CHN,13,1,2,1,3,17,20,71144,0,9058,619,11777,80822,92600,49691,72755,780,407,1746,123634,125381,442417
2022-01-12,2022,1,12,port425,Guangzhou (Nansha),China,CHN,15,1,1,1,4,18,22,17692,10120,0,230,10522,28043,38566,74977,0,0,0,337,74977,75314,442419
2019-11-04,2019,11,4,port425,Guangzhou (Nansha),China,CHN,14,2,3,2,6,21,27,59564,60032,6416,2453,12576,128466,141042,46996,2905,1859,407,3250,52168,55419,442420
2020-12-09,2020,12,9,port425,Guangzhou (Nansha),China,CHN,10,2,6,3,8,21,29,42648,101403,13559,2782,46797,160394,207191,22513,0,4932,0,3670,27446,31116,442421
2022-01-13,2022,1,13,port425,Guangzhou (Nansha),China,CHN,15,1,3,2,7,21,28,39882,67353,17438,619,20217,125294,145511,51782,0,2387,1316,3284,55485,58769,442423
2019-11-05,2019,11,5,port425,Guangzhou (Nansha),China,CHN,12,1,6,1,4,20,24,75625,2083,9676,218,6882,87602,94485,23717,0,3525,0,870,27242,28113,442424
2020-12-10,2020,12,10,port425,Guangzhou (Nansha),China,CHN,17,0,4,3,9,24,33,89787,0,6889,5168,23827,101845,125673,43981,0,1174,407,2721,45563,48284,442425
2022-01-14,2022,1,14,port425,Guangzhou (Nansha),China,CHN,13,3,2,2,5,20,25,37852,80210,13422,3223,4040,134708,138749,25623,2905,780,0,5960,29309,35269,442427
2019-11-06,2019,11,6,port425,Guangzhou (Nansha),China,CHN,12,2,1,3,7,18,25,118474,67133,4729,0,52833,190337,243171,12178,5811,0,785,836,18776,19612,442428
2019-11-07,2019,11,7,port425,Guangzhou (Nansha),China,CHN,14,0,3,1,8,18,26,79635,0,16794,619,25588,97049,122638,24937,0,0,407,3061,25344,28405,442429
2019-11-08,2019,11,8,port425,Guangzhou (Nansha),China,CHN,11,1,2,1,9,15,24,28383,26691,5942,726,14730,61744,76475,36867,0,0,0,5445,36867,42313,442430
2019-11-09,2019,11,9,port425,Guangzhou (Nansha),China,CHN,17,4,1,2,6,24,30,75837,154296,1903,619,18733,232657,251390,50195,2905,0,407,2141,53508,55649,442431
2019-11-10,2019,11,10,port425,Guangzhou (Nansha),China,CHN,12,0,2,1,4,15,19,129066,0,219,2047,6782,131333,138116,45399,0,1218,0,5126,46618,51745,442432
2019-11-11,2019,11,11,port425,Guangzhou (Nansha),China,CHN,16,2,3,3,10,24,34,123313,55131,14164,3157,14111,195767,209879,56328,0,0,0,6801,56328,63130,442433
2019-11-12,2019,11,12,port425,Guangzhou (Nansha),China,CHN,14,3,5,3,10,25,35,92661,69218,13296,2318,51477,177494,228972,32697,5811,2340,512,1400,41362,42763,442434
2019-11-13,2019,11,13,port425,Guangzhou (Nansha),China,CHN,16,2,1,3,6,22,28,116542,61464,4715,1239,58908,183962,242870,34705,0,0,1781,1182,36486,37669,442435
2019-11-14,2019,11,14,port425,Guangzhou (Nansha),China,CHN,13,3,4,1,11,21,32,90099,83397,10222,1684,19832,185404,205236,14824,0,0,0,4526,14824,19351,442436
2019-11-15,2019,11,15,port425,Guangzhou (Nansha),China,CHN,12,2,0,1,8,15,23,59928,67133,0,619,20724,127682,148406,17872,5811,0,407,1446,24091,25538,442437
2019-11-16,2019,11,16,port425,Guangzhou (Nansha),China,CHN,19,1,2,4,10,26,36,80029,0,4733,4385,21526,89148,110674,54681,0,780,814,8706,56276,64982,442438
2019-11-17,2019,11,17,port425,Guangzhou (Nansha),China,CHN,10,3,0,1,4,14,18,57483,90848,0,0,4976,148332,153308,62792,0,0,0,3573,62792,66365,442439
2019-11-18,2019,11,18,port425,Guangzhou (Nansha),China,CHN,11,4,3,2,3,20,23,56602,90079,11136,619,10223,158438,168662,22024,0,780,407,1746,23212,24958,442440
2019-11-19,2019,11,19,port425,Guangzhou (Nansha),China,CHN,20,5,5,1,6,31,37,80477,184601,27051,0,9251,292130,301382,47633,8717,1560,966,4420,58878,63298,442441
2019-11-20,2019,11,20,port425,Guangzhou (Nansha),China,CHN,11,1,1,2,7,15,22,59571,33566,253,1971,29905,95363,125269,32193,2905,0,0,1978,35099,37077,442442
2019-11-21,2019,11,21,port425,Guangzhou (Nansha),China,CHN,15,3,4,5,10,27,37,79229,125472,11113,2329,32761,218144,250906,19469,0,1176,814,2506,21459,23966,442443
2019-11-22,2019,11,22,port425,Guangzhou (Nansha),China,CHN,10,4,3,0,8,17,25,68620,94687,5644,0,60369,168951,229320,12204,5811,1569,0,3318,19585,22903,442444
2019-11-23,2019,11,23,port425,Guangzhou (Nansha),China,CHN,23,1,1,2,8,27,35,84078,2733,6814,0,50361,93625,143987,81476,0,0,5610,1615,87086,88702,442445
2019-11-24,2019,11,24,port425,Guangzhou (Nansha),China,CHN,11,2,1,3,8,17,25,77428,42809,0,2778,16671,123017,139688,29233,0,5291,0,4149,34524,38673,442446
2019-11-25,2019,11,25,port425,Guangzhou (Nansha),China,CHN,11,5,3,1,6,20,26,52193,147863,5661,619,7100,206338,213439,30795,7179,3368,407,5070,41750,46821,442447
2019-11-26,2019,11,26,port425,Guangzhou (Nansha),China,CHN,13,6,3,1,8,23,31,62909,135164,4566,1545,32393,204185,236578,49935,29437,8358,0,2325,87732,90058,442448
2019-11-27,2019,11,27,port425,Guangzhou (Nansha),China,CHN,13,3,6,2,6,24,30,101682,141027,14154,1636,59967,258500,318468,33301,2905,3242,407,2167,39856,42023,442449
2019-11-28,2019,11,28,port425,Guangzhou (Nansha),China,CHN,21,3,5,3,8,32,40,149006,105038,15209,2047,34539,271302,305842,22251,5811,9791,3581,6448,41436,47885,442450
2019-11-29,2019,11,29,port425,Guangzhou (Nansha),China,CHN,14,2,2,2,4,20,24,119550,52562,4438,619,13898,177171,191069,69983,0,0,1374,10869,71357,82227,442451
2019-11-30,2019,11,30,port425,Guangzhou (Nansha),China,CHN,19,4,2,1,5,26,31,122808,127990,9682,0,12560,260481,273041,33030,9046,1606,595,1746,44280,46026,442452
2019-12-01,2019,12,1,port425,Guangzhou (Nansha),China,CHN,11,2,1,2,2,16,18,84755,33566,0,1684,4284,120006,124290,46767,57170,6360,0,836,110298,111134,442453
2019-12-02,2019,12,2,port425,Guangzhou (Nansha),China,CHN,13,2,4,1,12,20,32,81628,43967,12511,218,66435,138326,204761,46722,2905,1560,0,62355,51189,113544,442454
2019-12-03,2019,12,3,port425,Guangzhou (Nansha),China,CHN,19,3,2,0,7,24,31,98659,75144,841,0,53120,174645,227765,77540,0,8760,0,1328,86301,87629,442455
2019-12-04,2019,12,4,port425,Guangzhou (Nansha),China,CHN,14,2,3,3,7,22,29,52676,65547,5986,2081,21399,126290,147689,86839,0,0,966,14055,87806,101861,442456
2019-12-05,2019,12,5,port425,Guangzhou (Nansha),China,CHN,14,6,3,1,11,24,35,80845,168911,13066,0,23884,262823,286708,20446,5811,1560,0,8298,27818,36117,442457
2019-12-06,2019,12,6,port425,Guangzhou (Nansha),China,CHN,14,1,1,1,5,17,22,65892,33566,2370,619,9522,102449,111972,46276,2905,0,407,870,49590,50460,442458
2019-12-07,2019,12,7,port425,Guangzhou (Nansha),China,CHN,10,2,4,3,5,19,24,50077,33893,7804,619,18210,92395,110606,52161,2905,2540,2241,1746,59848,61595,442459
2019-12-08,2019,12,8,port425,Guangzhou (Nansha),China,CHN,14,2,1,1,5,18,23,86832,88413,2925,2120,21738,180292,202031,21135,2905,780,0,1888,24821,26710,442460
2019-12-09,2019,12,9,port425,Guangzhou (Nansha),China,CHN,13,1,2,2,11,18,29,77666,51498,2925,1531,24599,133622,158221,29071,0,1597,0,14681,30668,45350,442461
2019-12-10,2019,12,10,port425,Guangzhou (Nansha),China,CHN,11,4,4,1,7,20,27,26810,149397,11702,619,11973,188530,200503,44435,5811,3121,407,6597,53775,60373,442462
2019-12-11,2019,12,11,port425,Guangzhou (Nansha),China,CHN,21,3,3,0,7,27,34,72902,73798,8070,0,54220,154770,208991,70521,2905,3167,0,1314,76595,77909,442463
2019-12-12,2019,12,12,port425,Guangzhou (Nansha),China,CHN,12,3,1,2,8,18,26,96464,100700,2925,1239,126148,201330,327479,33462,8717,780,814,2497,43774,46271,442464
2019-12-13,2019,12,13,port425,Guangzhou (Nansha),China,CHN,15,4,5,3,8,27,35,45909,172238,8579,1859,23970,228586,252557,43347,5811,1560,1221,5339,51941,57280,442465
2019-12-14,2019,12,14,port425,Guangzhou (Nansha),China,CHN,11,4,5,4,6,24,30,31138,37194,12864,1824,44761,83022,127783,25023,5425,1560,2471,2721,34481,37203,442466
2019-12-15,2019,12,15,port425,Guangzhou (Nansha),China,CHN,10,1,1,2,1,14,15,45278,70219,2218,4609,5788,122326,128114,40753,0,1606,407,564,42767,43332,442467
2019-12-16,2019,12,16,port425,Guangzhou (Nansha),China,CHN,13,5,2,0,8,20,28,67546,140045,7393,0,18465,214985,233451,34346,19540,780,0,4871,54666,59538,442468
2019-12-17,2019,12,17,port425,Guangzhou (Nansha),China,CHN,14,2,4,3,4,23,27,106429,17097,15584,1239,18268,140350,158619,30056,16983,1560,1251,974,49852,50827,442469
2019-12-18,2019,12,18,port425,Guangzhou (Nansha),China,CHN,18,3,3,1,9,25,34,93821,96175,8777,0,35691,198774,234465,43831,5811,2340,0,4227,51984,56211,442470
2019-12-19,2019,12,19,port425,Guangzhou (Nansha),China,CHN,15,2,5,1,10,23,33,89928,53920,17070,362,24287,161281,185568,57590,2905,3121,0,13640,63617,77258,442471
2019-12-20,2019,12,20,port425,Guangzhou (Nansha),China,CHN,10,2,3,1,6,16,22,36687,51821,432,619,30904,89560,120464,24724,2905,2317,407,4176,30355,34531,442472
2019-12-21,2019,12,21,port425,Guangzhou (Nansha),China,CHN,22,2,4,1,10,29,39,69250,97112,11702,619,46414,178685,225100,77499,0,3121,407,6011,81028,87039,442473
2019-12-22,2019,12,22,port425,Guangzhou (Nansha),China,CHN,15,1,2,3,6,21,27,91256,54574,5851,2938,25418,154620,180039,58680,0,1560,1374,2010,61615,63625,442474
2019-12-23,2019,12,23,port425,Guangzhou (Nansha),China,CHN,12,5,3,0,5,20,25,69601,109718,13483,0,19926,192803,212729,55376,10685,1560,0,3208,67622,70831,442475
2019-12-24,2019,12,24,port425,Guangzhou (Nansha),China,CHN,11,4,4,1,8,20,28,20437,142639,5896,619,166743,169592,336336,48390,6592,2381,407,2359,57772,60132,442476
2019-12-25,2019,12,25,port425,Guangzhou (Nansha),China,CHN,11,6,6,3,3,26,29,63821,172727,6712,3786,3802,247046,250848,20076,5811,6518,892,2277,33299,35577,442477
2019-12-26,2019,12,26,port425,Guangzhou (Nansha),China,CHN,11,6,4,1,6,22,28,33078,267431,6471,0,14847,306981,321828,33608,2905,1175,1733,11140,39422,50562,442478
2019-12-27,2019,12,27,port425,Guangzhou (Nansha),China,CHN,15,3,2,3,6,23,29,25494,144892,3156,4556,72543,178099,250643,77684,2905,0,407,1669,80997,82667,442479
2019-12-28,2019,12,28,port425,Guangzhou (Nansha),China,CHN,13,1,6,3,6,23,29,31136,0,26454,1859,23623,59450,83073,91538,0,10571,1221,2365,103331,105696,442480
2019-12-29,2019,12,29,port425,Guangzhou (Nansha),China,CHN,11,1,4,1,3,17,20,111329,0,10495,619,3020,122444,125465,19046,42901,3167,407,1358,65522,66881,442481
2019-12-30,2019,12,30,port425,Guangzhou (Nansha),China,CHN,16,3,5,1,10,25,35,65118,69303,17807,619,41102,152848,193951,53379,2905,2340,407,4590,59033,63623,442482
2019-12-31,2019,12,31,port425,Guangzhou (Nansha),China,CHN,12,7,4,2,9,25,34,58337,189556,7587,1239,32863,256721,289584,29420,20364,780,814,4600,51380,55981,442483
2020-01-01,2020,1,1,port425,Guangzhou (Nansha),China,CHN,17,2,2,1,5,22,27,35258,36328,2218,0,8826,73805,82631,70633,2905,2411,966,4387,76918,81305,442484
2020-01-02,2020,1,2,port425,Guangzhou (Nansha),China,CHN,17,6,3,0,5,26,31,147194,189399,10850,0,14160,347443,361604,22919,13998,0,0,1227,36918,38145,442485
2020-01-03,2020,1,3,port425,Guangzhou (Nansha),China,CHN,18,1,3,3,10,25,35,87506,33566,14718,1749,27098,137540,164639,33861,2905,780,0,14342,37547,51890,442486
2020-01-04,2020,1,4,port425,Guangzhou (Nansha),China,CHN,14,4,4,0,4,22,26,67271,77373,6051,0,20170,150696,170867,58787,0,1158,0,2875,59945,62821,442487
2020-01-05,2020,1,5,port425,Guangzhou (Nansha),China,CHN,12,4,3,1,2,20,22,118146,158486,9456,619,733,286709,287443,16060,1585,0,407,0,18053,18053,442488
2020-01-06,2020,1,6,port425,Guangzhou (Nansha),China,CHN,12,1,2,1,4,16,20,71601,26162,8011,0,28541,105775,134316,26808,0,9523,966,487,37299,37787,442489
2020-01-07,2020,1,7,port425,Guangzhou (Nansha),China,CHN,18,4,4,0,9,26,35,74405,69831,19059,0,50771,163296,214068,81268,2905,780,0,5903,84954,90858,442490
2020-01-08,2020,1,8,port425,Guangzhou (Nansha),China,CHN,12,3,5,1,9,21,30,51285,169969,18871,619,20382,240746,261128,50608,0,944,407,16986,51960,68947,442491
2020-01-09,2020,1,9,port425,Guangzhou (Nansha),China,CHN,16,3,6,1,3,26,29,145308,93909,26419,0,15168,265636,280804,42547,5811,1560,0,795,49920,50716,442492
2020-01-10,2020,1,10,port425,Guangzhou (Nansha),China,CHN,13,3,2,3,9,21,30,57355,78403,5278,619,25629,141657,167287,66726,2905,780,1374,43185,71786,114972,442493
2020-01-11,2020,1,11,port425,Guangzhou (Nansha),China,CHN,12,1,2,3,11,18,29,33866,50921,2925,3170,37673,90884,128557,50150,0,1337,681,2984,52168,55153,442494
2020-01-12,2020,1,12,port425,Guangzhou (Nansha),China,CHN,11,3,2,3,3,19,22,5075,103755,25615,1239,7237,135686,142923,46286,2905,0,814,2901,50006,52907,442495
2020-01-13,2020,1,13,port425,Guangzhou (Nansha),China,CHN,18,3,1,1,9,23,32,117317,134092,0,619,22099,252029,274129,65752,5811,2790,407,4901,74761,79663,442496
2020-01-14,2020,1,14,port425,Guangzhou (Nansha),China,CHN,12,3,2,1,5,18,23,24733,56318,7478,958,21329,89488,110818,68258,1585,0,0,2798,69843,72642,442497
2020-01-15,2020,1,15,port425,Guangzhou (Nansha),China,CHN,8,2,0,4,5,14,19,87271,133280,0,619,11447,221171,232619,6995,0,0,1810,3177,8805,11983,442498
2020-01-16,2020,1,16,port425,Guangzhou (Nansha),China,CHN,13,3,2,4,4,22,26,93788,114893,7574,4383,12077,220640,232718,25561,2905,0,814,10957,29282,40239,442499
2020-01-17,2020,1,17,port425,Guangzhou (Nansha),China,CHN,14,2,3,0,7,19,26,104106,22625,10836,0,49033,137568,186602,53759,21795,789,0,581,76343,76925,442500
2020-01-18,2020,1,18,port425,Guangzhou (Nansha),China,CHN,13,1,3,3,6,20,26,73132,4449,11590,2402,11809,91574,103384,83028,0,780,814,2052,84622,86675,442501
2020-01-19,2020,1,19,port425,Guangzhou (Nansha),China,CHN,12,1,2,0,2,15,17,51998,0,7280,0,1574,59279,60853,30556,0,862,0,383,31419,31802,442502
2020-01-20,2020,1,20,port425,Guangzhou (Nansha),China,CHN,9,1,5,1,6,16,22,41995,72513,15006,0,6550,129515,136066,29973,0,1288,0,102057,31262,133319,442503
2020-01-21,2020,1,21,port425,Guangzhou (Nansha),China,CHN,12,0,4,0,8,16,24,29626,0,6354,0,57402,35980,93383,68830,0,2769,0,146390,71600,217990,442504
2020-01-22,2020,1,22,port425,Guangzhou (Nansha),China,CHN,13,2,1,2,11,18,29,85106,19331,6949,4668,27129,116057,143186,45190,72561,0,407,17768,118159,135927,442505
2020-01-23,2020,1,23,port425,Guangzhou (Nansha),China,CHN,11,4,2,2,2,19,21,82775,256333,3392,1346,3624,343848,347473,18834,0,0,407,1182,19241,20424,442506
2020-01-24,2020,1,24,port425,Guangzhou (Nansha),China,CHN,7,0,1,0,5,8,13,42724,0,6775,0,8868,49499,58368,22183,0,0,0,4110,22183,26294,442507
2020-01-25,2020,1,25,port425,Guangzhou (Nansha),China,CHN,14,0,1,3,5,18,23,15681,0,164,1239,43680,17085,60765,86347,0,0,814,0,87162,87162,442508
2020-01-26,2020,1,26,port425,Guangzhou (Nansha),China,CHN,10,0,0,1,3,11,14,51075,0,0,2047,7888,53123,61012,67875,0,0,0,564,67875,68439,442509
2020-01-27,2020,1,27,port425,Guangzhou (Nansha),China,CHN,10,1,0,1,8,12,20,38195,73044,0,0,17070,111239,128309,57883,0,0,218,3395,58101,61497,442510
2020-01-28,2020,1,28,port425,Guangzhou (Nansha),China,CHN,12,1,2,0,8,15,23,57858,27978,15709,0,19719,101545,121265,51501,0,0,0,27195,51501,78697,442511
2020-01-29,2020,1,29,port425,Guangzhou (Nansha),China,CHN,8,3,0,2,4,13,17,41373,129499,0,2740,28746,173613,202360,16166,0,0,407,1182,16573,17756,442512
2020-01-30,2020,1,30,port425,Guangzhou (Nansha),China,CHN,8,0,2,0,4,10,14,66666,0,6663,0,5050,73329,78380,25123,0,759,0,1116,25883,26999,442513
2020-01-31,2020,1,31,port425,Guangzhou (Nansha),China,CHN,5,1,1,1,7,8,15,29618,0,15599,0,20758,45217,65976,33895,5254,0,0,10588,39150,49739,442514
2020-02-01,2020,2,1,port425,Guangzhou (Nansha),China,CHN,16,0,2,2,5,20,25,76568,0,9971,619,55234,87159,142394,25736,0,0,407,1446,26143,27589,442515
2020-02-02,2020,2,2,port425,Guangzhou (Nansha),China,CHN,7,0,0,1,2,8,10,50862,0,0,2047,8594,52910,61505,3352,0,0,0,1746,3352,5099,442516
2020-02-03,2020,2,3,port425,Guangzhou (Nansha),China,CHN,4,0,2,0,6,6,12,21234,0,8683,0,27817,29918,57736,897,0,780,0,1566,1678,3244,442517
2020-02-04,2020,2,4,port425,Guangzhou (Nansha),China,CHN,12,2,0,1,3,15,18,85809,106068,0,0,11022,191877,202900,59782,2905,0,0,1669,62688,64358,442518
2020-02-05,2020,2,5,port425,Guangzhou (Nansha),China,CHN,6,1,4,2,8,13,21,62504,0,6490,3488,35468,72482,107950,6705,0,0,0,2235,6705,8941,442519
2020-02-06,2020,2,6,port425,Guangzhou (Nansha),China,CHN,8,1,2,0,5,11,16,9074,0,7977,0,11331,17051,28383,23455,9443,0,0,3397,32899,36297,442520
2020-02-07,2020,2,7,port425,Guangzhou (Nansha),China,CHN,9,2,1,3,9,15,24,53553,77809,1258,619,28641,133241,161882,24838,0,0,407,14880,25245,40125,442521
2020-02-08,2020,2,8,port425,Guangzhou (Nansha),China,CHN,6,2,3,1,4,12,16,42724,109407,20470,2047,11573,174650,186223,5467,2905,1560,0,1314,9934,11248,442522
2020-02-09,2020,2,9,port425,Guangzhou (Nansha),China,CHN,6,0,2,1,5,9,14,22278,0,15218,619,14852,38116,52969,13434,0,780,407,1051,14622,15673,442523
2020-02-10,2020,2,10,port425,Guangzhou (Nansha),China,CHN,10,1,2,1,5,14,19,127076,25317,7539,619,58427,160554,218981,4306,0,0,407,2420,4713,7133,442524
2020-02-11,2020,2,11,port425,Guangzhou (Nansha),China,CHN,9,2,5,1,6,17,23,122161,40514,3493,619,8424,166789,175214,24222,0,12966,407,5183,37595,42779,442525
2020-02-12,2020,2,12,port425,Guangzhou (Nansha),China,CHN,6,0,1,1,6,8,14,45245,0,8962,1068,11136,55276,66412,7849,0,0,0,3807,7849,11657,442526
2020-02-13,2020,2,13,port425,Guangzhou (Nansha),China,CHN,6,3,2,1,6,12,18,62000,83390,7772,619,11466,153783,165249,0,1585,1176,407,10495,3169,13665,442527
2020-02-14,2020,2,14,port425,Guangzhou (Nansha),China,CHN,6,3,4,2,4,15,19,38140,67133,25143,2152,12126,132569,144696,61692,5811,0,407,5945,67911,73856,442528
2020-02-15,2020,2,15,port425,Guangzhou (Nansha),China,CHN,12,3,1,0,8,16,24,39597,92678,279,0,28700,132555,161256,46982,2905,0,0,8659,49888,58547,442529
2020-02-16,2020,2,16,port425,Guangzhou (Nansha),China,CHN,9,0,1,2,3,12,15,49425,0,2925,2309,6974,54660,61635,6238,0,780,407,1445,7425,8871,442530
2020-02-17,2020,2,17,port425,Guangzhou (Nansha),China,CHN,9,3,2,0,4,14,18,43483,55952,6864,0,15178,106300,121478,10081,2905,0,0,3416,12987,16404,442531
2020-02-18,2020,2,18,port425,Guangzhou (Nansha),China,CHN,10,2,1,2,5,15,20,104387,0,1994,1924,13702,108306,122009,3563,100151,0,0,262,103714,103977,442532
2020-02-19,2020,2,19,port425,Guangzhou (Nansha),China,CHN,7,3,2,1,5,13,18,50407,123375,5996,0,39482,179779,219262,28925,2905,780,0,1656,32611,34267,442533
2020-02-20,2020,2,20,port425,Guangzhou (Nansha),China,CHN,13,2,1,3,4,19,23,54261,66870,3689,3074,14428,127895,142324,37078,0,0,0,6247,37078,43325,442534
2020-02-21,2020,2,21,port425,Guangzhou (Nansha),China,CHN,11,2,2,3,4,18,22,27411,24489,10090,1320,20609,63312,83922,30308,0,0,0,1938,30308,32247,442535
2020-02-22,2020,2,22,port425,Guangzhou (Nansha),China,CHN,12,0,0,0,6,12,18,100229,0,0,0,21155,100229,121385,19327,0,0,0,2234,19327,21561,442536
2020-02-23,2020,2,23,port425,Guangzhou (Nansha),China,CHN,8,1,2,0,3,11,14,60667,33566,6701,0,3992,100935,104928,13677,2905,2182,0,0,18765,18765,442537
2020-02-24,2020,2,24,port425,Guangzhou (Nansha),China,CHN,11,4,2,1,1,18,19,47380,158867,7180,619,4952,214049,219001,30808,0,780,407,0,31996,31996,442538
2020-02-25,2020,2,25,port425,Guangzhou (Nansha),China,CHN,9,3,1,0,3,13,16,59377,21108,2925,0,5785,83411,89196,6705,67231,780,0,750,74717,75467,442539
2020-02-26,2020,2,26,port425,Guangzhou (Nansha),China,CHN,9,4,2,1,5,16,21,92795,117994,3590,619,11317,215000,226317,3558,2905,0,407,3797,6871,10669,442540
2020-02-27,2020,2,27,port425,Guangzhou (Nansha),China,CHN,9,6,2,1,8,18,26,76074,197752,9985,0,12725,283812,296537,29334,5811,0,0,2053,35146,37199,442541
2020-02-28,2020,2,28,port425,Guangzhou (Nansha),China,CHN,11,1,4,2,7,18,25,67362,0,14240,72,19940,81675,101616,41549,0,0,375,1801,41925,43727,442542
2020-02-29,2020,2,29,port425,Guangzhou (Nansha),China,CHN,14,1,2,1,7,18,25,68207,33566,16895,2120,12216,120790,133007,56403,2905,0,0,18885,59309,78195,442543
2020-03-01,2020,3,1,port425,Guangzhou (Nansha),China,CHN,11,2,1,1,3,15,18,59148,34680,0,0,18063,93829,111892,8746,2905,3601,0,1669,15254,16924,442544
2020-03-02,2020,3,2,port425,Guangzhou (Nansha),China,CHN,13,4,1,1,8,19,27,125259,152969,3179,0,18716,281407,300124,12101,2905,0,0,7351,15007,22359,442545
2020-03-03,2020,3,3,port425,Guangzhou (Nansha),China,CHN,5,6,5,3,1,19,20,28388,105483,24403,2653,46711,160929,207640,3352,9211,780,2762,0,16106,16106,442546
2020-03-04,2020,3,4,port425,Guangzhou (Nansha),China,CHN,5,1,1,1,8,8,16,12239,33566,2925,0,22357,48732,71089,7234,2905,780,0,8191,10920,19112,442547
2020-03-05,2020,3,5,port425,Guangzhou (Nansha),China,CHN,13,3,5,1,8,22,30,109355,45658,13548,619,56140,169182,225322,10487,7374,556,407,2848,18825,21673,442548
2020-03-06,2020,3,6,port425,Guangzhou (Nansha),China,CHN,9,2,1,1,5,13,18,36871,47995,725,0,9254,85593,94847,30977,0,0,1148,1669,32126,33796,442549
2020-03-07,2020,3,7,port425,Guangzhou (Nansha),China,CHN,15,1,4,2,4,22,26,89602,33566,7046,3005,11331,133220,144552,55862,2905,780,0,1462,59548,61010,442550
2020-03-08,2020,3,8,port425,Guangzhou (Nansha),China,CHN,6,1,2,0,3,9,12,47993,0,5435,0,6203,53429,59632,12387,0,0,0,570,12387,12958,442551
2020-03-09,2020,3,9,port425,Guangzhou (Nansha),China,CHN,12,4,4,3,5,23,28,60189,87650,10850,1677,17858,160367,178225,42047,2905,1172,814,4648,46939,51588,442552
2020-03-10,2020,3,10,port425,Guangzhou (Nansha),China,CHN,6,2,1,0,3,9,12,33177,57865,13952,0,25076,104995,130072,18126,0,0,0,0,18126,18126,442553
2020-03-11,2020,3,11,port425,Guangzhou (Nansha),China,CHN,12,3,2,0,7,17,24,131812,52813,8464,0,18573,193090,211663,19843,0,0,0,2929,19843,22773,442554
2020-03-12,2020,3,12,port425,Guangzhou (Nansha),China,CHN,12,1,1,2,4,16,20,15101,48867,1558,1141,8451,66669,75121,38686,0,0,0,1445,38686,40131,442555
2020-03-13,2020,3,13,port425,Guangzhou (Nansha),China,CHN,18,3,3,0,7,24,31,52014,52907,7584,0,21785,112506,134292,89042,2905,950,0,564,92899,93463,442556
2020-03-14,2020,3,14,port425,Guangzhou (Nansha),China,CHN,15,1,4,1,5,21,26,42893,17470,3782,1089,8591,65236,73827,78595,0,329,0,9990,78925,88916,442557
2020-03-15,2020,3,15,port425,Guangzhou (Nansha),China,CHN,9,1,0,1,5,11,16,78811,11691,0,619,12917,91122,104040,12665,0,0,407,6084,13072,19156,442558
2020-03-16,2020,3,16,port425,Guangzhou (Nansha),China,CHN,15,5,4,2,3,26,29,90760,208559,14874,3319,16822,317513,334336,49776,11623,0,820,9774,62220,71995,442559
2020-03-17,2020,3,17,port425,Guangzhou (Nansha),China,CHN,9,4,7,0,7,20,27,86018,160798,32910,0,15395,279727,295123,20340,5811,1560,0,4816,27712,32529,442560
2020-03-18,2020,3,18,port425,Guangzhou (Nansha),China,CHN,12,4,3,2,8,21,29,54476,67133,4527,1675,20887,127814,148701,26801,6526,4410,0,4130,37738,41869,442561
2020-03-19,2020,3,19,port425,Guangzhou (Nansha),China,CHN,10,3,6,3,2,22,24,40224,50332,10709,2560,5284,103827,109112,37107,0,7034,814,10505,44956,55462,442562
2020-03-20,2020,3,20,port425,Guangzhou (Nansha),China,CHN,9,4,3,2,5,18,23,24329,109241,9025,1239,5885,143836,149721,29912,0,8689,814,4810,39416,44227,442563
2020-03-21,2020,3,21,port425,Guangzhou (Nansha),China,CHN,12,1,6,0,7,19,26,51542,54277,47429,0,26090,153249,179340,77133,0,6392,0,1615,83525,85141,442564
2020-03-22,2020,3,22,port425,Guangzhou (Nansha),China,CHN,10,1,0,0,4,11,15,56273,9017,0,0,2806,65291,68097,17112,1585,0,0,102575,18698,121273,442565
2020-03-23,2020,3,23,port425,Guangzhou (Nansha),China,CHN,14,5,3,4,3,26,29,119904,115646,12472,3088,11073,251111,262184,35615,2905,1560,3298,10339,43379,53718,442566
2020-03-24,2020,3,24,port425,Guangzhou (Nansha),China,CHN,11,1,3,1,1,16,17,51026,9017,17086,0,0,77131,77131,27350,1585,3925,0,4431,32862,37293,442567
2020-03-25,2020,3,25,port425,Guangzhou (Nansha),China,CHN,17,0,2,1,7,20,27,158774,0,5851,2047,44280,166673,210954,24142,0,1560,0,2929,25702,28632,442568
2020-03-26,2020,3,26,port425,Guangzhou (Nansha),China,CHN,17,3,2,2,5,24,29,59461,41170,6447,72,12477,107152,119630,55419,2905,1942,0,10957,60268,71225,442569
2020-03-27,2020,3,27,port425,Guangzhou (Nansha),China,CHN,15,1,4,1,3,21,24,95313,25206,7831,619,8063,128971,137034,57868,0,5496,407,1182,63772,64955,442570
2020-03-28,2020,3,28,port425,Guangzhou (Nansha),China,CHN,18,1,2,1,5,22,27,58158,26012,2674,1540,18156,88386,106543,56482,0,0,0,2350,56482,58833,442571
2020-03-29,2020,3,29,port425,Guangzhou (Nansha),China,CHN,8,2,5,0,1,15,16,41184,71029,7430,0,2806,119645,122451,8792,1155,11238,0,1182,21187,22369,442572
2020-03-30,2020,3,30,port425,Guangzhou (Nansha),China,CHN,11,3,1,1,8,16,24,33285,124856,5599,0,83128,163741,246870,9481,2905,0,0,1949,12387,14336,442573
2020-03-31,2020,3,31,port425,Guangzhou (Nansha),China,CHN,14,5,0,2,6,21,27,95822,179587,0,4406,14791,279816,294608,37582,8717,0,407,8973,46707,55680,442574
2020-04-01,2020,4,1,port425,Guangzhou (Nansha),China,CHN,13,2,2,0,8,17,25,33888,104067,2925,0,44486,140881,185367,28603,2905,2267,0,1531,33776,35307,442575
2020-04-02,2020,4,2,port425,Guangzhou (Nansha),China,CHN,12,2,2,2,7,18,25,100788,57764,10078,3565,72334,172196,244530,23029,2905,780,0,2590,26715,29306,442576
2020-04-03,2020,4,3,port425,Guangzhou (Nansha),China,CHN,11,5,3,1,9,20,29,68283,138580,2925,619,55584,210409,265993,11641,54211,3579,407,4411,69839,74250,442577
2020-04-04,2020,4,4,port425,Guangzhou (Nansha),China,CHN,17,5,1,0,7,23,30,69518,176548,2925,0,19532,248992,268525,52274,8717,780,0,6622,61772,68395,442578
2020-04-05,2020,4,5,port425,Guangzhou (Nansha),China,CHN,8,0,1,0,1,9,10,47421,0,9965,0,1917,57387,59305,18247,0,0,0,0,18247,18247,442579
2020-04-06,2020,4,6,port425,Guangzhou (Nansha),China,CHN,15,3,2,3,6,23,29,121068,100503,0,1239,8522,222811,231334,17903,2905,3214,814,6683,24837,31521,442580
2020-04-07,2020,4,7,port425,Guangzhou (Nansha),China,CHN,12,3,6,1,5,22,27,44269,69074,15607,958,48544,129909,178453,33506,3171,9927,0,33076,46605,79681,442581
2020-04-08,2020,4,8,port425,Guangzhou (Nansha),China,CHN,9,5,5,0,7,19,26,98410,219982,15867,0,18930,334259,353190,23338,5811,0,0,1756,29150,30907,442582
2020-04-09,2020,4,9,port425,Guangzhou (Nansha),China,CHN,20,3,4,2,4,29,33,127674,33889,14600,1239,17679,177404,195083,16628,2905,780,814,1669,21128,22798,442583
2020-04-10,2020,4,10,port425,Guangzhou (Nansha),China,CHN,13,2,0,2,8,17,25,99532,67133,0,619,35512,167285,202798,19432,5811,0,407,16115,25651,41766,442584
2020-04-11,2020,4,11,port425,Guangzhou (Nansha),China,CHN,17,7,4,0,10,28,38,90987,216999,6511,0,54574,314498,369072,45313,2905,7435,0,5651,55654,61306,442585
2020-04-12,2020,4,12,port425,Guangzhou (Nansha),China,CHN,13,1,0,1,1,15,16,55485,0,0,0,9316,55485,64802,48724,0,0,605,0,49330,49330,442586
2020-04-13,2020,4,13,port425,Guangzhou (Nansha),China,CHN,12,6,3,1,6,22,28,68841,97061,6748,0,16076,172651,188728,12313,5365,0,0,2852,17679,20531,442587
2020-04-14,2020,4,14,port425,Guangzhou (Nansha),China,CHN,7,2,4,2,10,15,25,50135,9017,9379,619,29571,69152,98723,11866,35795,780,407,16106,48850,64956,442588
2020-04-15,2020,4,15,port425,Guangzhou (Nansha),China,CHN,13,3,1,2,7,19,26,84417,102797,2738,1419,16115,191371,207486,46312,5811,0,407,2951,52531,55483,442589
2020-04-16,2020,4,16,port425,Guangzhou (Nansha),China,CHN,12,5,7,2,10,26,36,66528,129756,23924,2674,76209,222884,299093,31807,60000,6528,0,3337,98336,101673,442590
2020-04-17,2020,4,17,port425,Guangzhou (Nansha),China,CHN,15,2,2,1,6,20,26,57112,33566,10098,619,20272,101397,121669,52611,69776,780,407,4958,123575,128533,442591
2020-04-18,2020,4,18,port425,Guangzhou (Nansha),China,CHN,15,1,3,3,11,22,33,65311,33566,14882,619,41230,114380,155610,72254,2905,0,1012,5832,76173,82005,442592
2020-04-19,2020,4,19,port425,Guangzhou (Nansha),China,CHN,15,1,0,1,0,17,17,86737,30297,0,619,0,117655,117655,40584,0,0,407,0,40991,40991,442593
2020-04-20,2020,4,20,port425,Guangzhou (Nansha),China,CHN,13,1,3,1,9,18,27,26664,70534,2683,0,28156,99882,128039,13551,0,788,434,6169,14775,20944,442594
2020-04-21,2020,4,21,port425,Guangzhou (Nansha),China,CHN,10,4,4,1,5,19,24,66432,190438,18451,594,46656,275916,322573,31089,2905,780,0,1051,34775,35827,442595
2020-04-22,2020,4,22,port425,Guangzhou (Nansha),China,CHN,12,0,1,2,7,15,22,51098,0,2925,1940,16483,55964,72448,14049,0,780,407,3690,15237,18928,442596
2020-04-23,2020,4,23,port425,Guangzhou (Nansha),China,CHN,16,6,2,3,9,27,36,128950,108278,0,1040,15574,238269,253844,31493,3171,6607,407,4330,41679,46010,442597
2020-04-24,2020,4,24,port425,Guangzhou (Nansha),China,CHN,11,4,5,1,5,21,26,32261,139335,24374,619,19481,196591,216073,51451,2905,780,407,750,55545,56295,442598
2020-04-25,2020,4,25,port425,Guangzhou (Nansha),China,CHN,14,1,2,1,10,18,28,63342,73221,20897,72,19740,157534,177275,35970,0,0,0,10189,35970,46160,442599
2020-04-26,2020,4,26,port425,Guangzhou (Nansha),China,CHN,10,0,0,1,6,11,17,75698,0,0,512,22928,76210,99139,15398,0,0,0,1539,15398,16937,442600
2020-04-27,2020,4,27,port425,Guangzhou (Nansha),China,CHN,9,3,2,1,9,15,24,22125,91594,0,0,70315,113720,184036,20441,2905,2536,0,8257,25883,34141,442601
2020-04-28,2020,4,28,port425,Guangzhou (Nansha),China,CHN,10,1,6,0,11,17,28,70164,33566,15307,0,85222,119038,204261,30581,2905,4899,0,1619,38386,40006,442602
2020-04-29,2020,4,29,port425,Guangzhou (Nansha),China,CHN,7,2,3,2,9,14,23,26446,28600,12030,1239,15047,68317,83364,10400,0,780,814,6081,11995,18076,442603
2020-04-30,2020,4,30,port425,Guangzhou (Nansha),China,CHN,17,4,5,2,8,28,36,112750,201626,12551,4254,64016,331183,395199,38561,2905,395,0,487,41862,42349,442604
2020-05-01,2020,5,1,port425,Guangzhou (Nansha),China,CHN,16,1,2,2,8,21,29,129046,25633,4963,1320,19224,160964,180189,23428,0,0,0,10337,23428,33765,442605
2020-05-02,2020,5,2,port425,Guangzhou (Nansha),China,CHN,11,1,3,1,6,16,22,25396,33566,5771,619,12576,65354,77930,16569,2905,3608,407,1182,23491,24673,442606
2020-05-03,2020,5,3,port425,Guangzhou (Nansha),China,CHN,7,0,3,1,2,11,13,16490,0,4562,619,0,21672,21672,9391,0,4016,407,3242,13815,17058,442607
2020-05-04,2020,5,4,port425,Guangzhou (Nansha),China,CHN,14,2,1,0,5,17,22,101082,124737,2925,0,29082,228745,257827,29663,0,780,0,564,30443,31008,442608
2020-05-05,2020,5,5,port425,Guangzhou (Nansha),China,CHN,13,3,1,0,1,17,18,44992,55269,0,0,36327,100262,136589,33197,25617,1607,0,0,60422,60422,442609
2020-05-06,2020,5,6,port425,Guangzhou (Nansha),China,CHN,12,1,1,0,1,14,15,136922,53428,4803,0,1776,195153,196930,13411,0,0,0,0,13411,13411,442610
2020-05-07,2020,5,7,port425,Guangzhou (Nansha),China,CHN,11,2,3,2,2,18,20,47718,138608,3701,1940,11287,191969,203256,24235,0,4884,407,959,29527,30486,442611
2020-05-08,2020,5,8,port425,Guangzhou (Nansha),China,CHN,14,2,6,2,10,24,34,99114,95810,19781,2915,21720,217621,239341,11305,2905,0,0,1829,14211,16040,442612
2020-05-09,2020,5,9,port425,Guangzhou (Nansha),China,CHN,9,3,2,2,4,16,20,38735,160325,0,0,11706,199060,210767,37246,2905,3984,605,1669,44742,46412,442613
2020-05-10,2020,5,10,port425,Guangzhou (Nansha),China,CHN,11,2,1,0,2,14,16,45512,96754,6148,0,7653,148415,156069,15391,0,0,0,564,15391,15955,442614
2020-05-11,2020,5,11,port425,Guangzhou (Nansha),China,CHN,14,1,6,1,7,22,29,76079,0,17473,619,20505,94172,114678,24403,20157,1560,407,2721,46528,49250,442615
2020-05-12,2020,5,12,port425,Guangzhou (Nansha),China,CHN,9,4,4,1,14,18,32,93320,102033,6513,619,82681,202486,285168,20839,7468,7349,407,3327,36063,39391,442616
2020-05-13,2020,5,13,port425,Guangzhou (Nansha),China,CHN,12,3,3,2,8,20,28,151521,138906,8752,3602,31476,302783,334259,7350,0,4499,0,4166,11850,16017,442617
2020-05-14,2020,5,14,port425,Guangzhou (Nansha),China,CHN,18,3,3,3,8,27,35,101916,106431,3921,619,34354,212889,247243,53642,2905,565,1012,4456,58126,62583,442618
2020-05-15,2020,5,15,port425,Guangzhou (Nansha),China,CHN,14,4,3,2,4,23,27,43286,96309,8735,619,21980,148951,170931,26890,7397,2915,407,1328,37610,38938,442619
2020-05-16,2020,5,16,port425,Guangzhou (Nansha),China,CHN,16,2,3,1,5,22,27,67015,35288,1971,0,10427,104276,114703,26303,0,7614,0,564,33917,34481,442620
2020-05-17,2020,5,17,port425,Guangzhou (Nansha),China,CHN,11,1,4,0,3,16,19,61638,33566,10954,0,20504,106160,126664,23845,2905,4961,0,564,31712,32277,442621
2020-05-18,2020,5,18,port425,Guangzhou (Nansha),China,CHN,9,6,2,2,11,19,30,37978,132547,2925,1239,30339,174692,205031,27652,2905,1570,814,6657,32944,39601,442622
2020-05-19,2020,5,19,port425,Guangzhou (Nansha),China,CHN,12,1,3,2,10,18,28,53793,33566,20475,3848,53680,111684,165364,52133,2905,780,0,10467,55820,66287,442623
2020-05-20,2020,5,20,port425,Guangzhou (Nansha),China,CHN,9,4,5,0,6,18,24,81471,142241,14674,0,10238,238387,248625,12561,7397,3359,0,4282,23318,27601,442624
2020-05-21,2020,5,21,port425,Guangzhou (Nansha),China,CHN,14,2,3,4,7,23,30,56391,9017,5416,2479,62708,73304,136013,28588,1585,2387,1628,5493,34190,39683,442625
2020-05-22,2020,5,22,port425,Guangzhou (Nansha),China,CHN,9,2,4,2,7,17,24,71536,63634,20693,1320,19847,157185,177032,31272,0,780,0,4446,32052,36499,442626
2020-05-23,2020,5,23,port425,Guangzhou (Nansha),China,CHN,19,3,4,1,6,27,33,50945,88341,13542,1532,45169,154361,199530,55226,0,1560,0,1611,56786,58398,442627
2020-05-24,2020,5,24,port425,Guangzhou (Nansha),China,CHN,14,3,0,3,4,20,24,74151,92367,0,4201,23286,170719,194006,36144,80311,0,407,1051,116863,117915,442628
2020-05-25,2020,5,25,port425,Guangzhou (Nansha),China,CHN,13,3,2,1,8,19,27,67479,98027,5178,0,37700,170685,208385,25835,0,390,217,9699,26443,36143,442629
2020-05-26,2020,5,26,port425,Guangzhou (Nansha),China,CHN,15,5,5,0,6,25,31,69917,182252,12311,0,54138,264481,318619,39117,6077,7501,0,1182,52697,53879,442630
2020-05-27,2020,5,27,port425,Guangzhou (Nansha),China,CHN,10,5,4,1,6,20,26,43762,79738,6036,619,28719,130157,158876,30389,34706,2361,407,7443,67864,75307,442631
2020-05-28,2020,5,28,port425,Guangzhou (Nansha),China,CHN,19,4,1,2,6,26,32,100314,33566,210,800,22732,134891,157624,28756,2905,0,0,4391,31662,36053,442632
2020-05-29,2020,5,29,port425,Guangzhou (Nansha),China,CHN,15,1,5,2,9,23,32,74292,61798,23509,619,42112,160220,202332,45741,0,0,407,8591,46149,54741,442633
2020-05-30,2020,5,30,port425,Guangzhou (Nansha),China,CHN,14,5,1,5,5,25,30,44836,228819,2925,2923,13226,279505,292732,92634,1585,780,1419,5947,96419,102367,442634
2020-05-31,2020,5,31,port425,Guangzhou (Nansha),China,CHN,9,0,5,1,1,15,16,49107,0,9247,1852,0,60208,60208,42130,0,4573,0,0,46704,46704,442635
2020-06-01,2020,6,1,port425,Guangzhou (Nansha),China,CHN,15,1,2,2,9,20,29,58916,33566,1151,619,25215,94254,119469,39907,2905,0,407,8797,43220,52018,442636
2020-06-02,2020,6,2,port425,Guangzhou (Nansha),China,CHN,15,4,2,2,8,23,31,97100,115211,2925,1239,34818,216477,251295,38549,2905,1175,814,98566,43445,142011,442637
2020-06-03,2020,6,3,port425,Guangzhou (Nansha),China,CHN,14,2,1,0,10,17,27,94484,91856,5424,0,111747,191765,303512,32581,1585,0,0,4004,34167,38171,442638
2020-06-04,2020,6,4,port425,Guangzhou (Nansha),China,CHN,14,2,5,2,11,23,34,122532,103996,13603,0,95127,240132,335260,59086,2905,3022,605,49347,65619,114966,442639
2020-06-05,2020,6,5,port425,Guangzhou (Nansha),China,CHN,15,3,3,1,8,22,30,48813,103286,5851,1089,27032,159041,186074,32167,4006,7501,0,4982,43676,48659,442640
2020-06-06,2020,6,6,port425,Guangzhou (Nansha),China,CHN,17,4,1,1,3,23,26,60864,111006,2218,619,3073,174709,177782,50318,4491,1606,407,1220,56824,58045,442641
2020-06-07,2020,6,7,port425,Guangzhou (Nansha),China,CHN,9,2,2,1,4,14,18,92447,42584,8362,0,17364,143395,160759,16382,4491,780,0,8136,21654,29791,442642
2020-06-08,2020,6,8,port425,Guangzhou (Nansha),China,CHN,16,3,5,3,4,27,31,79046,93857,12054,1863,41979,186822,228801,55216,4491,780,407,1128,60896,62024,442643
2020-06-09,2020,6,9,port425,Guangzhou (Nansha),China,CHN,10,2,5,2,2,19,21,30789,82434,17663,3639,2806,134527,137334,25901,2905,3530,407,1566,32744,34311,442644
2020-06-10,2020,6,10,port425,Guangzhou (Nansha),China,CHN,10,2,4,2,10,18,28,35884,92787,11166,4479,40281,144317,184599,9215,0,4315,0,1539,13531,15070,442645
2020-06-11,2020,6,11,port425,Guangzhou (Nansha),China,CHN,14,4,6,1,4,25,29,134090,67133,17916,0,6686,219140,225826,24371,5811,1914,0,487,32098,32585,442646
2020-06-12,2020,6,12,port425,Guangzhou (Nansha),China,CHN,12,5,0,2,6,19,25,36660,115128,0,619,18278,152409,170688,49336,1585,0,407,5046,51329,56376,442647
2020-06-13,2020,6,13,port425,Guangzhou (Nansha),China,CHN,10,4,1,0,3,15,18,58714,85923,0,0,8810,144637,153448,24437,15862,2760,0,564,43060,43624,442648
2020-06-14,2020,6,14,port425,Guangzhou (Nansha),China,CHN,9,2,2,1,3,14,17,37809,84852,14209,925,11401,137797,149199,21598,0,1894,0,2929,23493,26422,442649
2020-06-15,2020,6,15,port425,Guangzhou (Nansha),China,CHN,14,2,4,4,12,24,36,112119,0,12015,619,43656,124754,168411,33872,0,2223,1012,39368,37108,76477,442650
2020-06-16,2020,6,16,port425,Guangzhou (Nansha),China,CHN,18,2,6,1,8,27,35,67121,18035,19323,958,67608,105438,173047,79411,3171,4169,0,974,86752,87727,442651
2020-06-17,2020,6,17,port425,Guangzhou (Nansha),China,CHN,16,2,4,0,10,22,32,136082,54253,5523,0,178563,195859,374422,20883,2905,2076,0,8272,25865,34137,442652
2020-06-18,2020,6,18,port425,Guangzhou (Nansha),China,CHN,12,3,4,3,4,22,26,105159,90849,31211,1239,75010,228459,303470,25526,5811,0,814,4709,32152,36862,442653
2020-06-19,2020,6,19,port425,Guangzhou (Nansha),China,CHN,18,6,1,4,2,29,31,140321,249630,7519,1940,8491,399411,407903,53130,0,0,1012,3893,54142,58036,442654
2020-06-20,2020,6,20,port425,Guangzhou (Nansha),China,CHN,17,4,5,1,9,27,36,72854,97773,29064,0,23902,199692,223594,37856,2397,2817,0,4174,43070,47244,442655
2020-06-21,2020,6,21,port425,Guangzhou (Nansha),China,CHN,12,2,4,0,5,18,23,58371,83239,13509,0,14897,155121,170018,25938,0,1560,0,4541,27498,32039,442656
2020-06-22,2020,6,22,port425,Guangzhou (Nansha),China,CHN,17,5,3,6,7,31,38,48877,154937,9173,837,54771,213825,268596,88045,0,6955,5170,2852,100171,103024,442657
2020-06-23,2020,6,23,port425,Guangzhou (Nansha),China,CHN,17,6,6,3,8,32,40,109750,162615,8720,2219,18849,283306,302156,31941,27731,3799,407,1922,63879,65802,442658
2020-06-24,2020,6,24,port425,Guangzhou (Nansha),China,CHN,15,6,3,2,7,26,33,33343,194085,11408,619,34748,239457,274205,29167,1585,0,407,487,31160,31648,442659
2020-06-25,2020,6,25,port425,Guangzhou (Nansha),China,CHN,10,5,3,3,5,21,26,89797,245023,12606,1239,53495,348667,402163,22876,3171,23856,5002,5758,54907,60666,442660
2020-06-26,2020,6,26,port425,Guangzhou (Nansha),China,CHN,11,2,6,1,9,20,29,103873,95445,14854,2948,30982,217122,248104,29744,0,199,0,9689,29944,39633,442661
2020-06-27,2020,6,27,port425,Guangzhou (Nansha),China,CHN,13,3,3,3,8,22,30,91863,97562,2641,812,22618,192880,215499,36400,1585,2868,407,10401,41261,51663,442662
2020-06-28,2020,6,28,port425,Guangzhou (Nansha),China,CHN,16,1,0,2,4,19,23,120274,11736,0,619,2806,132630,135437,45298,0,0,407,3118,45705,48823,442663
2020-06-29,2020,6,29,port425,Guangzhou (Nansha),China,CHN,13,2,2,2,5,19,24,109787,67133,5758,1239,17792,183919,201712,29061,5811,780,814,4705,36468,41173,442664
2020-06-30,2020,6,30,port425,Guangzhou (Nansha),China,CHN,12,2,4,3,4,21,25,78827,33566,17269,0,13169,129663,142832,46953,49055,3518,597,1182,100125,101307,442665
2020-07-01,2020,7,1,port425,Guangzhou (Nansha),China,CHN,13,4,4,1,5,22,27,57257,219988,13515,619,13100,291380,304481,70080,2905,1560,407,3541,74954,78495,442666
2020-07-02,2020,7,2,port425,Guangzhou (Nansha),China,CHN,11,1,5,1,4,18,22,100008,0,17589,619,14025,118218,132244,7863,1391,780,407,2157,10442,12599,442667
2020-07-03,2020,7,3,port425,Guangzhou (Nansha),China,CHN,14,2,3,4,12,23,35,60748,98143,5109,2923,103280,166925,270205,60525,0,7460,814,8381,68800,77182,442668
2020-07-04,2020,7,4,port425,Guangzhou (Nansha),China,CHN,16,3,0,2,3,21,24,102922,92207,0,619,5706,195749,201456,48127,0,0,407,2198,48534,50732,442669
2020-07-05,2020,7,5,port425,Guangzhou (Nansha),China,CHN,13,1,0,0,4,14,18,100900,41277,0,0,15353,142178,157531,27323,0,0,0,1840,27323,29164,442670
2020-07-06,2020,7,6,port425,Guangzhou (Nansha),China,CHN,16,6,6,4,5,32,37,73900,202147,31851,2473,18115,310373,328489,73918,11623,780,407,1669,86729,88399,442671
2020-07-07,2020,7,7,port425,Guangzhou (Nansha),China,CHN,15,5,4,2,8,26,34,45243,154204,9222,1239,9190,209910,219101,114330,0,780,814,2937,115925,118862,442672
2020-07-08,2020,7,8,port425,Guangzhou (Nansha),China,CHN,14,2,3,1,6,20,26,70276,51283,13193,0,16370,134753,151123,37415,0,780,0,12767,38195,50962,442673
2020-07-09,2020,7,9,port425,Guangzhou (Nansha),China,CHN,13,3,2,3,4,21,25,84828,83811,5797,2661,59379,177098,236477,24382,0,0,407,564,24789,25353,442674
2020-07-10,2020,7,10,port425,Guangzhou (Nansha),China,CHN,20,3,1,2,10,26,36,148146,117869,0,2740,39038,268755,307794,29778,0,758,407,13568,30943,44512,442675
2020-07-11,2020,7,11,port425,Guangzhou (Nansha),China,CHN,7,1,4,3,9,15,24,48993,72796,10641,1207,31058,133639,164697,15187,0,7438,407,7063,23032,30096,442676
2020-07-12,2020,7,12,port425,Guangzhou (Nansha),China,CHN,15,1,2,1,5,19,24,107273,33566,12192,619,12538,153653,166191,47635,2905,0,407,2955,50948,53904,442677
2020-07-13,2020,7,13,port425,Guangzhou (Nansha),China,CHN,14,1,2,4,7,21,28,61902,43337,2925,2560,70908,110725,181634,55652,0,2525,814,2234,58992,61226,442678
2020-07-14,2020,7,14,port425,Guangzhou (Nansha),China,CHN,16,2,7,1,8,26,34,139341,104356,40806,619,16426,285123,301550,57703,2905,780,407,3192,61796,64989,442679
2020-07-15,2020,7,15,port425,Guangzhou (Nansha),China,CHN,14,3,3,3,6,23,29,62444,126613,9666,2260,12806,200984,213790,27347,1585,2463,814,1894,32211,34106,442680
2020-07-16,2020,7,16,port425,Guangzhou (Nansha),China,CHN,15,4,2,2,4,23,27,98675,76151,2084,0,15809,176911,192721,17571,7397,143,0,877,25112,25990,442681
2020-07-17,2020,7,17,port425,Guangzhou (Nansha),China,CHN,13,4,4,2,6,23,29,74378,106025,12513,619,27561,193538,221100,59035,0,3338,1607,1615,63981,65597,442682
2020-07-18,2020,7,18,port425,Guangzhou (Nansha),China,CHN,20,1,2,2,5,25,30,116040,32893,15906,1239,44890,166080,210970,37216,0,0,814,5867,38030,43897,442683
2020-07-19,2020,7,19,port425,Guangzhou (Nansha),China,CHN,12,2,0,0,2,14,16,80452,38955,0,0,8594,119407,128002,50028,0,0,0,1746,50028,51775,442684
2020-07-20,2020,7,20,port425,Guangzhou (Nansha),China,CHN,17,4,1,4,7,26,33,54551,114817,2925,2922,15833,175216,191050,69204,2905,780,2162,6549,75053,81602,442685
2020-07-21,2020,7,21,port425,Guangzhou (Nansha),China,CHN,17,3,5,2,9,27,36,124289,42584,26111,1650,124133,194636,318770,77995,4491,1174,407,3118,84069,87187,442686
2020-07-22,2020,7,22,port425,Guangzhou (Nansha),China,CHN,18,3,3,2,7,26,33,106418,114742,23269,1132,61022,245562,306585,51771,4491,780,407,487,57450,57937,442687
2020-07-23,2020,7,23,port425,Guangzhou (Nansha),China,CHN,14,9,2,3,10,28,38,76874,212546,14102,1239,28786,304763,333550,36119,39479,0,814,20973,76413,97386,442688
2020-07-24,2020,7,24,port425,Guangzhou (Nansha),China,CHN,20,3,6,3,8,32,40,58886,105712,14621,1859,64827,181080,245907,61133,2905,2484,1221,3058,67745,70804,442689
2020-07-25,2020,7,25,port425,Guangzhou (Nansha),China,CHN,13,2,2,2,5,19,24,64570,138606,5603,619,19912,209401,229313,31503,0,0,407,5664,31910,37575,442690
2020-07-26,2020,7,26,port425,Guangzhou (Nansha),China,CHN,13,0,1,2,3,16,19,133931,0,1417,2162,22762,137510,160273,29862,0,0,407,2596,30269,32866,442691
2020-07-27,2020,7,27,port425,Guangzhou (Nansha),China,CHN,15,2,3,3,6,23,29,130201,70958,3854,3725,18958,208740,227699,33100,2905,780,407,4023,37194,41217,442692
2020-07-28,2020,7,28,port425,Guangzhou (Nansha),China,CHN,15,3,1,1,7,20,27,92254,124889,9382,512,17593,227038,244632,51382,5811,0,0,8126,57193,65320,442693
2020-07-29,2020,7,29,port425,Guangzhou (Nansha),China,CHN,14,3,0,0,8,17,25,67620,160154,0,0,111185,227775,338960,61280,2905,0,0,1051,64186,65238,442694
2020-07-30,2020,7,30,port425,Guangzhou (Nansha),China,CHN,15,5,2,1,12,23,35,37226,236197,0,0,44893,273424,318317,66954,57400,3763,0,5871,128118,133989,442695
2020-07-31,2020,7,31,port425,Guangzhou (Nansha),China,CHN,19,1,2,4,10,26,36,65569,6995,8421,4638,47464,85624,133088,43949,0,780,407,14633,45136,59770,442696
2020-08-01,2020,8,1,port425,Guangzhou (Nansha),China,CHN,17,1,4,4,6,26,32,87441,0,19715,3259,22517,110416,132934,34177,36062,916,814,2929,71970,74900,442697
2020-08-02,2020,8,2,port425,Guangzhou (Nansha),China,CHN,13,1,2,0,4,16,20,98964,24804,5851,0,2806,129619,132426,22262,0,1560,0,1182,23823,25005,442698
2020-08-03,2020,8,3,port425,Guangzhou (Nansha),China,CHN,13,1,4,2,5,20,25,81341,33566,15636,2487,19148,133032,152181,65881,2905,2340,0,1051,71127,72179,442699
2020-08-04,2020,8,4,port425,Guangzhou (Nansha),China,CHN,15,3,5,0,9,23,32,102364,84121,21826,0,20730,208313,229043,18997,0,780,0,3803,19777,23581,442700
2020-08-05,2020,8,5,port425,Guangzhou (Nansha),China,CHN,9,3,1,3,4,16,20,9619,104596,2360,1239,12328,117816,130144,51258,2905,0,814,1446,54978,56424,442701
2020-08-06,2020,8,6,port425,Guangzhou (Nansha),China,CHN,12,2,1,2,5,17,22,23388,45834,17811,4689,13167,91723,104891,53408,2905,0,0,2889,56314,59204,442702
2020-08-07,2020,8,7,port425,Guangzhou (Nansha),China,CHN,21,2,2,2,7,27,34,110499,54508,8314,1239,12108,174562,186671,126794,0,780,814,5249,128389,133638,442703
2020-08-08,2020,8,8,port425,Guangzhou (Nansha),China,CHN,13,2,3,1,8,19,27,41270,70699,14674,619,25352,127264,152616,32344,0,1560,407,15536,34312,49848,442704
2020-08-09,2020,8,9,port425,Guangzhou (Nansha),China,CHN,13,0,3,2,2,18,20,117814,0,6872,1239,11576,125926,137502,29965,0,1560,814,1128,32340,33468,442705
2020-08-10,2020,8,10,port425,Guangzhou (Nansha),China,CHN,14,4,5,4,6,27,33,74319,82113,23229,5299,14787,184960,199748,37728,16565,1048,0,15630,55342,70972,442706
2020-08-11,2020,8,11,port425,Guangzhou (Nansha),China,CHN,16,4,4,3,7,27,34,73611,158671,14594,2499,7539,249377,256916,36663,5811,2387,502,2465,45364,47830,442707
2020-08-12,2020,8,12,port425,Guangzhou (Nansha),China,CHN,10,0,2,1,4,13,17,47638,0,9248,513,15745,57401,73146,78973,0,0,0,0,78973,78973,442708
2020-08-13,2020,8,13,port425,Guangzhou (Nansha),China,CHN,11,2,3,2,6,18,24,34650,82437,9960,619,22732,127667,150400,13532,0,1825,407,4391,15765,20156,442709
2020-08-14,2020,8,14,port425,Guangzhou (Nansha),China,CHN,21,3,3,3,6,30,36,112133,137973,35581,1578,21012,287267,308279,57470,5811,780,407,7504,64469,71974,442710
2020-08-15,2020,8,15,port425,Guangzhou (Nansha),China,CHN,17,1,0,0,4,18,22,48004,43337,0,0,11421,91341,102763,76899,0,0,0,1746,76899,78646,442711
2020-08-16,2020,8,16,port425,Guangzhou (Nansha),China,CHN,14,2,3,0,7,19,26,102935,33566,6938,0,16273,143441,159714,41882,2905,2619,0,17350,47408,64758,442712
2020-08-17,2020,8,17,port425,Guangzhou (Nansha),China,CHN,9,2,2,2,8,15,23,61054,33566,3902,619,64172,99143,163316,25024,9484,780,407,1462,35695,37157,442713
2020-08-18,2020,8,18,port425,Guangzhou (Nansha),China,CHN,4,1,3,2,3,10,13,27780,15755,10390,619,8396,54546,62943,3352,0,1560,407,564,5320,5884,442714
2020-08-19,2020,8,19,port425,Guangzhou (Nansha),China,CHN,12,2,3,1,3,18,21,59974,50873,8712,619,8056,120180,128236,22776,56353,1560,407,1182,81098,82280,442715
2020-08-20,2020,8,20,port425,Guangzhou (Nansha),China,CHN,19,2,6,3,7,30,37,70338,0,15770,1239,23533,87348,110882,70688,78077,0,2892,103160,151659,254819,442716
2020-08-21,2020,8,21,port425,Guangzhou (Nansha),China,CHN,15,3,3,2,6,23,29,67641,177587,6035,1349,15890,252613,268504,24329,0,780,407,4309,25516,29826,442717
2020-08-22,2020,8,22,port425,Guangzhou (Nansha),China,CHN,21,0,2,6,7,29,36,105160,0,2218,4234,9990,111613,121603,56398,0,8308,814,11152,65520,76672,442718
2020-08-23,2020,8,23,port425,Guangzhou (Nansha),China,CHN,15,1,2,0,4,18,22,92134,33566,5421,0,5788,131122,136911,64149,2905,2463,0,16216,69518,85734,442719
2020-08-24,2020,8,24,port425,Guangzhou (Nansha),China,CHN,10,1,3,2,7,16,23,57277,51605,8691,1390,37505,118965,156471,20851,0,780,0,1739,21632,23371,442720
2020-08-25,2020,8,25,port425,Guangzhou (Nansha),China,CHN,11,0,5,2,6,18,24,56246,0,20359,4539,12389,81146,93535,42078,0,2387,0,4206,44465,48671,442721
2020-08-26,2020,8,26,port425,Guangzhou (Nansha),China,CHN,19,5,3,3,2,30,32,119518,99984,8634,1239,5788,229377,235165,45009,29527,4051,814,3866,79403,83269,442722
2020-08-27,2020,8,27,port425,Guangzhou (Nansha),China,CHN,13,3,4,0,3,20,23,37874,124972,13343,0,3777,176190,179968,19479,0,1846,0,725,21325,22051,442723
2020-08-28,2020,8,28,port425,Guangzhou (Nansha),China,CHN,12,2,3,2,5,19,24,76562,22194,5830,1638,17280,106225,123506,10137,0,393,407,2053,10938,12991,442724
2020-08-29,2020,8,29,port425,Guangzhou (Nansha),China,CHN,9,1,2,2,7,14,21,27086,0,1250,1684,25673,30020,55693,65538,0,789,0,4057,66327,70385,442725
2020-08-30,2020,8,30,port425,Guangzhou (Nansha),China,CHN,14,1,0,3,0,18,18,63169,50921,0,1239,0,115330,115330,36898,0,0,814,0,37712,37712,442726
2020-08-31,2020,8,31,port425,Guangzhou (Nansha),China,CHN,20,3,2,1,8,26,34,65805,76913,12351,0,21002,155071,176073,38461,0,0,0,11835,38461,50296,442727
2020-09-01,2020,9,1,port425,Guangzhou (Nansha),China,CHN,11,0,2,0,4,13,17,16339,0,6891,0,16934,23231,40165,30772,0,595,0,1358,31367,32726,442728
2020-09-02,2020,9,2,port425,Guangzhou (Nansha),China,CHN,17,6,4,2,1,29,30,108606,123193,7840,1542,4152,241182,245335,52921,39284,1939,0,0,94144,94144,442729
2020-09-03,2020,9,3,port425,Guangzhou (Nansha),China,CHN,12,2,6,1,5,21,26,43895,39792,24445,2365,57156,110500,167656,25962,2905,2340,0,564,31209,31773,442730
2020-09-04,2020,9,4,port425,Guangzhou (Nansha),China,CHN,16,3,3,1,4,23,27,149042,127931,7272,0,7844,284246,292091,60135,4491,1560,0,3440,66187,69628,442731
2020-09-05,2020,9,5,port425,Guangzhou (Nansha),China,CHN,12,3,5,1,7,21,28,23332,106169,17595,619,84116,147717,231833,32137,0,2340,407,827,34885,35713,442732
2020-09-06,2020,9,6,port425,Guangzhou (Nansha),China,CHN,12,0,2,1,3,15,18,98477,0,5144,2046,6583,105668,112251,28488,0,2387,0,4386,30875,35262,442733
2020-09-07,2020,9,7,port425,Guangzhou (Nansha),China,CHN,16,1,3,2,9,22,31,83676,71473,14934,619,33695,170704,204399,65739,0,0,407,4391,66146,70537,442734
2020-09-08,2020,9,8,port425,Guangzhou (Nansha),China,CHN,15,4,3,1,7,23,30,118964,212892,13670,926,9859,346453,356313,79064,5811,0,0,5554,84875,90430,442735
2020-09-09,2020,9,9,port425,Guangzhou (Nansha),China,CHN,12,1,3,2,11,18,29,26278,19344,9735,619,31083,55977,87060,29790,0,394,407,8145,30591,38737,442736
2020-09-10,2020,9,10,port425,Guangzhou (Nansha),China,CHN,18,2,3,2,4,25,29,108939,75731,8290,0,27736,192961,220697,29038,0,2387,0,568,31425,31993,442737
2020-09-11,2020,9,11,port425,Guangzhou (Nansha),China,CHN,14,1,0,2,11,17,28,94722,33241,0,619,46061,128583,174645,37590,0,0,4244,15854,41835,57690,442738
2020-09-12,2020,9,12,port425,Guangzhou (Nansha),China,CHN,13,4,0,1,6,18,24,63592,45221,0,513,9899,109328,119228,50205,4491,0,0,8306,54697,63003,442739
2020-09-13,2020,9,13,port425,Guangzhou (Nansha),China,CHN,10,2,2,2,3,16,19,28258,67133,5606,0,8463,100999,109462,32750,5811,0,1030,487,39593,40081,442740
2020-09-14,2020,9,14,port425,Guangzhou (Nansha),China,CHN,13,3,4,1,8,21,29,54409,85504,13975,0,24702,153890,178593,21767,0,2387,0,3835,24154,27990,442741
2020-09-15,2020,9,15,port425,Guangzhou (Nansha),China,CHN,17,0,3,3,9,23,32,47155,0,23753,2222,20101,73132,93233,25828,0,780,407,108753,27016,135769,442742
2020-09-16,2020,9,16,port425,Guangzhou (Nansha),China,CHN,14,2,3,3,5,22,27,50373,107121,9937,3691,40052,171124,211177,24790,2905,1560,407,3909,29663,33573,442743
2020-09-17,2020,9,17,port425,Guangzhou (Nansha),China,CHN,11,3,4,0,6,18,24,25203,126831,13104,0,20117,165138,185256,58939,1585,2387,0,974,62913,63887,442744
2020-09-18,2020,9,18,port425,Guangzhou (Nansha),China,CHN,13,4,3,3,2,23,25,86138,46529,4649,3476,5613,140793,146406,26843,86161,2767,0,2365,115772,118137,442745
2020-09-19,2020,9,19,port425,Guangzhou (Nansha),China,CHN,17,1,2,1,8,21,29,100571,7793,13136,619,32565,122120,154686,41568,0,0,407,13060,41975,55035,442746
2020-09-20,2020,9,20,port425,Guangzhou (Nansha),China,CHN,18,2,0,0,3,20,23,95395,36527,0,0,4772,131922,136695,50574,0,0,0,1582,50574,52156,442747
2020-09-21,2020,9,21,port425,Guangzhou (Nansha),China,CHN,12,1,6,4,6,23,29,51788,62984,12198,5592,13316,132563,145879,38965,0,2532,407,2231,41905,44137,442748
2020-09-22,2020,9,22,port425,Guangzhou (Nansha),China,CHN,17,2,3,3,5,25,30,73653,67475,7668,1320,9174,150118,159293,57176,0,1560,0,1174,58737,59911,442749
2020-09-23,2020,9,23,port425,Guangzhou (Nansha),China,CHN,15,2,3,2,6,22,28,62522,55058,5425,619,57100,123625,180726,4105,2905,780,1797,1933,9589,11523,442750
2020-09-24,2020,9,24,port425,Guangzhou (Nansha),China,CHN,13,4,4,3,6,24,30,44393,61760,22200,2740,14435,131095,145531,62989,1585,780,407,5166,65763,70929,442751
2020-09-25,2020,9,25,port425,Guangzhou (Nansha),China,CHN,11,0,3,3,7,17,24,127445,0,18281,1134,17561,146861,164422,29058,0,1560,407,2459,31026,33485,442752
2020-09-26,2020,9,26,port425,Guangzhou (Nansha),China,CHN,13,2,0,3,11,18,29,86913,24826,0,1239,72276,112980,185256,15639,59866,0,814,18654,76320,94975,442753
2020-09-27,2020,9,27,port425,Guangzhou (Nansha),China,CHN,13,1,7,0,6,21,27,84351,0,23336,0,24002,107687,131690,67803,40539,3189,0,3757,111532,115290,442754
2020-09-28,2020,9,28,port425,Guangzhou (Nansha),China,CHN,15,3,2,2,7,22,29,41442,28730,2925,653,13969,73753,87722,51766,71567,10575,0,7199,133909,141109,442755
2020-09-29,2020,9,29,port425,Guangzhou (Nansha),China,CHN,14,1,2,3,5,20,25,41636,67633,9957,4637,41360,123866,165226,50933,0,780,1422,262,53135,53398,442756
2020-09-30,2020,9,30,port425,Guangzhou (Nansha),China,CHN,11,2,4,4,5,21,26,60958,22050,16200,1567,74945,100778,175723,52672,0,1174,407,1128,54253,55382,442757
2020-10-01,2020,10,1,port425,Guangzhou (Nansha),China,CHN,13,0,2,3,4,18,22,63656,0,5144,756,9459,69556,79016,50622,0,2387,0,3547,53009,56557,442758
2020-10-02,2020,10,2,port425,Guangzhou (Nansha),China,CHN,12,3,2,1,7,18,25,96751,91194,5144,0,28648,193090,221738,16530,0,2387,0,1539,18917,20456,442759
2020-10-03,2020,10,3,port425,Guangzhou (Nansha),China,CHN,16,4,1,1,7,22,29,61580,217197,5067,1127,18011,284973,302985,37028,0,0,0,8607,37028,45636,442760
2020-10-04,2020,10,4,port425,Guangzhou (Nansha),China,CHN,13,1,0,4,4,18,22,82058,29112,0,6736,6376,117907,124284,18314,0,0,814,2365,19128,21493,442761
2020-10-05,2020,10,5,port425,Guangzhou (Nansha),China,CHN,13,1,5,2,7,21,28,51881,19407,8684,2154,51357,82128,133485,40062,0,780,407,7292,41250,48542,442762
2020-10-06,2020,10,6,port425,Guangzhou (Nansha),China,CHN,17,1,3,3,6,24,30,107335,71567,6391,2724,6802,188018,194820,60687,0,1780,0,7897,62468,70365,442763
2020-10-07,2020,10,7,port425,Guangzhou (Nansha),China,CHN,18,2,1,1,4,22,26,100074,0,3006,3959,16142,107041,123184,22586,556,0,0,1250,23143,24394,442764
2020-10-08,2020,10,8,port425,Guangzhou (Nansha),China,CHN,11,2,3,3,2,19,21,61457,33151,9495,1239,3777,105344,109121,36240,36874,1560,814,3071,75490,78562,442765
2020-10-09,2020,10,9,port425,Guangzhou (Nansha),China,CHN,9,3,3,2,8,17,25,31206,123866,13707,619,24708,169400,194109,11583,0,2387,922,3537,14892,18430,442766
2020-10-10,2020,10,10,port425,Guangzhou (Nansha),China,CHN,7,1,3,2,9,13,22,24873,22954,13961,1345,40944,63134,104078,24432,0,780,407,15920,25620,41540,442767
2020-10-11,2020,10,11,port425,Guangzhou (Nansha),China,CHN,12,1,3,2,2,18,20,71222,45877,5518,1533,1164,124153,125317,22845,0,780,0,0,23626,23626,442768
2020-10-12,2020,10,12,port425,Guangzhou (Nansha),China,CHN,14,3,5,2,9,24,33,96012,67779,27630,0,33786,191422,225209,15379,0,1606,0,11653,16986,28640,442769
2020-10-13,2020,10,13,port425,Guangzhou (Nansha),China,CHN,13,1,2,3,8,19,27,56950,0,3210,3945,25318,64106,89425,28770,0,780,407,2053,29957,32011,442770
2020-10-14,2020,10,14,port425,Guangzhou (Nansha),China,CHN,17,3,1,1,3,22,25,87833,127576,2925,2213,5327,220549,225877,46344,0,780,0,282,47124,47407,442771
2020-10-15,2020,10,15,port425,Guangzhou (Nansha),China,CHN,9,6,3,2,4,20,24,23686,201082,5631,1320,16691,231721,248413,17274,4491,780,0,1669,22546,24216,442772
2020-10-16,2020,10,16,port425,Guangzhou (Nansha),China,CHN,12,1,2,3,5,18,23,49248,72235,21656,619,26451,143760,170212,28769,0,1842,407,19294,31019,50313,442773
2020-10-17,2020,10,17,port425,Guangzhou (Nansha),China,CHN,14,5,2,0,7,21,28,76378,266149,4804,0,17522,347332,364854,30703,5811,0,0,6527,36515,43042,442774
2020-10-18,2020,10,18,port425,Guangzhou (Nansha),China,CHN,15,3,1,3,4,22,26,101002,74082,2887,2680,13731,180653,194384,30850,2905,0,407,25785,34163,59949,442775
2020-10-19,2020,10,19,port425,Guangzhou (Nansha),China,CHN,14,2,2,3,6,21,27,97381,89167,8671,1753,24921,196974,221895,38546,0,780,0,14969,39327,54296,442776
2020-10-20,2020,10,20,port425,Guangzhou (Nansha),China,CHN,18,4,5,2,9,29,38,119248,102915,13875,2870,31045,238909,269954,30045,17586,5983,407,90884,54023,144907,442777
2020-10-21,2020,10,21,port425,Guangzhou (Nansha),China,CHN,13,3,5,3,5,24,29,73787,126877,8467,619,7492,209752,217245,21594,0,6816,407,1407,28817,30225,442778
2020-10-22,2020,10,22,port425,Guangzhou (Nansha),China,CHN,11,3,3,1,7,18,25,75326,60168,10403,619,45863,146518,192381,11506,3406,1210,407,1051,16530,17582,442779
2020-10-23,2020,10,23,port425,Guangzhou (Nansha),China,CHN,7,2,1,2,5,12,17,10731,104516,2925,619,6677,118793,125471,25089,2905,780,407,487,29182,29670,442780
2020-10-24,2020,10,24,port425,Guangzhou (Nansha),China,CHN,14,0,2,2,5,18,23,77916,0,8167,1345,13282,87429,100711,65025,0,0,407,2422,65432,67855,442781
2020-10-25,2020,10,25,port425,Guangzhou (Nansha),China,CHN,11,3,2,1,4,17,21,45856,100700,7818,619,2806,154995,157801,27985,8717,780,407,5892,37890,43782,442782
2020-10-26,2020,10,26,port425,Guangzhou (Nansha),China,CHN,13,2,0,1,7,16,23,150304,56203,0,619,28126,207128,235255,18679,2905,0,407,2798,21992,24790,442783
2020-10-27,2020,10,27,port425,Guangzhou (Nansha),China,CHN,17,2,4,2,4,25,29,86371,31583,12377,0,28516,130332,158848,59679,0,780,0,262,60459,60722,442784
2020-10-28,2020,10,28,port425,Guangzhou (Nansha),China,CHN,17,4,2,2,2,25,27,82075,212267,141,619,8594,295103,303698,44989,6592,806,407,1746,52795,54542,442785
2020-10-29,2020,10,29,port425,Guangzhou (Nansha),China,CHN,16,2,1,2,6,21,27,65741,94987,2709,0,15418,163439,178857,25259,0,0,0,6897,25259,32157,442786
2020-10-30,2020,10,30,port425,Guangzhou (Nansha),China,CHN,16,2,3,3,4,24,28,59667,33566,8641,1648,27419,103523,130942,51719,2905,2514,407,258503,57546,316049,442787
2020-10-31,2020,10,31,port425,Guangzhou (Nansha),China,CHN,14,3,3,3,9,23,32,36827,156723,5491,3986,52321,203029,255350,72604,2905,497,407,1391,76415,77806,442788
2020-11-01,2020,11,1,port425,Guangzhou (Nansha),China,CHN,19,2,1,2,3,24,27,79688,68599,1516,619,4814,150423,155238,34545,0,0,407,1828,34952,36781,442789
2020-11-02,2020,11,2,port425,Guangzhou (Nansha),China,CHN,12,1,5,2,4,20,24,87090,54513,18116,2047,52651,161769,214420,25021,0,780,0,80,25801,25882,442790
2020-11-03,2020,11,3,port425,Guangzhou (Nansha),China,CHN,19,3,2,3,9,27,36,138999,50946,4152,4623,28116,198722,226838,80930,2905,780,814,6845,85430,92276,442791
2020-11-04,2020,11,4,port425,Guangzhou (Nansha),China,CHN,14,2,3,1,4,20,24,42660,33566,4882,619,11485,81729,93214,90597,14714,0,407,1237,105719,106956,442792
2020-11-05,2020,11,5,port425,Guangzhou (Nansha),China,CHN,11,7,3,4,5,25,30,74921,149786,6015,1239,17115,231963,249078,25288,26807,2060,814,1539,54971,56510,442793
2020-11-06,2020,11,6,port425,Guangzhou (Nansha),China,CHN,16,2,4,4,7,26,33,114699,84954,22887,7201,17490,229743,247233,33462,0,1477,954,5745,35894,41639,442794
2020-11-07,2020,11,7,port425,Guangzhou (Nansha),China,CHN,16,1,9,0,6,26,32,40384,0,38544,0,20132,78929,99061,60188,0,5522,0,21302,65711,87014,442795
2020-11-08,2020,11,8,port425,Guangzhou (Nansha),China,CHN,11,0,4,1,2,16,18,55303,0,32240,1094,1382,88638,90020,62976,0,3087,0,2710,66064,68774,442796
2020-11-09,2020,11,9,port425,Guangzhou (Nansha),China,CHN,12,3,5,2,3,22,25,55294,24343,19251,619,52865,99509,152374,21721,0,1560,407,564,23689,24253,442797
2020-11-10,2020,11,10,port425,Guangzhou (Nansha),China,CHN,12,2,2,2,5,18,23,91121,55131,6260,0,8594,152513,161108,42489,0,0,461,7018,42950,49968,442798
2020-11-11,2020,11,11,port425,Guangzhou (Nansha),China,CHN,12,2,2,3,7,19,26,86092,88259,8556,6400,34629,189309,223938,22125,2905,0,0,2667,25031,27699,442799
2020-11-12,2020,11,12,port425,Guangzhou (Nansha),China,CHN,9,4,3,4,9,20,29,68452,143144,6869,1239,24573,219706,244280,23826,5811,780,1927,6808,32346,39155,442800
2020-11-13,2020,11,13,port425,Guangzhou (Nansha),China,CHN,16,1,1,2,13,20,33,54073,60808,2925,362,72482,118170,190652,41103,0,780,0,3575,41883,45459,442801
2020-11-14,2020,11,14,port425,Guangzhou (Nansha),China,CHN,15,0,2,0,6,17,23,111919,0,2844,0,14640,114763,129404,39028,0,820,0,487,39848,40335,442802
2020-11-15,2020,11,15,port425,Guangzhou (Nansha),China,CHN,15,3,1,1,4,20,24,95044,81080,0,0,10360,176124,186485,69857,0,1445,513,6930,71815,78746,442803
2020-11-16,2020,11,16,port425,Guangzhou (Nansha),China,CHN,19,4,2,3,4,28,32,74048,108967,7189,1540,23412,191745,215158,23873,2905,780,0,1462,27559,29021,442804
2020-11-17,2020,11,17,port425,Guangzhou (Nansha),China,CHN,20,1,4,2,5,27,32,95759,29084,22924,619,38430,148388,186819,33379,0,0,407,106453,33786,140240,442805
2020-11-18,2020,11,18,port425,Guangzhou (Nansha),China,CHN,10,4,3,1,8,18,26,62141,41840,11766,619,24245,116368,140613,34301,2905,1560,407,3525,39174,42700,442806
2020-11-19,2020,11,19,port425,Guangzhou (Nansha),China,CHN,16,4,3,4,9,27,36,79696,100428,9295,619,50868,190040,240908,47294,6090,780,407,2277,54572,56850,442807
2020-11-20,2020,11,20,port425,Guangzhou (Nansha),China,CHN,12,1,1,2,2,16,18,49450,69466,0,799,9565,119717,129282,37737,0,166,867,1051,38771,39822,442808
2020-11-21,2020,11,21,port425,Guangzhou (Nansha),China,CHN,11,0,4,0,2,15,17,11889,0,10104,0,1844,21994,23838,55966,0,3544,0,2855,59511,62366,442809
2020-11-22,2020,11,22,port425,Guangzhou (Nansha),China,CHN,13,3,1,2,3,19,22,100757,110178,6411,619,15353,217966,233320,22231,2905,0,407,1615,25544,27160,442810
2020-11-23,2020,11,23,port425,Guangzhou (Nansha),China,CHN,21,1,6,3,7,31,38,101946,54414,20984,1239,31241,178583,209825,72644,0,6354,1249,2103,80247,82351,442811
2020-11-24,2020,11,24,port425,Guangzhou (Nansha),China,CHN,20,3,3,1,5,27,32,71503,66057,8307,619,18018,146488,164506,47533,2905,1560,407,1692,52407,54100,442812
2020-11-25,2020,11,25,port425,Guangzhou (Nansha),China,CHN,8,1,3,4,11,16,27,120298,0,5851,1273,94991,127423,222414,11646,0,1560,954,8786,14162,22948,442813
2020-11-26,2020,11,26,port425,Guangzhou (Nansha),China,CHN,15,3,4,3,10,25,35,129119,146576,13305,4009,57949,293010,350960,24053,0,780,407,3744,25241,28985,442814
2020-11-27,2020,11,27,port425,Guangzhou (Nansha),China,CHN,9,1,4,5,3,19,22,15854,21105,17539,3283,40278,57782,98060,21109,0,780,814,1669,22703,24373,442815
2020-11-28,2020,11,28,port425,Guangzhou (Nansha),China,CHN,15,4,3,4,8,26,34,101138,210120,10452,3124,28735,324836,353572,52645,0,780,407,10080,53832,63913,442816
2020-11-29,2020,11,29,port425,Guangzhou (Nansha),China,CHN,10,1,1,0,5,12,17,42318,33566,2925,0,21096,78810,99907,24338,2905,780,0,2875,28024,30899,442817
2020-11-30,2020,11,30,port425,Guangzhou (Nansha),China,CHN,11,1,4,4,6,20,26,39430,15622,18306,9467,29466,82826,112293,68761,0,3247,407,1534,72416,73951,442818
2020-12-01,2020,12,1,port425,Guangzhou (Nansha),China,CHN,16,2,3,4,5,25,30,49721,82643,2606,1859,13167,136831,149999,63890,2905,1606,1221,3339,69624,72964,442819
2020-12-02,2020,12,2,port425,Guangzhou (Nansha),China,CHN,12,4,1,2,9,19,28,89653,98394,4033,619,21688,192700,214389,164431,6782,0,681,1966,171895,173862,442820
2020-12-03,2020,12,3,port425,Guangzhou (Nansha),China,CHN,17,1,4,2,7,24,31,106255,67524,7828,3701,18362,185309,203671,36442,0,780,407,4563,37629,42193,442821
2020-12-11,2020,12,11,port425,Guangzhou (Nansha),China,CHN,14,4,5,2,6,25,31,89890,78691,14965,2694,26090,186241,212332,44079,5811,780,0,2141,50671,52812,442822
2022-01-15,2022,1,15,port425,Guangzhou (Nansha),China,CHN,13,1,2,2,3,18,21,32545,11866,12461,619,9189,57492,66681,75103,0,0,1316,1182,76420,77602,442825
2020-12-12,2020,12,12,port425,Guangzhou (Nansha),China,CHN,10,3,3,3,6,19,25,68174,107015,6437,619,18664,182247,200911,8780,2905,1560,407,1539,13654,15193,442826
2022-01-16,2022,1,16,port425,Guangzhou (Nansha),China,CHN,18,0,1,0,3,19,22,85603,0,9813,0,2690,95416,98107,65857,0,0,0,2389,65857,68247,442828
2020-12-13,2020,12,13,port425,Guangzhou (Nansha),China,CHN,12,1,3,0,3,16,19,92444,0,12703,0,5461,105148,110610,24784,0,780,0,1182,25564,26747,442829
2022-01-17,2022,1,17,port425,Guangzhou (Nansha),China,CHN,15,1,6,2,6,24,30,62760,48621,15157,2809,30046,129348,159394,42414,0,5421,0,1194,47835,49030,442831
2020-12-14,2020,12,14,port425,Guangzhou (Nansha),China,CHN,10,0,4,2,5,16,21,80333,0,16756,1827,34659,98916,133576,12127,0,0,0,568,12127,12695,442832
2022-01-18,2022,1,18,port425,Guangzhou (Nansha),China,CHN,13,0,2,1,4,16,20,70578,0,2925,0,9487,73504,82992,45050,0,10803,0,1420,55853,57274,442834
2020-12-15,2020,12,15,port425,Guangzhou (Nansha),China,CHN,15,1,2,3,7,21,28,92797,18837,2925,3371,10512,117932,128445,46625,0,780,0,3459,47405,50865,442835
2022-01-19,2022,1,19,port425,Guangzhou (Nansha),China,CHN,12,0,2,1,4,15,19,38247,0,9203,0,15353,47451,62804,19586,0,780,755,3709,21122,24832,442837
2020-12-16,2020,12,16,port425,Guangzhou (Nansha),China,CHN,19,6,4,5,5,34,39,75115,172120,10823,7101,15870,265161,281031,71131,0,3327,1221,3737,75680,79418,442838
2022-01-20,2022,1,20,port425,Guangzhou (Nansha),China,CHN,10,2,2,1,6,15,21,41237,25493,8520,1320,20580,76572,97153,59526,0,0,0,383,59526,59910,442840
2020-12-17,2020,12,17,port425,Guangzhou (Nansha),China,CHN,12,2,4,3,3,21,24,85337,12832,41279,1023,7946,140471,148417,17178,10658,2387,41,959,30265,31224,442841
2022-01-21,2022,1,21,port425,Guangzhou (Nansha),China,CHN,14,0,4,1,5,19,24,59327,0,36800,0,5568,96128,101696,72318,0,1332,706,250,74357,74608,442843
2020-12-18,2020,12,18,port425,Guangzhou (Nansha),China,CHN,16,1,3,2,4,22,26,43067,15622,3056,0,93107,61745,154853,54224,0,1183,0,564,55407,55972,442844
2022-01-22,2022,1,22,port425,Guangzhou (Nansha),China,CHN,15,1,0,1,4,17,21,48700,54757,0,0,9883,103457,113340,42736,0,0,908,684,43645,44329,442846
2020-12-19,2020,12,19,port425,Guangzhou (Nansha),China,CHN,13,3,5,2,10,23,33,74621,150674,17752,927,100432,243976,344409,28859,0,780,1879,1132,31519,32651,442847
2022-01-23,2022,1,23,port425,Guangzhou (Nansha),China,CHN,15,2,2,0,3,19,22,28659,63978,2925,0,5613,95564,101177,52072,0,2817,0,3032,54889,57921,442849
2020-12-20,2020,12,20,port425,Guangzhou (Nansha),China,CHN,12,1,1,4,6,18,24,58235,33566,1064,1975,14016,94842,108858,47297,2905,0,407,11082,50610,61692,442850
2022-01-24,2022,1,24,port425,Guangzhou (Nansha),China,CHN,16,1,3,1,6,21,27,54555,66515,7393,619,17366,129084,146450,33410,0,1606,407,725,35424,36150,442852
2020-12-21,2020,12,21,port425,Guangzhou (Nansha),China,CHN,14,4,3,4,5,25,30,76652,146986,9534,2467,13494,235641,249136,22610,0,780,41,827,23433,24260,442853
2022-01-25,2022,1,25,port425,Guangzhou (Nansha),China,CHN,14,2,1,2,4,19,23,53733,99789,2306,619,23545,156449,179994,65553,0,0,1540,487,67094,67581,442855
2020-12-22,2020,12,22,port425,Guangzhou (Nansha),China,CHN,11,3,0,4,8,18,26,101549,181229,0,3752,35214,286532,321746,34595,2905,0,2404,2267,39906,42173,442856
2020-12-23,2020,12,23,port425,Guangzhou (Nansha),China,CHN,14,3,4,1,3,22,25,85639,120119,17194,0,7725,222953,230678,56781,2905,1560,0,2365,61248,63613,442858
2020-12-24,2020,12,24,port425,Guangzhou (Nansha),China,CHN,16,4,2,3,5,25,30,50811,88238,5851,2047,10476,146949,157425,45989,5811,1560,41,1746,53404,55150,442860
2022-01-26,2022,1,26,port425,Guangzhou (Nansha),China,CHN,12,1,3,1,7,17,24,44974,67753,9758,619,48292,123106,171398,50998,0,0,407,14142,51405,65547,442862
2020-12-25,2020,12,25,port425,Guangzhou (Nansha),China,CHN,16,2,9,3,3,30,33,73362,105606,13604,3123,10296,195696,205992,66218,2905,7430,814,1051,77369,78420,442863
2022-01-27,2022,1,27,port425,Guangzhou (Nansha),China,CHN,12,2,2,2,9,18,27,57458,115752,12315,72,70750,185599,256349,19065,0,0,0,564,19065,19629,442865
2020-12-26,2020,12,26,port425,Guangzhou (Nansha),China,CHN,16,4,4,1,5,25,30,50524,67275,15176,0,58275,132976,191252,44641,49526,15061,41,1051,109272,110323,442866
2022-01-28,2022,1,28,port425,Guangzhou (Nansha),China,CHN,13,1,1,0,1,15,16,35291,33566,2925,0,2690,71784,74475,42405,2905,780,0,0,46091,46091,442868
2020-12-27,2020,12,27,port425,Guangzhou (Nansha),China,CHN,15,0,3,1,0,19,19,68537,0,9025,0,0,77562,77562,87485,0,3695,0,0,91181,91181,442869
2022-01-29,2022,1,29,port425,Guangzhou (Nansha),China,CHN,15,2,2,0,2,19,21,95209,79893,14233,0,7363,189336,196700,42820,0,0,0,0,42820,42820,442871
2020-12-28,2020,12,28,port425,Guangzhou (Nansha),China,CHN,15,2,1,0,8,18,26,132394,23146,6444,0,11829,161985,173814,27505,0,0,0,3909,27505,31415,442872
2022-01-30,2022,1,30,port425,Guangzhou (Nansha),China,CHN,12,3,2,0,4,17,21,50048,180392,10983,0,9110,241424,250534,24829,0,15781,0,487,40611,41099,442874
2020-12-29,2020,12,29,port425,Guangzhou (Nansha),China,CHN,9,1,4,2,4,16,20,49527,33684,9112,1089,35228,93414,128643,20588,0,780,41,564,21410,21974,442875
2022-01-31,2022,1,31,port425,Guangzhou (Nansha),China,CHN,9,1,0,1,4,11,15,7284,0,0,0,8487,7284,15771,41353,0,0,0,504,41353,41857,442877
2020-12-30,2020,12,30,port425,Guangzhou (Nansha),China,CHN,16,1,5,3,9,25,34,101735,33566,27644,2558,22426,165504,187931,23259,2905,2752,1227,10480,30145,40625,442878
2022-02-01,2022,2,1,port425,Guangzhou (Nansha),China,CHN,11,1,1,2,4,15,19,37004,33566,2925,1419,9680,74917,84597,35362,2905,780,407,564,39456,40020,442880
2020-12-31,2020,12,31,port425,Guangzhou (Nansha),China,CHN,11,2,4,4,2,21,23,42481,56488,5851,6476,6668,111297,117966,26239,0,8453,407,1182,35100,36283,442881
2022-02-02,2022,2,2,port425,Guangzhou (Nansha),China,CHN,11,3,2,1,2,17,19,41755,127557,5692,619,11492,175625,187118,47529,5811,0,407,0,53748,53748,442883
2021-01-01,2021,1,1,port425,Guangzhou (Nansha),China,CHN,16,3,1,2,7,22,29,94115,102663,3043,1320,12767,201143,213911,49770,2905,0,0,4298,52676,56974,442884
2022-02-03,2022,2,3,port425,Guangzhou (Nansha),China,CHN,12,0,3,2,4,17,21,63186,0,9103,1124,6822,73414,80236,27570,0,14429,407,6137,42407,48544,442886
2021-01-02,2021,1,2,port425,Guangzhou (Nansha),China,CHN,13,2,2,2,7,19,26,48273,69535,16003,0,13100,133812,146912,59543,0,383,41,5565,59968,65534,442887
2022-02-04,2022,2,4,port425,Guangzhou (Nansha),China,CHN,13,0,1,1,5,15,20,41643,0,2925,619,10898,45189,56087,32946,0,780,407,1603,34134,35737,442889
2021-01-03,2021,1,3,port425,Guangzhou (Nansha),China,CHN,9,1,1,2,3,13,16,26363,0,14971,0,7079,41335,48414,21213,0,0,0,2165,21213,23379,442890
2022-02-05,2022,2,5,port425,Guangzhou (Nansha),China,CHN,13,0,1,1,3,15,18,60066,0,2925,1024,13601,64016,77618,45118,0,780,0,564,45898,46463,442892
2021-01-04,2021,1,4,port425,Guangzhou (Nansha),China,CHN,15,2,3,5,3,25,28,86241,15622,6185,3622,5788,111671,117459,37068,0,4016,856,564,41941,42505,442893
2022-02-06,2022,2,6,port425,Guangzhou (Nansha),China,CHN,10,2,1,1,1,14,15,55597,38332,0,1684,5936,95613,101550,39986,0,9187,0,0,49173,49173,442895
2022-02-07,2022,2,7,port425,Guangzhou (Nansha),China,CHN,20,3,4,2,7,29,36,59556,175146,23435,1030,20509,259169,279679,53553,2905,780,217,4766,57456,62223,442897
2021-01-05,2021,1,5,port425,Guangzhou (Nansha),China,CHN,14,3,6,1,9,24,33,86776,102182,25284,619,21937,214863,236801,52210,2905,780,407,3139,56303,59443,442899
2022-02-08,2022,2,8,port425,Guangzhou (Nansha),China,CHN,15,2,1,2,3,20,23,47350,25633,2741,1751,6560,77477,84037,40457,0,0,407,0,40865,40865,442900
2021-01-06,2021,1,6,port425,Guangzhou (Nansha),China,CHN,14,3,3,0,3,20,23,37534,155061,8465,0,8086,201062,209148,33277,2905,0,0,487,36183,36670,442902
2022-02-09,2022,2,9,port425,Guangzhou (Nansha),China,CHN,10,1,2,1,3,14,17,19298,62984,15974,0,16966,98257,115224,39958,0,0,908,0,40867,40867,442903
2021-01-07,2021,1,7,port425,Guangzhou (Nansha),China,CHN,11,2,4,3,6,20,26,73994,91732,17511,619,62219,183859,246078,25467,2905,0,449,2010,28822,30833,442905
2022-02-10,2022,2,10,port425,Guangzhou (Nansha),China,CHN,13,3,4,0,5,20,25,58087,125097,5356,0,32770,188541,221311,38975,2905,1606,0,3940,43487,47428,442906
2021-01-08,2021,1,8,port425,Guangzhou (Nansha),China,CHN,17,2,3,4,6,26,32,83382,45375,8908,7516,18460,145182,163642,44117,2905,1560,407,2365,48991,51356,442908
2022-02-11,2022,2,11,port425,Guangzhou (Nansha),China,CHN,16,3,0,2,7,21,28,73143,42856,0,0,21576,115999,137576,19619,2733,0,3561,8574,25914,34488,442909
2021-01-09,2021,1,9,port425,Guangzhou (Nansha),China,CHN,11,1,1,1,7,14,21,21392,78428,705,3745,6583,104272,110856,53185,0,0,0,12913,53185,66099,442911
2022-02-12,2022,2,12,port425,Guangzhou (Nansha),China,CHN,12,2,3,4,6,21,27,30410,63044,8804,1680,11263,103939,115203,25587,3790,0,1723,262,31101,31364,442912
2021-01-10,2021,1,10,port425,Guangzhou (Nansha),China,CHN,12,2,3,4,1,21,22,27643,55131,30497,559,1776,113831,115607,35419,0,0,41,0,35461,35461,442914
2022-02-13,2022,2,13,port425,Guangzhou (Nansha),China,CHN,16,1,4,1,4,22,26,63127,80148,11131,0,28004,154407,182411,34769,0,5398,0,0,40168,40168,442915
2021-01-11,2021,1,11,port425,Guangzhou (Nansha),China,CHN,7,1,2,4,7,14,21,39766,24804,8267,3154,11969,75992,87961,13969,0,1184,407,64406,15560,79967,442917
2022-02-14,2022,2,14,port425,Guangzhou (Nansha),China,CHN,13,4,2,2,4,21,25,54029,178311,11774,2592,10973,246708,257682,39144,5811,0,1307,1669,46263,47932,442918
2021-01-12,2021,1,12,port425,Guangzhou (Nansha),China,CHN,18,2,2,2,3,24,27,34877,103004,4453,0,15353,142335,157688,49285,2905,3515,4474,1615,60181,61797,442920
2022-02-15,2022,2,15,port425,Guangzhou (Nansha),China,CHN,16,3,4,1,7,24,31,62252,81790,31128,619,24775,175791,200566,36562,3687,1606,407,5115,42263,47378,442921
2021-01-13,2021,1,13,port425,Guangzhou (Nansha),China,CHN,12,1,2,6,6,21,27,69790,11190,6421,2558,23408,89961,113370,38848,0,780,1341,0,40970,40970,442923
2022-02-16,2022,2,16,port425,Guangzhou (Nansha),China,CHN,9,1,2,2,5,14,19,24934,0,1116,619,7590,26671,34262,24867,169334,1858,1316,8383,197376,205759,442924
2021-01-14,2021,1,14,port425,Guangzhou (Nansha),China,CHN,17,2,4,1,7,24,31,81396,95954,12257,3280,20127,192889,213016,16031,0,638,0,4287,16670,20958,442926
2022-02-17,2022,2,17,port425,Guangzhou (Nansha),China,CHN,10,2,1,4,6,17,23,29507,104596,6998,1504,14906,142607,157513,43885,2905,0,1092,4800,47883,52684,442927
2021-01-15,2021,1,15,port425,Guangzhou (Nansha),China,CHN,19,1,2,4,4,26,30,102701,65583,3850,1602,8477,173737,182214,56723,0,1258,814,2853,58796,61649,442929
2022-02-18,2022,2,18,port425,Guangzhou (Nansha),China,CHN,9,1,5,1,4,16,20,27261,62993,12401,0,7302,102657,109959,40995,0,1656,0,3413,42652,46065,442930
2021-01-16,2021,1,16,port425,Guangzhou (Nansha),China,CHN,10,4,3,0,9,17,26,32474,102686,5512,0,82462,140673,223135,29603,2905,1139,0,2721,33649,36370,442932
2022-02-19,2022,2,19,port425,Guangzhou (Nansha),China,CHN,8,1,2,2,7,13,20,36255,0,8346,619,66727,45221,111949,13355,3790,0,1316,974,18462,19436,442933
2021-01-17,2021,1,17,port425,Guangzhou (Nansha),China,CHN,10,3,4,2,1,19,20,112869,139702,2177,619,5788,255369,261157,20698,1585,7169,407,564,29861,30425,442934
2022-02-20,2022,2,20,port425,Guangzhou (Nansha),China,CHN,9,0,1,1,4,11,15,25266,0,6711,1458,2569,33436,36006,24997,0,0,0,383,24997,25380,442935
2021-01-18,2021,1,18,port425,Guangzhou (Nansha),China,CHN,18,0,2,2,11,22,33,104386,0,6634,652,63977,111673,175651,53662,0,0,41,5474,53704,59178,442936
2022-02-21,2022,2,21,port425,Guangzhou (Nansha),China,CHN,9,2,0,0,8,11,19,28966,58425,0,0,23861,87391,111253,8670,2905,0,0,4344,11576,15921,442938
2021-01-19,2021,1,19,port425,Guangzhou (Nansha),China,CHN,12,2,6,2,7,22,29,58867,74888,31852,511,11108,166119,177227,44480,0,4630,0,487,49111,49598,442939
2022-02-22,2022,2,22,port425,Guangzhou (Nansha),China,CHN,18,1,2,3,4,24,28,67924,72718,19264,619,13631,160526,174158,20700,0,0,1589,0,22290,22290,442941
2021-01-20,2021,1,20,port425,Guangzhou (Nansha),China,CHN,11,3,5,3,11,22,33,33304,213077,28621,1239,42785,276242,319028,22613,2905,2632,3333,5372,31485,36858,442942
2022-02-23,2022,2,23,port425,Guangzhou (Nansha),China,CHN,16,1,2,2,3,21,24,42820,0,12602,0,19627,55423,75050,53527,7795,0,2638,0,63960,63960,442944
2021-01-21,2021,1,21,port425,Guangzhou (Nansha),China,CHN,17,1,4,4,1,26,27,75967,68358,16471,1239,7067,162037,169105,59201,0,4051,856,0,64109,64109,442945
2022-02-24,2022,2,24,port425,Guangzhou (Nansha),China,CHN,13,2,2,0,5,17,22,42986,72711,3212,0,26956,118909,145865,17992,0,0,0,6430,17992,24422,442947
2021-01-22,2021,1,22,port425,Guangzhou (Nansha),China,CHN,12,0,1,3,4,16,20,71877,0,4667,5339,8419,81885,90304,24107,0,0,0,1182,24107,25290,442948
2022-02-25,2022,2,25,port425,Guangzhou (Nansha),China,CHN,9,1,2,1,3,13,16,11249,0,5851,0,37800,17100,54901,30869,0,1560,908,1182,33339,34521,442950
2021-01-23,2021,1,23,port425,Guangzhou (Nansha),China,CHN,11,0,3,1,8,15,23,54258,0,16323,0,34944,70581,105525,37455,0,780,0,5781,38235,44017,442951
2022-02-26,2022,2,26,port425,Guangzhou (Nansha),China,CHN,12,1,3,1,9,17,26,43788,63044,9506,0,56663,116339,173003,26402,0,780,0,3122,27182,30305,442953
2021-01-24,2021,1,24,port425,Guangzhou (Nansha),China,CHN,14,2,1,2,4,19,23,58253,97125,2822,619,10462,158821,169283,65041,0,0,407,827,65449,66276,442954
2022-02-27,2022,2,27,port425,Guangzhou (Nansha),China,CHN,10,1,2,1,0,14,14,38070,54661,12750,619,0,106101,106101,19733,0,0,407,0,20140,20140,442956
2021-01-25,2021,1,25,port425,Guangzhou (Nansha),China,CHN,16,3,9,3,6,31,37,111725,73661,43790,1177,112521,230355,342877,30423,0,3781,407,487,34612,35100,442957
2022-02-28,2022,2,28,port425,Guangzhou (Nansha),China,CHN,17,2,4,3,6,26,32,68319,73656,12250,2120,9803,156346,166150,39591,2905,1560,908,5305,44967,50272,442959
2021-01-26,2021,1,26,port425,Guangzhou (Nansha),China,CHN,9,2,4,1,5,16,21,37031,58798,27673,0,14728,123503,138231,56232,0,0,0,2234,56232,58466,442960
2022-03-01,2022,3,1,port425,Guangzhou (Nansha),China,CHN,14,3,3,1,9,21,30,64378,204707,5728,0,30382,274814,305196,30349,0,0,513,11342,30862,42204,442962
2021-01-27,2021,1,27,port425,Guangzhou (Nansha),China,CHN,13,2,2,6,4,23,27,111553,102185,1335,3468,8219,218543,226762,20618,0,0,814,3465,21432,24897,442963
2022-03-02,2022,3,2,port425,Guangzhou (Nansha),China,CHN,16,2,1,2,5,21,26,64506,103048,9729,958,11056,178242,189299,39655,0,0,1742,5938,41398,47336,442965
2021-01-28,2021,1,28,port425,Guangzhou (Nansha),China,CHN,12,1,4,2,8,19,27,92542,62945,7553,0,28633,163041,191674,26693,0,0,41,2354,26734,29089,442966
2022-03-03,2022,3,3,port425,Guangzhou (Nansha),China,CHN,13,0,3,2,4,18,22,56584,0,13070,0,6128,69654,75783,24626,0,2387,908,0,27922,27922,442968
2021-01-29,2021,1,29,port425,Guangzhou (Nansha),China,CHN,19,0,4,5,5,28,33,112992,0,33148,3585,5336,149726,155063,26482,0,0,814,17265,27297,44562,442969
2022-03-04,2022,3,4,port425,Guangzhou (Nansha),China,CHN,14,1,1,1,1,17,18,41268,68070,2925,619,5788,112884,118672,21423,0,780,407,564,22610,23175,442971
2022-03-05,2022,3,5,port425,Guangzhou (Nansha),China,CHN,9,0,2,0,5,11,16,39345,0,5027,0,16183,44373,60556,27127,0,780,0,2311,27907,30218,442973
2021-01-30,2021,1,30,port425,Guangzhou (Nansha),China,CHN,17,3,3,1,7,24,31,61709,34589,4430,0,24614,100728,125343,82107,0,870,561,4293,83539,87832,442974
2022-03-06,2022,3,6,port425,Guangzhou (Nansha),China,CHN,12,1,4,1,2,18,20,29926,34227,10428,619,5788,75202,80990,34261,0,780,407,4484,35448,39933,442976
2021-01-31,2021,1,31,port425,Guangzhou (Nansha),China,CHN,8,1,0,2,4,11,15,53782,23808,0,0,7757,77591,85348,33111,0,0,41,2111,33153,35265,442977
2022-03-07,2022,3,7,port425,Guangzhou (Nansha),China,CHN,15,2,4,4,5,25,30,64926,0,38118,3434,7834,106479,114314,31044,105007,1606,1316,4127,138974,143102,442979
2021-02-01,2021,2,1,port425,Guangzhou (Nansha),China,CHN,11,5,4,0,11,20,31,45820,149584,30337,0,41478,225742,267220,20017,4491,0,0,2053,24508,26562,442980
2022-03-08,2022,3,8,port425,Guangzhou (Nansha),China,CHN,21,5,3,1,3,30,33,58697,110760,5851,0,57121,175308,232430,70959,2905,7430,0,564,81296,81860,442982
2021-02-02,2021,2,2,port425,Guangzhou (Nansha),China,CHN,13,1,4,2,6,20,26,95351,4154,13924,619,29649,114049,143699,28848,0,780,449,1182,30078,31260,442983
2022-03-09,2022,3,9,port425,Guangzhou (Nansha),China,CHN,13,0,4,3,6,20,26,54799,0,11045,2160,17524,68004,85529,20373,0,7558,785,4257,28718,32975,442985
2021-02-03,2021,2,3,port425,Guangzhou (Nansha),China,CHN,11,2,0,3,8,16,24,65750,124522,0,273,31387,190546,221934,5465,0,0,0,15954,5465,21419,442986
2022-03-10,2022,3,10,port425,Guangzhou (Nansha),China,CHN,11,4,3,1,9,19,28,44550,78568,9271,0,21356,132390,153746,36033,0,1161,0,6257,37195,43452,442988
2021-02-04,2021,2,4,port425,Guangzhou (Nansha),China,CHN,14,2,6,2,6,24,30,19371,66745,24499,1419,41127,112036,153163,59339,0,3144,407,1182,62890,64073,442989
2022-03-11,2022,3,11,port425,Guangzhou (Nansha),China,CHN,15,2,2,0,2,19,21,53337,79942,2925,0,9565,136205,145770,56899,0,1406,0,1051,58305,59356,442991
2021-02-05,2021,2,5,port425,Guangzhou (Nansha),China,CHN,19,1,2,3,10,25,35,127778,63043,24786,2913,29874,218522,248396,102933,0,0,449,3279,103382,106662,442992
2022-03-12,2022,3,12,port425,Guangzhou (Nansha),China,CHN,12,1,4,1,7,18,25,60549,6928,17541,0,2702,85018,87721,36106,0,780,908,7751,37795,45547,442994
2021-02-06,2021,2,6,port425,Guangzhou (Nansha),China,CHN,10,0,3,1,2,14,16,59984,0,32287,0,9565,92272,101837,39243,0,1606,0,1051,40850,41902,442995
2022-03-13,2022,3,13,port425,Guangzhou (Nansha),China,CHN,11,0,1,0,2,12,14,37038,0,0,0,5497,37038,42536,39121,0,0,0,1182,39121,40303,442997
2021-02-07,2021,2,7,port425,Guangzhou (Nansha),China,CHN,14,1,2,1,2,18,20,60094,33566,6486,0,2853,100148,103001,63749,2905,780,0,343,67435,67779,442998
2022-03-14,2022,3,14,port425,Guangzhou (Nansha),China,CHN,11,1,2,1,1,15,16,19343,30998,2925,619,356,53886,54242,29528,0,780,407,0,30715,30715,443000
2021-02-08,2021,2,8,port425,Guangzhou (Nansha),China,CHN,16,1,3,0,8,20,28,94139,51236,1499,0,34924,146876,181801,16946,0,1183,0,1051,18129,19181,443001
2022-03-15,2022,3,15,port425,Guangzhou (Nansha),China,CHN,18,2,5,2,7,27,34,48755,67412,13921,2158,19077,132248,151325,41643,2905,4728,407,4920,49684,54605,443002
2022-03-16,2022,3,16,port425,Guangzhou (Nansha),China,CHN,16,1,1,2,7,20,27,80661,0,1180,0,20389,81842,102232,32942,0,0,908,2234,33850,36085,443004
2021-02-09,2021,2,9,port425,Guangzhou (Nansha),China,CHN,15,1,1,2,5,19,24,78660,20346,8823,619,6709,108450,115159,20770,0,0,407,0,21177,21177,443005
2022-03-17,2022,3,17,port425,Guangzhou (Nansha),China,CHN,14,1,4,2,3,21,24,29734,62993,29713,1056,3777,123498,127275,28423,0,9906,407,1034,38737,39772,443007
2021-02-10,2021,2,10,port425,Guangzhou (Nansha),China,CHN,12,1,2,1,2,16,18,42446,58883,0,0,9565,101329,110894,61916,0,1291,0,1051,63208,64259,443008
2021-02-11,2021,2,11,port425,Guangzhou (Nansha),China,CHN,14,2,2,0,4,18,22,63490,106471,2297,0,7611,172258,179869,76703,0,0,0,2035,76703,78738,443010
2021-02-12,2021,2,12,port425,Guangzhou (Nansha),China,CHN,16,0,2,1,5,19,24,46358,0,1752,1089,17011,49200,66212,57877,0,1464,0,383,59342,59725,443012
2022-03-18,2022,3,18,port425,Guangzhou (Nansha),China,CHN,8,0,3,0,4,11,15,31760,0,6085,0,9656,37845,47502,11134,0,780,0,0,11914,11914,443013
2021-02-13,2021,2,13,port425,Guangzhou (Nansha),China,CHN,8,3,1,2,5,14,19,39715,49395,3153,437,8385,92701,101086,10584,2905,0,2308,8269,15798,24068,443015
2022-03-19,2022,3,19,port425,Guangzhou (Nansha),China,CHN,11,5,1,1,5,18,23,55370,154481,2925,580,5189,213358,218547,29160,0,780,0,2295,29940,32236,443016
2021-02-14,2021,2,14,port425,Guangzhou (Nansha),China,CHN,9,1,0,1,4,11,15,18735,69720,0,619,8525,89075,97601,39362,0,0,407,1182,39770,40952,443018
2022-03-20,2022,3,20,port425,Guangzhou (Nansha),China,CHN,14,0,1,2,4,17,21,69057,0,7263,619,4330,76940,81270,56129,0,0,1433,2477,57562,60040,443019
2021-02-15,2021,2,15,port425,Guangzhou (Nansha),China,CHN,11,1,1,1,7,14,21,49193,53527,5202,0,14760,107923,122684,23276,0,0,0,5706,23276,28982,443021
2022-03-21,2022,3,21,port425,Guangzhou (Nansha),China,CHN,15,0,2,2,5,19,24,17727,0,2547,1749,20425,22024,42450,45868,0,0,407,1182,46275,47457,443022
2021-02-16,2021,2,16,port425,Guangzhou (Nansha),China,CHN,11,1,2,3,2,17,19,85512,20376,7465,2262,18464,115616,134080,10240,0,780,814,564,11835,12399,443024
2022-03-22,2022,3,22,port425,Guangzhou (Nansha),China,CHN,15,2,3,2,5,22,27,23559,118510,7630,1346,16381,151047,167429,47286,0,0,407,1297,47693,48990,443025
2021-02-17,2021,2,17,port425,Guangzhou (Nansha),China,CHN,10,1,1,1,5,13,18,66761,70245,785,1320,14751,139113,153864,29212,0,0,0,4727,29212,33940,443027
2022-03-23,2022,3,23,port425,Guangzhou (Nansha),China,CHN,14,1,1,1,1,17,18,40085,68899,2218,0,0,111203,111203,41966,0,1606,908,383,44482,44866,443028
2022-03-24,2022,3,24,port425,Guangzhou (Nansha),China,CHN,14,3,1,2,6,20,26,38724,105667,2925,619,10786,147936,158723,64911,2905,780,407,564,69004,69568,443030
2021-02-18,2021,2,18,port425,Guangzhou (Nansha),China,CHN,14,1,3,4,4,22,26,53247,34486,11770,782,13061,100288,113350,33541,0,0,1879,1446,35420,36866,443031
2022-03-25,2022,3,25,port425,Guangzhou (Nansha),China,CHN,13,1,3,2,5,19,24,76808,62984,5474,619,9393,145886,155280,22714,0,2387,407,487,25509,25996,443033
2021-02-19,2021,2,19,port425,Guangzhou (Nansha),China,CHN,10,2,2,0,9,14,23,38628,60387,13193,0,21749,112209,133958,34916,0,0,0,3208,34916,38125,443034
2022-03-26,2022,3,26,port425,Guangzhou (Nansha),China,CHN,16,1,3,2,6,22,28,33555,61645,8777,2486,20225,106464,126690,66478,0,2340,407,5467,69226,74694,443036
2021-02-20,2021,2,20,port425,Guangzhou (Nansha),China,CHN,9,2,2,0,4,13,17,66592,33566,5646,0,7730,105805,113535,29850,2905,780,0,6115,33536,39651,443037
2022-03-27,2022,3,27,port425,Guangzhou (Nansha),China,CHN,14,1,3,1,2,19,21,46279,71836,5851,1684,3777,125651,129429,42325,0,5917,0,2677,48242,50919,443039
2021-02-21,2021,2,21,port425,Guangzhou (Nansha),China,CHN,6,1,2,0,1,9,10,23593,74925,5851,0,1942,104370,106313,8378,0,1560,0,0,9939,9939,443040
2022-03-28,2022,3,28,port425,Guangzhou (Nansha),China,CHN,9,1,1,2,8,13,21,33647,0,0,1530,24322,35177,59500,31737,0,394,1133,4739,33265,38004,443042
2021-02-22,2021,2,22,port425,Guangzhou (Nansha),China,CHN,11,2,2,3,9,18,27,116903,106661,8579,4863,33590,237007,270598,10058,2905,6226,407,7585,19598,27184,443043
2022-03-29,2022,3,29,port425,Guangzhou (Nansha),China,CHN,10,3,3,1,4,17,21,19306,73278,13897,0,13332,106482,119814,43068,12712,1416,0,4728,57197,61926,443045
2021-02-23,2021,2,23,port425,Guangzhou (Nansha),China,CHN,9,0,3,4,8,16,24,60429,0,7397,619,14766,68446,83212,17569,0,6650,449,14214,24668,38883,443046
2021-02-24,2021,2,24,port425,Guangzhou (Nansha),China,CHN,11,5,4,3,5,23,28,77385,207757,27460,1239,28254,313843,342097,11492,45401,12677,814,80,70385,70466,443048
2022-03-30,2022,3,30,port425,Guangzhou (Nansha),China,CHN,11,0,2,0,6,13,19,6635,0,1178,0,17161,7813,24975,40158,0,2104,0,1746,42263,44009,443050
2021-02-25,2021,2,25,port425,Guangzhou (Nansha),China,CHN,10,0,3,0,7,13,20,29736,0,5625,0,16665,35362,52028,32561,0,780,0,4959,33342,38301,443051
2022-03-31,2022,3,31,port425,Guangzhou (Nansha),China,CHN,13,1,1,1,4,16,20,39979,58929,2499,619,57441,102027,159469,56129,0,0,407,487,56537,57024,443053
2021-02-26,2021,2,26,port425,Guangzhou (Nansha),China,CHN,8,0,1,1,9,10,19,41130,0,2925,0,18712,44055,62768,21956,0,780,41,2234,22778,25012,443054
2022-04-01,2022,4,1,port425,Guangzhou (Nansha),China,CHN,15,2,3,1,10,21,31,29022,93126,7084,0,28138,129233,157372,31253,0,1606,0,2655,32860,35515,443056
2021-02-27,2021,2,27,port425,Guangzhou (Nansha),China,CHN,15,3,1,3,3,22,25,122154,106759,1743,1709,15707,232367,248075,6899,11665,0,407,564,18972,19537,443057
2022-04-02,2022,4,2,port425,Guangzhou (Nansha),China,CHN,16,4,1,1,6,22,28,49750,120115,7527,1532,13799,178925,192724,65029,8717,0,0,2344,73746,76091,443059
2021-02-28,2021,2,28,port425,Guangzhou (Nansha),China,CHN,14,0,1,1,4,16,20,105163,0,3212,619,9446,108995,118442,10402,0,0,407,750,10810,11560,443060
2022-04-03,2022,4,3,port425,Guangzhou (Nansha),China,CHN,9,2,2,1,3,14,17,21654,50911,3964,0,8352,76530,84882,62064,0,330,409,1558,62804,64363,443062
2021-03-01,2021,3,1,port425,Guangzhou (Nansha),China,CHN,12,4,3,1,8,20,28,77041,197172,12615,1527,23354,288355,311710,12104,2905,780,0,2420,15790,18210,443063
2022-04-04,2022,4,4,port425,Guangzhou (Nansha),China,CHN,17,2,2,3,4,24,28,48350,126038,6313,619,807,181322,182129,41104,0,0,3217,885,44321,45206,443065
2021-03-02,2021,3,2,port425,Guangzhou (Nansha),China,CHN,14,4,4,2,9,24,33,52585,151100,8514,1688,60950,213888,274838,26634,2402,7082,407,4060,36525,40586,443066
2022-04-05,2022,4,5,port425,Guangzhou (Nansha),China,CHN,17,3,1,1,1,22,23,35815,172444,0,0,3890,208260,212151,59372,0,4962,908,0,65244,65244,443068
2021-03-03,2021,3,3,port425,Guangzhou (Nansha),China,CHN,13,4,3,2,7,22,29,128577,99026,8727,2661,39780,238993,278773,3570,2905,0,407,3636,6883,10519,443069
2022-04-06,2022,4,6,port425,Guangzhou (Nansha),China,CHN,17,2,4,0,8,23,31,45218,132746,11375,0,84074,189340,273414,49071,0,3963,0,5049,53034,58083,443071
2021-03-04,2021,3,4,port425,Guangzhou (Nansha),China,CHN,15,0,3,1,4,19,23,51727,0,6468,1541,37916,59737,97654,23321,0,780,0,4149,24101,28251,443072
2022-04-07,2022,4,7,port425,Guangzhou (Nansha),China,CHN,19,2,0,1,5,22,27,45322,22438,0,0,8349,67761,76111,71874,0,0,908,6371,72782,79154,443074
2021-03-05,2021,3,5,port425,Guangzhou (Nansha),China,CHN,10,3,7,2,6,22,28,32206,88559,20155,1129,13490,142050,155541,11129,4491,4950,407,3436,20979,24415,443075
2022-04-08,2022,4,8,port425,Guangzhou (Nansha),China,CHN,14,2,3,3,6,22,28,34680,31837,25494,1827,16015,93839,109854,35366,0,780,2455,1746,38602,40349,443077
2021-03-06,2021,3,6,port425,Guangzhou (Nansha),China,CHN,12,0,5,1,5,18,23,36920,0,21767,619,22886,59307,82194,21241,0,0,407,1446,21648,23095,443078
2022-04-09,2022,4,9,port425,Guangzhou (Nansha),China,CHN,20,0,1,2,6,23,29,54432,0,0,2632,35897,57065,92962,38172,0,10251,0,2289,48423,50713,443080
2021-03-07,2021,3,7,port425,Guangzhou (Nansha),China,CHN,8,3,1,1,2,13,15,46756,86908,2916,0,5849,136581,142430,18018,54211,0,0,564,72229,72794,443081
2022-04-10,2022,4,10,port425,Guangzhou (Nansha),China,CHN,13,2,4,2,2,21,23,37200,62014,24331,619,995,124166,125161,21114,0,780,407,1215,22301,23517,443083
2021-03-08,2021,3,8,port425,Guangzhou (Nansha),China,CHN,14,4,3,1,4,22,26,47325,187960,11059,1020,7556,247365,254922,28630,2905,0,0,831,31535,32367,443084
2021-03-09,2021,3,9,port425,Guangzhou (Nansha),China,CHN,17,1,3,3,8,24,32,73342,4865,10534,619,45916,89362,135279,19769,0,0,407,16563,20176,36740,443086
2019-01-01,2019,1,1,port425,Guangzhou (Nansha),China,CHN,12,0,3,1,3,16,19,74858,0,0,619,11249,75478,86727,49949,0,16030,407,0,66386,66386,443087
2021-03-10,2021,3,10,port425,Guangzhou (Nansha),China,CHN,16,1,4,2,5,23,28,93615,61748,7435,619,11590,163418,175009,10031,0,1964,1499,2739,13496,16235,443088
2022-04-11,2022,4,11,port425,Guangzhou (Nansha),China,CHN,16,3,1,1,7,21,28,135695,104123,0,0,17312,239819,257132,38706,6658,4310,378,3835,50054,53889,443089
2019-01-02,2019,1,2,port425,Guangzhou (Nansha),China,CHN,11,4,2,1,5,18,23,70943,104213,10241,0,14731,185398,200129,13634,0,0,0,1734,13634,15368,443090
2021-03-11,2021,3,11,port425,Guangzhou (Nansha),China,CHN,20,2,3,1,10,26,36,72192,67133,7686,1684,44413,148697,193110,30386,5811,780,0,5294,36979,42273,443091
2022-04-12,2022,4,12,port425,Guangzhou (Nansha),China,CHN,16,2,6,0,11,24,35,19115,99419,17275,0,32947,135810,168758,47171,0,1962,0,4575,49133,53709,443092
2019-01-03,2019,1,3,port425,Guangzhou (Nansha),China,CHN,14,3,1,1,6,19,25,130756,127484,6289,0,18355,264530,282886,26501,2905,0,0,1539,29407,30946,443093
2021-03-12,2021,3,12,port425,Guangzhou (Nansha),China,CHN,14,4,6,1,8,25,33,38462,127107,21936,619,38414,188126,226541,24187,2905,1175,407,2529,28675,31205,443094
2022-04-13,2022,4,13,port425,Guangzhou (Nansha),China,CHN,20,1,0,1,6,22,28,46134,67687,0,0,13608,113821,127430,56584,0,0,0,1669,56584,58254,443095
2019-01-04,2019,1,4,port425,Guangzhou (Nansha),China,CHN,19,4,4,3,4,30,34,137095,162678,2925,1859,20538,304559,325098,51244,0,9415,1221,9688,61881,71570,443096
2021-03-13,2021,3,13,port425,Guangzhou (Nansha),China,CHN,19,0,0,1,9,20,29,37450,0,0,619,40960,38070,79030,60733,0,0,407,4967,61140,66108,443097
2022-04-14,2022,4,14,port425,Guangzhou (Nansha),China,CHN,9,3,1,1,4,14,18,45029,65699,2925,0,6883,113655,120538,33047,4675,780,908,3664,39412,43076,443098
2019-01-05,2019,1,5,port425,Guangzhou (Nansha),China,CHN,13,3,0,0,6,16,22,42147,40792,0,0,10339,82939,93279,22979,1585,0,0,0,24565,24565,443099
2021-03-14,2021,3,14,port425,Guangzhou (Nansha),China,CHN,17,1,3,3,7,24,31,44711,67963,17347,3812,19822,133834,153657,44625,0,780,0,3115,45405,48520,443100
2022-04-15,2022,4,15,port425,Guangzhou (Nansha),China,CHN,19,3,1,1,7,24,31,70829,123558,1111,4096,26448,199596,226044,52410,0,0,0,3691,52410,56101,443101
2019-01-06,2019,1,6,port425,Guangzhou (Nansha),China,CHN,11,3,1,1,3,16,19,58133,67133,2925,605,4706,128798,133505,27226,6441,780,0,487,34447,34935,443102
2021-03-15,2021,3,15,port425,Guangzhou (Nansha),China,CHN,15,1,3,3,6,22,28,90397,0,7519,3301,22305,101218,123524,24648,84180,0,407,8445,109236,117682,443103
2022-04-16,2022,4,16,port425,Guangzhou (Nansha),China,CHN,12,1,2,2,3,17,20,58746,0,3730,0,5978,62476,68454,22253,0,780,1092,1182,24126,25309,443104
2019-01-07,2019,1,7,port425,Guangzhou (Nansha),China,CHN,9,6,3,1,10,19,29,37418,203029,12299,619,17130,253366,270497,73097,27688,1560,407,5576,102753,108330,443105
2021-03-16,2021,3,16,port425,Guangzhou (Nansha),China,CHN,14,1,0,3,4,18,22,94407,0,0,6831,7246,101238,108485,35512,11866,0,814,1095,48193,49288,443106
2022-04-17,2022,4,17,port425,Guangzhou (Nansha),China,CHN,11,1,1,0,2,13,15,51475,70358,15428,0,9565,137262,146828,25327,0,0,0,1051,25327,26379,443107
2019-01-08,2019,1,8,port425,Guangzhou (Nansha),China,CHN,15,2,3,1,9,21,30,76160,101067,6226,0,23911,183455,207366,43590,2905,0,0,2929,46496,49425,443108
2021-03-17,2021,3,17,port425,Guangzhou (Nansha),China,CHN,16,1,4,1,4,22,26,78687,33566,9794,1029,8395,123078,131474,44860,2905,2101,0,1669,49867,51537,443109
2022-04-18,2022,4,18,port425,Guangzhou (Nansha),China,CHN,14,0,2,3,6,19,25,58920,0,28544,2667,12046,90132,102179,47527,0,0,1440,994,48968,49962,443110
2019-01-09,2019,1,9,port425,Guangzhou (Nansha),China,CHN,12,2,3,1,7,18,25,46416,36707,4708,0,31677,87833,119511,21300,2905,8210,605,2234,33022,35256,443111
2021-03-18,2021,3,18,port425,Guangzhou (Nansha),China,CHN,15,3,4,2,7,24,31,69675,9105,11254,619,71674,90655,162330,37263,32562,2340,407,2009,72574,74584,443112
2022-04-19,2022,4,19,port425,Guangzhou (Nansha),China,CHN,13,0,3,0,7,16,23,54542,0,8676,0,16847,63219,80066,44055,0,2387,0,7113,46442,53556,443113
2019-01-10,2019,1,10,port425,Guangzhou (Nansha),China,CHN,7,2,1,2,9,12,21,81802,40982,934,1239,54176,124959,179136,3798,2905,0,814,3938,7518,11457,443114
2021-03-19,2021,3,19,port425,Guangzhou (Nansha),China,CHN,11,4,4,3,6,22,28,49349,145636,4770,1239,25927,200995,226923,34255,1585,1388,814,1314,38043,39358,443115
2022-04-20,2022,4,20,port425,Guangzhou (Nansha),China,CHN,12,2,5,1,6,20,26,20313,89934,17774,619,14428,128642,143071,22412,0,5193,407,3476,28013,31489,443116
2019-01-11,2019,1,11,port425,Guangzhou (Nansha),China,CHN,12,2,4,1,5,19,24,38899,2869,5695,619,25667,48084,73752,49562,24884,7852,407,974,82706,83681,443117
2021-03-20,2021,3,20,port425,Guangzhou (Nansha),China,CHN,17,2,4,2,5,25,30,84485,63917,8010,1628,33992,158041,192034,38457,1585,1322,0,9983,41365,51348,443118
2022-04-21,2022,4,21,port425,Guangzhou (Nansha),China,CHN,17,2,5,4,4,28,32,58690,62993,19516,1432,9927,142632,152560,49401,0,1560,814,0,51776,51776,443119
2019-01-12,2019,1,12,port425,Guangzhou (Nansha),China,CHN,13,4,2,2,8,21,29,58491,97838,5397,1239,22435,162967,185403,39053,3648,0,814,3416,43516,46933,443120
2021-03-21,2021,3,21,port425,Guangzhou (Nansha),China,CHN,15,0,0,1,3,16,19,46342,0,0,0,2710,46342,49053,61906,0,0,0,383,61906,62290,443121
2022-04-22,2022,4,22,port425,Guangzhou (Nansha),China,CHN,14,3,1,2,8,20,28,33054,178888,2925,619,10979,215487,226467,40493,0,780,2051,6164,43324,49489,443122
2019-01-13,2019,1,13,port425,Guangzhou (Nansha),China,CHN,8,1,2,2,5,13,18,44724,69106,3399,0,6334,117230,123565,33828,0,6664,2047,2362,42540,44903,443123
2021-03-22,2021,3,22,port425,Guangzhou (Nansha),China,CHN,11,1,1,1,7,14,21,103260,0,394,0,23150,103654,126805,19813,3284,0,3836,3285,26934,30219,443124
2019-01-14,2019,1,14,port425,Guangzhou (Nansha),China,CHN,13,4,7,2,6,26,32,84036,109864,23525,1239,62899,218666,281565,29332,0,6660,814,1669,36807,38477,443125
2021-03-23,2021,3,23,port425,Guangzhou (Nansha),China,CHN,15,3,7,0,4,25,29,97449,87331,16818,0,2806,201599,204406,20256,5811,4948,0,11647,31017,42664,443126
2019-01-15,2019,1,15,port425,Guangzhou (Nansha),China,CHN,9,2,1,0,3,12,15,48228,96293,8557,0,6583,153080,159664,51378,0,0,0,1669,51378,53047,443127
2022-04-23,2022,4,23,port425,Guangzhou (Nansha),China,CHN,14,0,2,1,8,17,25,36754,0,8202,2120,15868,47077,62945,51294,0,10130,0,3206,61425,64632,443128
2021-03-24,2021,3,24,port425,Guangzhou (Nansha),China,CHN,14,3,3,1,4,21,25,95655,187906,8525,619,16983,292707,309691,40473,0,3327,407,487,44208,44695,443129
2019-01-16,2019,1,16,port425,Guangzhou (Nansha),China,CHN,13,1,5,3,5,22,27,149441,29908,13974,1786,21413,195111,216524,31406,0,8262,814,1462,40482,41944,443130
2022-04-24,2022,4,24,port425,Guangzhou (Nansha),China,CHN,12,2,4,1,3,19,22,26603,33566,9283,619,8427,70073,78500,36708,54733,3655,407,0,95505,95505,443131
2021-03-25,2021,3,25,port425,Guangzhou (Nansha),China,CHN,18,4,4,2,1,28,29,90167,9017,11327,0,2806,110512,113319,29759,54280,780,436,1182,85256,86439,443132
2019-01-17,2019,1,17,port425,Guangzhou (Nansha),China,CHN,12,0,5,0,1,17,18,119611,0,8906,0,1146,128517,129664,20590,0,7226,0,0,27816,27816,443133
2022-04-25,2022,4,25,port425,Guangzhou (Nansha),China,CHN,14,1,1,1,5,17,22,56673,7140,865,0,7657,64679,72337,16162,0,0,0,3204,16162,19366,443134
2021-03-26,2021,3,26,port425,Guangzhou (Nansha),China,CHN,12,2,2,1,6,17,23,29158,88842,15582,619,3713,134202,137915,57279,0,0,407,4158,57687,61845,443135
2019-01-18,2019,1,18,port425,Guangzhou (Nansha),China,CHN,13,2,2,4,4,21,25,49441,10696,0,2734,86453,62872,149326,22919,27688,7656,1221,0,59485,59485,443136
2022-04-26,2022,4,26,port425,Guangzhou (Nansha),China,CHN,15,0,4,2,8,21,29,30997,0,3197,2303,36985,36498,73484,33379,0,3431,407,1435,37217,38653,443137
2021-03-27,2021,3,27,port425,Guangzhou (Nansha),China,CHN,17,3,6,1,7,27,34,39265,97848,27482,514,29479,165110,194589,45737,0,4138,0,1539,49876,51415,443138
2019-01-19,2019,1,19,port425,Guangzhou (Nansha),China,CHN,14,1,3,1,5,19,24,127568,0,6086,0,23552,133655,157208,20749,0,0,0,127,20749,20877,443139
2022-04-27,2022,4,27,port425,Guangzhou (Nansha),China,CHN,16,2,6,1,8,25,33,45487,87811,19382,619,28331,153300,181632,66337,2905,1672,407,7341,71323,78664,443140
2021-03-28,2021,3,28,port425,Guangzhou (Nansha),China,CHN,12,3,5,3,2,23,25,46845,29400,33374,2490,2806,112110,114917,68766,1585,0,554,1182,70906,72089,443141
2019-01-20,2019,1,20,port425,Guangzhou (Nansha),China,CHN,13,0,3,1,1,17,18,94108,0,10323,619,0,105051,105051,16454,0,780,407,0,17642,17642,443142
2022-04-28,2022,4,28,port425,Guangzhou (Nansha),China,CHN,16,2,0,0,2,18,20,49437,66354,0,0,10769,115792,126562,43993,51827,0,0,0,95821,95821,443143
2021-03-29,2021,3,29,port425,Guangzhou (Nansha),China,CHN,16,0,6,1,9,23,32,79979,0,17921,726,18531,98627,117159,24165,0,780,0,6170,24945,31116,443144
2019-01-21,2019,1,21,port425,Guangzhou (Nansha),China,CHN,16,5,1,1,5,23,28,68429,290298,2981,1684,36551,363394,399945,48916,0,0,0,6840,48916,55756,443145
2022-04-29,2022,4,29,port425,Guangzhou (Nansha),China,CHN,19,3,3,0,6,25,31,53295,72252,16057,0,34225,141606,175832,65693,3886,1575,0,1140,71155,72295,443146
2021-03-30,2021,3,30,port425,Guangzhou (Nansha),China,CHN,19,3,2,1,5,25,30,95452,135503,17407,0,26608,248363,274972,58394,0,0,41,6653,58436,65090,443147
2019-01-22,2019,1,22,port425,Guangzhou (Nansha),China,CHN,18,0,2,2,5,22,27,108452,0,9708,619,69659,118780,188439,53937,0,4218,407,1051,58563,59614,443148
2022-04-30,2022,4,30,port425,Guangzhou (Nansha),China,CHN,16,2,1,1,6,20,26,38866,25617,0,2120,37460,66604,104065,30090,0,1607,0,2252,31697,33950,443149
2021-03-31,2021,3,31,port425,Guangzhou (Nansha),China,CHN,13,0,7,2,6,22,28,79745,0,34771,1709,61798,116226,178025,37261,0,3524,407,1192,41193,42385,443150
2019-01-23,2019,1,23,port425,Guangzhou (Nansha),China,CHN,9,2,2,5,8,18,26,94681,5749,508,2744,25970,103683,129654,13411,0,3843,935,4667,18190,22857,443151
2022-05-01,2022,5,1,port425,Guangzhou (Nansha),China,CHN,11,1,0,0,4,12,16,35242,76436,0,0,8362,111679,120041,36035,0,0,0,3863,36035,39899,443152
2021-04-01,2021,4,1,port425,Guangzhou (Nansha),China,CHN,11,2,4,0,7,17,24,54711,15946,14725,0,24102,85383,109486,15837,1585,1560,0,2103,18983,21086,443153
2019-01-24,2019,1,24,port425,Guangzhou (Nansha),China,CHN,11,1,5,0,5,17,22,160166,33566,16157,0,16115,209890,226006,14845,2905,1882,0,2365,19633,21998,443154
2022-05-02,2022,5,2,port425,Guangzhou (Nansha),China,CHN,13,1,2,1,7,17,24,51397,63611,2925,0,32723,117935,150659,35817,0,780,908,1974,37506,39481,443155
2021-04-02,2021,4,2,port425,Guangzhou (Nansha),China,CHN,15,4,5,3,5,27,32,51248,182843,8777,2160,10360,245029,255390,32794,2905,5161,449,6116,41311,47427,443156
2019-01-25,2019,1,25,port425,Guangzhou (Nansha),China,CHN,11,2,1,2,4,16,20,57914,93765,0,619,14081,152300,166381,29177,0,9013,407,1475,38598,40074,443157
2022-05-03,2022,5,3,port425,Guangzhou (Nansha),China,CHN,16,2,2,1,8,21,29,54894,59092,11264,0,64602,125251,189854,61070,2905,0,0,3344,63976,67320,443158
2021-04-03,2021,4,3,port425,Guangzhou (Nansha),China,CHN,11,2,7,1,6,21,27,50124,34651,33480,561,14569,118818,133388,35463,1585,1884,0,5507,38932,44440,443159
2019-01-26,2019,1,26,port425,Guangzhou (Nansha),China,CHN,13,0,1,0,3,14,17,98196,0,4680,0,17087,102876,119964,22003,0,0,0,1746,22003,23750,443160
2022-05-04,2022,5,4,port425,Guangzhou (Nansha),China,CHN,15,2,4,3,5,24,29,44216,28581,18911,619,7602,92328,99931,36237,0,1560,2444,5498,40242,45740,443161
2021-04-04,2021,4,4,port425,Guangzhou (Nansha),China,CHN,12,0,3,1,2,16,18,44274,0,2829,0,2754,47104,49858,11958,0,0,0,0,11958,11958,443162
2019-01-27,2019,1,27,port425,Guangzhou (Nansha),China,CHN,16,1,3,1,3,21,24,154968,71424,9663,0,7958,236057,244015,38341,0,1560,0,947,39902,40850,443163
2021-04-05,2021,4,5,port425,Guangzhou (Nansha),China,CHN,17,4,3,1,2,25,27,72527,168898,8429,0,4572,249855,254427,53468,5653,1560,41,959,60724,61683,443164
2019-01-28,2019,1,28,port425,Guangzhou (Nansha),China,CHN,10,2,3,2,11,17,28,46298,33566,11294,1199,39255,92359,131615,46435,2905,0,407,11931,49748,61680,443165
2022-05-05,2022,5,5,port425,Guangzhou (Nansha),China,CHN,14,0,6,1,7,21,28,62127,0,33915,2047,71446,98090,169536,40298,0,3994,0,0,44292,44292,443166
2021-04-06,2021,4,6,port425,Guangzhou (Nansha),China,CHN,17,3,3,3,6,26,32,76627,118023,1581,1578,21382,197810,219193,41806,5811,604,1937,5677,50160,55837,443167
2019-01-29,2019,1,29,port425,Guangzhou (Nansha),China,CHN,12,2,3,1,4,18,22,68129,9017,0,0,7164,77147,84311,52067,1585,3638,0,5465,57291,62757,443168
2022-05-06,2022,5,6,port425,Guangzhou (Nansha),China,CHN,15,3,5,0,6,23,29,41835,31950,8464,0,49316,82250,131567,46057,0,13052,0,4276,59109,63385,443169
2021-04-07,2021,4,7,port425,Guangzhou (Nansha),China,CHN,12,2,6,1,6,21,27,58094,78938,20398,562,13932,157993,171925,24385,0,7119,0,974,31504,32479,443170
2019-01-30,2019,1,30,port425,Guangzhou (Nansha),China,CHN,12,4,0,3,6,19,25,50927,129161,0,1239,26874,181329,208203,56525,0,0,2332,1445,58857,60303,443171
2022-05-07,2022,5,7,port425,Guangzhou (Nansha),China,CHN,16,3,3,3,8,25,33,67243,131765,13259,1239,6859,213508,220367,40431,0,0,814,5135,41245,46381,443172
2021-04-08,2021,4,8,port425,Guangzhou (Nansha),China,CHN,18,1,3,1,6,23,29,91618,74457,22416,619,14436,189112,203548,71588,0,0,407,1470,71995,73466,443173
2019-01-31,2019,1,31,port425,Guangzhou (Nansha),China,CHN,6,2,3,1,6,12,18,46847,137777,24450,619,57549,209695,267244,20100,0,0,407,0,20507,20507,443174
2022-05-08,2022,5,8,port425,Guangzhou (Nansha),China,CHN,17,1,1,0,5,19,24,35745,33566,0,0,14529,69311,83841,53676,2905,857,0,1746,57440,59187,443175
2021-04-09,2021,4,9,port425,Guangzhou (Nansha),China,CHN,13,4,4,4,4,25,29,42967,42584,15508,6487,5613,107549,113162,32974,6449,1560,449,6642,41433,48076,443176
2019-02-01,2019,2,1,port425,Guangzhou (Nansha),China,CHN,10,0,2,1,9,13,22,87290,0,2925,1801,46841,92018,138859,8341,0,1169,0,3835,9511,13347,443177
2022-05-09,2022,5,9,port425,Guangzhou (Nansha),China,CHN,22,1,2,0,6,25,31,93195,33255,5179,0,20535,131631,152167,45052,0,0,0,1669,45052,46722,443178
2021-04-10,2021,4,10,port425,Guangzhou (Nansha),China,CHN,13,0,2,0,2,15,17,48303,0,3929,0,0,52232,52232,36496,0,291,0,2302,36787,39090,443179
2019-02-02,2019,2,2,port425,Guangzhou (Nansha),China,CHN,10,0,3,2,7,15,22,40116,0,9176,619,18760,49912,68673,45946,0,780,407,12305,47133,59439,443180
2022-05-10,2022,5,10,port425,Guangzhou (Nansha),China,CHN,12,0,3,2,6,17,23,30112,0,16612,619,3901,47344,51246,21298,0,780,1227,12657,23306,35963,443181
2021-04-11,2021,4,11,port425,Guangzhou (Nansha),China,CHN,19,2,1,0,1,22,23,91792,69437,201,0,2806,161431,164238,24368,0,0,0,1182,24368,25550,443182
2019-02-03,2019,2,3,port425,Guangzhou (Nansha),China,CHN,13,2,3,1,3,19,22,32674,73571,10067,619,6580,116933,123514,49227,0,780,407,487,50415,50902,443183
2022-05-11,2022,5,11,port425,Guangzhou (Nansha),China,CHN,16,1,1,0,6,18,24,51292,30497,1934,0,7600,83724,91325,37364,0,0,0,5551,37364,42916,443184
2021-04-12,2021,4,12,port425,Guangzhou (Nansha),China,CHN,15,0,5,0,6,20,26,87386,0,13747,0,89450,101133,190583,40824,0,4370,0,487,45195,45682,443185
2019-02-04,2019,2,4,port425,Guangzhou (Nansha),China,CHN,9,0,0,1,4,10,14,69376,0,0,619,11542,69996,81539,34738,0,0,407,974,35145,36120,443186
2022-05-12,2022,5,12,port425,Guangzhou (Nansha),China,CHN,13,1,0,2,6,16,22,25033,62945,0,4400,20917,92379,113296,40484,0,0,0,2311,40484,42795,443187
2021-04-13,2021,4,13,port425,Guangzhou (Nansha),China,CHN,14,3,5,2,7,24,31,14772,64652,13560,1709,15920,94694,110615,25843,2905,1539,407,1867,30696,32563,443188
2019-02-05,2019,2,5,port425,Guangzhou (Nansha),China,CHN,11,0,1,0,5,12,17,37047,0,808,0,23767,37855,61623,53501,0,0,0,2053,53501,55554,443189
2022-05-13,2022,5,13,port425,Guangzhou (Nansha),China,CHN,16,0,0,1,5,17,22,54642,0,0,467,17788,55110,72898,54940,0,0,0,1051,54940,55991,443190
2021-04-14,2021,4,14,port425,Guangzhou (Nansha),China,CHN,15,2,5,2,4,24,28,89142,42584,25085,1089,13841,157902,171743,44234,4491,1048,41,2852,49816,52668,443191
2019-02-06,2019,2,6,port425,Guangzhou (Nansha),China,CHN,13,0,1,0,4,14,18,32273,0,2925,0,30445,35198,65644,48871,0,780,0,262,49652,49915,443192
2022-05-14,2022,5,14,port425,Guangzhou (Nansha),China,CHN,12,3,1,1,8,17,25,26779,206861,2925,0,52972,236566,289539,25296,0,780,1879,2457,27956,30414,443193
2021-04-15,2021,4,15,port425,Guangzhou (Nansha),China,CHN,18,1,5,2,4,26,30,106101,0,14541,619,3597,121262,124859,47133,0,780,407,3053,48321,51374,443194
2019-02-07,2019,2,7,port425,Guangzhou (Nansha),China,CHN,9,2,1,1,11,13,24,38726,145186,9770,619,31118,194303,225421,34823,0,0,407,12342,35230,47573,443195
2022-05-15,2022,5,15,port425,Guangzhou (Nansha),China,CHN,15,1,6,0,1,22,23,46721,55311,13811,0,3777,115844,119621,46602,0,2387,0,487,48989,49477,443196
2021-04-16,2021,4,16,port425,Guangzhou (Nansha),China,CHN,15,2,1,2,6,20,26,65156,98257,1116,860,13660,165391,179052,49970,2905,1048,41,2482,53966,56449,443197
2019-02-08,2019,2,8,port425,Guangzhou (Nansha),China,CHN,6,0,0,0,6,6,12,14771,0,0,0,17613,14771,32385,13885,0,0,0,1311,13885,15197,443198
2022-05-16,2022,5,16,port425,Guangzhou (Nansha),China,CHN,18,1,3,2,10,24,34,46479,68504,5014,4257,29306,124255,153562,69236,0,780,0,1497,70016,71514,443199
2021-04-17,2021,4,17,port425,Guangzhou (Nansha),China,CHN,12,0,2,2,6,16,22,23764,0,0,2046,28006,25810,53816,37713,0,3757,3057,1051,44528,45580,443200
2019-02-09,2019,2,9,port425,Guangzhou (Nansha),China,CHN,8,1,1,1,6,11,17,32820,33566,2925,0,8979,69312,78292,25296,2905,780,0,5103,28982,34086,443201
2022-05-17,2022,5,17,port425,Guangzhou (Nansha),China,CHN,16,0,3,0,8,19,27,34482,0,12430,0,18167,46913,65080,59046,0,780,0,1498,59826,61324,443202
2019-02-10,2019,2,10,port425,Guangzhou (Nansha),China,CHN,9,1,0,2,0,12,12,38630,33566,0,983,0,73181,73181,30707,2905,0,407,0,34020,34020,443203
2022-05-18,2022,5,18,port425,Guangzhou (Nansha),China,CHN,16,2,1,2,6,21,27,41666,50882,8366,619,18719,101535,120255,16425,6592,0,2457,5409,25475,30885,443204
2019-02-11,2019,2,11,port425,Guangzhou (Nansha),China,CHN,13,1,3,1,4,18,22,68780,69720,7328,4751,5467,150580,156047,51748,0,1560,0,5799,53309,59108,443205
2021-04-18,2021,4,18,port425,Guangzhou (Nansha),China,CHN,17,0,2,0,3,19,22,74051,0,11733,0,12035,85784,97820,41579,0,0,0,564,41579,42143,443206
2022-05-19,2022,5,19,port425,Guangzhou (Nansha),China,CHN,16,1,6,1,8,24,32,53736,75736,10621,619,43412,140714,184126,43207,0,7023,407,3432,50637,54070,443207
2019-02-12,2019,2,12,port425,Guangzhou (Nansha),China,CHN,13,1,2,1,5,17,22,66067,33566,13791,619,18815,114045,132860,21291,2905,780,407,2365,25384,27749,443208
2021-04-19,2021,4,19,port425,Guangzhou (Nansha),China,CHN,14,0,5,0,5,19,24,60990,0,12155,0,13603,73145,86749,75211,0,3238,0,4653,78449,83102,443209
2022-05-20,2022,5,20,port425,Guangzhou (Nansha),China,CHN,10,2,2,2,12,16,28,17139,97161,0,1886,31830,116187,148018,26110,0,7807,2513,2859,36430,39290,443210
2019-02-13,2019,2,13,port425,Guangzhou (Nansha),China,CHN,11,1,1,3,7,16,23,58633,33566,0,4016,40233,96217,136451,27398,2905,9869,814,17300,40988,58289,443211
2021-04-20,2021,4,20,port425,Guangzhou (Nansha),China,CHN,14,3,5,1,2,23,25,66358,85401,9986,1684,2576,163430,166007,48791,2905,277,0,120,51974,52095,443212
2022-05-21,2022,5,21,port425,Guangzhou (Nansha),China,CHN,16,1,2,1,6,20,26,35897,64929,2925,619,39411,104372,143784,76263,0,5678,407,1669,82349,84019,443213
2019-02-14,2019,2,14,port425,Guangzhou (Nansha),China,CHN,9,1,2,2,5,14,19,86569,0,5851,4620,10751,97041,107793,29776,76415,1560,0,2670,107752,110423,443214
2021-04-21,2021,4,21,port425,Guangzhou (Nansha),China,CHN,15,2,5,1,5,23,28,49331,44538,15444,0,9713,109314,119027,69528,0,809,2543,1787,72881,74669,443215
2022-05-22,2022,5,22,port425,Guangzhou (Nansha),China,CHN,14,1,4,1,1,20,21,105476,33385,6975,619,1839,146458,148297,16787,0,1278,407,0,18473,18473,443216
2019-02-15,2019,2,15,port425,Guangzhou (Nansha),China,CHN,5,1,0,2,5,8,13,63735,4095,0,619,21424,68450,89874,12212,0,0,1193,2180,13405,15585,443217
2021-04-22,2021,4,22,port425,Guangzhou (Nansha),China,CHN,17,8,2,1,3,28,31,61313,175383,3425,511,56802,240633,297436,51924,20986,1176,0,1669,74087,75757,443218
2022-05-23,2022,5,23,port425,Guangzhou (Nansha),China,CHN,16,1,2,1,6,20,26,21825,9747,5851,619,22907,38044,60952,42769,0,1560,407,3301,44737,48039,443219
2019-02-16,2019,2,16,port425,Guangzhou (Nansha),China,CHN,9,0,2,0,8,11,19,57283,0,1552,0,38919,58835,97754,16764,0,253,0,4627,17018,21646,443220
2021-04-23,2021,4,23,port425,Guangzhou (Nansha),China,CHN,19,3,1,3,7,26,33,111772,154837,2925,1753,22720,271288,294009,70650,2905,780,814,7383,75150,82534,443221
2022-05-24,2022,5,24,port425,Guangzhou (Nansha),China,CHN,15,2,2,2,6,21,27,40459,67133,6069,619,11739,114282,126022,71875,5811,780,407,5248,78874,84122,443222
2019-02-17,2019,2,17,port425,Guangzhou (Nansha),China,CHN,7,2,0,0,1,9,10,60918,42332,0,0,0,103251,103251,7512,2905,0,0,383,10418,10801,443223
2021-04-24,2021,4,24,port425,Guangzhou (Nansha),China,CHN,15,1,5,2,11,23,34,75825,67617,4203,1742,95172,149389,244562,25693,0,3006,407,5611,29106,34718,443224
2022-05-25,2022,5,25,port425,Guangzhou (Nansha),China,CHN,14,2,3,0,4,19,23,10470,62963,6090,0,46058,79524,125583,40994,1108,780,0,5307,42882,48190,443225
2019-02-18,2019,2,18,port425,Guangzhou (Nansha),China,CHN,10,1,4,1,7,16,23,71756,42685,14440,619,15276,129501,144778,31182,0,379,407,2627,31968,34596,443226
2021-04-25,2021,4,25,port425,Guangzhou (Nansha),China,CHN,11,4,1,2,6,18,24,12796,185535,1116,800,16134,200249,216383,67182,0,1048,0,1068,68231,69299,443227
2022-05-26,2022,5,26,port425,Guangzhou (Nansha),China,CHN,23,0,2,1,4,26,30,75205,0,2371,0,14248,77577,91826,73507,0,0,958,1684,74466,76150,443228
2019-02-19,2019,2,19,port425,Guangzhou (Nansha),China,CHN,8,3,3,2,5,16,21,94898,57282,15396,1239,9625,168817,178443,7715,5112,1560,814,1038,15202,16241,443229
2021-04-26,2021,4,26,port425,Guangzhou (Nansha),China,CHN,20,1,1,1,3,23,26,96947,61748,2925,0,30085,161621,191706,53450,0,780,0,1132,54230,55363,443230
2022-05-27,2022,5,27,port425,Guangzhou (Nansha),China,CHN,14,1,3,2,4,20,24,31408,62996,6613,1641,17682,102660,120342,53918,0,780,407,1746,55106,56852,443231
2019-02-20,2019,2,20,port425,Guangzhou (Nansha),China,CHN,9,3,3,1,5,16,21,51480,69609,10206,0,13429,131296,144726,12566,25277,2544,180,5766,40569,46336,443232
2021-04-27,2021,4,27,port425,Guangzhou (Nansha),China,CHN,18,1,3,4,7,26,33,139475,33566,8288,4836,19883,186167,206050,37052,2905,1560,3240,1955,44759,46714,443233
2022-05-28,2022,5,28,port425,Guangzhou (Nansha),China,CHN,17,1,1,1,5,20,25,68183,35663,2008,619,11209,106475,117685,31359,0,0,407,564,31766,32331,443234
2019-02-21,2019,2,21,port425,Guangzhou (Nansha),China,CHN,10,3,2,1,4,16,20,30465,12075,5474,0,13447,48016,61463,22607,0,780,0,1746,23388,25135,443235
2021-04-28,2021,4,28,port425,Guangzhou (Nansha),China,CHN,10,1,3,1,6,15,21,86125,65835,8431,2252,15434,162644,178079,16445,0,551,0,1410,16997,18408,443236
2022-05-29,2022,5,29,port425,Guangzhou (Nansha),China,CHN,18,3,2,0,5,23,28,43336,127531,13871,0,8788,184739,193528,56488,2905,2388,0,1997,61783,63780,443237
2019-02-22,2019,2,22,port425,Guangzhou (Nansha),China,CHN,11,3,4,3,4,21,25,81829,101304,3176,2168,51975,188478,240454,10688,2905,189,407,564,14191,14755,443238
2021-04-29,2021,4,29,port425,Guangzhou (Nansha),China,CHN,22,1,5,2,8,30,38,49679,33566,16650,4980,32675,104877,137552,141552,2905,2609,407,4337,147474,151812,443239
2022-05-30,2022,5,30,port425,Guangzhou (Nansha),China,CHN,14,2,2,1,4,19,23,42145,83012,2925,0,13945,128084,142029,58864,0,2506,2270,974,63641,64616,443240
2019-02-23,2019,2,23,port425,Guangzhou (Nansha),China,CHN,8,1,1,1,10,11,21,64848,72015,2232,6153,29312,145249,174562,6705,0,0,0,763,6705,7469,443241
2022-05-31,2022,5,31,port425,Guangzhou (Nansha),China,CHN,12,3,2,1,4,18,22,37804,141840,16763,0,4171,196408,200579,40618,2905,0,0,7056,43524,50580,443242
2019-02-24,2019,2,24,port425,Guangzhou (Nansha),China,CHN,12,1,0,1,1,14,15,93217,33566,0,619,383,127404,127787,16311,2905,0,407,0,19624,19624,443243
2022-06-01,2022,6,1,port425,Guangzhou (Nansha),China,CHN,15,0,4,1,5,20,25,43516,0,22449,2047,12126,68014,80140,85680,0,780,0,959,86461,87420,443244
2021-04-30,2021,4,30,port425,Guangzhou (Nansha),China,CHN,17,4,3,1,9,25,34,119257,206059,15441,0,41684,340758,382443,32318,0,780,0,15642,33098,48740,443245
2019-02-25,2019,2,25,port425,Guangzhou (Nansha),China,CHN,12,0,4,2,3,18,21,55715,0,12958,1239,6382,69913,76296,38273,0,780,814,4929,39868,44797,443246
2022-06-02,2022,6,2,port425,Guangzhou (Nansha),China,CHN,19,2,1,2,5,24,29,99623,132388,2925,619,2972,235557,238530,41681,0,780,407,711,42868,43579,443247
2021-05-01,2021,5,1,port425,Guangzhou (Nansha),China,CHN,9,2,4,2,5,17,22,15518,104261,7499,2946,15541,130225,145766,29600,0,5043,407,1746,35051,36797,443248
2019-02-26,2019,2,26,port425,Guangzhou (Nansha),China,CHN,10,2,2,0,7,14,21,42136,8201,7105,0,22556,57443,80000,25180,0,780,0,13114,25960,39074,443249
2022-06-03,2022,6,3,port425,Guangzhou (Nansha),China,CHN,14,2,2,1,10,19,29,20324,29353,6890,0,17604,56567,74172,62327,0,780,0,9184,63108,72292,443250
2021-05-02,2021,5,2,port425,Guangzhou (Nansha),China,CHN,15,0,0,0,4,15,19,100015,0,0,0,14738,100015,114754,51584,0,0,0,2193,51584,53778,443251
2019-02-27,2019,2,27,port425,Guangzhou (Nansha),China,CHN,12,0,4,1,6,17,23,162225,0,12691,619,86391,175537,261929,14428,0,447,407,1173,15283,16456,443252
2022-06-04,2022,6,4,port425,Guangzhou (Nansha),China,CHN,16,4,2,1,3,23,26,46602,164298,7525,619,5628,219045,224674,61279,0,0,407,0,61686,61686,443253
2021-05-03,2021,5,3,port425,Guangzhou (Nansha),China,CHN,18,2,5,3,6,28,34,106716,69294,28411,619,13609,205043,218652,28608,0,0,407,2335,29015,31351,443254
2019-02-28,2019,2,28,port425,Guangzhou (Nansha),China,CHN,12,4,6,0,6,22,28,64005,43788,29126,0,26502,136920,163423,17047,2905,1915,0,356,21869,22226,443255
2022-06-05,2022,6,5,port425,Guangzhou (Nansha),China,CHN,13,1,1,3,5,18,23,27945,0,16670,619,18159,45236,63396,27863,0,0,1316,3509,29180,32689,443256
2021-05-04,2021,5,4,port425,Guangzhou (Nansha),China,CHN,21,2,4,2,9,29,38,96152,140016,19639,619,44002,256428,300430,60492,0,751,407,645,61651,62296,443257
2019-03-01,2019,3,1,port425,Guangzhou (Nansha),China,CHN,13,1,2,2,6,18,24,74351,33241,10052,619,38019,118265,156284,38593,0,0,887,487,39481,39968,443258
2022-06-06,2022,6,6,port425,Guangzhou (Nansha),China,CHN,13,1,1,0,9,15,24,44182,67236,7799,0,16688,119218,135907,32793,0,0,0,1884,32793,34678,443259
2021-05-05,2021,5,5,port425,Guangzhou (Nansha),China,CHN,14,0,1,1,2,16,18,45930,0,1116,0,5788,47047,52835,48228,0,1048,0,564,49276,49840,443260
2019-03-02,2019,3,2,port425,Guangzhou (Nansha),China,CHN,16,0,4,3,3,23,26,96588,0,17545,0,11868,114133,126002,34149,0,3191,1982,11444,39323,50768,443261
2022-06-07,2022,6,7,port425,Guangzhou (Nansha),China,CHN,14,0,1,2,7,17,24,15248,0,2218,619,18794,18086,36881,20832,0,1606,1661,487,24100,24587,443262
2021-05-06,2021,5,6,port425,Guangzhou (Nansha),China,CHN,13,2,3,2,8,20,28,60553,67133,28449,0,73505,156136,229642,22065,5811,0,0,5340,27877,33217,443263
2019-03-03,2019,3,3,port425,Guangzhou (Nansha),China,CHN,9,3,3,0,0,15,15,44090,90528,17371,0,0,151990,151990,35170,0,0,0,0,35170,35170,443264
2022-06-08,2022,6,8,port425,Guangzhou (Nansha),China,CHN,15,3,2,1,9,21,30,39026,111982,0,3757,18715,154766,173482,52387,0,4658,0,15341,57046,72387,443265
2019-03-04,2019,3,4,port425,Guangzhou (Nansha),China,CHN,15,1,4,4,7,24,31,110043,20380,7993,1859,7090,140277,147368,31961,0,0,1221,4631,33182,37814,443266
2021-05-07,2021,5,7,port425,Guangzhou (Nansha),China,CHN,15,7,5,2,8,29,37,49124,277132,10266,1239,41379,337762,379142,49690,0,780,814,6105,51285,57390,443267
2022-06-09,2022,6,9,port425,Guangzhou (Nansha),China,CHN,11,3,5,2,5,21,26,47713,59184,32701,0,13622,139600,153222,42252,2905,1560,908,2913,47627,50541,443268
2021-05-08,2021,5,8,port425,Guangzhou (Nansha),China,CHN,16,2,7,3,6,28,34,72990,84423,19975,1129,12368,178519,190888,62691,0,1560,449,5676,64700,70377,443269
2019-03-05,2019,3,5,port425,Guangzhou (Nansha),China,CHN,12,2,2,3,11,19,30,43400,95864,1635,619,89399,141519,230919,47156,0,7267,407,36244,54831,91075,443270
2022-06-10,2022,6,10,port425,Guangzhou (Nansha),China,CHN,17,1,4,0,3,22,25,43028,33566,13396,0,14299,89991,104290,63669,2905,3777,0,10733,70352,81086,443271
2021-05-09,2021,5,9,port425,Guangzhou (Nansha),China,CHN,9,1,5,0,5,15,20,20629,0,38800,0,11964,59430,71394,17748,11688,1560,0,1867,30997,32864,443272
2019-03-06,2019,3,6,port425,Guangzhou (Nansha),China,CHN,10,2,1,2,3,15,18,62492,98495,0,619,8776,161607,170383,14869,0,8760,407,1669,24036,25706,443273
2022-06-11,2022,6,11,port425,Guangzhou (Nansha),China,CHN,20,3,1,1,5,25,30,54318,103913,402,0,6363,158634,164998,58505,2905,0,547,1105,61958,63064,443274
2021-05-10,2021,5,10,port425,Guangzhou (Nansha),China,CHN,14,2,2,2,5,20,25,61335,10035,11595,1239,22067,84206,106274,9804,0,0,814,6287,10618,16906,443275
2019-03-07,2019,3,7,port425,Guangzhou (Nansha),China,CHN,13,2,3,0,8,18,26,45247,69030,6418,0,17972,120696,138668,37823,28508,1560,0,7132,67892,75025,443276
2022-06-12,2022,6,12,port425,Guangzhou (Nansha),China,CHN,12,1,2,0,2,15,17,27976,55225,1650,0,6649,84852,91502,50932,0,277,0,564,51210,51774,443277
2021-05-11,2021,5,11,port425,Guangzhou (Nansha),China,CHN,13,4,5,1,10,23,33,72229,189588,22278,1379,29196,285475,314672,37525,2905,780,0,14134,41211,55346,443278
2019-03-08,2019,3,8,port425,Guangzhou (Nansha),China,CHN,12,2,1,2,2,17,19,50639,100661,495,5708,3146,157504,160651,6705,0,0,407,1095,7112,8208,443279
2022-06-13,2022,6,13,port425,Guangzhou (Nansha),China,CHN,18,2,4,2,6,26,32,45487,33451,12821,619,8594,92380,100975,70571,0,5268,407,6439,76247,82686,443280
2019-03-09,2019,3,9,port425,Guangzhou (Nansha),China,CHN,12,4,2,0,4,18,22,94379,156692,2925,0,12979,253996,266976,22404,4326,780,0,1051,27511,28563,443281
2022-06-14,2022,6,14,port425,Guangzhou (Nansha),China,CHN,17,3,2,1,3,23,26,35476,173125,6914,0,6467,215516,221984,57154,2905,0,0,487,60059,60547,443282
2019-03-10,2019,3,10,port425,Guangzhou (Nansha),China,CHN,5,1,0,1,3,7,10,31297,0,0,619,8415,31917,40332,6705,27810,0,407,2059,34923,36982,443283
2022-06-15,2022,6,15,port425,Guangzhou (Nansha),China,CHN,17,1,4,1,7,23,30,51648,55116,14409,0,26072,121175,147247,51491,0,1606,2047,5676,55145,60822,443284
2021-05-12,2021,5,12,port425,Guangzhou (Nansha),China,CHN,13,3,4,2,8,22,30,32627,94053,21546,619,28221,148848,177070,41740,2905,4787,449,4254,49882,54137,443285
2019-03-11,2019,3,11,port425,Guangzhou (Nansha),China,CHN,14,3,7,1,5,25,30,73099,35040,14298,0,11267,122438,133705,30259,5540,10537,363,1756,46700,48457,443286
2022-06-16,2022,6,16,port425,Guangzhou (Nansha),China,CHN,18,1,0,3,11,22,33,77884,68523,0,512,12563,146920,159483,32132,0,0,908,8289,33041,41330,443287
2021-05-13,2021,5,13,port425,Guangzhou (Nansha),China,CHN,17,2,3,1,8,23,31,40246,33566,5851,0,25731,79664,105396,40557,2905,1560,0,2896,45023,47920,443288
2019-03-12,2019,3,12,port425,Guangzhou (Nansha),China,CHN,13,1,0,2,8,16,24,52568,18252,0,619,18397,71440,89838,40261,0,0,828,5161,41089,46250,443289
2022-06-17,2022,6,17,port425,Guangzhou (Nansha),China,CHN,15,2,1,2,5,20,25,34157,101795,0,4202,61882,140155,202037,69728,0,394,407,10826,70530,81356,443290
2021-05-14,2021,5,14,port425,Guangzhou (Nansha),China,CHN,16,3,3,0,8,22,30,104087,69736,4213,0,25053,178037,203091,45322,47552,1321,0,2641,94197,96838,443291
2019-03-13,2019,3,13,port425,Guangzhou (Nansha),China,CHN,14,2,3,3,8,22,30,45972,106787,9898,1233,22705,163892,186597,16266,2905,3033,407,978,22613,23591,443292
2022-06-18,2022,6,18,port425,Guangzhou (Nansha),China,CHN,15,2,1,1,8,19,27,32474,96563,4804,0,17123,133842,150965,30095,2905,0,0,1790,33001,34792,443293
2021-05-15,2021,5,15,port425,Guangzhou (Nansha),China,CHN,12,2,2,3,4,19,23,58698,152078,9897,0,30085,220674,250759,13007,0,0,1063,1132,14070,15203,443294
2019-03-14,2019,3,14,port425,Guangzhou (Nansha),China,CHN,13,6,3,3,6,25,31,51206,221501,5711,619,48810,279038,327849,43250,0,2384,407,4317,46042,50360,443295
2022-06-19,2022,6,19,port425,Guangzhou (Nansha),China,CHN,11,1,1,0,2,13,15,25345,55828,804,0,0,81978,81978,27586,0,0,0,3013,27586,30599,443296
2021-05-16,2021,5,16,port425,Guangzhou (Nansha),China,CHN,14,0,1,1,4,16,20,34582,0,7960,0,8052,42542,50594,38295,0,0,0,1669,38295,39965,443297
2019-03-15,2019,3,15,port425,Guangzhou (Nansha),China,CHN,16,3,2,0,3,21,24,104459,66937,5851,0,7002,177248,184251,50768,38180,1560,0,870,90509,91380,443298
2022-06-20,2022,6,20,port425,Guangzhou (Nansha),China,CHN,17,3,4,2,12,26,38,48465,137659,30194,619,24319,216939,241259,43933,2905,1560,1316,11071,49716,60788,443299
2021-05-17,2021,5,17,port425,Guangzhou (Nansha),China,CHN,12,2,4,2,7,20,27,78752,102868,10443,1274,15069,193339,208408,38839,2905,5377,407,947,47529,48477,443300
2019-03-16,2019,3,16,port425,Guangzhou (Nansha),China,CHN,9,1,4,0,10,14,24,84118,82476,9229,0,25042,175825,200867,13122,0,1619,0,8219,14742,22961,443301
2022-06-21,2022,6,21,port425,Guangzhou (Nansha),China,CHN,15,1,3,2,5,21,26,38712,67517,11969,619,9864,118819,128683,34506,0,780,407,487,35693,36181,443302
2021-05-18,2021,5,18,port425,Guangzhou (Nansha),China,CHN,9,2,5,3,6,19,25,50082,43212,8698,1239,16295,103233,119529,25213,2905,3819,856,2420,32794,35214,443303
2019-03-17,2019,3,17,port425,Guangzhou (Nansha),China,CHN,10,6,1,0,2,17,19,61539,286974,2496,0,0,351010,351010,50870,8717,0,0,1958,59588,61546,443304
2022-06-22,2022,6,22,port425,Guangzhou (Nansha),China,CHN,17,1,4,1,4,23,27,30502,65783,23731,726,11927,120744,132672,36782,0,1336,0,564,38118,38682,443305
2021-05-19,2021,5,19,port425,Guangzhou (Nansha),China,CHN,13,0,3,2,9,18,27,69792,0,5878,692,17882,76364,94246,27158,0,3160,407,14888,30726,45614,443306
2019-03-18,2019,3,18,port425,Guangzhou (Nansha),China,CHN,13,3,5,2,9,23,32,98900,33566,11142,619,18549,144229,162778,24353,10351,1560,407,5479,36672,42152,443307
2022-06-23,2022,6,23,port425,Guangzhou (Nansha),China,CHN,15,1,4,3,5,23,28,57157,33566,14521,619,25391,105865,131257,25471,2905,1606,1316,10479,31300,41780,443308
2021-05-20,2021,5,20,port425,Guangzhou (Nansha),China,CHN,12,2,2,0,5,16,21,103963,103880,9695,0,68105,217539,285644,8820,0,0,0,1182,8820,10002,443309
2019-03-19,2019,3,19,port425,Guangzhou (Nansha),China,CHN,13,5,1,0,8,19,27,58580,157650,2925,0,22174,219156,241331,34089,0,780,0,2798,34869,37668,443310
2022-06-24,2022,6,24,port425,Guangzhou (Nansha),China,CHN,16,2,1,2,5,21,26,39417,111461,5599,2120,14496,158599,173095,31197,2905,0,0,974,34103,35077,443311
2021-05-21,2021,5,21,port425,Guangzhou (Nansha),China,CHN,12,2,4,2,3,20,23,37809,33566,13265,2665,22152,87308,109460,65667,2905,1034,407,564,70014,70579,443312
2019-03-20,2019,3,20,port425,Guangzhou (Nansha),China,CHN,8,2,7,0,9,17,26,41500,47134,12935,0,60940,101571,162511,30664,2905,3168,0,19589,36738,56327,443313
2022-06-25,2022,6,25,port425,Guangzhou (Nansha),China,CHN,15,0,4,2,6,21,27,39530,0,5830,619,6039,45980,52019,48918,0,6652,869,878,56440,57318,443314
2021-05-22,2021,5,22,port425,Guangzhou (Nansha),China,CHN,14,1,5,2,9,22,31,49601,69179,14796,619,15137,134197,149335,23152,0,0,449,4331,23601,27932,443315
2019-03-21,2019,3,21,port425,Guangzhou (Nansha),China,CHN,21,3,3,1,11,28,39,135384,143201,15461,3857,78583,297904,376487,29742,0,780,0,7654,30523,38177,443316
2022-06-26,2022,6,26,port425,Guangzhou (Nansha),China,CHN,14,0,2,0,3,16,19,69007,0,5669,0,15669,74677,90347,51372,0,4176,0,1746,55548,57295,443317
2021-05-23,2021,5,23,port425,Guangzhou (Nansha),China,CHN,16,1,0,1,1,18,19,61765,33566,0,0,2806,95331,98138,40464,2905,0,0,1182,43370,44553,443318
2019-03-22,2019,3,22,port425,Guangzhou (Nansha),China,CHN,14,1,3,2,3,20,23,57665,70183,3571,619,8067,132040,140108,81264,0,393,407,0,82065,82065,443319
2021-05-24,2021,5,24,port425,Guangzhou (Nansha),China,CHN,13,3,6,1,6,23,29,38097,170008,22282,0,13010,230389,243400,47653,2905,2737,41,13331,53338,66670,443320
2019-03-23,2019,3,23,port425,Guangzhou (Nansha),China,CHN,11,1,3,2,6,17,23,70563,33566,5851,1492,24012,111474,135487,34950,2905,1962,407,10749,40226,50975,443321
2022-06-27,2022,6,27,port425,Guangzhou (Nansha),China,CHN,16,2,1,1,8,20,28,16368,17333,0,0,27748,33702,61450,76487,931,3370,0,27378,80789,108167,443322
2021-05-25,2021,5,25,port425,Guangzhou (Nansha),China,CHN,13,3,3,0,1,19,20,53161,126123,11207,0,3777,190492,194269,31092,0,1560,0,487,32652,33140,443323
2019-03-24,2019,3,24,port425,Guangzhou (Nansha),China,CHN,11,2,0,3,3,16,19,56521,81527,0,1603,1660,139652,141312,19488,0,0,814,6984,20303,27288,443324
2022-06-28,2022,6,28,port425,Guangzhou (Nansha),China,CHN,16,0,5,3,8,24,32,61970,0,8170,1239,15702,71380,87082,21618,0,7785,1327,5612,30730,36343,443325
2021-05-26,2021,5,26,port425,Guangzhou (Nansha),China,CHN,16,1,1,3,6,21,27,64489,33566,0,6997,20957,105053,126011,64192,2905,1967,814,1933,69880,71814,443326
2019-03-25,2019,3,25,port425,Guangzhou (Nansha),China,CHN,12,2,4,1,7,19,26,34929,49833,12829,619,21946,98212,120159,31525,3790,0,407,1669,35722,37392,443327
2022-06-29,2022,6,29,port425,Guangzhou (Nansha),China,CHN,12,3,0,2,9,17,26,10892,159397,0,72,22662,170362,193025,75043,2905,0,908,1095,78857,79953,443328
2021-05-27,2021,5,27,port425,Guangzhou (Nansha),China,CHN,14,2,3,0,7,19,26,45395,33566,6280,0,23591,85242,108833,48956,2905,0,0,1615,51862,53478,443329
2019-03-26,2019,3,26,port425,Guangzhou (Nansha),China,CHN,12,4,2,0,11,18,29,21878,83314,5597,0,30605,110791,141396,40528,27688,780,0,9819,68996,78816,443330
2022-06-30,2022,6,30,port425,Guangzhou (Nansha),China,CHN,20,2,3,1,4,26,30,75182,133953,5851,0,7132,214987,222119,58727,0,2745,1728,1095,63202,64297,443331
2021-05-28,2021,5,28,port425,Guangzhou (Nansha),China,CHN,13,4,4,2,3,23,26,72406,205171,4168,1239,21716,282985,304702,55439,5811,1175,814,564,63241,63806,443332
2019-03-27,2019,3,27,port425,Guangzhou (Nansha),China,CHN,13,1,1,1,4,16,20,71378,0,2925,619,28105,74923,103029,21698,0,780,407,487,22885,23373,443333
2022-07-01,2022,7,1,port425,Guangzhou (Nansha),China,CHN,9,1,1,0,5,11,16,28062,33566,2925,0,12594,64555,77149,11733,2905,780,0,1470,15420,16891,443334
2021-05-29,2021,5,29,port425,Guangzhou (Nansha),China,CHN,12,1,6,1,7,20,27,64059,50706,9393,2049,7325,126208,133534,33955,0,4162,0,9005,38118,47124,443335
2019-03-28,2019,3,28,port425,Guangzhou (Nansha),China,CHN,17,3,2,3,11,25,36,100555,190146,1602,1040,46244,293344,339589,36557,0,0,429,7670,36986,44656,443336
2022-07-02,2022,7,2,port425,Guangzhou (Nansha),China,CHN,0,0,0,0,0,0,0,0,0,0,0,0,0,0,0,0,0,0,0,0,0,443337
2021-05-30,2021,5,30,port425,Guangzhou (Nansha),China,CHN,16,0,3,0,3,19,22,84194,0,6531,0,12368,90725,103094,23670,0,2546,0,1786,26216,28003,443338
2019-03-29,2019,3,29,port425,Guangzhou (Nansha),China,CHN,10,1,4,1,6,16,22,67173,0,8070,619,11073,75862,86935,39716,975,3167,407,15403,44266,59669,443339
2022-07-03,2022,7,3,port425,Guangzhou (Nansha),China,CHN,4,1,1,1,1,7,8,43977,7140,2925,619,5788,54664,60452,6705,0,780,407,564,7893,8457,443340
2021-05-31,2021,5,31,port425,Guangzhou (Nansha),China,CHN,13,1,4,2,2,20,22,82298,77429,7894,3173,3777,170794,174571,14527,0,3965,407,487,18900,19387,443341
2019-03-30,2019,3,30,port425,Guangzhou (Nansha),China,CHN,11,8,4,1,6,24,30,50669,306784,11656,619,15021,369731,384752,26082,72289,2340,407,7555,101120,108675,443342
2022-07-04,2022,7,4,port425,Guangzhou (Nansha),China,CHN,19,2,2,2,13,25,38,20314,35376,5840,619,36892,62151,99043,64780,0,780,921,19454,66482,85936,443343
2021-06-01,2021,6,1,port425,Guangzhou (Nansha),China,CHN,16,1,1,2,5,20,25,124343,33566,0,0,4810,157910,162720,32429,2905,0,0,1182,35335,36517,443344
2019-03-31,2019,3,31,port425,Guangzhou (Nansha),China,CHN,8,4,3,0,2,15,17,52110,124833,6134,0,3951,183078,187030,36122,2905,1560,0,0,40589,40589,443345
2022-07-05,2022,7,5,port425,Guangzhou (Nansha),China,CHN,14,0,4,3,5,21,26,20695,0,33768,1239,33203,55703,88906,75627,0,2154,1723,487,79505,79992,443346
2021-06-02,2021,6,2,port425,Guangzhou (Nansha),China,CHN,17,3,1,2,11,23,34,70272,30959,1406,1239,36058,103877,139936,38299,0,0,814,262,39113,39376,443347
2019-04-01,2019,4,1,port425,Guangzhou (Nansha),China,CHN,16,2,2,3,5,23,28,42985,90679,7034,1320,19353,142020,161373,39163,0,780,459,5547,40402,45950,443348
2022-07-06,2022,7,6,port425,Guangzhou (Nansha),China,CHN,15,0,4,2,2,21,23,60722,0,13296,0,26215,74019,100234,25204,0,1571,1143,0,27919,27919,443349
2021-06-03,2021,6,3,port425,Guangzhou (Nansha),China,CHN,14,2,3,1,7,20,27,63952,100975,7857,619,19588,173404,192993,64342,0,1560,407,2607,66310,68918,443350
2019-04-02,2019,4,2,port425,Guangzhou (Nansha),China,CHN,14,2,0,2,8,18,26,123730,0,0,5215,65372,128945,194318,55297,1660,0,407,1932,57366,59298,443351
2022-07-07,2022,7,7,port425,Guangzhou (Nansha),China,CHN,18,1,1,4,6,24,30,47414,33566,0,4377,14575,85358,99934,67412,2905,244,814,3677,71376,75053,443352
2021-06-04,2021,6,4,port425,Guangzhou (Nansha),China,CHN,11,3,1,3,3,18,21,40995,96417,8723,1239,11097,147376,158473,25434,5811,0,1328,487,32575,33062,443353
2019-04-03,2019,4,3,port425,Guangzhou (Nansha),China,CHN,14,2,4,2,8,22,30,101719,115097,8146,449,49555,225413,274968,24566,0,5324,0,6372,29891,36263,443354
2022-07-08,2022,7,8,port425,Guangzhou (Nansha),China,CHN,15,2,3,0,4,20,24,42928,96563,11503,0,2469,150995,153465,54264,2905,1606,0,711,58777,59488,443355
2021-06-05,2021,6,5,port425,Guangzhou (Nansha),China,CHN,12,1,4,2,7,19,26,49362,16028,24189,1124,21751,90704,112456,33176,0,5485,0,1128,38661,39790,443356
2019-04-04,2019,4,4,port425,Guangzhou (Nansha),China,CHN,9,2,4,1,4,16,20,89845,32849,5704,2559,7991,130957,138949,24505,0,2751,0,870,27256,28127,443357
2022-07-09,2022,7,9,port425,Guangzhou (Nansha),China,CHN,16,1,1,1,8,19,27,60252,5746,2925,0,9274,68924,78198,31643,0,780,908,5715,33333,39048,443358
2019-04-05,2019,4,5,port425,Guangzhou (Nansha),China,CHN,15,4,1,1,4,21,25,72768,106979,7478,0,19588,187226,206815,25858,13567,0,0,10957,39425,50382,443359
2022-07-10,2022,7,10,port425,Guangzhou (Nansha),China,CHN,18,1,1,1,0,21,21,53839,68688,2925,0,0,125454,125454,56790,0,780,820,0,58391,58391,443360
2019-04-06,2019,4,6,port425,Guangzhou (Nansha),China,CHN,13,2,0,0,4,15,19,99336,2138,0,0,7554,101474,109029,43655,27688,0,0,5573,71344,76917,443361
2021-06-06,2021,6,6,port425,Guangzhou (Nansha),China,CHN,15,1,1,1,2,18,20,104435,1156,16881,619,8594,123093,131687,15602,0,0,407,1746,16009,17756,443362
2022-07-11,2022,7,11,port425,Guangzhou (Nansha),China,CHN,11,3,4,2,11,20,31,21888,160579,15831,619,33621,198920,232541,27287,0,2387,407,14840,30082,44923,443363
2019-04-07,2019,4,7,port425,Guangzhou (Nansha),China,CHN,8,2,4,1,5,15,20,32842,71488,12927,619,41966,117878,159845,39971,0,2387,407,1400,42765,44166,443364
2021-06-07,2021,6,7,port425,Guangzhou (Nansha),China,CHN,13,2,6,1,5,22,27,34546,71936,8067,1009,8002,115560,123563,57736,0,780,0,760,58516,59277,443365
2022-07-12,2022,7,12,port425,Guangzhou (Nansha),China,CHN,19,2,2,2,4,25,29,38051,34114,4454,1489,33898,78111,112010,48101,2905,0,407,0,51414,51414,443366
2019-04-08,2019,4,8,port425,Guangzhou (Nansha),China,CHN,9,3,0,1,3,13,16,73171,29853,0,0,19376,103025,122402,40221,0,0,0,10339,40221,50560,443367
2021-06-08,2021,6,8,port425,Guangzhou (Nansha),China,CHN,14,2,6,1,3,23,26,35045,166973,19304,1799,7990,223122,231113,71586,0,829,0,564,72416,72980,443368
2022-07-13,2022,7,13,port425,Guangzhou (Nansha),China,CHN,18,1,1,1,9,21,30,32344,0,2925,0,20151,35270,55421,49075,0,780,908,2097,50764,52862,443369
2019-04-09,2019,4,9,port425,Guangzhou (Nansha),China,CHN,13,5,5,2,5,25,30,21543,117571,7711,1471,10974,148297,159271,58881,14503,3887,892,1182,78165,79348,443370
2021-06-09,2021,6,9,port425,Guangzhou (Nansha),China,CHN,14,0,1,3,7,18,25,56686,0,2925,2159,45835,61771,107607,48396,0,780,407,10477,49583,60060,443371
2022-07-14,2022,7,14,port425,Guangzhou (Nansha),China,CHN,17,1,2,2,6,22,28,56626,69588,586,2635,12839,129436,142276,39359,0,0,0,3287,39359,42647,443372
2019-04-10,2019,4,10,port425,Guangzhou (Nansha),China,CHN,8,2,2,1,4,13,17,41751,33566,5851,0,3764,81169,84933,17769,2905,1560,0,10442,22235,32678,443373
2021-06-10,2021,6,10,port425,Guangzhou (Nansha),China,CHN,13,0,5,0,7,18,25,40425,0,3197,0,10781,43622,54404,73933,0,3664,0,5106,77598,82704,443374
2022-07-15,2022,7,15,port425,Guangzhou (Nansha),China,CHN,14,0,2,1,6,17,23,23925,0,788,619,12597,25333,37930,51033,0,2042,407,1147,53483,54631,443375
2019-04-11,2019,4,11,port425,Guangzhou (Nansha),China,CHN,13,2,4,1,3,20,23,52810,145236,14053,619,9281,212721,222002,64874,0,6785,407,1182,72067,73249,443376
2021-06-11,2021,6,11,port425,Guangzhou (Nansha),China,CHN,12,2,2,0,2,16,18,45268,73541,5023,0,9959,123833,133792,42922,5891,780,0,0,49593,49593,443377
2022-07-16,2022,7,16,port425,Guangzhou (Nansha),China,CHN,13,2,6,2,8,23,31,16220,548,9176,1536,52810,27480,80291,41462,0,2130,407,14429,44000,58429,443378
2019-04-12,2019,4,12,port425,Guangzhou (Nansha),China,CHN,17,2,3,2,4,24,28,84511,65191,4140,1177,25044,155020,180065,41395,46641,2170,0,1128,90207,91336,443379
2021-06-12,2021,6,12,port425,Guangzhou (Nansha),China,CHN,14,2,2,2,8,20,28,13640,63573,1377,2303,20031,80896,100927,81083,55517,0,407,1801,137007,138809,443380
2022-07-17,2022,7,17,port425,Guangzhou (Nansha),China,CHN,12,0,1,1,0,14,14,33888,0,2925,0,0,36814,36814,39604,0,780,0,0,40385,40385,443381
2019-04-13,2019,4,13,port425,Guangzhou (Nansha),China,CHN,11,3,2,1,7,17,24,44223,68372,5851,515,14054,118963,133017,63339,40504,1560,0,91316,105404,196720,443382
2021-06-13,2021,6,13,port425,Guangzhou (Nansha),China,CHN,13,0,1,0,5,14,19,52611,0,2925,0,5440,55536,60977,21551,0,780,0,4434,22331,26766,443383
2022-07-18,2022,7,18,port425,Guangzhou (Nansha),China,CHN,14,3,2,1,5,20,25,21379,33566,0,619,11694,55565,67260,18366,111610,9902,407,692,140286,140979,443384
2019-04-14,2019,4,14,port425,Guangzhou (Nansha),China,CHN,16,3,2,0,7,21,28,67974,102301,0,0,29786,170276,200062,62261,2905,2201,0,14158,67368,81527,443385
2021-06-14,2021,6,14,port425,Guangzhou (Nansha),China,CHN,16,4,5,1,3,26,29,144095,69291,9564,657,2632,223608,226241,14618,0,5870,0,1426,20488,21915,443386
2022-07-19,2022,7,19,port425,Guangzhou (Nansha),China,CHN,15,0,4,1,9,20,29,73422,0,35872,0,23268,109294,132563,51277,0,2387,0,16378,53665,70044,443387
2019-04-15,2019,4,15,port425,Guangzhou (Nansha),China,CHN,13,3,4,4,7,24,31,62824,69227,9547,1603,15935,143202,159138,27090,2905,4812,814,750,35622,36373,443388
2021-06-15,2021,6,15,port425,Guangzhou (Nansha),China,CHN,12,3,5,1,5,21,26,67529,134914,8871,510,17991,211825,229817,26112,5811,1664,0,2497,33588,36085,443389
2022-07-20,2022,7,20,port425,Guangzhou (Nansha),China,CHN,18,2,3,2,6,25,31,66820,63479,4893,0,47873,135193,183067,33847,0,780,908,1807,35537,37345,443390
2019-04-16,2019,4,16,port425,Guangzhou (Nansha),China,CHN,15,4,3,0,3,22,25,58437,124953,10135,0,3223,193526,196749,62365,15737,1963,0,613,80066,80680,443391
2021-06-16,2021,6,16,port425,Guangzhou (Nansha),China,CHN,12,2,3,3,5,20,25,45586,132865,7383,5815,17098,191651,208750,37594,0,2387,407,1669,40388,42058,443392
2022-07-21,2022,7,21,port425,Guangzhou (Nansha),China,CHN,13,1,5,0,5,19,24,78818,48356,9565,0,61708,136741,198450,23967,0,2627,0,0,26594,26594,443393
2019-04-17,2019,4,17,port425,Guangzhou (Nansha),China,CHN,9,4,2,2,9,17,26,55120,198509,5851,1239,20657,260721,281379,26635,5811,1560,814,14396,34822,49218,443394
2021-06-17,2021,6,17,port425,Guangzhou (Nansha),China,CHN,16,3,2,0,7,21,28,41881,121525,6115,0,22189,169521,191711,94303,2905,4681,0,13322,101890,115213,443395
2022-07-22,2022,7,22,port425,Guangzhou (Nansha),China,CHN,17,1,0,0,7,18,25,21309,63050,0,0,22355,84359,106715,44521,0,0,0,2020,44521,46542,443396
2019-04-18,2019,4,18,port425,Guangzhou (Nansha),China,CHN,17,2,1,1,8,21,29,78478,6009,2925,0,30487,87413,117900,37479,30176,780,0,6926,68436,75363,443397
2022-07-23,2022,7,23,port425,Guangzhou (Nansha),China,CHN,14,2,2,2,4,20,24,49374,48512,2925,1709,9794,102522,112316,38492,0,5729,407,0,44629,44629,443398
2019-04-19,2019,4,19,port425,Guangzhou (Nansha),China,CHN,18,4,4,1,3,27,30,58275,142175,8941,619,3626,210011,213637,52477,2905,1606,407,0,57397,57397,443399
2022-07-24,2022,7,24,port425,Guangzhou (Nansha),China,CHN,12,1,3,0,3,16,19,50526,70129,5851,0,7710,126507,134218,16214,0,4745,0,0,20959,20959,443400
2021-06-18,2021,6,18,port425,Guangzhou (Nansha),China,CHN,12,1,6,1,5,20,25,27426,0,13698,0,16953,41124,58078,99006,0,1176,0,2497,100182,102679,443401
2019-04-20,2019,4,20,port425,Guangzhou (Nansha),China,CHN,13,4,1,0,2,18,20,66756,52060,5678,0,9062,124496,133558,51512,33233,0,0,10262,84745,95008,443402
2022-07-25,2022,7,25,port425,Guangzhou (Nansha),China,CHN,10,0,3,3,2,16,18,8950,0,5851,2244,294,17045,17340,29862,0,7565,842,711,38270,38981,443403
2021-06-19,2021,6,19,port425,Guangzhou (Nansha),China,CHN,11,1,2,3,5,17,22,58769,33566,2925,1859,13342,97121,110464,26654,2905,2817,1221,2205,33598,35803,443404
2019-04-21,2019,4,21,port425,Guangzhou (Nansha),China,CHN,8,0,1,0,5,9,14,49092,0,0,0,17336,49092,66429,17192,0,7209,0,10826,24402,35228,443405
2022-07-26,2022,7,26,port425,Guangzhou (Nansha),China,CHN,20,0,3,3,5,26,31,27575,0,29397,619,9832,57593,67425,62856,0,0,1316,1790,64172,65963,443406
2021-06-20,2021,6,20,port425,Guangzhou (Nansha),China,CHN,16,1,1,2,2,20,22,69260,70635,2925,619,4507,143441,147949,73550,0,780,407,1182,74738,75920,443407
2019-04-22,2019,4,22,port425,Guangzhou (Nansha),China,CHN,15,7,5,1,11,28,39,76629,228893,13839,5553,36893,324915,361809,38117,1315,1703,0,68311,41136,109448,443408
2022-07-27,2022,7,27,port425,Guangzhou (Nansha),China,CHN,18,2,2,2,5,24,29,40777,46672,3157,619,17906,91227,109134,40803,0,0,3003,10826,43807,54634,443409
2021-06-21,2021,6,21,port425,Guangzhou (Nansha),China,CHN,16,1,2,1,7,20,27,36449,70944,21703,1029,9735,130127,139862,73244,0,0,0,35582,73244,108826,443410
2019-04-23,2019,4,23,port425,Guangzhou (Nansha),China,CHN,10,3,1,2,7,16,23,22337,40063,2925,0,12105,65326,77432,25062,2905,780,0,1932,28748,30681,443411
2022-07-28,2022,7,28,port425,Guangzhou (Nansha),China,CHN,17,1,2,1,1,21,22,39348,0,2925,619,5788,42894,48682,85416,1670,780,407,564,88274,88838,443412
2021-06-22,2021,6,22,port425,Guangzhou (Nansha),China,CHN,13,3,2,3,2,21,23,40324,88660,6534,1940,6261,137461,143722,46832,5811,780,407,9774,53831,63606,443413
2019-04-24,2019,4,24,port425,Guangzhou (Nansha),China,CHN,9,1,4,2,9,16,25,129756,30176,7254,0,15999,167187,183187,35863,0,5593,0,7484,41456,48941,443414
2022-07-29,2022,7,29,port425,Guangzhou (Nansha),China,CHN,21,1,1,1,8,24,32,56699,0,2925,1438,35104,61063,96168,53912,1145,780,0,3270,55838,59108,443415
2021-06-23,2021,6,23,port425,Guangzhou (Nansha),China,CHN,14,1,4,2,3,21,24,29111,0,3893,619,7423,33625,41048,74500,54701,5826,407,1669,135435,137105,443416
2019-04-25,2019,4,25,port425,Guangzhou (Nansha),China,CHN,10,4,6,2,7,22,29,29333,97828,21855,512,21878,149529,171408,38834,4118,6721,895,6215,50569,56785,443417
2022-07-30,2022,7,30,port425,Guangzhou (Nansha),China,CHN,10,1,4,2,4,17,21,61885,22747,11756,2047,1888,98437,100325,12805,0,1131,547,7904,14484,22389,443418
2021-06-24,2021,6,24,port425,Guangzhou (Nansha),China,CHN,10,3,5,2,5,20,25,28246,68894,13117,1239,12371,111497,123869,38180,0,3221,814,5252,42215,47468,443419
2019-04-26,2019,4,26,port425,Guangzhou (Nansha),China,CHN,12,2,3,2,2,19,21,37101,47355,2333,1646,1917,88436,90354,31014,2905,1703,407,2343,36031,38374,443420
2022-07-31,2022,7,31,port425,Guangzhou (Nansha),China,CHN,16,1,2,0,2,19,21,60019,23260,4304,0,1090,87584,88674,31532,0,780,0,0,32313,32313,443421
2021-06-25,2021,6,25,port425,Guangzhou (Nansha),China,CHN,13,3,3,3,4,22,26,22940,70033,5851,1023,13788,99849,113637,81421,0,1810,273,487,83506,83993,443422
2019-04-27,2019,4,27,port425,Guangzhou (Nansha),China,CHN,14,2,3,0,7,19,26,100981,9905,7241,0,26828,118127,144956,57192,30176,1996,0,4455,89365,93821,443423
2022-08-01,2022,8,1,port425,Guangzhou (Nansha),China,CHN,15,1,0,3,6,19,25,42978,43852,0,619,10218,87451,97669,65805,0,0,1316,8407,67121,75529,443424
2021-06-26,2021,6,26,port425,Guangzhou (Nansha),China,CHN,17,0,1,2,1,20,21,78875,0,464,1687,5788,81027,86816,53864,0,0,0,564,53864,54428,443425
2019-04-28,2019,4,28,port425,Guangzhou (Nansha),China,CHN,11,3,1,0,1,15,16,63818,128108,3317,0,2053,195243,197297,61650,5811,0,0,0,67462,67462,443426
2022-08-02,2022,8,2,port425,Guangzhou (Nansha),China,CHN,20,1,2,2,10,25,35,45008,18671,4638,1538,22843,69857,92700,61414,0,780,2556,10320,64752,75072,443427
2021-06-27,2021,6,27,port425,Guangzhou (Nansha),China,CHN,11,1,1,0,1,13,14,72216,0,0,0,3847,72216,76063,31654,0,2729,0,0,34383,34383,443428
2019-04-29,2019,4,29,port425,Guangzhou (Nansha),China,CHN,13,2,1,2,2,18,20,64682,67133,0,1320,3777,133137,136914,35459,5811,1186,0,487,42457,42945,443429
2022-08-03,2022,8,3,port425,Guangzhou (Nansha),China,CHN,12,1,4,3,1,20,21,22156,14432,7707,2217,468,46515,46983,26071,229,1560,1438,0,29300,29300,443430
2021-06-28,2021,6,28,port425,Guangzhou (Nansha),China,CHN,10,3,3,0,8,16,24,53265,6148,9904,0,47735,69318,117053,29108,0,780,0,7789,29889,37678,443431
2019-04-30,2019,4,30,port425,Guangzhou (Nansha),China,CHN,1,0,2,1,1,4,5,3642,0,2925,619,5284,7187,12472,3352,0,5186,407,9774,8946,18721,443432
2022-08-04,2022,8,4,port425,Guangzhou (Nansha),China,CHN,17,0,2,2,8,21,29,43142,0,5144,619,46468,48907,95376,36469,0,2387,680,974,39536,40511,443433
2021-06-29,2021,6,29,port425,Guangzhou (Nansha),China,CHN,12,1,4,4,3,21,24,22464,0,17910,619,535,40995,41530,40508,586,780,963,1515,42839,44354,443434
2019-05-01,2019,5,1,port425,Guangzhou (Nansha),China,CHN,13,2,2,1,2,18,20,68508,27882,2925,619,1785,99937,101722,70438,0,2630,407,0,73476,73476,443435
2022-08-05,2022,8,5,port425,Guangzhou (Nansha),China,CHN,11,0,1,2,10,14,24,30945,0,11537,2303,27822,44787,72609,18051,0,0,407,4244,18458,22702,443436
2019-05-02,2019,5,2,port425,Guangzhou (Nansha),China,CHN,15,4,6,3,9,28,37,93078,126209,9416,619,22791,229323,252115,39671,2905,2764,407,2979,45749,48728,443437
2022-08-06,2022,8,6,port425,Guangzhou (Nansha),China,CHN,9,1,3,0,7,13,20,40475,43234,10725,0,42932,94435,137368,9519,0,2424,0,2234,11943,14177,443438
2019-05-03,2019,5,3,port425,Guangzhou (Nansha),China,CHN,13,2,2,1,4,18,22,59131,50577,6395,0,13682,116104,129787,73126,0,780,0,2234,73907,76141,443439
2021-06-30,2021,6,30,port425,Guangzhou (Nansha),China,CHN,15,1,2,2,4,20,24,84218,49765,4829,0,9421,138813,148234,40967,0,780,41,487,41789,42276,443440
2022-08-07,2022,8,7,port425,Guangzhou (Nansha),China,CHN,14,0,4,0,2,18,20,45202,0,6676,0,6322,51878,58200,48840,0,2389,0,564,51229,51793,443441
2019-05-04,2019,5,4,port425,Guangzhou (Nansha),China,CHN,13,0,2,0,5,15,20,75829,0,6855,0,15507,82685,98192,38368,0,780,0,1679,39148,40828,443442
2021-07-01,2021,7,1,port425,Guangzhou (Nansha),China,CHN,15,1,5,2,0,23,23,52315,62993,39251,2045,0,156607,156607,53344,0,8625,0,0,61969,61969,443443
2022-08-08,2022,8,8,port425,Guangzhou (Nansha),China,CHN,17,0,2,1,7,20,27,27480,0,5851,619,15551,33952,49503,63498,0,1560,407,3035,65466,68501,443444
2019-05-05,2019,5,5,port425,Guangzhou (Nansha),China,CHN,14,1,5,1,1,21,22,52168,33566,11900,619,1755,98256,100012,27381,2905,2789,407,836,33483,34320,443445
2021-07-02,2021,7,2,port425,Guangzhou (Nansha),China,CHN,15,2,1,1,7,19,26,65554,69664,0,619,21798,135838,157636,47312,2905,0,407,5521,50625,56146,443446
2022-08-09,2022,8,9,port425,Guangzhou (Nansha),China,CHN,6,1,0,0,5,7,12,19724,58900,0,0,20070,78625,98696,22899,0,0,0,2573,22899,25473,443447
2019-05-06,2019,5,6,port425,Guangzhou (Nansha),China,CHN,14,3,1,1,9,19,28,71162,102762,2925,2044,39515,178895,218411,51532,0,780,0,1601,52313,53914,443448
2021-07-03,2021,7,3,port425,Guangzhou (Nansha),China,CHN,16,1,5,2,2,24,26,63390,0,8271,655,49108,72318,121427,64847,0,3882,41,0,68772,68772,443449
2022-08-10,2022,8,10,port425,Guangzhou (Nansha),China,CHN,0,2,1,1,1,4,5,0,52280,2925,0,4572,55206,59779,0,0,780,0,959,780,1739,443450
2019-05-07,2019,5,7,port425,Guangzhou (Nansha),China,CHN,15,1,3,1,4,20,24,110169,33566,6616,619,8563,150972,159536,25391,2905,6488,407,974,35193,36168,443451
2021-07-04,2021,7,4,port425,Guangzhou (Nansha),China,CHN,7,2,3,1,7,13,20,47463,93134,6833,1684,13367,149115,162483,19916,0,780,0,7060,20696,27757,443452
2022-08-11,2022,8,11,port425,Guangzhou (Nansha),China,CHN,24,2,1,2,5,29,34,79012,91581,3217,0,10002,173812,183814,47017,3687,0,3042,5426,53746,59173,443453
2019-05-08,2019,5,8,port425,Guangzhou (Nansha),China,CHN,15,2,2,1,4,20,24,84512,50794,8744,619,29490,144671,174162,54464,0,0,407,0,54871,54871,443454
2021-07-05,2021,7,5,port425,Guangzhou (Nansha),China,CHN,14,0,4,1,8,19,27,27119,0,14307,0,24997,41426,66424,50773,0,1558,0,6507,52332,58839,443455
2022-08-12,2022,8,12,port425,Guangzhou (Nansha),China,CHN,18,2,3,2,9,25,34,59484,130964,4194,2222,114223,196866,311090,17011,0,759,0,1615,17771,19387,443456
2019-05-09,2019,5,9,port425,Guangzhou (Nansha),China,CHN,13,1,2,4,7,20,27,31546,26456,7715,3394,15061,69112,84173,56461,0,0,1221,2315,57682,59998,443457
2021-07-06,2021,7,6,port425,Guangzhou (Nansha),China,CHN,18,4,5,1,5,28,33,31481,127726,10393,1018,8847,170620,179467,64849,39849,1956,0,2053,106655,108708,443458
2022-08-13,2022,8,13,port425,Guangzhou (Nansha),China,CHN,20,1,5,3,5,29,34,71300,0,13873,4112,2250,89286,91536,38655,0,5880,407,2557,44943,47501,443459
2019-05-10,2019,5,10,port425,Guangzhou (Nansha),China,CHN,15,3,2,3,7,23,30,63534,90799,5851,3046,14689,163232,177922,57066,0,1560,1499,8564,60127,68692,443460
2021-07-07,2021,7,7,port425,Guangzhou (Nansha),China,CHN,15,2,1,3,8,21,29,70110,38436,0,2047,30235,110594,140829,36698,2905,977,41,7416,40623,48039,443461
2022-08-14,2022,8,14,port425,Guangzhou (Nansha),China,CHN,14,0,4,1,2,19,21,37139,0,5660,619,7332,43419,50752,27304,0,563,407,564,28274,28838,443462
2019-05-11,2019,5,11,port425,Guangzhou (Nansha),China,CHN,12,4,4,0,2,20,22,69391,161094,10120,0,35218,240605,275823,46404,8717,1560,0,487,56682,57169,443463
2021-07-08,2021,7,8,port425,Guangzhou (Nansha),China,CHN,17,3,4,1,10,25,35,49523,197259,9686,512,66160,256982,323142,53547,0,1560,0,6993,55108,62101,443464
2022-08-15,2022,8,15,port425,Guangzhou (Nansha),China,CHN,13,2,3,2,5,20,25,20466,32038,2925,0,12292,55430,67723,45901,0,2614,1133,3569,49649,53219,443465
2019-05-12,2019,5,12,port425,Guangzhou (Nansha),China,CHN,11,2,0,1,5,14,19,40427,67632,0,0,14939,108059,122999,37347,1315,0,438,3049,39101,42151,443466
2021-07-09,2021,7,9,port425,Guangzhou (Nansha),China,CHN,12,2,5,0,9,19,28,62635,25527,7827,0,26634,95990,122625,23603,0,780,0,3336,24383,27720,443467
2022-08-16,2022,8,16,port425,Guangzhou (Nansha),China,CHN,18,0,4,1,5,23,28,67452,0,26387,726,13959,94566,108526,56684,0,1560,0,1795,58245,60040,443468
2019-05-13,2019,5,13,port425,Guangzhou (Nansha),China,CHN,14,2,7,1,6,24,30,74802,33566,11946,619,42760,120935,163696,49351,5343,10800,407,1811,65902,67713,443469
2021-07-10,2021,7,10,port425,Guangzhou (Nansha),China,CHN,11,0,2,0,7,13,20,39076,0,0,0,64603,39076,103679,27635,0,0,0,7603,27635,35239,443470
2022-08-17,2022,8,17,port425,Guangzhou (Nansha),China,CHN,15,0,1,3,6,19,25,23817,0,6339,1169,18556,31325,49882,35537,0,0,528,11649,36065,47715,443471
2019-05-14,2019,5,14,port425,Guangzhou (Nansha),China,CHN,14,7,6,3,8,30,38,86765,230950,11411,3262,8990,332389,341379,45128,4169,16648,407,2755,66354,69109,443472
2021-07-11,2021,7,11,port425,Guangzhou (Nansha),China,CHN,11,1,4,3,5,19,24,18584,68070,9948,2354,16196,98958,115154,103241,0,5816,525,1669,109584,111254,443473
2022-08-18,2022,8,18,port425,Guangzhou (Nansha),China,CHN,17,1,0,1,5,19,24,16928,64218,0,505,9908,81652,91561,68146,0,0,0,12640,68146,80787,443474
2019-05-15,2019,5,15,port425,Guangzhou (Nansha),China,CHN,12,7,0,2,6,21,27,68424,255835,0,619,14492,324879,339372,49307,10816,0,407,974,60531,61505,443475
2022-08-19,2022,8,19,port425,Guangzhou (Nansha),China,CHN,19,0,0,1,4,20,24,72579,0,0,2047,4818,74626,79445,36486,0,0,0,4167,36486,40653,443476
2019-05-16,2019,5,16,port425,Guangzhou (Nansha),China,CHN,11,3,6,2,5,22,27,62133,110458,6410,1239,54114,180241,234355,16913,0,2346,814,5856,20074,25931,443477
2022-08-20,2022,8,20,port425,Guangzhou (Nansha),China,CHN,10,2,2,2,2,16,18,14614,34114,6424,3617,4672,58770,63443,15442,2905,780,407,3265,19536,22801,443478
2021-07-12,2021,7,12,port425,Guangzhou (Nansha),China,CHN,16,3,4,2,5,25,30,60909,137536,7641,2256,7017,208343,215361,72479,0,780,0,684,73260,73945,443479
2019-05-17,2019,5,17,port425,Guangzhou (Nansha),China,CHN,18,4,5,3,5,30,35,94654,81932,16241,2047,17004,194876,211880,70318,11682,3505,459,5542,85965,91508,443480
2022-08-21,2022,8,21,port425,Guangzhou (Nansha),China,CHN,16,3,1,1,4,21,25,39892,120390,2925,619,2876,163828,166705,61002,2905,780,407,1303,65096,66399,443481
2021-07-13,2021,7,13,port425,Guangzhou (Nansha),China,CHN,16,0,6,3,5,25,30,42724,0,30836,619,18786,74180,92967,26273,0,3125,449,11521,29847,41369,443482
2019-05-18,2019,5,18,port425,Guangzhou (Nansha),China,CHN,12,3,1,3,2,19,21,75170,164658,1644,3623,43718,245097,288815,38042,0,0,814,487,38856,39344,443483
2022-08-22,2022,8,22,port425,Guangzhou (Nansha),China,CHN,15,2,5,0,4,22,26,41944,45596,22323,0,23298,109864,133163,45271,0,1560,0,2141,46831,48973,443484
2021-07-14,2021,7,14,port425,Guangzhou (Nansha),China,CHN,11,2,6,3,5,22,27,69794,33566,19662,1087,13729,124111,137841,23525,2905,2340,407,3461,29179,32641,443485
2019-05-19,2019,5,19,port425,Guangzhou (Nansha),China,CHN,9,1,2,0,3,12,15,19127,0,8308,0,2962,27436,30398,21164,33697,0,0,0,54862,54862,443486
2022-08-23,2022,8,23,port425,Guangzhou (Nansha),China,CHN,11,1,1,0,3,13,16,53171,0,2925,0,6280,56096,62377,20785,0,780,0,10869,21565,32435,443487
2021-07-15,2021,7,15,port425,Guangzhou (Nansha),China,CHN,11,2,1,1,4,15,19,15745,110808,2925,0,40354,129480,169835,28156,0,780,0,1314,28936,30251,443488
2019-05-20,2019,5,20,port425,Guangzhou (Nansha),China,CHN,7,6,5,1,9,19,28,30539,178102,7729,0,21418,216371,237790,6746,19757,5821,0,2700,32325,35025,443489
2022-08-24,2022,8,24,port425,Guangzhou (Nansha),China,CHN,1,1,0,0,1,2,3,3642,0,0,0,5788,3642,9430,3352,0,0,0,564,3352,3917,443490
2021-07-16,2021,7,16,port425,Guangzhou (Nansha),China,CHN,12,1,3,4,6,20,26,55847,0,2839,1239,13725,59926,73651,46032,1717,3815,814,1746,52380,54127,443491
2019-05-21,2019,5,21,port425,Guangzhou (Nansha),China,CHN,18,3,2,1,7,24,31,107289,108279,4729,1162,23669,221460,245130,73582,2905,270,0,2234,76759,78993,443492
2022-08-25,2022,8,25,port425,Guangzhou (Nansha),China,CHN,2,0,1,1,1,4,5,0,0,2925,0,2806,2925,5732,4793,0,780,2593,1182,8167,9350,443493
2021-07-17,2021,7,17,port425,Guangzhou (Nansha),China,CHN,16,0,4,3,5,23,28,108156,0,7332,2240,19645,117728,137374,37157,0,395,407,4038,37959,41997,443494
2019-05-22,2019,5,22,port425,Guangzhou (Nansha),China,CHN,13,3,6,0,8,22,30,131066,102178,14773,0,40943,248018,288962,26644,2905,3406,0,20872,32957,53830,443495
2022-08-26,2022,8,26,port425,Guangzhou (Nansha),China,CHN,22,3,2,3,10,30,40,51284,153668,15725,2661,30654,223340,253995,58001,0,1107,2964,1746,62073,63820,443496
2021-07-18,2021,7,18,port425,Guangzhou (Nansha),China,CHN,8,2,5,1,4,16,20,18084,34723,14364,0,3606,67172,70778,60546,2905,2340,41,1303,65835,67138,443497
2019-05-23,2019,5,23,port425,Guangzhou (Nansha),China,CHN,12,1,4,2,8,19,27,39489,49828,12425,0,20396,101743,122139,17739,0,8358,509,9575,26607,36183,443498
2022-08-27,2022,8,27,port425,Guangzhou (Nansha),China,CHN,19,0,4,2,4,25,29,52842,0,15310,0,11518,68152,79671,39531,0,2801,3118,0,45450,45450,443499
2021-07-19,2021,7,19,port425,Guangzhou (Nansha),China,CHN,12,2,5,1,0,20,20,49687,108802,5391,1532,0,165413,165413,33152,2905,9444,0,0,45503,45503,443500
2019-05-24,2019,5,24,port425,Guangzhou (Nansha),China,CHN,19,2,1,3,3,25,28,102589,67133,789,2197,3876,172710,176587,60550,5811,0,814,2824,67176,70000,443501
2022-08-28,2022,8,28,port425,Guangzhou (Nansha),China,CHN,21,1,3,0,4,25,29,58126,0,7332,0,6161,65458,71619,65789,0,1608,0,1182,67398,68580,443502
2021-07-20,2021,7,20,port425,Guangzhou (Nansha),China,CHN,18,0,1,3,4,22,26,120341,0,12871,3287,8898,136500,145398,54730,0,0,814,487,55545,56032,443503
2019-05-25,2019,5,25,port425,Guangzhou (Nansha),China,CHN,9,3,2,1,3,15,18,20270,119050,5655,619,10534,145596,156130,42425,5811,780,407,5170,49424,54595,443504
2022-08-29,2022,8,29,port425,Guangzhou (Nansha),China,CHN,22,0,5,1,8,28,36,40012,0,15300,2037,17669,57350,75019,49782,0,3793,0,983,53575,54559,443505
2021-07-21,2021,7,21,port425,Guangzhou (Nansha),China,CHN,13,2,1,2,8,18,26,61977,85551,2925,1457,25779,151911,177691,5457,2905,780,0,6380,9143,15523,443506
2019-05-26,2019,5,26,port425,Guangzhou (Nansha),China,CHN,13,0,4,0,0,17,17,42258,0,11039,0,0,53297,53297,29800,0,780,0,0,30580,30580,443507
2022-08-30,2022,8,30,port425,Guangzhou (Nansha),China,CHN,19,1,5,1,10,26,36,22675,548,13685,0,36120,36909,73029,32902,0,2387,1033,3889,36323,40213,443508
2021-07-22,2021,7,22,port425,Guangzhou (Nansha),China,CHN,17,3,3,3,6,26,32,71848,122115,3127,2870,19999,199962,219962,73514,2905,3927,407,1358,80754,82113,443509
2019-05-27,2019,5,27,port425,Guangzhou (Nansha),China,CHN,17,4,0,3,10,24,34,89250,149653,0,2078,69324,240982,310306,42749,2905,0,407,2375,46063,48438,443510
2022-08-31,2022,8,31,port425,Guangzhou (Nansha),China,CHN,17,3,4,1,3,25,28,62104,33248,15858,436,4753,111648,116402,51943,0,0,0,487,51943,52430,443511
2021-07-23,2021,7,23,port425,Guangzhou (Nansha),China,CHN,11,1,3,1,3,16,19,13430,36317,8361,1320,6783,59430,66214,33782,0,0,0,1780,33782,35562,443512
2019-05-28,2019,5,28,port425,Guangzhou (Nansha),China,CHN,15,5,7,3,8,30,38,61188,109324,25519,1239,35432,197272,232704,30879,5811,6619,814,1358,44125,45484,443513
2022-09-01,2022,9,1,port425,Guangzhou (Nansha),China,CHN,14,5,3,2,8,24,32,54169,195500,3967,1239,16001,254877,270878,16211,3687,780,814,3585,21493,25078,443514
2019-05-29,2019,5,29,port425,Guangzhou (Nansha),China,CHN,10,2,4,1,5,17,22,64289,60393,17887,619,13697,143191,156888,40993,0,5964,407,262,47365,47628,443515
2022-09-02,2022,9,2,port425,Guangzhou (Nansha),China,CHN,13,2,2,1,6,18,24,42814,11316,2925,619,13339,57676,71016,26649,0,2704,407,9895,29761,39656,443516
2019-05-30,2019,5,30,port425,Guangzhou (Nansha),China,CHN,13,2,3,4,3,22,25,62498,106417,9859,3287,6783,182063,188846,7755,2905,780,814,58699,12255,70954,443517
2021-07-24,2021,7,24,port425,Guangzhou (Nansha),China,CHN,13,5,0,1,8,19,27,35388,173495,0,619,20600,209503,230103,30621,3687,0,407,8298,34715,43014,443518
2022-09-03,2022,9,3,port425,Guangzhou (Nansha),China,CHN,14,1,1,1,9,17,26,41328,33566,827,0,38201,75723,113925,51029,2905,0,0,2141,53935,56077,443519
2019-05-31,2019,5,31,port425,Guangzhou (Nansha),China,CHN,11,3,3,0,6,17,23,23036,56458,10241,0,8594,89736,98330,47579,40969,0,0,9993,88548,98542,443520
2021-07-25,2021,7,25,port425,Guangzhou (Nansha),China,CHN,8,2,0,1,3,11,14,30644,9017,0,513,10360,40175,50536,16565,1585,0,0,1523,18151,19674,443521
2022-09-04,2022,9,4,port425,Guangzhou (Nansha),China,CHN,18,0,1,2,3,21,24,28334,0,2218,619,9881,31172,41054,51217,0,1606,407,1310,53231,54541,443522
2019-06-01,2019,6,1,port425,Guangzhou (Nansha),China,CHN,16,3,1,2,7,22,29,129338,109675,0,1239,14594,240253,254848,54865,2905,1579,814,1746,60165,61912,443523
2021-07-26,2021,7,26,port425,Guangzhou (Nansha),China,CHN,5,1,3,2,7,11,18,1486,61146,9142,619,74193,72396,146589,14257,0,2452,407,564,17117,17681,443524
2022-09-05,2022,9,5,port425,Guangzhou (Nansha),China,CHN,7,2,2,2,5,13,18,13958,27135,6660,1183,14289,48938,63227,10884,0,5011,407,1669,16303,17973,443525
2019-06-02,2019,6,2,port425,Guangzhou (Nansha),China,CHN,11,1,7,0,2,19,21,69592,69860,11779,0,5533,151232,156765,29030,0,23624,0,1323,52654,53978,443526
2021-07-27,2021,7,27,port425,Guangzhou (Nansha),China,CHN,2,1,0,0,4,3,7,3642,69483,0,0,8594,73125,81720,3997,0,0,0,2130,3997,6128,443527
2022-09-06,2022,9,6,port425,Guangzhou (Nansha),China,CHN,8,1,1,2,3,12,15,27240,5538,0,2945,12603,35724,48327,16892,0,0,407,0,17299,17299,443528
2019-06-03,2019,6,3,port425,Guangzhou (Nansha),China,CHN,12,5,3,3,6,23,29,91440,87808,14974,3360,30456,197583,228039,45618,9230,0,814,4989,55663,60653,443529
2021-07-28,2021,7,28,port425,Guangzhou (Nansha),China,CHN,9,1,2,1,2,13,15,37357,72513,0,2060,5517,111932,117449,14039,0,6589,0,1182,20629,21811,443530
2022-09-07,2022,9,7,port425,Guangzhou (Nansha),China,CHN,6,0,1,2,6,9,15,5614,0,462,0,12368,6077,18446,23036,0,0,0,2548,23036,25585,443531
2019-06-04,2019,6,4,port425,Guangzhou (Nansha),China,CHN,15,3,1,0,4,19,23,31634,152834,0,0,37766,184469,222236,65301,0,14805,0,564,80106,80671,443532
2021-07-29,2021,7,29,port425,Guangzhou (Nansha),China,CHN,13,2,1,4,9,20,29,58036,42584,15605,0,30182,116226,146409,41866,4491,0,3369,3460,49727,53188,443533
2022-09-08,2022,9,8,port425,Guangzhou (Nansha),China,CHN,12,3,4,2,3,21,24,17635,45621,5354,3966,4795,72577,77373,23362,2905,2786,0,2552,29055,31607,443534
2019-06-05,2019,6,5,port425,Guangzhou (Nansha),China,CHN,15,1,5,1,8,22,30,69786,37341,13612,0,88970,120740,209711,29841,0,2629,0,1930,32470,34401,443535
2021-07-30,2021,7,30,port425,Guangzhou (Nansha),China,CHN,16,0,2,4,1,22,23,103936,0,10504,1239,1397,115680,117078,38102,0,780,814,0,39696,39696,443536
2022-09-09,2022,9,9,port425,Guangzhou (Nansha),China,CHN,17,2,2,1,8,22,30,40221,53757,3730,0,10267,97709,107976,44851,0,780,3046,6789,48677,55467,443537
2019-06-06,2019,6,6,port425,Guangzhou (Nansha),China,CHN,10,5,5,2,5,22,27,119361,171179,21348,1978,4690,313868,318559,7831,8717,1019,0,646,17569,18215,443538
2021-07-31,2021,7,31,port425,Guangzhou (Nansha),China,CHN,12,3,4,2,5,21,26,33904,48140,3818,692,13687,86555,100242,34546,7542,1181,407,4855,43678,48534,443539
2022-09-10,2022,9,10,port425,Guangzhou (Nansha),China,CHN,15,1,3,3,5,22,27,48340,72702,12848,2864,13169,136756,149925,32219,0,1581,273,2755,34074,36830,443540
2019-06-07,2019,6,7,port425,Guangzhou (Nansha),China,CHN,16,0,4,2,3,22,25,66369,0,5058,1239,10179,72668,82847,57556,0,3601,814,1051,61972,63024,443541
2021-08-01,2021,8,1,port425,Guangzhou (Nansha),China,CHN,13,0,2,0,5,15,20,35617,0,2925,0,15593,38543,54136,45423,0,1942,0,2852,47366,50218,443542
2022-09-11,2022,9,11,port425,Guangzhou (Nansha),China,CHN,17,1,2,1,3,21,24,26761,12282,0,619,8172,39664,47837,37972,0,3984,407,9774,42364,52138,443543
2019-06-08,2019,6,8,port425,Guangzhou (Nansha),China,CHN,9,2,5,0,4,16,20,33445,106289,18675,0,17686,158411,176097,46369,2905,1560,0,836,50836,51672,443544
2021-08-02,2021,8,2,port425,Guangzhou (Nansha),China,CHN,13,2,6,3,4,24,28,29445,62988,15674,1023,13412,109131,122544,42042,1585,12488,2091,1172,58207,59379,443545
2022-09-12,2022,9,12,port425,Guangzhou (Nansha),China,CHN,17,0,3,2,9,22,31,88147,0,6272,1167,25986,95586,121573,25566,0,2809,407,1669,28783,30453,443546
2019-06-09,2019,6,9,port425,Guangzhou (Nansha),China,CHN,10,0,2,2,2,14,16,62080,0,2925,0,1053,65006,66059,10425,0,795,0,2749,11221,13970,443547
2021-08-03,2021,8,3,port425,Guangzhou (Nansha),China,CHN,13,4,2,1,7,20,27,67794,237873,7061,0,16447,312729,329177,62752,2905,0,0,1462,65658,67120,443548
2022-09-13,2022,9,13,port425,Guangzhou (Nansha),China,CHN,14,6,2,2,5,24,29,55721,225220,2286,0,21050,283229,304279,18782,5811,2314,691,3339,27600,30940,443549
2019-06-10,2019,6,10,port425,Guangzhou (Nansha),China,CHN,14,1,2,1,8,18,26,94952,33566,6641,4096,53059,139257,192317,43195,2905,11109,0,3104,57210,60315,443550
2021-08-04,2021,8,4,port425,Guangzhou (Nansha),China,CHN,12,1,1,3,3,17,20,27989,33566,6503,3797,7119,71856,78975,30656,2905,0,814,1669,34376,36046,443551
2022-09-14,2022,9,14,port425,Guangzhou (Nansha),China,CHN,13,1,3,4,1,21,22,57234,51440,10594,4311,5788,123581,129369,36543,0,2445,814,564,39802,40367,443552
2019-06-11,2019,6,11,port425,Guangzhou (Nansha),China,CHN,16,1,0,4,7,21,28,60579,72454,0,1057,45840,134090,179931,36553,0,0,407,750,36960,37710,443553
2022-09-15,2022,9,15,port425,Guangzhou (Nansha),China,CHN,13,3,7,0,7,23,30,40974,33566,15502,0,19646,90044,109690,34344,12744,2662,0,2852,49752,52604,443554
2019-06-12,2019,6,12,port425,Guangzhou (Nansha),China,CHN,17,3,0,1,4,21,25,146819,48745,0,0,1526,195565,197091,37037,0,0,0,2503,37037,39541,443555
2021-08-05,2021,8,5,port425,Guangzhou (Nansha),China,CHN,7,0,5,2,3,14,17,34287,0,33042,619,6654,67949,74603,16621,0,6563,407,5383,23592,28975,443556
2019-06-13,2019,6,13,port425,Guangzhou (Nansha),China,CHN,8,1,2,3,6,14,20,24797,70478,4022,1239,17291,100538,117830,18173,0,2530,814,1888,21518,23406,443557
2022-09-16,2022,9,16,port425,Guangzhou (Nansha),China,CHN,18,1,0,0,4,19,23,25023,17315,0,0,15203,42339,57542,64243,3687,0,0,1051,67930,68982,443558
2021-08-06,2021,8,6,port425,Guangzhou (Nansha),China,CHN,15,1,2,2,7,20,27,88432,11866,11134,1056,34258,112490,146748,45003,0,780,407,2277,46191,48469,443559
2019-06-14,2019,6,14,port425,Guangzhou (Nansha),China,CHN,18,3,5,2,10,28,38,103372,67133,8086,1239,37456,179832,217288,48269,5811,1053,814,2506,55949,58455,443560
2022-09-17,2022,9,17,port425,Guangzhou (Nansha),China,CHN,17,0,3,1,1,21,22,35048,0,17098,619,3777,52766,56543,37295,0,1606,407,487,39309,39797,443561
2021-08-07,2021,8,7,port425,Guangzhou (Nansha),China,CHN,19,1,0,3,4,23,27,147971,33566,0,3698,13661,185236,198898,67454,2905,0,3791,4709,74151,78861,443562
2019-06-15,2019,6,15,port425,Guangzhou (Nansha),China,CHN,6,3,6,1,8,16,24,31318,131727,21686,2047,21934,186780,208714,21014,2905,2806,0,6270,26726,32996,443563
2022-09-18,2022,9,18,port425,Guangzhou (Nansha),China,CHN,19,0,0,2,0,21,21,49209,0,0,753,0,49962,49962,37208,0,0,0,0,37208,37208,443564
2021-08-08,2021,8,8,port425,Guangzhou (Nansha),China,CHN,15,2,1,1,4,19,23,31904,82600,5688,619,16956,120813,137769,110451,0,0,407,2929,110858,113788,443565
2019-06-16,2019,6,16,port425,Guangzhou (Nansha),China,CHN,15,0,2,2,4,19,23,69323,0,7530,619,12984,77473,90457,60825,0,1606,407,11444,62839,74284,443566
2022-09-19,2022,9,19,port425,Guangzhou (Nansha),China,CHN,20,1,1,2,5,24,29,57896,21204,8599,4635,13563,92335,105898,49015,0,0,0,5049,49015,54065,443567
2021-08-09,2021,8,9,port425,Guangzhou (Nansha),China,CHN,15,2,2,4,5,23,28,22465,81644,8111,4023,14005,116244,130250,83784,229,0,407,0,84420,84420,443568
2019-06-17,2019,6,17,port425,Guangzhou (Nansha),China,CHN,17,2,1,1,11,21,32,71581,44637,3137,619,30206,119976,150182,59911,2905,0,407,2945,63225,66170,443569
2022-09-20,2022,9,20,port425,Guangzhou (Nansha),China,CHN,18,4,1,2,9,25,34,54596,142178,986,1686,23612,199448,223060,35941,2124,0,0,3264,38065,41330,443570
2021-08-10,2021,8,10,port425,Guangzhou (Nansha),China,CHN,13,0,3,2,6,18,24,76716,0,498,0,25902,77215,103117,25248,0,2454,0,1348,27702,29050,443571
2019-06-18,2019,6,18,port425,Guangzhou (Nansha),China,CHN,12,1,1,1,9,15,24,57328,0,2925,1162,31617,61416,93033,44218,0,780,0,4145,44999,49144,443572
2022-09-21,2022,9,21,port425,Guangzhou (Nansha),China,CHN,11,1,3,3,7,18,25,26745,33566,3320,1056,20293,64690,84983,33772,2905,2509,407,6378,39594,45973,443573
2021-08-11,2021,8,11,port425,Guangzhou (Nansha),China,CHN,14,0,4,0,2,18,20,63646,0,13190,0,27869,76836,104705,59961,0,9060,0,1182,69022,70204,443574
2019-06-19,2019,6,19,port425,Guangzhou (Nansha),China,CHN,15,2,3,2,7,22,29,110146,82357,4096,1239,21806,197840,219647,36114,2905,1182,814,1400,41017,42417,443575
2022-09-22,2022,9,22,port425,Guangzhou (Nansha),China,CHN,15,0,4,1,5,20,25,22116,0,12094,749,61751,34959,96711,32609,0,2435,0,0,35044,35044,443576
2021-08-12,2021,8,12,port425,Guangzhou (Nansha),China,CHN,11,2,1,2,4,16,20,79376,33566,5599,0,15178,118542,133720,20295,2905,0,41,3416,23243,26659,443577
2019-06-20,2019,6,20,port425,Guangzhou (Nansha),China,CHN,10,4,6,1,4,21,25,87586,188855,16443,0,7891,292886,300777,37156,2905,6847,0,1445,46909,48355,443578
2022-09-23,2022,9,23,port425,Guangzhou (Nansha),China,CHN,18,2,1,2,5,23,28,32034,50716,2925,619,14854,86295,101150,34100,0,780,680,564,35561,36125,443579
2021-08-13,2021,8,13,port425,Guangzhou (Nansha),China,CHN,12,3,2,4,8,21,29,104149,80789,14035,4142,23318,203116,226434,42297,0,780,1221,2412,44299,46711,443580
2019-06-21,2019,6,21,port425,Guangzhou (Nansha),China,CHN,13,3,2,3,6,21,27,15299,207506,9491,1602,25242,233899,259142,57028,0,780,814,3061,58623,61684,443581
2022-09-24,2022,9,24,port425,Guangzhou (Nansha),China,CHN,17,0,5,0,9,22,31,52259,0,18375,0,20405,70635,91040,53170,0,1956,0,6018,55126,61144,443582
2021-08-14,2021,8,14,port425,Guangzhou (Nansha),China,CHN,12,4,5,2,4,23,27,38605,96487,11900,0,35638,146992,182631,117802,5811,0,1023,1476,124637,126114,443583
2019-06-22,2019,6,22,port425,Guangzhou (Nansha),China,CHN,13,1,3,0,5,17,22,33332,20442,16783,0,14138,70558,84696,53297,0,1560,0,4434,54857,59292,443584
2022-09-25,2022,9,25,port425,Guangzhou (Nansha),China,CHN,14,1,1,0,2,16,18,47903,73621,2925,0,2795,124450,127246,34293,0,780,0,0,35073,35073,443585
2021-08-15,2021,8,15,port425,Guangzhou (Nansha),China,CHN,18,4,2,0,3,24,27,74075,61580,9739,0,6005,145396,151401,54187,4721,780,0,1182,59689,60871,443586
2019-06-23,2019,6,23,port425,Guangzhou (Nansha),China,CHN,11,1,0,1,1,13,14,105705,18751,0,619,0,125077,125077,16753,0,0,407,703,17161,17864,443587
2022-09-26,2022,9,26,port425,Guangzhou (Nansha),China,CHN,16,1,4,1,3,22,25,58801,23715,10742,342,7554,93601,101155,53317,0,1560,0,1102,54877,55980,443588
2021-08-16,2021,8,16,port425,Guangzhou (Nansha),China,CHN,12,1,4,2,7,19,26,21252,56205,8777,1089,67323,87324,154648,45097,0,2340,1510,2634,48948,51582,443589
2019-06-24,2019,6,24,port425,Guangzhou (Nansha),China,CHN,22,1,6,2,10,31,41,67372,71794,10913,619,31677,150699,182377,83463,0,7145,407,9004,91015,100019,443590
2022-09-27,2022,9,27,port425,Guangzhou (Nansha),China,CHN,14,2,4,4,4,24,28,63243,105649,10104,1314,25008,180311,205320,26570,0,3994,3189,3829,33753,37583,443591
2021-08-17,2021,8,17,port425,Guangzhou (Nansha),China,CHN,12,2,1,2,7,17,24,12846,31811,2658,619,19816,47937,67753,96837,0,0,449,3049,97286,100335,443592
2022-09-28,2022,9,28,port425,Guangzhou (Nansha),China,CHN,13,1,2,1,6,17,23,60803,0,3321,619,24369,64744,89114,37669,0,780,407,2234,38857,41091,443593
2021-08-18,2021,8,18,port425,Guangzhou (Nansha),China,CHN,9,2,5,1,5,17,22,43022,51440,31697,619,16697,126780,143477,19383,0,1560,407,6538,21351,27889,443594
2022-09-29,2022,9,29,port425,Guangzhou (Nansha),China,CHN,13,1,3,2,3,19,22,16007,33566,11989,0,8566,61563,70129,40117,2905,780,467,974,44271,45245,443595
2019-06-25,2019,6,25,port425,Guangzhou (Nansha),China,CHN,14,3,5,3,8,25,33,111258,139552,18983,2303,56808,272098,328907,39647,5811,3121,625,4156,49206,53363,443596
2021-08-19,2021,8,19,port425,Guangzhou (Nansha),China,CHN,12,4,2,0,6,18,24,29214,130161,4879,0,19059,164255,183314,39920,7397,0,0,1051,47318,48370,443597
2022-09-30,2022,9,30,port425,Guangzhou (Nansha),China,CHN,19,2,4,1,5,26,31,28861,102805,9172,619,13600,141459,155060,71348,0,2498,407,10535,74254,84790,443598
2019-06-26,2019,6,26,port425,Guangzhou (Nansha),China,CHN,10,1,2,1,7,14,21,36614,8638,14361,0,19388,59614,79002,15137,0,0,0,1949,15137,17086,443599
2021-08-20,2021,8,20,port425,Guangzhou (Nansha),China,CHN,16,4,1,3,5,24,29,54514,161129,2925,619,15198,219189,234387,61013,5811,780,407,1182,68012,69195,443600
2022-10-01,2022,10,1,port425,Guangzhou (Nansha),China,CHN,17,1,0,1,4,19,23,77937,0,0,1019,3267,78957,82225,30916,0,0,0,127,30916,31044,443601
2019-06-27,2019,6,27,port425,Guangzhou (Nansha),China,CHN,11,5,5,2,5,23,28,28180,100432,9831,619,16639,139063,155703,34721,3597,3362,407,974,42088,43062,443602
2021-08-21,2021,8,21,port425,Guangzhou (Nansha),China,CHN,9,2,1,1,12,13,25,43334,84814,674,619,43122,129442,172564,26504,0,1176,407,12244,28088,40332,443603
2022-10-02,2022,10,2,port425,Guangzhou (Nansha),China,CHN,10,1,0,1,2,12,14,32594,0,0,1162,8349,33757,42106,21634,35487,0,0,1446,57121,58568,443604
2019-06-28,2019,6,28,port425,Guangzhou (Nansha),China,CHN,16,2,5,2,4,25,29,64395,82357,12653,5182,7664,164589,172253,77177,2905,1324,407,2778,81814,84592,443605
2021-08-22,2021,8,22,port425,Guangzhou (Nansha),China,CHN,9,0,3,0,3,12,15,63760,0,6676,0,3777,70436,74213,30272,0,1560,0,870,31833,32703,443606
2022-10-03,2022,10,3,port425,Guangzhou (Nansha),China,CHN,13,0,2,1,5,16,21,49448,0,2925,1538,10610,53913,64523,53665,0,1175,0,5151,54840,59992,443607
2019-06-29,2019,6,29,port425,Guangzhou (Nansha),China,CHN,13,2,4,0,4,19,23,78119,70346,11570,0,8091,160036,168128,56249,0,780,0,13392,57029,70421,443608
2021-08-23,2021,8,23,port425,Guangzhou (Nansha),China,CHN,15,3,3,2,7,23,30,44497,45310,5289,619,18467,95717,114185,50282,1585,6118,2293,2791,60281,63073,443609
2022-10-04,2022,10,4,port425,Guangzhou (Nansha),China,CHN,16,2,2,2,4,22,26,24884,59812,2218,619,8004,87535,95539,45081,2905,1606,407,1797,50002,51799,443610
2019-06-30,2019,6,30,port425,Guangzhou (Nansha),China,CHN,13,0,2,1,0,16,16,96341,0,5144,619,0,102105,102105,35579,0,2387,407,0,38373,38373,443611
2021-08-24,2021,8,24,port425,Guangzhou (Nansha),China,CHN,18,2,3,3,1,26,27,91176,100804,8722,619,3014,201322,204336,102537,2905,2931,407,0,108781,108781,443612
2022-10-05,2022,10,5,port425,Guangzhou (Nansha),China,CHN,18,1,2,1,6,22,28,69460,12054,5896,0,17147,87412,104559,40094,0,789,3851,11014,44735,55749,443613
2019-07-01,2019,7,1,port425,Guangzhou (Nansha),China,CHN,12,2,2,2,9,18,27,58633,33566,10344,2120,48925,104665,153590,38751,2905,780,0,4508,42438,46946,443614
2021-08-25,2021,8,25,port425,Guangzhou (Nansha),China,CHN,14,1,2,2,4,19,23,52147,14432,7651,619,6942,74851,81793,59575,229,780,407,4194,60992,65186,443615
2022-10-06,2022,10,6,port425,Guangzhou (Nansha),China,CHN,20,0,2,2,5,24,29,64086,0,2925,983,71382,67995,139377,37480,0,3286,407,0,41174,41174,443616
2019-07-02,2019,7,2,port425,Guangzhou (Nansha),China,CHN,11,1,5,1,8,18,26,57202,0,36396,619,14138,94218,108356,19832,0,780,407,3974,21019,24994,443617
2021-08-26,2021,8,26,port425,Guangzhou (Nansha),China,CHN,9,2,6,2,8,19,27,16374,71830,15948,742,22460,104895,127356,16446,0,4793,41,2563,21282,23845,443618
2022-10-07,2022,10,7,port425,Guangzhou (Nansha),China,CHN,15,3,6,1,5,25,30,39858,38320,49783,2049,25358,130011,155370,8470,0,0,0,4355,8470,12825,443619
2019-07-03,2019,7,3,port425,Guangzhou (Nansha),China,CHN,13,2,1,1,10,17,27,85551,42527,6859,619,25860,135558,161419,29544,0,0,407,3402,29951,33354,443620
2021-08-27,2021,8,27,port425,Guangzhou (Nansha),China,CHN,15,4,3,3,7,25,32,35329,49733,11785,1239,71870,98088,169959,57800,8662,0,814,1949,67276,69226,443621
2022-10-08,2022,10,8,port425,Guangzhou (Nansha),China,CHN,10,2,4,0,6,16,22,34676,121389,13022,0,18810,169088,187899,12564,0,1560,0,3045,14125,17171,443622
2019-07-04,2019,7,4,port425,Guangzhou (Nansha),China,CHN,12,3,6,2,6,23,29,65438,130079,11308,0,29534,206827,236361,23965,5811,6275,0,487,36053,36540,443623
2021-08-28,2021,8,28,port425,Guangzhou (Nansha),China,CHN,13,1,3,1,5,18,23,91288,68757,0,619,15476,160665,176141,11973,0,2825,407,289,15205,15495,443624
2022-10-09,2022,10,9,port425,Guangzhou (Nansha),China,CHN,14,1,3,0,3,18,21,39165,33566,5144,0,6907,77877,84785,29780,2905,5240,0,3204,37926,41130,443625
2019-07-05,2019,7,5,port425,Guangzhou (Nansha),China,CHN,17,2,2,3,8,24,32,81584,63743,2092,3291,11384,150712,162096,37017,2905,2014,895,4203,42833,47036,443626
2021-08-29,2021,8,29,port425,Guangzhou (Nansha),China,CHN,15,3,1,1,1,20,21,81754,103640,5599,0,1298,190994,192292,29397,2905,0,0,0,32303,32303,443627
2022-10-10,2022,10,10,port425,Guangzhou (Nansha),China,CHN,9,0,2,1,10,12,22,21527,0,9147,511,34211,31186,65398,19390,0,0,0,5265,19390,24656,443628
2019-07-06,2019,7,6,port425,Guangzhou (Nansha),China,CHN,12,2,6,0,4,20,24,31240,111207,16355,0,45300,158804,204105,70311,2905,3993,0,1182,77210,78393,443629
2021-08-30,2021,8,30,port425,Guangzhou (Nansha),China,CHN,12,4,0,1,8,17,25,27907,101279,0,619,14362,129806,144169,28864,8717,0,407,5095,37989,43085,443630
2022-10-11,2022,10,11,port425,Guangzhou (Nansha),China,CHN,13,1,1,1,8,16,24,42585,8526,1981,0,14471,53094,67566,26050,0,0,0,9629,26050,35680,443631
2021-08-31,2021,8,31,port425,Guangzhou (Nansha),China,CHN,16,2,1,3,3,22,25,34972,58311,3205,619,12618,97110,109729,71966,7541,0,407,1051,79915,80966,443632
2022-10-12,2022,10,12,port425,Guangzhou (Nansha),China,CHN,13,0,4,2,4,19,23,42286,0,5867,1239,8631,49393,58024,22470,0,1070,814,1096,24355,25451,443633
2021-09-01,2021,9,1,port425,Guangzhou (Nansha),China,CHN,17,3,2,1,5,23,28,74106,25650,5339,799,21244,105896,127141,39351,1585,1606,0,487,42544,43031,443634
2019-07-07,2019,7,7,port425,Guangzhou (Nansha),China,CHN,10,2,2,1,1,15,16,91935,52087,4564,525,5788,149113,154901,16969,821,3946,0,564,21736,22301,443635
2022-10-13,2022,10,13,port425,Guangzhou (Nansha),China,CHN,13,2,6,1,4,22,26,65790,94733,16418,851,2071,177794,179865,38227,0,4774,485,3279,43487,46767,443636
2021-09-02,2021,9,2,port425,Guangzhou (Nansha),China,CHN,13,1,2,0,3,16,19,63877,31098,4117,0,11360,99094,110454,30157,0,780,0,827,30937,31765,443637
2019-07-08,2019,7,8,port425,Guangzhou (Nansha),China,CHN,16,5,2,5,5,28,33,135077,157423,8432,2753,71679,303687,375366,48502,8717,0,407,487,57627,58114,443638
2022-10-14,2022,10,14,port425,Guangzhou (Nansha),China,CHN,12,2,2,0,8,16,24,31728,12852,5890,0,13212,50470,63683,14618,1291,10251,0,4857,26161,31018,443639
2021-09-03,2021,9,3,port425,Guangzhou (Nansha),China,CHN,15,3,8,3,3,29,32,91666,149458,12001,812,10736,253939,264676,49583,2905,8267,407,262,61163,61426,443640
2019-07-09,2019,7,9,port425,Guangzhou (Nansha),China,CHN,17,1,2,2,3,22,25,85947,48790,7011,619,13283,142370,155653,67644,0,1916,407,0,69968,69968,443641
2022-10-15,2022,10,15,port425,Guangzhou (Nansha),China,CHN,15,1,0,1,1,17,18,31108,35626,0,0,0,66734,66734,50899,0,0,820,127,51719,51847,443642
2021-09-04,2021,9,4,port425,Guangzhou (Nansha),China,CHN,12,1,4,0,3,17,20,49116,20197,16370,0,8872,85684,94556,39620,0,1560,0,1669,41181,42850,443643
2019-07-10,2019,7,10,port425,Guangzhou (Nansha),China,CHN,15,0,2,1,5,18,23,69557,0,2925,619,9135,73103,82238,52628,0,6974,407,10649,60010,70659,443644
2022-10-16,2022,10,16,port425,Guangzhou (Nansha),China,CHN,14,1,1,0,4,16,20,52060,50598,2218,0,15350,104877,120227,37582,0,1606,0,1801,39189,40991,443645
2021-09-05,2021,9,5,port425,Guangzhou (Nansha),China,CHN,13,2,0,3,2,18,20,128802,0,0,2420,8454,131222,139676,15387,14736,0,0,564,30124,30688,443646
2019-07-11,2019,7,11,port425,Guangzhou (Nansha),China,CHN,17,4,1,2,3,24,27,83222,160219,2925,2120,6149,248488,254637,51225,0,780,0,9774,52006,61780,443647
2022-10-17,2022,10,17,port425,Guangzhou (Nansha),China,CHN,11,2,0,0,1,13,14,25571,49691,0,0,2806,75263,78069,20511,0,0,0,1182,20511,21693,443648
2021-09-06,2021,9,6,port425,Guangzhou (Nansha),China,CHN,13,1,3,2,5,19,24,57241,74326,11745,0,22014,143312,165327,26912,0,780,41,2497,27734,30231,443649
2019-07-12,2019,7,12,port425,Guangzhou (Nansha),China,CHN,19,2,3,1,6,25,31,52532,44767,9231,546,22546,107077,129624,175919,2905,780,0,4736,179605,184341,443650
2022-10-18,2022,10,18,port425,Guangzhou (Nansha),China,CHN,12,0,3,2,3,17,20,43097,0,10434,1239,6431,54772,61203,31165,0,1606,814,10383,33587,43971,443651
2021-09-07,2021,9,7,port425,Guangzhou (Nansha),China,CHN,15,3,5,2,6,25,31,50506,67690,31225,1683,12073,151105,163179,40281,2905,780,0,14205,43967,58173,443652
2019-07-13,2019,7,13,port425,Guangzhou (Nansha),China,CHN,11,2,5,2,4,20,24,43323,84756,10369,619,13342,139069,152411,75950,2905,1761,407,4300,81025,85326,443653
2022-10-19,2022,10,19,port425,Guangzhou (Nansha),China,CHN,6,1,1,2,9,10,19,35321,34334,10189,1535,54384,81380,135764,18091,0,0,434,2898,18525,21424,443654
2021-09-08,2021,9,8,port425,Guangzhou (Nansha),China,CHN,9,3,2,2,3,16,19,19707,77549,5335,467,5572,103059,108632,94887,0,780,0,3392,95667,99060,443655
2019-07-14,2019,7,14,port425,Guangzhou (Nansha),China,CHN,10,1,3,0,2,14,16,51152,72547,10609,0,5788,134309,140098,11925,0,2297,0,564,14223,14787,443656
2022-10-20,2022,10,20,port425,Guangzhou (Nansha),China,CHN,10,1,0,1,4,12,16,37055,9747,0,0,19546,46803,66349,18878,0,0,0,959,18878,19837,443657
2021-09-09,2021,9,9,port425,Guangzhou (Nansha),China,CHN,14,3,4,1,5,22,27,118267,131371,15441,0,11944,265079,277024,20748,0,3167,0,1218,23915,25133,443658
2019-07-15,2019,7,15,port425,Guangzhou (Nansha),China,CHN,11,4,8,1,4,24,28,50813,52631,24702,619,8630,128767,137397,60273,1950,3543,407,1445,66174,67620,443659
2022-10-21,2022,10,21,port425,Guangzhou (Nansha),China,CHN,12,0,1,2,2,15,17,53311,0,789,1471,5478,55572,61050,29825,0,0,892,6777,30717,37495,443660
2021-09-10,2021,9,10,port425,Guangzhou (Nansha),China,CHN,11,2,2,1,6,16,22,74401,125757,0,0,31105,200159,231265,52613,0,1813,41,1907,54469,56376,443661
2019-07-16,2019,7,16,port425,Guangzhou (Nansha),China,CHN,17,2,2,3,6,24,30,109564,102335,4455,1782,15630,218138,233768,35120,2905,0,528,1618,38554,40172,443662
2022-10-22,2022,10,22,port425,Guangzhou (Nansha),China,CHN,12,1,5,2,7,20,27,53804,19241,7086,619,21273,80752,102025,10126,0,3273,407,3416,13807,17223,443663
2021-09-11,2021,9,11,port425,Guangzhou (Nansha),China,CHN,15,1,1,1,5,18,23,48062,33566,2925,0,62914,84554,147469,81008,2905,780,0,1051,84695,85746,443664
2019-07-17,2019,7,17,port425,Guangzhou (Nansha),China,CHN,12,0,4,2,8,18,26,55168,0,14884,0,45186,70053,115240,40187,0,0,0,4525,40187,44713,443665
2022-10-23,2022,10,23,port425,Guangzhou (Nansha),China,CHN,14,3,3,1,1,21,22,10608,174074,9371,2040,3777,196095,199872,48629,2905,1606,0,487,53142,53629,443666
2021-09-12,2021,9,12,port425,Guangzhou (Nansha),China,CHN,13,1,2,1,2,17,19,62885,70604,7249,0,2806,140739,143546,50927,0,780,0,1182,51708,52890,443667
2019-07-18,2019,7,18,port425,Guangzhou (Nansha),China,CHN,16,5,5,3,8,29,37,72479,114203,8851,3163,24121,198698,222819,39650,5811,2067,1393,13010,48922,61933,443668
2022-10-24,2022,10,24,port425,Guangzhou (Nansha),China,CHN,22,1,6,1,9,30,39,50116,33566,22016,0,28865,105699,134565,80254,2905,1560,601,2627,85321,87948,443669
2021-09-13,2021,9,13,port425,Guangzhou (Nansha),China,CHN,13,0,4,2,4,19,23,22591,0,8123,0,16991,30715,47707,81975,0,10596,41,1051,92613,93665,443670
2022-10-25,2022,10,25,port425,Guangzhou (Nansha),China,CHN,24,2,0,1,6,27,33,38538,73532,0,0,15222,112070,127292,89298,0,0,0,15562,89298,104861,443671
2021-09-14,2021,9,14,port425,Guangzhou (Nansha),China,CHN,8,4,4,2,3,18,21,16437,163619,7175,619,4411,187852,192263,13191,82130,2659,2454,1303,100434,101737,443672
2019-07-19,2019,7,19,port425,Guangzhou (Nansha),China,CHN,16,1,2,2,9,21,30,113038,33566,12987,958,67697,160551,228248,48428,2905,0,0,2213,51334,53548,443673
2022-10-26,2022,10,26,port425,Guangzhou (Nansha),China,CHN,17,1,2,2,9,22,31,64505,0,5989,1226,35151,71721,106873,65846,657,780,407,10224,67691,77915,443674
2021-09-15,2021,9,15,port425,Guangzhou (Nansha),China,CHN,3,0,0,2,4,5,9,41352,0,0,1763,17041,43115,60157,3352,0,0,407,9774,3760,13534,443675
2019-07-20,2019,7,20,port425,Guangzhou (Nansha),China,CHN,14,2,1,1,5,18,23,69513,67133,0,619,59954,137266,197220,61731,5811,2772,407,1400,70723,72123,443676
2022-10-27,2022,10,27,port425,Guangzhou (Nansha),China,CHN,15,3,0,1,9,19,28,76880,186804,0,851,43838,264535,308374,45498,0,0,485,1615,45983,47599,443677
2021-09-16,2021,9,16,port425,Guangzhou (Nansha),China,CHN,15,0,2,0,4,17,21,42330,0,8009,0,17364,50339,67704,46555,0,780,0,1692,47335,49028,443678
2019-07-21,2019,7,21,port425,Guangzhou (Nansha),China,CHN,8,0,2,1,6,11,17,70022,0,0,2162,10735,72185,82921,14532,0,21425,0,1358,35958,37317,443679
2022-10-28,2022,10,28,port425,Guangzhou (Nansha),China,CHN,11,2,7,1,6,21,27,53024,33566,9440,1543,7671,97575,105246,20615,2905,4736,0,4081,28257,32338,443680
2021-09-17,2021,9,17,port425,Guangzhou (Nansha),China,CHN,11,1,1,0,2,13,15,47965,3473,3224,0,3777,54663,58440,29383,0,0,0,1009,29383,30393,443681
2019-07-22,2019,7,22,port425,Guangzhou (Nansha),China,CHN,20,0,2,2,2,24,26,76110,0,10943,1940,6892,88995,95887,55390,0,0,407,0,55797,55797,443682
2022-10-29,2022,10,29,port425,Guangzhou (Nansha),China,CHN,16,1,2,1,9,20,29,56525,14279,4108,511,16421,75425,91846,56471,0,780,0,13068,57251,70320,443683
2021-09-18,2021,9,18,port425,Guangzhou (Nansha),China,CHN,13,0,3,5,5,21,26,42513,0,9190,4016,15301,55720,71021,32884,0,2760,3355,1051,39000,40051,443684
2019-07-23,2019,7,23,port425,Guangzhou (Nansha),China,CHN,10,2,2,1,11,15,26,56227,96560,8037,0,28144,160825,188970,22146,2905,780,0,2929,25833,28762,443685
2022-10-30,2022,10,30,port425,Guangzhou (Nansha),China,CHN,14,0,2,0,4,16,20,22544,0,8473,0,15934,31017,46952,59146,0,0,0,2157,59146,61303,443686
2021-09-19,2021,9,19,port425,Guangzhou (Nansha),China,CHN,8,3,4,2,3,17,20,40781,146922,15882,661,17711,204248,221960,18072,2905,1889,407,2365,23275,25640,443687
2019-07-24,2019,7,24,port425,Guangzhou (Nansha),China,CHN,12,0,2,1,8,15,23,72618,0,16945,619,101920,90182,192103,34524,0,0,407,10339,34931,45270,443688
2022-10-31,2022,10,31,port425,Guangzhou (Nansha),China,CHN,12,1,5,0,7,18,25,7555,33566,14819,0,10185,55941,66127,43580,2905,5360,0,31947,51847,83794,443689
2021-09-20,2021,9,20,port425,Guangzhou (Nansha),China,CHN,13,1,3,2,5,19,24,23093,66302,8258,512,15353,98166,113519,116470,0,1560,755,3869,118786,122655,443690
2019-07-25,2019,7,25,port425,Guangzhou (Nansha),China,CHN,11,6,1,2,9,20,29,61708,208664,4300,2037,51299,276710,328009,24118,3858,0,0,568,27977,28545,443691
2022-11-01,2022,11,1,port425,Guangzhou (Nansha),China,CHN,8,1,2,1,0,12,12,14410,74603,7357,619,0,96991,96991,14108,0,0,407,0,14515,14515,443692
2021-09-21,2021,9,21,port425,Guangzhou (Nansha),China,CHN,14,2,1,0,3,17,20,18229,136732,2106,0,16861,157069,173930,46002,0,0,0,10903,46002,56906,443693
2019-07-26,2019,7,26,port425,Guangzhou (Nansha),China,CHN,16,2,5,4,7,27,34,55611,58884,14935,2667,32388,132099,164487,63069,2905,1560,407,3968,67943,71911,443694
2022-11-02,2022,11,2,port425,Guangzhou (Nansha),China,CHN,0,0,0,1,1,1,2,0,0,0,0,3777,0,3777,0,0,0,378,487,378,865,443695
2021-09-22,2021,9,22,port425,Guangzhou (Nansha),China,CHN,12,2,4,3,3,21,24,47237,33566,18835,0,22719,99640,122359,57300,2905,1610,0,28046,61816,89862,443696
2019-07-27,2019,7,27,port425,Guangzhou (Nansha),China,CHN,13,2,3,1,3,19,22,25747,33566,14634,619,18063,74569,92633,82584,23103,4022,407,974,110117,111092,443697
2022-11-03,2022,11,3,port425,Guangzhou (Nansha),China,CHN,17,2,3,1,3,23,26,42732,0,5921,851,18667,49505,68173,45133,0,2387,485,1128,48006,49134,443698
2021-09-23,2021,9,23,port425,Guangzhou (Nansha),China,CHN,11,2,1,2,3,16,19,27237,78849,1979,154,8091,108220,116312,27692,0,0,3751,11340,31444,42785,443699
2019-07-28,2019,7,28,port425,Guangzhou (Nansha),China,CHN,13,4,2,2,8,21,29,86601,166360,1116,1539,20119,255618,275738,35479,5811,1450,0,5224,42741,47966,443700
2022-11-04,2022,11,4,port425,Guangzhou (Nansha),China,CHN,16,2,3,2,3,23,26,34243,128762,10116,1812,2340,174935,177275,55799,0,2574,407,3298,58780,62079,443701
2021-09-24,2021,9,24,port425,Guangzhou (Nansha),China,CHN,17,2,2,1,5,22,27,61126,0,2925,0,12415,64051,76466,77123,2016,1329,273,2464,80743,83207,443702
2019-07-29,2019,7,29,port425,Guangzhou (Nansha),China,CHN,13,4,6,1,8,24,32,114329,69086,20972,1162,87237,205550,292788,47183,2905,5399,0,1997,55488,57486,443703
2022-11-05,2022,11,5,port425,Guangzhou (Nansha),China,CHN,20,0,0,2,7,22,29,83437,0,0,1239,19434,84676,104111,53448,0,0,814,2013,54262,56276,443704
2021-09-25,2021,9,25,port425,Guangzhou (Nansha),China,CHN,8,0,4,2,4,14,18,11639,0,16185,1239,8948,29063,38012,11085,0,2340,814,1566,14241,15807,443705
2019-07-30,2019,7,30,port425,Guangzhou (Nansha),China,CHN,11,3,2,3,4,19,23,54578,130064,3712,0,13000,188355,201356,14205,2905,0,121,1182,17232,18414,443706
2022-11-06,2022,11,6,port425,Guangzhou (Nansha),China,CHN,17,2,3,1,5,23,28,40812,50224,5851,0,19667,96889,116557,41909,2905,4321,0,14016,49136,63152,443707
2021-09-26,2021,9,26,port425,Guangzhou (Nansha),China,CHN,11,4,2,0,0,17,17,23675,120316,16855,0,0,160847,160847,39508,6592,0,0,0,46100,46100,443708
2019-07-31,2019,7,31,port425,Guangzhou (Nansha),China,CHN,9,0,1,0,9,10,19,45429,0,5633,0,24612,51063,75675,37761,0,0,0,4573,37761,42334,443709
2021-09-27,2021,9,27,port425,Guangzhou (Nansha),China,CHN,13,1,1,1,5,16,21,70860,85178,395,0,41503,156434,197937,87322,0,0,0,7454,87322,94777,443710
2019-08-01,2019,8,1,port425,Guangzhou (Nansha),China,CHN,8,1,3,4,4,16,20,44876,33259,34269,2357,13892,114762,128654,26708,0,0,1772,1051,28481,29533,443711
2021-09-28,2021,9,28,port425,Guangzhou (Nansha),China,CHN,11,1,3,1,6,16,22,39114,296,8070,0,12988,47480,60469,27387,0,3167,273,1445,30828,32274,443712
2022-11-07,2022,11,7,port425,Guangzhou (Nansha),China,CHN,22,1,1,3,9,27,36,68615,0,0,3368,31779,71983,103762,42155,2101,5980,1510,24029,51747,75776,443713
2019-08-02,2019,8,2,port425,Guangzhou (Nansha),China,CHN,18,1,2,2,7,23,30,76779,33566,7209,0,47170,117555,164726,49320,2905,5941,21,3245,58189,61435,443714
2021-09-29,2021,9,29,port425,Guangzhou (Nansha),China,CHN,16,2,1,0,5,19,24,59264,87048,16435,0,23269,162747,186017,59464,0,0,0,3408,59464,62873,443715
2022-11-08,2022,11,8,port425,Guangzhou (Nansha),China,CHN,19,0,4,2,5,25,30,55873,0,17232,1543,10868,74648,85516,57868,0,2387,0,1461,60255,61716,443716
2019-08-03,2019,8,3,port425,Guangzhou (Nansha),China,CHN,21,4,4,0,10,29,39,128313,50895,7926,0,45848,187136,232984,62792,0,780,0,4489,63572,68062,443717
2021-09-30,2021,9,30,port425,Guangzhou (Nansha),China,CHN,13,3,2,1,6,19,25,93758,33566,4561,2553,23299,134440,157739,20151,66043,780,0,2968,86975,89944,443718
2022-11-09,2022,11,9,port425,Guangzhou (Nansha),China,CHN,17,4,1,2,4,24,28,44799,97768,8137,619,13514,151325,164839,60144,0,0,1432,1746,61577,63324,443719
2019-08-04,2019,8,4,port425,Guangzhou (Nansha),China,CHN,9,1,1,1,4,12,16,64727,33566,0,619,29589,98913,128503,37064,2905,527,407,487,40905,41393,443720
2021-10-01,2021,10,1,port425,Guangzhou (Nansha),China,CHN,13,1,2,0,5,16,21,24661,72611,10699,0,18450,107972,126423,20831,0,780,0,974,21611,22586,443721
2022-11-10,2022,11,10,port425,Guangzhou (Nansha),China,CHN,11,4,5,2,7,22,29,76382,127397,18255,1471,21067,223506,244573,26897,0,1963,892,6018,29753,35771,443722
2019-08-05,2019,8,5,port425,Guangzhou (Nansha),China,CHN,15,5,2,2,11,24,35,49802,160558,12943,3886,21085,227190,248275,63995,5811,0,0,4494,69807,74301,443723
2021-10-02,2021,10,2,port425,Guangzhou (Nansha),China,CHN,12,0,5,0,2,17,19,21894,0,26027,0,7962,47922,55885,61165,0,3482,0,564,64647,65211,443724
2022-11-11,2022,11,11,port425,Guangzhou (Nansha),China,CHN,16,1,3,2,8,22,30,37646,73619,8563,1239,14636,121068,135705,44099,0,1924,814,5837,46838,52675,443725
2019-08-06,2019,8,6,port425,Guangzhou (Nansha),China,CHN,10,4,3,2,6,19,25,210214,42192,11551,2022,58736,265981,324717,15753,2324,780,0,4794,18858,23652,443726
2021-10-03,2021,10,3,port425,Guangzhou (Nansha),China,CHN,14,1,0,2,1,17,18,51354,50538,0,619,2806,102512,105318,70632,0,0,449,1182,71081,72263,443727
2022-11-12,2022,11,12,port425,Guangzhou (Nansha),China,CHN,16,1,2,4,8,23,31,15926,72418,4007,3908,37911,96261,134172,61746,0,0,814,4864,62560,67424,443728
2019-08-07,2019,8,7,port425,Guangzhou (Nansha),China,CHN,23,0,6,2,12,31,43,87807,0,19406,3699,71370,110912,182282,74823,0,2387,407,17555,77617,95173,443729
2021-10-04,2021,10,4,port425,Guangzhou (Nansha),China,CHN,13,1,2,1,4,17,21,28794,70390,10534,619,15353,110339,125693,33298,0,0,407,1615,33705,35321,443730
2022-11-13,2022,11,13,port425,Guangzhou (Nansha),China,CHN,10,1,2,0,2,13,15,41241,72796,12642,0,3949,126680,130629,29211,0,1606,0,0,30818,30818,443731
2019-08-08,2019,8,8,port425,Guangzhou (Nansha),China,CHN,14,1,6,2,10,23,33,64788,33566,8300,2047,19270,108703,127974,22923,2905,17634,192,5169,43656,48825,443732
2021-10-05,2021,10,5,port425,Guangzhou (Nansha),China,CHN,12,3,3,3,5,21,26,24868,120420,3179,619,14933,149088,164021,36069,5811,395,681,4446,42957,47404,443733
2022-11-14,2022,11,14,port425,Guangzhou (Nansha),China,CHN,13,3,1,2,5,19,24,53055,82912,2925,0,33661,138893,172554,20768,0,780,547,1746,22096,23843,443734
2019-08-09,2019,8,9,port425,Guangzhou (Nansha),China,CHN,12,6,2,1,1,21,22,32868,127605,10140,0,4572,170613,175186,73926,5811,780,0,959,80518,81477,443735
2021-10-06,2021,10,6,port425,Guangzhou (Nansha),China,CHN,16,1,2,1,1,20,21,76106,58757,5746,0,5788,140610,146398,61901,0,780,0,564,62681,63246,443736
2022-11-15,2022,11,15,port425,Guangzhou (Nansha),China,CHN,16,1,7,2,5,26,31,10952,73019,50199,1239,15315,135412,150728,55110,0,1560,814,12139,57485,69625,443737
2019-08-10,2019,8,10,port425,Guangzhou (Nansha),China,CHN,12,2,5,1,5,20,25,48419,31633,14155,0,15789,94208,109998,45619,26855,15140,0,1888,87615,89503,443738
2021-10-07,2021,10,7,port425,Guangzhou (Nansha),China,CHN,9,0,1,1,3,11,14,22668,0,3042,0,11576,25711,37287,27831,0,0,41,1924,27873,29798,443739
2022-11-16,2022,11,16,port425,Guangzhou (Nansha),China,CHN,17,0,2,0,6,19,25,29585,0,3481,0,30789,33067,63857,55590,0,780,0,487,56371,56858,443740
2019-08-11,2019,8,11,port425,Guangzhou (Nansha),China,CHN,6,1,0,1,0,8,8,20124,54661,0,0,0,74785,74785,16720,0,0,0,0,16720,16720,443741
2021-10-08,2021,10,8,port425,Guangzhou (Nansha),China,CHN,11,1,1,1,2,14,16,51071,70942,0,619,6583,122634,129218,108194,0,1013,407,1669,109614,111284,443742
2022-11-17,2022,11,17,port425,Guangzhou (Nansha),China,CHN,18,0,4,2,6,24,30,39130,0,5007,1684,16997,45822,62819,51885,0,1606,1133,9192,54625,63818,443743
2019-08-12,2019,8,12,port425,Guangzhou (Nansha),China,CHN,6,0,2,0,5,8,13,4941,0,0,0,37651,4941,42593,18428,0,954,0,487,19383,19870,443744
2021-10-09,2021,10,9,port425,Guangzhou (Nansha),China,CHN,5,0,3,1,3,9,12,17072,0,4270,619,11576,21963,33539,6705,0,2704,407,1249,9817,11066,443745
2022-11-18,2022,11,18,port425,Guangzhou (Nansha),China,CHN,13,0,3,2,2,18,20,75460,0,7568,1239,8428,84268,92697,14050,0,1844,814,127,16708,16836,443746
2019-08-13,2019,8,13,port425,Guangzhou (Nansha),China,CHN,11,0,3,3,6,17,23,73833,0,15922,619,12104,90375,102480,18719,0,843,2241,4289,21804,26094,443747
2021-10-10,2021,10,10,port425,Guangzhou (Nansha),China,CHN,14,0,1,0,0,15,15,54164,0,4765,0,0,58929,58929,121707,0,0,0,0,121707,121707,443748
2019-08-14,2019,8,14,port425,Guangzhou (Nansha),China,CHN,15,2,3,0,5,20,25,128561,2046,17137,0,9804,147746,157550,49230,0,0,0,63435,49230,112666,443749
2021-10-11,2021,10,11,port425,Guangzhou (Nansha),China,CHN,8,4,2,2,2,16,18,33366,35447,13476,619,9938,82910,92848,9354,6397,0,1160,1095,16912,18007,443750
2019-08-15,2019,8,15,port425,Guangzhou (Nansha),China,CHN,13,1,4,2,11,20,31,121051,67289,10209,4656,45349,203206,248555,31906,0,6680,273,3067,38860,41927,443751
2022-11-19,2022,11,19,port425,Guangzhou (Nansha),China,CHN,10,0,0,5,2,15,17,16629,0,0,2090,28602,18720,47323,28261,0,0,3427,564,31689,32253,443752
2021-10-12,2021,10,12,port425,Guangzhou (Nansha),China,CHN,0,1,0,0,0,1,1,0,33566,0,0,0,33566,33566,0,2905,0,0,0,2905,2905,443753
2019-08-16,2019,8,16,port425,Guangzhou (Nansha),China,CHN,15,3,5,4,4,27,31,113798,122796,16680,3457,44681,256732,301414,65748,0,3392,426,1182,69567,70750,443754
2022-11-20,2022,11,20,port425,Guangzhou (Nansha),China,CHN,22,1,4,0,1,27,28,40493,61748,9317,0,3777,111559,115336,64472,0,2340,0,487,66813,67300,443755
2021-10-13,2021,10,13,port425,Guangzhou (Nansha),China,CHN,3,0,3,1,3,7,10,8903,0,9299,0,9597,18203,27800,3352,0,780,756,487,4889,5376,443756
2019-08-17,2019,8,17,port425,Guangzhou (Nansha),China,CHN,16,1,3,5,8,25,33,86027,37964,8880,3747,39290,136620,175910,83938,0,1560,1221,2667,86720,89388,443757
2022-11-21,2022,11,21,port425,Guangzhou (Nansha),China,CHN,11,0,2,1,9,14,23,50931,0,15271,726,16144,66930,83074,16628,0,780,0,27097,17408,44506,443758
2021-10-14,2021,10,14,port425,Guangzhou (Nansha),China,CHN,16,1,3,3,1,23,24,78329,67681,11249,467,3777,157728,161505,58278,0,1033,3065,487,62377,62865,443759
2019-08-18,2019,8,18,port425,Guangzhou (Nansha),China,CHN,8,0,3,2,3,13,16,36711,0,11707,619,5587,49039,54626,46599,0,0,407,1182,47007,48189,443760
2022-11-22,2022,11,22,port425,Guangzhou (Nansha),China,CHN,16,0,2,1,7,19,26,72790,0,6599,1543,20959,80933,101893,36039,0,0,0,607,36039,36647,443761
2021-10-15,2021,10,15,port425,Guangzhou (Nansha),China,CHN,17,3,1,1,3,22,25,92044,54280,2925,619,8219,149869,158089,32866,10069,780,407,564,44123,44688,443762
2019-08-19,2019,8,19,port425,Guangzhou (Nansha),China,CHN,15,3,5,3,11,26,37,76348,74144,9432,1239,24698,161164,185863,51165,0,6351,2693,3234,60210,63444,443763
2022-11-23,2022,11,23,port425,Guangzhou (Nansha),China,CHN,20,1,3,0,3,24,27,44408,33566,8070,0,5687,86045,91732,51768,2905,3167,0,487,57841,58329,443764
2021-10-16,2021,10,16,port425,Guangzhou (Nansha),China,CHN,13,2,3,2,4,20,24,49380,67726,5851,619,8406,123578,131984,64715,0,2260,407,1662,67383,69045,443765
2019-08-20,2019,8,20,port425,Guangzhou (Nansha),China,CHN,19,5,2,0,5,26,31,86294,131100,2925,0,10992,220320,231313,52566,2905,780,0,2717,56252,58970,443766
2022-11-24,2022,11,24,port425,Guangzhou (Nansha),China,CHN,15,1,5,2,8,23,31,58577,14452,16191,2672,56110,91892,148003,60756,0,1560,407,1539,62724,64263,443767
2021-10-17,2021,10,17,port425,Guangzhou (Nansha),China,CHN,13,1,0,1,1,15,16,96849,69727,0,619,4572,167197,171769,66710,0,0,407,959,67118,68077,443768
2019-08-21,2019,8,21,port425,Guangzhou (Nansha),China,CHN,14,5,3,1,6,23,29,72361,80269,5259,851,14934,158741,173675,47392,0,780,485,818,48657,49476,443769
2022-11-25,2022,11,25,port425,Guangzhou (Nansha),China,CHN,16,0,4,0,5,20,25,55413,0,7593,0,10286,63006,73293,27150,0,3340,0,2898,30490,33389,443770
2021-10-18,2021,10,18,port425,Guangzhou (Nansha),China,CHN,18,2,1,0,3,21,24,81923,111307,2101,0,6583,195332,201915,45608,0,0,0,1669,45608,47278,443771
2019-08-22,2019,8,22,port425,Guangzhou (Nansha),China,CHN,11,3,2,1,9,17,26,42652,110470,2794,4263,44048,160180,204228,30607,5811,4748,0,21602,41167,62770,443772
2022-11-26,2022,11,26,port425,Guangzhou (Nansha),China,CHN,12,0,2,0,5,14,19,24940,0,10497,0,15137,35438,50576,43168,0,1333,0,5969,44502,50471,443773
2021-10-19,2021,10,19,port425,Guangzhou (Nansha),China,CHN,10,0,2,0,1,12,13,40215,0,9318,0,5788,49533,55321,12971,0,780,0,564,13751,14315,443774
2019-08-23,2019,8,23,port425,Guangzhou (Nansha),China,CHN,15,2,1,2,9,20,29,41793,74877,6422,756,30624,123849,154473,67757,0,0,0,9019,67757,76776,443775
2022-11-27,2022,11,27,port425,Guangzhou (Nansha),China,CHN,14,2,1,1,2,18,20,15938,87274,2218,1320,32987,106752,139740,45765,2905,1606,0,0,50278,50278,443776
2021-10-20,2021,10,20,port425,Guangzhou (Nansha),China,CHN,9,2,4,1,1,16,17,53047,104545,6360,619,266,164573,164840,45655,2905,1560,407,0,50528,50528,443777
2019-08-24,2019,8,24,port425,Guangzhou (Nansha),China,CHN,14,4,4,1,4,23,27,36881,122638,15693,619,7843,175833,183676,41106,0,780,407,3114,42294,45408,443778
2022-11-28,2022,11,28,port425,Guangzhou (Nansha),China,CHN,12,2,1,1,5,16,21,29056,33566,3999,619,9209,67243,76453,23115,2905,0,407,5898,26428,32327,443779
2021-10-21,2021,10,21,port425,Guangzhou (Nansha),China,CHN,14,0,2,2,3,18,21,16266,0,11111,1239,13879,28617,42496,79141,0,0,814,11521,79955,91477,443780
2019-08-25,2019,8,25,port425,Guangzhou (Nansha),China,CHN,8,1,0,0,4,9,13,73073,0,0,0,12022,73073,85096,20803,0,0,0,4591,20803,25394,443781
2022-11-29,2022,11,29,port425,Guangzhou (Nansha),China,CHN,15,2,6,0,4,23,27,45950,88652,24141,0,10582,158745,169327,38324,0,1560,0,750,39884,40635,443782
2021-10-22,2021,10,22,port425,Guangzhou (Nansha),China,CHN,9,2,4,1,3,16,19,16133,124855,9322,619,6898,150931,157830,31237,0,3548,407,2365,35193,37558,443783
2019-08-26,2019,8,26,port425,Guangzhou (Nansha),China,CHN,12,0,3,3,4,18,22,40848,0,6549,2197,7247,49595,56842,62641,0,0,814,6204,63456,69660,443784
2022-11-30,2022,11,30,port425,Guangzhou (Nansha),China,CHN,14,0,2,1,1,17,18,66036,0,7799,2422,0,76258,76258,24264,0,289,0,0,24553,24553,443785
2021-10-23,2021,10,23,port425,Guangzhou (Nansha),China,CHN,15,0,1,1,2,17,19,37539,0,2218,619,8101,40377,48479,61857,0,1606,407,564,63871,64436,443786
2019-08-27,2019,8,27,port425,Guangzhou (Nansha),China,CHN,15,3,6,2,12,26,38,58016,68375,23239,3093,39376,152725,192102,58312,0,1048,0,2847,59361,62208,443787
2021-10-24,2021,10,24,port425,Guangzhou (Nansha),China,CHN,9,1,0,0,2,10,12,15353,58264,0,0,5445,73618,79064,26558,0,0,0,262,26558,26821,443788
2019-08-28,2019,8,28,port425,Guangzhou (Nansha),China,CHN,14,5,5,3,5,27,32,84433,212113,33749,2152,45087,332449,377536,36617,0,780,528,6917,37926,44844,443789
2021-10-25,2021,10,25,port425,Guangzhou (Nansha),China,CHN,13,1,7,2,4,23,27,76597,75612,15819,756,12779,168785,181565,20091,0,5301,0,3612,25393,29005,443790
2022-12-01,2022,12,1,port425,Guangzhou (Nansha),China,CHN,14,2,1,1,7,18,25,31984,48742,2218,958,22227,83903,106131,29630,0,1606,0,7986,31237,39223,443791
2019-08-29,2019,8,29,port425,Guangzhou (Nansha),China,CHN,13,4,6,3,8,26,34,41534,117587,19083,2170,68611,180375,248987,41268,0,780,1017,974,43066,44041,443792
2021-10-26,2021,10,26,port425,Guangzhou (Nansha),China,CHN,14,1,4,1,4,20,24,25506,0,15482,0,15044,40988,56033,32105,0,1560,273,240177,33940,274117,443793
2022-12-02,2022,12,2,port425,Guangzhou (Nansha),China,CHN,16,0,2,2,6,20,26,83540,0,5851,2974,25119,92366,117486,36558,0,1560,1538,487,39658,40145,443794
2019-08-30,2019,8,30,port425,Guangzhou (Nansha),China,CHN,13,2,6,3,9,24,33,75887,111207,13389,982,58872,201466,260339,32337,2905,996,407,3486,36647,40134,443795
2021-10-27,2021,10,27,port425,Guangzhou (Nansha),China,CHN,13,2,4,1,6,20,26,29837,99245,25513,619,22340,155217,177558,35576,2905,1560,407,3424,40450,43874,443796
2022-12-03,2022,12,3,port425,Guangzhou (Nansha),China,CHN,15,1,1,1,6,18,24,47854,69669,6392,619,20194,124536,144730,32572,0,0,407,17589,32980,50569,443797
2019-08-31,2019,8,31,port425,Guangzhou (Nansha),China,CHN,22,4,3,0,4,29,33,77208,139039,11249,0,13854,227496,241351,82700,2905,0,0,2234,85606,87840,443798
2021-10-28,2021,10,28,port425,Guangzhou (Nansha),China,CHN,10,1,1,0,8,12,20,41536,11866,0,0,51517,53402,104920,43662,0,413,0,5124,44076,49200,443799
2022-12-04,2022,12,4,port425,Guangzhou (Nansha),China,CHN,11,1,0,1,3,13,16,46292,27620,0,619,3777,74532,78309,24818,0,0,407,615,25225,25841,443800
2019-09-01,2019,9,1,port425,Guangzhou (Nansha),China,CHN,12,1,2,1,1,16,17,40505,63792,9679,1653,0,115631,115631,82408,0,780,0,0,83188,83188,443801
2021-10-29,2021,10,29,port425,Guangzhou (Nansha),China,CHN,13,3,2,0,5,18,23,31054,69564,5261,0,19115,105880,124996,65508,2905,1606,0,10601,70021,80623,443802
2022-12-05,2022,12,5,port425,Guangzhou (Nansha),China,CHN,12,1,4,0,5,17,22,28748,8093,11862,0,32607,48705,81312,43709,0,0,0,10262,43709,53971,443803
2019-09-02,2019,9,2,port425,Guangzhou (Nansha),China,CHN,11,2,6,5,7,24,31,86596,84105,29680,2667,16245,203050,219295,46612,2905,780,1062,1746,51361,53108,443804
2021-10-30,2021,10,30,port425,Guangzhou (Nansha),China,CHN,12,1,1,2,2,16,18,49438,66909,5607,0,5677,121955,127633,42757,0,0,1182,1182,43940,45123,443805
2022-12-06,2022,12,6,port425,Guangzhou (Nansha),China,CHN,21,2,3,2,5,28,33,28440,141135,6973,1163,11344,177714,189058,70179,0,780,0,2844,70959,73804,443806
2019-09-03,2019,9,3,port425,Guangzhou (Nansha),China,CHN,12,3,5,1,11,21,32,91850,53947,27617,619,26023,174035,200059,23843,33784,1560,407,13687,59595,73283,443807
2021-10-31,2021,10,31,port425,Guangzhou (Nansha),China,CHN,14,1,0,0,4,15,19,85429,4693,0,0,12371,90123,102495,30676,0,0,0,5247,30676,35924,443808
2022-12-07,2022,12,7,port425,Guangzhou (Nansha),China,CHN,14,0,3,1,7,18,25,29172,0,5709,726,15627,35609,51237,25057,0,780,0,14778,25838,40616,443809
2019-09-04,2019,9,4,port425,Guangzhou (Nansha),China,CHN,10,6,3,0,5,19,24,69054,165256,13614,0,39534,247925,287459,17766,7059,1560,0,1539,26386,27926,443810
2021-11-01,2021,11,1,port425,Guangzhou (Nansha),China,CHN,11,2,2,1,2,16,18,46964,66165,2925,274,3777,116329,120106,40878,2905,1051,0,487,44835,45323,443811
2022-12-08,2022,12,8,port425,Guangzhou (Nansha),China,CHN,8,3,3,2,4,16,20,9945,83725,5144,192,9567,99007,108575,32388,0,4023,2547,14416,38958,53375,443812
2019-09-05,2019,9,5,port425,Guangzhou (Nansha),China,CHN,23,3,4,3,6,33,39,134156,112953,7268,1239,18553,255618,274172,70819,0,3728,814,12256,75363,87619,443813
2021-11-02,2021,11,2,port425,Guangzhou (Nansha),China,CHN,7,4,0,2,2,13,15,29202,165241,0,619,6583,195063,201647,16748,0,0,1316,1669,18065,19734,443814
2022-12-09,2022,12,9,port425,Guangzhou (Nansha),China,CHN,16,1,1,0,4,18,22,52121,64139,0,0,22145,116261,138406,64138,0,713,0,564,64851,65415,443815
2019-09-06,2019,9,6,port425,Guangzhou (Nansha),China,CHN,10,3,5,2,9,20,29,63669,51541,14206,4263,47038,133680,180719,25236,0,780,0,3443,26016,29460,443816
2021-11-03,2021,11,3,port425,Guangzhou (Nansha),China,CHN,12,3,4,2,5,21,26,26973,121139,9825,619,19527,158557,178085,57946,0,13134,1073,19549,72154,91703,443817
2022-12-10,2022,12,10,port425,Guangzhou (Nansha),China,CHN,19,2,3,1,7,25,32,68280,84016,3725,0,18631,156023,174655,51099,0,780,864,1724,52744,54469,443818
2019-09-07,2019,9,7,port425,Guangzhou (Nansha),China,CHN,13,2,5,1,8,21,29,59340,86150,26825,0,17869,172316,190186,38079,0,780,0,12905,38859,51765,443819
2021-11-04,2021,11,4,port425,Guangzhou (Nansha),China,CHN,12,0,4,0,3,16,19,8948,0,3968,0,9565,12917,22482,41982,0,1175,0,1051,43157,44209,443820
2022-12-11,2022,12,11,port425,Guangzhou (Nansha),China,CHN,11,2,1,1,6,15,21,44098,67133,2925,619,10342,114777,125120,18047,5811,780,407,5475,25046,30522,443821
2019-09-08,2019,9,8,port425,Guangzhou (Nansha),China,CHN,12,0,1,1,6,14,20,62202,0,2925,0,23985,65128,89113,23073,0,780,2782,13804,26636,40440,443822
2021-11-05,2021,11,5,port425,Guangzhou (Nansha),China,CHN,11,3,0,3,3,17,20,63370,54033,0,1239,9565,118644,128209,14813,0,0,814,3966,15628,19595,443823
2022-12-12,2022,12,12,port425,Guangzhou (Nansha),China,CHN,18,1,4,2,8,25,33,63960,20775,10532,619,23825,95888,119713,43334,0,6356,407,2234,50098,52332,443824
2019-09-09,2019,9,9,port425,Guangzhou (Nansha),China,CHN,13,1,4,4,8,22,30,16777,33566,20777,3574,86263,74697,160960,57221,2905,780,814,10262,61721,71984,443825
2021-11-06,2021,11,6,port425,Guangzhou (Nansha),China,CHN,11,1,2,1,3,15,18,51895,68125,2925,0,35183,122946,158130,56677,0,9316,0,564,65994,66559,443826
2019-09-10,2019,9,10,port425,Guangzhou (Nansha),China,CHN,10,1,2,0,4,13,17,81734,20197,2925,0,14458,104858,119316,18239,0,780,0,2800,19020,21820,443827
2021-11-07,2021,11,7,port425,Guangzhou (Nansha),China,CHN,9,2,1,0,2,12,14,39639,94676,234,0,5952,134549,140502,26107,2905,0,0,487,29013,29500,443828
2019-09-11,2019,9,11,port425,Guangzhou (Nansha),China,CHN,11,3,5,6,5,25,30,33218,74710,9927,619,18026,118476,136503,50541,2905,2384,528,1669,56360,58030,443829
2022-12-13,2022,12,13,port425,Guangzhou (Nansha),China,CHN,20,4,3,1,4,28,32,63390,151368,4319,0,3802,219078,222881,74947,3229,1606,820,127,80604,80732,443830
2021-11-08,2021,11,8,port425,Guangzhou (Nansha),China,CHN,13,1,5,1,6,20,26,37488,64579,13578,2048,20424,117695,138119,55247,0,3167,0,9774,58414,68189,443831
2019-09-12,2019,9,12,port425,Guangzhou (Nansha),China,CHN,16,6,2,2,6,26,32,79596,139959,18405,619,18283,238581,256865,40726,0,0,407,8685,41134,49819,443832
2022-12-14,2022,12,14,port425,Guangzhou (Nansha),China,CHN,19,0,1,1,5,21,26,109174,0,2925,851,34336,112951,147287,66646,0,780,485,8584,67912,76497,443833
2021-11-09,2021,11,9,port425,Guangzhou (Nansha),China,CHN,13,0,4,3,13,20,33,43922,0,11655,958,73587,56535,130123,33857,0,1406,908,15339,36172,51512,443834
2019-09-13,2019,9,13,port425,Guangzhou (Nansha),China,CHN,18,3,1,2,3,24,27,146387,104495,5872,982,12371,257737,270109,31693,0,0,407,2234,32100,34335,443835
2022-12-15,2022,12,15,port425,Guangzhou (Nansha),China,CHN,17,1,3,2,5,23,28,47318,14576,12644,0,30733,74539,105273,50233,0,1560,1886,3811,53680,57492,443836
2021-11-10,2021,11,10,port425,Guangzhou (Nansha),China,CHN,9,2,3,3,8,17,25,43191,98997,13378,1239,27208,156807,184015,37206,2905,1560,814,9895,42487,52382,443837
2019-09-14,2019,9,14,port425,Guangzhou (Nansha),China,CHN,13,4,4,1,11,22,33,146172,175708,9718,0,41603,331599,373203,42208,2905,1155,0,4377,46269,50646,443838
2022-12-16,2022,12,16,port425,Guangzhou (Nansha),China,CHN,11,0,2,1,4,14,18,55717,0,2925,0,7203,58643,65846,14081,0,1151,2842,11643,18075,29718,443839
2021-11-11,2021,11,11,port425,Guangzhou (Nansha),China,CHN,14,4,0,2,7,20,27,61573,67133,0,1729,29571,130436,160007,20927,10850,0,0,1128,31777,32906,443840
2019-09-15,2019,9,15,port425,Guangzhou (Nansha),China,CHN,17,2,3,3,2,25,27,111496,56941,5591,3769,2806,177798,180605,34837,2905,780,0,1282,38524,39806,443841
2022-12-17,2022,12,17,port425,Guangzhou (Nansha),China,CHN,15,3,3,2,4,23,27,20174,128881,10849,2133,23308,162040,185348,53771,5811,2159,407,2234,62150,64384,443842
2021-11-12,2021,11,12,port425,Guangzhou (Nansha),China,CHN,14,1,1,3,7,19,26,35003,7306,7197,3836,27240,53343,80584,29508,0,0,407,11851,29915,41766,443843
2019-09-16,2019,9,16,port425,Guangzhou (Nansha),China,CHN,15,1,3,3,4,22,26,48017,67873,6098,619,5613,122608,128222,46614,0,1733,407,4868,48754,53623,443844
2022-12-18,2022,12,18,port425,Guangzhou (Nansha),China,CHN,17,0,2,1,2,20,22,49814,0,5428,619,5497,55861,61359,44027,0,1606,407,1182,46042,47224,443845
2021-11-13,2021,11,13,port425,Guangzhou (Nansha),China,CHN,11,3,3,2,3,19,22,23380,89797,16180,1239,9899,130597,140496,17968,0,0,814,564,18782,19347,443846
2019-09-17,2019,9,17,port425,Guangzhou (Nansha),China,CHN,11,1,2,2,8,16,24,122415,33566,6250,4657,19376,166890,186267,24803,2905,0,0,5885,27709,33594,443847
2022-12-19,2022,12,19,port425,Guangzhou (Nansha),China,CHN,18,1,4,2,6,25,31,112484,33566,10626,2676,21752,159353,181106,12346,2905,2113,407,2092,17772,19865,443848
2021-11-14,2021,11,14,port425,Guangzhou (Nansha),China,CHN,13,0,3,0,4,16,20,35442,0,8379,0,12316,43822,56139,91712,0,0,0,1128,91712,92841,443849
2019-09-18,2019,9,18,port425,Guangzhou (Nansha),China,CHN,15,1,4,2,8,22,30,102098,17848,16592,1239,50631,137779,188410,41287,0,780,814,17267,42881,60149,443850
2022-12-20,2022,12,20,port425,Guangzhou (Nansha),China,CHN,12,5,3,2,5,22,27,29742,175765,4417,619,9667,210545,220213,26240,5691,780,2463,2765,35176,37941,443851
2021-11-15,2021,11,15,port425,Guangzhou (Nansha),China,CHN,17,3,4,2,10,26,36,56319,152174,17675,619,45057,226789,271846,36485,2905,1758,407,23707,41557,65265,443852
2019-09-19,2019,9,19,port425,Guangzhou (Nansha),China,CHN,12,2,4,3,9,21,30,74903,62501,17017,0,20206,154422,174629,22084,2905,402,587,1845,25979,27825,443853
2022-12-21,2022,12,21,port425,Guangzhou (Nansha),China,CHN,16,2,3,1,5,22,27,42569,67478,6057,1684,13719,117789,131509,46897,2905,780,0,2493,50583,53077,443854
2021-11-16,2021,11,16,port425,Guangzhou (Nansha),China,CHN,8,4,4,3,7,19,26,38320,175112,2925,1239,24671,217598,242269,7838,2905,4194,814,2103,15752,17856,443855
2019-09-20,2019,9,20,port425,Guangzhou (Nansha),China,CHN,13,3,5,2,8,23,31,48015,87824,21309,1940,36344,159089,195434,39222,0,2723,407,2851,42352,45203,443856
2022-12-22,2022,12,22,port425,Guangzhou (Nansha),China,CHN,21,0,2,0,2,23,25,97314,0,2218,0,6084,99533,105618,65012,0,5532,0,1182,70545,71728,443857
2021-11-17,2021,11,17,port425,Guangzhou (Nansha),China,CHN,13,1,3,3,11,20,31,46209,68942,35494,619,34445,151266,185711,31888,0,0,1316,5267,33204,38472,443858
2019-09-21,2019,9,21,port425,Guangzhou (Nansha),China,CHN,16,2,3,2,6,23,29,28897,63879,6051,619,13961,99448,113410,88100,0,1021,1012,1256,90134,91390,443859
2022-12-23,2022,12,23,port425,Guangzhou (Nansha),China,CHN,21,2,3,1,4,27,31,48160,75935,10079,0,6977,134174,141152,81236,0,780,820,7554,82836,90391,443860
2021-11-18,2021,11,18,port425,Guangzhou (Nansha),China,CHN,17,1,1,0,9,19,28,57261,25633,2218,0,15275,85113,100389,59747,0,1606,0,487,61354,61841,443861
2019-09-22,2019,9,22,port425,Guangzhou (Nansha),China,CHN,10,1,2,1,2,14,16,59358,0,11288,619,6254,71267,77521,43257,20414,1606,407,487,65686,66173,443862
2022-12-24,2022,12,24,port425,Guangzhou (Nansha),China,CHN,15,2,2,0,1,19,20,64578,67133,21159,0,2806,152871,155678,31154,5811,121,0,1182,37087,38269,443863
2021-11-19,2021,11,19,port425,Guangzhou (Nansha),China,CHN,13,0,7,0,6,20,26,17527,0,21064,0,26623,38591,65215,52465,0,2340,0,7765,54806,62571,443864
2019-09-23,2019,9,23,port425,Guangzhou (Nansha),China,CHN,11,3,6,3,11,23,34,37508,109310,23557,3287,30764,173663,204427,46050,0,1560,814,3348,48425,51774,443865
2021-11-20,2021,11,20,port425,Guangzhou (Nansha),China,CHN,9,1,2,2,7,14,21,43270,22747,3476,1239,15906,70733,86640,27668,0,780,814,6867,29263,36131,443866
2019-09-24,2019,9,24,port425,Guangzhou (Nansha),China,CHN,10,4,5,4,5,23,28,57256,201422,9849,1752,20359,270280,290640,49431,2905,7177,935,870,60450,61320,443867
2022-12-25,2022,12,25,port425,Guangzhou (Nansha),China,CHN,14,4,1,0,5,19,24,65905,143343,6788,0,4323,216037,220361,25108,0,0,0,4829,25108,29937,443868
2021-11-21,2021,11,21,port425,Guangzhou (Nansha),China,CHN,14,2,2,1,3,19,22,51284,106755,5144,0,8521,163183,171705,48745,2905,2387,0,4094,54039,58133,443869
2019-09-25,2019,9,25,port425,Guangzhou (Nansha),China,CHN,10,2,3,1,9,16,25,18835,85342,8014,619,35805,112812,148618,46299,0,780,407,1811,47486,49297,443870
2022-12-26,2022,12,26,port425,Guangzhou (Nansha),China,CHN,20,0,3,2,9,25,34,48033,0,12213,2667,38068,62914,100983,58558,0,0,407,22370,58965,81336,443871
2021-11-22,2021,11,22,port425,Guangzhou (Nansha),China,CHN,18,4,0,2,12,24,36,98501,197012,0,0,23444,295513,318958,76987,2905,0,908,4954,80802,85757,443872
2019-09-26,2019,9,26,port425,Guangzhou (Nansha),China,CHN,17,5,3,1,5,26,31,82824,166422,25908,0,35993,275154,311147,44150,2905,0,0,1182,47056,48238,443873
2022-12-27,2022,12,27,port425,Guangzhou (Nansha),China,CHN,11,0,4,1,2,16,18,29523,0,8448,0,2806,37971,40778,19210,0,4731,4394,1182,28336,29519,443874
2021-11-23,2021,11,23,port425,Guangzhou (Nansha),China,CHN,14,0,2,1,6,17,23,24806,0,4032,1535,5039,30374,35413,83952,0,780,0,3241,84732,87974,443875
2019-09-27,2019,9,27,port425,Guangzhou (Nansha),China,CHN,12,2,6,5,7,25,32,74364,73425,17460,2560,15895,167810,183706,48929,0,3929,1781,1435,54639,56074,443876
2022-12-28,2022,12,28,port425,Guangzhou (Nansha),China,CHN,13,1,2,0,7,16,23,9081,28620,9416,0,12339,47118,59458,16843,0,700,0,3026,17543,20570,443877
2021-11-24,2021,11,24,port425,Guangzhou (Nansha),China,CHN,13,1,3,2,1,19,20,98984,33566,9154,1089,1772,142795,144567,18742,2905,0,273,343,21922,22266,443878
2019-09-28,2019,9,28,port425,Guangzhou (Nansha),China,CHN,12,2,2,0,7,16,23,15916,10407,3880,0,50837,30204,81041,73405,0,780,0,3491,74185,77677,443879
2022-12-29,2022,12,29,port425,Guangzhou (Nansha),China,CHN,21,1,0,2,4,24,28,77423,69384,0,4765,19345,151573,170918,69501,0,0,407,3312,69908,73220,443880
2021-11-25,2021,11,25,port425,Guangzhou (Nansha),China,CHN,12,2,1,2,8,17,25,49314,77734,4406,998,24825,132454,157279,45874,2905,0,407,3106,49187,52293,443881
2019-09-29,2019,9,29,port425,Guangzhou (Nansha),China,CHN,9,0,2,1,1,12,13,76234,0,5294,0,535,81528,82064,29593,0,0,0,0,29593,29593,443882
2022-12-30,2022,12,30,port425,Guangzhou (Nansha),China,CHN,16,1,3,2,7,22,29,61353,69160,16982,1239,18684,148735,167419,56148,0,1440,814,12315,58403,70718,443883
2021-11-26,2021,11,26,port425,Guangzhou (Nansha),China,CHN,8,1,3,1,7,13,20,45708,33566,5144,619,15395,85039,100434,31338,2905,6658,407,10645,41310,51955,443884
2019-09-30,2019,9,30,port425,Guangzhou (Nansha),China,CHN,18,3,4,4,11,29,40,98054,104596,13248,5540,35702,221440,257142,65507,2905,12779,21,6142,81214,87357,443885
2022-12-31,2022,12,31,port425,Guangzhou (Nansha),China,CHN,15,1,3,0,5,19,24,54676,29353,10881,0,4537,94911,99449,40858,0,1260,0,3940,42118,46058,443886
2021-11-27,2021,11,27,port425,Guangzhou (Nansha),China,CHN,7,4,1,1,2,13,15,8002,112998,6814,619,1629,128435,130065,32135,2905,0,407,1095,35448,36543,443887
2019-10-01,2019,10,1,port425,Guangzhou (Nansha),China,CHN,10,0,2,1,3,13,16,49831,0,5494,0,5788,55326,61114,32394,0,780,0,902,33174,34077,443888
2023-01-01,2023,1,1,port425,Guangzhou (Nansha),China,CHN,15,1,0,0,3,16,19,55880,37984,0,0,3922,93864,97787,23455,0,0,0,0,23455,23455,443889
2021-11-28,2021,11,28,port425,Guangzhou (Nansha),China,CHN,11,1,2,0,4,14,18,25216,10521,2925,0,13549,38663,52213,60203,0,946,0,383,61150,61533,443890
2019-10-02,2019,10,2,port425,Guangzhou (Nansha),China,CHN,13,0,3,1,5,17,22,86666,0,2052,3382,15822,92101,107923,29161,0,9545,0,1746,38706,40453,443891
2023-01-02,2023,1,2,port425,Guangzhou (Nansha),China,CHN,22,2,3,2,6,29,35,63081,103582,14742,0,19939,181405,201344,30699,2905,3931,513,3961,38050,42012,443892
2021-11-29,2021,11,29,port425,Guangzhou (Nansha),China,CHN,13,3,3,2,6,21,27,41999,170066,4318,619,28940,217004,245944,47386,2905,270,407,959,50971,51930,443893
2019-10-03,2019,10,3,port425,Guangzhou (Nansha),China,CHN,10,2,1,1,6,14,20,43937,56992,3525,1320,16097,105775,121873,29106,2905,0,0,3518,32012,35531,443894
2023-01-03,2023,1,3,port425,Guangzhou (Nansha),China,CHN,15,1,2,1,4,19,23,40255,72010,5144,0,16622,117411,134033,30058,0,2387,0,2054,32445,34499,443895
2021-11-30,2021,11,30,port425,Guangzhou (Nansha),China,CHN,14,1,0,2,8,17,25,30367,50540,0,1684,14133,82591,96725,37859,0,0,435,3655,38295,41950,443896
2019-10-04,2019,10,4,port425,Guangzhou (Nansha),China,CHN,12,1,2,3,3,18,21,35544,67691,7936,0,56409,111172,167581,15326,0,0,2000,0,17327,17327,443897
2023-01-04,2023,1,4,port425,Guangzhou (Nansha),China,CHN,20,2,2,2,5,26,31,112409,101556,20653,3436,12557,238055,250612,47495,0,0,407,692,47903,48595,443898
2021-12-01,2021,12,1,port425,Guangzhou (Nansha),China,CHN,18,3,2,1,5,24,29,84731,130304,5144,2561,15087,222742,237829,40197,5811,2387,0,870,48397,49268,443899
2019-10-05,2019,10,5,port425,Guangzhou (Nansha),China,CHN,7,1,3,1,7,12,19,55320,72215,14524,1510,26050,143571,169621,41623,0,780,0,487,42403,42891,443900
2023-01-05,2023,1,5,port425,Guangzhou (Nansha),China,CHN,15,0,2,2,7,19,26,76928,0,5936,619,21601,83484,105086,34494,0,0,2812,4495,37307,41802,443901
2021-12-02,2021,12,2,port425,Guangzhou (Nansha),China,CHN,13,3,4,2,8,22,30,71824,94532,33023,2054,24233,201436,225669,43853,0,2340,273,5483,46468,51952,443902
2019-10-06,2019,10,6,port425,Guangzhou (Nansha),China,CHN,12,0,0,4,6,16,22,88883,0,0,2953,9198,91836,101034,31238,0,0,429,2717,31667,34384,443903
2023-01-06,2023,1,6,port425,Guangzhou (Nansha),China,CHN,17,2,1,0,3,20,23,93223,137950,1172,0,9966,232345,242312,39506,0,0,0,2365,39506,41871,443904
2019-10-07,2019,10,7,port425,Guangzhou (Nansha),China,CHN,11,3,5,4,9,23,32,112173,140354,22101,834,38597,275463,314060,28472,5811,2518,2757,4013,39559,43573,443905
2023-01-07,2023,1,7,port425,Guangzhou (Nansha),China,CHN,17,5,4,2,5,28,33,39092,75628,11780,619,2310,127120,129431,30496,5811,928,3912,5774,41149,46923,443906
2019-10-08,2019,10,8,port425,Guangzhou (Nansha),China,CHN,13,2,7,2,5,24,29,62765,63743,40449,5241,12404,172200,184605,57344,2905,1560,407,4433,62218,66651,443907
2021-12-03,2021,12,3,port425,Guangzhou (Nansha),China,CHN,11,0,4,2,6,17,23,20377,0,10374,619,34671,31372,66044,70309,0,403,407,487,71120,71608,443908
2023-01-08,2023,1,8,port425,Guangzhou (Nansha),China,CHN,19,0,2,0,3,21,24,80073,0,8683,0,16439,88757,105196,52070,0,780,0,127,52851,52979,443909
2019-10-09,2019,10,9,port425,Guangzhou (Nansha),China,CHN,16,2,4,2,3,24,27,118806,23975,10606,1533,9218,154922,164141,25716,0,2387,605,487,28709,29196,443910
2021-12-04,2021,12,4,port425,Guangzhou (Nansha),China,CHN,15,1,0,2,2,18,20,24274,68543,0,1179,2843,93997,96840,79499,0,0,407,1273,79906,81180,443911
2023-01-09,2023,1,9,port425,Guangzhou (Nansha),China,CHN,22,1,1,0,7,24,31,65322,29001,0,0,24888,94323,119211,57112,0,800,0,2365,57912,60277,443912
2019-10-10,2019,10,10,port425,Guangzhou (Nansha),China,CHN,15,5,5,1,5,26,31,105215,144727,10235,1684,8943,261862,270806,29977,5811,2107,0,6118,37896,44015,443913
2021-12-05,2021,12,5,port425,Guangzhou (Nansha),China,CHN,14,0,1,2,2,17,19,72763,0,1184,0,2169,73947,76117,33615,0,0,908,383,34524,34907,443914
2023-01-10,2023,1,10,port425,Guangzhou (Nansha),China,CHN,17,1,2,2,6,22,28,23772,90248,956,2687,26629,117666,144295,87140,0,0,1030,7295,88171,95466,443915
2019-10-11,2019,10,11,port425,Guangzhou (Nansha),China,CHN,14,1,4,3,6,22,28,74039,31972,13645,0,39518,119657,159175,58641,0,1606,0,0,60248,60248,443916
2021-12-06,2021,12,6,port425,Guangzhou (Nansha),China,CHN,13,1,1,2,3,17,20,43784,47719,0,0,3302,91503,94805,27329,0,1192,1197,540,29719,30259,443917
2023-01-11,2023,1,11,port425,Guangzhou (Nansha),China,CHN,20,1,2,3,8,26,34,58079,33566,0,619,24311,92265,116577,73080,2905,7414,407,1874,83807,85682,443918
2019-10-12,2019,10,12,port425,Guangzhou (Nansha),China,CHN,10,8,5,2,5,25,30,64983,225219,26111,1709,17119,318023,335142,49772,2905,780,407,2218,53866,56084,443919
2021-12-07,2021,12,7,port425,Guangzhou (Nansha),China,CHN,12,3,4,1,9,20,29,34760,94083,11377,619,75652,140841,216494,34981,0,394,407,487,35783,36271,443920
2023-01-12,2023,1,12,port425,Guangzhou (Nansha),China,CHN,15,2,3,0,3,20,23,20097,104265,4094,0,4522,128456,132979,49690,2905,780,0,4766,53376,58143,443921
2019-10-13,2019,10,13,port425,Guangzhou (Nansha),China,CHN,6,1,2,0,6,9,15,36951,17315,3181,0,21396,57449,78845,9530,3687,780,0,2224,13998,16222,443922
2021-12-08,2021,12,8,port425,Guangzhou (Nansha),China,CHN,13,2,5,3,4,23,27,87616,61409,8367,3889,14571,161283,175854,31326,2905,8049,681,3406,42963,46369,443923
2023-01-13,2023,1,13,port425,Guangzhou (Nansha),China,CHN,9,1,2,1,3,13,16,12531,33566,6132,1024,11998,53255,65253,20201,2905,0,0,564,23106,23671,443924
2019-10-14,2019,10,14,port425,Guangzhou (Nansha),China,CHN,12,3,2,2,8,19,27,101890,134590,432,0,19222,236914,256136,20393,0,1456,512,2852,22363,25215,443925
2021-12-09,2021,12,9,port425,Guangzhou (Nansha),China,CHN,14,2,4,1,7,21,28,50601,36872,9315,619,36925,97409,134335,41314,0,2358,407,1669,44080,45750,443926
2023-01-14,2023,1,14,port425,Guangzhou (Nansha),China,CHN,2,1,1,0,3,4,7,7284,33566,282,0,12243,41133,53376,6705,2905,0,0,1128,9611,10740,443927
2019-10-15,2019,10,15,port425,Guangzhou (Nansha),China,CHN,16,5,1,3,8,25,33,119744,219094,3545,619,53912,343003,396916,66577,1871,0,407,3427,68856,72283,443928
2021-12-10,2021,12,10,port425,Guangzhou (Nansha),China,CHN,11,1,2,1,5,15,20,74982,33566,6641,0,12939,115190,128129,32312,2905,827,908,1182,36954,38137,443929
2023-01-15,2023,1,15,port425,Guangzhou (Nansha),China,CHN,25,2,8,1,3,36,39,91390,73270,23866,0,9111,188527,197639,138806,0,4880,0,692,143686,144378,443930
2019-10-16,2019,10,16,port425,Guangzhou (Nansha),China,CHN,13,1,1,3,8,18,26,51407,27479,2835,2656,18028,84379,102407,40805,0,0,407,3557,41212,44770,443931
2021-12-11,2021,12,11,port425,Guangzhou (Nansha),China,CHN,8,0,1,1,6,10,16,27683,0,2925,619,40375,31229,71604,41963,0,780,407,383,43150,43534,443932
2023-01-16,2023,1,16,port425,Guangzhou (Nansha),China,CHN,21,2,7,1,8,31,39,77654,71821,40929,0,16517,190406,206923,49850,0,11038,1133,3460,62022,65482,443933
2019-10-17,2019,10,17,port425,Guangzhou (Nansha),China,CHN,10,1,2,3,8,16,24,84354,29545,7799,1940,24292,123640,147933,20354,0,7578,407,4111,28340,32452,443934
2021-12-12,2021,12,12,port425,Guangzhou (Nansha),China,CHN,17,0,1,1,5,19,24,38971,0,958,0,13028,39930,52958,55019,0,0,273,5658,55293,60951,443935
2023-01-17,2023,1,17,port425,Guangzhou (Nansha),China,CHN,20,2,1,1,4,24,28,67797,79911,6535,510,18464,154755,173219,39649,0,0,0,1051,39649,40700,443936
2019-10-18,2019,10,18,port425,Guangzhou (Nansha),China,CHN,14,1,6,3,5,24,29,50090,9941,16635,1239,23289,77908,101197,34806,0,3167,1399,4163,39373,43536,443937
2021-12-13,2021,12,13,port425,Guangzhou (Nansha),China,CHN,14,2,4,2,5,22,27,45196,21459,14166,619,13584,81441,95025,47039,4563,3167,407,1051,55177,56229,443938
2023-01-18,2023,1,18,port425,Guangzhou (Nansha),China,CHN,21,0,0,1,9,22,31,93893,0,0,1089,34372,94983,129355,31027,0,0,0,2362,31027,33389,443939
2019-10-19,2019,10,19,port425,Guangzhou (Nansha),China,CHN,10,3,4,2,4,19,23,4475,105782,7737,2047,10012,120042,130055,28363,2905,256,514,4412,32040,36452,443940
2021-12-14,2021,12,14,port425,Guangzhou (Nansha),China,CHN,11,3,2,0,6,16,22,17666,121170,3008,0,12081,141844,153925,33949,5811,1606,0,3235,41368,44604,443941
2023-01-19,2023,1,19,port425,Guangzhou (Nansha),China,CHN,16,0,3,1,8,20,28,59691,0,13743,719,21683,74154,95838,77010,0,8494,0,18326,85504,103830,443942
2019-10-20,2019,10,20,port425,Guangzhou (Nansha),China,CHN,13,1,2,2,2,18,20,81264,24804,6699,1239,14286,114007,128294,60061,0,780,814,1182,61656,62839,443943
2023-01-20,2023,1,20,port425,Guangzhou (Nansha),China,CHN,17,1,0,0,3,18,21,55607,71894,0,0,6583,127501,134085,82193,0,0,0,1790,82193,83984,443944
2019-10-21,2019,10,21,port425,Guangzhou (Nansha),China,CHN,14,3,3,1,8,21,29,84420,156463,15657,434,8834,256976,265811,14538,2905,0,0,1956,17444,19400,443945
2019-10-22,2019,10,22,port425,Guangzhou (Nansha),China,CHN,10,0,3,0,6,13,19,8603,0,7032,0,3423,15635,19058,51733,0,3196,0,47557,54929,102487,443946
2019-10-23,2019,10,23,port425,Guangzhou (Nansha),China,CHN,18,3,2,3,4,26,30,116697,82972,5287,619,14750,205576,220326,30466,5811,780,1193,3388,38252,41640,443947
2019-10-24,2019,10,24,port425,Guangzhou (Nansha),China,CHN,12,3,1,1,11,17,28,68580,105231,3341,725,54910,177878,232788,19279,2905,0,0,2721,22185,24907,443948
2019-10-25,2019,10,25,port425,Guangzhou (Nansha),China,CHN,16,1,4,1,9,22,31,89303,72215,10140,619,25522,172278,197801,50264,0,3327,407,5733,53999,59732,443949
2019-10-26,2019,10,26,port425,Guangzhou (Nansha),China,CHN,18,3,4,2,7,27,34,65924,114733,19238,619,54295,200516,254812,64186,0,21807,407,2157,86401,88558,443950
2019-10-27,2019,10,27,port425,Guangzhou (Nansha),China,CHN,7,0,3,2,7,12,19,69805,0,11494,1538,59457,82838,142295,12052,0,0,0,3147,12052,15199,443951
2019-10-28,2019,10,28,port425,Guangzhou (Nansha),China,CHN,17,3,4,1,9,25,34,78071,102858,13984,0,40739,194915,235654,65497,0,801,0,8220,66298,74519,443952
2019-10-29,2019,10,29,port425,Guangzhou (Nansha),China,CHN,14,2,4,4,8,24,32,134568,33566,36171,619,18973,204927,223901,52678,2905,0,3372,1958,58956,60914,443953
2019-10-30,2019,10,30,port425,Guangzhou (Nansha),China,CHN,10,5,3,2,3,20,23,160699,40062,8013,0,39122,208775,247897,22446,1585,1111,604,0,25748,25748,443954
2023-01-21,2023,1,21,port425,Guangzhou (Nansha),China,CHN,16,0,0,0,3,16,19,67791,0,0,0,11401,67791,79192,45187,0,0,0,0,45187,45187,443955
2023-01-22,2023,1,22,port425,Guangzhou (Nansha),China,CHN,12,2,0,1,1,15,16,50503,94010,0,619,3777,145133,148910,48422,2905,0,407,487,51735,52222,443956
2023-01-23,2023,1,23,port425,Guangzhou (Nansha),China,CHN,15,1,0,1,6,17,23,47898,54448,0,619,14329,102966,117295,48571,0,0,407,1250,48978,50228,443957
2023-01-24,2023,1,24,port425,Guangzhou (Nansha),China,CHN,17,4,2,1,6,24,30,20946,213201,15375,0,17284,249524,266808,61445,2905,0,1681,4347,66032,70380,443958
2023-01-25,2023,1,25,port425,Guangzhou (Nansha),China,CHN,16,2,6,1,3,25,28,34219,127765,24747,547,5284,187279,192564,69212,0,1456,0,17936,70669,88605,443959
2023-01-26,2023,1,26,port425,Guangzhou (Nansha),China,CHN,8,1,1,0,2,10,12,5859,0,2925,0,19213,8785,27998,9468,0,780,0,0,10249,10249,443960
2023-01-27,2023,1,27,port425,Guangzhou (Nansha),China,CHN,9,1,1,1,8,12,20,15902,72882,0,0,26313,88785,115098,21158,0,4710,0,5167,25869,31036,443961
2023-01-28,2023,1,28,port425,Guangzhou (Nansha),China,CHN,13,0,2,1,9,16,25,18458,0,12207,0,23290,30665,53955,56267,0,0,0,2311,56267,58579,443962
2023-01-29,2023,1,29,port425,Guangzhou (Nansha),China,CHN,8,2,1,1,0,12,12,18938,31782,0,0,0,50720,50720,13419,0,8365,219,0,22004,22004,443963
2023-01-30,2023,1,30,port425,Guangzhou (Nansha),China,CHN,18,1,2,0,10,21,31,53569,26264,3417,0,38506,83251,121757,46267,0,0,0,2157,46267,48425,443964
2023-01-31,2023,1,31,port425,Guangzhou (Nansha),China,CHN,12,1,1,0,3,14,17,67471,26807,2925,0,9302,97205,106507,30034,0,780,0,564,30815,31379,443965
2023-02-01,2023,2,1,port425,Guangzhou (Nansha),China,CHN,19,0,2,0,3,21,24,97776,0,19549,0,21715,117326,139041,18975,0,0,0,487,18975,19463,443966
2023-02-02,2023,2,2,port425,Guangzhou (Nansha),China,CHN,9,2,3,1,3,15,18,53843,101968,18531,0,6952,174344,181296,4503,0,3070,1320,487,8894,9381,443967
2023-02-03,2023,2,3,port425,Guangzhou (Nansha),China,CHN,13,3,2,1,11,19,30,35171,119481,8423,0,20137,163076,183213,25675,0,0,0,18092,25675,43768,443968
2023-02-04,2023,2,4,port425,Guangzhou (Nansha),China,CHN,9,0,1,2,2,12,14,47292,0,2925,619,1772,50837,52610,7901,0,780,917,343,9599,9943,443969
2023-02-05,2023,2,5,port425,Guangzhou (Nansha),China,CHN,10,1,0,0,5,11,16,36024,7701,0,0,10936,43726,54662,12721,0,0,0,5014,12721,17736,443970
2023-02-06,2023,2,6,port425,Guangzhou (Nansha),China,CHN,14,1,3,1,5,19,24,58369,62930,13274,511,21063,135086,156150,26644,0,2588,0,959,29232,30191,443971
2023-02-07,2023,2,7,port425,Guangzhou (Nansha),China,CHN,20,2,5,4,11,31,42,64609,102728,35104,1239,50870,203682,254552,27733,2905,1560,3406,2053,35606,37659,443972
2023-02-08,2023,2,8,port425,Guangzhou (Nansha),China,CHN,18,1,2,1,8,22,30,116660,30176,5485,726,5714,153049,158763,16005,0,0,0,5636,16005,21641,443973
2023-02-09,2023,2,9,port425,Guangzhou (Nansha),China,CHN,17,0,1,1,4,19,23,38227,0,20265,1025,9231,59518,68750,24322,0,0,0,1182,24322,25504,443974
2023-02-10,2023,2,10,port425,Guangzhou (Nansha),China,CHN,16,2,3,1,6,22,28,49346,25437,10541,619,9777,85945,95722,29927,0,0,407,5398,30335,35733,443975
2023-02-11,2023,2,11,port425,Guangzhou (Nansha),China,CHN,16,4,3,1,6,24,30,56501,82484,3457,2296,39715,144739,184455,34639,32237,3532,0,2365,70409,72774,443976
2021-12-15,2021,12,15,port425,Guangzhou (Nansha),China,CHN,15,1,4,3,4,23,27,60185,69895,30291,3287,11529,163659,175189,61568,0,1048,814,684,63430,64115,443977
2021-12-16,2021,12,16,port425,Guangzhou (Nansha),China,CHN,14,1,1,1,6,17,23,75230,33566,3435,619,15613,112853,128466,44647,2905,0,407,2481,47960,50441,443978
2021-12-17,2021,12,17,port425,Guangzhou (Nansha),China,CHN,18,1,4,1,7,24,31,68336,33566,17098,0,18209,119001,137210,61615,2905,5466,0,3813,69988,73802,443979
2021-12-18,2021,12,18,port425,Guangzhou (Nansha),China,CHN,14,1,4,0,5,19,24,49931,0,7407,0,30401,57338,87740,54464,54244,1560,0,12088,110269,122358,443980
2021-12-19,2021,12,19,port425,Guangzhou (Nansha),China,CHN,9,4,1,1,3,15,18,36661,297088,2318,0,10086,336068,346155,20917,0,0,0,0,20917,20917,443981
2021-12-20,2021,12,20,port425,Guangzhou (Nansha),China,CHN,11,0,1,2,7,14,21,34258,0,2925,2435,5486,39619,45105,40459,0,780,407,3748,41647,45395,443982
2021-12-21,2021,12,21,port425,Guangzhou (Nansha),China,CHN,13,2,4,1,3,20,23,37261,83400,8070,1089,1604,129822,131426,19459,2905,4594,0,4184,26960,31144,443983
2021-12-22,2021,12,22,port425,Guangzhou (Nansha),China,CHN,12,1,2,0,5,15,20,51314,62315,2113,0,30384,115743,146128,61096,0,0,0,487,61096,61583,443984
2021-12-23,2021,12,23,port425,Guangzhou (Nansha),China,CHN,15,1,2,2,0,20,20,55708,70321,13800,1117,0,140948,140948,30438,0,0,908,0,31347,31347,443985
2021-12-24,2021,12,24,port425,Guangzhou (Nansha),China,CHN,14,2,4,1,3,21,24,34213,70315,12123,619,753,117273,118027,38596,0,1560,407,5524,40564,46088,443986
2021-12-25,2021,12,25,port425,Guangzhou (Nansha),China,CHN,11,2,2,1,4,16,20,60568,20537,6246,0,13453,87352,100805,23610,54244,780,908,947,79544,80492,443987
2021-12-26,2021,12,26,port425,Guangzhou (Nansha),China,CHN,13,0,2,0,2,15,17,74661,0,5819,0,13458,80480,93939,26748,0,1161,0,564,27910,28474,443988
2021-12-27,2021,12,27,port425,Guangzhou (Nansha),China,CHN,6,2,0,3,1,11,12,47000,0,0,1940,2092,48941,51033,37193,0,0,407,0,37600,37600,443989
2021-12-28,2021,12,28,port425,Guangzhou (Nansha),China,CHN,12,3,4,3,5,22,27,51575,40525,6122,1750,8794,99974,108768,31206,2905,6179,814,870,41106,41977,443990
2021-12-29,2021,12,29,port425,Guangzhou (Nansha),China,CHN,10,2,1,2,5,15,20,34408,76737,2218,0,9062,113364,122426,17738,0,1606,908,16233,20254,36487,443991
2021-12-30,2021,12,30,port425,Guangzhou (Nansha),China,CHN,15,2,4,1,10,22,32,74536,40495,14224,619,20905,129875,150780,54997,2905,2340,407,18026,60651,78677,443992
2021-12-31,2021,12,31,port425,Guangzhou (Nansha),China,CHN,12,1,0,1,6,14,20,37203,73231,0,0,32970,110435,143406,30012,0,0,0,947,30012,30959,443993
2022-01-01,2022,1,1,port425,Guangzhou (Nansha),China,CHN,13,1,1,1,4,16,20,70829,17315,789,619,48570,89554,138125,21333,3687,0,407,1095,25427,26523,443994
2022-01-02,2022,1,2,port425,Guangzhou (Nansha),China,CHN,12,1,0,1,2,14,16,26272,70556,0,0,3511,96828,100340,32244,0,0,0,1182,32244,33426,443995
2022-01-03,2022,1,3,port425,Guangzhou (Nansha),China,CHN,18,2,6,1,6,27,33,54392,138104,20589,619,12179,213706,225886,34202,0,5576,407,5275,40185,45460,443996
2022-01-04,2022,1,4,port425,Guangzhou (Nansha),China,CHN,14,1,1,2,8,18,26,30918,67419,5877,2666,25951,106880,132831,48102,0,0,407,4167,48509,52676,443997
2022-01-05,2022,1,5,port425,Guangzhou (Nansha),China,CHN,10,0,4,1,6,15,21,36108,0,25770,0,13988,61879,75867,29748,0,780,0,2658,30528,33187,443998
2022-01-06,2022,1,6,port425,Guangzhou (Nansha),China,CHN,17,3,1,1,5,22,27,94617,93818,2925,0,62869,191361,254231,42393,0,780,0,1182,43173,44356,443999
2022-01-07,2022,1,7,port425,Guangzhou (Nansha),China,CHN,12,1,4,1,9,18,27,54191,13894,25937,0,46118,94023,140142,23470,0,3994,908,4059,28373,32432,444000
2023-02-12,2023,2,12,port425,Guangzhou (Nansha),China,CHN,18,3,2,1,4,24,28,49634,77343,3965,0,22977,130943,153920,55855,428,780,0,564,57064,57628,444001
2026-05-27,2026,5,27,port425,Guangzhou (Nansha),China,CHN,20,3,6,2,1,31,32,89989,152538,6221,1239,35329,249988,285318,38817,2905,6122,814,0,48660,48660,444002
2023-02-13,2023,2,13,port425,Guangzhou (Nansha),China,CHN,6,1,5,4,4,16,20,14817,28464,27973,1239,40358,72494,112852,9118,0,0,4928,3006,14046,17053,444003
2026-05-28,2026,5,28,port425,Guangzhou (Nansha),China,CHN,21,0,4,1,6,26,32,18654,0,5085,0,17961,23740,41701,148381,0,11530,3965,2486,163877,166364,444004
2023-02-14,2023,2,14,port425,Guangzhou (Nansha),China,CHN,13,2,2,0,7,17,24,22649,71850,2941,0,13895,97441,111336,35290,3687,1701,0,6252,40678,46931,444005
2026-05-29,2026,5,29,port425,Guangzhou (Nansha),China,CHN,15,3,3,1,6,22,28,31488,47999,5851,0,3814,85339,89154,89566,3135,8774,0,1139,101476,102615,444006
2023-02-15,2023,2,15,port425,Guangzhou (Nansha),China,CHN,16,3,3,2,6,24,30,58470,116173,4659,619,29118,179923,209042,36012,2905,1606,4499,2234,45024,47258,444007
2026-05-30,2026,5,30,port425,Guangzhou (Nansha),China,CHN,17,3,2,2,4,24,28,51658,163355,0,0,9261,215014,224276,120142,3687,6808,2302,0,132940,132940,444008
2023-02-16,2023,2,16,port425,Guangzhou (Nansha),China,CHN,12,2,3,3,2,20,22,68124,68184,5501,1836,4258,143647,147906,13986,2905,1734,4003,2690,22630,25320,444009
2026-05-31,2026,5,31,port425,Guangzhou (Nansha),China,CHN,17,2,3,2,3,24,27,18406,0,2925,726,5549,22059,27608,106960,12511,4515,1024,831,125012,125843,444010
2023-02-17,2023,2,17,port425,Guangzhou (Nansha),China,CHN,17,3,1,3,8,24,32,57895,160945,0,619,17358,219460,236819,55434,2905,0,1661,7811,60001,67813,444011
2026-06-01,2026,6,1,port425,Guangzhou (Nansha),China,CHN,22,2,1,1,7,26,33,51166,68541,0,619,12519,120327,132846,63225,2905,0,407,35789,66538,102328,444012
2023-02-18,2023,2,18,port425,Guangzhou (Nansha),China,CHN,24,2,1,1,8,28,36,81005,87403,721,0,12116,169130,181246,81657,0,0,0,9219,81657,90876,444013
2026-06-02,2026,6,2,port425,Guangzhou (Nansha),China,CHN,18,2,5,0,2,25,27,23856,26190,0,0,696,50047,50743,86339,0,14337,0,0,100677,100677,444014
2023-02-19,2023,2,19,port425,Guangzhou (Nansha),China,CHN,17,0,0,2,2,19,21,40024,0,0,909,4420,40934,45354,46694,0,0,407,0,47101,47101,444015
2026-06-03,2026,6,3,port425,Guangzhou (Nansha),China,CHN,19,1,5,2,6,27,33,26584,33566,6660,619,12282,67431,79713,114301,2905,6425,407,2574,124040,126614,444016
2023-02-20,2023,2,20,port425,Guangzhou (Nansha),China,CHN,19,2,1,1,8,23,31,39300,101052,4266,619,33267,145239,178507,46794,0,0,407,10262,47202,57464,444017
2026-06-04,2026,6,4,port425,Guangzhou (Nansha),China,CHN,23,2,2,0,3,27,30,68081,0,6159,0,7467,74241,81708,72537,11959,3743,0,2077,88239,90317,444018
2023-02-21,2023,2,21,port425,Guangzhou (Nansha),China,CHN,12,3,7,0,6,22,28,21681,115317,13632,0,31389,150631,182020,44345,2905,10817,0,7548,58069,65617,444019
2026-06-05,2026,6,5,port425,Guangzhou (Nansha),China,CHN,24,2,2,2,6,30,36,50815,68275,3607,958,20773,123657,144430,143429,0,1108,1068,12535,145605,158141,444020
2023-02-22,2023,2,22,port425,Guangzhou (Nansha),China,CHN,19,1,3,2,7,25,32,44290,36423,4573,5281,14327,90567,104894,54465,0,5659,378,5520,60502,66023,444021
2023-02-23,2023,2,23,port425,Guangzhou (Nansha),China,CHN,21,0,3,1,4,25,29,80586,0,4412,619,9487,85618,95106,58538,0,1606,407,1746,60552,62299,444022
2023-02-24,2023,2,24,port425,Guangzhou (Nansha),China,CHN,19,2,1,3,8,25,33,83654,67133,0,1376,19574,152164,171739,56019,5811,844,407,64894,63082,127977,444023
2023-02-25,2023,2,25,port425,Guangzhou (Nansha),China,CHN,19,4,2,1,8,26,34,27670,130990,4722,3073,17456,166456,183913,46660,2905,0,0,5203,49566,54770,444024
2023-02-26,2023,2,26,port425,Guangzhou (Nansha),China,CHN,13,2,4,1,2,20,22,43696,65508,7487,0,1146,116691,117838,44499,0,3773,0,2629,48273,50902,444025
2023-02-27,2023,2,27,port425,Guangzhou (Nansha),China,CHN,15,1,2,2,8,20,28,38381,28620,6385,511,32078,73898,105976,38622,0,1977,0,959,40599,41559,444026
2023-02-28,2023,2,28,port425,Guangzhou (Nansha),China,CHN,10,0,1,1,5,12,17,21244,0,0,0,9172,21244,30416,28435,0,785,2405,564,31626,32191,444027
2023-03-01,2023,3,1,port425,Guangzhou (Nansha),China,CHN,15,1,2,1,6,19,25,53426,7392,1106,619,41241,62545,103787,64054,0,0,407,1182,64461,65643,444028
2023-03-02,2023,3,2,port425,Guangzhou (Nansha),China,CHN,16,2,3,2,2,23,25,31127,30176,3712,3130,127,68148,68275,20118,0,3140,0,127,23258,23386,444029
2023-03-03,2023,3,3,port425,Guangzhou (Nansha),China,CHN,14,0,3,1,4,18,22,47317,0,394,0,8423,47712,56135,29395,0,1747,1253,4137,32396,36534,444030
2023-03-04,2023,3,4,port425,Guangzhou (Nansha),China,CHN,21,1,0,2,6,24,30,53647,33566,0,839,14591,88054,102645,63130,2905,0,407,5326,66443,71769,444031
2023-03-05,2023,3,5,port425,Guangzhou (Nansha),China,CHN,17,0,0,0,6,17,23,57788,0,0,0,12414,57788,70203,58846,0,0,0,564,58846,59410,444032
2023-03-06,2023,3,6,port425,Guangzhou (Nansha),China,CHN,18,1,6,1,6,26,32,55699,66615,15191,0,16145,137505,153650,62302,0,13176,0,2493,75479,77972,444033
2023-03-07,2023,3,7,port425,Guangzhou (Nansha),China,CHN,19,1,3,1,8,24,32,57435,0,8430,619,13482,66485,79967,42826,0,780,407,15090,44014,59104,444034
2023-03-08,2023,3,8,port425,Guangzhou (Nansha),China,CHN,20,2,5,2,7,29,36,111233,133059,6187,6221,22758,256700,279459,41982,0,1147,407,487,43537,44024,444035
2023-03-09,2023,3,9,port425,Guangzhou (Nansha),China,CHN,15,1,1,3,3,20,23,60512,33566,11478,0,8069,105557,113627,27753,2905,0,3920,2418,34579,36998,444036
2023-03-10,2023,3,10,port425,Guangzhou (Nansha),China,CHN,26,1,3,1,7,31,38,81162,10462,27307,0,27995,118931,146927,61770,0,780,0,0,62550,62550,444037
2023-03-11,2023,3,11,port425,Guangzhou (Nansha),China,CHN,16,4,4,1,9,25,34,43560,140138,3023,515,17824,187238,205063,63786,2905,3347,0,564,70040,70604,444038
2023-03-12,2023,3,12,port425,Guangzhou (Nansha),China,CHN,16,2,0,2,2,20,22,67891,36811,0,1239,2541,105943,108484,43486,2905,0,814,383,47207,47590,444039
2023-03-13,2023,3,13,port425,Guangzhou (Nansha),China,CHN,24,6,5,1,6,36,42,85501,117478,11706,619,21829,215306,237136,55779,4125,3516,407,4225,63828,68054,444040
2023-03-14,2023,3,14,port425,Guangzhou (Nansha),China,CHN,16,1,1,2,7,20,27,72559,71198,394,619,21267,144772,166039,26674,0,0,3296,2395,29971,32367,444041
2023-03-15,2023,3,15,port425,Guangzhou (Nansha),China,CHN,15,2,1,2,8,20,28,33170,74985,2925,2744,40572,113827,154399,39460,0,780,274,1051,40514,41566,444042
2023-03-16,2023,3,16,port425,Guangzhou (Nansha),China,CHN,19,3,3,1,7,26,33,75104,66812,5794,1089,17451,148800,166252,25481,2905,780,0,959,29167,30126,444043
2023-03-17,2023,3,17,port425,Guangzhou (Nansha),China,CHN,21,3,3,0,5,27,32,27653,117608,3466,0,11156,148728,159884,60623,0,356,0,5527,60979,66507,444044
2023-03-18,2023,3,18,port425,Guangzhou (Nansha),China,CHN,15,2,3,3,3,23,26,53595,48114,4394,1130,7846,107235,115082,79666,0,229,407,1182,80302,81485,444045
2023-03-19,2023,3,19,port425,Guangzhou (Nansha),China,CHN,15,1,1,0,0,17,17,98235,0,2925,0,0,101161,101161,36738,0,780,0,0,37518,37518,444046
2023-03-20,2023,3,20,port425,Guangzhou (Nansha),China,CHN,21,2,2,1,3,26,29,33403,35990,8667,619,3076,78680,81757,105090,2905,780,407,4055,109184,113239,444047
2023-03-21,2023,3,21,port425,Guangzhou (Nansha),China,CHN,17,4,3,1,10,25,35,70754,102331,2925,0,25047,176011,201059,25975,0,3053,3453,3573,32481,36055,444048
2023-03-22,2023,3,22,port425,Guangzhou (Nansha),China,CHN,13,2,5,2,3,22,25,70242,35995,1417,1519,4632,109174,113806,45610,2905,6186,273,1406,54977,56383,444049
2023-03-23,2023,3,23,port425,Guangzhou (Nansha),China,CHN,21,0,6,2,4,29,33,114689,0,18100,7011,9820,139801,149621,24128,0,5875,407,447,30411,30858,444050
2023-03-24,2023,3,24,port425,Guangzhou (Nansha),China,CHN,11,0,3,2,6,16,22,18484,0,2925,619,22731,22030,44762,38535,0,3893,407,11518,42835,54354,444051
2023-03-25,2023,3,25,port425,Guangzhou (Nansha),China,CHN,15,5,1,3,4,24,28,27121,216252,0,1640,4429,245014,249444,43595,2905,4791,407,3080,51699,54780,444052
2023-03-26,2023,3,26,port425,Guangzhou (Nansha),China,CHN,16,1,1,1,1,19,20,23662,33566,2925,511,1728,60666,62395,56665,2905,780,0,0,60351,60351,444053
2023-03-27,2023,3,27,port425,Guangzhou (Nansha),China,CHN,18,3,0,0,3,21,24,33281,96551,0,0,11073,129832,140905,58129,2905,0,0,22514,61035,83549,444054
2023-03-28,2023,3,28,port425,Guangzhou (Nansha),China,CHN,21,4,2,1,6,28,34,86539,168115,5599,619,10613,260874,271488,78251,2905,4316,407,4972,85880,90853,444055
2023-03-29,2023,3,29,port425,Guangzhou (Nansha),China,CHN,10,0,1,3,6,14,20,73145,0,2925,2549,12430,78620,91051,10763,0,780,7872,2687,19416,22103,444056
2023-03-30,2023,3,30,port425,Guangzhou (Nansha),China,CHN,17,4,5,0,6,26,32,66209,191520,3861,0,26650,261591,288242,38899,2905,1181,0,9269,42987,52256,444057
2023-03-31,2023,3,31,port425,Guangzhou (Nansha),China,CHN,18,3,3,3,2,27,29,106428,45352,11200,619,5788,163601,169389,42467,2905,1260,2169,684,48803,49488,444058
2023-04-01,2023,4,1,port425,Guangzhou (Nansha),China,CHN,20,5,3,5,4,33,37,68444,191845,0,2303,3906,262593,266500,100118,3483,4037,2912,0,110551,110551,444059
2025-04-22,2025,4,22,port425,Guangzhou (Nansha),China,CHN,17,4,5,2,7,28,35,53945,116554,22897,1239,21468,194636,216105,61326,6592,3575,814,1697,72308,74006,444061
2023-04-02,2023,4,2,port425,Guangzhou (Nansha),China,CHN,18,0,1,1,4,20,24,78191,0,1418,1833,19206,81444,100651,57092,0,0,0,564,57092,57657,444062
2023-04-03,2023,4,3,port425,Guangzhou (Nansha),China,CHN,19,3,4,1,5,27,32,72602,65840,27032,3523,11324,168998,180323,75913,2905,2340,0,5314,81160,86475,444063
2023-04-04,2023,4,4,port425,Guangzhou (Nansha),China,CHN,18,1,1,1,8,21,29,52217,14988,0,0,40946,67205,108152,31388,0,1574,936,3589,33899,37489,444064
2023-04-05,2023,4,5,port425,Guangzhou (Nansha),China,CHN,20,1,3,2,8,26,34,56631,20380,16062,619,21676,93695,115371,36441,0,3531,4800,2439,44773,47213,444065
2023-04-06,2023,4,6,port425,Guangzhou (Nansha),China,CHN,15,1,1,1,9,18,27,51814,33566,2023,619,34118,88024,122143,33761,2905,0,407,10957,37074,48031,444066
2023-04-07,2023,4,7,port425,Guangzhou (Nansha),China,CHN,13,7,5,1,5,26,31,23005,297721,14447,0,11624,335175,346799,28096,5811,8868,820,4830,43597,48428,444067
2023-04-08,2023,4,8,port425,Guangzhou (Nansha),China,CHN,17,4,3,3,7,27,34,24869,142894,7599,1239,26625,176603,203229,74575,0,0,814,1182,75390,76572,444068
2023-04-09,2023,4,9,port425,Guangzhou (Nansha),China,CHN,16,0,2,3,2,21,23,67805,0,0,2262,5788,70067,75855,51297,0,1607,814,564,53720,54284,444069
2023-04-10,2023,4,10,port425,Guangzhou (Nansha),China,CHN,15,3,1,1,7,20,27,49227,90272,2925,619,22344,143045,165389,65296,0,780,407,12139,66483,78623,444070
2023-04-11,2023,4,11,port425,Guangzhou (Nansha),China,CHN,18,0,4,1,5,23,28,44541,0,14548,2120,23907,61211,85118,69028,0,6246,0,2929,75275,78204,444071
2023-04-12,2023,4,12,port425,Guangzhou (Nansha),China,CHN,22,4,0,2,5,28,33,67832,153030,0,820,26242,221683,247926,72542,3687,0,1029,1051,77258,78309,444072
2023-04-13,2023,4,13,port425,Guangzhou (Nansha),China,CHN,20,1,8,0,8,29,37,88854,5288,12087,0,19091,106230,125322,31755,0,4691,0,5280,36446,41727,444073
2024-03-18,2024,3,18,port425,Guangzhou (Nansha),China,CHN,12,1,6,1,6,20,26,29074,0,3959,3788,16155,36822,52978,30127,0,10082,0,4043,40210,44253,444074
2023-04-14,2023,4,14,port425,Guangzhou (Nansha),China,CHN,18,4,2,1,7,25,32,52430,102325,844,0,25319,155599,180919,34075,6041,394,0,6267,40511,46779,444075
2023-04-15,2023,4,15,port425,Guangzhou (Nansha),China,CHN,29,0,2,2,4,33,37,93901,0,747,1239,11724,95888,107613,67002,0,6916,814,692,74733,75425,444076
2023-04-16,2023,4,16,port425,Guangzhou (Nansha),China,CHN,18,1,2,1,4,22,26,37912,33566,5335,0,1146,76815,77961,58807,2905,780,1905,639,64399,65039,444077
2023-04-17,2023,4,17,port425,Guangzhou (Nansha),China,CHN,19,4,2,2,5,27,32,40230,116763,1979,619,62688,159593,222281,60419,2905,5495,1365,0,70186,70186,444078
2023-04-18,2023,4,18,port425,Guangzhou (Nansha),China,CHN,18,0,4,2,6,24,30,48929,0,5543,619,15079,55091,70171,49683,0,4170,407,7062,54260,61323,444079
2023-04-19,2023,4,19,port425,Guangzhou (Nansha),China,CHN,10,1,2,1,7,14,21,23090,31295,8541,0,19656,62927,82583,7789,0,780,820,607,9389,9997,444080
2023-04-20,2023,4,20,port425,Guangzhou (Nansha),China,CHN,19,3,1,2,5,25,30,99907,96475,11907,1189,19124,209479,228603,35693,0,0,0,692,35693,36386,444081
2023-04-21,2023,4,21,port425,Guangzhou (Nansha),China,CHN,16,2,4,3,2,25,27,3013,69860,2890,509,2720,76274,78995,56586,0,12931,787,0,70306,70306,444082
2023-04-22,2023,4,22,port425,Guangzhou (Nansha),China,CHN,15,2,2,2,2,21,23,40374,81534,2925,619,1146,125455,126601,52575,0,780,916,3165,54272,57438,444083
2023-04-23,2023,4,23,port425,Guangzhou (Nansha),China,CHN,22,3,2,2,0,29,29,54428,67133,3919,1027,0,126508,126508,92168,5811,780,0,0,98760,98760,444084
2023-04-24,2023,4,24,port425,Guangzhou (Nansha),China,CHN,22,0,6,2,6,30,36,63965,0,17091,4742,7708,85800,93508,54527,0,3974,407,127,58909,59037,444085
2023-04-25,2023,4,25,port425,Guangzhou (Nansha),China,CHN,16,3,3,0,9,22,31,57457,72869,674,0,32344,131001,163346,66135,0,2730,0,7611,68866,76477,444086
2023-04-26,2023,4,26,port425,Guangzhou (Nansha),China,CHN,20,2,2,1,8,25,33,77880,33566,5851,619,39270,117918,157188,45155,2905,1560,407,10118,50029,60148,444087
2023-04-27,2023,4,27,port425,Guangzhou (Nansha),China,CHN,18,2,3,3,7,26,33,43986,73492,6783,2740,20000,127002,147003,34695,0,780,407,4381,35883,40265,444088
2023-04-28,2023,4,28,port425,Guangzhou (Nansha),China,CHN,20,6,3,2,5,31,36,79003,215157,5578,3330,28362,303070,331433,50668,2905,119,2609,120,56302,56423,444089
2023-04-29,2023,4,29,port425,Guangzhou (Nansha),China,CHN,18,0,1,1,1,20,21,74358,0,0,1897,0,76256,76256,39212,0,3531,0,4996,42744,47741,444090
2023-04-30,2023,4,30,port425,Guangzhou (Nansha),China,CHN,14,1,2,1,1,18,19,44291,5288,5329,619,5788,55528,61317,43492,0,780,407,564,44679,45244,444091
2023-05-01,2023,5,1,port425,Guangzhou (Nansha),China,CHN,17,2,3,1,4,23,27,85549,89857,5891,619,16260,181918,198179,94777,0,4324,407,487,99509,99996,444092
2023-05-02,2023,5,2,port425,Guangzhou (Nansha),China,CHN,13,2,3,3,2,21,23,57854,51245,3625,3662,32953,116387,149341,44645,2905,1259,2187,564,50999,51563,444093
2023-05-03,2023,5,3,port425,Guangzhou (Nansha),China,CHN,20,3,2,3,5,28,33,70863,151002,0,1239,17268,223105,240374,41720,0,4706,814,10037,47241,57278,444094
2023-05-04,2023,5,4,port425,Guangzhou (Nansha),China,CHN,22,1,1,0,2,24,26,89230,61350,0,0,0,150580,150580,51887,0,2359,0,3564,54247,57811,444095
2023-05-05,2023,5,5,port425,Guangzhou (Nansha),China,CHN,16,3,2,1,6,22,28,28840,132460,2376,619,32498,164297,196796,40404,5811,0,407,3493,46623,50116,444096
2023-05-06,2023,5,6,port425,Guangzhou (Nansha),China,CHN,20,1,2,2,2,25,27,61284,33566,34298,1320,5784,130470,136255,62612,2905,0,467,0,65986,65986,444097
2023-05-07,2023,5,7,port425,Guangzhou (Nansha),China,CHN,21,1,3,0,1,25,26,118974,33566,2925,0,5788,155466,161254,44129,2905,3535,0,564,50570,51134,444098
2023-05-08,2023,5,8,port425,Guangzhou (Nansha),China,CHN,19,2,2,1,4,24,28,64842,33566,2833,619,9565,101862,111427,52811,2905,5100,407,7430,61225,68655,444099
2023-05-09,2023,5,9,port425,Guangzhou (Nansha),China,CHN,18,1,4,1,7,24,31,105981,0,2008,619,14883,108609,123493,58247,1050,12035,407,7550,71740,79290,444100
2023-05-10,2023,5,10,port425,Guangzhou (Nansha),China,CHN,16,2,2,1,6,21,27,62172,56190,3407,0,21451,121770,143222,46867,0,0,1019,487,47887,48374,444101
2023-05-11,2023,5,11,port425,Guangzhou (Nansha),China,CHN,19,2,4,2,3,27,30,83907,35987,9152,3534,12511,132582,145094,19808,0,395,407,0,20611,20611,444102
2023-05-12,2023,5,12,port425,Guangzhou (Nansha),China,CHN,27,3,1,3,6,34,40,77777,138749,2925,1859,10288,221312,231601,114676,2905,780,1221,9774,119584,129359,444103
2023-05-13,2023,5,13,port425,Guangzhou (Nansha),China,CHN,14,3,2,1,7,20,27,53164,105403,5889,288,8110,164746,172856,63434,0,780,0,7347,64215,71562,444104
2023-05-14,2023,5,14,port425,Guangzhou (Nansha),China,CHN,18,0,2,1,2,21,23,106107,0,2925,0,1466,109032,110498,53817,0,1175,0,0,54992,54992,444105
2023-05-15,2023,5,15,port425,Guangzhou (Nansha),China,CHN,20,1,1,2,9,24,33,27583,6364,6145,619,17350,40714,58064,87117,0,0,407,16627,87524,104151,444106
2023-05-16,2023,5,16,port425,Guangzhou (Nansha),China,CHN,18,0,4,2,4,24,28,34121,0,7964,619,4574,42706,47280,42137,0,2387,920,616,45445,46062,444107
2023-05-17,2023,5,17,port425,Guangzhou (Nansha),China,CHN,14,2,3,4,5,23,28,67758,38130,8163,2925,62298,116977,179276,26462,2905,1606,547,2130,31522,33652,444108
2023-05-18,2023,5,18,port425,Guangzhou (Nansha),China,CHN,17,2,5,2,3,26,29,87804,122353,41015,1239,7958,252414,260372,19675,0,1715,814,4765,22205,26970,444109
2023-05-19,2023,5,19,port425,Guangzhou (Nansha),China,CHN,10,1,2,0,1,13,14,27052,33566,14169,0,5788,74789,80577,46635,2905,780,0,564,50321,50886,444110
2023-05-20,2023,5,20,port425,Guangzhou (Nansha),China,CHN,11,1,2,2,1,16,17,18666,9314,8556,619,5788,37157,42945,55706,0,780,599,564,57086,57650,444111
2023-05-21,2023,5,21,port425,Guangzhou (Nansha),China,CHN,12,0,1,1,1,14,15,63357,0,2925,2047,5788,68331,74119,29323,0,780,0,564,30104,30668,444112
2023-05-22,2023,5,22,port425,Guangzhou (Nansha),China,CHN,22,6,0,2,2,30,32,67203,260759,0,619,6485,328583,335068,46908,2905,0,528,9774,50342,60117,444113
2023-05-23,2023,5,23,port425,Guangzhou (Nansha),China,CHN,15,1,2,1,6,19,25,80784,68539,794,0,16418,150118,166537,33146,0,1176,2939,60130,37262,97392,444114
2023-05-24,2023,5,24,port425,Guangzhou (Nansha),China,CHN,19,1,3,0,3,23,26,57249,33191,3775,0,14000,94216,108216,68237,0,7054,0,1051,75292,76343,444115
2023-05-25,2023,5,25,port425,Guangzhou (Nansha),China,CHN,21,2,5,2,5,30,35,70082,71965,25237,1029,16566,168315,184881,47020,0,3994,547,1182,51562,52744,444116
2023-05-26,2023,5,26,port425,Guangzhou (Nansha),China,CHN,17,0,3,3,4,23,27,52468,0,13049,958,12149,66476,78626,52548,0,1606,1058,0,55214,55214,444117
2023-05-27,2023,5,27,port425,Guangzhou (Nansha),China,CHN,20,3,0,1,5,24,29,44392,15871,0,0,56715,60263,116979,99585,0,0,192,732,99777,100510,444118
2023-05-28,2023,5,28,port425,Guangzhou (Nansha),China,CHN,16,2,0,1,3,19,22,47102,21533,0,619,11773,69255,81028,48020,38775,0,407,0,87202,87202,444119
2023-05-29,2023,5,29,port425,Guangzhou (Nansha),China,CHN,21,0,4,2,7,27,34,79789,0,9473,1346,25954,90609,116563,58541,0,2827,407,11378,61775,73154,444120
2023-05-30,2023,5,30,port425,Guangzhou (Nansha),China,CHN,17,1,4,1,4,23,27,72842,33566,5963,1029,45284,113402,158687,53750,2905,1288,0,487,57945,58433,444121
2023-05-31,2023,5,31,port425,Guangzhou (Nansha),China,CHN,21,2,3,2,7,28,35,78356,92570,5851,1531,11860,178310,190170,46327,2905,1560,0,7371,50793,58165,444122
2023-06-01,2023,6,1,port425,Guangzhou (Nansha),China,CHN,19,2,2,0,0,23,23,35280,105630,8234,0,0,149144,149144,45321,2905,0,0,0,48227,48227,444123
2023-06-02,2023,6,2,port425,Guangzhou (Nansha),China,CHN,15,2,2,4,6,23,29,19503,43766,2218,3055,96042,68542,164585,56252,0,2537,814,4227,59604,63831,444124
2023-06-03,2023,6,3,port425,Guangzhou (Nansha),China,CHN,14,3,2,2,7,21,28,63291,35824,23668,619,24635,123404,148040,43809,0,1606,599,2875,46016,48891,444125
2023-06-04,2023,6,4,port425,Guangzhou (Nansha),China,CHN,14,0,2,2,2,18,20,62690,0,2925,1135,0,66751,66751,35036,0,1935,407,3695,37379,41075,444126
2023-06-05,2023,6,5,port425,Guangzhou (Nansha),China,CHN,16,4,1,3,7,24,31,74574,168347,8823,1239,25805,252985,278790,43527,2905,0,814,4636,47247,51884,444127
2023-06-06,2023,6,6,port425,Guangzhou (Nansha),China,CHN,25,2,6,3,5,36,41,95642,72418,4943,3075,29178,176079,205258,96846,981,5249,3086,487,106162,106650,444128
2023-06-07,2023,6,7,port425,Guangzhou (Nansha),China,CHN,19,3,1,2,5,25,30,63326,116872,291,2047,7253,182537,189790,35348,0,0,547,6036,35895,41931,444129
2023-06-08,2023,6,8,port425,Guangzhou (Nansha),China,CHN,21,2,3,0,5,26,31,68963,95352,3153,0,44027,167469,211497,66637,0,2691,0,9774,69328,79103,444130
2023-06-09,2023,6,9,port425,Guangzhou (Nansha),China,CHN,18,3,1,1,2,23,25,75411,139485,6303,511,46834,221713,268547,27302,5811,0,0,0,33114,33114,444131
2023-06-10,2023,6,10,port425,Guangzhou (Nansha),China,CHN,18,2,3,1,7,24,31,59527,0,4394,619,21802,64542,86344,52523,0,0,407,2234,52930,55164,444132
2023-06-11,2023,6,11,port425,Guangzhou (Nansha),China,CHN,20,0,2,1,4,23,27,67490,0,7063,619,13698,75173,88871,82948,0,780,407,10262,84135,94397,444133
2023-06-12,2023,6,12,port425,Guangzhou (Nansha),China,CHN,21,1,6,1,8,29,37,82933,0,13042,619,35231,96595,131827,75273,0,2396,407,5337,78076,83413,444134
2023-06-13,2023,6,13,port425,Guangzhou (Nansha),China,CHN,14,1,2,2,6,19,25,42763,33566,8939,0,20252,85270,105522,37394,2905,780,2604,8002,43684,51687,444135
2023-06-14,2023,6,14,port425,Guangzhou (Nansha),China,CHN,19,2,3,2,4,26,30,81482,54460,40639,2252,122981,178835,301816,54585,0,1560,192,0,56339,56339,444136
2023-06-15,2023,6,15,port425,Guangzhou (Nansha),China,CHN,22,0,1,4,7,27,34,75984,0,2925,2560,7193,81470,88664,41736,0,780,814,14436,43331,57767,444137
2023-06-16,2023,6,16,port425,Guangzhou (Nansha),China,CHN,21,1,1,1,4,24,28,36948,1508,0,619,4873,39077,43950,66837,0,1042,407,8870,68287,77157,444138
2023-06-17,2023,6,17,port425,Guangzhou (Nansha),China,CHN,19,1,0,3,4,23,27,93016,33566,0,1131,23543,127714,151257,71269,2905,0,407,1128,74582,75710,444139
2023-06-18,2023,6,18,port425,Guangzhou (Nansha),China,CHN,14,0,2,0,2,16,18,12530,0,2925,0,7050,15456,22506,47914,0,780,0,564,48694,49258,444140
2023-06-19,2023,6,19,port425,Guangzhou (Nansha),China,CHN,18,1,2,2,4,23,27,29540,0,4125,619,16866,34286,51152,44504,1105,0,407,1445,46017,47462,444141
2023-06-20,2023,6,20,port425,Guangzhou (Nansha),China,CHN,16,2,4,0,6,22,28,31041,69240,5787,0,46759,106068,152828,48725,0,6465,0,14637,55191,69828,444142
2023-06-21,2023,6,21,port425,Guangzhou (Nansha),China,CHN,14,3,5,2,4,24,28,28717,97362,17152,619,4902,143852,148755,28571,0,2387,407,383,31365,31749,444143
2023-06-22,2023,6,22,port425,Guangzhou (Nansha),China,CHN,13,1,2,3,5,19,24,56894,65307,5144,2150,8836,129497,138333,28067,0,2387,954,3582,31408,34991,444144
2023-06-23,2023,6,23,port425,Guangzhou (Nansha),China,CHN,22,1,3,1,10,27,37,77973,63636,2925,619,15634,145155,160790,72064,0,6144,407,2885,78615,81501,444145
2023-06-24,2023,6,24,port425,Guangzhou (Nansha),China,CHN,13,1,3,1,4,18,22,106169,33566,7835,958,29191,148530,177721,43331,2905,780,0,658,47017,47676,444146
2023-06-25,2023,6,25,port425,Guangzhou (Nansha),China,CHN,18,3,0,1,1,22,23,33691,54222,0,619,5284,88533,93818,87635,2905,0,407,9774,90948,100723,444147
2023-06-26,2023,6,26,port425,Guangzhou (Nansha),China,CHN,17,1,2,3,7,23,30,63160,27847,13354,2156,27389,106518,133907,59948,0,0,407,12102,60355,72457,444148
2023-06-27,2023,6,27,port425,Guangzhou (Nansha),China,CHN,23,1,2,2,1,28,29,20420,70861,4616,0,26522,95898,122421,81788,0,5490,3605,0,90883,90883,444149
2023-06-28,2023,6,28,port425,Guangzhou (Nansha),China,CHN,20,1,3,2,6,26,32,113562,33845,10725,1056,31868,159190,191059,47027,0,780,407,1894,48214,50109,444150
2023-06-29,2023,6,29,port425,Guangzhou (Nansha),China,CHN,23,3,1,2,8,29,37,101656,154674,6661,619,57314,263611,320926,39012,0,0,407,5219,39419,44638,444151
2023-06-30,2023,6,30,port425,Guangzhou (Nansha),China,CHN,14,2,4,1,6,21,27,44558,34300,2218,1020,28034,82098,110133,43584,0,12065,0,80,55650,55731,444152
2023-07-01,2023,7,1,port425,Guangzhou (Nansha),China,CHN,14,3,1,3,6,21,27,35513,163243,1979,1239,44966,201976,246943,60657,2905,0,3242,2354,66805,69160,444153
2023-07-02,2023,7,2,port425,Guangzhou (Nansha),China,CHN,19,0,1,2,4,22,26,42672,0,2925,958,11667,46556,58224,67529,0,780,511,10722,68821,79544,444154
2023-07-03,2023,7,3,port425,Guangzhou (Nansha),China,CHN,16,0,1,3,7,20,27,56731,0,2925,1130,15392,60787,76180,53207,0,780,918,2852,54905,57758,444155
2023-07-04,2023,7,4,port425,Guangzhou (Nansha),China,CHN,14,3,2,3,8,22,30,38100,82477,2925,1239,17802,124743,142545,55787,0,1020,814,18339,57623,75963,444156
2023-07-05,2023,7,5,port425,Guangzhou (Nansha),China,CHN,17,3,2,1,4,23,27,36446,160866,1434,0,13966,198747,212713,48439,2905,398,547,120,52291,52411,444157
2023-07-06,2023,7,6,port425,Guangzhou (Nansha),China,CHN,18,2,3,2,4,25,29,93717,33336,5387,619,20416,133060,153477,31870,404,2387,2453,974,37116,38090,444158
2023-07-07,2023,7,7,port425,Guangzhou (Nansha),China,CHN,21,3,3,3,7,30,37,56575,106432,6062,3184,9131,172254,181385,46876,6592,780,1431,2438,55680,58119,444159
2023-07-08,2023,7,8,port425,Guangzhou (Nansha),China,CHN,15,0,1,2,7,18,25,48144,0,0,1239,30848,49383,80232,42233,0,8588,814,8282,51636,59919,444160
2023-07-09,2023,7,9,port425,Guangzhou (Nansha),China,CHN,16,1,2,1,1,20,21,40517,18685,2925,619,4908,62749,67657,50848,0,1938,407,0,53194,53194,444161
2023-07-10,2023,7,10,port425,Guangzhou (Nansha),China,CHN,21,1,2,2,5,26,31,55587,73078,9050,1239,4652,138955,143607,40941,0,0,814,487,41756,42243,444162
2023-07-11,2023,7,11,port425,Guangzhou (Nansha),China,CHN,17,0,6,3,5,26,31,49865,0,15483,2303,17836,67653,85489,51756,0,1560,2594,564,55911,56476,444163
2023-07-12,2023,7,12,port425,Guangzhou (Nansha),China,CHN,18,1,1,2,5,22,27,48645,0,2218,619,9731,51484,61216,76206,711,1606,1431,651,79956,80608,444164
2023-07-13,2023,7,13,port425,Guangzhou (Nansha),China,CHN,21,1,3,3,9,28,37,80511,33566,11971,0,21723,126050,147773,53396,2905,1560,3120,3636,60984,64620,444165
2023-07-14,2023,7,14,port425,Guangzhou (Nansha),China,CHN,17,2,1,1,2,21,23,55592,100376,2218,0,1146,158187,159333,63795,0,1606,0,3587,65402,68989,444166
2023-07-15,2023,7,15,port425,Guangzhou (Nansha),China,CHN,20,1,4,1,9,26,35,80707,20115,277,0,39203,101101,140305,31251,0,1382,1024,10711,33657,44369,444167
2023-07-16,2023,7,16,port425,Guangzhou (Nansha),China,CHN,3,1,0,0,0,4,4,10161,33566,0,0,0,43728,43728,3865,2905,0,0,0,6771,6771,444168
2023-07-17,2023,7,17,port425,Guangzhou (Nansha),China,CHN,3,0,0,0,2,3,5,3642,0,0,0,9062,3642,12704,13841,0,0,0,10262,13841,24103,444169
2023-07-18,2023,7,18,port425,Guangzhou (Nansha),China,CHN,25,1,1,2,8,29,37,96712,15933,2218,619,57182,115483,172665,58237,0,1606,627,3406,60471,63878,444170
2023-07-19,2023,7,19,port425,Guangzhou (Nansha),China,CHN,22,1,2,4,8,29,37,185859,0,7650,619,90767,194130,284897,32577,0,780,407,1435,33764,35200,444171
2023-07-20,2023,7,20,port425,Guangzhou (Nansha),China,CHN,17,0,2,2,7,21,28,79884,0,121,1239,39197,81245,120443,56661,0,2213,814,4922,59689,64612,444172
2023-07-21,2023,7,21,port425,Guangzhou (Nansha),China,CHN,21,0,2,1,5,24,29,45513,0,2925,619,50317,49059,99376,49884,0,780,407,11405,51071,62477,444173
2023-07-22,2023,7,22,port425,Guangzhou (Nansha),China,CHN,17,2,0,1,9,20,29,32474,99984,0,619,49547,133078,182625,58615,2905,0,407,2485,61929,64414,444174
2023-07-23,2023,7,23,port425,Guangzhou (Nansha),China,CHN,20,1,1,2,2,24,26,89902,52607,0,1940,5373,144450,149823,71432,0,0,407,0,71839,71839,444175
2023-07-24,2023,7,24,port425,Guangzhou (Nansha),China,CHN,18,1,3,0,3,22,25,61135,33566,8566,0,45660,103268,148929,50156,2905,2387,0,564,55449,56014,444176
2023-07-25,2023,7,25,port425,Guangzhou (Nansha),China,CHN,18,1,4,2,6,25,31,15232,805,12398,1709,8369,30145,38515,72601,0,1070,407,1617,74078,75696,444177
2023-07-26,2023,7,26,port425,Guangzhou (Nansha),China,CHN,23,3,4,0,9,30,39,152254,79296,11460,0,19536,243012,262548,44566,5811,2484,0,8100,52862,60963,444178
2023-07-27,2023,7,27,port425,Guangzhou (Nansha),China,CHN,13,2,1,2,1,18,19,21447,105146,2925,2637,704,132156,132861,69062,2905,780,0,0,72748,72748,444179
2023-07-28,2023,7,28,port425,Guangzhou (Nansha),China,CHN,7,0,2,3,8,12,20,33260,0,5383,4050,30779,42694,73473,14028,0,120,407,870,14556,15427,444180
2023-07-29,2023,7,29,port425,Guangzhou (Nansha),China,CHN,12,1,3,0,2,16,18,49834,33566,2925,0,6732,86326,93059,40247,2905,2297,0,564,45451,46015,444181
2023-07-30,2023,7,30,port425,Guangzhou (Nansha),China,CHN,17,0,2,2,3,21,24,41680,0,5947,2667,4171,50295,54466,58614,0,780,407,0,59802,59802,444182
2023-07-31,2023,7,31,port425,Guangzhou (Nansha),China,CHN,24,1,0,2,8,27,35,71165,67600,0,619,50926,139386,190313,67521,0,0,2741,5306,70263,75569,444183
2023-08-01,2023,8,1,port425,Guangzhou (Nansha),China,CHN,20,0,2,3,8,25,33,55325,0,4290,1643,20919,61259,82178,80248,0,780,407,4709,81436,86145,444184
2023-08-02,2023,8,2,port425,Guangzhou (Nansha),China,CHN,19,1,2,5,4,27,31,68962,73575,368,1132,5549,144040,149589,18839,0,189,1227,3587,20256,23843,444185
2023-08-03,2023,8,3,port425,Guangzhou (Nansha),China,CHN,20,0,6,4,3,30,33,105410,0,21664,2817,20287,129893,150180,46877,0,1560,1221,1233,49659,50893,444186
2023-08-04,2023,8,4,port425,Guangzhou (Nansha),China,CHN,13,1,4,1,2,19,21,51095,50206,5264,619,16999,107187,124186,36778,0,2782,407,262,39967,40230,444187
2023-08-05,2023,8,5,port425,Guangzhou (Nansha),China,CHN,13,1,1,0,3,15,18,34066,69621,0,0,21782,103688,125470,37816,0,338,0,0,38155,38155,444188
2023-08-06,2023,8,6,port425,Guangzhou (Nansha),China,CHN,12,0,1,1,0,14,14,8260,0,0,6385,0,14646,14646,44308,0,1777,0,0,46086,46086,444189
2023-08-07,2023,8,7,port425,Guangzhou (Nansha),China,CHN,13,2,3,2,3,20,23,66598,44794,16368,958,8091,128720,136811,90260,2905,0,2523,11077,95689,106767,444190
2023-08-08,2023,8,8,port425,Guangzhou (Nansha),China,CHN,19,0,2,4,2,25,27,62292,0,5851,619,4146,68764,72910,26786,0,1560,2649,0,30996,30996,444191
2023-08-09,2023,8,9,port425,Guangzhou (Nansha),China,CHN,21,1,3,2,3,27,30,38930,0,4548,1239,24260,44718,68979,66284,0,0,814,0,67098,67098,444192
2023-08-10,2023,8,10,port425,Guangzhou (Nansha),China,CHN,15,2,3,2,8,22,30,61054,40703,3106,2254,18622,107119,125742,43978,0,2002,407,12139,46387,58527,444193
2023-08-11,2023,8,11,port425,Guangzhou (Nansha),China,CHN,15,0,3,2,5,20,25,44615,0,9562,3257,13841,57435,71276,29424,0,1560,0,1446,30984,32431,444194
2023-08-12,2023,8,12,port425,Guangzhou (Nansha),China,CHN,22,0,3,0,5,25,30,84365,0,8622,0,14927,92988,107915,50387,0,825,0,2708,51212,53921,444195
2023-08-13,2023,8,13,port425,Guangzhou (Nansha),China,CHN,16,1,3,1,2,21,23,30290,27224,14047,0,10024,71563,81587,73584,0,780,0,487,74364,74851,444196
2023-08-14,2023,8,14,port425,Guangzhou (Nansha),China,CHN,16,1,1,2,9,20,29,39406,0,2925,2053,19287,44385,63673,51784,0,780,0,10957,52564,63522,444197
2023-08-15,2023,8,15,port425,Guangzhou (Nansha),China,CHN,17,2,1,2,5,22,27,37709,30870,0,619,7788,69199,76987,51063,0,889,836,383,52789,53173,444198
2023-08-16,2023,8,16,port425,Guangzhou (Nansha),China,CHN,20,2,4,1,5,27,32,37653,69547,7892,0,8618,115093,123712,49312,0,1498,2504,7303,53314,60617,444199
2023-08-17,2023,8,17,port425,Guangzhou (Nansha),China,CHN,14,1,4,0,5,19,24,60375,33566,14456,0,17348,108398,125747,36467,2905,1560,0,2891,40934,43826,444200
2023-08-18,2023,8,18,port425,Guangzhou (Nansha),China,CHN,13,1,1,0,2,15,17,88452,7836,2218,0,9565,98506,108071,34321,0,1606,0,1051,35928,36980,444201
2023-08-19,2023,8,19,port425,Guangzhou (Nansha),China,CHN,9,2,1,0,3,12,15,32970,103452,2925,0,11331,139349,150680,18988,0,780,0,1462,19768,21230,444202
2023-08-20,2023,8,20,port425,Guangzhou (Nansha),China,CHN,12,1,1,2,1,16,17,39845,73713,2925,1239,2286,117724,120010,52792,0,780,814,0,54386,54386,444203
2023-08-21,2023,8,21,port425,Guangzhou (Nansha),China,CHN,17,4,3,3,4,27,31,56545,99821,6788,2615,10041,165771,175812,46461,0,1576,2930,9774,50969,60743,444204
2023-08-22,2023,8,22,port425,Guangzhou (Nansha),China,CHN,15,4,1,1,4,21,25,23361,126527,198,0,45517,150087,195605,60328,0,0,439,383,60767,61151,444205
2023-08-23,2023,8,23,port425,Guangzhou (Nansha),China,CHN,22,1,1,1,7,25,32,112059,23823,2218,619,44138,138721,182859,37657,0,1606,407,6115,39671,45786,444206
2023-08-24,2023,8,24,port425,Guangzhou (Nansha),China,CHN,21,1,3,1,1,26,27,41313,33566,6419,619,2806,81919,84726,55977,2905,0,407,1182,59290,60472,444207
2023-08-25,2023,8,25,port425,Guangzhou (Nansha),China,CHN,22,4,2,3,5,31,36,34952,190675,13147,3969,35787,242744,278531,75372,2905,780,0,80,79058,79139,444208
2023-08-26,2023,8,26,port425,Guangzhou (Nansha),China,CHN,13,3,2,1,5,19,24,54325,130995,3402,0,25465,188723,214188,27551,0,1606,0,8075,29158,37233,444209
2023-08-27,2023,8,27,port425,Guangzhou (Nansha),China,CHN,15,1,2,0,2,18,20,42732,56670,5851,0,8594,105254,113849,32950,0,1560,0,1746,34511,36258,444210
2023-08-28,2023,8,28,port425,Guangzhou (Nansha),China,CHN,15,0,3,2,11,20,31,24472,0,17137,2303,46121,43914,90035,53633,0,0,407,9093,54041,63134,444211
2023-08-29,2023,8,29,port425,Guangzhou (Nansha),China,CHN,18,0,3,2,6,23,29,39094,0,5202,1129,58989,45427,104417,56297,0,2843,407,1746,59548,61295,444212
2023-08-30,2023,8,30,port425,Guangzhou (Nansha),China,CHN,18,2,2,2,6,24,30,72067,29256,5144,0,103837,106468,210305,74131,0,2387,1808,564,78327,78891,444213
2023-08-31,2023,8,31,port425,Guangzhou (Nansha),China,CHN,1,0,0,0,2,1,3,0,0,0,0,5788,0,5788,1138,0,0,0,564,1138,1703,444214
2023-09-01,2023,9,1,port425,Guangzhou (Nansha),China,CHN,1,0,0,0,0,1,1,3642,0,0,0,0,3642,3642,3352,0,0,0,0,3352,3352,444215
2023-09-02,2023,9,2,port425,Guangzhou (Nansha),China,CHN,17,0,1,1,2,19,21,145285,0,2218,619,6985,148123,155109,38619,0,1606,407,1182,40633,41815,444216
2023-09-03,2023,9,3,port425,Guangzhou (Nansha),China,CHN,11,4,4,0,4,19,23,38257,156191,10695,0,10651,205143,215795,51583,0,1560,0,1746,53143,54890,444217
2023-09-04,2023,9,4,port425,Guangzhou (Nansha),China,CHN,23,3,6,3,8,35,43,53932,47999,23113,1859,95661,126905,222566,73922,3135,3264,1221,10343,81543,91886,444218
2023-09-05,2023,9,5,port425,Guangzhou (Nansha),China,CHN,23,5,1,1,7,30,37,29516,162322,241,0,26227,192080,218307,63559,2905,0,0,3312,66465,69778,444219
2023-09-06,2023,9,6,port425,Guangzhou (Nansha),China,CHN,25,0,0,1,4,26,30,99563,0,0,603,4570,100167,104737,79116,0,0,0,1409,79116,80526,444220
2023-09-07,2023,9,7,port425,Guangzhou (Nansha),China,CHN,23,0,1,2,6,26,32,125310,0,7448,1940,23925,134700,158626,45250,0,0,407,1054,45657,46712,444221
2023-09-08,2023,9,8,port425,Guangzhou (Nansha),China,CHN,21,1,5,0,6,27,33,26060,12720,15419,0,33024,54200,87224,53508,0,3024,0,7664,56532,64196,444222
2023-09-09,2023,9,9,port425,Guangzhou (Nansha),China,CHN,16,0,4,2,7,22,29,77461,0,5857,6523,13808,89842,103650,60940,0,1207,407,1909,62555,64465,444223
2023-09-10,2023,9,10,port425,Guangzhou (Nansha),China,CHN,14,1,3,1,0,19,19,50268,14782,5936,619,0,71606,71606,43154,0,2387,407,0,45949,45949,444224
2023-09-11,2023,9,11,port425,Guangzhou (Nansha),China,CHN,17,0,3,3,7,23,30,28032,0,7830,1645,50359,37508,87868,34690,0,1560,407,8175,36658,44833,444225
2023-09-12,2023,9,12,port425,Guangzhou (Nansha),China,CHN,16,4,4,3,6,27,33,69810,183815,24998,1940,19397,280564,299962,43359,0,1560,4443,2393,49363,51756,444226
2023-09-13,2023,9,13,port425,Guangzhou (Nansha),China,CHN,13,0,5,0,4,18,22,32004,0,8070,0,12469,40074,52544,46007,0,3930,0,1639,49937,51577,444227
2023-09-14,2023,9,14,port425,Guangzhou (Nansha),China,CHN,17,0,3,1,2,21,23,50895,0,10313,0,3777,61209,64986,58582,0,780,0,1902,59363,61265,444228
2023-09-15,2023,9,15,port425,Guangzhou (Nansha),China,CHN,15,1,1,1,10,18,28,47338,55220,2218,619,30144,105396,135541,26016,0,1606,407,1604,28030,29635,444229
2023-09-16,2023,9,16,port425,Guangzhou (Nansha),China,CHN,21,2,8,2,3,33,36,27283,146068,27790,619,8353,201762,210115,80051,0,2364,3019,564,85436,86000,444230
2023-09-17,2023,9,17,port425,Guangzhou (Nansha),China,CHN,14,0,0,1,0,15,15,28179,0,0,1024,0,29203,29203,27515,0,0,0,0,27515,27515,444231
2023-09-18,2023,9,18,port425,Guangzhou (Nansha),China,CHN,25,2,1,1,3,29,32,110970,79469,0,958,11658,191398,203057,78642,0,152,0,487,78795,79282,444232
2023-09-19,2023,9,19,port425,Guangzhou (Nansha),China,CHN,20,3,2,0,8,25,33,19456,66690,7282,0,57725,93428,151154,64345,0,1606,0,1790,65952,67742,444233
2023-09-20,2023,9,20,port425,Guangzhou (Nansha),China,CHN,19,1,6,2,10,28,38,141392,49942,15768,1940,31475,209043,240518,54675,0,4583,407,3317,59666,62983,444234
2023-09-21,2023,9,21,port425,Guangzhou (Nansha),China,CHN,13,2,3,0,7,18,25,39820,106277,5992,0,39740,152090,191831,19592,2905,0,0,6322,22498,28820,444235
2023-09-22,2023,9,22,port425,Guangzhou (Nansha),China,CHN,22,4,2,2,5,30,35,63702,94674,2218,1538,9560,162134,171695,70156,81329,4103,0,343,155589,155933,444236
2023-09-23,2023,9,23,port425,Guangzhou (Nansha),China,CHN,13,0,3,1,2,17,19,49162,0,2006,0,15221,51169,66390,64934,0,0,548,0,65483,65483,444237
2023-09-24,2023,9,24,port425,Guangzhou (Nansha),China,CHN,16,0,2,0,8,18,26,66320,0,2925,0,33010,69246,102257,42555,0,4117,0,10957,46672,57629,444238
2023-09-25,2023,9,25,port425,Guangzhou (Nansha),China,CHN,17,3,2,3,8,25,33,46595,90299,5851,4692,98556,147438,245995,80233,2905,1560,407,2776,85106,87882,444239
2023-09-26,2023,9,26,port425,Guangzhou (Nansha),China,CHN,16,1,4,1,3,22,25,38300,9759,10043,958,6894,59061,65956,53022,0,3530,0,4063,56553,60616,444240
2023-09-27,2023,9,27,port425,Guangzhou (Nansha),China,CHN,10,2,2,2,6,16,22,23374,83403,2218,4513,33218,113509,146728,31612,0,1970,407,4406,33989,38395,444241
2023-09-28,2023,9,28,port425,Guangzhou (Nansha),China,CHN,18,4,1,3,3,26,29,44774,134754,1853,619,10625,182003,192629,54795,2905,0,681,0,58381,58381,444242
2023-09-29,2023,9,29,port425,Guangzhou (Nansha),China,CHN,20,0,1,2,4,23,27,22888,0,3022,1239,36548,27150,63698,75315,0,0,814,1182,76130,77312,444243
2023-09-30,2023,9,30,port425,Guangzhou (Nansha),China,CHN,17,4,4,4,8,29,37,36782,74589,5756,3999,27837,121127,148964,54385,47747,1649,2286,4080,106067,110148,444244
2023-10-01,2023,10,1,port425,Guangzhou (Nansha),China,CHN,17,1,0,1,1,19,20,29282,23677,0,0,3996,52960,56956,67637,0,0,0,0,67637,67637,444245
2023-10-02,2023,10,2,port425,Guangzhou (Nansha),China,CHN,21,1,4,2,5,28,33,82671,43281,5154,619,82529,131726,214255,45809,0,10982,3943,0,60736,60736,444246
2023-10-03,2023,10,3,port425,Guangzhou (Nansha),China,CHN,18,1,3,2,8,24,32,49681,537,7936,0,39388,58154,97543,58989,0,780,513,383,60283,60666,444247
2023-10-04,2023,10,4,port425,Guangzhou (Nansha),China,CHN,19,1,5,2,4,27,31,78503,63955,7696,0,45499,150155,195655,47758,0,13224,0,0,60983,60983,444248
2023-10-05,2023,10,5,port425,Guangzhou (Nansha),China,CHN,12,1,1,2,6,16,22,26059,34544,0,619,42740,61224,103965,24981,0,4320,4227,35556,33529,69086,444249
2023-10-06,2023,10,6,port425,Guangzhou (Nansha),China,CHN,6,1,2,0,0,9,9,21479,37849,2925,0,0,62254,62254,10980,0,5325,0,0,16305,16305,444250
2023-10-07,2023,10,7,port425,Guangzhou (Nansha),China,CHN,1,0,0,0,1,1,2,0,0,0,0,5788,0,5788,0,0,0,0,564,0,564,444251
2023-10-08,2023,10,8,port425,Guangzhou (Nansha),China,CHN,0,0,0,0,3,0,3,0,0,0,0,45436,0,45436,0,0,0,0,564,0,564,444252
2023-10-09,2023,10,9,port425,Guangzhou (Nansha),China,CHN,23,3,5,3,13,34,47,58405,194339,15017,1130,47960,268892,316852,62624,0,5615,407,2130,68646,70777,444253
2023-10-10,2023,10,10,port425,Guangzhou (Nansha),China,CHN,24,3,2,3,8,32,40,112623,127686,5851,2331,38188,248492,286680,73068,0,1560,3106,11298,77735,89033,444254
2023-10-11,2023,10,11,port425,Guangzhou (Nansha),China,CHN,22,1,6,2,6,31,37,90931,0,10756,0,28770,101688,130459,78721,1721,3632,3200,1051,87276,88327,444255
2023-10-12,2023,10,12,port425,Guangzhou (Nansha),China,CHN,12,2,6,1,10,21,31,54348,89986,10431,619,19171,155386,174558,27312,0,3167,407,1051,30887,31939,444256
2023-10-13,2023,10,13,port425,Guangzhou (Nansha),China,CHN,14,3,2,1,4,20,24,46257,105922,5947,619,5631,158747,164379,30709,2905,780,407,1680,34803,36483,444257
2023-10-14,2023,10,14,port425,Guangzhou (Nansha),China,CHN,15,4,2,3,3,24,27,70583,178674,5851,0,9402,255109,264511,50660,2905,1560,1570,0,56697,56697,444258
2023-10-15,2023,10,15,port425,Guangzhou (Nansha),China,CHN,13,3,0,1,5,17,22,46772,135184,0,514,15319,182471,197791,21858,0,0,0,2365,21858,24223,444259
2023-10-16,2023,10,16,port425,Guangzhou (Nansha),China,CHN,22,5,0,3,7,30,37,100140,87529,0,1535,41590,189205,230795,94859,2905,0,0,6208,97765,103973,444260
2023-10-17,2023,10,17,port425,Guangzhou (Nansha),China,CHN,13,1,5,2,4,21,25,42220,56659,11082,619,15578,110582,126161,48051,0,11110,407,10339,59568,69907,444261
2023-10-18,2023,10,18,port425,Guangzhou (Nansha),China,CHN,17,1,3,3,4,24,28,40686,62638,5090,2618,11029,111034,122064,64149,0,780,814,487,65744,66231,444262
2023-10-19,2023,10,19,port425,Guangzhou (Nansha),China,CHN,14,3,6,3,7,26,33,49394,108347,23130,1132,12338,182004,194343,44532,0,4347,1227,5635,50107,55742,444263
2023-10-20,2023,10,20,port425,Guangzhou (Nansha),China,CHN,17,1,4,1,5,23,28,32593,3872,16058,1017,16170,53542,69713,52318,0,1849,0,1539,54167,55706,444264
2023-10-21,2023,10,21,port425,Guangzhou (Nansha),China,CHN,18,1,0,5,7,24,31,85951,35077,0,5739,10223,126767,136991,50095,0,0,1221,1453,51317,52770,444265
2023-10-22,2023,10,22,port425,Guangzhou (Nansha),China,CHN,21,1,1,0,0,23,23,107397,68750,2368,0,0,178516,178516,56300,0,0,0,0,56300,56300,444266
2023-10-23,2023,10,23,port425,Guangzhou (Nansha),China,CHN,16,2,3,1,6,22,28,78057,77007,6760,0,33381,161825,195206,38398,3687,1606,0,3084,43692,46777,444267
2023-10-24,2023,10,24,port425,Guangzhou (Nansha),China,CHN,17,0,3,3,3,23,26,81451,0,11784,1859,11317,95095,106413,44726,0,254,1221,564,46202,46767,444268
2023-10-25,2023,10,25,port425,Guangzhou (Nansha),China,CHN,18,1,3,2,8,24,32,62198,33566,7003,4716,94813,107485,202299,86858,2905,2750,407,974,92921,93896,444269
2023-10-26,2023,10,26,port425,Guangzhou (Nansha),China,CHN,14,3,3,2,6,22,28,52016,147678,5914,619,8743,206229,214972,26178,0,780,599,3054,27558,30613,444270
2023-10-27,2023,10,27,port425,Guangzhou (Nansha),China,CHN,21,4,1,0,4,26,30,111501,147731,0,0,10567,259233,269800,89111,5811,121,0,1182,95044,96226,444271
2023-10-28,2023,10,28,port425,Guangzhou (Nansha),China,CHN,21,2,0,3,3,26,29,45292,9905,0,2047,49935,57245,107181,60721,0,0,2968,564,63689,64254,444272
2023-10-29,2023,10,29,port425,Guangzhou (Nansha),China,CHN,15,0,2,1,3,18,21,24969,0,1905,0,5284,26875,32160,65690,0,1048,917,13662,67656,81319,444273
2023-10-30,2023,10,30,port425,Guangzhou (Nansha),China,CHN,20,2,5,2,9,29,38,71246,60830,15226,619,32757,147923,180680,123151,2905,1560,407,2244,128025,130269,444274
2023-10-31,2023,10,31,port425,Guangzhou (Nansha),China,CHN,15,1,3,4,5,23,28,46851,66057,5558,2536,27643,121005,148649,30706,0,7075,407,0,38189,38189,444275
2023-11-01,2023,11,1,port425,Guangzhou (Nansha),China,CHN,19,2,5,2,6,28,34,63905,15386,2613,1578,58558,83483,142042,52296,0,4563,407,7371,57266,64637,444276
2023-11-02,2023,11,2,port425,Guangzhou (Nansha),China,CHN,17,1,4,2,5,24,29,84920,33566,8377,0,13374,126864,140238,79068,2905,190,5521,3695,87686,91382,444277
2023-11-03,2023,11,3,port425,Guangzhou (Nansha),China,CHN,18,3,6,0,5,27,32,40655,74950,7778,0,31256,123384,154640,52298,2905,4017,0,0,59221,59221,444278
2023-11-04,2023,11,4,port425,Guangzhou (Nansha),China,CHN,16,3,3,3,5,25,30,31711,63134,9375,1472,16519,105693,122213,57297,8870,780,1970,2013,68918,70932,444279
2023-11-05,2023,11,5,port425,Guangzhou (Nansha),China,CHN,21,1,2,0,2,24,26,83646,47175,10488,0,3024,141311,144335,54983,0,0,0,0,54983,54983,444280
2023-11-06,2023,11,6,port425,Guangzhou (Nansha),China,CHN,16,2,3,2,2,23,25,45183,103040,4081,2429,7042,154735,161778,58697,2905,819,0,1182,62422,63605,444281
2023-11-07,2023,11,7,port425,Guangzhou (Nansha),China,CHN,17,2,3,1,4,23,27,96202,21965,6028,619,21912,124816,146728,54489,1585,2387,407,0,58870,58870,444282
2023-11-08,2023,11,8,port425,Guangzhou (Nansha),China,CHN,22,0,4,3,5,29,34,88854,0,10410,1239,25915,100504,126420,76873,0,780,814,2157,78468,80625,444283
2023-11-09,2023,11,9,port425,Guangzhou (Nansha),China,CHN,22,2,4,2,12,30,42,38617,0,9428,619,33904,48666,82571,102403,48178,7153,1227,3061,158961,162023,444284
2023-11-10,2023,11,10,port425,Guangzhou (Nansha),China,CHN,19,2,2,1,7,24,31,86189,96598,5702,3460,40640,191950,232591,60839,0,4710,0,12579,65550,78129,444285
2023-11-11,2023,11,11,port425,Guangzhou (Nansha),China,CHN,11,1,2,4,6,18,24,22059,9017,5978,619,53760,37675,91436,35496,1585,780,5375,0,43238,43238,444286
2023-11-12,2023,11,12,port425,Guangzhou (Nansha),China,CHN,22,0,0,1,3,23,26,57260,0,0,958,12477,58219,70696,106765,0,0,0,1051,106765,107817,444287
2023-11-13,2023,11,13,port425,Guangzhou (Nansha),China,CHN,20,3,2,1,10,26,36,52227,127889,3758,619,23164,184495,207659,64943,0,0,407,10843,65350,76193,444288
2023-11-14,2023,11,14,port425,Guangzhou (Nansha),China,CHN,19,1,3,3,4,26,30,120509,9348,5851,1239,22082,136949,159031,60539,0,2519,814,0,63873,63873,444289
2023-11-15,2023,11,15,port425,Guangzhou (Nansha),China,CHN,17,1,2,2,4,22,26,29746,55016,4198,619,8513,89580,98094,104131,0,1606,407,1445,106145,107590,444290
2023-11-16,2023,11,16,port425,Guangzhou (Nansha),China,CHN,19,1,4,2,5,26,31,94087,42968,9754,2667,12313,149478,161791,34226,0,3678,407,2157,38311,40468,444291
2023-11-17,2023,11,17,port425,Guangzhou (Nansha),China,CHN,16,2,1,1,6,20,26,57383,63492,3576,1027,17825,125479,143305,62506,0,0,0,10339,62506,72845,444292
2023-11-18,2023,11,18,port425,Guangzhou (Nansha),China,CHN,14,2,3,2,4,21,25,33330,9017,4698,1239,18324,48286,66610,33180,1585,2475,814,487,38055,38542,444293
2023-11-19,2023,11,19,port425,Guangzhou (Nansha),China,CHN,15,0,5,1,3,21,24,35634,0,10768,619,13923,47022,60946,73529,0,3549,407,487,77486,77974,444294
2023-11-20,2023,11,20,port425,Guangzhou (Nansha),China,CHN,17,1,5,3,4,26,30,33634,49942,6925,3360,32488,93862,126350,45230,0,4396,814,0,50441,50441,444295
2023-11-21,2023,11,21,port425,Guangzhou (Nansha),China,CHN,16,1,5,3,3,25,28,73044,4031,7354,893,3890,85322,89213,34744,0,901,1163,4325,36809,41134,444296
2023-11-22,2023,11,22,port425,Guangzhou (Nansha),China,CHN,17,1,2,3,3,23,26,49963,26032,9584,3598,662,89178,89841,63891,0,780,407,0,65079,65079,444297
2023-11-23,2023,11,23,port425,Guangzhou (Nansha),China,CHN,18,2,3,2,8,25,33,34736,90651,2925,4687,25390,133000,158390,58210,0,4581,407,1555,63198,64754,444298
2023-11-24,2023,11,24,port425,Guangzhou (Nansha),China,CHN,19,1,6,4,6,30,36,49716,9017,24856,1239,32715,84830,117545,64681,1585,2387,1088,4171,69742,73914,444299
2023-11-25,2023,11,25,port425,Guangzhou (Nansha),China,CHN,22,3,1,3,4,29,33,44237,102469,2179,1578,6898,150464,157363,88360,2905,0,407,7039,91673,98712,444300
2023-11-26,2023,11,26,port425,Guangzhou (Nansha),China,CHN,18,1,2,2,2,23,25,87755,67625,5851,619,1039,161851,162891,62243,0,1560,407,38378,64211,102589,444301
2023-11-27,2023,11,27,port425,Guangzhou (Nansha),China,CHN,18,2,1,1,6,22,28,87446,67598,0,0,91003,155044,246048,52278,1450,2897,0,1462,56626,58088,444302
2023-11-28,2023,11,28,port425,Guangzhou (Nansha),China,CHN,14,2,5,2,10,23,33,33941,64607,21244,619,57478,120412,177890,52423,0,2584,3458,1182,58466,59649,444303
2023-11-29,2023,11,29,port425,Guangzhou (Nansha),China,CHN,25,2,4,3,4,34,38,107855,46153,8599,2560,19846,165169,185015,47102,2905,1175,814,1566,51998,53564,444304
2023-11-30,2023,11,30,port425,Guangzhou (Nansha),China,CHN,22,0,2,2,3,26,29,73439,0,0,619,17148,74059,91207,67536,0,6171,407,0,74114,74114,444305
2023-12-01,2023,12,1,port425,Guangzhou (Nansha),China,CHN,17,1,0,0,2,18,20,49374,55016,0,0,6656,104391,111047,86485,0,0,0,0,86485,86485,444306
2023-12-02,2023,12,2,port425,Guangzhou (Nansha),China,CHN,8,1,1,1,4,11,15,10926,57342,2218,0,9815,70487,80302,36052,0,1606,214,3874,37873,41748,444307
2023-12-03,2023,12,3,port425,Guangzhou (Nansha),China,CHN,18,1,1,1,4,21,25,29308,26676,394,1320,14166,57701,71867,37818,0,0,0,2365,37818,40183,444308
2023-12-04,2023,12,4,port425,Guangzhou (Nansha),China,CHN,19,0,5,2,5,26,31,91050,0,15555,619,12574,107225,119799,83199,0,5020,451,1182,88671,89853,444309
2023-12-05,2023,12,5,port425,Guangzhou (Nansha),China,CHN,24,2,6,2,4,34,38,77990,60495,8392,619,20396,147497,167894,71601,0,4676,682,1566,76960,78526,444310
2023-12-06,2023,12,6,port425,Guangzhou (Nansha),China,CHN,20,0,2,1,4,23,27,40131,0,8557,619,21563,49308,70872,66620,0,1606,407,0,68634,68634,444311
2023-12-07,2023,12,7,port425,Guangzhou (Nansha),China,CHN,14,2,1,2,4,19,23,44371,87938,0,1828,59890,134138,194029,32052,2905,789,407,4674,36155,40830,444312
2023-12-08,2023,12,8,port425,Guangzhou (Nansha),China,CHN,19,3,3,3,6,28,34,88775,106985,4909,5301,18149,205972,224121,30470,0,7209,814,1057,38494,39551,444313
2023-12-09,2023,12,9,port425,Guangzhou (Nansha),China,CHN,20,1,2,3,5,26,31,96426,3652,4905,619,52316,105604,157921,74596,0,780,407,0,75784,75784,444314
2023-12-10,2023,12,10,port425,Guangzhou (Nansha),China,CHN,18,4,1,1,3,24,27,36101,208188,2597,0,1269,246887,248156,78084,1585,0,0,383,79670,80054,444315
2023-12-11,2023,12,11,port425,Guangzhou (Nansha),China,CHN,24,0,2,1,7,27,34,100643,0,1116,619,29809,102379,132189,88589,0,3541,407,66326,92537,158864,444316
2023-12-12,2023,12,12,port425,Guangzhou (Nansha),China,CHN,14,4,4,3,8,25,33,47284,174471,5617,1182,89943,228556,318500,24215,2905,3509,1612,1764,32242,34007,444317
2023-12-13,2023,12,13,port425,Guangzhou (Nansha),China,CHN,18,2,3,3,5,26,31,50414,28098,6303,2163,5598,86980,92579,64053,0,1964,952,3695,66971,70667,444318
2023-12-14,2023,12,14,port425,Guangzhou (Nansha),China,CHN,15,1,5,1,5,22,27,17984,28288,7724,619,12786,54617,67404,58919,0,780,407,1182,60107,61289,444319
2023-12-15,2023,12,15,port425,Guangzhou (Nansha),China,CHN,17,4,2,2,6,25,31,84342,122102,5126,5319,24160,216891,241051,64082,2905,0,0,2673,66988,69662,444320
2023-12-16,2023,12,16,port425,Guangzhou (Nansha),China,CHN,17,1,3,4,4,25,29,15074,33566,9005,1239,9399,58886,68285,106730,2905,1560,814,5505,112010,117516,444321
2023-12-17,2023,12,17,port425,Guangzhou (Nansha),China,CHN,15,1,1,0,1,17,18,17859,9017,7806,0,5788,34684,40472,83646,1585,0,0,564,85231,85796,444322
2023-12-18,2023,12,18,port425,Guangzhou (Nansha),China,CHN,7,2,1,3,3,13,16,16977,99855,2925,2888,22431,122647,145078,16106,0,780,407,383,17294,17677,444323
2023-12-19,2023,12,19,port425,Guangzhou (Nansha),China,CHN,12,0,2,1,2,15,17,83843,0,2701,0,7705,86545,94250,15821,0,1606,2981,0,20409,20409,444324
2023-12-20,2023,12,20,port425,Guangzhou (Nansha),China,CHN,16,0,2,1,5,19,24,48486,0,4905,619,11314,54011,65325,34708,0,780,407,564,35895,36460,444325
2023-12-21,2023,12,21,port425,Guangzhou (Nansha),China,CHN,17,3,4,3,2,27,29,41133,67133,9119,619,7075,118006,125081,44336,39569,1560,681,0,86148,86148,444326
2023-12-22,2023,12,22,port425,Guangzhou (Nansha),China,CHN,16,0,1,0,5,17,22,60528,0,0,0,12686,60528,73214,43272,0,394,0,1669,43666,45336,444327
2023-12-23,2023,12,23,port425,Guangzhou (Nansha),China,CHN,9,1,2,2,4,14,18,69631,33566,5617,619,8063,109435,117499,37279,2905,780,1917,566,42883,43449,444328
2023-12-24,2023,12,24,port425,Guangzhou (Nansha),China,CHN,18,1,3,3,2,25,27,60640,33566,14234,619,6576,109062,115638,30496,2905,780,970,564,35153,35718,444329
2023-12-25,2023,12,25,port425,Guangzhou (Nansha),China,CHN,18,1,3,3,5,25,30,51108,5542,3700,0,12126,60351,72478,63145,0,780,3470,1500,67395,68896,444330
2023-12-26,2023,12,26,port425,Guangzhou (Nansha),China,CHN,15,1,3,1,4,20,24,57160,58940,5851,0,9663,121952,131616,63304,0,2283,273,9774,65862,75637,444331
2023-12-27,2023,12,27,port425,Guangzhou (Nansha),China,CHN,24,1,4,2,10,31,41,51898,33566,29822,1239,45973,116528,162501,91688,2905,2802,814,11348,98211,109559,444332
2023-12-28,2023,12,28,port425,Guangzhou (Nansha),China,CHN,24,2,5,2,4,33,37,17041,95999,10766,4404,11150,128212,139363,93322,0,2655,0,1182,95977,97160,444333
2023-12-29,2023,12,29,port425,Guangzhou (Nansha),China,CHN,19,0,1,2,6,22,28,66245,0,2925,619,5470,69791,75261,78983,0,780,407,3552,80171,83723,444334
2023-12-30,2023,12,30,port425,Guangzhou (Nansha),China,CHN,18,2,2,1,11,23,34,24315,50617,1979,0,40107,76913,117021,74262,2905,5137,1543,6342,83849,90192,444335
2023-12-31,2023,12,31,port425,Guangzhou (Nansha),China,CHN,14,1,2,4,1,21,22,32204,73139,2925,0,0,108269,108269,22284,0,3286,3282,120,28853,28974,444336
2024-01-01,2024,1,1,port425,Guangzhou (Nansha),China,CHN,16,0,2,3,7,21,28,18565,0,19361,2251,21661,40178,61839,49577,0,0,4380,2146,53957,56104,444337
2024-01-02,2024,1,2,port425,Guangzhou (Nansha),China,CHN,11,2,3,2,5,18,23,43291,58884,6373,1438,17294,109987,127282,74877,2905,0,467,10262,78250,88512,444338
2024-01-03,2024,1,3,port425,Guangzhou (Nansha),China,CHN,19,2,4,3,7,28,35,64964,99965,8070,619,16113,173620,189733,55801,0,3562,2463,1462,61827,63289,444339
2024-01-04,2024,1,4,port425,Guangzhou (Nansha),China,CHN,22,0,1,3,8,26,34,95025,0,2925,1940,35297,99891,135188,76255,0,780,407,2198,77442,79641,444340
2024-01-05,2024,1,5,port425,Guangzhou (Nansha),China,CHN,18,3,1,1,7,23,30,81858,96037,0,2252,46009,180149,226158,97757,0,2779,0,487,100536,101024,444341
2024-01-06,2024,1,6,port425,Guangzhou (Nansha),China,CHN,24,0,6,1,4,31,35,20383,0,14045,0,22617,34428,57046,84742,0,3167,0,487,87910,88397,444342
2024-01-07,2024,1,7,port425,Guangzhou (Nansha),China,CHN,19,0,2,1,6,22,28,76250,0,9979,0,6494,86229,92724,69240,0,0,1019,1611,70260,71872,444343
2024-01-08,2024,1,8,port425,Guangzhou (Nansha),China,CHN,23,2,2,0,4,27,31,38114,54319,5161,0,5781,97596,103377,81250,2905,780,0,5447,84936,90383,444344
2024-01-09,2024,1,9,port425,Guangzhou (Nansha),China,CHN,21,0,4,1,5,26,31,108158,0,3046,619,8288,111825,120113,41376,0,7950,407,3207,49733,52940,444345
2024-01-10,2024,1,10,port425,Guangzhou (Nansha),China,CHN,16,4,3,1,1,24,25,43916,138074,2234,1938,4252,186164,190416,52845,2905,394,0,0,56145,56145,444346
2024-01-11,2024,1,11,port425,Guangzhou (Nansha),China,CHN,19,5,5,1,5,30,35,47505,197797,6718,619,20406,252641,273048,40457,5811,1605,407,1182,48282,49465,444347
2024-01-12,2024,1,12,port425,Guangzhou (Nansha),China,CHN,20,3,2,1,6,26,32,108413,155021,2925,619,12688,266981,279669,48069,2905,2446,407,0,53829,53829,444348
2024-01-13,2024,1,13,port425,Guangzhou (Nansha),China,CHN,16,1,6,2,5,25,30,56067,684,12183,619,7313,69554,76868,102252,0,4228,407,1445,106888,108334,444349
2024-01-14,2024,1,14,port425,Guangzhou (Nansha),China,CHN,21,0,1,0,3,22,25,38760,0,2218,0,6634,40978,47613,116892,0,1606,0,2365,118499,120865,444350
2024-01-15,2024,1,15,port425,Guangzhou (Nansha),China,CHN,16,2,4,3,2,25,27,51127,18923,21495,619,639,92166,92806,49713,1585,2909,407,0,54615,54615,444351
2024-01-16,2024,1,16,port425,Guangzhou (Nansha),China,CHN,17,1,3,3,6,24,30,96085,33566,3968,1859,34644,135480,170125,28764,2905,4608,1221,1182,37500,38683,444352
2024-01-17,2024,1,17,port425,Guangzhou (Nansha),China,CHN,15,2,2,1,1,20,21,59015,98415,1979,619,3819,160030,163849,58069,2905,1147,407,0,62529,62529,444353
2024-01-18,2024,1,18,port425,Guangzhou (Nansha),China,CHN,20,3,4,1,2,28,30,79922,102992,10930,0,5875,193845,199721,69194,1436,1606,0,959,72237,73196,444354
2024-01-19,2024,1,19,port425,Guangzhou (Nansha),China,CHN,14,2,1,3,4,20,24,57314,55686,2925,1239,23947,117166,141113,46936,2905,780,814,0,51437,51437,444355
2024-01-20,2024,1,20,port425,Guangzhou (Nansha),China,CHN,17,0,2,0,2,19,21,71457,0,2218,0,28090,73675,101766,34544,0,2176,0,0,36720,36720,444356
2024-01-21,2024,1,21,port425,Guangzhou (Nansha),China,CHN,16,0,2,1,3,19,22,59104,0,3784,0,4088,62889,66977,102754,0,780,0,1990,103535,105525,444357
2024-01-22,2024,1,22,port425,Guangzhou (Nansha),China,CHN,21,2,6,3,5,32,37,100756,60923,28435,1859,4259,191975,196234,72600,0,0,1221,3892,73822,77715,444358
2024-01-23,2024,1,23,port425,Guangzhou (Nansha),China,CHN,15,3,3,1,7,22,29,36796,155634,15318,958,28377,208708,237085,42316,0,1606,0,2024,43923,45948,444359
2024-01-24,2024,1,24,port425,Guangzhou (Nansha),China,CHN,24,2,7,2,1,35,36,37123,98528,16560,4805,8317,157017,165335,104408,2905,7996,0,0,115310,115310,444360
2024-01-25,2024,1,25,port425,Guangzhou (Nansha),China,CHN,21,3,1,0,3,25,28,17775,123064,2925,0,5078,143764,148843,77573,0,780,0,4714,78353,83068,444361
2024-01-26,2024,1,26,port425,Guangzhou (Nansha),China,CHN,22,2,0,2,7,26,33,95104,72011,0,1030,35460,168147,203608,91786,1585,0,1189,2721,94561,97283,444362
2024-01-27,2024,1,27,port425,Guangzhou (Nansha),China,CHN,20,1,2,2,8,25,33,76800,5929,4045,619,30173,87395,117569,42825,0,0,681,11220,43506,54726,444363
2024-01-28,2024,1,28,port425,Guangzhou (Nansha),China,CHN,17,1,2,1,0,21,21,69138,68216,1979,0,0,139334,139334,50709,0,2001,504,0,53215,53215,444364
2024-01-29,2024,1,29,port425,Guangzhou (Nansha),China,CHN,14,2,2,3,7,21,28,36242,67133,1203,2560,64639,107139,171778,57389,5811,394,814,1462,64409,65872,444365
2024-01-30,2024,1,30,port425,Guangzhou (Nansha),China,CHN,13,3,4,1,6,21,27,57974,71403,15204,1438,18109,146020,164130,65046,4491,3622,0,1455,73161,74616,444366
2024-01-31,2024,1,31,port425,Guangzhou (Nansha),China,CHN,17,3,2,1,2,23,25,43508,133489,2925,2787,2008,182711,184719,68404,2905,3535,0,3575,74846,78421,444367
2024-02-01,2024,2,1,port425,Guangzhou (Nansha),China,CHN,17,1,3,0,4,21,25,83182,33566,11180,0,36232,127929,164161,29843,2905,780,0,564,33530,34094,444368
2024-02-02,2024,2,2,port425,Guangzhou (Nansha),China,CHN,19,0,5,3,2,27,29,97550,0,5086,5085,13657,107721,121379,50682,0,7771,4812,0,63266,63266,444369
2024-02-03,2024,2,3,port425,Guangzhou (Nansha),China,CHN,12,3,4,3,4,22,26,26155,81301,14509,1239,23824,123205,147030,36204,0,0,2857,0,39061,39061,444370
2024-02-04,2024,2,4,port425,Guangzhou (Nansha),China,CHN,17,0,1,1,2,19,21,58096,0,3230,0,0,61327,61327,53435,0,0,0,0,53435,53435,444371
2024-02-05,2024,2,5,port425,Guangzhou (Nansha),China,CHN,19,2,5,0,5,26,31,66885,108740,25991,0,12211,201617,213828,97311,0,780,0,1645,98091,99736,444372
2024-02-06,2024,2,6,port425,Guangzhou (Nansha),China,CHN,14,1,2,1,6,18,24,20618,67950,7159,0,8518,95729,104247,49119,0,0,0,6901,49119,56021,444373
2024-02-07,2024,2,7,port425,Guangzhou (Nansha),China,CHN,17,2,1,0,6,20,26,25806,54545,3008,0,37036,83359,120396,28156,0,0,0,9774,28156,37931,444374
2024-02-08,2024,2,8,port425,Guangzhou (Nansha),China,CHN,14,1,1,2,6,18,24,28452,17349,3190,1684,24392,50676,75069,62366,0,0,0,262,62366,62629,444375
2024-02-09,2024,2,9,port425,Guangzhou (Nansha),China,CHN,17,1,1,1,4,20,24,37118,17315,0,0,8882,54434,63317,53898,3687,2018,0,1182,59604,60787,444376
2024-02-10,2024,2,10,port425,Guangzhou (Nansha),China,CHN,16,0,2,1,6,19,25,20201,0,2925,0,13950,23127,37077,74242,0,780,440,1302,75463,76766,444377
2024-02-11,2024,2,11,port425,Guangzhou (Nansha),China,CHN,12,1,2,0,0,15,15,62372,72418,11239,0,0,146030,146030,33097,0,0,0,0,33097,33097,444378
2024-02-12,2024,2,12,port425,Guangzhou (Nansha),China,CHN,11,0,1,1,8,13,21,30340,0,2925,0,27091,33266,60357,34140,0,780,0,1577,34921,36498,444379
2024-02-13,2024,2,13,port425,Guangzhou (Nansha),China,CHN,19,3,1,1,5,24,29,82342,40742,1979,0,27703,125064,152767,74378,0,0,0,1182,74378,75560,444380
2024-02-14,2024,2,14,port425,Guangzhou (Nansha),China,CHN,14,0,1,1,7,16,23,38737,0,5184,1698,20913,45620,66534,29302,0,0,0,3810,29302,33113,444381
2024-02-15,2024,2,15,port425,Guangzhou (Nansha),China,CHN,16,1,2,1,2,20,22,71013,33097,8594,958,1941,113664,115605,38008,0,394,0,0,38402,38402,444382
2024-02-16,2024,2,16,port425,Guangzhou (Nansha),China,CHN,10,3,2,3,3,18,21,48071,72106,7592,4135,17077,131904,148982,18816,2905,0,407,0,22129,22129,444383
2024-02-17,2024,2,17,port425,Guangzhou (Nansha),China,CHN,15,1,2,1,4,19,23,40971,0,2613,0,25605,43584,69190,85266,0,1606,0,564,86873,87438,444384
2024-02-18,2024,2,18,port425,Guangzhou (Nansha),China,CHN,14,1,1,1,1,17,18,28640,35349,1942,0,0,65932,65932,41864,0,0,0,1005,41864,42869,444385
2024-02-19,2024,2,19,port425,Guangzhou (Nansha),China,CHN,22,0,1,1,7,24,31,48420,0,2925,958,17147,52304,69452,73758,0,780,0,1282,74538,75821,444386
2024-02-20,2024,2,20,port425,Guangzhou (Nansha),China,CHN,9,0,2,0,5,11,16,38577,0,2925,0,24855,41503,66358,19589,0,4389,0,487,23979,24466,444387
2024-02-21,2024,2,21,port425,Guangzhou (Nansha),China,CHN,15,2,3,1,4,21,25,39490,7525,13830,0,33494,60845,94340,18895,0,1560,0,974,20455,21430,444388
2024-02-22,2024,2,22,port425,Guangzhou (Nansha),China,CHN,13,2,1,0,2,16,18,72205,33566,13386,0,8071,119158,127229,20014,8835,0,0,564,28849,29413,444389
2024-02-23,2024,2,23,port425,Guangzhou (Nansha),China,CHN,11,2,1,0,3,14,17,24992,140264,0,0,5736,165257,170993,18499,0,2888,0,9774,21388,31162,444390
2024-02-24,2024,2,24,port425,Guangzhou (Nansha),China,CHN,10,2,3,1,6,16,22,20315,67133,6360,0,23428,93809,117238,24108,5811,493,0,1539,30413,31952,444391
2024-02-25,2024,2,25,port425,Guangzhou (Nansha),China,CHN,12,0,1,1,2,14,16,68947,0,2925,872,10019,72745,82765,21561,0,780,0,0,22342,22342,444392
2024-02-26,2024,2,26,port425,Guangzhou (Nansha),China,CHN,8,3,1,0,7,12,19,57615,216790,0,0,13419,274406,287825,4669,0,394,0,15078,5064,20142,444393
2024-02-27,2024,2,27,port425,Guangzhou (Nansha),China,CHN,17,2,3,3,7,25,32,74651,49486,4750,619,12729,129508,142238,50326,0,4320,921,1043,55567,56611,444394
2024-02-28,2024,2,28,port425,Guangzhou (Nansha),China,CHN,21,3,0,3,6,27,33,51013,98322,0,1578,30590,150914,181505,32104,48473,0,407,1358,80985,82343,444395
2024-02-29,2024,2,29,port425,Guangzhou (Nansha),China,CHN,18,4,4,2,3,28,31,72017,146448,6600,619,5873,225686,231559,51022,0,4163,407,1182,55593,56776,444396
2024-03-01,2024,3,1,port425,Guangzhou (Nansha),China,CHN,17,2,3,2,10,24,34,63489,13149,8070,0,32684,84709,117393,34312,0,3167,5281,3493,42761,46254,444397
2024-03-02,2024,3,2,port425,Guangzhou (Nansha),China,CHN,21,1,2,4,5,28,33,79350,11097,8760,0,17279,99208,116488,66358,0,4307,5725,11561,76391,87952,444398
2024-03-03,2024,3,3,port425,Guangzhou (Nansha),China,CHN,15,2,0,0,1,17,18,34896,96323,0,0,0,131219,131219,73503,0,0,0,2006,73503,75510,444399
2024-03-04,2024,3,4,port425,Guangzhou (Nansha),China,CHN,24,1,2,2,3,29,32,110119,33566,7798,1239,17664,152725,170389,49206,2905,0,814,564,52926,53491,444400
2024-03-05,2024,3,5,port425,Guangzhou (Nansha),China,CHN,16,0,4,2,2,22,24,68600,0,5283,2527,5785,76410,82195,64600,0,8536,0,750,73137,73887,444401
2024-03-06,2024,3,6,port425,Guangzhou (Nansha),China,CHN,17,3,6,1,7,27,34,40861,85548,20214,619,27582,147244,174826,46853,5811,3881,407,12163,56954,69117,444402
2024-03-07,2024,3,7,port425,Guangzhou (Nansha),China,CHN,16,2,3,3,7,24,31,63309,55204,6322,619,19708,125455,145164,27660,0,780,407,4651,28848,33499,444403
2024-03-08,2024,3,8,port425,Guangzhou (Nansha),China,CHN,14,3,1,3,5,21,26,105312,100700,2925,1513,14026,210452,224479,25330,8717,780,814,2234,35642,37876,444404
2024-03-09,2024,3,9,port425,Guangzhou (Nansha),China,CHN,13,0,4,1,2,18,20,28965,0,4122,851,12190,33939,46129,42923,0,6595,485,959,50004,50963,444405
2024-03-10,2024,3,10,port425,Guangzhou (Nansha),China,CHN,13,1,2,2,0,18,18,33687,27436,3689,619,0,65433,65433,50563,0,780,407,0,51751,51751,444406
2024-03-11,2024,3,11,port425,Guangzhou (Nansha),China,CHN,26,1,3,3,7,33,40,111494,0,2925,1239,52462,115660,168123,44057,0,5780,3229,7100,53067,60167,444407
2024-03-12,2024,3,12,port425,Guangzhou (Nansha),China,CHN,16,1,2,1,5,20,25,73488,66297,5851,619,45487,146257,191744,36125,0,1560,407,10037,38093,48131,444408
2024-03-13,2024,3,13,port425,Guangzhou (Nansha),China,CHN,15,0,3,3,2,21,23,47780,0,7123,619,2806,55523,58330,32906,0,2387,954,3544,36247,39792,444409
2024-03-14,2024,3,14,port425,Guangzhou (Nansha),China,CHN,22,5,5,0,7,32,39,82907,229920,13631,0,21174,326459,347634,63495,4491,3947,0,3518,71934,75453,444410
2024-03-15,2024,3,15,port425,Guangzhou (Nansha),China,CHN,17,2,3,2,8,24,32,97489,15868,5030,619,23702,119008,142710,32683,0,255,407,4297,33345,37643,444411
2024-03-16,2024,3,16,port425,Guangzhou (Nansha),China,CHN,16,3,3,2,5,24,29,62023,42627,3318,1239,6920,109210,116131,80450,1585,7040,814,4911,89890,94802,444412
2024-03-17,2024,3,17,port425,Guangzhou (Nansha),China,CHN,17,5,0,0,0,22,22,41892,195568,0,0,0,237460,237460,124232,2905,0,0,0,127138,127138,444413
2026-06-06,2026,6,6,port425,Guangzhou (Nansha),China,CHN,20,4,1,2,7,27,34,70763,67133,0,619,30909,138517,169427,43914,54194,1929,7635,1298,107673,108972,444414
2025-04-23,2025,4,23,port425,Guangzhou (Nansha),China,CHN,20,2,3,2,5,27,32,50106,61000,0,619,23261,111726,134987,75980,2905,3099,407,1051,82393,83445,444416
2026-06-07,2026,6,7,port425,Guangzhou (Nansha),China,CHN,21,1,1,1,6,24,30,37125,3293,5155,0,16358,45573,61932,90299,0,0,0,2234,90299,92534,444417
2025-04-24,2025,4,24,port425,Guangzhou (Nansha),China,CHN,21,4,2,3,5,30,35,54349,105710,0,1770,15863,161830,177693,92593,10046,1621,407,974,104668,105642,444419
2026-06-08,2026,6,8,port425,Guangzhou (Nansha),China,CHN,15,3,3,4,5,25,30,17799,120498,2218,619,13007,141136,154143,74360,2905,6517,3731,5974,87515,93489,444420
2025-04-25,2025,4,25,port425,Guangzhou (Nansha),China,CHN,20,5,4,3,4,32,36,60344,143512,5144,2159,11847,211160,223008,95093,5811,5487,2368,564,108761,109325,444422
2026-06-09,2026,6,9,port425,Guangzhou (Nansha),China,CHN,17,1,1,1,4,20,24,33623,0,0,619,6331,34242,40574,77168,0,1607,407,1168,79183,80351,444423
2025-04-26,2025,4,26,port425,Guangzhou (Nansha),China,CHN,24,4,0,3,5,31,36,49960,90663,0,839,9565,141464,151029,96311,3687,0,407,4676,100405,105082,444425
2026-06-10,2026,6,10,port425,Guangzhou (Nansha),China,CHN,22,4,1,2,3,29,32,41936,90779,674,606,4578,133996,138575,182933,68768,1176,0,4101,252878,256979,444426
2025-04-27,2025,4,27,port425,Guangzhou (Nansha),China,CHN,23,1,3,0,4,27,31,78415,0,9246,0,1734,87661,89395,120144,1493,8159,0,0,129797,129797,444428
2026-06-11,2026,6,11,port425,Guangzhou (Nansha),China,CHN,17,1,2,1,4,21,25,23170,33566,2925,273,8825,59936,68762,89281,2905,3183,0,7244,95371,102616,444429
2024-03-19,2024,3,19,port425,Guangzhou (Nansha),China,CHN,15,2,3,2,2,22,24,78689,115619,7830,619,6944,202759,209704,28484,0,1560,407,1182,30452,31635,444430
2025-04-28,2025,4,28,port425,Guangzhou (Nansha),China,CHN,24,4,3,3,3,34,37,70055,157889,5144,1859,13952,234948,248900,98601,5811,2387,1221,0,108022,108022,444432
2026-06-12,2026,6,12,port425,Guangzhou (Nansha),China,CHN,19,0,2,2,2,23,25,41080,0,0,619,11480,41700,53180,123610,0,6142,407,11776,130159,141936,444433
2024-03-20,2024,3,20,port425,Guangzhou (Nansha),China,CHN,19,1,1,2,7,23,30,87899,33566,3189,1646,19101,126302,145403,44388,2905,0,407,38109,47701,85811,444434
2025-04-29,2025,4,29,port425,Guangzhou (Nansha),China,CHN,21,2,5,2,9,30,39,75134,8250,11348,619,43306,95352,138659,62834,0,10071,1001,4159,73907,78067,444436
2026-06-13,2026,6,13,port425,Guangzhou (Nansha),China,CHN,20,2,1,0,3,23,26,53007,52848,853,0,6643,106709,113352,98386,3687,0,0,0,102073,102073,444437
2024-03-21,2024,3,21,port425,Guangzhou (Nansha),China,CHN,15,3,4,3,6,25,31,65775,126479,8046,1859,20929,202160,223090,32945,2905,6261,1221,12888,43334,56222,444438
2025-04-30,2025,4,30,port425,Guangzhou (Nansha),China,CHN,20,3,5,5,6,33,39,22739,76436,5325,2303,39080,106805,145886,65801,0,6339,2955,5850,75096,80946,444440
2026-06-14,2026,6,14,port425,Guangzhou (Nansha),China,CHN,14,3,1,3,2,21,23,13132,112476,4267,2351,0,132228,132228,52653,17373,0,0,4227,70027,74254,444441
2024-03-22,2024,3,22,port425,Guangzhou (Nansha),China,CHN,21,1,6,1,3,29,32,74085,33566,37266,619,14382,145538,159920,58634,2905,2134,407,2311,64081,66392,444442
2025-05-01,2025,5,1,port425,Guangzhou (Nansha),China,CHN,25,1,0,2,4,28,32,65739,33566,0,726,14810,100033,114844,91377,2905,0,1219,487,95502,95989,444444
2026-06-15,2026,6,15,port425,Guangzhou (Nansha),China,CHN,26,1,1,2,4,30,34,65608,0,0,1239,13068,66848,79916,115796,66183,4292,814,1298,187087,188386,444445
2024-03-23,2024,3,23,port425,Guangzhou (Nansha),China,CHN,18,4,3,2,5,27,32,47851,166669,8977,4760,12888,228258,241147,55449,33978,1606,1028,2164,92063,94227,444446
2025-05-02,2025,5,2,port425,Guangzhou (Nansha),China,CHN,16,6,6,1,5,29,34,20985,238569,8090,4766,14957,272411,287369,113828,0,4972,0,14384,118801,133185,444448
2026-06-16,2026,6,16,port425,Guangzhou (Nansha),China,CHN,17,3,1,0,3,21,24,20873,124285,0,0,9121,145158,154280,71114,2905,3535,0,487,77555,78043,444449
2024-03-24,2024,3,24,port425,Guangzhou (Nansha),China,CHN,22,6,2,2,4,32,36,48574,123990,5851,619,16020,179036,195057,168698,50784,1560,407,1051,221451,222503,444450
2025-05-03,2025,5,3,port425,Guangzhou (Nansha),China,CHN,26,3,3,2,4,34,38,51394,48186,5599,1130,13645,106310,119955,134296,3687,0,407,1128,138391,139519,444452
2026-06-17,2026,6,17,port425,Guangzhou (Nansha),China,CHN,21,0,2,2,3,25,28,31204,0,19842,1239,6572,52287,58859,95306,0,0,814,487,96120,96608,444453
2024-03-25,2024,3,25,port425,Guangzhou (Nansha),China,CHN,14,2,3,0,5,19,24,25836,97374,0,0,14927,123211,138139,29694,0,7592,0,10339,37287,47626,444454
2025-05-04,2025,5,4,port425,Guangzhou (Nansha),China,CHN,19,2,2,0,0,23,23,32701,33566,31015,0,0,97284,97284,59077,2905,780,0,0,62763,62763,444456
2025-05-05,2025,5,5,port425,Guangzhou (Nansha),China,CHN,25,2,1,3,3,31,34,61394,142197,2925,2392,5078,208909,213988,93023,0,780,4834,1182,98638,99820,444457
2025-05-06,2025,5,6,port425,Guangzhou (Nansha),China,CHN,20,2,4,1,5,27,32,45503,21638,2218,619,19775,69980,89756,71672,0,7745,407,2277,79824,82102,444458
2025-05-07,2025,5,7,port425,Guangzhou (Nansha),China,CHN,16,2,1,1,5,20,25,33215,34572,7384,0,18710,75172,93882,87328,3687,0,0,6934,91015,97949,444459
2025-05-08,2025,5,8,port425,Guangzhou (Nansha),China,CHN,21,2,4,1,3,28,31,42411,50882,2536,0,11688,95830,107519,62084,6592,1294,407,1242,70379,71621,444460
2025-05-09,2025,5,9,port425,Guangzhou (Nansha),China,CHN,22,2,2,0,5,26,31,85047,67133,4619,0,12742,156801,169543,36494,5811,2938,0,1298,45244,46543,444461
2025-05-10,2025,5,10,port425,Guangzhou (Nansha),China,CHN,21,1,1,3,4,26,30,16996,17335,0,619,10373,34951,45325,86473,0,1519,2847,564,90840,91404,444462
2025-05-11,2025,5,11,port425,Guangzhou (Nansha),China,CHN,23,3,1,2,5,29,34,95131,159462,0,1239,3777,255834,259611,49817,0,16598,814,487,67230,67717,444463
2025-05-12,2025,5,12,port425,Guangzhou (Nansha),China,CHN,23,4,5,3,9,35,44,60732,0,7239,619,29316,68591,97907,62955,55033,8552,5282,4215,131824,136040,444464
2025-05-13,2025,5,13,port425,Guangzhou (Nansha),China,CHN,22,3,3,3,6,31,37,71904,88964,5851,1239,15946,167959,183906,69880,53123,3141,814,2344,126959,129304,444465
2025-05-14,2025,5,14,port425,Guangzhou (Nansha),China,CHN,21,1,4,5,6,31,37,20054,33566,4683,1842,19073,60147,79221,91968,2905,1601,2206,1523,98682,100205,444466
2025-05-15,2025,5,15,port425,Guangzhou (Nansha),China,CHN,19,0,2,2,6,23,29,47262,0,2218,1320,61683,50802,112486,69743,0,4506,706,39384,74956,114341,444467
2025-05-16,2025,5,16,port425,Guangzhou (Nansha),China,CHN,19,2,0,2,5,23,28,26470,81169,0,851,4036,108490,112526,71200,0,0,485,7827,71686,79513,444468
2025-05-17,2025,5,17,port425,Guangzhou (Nansha),China,CHN,18,4,2,5,9,29,38,52510,44012,3180,619,16706,100323,117029,168317,2905,395,1328,6774,172947,179721,444469
2025-05-18,2025,5,18,port425,Guangzhou (Nansha),China,CHN,16,2,4,1,2,23,25,20494,17106,1874,619,9565,40095,49660,90885,615,12274,407,1051,104182,105234,444470
2025-05-19,2025,5,19,port425,Guangzhou (Nansha),China,CHN,24,4,0,3,5,31,36,55383,155634,0,619,19456,211637,231094,84287,2905,0,407,993,87600,88593,444471
2025-05-20,2025,5,20,port425,Guangzhou (Nansha),China,CHN,22,0,4,2,2,28,30,26014,0,5144,851,5675,32010,37685,89890,0,3761,1797,1182,95449,96631,444472
2025-05-21,2025,5,21,port425,Guangzhou (Nansha),China,CHN,20,3,4,2,5,29,34,42910,0,5851,0,14971,48761,63733,71160,2538,10763,192,0,84655,84655,444473
2025-05-22,2025,5,22,port425,Guangzhou (Nansha),China,CHN,22,4,3,1,3,30,33,42172,107876,2925,0,20199,152974,173173,97689,5811,2610,0,487,106112,106599,444474
2025-05-23,2025,5,23,port425,Guangzhou (Nansha),China,CHN,16,1,3,1,7,21,28,57325,94967,5851,619,15546,158763,174310,50798,0,7947,407,26273,59152,85425,444475
2025-05-24,2025,5,24,port425,Guangzhou (Nansha),China,CHN,19,0,3,1,8,23,31,85123,0,7508,619,10691,93251,103943,55291,0,780,407,2481,56479,58960,444476
2025-05-25,2025,5,25,port425,Guangzhou (Nansha),China,CHN,22,1,2,0,2,25,27,102419,33566,1979,0,4383,137965,142348,64593,2905,0,0,0,67499,67499,444477
2025-05-26,2025,5,26,port425,Guangzhou (Nansha),China,CHN,21,4,5,3,4,33,37,64792,142788,5635,2454,12989,215669,228658,128566,12251,8443,407,974,149668,150643,444478
2025-05-27,2025,5,27,port425,Guangzhou (Nansha),China,CHN,18,2,1,2,9,23,32,55100,6952,0,619,132488,62672,195161,65522,59719,2091,2031,2157,129365,131522,444479
2025-05-28,2025,5,28,port425,Guangzhou (Nansha),China,CHN,21,3,3,2,6,29,35,3642,107568,11004,0,17725,122215,139941,146467,3374,0,273,4433,150115,154548,444480
2025-05-29,2025,5,29,port425,Guangzhou (Nansha),China,CHN,26,2,7,3,3,38,41,34997,80145,11753,1458,5549,128354,133903,133599,0,6659,21,1614,140279,141894,444481
2025-05-30,2025,5,30,port425,Guangzhou (Nansha),China,CHN,21,4,1,1,4,27,31,28272,55473,2925,619,40236,87291,127528,65400,71674,780,407,487,138262,138750,444482
2025-05-31,2025,5,31,port425,Guangzhou (Nansha),China,CHN,19,4,1,4,1,28,29,28675,119432,6858,840,3777,155806,159583,53597,52007,0,5714,487,111320,111807,444483
2025-06-01,2025,6,1,port425,Guangzhou (Nansha),China,CHN,14,2,5,2,1,23,24,21251,67205,4349,619,9457,93426,102884,89001,0,11059,407,0,100468,100468,444484
2025-06-02,2025,6,2,port425,Guangzhou (Nansha),China,CHN,22,0,3,2,10,27,37,82512,0,13081,619,21953,96213,118167,74389,0,5105,681,7501,80176,87678,444485
2025-06-03,2025,6,3,port425,Guangzhou (Nansha),China,CHN,21,1,4,3,5,29,34,38583,9640,5144,607,5097,53976,59074,66282,0,3884,2432,13633,72599,86232,444486
2025-06-04,2025,6,4,port425,Guangzhou (Nansha),China,CHN,19,3,5,2,2,29,31,40162,119793,16512,619,6411,177088,183499,51932,3135,780,407,866,56256,57122,444487
2025-06-05,2025,6,5,port425,Guangzhou (Nansha),China,CHN,19,6,2,1,3,28,31,87883,224385,3279,619,3701,316167,319869,46638,5811,1798,407,0,54656,54656,444488
2025-06-06,2025,6,6,port425,Guangzhou (Nansha),China,CHN,28,1,5,3,2,37,39,76778,17780,8695,1205,31529,104459,135988,77074,0,3852,2604,0,83531,83531,444489
2025-06-07,2025,6,7,port425,Guangzhou (Nansha),China,CHN,22,0,1,2,8,25,33,67549,0,2809,619,10678,70979,81657,74231,0,0,2839,10684,77071,87755,444490
2025-06-08,2025,6,8,port425,Guangzhou (Nansha),China,CHN,19,2,3,4,1,28,29,47125,11575,8338,4224,3890,71263,75154,72260,11650,4199,814,0,88924,88924,444491
2025-06-09,2025,6,9,port425,Guangzhou (Nansha),China,CHN,19,2,1,3,9,25,34,49440,71818,0,619,33069,121878,154948,99976,0,1703,2463,2010,104143,106154,444492
2025-06-10,2025,6,10,port425,Guangzhou (Nansha),China,CHN,19,0,5,1,5,25,30,27198,0,7362,799,17778,35360,53138,84120,0,5549,0,2935,89670,92605,444493
2025-06-11,2025,6,11,port425,Guangzhou (Nansha),China,CHN,23,4,0,1,3,28,31,92007,42845,0,619,12873,135472,148345,67752,3356,0,407,0,71515,71515,444494
2025-06-12,2025,6,12,port425,Guangzhou (Nansha),China,CHN,24,3,5,3,5,35,40,35806,72936,12615,2106,19509,123465,142974,101825,0,3285,893,1128,106004,107133,444495
2025-06-13,2025,6,13,port425,Guangzhou (Nansha),China,CHN,18,1,1,0,4,20,24,47910,70070,0,0,10185,117980,128166,95637,0,1904,0,3478,97542,101020,444496
2025-06-14,2025,6,14,port425,Guangzhou (Nansha),China,CHN,11,2,1,0,2,14,16,9838,43895,3925,0,12383,57659,70042,31533,2905,0,0,959,34439,35398,444497
2025-06-15,2025,6,15,port425,Guangzhou (Nansha),China,CHN,21,1,2,4,6,28,34,97119,14838,3115,2155,38928,117228,156157,42752,0,1113,2214,564,46080,46644,444498
2025-06-16,2025,6,16,port425,Guangzhou (Nansha),China,CHN,22,2,6,6,5,36,41,97730,0,20316,1075,16350,119123,135473,66883,23328,4943,12451,1078,107608,108686,444499
2025-06-17,2025,6,17,port425,Guangzhou (Nansha),China,CHN,23,1,4,3,3,31,34,62907,24776,8777,2090,9181,98552,107733,61581,0,7867,1299,974,70749,71724,444500
2025-06-18,2025,6,18,port425,Guangzhou (Nansha),China,CHN,22,4,1,2,5,29,34,23590,53021,0,1935,12234,78547,90782,120134,4554,2018,404,2872,127111,129984,444501
2025-06-19,2025,6,19,port425,Guangzhou (Nansha),China,CHN,26,3,2,4,8,35,43,34684,29055,8214,1239,23996,73194,97191,111755,1382,1606,814,3678,115558,119237,444502
2025-06-20,2025,6,20,port425,Guangzhou (Nansha),China,CHN,20,2,2,4,8,28,36,78160,65360,0,5129,39185,148650,187835,109843,0,3977,1999,0,115819,115819,444503
2025-06-21,2025,6,21,port425,Guangzhou (Nansha),China,CHN,21,1,3,0,6,25,31,74164,33566,12521,0,17617,120251,137869,88505,2905,2138,0,1051,93549,94601,444504
2025-06-22,2025,6,22,port425,Guangzhou (Nansha),China,CHN,18,1,3,3,2,25,27,83060,17059,5489,0,12600,105609,118209,29171,0,3047,2742,564,34961,35525,444505
2025-06-23,2025,6,23,port425,Guangzhou (Nansha),China,CHN,26,1,6,3,2,36,38,49392,33566,22272,1471,7753,106702,114456,96422,2905,780,2072,487,102180,102668,444506
2025-06-24,2025,6,24,port425,Guangzhou (Nansha),China,CHN,19,1,5,0,9,25,34,30214,0,13638,0,24031,43853,67885,69623,0,780,0,12721,70404,83125,444507
2025-06-25,2025,6,25,port425,Guangzhou (Nansha),China,CHN,24,3,4,4,6,35,41,75074,65678,9299,3180,7603,153232,160836,81727,51847,8068,1221,5440,142863,148303,444508
2025-06-26,2025,6,26,port425,Guangzhou (Nansha),China,CHN,18,2,1,1,7,22,29,31193,65611,1131,0,16247,97936,114184,68102,2905,0,0,4039,71008,75047,444509
2025-06-27,2025,6,27,port425,Guangzhou (Nansha),China,CHN,17,3,6,4,8,30,38,26806,104084,12327,2090,24922,145310,170232,84045,2905,5827,4655,3967,97433,101401,444510
2025-06-28,2025,6,28,port425,Guangzhou (Nansha),China,CHN,20,1,3,2,5,26,31,22669,3428,5842,619,4321,32560,36881,76378,0,3369,919,14076,80666,94742,444511
2025-06-29,2025,6,29,port425,Guangzhou (Nansha),China,CHN,20,1,1,3,4,25,29,49307,57169,2173,2560,17115,111209,128325,53429,0,0,510,1539,53939,55478,444512
2025-06-30,2025,6,30,port425,Guangzhou (Nansha),China,CHN,24,2,2,2,7,30,37,56375,72644,2925,1075,23291,133020,156312,73708,0,2361,893,343,76963,77307,444513
2025-07-01,2025,7,1,port425,Guangzhou (Nansha),China,CHN,26,0,2,4,7,32,39,64007,0,8274,619,14596,72901,87497,103329,0,0,2652,3701,105981,109682,444514
2025-07-02,2025,7,2,port425,Guangzhou (Nansha),China,CHN,17,1,3,0,7,21,28,28489,33566,3599,0,20921,65656,86577,53797,2905,1956,0,2997,58660,61657,444515
2025-07-03,2025,7,3,port425,Guangzhou (Nansha),China,CHN,19,0,4,3,4,26,30,57483,0,5420,4112,11261,67016,78277,83133,0,2138,814,1461,86085,87547,444516
2025-07-04,2025,7,4,port425,Guangzhou (Nansha),China,CHN,23,2,1,5,5,31,36,86614,122345,0,2514,12514,211475,223989,57229,0,3504,4905,750,65638,66389,444517
2025-07-05,2025,7,5,port425,Guangzhou (Nansha),China,CHN,16,3,3,4,6,26,32,54413,73044,4311,1471,16366,133239,149606,74332,40352,4869,3300,2234,122854,125089,444518
2025-07-06,2025,7,6,port425,Guangzhou (Nansha),China,CHN,23,0,1,1,5,25,30,53405,0,402,3368,5214,57176,62391,76681,0,0,0,3129,76681,79811,444519
2025-07-07,2025,7,7,port425,Guangzhou (Nansha),China,CHN,22,2,2,2,2,28,30,73189,112669,4150,649,3777,190659,194436,64578,2905,2000,0,1222,69485,70707,444520
2025-07-08,2025,7,8,port425,Guangzhou (Nansha),China,CHN,20,0,0,2,5,22,27,45018,0,0,0,26597,45018,71615,76722,0,0,2646,1932,79369,81302,444521
2025-07-09,2025,7,9,port425,Guangzhou (Nansha),China,CHN,20,1,3,2,2,26,28,31140,62993,2925,1561,7595,98621,106216,69000,0,2044,0,564,71044,71608,444522
2025-07-10,2025,7,10,port425,Guangzhou (Nansha),China,CHN,24,0,6,2,3,32,35,66383,0,11097,619,5085,78100,83185,81641,0,1560,1428,1182,84630,85813,444523
2025-07-11,2025,7,11,port425,Guangzhou (Nansha),China,CHN,22,3,2,4,8,31,39,33595,113069,12290,893,36938,159849,196787,145487,2905,0,4006,1267,152400,153668,444524
2025-07-12,2025,7,12,port425,Guangzhou (Nansha),China,CHN,24,0,6,1,5,31,36,63307,0,6752,619,11989,70679,82668,130273,0,7026,407,1182,137707,138890,444525
2025-07-13,2025,7,13,port425,Guangzhou (Nansha),China,CHN,24,1,1,3,3,29,32,51611,27791,1184,1101,5877,81688,87566,95208,0,0,407,343,95615,95959,444526
2025-07-14,2025,7,14,port425,Guangzhou (Nansha),China,CHN,18,3,2,4,6,27,33,42955,67133,2925,1949,64269,114964,179234,79823,5811,6876,3293,1539,95805,97344,444527
2025-07-15,2025,7,15,port425,Guangzhou (Nansha),China,CHN,24,1,9,1,7,35,42,43042,69176,22508,0,32028,134727,166756,46062,0,12708,192,2109,58963,61072,444528
2025-07-16,2025,7,16,port425,Guangzhou (Nansha),China,CHN,25,0,2,4,11,31,42,50863,0,3407,2164,51409,56435,107845,92302,0,271,893,5452,93468,98921,444529
2025-07-17,2025,7,17,port425,Guangzhou (Nansha),China,CHN,23,3,5,1,7,32,39,60351,108290,19154,619,17177,188416,205594,93605,4256,3703,407,2600,101972,104572,444530
2025-07-18,2025,7,18,port425,Guangzhou (Nansha),China,CHN,22,5,1,3,8,31,39,83682,54767,2925,1075,21454,142450,163905,81116,3916,780,1986,1013,87800,88813,444531
2025-07-19,2025,7,19,port425,Guangzhou (Nansha),China,CHN,3,0,1,0,1,4,5,5638,0,2925,0,3777,8564,12341,10982,0,780,0,487,11762,12250,444532
2025-07-20,2025,7,20,port425,Guangzhou (Nansha),China,CHN,0,0,0,0,0,0,0,0,0,0,0,0,0,0,0,0,0,0,0,0,0,444533
2025-07-21,2025,7,21,port425,Guangzhou (Nansha),China,CHN,21,5,6,5,6,37,43,68614,119205,12131,1695,9801,201647,211448,102764,5811,4148,3262,4744,115987,120732,444534
2025-07-22,2025,7,22,port425,Guangzhou (Nansha),China,CHN,23,3,8,2,7,36,43,40062,36661,33084,0,24753,109809,134562,104931,0,4170,214,3061,109316,112377,444535
2025-07-23,2025,7,23,port425,Guangzhou (Nansha),China,CHN,25,2,5,2,7,34,41,47522,96479,6468,2569,40322,153039,193361,120679,2905,21483,0,4348,145069,149417,444536
2025-07-24,2025,7,24,port425,Guangzhou (Nansha),China,CHN,26,2,2,2,5,32,37,124670,80341,2925,958,19132,208895,228028,68787,0,4576,0,1929,73363,75292,444537
2025-07-25,2025,7,25,port425,Guangzhou (Nansha),China,CHN,27,1,2,1,5,31,36,68691,31434,0,0,14512,100126,114639,103510,0,3139,0,947,106650,107598,444538
2025-07-26,2025,7,26,port425,Guangzhou (Nansha),China,CHN,22,4,3,3,6,32,38,42136,65840,9900,404,21175,118281,139456,99709,44927,780,3171,2388,148589,150977,444539
2025-07-27,2025,7,27,port425,Guangzhou (Nansha),China,CHN,21,3,0,1,1,25,26,72818,62046,0,619,681,135484,136165,70469,31588,0,407,0,102465,102465,444540
2025-07-28,2025,7,28,port425,Guangzhou (Nansha),China,CHN,19,2,3,5,6,29,35,27307,41505,1102,2033,11324,71948,83273,78005,0,6924,3168,4370,88098,92469,444541
2025-07-29,2025,7,29,port425,Guangzhou (Nansha),China,CHN,24,3,2,6,2,35,37,35009,59372,2925,2674,10260,99981,110241,60789,40002,1162,603,564,102558,103122,444542
2025-07-30,2025,7,30,port425,Guangzhou (Nansha),China,CHN,26,2,5,3,6,36,42,69224,33566,4825,2667,15972,110285,126257,100916,2905,9130,407,4111,113360,117472,444543
2025-07-31,2025,7,31,port425,Guangzhou (Nansha),China,CHN,18,2,5,1,4,26,30,41960,103399,8064,619,13910,154043,167953,97367,2905,4718,407,564,105399,105963,444544
2025-08-01,2025,8,1,port425,Guangzhou (Nansha),China,CHN,17,2,4,2,5,25,30,16788,103487,4177,810,24832,125264,150097,65311,2905,6971,0,1988,75189,77177,444545
2025-08-02,2025,8,2,port425,Guangzhou (Nansha),China,CHN,16,2,2,2,6,22,28,41869,26135,5144,1239,17394,74388,91782,50275,0,2387,814,4034,53476,57511,444546
2025-08-03,2025,8,3,port425,Guangzhou (Nansha),China,CHN,21,1,0,1,3,23,26,67221,0,0,3227,9825,70448,80274,56726,0,0,0,1051,56726,57778,444547
2025-08-04,2025,8,4,port425,Guangzhou (Nansha),China,CHN,25,1,1,2,6,29,35,44121,0,4738,0,117149,48859,166009,97872,2984,0,0,1446,100856,102302,444548
2025-08-05,2025,8,5,port425,Guangzhou (Nansha),China,CHN,26,0,1,2,4,29,33,61561,0,0,547,7014,62108,69122,103540,0,956,4101,5473,108598,114072,444549
2025-08-06,2025,8,6,port425,Guangzhou (Nansha),China,CHN,22,1,3,3,4,29,33,59999,0,7588,619,2280,68208,70489,91341,66047,2419,2545,2871,162354,165226,444550
2025-08-07,2025,8,7,port425,Guangzhou (Nansha),China,CHN,15,0,2,2,9,19,28,29719,0,5947,1239,52738,36906,89644,61256,0,780,814,645,62851,63496,444551
2025-08-08,2025,8,8,port425,Guangzhou (Nansha),China,CHN,17,1,8,2,8,28,36,22761,71794,37342,1644,20165,133542,153707,95371,0,3947,407,3492,99726,103218,444552
2025-08-09,2025,8,9,port425,Guangzhou (Nansha),China,CHN,20,5,3,4,6,32,38,71614,101031,4963,2666,13261,180275,193537,49065,53902,2866,814,2240,106648,108889,444553
2025-08-10,2025,8,10,port425,Guangzhou (Nansha),China,CHN,19,2,5,0,3,26,29,117021,258384,9533,0,8733,384940,393673,49375,0,780,0,1269,50155,51424,444554
2025-08-11,2025,8,11,port425,Guangzhou (Nansha),China,CHN,17,0,3,3,8,23,31,36711,0,4364,619,36144,41695,77840,48646,0,1987,4055,951,54689,55641,444555
2025-08-12,2025,8,12,port425,Guangzhou (Nansha),China,CHN,25,0,2,3,7,30,37,36375,0,4142,2131,5644,42649,48294,100509,0,395,0,343,100905,101248,444556
2025-08-13,2025,8,13,port425,Guangzhou (Nansha),China,CHN,23,4,2,3,5,32,37,54282,63961,5798,0,37698,124043,161741,75264,229,780,2429,568,78703,79271,444557
2025-08-14,2025,8,14,port425,Guangzhou (Nansha),China,CHN,22,3,0,2,5,27,32,75302,34949,0,1239,9474,111491,120965,89552,55017,0,814,13802,145384,159187,444558
2025-08-15,2025,8,15,port425,Guangzhou (Nansha),China,CHN,18,5,2,2,3,27,30,74986,175343,5168,2089,3097,257587,260684,83159,8717,780,0,1182,92657,93840,444559
2025-08-16,2025,8,16,port425,Guangzhou (Nansha),China,CHN,23,1,4,2,6,30,36,75127,33566,12594,706,17310,121995,139305,93248,2905,7405,481,1395,104041,105436,444560
2025-08-17,2025,8,17,port425,Guangzhou (Nansha),China,CHN,16,1,3,1,1,21,22,40077,71245,804,619,0,112747,112747,40087,0,4933,407,1244,45427,46672,444561
2025-08-18,2025,8,18,port425,Guangzhou (Nansha),China,CHN,16,1,2,3,5,22,27,24989,5256,846,1239,30844,32332,63176,119297,0,0,3431,2434,122728,125163,444562
2025-08-19,2025,8,19,port425,Guangzhou (Nansha),China,CHN,20,0,1,1,8,22,30,36503,0,2925,810,23974,40239,64214,89125,0,780,0,4378,89905,94284,444563
2025-08-20,2025,8,20,port425,Guangzhou (Nansha),China,CHN,21,3,3,1,4,28,32,63978,33566,4191,619,13925,102356,116282,47692,55906,0,407,1777,104006,105783,444564
2025-08-21,2025,8,21,port425,Guangzhou (Nansha),China,CHN,20,2,3,2,5,27,32,41026,17292,1370,1166,33727,60855,94583,144110,0,1474,407,3701,145992,149693,444565
2025-08-22,2025,8,22,port425,Guangzhou (Nansha),China,CHN,17,4,3,0,4,24,28,16895,153467,5505,0,3899,175868,179768,66984,45262,1606,0,603,113854,114457,444566
2025-08-23,2025,8,23,port425,Guangzhou (Nansha),China,CHN,32,2,8,1,10,43,53,67644,100917,10193,0,39504,178754,218259,161666,0,6399,604,3733,168670,172403,444567
2025-08-24,2025,8,24,port425,Guangzhou (Nansha),China,CHN,22,0,0,1,3,23,26,30695,0,0,511,3420,31206,34627,50786,0,0,0,1855,50786,52641,444568
2025-08-25,2025,8,25,port425,Guangzhou (Nansha),China,CHN,27,0,3,0,7,30,37,135979,0,10420,0,34883,146400,181284,99353,0,2403,0,5978,101756,107734,444569
2025-08-26,2025,8,26,port425,Guangzhou (Nansha),China,CHN,20,3,4,4,4,31,35,71569,33566,5818,1239,12126,112194,124320,67132,74791,4535,4803,10461,151262,161724,444570
2025-08-27,2025,8,27,port425,Guangzhou (Nansha),China,CHN,21,1,4,5,5,31,36,73922,72162,6551,1940,8264,154577,162842,64875,0,5920,6481,831,77276,78107,444571
2025-08-28,2025,8,28,port425,Guangzhou (Nansha),China,CHN,16,1,0,6,9,23,32,45778,67808,0,3261,51600,116848,168448,70310,0,0,3572,10736,73883,84619,444572
2025-08-29,2025,8,29,port425,Guangzhou (Nansha),China,CHN,19,0,6,2,4,27,31,23765,0,7930,0,16113,31695,47809,97714,0,6091,0,0,103806,103806,444573
2025-08-30,2025,8,30,port425,Guangzhou (Nansha),China,CHN,13,2,3,3,4,21,25,14568,39076,16932,619,68169,71197,139367,63538,2905,5948,876,343,73269,73613,444574
2025-08-31,2025,8,31,port425,Guangzhou (Nansha),China,CHN,21,2,4,4,4,31,35,67443,38678,4051,1471,4224,111645,115869,62938,25055,3032,2429,3480,93456,96937,444575
2025-09-01,2025,9,1,port425,Guangzhou (Nansha),China,CHN,21,2,2,2,1,27,28,24809,0,4010,619,51543,29439,80982,89746,5110,0,1162,0,96019,96019,444576
2025-09-02,2025,9,2,port425,Guangzhou (Nansha),China,CHN,24,2,2,2,5,30,35,41284,67133,18763,619,45181,127801,172982,71962,5811,1439,4145,2404,83359,85764,444577
2025-09-03,2025,9,3,port425,Guangzhou (Nansha),China,CHN,22,2,3,5,5,32,37,30261,69531,5144,3738,13697,108675,122372,88422,0,4952,1907,2013,95282,97296,444578
2025-09-04,2025,9,4,port425,Guangzhou (Nansha),China,CHN,22,3,4,2,8,31,39,75933,135192,11736,2344,9594,225207,234801,184735,5811,1560,0,4165,192107,196273,444579
2025-09-05,2025,9,5,port425,Guangzhou (Nansha),China,CHN,20,4,5,3,10,32,42,67799,118728,3599,2129,23576,192256,215833,74121,53025,7610,814,8136,135571,143707,444580
2025-09-06,2025,9,6,port425,Guangzhou (Nansha),China,CHN,11,1,3,2,10,17,27,17104,0,3200,455,29345,20760,50106,53267,30560,2579,1361,18499,87768,106268,444581
2025-09-07,2025,9,7,port425,Guangzhou (Nansha),China,CHN,0,0,1,0,0,1,1,0,0,2925,0,0,2925,2925,0,0,780,0,0,780,780,444582
2025-09-08,2025,9,8,port425,Guangzhou (Nansha),China,CHN,2,0,1,2,5,5,10,7592,0,2925,1239,8934,11757,20691,843,0,780,814,343,2438,2782,444583
2025-09-09,2025,9,9,port425,Guangzhou (Nansha),China,CHN,30,4,2,4,10,40,50,111257,159415,2925,1345,108605,274944,383549,146773,0,2207,407,3789,149388,153177,444584
2025-09-10,2025,9,10,port425,Guangzhou (Nansha),China,CHN,28,2,3,4,7,37,44,74898,41125,4589,1578,41434,122191,163626,94876,0,0,4278,4210,99154,103364,444585
2025-09-11,2025,9,11,port425,Guangzhou (Nansha),China,CHN,27,2,3,3,2,35,37,75055,50882,6827,4778,8039,137544,145583,87375,6592,1254,0,3641,95222,98863,444586
2025-09-12,2025,9,12,port425,Guangzhou (Nansha),China,CHN,18,3,5,2,6,28,34,61932,44748,8189,455,10335,115326,125661,88526,6031,4565,4650,3244,103774,107018,444587
2025-09-13,2025,9,13,port425,Guangzhou (Nansha),China,CHN,18,2,5,3,10,28,38,18054,67730,1971,0,37504,87756,125261,74576,0,3526,656,4247,78759,83007,444588
2025-09-14,2025,9,14,port425,Guangzhou (Nansha),China,CHN,24,3,2,3,0,32,32,41814,38836,2925,2648,0,86225,86225,84793,14236,1873,407,0,101310,101310,444589
2025-09-15,2025,9,15,port425,Guangzhou (Nansha),China,CHN,19,3,2,2,6,26,32,31139,106011,2925,1075,14926,141151,156078,86395,45385,780,893,3245,133454,136700,444590
2025-09-16,2025,9,16,port425,Guangzhou (Nansha),China,CHN,19,2,3,1,3,25,28,27126,67133,10404,1030,18833,105695,124529,76033,5811,1560,0,974,83406,84380,444591
2025-09-17,2025,9,17,port425,Guangzhou (Nansha),China,CHN,21,2,2,4,4,29,33,29254,80638,0,5002,15178,114895,130074,75536,0,8933,2867,3416,87336,90753,444592
2025-09-18,2025,9,18,port425,Guangzhou (Nansha),China,CHN,19,5,2,0,3,26,29,21380,100700,11910,0,13531,133991,147522,44550,18344,0,0,1523,62895,64418,444593
2025-09-19,2025,9,19,port425,Guangzhou (Nansha),China,CHN,0,0,0,0,1,0,1,0,0,0,0,4572,0,4572,0,0,0,0,959,0,959,444594
2025-09-20,2025,9,20,port425,Guangzhou (Nansha),China,CHN,23,6,5,7,15,41,56,55830,93283,18514,5013,76382,172641,249023,109248,9448,780,4076,11577,123552,135130,444595
2025-09-21,2025,9,21,port425,Guangzhou (Nansha),China,CHN,7,0,0,0,2,7,9,21102,0,0,0,7796,21102,28898,4713,0,0,0,827,4713,5540,444596
2025-09-22,2025,9,22,port425,Guangzhou (Nansha),China,CHN,0,1,0,0,1,1,2,0,0,0,0,3777,0,3777,0,0,0,0,487,0,487,444597
2025-09-23,2025,9,23,port425,Guangzhou (Nansha),China,CHN,0,1,0,0,1,1,2,0,17315,0,0,3777,17315,21093,0,3687,0,0,487,3687,4174,444598
2025-09-24,2025,9,24,port425,Guangzhou (Nansha),China,CHN,0,0,0,0,0,0,0,0,0,0,0,0,0,0,0,0,0,0,0,0,0,444599
2025-09-25,2025,9,25,port425,Guangzhou (Nansha),China,CHN,23,4,4,7,9,38,47,83748,285761,5851,3635,33994,378996,412990,162768,43645,13196,2582,2968,222193,225162,444600
2025-09-26,2025,9,26,port425,Guangzhou (Nansha),China,CHN,25,2,5,2,7,34,41,89102,105332,14008,1130,33742,209573,243315,116908,2905,1577,407,2895,121799,124694,444601
2025-09-27,2025,9,27,port425,Guangzhou (Nansha),China,CHN,25,4,1,4,15,34,49,45482,31348,0,2028,27368,78859,106227,95067,2897,2198,5728,2412,105892,108304,444602
2025-09-28,2025,9,28,port425,Guangzhou (Nansha),China,CHN,19,1,4,3,5,27,32,47160,0,8777,1239,2806,57177,59983,68268,0,9479,1835,2355,79583,81938,444603
2025-09-29,2025,9,29,port425,Guangzhou (Nansha),China,CHN,26,4,5,1,6,36,42,65695,62673,20188,619,18875,149178,168053,114130,9585,2340,407,2862,126464,129326,444604
2025-09-30,2025,9,30,port425,Guangzhou (Nansha),China,CHN,20,4,3,4,11,31,42,67239,78230,3298,1934,38664,150703,189368,101376,0,2763,1380,6130,105519,111649,444605
2025-10-01,2025,10,1,port425,Guangzhou (Nansha),China,CHN,22,2,2,3,5,29,34,36963,70923,5851,619,12371,114357,126729,91066,0,1560,1149,5241,93776,99018,444606
2025-10-02,2025,10,2,port425,Guangzhou (Nansha),China,CHN,20,3,1,2,8,26,34,26740,47084,0,619,27381,74444,101825,185628,17787,996,407,4452,204820,209273,444607
2025-10-03,2025,10,3,port425,Guangzhou (Nansha),China,CHN,20,1,3,1,5,25,30,40881,2837,6360,0,12412,50079,62491,76307,0,2387,1173,4164,79868,84032,444608
2025-10-04,2025,10,4,port425,Guangzhou (Nansha),China,CHN,19,1,4,1,6,25,31,50055,43492,15293,1191,13708,110033,123742,87463,0,6513,0,1995,93977,95972,444609
2025-10-05,2025,10,5,port425,Guangzhou (Nansha),China,CHN,10,1,3,0,1,14,15,9637,0,0,0,3802,9637,13439,34832,5220,8921,0,0,48975,48975,444610
2025-10-06,2025,10,6,port425,Guangzhou (Nansha),China,CHN,19,3,1,3,4,26,30,27594,101042,1453,1239,9345,131330,140675,55906,2905,0,814,1445,59627,61072,444611
2025-10-07,2025,10,7,port425,Guangzhou (Nansha),China,CHN,20,2,7,1,11,30,41,59061,105786,16128,619,18037,181596,199634,84174,2905,5188,407,4655,92676,97332,444612
2025-10-08,2025,10,8,port425,Guangzhou (Nansha),China,CHN,17,2,0,5,5,24,29,16615,10186,0,3410,17015,30213,47228,76697,0,0,1325,1314,78023,79337,444613
2025-10-09,2025,10,9,port425,Guangzhou (Nansha),China,CHN,25,4,5,0,9,34,43,141439,161079,15121,0,32939,317639,350579,77181,1382,780,0,7449,79344,86793,444614
2025-10-10,2025,10,10,port425,Guangzhou (Nansha),China,CHN,23,1,1,1,7,26,33,72512,72190,0,1320,13650,146024,159674,123707,0,1145,0,11392,124852,136245,444615
2025-10-11,2025,10,11,port425,Guangzhou (Nansha),China,CHN,16,0,7,3,7,26,33,76323,0,11675,3795,35927,91794,127721,85809,0,7474,407,3827,93691,97518,444616
2025-10-12,2025,10,12,port425,Guangzhou (Nansha),China,CHN,17,1,2,1,5,21,26,40196,64941,2925,958,18716,109021,127738,82255,0,1385,0,3537,83641,87178,444617
2025-10-13,2025,10,13,port425,Guangzhou (Nansha),China,CHN,22,5,3,1,7,31,38,48511,168999,0,0,40648,217511,258159,67102,9498,4288,0,4447,80889,85336,444618
2025-10-14,2025,10,14,port425,Guangzhou (Nansha),China,CHN,20,2,3,4,8,29,37,51292,0,7775,3507,11896,62574,74471,73241,2231,1560,1912,15655,78945,94600,444619
2025-10-15,2025,10,15,port425,Guangzhou (Nansha),China,CHN,18,4,6,3,6,31,37,36985,146503,15995,1448,24569,200932,225501,46162,43020,3947,407,1128,93538,94666,444620
2025-10-16,2025,10,16,port425,Guangzhou (Nansha),China,CHN,24,4,1,4,7,33,40,40543,34928,0,4382,48986,79855,128841,95774,61239,788,407,12368,158210,170578,444621
2025-10-17,2025,10,17,port425,Guangzhou (Nansha),China,CHN,17,2,2,4,6,25,31,78690,53676,0,4632,40360,136999,177359,59693,2905,5418,407,2179,68424,70603,444622
2025-10-18,2025,10,18,port425,Guangzhou (Nansha),China,CHN,16,2,3,3,11,24,35,22450,77814,2925,1695,44241,104884,149126,66605,0,9140,1300,7787,77047,84834,444623
2025-10-19,2025,10,19,port425,Guangzhou (Nansha),China,CHN,13,0,1,1,2,15,17,18986,0,0,0,7948,18986,26935,44426,0,0,439,0,44865,44865,444624
2025-10-20,2025,10,20,port425,Guangzhou (Nansha),China,CHN,19,1,4,1,5,25,30,39539,0,2629,1739,27937,43908,71846,65440,21168,5522,0,1841,92131,93972,444625
2025-10-21,2025,10,21,port425,Guangzhou (Nansha),China,CHN,12,0,3,1,3,16,19,29678,0,2925,619,14382,33224,47606,82817,0,3357,407,2311,86582,88893,444626
2025-10-22,2025,10,22,port425,Guangzhou (Nansha),China,CHN,11,0,1,3,0,15,15,62029,0,568,0,0,62598,62598,34876,0,0,4096,0,38972,38972,444627
2025-10-23,2025,10,23,port425,Guangzhou (Nansha),China,CHN,14,2,1,1,3,18,21,29012,33566,0,0,11977,62579,74557,90637,8787,1766,0,3513,101191,104705,444628
2025-10-24,2025,10,24,port425,Guangzhou (Nansha),China,CHN,18,1,3,2,5,24,29,73115,0,5851,3051,13390,82019,95409,61913,4741,4057,407,0,71119,71119,444629
2025-10-25,2025,10,25,port425,Guangzhou (Nansha),China,CHN,15,2,2,3,4,22,26,80938,1363,5930,1859,11112,90091,101203,62059,5441,780,1221,949,69502,70452,444630
2025-10-26,2025,10,26,port425,Guangzhou (Nansha),China,CHN,1,0,0,0,2,1,3,73334,0,0,0,10728,73334,84063,0,0,0,0,0,0,0,444631
2025-10-27,2025,10,27,port425,Guangzhou (Nansha),China,CHN,10,4,0,2,9,16,25,5041,87701,0,1239,28981,93982,122964,44682,2905,0,814,6217,48402,54620,444632
2025-10-28,2025,10,28,port425,Guangzhou (Nansha),China,CHN,15,2,7,3,4,27,31,14079,33566,9758,851,19352,58255,77608,51531,2905,18013,7729,908,80180,81088,444633
2025-10-29,2025,10,29,port425,Guangzhou (Nansha),China,CHN,15,3,1,3,2,22,24,65434,48583,523,1562,2008,116104,118112,75224,56143,0,2187,262,133555,133818,444634
2025-10-30,2025,10,30,port425,Guangzhou (Nansha),China,CHN,17,3,3,4,4,27,31,25704,167656,4982,2948,14763,201292,216056,74720,0,0,1300,564,76021,76585,444635
2025-10-31,2025,10,31,port425,Guangzhou (Nansha),China,CHN,16,2,7,5,8,30,38,102771,68963,8895,11001,21492,191632,213125,47025,29346,10141,2749,32781,89261,122042,444636
2025-11-01,2025,11,1,port425,Guangzhou (Nansha),China,CHN,14,2,5,3,8,24,32,97365,33566,1264,1239,75813,133436,209249,109799,7326,7257,814,3699,125196,128896,444637
2025-11-02,2025,11,2,port425,Guangzhou (Nansha),China,CHN,16,4,1,2,2,23,25,53792,90707,2925,2099,9827,149524,159351,50215,1316,780,547,0,52860,52860,444638
2025-11-03,2025,11,3,port425,Guangzhou (Nansha),China,CHN,16,1,3,2,11,22,33,18696,3943,16947,5883,37170,45470,82641,93525,0,1560,0,6168,95086,101254,444639
2025-11-04,2025,11,4,port425,Guangzhou (Nansha),China,CHN,26,1,2,1,6,30,36,62528,66637,1670,0,12000,130836,142836,124201,0,671,2563,2207,127436,129643,444640
2025-11-05,2025,11,5,port425,Guangzhou (Nansha),China,CHN,24,5,3,2,4,34,38,50930,332702,4059,1239,14324,388932,403257,74380,59493,875,814,1907,135564,137471,444641
2025-11-06,2025,11,6,port425,Guangzhou (Nansha),China,CHN,21,1,5,4,6,31,37,25326,0,8070,3671,32129,37067,69197,96546,6707,7243,814,2145,111312,113457,444642
2025-11-07,2025,11,7,port425,Guangzhou (Nansha),China,CHN,20,3,2,2,1,27,28,93982,84967,0,0,0,178949,178949,98263,2905,1166,4891,0,107227,107227,444643
2025-11-08,2025,11,8,port425,Guangzhou (Nansha),China,CHN,17,1,3,1,2,22,24,91060,65157,0,1320,3874,157539,161414,85517,0,3903,0,343,89420,89764,444644
2025-11-09,2025,11,9,port425,Guangzhou (Nansha),China,CHN,14,4,1,1,5,20,25,47704,71907,5599,0,3325,125211,128537,70335,0,0,0,1363,70335,71699,444645
2025-11-10,2025,11,10,port425,Guangzhou (Nansha),China,CHN,15,0,3,2,10,20,30,36197,0,6970,0,49826,43167,92994,141814,0,1560,4272,2013,147647,149661,444646
2025-11-11,2025,11,11,port425,Guangzhou (Nansha),China,CHN,18,2,2,1,4,23,27,31718,727,2925,619,3544,35991,39535,55041,51073,2441,407,3718,108963,112682,444647
2025-11-12,2025,11,12,port425,Guangzhou (Nansha),China,CHN,17,1,1,2,4,21,25,29746,31241,2642,513,42577,64144,106722,90584,0,0,0,764,90584,91348,444648
2025-11-13,2025,11,13,port425,Guangzhou (Nansha),China,CHN,17,0,4,0,1,21,22,52089,0,3643,0,3777,55733,59510,90354,0,3329,0,487,93683,94170,444649
2025-11-14,2025,11,14,port425,Guangzhou (Nansha),China,CHN,20,0,1,4,9,25,34,40683,0,2925,4736,31961,48345,80307,85641,0,780,2152,3533,88574,92107,444650
2025-11-15,2025,11,15,port425,Guangzhou (Nansha),China,CHN,16,0,2,2,5,20,25,29055,0,0,1239,87634,30294,117929,109681,0,5131,814,4554,115627,120182,444651
2025-11-16,2025,11,16,port425,Guangzhou (Nansha),China,CHN,18,2,1,0,2,21,23,47286,33566,0,0,11576,80853,92429,78303,2905,3921,0,1128,85130,86259,444652
2025-11-17,2025,11,17,port425,Guangzhou (Nansha),China,CHN,25,2,4,4,8,35,43,73411,30057,5144,2952,26639,111565,138204,77476,0,4673,0,11620,82149,93769,444653
2025-11-18,2025,11,18,port425,Guangzhou (Nansha),China,CHN,20,1,3,2,4,26,30,25906,0,4204,1709,30067,31819,61887,104952,0,992,407,568,106352,106920,444654
2025-11-19,2025,11,19,port425,Guangzhou (Nansha),China,CHN,17,0,1,3,7,21,28,58572,0,274,2447,35575,61295,96870,107697,0,0,814,10049,108511,118560,444655
2025-11-20,2025,11,20,port425,Guangzhou (Nansha),China,CHN,21,4,4,1,6,30,36,50665,67133,5851,619,49865,124270,174136,105283,58513,4524,407,3106,168728,171835,444656
2025-11-21,2025,11,21,port425,Guangzhou (Nansha),China,CHN,13,0,3,1,4,17,21,66015,0,6930,3382,17376,76329,93706,92483,0,1560,0,2141,94044,96186,444657
2025-11-22,2025,11,22,port425,Guangzhou (Nansha),China,CHN,16,1,1,2,2,20,22,16763,33566,5885,619,3777,56835,60612,74744,2905,0,1066,2848,78716,81565,444658
2025-11-23,2025,11,23,port425,Guangzhou (Nansha),China,CHN,16,3,5,1,2,25,27,68061,128172,5851,619,3589,202705,206294,82384,8715,4953,407,1182,96461,97644,444659
2025-11-24,2025,11,24,port425,Guangzhou (Nansha),China,CHN,20,1,3,4,9,28,37,81702,0,2925,1494,61003,86122,147126,107861,0,6663,407,6685,114931,121616,444660
2025-11-25,2025,11,25,port425,Guangzhou (Nansha),China,CHN,16,4,2,0,9,22,31,12508,166830,364,0,23703,179704,203407,81546,3687,1310,0,4772,86543,91316,444661
2025-11-26,2025,11,26,port425,Guangzhou (Nansha),China,CHN,23,1,2,2,3,28,31,55579,0,3012,893,6823,59485,66308,108466,66183,0,407,0,175057,175057,444662
2025-11-27,2025,11,27,port425,Guangzhou (Nansha),China,CHN,21,3,1,3,5,28,33,17120,54208,0,1513,17742,72841,90584,89108,6592,451,814,1182,96967,98150,444663
2025-11-28,2025,11,28,port425,Guangzhou (Nansha),China,CHN,25,1,3,1,7,30,37,42763,33566,29724,619,18891,106674,125565,131217,2905,6942,407,10262,141472,151734,444664
2025-11-29,2025,11,29,port425,Guangzhou (Nansha),China,CHN,15,1,6,3,5,25,30,65928,33494,8932,1940,12619,110296,122915,86827,0,8711,4994,12698,100534,113232,444665
2025-11-30,2025,11,30,port425,Guangzhou (Nansha),China,CHN,14,2,2,2,2,20,22,18247,83090,5851,1075,4016,108264,112280,56061,3687,1560,893,525,62202,62728,444666
2025-12-01,2025,12,1,port425,Guangzhou (Nansha),China,CHN,20,3,2,2,4,27,31,64863,67133,6202,1239,12704,139439,152144,80959,5811,780,814,974,88365,89340,444667
2025-12-02,2025,12,2,port425,Guangzhou (Nansha),China,CHN,23,2,5,1,9,31,40,62293,51397,4603,619,32617,118914,151532,86858,0,13412,407,6419,100678,107097,444668
2025-12-03,2025,12,3,port425,Guangzhou (Nansha),China,CHN,21,1,1,1,3,24,27,65834,33566,0,0,7383,99401,106784,75328,2905,0,4451,1222,82686,83908,444669
2025-12-04,2025,12,4,port425,Guangzhou (Nansha),China,CHN,24,2,4,2,5,32,37,29450,0,8055,619,11070,38125,49196,101812,14670,1205,2457,1566,120145,121711,444670
2025-12-05,2025,12,5,port425,Guangzhou (Nansha),China,CHN,15,2,1,2,6,20,26,39085,101578,3140,619,18112,144424,162536,64860,0,0,1434,2223,66295,68518,444671
2025-12-06,2025,12,6,port425,Guangzhou (Nansha),China,CHN,20,3,5,3,3,31,34,63564,47557,9181,582,11490,120886,132377,84462,37056,4285,0,866,125804,126671,444672
2025-12-07,2025,12,7,port425,Guangzhou (Nansha),China,CHN,16,2,0,0,1,18,19,39061,94247,0,0,5788,133309,139097,77445,2905,0,0,564,80351,80915,444673
2025-12-08,2025,12,8,port425,Guangzhou (Nansha),China,CHN,18,3,5,4,11,30,41,74752,67133,8017,4769,19369,154672,174042,80959,49747,9296,486,5364,140490,145855,444674
2025-12-09,2025,12,9,port425,Guangzhou (Nansha),China,CHN,24,2,1,4,6,31,37,61998,33566,1696,1167,26632,98429,125061,69588,2905,0,407,2637,72901,75539,444675
2025-12-10,2025,12,10,port425,Guangzhou (Nansha),China,CHN,20,1,2,2,5,25,30,45273,28158,2925,1684,11002,78041,89043,82205,0,3356,6073,1483,91635,93118,444676
2025-12-11,2025,12,11,port425,Guangzhou (Nansha),China,CHN,22,5,4,3,2,34,36,83968,39759,12743,5016,11750,141487,153238,76619,251101,0,1458,0,329179,329179,444677
2025-12-12,2025,12,12,port425,Guangzhou (Nansha),China,CHN,20,0,2,2,10,24,34,61924,0,7580,1213,25013,70719,95732,97426,0,780,0,5943,98206,104150,444678
2025-12-13,2025,12,13,port425,Guangzhou (Nansha),China,CHN,13,1,6,1,8,21,29,10560,38242,15226,0,25729,64029,89758,60392,0,10011,0,3718,70403,74122,444679
2025-12-14,2025,12,14,port425,Guangzhou (Nansha),China,CHN,15,0,1,3,1,19,20,20848,0,5183,4382,1772,30414,32186,73330,0,0,407,343,73737,74081,444680
2025-12-15,2025,12,15,port425,Guangzhou (Nansha),China,CHN,17,5,2,0,6,24,30,60745,221564,2925,0,65507,285235,350742,52154,2905,2260,0,2506,57321,59827,444681
2025-12-16,2025,12,16,port425,Guangzhou (Nansha),China,CHN,20,3,4,1,4,28,32,52579,101815,3022,619,4986,158036,163023,63963,2905,3721,407,1961,70997,72958,444682
2025-12-17,2025,12,17,port425,Guangzhou (Nansha),China,CHN,22,1,4,3,4,30,34,30874,11031,5851,5328,6712,53085,59798,80239,0,6223,407,7647,86870,94518,444683
2025-12-18,2025,12,18,port425,Guangzhou (Nansha),China,CHN,22,1,3,2,5,28,33,61788,33566,0,1320,30409,96675,127084,98113,2905,9742,469,89600,111231,200832,444684
2025-12-19,2025,12,19,port425,Guangzhou (Nansha),China,CHN,20,3,2,1,8,26,34,65231,170871,2925,0,24808,239028,263837,78658,2905,9884,1533,3114,92981,96096,444685
2025-12-20,2025,12,20,port425,Guangzhou (Nansha),China,CHN,22,2,2,3,3,29,32,33401,9905,3069,4271,20247,50648,70895,136887,0,2527,3033,1182,142448,143630,444686
2025-12-21,2025,12,21,port425,Guangzhou (Nansha),China,CHN,23,1,3,3,3,30,33,155549,66710,2925,1801,12682,226987,239670,85060,0,4897,490,947,90449,91396,444687
2025-12-22,2025,12,22,port425,Guangzhou (Nansha),China,CHN,20,2,5,3,8,30,38,62475,33566,4130,3988,24371,104160,128532,118707,2905,7402,407,6647,129423,136070,444688
2025-12-23,2025,12,23,port425,Guangzhou (Nansha),China,CHN,18,2,1,1,4,22,26,51520,49703,0,2949,11591,104172,115764,78733,2905,2009,0,2368,83649,86017,444689
2025-12-24,2025,12,24,port425,Guangzhou (Nansha),China,CHN,21,1,1,1,3,24,27,17463,0,1516,619,1243,19600,20843,96268,48321,0,407,4303,144997,149301,444690
2025-12-25,2025,12,25,port425,Guangzhou (Nansha),China,CHN,23,0,1,3,6,27,33,70019,0,2642,0,16295,72662,88957,50230,0,0,192,1446,50422,51869,444691
2025-12-26,2025,12,26,port425,Guangzhou (Nansha),China,CHN,24,1,2,1,5,28,33,88970,9024,0,3762,15400,101757,117158,123723,0,5139,0,1435,128863,130298,444692
2025-12-27,2025,12,27,port425,Guangzhou (Nansha),China,CHN,19,4,5,0,7,28,35,74034,101777,5144,0,25652,180956,206609,42110,11406,6719,0,3420,60237,63657,444693
2025-12-28,2025,12,28,port425,Guangzhou (Nansha),China,CHN,19,2,1,0,3,22,25,34713,71573,0,0,4291,106287,110578,97543,0,0,0,1182,97543,98725,444694
2025-12-29,2025,12,29,port425,Guangzhou (Nansha),China,CHN,24,4,2,4,5,34,39,37810,121624,5851,3789,12580,169075,181656,85919,9574,1560,407,1729,97461,99190,444695
2025-12-30,2025,12,30,port425,Guangzhou (Nansha),China,CHN,24,0,3,1,3,28,31,50225,0,0,1320,14029,51546,65576,73848,0,8571,0,1051,82419,83471,444696
2025-12-31,2025,12,31,port425,Guangzhou (Nansha),China,CHN,23,2,3,0,8,28,36,61446,44978,12819,0,20542,119245,139787,89040,0,780,0,1972,89821,91794,444697
2026-01-01,2026,1,1,port425,Guangzhou (Nansha),China,CHN,20,5,5,4,4,34,38,88135,171989,4161,3630,12179,267917,280096,68524,5811,6511,1866,13170,82713,95884,444698
2026-01-02,2026,1,2,port425,Guangzhou (Nansha),China,CHN,17,0,2,1,4,20,24,40112,0,3022,619,6583,43754,50338,135083,0,5158,407,1669,140649,142319,444699
2026-01-03,2026,1,3,port425,Guangzhou (Nansha),China,CHN,16,2,2,3,4,23,27,42853,0,146,1199,32096,44199,76296,47137,0,1447,3540,487,52124,52612,444700
2026-01-04,2026,1,4,port425,Guangzhou (Nansha),China,CHN,18,2,1,3,3,24,27,34775,72138,2272,3250,5052,112435,117487,93101,0,0,486,262,93588,93851,444701
2026-01-05,2026,1,5,port425,Guangzhou (Nansha),China,CHN,25,2,1,1,10,29,39,104506,70085,0,0,25083,174592,199675,127968,0,0,0,2908,127968,130877,444702
2026-01-06,2026,1,6,port425,Guangzhou (Nansha),China,CHN,19,2,3,2,8,26,34,81195,66524,9312,0,23159,157032,180191,68198,0,780,3008,2216,71987,74204,444703
2026-01-07,2026,1,7,port425,Guangzhou (Nansha),China,CHN,21,1,5,1,4,28,32,37050,13641,30745,851,4578,82288,86867,118155,0,2340,485,7124,120981,128105,444704
2026-01-08,2026,1,8,port425,Guangzhou (Nansha),China,CHN,25,4,2,2,8,33,41,54472,209969,2218,572,11226,267232,278458,69974,5811,4207,1133,15330,81127,96457,444705
2026-01-09,2026,1,9,port425,Guangzhou (Nansha),China,CHN,15,3,1,1,4,20,24,14884,140810,362,0,7197,156057,163254,86796,0,0,0,584,86796,87380,444706
2026-01-10,2026,1,10,port425,Guangzhou (Nansha),China,CHN,17,1,3,1,5,22,27,43248,60237,0,2432,8009,105918,113927,40302,0,5069,0,2273,45371,47645,444707
2026-01-11,2026,1,11,port425,Guangzhou (Nansha),China,CHN,18,0,0,0,1,18,19,48782,0,0,0,0,48782,48782,73413,0,0,0,1691,73413,75104,444708
2026-01-12,2026,1,12,port425,Guangzhou (Nansha),China,CHN,20,7,4,2,3,33,36,36502,151656,2186,619,4025,190965,194991,83187,3687,1022,407,0,88304,88304,444709
2026-01-13,2026,1,13,port425,Guangzhou (Nansha),China,CHN,27,2,2,2,9,33,42,61708,39373,0,4309,29512,105391,134904,104455,2905,3116,0,6509,110478,116987,444710
2026-01-14,2026,1,14,port425,Guangzhou (Nansha),China,CHN,23,1,2,2,7,28,35,21489,33566,5209,1132,9003,61398,70401,102429,2905,2355,407,1388,108097,109486,444711
2026-01-15,2026,1,15,port425,Guangzhou (Nansha),China,CHN,24,2,0,1,3,27,30,44030,17638,0,1684,9131,63352,72484,117245,0,0,0,959,117245,118204,444712
2026-01-16,2026,1,16,port425,Guangzhou (Nansha),China,CHN,20,2,6,2,7,30,37,41781,1364,4963,4382,119173,52492,171666,70136,10164,7260,407,4303,87968,92272,444713
2026-01-17,2026,1,17,port425,Guangzhou (Nansha),China,CHN,16,2,6,2,2,26,28,102065,17315,12033,0,5788,131415,137203,65566,3687,4071,914,1538,74239,75777,444714
2026-01-18,2026,1,18,port425,Guangzhou (Nansha),China,CHN,14,0,2,2,4,18,22,54354,0,1022,2667,7025,58044,65070,19196,0,3574,407,2102,23178,25281,444715
2026-01-19,2026,1,19,port425,Guangzhou (Nansha),China,CHN,18,2,6,1,6,27,33,42397,121173,7145,3762,8332,174479,182812,56857,0,12716,0,8015,69573,77589,444716
2026-01-20,2026,1,20,port425,Guangzhou (Nansha),China,CHN,21,4,0,4,7,29,36,117820,31509,0,1578,10363,150908,161271,118295,5796,0,3966,5054,128058,133112,444717
2026-01-21,2026,1,21,port425,Guangzhou (Nansha),China,CHN,22,3,2,1,7,28,35,30245,45036,2925,619,19051,78827,97878,103391,0,3760,407,2353,107559,109913,444718
2026-01-22,2026,1,22,port425,Guangzhou (Nansha),China,CHN,18,2,4,1,5,25,30,59430,68461,14653,851,17869,143396,161266,38764,2905,2006,485,564,44162,44726,444719
2026-01-23,2026,1,23,port425,Guangzhou (Nansha),China,CHN,19,0,2,1,1,22,23,15026,0,6044,619,3061,21690,24752,84558,0,0,407,0,84966,84966,444720
2026-01-24,2026,1,24,port425,Guangzhou (Nansha),China,CHN,19,3,3,1,6,26,32,65296,118165,4635,0,17319,188097,205416,103435,2905,2166,0,2262,108507,110770,444721
2026-01-25,2026,1,25,port425,Guangzhou (Nansha),China,CHN,14,3,3,3,3,23,26,18859,60170,0,2238,1441,81268,82710,74325,25391,19376,407,551,119500,120052,444722
2026-01-26,2026,1,26,port425,Guangzhou (Nansha),China,CHN,24,1,4,3,6,32,38,51689,1745,7916,2360,87916,63710,151627,96732,0,1028,892,487,98653,99140,444723
2026-01-27,2026,1,27,port425,Guangzhou (Nansha),China,CHN,20,0,2,3,4,25,29,17853,0,6080,619,11166,24552,35718,82011,0,0,407,1717,82418,84136,444724
2026-01-28,2026,1,28,port425,Guangzhou (Nansha),China,CHN,18,0,2,1,2,21,23,24235,0,3965,3762,2443,31963,34407,115949,0,780,0,0,116729,116729,444725
2026-01-29,2026,1,29,port425,Guangzhou (Nansha),China,CHN,18,1,7,1,3,27,30,66244,33566,21078,0,16968,120889,137858,89993,2905,7058,3301,4608,103259,107867,444726
2026-01-30,2026,1,30,port425,Guangzhou (Nansha),China,CHN,10,3,1,2,5,16,21,8571,0,6731,2727,13856,18031,31887,38105,113856,0,3878,262,155840,156103,444727
2026-01-31,2026,1,31,port425,Guangzhou (Nansha),China,CHN,16,2,4,1,9,23,32,39508,33566,4417,0,61370,77493,138863,63714,9461,7896,219,2409,81292,83702,444728
2026-02-01,2026,2,1,port425,Guangzhou (Nansha),China,CHN,21,1,0,1,3,23,26,33434,6305,0,958,19733,40698,60431,88221,0,0,0,1182,88221,89404,444729
2026-02-02,2026,2,2,port425,Guangzhou (Nansha),China,CHN,20,1,5,1,4,27,31,137057,0,8179,619,4911,145857,150769,103683,969,8714,407,1384,113774,115158,444730
2026-02-03,2026,2,3,port425,Guangzhou (Nansha),China,CHN,21,2,3,3,3,29,32,21432,46669,4781,1829,2316,74712,77029,134945,3687,2798,2174,3483,143605,147089,444731
2026-02-04,2026,2,4,port425,Guangzhou (Nansha),China,CHN,19,0,4,0,9,23,32,35576,0,4322,0,24494,39899,64393,58108,0,2318,0,45561,60427,105989,444732
2026-02-05,2026,2,5,port425,Guangzhou (Nansha),China,CHN,25,1,3,3,7,32,39,81238,0,6788,5013,81187,93040,174228,108075,54985,5392,407,4655,168860,173516,444733
2026-02-06,2026,2,6,port425,Guangzhou (Nansha),China,CHN,22,3,3,2,8,30,38,49884,0,2642,619,33269,53147,86416,170081,233388,4108,2361,5338,409940,415278,444734
2026-02-07,2026,2,7,port425,Guangzhou (Nansha),China,CHN,13,2,0,0,5,15,20,23793,69473,0,0,10391,93267,103659,48600,0,0,0,5916,48600,54517,444735
2026-02-08,2026,2,8,port425,Guangzhou (Nansha),China,CHN,20,0,2,3,4,25,29,21583,0,8829,2740,11117,33153,44270,140046,0,0,890,487,140936,141424,444736
2026-02-09,2026,2,9,port425,Guangzhou (Nansha),China,CHN,17,2,1,2,5,22,27,35501,33566,5528,619,24164,75216,99380,141382,73336,0,407,2234,215125,217359,444737
2026-02-10,2026,2,10,port425,Guangzhou (Nansha),China,CHN,19,2,2,1,4,24,28,23577,28538,2639,0,12492,54755,67247,55141,3687,4368,598,2248,63795,66044,444738
2026-02-11,2026,2,11,port425,Guangzhou (Nansha),China,CHN,23,2,3,1,8,29,37,50203,67656,0,1684,9892,119543,129436,153333,0,8778,0,4730,162111,166841,444739
2026-02-12,2026,2,12,port425,Guangzhou (Nansha),China,CHN,20,1,7,1,9,29,38,33074,74159,12530,619,17888,120384,138272,103140,0,14606,407,4159,118153,122313,444740
2026-02-13,2026,2,13,port425,Guangzhou (Nansha),China,CHN,13,2,2,3,8,20,28,29721,9561,3202,1239,11775,43724,55499,89392,67050,0,814,5350,157257,162608,444741
2026-02-14,2026,2,14,port425,Guangzhou (Nansha),China,CHN,21,1,2,4,5,28,33,46359,0,6392,619,4855,53371,58227,99737,8622,543,2739,267,111642,111910,444742
2026-02-15,2026,2,15,port425,Guangzhou (Nansha),China,CHN,21,1,4,0,1,26,27,40609,0,5851,0,1086,46460,47547,69408,43891,12755,0,0,126055,126055,444743
2026-02-16,2026,2,16,port425,Guangzhou (Nansha),China,CHN,20,0,0,0,6,20,26,46596,0,0,0,9286,46596,55882,83576,0,0,0,2559,83576,86136,444744
2026-02-17,2026,2,17,port425,Guangzhou (Nansha),China,CHN,17,2,2,2,3,23,26,55207,25168,2452,1684,4042,84511,88553,108789,3687,506,2859,12756,115842,128599,444745
2026-02-18,2026,2,18,port425,Guangzhou (Nansha),China,CHN,15,2,1,0,4,18,22,3274,72418,7154,0,6610,82847,89458,51514,0,0,0,0,51514,51514,444746
2026-02-19,2026,2,19,port425,Guangzhou (Nansha),China,CHN,19,0,0,1,5,20,25,25474,0,0,0,13091,25474,38565,94623,0,0,0,2719,94623,97343,444747
2026-02-20,2026,2,20,port425,Guangzhou (Nansha),China,CHN,19,0,0,1,4,20,24,45243,0,0,0,19397,45243,64640,95443,0,0,0,1875,95443,97319,444748
2026-02-21,2026,2,21,port425,Guangzhou (Nansha),China,CHN,15,1,2,0,6,18,24,33852,0,5851,0,20676,39703,60379,61149,72168,1560,0,3533,134878,138412,444749
2026-02-22,2026,2,22,port425,Guangzhou (Nansha),China,CHN,18,0,1,2,2,21,23,37834,0,2925,1239,1413,41999,43413,50601,0,780,814,0,52196,52196,444750
2026-02-23,2026,2,23,port425,Guangzhou (Nansha),China,CHN,16,4,2,1,5,23,28,37112,68430,3212,2047,15650,110804,126455,44107,66718,0,0,1446,110825,112271,444751
2026-02-24,2026,2,24,port425,Guangzhou (Nansha),China,CHN,16,3,0,0,5,19,24,21255,141150,0,0,12006,162405,174411,68746,0,0,0,3120,68746,71866,444752
2026-02-25,2026,2,25,port425,Guangzhou (Nansha),China,CHN,17,3,1,1,6,22,28,30465,0,0,958,16566,31423,47990,68663,113390,5460,0,2049,187513,189562,444753
2026-02-26,2026,2,26,port425,Guangzhou (Nansha),China,CHN,15,1,1,3,3,20,23,47413,0,0,619,14091,48033,62125,37092,67681,0,2289,564,107063,107627,444754
2026-02-27,2026,2,27,port425,Guangzhou (Nansha),China,CHN,19,2,2,1,6,24,30,85331,37176,2925,0,13685,125434,139119,59896,0,3642,547,1628,64085,65713,444755
2026-02-28,2026,2,28,port425,Guangzhou (Nansha),China,CHN,18,1,6,0,6,25,31,47100,5421,8992,0,61343,61514,122857,40185,0,7087,0,1749,47272,49022,444756
2026-03-01,2026,3,1,port425,Guangzhou (Nansha),China,CHN,18,2,1,2,1,23,24,98960,0,2108,851,2806,101920,104727,36741,136897,0,485,1182,174124,175307,444757
2026-03-02,2026,3,2,port425,Guangzhou (Nansha),China,CHN,18,3,2,2,6,25,31,53461,48087,0,619,16944,102169,119113,62645,4263,2181,407,3193,69497,72691,444758
2026-03-03,2026,3,3,port425,Guangzhou (Nansha),China,CHN,19,2,1,1,5,23,28,45567,92014,0,958,84385,138540,222925,43322,2905,1291,0,0,47519,47519,444759
2026-03-04,2026,3,4,port425,Guangzhou (Nansha),China,CHN,17,3,5,4,4,29,33,78738,36465,14432,1239,10602,130876,141479,30689,0,5891,814,4612,37395,42008,444760
2026-03-05,2026,3,5,port425,Guangzhou (Nansha),China,CHN,11,4,3,1,4,19,23,15100,45676,11544,0,11822,72321,84144,41616,23989,780,0,564,66386,66950,444761
2026-03-06,2026,3,6,port425,Guangzhou (Nansha),China,CHN,18,0,2,2,8,22,30,49064,0,2726,0,8182,51790,59973,40208,0,3064,0,9662,43273,52935,444762
2026-03-07,2026,3,7,port425,Guangzhou (Nansha),China,CHN,15,1,5,1,1,22,23,45598,4897,9223,0,2806,59719,62526,52768,0,4143,439,1182,57351,58533,444763
2026-03-08,2026,3,8,port425,Guangzhou (Nansha),China,CHN,15,3,3,3,2,24,26,52317,50288,6363,2288,7796,111257,119053,21979,43212,1866,893,827,67952,68779,444764
2026-03-09,2026,3,9,port425,Guangzhou (Nansha),China,CHN,18,2,1,3,4,24,28,50186,58278,1114,1958,7075,111538,118614,50518,74014,0,0,0,124532,124532,444765
2026-03-10,2026,3,10,port425,Guangzhou (Nansha),China,CHN,25,1,2,2,3,30,33,42326,30945,2925,3948,8347,80145,88493,77275,0,3329,0,974,80605,81580,444766
2026-03-11,2026,3,11,port425,Guangzhou (Nansha),China,CHN,20,3,4,2,8,29,37,51508,41395,3015,0,16903,95919,112822,36022,6634,2152,405,5355,45215,50571,444767
2026-03-12,2026,3,12,port425,Guangzhou (Nansha),China,CHN,14,3,1,2,9,20,29,46962,36832,0,1239,27321,85034,112356,79434,33258,1577,814,5781,115085,120867,444768
2026-03-13,2026,3,13,port425,Guangzhou (Nansha),China,CHN,15,1,1,1,5,18,23,54349,17315,0,4386,6011,76051,82063,41735,3687,10397,0,2216,55819,58036,444769
2026-03-14,2026,3,14,port425,Guangzhou (Nansha),China,CHN,15,3,2,2,5,22,27,107678,81708,7521,619,3777,197529,201306,34031,5811,0,811,19552,40654,60206,444770
2026-03-15,2026,3,15,port425,Guangzhou (Nansha),China,CHN,19,0,1,1,2,21,23,65576,0,2925,0,4572,68502,73074,69396,0,780,1923,959,72100,73059,444771
2026-03-16,2026,3,16,port425,Guangzhou (Nansha),China,CHN,18,3,3,3,5,27,32,19261,109394,5635,1239,18966,135531,154497,87863,0,780,814,2049,89457,91506,444772
2026-03-17,2026,3,17,port425,Guangzhou (Nansha),China,CHN,25,1,1,2,6,29,35,31282,59135,0,619,57746,91038,148784,65082,0,9809,407,959,75299,76258,444773
2026-03-18,2026,3,18,port425,Guangzhou (Nansha),China,CHN,21,2,5,2,4,30,34,53607,47064,14582,619,12179,115874,128054,62235,37397,5847,1626,6753,107107,113861,444774
2026-03-19,2026,3,19,port425,Guangzhou (Nansha),China,CHN,18,3,2,2,4,25,29,71557,76510,5851,619,7576,154538,162115,70346,0,1560,2286,2412,74193,76605,444775
2026-03-20,2026,3,20,port425,Guangzhou (Nansha),China,CHN,18,2,4,1,10,25,35,44001,106277,3672,958,30747,154910,185658,39906,2905,1182,0,3133,43994,47127,444776
2026-03-21,2026,3,21,port425,Guangzhou (Nansha),China,CHN,24,3,2,1,6,30,36,40010,24935,1848,0,10220,66794,77015,65261,0,75,813,1094,66150,67244,444777
2026-03-22,2026,3,22,port425,Guangzhou (Nansha),China,CHN,24,2,5,0,5,31,36,92464,33566,4579,0,17244,130610,147855,115376,2905,3972,0,2087,122254,124342,444778
2026-03-23,2026,3,23,port425,Guangzhou (Nansha),China,CHN,15,1,3,1,3,20,23,23462,33566,4258,619,12290,61908,74198,82975,2905,0,407,1051,86288,87340,444779
2026-03-24,2026,3,24,port425,Guangzhou (Nansha),China,CHN,19,2,6,2,5,29,34,31926,67133,7993,1902,20927,108955,129883,65884,5811,10995,486,2929,83178,86107,444780
2026-03-25,2026,3,25,port425,Guangzhou (Nansha),China,CHN,19,0,5,1,5,25,30,13253,0,10554,0,13235,23807,37042,86822,0,10297,0,2583,97120,99704,444781
2026-03-26,2026,3,26,port425,Guangzhou (Nansha),China,CHN,22,0,5,2,4,29,33,37730,0,0,619,5989,38350,44339,98660,0,7607,407,836,106675,107511,444782
2026-03-27,2026,3,27,port425,Guangzhou (Nansha),China,CHN,21,3,2,2,1,28,29,63674,61582,5853,0,6566,131111,137677,95665,4288,780,5211,0,105945,105945,444783
2026-03-28,2026,3,28,port425,Guangzhou (Nansha),China,CHN,16,1,5,2,7,24,31,95646,21446,3998,619,22680,121710,144391,62585,0,4437,681,875,67704,68579,444784
2026-03-29,2026,3,29,port425,Guangzhou (Nansha),China,CHN,21,1,3,2,2,27,29,70079,69389,2925,851,2806,143245,146052,49086,0,11140,485,5814,60712,66526,444785
2026-03-30,2026,3,30,port425,Guangzhou (Nansha),China,CHN,19,2,3,1,10,25,35,25812,49905,11647,619,13325,87984,101310,86548,1670,2853,407,4585,91480,96065,444786
2026-03-31,2026,3,31,port425,Guangzhou (Nansha),China,CHN,22,0,4,1,7,27,34,16301,0,8637,619,20729,25558,46288,84305,0,2111,407,4446,86823,91269,444787
2026-04-01,2026,4,1,port425,Guangzhou (Nansha),China,CHN,17,4,3,3,4,27,31,41933,177752,2868,4388,13101,226942,240043,49176,8717,3996,892,959,62783,63742,444788
2026-04-02,2026,4,2,port425,Guangzhou (Nansha),China,CHN,20,2,4,4,7,30,37,67495,85293,2218,3505,27459,158513,185973,69487,0,4723,814,3302,75024,78327,444789
2026-04-03,2026,4,3,port425,Guangzhou (Nansha),China,CHN,21,4,4,2,7,31,38,45753,167692,18833,619,9027,232899,241927,66797,9456,804,683,7277,77742,85020,444790
2026-04-04,2026,4,4,port425,Guangzhou (Nansha),China,CHN,13,0,4,2,8,19,27,21922,0,6722,0,14302,28645,42947,82219,0,2909,0,1300,85129,86429,444791
2026-04-05,2026,4,5,port425,Guangzhou (Nansha),China,CHN,15,2,3,1,1,21,22,31005,60019,10184,0,3777,101208,104985,43936,0,1560,1330,487,46827,47315,444792
2026-04-06,2026,4,6,port425,Guangzhou (Nansha),China,CHN,23,4,3,2,1,32,33,42328,72254,15435,2323,0,132342,132342,124976,0,0,0,15305,124976,140282,444793
2026-04-07,2026,4,7,port425,Guangzhou (Nansha),China,CHN,16,2,3,3,2,24,26,19641,0,6142,1239,3777,27022,30800,74510,49905,6657,814,3062,131887,134949,444794
2026-04-08,2026,4,8,port425,Guangzhou (Nansha),China,CHN,24,2,1,1,7,28,35,92611,66853,0,0,25336,159465,184801,46824,0,966,1330,4976,49121,54098,444795
2026-04-09,2026,4,9,port425,Guangzhou (Nansha),China,CHN,17,2,2,2,4,23,27,38449,107968,0,0,3190,146418,149608,71462,0,6339,5242,4607,83045,87652,444796
2026-04-10,2026,4,10,port425,Guangzhou (Nansha),China,CHN,20,1,3,0,10,24,34,44828,0,1979,0,25950,46808,72758,85727,0,4639,0,7566,90367,97934,444797
2026-04-11,2026,4,11,port425,Guangzhou (Nansha),China,CHN,16,0,0,0,5,16,21,100020,0,0,0,8096,100020,108116,71820,0,0,0,2642,71820,74463,444798
2026-04-12,2026,4,12,port425,Guangzhou (Nansha),China,CHN,19,2,3,3,4,27,31,45243,1470,11806,1023,2439,59544,61983,92614,19538,1206,407,2057,113766,115824,444799
2026-04-13,2026,4,13,port425,Guangzhou (Nansha),China,CHN,22,2,4,3,7,31,38,23594,51432,4691,2712,22009,82430,104440,76795,2905,780,3106,2585,83588,86173,444800
2026-04-14,2026,4,14,port425,Guangzhou (Nansha),China,CHN,22,1,2,0,9,25,34,41209,33566,0,0,71898,74776,146675,103482,2905,3059,0,8497,109447,117945,444801
2026-04-15,2026,4,15,port425,Guangzhou (Nansha),China,CHN,17,3,3,1,7,24,31,44257,17315,2941,619,11848,65134,76983,81675,3687,9863,407,11183,95633,106816,444802
2026-04-16,2026,4,16,port425,Guangzhou (Nansha),China,CHN,26,3,1,3,6,33,39,92883,112531,0,1239,15307,206655,221962,87743,36164,2515,1772,7481,128196,135678,444803
2026-04-17,2026,4,17,port425,Guangzhou (Nansha),China,CHN,20,1,5,0,9,26,35,39374,10675,13980,0,26804,64030,90834,97907,0,3544,0,1954,101451,103405,444804
2026-04-18,2026,4,18,port425,Guangzhou (Nansha),China,CHN,26,1,4,0,4,31,35,73586,73139,2925,0,10384,149651,160036,106142,0,10619,0,3062,116762,119824,444805
2026-04-19,2026,4,19,port425,Guangzhou (Nansha),China,CHN,19,0,5,1,2,25,27,18555,0,11764,3444,713,33765,34479,111322,0,3917,0,1718,115240,116958,444806
2026-04-20,2026,4,20,port425,Guangzhou (Nansha),China,CHN,23,3,1,4,9,31,40,46605,179780,4702,1239,16183,232328,248511,106001,2905,0,1699,9307,110607,119914,444807
2026-04-21,2026,4,21,port425,Guangzhou (Nansha),China,CHN,23,0,3,0,9,26,35,64269,0,1490,0,7271,65760,73031,84006,0,7340,0,9484,91347,100832,444808
2026-04-22,2026,4,22,port425,Guangzhou (Nansha),China,CHN,20,1,6,2,9,29,38,40341,17315,3542,877,33035,62077,95112,92772,3687,9547,0,41066,106006,147073,444809
2026-04-23,2026,4,23,port425,Guangzhou (Nansha),China,CHN,17,4,2,2,6,25,31,60890,184423,6156,1940,13385,253411,266796,50134,30485,780,407,17157,81807,98965,444810
2026-04-24,2026,4,24,port425,Guangzhou (Nansha),China,CHN,18,3,2,3,6,26,32,27521,130677,0,619,30774,158818,189592,66877,3687,5894,3828,487,80287,80774,444811
2026-04-25,2026,4,25,port425,Guangzhou (Nansha),China,CHN,19,1,4,1,3,25,28,109648,0,0,0,8071,109648,117719,59284,0,23191,0,2574,82475,85050,444812
2026-04-26,2026,4,26,port425,Guangzhou (Nansha),China,CHN,21,1,2,0,1,24,25,23852,66414,5881,0,4675,96148,100824,73667,0,2236,0,0,75904,75904,444813
2026-04-27,2026,4,27,port425,Guangzhou (Nansha),China,CHN,16,4,5,2,6,27,33,22031,69890,7826,1684,29388,101432,130821,86710,44932,10863,0,531,142506,143038,444814
2026-04-28,2026,4,28,port425,Guangzhou (Nansha),China,CHN,25,1,3,1,5,30,35,29082,33566,1965,0,9265,64614,73880,123582,2905,8089,0,2470,134578,137048,444815
2026-04-29,2026,4,29,port425,Guangzhou (Nansha),China,CHN,17,0,2,2,4,21,25,52266,0,0,1239,16222,53506,69728,37936,0,8583,814,10104,47334,57438,444816
2026-04-30,2026,4,30,port425,Guangzhou (Nansha),China,CHN,19,6,2,1,5,28,33,52968,197977,9501,455,11106,260902,272009,65248,13246,1155,486,1841,80137,81979,444817
2026-05-01,2026,5,1,port425,Guangzhou (Nansha),China,CHN,19,3,1,0,5,23,28,36418,70243,0,0,18841,106661,125502,57826,10361,4804,0,1821,72992,74814,444818
2026-05-02,2026,5,2,port425,Guangzhou (Nansha),China,CHN,23,1,0,4,8,28,36,12580,69153,0,2158,15305,83893,99198,135827,0,0,407,8398,136234,144632,444819
2026-05-03,2026,5,3,port425,Guangzhou (Nansha),China,CHN,19,1,0,1,4,21,25,107217,67750,0,0,3890,174968,178858,68705,0,0,2531,88626,71236,159863,444820
2026-05-04,2026,5,4,port425,Guangzhou (Nansha),China,CHN,20,2,4,4,5,30,35,1878,26928,0,3098,9242,31906,41148,118422,0,25615,407,2571,144445,147016,444821
2026-05-05,2026,5,5,port425,Guangzhou (Nansha),China,CHN,26,3,3,2,5,34,39,81432,258285,9493,0,14097,349211,363309,69843,73384,5599,4317,7671,153145,160816,444822
2026-05-06,2026,5,6,port425,Guangzhou (Nansha),China,CHN,26,3,3,1,4,33,37,84649,64923,7941,0,15095,157514,172609,126308,79219,1138,1020,1296,207687,208983,444823
2026-05-07,2026,5,7,port425,Guangzhou (Nansha),China,CHN,22,3,1,2,5,28,33,76272,103477,1635,0,13324,181385,194710,63672,2905,0,2590,4227,69168,73396,444824
2026-05-08,2026,5,8,port425,Guangzhou (Nansha),China,CHN,19,1,1,2,3,23,26,35535,29027,3374,1075,43635,69012,112648,102489,0,0,893,827,103383,104210,444825
2026-05-09,2026,5,9,port425,Guangzhou (Nansha),China,CHN,20,2,4,0,2,26,28,34149,15605,730,0,0,50485,50485,91834,0,7148,0,7075,98983,106058,444826
2026-05-10,2026,5,10,port425,Guangzhou (Nansha),China,CHN,13,4,1,1,2,19,21,47543,159076,0,0,3932,206619,210552,60722,8110,3209,273,487,72316,72804,444827
2026-05-11,2026,5,11,port425,Guangzhou (Nansha),China,CHN,20,1,5,1,10,27,37,25834,67856,22131,0,12664,115822,128487,97379,0,7531,3058,2240,107969,110210,444828
2026-05-12,2026,5,12,port425,Guangzhou (Nansha),China,CHN,18,6,4,2,8,30,38,29699,165486,192,619,19441,195997,215439,94670,62276,11163,3513,6347,171623,177971,444829
2026-05-13,2026,5,13,port425,Guangzhou (Nansha),China,CHN,20,2,1,2,1,25,26,46909,33566,0,0,413,80475,80889,102113,2905,3672,2168,0,110860,110860,444830
2026-05-14,2026,5,14,port425,Guangzhou (Nansha),China,CHN,20,3,4,2,7,29,36,41020,72801,0,0,12403,113821,126225,95208,0,13093,1058,5545,109360,114906,444831
2026-05-15,2026,5,15,port425,Guangzhou (Nansha),China,CHN,20,2,3,1,6,26,32,39973,103720,3118,2047,16430,148860,165290,66830,2905,5164,0,0,74901,74901,444832
2026-05-16,2026,5,16,port425,Guangzhou (Nansha),China,CHN,22,0,2,3,5,27,32,60126,0,6898,3335,15064,70360,85425,84711,0,780,407,2897,85898,88796,444833
2026-05-17,2026,5,17,port425,Guangzhou (Nansha),China,CHN,13,3,3,0,1,19,20,29945,123155,3867,0,2806,156968,159775,44568,0,4126,0,1182,48694,49877,444834
2026-05-18,2026,5,18,port425,Guangzhou (Nansha),China,CHN,16,2,3,2,6,23,29,47738,17315,2925,1538,9701,69519,79220,115366,3687,6235,0,45233,125289,170523,444835
2026-05-19,2026,5,19,port425,Guangzhou (Nansha),China,CHN,20,0,2,0,3,22,25,36930,0,5203,0,2618,42133,44752,81204,0,3088,0,5621,84292,89913,444836
2026-05-20,2026,5,20,port425,Guangzhou (Nansha),China,CHN,25,1,2,2,3,30,33,26972,0,0,958,36713,27930,64644,125584,12740,5348,0,6175,143672,149847,444837
2026-05-21,2026,5,21,port425,Guangzhou (Nansha),China,CHN,21,1,4,3,3,29,32,38857,0,0,1239,0,40097,40097,132469,2960,13985,814,6395,150229,156624,444838
2026-05-22,2026,5,22,port425,Guangzhou (Nansha),China,CHN,21,0,3,1,3,25,28,57929,0,4068,619,5060,62618,67679,78196,0,12072,407,4702,90676,95379,444839
2026-05-23,2026,5,23,port425,Guangzhou (Nansha),China,CHN,20,3,2,2,6,27,33,63379,138535,7576,619,14120,210110,224231,48945,2179,780,1372,1709,53277,54987,444840
2026-05-24,2026,5,24,port425,Guangzhou (Nansha),China,CHN,19,1,4,1,2,25,27,93811,0,13328,1089,5700,108228,113929,36104,71922,7592,0,0,115619,115619,444841
2026-05-25,2026,5,25,port425,Guangzhou (Nansha),China,CHN,15,2,0,4,2,21,23,23403,0,0,455,4304,23858,28162,116285,33039,0,486,7046,149812,156859,444842
2026-05-26,2026,5,26,port425,Guangzhou (Nansha),China,CHN,11,3,4,2,3,20,23,35811,60271,9058,619,18121,105760,123882,53623,65790,5072,4286,959,128772,129732,444843
2026-06-18,2026,6,18,port425,Guangzhou (Nansha),China,CHN,21,0,2,3,1,26,27,41116,0,2925,619,0,44662,44662,142587,0,4788,1149,455,148525,148981,444844
2026-06-19,2026,6,19,port425,Guangzhou (Nansha),China,CHN,18,0,2,2,8,22,30,60767,0,0,1642,57194,62409,119604,46198,0,2740,407,487,49346,49834,444845
2026-06-20,2026,6,20,port425,Guangzhou (Nansha),China,CHN,15,0,2,1,3,18,21,47116,0,1826,0,19971,48943,68914,83800,0,0,0,0,83800,83800,444847
2026-06-21,2026,6,21,port425,Guangzhou (Nansha),China,CHN,24,1,5,0,0,30,30,29147,10206,5286,0,0,44640,44640,112475,0,4881,0,0,117356,117356,444849
2026-06-22,2026,6,22,port425,Guangzhou (Nansha),China,CHN,27,4,3,2,6,36,42,65287,229276,5144,0,12248,299709,311957,100678,0,3026,0,3447,103705,107152,444851
2026-06-23,2026,6,23,port425,Guangzhou (Nansha),China,CHN,18,2,3,3,7,26,33,17517,56101,8644,619,10271,82882,93154,109224,62884,6801,7647,2482,186558,189040,444852
2024-03-26,2024,3,26,port425,Guangzhou (Nansha),China,CHN,18,2,3,2,4,25,29,74229,95277,5851,3642,22753,179001,201755,51420,0,2398,407,2234,54226,56460,444853
2026-06-24,2026,6,24,port425,Guangzhou (Nansha),China,CHN,15,4,2,4,6,25,31,18129,138565,5851,3465,16650,166012,182662,115672,22974,1560,954,6442,141161,147604,444855
2024-03-27,2024,3,27,port425,Guangzhou (Nansha),China,CHN,16,0,1,3,7,20,27,42939,0,0,1239,10783,44178,54962,58940,0,4706,1361,16574,65008,81582,444856
2026-06-25,2026,6,25,port425,Guangzhou (Nansha),China,CHN,18,3,1,1,5,23,28,58235,33566,0,0,95066,91802,186868,72636,10321,1509,2961,39871,87428,127300,444858
2024-03-28,2024,3,28,port425,Guangzhou (Nansha),China,CHN,16,3,2,1,4,22,26,129567,100700,2925,0,18259,233193,251452,27059,8717,1629,0,120,37406,37527,444859
2026-06-26,2026,6,26,port425,Guangzhou (Nansha),China,CHN,21,5,0,2,5,28,33,104110,114014,0,1239,3200,219364,222565,45123,76234,0,814,4805,122172,126977,444861
2024-03-29,2024,3,29,port425,Guangzhou (Nansha),China,CHN,19,1,4,1,5,25,30,69428,9017,8957,0,21135,87404,108540,81017,1585,2298,0,1843,84901,86745,444862
2026-06-27,2026,6,27,port425,Guangzhou (Nansha),China,CHN,23,1,5,1,8,30,38,52835,17474,4213,0,27797,74523,102320,124668,0,7843,1341,5195,133853,139048,444864
2024-03-30,2024,3,30,port425,Guangzhou (Nansha),China,CHN,22,3,2,4,6,31,37,55281,117192,0,4972,70230,177446,247676,84341,0,5926,814,1824,91082,92906,444865
2026-06-28,2026,6,28,port425,Guangzhou (Nansha),China,CHN,18,1,2,0,2,21,23,49297,17315,3575,0,4167,70189,74356,95066,3687,1514,0,0,100268,100268,444867
2024-03-31,2024,3,31,port425,Guangzhou (Nansha),China,CHN,19,2,4,1,4,26,30,58948,102215,5144,0,8075,166308,174384,88809,0,4788,2334,42146,95933,138079,444868
2026-06-29,2026,6,29,port425,Guangzhou (Nansha),China,CHN,16,3,1,2,5,22,27,12793,56841,0,619,14441,70255,84696,82614,2905,0,407,262,85927,86190,444870
2024-04-01,2024,4,1,port425,Guangzhou (Nansha),China,CHN,12,2,4,2,2,20,22,18178,9328,6054,1239,6154,34800,40955,48585,0,11312,814,564,60712,61277,444871
2026-06-30,2026,6,30,port425,Guangzhou (Nansha),China,CHN,17,4,4,1,5,26,31,54004,137513,1976,0,4658,193494,198152,86087,80551,7862,3239,3253,177741,180995,444873
2024-04-02,2024,4,2,port425,Guangzhou (Nansha),China,CHN,17,1,2,2,3,22,25,81203,17315,4838,1821,6277,105179,111456,70744,3687,0,407,0,74838,74838,444874
2026-07-01,2026,7,1,port425,Guangzhou (Nansha),China,CHN,18,1,4,1,1,24,25,19576,1634,2692,0,0,23903,23903,53705,0,1534,0,2574,55240,57814,444876
2024-04-03,2024,4,3,port425,Guangzhou (Nansha),China,CHN,18,3,6,3,6,30,36,48192,111229,16063,619,55457,176104,231561,88008,2905,10044,10201,1962,111160,113123,444877
2026-07-02,2026,7,2,port425,Guangzhou (Nansha),China,CHN,19,1,1,1,5,22,27,92239,0,3443,619,14498,96303,110801,72085,64990,0,407,487,137482,137970,444879
2024-04-04,2024,4,4,port425,Guangzhou (Nansha),China,CHN,14,3,3,0,4,20,24,72902,167599,5265,0,8794,245766,254561,38819,0,3117,0,487,41937,42424,444880
2026-07-03,2026,7,3,port425,Guangzhou (Nansha),China,CHN,22,4,3,2,2,31,33,42514,367299,2925,2574,2313,415314,417628,73101,8830,3125,0,0,85058,85058,444882
2024-04-05,2024,4,5,port425,Guangzhou (Nansha),China,CHN,14,0,2,1,5,17,22,57261,0,700,619,12564,58581,71145,33755,0,5478,407,8946,39641,48587,444883
2026-07-04,2026,7,4,port425,Guangzhou (Nansha),China,CHN,17,1,1,1,3,20,23,20602,33566,0,0,7055,54169,61224,56243,2905,1726,1024,4947,61900,66847,444885
2024-04-06,2024,4,6,port425,Guangzhou (Nansha),China,CHN,22,2,1,4,6,29,35,75596,70730,5190,2450,18162,153967,172130,83477,2905,0,1088,2365,87472,89837,444886
2024-04-07,2024,4,7,port425,Guangzhou (Nansha),China,CHN,21,1,3,0,2,25,27,63190,0,8777,0,2211,71967,74178,99743,0,2340,0,0,102084,102084,444887
2024-04-08,2024,4,8,port425,Guangzhou (Nansha),China,CHN,18,4,5,2,4,29,33,46981,42931,8370,619,15143,98902,114046,72669,2905,11853,407,2852,87835,90688,444888
2024-04-09,2024,4,9,port425,Guangzhou (Nansha),China,CHN,20,3,2,2,8,27,35,37926,127949,2254,0,25661,168130,193791,46158,0,0,0,4915,46158,51074,444889
2024-04-10,2024,4,10,port425,Guangzhou (Nansha),China,CHN,19,6,6,1,4,32,36,110092,277948,14116,619,9565,402777,412342,31121,0,4126,407,2843,35655,38498,444890
2024-04-11,2024,4,11,port425,Guangzhou (Nansha),China,CHN,19,0,2,1,6,22,28,94178,0,2645,0,22598,96823,119421,62231,0,0,1253,3932,63485,67418,444891
2024-04-12,2024,4,12,port425,Guangzhou (Nansha),China,CHN,18,0,4,2,6,24,30,33938,0,13186,619,24752,47745,72497,35113,0,1333,407,2465,36853,39318,444892
2024-04-13,2024,4,13,port425,Guangzhou (Nansha),China,CHN,20,2,2,1,6,25,31,48031,76423,0,1527,25263,125982,151245,66819,0,14830,0,1669,81650,83320,444893
2024-04-14,2024,4,14,port425,Guangzhou (Nansha),China,CHN,14,4,3,1,2,22,24,25278,101515,14186,619,8075,141600,149675,115208,72500,2047,407,564,190163,190727,444894
2024-04-15,2024,4,15,port425,Guangzhou (Nansha),China,CHN,18,1,3,1,5,23,28,82396,33566,8070,2047,9737,126081,135818,51757,2905,3167,0,8995,57831,66826,444895
2024-04-16,2024,4,16,port425,Guangzhou (Nansha),China,CHN,13,7,3,2,3,25,28,25779,114572,5335,1239,3828,146926,150754,34009,4365,2387,814,1947,41577,43525,444896
2024-04-17,2024,4,17,port425,Guangzhou (Nansha),China,CHN,14,4,3,2,10,23,33,50801,115199,5851,3991,59861,175844,235706,41370,2905,2680,407,9381,47363,56745,444897
2024-04-18,2024,4,18,port425,Guangzhou (Nansha),China,CHN,15,0,3,0,2,18,20,41697,0,11035,0,10713,52733,63447,31051,0,1560,0,0,32611,32611,444898
2024-04-19,2024,4,19,port425,Guangzhou (Nansha),China,CHN,20,1,7,1,5,29,34,87098,52846,15836,619,16013,156401,172415,70518,0,8610,407,487,79536,80023,444899
2024-04-20,2024,4,20,port425,Guangzhou (Nansha),China,CHN,18,0,0,2,10,20,30,29788,0,0,2303,43494,32092,75587,45180,0,0,407,15792,45587,61379,444900
2024-04-21,2024,4,21,port425,Guangzhou (Nansha),China,CHN,17,2,0,1,2,20,22,35409,16626,0,619,4798,52655,57454,67995,0,0,407,487,68402,68890,444901
2024-04-22,2024,4,22,port425,Guangzhou (Nansha),China,CHN,20,1,4,0,8,25,33,58483,0,5884,0,21745,64367,86113,72362,0,13699,0,3573,86061,89635,444902
2024-04-23,2024,4,23,port425,Guangzhou (Nansha),China,CHN,20,1,6,2,4,29,33,38877,2822,11880,1239,6583,54819,61403,94666,0,3078,814,5566,98559,104125,444903
2024-04-24,2024,4,24,port425,Guangzhou (Nansha),China,CHN,17,3,1,2,2,23,25,24067,90839,0,0,4814,114906,119721,97297,0,5490,3818,1445,106606,108051,444904
2024-04-25,2024,4,25,port425,Guangzhou (Nansha),China,CHN,25,2,8,2,6,37,43,65454,48690,33831,619,4814,148596,153410,68765,2905,6627,3300,10901,81598,92500,444905
2024-04-26,2024,4,26,port425,Guangzhou (Nansha),China,CHN,17,0,2,1,7,20,27,54466,0,10933,619,30529,66020,96549,53142,0,780,407,3387,54330,57717,444906
2024-04-27,2024,4,27,port425,Guangzhou (Nansha),China,CHN,18,2,5,1,4,26,30,33168,55166,0,0,1737,88334,90072,71789,0,17878,0,0,89668,89668,444907
2024-04-28,2024,4,28,port425,Guangzhou (Nansha),China,CHN,21,2,0,1,4,24,28,72298,82529,0,619,13342,155447,168789,36064,0,0,407,4365,36471,40836,444908
2024-04-29,2024,4,29,port425,Guangzhou (Nansha),China,CHN,17,3,4,2,5,26,31,31607,129711,10900,619,23029,172839,195869,87040,5811,3088,407,2365,96347,98712,444909
2024-04-30,2024,4,30,port425,Guangzhou (Nansha),China,CHN,19,2,2,2,5,25,30,66223,67133,2218,4288,15957,139864,155822,61660,5811,5719,407,3115,73598,76713,444910
2024-05-01,2024,5,1,port425,Guangzhou (Nansha),China,CHN,21,2,3,3,2,29,31,96495,94707,9304,2260,5785,202768,208554,81689,0,780,814,750,83283,84033,444911
2024-05-02,2024,5,2,port425,Guangzhou (Nansha),China,CHN,13,1,3,1,5,18,23,27193,0,12404,619,23245,40217,63463,35488,48247,7828,407,1786,91972,93758,444912
2024-05-03,2024,5,3,port425,Guangzhou (Nansha),China,CHN,28,3,3,1,4,35,39,75734,57193,8070,1185,8676,142183,150859,98494,0,3167,0,4982,101661,106644,444913
2024-05-04,2024,5,4,port425,Guangzhou (Nansha),China,CHN,22,1,3,3,3,29,32,45231,0,10900,0,7560,56131,63691,97756,0,2677,4359,3403,104792,108196,444914
2024-05-05,2024,5,5,port425,Guangzhou (Nansha),China,CHN,12,4,0,1,3,17,20,35109,61385,0,2039,9565,98534,108099,73979,2905,0,0,4790,76885,81675,444915
2024-05-06,2024,5,6,port425,Guangzhou (Nansha),China,CHN,13,7,5,2,6,27,33,62200,269533,9345,2303,18686,343383,362070,27583,2905,9431,407,3339,40327,43667,444916
2024-05-07,2024,5,7,port425,Guangzhou (Nansha),China,CHN,18,1,3,2,7,24,31,26062,0,2342,1208,28923,29613,58536,80534,0,0,0,2513,80534,83048,444917
2024-05-08,2024,5,8,port425,Guangzhou (Nansha),China,CHN,24,3,5,1,6,33,39,96991,177631,9515,0,21304,284139,305443,65935,2905,3953,5132,1128,77928,79056,444918
2024-05-09,2024,5,9,port425,Guangzhou (Nansha),China,CHN,24,4,4,2,0,34,34,91871,75552,16312,1637,0,185374,185374,41559,2905,1560,407,0,46433,46433,444919
2024-05-10,2024,5,10,port425,Guangzhou (Nansha),China,CHN,14,4,2,0,4,20,24,52224,171332,2218,0,7071,225775,232847,46522,22837,9800,0,5934,79160,85095,444920
2024-05-11,2024,5,11,port425,Guangzhou (Nansha),China,CHN,12,4,2,0,8,18,26,14998,133686,0,0,16982,148684,165667,47427,5811,7404,0,820,60644,61464,444921
2024-05-12,2024,5,12,port425,Guangzhou (Nansha),China,CHN,12,6,1,0,2,19,21,56160,178392,2925,0,6977,237479,244456,55487,74354,780,0,1182,130621,131804,444922
2024-05-13,2024,5,13,port425,Guangzhou (Nansha),China,CHN,12,4,1,0,7,17,24,17412,83359,7974,0,26372,108747,135120,123918,11480,0,0,12627,135398,148026,444923
2024-05-14,2024,5,14,port425,Guangzhou (Nansha),China,CHN,22,3,3,2,4,30,34,48681,124008,0,619,24019,173309,197329,63320,6592,11966,407,1561,82287,83849,444924
2024-05-15,2024,5,15,port425,Guangzhou (Nansha),China,CHN,9,2,3,3,7,17,24,53508,33566,2405,1239,55307,90720,146027,16600,2905,4804,1845,1669,26156,27826,444925
2024-05-16,2024,5,16,port425,Guangzhou (Nansha),China,CHN,12,1,2,0,6,15,21,33952,53671,4424,0,32830,92048,124878,27232,0,1606,0,3309,28839,32148,444926
2024-05-17,2024,5,17,port425,Guangzhou (Nansha),China,CHN,12,1,2,2,8,17,25,15927,56740,3116,1196,25028,76981,102009,30258,0,780,428,2721,31467,34189,444927
2024-05-18,2024,5,18,port425,Guangzhou (Nansha),China,CHN,17,2,4,0,3,23,26,53890,67676,4707,0,12371,126274,138646,45630,0,1126,0,2234,46756,48990,444928
2024-05-19,2024,5,19,port425,Guangzhou (Nansha),China,CHN,16,0,3,1,1,20,21,52283,0,5144,619,639,58047,58687,64793,0,7492,407,0,72692,72692,444929
2024-05-20,2024,5,20,port425,Guangzhou (Nansha),China,CHN,14,3,2,2,5,21,26,57813,69492,5851,1471,20926,134629,155555,21085,2905,1560,892,2234,26444,28678,444930
2024-05-21,2024,5,21,port425,Guangzhou (Nansha),China,CHN,14,0,2,0,6,16,22,17841,0,772,0,16210,18614,34824,75159,0,2202,0,1237,77361,78599,444931
2024-05-22,2024,5,22,port425,Guangzhou (Nansha),China,CHN,17,2,2,2,2,23,25,39815,60869,2503,725,9565,103914,113479,69716,2905,1267,1023,1051,74913,75965,444932
2024-05-23,2024,5,23,port425,Guangzhou (Nansha),China,CHN,11,2,1,2,3,16,19,45754,72753,23440,619,2806,142569,145375,27560,0,0,1387,4935,28947,33883,444933
2024-05-24,2024,5,24,port425,Guangzhou (Nansha),China,CHN,11,3,2,0,5,16,21,2211,75336,3679,0,25291,81228,106519,51107,0,3608,0,2443,54716,57159,444934
2024-05-25,2024,5,25,port425,Guangzhou (Nansha),China,CHN,18,6,4,1,3,29,32,74100,140691,15326,958,7080,231076,238156,37843,45594,2387,0,44203,85825,130028,444935
2024-05-26,2024,5,26,port425,Guangzhou (Nansha),China,CHN,12,6,2,0,5,20,25,25114,237912,2925,0,16148,265953,282102,51501,5811,4058,0,9812,61371,71184,444936
2024-05-27,2024,5,27,port425,Guangzhou (Nansha),China,CHN,15,2,3,0,3,20,23,46672,84723,5851,0,13708,137246,150955,84283,0,10919,0,1051,95202,96254,444937
2024-05-28,2024,5,28,port425,Guangzhou (Nansha),China,CHN,18,1,6,2,2,27,29,52430,70560,11842,619,22017,135453,157471,70825,0,14252,2086,564,87165,87729,444938
2024-05-29,2024,5,29,port425,Guangzhou (Nansha),China,CHN,14,1,2,0,4,17,21,44473,54144,9942,0,11612,108559,120172,38616,0,7050,0,3721,45666,49388,444939
2024-05-30,2024,5,30,port425,Guangzhou (Nansha),China,CHN,18,0,1,3,5,22,27,37726,0,1116,958,20037,39801,59839,48628,0,1048,5267,2234,54944,57178,444940
2024-05-31,2024,5,31,port425,Guangzhou (Nansha),China,CHN,12,1,2,1,2,16,18,44265,34092,1656,619,2075,80634,82710,18612,0,6018,407,639,25038,25678,444941
2024-06-01,2024,6,1,port425,Guangzhou (Nansha),China,CHN,12,1,5,2,5,20,25,19476,30191,3711,1208,36102,54587,90690,60684,0,9837,407,0,70928,70928,444942
2024-06-02,2024,6,2,port425,Guangzhou (Nansha),China,CHN,17,0,2,0,2,19,21,51477,0,6971,0,9959,58448,68407,41139,0,780,0,564,41920,42484,444943
2024-06-03,2024,6,3,port425,Guangzhou (Nansha),China,CHN,15,1,2,1,8,19,27,65143,0,1584,619,22325,67347,89673,34913,0,0,407,285803,35320,321124,444944
2024-06-04,2024,6,4,port425,Guangzhou (Nansha),China,CHN,17,1,3,3,5,24,29,35091,42720,5851,3880,15986,87544,103530,86501,0,10534,0,8474,97036,105510,444945
2024-06-05,2024,6,5,port425,Guangzhou (Nansha),China,CHN,18,1,3,1,6,23,29,135693,228537,2925,0,12765,367157,379923,44039,0,7047,4522,4362,55609,59971,444946
2024-06-06,2024,6,6,port425,Guangzhou (Nansha),China,CHN,8,0,2,3,4,13,17,16852,0,5851,3287,3197,25991,29188,22537,0,1560,814,5369,24912,30281,444947
2024-06-07,2024,6,7,port425,Guangzhou (Nansha),China,CHN,18,1,4,1,3,24,27,54445,33566,9015,619,6583,97647,104231,60780,2905,780,407,1669,64874,66543,444948
2024-06-08,2024,6,8,port425,Guangzhou (Nansha),China,CHN,15,0,2,1,6,18,24,36185,0,5056,0,5005,41242,46248,45652,0,0,0,1474,45652,47127,444949
2024-06-09,2024,6,9,port425,Guangzhou (Nansha),China,CHN,8,0,3,1,1,12,13,18165,0,5851,619,4171,24636,28807,32723,0,1560,407,0,34691,34691,444950
2024-06-10,2024,6,10,port425,Guangzhou (Nansha),China,CHN,9,5,6,3,6,23,29,22686,130471,8763,1940,21096,163861,184957,37316,89185,12097,916,487,139516,140003,444951
2024-06-11,2024,6,11,port425,Guangzhou (Nansha),China,CHN,15,1,3,3,5,22,27,53031,6292,8564,3522,15475,71411,86886,44342,0,2854,407,2497,47604,50101,444952
2024-06-12,2024,6,12,port425,Guangzhou (Nansha),China,CHN,14,0,2,2,4,18,22,24292,0,9471,1647,6353,35410,41764,51944,0,780,407,1892,53132,55024,444953
2024-06-13,2024,6,13,port425,Guangzhou (Nansha),China,CHN,15,2,3,1,6,21,27,54593,92135,5851,0,35965,152580,188545,105397,0,3540,0,2798,108938,111736,444954
2024-06-14,2024,6,14,port425,Guangzhou (Nansha),China,CHN,17,1,3,1,5,22,27,50912,40198,2222,619,12876,93952,106829,84181,0,3062,407,1746,87651,89398,444955
2024-06-15,2024,6,15,port425,Guangzhou (Nansha),China,CHN,11,1,1,4,2,17,19,8445,33566,2925,2267,9565,47205,56770,56221,2905,780,814,1051,60721,61773,444956
2024-06-16,2024,6,16,port425,Guangzhou (Nansha),China,CHN,12,0,2,2,1,16,17,42812,0,1895,3022,0,47730,47730,64445,0,2258,407,0,67111,67111,444957
2024-06-17,2024,6,17,port425,Guangzhou (Nansha),China,CHN,13,3,1,0,4,17,21,58414,82409,0,0,8726,140824,149550,54040,2905,3157,0,2365,60104,62469,444958
2024-06-18,2024,6,18,port425,Guangzhou (Nansha),China,CHN,16,5,1,1,5,23,28,57692,258090,1979,619,14063,318381,332445,54087,0,0,407,6559,54495,61054,444959
2024-06-19,2024,6,19,port425,Guangzhou (Nansha),China,CHN,17,2,3,1,4,23,27,58141,67133,2925,0,4016,128201,132217,50181,5811,11838,0,6766,67831,74598,444960
2024-06-20,2024,6,20,port425,Guangzhou (Nansha),China,CHN,16,3,0,2,3,21,24,33234,71300,0,2279,17600,106814,124414,66707,5811,0,0,564,72518,73083,444961
2024-06-21,2024,6,21,port425,Guangzhou (Nansha),China,CHN,17,1,6,1,4,25,29,51311,43337,11200,4152,16384,110001,126386,56492,0,7306,0,2010,63799,65809,444962
2024-06-22,2024,6,22,port425,Guangzhou (Nansha),China,CHN,13,2,1,1,7,17,24,95490,52816,0,1537,24851,149844,174695,9983,1113,0,0,6672,11097,17769,444963
2024-06-23,2024,6,23,port425,Guangzhou (Nansha),China,CHN,10,1,1,2,2,14,16,34702,28723,11327,619,3777,75373,79150,19452,0,0,3348,1009,22800,23810,444964
2024-06-24,2024,6,24,port425,Guangzhou (Nansha),China,CHN,14,1,3,1,6,19,25,30755,33566,5144,619,23407,70086,93493,98030,2905,4009,407,2234,105353,107587,444965
2024-06-25,2024,6,25,port425,Guangzhou (Nansha),China,CHN,19,4,1,0,5,24,29,78592,113592,0,0,17361,192184,209546,43038,0,3328,0,2611,46367,48979,444966
2024-06-26,2024,6,26,port425,Guangzhou (Nansha),China,CHN,12,2,3,1,5,18,23,54886,70187,5843,0,30642,130916,161559,21944,2905,0,0,2103,24850,26953,444967
2024-06-27,2024,6,27,port425,Guangzhou (Nansha),China,CHN,12,2,6,1,3,21,24,21929,33566,10132,619,9340,66248,75589,46943,2905,14179,407,974,64436,65411,444968
2024-06-28,2024,6,28,port425,Guangzhou (Nansha),China,CHN,11,1,3,2,4,17,21,11117,66962,2881,0,9649,80961,90610,25729,0,7341,0,33678,33070,66749,444969
2024-06-29,2024,6,29,port425,Guangzhou (Nansha),China,CHN,20,1,5,1,6,27,33,36718,33566,12524,619,22331,83429,105760,116183,2905,3167,407,3531,122663,126195,444970
2024-06-30,2024,6,30,port425,Guangzhou (Nansha),China,CHN,17,0,1,0,4,18,22,12513,0,0,0,12992,12513,25505,55979,0,763,0,2629,56743,59373,444971
2024-07-01,2024,7,1,port425,Guangzhou (Nansha),China,CHN,11,0,1,2,3,14,17,36410,0,0,619,7379,37030,44409,30505,0,1770,407,5572,32682,38254,444972
2024-07-02,2024,7,2,port425,Guangzhou (Nansha),China,CHN,14,4,3,3,3,24,27,56036,104106,2239,2061,7013,164445,171458,46066,0,3542,3855,607,53464,54072,444973
2024-07-03,2024,7,3,port425,Guangzhou (Nansha),China,CHN,15,3,1,2,4,21,25,71100,77038,21,0,8356,148161,156518,28189,5811,0,403,1526,34405,35931,444974
2024-07-04,2024,7,4,port425,Guangzhou (Nansha),China,CHN,13,4,2,2,6,21,27,77358,76599,5851,1471,18495,161280,179776,62686,2905,1560,892,1314,68045,69360,444975
2024-07-05,2024,7,5,port425,Guangzhou (Nansha),China,CHN,12,1,2,0,2,15,17,28109,61461,0,0,0,89571,89571,33013,0,12551,0,3465,45564,49029,444976
2024-07-06,2024,7,6,port425,Guangzhou (Nansha),China,CHN,15,2,5,2,7,24,31,69038,67133,13141,1132,47893,150446,198339,20208,5811,2226,407,1959,28654,30613,444977
2024-07-07,2024,7,7,port425,Guangzhou (Nansha),China,CHN,13,0,1,2,5,16,21,29732,0,5600,0,4814,35332,40147,39755,0,0,3019,1867,42774,44642,444978
2024-07-08,2024,7,8,port425,Guangzhou (Nansha),China,CHN,12,1,3,0,6,16,22,30586,33566,9312,0,66520,73465,139985,23247,2905,4517,0,1182,30671,31853,444979
2024-07-09,2024,7,9,port425,Guangzhou (Nansha),China,CHN,15,3,2,4,4,24,28,28900,22654,2925,1859,5699,56340,62039,69268,0,1778,2242,14416,73289,87705,444980
2024-07-10,2024,7,10,port425,Guangzhou (Nansha),China,CHN,16,3,4,1,3,24,27,15962,88771,14125,511,53341,119371,172713,102969,2905,5169,0,343,111044,111388,444981
2024-07-11,2024,7,11,port425,Guangzhou (Nansha),China,CHN,11,3,1,1,3,16,19,12005,145480,2916,1030,2806,161433,164239,28847,0,0,0,1450,28847,30297,444982
2024-07-12,2024,7,12,port425,Guangzhou (Nansha),China,CHN,15,0,4,1,2,20,22,47716,0,6231,619,36821,54567,91389,39803,0,3384,407,0,43595,43595,444983
2024-07-13,2024,7,13,port425,Guangzhou (Nansha),China,CHN,10,1,1,2,4,14,18,15911,57894,1979,619,18476,76405,94882,49150,0,0,1938,2929,51089,54018,444984
2024-07-14,2024,7,14,port425,Guangzhou (Nansha),China,CHN,10,2,0,0,2,12,14,24498,71808,0,0,8832,96306,105138,35076,2905,0,0,564,37982,38546,444985
2024-07-15,2024,7,15,port425,Guangzhou (Nansha),China,CHN,10,0,3,2,7,15,22,7779,0,7403,1940,13474,17124,30599,39671,0,780,407,3900,40858,44759,444986
2024-07-16,2024,7,16,port425,Guangzhou (Nansha),China,CHN,18,2,4,1,7,25,32,111763,33566,7255,0,11860,152586,164446,99075,2905,3978,467,870,106427,107298,444987
2024-07-17,2024,7,17,port425,Guangzhou (Nansha),China,CHN,16,2,3,1,4,22,26,6529,54559,33909,874,9703,95873,105576,90408,2905,780,0,487,94095,94582,444988
2024-07-18,2024,7,18,port425,Guangzhou (Nansha),China,CHN,18,2,2,2,2,24,26,71477,88820,5851,1320,2082,167470,169553,55907,2905,1560,1259,771,61633,62404,444989
2024-07-19,2024,7,19,port425,Guangzhou (Nansha),China,CHN,15,2,3,2,5,22,27,42023,53245,6215,619,35742,102104,137847,54164,0,1560,681,564,56405,56970,444990
2024-07-20,2024,7,20,port425,Guangzhou (Nansha),China,CHN,15,1,2,0,9,18,27,22890,64990,0,0,25115,87880,112995,68387,0,3006,0,5749,71394,77144,444991
2024-07-21,2024,7,21,port425,Guangzhou (Nansha),China,CHN,10,1,3,1,3,15,18,29873,0,3210,603,13094,33686,46781,51111,0,7662,0,1746,58773,60520,444992
2024-07-22,2024,7,22,port425,Guangzhou (Nansha),China,CHN,13,3,1,1,10,18,28,32937,124044,0,0,44505,156981,201486,35127,2905,5891,0,4548,43924,48472,444993
2024-07-23,2024,7,23,port425,Guangzhou (Nansha),China,CHN,15,3,2,0,9,20,29,46900,120270,2218,0,214787,169389,384177,69342,2905,14414,0,5589,86662,92252,444994
2024-07-24,2024,7,24,port425,Guangzhou (Nansha),China,CHN,10,0,2,1,8,13,21,17503,0,0,851,19892,18354,38247,26377,0,7518,485,5962,34381,40343,444995
2024-07-25,2024,7,25,port425,Guangzhou (Nansha),China,CHN,14,3,3,2,4,22,26,27564,135210,9523,958,35707,173256,208963,40788,5811,388,0,564,46989,47553,444996
2024-07-26,2024,7,26,port425,Guangzhou (Nansha),China,CHN,14,2,1,0,4,17,21,63666,37044,0,0,13393,100711,114104,39089,0,2031,0,1643,41120,42764,444997
2024-07-27,2024,7,27,port425,Guangzhou (Nansha),China,CHN,7,1,0,1,5,9,14,4331,33566,0,0,10347,37898,48246,25072,2905,0,807,1646,28786,30433,444998
2024-07-28,2024,7,28,port425,Guangzhou (Nansha),China,CHN,11,0,1,1,0,13,13,6808,0,0,2404,0,9212,9212,42817,0,1216,0,0,44033,44033,444999
2024-07-29,2024,7,29,port425,Guangzhou (Nansha),China,CHN,17,3,5,2,5,27,32,38676,93352,5851,619,17602,138500,156102,47791,2905,7639,2313,974,60649,61624,445000
2024-07-30,2024,7,30,port425,Guangzhou (Nansha),China,CHN,17,2,1,2,6,22,28,16905,42561,2925,619,11066,63013,74079,51450,2905,780,811,6186,55948,62134,445001
2024-07-31,2024,7,31,port425,Guangzhou (Nansha),China,CHN,20,1,5,1,4,27,31,52841,0,3276,0,11403,56117,67521,58119,0,7468,0,5030,65588,70619,445002
2024-08-01,2024,8,1,port425,Guangzhou (Nansha),China,CHN,17,0,2,4,4,23,27,38725,0,4248,5146,5706,48120,53827,76161,0,6267,3983,1139,86411,87551,445003
2024-08-02,2024,8,2,port425,Guangzhou (Nansha),China,CHN,16,2,6,2,8,26,34,83098,57315,11418,3224,107464,155056,262521,24594,0,10899,0,262,35494,35757,445004
2024-08-03,2024,8,3,port425,Guangzhou (Nansha),China,CHN,15,2,2,3,3,22,25,45074,96521,2925,1471,12371,145992,158364,33735,0,1035,1360,2234,36131,38365,445005
2024-08-04,2024,8,4,port425,Guangzhou (Nansha),China,CHN,9,2,1,0,3,12,15,43686,83091,2558,0,407,129336,129743,57271,0,0,0,3362,57271,60634,445006
2024-08-05,2024,8,5,port425,Guangzhou (Nansha),China,CHN,8,2,3,2,5,15,20,17213,92382,4170,619,6518,114386,120904,21869,2905,3545,1216,8264,29537,37802,445007
2024-08-06,2024,8,6,port425,Guangzhou (Nansha),China,CHN,18,1,1,1,7,21,28,29228,62930,0,0,22694,92159,114853,35559,0,1627,273,4368,37461,41829,445008
2024-08-07,2024,8,7,port425,Guangzhou (Nansha),China,CHN,12,0,3,0,4,15,19,10139,0,585,0,11228,10724,21952,105504,0,6179,0,10927,111684,122612,445009
2024-08-08,2024,8,8,port425,Guangzhou (Nansha),China,CHN,14,0,3,1,2,18,20,44506,0,18154,619,0,63280,63280,78805,0,4156,407,2736,83368,86105,445010
2024-08-09,2024,8,9,port425,Guangzhou (Nansha),China,CHN,16,2,3,1,5,22,27,59056,78680,6588,404,13844,144730,158574,26508,0,2387,0,13330,28896,42226,445011
2024-08-10,2024,8,10,port425,Guangzhou (Nansha),China,CHN,15,1,1,2,4,19,23,67126,19731,0,1320,8499,88178,96677,39924,0,1969,1019,1669,42913,44583,445012
2024-08-11,2024,8,11,port425,Guangzhou (Nansha),China,CHN,12,2,1,1,0,16,16,35788,147988,1234,1670,0,186681,186681,26815,0,0,0,0,26815,26815,445013
2024-08-12,2024,8,12,port425,Guangzhou (Nansha),China,CHN,18,1,4,3,5,26,31,67942,0,17330,1320,8532,86594,95126,28691,0,6755,2039,1411,37486,38897,445014
2024-08-13,2024,8,13,port425,Guangzhou (Nansha),China,CHN,13,0,2,1,2,16,18,50317,0,0,619,2287,50937,53224,19268,0,1651,407,3279,21327,24606,445015
2024-08-14,2024,8,14,port425,Guangzhou (Nansha),China,CHN,21,0,2,2,3,25,28,59872,0,2499,1320,9111,63693,72804,62056,0,1678,0,0,63734,63734,445016
2024-08-15,2024,8,15,port425,Guangzhou (Nansha),China,CHN,15,0,3,2,3,20,23,40980,0,5851,0,4957,46831,51788,87599,0,9139,2485,3678,99223,102901,445017
2024-08-16,2024,8,16,port425,Guangzhou (Nansha),China,CHN,9,3,0,1,6,13,19,62527,82961,0,619,7839,146108,153947,15136,5811,0,407,6605,21355,27961,445018
2024-08-17,2024,8,17,port425,Guangzhou (Nansha),China,CHN,11,0,1,0,5,12,17,42466,0,0,0,5139,42466,47605,13920,0,5878,0,8755,19799,28555,445019
2024-08-18,2024,8,18,port425,Guangzhou (Nansha),China,CHN,9,0,2,0,1,11,12,31230,0,5667,0,5788,36897,42685,13545,0,780,0,564,14325,14890,445020
2024-08-19,2024,8,19,port425,Guangzhou (Nansha),China,CHN,14,1,3,2,5,20,25,49576,20957,9117,1239,9514,80891,90405,49275,0,1144,814,10705,51234,61939,445021
2024-08-20,2024,8,20,port425,Guangzhou (Nansha),China,CHN,12,1,4,0,3,17,20,32607,33566,2925,0,9278,69099,78378,53618,2905,11786,0,959,68310,69269,445022
2024-08-21,2024,8,21,port425,Guangzhou (Nansha),China,CHN,18,0,1,1,2,20,22,57549,0,1209,0,3744,58758,62502,51082,0,0,1025,4340,52107,56448,445023
2024-08-22,2024,8,22,port425,Guangzhou (Nansha),China,CHN,17,0,4,1,6,22,28,53605,0,11800,0,25001,65406,90407,74532,0,5495,810,2311,80838,83150,445024
2024-08-23,2024,8,23,port425,Guangzhou (Nansha),China,CHN,20,1,1,1,7,23,30,70076,33566,0,619,34574,104262,138836,52007,2905,6106,407,1128,61427,62556,445025
2024-08-24,2024,8,24,port425,Guangzhou (Nansha),China,CHN,14,0,1,2,4,17,21,24267,0,0,619,10661,24887,35549,51567,0,5599,407,2898,57574,60472,445026
2024-08-25,2024,8,25,port425,Guangzhou (Nansha),China,CHN,11,0,3,4,2,18,20,26383,0,11783,2817,6484,40985,47469,48524,0,6656,1221,564,56402,56967,445027
2024-08-26,2024,8,26,port425,Guangzhou (Nansha),China,CHN,14,4,2,3,3,23,26,25330,131498,0,0,10877,156828,167706,55270,49719,6913,9304,487,121208,121695,445028
2024-08-27,2024,8,27,port425,Guangzhou (Nansha),China,CHN,14,0,1,0,3,15,18,54796,0,3038,0,14124,57834,71958,42591,0,0,0,974,42591,43566,445029
2024-08-28,2024,8,28,port425,Guangzhou (Nansha),China,CHN,12,0,4,1,5,17,22,39183,0,8405,0,11886,47589,59476,47827,0,8256,547,1182,56631,57814,445030
2024-08-29,2024,8,29,port425,Guangzhou (Nansha),China,CHN,15,1,1,2,2,19,21,49302,57843,0,0,5788,107146,112934,65911,0,4967,1524,564,72402,72967,445031
2024-08-30,2024,8,30,port425,Guangzhou (Nansha),China,CHN,10,1,4,2,4,17,21,27093,33566,10261,4390,21879,75312,97191,22293,2905,9337,1215,10733,35752,46486,445032
2024-08-31,2024,8,31,port425,Guangzhou (Nansha),China,CHN,12,1,1,0,7,14,21,16404,29353,2925,0,81211,48683,129895,40121,0,780,0,3244,40901,44146,445033
2024-09-01,2024,9,1,port425,Guangzhou (Nansha),China,CHN,13,0,1,1,4,15,19,42943,0,0,1202,12006,44145,56152,54150,0,3154,0,1333,57304,58637,445034
2024-09-02,2024,9,2,port425,Guangzhou (Nansha),China,CHN,11,3,4,0,3,18,21,22145,53220,8179,0,6578,83544,90123,54210,2905,4788,0,959,61905,62864,445035
2024-09-03,2024,9,3,port425,Guangzhou (Nansha),China,CHN,12,1,2,2,5,17,22,24039,4105,2741,958,12332,31845,44177,34276,0,1442,2050,1669,37770,39439,445036
2024-09-04,2024,9,4,port425,Guangzhou (Nansha),China,CHN,11,0,2,2,6,15,21,26256,0,3371,619,22549,30248,52798,26056,0,1606,8026,14986,35690,50676,445037
2024-09-05,2024,9,5,port425,Guangzhou (Nansha),China,CHN,3,0,0,0,2,3,5,10650,0,0,0,5785,10650,16436,3969,0,0,0,750,3969,4719,445038
2024-09-06,2024,9,6,port425,Guangzhou (Nansha),China,CHN,0,0,0,1,0,1,1,0,0,0,619,0,619,619,0,0,0,407,0,407,407,445039
2024-09-07,2024,9,7,port425,Guangzhou (Nansha),China,CHN,16,1,4,2,10,23,33,46660,6305,8884,1134,28994,62985,91980,42206,0,395,407,2186,43008,45195,445040
2024-09-08,2024,9,8,port425,Guangzhou (Nansha),China,CHN,17,1,2,0,2,20,22,61995,0,7395,0,3316,69390,72707,109716,0,5110,0,0,114826,114826,445041
2024-09-09,2024,9,9,port425,Guangzhou (Nansha),China,CHN,18,1,2,3,5,24,29,44552,0,7508,619,31963,52680,84644,40763,0,780,2588,7050,44132,51183,445042
2024-09-10,2024,9,10,port425,Guangzhou (Nansha),China,CHN,17,0,2,0,5,19,24,51289,0,0,0,6681,51289,57970,44202,0,2051,0,21529,46253,67782,445043
2024-09-11,2024,9,11,port425,Guangzhou (Nansha),China,CHN,14,1,4,2,2,21,23,38425,19742,19372,512,6520,78052,84573,24214,0,780,404,564,25398,25962,445044
2024-09-12,2024,9,12,port425,Guangzhou (Nansha),China,CHN,13,0,2,1,5,16,21,41820,0,395,0,4221,42215,46437,27120,0,1249,0,5730,28370,34100,445045
2024-09-13,2024,9,13,port425,Guangzhou (Nansha),China,CHN,22,2,1,1,2,26,28,37495,87056,0,874,0,125427,125427,89417,0,1925,0,1065,91342,92407,445046
2024-09-14,2024,9,14,port425,Guangzhou (Nansha),China,CHN,20,0,1,2,3,23,26,59436,0,0,851,12387,60287,72675,41269,0,3547,485,0,45302,45302,445047
2024-09-15,2024,9,15,port425,Guangzhou (Nansha),China,CHN,11,1,0,3,2,15,17,28333,223005,0,3037,5982,254376,260359,24277,0,0,407,564,24684,25248,445048
2024-09-16,2024,9,16,port425,Guangzhou (Nansha),China,CHN,17,3,2,1,6,23,29,70227,75422,2925,619,14410,149195,163606,48456,0,1570,407,6626,50433,57059,445049
2024-09-17,2024,9,17,port425,Guangzhou (Nansha),China,CHN,17,1,3,0,8,21,29,34870,33566,3038,0,33500,71475,104976,69127,2905,3967,0,4302,76000,80303,445050
2024-09-18,2024,9,18,port425,Guangzhou (Nansha),China,CHN,9,1,2,0,2,12,14,70876,62884,674,0,3322,134435,137757,16462,0,7482,0,0,23944,23944,445051
2024-09-19,2024,9,19,port425,Guangzhou (Nansha),China,CHN,14,0,1,1,3,16,19,40907,0,0,619,6458,41527,47986,65844,0,3792,407,3312,70044,73356,445052
2024-09-20,2024,9,20,port425,Guangzhou (Nansha),China,CHN,10,0,1,1,9,12,21,12056,0,0,619,40266,12676,52943,35776,0,2600,407,3314,38784,42098,445053
2024-09-21,2024,9,21,port425,Guangzhou (Nansha),China,CHN,10,2,0,1,5,13,18,31042,0,0,1320,13970,32363,46333,44831,53242,0,0,2145,98073,100219,445054
2024-09-22,2024,9,22,port425,Guangzhou (Nansha),China,CHN,9,0,1,0,1,10,11,15538,0,11857,0,5788,27396,33184,21167,0,0,0,564,21167,21731,445055
2024-09-23,2024,9,23,port425,Guangzhou (Nansha),China,CHN,8,2,2,2,6,14,20,12733,130395,2925,0,55594,146054,201649,22008,0,1333,3064,974,26406,27381,445056
2024-09-24,2024,9,24,port425,Guangzhou (Nansha),China,CHN,18,1,0,1,4,20,24,38789,33566,0,619,19589,72976,92565,54517,2905,0,407,1182,57830,59013,445057
2024-09-25,2024,9,25,port425,Guangzhou (Nansha),China,CHN,15,2,0,3,4,20,24,7557,105817,0,619,16864,113995,130859,95529,2905,0,6366,0,104801,104801,445058
2024-09-26,2024,9,26,port425,Guangzhou (Nansha),China,CHN,21,2,4,3,3,30,33,74425,84850,17587,1827,12577,178691,191269,43408,0,780,407,10339,44595,54934,445059
2024-09-27,2024,9,27,port425,Guangzhou (Nansha),China,CHN,19,0,2,3,7,24,31,58972,0,2925,619,34975,62518,97493,89138,0,3057,1499,3140,93696,96836,445060
2024-09-28,2024,9,28,port425,Guangzhou (Nansha),China,CHN,20,1,2,1,5,24,29,31593,20085,8851,619,11576,61150,72726,50874,0,0,407,6690,51281,57971,445061
2024-09-29,2024,9,29,port425,Guangzhou (Nansha),China,CHN,20,1,3,1,3,25,28,45106,0,19950,0,2451,65056,67508,65415,0,6386,3602,888,75405,76293,445062
2024-09-30,2024,9,30,port425,Guangzhou (Nansha),China,CHN,16,1,1,2,6,20,26,46714,3942,0,0,19136,50656,69793,159209,0,789,2136,10680,162135,172816,445063
2024-10-01,2024,10,1,port425,Guangzhou (Nansha),China,CHN,21,0,1,2,4,24,28,69254,0,4317,619,14415,74192,88608,42827,0,0,407,974,43234,44209,445064
2024-10-02,2024,10,2,port425,Guangzhou (Nansha),China,CHN,17,0,0,1,3,18,21,68268,0,0,605,7367,68874,76241,57415,0,0,0,564,57415,57979,445065
2024-10-03,2024,10,3,port425,Guangzhou (Nansha),China,CHN,11,0,3,0,7,14,21,18408,0,2285,0,19369,20693,40063,29895,0,1279,0,5447,31174,36622,445066
2024-10-04,2024,10,4,port425,Guangzhou (Nansha),China,CHN,13,0,3,3,4,19,23,40352,0,3326,2141,20685,45821,66506,76247,0,1175,954,3820,78377,82197,445067
2024-10-05,2024,10,5,port425,Guangzhou (Nansha),China,CHN,21,1,3,1,4,26,30,68896,33566,912,3085,11739,106460,118200,106360,2905,549,0,1298,109815,111114,445068
2024-10-06,2024,10,6,port425,Guangzhou (Nansha),China,CHN,24,1,0,2,3,27,30,72468,20647,0,619,8038,93735,101774,101262,0,0,1365,564,102627,103191,445069
2024-10-07,2024,10,7,port425,Guangzhou (Nansha),China,CHN,20,1,3,2,13,26,39,25289,33566,777,3532,51678,63165,114844,84950,2905,1082,807,4044,89747,93791,445070
2024-10-08,2024,10,8,port425,Guangzhou (Nansha),China,CHN,19,2,4,2,9,27,36,43440,28463,6868,619,13432,79392,92825,62372,0,1422,407,11194,64202,75396,445071
2024-10-09,2024,10,9,port425,Guangzhou (Nansha),China,CHN,17,1,4,1,2,23,25,30315,54357,10215,619,6170,95507,101677,60172,0,70,407,45384,60649,106034,445072
2024-10-10,2024,10,10,port425,Guangzhou (Nansha),China,CHN,19,2,4,3,4,28,32,55100,33566,26235,619,9213,115522,124735,55943,2905,2387,599,9774,61836,71611,445073
2024-10-11,2024,10,11,port425,Guangzhou (Nansha),China,CHN,19,2,2,3,8,26,34,100489,69193,5424,0,21305,175106,196411,30545,0,780,1428,564,32754,33318,445074
2024-10-12,2024,10,12,port425,Guangzhou (Nansha),China,CHN,17,1,2,1,4,21,25,20838,33566,1901,0,12772,56306,69078,50503,2905,385,0,1182,53795,54977,445075
2024-10-13,2024,10,13,port425,Guangzhou (Nansha),China,CHN,16,0,0,3,4,19,23,41682,0,0,851,44758,42534,87292,72000,0,0,945,3689,72945,76635,445076
2024-10-14,2024,10,14,port425,Guangzhou (Nansha),China,CHN,14,0,3,3,5,20,25,49740,0,789,0,57519,50530,108049,40795,0,7635,1212,1051,49643,50694,445077
2024-10-15,2024,10,15,port425,Guangzhou (Nansha),China,CHN,19,1,1,1,11,22,33,62501,7881,2925,0,60414,73307,133722,76241,0,780,1879,19186,78900,98087,445078
2024-10-16,2024,10,16,port425,Guangzhou (Nansha),China,CHN,21,1,2,3,5,27,32,50795,47064,3038,1940,21470,102839,124310,43994,0,2055,3562,3812,49612,53424,445079
2024-10-17,2024,10,17,port425,Guangzhou (Nansha),China,CHN,26,0,1,4,7,31,38,73886,0,2941,1471,24082,78298,102381,71010,0,0,2622,15944,73632,89577,445080
2024-10-18,2024,10,18,port425,Guangzhou (Nansha),China,CHN,18,2,2,4,8,26,34,40201,70855,3735,5156,20785,119948,140733,73730,0,1606,1299,12627,76637,89264,445081
2024-10-19,2024,10,19,port425,Guangzhou (Nansha),China,CHN,14,3,3,3,10,23,33,46937,126297,7310,1537,29399,182082,211482,42965,2905,1217,0,6153,47089,53243,445082
2024-10-20,2024,10,20,port425,Guangzhou (Nansha),China,CHN,15,0,1,1,1,17,18,23731,0,0,619,0,24350,24350,51117,0,393,407,0,51917,51917,445083
2024-10-21,2024,10,21,port425,Guangzhou (Nansha),China,CHN,21,2,3,4,10,30,40,52280,14413,13343,1471,26032,81508,107541,72853,0,1606,2105,4732,76566,81299,445084
2024-10-22,2024,10,22,port425,Guangzhou (Nansha),China,CHN,16,2,3,1,3,22,25,16548,86905,5756,0,7323,109211,116534,81059,0,1288,0,0,82347,82347,445085
2024-10-23,2024,10,23,port425,Guangzhou (Nansha),China,CHN,20,1,2,1,2,24,26,70522,33566,3492,619,9565,108201,117766,63166,2905,780,407,1051,67259,68311,445086
2024-10-24,2024,10,24,port425,Guangzhou (Nansha),China,CHN,23,1,6,1,6,31,37,56915,33566,8873,619,12907,99976,112883,44541,2905,20307,407,11374,68161,79536,445087
2024-10-25,2024,10,25,port425,Guangzhou (Nansha),China,CHN,10,1,1,1,4,13,17,26664,33566,0,0,10366,60231,70597,32381,2905,2904,563,1318,38755,40073,445088
2024-10-26,2024,10,26,port425,Guangzhou (Nansha),China,CHN,14,0,2,2,1,18,19,6984,0,4030,619,0,11635,11635,64805,0,780,919,2823,66505,69328,445089
2024-10-27,2024,10,27,port425,Guangzhou (Nansha),China,CHN,13,0,1,1,0,15,15,13922,0,2925,619,0,17468,17468,58011,0,780,407,0,59198,59198,445090
2024-10-28,2024,10,28,port425,Guangzhou (Nansha),China,CHN,18,2,3,2,3,25,28,70644,45413,8977,619,3844,125655,129500,71505,0,2491,407,674,74403,75078,445091
2024-10-29,2024,10,29,port425,Guangzhou (Nansha),China,CHN,22,3,1,2,14,28,42,46168,132375,1979,619,65254,181143,246397,109437,0,0,5539,16162,114977,131139,445092
2024-10-30,2024,10,30,port425,Guangzhou (Nansha),China,CHN,23,1,4,2,5,30,35,57431,0,4324,851,8591,62607,71199,61756,53291,5701,485,3350,121235,124585,445093
2024-10-31,2024,10,31,port425,Guangzhou (Nansha),China,CHN,14,2,3,2,6,21,27,57848,2516,2612,619,11105,63597,74703,10359,486,1606,407,5202,12859,18062,445094
2024-11-01,2024,11,1,port425,Guangzhou (Nansha),China,CHN,16,3,1,0,4,20,24,52228,146993,789,0,18446,200011,218458,38989,0,0,0,3444,38989,42433,445095
2024-11-02,2024,11,2,port425,Guangzhou (Nansha),China,CHN,7,3,1,2,4,13,17,32525,94096,4313,512,12610,131447,144058,10507,0,0,809,2272,11316,13589,445096
2024-11-03,2024,11,3,port425,Guangzhou (Nansha),China,CHN,14,0,0,3,4,17,21,46376,0,0,619,7621,46995,54617,70386,0,0,407,2627,70793,73421,445097
2024-11-04,2024,11,4,port425,Guangzhou (Nansha),China,CHN,22,0,1,3,7,26,33,25220,0,0,2535,22732,27756,50488,104197,0,434,4360,8925,108993,117918,445098
2024-11-05,2024,11,5,port425,Guangzhou (Nansha),China,CHN,22,0,6,2,4,30,34,76596,0,13692,619,13159,90908,104068,67521,0,5922,5277,2234,78721,80955,445099
2024-11-06,2024,11,6,port425,Guangzhou (Nansha),China,CHN,18,1,1,5,8,25,33,106013,33566,1249,3856,21824,144686,166511,62325,2905,0,814,14614,66046,80660,445100
2024-11-07,2024,11,7,port425,Guangzhou (Nansha),China,CHN,20,6,5,0,5,31,36,73062,201838,9865,0,19733,284766,304500,100021,33771,2511,0,1051,136304,137355,445101
2024-11-08,2024,11,8,port425,Guangzhou (Nansha),China,CHN,17,5,4,1,7,27,34,29356,107755,5144,799,24604,143055,167660,83823,74164,6323,0,3285,164310,167596,445102
2024-11-09,2024,11,9,port425,Guangzhou (Nansha),China,CHN,19,2,3,4,5,28,33,32466,58960,2218,2090,14526,95737,110263,84373,2905,4364,1299,1457,92943,94400,445103
2024-11-10,2024,11,10,port425,Guangzhou (Nansha),China,CHN,25,0,2,1,3,28,31,44188,0,14162,619,5367,58971,64338,92626,0,0,407,5310,93033,98344,445104
2024-11-11,2024,11,11,port425,Guangzhou (Nansha),China,CHN,18,4,2,2,2,26,28,22204,45581,0,0,2008,67785,69794,100591,16976,4747,547,262,122864,123126,445105
2024-11-12,2024,11,12,port425,Guangzhou (Nansha),China,CHN,17,2,3,1,1,23,24,20012,82086,3324,0,5788,105422,111211,62911,0,9652,809,564,73372,73937,445106
2024-11-13,2024,11,13,port425,Guangzhou (Nansha),China,CHN,13,0,3,2,12,18,30,79731,0,3711,1239,27317,84682,111999,32249,0,7980,814,15228,41044,56272,445107
2024-11-14,2024,11,14,port425,Guangzhou (Nansha),China,CHN,17,2,2,1,1,22,23,76452,92764,5860,619,44670,175697,220367,42207,0,7124,407,0,49738,49738,445108
2024-11-15,2024,11,15,port425,Guangzhou (Nansha),China,CHN,24,1,2,2,10,29,39,79336,72253,10904,619,23926,163114,187040,71142,0,780,1215,15796,73137,88933,445109
2024-11-16,2024,11,16,port425,Guangzhou (Nansha),China,CHN,18,2,4,1,1,25,26,29339,67133,7362,1189,4572,105024,109597,63883,5811,7131,0,959,76826,77785,445110
2024-11-17,2024,11,17,port425,Guangzhou (Nansha),China,CHN,20,2,2,2,1,26,27,53355,12054,7760,1809,2806,74980,77786,102186,49886,394,485,1182,152953,154135,445111
2024-11-18,2024,11,18,port425,Guangzhou (Nansha),China,CHN,18,0,4,1,7,23,30,64929,0,5144,851,58685,70925,129610,48246,0,5148,485,2157,53880,56037,445112
2024-11-19,2024,11,19,port425,Guangzhou (Nansha),China,CHN,15,1,1,2,11,19,30,66237,70741,15391,1043,16600,153414,170014,34618,0,0,485,8415,35104,43520,445113
2024-11-20,2024,11,20,port425,Guangzhou (Nansha),China,CHN,19,0,1,0,6,20,26,41057,0,1180,0,15178,42238,57416,97613,0,0,0,7017,97613,104630,445114
2024-11-21,2024,11,21,port425,Guangzhou (Nansha),China,CHN,20,1,2,5,4,28,32,68467,12750,1665,2090,14074,84974,99048,98635,0,1617,1299,2234,101552,103786,445115
2024-11-22,2024,11,22,port425,Guangzhou (Nansha),China,CHN,26,1,3,6,8,36,44,61269,69722,4437,3702,37250,139131,176381,100839,0,5464,1625,3812,107929,111741,445116
2024-11-23,2024,11,23,port425,Guangzhou (Nansha),China,CHN,18,2,1,3,3,24,27,17711,66498,2925,1167,768,88303,89072,53503,2905,780,407,5395,57597,62993,445117
2024-11-24,2024,11,24,port425,Guangzhou (Nansha),China,CHN,19,2,0,2,6,23,29,55388,66671,0,1807,20714,123868,144582,86517,0,0,1743,3181,88260,91442,445118
2024-11-25,2024,11,25,port425,Guangzhou (Nansha),China,CHN,20,1,3,5,9,29,38,78275,9844,8667,1821,18351,98609,116960,80987,0,1560,10085,6001,92633,98634,445119
2024-11-26,2024,11,26,port425,Guangzhou (Nansha),China,CHN,20,1,3,4,5,28,33,27432,0,19768,3924,5896,51124,57021,83344,586,780,5170,13728,89881,103610,445120
2024-11-27,2024,11,27,port425,Guangzhou (Nansha),China,CHN,19,2,2,1,5,24,29,27271,93794,6223,619,35266,127909,163175,78113,0,780,407,1879,79301,81180,445121
2024-11-28,2024,11,28,port425,Guangzhou (Nansha),China,CHN,17,2,2,4,8,25,33,13967,33566,5851,1859,24626,55245,79871,49541,2905,1560,1221,4375,55229,59605,445122
2024-11-29,2024,11,29,port425,Guangzhou (Nansha),China,CHN,20,0,1,3,6,24,30,69855,0,0,273,19026,70129,89155,56038,0,1097,2543,33696,59679,93376,445123
2024-11-30,2024,11,30,port425,Guangzhou (Nansha),China,CHN,22,0,1,2,3,25,28,35627,0,1157,1239,6250,38024,44275,91011,0,0,814,7339,91825,99165,445124
2024-12-01,2024,12,1,port425,Guangzhou (Nansha),China,CHN,13,2,1,0,3,16,19,16027,84492,1179,0,7597,101699,109297,33957,2905,0,0,959,36863,37822,445125
2024-12-02,2024,12,2,port425,Guangzhou (Nansha),China,CHN,22,1,3,3,4,29,33,33771,56448,1979,1239,9390,93439,102829,122675,0,1133,1034,2852,124843,127695,445126
2024-12-03,2024,12,3,port425,Guangzhou (Nansha),China,CHN,26,1,3,2,3,32,35,119119,61224,6738,619,8483,187702,196185,110450,0,780,1215,1182,112445,113628,445127
2024-12-04,2024,12,4,port425,Guangzhou (Nansha),China,CHN,20,2,3,2,4,27,31,65532,35576,0,619,9519,101728,111248,60207,9638,11285,1691,974,82822,83797,445128
2024-12-05,2024,12,5,port425,Guangzhou (Nansha),China,CHN,19,0,5,1,4,25,29,67454,0,10892,0,10721,78346,89068,35207,0,5417,0,2536,40625,43161,445129
2024-12-06,2024,12,6,port425,Guangzhou (Nansha),China,CHN,21,2,3,3,6,29,35,83521,18708,11115,1024,8578,114370,122949,73368,1381,1560,407,7713,76718,84432,445130
2024-12-07,2024,12,7,port425,Guangzhou (Nansha),China,CHN,19,1,3,4,7,27,34,83583,33566,5867,4684,12154,127701,139856,92466,2905,780,835,5906,96988,102894,445131
2024-12-08,2024,12,8,port425,Guangzhou (Nansha),China,CHN,20,3,0,1,4,24,28,41162,145523,0,2647,9562,189333,198895,69435,0,0,0,4708,69435,74143,445132
2024-12-09,2024,12,9,port425,Guangzhou (Nansha),China,CHN,17,2,3,2,2,24,26,46983,105214,6735,1766,5788,160699,166487,60710,2905,1606,0,564,65223,65787,445133
2024-12-10,2024,12,10,port425,Guangzhou (Nansha),China,CHN,15,1,1,1,8,18,26,32926,26804,3149,0,15964,62880,78845,45375,0,0,0,1369,45375,46745,445134
2024-12-11,2024,12,11,port425,Guangzhou (Nansha),China,CHN,21,2,2,1,8,26,34,47671,65345,0,619,16137,113636,129773,79736,2905,5588,407,8707,88637,97345,445135
2024-12-12,2024,12,12,port425,Guangzhou (Nansha),China,CHN,20,0,2,4,4,26,30,123640,0,2925,1644,7229,128210,135439,62331,0,3376,3563,1669,69271,70941,445136
2024-12-13,2024,12,13,port425,Guangzhou (Nansha),China,CHN,21,5,1,2,3,29,32,50169,237635,2925,725,10077,291456,301534,71427,0,780,0,2365,72207,74572,445137
2024-12-14,2024,12,14,port425,Guangzhou (Nansha),China,CHN,19,1,5,1,8,26,34,61600,0,8777,0,28475,70377,98853,54641,455,7077,0,11878,62174,74052,445138
2024-12-15,2024,12,15,port425,Guangzhou (Nansha),China,CHN,23,2,1,2,6,28,34,29028,102297,3483,0,11651,134809,146460,118426,2905,0,1323,1979,122656,124635,445139
2024-12-16,2024,12,16,port425,Guangzhou (Nansha),China,CHN,17,1,2,2,2,22,24,43334,1088,4905,619,13481,49948,63430,72590,0,780,407,0,73777,73777,445140
2024-12-17,2024,12,17,port425,Guangzhou (Nansha),China,CHN,20,4,1,2,11,27,38,69917,147765,2925,1239,22206,221847,244053,52825,8717,780,814,13557,63138,76695,445141
2024-12-18,2024,12,18,port425,Guangzhou (Nansha),China,CHN,15,3,2,0,3,20,23,26192,56084,5144,0,1814,87420,89235,75921,16919,2387,0,384,95227,95612,445142
2024-12-19,2024,12,19,port425,Guangzhou (Nansha),China,CHN,19,1,2,2,6,24,30,81471,33566,10836,1940,10427,127815,138243,60388,2905,0,407,7535,63701,71236,445143
2024-12-20,2024,12,20,port425,Guangzhou (Nansha),China,CHN,22,0,2,2,4,26,30,58544,0,0,1471,6427,60015,66442,54116,0,10989,892,17231,65998,83229,445144
2024-12-21,2024,12,21,port425,Guangzhou (Nansha),China,CHN,23,1,0,1,3,25,28,38461,34440,0,0,8870,72902,81773,79843,0,0,0,1669,79843,81513,445145
2024-12-22,2024,12,22,port425,Guangzhou (Nansha),China,CHN,27,3,2,1,1,33,34,75323,106262,7701,851,2806,190138,192944,106392,2905,1606,485,1182,111390,112573,445146
2024-12-23,2024,12,23,port425,Guangzhou (Nansha),China,CHN,18,2,3,5,6,28,34,43530,42165,9484,2668,16462,97850,114312,69819,0,780,1221,750,71821,72571,445147
2024-12-24,2024,12,24,port425,Guangzhou (Nansha),China,CHN,14,3,4,3,6,24,30,24256,83922,4159,2264,19049,114603,133652,93238,2905,3441,814,7075,100399,107474,445148
2024-12-25,2024,12,25,port425,Guangzhou (Nansha),China,CHN,15,2,2,2,3,21,24,21512,65376,5947,958,5788,93795,99583,94690,2905,780,3642,5212,102019,107231,445149
2024-12-26,2024,12,26,port425,Guangzhou (Nansha),China,CHN,24,3,3,3,6,33,39,117293,152596,2218,851,13073,272959,286033,76127,0,2275,4977,2060,83380,85440,445150
2024-12-27,2024,12,27,port425,Guangzhou (Nansha),China,CHN,17,2,1,0,7,20,27,30636,17144,0,0,85696,47780,133476,49095,0,3989,0,564,53085,53649,445151
2024-12-28,2024,12,28,port425,Guangzhou (Nansha),China,CHN,18,1,5,4,5,28,33,56874,9362,32640,1965,10997,100842,111840,82503,0,5704,814,2390,89022,91412,445152
2024-12-29,2024,12,29,port425,Guangzhou (Nansha),China,CHN,22,0,0,1,2,23,25,51385,0,0,0,3524,51385,54910,100893,0,0,0,1182,100893,102076,445153
2024-12-30,2024,12,30,port425,Guangzhou (Nansha),China,CHN,21,0,2,1,3,24,27,32922,0,2831,619,7900,36373,44273,74226,0,1087,407,2777,75720,78498,445154
2024-12-31,2024,12,31,port425,Guangzhou (Nansha),China,CHN,19,1,4,2,5,26,31,40316,68061,5144,619,28570,114142,142712,52573,0,5091,407,2234,58071,60306,445155
2025-01-01,2025,1,1,port425,Guangzhou (Nansha),China,CHN,21,3,2,2,5,28,33,72328,92582,10482,1882,8594,177276,185870,122606,2905,0,0,8268,125512,133781,445156
2025-01-02,2025,1,2,port425,Guangzhou (Nansha),China,CHN,20,1,3,3,5,27,32,44130,56596,3714,5375,12739,109817,122556,93943,0,5070,407,5218,99421,104639,445157
2025-01-03,2025,1,3,port425,Guangzhou (Nansha),China,CHN,23,1,2,2,7,28,35,33181,33566,3991,0,20925,70739,91664,69344,2905,0,2486,6204,74736,80940,445158
2025-01-04,2025,1,4,port425,Guangzhou (Nansha),China,CHN,19,2,3,2,1,26,27,62499,78499,6438,619,264,148057,148322,72694,2905,3575,3470,0,82646,82646,445159
2025-01-05,2025,1,5,port425,Guangzhou (Nansha),China,CHN,16,1,0,1,0,18,18,17038,4946,0,573,0,22558,22558,59212,0,0,0,0,59212,59212,445160
2025-01-06,2025,1,6,port425,Guangzhou (Nansha),China,CHN,24,2,2,3,7,31,38,144443,130565,10333,1471,19922,286813,306736,51483,0,780,2103,9374,54366,63741,445161
2025-01-07,2025,1,7,port425,Guangzhou (Nansha),China,CHN,18,6,4,2,11,30,41,15326,252542,17999,2418,41853,288287,330140,58954,40358,1956,0,3653,101270,104924,445162
2025-01-08,2025,1,8,port425,Guangzhou (Nansha),China,CHN,22,0,6,1,8,29,37,78381,0,12059,1025,23156,91465,114622,77250,0,1956,0,3649,79207,82856,445163
2025-01-09,2025,1,9,port425,Guangzhou (Nansha),China,CHN,21,0,3,4,3,28,31,55661,0,6207,809,11331,62678,74009,102564,0,4382,547,1462,107494,108956,445164
2025-01-10,2025,1,10,port425,Guangzhou (Nansha),China,CHN,16,2,2,3,5,23,28,27575,60602,19353,1786,20170,109317,129488,53583,0,0,814,2875,54397,57273,445165
2025-01-11,2025,1,11,port425,Guangzhou (Nansha),China,CHN,19,2,4,2,4,27,31,109052,23081,10756,619,16531,143510,160041,44701,0,1606,1285,1746,47594,49341,445166
2025-01-12,2025,1,12,port425,Guangzhou (Nansha),China,CHN,20,3,0,0,1,23,24,40547,85745,0,0,192,126292,126485,69915,378,0,0,0,70294,70294,445167
2025-01-13,2025,1,13,port425,Guangzhou (Nansha),China,CHN,18,2,4,3,1,27,28,25619,71505,12410,1644,0,111181,111181,130606,9748,1606,814,0,142776,142776,445168
2025-01-14,2025,1,14,port425,Guangzhou (Nansha),China,CHN,15,3,1,3,3,22,25,19310,26890,0,1320,16264,47522,63787,44440,54396,2749,0,1182,101587,102769,445169
2025-01-15,2025,1,15,port425,Guangzhou (Nansha),China,CHN,21,3,0,1,8,25,33,55890,67133,0,820,32019,123844,155864,70489,5811,0,0,11062,76301,87364,445170
2025-01-16,2025,1,16,port425,Guangzhou (Nansha),China,CHN,14,1,3,1,5,19,24,14408,50066,11323,0,8904,75799,84704,67929,0,1560,404,1182,69894,71076,445171
2025-01-17,2025,1,17,port425,Guangzhou (Nansha),China,CHN,25,3,2,3,5,33,38,77068,29772,2925,2162,17107,111928,129035,141739,23608,3571,1894,2157,170814,172971,445172
2025-01-18,2025,1,18,port425,Guangzhou (Nansha),China,CHN,15,2,3,3,9,23,32,83268,47878,2218,619,23652,133986,157639,34329,0,7297,5802,10314,47429,57743,445173
2025-01-19,2025,1,19,port425,Guangzhou (Nansha),China,CHN,17,2,1,1,2,21,23,44921,74989,145,2047,4017,122104,126122,54418,0,0,0,1182,54418,55600,445174
2025-01-20,2025,1,20,port425,Guangzhou (Nansha),China,CHN,14,4,3,3,3,24,27,56618,114247,8959,0,5108,179825,184933,39276,0,393,2288,0,41958,41958,445175
2025-01-21,2025,1,21,port425,Guangzhou (Nansha),China,CHN,16,3,3,3,7,25,32,21519,83245,5851,1239,59806,111856,171663,54775,0,3664,814,13726,59254,72980,445176
2025-01-22,2025,1,22,port425,Guangzhou (Nansha),China,CHN,17,0,2,3,3,22,25,25458,0,3511,619,11755,29590,41346,115419,0,1606,1009,487,118035,118523,445177
2025-01-23,2025,1,23,port425,Guangzhou (Nansha),China,CHN,21,1,1,5,6,28,34,103456,33566,0,1239,58285,138262,196548,43945,2905,865,4738,2573,52454,55028,445178
2025-01-24,2025,1,24,port425,Guangzhou (Nansha),China,CHN,17,2,0,2,8,21,29,35271,99489,0,0,31792,134760,166552,40330,0,0,10742,5034,51072,56106,445179
2025-01-25,2025,1,25,port425,Guangzhou (Nansha),China,CHN,16,3,1,2,6,22,28,73879,132414,2218,1644,20489,210157,230646,45323,2905,1606,407,2157,50243,52400,445180
2025-01-26,2025,1,26,port425,Guangzhou (Nansha),China,CHN,19,0,5,1,2,25,27,76384,0,8180,1320,1834,85885,87719,90006,0,1754,0,732,91760,92493,445181
2025-01-27,2025,1,27,port425,Guangzhou (Nansha),China,CHN,14,3,3,1,3,21,24,46186,140794,2752,0,5172,189733,194905,51418,5811,2388,1019,0,60637,60637,445182
2025-01-28,2025,1,28,port425,Guangzhou (Nansha),China,CHN,17,1,0,1,4,19,23,34963,33566,0,619,16658,69149,85808,80969,2905,0,407,2404,84282,86687,445183
2025-01-29,2025,1,29,port425,Guangzhou (Nansha),China,CHN,20,3,3,1,4,27,31,79105,11961,2925,619,15394,94613,110007,71715,98773,1262,407,959,172158,173117,445184
2025-01-30,2025,1,30,port425,Guangzhou (Nansha),China,CHN,20,0,0,3,1,23,24,34652,0,0,3067,5214,37719,42934,87347,0,0,3627,0,90974,90974,445185
2025-01-31,2025,1,31,port425,Guangzhou (Nansha),China,CHN,22,0,4,1,3,27,30,38360,0,10781,0,8782,49141,57924,145231,0,7434,0,1182,152666,153848,445186
2025-02-01,2025,2,1,port425,Guangzhou (Nansha),China,CHN,17,0,1,0,3,18,21,59660,0,2925,0,20104,62586,82691,38649,0,780,0,0,39429,39429,445187
2025-02-02,2025,2,2,port425,Guangzhou (Nansha),China,CHN,15,0,2,0,0,17,17,88545,0,10325,0,0,98870,98870,54184,0,1379,0,0,55563,55563,445188
2025-02-03,2025,2,3,port425,Guangzhou (Nansha),China,CHN,13,2,2,0,7,17,24,47781,68762,4629,0,4584,121173,125758,23325,2905,3455,0,6655,29687,36342,445189
2025-02-04,2025,2,4,port425,Guangzhou (Nansha),China,CHN,22,0,0,1,6,23,29,61108,0,0,685,14349,61794,76143,62043,0,0,0,815,62043,62858,445190
2025-02-05,2025,2,5,port425,Guangzhou (Nansha),China,CHN,25,0,2,2,4,29,33,70493,0,8919,1650,11160,81063,92224,138204,0,0,407,0,138611,138611,445191
2025-02-06,2025,2,6,port425,Guangzhou (Nansha),China,CHN,18,0,4,2,3,24,27,37547,0,12773,1239,10318,51560,61878,50938,0,3054,814,908,54807,55716,445192
2025-02-07,2025,2,7,port425,Guangzhou (Nansha),China,CHN,18,2,1,0,6,21,27,49824,67133,787,0,15139,117745,132885,89570,5811,0,0,3947,95381,99329,445193
2025-02-08,2025,2,8,port425,Guangzhou (Nansha),China,CHN,14,3,4,2,5,23,28,61201,90223,12638,619,14344,164683,179027,42062,2905,1734,407,1746,47110,48857,445194
2025-02-09,2025,2,9,port425,Guangzhou (Nansha),China,CHN,15,1,1,1,2,18,20,34033,33566,2218,619,2806,70438,73245,50605,2905,1606,407,5797,55525,61323,445195
2025-02-10,2025,2,10,port425,Guangzhou (Nansha),China,CHN,17,3,1,5,5,26,31,31917,107700,3781,3411,22593,146811,169404,60169,2905,0,3479,1462,66554,68016,445196
2025-02-11,2025,2,11,port425,Guangzhou (Nansha),China,CHN,14,0,2,0,3,16,19,38325,0,3498,0,10386,41823,52210,30715,0,2586,0,487,33301,33788,445197
2025-02-12,2025,2,12,port425,Guangzhou (Nansha),China,CHN,18,0,0,0,2,18,20,23228,0,0,0,9239,23228,32468,42590,0,0,0,564,42590,43154,445198
2025-02-13,2025,2,13,port425,Guangzhou (Nansha),China,CHN,9,0,1,0,5,10,15,51477,0,4667,0,10065,56145,66210,12821,0,0,0,2517,12821,15339,445199
2025-02-14,2025,2,14,port425,Guangzhou (Nansha),China,CHN,21,1,3,2,4,27,31,61198,69733,16253,619,9013,147805,156819,50151,0,2387,2028,1669,54567,56237,445200
2025-02-15,2025,2,15,port425,Guangzhou (Nansha),China,CHN,18,0,2,2,8,22,30,46489,0,2925,1578,13354,50993,64347,42989,0,1114,407,7540,44510,52051,445201
2025-02-16,2025,2,16,port425,Guangzhou (Nansha),China,CHN,13,1,1,1,2,16,18,68039,1118,11857,619,9565,81635,91200,41970,0,0,407,1051,42377,43428,445202
2025-02-17,2025,2,17,port425,Guangzhou (Nansha),China,CHN,18,1,2,3,7,24,31,65418,0,7276,2999,22085,75694,97779,57987,9522,1606,407,4915,69524,74440,445203
2025-02-18,2025,2,18,port425,Guangzhou (Nansha),China,CHN,21,0,5,1,6,27,33,64122,0,18201,0,14314,82324,96639,60532,0,780,0,2581,61312,63894,445204
2025-02-19,2025,2,19,port425,Guangzhou (Nansha),China,CHN,16,0,3,1,5,20,25,52231,0,1849,0,45442,54080,99523,50198,0,1176,0,1166,51375,52542,445205
2025-02-20,2025,2,20,port425,Guangzhou (Nansha),China,CHN,18,1,4,4,4,27,31,71439,78773,674,851,43988,151739,195727,37025,0,2975,5596,9774,45596,55371,445206
2025-02-21,2025,2,21,port425,Guangzhou (Nansha),China,CHN,18,0,2,2,3,22,25,47857,0,9958,467,6583,58283,64866,74425,0,0,0,2055,74425,76481,445207
2025-02-22,2025,2,22,port425,Guangzhou (Nansha),China,CHN,19,5,2,4,4,30,34,47976,105278,2218,2090,10089,157564,167653,125244,2905,7586,3536,4544,139273,143818,445208
2025-02-23,2025,2,23,port425,Guangzhou (Nansha),China,CHN,23,1,1,1,3,26,29,76258,33566,0,1089,5788,110914,116702,53199,2905,2423,0,1062,58529,59591,445209
2025-02-24,2025,2,24,port425,Guangzhou (Nansha),China,CHN,20,1,6,2,3,29,32,78410,33566,13977,1029,5788,126984,132772,49972,2905,3167,2166,11207,58211,69419,445210
2025-02-25,2025,2,25,port425,Guangzhou (Nansha),China,CHN,17,1,2,2,5,22,27,48935,0,394,0,46743,49330,96073,56559,200999,2417,1494,2706,261470,264176,445211
2025-02-26,2025,2,26,port425,Guangzhou (Nansha),China,CHN,15,2,2,0,6,19,25,30312,42929,5004,0,10034,78246,88280,48248,2905,1355,0,8918,52509,61428,445212
2025-02-27,2025,2,27,port425,Guangzhou (Nansha),China,CHN,20,0,3,1,5,24,29,41483,0,4704,0,9501,46188,55689,45765,0,3661,0,2823,49427,52250,445213
2025-02-28,2025,2,28,port425,Guangzhou (Nansha),China,CHN,19,2,1,0,5,22,27,77360,0,1150,0,14306,78511,92817,55358,59560,0,0,2141,114918,117060,445214
2025-03-01,2025,3,1,port425,Guangzhou (Nansha),China,CHN,16,1,2,2,7,21,28,65825,33566,0,619,22840,100011,122852,66574,2905,184,680,3501,70345,73846,445215
2025-03-02,2025,3,2,port425,Guangzhou (Nansha),China,CHN,15,1,2,1,0,19,19,28261,71155,8089,0,0,107506,107506,48166,0,780,1186,0,50133,50133,445216
2025-03-03,2025,3,3,port425,Guangzhou (Nansha),China,CHN,18,0,5,1,6,24,30,52048,0,6639,619,16169,59307,75476,64856,0,1560,407,564,66824,67388,445217
2025-03-04,2025,3,4,port425,Guangzhou (Nansha),China,CHN,17,2,3,3,4,25,29,74671,72138,2925,3496,5937,153231,159169,95981,0,3549,486,1182,100017,101200,445218
2025-03-05,2025,3,5,port425,Guangzhou (Nansha),China,CHN,24,1,5,2,6,32,38,58454,33566,3620,1239,9582,96881,106463,81541,2905,3605,814,7448,88866,96315,445219
2025-03-06,2025,3,6,port425,Guangzhou (Nansha),China,CHN,24,2,6,3,6,35,41,80286,67133,2700,2730,7397,152851,160248,67257,5811,9037,892,1551,83000,84551,445220
2025-03-07,2025,3,7,port425,Guangzhou (Nansha),China,CHN,20,3,2,3,7,28,35,34561,313353,1923,1859,11442,351698,363140,51915,0,1176,1221,2402,54313,56716,445221
2025-03-08,2025,3,8,port425,Guangzhou (Nansha),China,CHN,19,2,2,1,2,24,26,58016,77122,2925,619,8349,138684,147034,62289,2905,5104,407,1446,70707,72153,445222
2025-03-09,2025,3,9,port425,Guangzhou (Nansha),China,CHN,23,1,1,3,4,28,32,46449,21284,0,1859,11276,69593,80869,108385,0,2873,1221,2852,112480,115333,445223
2025-03-10,2025,3,10,port425,Guangzhou (Nansha),China,CHN,20,1,3,3,4,27,31,51684,33566,8186,3405,12749,96843,109592,77061,2905,3379,814,6137,84161,90299,445224
2025-03-11,2025,3,11,port425,Guangzhou (Nansha),China,CHN,17,3,4,1,4,25,29,37323,79892,5546,0,7845,122763,130608,76122,0,2590,2165,1821,80878,82700,445225
2025-03-12,2025,3,12,port425,Guangzhou (Nansha),China,CHN,13,2,3,3,5,21,26,59722,33566,7726,2120,16696,103136,119832,27917,2905,4137,1969,10866,36930,47797,445226
2025-03-13,2025,3,13,port425,Guangzhou (Nansha),China,CHN,17,1,3,2,8,23,31,56593,11603,3965,1024,18836,73186,92022,65972,0,1101,407,15772,67481,83253,445227
2025-03-14,2025,3,14,port425,Guangzhou (Nansha),China,CHN,22,1,0,0,8,23,31,77470,6208,0,0,22852,83678,106531,55071,0,0,0,2497,55071,57568,445228
2025-03-15,2025,3,15,port425,Guangzhou (Nansha),China,CHN,24,1,4,1,6,30,36,79906,0,8281,619,36464,88808,125272,61774,0,1174,407,2026,63356,65382,445229
2025-03-16,2025,3,16,port425,Guangzhou (Nansha),China,CHN,21,0,2,2,2,25,27,38587,0,674,1712,2806,40974,43781,56767,0,1964,407,5845,59139,64985,445230
2025-03-17,2025,3,17,port425,Guangzhou (Nansha),China,CHN,15,3,1,3,5,22,27,79828,22518,1967,809,13164,105124,118288,64400,0,0,0,3892,64400,68293,445231
2025-03-18,2025,3,18,port425,Guangzhou (Nansha),China,CHN,16,0,4,3,6,23,29,34015,0,20571,619,13776,55205,68982,74869,0,3366,5772,3089,84008,87097,445232
2025-03-19,2025,3,19,port425,Guangzhou (Nansha),China,CHN,20,4,1,1,9,26,35,42260,56956,2925,1092,17645,103235,120881,82054,17016,780,0,2509,99851,102360,445233
2025-03-20,2025,3,20,port425,Guangzhou (Nansha),China,CHN,21,1,1,1,4,24,28,59969,33566,3999,0,4184,97536,101720,59418,2905,0,0,0,62324,62324,445234
2025-03-21,2025,3,21,port425,Guangzhou (Nansha),China,CHN,22,2,4,4,3,32,35,3378,100716,5138,1859,2008,111093,113101,136204,2905,2770,2743,4651,144624,149275,445235
2025-03-22,2025,3,22,port425,Guangzhou (Nansha),China,CHN,23,3,1,2,7,29,36,28518,27976,0,4363,20411,60859,81271,76662,0,1703,0,5151,78365,83516,445236
2025-03-23,2025,3,23,port425,Guangzhou (Nansha),China,CHN,21,2,3,2,4,28,32,73480,11641,3473,1239,10002,89835,99838,45586,0,6483,814,487,52884,53371,445237
2025-03-24,2025,3,24,port425,Guangzhou (Nansha),China,CHN,21,1,3,2,4,27,31,53758,33566,7155,619,71679,95100,166779,125477,2905,394,1939,2331,130716,133048,445238
2025-03-25,2025,3,25,port425,Guangzhou (Nansha),China,CHN,16,1,4,3,8,24,32,30382,33566,9524,2303,59228,75777,135005,67947,2905,4235,2459,1360,77548,78908,445239
2025-03-26,2025,3,26,port425,Guangzhou (Nansha),China,CHN,18,2,4,1,4,25,29,39701,73320,3320,0,4092,116341,120434,61561,0,3726,467,4793,65755,70549,445240
2025-03-27,2025,3,27,port425,Guangzhou (Nansha),China,CHN,20,1,4,0,5,25,30,25831,33566,0,0,18403,59398,77801,90060,2905,4600,0,2798,97567,100366,445241
2025-03-28,2025,3,28,port425,Guangzhou (Nansha),China,CHN,20,1,3,1,3,25,28,49422,0,2925,619,4721,52968,57690,47841,33258,5891,407,3946,87398,91345,445242
2025-03-29,2025,3,29,port425,Guangzhou (Nansha),China,CHN,24,3,2,3,6,32,38,116682,100515,5778,1239,24655,224215,248871,101987,0,0,1417,1512,103404,104916,445243
2025-03-30,2025,3,30,port425,Guangzhou (Nansha),China,CHN,22,2,1,1,3,26,29,78434,6426,5336,619,9565,90817,100383,41938,0,0,407,1051,42345,43397,445244
2025-03-31,2025,3,31,port425,Guangzhou (Nansha),China,CHN,20,1,2,2,5,25,30,57521,0,3320,1239,15108,62081,77189,78193,9770,780,814,3454,89558,93012,445245
2025-04-01,2025,4,1,port425,Guangzhou (Nansha),China,CHN,19,1,4,1,5,25,30,84740,0,2218,619,24911,87578,112490,63964,53974,3672,407,827,122017,122845,445246
2025-04-02,2025,4,2,port425,Guangzhou (Nansha),China,CHN,21,4,2,6,4,33,37,22797,67224,2925,2685,21246,95632,116878,81221,7851,1174,2621,750,92869,93619,445247
2025-04-03,2025,4,3,port425,Guangzhou (Nansha),China,CHN,23,1,1,1,7,26,33,51426,23132,0,619,27559,75178,102738,70862,0,2255,407,2204,73525,75729,445248
2025-04-04,2025,4,4,port425,Guangzhou (Nansha),China,CHN,16,2,4,2,4,24,28,29537,34397,11213,619,12364,75768,88132,48876,91591,2162,2217,974,144847,145821,445249
2025-04-05,2025,4,5,port425,Guangzhou (Nansha),China,CHN,23,4,0,2,9,29,38,36666,98231,0,1239,13421,136137,149558,102358,0,0,814,3894,103173,107067,445250
2025-04-06,2025,4,6,port425,Guangzhou (Nansha),China,CHN,20,2,3,3,4,28,32,62007,0,2925,1611,16331,66544,82875,64535,3865,7671,0,2234,76072,78306,445251
2025-04-07,2025,4,7,port425,Guangzhou (Nansha),China,CHN,20,4,7,1,6,32,38,49276,38756,22598,0,12059,110631,122690,71202,4341,2290,2979,6168,80814,86982,445252
2025-04-08,2025,4,8,port425,Guangzhou (Nansha),China,CHN,24,1,5,3,8,33,41,83606,43217,9884,1471,38970,138180,177150,74039,0,1416,1856,3100,77312,80413,445253
2025-04-09,2025,4,9,port425,Guangzhou (Nansha),China,CHN,25,0,4,2,6,31,37,55936,0,8648,0,14198,64584,78782,85260,0,2742,1411,4349,89414,93763,445254
2025-04-10,2025,4,10,port425,Guangzhou (Nansha),China,CHN,19,2,1,2,5,24,29,46233,74697,2218,1494,13468,124644,138112,56580,683,1606,407,1446,59277,60724,445255
2025-04-11,2025,4,11,port425,Guangzhou (Nansha),China,CHN,22,1,3,0,8,26,34,49656,33566,0,0,58241,83223,141464,107068,2905,3790,0,12399,113764,126164,445256
2025-04-12,2025,4,12,port425,Guangzhou (Nansha),China,CHN,23,4,3,2,5,32,37,106166,102514,7024,1320,23852,217026,240879,62131,52822,2195,0,2157,117150,119307,445257
2025-04-13,2025,4,13,port425,Guangzhou (Nansha),China,CHN,17,1,2,2,4,22,26,95581,4417,0,1440,8594,101439,110034,65457,0,10925,407,4510,76789,81300,445258
2025-04-14,2025,4,14,port425,Guangzhou (Nansha),China,CHN,20,1,1,2,9,24,33,76115,9640,2933,577,35939,89268,125207,76029,0,0,0,8218,76029,84248,445259
2025-04-15,2025,4,15,port425,Guangzhou (Nansha),China,CHN,21,2,2,0,4,25,29,89866,45924,9942,0,18217,145734,163951,58248,3687,780,0,974,62715,63690,445260
2025-04-16,2025,4,16,port425,Guangzhou (Nansha),China,CHN,21,1,2,3,7,27,34,72732,0,3209,2650,37496,78592,116088,97098,0,142,980,7121,98221,105342,445261
2025-04-17,2025,4,17,port425,Guangzhou (Nansha),China,CHN,17,3,2,2,6,24,30,56557,3206,2224,619,35287,62608,97895,43970,19120,395,2031,1539,65516,67055,445262
2025-04-18,2025,4,18,port425,Guangzhou (Nansha),China,CHN,20,2,3,2,5,27,32,24956,31950,2925,2413,10802,62246,73049,55861,16919,3475,407,1182,76663,77845,445263
2025-04-19,2025,4,19,port425,Guangzhou (Nansha),China,CHN,18,3,2,2,5,25,30,8838,122053,0,619,9316,131511,140827,114052,2905,10473,1894,1182,129326,130509,445264
2025-04-20,2025,4,20,port425,Guangzhou (Nansha),China,CHN,17,2,2,1,2,22,24,37476,7553,5851,619,9565,51501,61067,70162,0,1560,407,1051,72130,73181,445265
2025-04-21,2025,4,21,port425,Guangzhou (Nansha),China,CHN,21,2,2,3,3,28,31,37907,33566,4905,1057,45757,77437,123194,63021,34024,780,486,2141,98312,100453,445266
2026-07-05,2026,7,5,port425,Guangzhou (Nansha),China,CHN,18,2,2,0,0,22,22,72291,0,6027,0,0,78318,78318,82747,128553,576,0,0,211878,211878,445273
2026-07-06,2026,7,6,port425,Guangzhou (Nansha),China,CHN,18,3,0,1,9,22,31,42635,84449,0,619,67203,127704,194908,74363,9498,0,407,7351,84269,91621,445274
2026-07-07,2026,7,7,port425,Guangzhou (Nansha),China,CHN,19,1,4,3,7,27,34,41477,36669,4785,1578,31373,84510,115884,123406,0,6137,3072,955,132616,133572,445275
2026-07-08,2026,7,8,port425,Guangzhou (Nansha),China,CHN,16,0,0,0,5,16,21,16832,0,0,0,2806,16832,19638,69175,0,0,0,6123,69175,75299,445277
2026-07-09,2026,7,9,port425,Guangzhou (Nansha),China,CHN,22,2,3,0,5,27,32,67499,42915,1960,0,10428,112376,122804,95484,2905,11294,0,0,109684,109684,445278
2026-07-10,2026,7,10,port425,Guangzhou (Nansha),China,CHN,20,1,2,0,2,23,25,46245,72856,5851,0,35525,124953,160478,69828,0,1560,0,0,71389,71389,445280
2026-07-11,2026,7,11,port425,Guangzhou (Nansha),China,CHN,18,2,2,2,3,24,27,72162,71055,0,619,0,143837,143837,46944,3687,3181,407,2147,54219,56366,445282
2026-07-12,2026,7,12,port425,Guangzhou (Nansha),China,CHN,12,2,1,0,3,15,18,34259,50882,5599,0,10523,90741,101265,61521,6592,0,0,487,68114,68601,445284
2026-07-13,2026,7,13,port425,Guangzhou (Nansha),China,CHN,13,3,3,0,9,19,28,34895,54613,5851,0,18132,95360,113492,68067,72148,5324,0,15870,145541,161411,445286
2026-07-14,2026,7,14,port425,Guangzhou (Nansha),China,CHN,14,3,3,1,6,21,27,15171,70518,94,606,29673,86391,116065,88210,21533,2434,0,4857,112178,117035,445288
2026-07-15,2026,7,15,port425,Guangzhou (Nansha),China,CHN,18,1,1,1,3,21,24,16504,0,0,0,1221,16504,17726,110452,64453,2720,512,2544,178139,180683,445290
2026-07-16,2026,7,16,port425,Guangzhou (Nansha),China,CHN,21,1,1,1,4,24,28,38891,20713,0,619,13645,60225,73870,88142,0,2091,407,11781,90641,102422,445292
2026-07-17,2026,7,17,port425,Guangzhou (Nansha),China,CHN,22,3,3,1,5,29,34,26073,3920,3292,273,10585,33560,44145,61261,8852,2368,0,5699,72482,78181,445294
2026-07-18,2026,7,18,port425,Guangzhou (Nansha),China,CHN,19,3,4,2,4,28,32,47899,100233,7789,958,9718,156880,166599,84587,49871,2432,273,260,137164,137425,445296
2026-07-19,2026,7,19,port425,Guangzhou (Nansha),China,CHN,16,2,0,1,2,19,21,46065,95166,0,0,1857,141231,143089,81377,0,0,0,0,81377,81377,445298
2026-07-20,2026,7,20,port425,Guangzhou (Nansha),China,CHN,19,3,1,1,6,24,30,68216,0,0,619,14289,68836,83125,95222,67607,3764,407,2644,167001,169646,445300
2026-07-21,2026,7,21,port425,Guangzhou (Nansha),China,CHN,15,2,3,2,7,22,29,41043,67133,3757,619,12200,112554,124755,98490,5811,2130,407,16012,106839,122851,445302
2026-07-22,2026,7,22,port425,Guangzhou (Nansha),China,CHN,15,1,4,3,4,23,27,25273,61872,3599,619,7875,91366,99241,94565,0,3961,5097,6733,103624,110358,445304
2026-07-23,2026,7,23,port425,Guangzhou (Nansha),China,CHN,23,8,3,1,9,35,44,50129,55896,3771,0,39377,109797,149174,106084,13681,3763,510,3339,124039,127379,445306
2026-07-24,2026,7,24,port425,Guangzhou (Nansha),China,CHN,18,1,2,3,1,24,25,57726,33566,0,3473,0,94767,94767,55156,2905,7976,407,2006,66446,68452,445308
2026-07-25,2026,7,25,port425,Guangzhou (Nansha),China,CHN,0,0,0,0,1,0,1,0,0,0,0,0,0,0,0,0,0,0,0,0,0,445310
2026-07-26,2026,7,26,port425,Guangzhou (Nansha),China,CHN,15,5,2,2,1,24,25,51797,84449,4087,0,2278,140333,142612,70548,287350,780,1382,0,360061,360061,445312
2026-07-27,2026,7,27,port425,Guangzhou (Nansha),China,CHN,21,6,3,1,4,31,35,73583,52850,3335,0,10360,129769,140130,58987,38218,3683,6986,2157,107876,110033,445314
2026-07-28,2026,7,28,port425,Guangzhou (Nansha),China,CHN,25,0,2,2,8,29,37,40951,0,2804,1239,10978,44994,55973,129836,0,3764,814,20857,134415,155273,445315
2026-07-29,2026,7,29,port425,Guangzhou (Nansha),China,CHN,16,1,1,1,8,19,27,19656,67127,708,1409,36624,88901,125526,92658,0,0,0,5578,92658,98237,445317
2026-07-30,2026,7,30,port425,Guangzhou (Nansha),China,CHN,21,0,1,0,11,22,33,43333,0,0,0,40270,43333,83603,135173,0,2353,0,1980,137527,139507,445319
2026-07-31,2026,7,31,port425,Guangzhou (Nansha),China,CHN,18,3,2,0,8,23,31,62213,91261,4804,0,21368,158279,179647,99199,0,771,0,4012,99971,103983,445321
2026-08-01,2026,8,1,port425,Guangzhou (Nansha),China,CHN,18,3,1,3,4,25,29,40883,77857,2218,619,52754,121579,174334,66759,0,1606,3646,1916,72012,73929,445323
2026-08-02,2026,8,2,port425,Guangzhou (Nansha),China,CHN,19,0,1,3,2,23,25,20665,0,0,1239,0,21905,21905,87335,0,402,4288,2878,92027,94905,445325
2026-08-03,2026,8,3,port425,Guangzhou (Nansha),China,CHN,19,2,2,2,6,25,31,54703,107521,1414,2421,12305,166061,178366,103779,2905,4001,4697,6948,115384,122333,445327
2026-08-04,2026,8,4,port425,Guangzhou (Nansha),China,CHN,20,1,2,2,4,25,29,18979,0,0,1030,8832,20010,28842,132793,24876,0,0,7603,157669,165272,445329
2026-08-05,2026,8,5,port425,Guangzhou (Nansha),China,CHN,16,2,1,3,6,22,28,34554,67135,2190,619,10663,104500,115164,67727,2905,0,6480,5431,77114,82545,445331
2026-08-06,2026,8,6,port425,Guangzhou (Nansha),China,CHN,19,2,4,2,8,27,35,67508,59779,22416,0,15946,149704,165650,105410,9989,822,514,6577,116736,123313,445333
2026-08-07,2026,8,7,port425,Guangzhou (Nansha),China,CHN,17,4,4,1,3,26,29,36490,141193,7518,0,7883,185202,193085,102058,0,3134,3851,487,109044,109531,445335
2026-08-08,2026,8,8,port425,Guangzhou (Nansha),China,CHN,16,2,1,0,8,19,27,83666,33566,0,0,11374,117233,128607,56534,13118,2091,0,12937,71744,84682,445337
2026-08-09,2026,8,9,port425,Guangzhou (Nansha),China,CHN,18,1,2,0,5,21,26,63459,27286,2925,0,16148,93672,109821,79404,0,5096,0,2721,84500,87222,445339
2026-08-10,2026,8,10,port425,Guangzhou (Nansha),China,CHN,17,5,1,0,0,23,23,54520,118016,0,0,0,172536,172536,94037,12404,3764,0,0,110206,110206,445341
2026-08-11,2026,8,11,port425,Guangzhou (Nansha),China,CHN,15,4,2,1,4,22,26,26129,68876,9903,0,16094,104909,121004,28679,6799,1918,3106,2034,40503,42537,445343
2026-08-12,2026,8,12,port425,Guangzhou (Nansha),China,CHN,10,5,2,2,5,19,24,12522,69713,4076,0,8215,86313,94529,42789,2905,780,362,2795,46838,49633,445345
2026-08-13,2026,8,13,port425,Guangzhou (Nansha),China,CHN,16,0,1,1,5,18,23,27279,0,0,2301,2452,29580,32033,79751,0,1586,0,6776,81338,88115,445347
2026-08-14,2026,8,14,port425,Guangzhou (Nansha),China,CHN,26,2,5,1,4,34,38,20894,26671,5144,0,11849,52709,64559,174606,10373,8599,1654,1799,195233,197032,445349
2026-08-15,2026,8,15,port425,Guangzhou (Nansha),China,CHN,18,1,1,3,13,23,36,37431,22495,0,618,36550,60544,97095,77259,0,1448,3513,19309,82221,101530,446846
2026-08-16,2026,8,16,port425,Guangzhou (Nansha),China,CHN,17,1,2,0,1,20,21,41660,0,6838,0,2560,48499,51059,80394,49905,920,0,0,131220,131220,446847
2026-08-17,2026,8,17,port425,Guangzhou (Nansha),China,CHN,16,4,4,0,4,24,28,17882,124430,10042,0,20200,152355,172556,118738,3732,820,0,0,123291,123291,446848
2026-08-18,2026,8,18,port425,Guangzhou (Nansha),China,CHN,19,1,5,1,8,26,34,48697,9241,8123,618,21598,66680,88279,106894,0,4135,408,2793,111437,114231,446849
2026-08-19,2026,8,19,port425,Guangzhou (Nansha),China,CHN,13,1,1,1,8,16,24,12863,14570,0,0,48683,27433,76117,66249,0,1518,0,8523,67768,76291,446850
2026-08-20,2026,8,20,port425,Guangzhou (Nansha),China,CHN,21,2,3,2,8,28,36,65697,15418,2917,0,13966,84033,97999,70101,67693,4670,0,8651,142466,151117,446851
2026-08-21,2026,8,21,port425,Guangzhou (Nansha),China,CHN,18,1,5,2,5,26,31,56905,33496,7982,618,2301,99002,101303,123704,2969,4820,408,6654,131902,138556,446852
2026-08-22,2026,8,22,port425,Guangzhou (Nansha),China,CHN,13,2,1,0,4,16,20,49399,75034,0,0,9001,124434,133436,38231,0,2715,0,0,40946,40946,446853
2026-08-23,2026,8,23,port425,Guangzhou (Nansha),China,CHN,18,1,3,1,3,23,26,49479,33496,2409,0,10313,85385,95699,56162,2969,3447,0,2591,62579,65171,446854
2026-08-24,2026,8,24,port425,Guangzhou (Nansha),China,CHN,21,2,2,1,1,26,27,22520,17095,2624,0,0,42240,42240,83993,76151,3472,1028,621,164646,165267,446855
2026-08-25,2026,8,25,port425,Guangzhou (Nansha),China,CHN,17,1,0,0,8,18,26,35677,0,0,0,27730,35677,63408,140229,65771,0,0,8178,206000,214178,446856
2026-08-26,2026,8,26,port425,Guangzhou (Nansha),China,CHN,20,2,2,2,5,26,31,30635,47789,0,618,16848,79042,95891,116530,2969,4171,2355,1118,126026,127144,446857
2026-08-27,2026,8,27,port425,Guangzhou (Nansha),China,CHN,16,4,0,2,4,22,26,15654,44852,0,618,0,61125,61125,81642,17729,0,3087,3772,102459,106232,446858
2026-08-28,2026,8,28,port425,Guangzhou (Nansha),China,CHN,18,1,1,1,3,21,24,47616,33496,1666,618,2768,83396,86165,76005,2969,0,408,6589,79382,85972,446859
