date,year,month,day,portid,portname,country,ISO3,portcalls_container,portcalls_dry_bulk,portcalls_general_cargo,portcalls_roro,portcalls_tanker,portcalls_cargo,portcalls,import_container,import_dry_bulk,import_general_cargo,import_roro,import_tanker,import_cargo,import,export_container,export_dry_bulk,export_general_cargo,export_roro,export_tanker,export_cargo,export,ObjectId
2019-01-01,2019,1,1,port434,Hai Phong,Vietnam,VNM,9,1,2,0,2,12,14,20310,12408,3284,0,5233,36003,41237,2466,0,227,0,92,2693,2786,2785051
2019-01-02,2019,1,2,port434,Hai Phong,Vietnam,VNM,9,0,4,1,3,14,17,26844,0,4630,0,2053,31474,33528,1889,0,5337,0,35,7226,7262,2785052
2019-01-03,2019,1,3,port434,Hai Phong,Vietnam,VNM,14,1,8,1,4,24,28,35337,0,8712,0,1868,44050,45918,2518,0,2218,0,7270,4737,12007,2785053
2019-01-04,2019,1,4,port434,Hai Phong,Vietnam,VNM,9,0,6,1,6,16,22,12364,0,7288,0,8204,19653,27857,8209,0,1597,0,92,9807,9900,2785054
2019-01-05,2019,1,5,port434,Hai Phong,Vietnam,VNM,12,3,3,0,3,18,21,25102,46980,4739,0,2808,76823,79631,8583,1381,1125,0,0,11089,11089,2785055
2019-01-06,2019,1,6,port434,Hai Phong,Vietnam,VNM,10,0,5,0,4,15,19,20627,0,5329,0,3737,25957,29694,5162,0,769,0,185,5932,6118,2785056
2019-01-07,2019,1,7,port434,Hai Phong,Vietnam,VNM,10,1,14,0,1,25,26,21190,0,17348,0,2522,38539,41061,4670,1815,2902,0,0,9388,9388,2785057
2019-01-08,2019,1,8,port434,Hai Phong,Vietnam,VNM,7,2,2,1,2,12,14,14249,7365,5742,410,0,27768,27768,2523,0,414,0,172,2937,3110,2785058
2019-01-09,2019,1,9,port434,Hai Phong,Vietnam,VNM,14,1,4,0,5,19,24,16541,0,7128,0,6858,23669,30527,11458,12717,355,0,269,24530,24800,2785059
2019-01-10,2019,1,10,port434,Hai Phong,Vietnam,VNM,6,2,10,0,7,18,25,10492,0,12871,0,12392,23364,35757,2292,0,2535,0,11299,4828,16128,2785060
2019-01-11,2019,1,11,port434,Hai Phong,Vietnam,VNM,11,2,7,1,3,21,24,16031,0,6612,0,9678,22644,32322,11274,0,2643,0,35,13917,13953,2785061
2019-01-12,2019,1,12,port434,Hai Phong,Vietnam,VNM,13,1,6,0,3,20,23,19234,0,4758,0,0,23993,23993,11719,0,2470,0,0,14190,14190,2785062
2019-01-13,2019,1,13,port434,Hai Phong,Vietnam,VNM,9,0,4,0,2,13,15,18806,0,7776,0,860,26582,27442,629,0,355,0,7243,985,8228,2785063
2019-01-14,2019,1,14,port434,Hai Phong,Vietnam,VNM,7,1,6,0,4,14,18,6731,4636,5424,0,2291,16791,19083,1693,0,711,0,0,2404,2404,2785064
2019-01-15,2019,1,15,port434,Hai Phong,Vietnam,VNM,14,2,7,0,4,23,27,21281,0,3087,0,4767,24368,29135,5311,0,2047,0,92,7359,7452,2785065
2019-01-16,2019,1,16,port434,Hai Phong,Vietnam,VNM,13,1,6,0,2,20,22,21918,0,12366,0,4792,34284,39077,6896,675,1262,0,0,8834,8834,2785066
2019-01-17,2019,1,17,port434,Hai Phong,Vietnam,VNM,12,1,1,0,3,14,17,37944,7422,0,0,9532,45366,54899,2260,1381,2194,0,0,5836,5836,2785067
2019-01-18,2019,1,18,port434,Hai Phong,Vietnam,VNM,11,0,4,1,5,16,21,25243,0,1543,0,19361,26786,46148,5544,0,355,0,0,5900,5900,2785068
2019-01-19,2019,1,19,port434,Hai Phong,Vietnam,VNM,8,1,4,0,3,13,16,15110,27723,4630,0,7115,47464,54579,8066,0,1066,0,176,9133,9310,2785069
2019-01-20,2019,1,20,port434,Hai Phong,Vietnam,VNM,9,1,8,1,3,19,22,11904,2270,6645,0,4556,20821,25378,9466,0,1066,0,92,10533,10626,2785070
2019-01-21,2019,1,21,port434,Hai Phong,Vietnam,VNM,13,0,3,0,5,16,21,30497,0,3087,0,4767,33584,38351,5450,0,2360,0,92,7810,7903,2785071
2019-01-22,2019,1,22,port434,Hai Phong,Vietnam,VNM,11,0,2,0,6,13,19,19557,0,1543,0,2895,21100,23996,2799,0,355,0,3274,3155,6430,2785072
2019-01-23,2019,1,23,port434,Hai Phong,Vietnam,VNM,10,1,5,0,6,16,22,17993,9046,8331,0,6650,35371,42021,6711,0,711,0,0,7422,7422,2785073
2019-01-24,2019,1,24,port434,Hai Phong,Vietnam,VNM,5,2,7,0,6,14,20,8658,22981,4739,0,12587,36379,48966,629,0,1486,0,92,2116,2208,2785074
2019-01-25,2019,1,25,port434,Hai Phong,Vietnam,VNM,14,0,6,1,1,21,22,12343,0,6106,214,4306,18665,22971,1954,0,1066,0,176,3021,3197,2785075
2019-01-26,2019,1,26,port434,Hai Phong,Vietnam,VNM,11,0,7,1,4,19,23,11178,0,12919,0,0,24098,24098,9294,0,1422,0,1134,10716,11851,2785076
2019-01-27,2019,1,27,port434,Hai Phong,Vietnam,VNM,7,2,7,0,2,16,18,6675,7422,12793,0,1868,26891,28760,4422,3686,711,0,92,8819,8912,2785077
2019-01-28,2019,1,28,port434,Hai Phong,Vietnam,VNM,9,0,8,0,4,17,21,12147,0,6765,0,7735,18912,26648,4270,0,1673,0,92,5944,6036,2785078
2019-01-29,2019,1,29,port434,Hai Phong,Vietnam,VNM,12,2,5,0,3,19,22,9888,28341,6221,0,4584,44451,49036,9081,0,711,0,92,9792,9885,2785079
2019-01-30,2019,1,30,port434,Hai Phong,Vietnam,VNM,16,2,7,0,3,25,28,18420,7422,9124,0,7351,34966,42318,6987,1381,1480,0,539,9849,10388,2785080
2019-01-31,2019,1,31,port434,Hai Phong,Vietnam,VNM,6,0,6,0,3,12,15,2981,0,10196,0,0,13177,13177,5313,0,1707,0,0,7021,7021,2785081
2019-02-01,2019,2,1,port434,Hai Phong,Vietnam,VNM,10,1,9,0,6,20,26,13603,5247,12348,0,8875,31199,40074,6077,0,2844,0,267,8921,9189,2785082
2019-02-02,2019,2,2,port434,Hai Phong,Vietnam,VNM,8,3,5,2,2,18,20,12847,17943,8416,0,0,39207,39207,9421,0,829,0,0,10251,10251,2785083
2019-02-03,2019,2,3,port434,Hai Phong,Vietnam,VNM,10,1,4,1,2,16,18,7291,0,1543,585,3720,9420,13140,10950,1591,355,0,92,12897,12989,2785084
2019-02-04,2019,2,4,port434,Hai Phong,Vietnam,VNM,11,0,2,0,3,13,16,27989,0,0,0,4767,27989,32756,2518,0,71,0,92,2590,2683,2785085
2019-02-05,2019,2,5,port434,Hai Phong,Vietnam,VNM,3,0,1,0,1,4,5,1948,0,1543,0,0,3491,3491,3426,0,355,0,0,3781,3781,2785086
2019-02-06,2019,2,6,port434,Hai Phong,Vietnam,VNM,13,0,0,0,1,13,14,29447,0,0,0,1868,29447,31315,9941,0,0,0,92,9941,10034,2785087
2019-02-07,2019,2,7,port434,Hai Phong,Vietnam,VNM,5,1,2,0,3,8,11,13462,0,390,0,7115,13853,20968,0,0,272,0,176,272,449,2785088
2019-02-08,2019,2,8,port434,Hai Phong,Vietnam,VNM,7,0,2,0,1,9,10,15759,0,1543,0,4606,17302,21909,629,0,355,0,0,985,985,2785089
2019-02-09,2019,2,9,port434,Hai Phong,Vietnam,VNM,7,2,6,1,2,16,18,9410,10233,5082,0,9111,24726,33838,2062,1381,711,0,92,4154,4247,2785090
2019-02-10,2019,2,10,port434,Hai Phong,Vietnam,VNM,2,1,10,0,1,13,14,1760,0,12456,0,4780,14217,18997,6000,0,2902,0,0,8903,8903,2785091
2019-02-11,2019,2,11,port434,Hai Phong,Vietnam,VNM,7,0,6,0,4,13,17,18696,0,11763,0,5440,30459,35900,9020,0,582,0,535,9603,10138,2785092
2019-02-12,2019,2,12,port434,Hai Phong,Vietnam,VNM,6,1,7,1,2,15,17,7308,1680,10690,0,8980,19679,28660,5079,0,2811,0,176,7891,8068,2785093
2019-02-13,2019,2,13,port434,Hai Phong,Vietnam,VNM,14,1,4,0,1,19,20,37702,0,6480,0,0,44182,44182,6458,0,996,0,0,7454,7454,2785094
2019-02-14,2019,2,14,port434,Hai Phong,Vietnam,VNM,5,0,2,0,5,7,12,5069,0,3087,0,18584,8156,26740,5391,0,711,0,2153,6102,8256,2785095
2019-02-15,2019,2,15,port434,Hai Phong,Vietnam,VNM,10,0,1,1,6,12,18,14620,0,1917,0,13083,16538,29621,14126,0,0,0,269,14126,14395,2785096
2019-02-16,2019,2,16,port434,Hai Phong,Vietnam,VNM,9,2,7,0,2,18,20,18579,0,13270,0,4234,31850,36084,1396,0,1649,0,0,3045,3045,2785097
2019-02-17,2019,2,17,port434,Hai Phong,Vietnam,VNM,6,1,4,0,4,11,15,15822,2326,2038,0,3737,20188,23925,1889,0,414,0,185,2303,2488,2785098
2019-02-18,2019,2,18,port434,Hai Phong,Vietnam,VNM,10,1,5,0,4,16,20,20579,31994,4630,0,1715,57203,58919,2657,0,1066,0,0,3724,3724,2785099
2019-02-19,2019,2,19,port434,Hai Phong,Vietnam,VNM,12,0,1,0,4,13,17,27522,0,0,0,7584,27522,35107,1585,0,0,0,0,1585,1585,2785100
2019-02-20,2019,2,20,port434,Hai Phong,Vietnam,VNM,9,0,5,2,3,16,19,11893,0,3670,2145,32987,17710,50697,2785,0,828,0,176,3614,3790,2785101
2019-02-21,2019,2,21,port434,Hai Phong,Vietnam,VNM,4,0,4,0,1,8,9,3969,0,3289,0,0,7258,7258,572,0,0,0,0,572,572,2785102
2019-02-22,2019,2,22,port434,Hai Phong,Vietnam,VNM,9,0,10,0,4,19,23,7128,0,12850,0,6654,19978,26633,14913,0,1125,0,92,16038,16130,2785103
2019-02-23,2019,2,23,port434,Hai Phong,Vietnam,VNM,6,0,0,0,1,6,7,3253,0,0,0,0,3253,3253,3284,0,0,0,309,3284,3594,2785104
2019-02-24,2019,2,24,port434,Hai Phong,Vietnam,VNM,5,0,1,0,2,6,8,3032,0,0,0,0,3032,3032,2979,0,3603,0,0,6583,6583,2785105
2019-02-25,2019,2,25,port434,Hai Phong,Vietnam,VNM,12,6,10,1,5,29,34,19108,35495,12738,0,8517,67343,75860,14158,2762,1539,0,535,18460,18995,2785106
2019-02-26,2019,2,26,port434,Hai Phong,Vietnam,VNM,14,1,4,0,5,19,24,25889,7422,4356,0,12877,37669,50546,2650,1381,769,0,3678,4801,8479,2785107
2019-02-27,2019,2,27,port434,Hai Phong,Vietnam,VNM,7,0,4,0,5,11,16,13312,0,3087,0,12199,16399,28598,1000,0,711,0,373,1711,2085,2785108
2019-02-28,2019,2,28,port434,Hai Phong,Vietnam,VNM,6,3,10,0,7,19,26,13504,57233,6174,0,8899,76912,85812,0,0,3661,0,1041,3661,4703,2785109
2019-03-01,2019,3,1,port434,Hai Phong,Vietnam,VNM,13,2,5,0,4,20,24,19281,15238,7878,0,10242,42398,52641,7912,0,711,0,0,8623,8623,2785110
2019-03-02,2019,3,2,port434,Hai Phong,Vietnam,VNM,10,0,5,2,4,17,21,20117,0,4322,435,4792,24875,29667,4480,0,711,160,0,5352,5352,2785111
2019-03-03,2019,3,3,port434,Hai Phong,Vietnam,VNM,8,1,4,0,3,13,16,11596,7422,6672,0,17768,25691,43460,2542,1381,711,0,176,4635,4811,2785112
2019-03-04,2019,3,4,port434,Hai Phong,Vietnam,VNM,8,1,4,0,4,13,17,15134,7422,3195,0,2144,25751,27896,2599,1381,769,0,92,4749,4842,2785113
2019-03-05,2019,3,5,port434,Hai Phong,Vietnam,VNM,16,0,4,0,2,20,22,34732,0,1652,0,6510,36384,42895,13097,0,414,0,92,13511,13604,2785114
2019-03-06,2019,3,6,port434,Hai Phong,Vietnam,VNM,12,0,2,0,1,14,15,31910,0,4212,0,0,36123,36123,2625,0,414,0,0,3039,3039,2785115
2019-03-07,2019,3,7,port434,Hai Phong,Vietnam,VNM,4,1,9,0,4,14,18,3520,4584,10558,0,6824,18663,25487,4912,0,1894,0,176,6807,6983,2785116
2019-03-08,2019,3,8,port434,Hai Phong,Vietnam,VNM,13,2,8,1,1,24,25,36073,7422,7009,0,0,50505,50505,629,1381,711,0,0,2721,2721,2785117
2019-03-09,2019,3,9,port434,Hai Phong,Vietnam,VNM,10,1,8,0,6,19,25,7315,25270,7606,0,8494,40192,48686,13936,0,1597,0,2898,15534,18432,2785118
2019-03-10,2019,3,10,port434,Hai Phong,Vietnam,VNM,9,0,3,0,4,12,16,21556,0,3087,0,2282,24643,26925,6004,0,2331,0,92,8336,8428,2785119
2019-03-11,2019,3,11,port434,Hai Phong,Vietnam,VNM,4,1,9,0,2,14,16,7119,0,9285,0,11579,16404,27984,1732,0,1731,0,0,3463,3463,2785120
2019-03-12,2019,3,12,port434,Hai Phong,Vietnam,VNM,15,0,9,0,3,24,27,35657,0,11965,0,4792,47623,52415,4808,0,1894,0,0,6702,6702,2785121
2019-03-13,2019,3,13,port434,Hai Phong,Vietnam,VNM,14,1,10,0,3,25,28,25479,7422,10690,0,9806,43592,53398,4901,1381,1016,0,0,7298,7298,2785122
2019-03-14,2019,3,14,port434,Hai Phong,Vietnam,VNM,5,1,4,0,2,10,12,8787,0,4731,0,1868,13519,15387,5412,0,828,0,92,6240,6332,2785123
2019-03-15,2019,3,15,port434,Hai Phong,Vietnam,VNM,10,2,5,0,6,17,23,20430,120,10627,0,23125,31177,54303,1552,0,1066,0,0,2619,2619,2785124
2019-03-16,2019,3,16,port434,Hai Phong,Vietnam,VNM,8,2,8,0,4,18,22,16209,19969,16087,0,4544,52266,56811,629,0,1766,0,0,2395,2395,2785125
2019-03-17,2019,3,17,port434,Hai Phong,Vietnam,VNM,10,1,7,1,1,19,20,28474,7422,8137,0,0,44033,44033,1259,1381,1894,0,0,4535,4535,2785126
2019-03-18,2019,3,18,port434,Hai Phong,Vietnam,VNM,10,2,10,0,4,22,26,26282,21736,8951,0,13288,56970,70259,5601,1381,1125,0,0,8107,8107,2785127
2019-03-19,2019,3,19,port434,Hai Phong,Vietnam,VNM,12,1,8,0,3,21,24,26313,14312,7717,0,11225,48343,59568,3945,0,2239,0,0,6184,6184,2785128
2019-03-20,2019,3,20,port434,Hai Phong,Vietnam,VNM,9,0,2,0,4,11,15,21402,0,3087,0,3680,24489,28169,1889,0,711,0,0,2600,2600,2785129
2019-03-21,2019,3,21,port434,Hai Phong,Vietnam,VNM,15,3,8,1,3,27,30,31211,10178,4630,0,3014,46020,49035,3153,1381,4703,0,92,9237,9330,2785130
2019-03-22,2019,3,22,port434,Hai Phong,Vietnam,VNM,10,0,9,0,6,19,25,14020,0,5964,0,10328,19985,30313,7071,0,769,0,7880,7841,15721,2785131
2019-03-23,2019,3,23,port434,Hai Phong,Vietnam,VNM,9,0,4,0,2,13,15,6619,0,3087,0,1868,9706,11574,14794,0,2843,0,2914,17637,20552,2785132
2019-03-24,2019,3,24,port434,Hai Phong,Vietnam,VNM,9,1,4,0,5,14,19,19102,0,8035,0,537,27138,27675,2258,2917,711,0,0,5887,5887,2785133
2019-03-25,2019,3,25,port434,Hai Phong,Vietnam,VNM,7,3,5,0,5,15,20,9954,14844,5364,0,10894,30162,41057,1977,2762,769,0,269,5509,5778,2785134
2019-03-26,2019,3,26,port434,Hai Phong,Vietnam,VNM,10,1,7,0,6,18,24,5805,2917,8855,0,15307,17578,32886,5942,0,355,0,711,6297,7009,2785135
2019-03-27,2019,3,27,port434,Hai Phong,Vietnam,VNM,14,1,13,0,3,28,31,26842,2120,16710,0,15498,45674,61172,1474,0,1570,0,176,3044,3221,2785136
2019-03-28,2019,3,28,port434,Hai Phong,Vietnam,VNM,10,1,4,0,4,15,19,22044,0,5838,0,0,27882,27882,1894,173,711,0,0,2778,2778,2785137
2019-03-29,2019,3,29,port434,Hai Phong,Vietnam,VNM,6,1,9,0,4,16,20,11818,0,7960,0,17604,19778,37382,1259,0,730,0,92,1989,2082,2785138
2019-03-30,2019,3,30,port434,Hai Phong,Vietnam,VNM,8,1,5,1,7,15,22,7865,3117,3087,0,20835,14070,34905,3604,0,711,1878,221,6193,6414,2785139
2019-03-31,2019,3,31,port434,Hai Phong,Vietnam,VNM,12,0,8,1,4,21,25,26200,0,10354,0,15675,36555,52230,1889,0,711,0,535,2600,3135,2785140
2019-04-01,2019,4,1,port434,Hai Phong,Vietnam,VNM,12,3,9,0,7,24,31,20445,0,7273,0,20466,27718,48185,4320,2755,355,0,353,7431,7784,2785141
2019-04-02,2019,4,2,port434,Hai Phong,Vietnam,VNM,16,0,6,0,3,22,25,47887,0,7826,0,8922,55713,64636,2900,0,1836,0,92,4736,4829,2785142
2019-04-03,2019,4,3,port434,Hai Phong,Vietnam,VNM,9,2,6,0,6,17,23,24229,0,9104,0,9341,33333,42675,5236,0,1125,0,92,6361,6454,2785143
2019-04-04,2019,4,4,port434,Hai Phong,Vietnam,VNM,12,2,10,0,3,24,27,20854,4117,9172,0,4420,34144,38564,5192,0,3055,0,0,8247,8247,2785144
2019-04-05,2019,4,5,port434,Hai Phong,Vietnam,VNM,7,0,5,0,3,12,15,13690,0,8060,0,5679,21750,27429,8499,0,711,0,176,9210,9387,2785145
2019-04-06,2019,4,6,port434,Hai Phong,Vietnam,VNM,9,1,7,0,4,17,21,14443,26449,11453,0,9367,52346,61713,4368,0,1649,0,0,6017,6017,2785146
2019-04-07,2019,4,7,port434,Hai Phong,Vietnam,VNM,7,1,8,0,3,16,19,10991,7422,13860,0,1545,32273,33819,1632,1381,1480,0,921,4494,5415,2785147
2019-04-08,2019,4,8,port434,Hai Phong,Vietnam,VNM,12,0,4,0,3,16,19,38290,0,1543,0,4264,39833,44098,3111,0,355,0,0,3466,3466,2785148
2019-04-09,2019,4,9,port434,Hai Phong,Vietnam,VNM,13,1,8,2,4,24,28,15743,0,13571,0,0,29314,29314,3452,0,1836,0,0,5288,5288,2785149
2019-04-10,2019,4,10,port434,Hai Phong,Vietnam,VNM,9,1,4,2,5,16,21,23298,0,3304,1796,17593,28399,45992,5578,245,828,0,2554,6652,9206,2785150
2019-04-11,2019,4,11,port434,Hai Phong,Vietnam,VNM,8,0,6,1,3,15,18,11282,0,7301,435,12923,19019,31943,1369,0,711,160,0,2241,2241,2785151
2019-04-12,2019,4,12,port434,Hai Phong,Vietnam,VNM,15,1,5,0,3,21,24,35516,7422,9039,0,8203,51977,60181,7325,1381,2054,0,0,10760,10760,2785152
2019-04-13,2019,4,13,port434,Hai Phong,Vietnam,VNM,8,0,8,0,4,16,20,14302,0,3432,0,11786,17734,29520,4389,0,5959,0,92,10348,10441,2785153
2019-04-14,2019,4,14,port434,Hai Phong,Vietnam,VNM,10,0,6,1,6,17,23,20684,0,5956,0,14563,26640,41204,1772,0,2360,0,362,4133,4495,2785154
2019-04-15,2019,4,15,port434,Hai Phong,Vietnam,VNM,9,2,6,0,2,17,19,15581,0,18913,0,3737,34494,38231,3162,0,996,0,185,4159,4344,2785155
2019-04-16,2019,4,16,port434,Hai Phong,Vietnam,VNM,15,0,7,0,2,22,24,37572,0,5951,0,1715,43524,45239,6518,0,1066,0,0,7585,7585,2785156
2019-04-17,2019,4,17,port434,Hai Phong,Vietnam,VNM,11,1,2,0,1,14,15,22960,15755,0,0,0,38715,38715,5911,0,0,0,0,5911,5911,2785157
2019-04-18,2019,4,18,port434,Hai Phong,Vietnam,VNM,7,2,7,0,4,16,20,13184,7422,23110,0,11902,43716,55618,0,1381,1480,0,0,2861,2861,2785158
2019-04-19,2019,4,19,port434,Hai Phong,Vietnam,VNM,8,0,3,0,2,11,13,9645,0,3480,0,7884,13126,21011,4507,0,227,0,0,4734,4734,2785159
2019-04-20,2019,4,20,port434,Hai Phong,Vietnam,VNM,12,0,5,0,5,17,22,16480,0,4478,0,6174,20959,27134,12583,0,711,0,3091,13294,16385,2785160
2019-04-21,2019,4,21,port434,Hai Phong,Vietnam,VNM,10,1,7,0,8,18,26,26365,18449,10476,0,16082,55290,71372,4153,0,711,0,92,4865,4957,2785161
2019-04-22,2019,4,22,port434,Hai Phong,Vietnam,VNM,6,2,3,0,2,11,13,13943,0,0,0,0,13943,13943,629,0,0,0,0,629,629,2785162
2019-04-23,2019,4,23,port434,Hai Phong,Vietnam,VNM,10,0,6,0,4,16,20,20684,0,4739,0,8133,25423,33557,6369,0,1125,0,6897,7494,14392,2785163
2019-04-24,2019,4,24,port434,Hai Phong,Vietnam,VNM,10,1,7,0,5,18,23,16304,0,6991,0,1868,23295,25164,6905,0,1618,0,11933,8524,20458,2785164
2019-04-25,2019,4,25,port434,Hai Phong,Vietnam,VNM,11,0,5,0,5,16,21,20488,0,8868,0,7890,29356,37247,5039,0,1459,0,7405,6498,13903,2785165
2019-04-26,2019,4,26,port434,Hai Phong,Vietnam,VNM,11,0,6,0,3,17,20,17669,0,11650,0,6821,29319,36140,10614,0,3936,0,128,14551,14679,2785166
2019-04-27,2019,4,27,port434,Hai Phong,Vietnam,VNM,11,3,4,1,2,19,21,20518,38759,3087,0,436,62365,62802,3783,1381,711,0,0,5875,5875,2785167
2019-04-28,2019,4,28,port434,Hai Phong,Vietnam,VNM,9,0,5,0,3,14,17,18107,0,1884,0,6752,19991,26743,5108,0,1116,0,0,6225,6225,2785168
2019-04-29,2019,4,29,port434,Hai Phong,Vietnam,VNM,7,0,7,1,7,15,22,8458,0,13969,1392,14402,23820,38222,1889,0,1066,0,9530,2955,12486,2785169
2019-04-30,2019,4,30,port434,Hai Phong,Vietnam,VNM,4,0,6,0,1,10,11,10576,0,8817,0,3725,19394,23119,629,0,1480,0,535,2110,2645,2785170
2019-05-01,2019,5,1,port434,Hai Phong,Vietnam,VNM,20,3,5,0,4,28,32,80571,8996,4739,0,0,94307,94307,1259,1381,1125,0,0,3765,3765,2785171
2019-05-02,2019,5,2,port434,Hai Phong,Vietnam,VNM,8,4,6,0,3,18,21,28941,18843,3087,0,9786,50871,60658,5093,1381,1101,0,92,7576,7669,2785172
2019-05-03,2019,5,3,port434,Hai Phong,Vietnam,VNM,12,1,9,1,6,23,29,25043,7422,7436,435,10172,40337,50509,7184,1381,2732,160,8541,11459,20000,2785173
2019-05-04,2019,5,4,port434,Hai Phong,Vietnam,VNM,9,1,6,1,3,17,20,10158,31657,7131,0,2995,48947,51943,7335,0,562,0,0,7898,7898,2785174
2019-05-05,2019,5,5,port434,Hai Phong,Vietnam,VNM,7,0,3,1,3,11,14,6281,0,4630,0,4061,10911,14972,8785,0,1066,0,0,9852,9852,2785175
2019-05-06,2019,5,6,port434,Hai Phong,Vietnam,VNM,7,1,5,0,5,13,18,19022,0,2528,0,6996,21551,28547,1366,0,355,0,6897,1722,8620,2785176
2019-05-07,2019,5,7,port434,Hai Phong,Vietnam,VNM,14,0,5,0,3,19,22,32469,0,6893,0,10659,39363,50022,2809,0,505,0,0,3315,3315,2785177
2019-05-08,2019,5,8,port434,Hai Phong,Vietnam,VNM,10,1,3,0,7,14,21,22616,0,6985,0,8035,29601,37637,13770,2594,0,0,0,16364,16364,2785178
2019-05-09,2019,5,9,port434,Hai Phong,Vietnam,VNM,5,0,5,0,5,10,15,7651,0,5620,0,11563,13271,24835,3207,0,0,0,176,3207,3384,2785179
2019-05-10,2019,5,10,port434,Hai Phong,Vietnam,VNM,9,1,2,0,2,12,14,12523,0,3284,0,980,15807,16788,4582,0,227,0,0,4810,4810,2785180
2019-05-11,2019,5,11,port434,Hai Phong,Vietnam,VNM,12,0,7,0,5,19,24,18971,0,12231,0,16823,31202,48026,5415,0,1777,0,882,7192,8075,2785181
2019-05-12,2019,5,12,port434,Hai Phong,Vietnam,VNM,7,0,3,0,6,10,16,8480,0,1543,0,12776,10023,22800,3988,0,355,0,628,4343,4971,2785182
2019-05-13,2019,5,13,port434,Hai Phong,Vietnam,VNM,8,2,5,0,5,15,20,23765,14718,4630,0,13503,43114,56618,0,19616,1066,0,92,20682,20775,2785183
2019-05-14,2019,5,14,port434,Hai Phong,Vietnam,VNM,15,1,4,0,3,20,23,31378,0,4739,0,436,36117,36554,4947,0,1125,0,0,6072,6072,2785184
2019-05-15,2019,5,15,port434,Hai Phong,Vietnam,VNM,10,0,3,0,1,13,14,15359,0,6371,0,1868,21731,23599,802,0,938,0,92,1741,1833,2785185
2019-05-16,2019,5,16,port434,Hai Phong,Vietnam,VNM,9,4,4,0,1,17,18,18637,25503,4213,0,1868,48354,50223,1634,719,777,0,92,3131,3224,2785186
2019-05-17,2019,5,17,port434,Hai Phong,Vietnam,VNM,7,2,11,0,7,20,27,7001,9851,10329,0,2609,27182,29792,1408,1381,6064,0,646,8854,9500,2785187
2019-05-18,2019,5,18,port434,Hai Phong,Vietnam,VNM,13,3,5,0,1,21,22,24794,13216,1543,0,182,39554,39736,8645,622,355,0,0,9623,9623,2785188
2019-05-19,2019,5,19,port434,Hai Phong,Vietnam,VNM,6,1,5,0,6,12,18,4226,10832,6529,0,5743,21588,27332,1445,0,1695,0,92,3140,3233,2785189
2019-05-20,2019,5,20,port434,Hai Phong,Vietnam,VNM,8,1,6,1,5,16,21,17279,0,1652,3116,10270,22048,32318,6054,0,2912,0,0,8966,8966,2785190
2019-05-21,2019,5,21,port434,Hai Phong,Vietnam,VNM,12,1,3,0,3,16,19,24897,20079,1508,0,7428,46484,53913,6689,0,0,0,92,6689,6781,2785191
2019-05-22,2019,5,22,port434,Hai Phong,Vietnam,VNM,16,1,9,0,5,26,31,38889,1426,9364,0,5639,49681,55321,7577,0,1205,0,0,8782,8782,2785192
2019-05-23,2019,5,23,port434,Hai Phong,Vietnam,VNM,5,5,7,0,5,17,22,6418,53218,7691,0,7535,67329,74864,1903,1381,1422,0,0,4706,4706,2785193
2019-05-24,2019,5,24,port434,Hai Phong,Vietnam,VNM,10,1,3,1,2,15,17,25984,0,4848,0,4306,30832,35138,629,0,1183,0,2249,1813,4062,2785194
2019-05-25,2019,5,25,port434,Hai Phong,Vietnam,VNM,13,2,7,0,4,22,26,18762,29742,21405,0,5627,69910,75538,9941,9880,0,0,92,19822,19915,2785195
2019-05-26,2019,5,26,port434,Hai Phong,Vietnam,VNM,7,0,7,0,3,14,17,7140,0,7132,0,10627,14273,24900,3865,0,1066,0,92,4932,5025,2785196
2019-05-27,2019,5,27,port434,Hai Phong,Vietnam,VNM,7,0,4,0,5,11,16,16710,0,90,0,3392,16801,20193,1922,0,0,0,0,1922,1922,2785197
2019-05-28,2019,5,28,port434,Hai Phong,Vietnam,VNM,17,0,10,0,5,27,32,36355,0,15114,0,9087,51470,60557,6671,0,1836,0,185,8508,8693,2785198
2019-05-29,2019,5,29,port434,Hai Phong,Vietnam,VNM,13,0,8,0,3,21,24,21042,0,6282,0,3958,27325,31283,11315,0,2591,0,0,13906,13906,2785199
2019-05-30,2019,5,30,port434,Hai Phong,Vietnam,VNM,10,0,9,0,3,19,22,12536,0,12897,0,11410,25433,36844,5262,0,2102,0,0,7364,7364,2785200
2019-05-31,2019,5,31,port434,Hai Phong,Vietnam,VNM,11,3,4,0,4,18,22,23734,0,6410,0,0,30145,30145,1639,4253,355,0,0,6248,6248,2785201
2019-06-01,2019,6,1,port434,Hai Phong,Vietnam,VNM,10,0,4,0,2,14,16,9424,0,6348,0,1543,15773,17316,1540,0,414,0,232,1954,2187,2785202
2019-06-02,2019,6,2,port434,Hai Phong,Vietnam,VNM,6,0,7,1,3,14,17,2065,0,3801,0,8192,5866,14059,4265,0,7508,0,0,11774,11774,2785203
2019-06-03,2019,6,3,port434,Hai Phong,Vietnam,VNM,8,0,5,0,5,13,18,25919,0,8409,0,6267,34329,40597,5467,0,1183,0,0,6650,6650,2785204
2019-06-04,2019,6,4,port434,Hai Phong,Vietnam,VNM,14,1,6,1,4,22,26,29133,12926,6970,435,7944,49466,57411,3051,0,355,160,0,3567,3567,2785205
2019-06-05,2019,6,5,port434,Hai Phong,Vietnam,VNM,12,3,9,0,3,24,27,19720,330,9559,0,6039,29610,35649,10958,5011,711,0,0,16681,16681,2785206
2019-06-06,2019,6,6,port434,Hai Phong,Vietnam,VNM,7,0,9,0,6,16,22,22962,0,7443,0,44724,30405,75129,994,0,1422,0,269,2416,2685,2785207
2019-06-07,2019,6,7,port434,Hai Phong,Vietnam,VNM,13,3,5,1,1,22,23,33969,36983,5596,0,0,76549,76549,1878,2241,1066,0,0,5186,5186,2785208
2019-06-08,2019,6,8,port434,Hai Phong,Vietnam,VNM,11,0,4,0,5,15,20,22048,0,10478,0,6847,32526,39374,8750,0,355,0,0,9106,9106,2785209
2019-06-09,2019,6,9,port434,Hai Phong,Vietnam,VNM,9,0,6,0,4,15,19,22531,0,8047,0,8992,30579,39572,629,0,1480,0,92,2110,2203,2785210
2019-06-10,2019,6,10,port434,Hai Phong,Vietnam,VNM,6,1,6,0,8,13,21,16409,0,8937,0,13797,25346,39144,2412,330,4714,0,176,7456,7633,2785211
2019-06-11,2019,6,11,port434,Hai Phong,Vietnam,VNM,16,1,7,0,1,24,25,25615,0,12837,0,0,38452,38452,5454,0,996,0,0,6451,6451,2785212
2019-06-12,2019,6,12,port434,Hai Phong,Vietnam,VNM,14,0,8,0,4,22,26,19145,0,5759,0,12509,24905,37414,1829,0,1363,0,269,3193,3463,2785213
2019-06-13,2019,6,13,port434,Hai Phong,Vietnam,VNM,7,1,8,0,5,16,21,7547,16019,6282,0,19749,29849,49598,1772,0,1480,0,176,3252,3429,2785214
2019-06-14,2019,6,14,port434,Hai Phong,Vietnam,VNM,12,2,4,0,4,18,22,17784,16197,1543,0,3278,35525,38803,2859,459,382,0,2696,3700,6397,2785215
2019-06-15,2019,6,15,port434,Hai Phong,Vietnam,VNM,13,0,6,0,3,19,22,17301,0,4676,0,5662,21978,27640,11845,0,375,0,176,12220,12396,2785216
2019-06-16,2019,6,16,port434,Hai Phong,Vietnam,VNM,7,1,7,1,2,16,18,9681,17332,10446,0,551,37460,38011,4685,0,1422,0,0,6107,6107,2785217
2019-06-17,2019,6,17,port434,Hai Phong,Vietnam,VNM,8,4,7,0,5,19,24,15999,23560,8155,0,2316,47715,50032,1974,0,504,0,92,2478,2571,2785218
2019-06-18,2019,6,18,port434,Hai Phong,Vietnam,VNM,11,0,5,0,3,16,19,20698,0,14239,0,8673,34937,43610,3595,0,582,0,92,4178,4271,2785219
2019-06-19,2019,6,19,port434,Hai Phong,Vietnam,VNM,12,1,5,0,3,18,21,19140,7422,3195,0,5507,29758,35265,4637,1381,1840,0,0,7858,7858,2785220
2019-06-20,2019,6,20,port434,Hai Phong,Vietnam,VNM,7,1,7,1,1,16,17,10926,0,4848,0,582,15774,16356,1919,0,1183,0,0,3103,3103,2785221
2019-06-21,2019,6,21,port434,Hai Phong,Vietnam,VNM,13,1,6,0,7,20,27,14899,32640,5850,0,6312,53390,59702,4750,0,711,0,185,5461,5646,2785222
2019-06-22,2019,6,22,port434,Hai Phong,Vietnam,VNM,9,0,6,0,2,15,17,9398,0,4630,0,4306,14028,18335,11305,0,1066,0,342,12371,12714,2785223
2019-06-23,2019,6,23,port434,Hai Phong,Vietnam,VNM,7,0,10,0,7,17,24,7522,0,15994,0,17900,23517,41417,6614,0,711,0,269,7325,7594,2785224
2019-06-24,2019,6,24,port434,Hai Phong,Vietnam,VNM,10,1,10,1,3,22,25,23126,7422,14314,660,4118,45523,49641,8052,1381,1480,0,128,10913,11042,2785225
2019-06-25,2019,6,25,port434,Hai Phong,Vietnam,VNM,17,0,9,0,3,26,29,23578,0,9114,0,1845,32693,34539,4894,0,1480,0,0,6375,6375,2785226
2019-06-26,2019,6,26,port434,Hai Phong,Vietnam,VNM,11,1,4,0,4,16,20,12540,0,1543,0,8492,14084,22576,5342,0,1873,0,176,7215,7392,2785227
2019-06-27,2019,6,27,port434,Hai Phong,Vietnam,VNM,8,1,3,0,5,12,17,20159,0,4828,0,7880,24987,32867,629,1140,903,0,0,2674,2674,2785228
2019-06-28,2019,6,28,port434,Hai Phong,Vietnam,VNM,10,1,6,0,4,17,21,15262,0,1543,0,2860,16805,19666,629,5028,355,0,92,6013,6106,2785229
2019-06-29,2019,6,29,port434,Hai Phong,Vietnam,VNM,12,0,8,1,5,21,26,10301,0,7014,0,7801,17316,25117,18967,0,1422,0,2260,20389,22650,2785230
2019-06-30,2019,6,30,port434,Hai Phong,Vietnam,VNM,7,0,5,0,2,12,14,14304,0,4462,0,8418,18766,27184,4694,0,355,0,0,5050,5050,2785231
2019-07-01,2019,7,1,port434,Hai Phong,Vietnam,VNM,7,0,8,0,3,15,18,12079,0,10249,0,5343,22329,27672,629,0,1894,0,0,2524,2524,2785232
2019-07-02,2019,7,2,port434,Hai Phong,Vietnam,VNM,15,1,7,0,4,23,27,20827,31125,10824,0,10651,62777,73428,16732,0,2028,0,0,18761,18761,2785233
2019-07-03,2019,7,3,port434,Hai Phong,Vietnam,VNM,8,1,5,1,3,15,18,18822,0,4413,435,3725,23670,27396,629,0,355,160,535,1146,1681,2785234
2019-07-04,2019,7,4,port434,Hai Phong,Vietnam,VNM,8,0,3,0,2,11,13,12626,0,3547,0,1868,16173,18042,5138,0,355,0,92,5494,5587,2785235
2019-07-05,2019,7,5,port434,Hai Phong,Vietnam,VNM,11,0,8,0,4,19,23,14134,0,13101,0,5877,27235,33113,9700,0,1293,0,0,10994,10994,2785236
2019-07-06,2019,7,6,port434,Hai Phong,Vietnam,VNM,15,0,8,1,4,24,28,26998,0,7915,1447,18431,36361,54793,8238,0,2696,0,176,10935,11111,2785237
2019-07-07,2019,7,7,port434,Hai Phong,Vietnam,VNM,14,1,8,0,2,23,25,32174,0,10970,0,0,43144,43144,5878,0,1125,0,0,7003,7003,2785238
2019-07-08,2019,7,8,port434,Hai Phong,Vietnam,VNM,8,0,7,0,7,15,22,9872,0,3950,0,15714,13822,29536,2059,0,355,0,147,2414,2562,2785239
2019-07-09,2019,7,9,port434,Hai Phong,Vietnam,VNM,12,0,8,0,4,20,24,21722,0,9405,0,6174,31128,37303,6139,0,2288,0,269,8427,8697,2785240
2019-07-10,2019,7,10,port434,Hai Phong,Vietnam,VNM,9,2,5,0,3,16,19,11589,7510,3886,0,9175,22986,32161,4952,1381,4364,0,92,10697,10790,2785241
2019-07-11,2019,7,11,port434,Hai Phong,Vietnam,VNM,9,0,8,0,4,17,21,9324,0,8242,0,1868,17566,19435,1269,0,1231,0,92,2501,2594,2785242
2019-07-12,2019,7,12,port434,Hai Phong,Vietnam,VNM,9,1,6,0,2,16,18,16295,0,3726,0,0,20022,20022,1713,0,769,0,0,2482,2482,2785243
2019-07-13,2019,7,13,port434,Hai Phong,Vietnam,VNM,11,0,4,0,6,15,21,12052,0,3087,0,5639,15139,20779,14396,0,5429,0,0,19826,19826,2785244
2019-07-14,2019,7,14,port434,Hai Phong,Vietnam,VNM,12,1,12,0,2,25,27,15436,1069,19388,0,6174,35893,42068,13654,0,2269,0,269,15924,16193,2785245
2019-07-15,2019,7,15,port434,Hai Phong,Vietnam,VNM,10,0,7,0,2,17,19,24424,0,7968,0,8673,32392,41065,9024,0,1125,0,92,10149,10242,2785246
2019-07-16,2019,7,16,port434,Hai Phong,Vietnam,VNM,11,0,5,0,6,16,22,13401,0,1543,0,2278,14944,17223,2869,0,355,0,92,3225,3318,2785247
2019-07-17,2019,7,17,port434,Hai Phong,Vietnam,VNM,11,0,6,0,7,17,24,13814,0,3087,0,10923,16901,27825,2888,0,5893,0,2798,8782,11580,2785248
2019-07-18,2019,7,18,port434,Hai Phong,Vietnam,VNM,9,1,3,0,4,13,17,9923,0,2711,0,5404,12634,18039,7308,496,756,0,1228,8561,9790,2785249
2019-07-19,2019,7,19,port434,Hai Phong,Vietnam,VNM,10,1,7,0,4,18,22,21515,1140,4896,0,6188,27551,33740,3742,0,2562,0,0,6305,6305,2785250
2019-07-20,2019,7,20,port434,Hai Phong,Vietnam,VNM,16,0,11,0,2,27,29,24972,0,10804,0,3484,35777,39262,6527,0,1125,0,0,7652,7652,2785251
2019-07-21,2019,7,21,port434,Hai Phong,Vietnam,VNM,7,1,6,0,6,14,20,9652,7422,1652,0,11093,18727,29820,3619,1381,414,0,315,5414,5729,2785252
2019-07-22,2019,7,22,port434,Hai Phong,Vietnam,VNM,10,0,8,0,7,18,25,12469,0,8987,0,10905,21457,32362,3675,0,1957,0,269,5632,5902,2785253
2019-07-23,2019,7,23,port434,Hai Phong,Vietnam,VNM,8,1,4,1,2,14,16,17640,14115,4693,435,0,36885,36885,1924,0,711,160,12946,2796,15743,2785254
2019-07-24,2019,7,24,port434,Hai Phong,Vietnam,VNM,16,1,6,0,4,23,27,17406,0,6282,0,8043,23689,31732,9721,0,711,0,362,10432,10794,2785255
2019-07-25,2019,7,25,port434,Hai Phong,Vietnam,VNM,10,0,5,0,7,15,22,13088,0,6795,0,19565,19884,39450,1210,0,1066,0,269,2276,2546,2785256
2019-07-26,2019,7,26,port434,Hai Phong,Vietnam,VNM,4,2,3,0,2,9,11,7864,6179,3087,0,1868,17131,18999,4047,0,711,0,92,4758,4851,2785257
2019-07-27,2019,7,27,port434,Hai Phong,Vietnam,VNM,13,1,8,1,4,23,27,11942,7422,10076,0,10001,29441,39443,21565,1381,0,0,0,22947,22947,2785258
2019-07-28,2019,7,28,port434,Hai Phong,Vietnam,VNM,11,0,6,0,5,17,22,19130,0,3650,0,5069,22781,27850,6842,0,0,0,911,6842,7753,2785259
2019-07-29,2019,7,29,port434,Hai Phong,Vietnam,VNM,12,1,9,0,4,22,26,21779,0,6174,0,3737,27953,31690,7342,0,1422,0,185,8764,8950,2785260
2019-07-30,2019,7,30,port434,Hai Phong,Vietnam,VNM,11,2,7,0,4,20,24,15638,9288,15352,0,6182,40279,46462,8251,0,2402,0,0,10653,10653,2785261
2019-07-31,2019,7,31,port434,Hai Phong,Vietnam,VNM,10,0,1,0,2,11,13,32335,0,0,0,0,32335,32335,629,0,0,0,1834,629,2464,2785262
2019-08-01,2019,8,1,port434,Hai Phong,Vietnam,VNM,6,0,2,0,2,8,10,5235,0,1543,0,1134,6779,7913,10281,0,355,0,0,10637,10637,2785263
2019-08-02,2019,8,2,port434,Hai Phong,Vietnam,VNM,0,0,0,0,0,0,0,0,0,0,0,0,0,0,0,0,0,0,0,0,0,2785264
2019-08-03,2019,8,3,port434,Hai Phong,Vietnam,VNM,18,0,0,0,2,18,20,25812,0,0,0,4048,25812,29861,7735,0,0,0,287,7735,8022,2785265
2019-08-04,2019,8,4,port434,Hai Phong,Vietnam,VNM,13,1,7,0,6,21,27,22219,12825,9069,0,9742,44114,53857,5779,0,3222,0,1198,9002,10201,2785266
2019-08-05,2019,8,5,port434,Hai Phong,Vietnam,VNM,15,1,15,0,4,31,35,33188,21828,10438,0,5126,65456,70582,3470,0,2250,0,9238,5720,14959,2785267
2021-10-14,2021,10,14,port434,Hai Phong,Vietnam,VNM,0,1,1,0,1,2,3,0,0,0,0,314,0,314,0,0,0,0,0,0,0,2786001
2021-10-15,2021,10,15,port434,Hai Phong,Vietnam,VNM,16,0,8,0,3,24,27,26570,0,2632,0,5944,29202,35147,19201,0,355,0,92,19557,19650,2786002
2021-10-16,2021,10,16,port434,Hai Phong,Vietnam,VNM,14,0,3,0,6,17,23,27592,0,7438,0,3786,35030,38816,8220,0,355,0,453,8576,9029,2786003
2021-10-17,2021,10,17,port434,Hai Phong,Vietnam,VNM,12,1,2,0,1,15,16,13639,15380,0,0,15241,29020,44261,11604,0,4108,0,0,15713,15713,2786004
2021-10-18,2021,10,18,port434,Hai Phong,Vietnam,VNM,8,1,4,0,3,13,16,9222,0,1337,0,6059,10560,16620,6032,0,0,0,551,6032,6584,2786005
2021-10-19,2021,10,19,port434,Hai Phong,Vietnam,VNM,9,0,9,1,1,19,20,6585,0,9415,0,1944,16001,17946,6060,0,2127,0,0,8187,8187,2786006
2021-10-20,2021,10,20,port434,Hai Phong,Vietnam,VNM,9,2,16,0,6,27,33,8548,9488,23029,0,2278,41065,43343,5507,1381,7391,0,482,14280,14763,2786007
2021-10-21,2021,10,21,port434,Hai Phong,Vietnam,VNM,9,2,18,1,6,30,36,14424,49488,8245,2624,10086,74783,84869,3621,0,4775,0,783,8396,9179,2786008
2021-10-22,2021,10,22,port434,Hai Phong,Vietnam,VNM,5,1,7,0,5,13,18,10179,0,7826,0,5881,18005,23887,4150,34013,1836,0,9783,39999,49783,2786009
2021-10-23,2021,10,23,port434,Hai Phong,Vietnam,VNM,13,0,8,0,3,21,24,15797,0,4061,0,8502,19859,28362,2264,0,355,0,269,2620,2889,2786010
2021-10-24,2021,10,24,port434,Hai Phong,Vietnam,VNM,8,0,7,0,5,15,20,6054,0,9279,0,4018,15334,19352,7315,0,414,0,1944,7729,9674,2786011
2021-10-25,2021,10,25,port434,Hai Phong,Vietnam,VNM,9,0,12,1,6,22,28,10588,0,7384,0,11431,17972,29403,2223,0,4039,854,269,7117,7386,2786012
2023-12-23,2023,12,23,port434,Hai Phong,Vietnam,VNM,8,0,2,0,5,10,15,11369,0,1652,0,4211,13021,17232,6740,0,414,0,13073,7154,20227,2786013
2019-08-06,2019,8,6,port434,Hai Phong,Vietnam,VNM,12,3,8,1,8,24,32,19404,7422,9881,0,18925,36707,55633,2391,1381,711,0,185,4484,4669,2786014
2020-09-09,2020,9,9,port434,Hai Phong,Vietnam,VNM,0,1,2,0,1,3,4,0,0,1543,0,187,1543,1730,0,0,1441,0,0,1441,1441,2786015
2021-10-26,2021,10,26,port434,Hai Phong,Vietnam,VNM,5,0,5,0,4,10,14,5755,0,4882,0,12025,10637,22663,4187,0,880,0,0,5068,5068,2786016
2021-10-27,2021,10,27,port434,Hai Phong,Vietnam,VNM,9,1,7,0,3,17,20,8435,0,4739,0,1868,13174,15042,3635,0,1125,0,92,4760,4853,2786017
2021-10-28,2021,10,28,port434,Hai Phong,Vietnam,VNM,10,1,6,0,4,17,21,9579,7422,7824,0,8095,24826,32921,4271,1381,1242,0,185,6895,7080,2786018
2021-10-29,2021,10,29,port434,Hai Phong,Vietnam,VNM,9,2,6,0,5,17,22,17038,30775,6282,0,232,54096,54328,9003,0,1970,0,4430,10973,15404,2786019
2021-10-30,2021,10,30,port434,Hai Phong,Vietnam,VNM,6,0,8,0,2,14,16,6848,0,7068,0,2692,13916,16608,5455,0,355,0,781,5810,6591,2786020
2021-10-31,2021,10,31,port434,Hai Phong,Vietnam,VNM,7,0,10,0,1,17,18,19753,0,19627,0,1868,39380,41249,4325,0,2093,0,92,6418,6511,2786021
2021-11-01,2021,11,1,port434,Hai Phong,Vietnam,VNM,9,1,12,1,5,23,28,17802,0,6415,0,0,24218,24218,1259,0,1125,0,0,2384,2384,2786022
2021-11-02,2021,11,2,port434,Hai Phong,Vietnam,VNM,14,0,11,0,5,25,30,22808,0,12503,0,6778,35312,42090,2060,0,2250,0,0,4310,4310,2786023
2021-11-03,2021,11,3,port434,Hai Phong,Vietnam,VNM,8,0,6,0,5,14,19,11647,0,4932,0,8407,16579,24987,2691,0,2460,0,278,5151,5430,2786024
2021-11-04,2021,11,4,port434,Hai Phong,Vietnam,VNM,8,0,5,0,2,13,15,3411,0,8653,0,9842,12064,21906,3574,0,355,0,0,3930,3930,2786025
2021-11-05,2021,11,5,port434,Hai Phong,Vietnam,VNM,14,1,7,0,4,22,26,15986,26617,8640,0,5264,51245,56509,7582,0,355,0,0,7938,7938,2786026
2021-11-06,2021,11,6,port434,Hai Phong,Vietnam,VNM,7,2,6,0,4,15,19,11817,7555,6316,0,6174,25689,31864,1424,1381,355,0,269,3161,3430,2786027
2021-11-07,2021,11,7,port434,Hai Phong,Vietnam,VNM,10,0,9,0,3,19,22,18010,0,5977,0,1201,23987,25188,2250,0,711,0,0,2961,2961,2786028
2021-11-08,2021,11,8,port434,Hai Phong,Vietnam,VNM,0,0,0,0,1,0,1,0,0,0,0,1410,0,1410,0,0,0,0,0,0,0,2786029
2021-11-09,2021,11,9,port434,Hai Phong,Vietnam,VNM,12,0,12,0,2,24,26,15334,0,13966,0,0,29301,29301,3982,0,711,0,14360,4693,19054,2786030
2021-11-10,2021,11,10,port434,Hai Phong,Vietnam,VNM,8,0,6,0,9,14,23,19167,0,4739,0,7464,23906,31371,2518,0,1416,0,128,3935,4063,2786031
2021-11-11,2021,11,11,port434,Hai Phong,Vietnam,VNM,9,2,8,0,5,19,24,11157,20270,9110,0,9353,40538,49892,8161,1381,15651,0,269,25194,25463,2786032
2021-11-12,2021,11,12,port434,Hai Phong,Vietnam,VNM,9,1,4,0,3,14,17,13615,4514,3920,0,2496,22051,24547,3275,0,0,0,0,3275,3275,2786033
2021-11-13,2021,11,13,port434,Hai Phong,Vietnam,VNM,17,2,6,0,4,25,29,24546,0,1068,0,3888,25614,29502,15099,54244,699,0,0,70043,70043,2786034
2021-11-14,2021,11,14,port434,Hai Phong,Vietnam,VNM,9,0,8,0,5,17,22,13367,0,6973,0,7716,20340,28056,5330,0,355,0,176,5686,5862,2786035
2021-11-15,2021,11,15,port434,Hai Phong,Vietnam,VNM,11,2,10,1,4,24,28,24121,7422,7896,0,7720,39439,47160,1259,1381,1480,0,0,4121,4121,2786036
2021-11-16,2021,11,16,port434,Hai Phong,Vietnam,VNM,5,1,6,0,4,12,16,11964,7422,1543,0,8026,20930,28957,1259,1381,516,0,628,3157,3785,2786037
2021-11-17,2021,11,17,port434,Hai Phong,Vietnam,VNM,9,0,5,1,4,15,19,21201,0,1652,435,3928,23289,27217,4079,0,1218,160,92,5459,5551,2786038
2021-11-18,2021,11,18,port434,Hai Phong,Vietnam,VNM,12,1,6,0,3,19,22,11534,7422,8529,0,2061,27486,29547,4574,1381,1428,0,0,7383,7383,2786039
2021-11-19,2021,11,19,port434,Hai Phong,Vietnam,VNM,10,3,11,0,4,24,28,13198,8999,11217,0,4264,33415,37680,4904,0,2133,0,0,7037,7037,2786040
2021-11-20,2021,11,20,port434,Hai Phong,Vietnam,VNM,11,1,14,1,3,27,30,16487,1071,7797,0,5181,25356,30537,1889,0,1777,0,92,3666,3759,2786041
2021-11-21,2021,11,21,port434,Hai Phong,Vietnam,VNM,18,1,9,0,5,28,33,31234,0,11058,0,17293,42293,59586,9595,0,1539,0,0,11134,11134,2786042
2021-11-22,2021,11,22,port434,Hai Phong,Vietnam,VNM,6,0,4,0,3,10,13,8190,0,4739,0,0,12930,12930,1098,0,1125,0,0,2223,2223,2786043
2021-11-23,2021,11,23,port434,Hai Phong,Vietnam,VNM,12,1,4,0,5,17,22,23309,3003,3195,0,7697,29508,37206,11017,0,769,0,185,11786,11972,2786044
2021-11-24,2021,11,24,port434,Hai Phong,Vietnam,VNM,7,3,6,0,1,16,17,5235,14844,4739,0,9023,24818,33841,6513,3857,4005,0,0,14376,14376,2786045
2021-11-25,2021,11,25,port434,Hai Phong,Vietnam,VNM,5,0,7,0,1,12,13,7566,0,9759,0,0,17325,17325,629,0,641,0,0,1270,1270,2786046
2021-11-26,2021,11,26,port434,Hai Phong,Vietnam,VNM,6,1,7,0,6,14,20,7591,672,13404,0,9706,21668,31375,5600,0,828,0,92,6428,6521,2786047
2021-11-27,2021,11,27,port434,Hai Phong,Vietnam,VNM,14,1,8,0,5,23,28,26854,0,5639,0,5181,32494,37675,2518,1314,6771,0,92,10604,10696,2786048
2021-11-28,2021,11,28,port434,Hai Phong,Vietnam,VNM,9,1,6,1,4,17,21,12199,0,4513,0,1868,16712,18580,1497,0,828,0,92,2326,2418,2786049
2021-11-29,2021,11,29,port434,Hai Phong,Vietnam,VNM,10,0,7,0,8,17,25,9858,0,4793,0,12172,14651,26824,2647,0,6940,0,0,9588,9588,2786050
2021-11-30,2021,11,30,port434,Hai Phong,Vietnam,VNM,14,2,7,0,5,23,28,23646,0,9866,0,16862,33512,50375,1140,479,19,0,92,1639,1732,2786051
2021-12-01,2021,12,1,port434,Hai Phong,Vietnam,VNM,7,0,7,0,2,14,16,11298,0,8775,0,4430,20074,24505,1765,0,711,0,0,2476,2476,2786052
2021-12-02,2021,12,2,port434,Hai Phong,Vietnam,VNM,11,0,8,1,2,20,22,15306,0,5703,2165,5300,23175,28476,3319,0,414,0,0,3733,3733,2786053
2021-12-03,2021,12,3,port434,Hai Phong,Vietnam,VNM,7,1,5,0,6,13,19,14112,7422,8595,0,1855,30130,31985,629,1381,2751,0,0,4762,4762,2786054
2021-12-04,2021,12,4,port434,Hai Phong,Vietnam,VNM,8,1,6,0,5,15,20,26753,0,3718,0,7839,30472,38312,3148,0,355,0,0,3503,3503,2786055
2021-12-05,2021,12,5,port434,Hai Phong,Vietnam,VNM,10,1,4,0,5,15,20,11524,7422,1966,0,3312,20913,24226,1973,1381,414,0,0,3768,3768,2786056
2021-12-06,2021,12,6,port434,Hai Phong,Vietnam,VNM,12,1,5,0,2,18,20,15020,0,1652,0,8462,16673,25135,4623,20640,414,0,0,25678,25678,2786057
2021-12-07,2021,12,7,port434,Hai Phong,Vietnam,VNM,6,3,11,0,4,20,24,18273,0,18998,0,3737,37271,41009,5456,1375,1777,0,185,8609,8794,2786058
2021-12-08,2021,12,8,port434,Hai Phong,Vietnam,VNM,12,2,11,0,4,25,29,19393,12058,7697,0,6174,39149,45324,14418,1381,1918,0,269,17718,17987,2786059
2021-12-09,2021,12,9,port434,Hai Phong,Vietnam,VNM,7,1,4,1,6,13,19,14743,7422,1652,435,23121,24253,47375,0,1381,414,160,92,1956,2049,2786060
2021-12-10,2021,12,10,port434,Hai Phong,Vietnam,VNM,11,1,8,0,2,20,22,15845,0,9424,0,2859,25269,28128,4096,0,1479,0,0,5576,5576,2786061
2021-12-11,2021,12,11,port434,Hai Phong,Vietnam,VNM,10,1,9,0,8,20,28,10813,0,10995,0,9796,21808,31605,6439,0,1125,0,2306,7564,9871,2786062
2021-12-12,2021,12,12,port434,Hai Phong,Vietnam,VNM,10,2,13,0,5,25,30,23807,33885,12548,0,15748,70241,85989,1259,0,1941,0,92,3200,3293,2786063
2021-12-13,2021,12,13,port434,Hai Phong,Vietnam,VNM,18,1,2,1,7,22,29,30741,0,0,0,17900,30741,48641,6036,0,0,0,92,6036,6128,2786064
2021-12-14,2021,12,14,port434,Hai Phong,Vietnam,VNM,8,2,9,0,7,19,26,10121,7422,12067,0,8766,29611,38377,629,1381,3226,0,535,5237,5772,2786065
2021-12-15,2021,12,15,port434,Hai Phong,Vietnam,VNM,7,0,8,0,4,15,19,6184,0,7097,0,5014,13281,18296,4014,0,1183,0,92,5198,5291,2786066
2021-12-16,2021,12,16,port434,Hai Phong,Vietnam,VNM,9,0,9,0,11,18,29,7726,0,5588,0,9050,13314,22365,629,0,3359,0,0,3989,3989,2786067
2021-12-17,2021,12,17,port434,Hai Phong,Vietnam,VNM,6,1,11,1,0,19,19,7518,6506,12970,435,0,27431,27431,4127,0,2191,160,0,6479,6479,2786068
2021-12-18,2021,12,18,port434,Hai Phong,Vietnam,VNM,12,0,6,0,5,18,23,12352,0,12130,0,7210,24483,31693,3696,0,1183,0,269,4879,5149,2786069
2021-12-19,2021,12,19,port434,Hai Phong,Vietnam,VNM,10,0,13,0,7,23,30,20174,0,19749,0,9303,39924,49227,1259,0,2191,0,0,3450,3450,2786070
2021-12-20,2021,12,20,port434,Hai Phong,Vietnam,VNM,5,0,10,0,3,15,18,6892,0,10738,0,4376,17630,22007,46,0,1183,0,0,1229,1229,2786071
2021-12-21,2021,12,21,port434,Hai Phong,Vietnam,VNM,8,0,3,0,5,11,16,28423,0,3087,0,4701,31510,36211,1889,0,711,0,185,2600,2785,2786072
2021-12-22,2021,12,22,port434,Hai Phong,Vietnam,VNM,13,4,6,0,3,23,26,18535,25259,3195,0,1868,46990,48859,15194,1527,769,0,92,17491,17584,2786073
2021-12-23,2021,12,23,port434,Hai Phong,Vietnam,VNM,10,0,11,1,5,22,27,16229,0,8547,0,2816,24777,27594,2512,0,1066,0,92,3579,3672,2786074
2021-12-24,2021,12,24,port434,Hai Phong,Vietnam,VNM,9,1,15,0,5,25,30,28264,5637,14537,0,9181,48440,57621,0,0,1953,0,92,1953,2046,2786075
2021-12-25,2021,12,25,port434,Hai Phong,Vietnam,VNM,8,3,10,0,2,21,23,8745,7422,10037,0,4306,26205,30511,3578,1381,1125,0,176,6085,6261,2786076
2021-12-26,2021,12,26,port434,Hai Phong,Vietnam,VNM,9,0,2,0,5,11,16,7536,0,1543,0,16536,9080,25617,1443,0,355,0,0,1798,1798,2786077
2021-12-27,2021,12,27,port434,Hai Phong,Vietnam,VNM,10,0,7,0,2,17,19,10245,0,9185,0,5984,19431,25415,3694,0,2234,0,0,5929,5929,2786078
2021-12-28,2021,12,28,port434,Hai Phong,Vietnam,VNM,11,0,5,0,4,16,20,13456,0,5160,0,2268,18616,20884,5545,0,711,0,92,6256,6349,2786079
2021-12-29,2021,12,29,port434,Hai Phong,Vietnam,VNM,8,1,7,0,2,16,18,17347,7422,8023,0,1246,32793,34040,3148,1381,1352,0,0,5881,5881,2786080
2021-12-30,2021,12,30,port434,Hai Phong,Vietnam,VNM,11,0,11,0,7,22,29,10522,0,14027,0,13942,24550,38492,8092,0,1917,0,0,10009,10009,2786081
2021-12-31,2021,12,31,port434,Hai Phong,Vietnam,VNM,11,1,12,0,5,24,29,22174,5999,13953,0,2330,42127,44458,8469,0,2360,0,92,10829,10922,2786082
2022-01-01,2022,1,1,port434,Hai Phong,Vietnam,VNM,11,0,7,0,6,18,24,27464,0,9338,0,4905,36802,41707,6567,0,1066,0,185,7634,7820,2786083
2022-01-02,2022,1,2,port434,Hai Phong,Vietnam,VNM,6,0,5,0,4,11,15,19031,0,1915,0,7159,20947,28107,629,0,3260,0,0,3889,3889,2786084
2022-01-03,2022,1,3,port434,Hai Phong,Vietnam,VNM,15,1,9,0,5,25,30,36486,0,7623,0,3107,44110,47217,4407,5016,1183,0,92,10608,10700,2786085
2022-01-04,2022,1,4,port434,Hai Phong,Vietnam,VNM,5,3,6,1,5,15,20,11189,1553,4311,435,2433,17491,19924,2792,23270,828,160,92,27051,27144,2786086
2022-01-05,2022,1,5,port434,Hai Phong,Vietnam,VNM,10,2,10,1,3,23,26,13195,0,11653,2638,1868,27487,29356,1312,0,1480,0,92,2793,2886,2786087
2022-01-06,2022,1,6,port434,Hai Phong,Vietnam,VNM,7,3,6,0,6,16,22,18458,14844,4718,0,8272,38020,46293,0,2762,711,0,269,3473,3742,2786088
2022-01-07,2022,1,7,port434,Hai Phong,Vietnam,VNM,7,0,11,0,4,18,22,22532,0,11601,0,6226,34134,40360,629,0,3992,0,0,4621,4621,2786089
2022-01-08,2022,1,8,port434,Hai Phong,Vietnam,VNM,13,1,13,0,4,27,31,25871,7422,16052,0,7437,49346,56783,3500,1381,4196,0,185,9077,9263,2786090
2022-01-09,2022,1,9,port434,Hai Phong,Vietnam,VNM,7,0,4,0,5,11,16,10120,0,3087,0,6631,13207,19838,10907,0,711,0,92,11618,11711,2786091
2022-01-10,2022,1,10,port434,Hai Phong,Vietnam,VNM,16,1,10,0,6,27,33,33784,7422,4848,0,12761,46054,58815,2736,1381,1428,0,0,5545,5545,2786092
2022-01-11,2022,1,11,port434,Hai Phong,Vietnam,VNM,12,2,11,0,6,25,31,13860,7422,9698,0,11721,30980,42702,2275,1869,1729,0,92,5874,5967,2786093
2022-01-12,2022,1,12,port434,Hai Phong,Vietnam,VNM,14,2,10,0,4,26,30,27622,25368,4739,0,3737,57729,61466,1614,1381,3639,0,185,6634,6820,2786094
2022-01-13,2022,1,13,port434,Hai Phong,Vietnam,VNM,11,1,9,0,5,21,26,20011,7653,9430,0,7648,37095,44743,629,0,1125,0,663,1754,2418,2786095
2022-01-14,2022,1,14,port434,Hai Phong,Vietnam,VNM,12,0,9,0,5,21,26,16025,0,7569,0,10879,23595,34475,1985,0,5393,0,92,7378,7471,2786096
2022-01-15,2022,1,15,port434,Hai Phong,Vietnam,VNM,7,0,6,0,8,13,21,6012,0,7224,0,11035,13236,24272,8936,0,1306,0,92,10243,10336,2786097
2022-01-16,2022,1,16,port434,Hai Phong,Vietnam,VNM,6,2,7,0,3,15,18,7524,7422,12690,0,5960,27637,33598,6922,2473,711,0,0,10107,10107,2786098
2022-01-17,2022,1,17,port434,Hai Phong,Vietnam,VNM,12,3,5,0,2,20,22,17923,7422,9488,0,7801,34833,42635,3576,1381,1480,0,535,6438,6974,2786099
2022-01-18,2022,1,18,port434,Hai Phong,Vietnam,VNM,12,2,7,0,3,21,24,24279,7422,9575,0,2647,41277,43924,1259,1381,3527,0,0,6167,6167,2786100
2022-01-19,2022,1,19,port434,Hai Phong,Vietnam,VNM,8,1,6,0,5,15,20,8760,0,5980,0,404,14740,15145,1259,0,1066,0,0,2325,2325,2786101
2022-01-20,2022,1,20,port434,Hai Phong,Vietnam,VNM,12,1,7,0,5,20,25,26803,32043,1646,0,15615,60493,76109,4535,0,6617,0,0,11153,11153,2786102
2022-01-21,2022,1,21,port434,Hai Phong,Vietnam,VNM,8,0,14,0,3,22,25,8734,0,14041,0,2716,22775,25492,6575,0,2844,0,0,9419,9419,2786103
2022-01-22,2022,1,22,port434,Hai Phong,Vietnam,VNM,8,1,6,0,4,15,19,10532,3105,3364,0,3199,17002,20201,5344,0,711,0,92,6055,6148,2786104
2022-01-23,2022,1,23,port434,Hai Phong,Vietnam,VNM,11,2,7,1,4,21,25,20645,7422,7837,0,2135,35905,38040,2991,30209,1066,0,92,34267,34360,2786105
2022-01-24,2022,1,24,port434,Hai Phong,Vietnam,VNM,13,0,8,0,7,21,28,28253,0,4630,0,15007,32883,47891,3346,0,1066,0,0,4412,4412,2786106
2022-01-25,2022,1,25,port434,Hai Phong,Vietnam,VNM,10,1,7,0,3,18,21,6968,0,6282,0,9324,13251,22575,6567,796,1480,0,0,8845,8845,2786107
2022-01-26,2022,1,26,port434,Hai Phong,Vietnam,VNM,7,0,9,0,4,16,20,7687,0,13402,0,9816,21090,30907,2138,0,2585,0,16398,4724,21122,2786108
2022-01-27,2022,1,27,port434,Hai Phong,Vietnam,VNM,14,2,6,0,5,22,27,19708,2755,9192,0,14558,31656,46214,7348,0,1066,0,176,8414,8591,2786109
2022-01-28,2022,1,28,port434,Hai Phong,Vietnam,VNM,10,0,10,0,3,20,23,18906,0,9237,0,5298,28143,33442,230,0,2950,0,92,3181,3274,2786110
2022-01-29,2022,1,29,port434,Hai Phong,Vietnam,VNM,11,1,7,0,5,19,24,27378,30436,4274,0,8330,62089,70420,380,0,6566,0,92,6946,7039,2786111
2022-01-30,2022,1,30,port434,Hai Phong,Vietnam,VNM,10,0,3,1,3,14,17,30894,0,1652,435,12081,32982,45064,1259,0,414,160,286,1834,2120,2786112
2022-01-31,2022,1,31,port434,Hai Phong,Vietnam,VNM,7,1,1,0,4,9,13,13942,34708,0,0,8125,48651,56776,4999,0,734,0,0,5734,5734,2786113
2022-02-01,2022,2,1,port434,Hai Phong,Vietnam,VNM,11,0,3,0,1,14,15,23684,0,1543,0,4453,25228,29681,5440,0,355,0,0,5795,5795,2786114
2022-02-02,2022,2,2,port434,Hai Phong,Vietnam,VNM,8,1,2,0,3,11,14,8865,5769,1652,0,1398,16286,17684,4356,0,414,0,0,4770,4770,2786115
2022-02-03,2022,2,3,port434,Hai Phong,Vietnam,VNM,11,1,1,1,2,14,16,22143,601,1652,0,4306,24397,28704,3027,0,414,0,176,3441,3618,2786116
2022-02-04,2022,2,4,port434,Hai Phong,Vietnam,VNM,6,0,8,0,4,14,18,12281,0,14427,0,7527,26708,34235,8041,0,1125,0,92,9166,9259,2786117
2022-02-05,2022,2,5,port434,Hai Phong,Vietnam,VNM,12,0,4,0,2,16,18,11697,0,0,0,9285,11697,20982,10527,0,2860,0,0,13387,13387,2786118
2022-02-06,2022,2,6,port434,Hai Phong,Vietnam,VNM,11,2,11,1,5,25,30,12692,7422,7826,0,3922,27940,31863,2182,1381,2476,0,128,6040,6168,2786119
2022-02-07,2022,2,7,port434,Hai Phong,Vietnam,VNM,8,1,8,0,3,17,20,22335,0,5203,0,8215,27538,35754,629,0,711,0,92,1340,1433,2786120
2022-02-08,2022,2,8,port434,Hai Phong,Vietnam,VNM,8,0,6,0,2,14,16,14906,0,6351,0,5158,21258,26416,2272,0,355,0,92,2627,2720,2786121
2022-02-09,2022,2,9,port434,Hai Phong,Vietnam,VNM,11,1,5,0,3,17,20,20786,7422,1841,0,5145,30050,35195,12414,1381,647,0,3934,14442,18377,2786122
2022-02-10,2022,2,10,port434,Hai Phong,Vietnam,VNM,6,1,8,0,2,15,17,21465,0,4501,0,31,25966,25998,0,0,711,0,0,711,711,2786123
2022-02-11,2022,2,11,port434,Hai Phong,Vietnam,VNM,9,0,6,0,5,15,20,24635,0,6151,0,19802,30786,50589,1711,0,0,0,92,1711,1804,2786124
2022-02-12,2022,2,12,port434,Hai Phong,Vietnam,VNM,10,2,5,2,3,19,22,16859,7422,4375,2108,3431,30765,34197,17950,1381,769,0,0,20101,20101,2786125
2022-02-13,2022,2,13,port434,Hai Phong,Vietnam,VNM,6,1,10,0,3,17,20,7056,11495,7935,0,744,26486,27230,10978,0,1894,0,0,12873,12873,2786126
2022-02-14,2022,2,14,port434,Hai Phong,Vietnam,VNM,14,1,5,0,2,20,22,17713,0,4630,0,1549,22344,23893,6527,3407,3120,0,0,13056,13056,2786127
2022-02-15,2022,2,15,port434,Hai Phong,Vietnam,VNM,7,2,6,0,6,15,21,8226,28833,11808,0,12818,48867,61686,7283,0,1446,0,92,8729,8821,2786128
2022-02-16,2022,2,16,port434,Hai Phong,Vietnam,VNM,12,1,5,0,3,18,21,32902,7422,2361,0,10874,42685,53560,4978,1381,369,0,269,6729,6999,2786129
2022-02-17,2022,2,17,port434,Hai Phong,Vietnam,VNM,11,1,7,0,5,19,24,15961,5627,4322,0,10508,25911,36420,4530,0,5301,0,0,9831,9831,2786130
2022-02-18,2022,2,18,port434,Hai Phong,Vietnam,VNM,11,0,5,0,2,16,18,15258,0,10225,0,4306,25484,29790,7442,0,414,0,176,7857,8033,2786131
2022-02-19,2022,2,19,port434,Hai Phong,Vietnam,VNM,7,0,4,1,7,12,19,8740,0,11828,435,15316,21004,36320,8093,0,355,160,0,8609,8609,2786132
2022-02-20,2022,2,20,port434,Hai Phong,Vietnam,VNM,10,0,5,1,2,16,18,8875,0,6928,2187,11972,17991,29964,6117,0,355,0,0,6473,6473,2786133
2022-02-21,2022,2,21,port434,Hai Phong,Vietnam,VNM,9,1,6,0,5,16,21,8420,1860,3888,0,16272,14169,30442,6645,0,711,0,1169,7356,8525,2786134
2022-02-22,2022,2,22,port434,Hai Phong,Vietnam,VNM,9,0,2,0,2,11,13,16338,0,0,0,1868,16338,18207,1459,0,0,0,92,1459,1551,2786135
2022-02-23,2022,2,23,port434,Hai Phong,Vietnam,VNM,6,0,4,0,5,10,15,6206,0,960,0,6676,7167,13843,8100,0,19,0,269,8119,8388,2786136
2022-02-24,2022,2,24,port434,Hai Phong,Vietnam,VNM,9,1,4,0,3,14,17,9740,7422,3087,0,8136,20249,28386,10036,1381,711,0,0,12128,12128,2786137
2022-02-25,2022,2,25,port434,Hai Phong,Vietnam,VNM,10,2,3,0,3,15,18,18439,7422,2461,0,1868,28323,30191,4123,1381,331,0,92,5836,5929,2786138
2022-02-26,2022,2,26,port434,Hai Phong,Vietnam,VNM,13,0,7,0,4,20,24,13389,0,1686,0,3016,15075,18091,10234,0,355,0,107,10590,10697,2786139
2022-02-27,2022,2,27,port434,Hai Phong,Vietnam,VNM,11,3,4,1,3,19,22,22410,0,7174,0,5362,29585,34947,5513,14730,705,0,7720,20949,28670,2786140
2022-02-28,2022,2,28,port434,Hai Phong,Vietnam,VNM,9,1,5,0,3,15,18,15556,15752,3195,0,2832,34504,37337,1206,0,769,0,92,1976,2069,2786141
2022-03-01,2022,3,1,port434,Hai Phong,Vietnam,VNM,8,1,7,0,4,16,20,3933,0,3195,0,5039,7129,12168,3965,0,769,0,176,4734,4911,2786142
2022-03-02,2022,3,2,port434,Hai Phong,Vietnam,VNM,10,2,9,0,1,21,22,10279,7422,9093,0,1868,26795,28664,14923,3005,1894,0,92,19823,19916,2786143
2022-03-03,2022,3,3,port434,Hai Phong,Vietnam,VNM,7,1,9,0,4,17,21,7107,0,4259,0,287,11366,11654,1397,413,0,0,0,1811,1811,2786144
2022-03-04,2022,3,4,port434,Hai Phong,Vietnam,VNM,6,2,14,1,4,23,27,13972,0,13121,0,6119,27093,33212,4390,3491,1910,0,92,9791,9884,2786145
2022-03-05,2022,3,5,port434,Hai Phong,Vietnam,VNM,8,4,12,0,2,24,26,12357,14097,8278,0,3611,34733,38344,1173,446,1066,0,35,2686,2721,2786146
2022-03-06,2022,3,6,port434,Hai Phong,Vietnam,VNM,10,3,7,0,5,20,25,12770,0,3720,0,3253,16491,19745,8394,23370,1003,0,92,32769,32862,2786147
2022-03-07,2022,3,7,port434,Hai Phong,Vietnam,VNM,6,0,8,0,1,14,15,12645,0,13901,0,734,26547,27282,1259,0,769,0,0,2028,2028,2786148
2022-03-08,2022,3,8,port434,Hai Phong,Vietnam,VNM,12,1,15,0,2,28,30,26351,0,17813,0,0,44165,44165,5056,0,2961,0,0,8017,8017,2786149
2022-03-09,2022,3,9,port434,Hai Phong,Vietnam,VNM,9,0,7,0,4,16,20,14815,0,3617,0,8561,18433,26994,4622,0,355,0,92,4978,5070,2786150
2022-03-10,2022,3,10,port434,Hai Phong,Vietnam,VNM,10,0,9,0,4,19,23,10650,0,4848,0,4167,15498,19666,2008,0,1183,0,0,3192,3192,2786151
2022-03-11,2022,3,11,port434,Hai Phong,Vietnam,VNM,10,0,12,0,7,22,29,24343,0,6526,0,8578,30869,39448,7421,0,1480,0,535,8902,9437,2786152
2022-03-12,2022,3,12,port434,Hai Phong,Vietnam,VNM,9,0,6,1,5,16,21,12153,0,9242,973,9983,22370,32353,6731,0,711,0,176,7442,7618,2786153
2022-03-13,2022,3,13,port434,Hai Phong,Vietnam,VNM,12,1,8,0,2,21,23,19954,25253,4703,0,3317,49911,53229,4703,0,711,0,92,5414,5507,2786154
2022-03-14,2022,3,14,port434,Hai Phong,Vietnam,VNM,8,1,9,0,4,18,22,14472,2021,5551,0,7736,22044,29781,2223,0,828,0,727,3051,3778,2786155
2022-03-15,2022,3,15,port434,Hai Phong,Vietnam,VNM,7,0,13,0,3,20,23,17790,0,16810,0,3276,34601,37878,3013,0,1125,0,0,4138,4138,2786156
2022-03-16,2022,3,16,port434,Hai Phong,Vietnam,VNM,11,1,6,1,6,19,25,28519,7422,8002,0,12068,43944,56013,8180,1381,1836,0,185,11398,11583,2786157
2022-03-17,2022,3,17,port434,Hai Phong,Vietnam,VNM,6,2,8,0,4,16,20,17918,521,4936,0,4203,23377,27580,1889,83,641,0,0,2613,2613,2786158
2022-03-18,2022,3,18,port434,Hai Phong,Vietnam,VNM,12,0,6,0,7,18,25,9427,0,7499,0,8336,16927,25263,6663,0,1078,0,92,7741,7834,2786159
2022-03-19,2022,3,19,port434,Hai Phong,Vietnam,VNM,8,0,9,0,2,17,19,8994,0,6343,0,1975,15337,17312,6277,0,1125,0,0,7402,7402,2786160
2022-03-20,2022,3,20,port434,Hai Phong,Vietnam,VNM,12,1,6,0,7,19,26,13415,3602,1543,0,9345,18561,27907,365,0,2284,0,176,2650,2826,2786161
2022-03-21,2022,3,21,port434,Hai Phong,Vietnam,VNM,8,1,10,0,2,19,21,9943,0,11704,0,2950,21647,24597,11647,0,1836,0,1944,13483,15428,2786162
2022-03-22,2022,3,22,port434,Hai Phong,Vietnam,VNM,5,0,12,0,3,17,20,5445,0,11824,0,2135,17269,19405,3860,0,4821,0,92,8682,8774,2786163
2022-03-23,2022,3,23,port434,Hai Phong,Vietnam,VNM,3,0,5,0,5,8,13,2583,0,3642,0,4306,6226,10532,4117,0,355,0,176,4472,4649,2786164
2022-03-24,2022,3,24,port434,Hai Phong,Vietnam,VNM,11,1,8,0,4,20,24,20358,0,5965,0,5393,26323,31717,3021,0,355,0,92,3377,3470,2786165
2022-03-25,2022,3,25,port434,Hai Phong,Vietnam,VNM,8,0,5,0,4,13,17,3165,0,1543,0,5537,4708,10246,8839,0,355,0,185,9194,9380,2786166
2022-03-26,2022,3,26,port434,Hai Phong,Vietnam,VNM,13,3,7,0,5,23,28,19851,0,5333,0,11989,25184,37174,3960,7038,1125,0,176,12124,12300,2786167
2022-03-27,2022,3,27,port434,Hai Phong,Vietnam,VNM,13,2,7,0,3,22,25,14830,7422,3087,0,7230,25339,32570,3276,15948,711,0,92,19935,20028,2786168
2022-03-28,2022,3,28,port434,Hai Phong,Vietnam,VNM,12,2,7,1,6,22,28,22198,28784,10120,1602,15107,62706,77814,1406,0,2160,0,0,3566,3566,2786169
2022-03-29,2022,3,29,port434,Hai Phong,Vietnam,VNM,7,1,6,0,8,14,22,21401,0,1543,0,13993,22944,36938,629,0,3357,0,10861,3987,14848,2786170
2022-03-30,2022,3,30,port434,Hai Phong,Vietnam,VNM,9,0,6,0,6,15,21,10831,0,2857,0,9327,13688,23016,1620,0,414,0,92,2034,2126,2786171
2022-03-31,2022,3,31,port434,Hai Phong,Vietnam,VNM,10,0,10,0,2,20,22,12210,0,6784,0,1207,18995,20202,2577,0,1738,0,0,4315,4315,2786172
2022-04-01,2022,4,1,port434,Hai Phong,Vietnam,VNM,7,0,7,0,5,14,19,10275,0,3195,0,10190,13471,23662,6291,0,1714,0,371,8005,8376,2786173
2022-04-02,2022,4,2,port434,Hai Phong,Vietnam,VNM,6,0,2,0,1,8,9,16540,0,0,0,3725,16540,20265,3211,0,0,0,535,3211,3746,2786174
2022-04-03,2022,4,3,port434,Hai Phong,Vietnam,VNM,13,0,0,1,5,14,19,21991,0,0,1849,5495,23840,29335,1889,0,0,0,0,1889,1889,2786175
2022-04-04,2022,4,4,port434,Hai Phong,Vietnam,VNM,7,0,8,0,9,15,24,11841,0,11048,0,25080,22889,47970,917,0,1539,0,0,2456,2456,2786176
2022-04-05,2022,4,5,port434,Hai Phong,Vietnam,VNM,13,0,7,1,3,21,24,19490,0,7915,0,9326,27405,36732,27292,0,1293,0,176,28586,28763,2786177
2022-04-06,2022,4,6,port434,Hai Phong,Vietnam,VNM,12,3,8,0,5,23,28,14617,7422,4739,0,10523,26779,37302,3750,1381,8446,0,92,13577,13670,2786178
2022-04-07,2022,4,7,port434,Hai Phong,Vietnam,VNM,11,0,8,0,3,19,22,27029,0,7513,0,3737,34542,38279,3619,0,109,0,185,3729,3915,2786179
2022-04-08,2022,4,8,port434,Hai Phong,Vietnam,VNM,11,1,7,0,4,19,23,11845,0,3133,0,4763,14979,19743,6594,0,499,0,185,7094,7279,2786180
2022-04-09,2022,4,9,port434,Hai Phong,Vietnam,VNM,13,0,8,0,4,21,25,28981,0,5524,0,3737,34506,38243,3563,0,711,0,481,4275,4756,2786181
2022-04-10,2022,4,10,port434,Hai Phong,Vietnam,VNM,9,0,10,0,5,19,24,18819,0,1652,0,3451,20471,23922,3427,0,2744,0,0,6171,6171,2786182
2022-04-11,2022,4,11,port434,Hai Phong,Vietnam,VNM,6,2,4,0,2,12,14,9689,1912,12734,0,5658,24335,29994,0,0,847,0,0,847,847,2786183
2022-04-12,2022,4,12,port434,Hai Phong,Vietnam,VNM,7,0,15,0,6,22,28,8892,0,9121,0,12367,18013,30381,13196,0,6936,0,92,20132,20225,2786184
2022-04-13,2022,4,13,port434,Hai Phong,Vietnam,VNM,10,0,7,0,2,17,19,16615,0,4739,0,0,21355,21355,2603,0,1125,0,0,3729,3729,2786185
2022-04-14,2022,4,14,port434,Hai Phong,Vietnam,VNM,10,1,10,0,3,21,24,11002,0,9043,0,1327,20046,21373,4628,757,1422,0,0,6807,6807,2786186
2022-04-15,2022,4,15,port434,Hai Phong,Vietnam,VNM,15,1,12,1,3,29,32,15069,7422,10279,0,13495,32771,46267,11606,1381,1125,0,176,14112,14289,2786187
2022-04-16,2022,4,16,port434,Hai Phong,Vietnam,VNM,9,2,5,0,5,16,21,15617,0,9098,0,12669,24716,37386,6735,0,0,0,92,6735,6828,2786188
2022-04-17,2022,4,17,port434,Hai Phong,Vietnam,VNM,7,0,12,0,3,19,22,5057,0,20565,0,2716,25623,28339,3133,0,1286,0,0,4420,4420,2786189
2022-04-18,2022,4,18,port434,Hai Phong,Vietnam,VNM,8,1,12,0,4,21,25,11267,27725,16588,0,6683,55581,62264,3155,0,1621,0,727,4777,5504,2786190
2022-04-19,2022,4,19,port434,Hai Phong,Vietnam,VNM,10,1,5,0,4,16,20,22364,0,1096,0,5605,23461,29066,824,0,0,0,278,824,1103,2786191
2022-04-20,2022,4,20,port434,Hai Phong,Vietnam,VNM,7,2,12,0,2,21,23,4691,7422,17807,0,5539,29920,35459,9476,1381,2133,0,0,12990,12990,2786192
2022-04-21,2022,4,21,port434,Hai Phong,Vietnam,VNM,13,1,9,0,4,23,27,16479,0,7527,0,11164,24006,35171,9704,0,769,0,0,10474,10474,2786193
2022-04-22,2022,4,22,port434,Hai Phong,Vietnam,VNM,14,3,6,0,5,23,28,26591,7422,3304,0,1753,37317,39071,10722,1381,828,0,0,12932,12932,2786194
2022-04-23,2022,4,23,port434,Hai Phong,Vietnam,VNM,13,0,6,0,5,19,24,15662,0,4774,0,14387,20436,34824,10924,0,1066,0,0,11991,11991,2786195
2022-04-24,2022,4,24,port434,Hai Phong,Vietnam,VNM,8,0,7,0,6,15,21,14241,0,4932,0,4271,19173,23445,10969,0,989,0,92,11959,12052,2786196
2022-04-25,2022,4,25,port434,Hai Phong,Vietnam,VNM,11,1,10,0,5,22,27,17303,3460,9807,0,4306,30571,34877,14390,0,3401,0,1241,17792,19034,2786197
2022-04-26,2022,4,26,port434,Hai Phong,Vietnam,VNM,10,0,11,0,5,21,26,14464,0,6050,0,11085,20514,31600,629,0,2206,0,2121,2836,4957,2786198
2022-04-27,2022,4,27,port434,Hai Phong,Vietnam,VNM,12,1,6,1,5,20,25,23349,0,8356,1438,1315,33144,34459,4924,0,1422,0,0,6346,6346,2786199
2022-04-28,2022,4,28,port434,Hai Phong,Vietnam,VNM,13,0,9,0,4,22,26,24802,0,6819,0,2170,31621,33791,1889,0,1183,0,92,3072,3165,2786200
2022-04-29,2022,4,29,port434,Hai Phong,Vietnam,VNM,6,1,6,0,5,13,18,3699,0,4768,0,11223,8467,19691,9614,0,711,0,270,10325,10596,2786201
2022-04-30,2022,4,30,port434,Hai Phong,Vietnam,VNM,12,0,4,0,4,16,20,9345,0,2628,0,4745,11973,16718,6645,0,704,0,92,7349,7442,2786202
2022-05-01,2022,5,1,port434,Hai Phong,Vietnam,VNM,10,1,7,1,4,19,23,13849,0,6675,0,2716,20524,23240,7046,20243,4610,0,0,31901,31901,2786203
2022-05-02,2022,5,2,port434,Hai Phong,Vietnam,VNM,7,1,7,0,4,15,19,6117,0,7084,0,10465,13201,23666,1749,0,711,0,1119,2460,3580,2786204
2022-05-03,2022,5,3,port434,Hai Phong,Vietnam,VNM,7,1,10,0,2,18,20,6446,0,6282,0,6441,12728,19169,3566,0,1480,0,0,5047,5047,2786205
2022-05-04,2022,5,4,port434,Hai Phong,Vietnam,VNM,6,0,10,0,3,16,19,19365,0,3152,0,1868,22517,24386,1011,0,1390,0,92,2401,2494,2786206
2022-05-05,2022,5,5,port434,Hai Phong,Vietnam,VNM,11,0,8,0,6,19,25,22826,0,8747,0,12066,31573,43640,0,0,828,0,185,828,1013,2786207
2022-05-06,2022,5,6,port434,Hai Phong,Vietnam,VNM,13,3,11,0,8,27,35,15662,8294,7782,0,14356,31739,46095,7978,1381,2608,0,804,11968,12772,2786208
2022-05-07,2022,5,7,port434,Hai Phong,Vietnam,VNM,13,0,4,1,5,18,23,13354,0,3195,0,8355,16550,24905,5840,0,769,0,560,6609,7170,2786209
2022-05-08,2022,5,8,port434,Hai Phong,Vietnam,VNM,14,0,14,0,5,28,33,33119,0,7717,0,1868,40837,42705,1565,0,3004,0,12212,4570,16782,2786210
2022-05-09,2022,5,9,port434,Hai Phong,Vietnam,VNM,11,2,5,0,5,18,23,17543,8552,3669,0,8891,29765,38657,8404,1381,414,0,566,10200,10766,2786211
2022-05-10,2022,5,10,port434,Hai Phong,Vietnam,VNM,10,2,10,0,6,22,28,16539,50044,8153,0,6756,74736,81492,7194,0,1470,0,710,8664,9374,2786212
2022-05-11,2022,5,11,port434,Hai Phong,Vietnam,VNM,14,1,6,0,5,21,26,14558,29758,3019,0,5627,47336,52964,2461,0,1727,0,92,4188,4280,2786213
2022-05-12,2022,5,12,port434,Hai Phong,Vietnam,VNM,12,0,8,1,5,21,26,15667,0,13441,0,5328,29109,34437,5540,0,1125,0,176,6665,6841,2786214
2022-05-13,2022,5,13,port434,Hai Phong,Vietnam,VNM,7,0,7,0,3,14,17,6981,0,4448,0,12640,11429,24070,3313,0,1178,0,288,4492,4781,2786215
2022-05-14,2022,5,14,port434,Hai Phong,Vietnam,VNM,13,0,10,0,6,23,29,17986,0,8203,0,4584,26190,30774,11016,0,1953,0,92,12969,13062,2786216
2022-05-15,2022,5,15,port434,Hai Phong,Vietnam,VNM,6,1,6,0,3,13,16,276,22913,6118,0,14005,29309,43314,2223,0,1125,0,0,3348,3348,2786217
2022-05-16,2022,5,16,port434,Hai Phong,Vietnam,VNM,10,1,6,0,5,17,22,14892,7422,7951,0,939,30265,31204,5625,1381,5427,0,0,12433,12433,2786218
2022-05-17,2022,5,17,port434,Hai Phong,Vietnam,VNM,9,3,7,0,5,19,24,12498,49082,15724,0,5298,77305,82604,9872,1381,769,0,92,12023,12116,2786219
2022-05-18,2022,5,18,port434,Hai Phong,Vietnam,VNM,5,1,5,0,5,11,16,9656,0,7651,0,15777,17307,33085,2325,0,355,0,269,2680,2950,2786220
2022-05-19,2022,5,19,port434,Hai Phong,Vietnam,VNM,12,0,6,0,4,18,22,18772,0,4630,0,10956,23402,34358,2583,0,1937,0,0,4521,4521,2786221
2022-05-20,2022,5,20,port434,Hai Phong,Vietnam,VNM,15,1,9,1,4,26,30,10111,0,6529,2003,0,18645,18645,11825,0,355,0,0,12181,12181,2786222
2022-05-21,2022,5,21,port434,Hai Phong,Vietnam,VNM,13,0,8,1,5,22,27,20319,0,3691,1951,13197,25962,39159,6469,0,711,0,445,7180,7626,2786223
2022-05-22,2022,5,22,port434,Hai Phong,Vietnam,VNM,7,0,7,0,7,14,21,12794,0,14926,0,11512,27720,39233,2639,0,4120,0,185,6760,6946,2786224
2022-05-23,2022,5,23,port434,Hai Phong,Vietnam,VNM,7,1,9,0,5,17,22,8139,0,18750,0,15079,26889,41969,4230,0,2191,0,1161,6422,7584,2786225
2022-05-24,2022,5,24,port434,Hai Phong,Vietnam,VNM,9,2,5,0,5,16,21,10040,339,5751,0,9827,16131,25959,882,0,355,0,185,1238,1424,2786226
2022-05-25,2022,5,25,port434,Hai Phong,Vietnam,VNM,7,1,4,0,4,12,16,12889,0,530,0,12042,13419,25461,644,0,0,0,176,644,821,2786227
2022-05-26,2022,5,26,port434,Hai Phong,Vietnam,VNM,7,0,8,0,4,15,19,11061,0,3087,0,2603,14148,16751,2746,0,3164,0,682,5910,6592,2786228
2022-05-27,2022,5,27,port434,Hai Phong,Vietnam,VNM,16,0,9,0,4,25,29,12623,0,10461,0,6174,23085,29260,23151,0,711,0,269,23862,24131,2786229
2022-05-28,2022,5,28,port434,Hai Phong,Vietnam,VNM,5,0,6,0,6,11,17,3716,0,6738,0,10357,10455,20812,3017,0,355,0,3597,3373,6970,2786230
2022-05-29,2022,5,29,port434,Hai Phong,Vietnam,VNM,11,1,8,0,4,20,24,10703,0,855,0,5919,11559,17478,4481,0,0,0,92,4481,4574,2786231
2022-05-30,2022,5,30,port434,Hai Phong,Vietnam,VNM,7,2,7,1,1,17,18,15448,0,0,0,0,15448,15448,1466,3105,0,0,0,4572,4572,2786232
2022-05-31,2022,5,31,port434,Hai Phong,Vietnam,VNM,8,0,5,0,6,13,19,6180,0,3195,0,6542,9376,15919,11278,0,769,0,92,12047,12140,2786233
2022-06-01,2022,6,1,port434,Hai Phong,Vietnam,VNM,16,3,6,0,5,25,30,36897,14234,4848,0,1120,55980,57100,3426,0,1183,0,10657,4610,15268,2786234
2022-06-02,2022,6,2,port434,Hai Phong,Vietnam,VNM,12,3,7,0,5,22,27,10927,7422,365,0,8620,18714,27335,6720,1381,788,0,176,8890,9066,2786235
2022-06-03,2022,6,3,port434,Hai Phong,Vietnam,VNM,10,2,6,0,8,18,26,12553,33520,7372,0,11606,53446,65052,8538,28088,769,0,362,37396,37758,2786236
2022-06-04,2022,6,4,port434,Hai Phong,Vietnam,VNM,16,0,5,0,5,21,26,29452,0,4630,0,12463,34083,46546,18230,0,1066,0,0,19296,19296,2786237
2022-06-05,2022,6,5,port434,Hai Phong,Vietnam,VNM,10,1,9,1,5,21,26,20321,5327,11585,435,11325,37670,48996,9223,0,1777,160,819,11161,11981,2786238
2022-06-06,2022,6,6,port434,Hai Phong,Vietnam,VNM,16,0,12,1,5,29,34,20837,0,6391,0,16252,27228,43481,5862,0,3273,0,798,9136,9934,2786239
2022-06-07,2022,6,7,port434,Hai Phong,Vietnam,VNM,12,0,7,0,5,19,24,19866,0,13284,0,7013,33150,40163,3653,0,358,0,278,4011,4289,2786240
2022-06-08,2022,6,8,port434,Hai Phong,Vietnam,VNM,6,1,8,0,4,15,19,6300,5129,9876,0,7736,21306,29043,6810,0,2775,0,0,9585,9585,2786241
2022-06-09,2022,6,9,port434,Hai Phong,Vietnam,VNM,11,1,4,0,8,16,24,14637,0,0,0,11422,14637,26059,3181,0,0,0,92,3181,3274,2786242
2022-06-10,2022,6,10,port434,Hai Phong,Vietnam,VNM,11,1,6,1,2,19,21,6120,4143,7445,1829,7151,19538,26689,10508,0,1125,0,0,11633,11633,2786243
2022-06-11,2022,6,11,port434,Hai Phong,Vietnam,VNM,11,0,9,0,3,20,23,9006,0,6282,0,1868,15288,17157,7745,0,1480,0,92,9226,9319,2786244
2022-06-12,2022,6,12,port434,Hai Phong,Vietnam,VNM,6,1,5,0,6,12,18,2580,7422,4675,0,13351,14677,28029,8152,1381,355,0,0,9888,9888,2786245
2022-06-13,2022,6,13,port434,Hai Phong,Vietnam,VNM,9,1,8,0,4,18,22,12160,0,6943,0,14316,19103,33419,8971,0,1496,0,269,10468,10737,2786246
2022-06-14,2022,6,14,port434,Hai Phong,Vietnam,VNM,15,1,3,1,3,20,23,26560,7422,1932,0,9448,35914,45363,2521,1381,163,0,1944,4066,6011,2786247
2022-06-15,2022,6,15,port434,Hai Phong,Vietnam,VNM,11,1,5,0,2,17,19,7671,19413,3087,0,1868,30172,32040,19545,0,711,0,92,20256,20349,2786248
2022-06-16,2022,6,16,port434,Hai Phong,Vietnam,VNM,10,0,6,0,4,16,20,13117,0,5365,0,10406,18482,28889,6016,0,769,0,0,6785,6785,2786249
2022-06-17,2022,6,17,port434,Hai Phong,Vietnam,VNM,13,0,9,0,5,22,27,22095,0,3304,0,15196,25400,40596,5093,0,3803,0,353,8896,9249,2786250
2022-06-18,2022,6,18,port434,Hai Phong,Vietnam,VNM,9,0,5,0,7,14,21,11356,0,2711,0,14323,14067,28390,5252,0,1463,0,176,6716,6892,2786251
2022-06-19,2022,6,19,port434,Hai Phong,Vietnam,VNM,17,0,10,0,4,27,31,26935,0,14042,0,4496,40977,45474,6148,0,4992,0,0,11141,11141,2786252
2022-06-20,2022,6,20,port434,Hai Phong,Vietnam,VNM,11,1,12,0,2,24,26,10573,0,17110,0,8307,27684,35992,4334,0,1894,0,0,6229,6229,2786253
2022-06-21,2022,6,21,port434,Hai Phong,Vietnam,VNM,12,1,10,0,4,23,27,25763,7422,6282,0,18203,39468,57671,2376,1381,1700,0,92,5459,5551,2786254
2022-06-22,2022,6,22,port434,Hai Phong,Vietnam,VNM,9,0,6,0,5,15,20,4779,0,4630,0,6099,9409,15509,905,0,3428,0,0,4334,4334,2786255
2022-06-23,2022,6,23,port434,Hai Phong,Vietnam,VNM,8,0,9,0,4,17,21,10003,0,9496,0,5790,19499,25290,2518,0,1066,0,0,3585,3585,2786256
2022-06-24,2022,6,24,port434,Hai Phong,Vietnam,VNM,9,0,9,0,1,18,19,15571,0,4055,0,734,19627,20361,4869,0,361,0,0,5231,5231,2786257
2022-06-25,2022,6,25,port434,Hai Phong,Vietnam,VNM,15,1,8,0,6,24,30,19272,7422,10159,0,9627,36854,46481,4749,1381,1066,0,176,7196,7373,2786258
2022-06-26,2022,6,26,port434,Hai Phong,Vietnam,VNM,10,2,5,2,2,19,21,9081,0,3195,0,4448,12276,16725,14410,0,1136,0,176,15547,15723,2786259
2022-06-27,2022,6,27,port434,Hai Phong,Vietnam,VNM,11,0,7,0,4,18,22,22802,0,4724,0,14416,27527,41943,1724,0,1066,0,185,2790,2976,2786260
2022-06-28,2022,6,28,port434,Hai Phong,Vietnam,VNM,9,0,9,0,3,18,21,7838,0,12653,0,4778,20492,25270,10763,0,1836,0,0,12599,12599,2786261
2022-06-29,2022,6,29,port434,Hai Phong,Vietnam,VNM,10,2,9,0,3,21,24,16689,7422,11161,0,727,35272,35999,2741,1381,435,0,0,4558,4558,2786262
2022-06-30,2022,6,30,port434,Hai Phong,Vietnam,VNM,11,0,9,0,6,20,26,13687,0,6391,0,6442,20078,26521,5548,0,1539,0,0,7087,7087,2786263
2022-07-01,2022,7,1,port434,Hai Phong,Vietnam,VNM,11,2,4,1,6,18,24,23067,0,3195,1188,9564,27452,37016,13353,411,769,0,176,14534,14711,2786264
2022-07-02,2022,7,2,port434,Hai Phong,Vietnam,VNM,8,0,6,0,5,14,19,16325,0,3284,0,9395,19610,29005,3632,0,227,0,912,3859,4772,2786265
2022-07-03,2022,7,3,port434,Hai Phong,Vietnam,VNM,11,1,8,1,3,21,24,12428,0,6282,2921,10905,21632,32537,10669,0,1480,0,0,12150,12150,2786266
2022-07-04,2022,7,4,port434,Hai Phong,Vietnam,VNM,6,0,3,0,2,9,11,13247,0,3195,0,1868,16443,18311,629,0,7187,0,92,7816,7909,2786267
2022-07-05,2022,7,5,port434,Hai Phong,Vietnam,VNM,12,0,3,0,5,15,20,28082,0,3195,0,10439,31277,41717,9341,0,769,0,0,10111,10111,2786268
2022-07-06,2022,7,6,port434,Hai Phong,Vietnam,VNM,12,1,10,0,5,23,28,31684,0,11813,0,8711,43498,52209,629,0,4421,0,0,5051,5051,2786269
2022-07-07,2022,7,7,port434,Hai Phong,Vietnam,VNM,8,0,6,0,6,14,20,9997,0,11744,0,10047,21742,31790,629,0,1125,0,92,1754,1847,2786270
2022-07-08,2022,7,8,port434,Hai Phong,Vietnam,VNM,7,4,7,0,3,18,21,7915,10230,3195,0,3449,21341,24790,9067,1381,769,0,0,11218,11218,2786271
2022-07-09,2022,7,9,port434,Hai Phong,Vietnam,VNM,7,1,7,0,2,15,17,17859,0,6125,0,14,23984,23999,4736,0,711,0,0,5447,5447,2786272
2022-07-10,2022,7,10,port434,Hai Phong,Vietnam,VNM,14,0,6,1,7,21,28,21784,0,3271,0,14437,25056,39494,4932,0,0,0,185,4932,5118,2786273
2022-07-11,2022,7,11,port434,Hai Phong,Vietnam,VNM,10,0,6,0,4,16,20,12709,0,1543,0,9442,14253,23696,3326,0,355,0,0,3681,3681,2786274
2022-07-12,2022,7,12,port434,Hai Phong,Vietnam,VNM,12,1,3,0,6,16,22,22357,7422,2492,0,13797,32272,46070,11518,1381,0,0,0,12899,12899,2786275
2022-07-13,2022,7,13,port434,Hai Phong,Vietnam,VNM,12,2,5,0,5,19,24,11866,2509,3087,0,5520,17463,22983,1084,0,1244,0,176,2329,2505,2786276
2022-07-14,2022,7,14,port434,Hai Phong,Vietnam,VNM,12,1,7,1,3,21,24,13429,0,5195,580,7527,19205,26732,14876,0,769,0,92,15646,15739,2786277
2022-07-15,2022,7,15,port434,Hai Phong,Vietnam,VNM,8,0,6,0,5,14,19,6336,0,9226,0,732,15563,16296,3713,0,355,0,1944,4069,6013,2786278
2022-07-16,2022,7,16,port434,Hai Phong,Vietnam,VNM,8,0,5,0,3,13,16,13076,0,1652,0,4306,14728,19034,4691,0,414,0,903,5105,6009,2786279
2022-07-17,2022,7,17,port434,Hai Phong,Vietnam,VNM,10,0,6,1,4,17,21,14975,0,9449,0,6510,24425,30936,5227,0,414,0,92,5641,5734,2786280
2022-07-18,2022,7,18,port434,Hai Phong,Vietnam,VNM,7,2,16,0,5,25,30,11264,0,18326,0,16481,29590,46072,1889,0,4219,0,269,6108,6377,2786281
2022-07-19,2022,7,19,port434,Hai Phong,Vietnam,VNM,7,0,11,0,5,18,23,5035,0,12565,0,13973,17601,31574,14145,0,2961,0,92,17106,17199,2786282
2022-07-20,2022,7,20,port434,Hai Phong,Vietnam,VNM,10,3,8,0,6,21,27,12180,50484,8124,0,3086,70789,73875,629,0,2902,0,10287,3532,13819,2786283
2022-07-21,2022,7,21,port434,Hai Phong,Vietnam,VNM,9,2,7,0,6,18,24,11172,0,5988,0,8180,17160,25340,4745,1919,355,0,0,7020,7020,2786284
2022-07-22,2022,7,22,port434,Hai Phong,Vietnam,VNM,14,0,6,0,5,20,25,15723,0,4828,0,1068,20551,21620,7819,0,4166,0,0,11985,11985,2786285
2022-07-23,2022,7,23,port434,Hai Phong,Vietnam,VNM,16,0,6,0,4,22,26,31902,0,3087,0,11729,34989,46719,8622,0,4223,0,92,12845,12938,2786286
2022-07-24,2022,7,24,port434,Hai Phong,Vietnam,VNM,14,2,6,0,5,22,27,40463,16420,9261,0,8534,66145,74679,4609,2076,2133,0,176,8819,8995,2786287
2022-07-25,2022,7,25,port434,Hai Phong,Vietnam,VNM,7,3,7,1,5,18,23,7453,0,6282,0,6161,13736,19898,10914,829,1480,0,92,13224,13317,2786288
2022-07-26,2022,7,26,port434,Hai Phong,Vietnam,VNM,8,0,7,0,4,15,19,16638,0,3584,0,7857,20223,28080,1322,0,2562,0,92,3884,3977,2786289
2022-07-27,2022,7,27,port434,Hai Phong,Vietnam,VNM,9,1,9,0,6,19,25,11777,0,4753,0,6051,16530,22582,7619,0,6015,0,278,13634,13913,2786290
2022-07-28,2022,7,28,port434,Hai Phong,Vietnam,VNM,11,0,6,0,4,17,21,19382,0,4739,0,6510,24122,30632,2882,0,3078,0,92,5960,6053,2786291
2022-07-29,2022,7,29,port434,Hai Phong,Vietnam,VNM,13,1,6,0,4,20,24,18111,0,7270,0,7246,25382,32628,5693,0,1422,0,92,7115,7207,2786292
2022-07-30,2022,7,30,port434,Hai Phong,Vietnam,VNM,12,1,5,0,4,18,22,12492,31327,2720,0,15694,46541,62235,3605,0,0,0,0,3605,3605,2786293
2022-07-31,2022,7,31,port434,Hai Phong,Vietnam,VNM,12,0,7,0,4,19,23,24875,0,962,0,6938,25837,32776,4868,0,0,0,269,4868,5137,2786294
2022-08-01,2022,8,1,port434,Hai Phong,Vietnam,VNM,12,0,13,0,4,25,29,17190,0,14019,0,5467,31210,36678,1002,0,5449,0,92,6451,6544,2786295
2022-08-02,2022,8,2,port434,Hai Phong,Vietnam,VNM,9,1,7,2,6,19,25,16864,1178,9132,3534,10644,30710,41354,1691,0,938,0,0,2629,2629,2786296
2022-08-03,2022,8,3,port434,Hai Phong,Vietnam,VNM,9,1,6,0,5,16,21,16793,0,11482,0,9131,28275,37407,1264,0,999,0,176,2264,2441,2786297
2022-08-04,2022,8,4,port434,Hai Phong,Vietnam,VNM,9,0,7,1,4,17,21,11604,0,3500,0,7333,15104,22438,4245,0,414,0,0,4659,4659,2786298
2022-08-05,2022,8,5,port434,Hai Phong,Vietnam,VNM,6,2,2,0,3,10,13,3489,11476,5853,0,3822,20819,24642,6141,1381,0,0,0,7522,7522,2786299
2022-08-06,2022,8,6,port434,Hai Phong,Vietnam,VNM,7,1,10,0,2,18,20,7198,27223,4848,0,1868,39270,41138,5038,0,10437,0,92,15476,15568,2786300
2022-08-07,2022,8,7,port434,Hai Phong,Vietnam,VNM,14,0,6,0,3,20,23,24566,0,3138,0,7204,27704,34909,2506,0,355,0,176,2861,3038,2786301
2022-08-08,2022,8,8,port434,Hai Phong,Vietnam,VNM,7,2,10,0,3,19,22,9207,0,11089,0,8757,20297,29054,2134,2955,1777,0,185,6867,7053,2786302
2022-08-09,2022,8,9,port434,Hai Phong,Vietnam,VNM,12,0,4,0,5,16,21,13814,0,3725,0,14825,17540,32366,5352,0,828,0,362,6180,6542,2786303
2022-08-10,2022,8,10,port434,Hai Phong,Vietnam,VNM,10,0,3,1,3,14,17,15791,0,2284,0,2060,18075,20136,4540,0,415,0,0,4955,4955,2786304
2022-08-11,2022,8,11,port434,Hai Phong,Vietnam,VNM,8,2,6,0,5,16,21,12204,7422,13355,0,2304,32981,35285,8889,1381,730,0,92,11001,11093,2786305
2022-08-12,2022,8,12,port434,Hai Phong,Vietnam,VNM,8,0,8,1,3,17,20,13820,0,4630,3106,14193,21556,35750,7780,0,1602,0,0,9383,9383,2786306
2022-08-13,2022,8,13,port434,Hai Phong,Vietnam,VNM,11,2,7,0,6,20,26,18556,0,15086,0,3073,33643,36717,629,0,3288,0,35,3917,3953,2786307
2022-08-14,2022,8,14,port434,Hai Phong,Vietnam,VNM,11,1,7,0,4,19,23,17875,0,9792,0,3214,27667,30882,2390,0,1183,0,0,3574,3574,2786308
2022-08-15,2022,8,15,port434,Hai Phong,Vietnam,VNM,16,1,6,0,5,23,28,28655,7422,7717,0,6241,43794,50035,4977,1381,1777,0,183,8136,8319,2786309
2022-08-16,2022,8,16,port434,Hai Phong,Vietnam,VNM,11,3,8,0,6,22,28,18113,0,4297,0,15088,22410,37498,4495,0,355,0,92,4850,4943,2786310
2022-08-17,2022,8,17,port434,Hai Phong,Vietnam,VNM,9,1,7,1,4,18,22,13998,29112,5853,3219,732,52184,52917,2742,0,769,0,0,3511,3511,2786311
2022-08-18,2022,8,18,port434,Hai Phong,Vietnam,VNM,5,0,5,0,4,10,14,2699,0,6617,0,2703,9316,12019,1874,0,1125,0,92,2999,3092,2786312
2022-08-19,2022,8,19,port434,Hai Phong,Vietnam,VNM,9,0,9,0,4,18,22,4170,0,8553,0,13891,12724,26615,4619,0,2042,0,0,6661,6661,2786313
2022-08-20,2022,8,20,port434,Hai Phong,Vietnam,VNM,6,2,9,0,2,17,19,9628,22366,6895,0,2156,38891,41047,7401,0,6130,0,92,13531,13624,2786314
2022-08-21,2022,8,21,port434,Hai Phong,Vietnam,VNM,14,0,7,1,1,22,23,12627,0,15589,0,11100,28216,39317,9190,0,711,0,0,9901,9901,2786315
2022-08-22,2022,8,22,port434,Hai Phong,Vietnam,VNM,12,1,6,0,5,19,24,14653,1138,3195,0,6187,18987,25174,1346,0,769,0,92,2116,2208,2786316
2022-08-23,2022,8,23,port434,Hai Phong,Vietnam,VNM,10,1,3,0,8,14,22,14196,0,3087,0,21306,17283,38590,1837,0,711,0,269,2548,2817,2786317
2022-08-24,2022,8,24,port434,Hai Phong,Vietnam,VNM,10,3,6,0,5,19,24,15606,3916,9625,0,13520,29148,42669,2473,0,1183,0,1005,3657,4663,2786318
2022-08-25,2022,8,25,port434,Hai Phong,Vietnam,VNM,9,0,3,0,5,12,17,7382,0,2827,0,8642,10210,18852,1336,0,355,0,92,1692,1785,2786319
2022-08-26,2022,8,26,port434,Hai Phong,Vietnam,VNM,8,0,8,1,4,17,21,7898,0,9680,3063,7113,20642,27755,629,0,1613,0,0,2243,2243,2786320
2022-08-27,2022,8,27,port434,Hai Phong,Vietnam,VNM,11,0,7,0,5,18,23,15196,0,3087,0,10110,18283,28394,4624,0,1444,0,92,6068,6161,2786321
2022-08-28,2022,8,28,port434,Hai Phong,Vietnam,VNM,14,0,9,0,9,23,32,17846,0,6174,0,9511,24020,33531,7335,0,1422,0,92,8758,8850,2786322
2022-08-29,2022,8,29,port434,Hai Phong,Vietnam,VNM,9,0,7,0,2,16,18,13582,0,12335,0,1537,25917,27455,2766,0,1125,0,0,3891,3891,2786323
2022-08-30,2022,8,30,port434,Hai Phong,Vietnam,VNM,11,1,5,0,1,17,18,12269,0,3102,0,734,15372,16106,5490,0,355,0,0,5846,5846,2786324
2022-08-31,2022,8,31,port434,Hai Phong,Vietnam,VNM,10,2,8,0,8,20,28,13352,14844,3542,0,7363,31738,39102,13967,2762,812,0,10447,17542,27990,2786325
2022-09-01,2022,9,1,port434,Hai Phong,Vietnam,VNM,14,2,7,0,6,23,29,23663,0,10955,0,19636,34619,54255,1790,0,355,0,628,2146,2774,2786326
2022-09-02,2022,9,2,port434,Hai Phong,Vietnam,VNM,6,1,9,1,4,17,21,7140,0,11905,0,4744,19045,23790,629,0,1066,0,0,1696,1696,2786327
2022-09-03,2022,9,3,port434,Hai Phong,Vietnam,VNM,11,1,4,1,5,17,22,16802,7422,1543,1736,5408,27505,32914,6319,1381,355,0,0,8056,8056,2786328
2022-09-04,2022,9,4,port434,Hai Phong,Vietnam,VNM,4,2,10,0,2,16,18,4541,3007,12409,0,11825,19958,31784,1071,0,1422,0,0,2493,2493,2786329
2022-09-05,2022,9,5,port434,Hai Phong,Vietnam,VNM,13,4,6,0,6,23,29,19687,0,3087,0,6180,22774,28955,9219,223,1076,0,3505,10518,14024,2786330
2022-09-06,2022,9,6,port434,Hai Phong,Vietnam,VNM,12,2,3,0,6,17,23,16194,23193,3087,0,18749,42475,61224,3254,0,711,0,221,3965,4186,2786331
2022-09-07,2022,9,7,port434,Hai Phong,Vietnam,VNM,7,0,7,0,4,14,18,10356,0,5772,0,1868,16129,17998,3219,0,1066,0,10076,4286,14363,2786332
2022-09-08,2022,9,8,port434,Hai Phong,Vietnam,VNM,4,0,6,0,3,10,13,12550,0,3087,0,3487,15637,19124,1480,0,2222,0,92,3702,3795,2786333
2022-09-09,2022,9,9,port434,Hai Phong,Vietnam,VNM,11,0,7,0,4,18,22,16931,0,2642,0,12641,19574,32216,4918,0,355,0,0,5274,5274,2786334
2022-09-10,2022,9,10,port434,Hai Phong,Vietnam,VNM,10,2,4,1,6,17,23,18635,0,3087,0,12561,21722,34284,7108,0,1091,0,269,8200,8469,2786335
2022-09-11,2022,9,11,port434,Hai Phong,Vietnam,VNM,9,0,3,0,5,12,17,5371,0,1652,0,4434,7023,11458,7632,0,414,0,0,8046,8046,2786336
2022-09-12,2022,9,12,port434,Hai Phong,Vietnam,VNM,12,0,4,0,6,16,22,13921,0,5319,0,9184,19240,28425,17643,0,828,0,176,18471,18648,2786337
2022-09-13,2022,9,13,port434,Hai Phong,Vietnam,VNM,18,0,6,0,4,24,28,23690,0,11663,0,1031,35354,36386,11234,0,1480,0,0,12715,12715,2786338
2022-09-14,2022,9,14,port434,Hai Phong,Vietnam,VNM,13,2,6,1,4,22,26,24638,15016,8539,435,8681,48630,57312,1982,1381,769,160,0,4294,4294,2786339
2022-09-15,2022,9,15,port434,Hai Phong,Vietnam,VNM,12,0,7,0,5,19,24,15586,0,8116,0,5056,23702,28759,5759,0,3358,0,92,9117,9210,2786340
2022-09-16,2022,9,16,port434,Hai Phong,Vietnam,VNM,7,2,6,0,5,15,20,8512,23577,3493,0,12378,35583,47962,5843,0,414,0,92,6257,6350,2786341
2022-09-17,2022,9,17,port434,Hai Phong,Vietnam,VNM,9,2,9,0,4,20,24,9212,32363,4679,0,4044,46255,50300,9072,0,4832,0,0,13904,13904,2786342
2022-09-18,2022,9,18,port434,Hai Phong,Vietnam,VNM,5,0,7,0,6,12,18,1760,0,6291,0,7156,8051,15208,8964,0,4273,0,269,13238,13507,2786343
2022-09-19,2022,9,19,port434,Hai Phong,Vietnam,VNM,15,1,11,1,6,28,34,17556,4636,2636,0,9936,24829,34765,7966,0,355,0,0,8322,8322,2786344
2022-09-20,2022,9,20,port434,Hai Phong,Vietnam,VNM,17,0,13,0,5,30,35,13846,0,16830,0,10955,30677,41632,3511,0,1836,0,269,5347,5616,2786345
2022-09-21,2022,9,21,port434,Hai Phong,Vietnam,VNM,10,0,12,0,5,22,27,17653,0,4329,0,20802,21983,42786,4925,0,414,0,0,5339,5339,2786346
2022-09-22,2022,9,22,port434,Hai Phong,Vietnam,VNM,9,0,8,0,7,17,24,11708,0,5699,0,7707,17407,25115,12005,0,2341,0,185,14346,14532,2786347
2022-09-23,2022,9,23,port434,Hai Phong,Vietnam,VNM,13,3,6,0,3,22,25,16761,10042,6282,0,2577,33086,35664,3349,0,1480,0,0,4830,4830,2786348
2022-09-24,2022,9,24,port434,Hai Phong,Vietnam,VNM,6,1,7,0,4,14,18,8453,0,11000,0,1868,19454,21322,1006,0,711,0,92,1717,1810,2786349
2022-09-25,2022,9,25,port434,Hai Phong,Vietnam,VNM,13,2,8,0,2,23,25,15099,64044,3399,0,4318,82543,86861,6501,0,414,0,0,6915,6915,2786350
2022-09-26,2022,9,26,port434,Hai Phong,Vietnam,VNM,7,0,8,0,2,15,17,14138,0,4630,0,2603,18768,21372,1259,0,2477,0,92,3737,3829,2786351
2022-09-27,2022,9,27,port434,Hai Phong,Vietnam,VNM,8,1,10,2,7,21,28,4795,0,10647,1931,0,17375,17375,2904,0,2419,0,10698,5324,16022,2786352
2022-09-28,2022,9,28,port434,Hai Phong,Vietnam,VNM,9,0,2,0,2,11,13,12399,0,1543,0,599,13942,14542,3052,0,355,0,1944,3408,5353,2786353
2022-09-29,2022,9,29,port434,Hai Phong,Vietnam,VNM,17,0,3,0,0,20,20,31307,0,3814,0,0,35122,35122,11142,0,1886,0,0,13029,13029,2786354
2022-09-30,2022,9,30,port434,Hai Phong,Vietnam,VNM,9,1,6,0,4,16,20,11903,22673,6781,0,16425,41359,57784,2757,0,355,0,0,3113,3113,2786355
2022-10-01,2022,10,1,port434,Hai Phong,Vietnam,VNM,13,0,12,1,4,26,30,20456,0,8995,0,7879,29452,37332,11234,0,1066,0,4591,12300,16891,2786356
2022-10-02,2022,10,2,port434,Hai Phong,Vietnam,VNM,7,3,3,0,3,13,16,13323,8070,0,0,742,21393,22135,4280,1381,0,0,0,5661,5661,2786357
2022-10-03,2022,10,3,port434,Hai Phong,Vietnam,VNM,4,1,9,0,5,14,19,6801,23917,10057,0,11674,40775,52450,1894,0,1480,0,92,3374,3467,2786358
2022-10-04,2022,10,4,port434,Hai Phong,Vietnam,VNM,13,1,11,0,3,25,28,24160,0,6676,0,1868,30837,32705,2886,0,2555,0,92,5441,5534,2786359
2022-10-05,2022,10,5,port434,Hai Phong,Vietnam,VNM,12,1,8,0,4,21,25,28290,0,6174,0,489,34464,34954,1259,0,1422,0,0,2681,2681,2786360
2022-10-06,2022,10,6,port434,Hai Phong,Vietnam,VNM,11,0,12,0,5,23,28,18107,0,6310,0,7671,24418,32089,9780,0,828,0,92,10608,10701,2786361
2022-10-07,2022,10,7,port434,Hai Phong,Vietnam,VNM,13,0,9,0,4,22,26,21922,0,9535,0,4763,31458,36222,3756,0,1125,0,765,4881,5647,2786362
2022-10-08,2022,10,8,port434,Hai Phong,Vietnam,VNM,11,1,9,0,5,21,26,15612,0,10317,0,734,25929,26664,7564,0,1836,0,0,9400,9400,2786363
2022-10-09,2022,10,9,port434,Hai Phong,Vietnam,VNM,11,0,4,0,4,15,19,12507,0,2122,0,5020,14629,19650,3830,0,2033,0,0,5864,5864,2786364
2022-10-10,2022,10,10,port434,Hai Phong,Vietnam,VNM,9,2,4,0,5,15,20,12763,0,2289,0,8673,15052,23726,20187,33267,355,0,92,53810,53903,2786365
2022-10-11,2022,10,11,port434,Hai Phong,Vietnam,VNM,10,0,3,0,3,13,16,9834,0,8416,0,1704,18251,19955,1646,0,0,0,0,1646,1646,2786366
2022-10-12,2022,10,12,port434,Hai Phong,Vietnam,VNM,8,2,7,0,5,17,22,19922,7422,5815,0,7873,33159,41033,629,1381,414,0,92,2424,2517,2786367
2022-10-13,2022,10,13,port434,Hai Phong,Vietnam,VNM,8,0,8,0,3,16,19,13206,0,13926,0,3627,27132,30760,2738,0,1597,0,92,4336,4429,2786368
2022-10-14,2022,10,14,port434,Hai Phong,Vietnam,VNM,9,1,10,1,4,21,25,23290,5186,8616,0,11368,37093,48461,629,0,3596,0,35,4225,4261,2786369
2022-10-15,2022,10,15,port434,Hai Phong,Vietnam,VNM,12,0,7,0,3,19,22,25626,0,3195,0,4195,28822,33017,3186,0,4140,0,0,7327,7327,2786370
2022-10-16,2022,10,16,port434,Hai Phong,Vietnam,VNM,9,1,3,0,5,13,18,22022,7422,0,0,10747,29444,40191,5007,1381,2903,0,185,9291,9477,2786371
2022-10-17,2022,10,17,port434,Hai Phong,Vietnam,VNM,13,0,4,0,3,17,20,20498,0,1652,0,6174,22150,28325,7684,0,414,0,269,8098,8367,2786372
2022-10-18,2022,10,18,port434,Hai Phong,Vietnam,VNM,7,1,6,1,6,15,21,6159,23514,1809,0,20077,31482,51560,3186,0,2533,0,269,5720,5990,2786373
2022-10-19,2022,10,19,port434,Hai Phong,Vietnam,VNM,7,2,2,0,3,11,14,5697,41702,0,0,8685,47399,56085,9325,1381,1537,0,0,12244,12244,2786374
2022-10-20,2022,10,20,port434,Hai Phong,Vietnam,VNM,2,1,4,0,4,7,11,4635,0,3195,0,1609,7831,9441,1892,0,769,0,0,2661,2661,2786375
2022-10-21,2022,10,21,port434,Hai Phong,Vietnam,VNM,7,2,5,0,1,14,15,8840,32975,4739,0,1868,46555,48423,4190,0,3377,0,92,7568,7660,2786376
2022-10-22,2022,10,22,port434,Hai Phong,Vietnam,VNM,13,0,6,0,4,19,23,6856,0,8023,0,4875,14880,19755,9491,0,769,0,1944,10260,12205,2786377
2022-10-23,2022,10,23,port434,Hai Phong,Vietnam,VNM,12,1,10,1,7,24,31,18684,16528,5067,1931,15597,42213,57810,2337,0,7384,0,0,9721,9721,2786378
2022-10-24,2022,10,24,port434,Hai Phong,Vietnam,VNM,16,2,21,0,8,39,47,27528,7422,28731,0,4164,63681,67846,2570,1381,7948,0,0,11899,11899,2786379
2022-10-25,2022,10,25,port434,Hai Phong,Vietnam,VNM,14,1,5,1,4,21,25,17263,2518,6794,0,5477,26576,32054,1701,0,355,0,0,2057,2057,2786380
2022-10-26,2022,10,26,port434,Hai Phong,Vietnam,VNM,15,1,6,0,3,22,25,27698,0,1543,0,17081,29242,46323,7326,0,567,0,0,7893,7893,2786381
2022-10-27,2022,10,27,port434,Hai Phong,Vietnam,VNM,4,1,13,0,4,18,22,4152,0,11844,0,6517,15996,22514,2477,0,6583,0,92,9061,9153,2786382
2022-10-28,2022,10,28,port434,Hai Phong,Vietnam,VNM,9,3,7,0,8,19,27,24096,8483,8929,0,6554,41509,48064,3682,1381,1422,0,384,6485,6869,2786383
2022-10-29,2022,10,29,port434,Hai Phong,Vietnam,VNM,6,2,5,0,1,13,14,4635,8083,2451,0,302,15170,15473,2482,1381,355,0,0,4218,4218,2786384
2022-10-30,2022,10,30,port434,Hai Phong,Vietnam,VNM,9,0,9,0,1,18,19,11266,0,14744,0,4306,26011,30317,910,0,0,0,176,910,1086,2786385
2022-10-31,2022,10,31,port434,Hai Phong,Vietnam,VNM,11,1,6,0,4,18,22,16074,0,8391,0,11487,24465,35952,6253,0,1539,0,0,7792,7792,2786386
2022-11-01,2022,11,1,port434,Hai Phong,Vietnam,VNM,6,0,2,0,3,8,11,10303,0,0,0,4738,10303,15042,1889,0,0,0,176,1889,2065,2786387
2022-11-02,2022,11,2,port434,Hai Phong,Vietnam,VNM,5,1,4,0,2,10,12,3644,0,0,0,1308,3644,4952,362,0,3232,0,0,3594,3594,2786388
2022-11-03,2022,11,3,port434,Hai Phong,Vietnam,VNM,11,0,8,1,4,20,24,7248,0,8291,0,6000,15540,21540,5373,0,1066,0,0,6439,6439,2786389
2022-11-04,2022,11,4,port434,Hai Phong,Vietnam,VNM,11,1,3,0,2,15,17,8588,15071,1652,0,7537,25312,32849,4196,0,4134,0,0,8331,8331,2786390
2022-11-05,2022,11,5,port434,Hai Phong,Vietnam,VNM,7,4,9,0,5,20,25,12472,19932,5197,0,14992,37602,52594,7800,144,1395,0,185,9340,9526,2786391
2022-11-06,2022,11,6,port434,Hai Phong,Vietnam,VNM,15,1,12,0,4,28,32,20167,0,13819,0,7298,33986,41285,3961,0,1480,0,92,5441,5534,2786392
2022-11-07,2022,11,7,port434,Hai Phong,Vietnam,VNM,11,1,13,0,5,25,30,22944,5550,11129,0,1882,39624,41507,1619,0,769,0,92,2389,2482,2786393
2022-11-08,2022,11,8,port434,Hai Phong,Vietnam,VNM,10,4,4,0,3,18,21,21982,7422,6391,0,1868,35795,37664,2646,1381,1539,0,92,5566,5659,2786394
2022-11-09,2022,11,9,port434,Hai Phong,Vietnam,VNM,17,0,4,0,3,21,24,27055,0,7547,0,6174,34603,40778,10014,0,355,0,269,10370,10639,2786395
2022-11-10,2022,11,10,port434,Hai Phong,Vietnam,VNM,4,2,7,0,5,13,18,10795,2362,5028,0,8765,18187,26952,901,0,414,0,185,1315,1501,2786396
2022-11-11,2022,11,11,port434,Hai Phong,Vietnam,VNM,8,2,7,0,9,17,26,17619,872,4848,0,14572,23340,37912,8949,0,1183,0,804,10133,10938,2786397
2022-11-12,2022,11,12,port434,Hai Phong,Vietnam,VNM,10,2,10,1,4,23,27,27865,28159,10242,2349,9641,68616,78257,1267,1381,1066,0,35,3715,3750,2786398
2022-11-13,2022,11,13,port434,Hai Phong,Vietnam,VNM,10,1,6,0,5,17,22,22711,50726,3304,0,5235,76742,81978,3162,0,2843,0,0,6005,6005,2786399
2022-11-14,2022,11,14,port434,Hai Phong,Vietnam,VNM,15,1,6,0,6,22,28,26903,0,5267,0,8954,32170,41124,3987,0,1558,0,0,5546,5546,2786400
2022-11-15,2022,11,15,port434,Hai Phong,Vietnam,VNM,9,0,8,1,3,18,21,15737,0,3950,3566,7861,23254,31115,4449,0,3378,0,176,7827,8004,2786401
2022-11-16,2022,11,16,port434,Hai Phong,Vietnam,VNM,20,1,12,1,5,34,39,30402,0,6344,194,15677,36941,52618,6947,0,2907,0,92,9855,9947,2786402
2022-11-17,2022,11,17,port434,Hai Phong,Vietnam,VNM,6,1,8,0,4,15,19,12021,0,6065,0,5070,18086,23157,1019,0,711,0,0,1730,1730,2786403
2020-09-10,2020,9,10,port434,Hai Phong,Vietnam,VNM,1,0,1,0,0,2,2,2254,0,4198,0,0,6453,6453,0,0,0,0,0,0,0,2786404
2023-12-24,2023,12,24,port434,Hai Phong,Vietnam,VNM,7,0,4,0,3,11,14,8837,0,4470,0,6289,13307,19597,2241,0,355,0,0,2597,2597,2786405
2020-09-11,2020,9,11,port434,Hai Phong,Vietnam,VNM,6,1,5,0,1,12,13,6424,0,4038,0,4013,10462,14476,4884,70927,769,0,0,76582,76582,2786406
2019-08-07,2019,8,7,port434,Hai Phong,Vietnam,VNM,15,1,3,0,5,19,24,10476,0,1543,0,22848,12019,34867,10530,0,355,0,269,10885,11155,2786407
2023-12-25,2023,12,25,port434,Hai Phong,Vietnam,VNM,15,0,6,0,5,21,26,15112,0,3195,0,12351,18308,30659,13643,0,769,0,185,14413,14598,2786408
2020-09-12,2020,9,12,port434,Hai Phong,Vietnam,VNM,14,0,4,0,3,18,21,6786,0,8965,0,6539,15752,22291,19284,0,769,0,185,20053,20239,2786409
2019-08-08,2019,8,8,port434,Hai Phong,Vietnam,VNM,4,0,6,0,0,10,10,6762,0,3087,0,0,9849,9849,5049,0,711,0,0,5760,5760,2786410
2023-12-26,2023,12,26,port434,Hai Phong,Vietnam,VNM,8,1,7,0,6,16,22,8385,2518,10917,0,16956,21820,38777,10901,0,1183,0,0,12084,12084,2786411
2020-09-13,2020,9,13,port434,Hai Phong,Vietnam,VNM,5,2,4,0,2,11,13,11723,41829,3701,0,1868,57254,59122,680,1381,711,0,92,2773,2865,2786412
2019-08-09,2019,8,9,port434,Hai Phong,Vietnam,VNM,7,1,7,0,5,15,20,9275,22598,8072,0,17184,39947,57131,1753,0,1480,0,628,3233,3862,2786413
2023-12-27,2023,12,27,port434,Hai Phong,Vietnam,VNM,15,0,4,0,4,19,23,18940,0,3195,0,6529,22136,28665,13920,0,769,0,269,14690,14959,2786414
2020-09-14,2020,9,14,port434,Hai Phong,Vietnam,VNM,10,3,11,0,6,24,30,15994,1310,12632,0,9631,29938,39569,2240,3155,2322,0,1348,7718,9066,2786415
2019-08-10,2019,8,10,port434,Hai Phong,Vietnam,VNM,12,2,6,0,3,20,23,11623,44920,6371,0,6804,62916,69721,22400,0,938,0,3411,23338,26749,2786416
2023-12-28,2023,12,28,port434,Hai Phong,Vietnam,VNM,11,2,8,0,7,21,28,22279,2933,4195,0,11659,29408,41068,13116,0,414,0,0,13530,13530,2786417
2020-09-15,2020,9,15,port434,Hai Phong,Vietnam,VNM,7,2,4,1,0,14,14,9982,5633,1543,435,0,17594,17594,629,0,355,160,0,1146,1146,2786418
2019-08-11,2019,8,11,port434,Hai Phong,Vietnam,VNM,10,2,7,0,3,19,22,14615,12434,1997,0,2780,29046,31827,6837,1381,3784,0,92,12003,12095,2786419
2023-12-29,2023,12,29,port434,Hai Phong,Vietnam,VNM,11,1,3,0,4,15,19,7440,7422,5300,0,5864,20162,26026,7644,1381,828,0,0,9854,9854,2786420
2020-09-16,2020,9,16,port434,Hai Phong,Vietnam,VNM,15,0,8,1,4,24,28,24910,0,8043,0,9575,32954,42529,11738,0,7829,0,0,19568,19568,2786421
2019-08-12,2019,8,12,port434,Hai Phong,Vietnam,VNM,11,0,14,0,4,25,29,9990,0,19102,0,0,29093,29093,9490,0,5353,0,0,14843,14843,2786422
2023-12-30,2023,12,30,port434,Hai Phong,Vietnam,VNM,13,1,8,0,6,22,28,29720,0,11915,0,14364,41636,56001,1532,0,720,0,92,2253,2346,2786423
2020-09-17,2020,9,17,port434,Hai Phong,Vietnam,VNM,9,0,5,0,3,14,17,4841,0,1543,0,7530,6385,13915,11544,0,355,0,92,11899,11992,2786424
2019-08-13,2019,8,13,port434,Hai Phong,Vietnam,VNM,11,0,8,0,6,19,25,17027,0,4630,0,16928,21657,38586,5298,0,1992,0,445,7290,7736,2786425
2023-12-31,2023,12,31,port434,Hai Phong,Vietnam,VNM,7,1,9,0,8,17,25,6026,33758,11046,0,17090,50830,67920,8206,0,2133,0,811,10339,11151,2786426
2020-09-18,2020,9,18,port434,Hai Phong,Vietnam,VNM,12,0,2,0,3,14,17,19843,0,1652,0,0,21496,21496,7522,0,414,0,188,7936,8125,2786427
2019-08-14,2019,8,14,port434,Hai Phong,Vietnam,VNM,6,1,6,0,3,13,16,2825,0,6282,0,17057,9108,26165,9540,0,1950,0,92,11490,11583,2786428
2024-01-01,2024,1,1,port434,Hai Phong,Vietnam,VNM,12,2,3,0,5,17,22,22210,7422,1543,0,12657,31176,43833,1501,1381,355,0,176,3238,3414,2786429
2020-09-19,2020,9,19,port434,Hai Phong,Vietnam,VNM,15,1,7,0,1,23,24,17868,4041,4848,0,777,26757,27535,11824,0,8231,0,0,20056,20056,2786430
2019-08-15,2019,8,15,port434,Hai Phong,Vietnam,VNM,8,2,5,0,1,15,16,9769,7422,472,0,1067,17663,18730,3798,14986,440,0,0,19225,19225,2786431
2024-01-02,2024,1,2,port434,Hai Phong,Vietnam,VNM,9,3,10,0,6,22,28,16653,7422,6977,0,10003,31053,41056,3642,19073,1125,0,560,23841,24402,2786432
2020-09-20,2020,9,20,port434,Hai Phong,Vietnam,VNM,10,0,5,0,2,15,17,13272,0,9220,0,3737,22492,26229,14647,0,0,0,185,14647,14833,2786433
2019-08-16,2019,8,16,port434,Hai Phong,Vietnam,VNM,12,2,12,0,4,26,30,23949,7422,6302,0,3948,37673,41622,3185,4299,1125,0,92,8609,8702,2786434
2024-01-03,2024,1,3,port434,Hai Phong,Vietnam,VNM,12,0,7,0,5,19,24,34307,0,12382,0,4039,46689,50729,4226,0,1539,0,1052,5765,6817,2786435
2020-09-21,2020,9,21,port434,Hai Phong,Vietnam,VNM,11,0,6,1,5,18,23,19680,0,15016,0,5198,34696,39895,9442,0,711,0,92,10153,10246,2786436
2019-08-17,2019,8,17,port434,Hai Phong,Vietnam,VNM,15,1,3,0,7,19,26,18874,24977,2503,0,15158,46355,61514,17135,0,375,0,176,17510,17686,2786437
2024-01-04,2024,1,4,port434,Hai Phong,Vietnam,VNM,5,1,7,1,6,14,20,8352,0,3087,780,9092,12219,21312,1889,0,711,0,974,2600,3574,2786438
2024-01-05,2024,1,5,port434,Hai Phong,Vietnam,VNM,17,1,10,0,7,28,35,27934,26327,3087,0,11677,57349,69027,12395,0,3518,0,0,15913,15913,2786439
2024-01-06,2024,1,6,port434,Hai Phong,Vietnam,VNM,11,1,7,0,5,19,24,22515,4259,3470,0,5605,30245,35850,5092,0,355,0,278,5448,5726,2786440
2024-01-07,2024,1,7,port434,Hai Phong,Vietnam,VNM,8,2,5,0,7,15,22,6326,0,6092,0,10429,12418,22848,1629,0,2014,0,92,3644,3737,2786441
2024-01-08,2024,1,8,port434,Hai Phong,Vietnam,VNM,15,0,6,0,3,21,24,7468,0,4739,0,10636,12208,22844,24034,0,1793,0,176,25827,26004,2786442
2024-01-09,2024,1,9,port434,Hai Phong,Vietnam,VNM,9,0,4,0,7,13,20,9341,0,9645,0,11586,18986,30573,16170,0,5050,0,0,21221,21221,2786443
2024-01-10,2024,1,10,port434,Hai Phong,Vietnam,VNM,14,1,6,0,4,21,25,30481,0,1652,0,0,32133,32133,14067,0,414,0,1077,14481,15559,2786444
2024-01-11,2024,1,11,port434,Hai Phong,Vietnam,VNM,6,0,11,0,5,17,22,11853,0,10467,0,11976,22321,34297,2836,0,1125,0,269,3961,4231,2786445
2024-01-12,2024,1,12,port434,Hai Phong,Vietnam,VNM,7,2,2,0,3,11,14,12061,1105,0,0,5120,13167,18288,1889,0,0,0,0,1889,1889,2786446
2024-01-13,2024,1,13,port434,Hai Phong,Vietnam,VNM,8,0,5,0,4,13,17,26110,0,4992,0,9753,31102,40855,3030,0,1066,0,0,4097,4097,2786447
2024-01-14,2024,1,14,port434,Hai Phong,Vietnam,VNM,14,2,6,0,6,22,28,30576,7422,7835,0,11833,45834,57667,5037,1381,1175,0,560,7594,8154,2786448
2024-01-15,2024,1,15,port434,Hai Phong,Vietnam,VNM,13,0,9,0,4,22,26,8582,0,1904,0,1771,10486,12257,11290,0,0,0,0,11290,11290,2786449
2024-01-16,2024,1,16,port434,Hai Phong,Vietnam,VNM,15,3,11,0,6,29,35,26712,40628,4018,0,15822,71359,87181,11517,0,769,0,0,12287,12287,2786450
2024-01-17,2024,1,17,port434,Hai Phong,Vietnam,VNM,14,1,7,0,5,22,27,22399,745,4201,0,12125,27346,39471,2260,0,711,0,92,2972,3064,2786451
2024-01-18,2024,1,18,port434,Hai Phong,Vietnam,VNM,4,1,4,0,4,9,13,4719,13413,3682,0,11363,21815,33179,2063,0,828,0,0,2891,2891,2786452
2024-01-19,2024,1,19,port434,Hai Phong,Vietnam,VNM,10,0,5,1,5,16,21,16778,0,2099,704,12130,19582,31712,2616,0,3040,0,353,5657,6010,2786453
2024-01-20,2024,1,20,port434,Hai Phong,Vietnam,VNM,12,0,13,0,3,25,28,13063,0,3317,0,3085,16381,19466,8500,0,1282,0,0,9783,9783,2786454
2024-01-21,2024,1,21,port434,Hai Phong,Vietnam,VNM,12,1,7,1,6,21,27,27181,0,7497,0,7500,34679,42179,1647,0,2628,0,0,4275,4275,2786455
2024-01-22,2024,1,22,port434,Hai Phong,Vietnam,VNM,11,2,2,0,5,15,20,16849,13426,0,0,4496,30276,34772,11070,1381,0,0,0,12451,12451,2786456
2024-01-23,2024,1,23,port434,Hai Phong,Vietnam,VNM,8,1,1,0,2,10,12,15791,0,0,0,1633,15791,17424,2380,1350,0,0,0,3731,3731,2786457
2024-01-24,2024,1,24,port434,Hai Phong,Vietnam,VNM,8,0,2,0,2,10,12,15751,0,0,0,4524,15751,20275,2017,0,1699,0,0,3716,3716,2786458
2024-01-25,2024,1,25,port434,Hai Phong,Vietnam,VNM,9,2,7,0,5,18,23,13852,31433,1652,0,11183,46938,58121,7978,0,414,0,92,8392,8485,2786459
2024-01-26,2024,1,26,port434,Hai Phong,Vietnam,VNM,15,0,8,0,3,23,26,33857,0,3087,0,9073,36944,46017,4373,0,2264,0,269,6637,6907,2786460
2024-01-27,2024,1,27,port434,Hai Phong,Vietnam,VNM,3,0,4,0,5,7,12,9723,0,3195,0,9298,12919,22217,629,0,8305,0,353,8935,9288,2786461
2024-01-28,2024,1,28,port434,Hai Phong,Vietnam,VNM,13,0,4,0,4,17,21,19177,0,0,0,7362,19177,26540,4231,0,4477,0,92,8709,8802,2786462
2024-01-29,2024,1,29,port434,Hai Phong,Vietnam,VNM,9,1,6,0,3,16,19,14478,7422,2494,0,1981,24395,26376,6606,1381,414,0,0,8401,8401,2786463
2024-01-30,2024,1,30,port434,Hai Phong,Vietnam,VNM,11,0,7,0,3,18,21,20441,0,4739,0,17748,25180,42929,4457,0,1938,0,0,6396,6396,2786464
2024-01-31,2024,1,31,port434,Hai Phong,Vietnam,VNM,13,1,5,0,7,19,26,12953,1582,4718,0,6871,19253,26125,7184,0,711,0,447,7895,8343,2786465
2024-02-01,2024,2,1,port434,Hai Phong,Vietnam,VNM,11,3,8,1,5,23,28,13166,16148,10594,854,13984,40763,54748,649,1381,1355,0,269,3386,3655,2786466
2024-02-02,2024,2,2,port434,Hai Phong,Vietnam,VNM,6,1,8,0,2,15,17,4744,0,14313,0,7105,19057,26162,1435,0,1777,0,0,3212,3212,2786467
2024-02-03,2024,2,3,port434,Hai Phong,Vietnam,VNM,13,0,12,1,4,26,30,32054,0,16120,0,20264,48174,68439,4527,0,1125,0,92,5652,5745,2786468
2024-02-04,2024,2,4,port434,Hai Phong,Vietnam,VNM,7,2,8,0,5,17,22,10723,37716,11522,0,18477,59962,78440,3960,1381,1539,0,92,6880,6973,2786469
2024-02-05,2024,2,5,port434,Hai Phong,Vietnam,VNM,9,0,12,0,2,21,23,10265,0,12976,0,1868,23241,25110,6172,0,1894,0,92,8067,8159,2786470
2024-02-06,2024,2,6,port434,Hai Phong,Vietnam,VNM,8,0,6,0,2,14,16,8391,0,3087,0,341,11478,11820,14337,0,711,0,0,15048,15048,2786471
2024-02-07,2024,2,7,port434,Hai Phong,Vietnam,VNM,12,1,5,0,5,18,23,12650,0,9473,0,4131,22123,26255,6155,0,355,0,0,6510,6510,2786472
2024-02-08,2024,2,8,port434,Hai Phong,Vietnam,VNM,14,1,4,0,2,19,21,14854,147,406,0,7608,15408,23017,9722,0,189,0,0,9911,9911,2786473
2024-02-09,2024,2,9,port434,Hai Phong,Vietnam,VNM,8,0,1,0,6,9,15,7197,0,0,0,18618,7197,25816,5568,0,0,0,445,5568,6014,2786474
2024-02-10,2024,2,10,port434,Hai Phong,Vietnam,VNM,2,0,0,0,2,2,4,352,0,0,0,4674,352,5026,0,0,0,0,0,0,0,2786475
2024-02-11,2024,2,11,port434,Hai Phong,Vietnam,VNM,6,0,4,0,3,10,13,13277,0,0,0,9659,13277,22937,1636,0,537,0,0,2173,2173,2786476
2024-02-12,2024,2,12,port434,Hai Phong,Vietnam,VNM,8,0,3,0,1,11,12,18556,0,3823,0,4306,22379,26686,0,0,1641,0,176,1641,1818,2786477
2024-02-13,2024,2,13,port434,Hai Phong,Vietnam,VNM,6,1,5,0,4,12,16,5128,7422,4472,0,4752,17023,21775,8516,1381,711,0,176,10608,10784,2786478
2024-02-14,2024,2,14,port434,Hai Phong,Vietnam,VNM,8,0,4,0,1,12,13,11361,0,12461,0,1005,23822,24828,4496,0,711,0,0,5207,5207,2786479
2024-02-15,2024,2,15,port434,Hai Phong,Vietnam,VNM,8,0,19,0,2,27,29,11783,0,12649,0,3241,24433,27675,2693,0,5144,0,92,7838,7930,2786480
2024-02-16,2024,2,16,port434,Hai Phong,Vietnam,VNM,10,3,3,1,2,17,19,23115,28056,5207,0,2898,56380,59278,4360,2016,414,0,0,6791,6791,2786481
2024-02-17,2024,2,17,port434,Hai Phong,Vietnam,VNM,6,2,5,0,4,13,17,9678,0,3087,0,22948,12765,35714,11121,17,711,0,176,11849,12025,2786482
2024-02-18,2024,2,18,port434,Hai Phong,Vietnam,VNM,8,0,3,0,6,11,17,22637,0,4630,0,16450,27268,43718,1721,0,1066,0,176,2787,2964,2786483
2024-02-19,2024,2,19,port434,Hai Phong,Vietnam,VNM,10,1,10,0,5,21,26,34511,0,9805,0,3316,44317,47634,13731,19907,4183,0,582,37822,38404,2786484
2024-02-20,2024,2,20,port434,Hai Phong,Vietnam,VNM,9,0,3,0,3,12,15,20811,0,1652,0,1868,22464,24332,8935,0,414,0,524,9349,9873,2786485
2024-02-21,2024,2,21,port434,Hai Phong,Vietnam,VNM,10,2,7,0,3,19,22,9419,14844,3087,0,11987,27350,39337,10511,2762,5079,0,0,18353,18353,2786486
2024-02-22,2024,2,22,port434,Hai Phong,Vietnam,VNM,11,2,8,0,5,21,26,17844,0,11427,0,16131,29272,45403,11718,0,1066,0,176,12784,12961,2786487
2024-02-23,2024,2,23,port434,Hai Phong,Vietnam,VNM,8,0,10,0,7,18,25,19791,0,16410,0,21677,36201,57879,629,0,1125,0,445,1754,2200,2786488
2024-02-24,2024,2,24,port434,Hai Phong,Vietnam,VNM,9,0,6,0,4,15,19,6633,0,1737,0,16598,8370,24968,27203,0,0,0,185,27203,27389,2786489
2024-02-25,2024,2,25,port434,Hai Phong,Vietnam,VNM,11,0,8,0,4,19,23,10625,0,12347,0,19065,22973,42038,2536,0,1938,0,0,4475,4475,2786490
2024-02-26,2024,2,26,port434,Hai Phong,Vietnam,VNM,9,3,7,0,7,19,26,15470,38043,13039,0,8096,66554,74650,7856,5477,711,0,92,14045,14138,2786491
2024-02-27,2024,2,27,port434,Hai Phong,Vietnam,VNM,5,2,4,0,5,11,16,3996,0,6264,0,24596,10260,34857,3364,0,711,0,0,4075,4075,2786492
2024-02-28,2024,2,28,port434,Hai Phong,Vietnam,VNM,15,0,4,0,5,19,24,26424,0,5243,0,12006,31667,43674,2518,0,711,0,362,3229,3591,2786493
2024-02-29,2024,2,29,port434,Hai Phong,Vietnam,VNM,7,1,7,1,4,16,20,12256,0,4630,1243,17659,18130,35790,2815,0,1066,0,176,3882,4058,2786494
2024-03-01,2024,3,1,port434,Hai Phong,Vietnam,VNM,10,1,4,0,4,15,19,17991,0,3243,0,7748,21234,28983,7499,0,355,0,0,7855,7855,2786495
2024-03-02,2024,3,2,port434,Hai Phong,Vietnam,VNM,8,0,1,1,4,10,14,13721,0,0,0,2210,13721,15932,15022,0,0,0,0,15022,15022,2786496
2024-03-03,2024,3,3,port434,Hai Phong,Vietnam,VNM,8,2,9,0,5,19,24,10009,0,5724,0,17904,15734,33638,8728,0,711,0,176,9439,9615,2786497
2024-03-04,2024,3,4,port434,Hai Phong,Vietnam,VNM,16,1,8,0,5,25,30,30270,7214,5094,0,4177,42579,46757,16387,0,711,0,0,17098,17098,2786498
2024-03-05,2024,3,5,port434,Hai Phong,Vietnam,VNM,10,1,10,0,8,21,29,15278,0,3902,0,21992,19180,41173,8577,0,355,0,92,8933,9025,2786499
2024-03-06,2024,3,6,port434,Hai Phong,Vietnam,VNM,8,0,4,1,3,13,16,13415,0,1543,0,1517,14958,16476,3532,0,355,5357,0,9245,9245,2786500
2024-03-07,2024,3,7,port434,Hai Phong,Vietnam,VNM,10,0,4,0,3,14,17,11225,0,1652,0,7390,12877,20268,9991,0,414,0,0,10405,10405,2786501
2024-03-08,2024,3,8,port434,Hai Phong,Vietnam,VNM,7,0,11,1,3,19,22,11877,0,6813,0,12050,18691,30741,2985,0,1422,0,176,4407,4583,2786502
2024-03-09,2024,3,9,port434,Hai Phong,Vietnam,VNM,9,0,3,0,4,12,16,14726,0,210,0,8261,14936,23198,6595,0,0,0,92,6595,6688,2786503
2024-03-10,2024,3,10,port434,Hai Phong,Vietnam,VNM,9,2,6,0,4,17,21,21918,22759,9328,0,4597,54006,58604,1259,0,355,0,176,1614,1791,2786504
2024-03-11,2024,3,11,port434,Hai Phong,Vietnam,VNM,8,1,6,0,4,15,19,19908,0,8040,0,5048,27949,32997,1259,0,2256,0,0,3516,3516,2786505
2024-03-12,2024,3,12,port434,Hai Phong,Vietnam,VNM,15,1,8,0,3,24,27,23807,0,7717,0,5658,31525,37184,6728,0,1777,0,0,8506,8506,2786506
2024-03-13,2024,3,13,port434,Hai Phong,Vietnam,VNM,10,0,4,0,4,14,18,18648,0,0,0,6395,18648,25044,7147,0,2966,0,0,10113,10113,2786507
2024-03-14,2024,3,14,port434,Hai Phong,Vietnam,VNM,4,0,2,0,3,6,9,4309,0,0,0,5144,4309,9453,721,0,815,0,0,1536,1536,2786508
2024-03-15,2024,3,15,port434,Hai Phong,Vietnam,VNM,16,1,5,1,7,23,30,36078,0,4488,0,9832,40567,50399,1889,0,3717,0,92,5606,5699,2786509
2024-03-16,2024,3,16,port434,Hai Phong,Vietnam,VNM,6,1,7,0,5,14,19,15842,0,16166,0,5419,32009,37428,5723,0,355,0,0,6078,6078,2786510
2024-03-17,2024,3,17,port434,Hai Phong,Vietnam,VNM,9,1,7,1,3,18,21,9659,23333,12196,0,964,45188,46153,1540,0,1066,574,0,3181,3181,2786511
2024-03-18,2024,3,18,port434,Hai Phong,Vietnam,VNM,16,3,8,0,5,27,32,33392,39763,6174,0,5136,79330,84466,7243,0,1422,0,0,8665,8665,2786512
2024-03-19,2024,3,19,port434,Hai Phong,Vietnam,VNM,10,1,4,0,3,15,18,10059,0,4739,0,11791,14798,26590,13874,0,1125,0,92,14999,15092,2786513
2024-03-20,2024,3,20,port434,Hai Phong,Vietnam,VNM,11,1,6,0,7,18,25,18999,2758,10824,0,10167,32583,42750,6642,0,7114,0,176,13756,13933,2786514
2024-03-21,2024,3,21,port434,Hai Phong,Vietnam,VNM,8,2,4,0,4,14,18,16187,7422,1652,0,7204,25261,32466,629,1551,2251,0,176,4432,4609,2786515
2024-03-22,2024,3,22,port434,Hai Phong,Vietnam,VNM,9,0,8,0,5,17,22,13120,0,7664,0,11248,20785,32033,3823,0,1971,0,0,5795,5795,2786516
2024-03-23,2024,3,23,port434,Hai Phong,Vietnam,VNM,8,2,4,0,4,14,18,15739,7422,3577,0,4306,26739,31045,1259,1381,460,0,1934,3101,5035,2786517
2024-03-24,2024,3,24,port434,Hai Phong,Vietnam,VNM,9,0,6,0,5,15,20,13161,0,4630,0,17401,17791,35193,3997,0,1066,0,0,5064,5064,2786518
2024-03-25,2024,3,25,port434,Hai Phong,Vietnam,VNM,14,0,10,0,4,24,28,23906,0,8387,0,9569,32293,41863,6783,0,1066,0,92,7849,7942,2786519
2024-03-26,2024,3,26,port434,Hai Phong,Vietnam,VNM,9,0,3,0,3,12,15,4705,0,3149,0,3729,7854,11583,2500,0,1997,0,92,4497,4590,2786520
2024-03-27,2024,3,27,port434,Hai Phong,Vietnam,VNM,11,3,6,0,4,20,24,19793,0,2190,0,10060,21984,32045,1889,0,355,0,0,2244,2244,2786521
2024-03-28,2024,3,28,port434,Hai Phong,Vietnam,VNM,7,0,9,0,5,16,21,9121,0,9924,0,20144,19045,39190,629,0,1125,0,269,1754,2024,2786522
2024-03-29,2024,3,29,port434,Hai Phong,Vietnam,VNM,9,1,8,0,5,18,23,13869,22947,3725,0,2022,40542,42565,12486,0,711,0,0,13197,13197,2786523
2024-03-30,2024,3,30,port434,Hai Phong,Vietnam,VNM,6,0,7,0,3,13,16,9954,0,5063,0,3247,15018,18265,2136,0,1994,0,0,4131,4131,2786524
2024-03-31,2024,3,31,port434,Hai Phong,Vietnam,VNM,10,2,4,1,5,17,22,20388,0,2654,0,1868,23043,24911,3324,0,0,0,231,3324,3555,2786525
2024-04-01,2024,4,1,port434,Hai Phong,Vietnam,VNM,7,0,9,0,4,16,20,30727,0,10897,0,15035,41625,56660,629,0,1622,0,0,2251,2251,2786526
2024-04-02,2024,4,2,port434,Hai Phong,Vietnam,VNM,15,1,11,0,6,27,33,22150,0,4630,0,8520,26780,35301,3222,0,1066,0,1036,4288,5324,2786527
2024-04-03,2024,4,3,port434,Hai Phong,Vietnam,VNM,12,1,7,0,5,20,25,19989,0,9320,0,14162,29310,43472,4031,0,711,0,0,4742,4742,2786528
2024-04-04,2024,4,4,port434,Hai Phong,Vietnam,VNM,12,1,13,0,5,26,31,14276,0,11742,0,9305,26018,35324,5403,0,2488,0,176,7892,8068,2786529
2024-04-05,2024,4,5,port434,Hai Phong,Vietnam,VNM,7,0,8,0,6,15,21,19131,0,7978,0,9499,27109,36608,2880,0,769,0,92,3649,3742,2786530
2024-04-06,2024,4,6,port434,Hai Phong,Vietnam,VNM,8,1,6,1,3,16,19,12254,0,647,3474,3737,16376,20113,2450,0,0,0,0,2450,2450,2786531
2024-04-07,2024,4,7,port434,Hai Phong,Vietnam,VNM,13,1,9,2,7,25,32,24907,0,7826,2339,17461,35073,52535,6052,0,1836,0,92,7888,7981,2786532
2024-04-08,2024,4,8,port434,Hai Phong,Vietnam,VNM,5,0,4,0,6,9,15,10299,0,2595,0,17316,12895,30212,629,0,355,0,11085,985,12070,2786533
2024-04-09,2024,4,9,port434,Hai Phong,Vietnam,VNM,13,0,7,0,2,20,22,27809,0,4848,0,4306,32657,36963,2932,0,1183,0,176,4115,4292,2786534
2024-04-10,2024,4,10,port434,Hai Phong,Vietnam,VNM,10,0,15,0,0,25,25,20106,0,18201,0,0,38308,38308,2643,0,4992,0,0,7635,7635,2786535
2024-04-11,2024,4,11,port434,Hai Phong,Vietnam,VNM,10,1,8,0,3,19,22,19595,7422,5467,0,9328,32484,41813,629,1381,1838,0,0,3848,3848,2786536
2024-04-12,2024,4,12,port434,Hai Phong,Vietnam,VNM,14,2,7,0,5,23,28,19414,8076,13562,0,9184,41053,50238,7871,0,711,0,0,8582,8582,2786537
2024-04-13,2024,4,13,port434,Hai Phong,Vietnam,VNM,4,1,7,0,4,12,16,10696,0,5634,0,7697,16330,24027,629,0,355,0,0,985,985,2786538
2024-04-14,2024,4,14,port434,Hai Phong,Vietnam,VNM,10,0,6,0,6,16,22,20750,0,2405,0,14508,23156,37664,4680,0,0,0,269,4680,4949,2786539
2024-04-15,2024,4,15,port434,Hai Phong,Vietnam,VNM,12,3,3,0,1,18,19,11998,0,1022,0,7842,13021,20863,4988,0,0,0,0,4988,4988,2786540
2024-04-16,2024,4,16,port434,Hai Phong,Vietnam,VNM,18,1,7,1,4,27,31,40230,0,10065,1729,17483,52025,69509,11424,0,1066,0,0,12491,12491,2786541
2024-04-17,2024,4,17,port434,Hai Phong,Vietnam,VNM,9,1,1,0,4,11,15,17221,0,0,0,5758,17221,22980,1364,17,0,0,176,1381,1557,2786542
2024-04-18,2024,4,18,port434,Hai Phong,Vietnam,VNM,11,1,7,0,2,19,21,20026,0,4739,0,7128,24765,31894,2265,0,1508,0,176,3774,3951,2786543
2024-04-19,2024,4,19,port434,Hai Phong,Vietnam,VNM,11,1,4,0,3,16,19,17633,31325,3785,0,5179,52744,57923,629,0,0,0,92,629,722,2786544
2024-04-20,2024,4,20,port434,Hai Phong,Vietnam,VNM,8,2,8,0,3,18,21,11607,0,8927,0,3573,20534,24108,8240,0,711,0,0,8951,8951,2786545
2024-04-21,2024,4,21,port434,Hai Phong,Vietnam,VNM,9,1,8,0,4,18,22,6505,7422,13210,0,12555,27137,39693,2971,1381,769,0,0,5122,5122,2786546
2024-04-22,2024,4,22,port434,Hai Phong,Vietnam,VNM,10,3,5,0,3,18,21,8272,29622,7055,0,5367,44950,50317,5930,0,0,0,176,5930,6107,2786547
2024-04-23,2024,4,23,port434,Hai Phong,Vietnam,VNM,9,0,6,0,4,15,19,16430,0,2708,0,8959,19138,28098,9300,0,6499,0,92,15800,15893,2786548
2024-04-24,2024,4,24,port434,Hai Phong,Vietnam,VNM,10,0,5,1,6,16,22,16119,0,6944,1675,13632,24739,38372,3727,0,0,0,185,3727,3912,2786549
2024-04-25,2024,4,25,port434,Hai Phong,Vietnam,VNM,9,0,4,0,4,13,17,20104,0,10339,0,12114,30444,42558,307,0,0,0,0,307,307,2786550
2024-04-26,2024,4,26,port434,Hai Phong,Vietnam,VNM,14,1,6,0,2,21,23,19940,2594,3087,0,3430,25622,29053,6843,0,711,0,0,7554,7554,2786551
2024-04-27,2024,4,27,port434,Hai Phong,Vietnam,VNM,10,1,9,0,2,20,22,23952,35145,5684,0,4306,64782,69088,6764,0,1067,0,176,7831,8008,2786552
2024-04-28,2024,4,28,port434,Hai Phong,Vietnam,VNM,10,1,9,0,6,20,26,7350,19098,7826,0,11521,34274,45795,8042,0,1836,0,92,9878,9971,2786553
2024-04-29,2024,4,29,port434,Hai Phong,Vietnam,VNM,10,2,11,0,5,23,28,34936,7422,10841,0,10572,53200,63772,3325,1381,1066,0,176,5773,5949,2786554
2024-04-30,2024,4,30,port434,Hai Phong,Vietnam,VNM,13,1,7,0,2,21,23,30933,31709,3496,0,1365,66139,67504,15407,0,3314,0,0,18722,18722,2786555
2024-05-01,2024,5,1,port434,Hai Phong,Vietnam,VNM,12,0,9,0,4,21,25,23097,0,9608,0,9290,32705,41995,6673,0,4461,0,0,11134,11134,2786556
2024-05-02,2024,5,2,port434,Hai Phong,Vietnam,VNM,12,1,6,0,3,19,22,25405,0,9715,0,3483,35120,38603,8260,0,1646,0,0,9907,9907,2786557
2024-05-03,2024,5,3,port434,Hai Phong,Vietnam,VNM,9,0,11,1,5,21,26,24926,0,16196,1048,7695,42171,49867,858,0,1777,0,0,2636,2636,2786558
2024-05-04,2024,5,4,port434,Hai Phong,Vietnam,VNM,8,2,10,0,3,20,23,17789,0,9369,0,5734,27159,32894,1796,0,6241,0,92,8037,8130,2786559
2024-05-05,2024,5,5,port434,Hai Phong,Vietnam,VNM,11,0,4,0,2,15,17,38143,0,4037,0,4734,42180,46915,4957,0,769,0,176,5726,5903,2786560
2024-05-06,2024,5,6,port434,Hai Phong,Vietnam,VNM,11,3,2,0,5,16,21,18314,2432,1543,0,10670,22290,32960,3829,0,355,0,0,4185,4185,2786561
2024-05-07,2024,5,7,port434,Hai Phong,Vietnam,VNM,15,1,8,0,7,24,31,23081,0,7896,0,9410,30977,40387,4859,367,3497,0,185,8724,8909,2786562
2024-05-08,2024,5,8,port434,Hai Phong,Vietnam,VNM,5,1,8,0,5,14,19,9794,0,4630,0,14673,14425,29099,1774,0,1066,0,190,2840,3031,2786563
2024-05-09,2024,5,9,port434,Hai Phong,Vietnam,VNM,8,1,6,0,7,15,22,18031,0,6922,0,15667,24954,40622,629,0,769,0,92,1399,1492,2786564
2024-05-10,2024,5,10,port434,Hai Phong,Vietnam,VNM,14,0,8,1,5,23,28,22487,0,6601,580,8411,29669,38081,4359,0,1875,0,92,6235,6327,2786565
2024-05-11,2024,5,11,port434,Hai Phong,Vietnam,VNM,9,2,8,2,3,21,24,15430,0,4673,1729,6224,21833,28057,3148,0,769,0,92,3918,4010,2786566
2024-05-12,2024,5,12,port434,Hai Phong,Vietnam,VNM,14,1,2,0,3,17,20,28656,2418,0,0,9444,31075,40519,6198,0,0,0,0,6198,6198,2786567
2024-05-13,2024,5,13,port434,Hai Phong,Vietnam,VNM,6,0,4,1,5,11,16,15338,0,4753,0,8083,20092,28175,940,0,769,0,0,1710,1710,2786568
2024-05-14,2024,5,14,port434,Hai Phong,Vietnam,VNM,17,2,4,0,8,23,31,33940,7422,4484,0,8043,45846,53890,14311,1381,769,0,10935,16461,27397,2786569
2024-05-15,2024,5,15,port434,Hai Phong,Vietnam,VNM,6,2,10,0,3,18,21,11351,0,2966,0,3151,14317,17469,2747,0,2187,0,92,4934,5027,2786570
2024-05-16,2024,5,16,port434,Hai Phong,Vietnam,VNM,8,0,5,0,5,13,18,12195,0,6024,0,17535,18219,35755,829,0,355,0,92,1185,1277,2786571
2024-05-17,2024,5,17,port434,Hai Phong,Vietnam,VNM,10,2,8,0,1,20,21,17963,10659,3365,0,864,31989,32853,7752,0,711,0,0,8463,8463,2786572
2024-05-18,2024,5,18,port434,Hai Phong,Vietnam,VNM,15,2,3,0,4,20,24,24613,27076,1543,0,7016,53233,60249,8112,0,6033,0,6374,14146,20520,2786573
2024-05-19,2024,5,19,port434,Hai Phong,Vietnam,VNM,8,0,6,1,6,15,21,17810,0,5134,1623,16733,24568,41302,629,0,0,0,278,629,908,2786574
2024-05-20,2024,5,20,port434,Hai Phong,Vietnam,VNM,12,1,5,0,4,18,22,8309,7422,2653,0,2865,18385,21250,11825,1381,108,0,0,13315,13315,2786575
2024-05-21,2024,5,21,port434,Hai Phong,Vietnam,VNM,12,0,6,0,4,18,22,21267,0,8286,0,10795,29553,40349,14678,0,711,0,176,15389,15566,2786576
2024-05-22,2024,5,22,port434,Hai Phong,Vietnam,VNM,9,1,8,0,4,18,22,20176,49735,5449,0,11069,75361,86430,1005,0,2760,0,0,3765,3765,2786577
2024-05-23,2024,5,23,port434,Hai Phong,Vietnam,VNM,8,1,5,2,5,16,21,8623,14409,6984,1054,9007,31071,40079,9988,0,414,0,92,10402,10495,2786578
2024-05-24,2024,5,24,port434,Hai Phong,Vietnam,VNM,14,1,3,0,5,18,23,32209,30648,2804,0,6019,65662,71682,12530,0,355,0,0,12886,12886,2786579
2024-05-25,2024,5,25,port434,Hai Phong,Vietnam,VNM,7,1,9,0,2,17,19,11206,1509,8860,0,1868,21576,23444,3153,0,2673,0,92,5826,5919,2786580
2024-05-26,2024,5,26,port434,Hai Phong,Vietnam,VNM,13,1,5,0,4,19,23,22934,28515,6636,0,3853,58086,61939,13284,0,991,0,0,14276,14276,2786581
2024-05-27,2024,5,27,port434,Hai Phong,Vietnam,VNM,12,1,10,1,1,24,25,29773,0,8035,0,4017,37808,41826,10320,3407,1836,0,0,15564,15564,2786582
2024-05-28,2024,5,28,port434,Hai Phong,Vietnam,VNM,10,1,5,0,5,16,21,27101,0,7355,0,13896,34456,48353,2102,0,7747,0,0,9849,9849,2786583
2024-05-29,2024,5,29,port434,Hai Phong,Vietnam,VNM,7,3,5,0,4,15,19,15904,0,6282,0,3241,22187,25429,2630,0,1480,0,92,4111,4204,2786584
2024-05-30,2024,5,30,port434,Hai Phong,Vietnam,VNM,11,0,4,0,5,15,20,15606,0,1466,0,5494,17072,22566,4949,0,2039,0,92,6988,7081,2786585
2024-05-31,2024,5,31,port434,Hai Phong,Vietnam,VNM,9,1,9,0,7,19,26,15981,0,13681,0,3717,29663,33381,1597,0,1422,0,0,3019,3019,2786586
2024-06-01,2024,6,1,port434,Hai Phong,Vietnam,VNM,10,4,5,1,4,20,24,13277,0,8007,777,14402,22062,36465,3642,0,1539,0,0,5181,5181,2786587
2024-06-02,2024,6,2,port434,Hai Phong,Vietnam,VNM,12,1,1,0,7,14,21,13344,0,0,0,3249,13344,16594,8491,0,0,0,0,8491,8491,2786588
2024-06-03,2024,6,3,port434,Hai Phong,Vietnam,VNM,10,2,7,0,1,19,20,16040,0,4604,0,3294,20644,23939,8373,0,3231,0,0,11605,11605,2786589
2024-06-04,2024,6,4,port434,Hai Phong,Vietnam,VNM,15,2,6,0,4,23,27,32504,6292,7060,0,13977,45857,59834,6655,0,355,0,711,7010,7722,2786590
2024-06-05,2024,6,5,port434,Hai Phong,Vietnam,VNM,12,0,7,0,3,19,22,22143,0,6083,0,2898,28226,31125,3240,0,711,0,325,3952,4277,2786591
2024-06-06,2024,6,6,port434,Hai Phong,Vietnam,VNM,9,0,7,0,4,16,20,26330,0,6758,0,11714,33089,44803,5218,0,10376,0,0,15595,15595,2786592
2024-06-07,2024,6,7,port434,Hai Phong,Vietnam,VNM,11,0,8,0,1,19,20,12843,0,7542,0,0,20385,20385,5469,0,1125,0,0,6595,6595,2786593
2024-06-08,2024,6,8,port434,Hai Phong,Vietnam,VNM,10,1,6,1,5,18,23,24841,0,10564,0,3599,35406,39005,8090,0,1066,0,92,9156,9249,2786594
2024-06-09,2024,6,9,port434,Hai Phong,Vietnam,VNM,9,0,4,0,6,13,19,12364,0,6262,0,11781,18627,30408,6576,0,769,0,185,7346,7531,2786595
2024-06-10,2024,6,10,port434,Hai Phong,Vietnam,VNM,11,0,5,1,5,17,22,10386,0,7180,1243,7081,18810,25892,18502,0,355,0,888,18858,19746,2786596
2024-06-11,2024,6,11,port434,Hai Phong,Vietnam,VNM,17,1,8,0,6,26,32,31339,0,8641,0,14765,39981,54746,6685,0,355,0,903,7040,7944,2786597
2024-06-12,2024,6,12,port434,Hai Phong,Vietnam,VNM,9,1,13,0,3,23,26,7848,0,4142,0,1087,11990,13078,6141,0,355,0,0,6497,6497,2786598
2024-06-13,2024,6,13,port434,Hai Phong,Vietnam,VNM,8,1,12,0,6,21,27,7060,0,15805,0,8531,22865,31397,7898,0,3687,0,0,11586,11586,2786599
2024-06-14,2024,6,14,port434,Hai Phong,Vietnam,VNM,7,1,3,0,1,11,12,9804,0,0,0,707,9804,10512,2909,0,0,0,0,2909,2909,2786600
2024-06-15,2024,6,15,port434,Hai Phong,Vietnam,VNM,9,1,6,0,5,16,21,15463,0,6365,0,10418,21828,32247,629,0,2042,0,0,2672,2672,2786601
2024-06-16,2024,6,16,port434,Hai Phong,Vietnam,VNM,6,0,6,0,3,12,15,4650,0,6194,0,7464,10844,18309,989,0,1975,0,0,2964,2964,2786602
2024-06-17,2024,6,17,port434,Hai Phong,Vietnam,VNM,10,2,6,0,6,18,24,15237,0,3087,0,4080,18324,22404,6792,0,1976,0,0,8768,8768,2786603
2024-06-18,2024,6,18,port434,Hai Phong,Vietnam,VNM,16,0,5,0,7,21,28,24015,0,3883,0,19674,27899,47574,4564,0,355,0,269,4920,5189,2786604
2024-06-19,2024,6,19,port434,Hai Phong,Vietnam,VNM,8,3,6,0,2,17,19,12246,18994,5236,0,4668,36477,41145,4167,0,414,0,0,4581,4581,2786605
2024-06-20,2024,6,20,port434,Hai Phong,Vietnam,VNM,7,1,5,0,2,13,15,14730,11105,8758,0,4327,34594,38922,1744,0,355,0,0,2099,2099,2786606
2024-06-21,2024,6,21,port434,Hai Phong,Vietnam,VNM,18,1,11,1,4,31,35,23127,10382,9413,824,11917,43747,55665,26132,0,1422,0,720,27555,28276,2786607
2024-06-22,2024,6,22,port434,Hai Phong,Vietnam,VNM,9,2,2,0,7,13,20,14034,7422,1652,0,14423,23108,37532,4110,1381,414,0,92,5905,5998,2786608
2024-06-23,2024,6,23,port434,Hai Phong,Vietnam,VNM,8,3,6,0,4,17,21,15237,5839,6148,0,1055,27225,28280,6659,188,4012,0,0,10860,10860,2786609
2024-06-24,2024,6,24,port434,Hai Phong,Vietnam,VNM,9,1,8,1,3,19,22,12181,0,4138,0,1799,16320,18119,8673,0,7070,0,0,15744,15744,2786610
2024-06-25,2024,6,25,port434,Hai Phong,Vietnam,VNM,13,1,6,0,2,20,22,16292,31959,7293,0,10382,55546,65928,7429,0,711,0,0,8140,8140,2786611
2024-06-26,2024,6,26,port434,Hai Phong,Vietnam,VNM,9,1,6,0,6,16,22,16590,18548,5662,0,8895,40801,49696,11523,0,769,0,0,12292,12292,2786612
2024-06-27,2024,6,27,port434,Hai Phong,Vietnam,VNM,9,1,4,0,3,14,17,17642,7422,4504,0,3632,29569,33202,629,1381,0,0,0,2010,2010,2786613
2024-06-28,2024,6,28,port434,Hai Phong,Vietnam,VNM,11,1,7,0,4,19,23,17320,6213,5618,0,7033,29152,36185,4811,0,3667,0,0,8478,8478,2786614
2024-06-29,2024,6,29,port434,Hai Phong,Vietnam,VNM,8,1,2,0,5,11,16,22742,17551,4919,0,7060,45213,52273,1742,0,0,0,0,1742,1742,2786615
2024-06-30,2024,6,30,port434,Hai Phong,Vietnam,VNM,11,2,5,0,5,18,23,19121,7422,6560,0,14478,33104,47582,8205,1381,711,0,0,10298,10298,2786616
2024-07-01,2024,7,1,port434,Hai Phong,Vietnam,VNM,12,0,6,0,4,18,22,20942,0,6518,0,4913,27460,32373,10972,0,3151,0,0,14123,14123,2786617
2024-07-02,2024,7,2,port434,Hai Phong,Vietnam,VNM,7,1,6,2,4,16,20,7015,2760,3304,435,1240,13516,14756,3080,0,828,160,0,4069,4069,2786618
2024-07-03,2024,7,3,port434,Hai Phong,Vietnam,VNM,14,1,4,0,3,19,22,24629,0,7063,0,3262,31692,34954,7885,0,1125,0,92,9010,9103,2786619
2024-07-04,2024,7,4,port434,Hai Phong,Vietnam,VNM,4,1,8,0,3,13,16,390,0,9825,0,4306,10216,14522,6812,0,3946,0,755,10759,11514,2786620
2024-07-05,2024,7,5,port434,Hai Phong,Vietnam,VNM,10,0,5,1,7,16,23,17240,0,8412,1729,16449,27381,43831,8193,0,0,0,92,8193,8286,2786621
2024-07-06,2024,7,6,port434,Hai Phong,Vietnam,VNM,8,0,8,0,2,16,18,24591,0,3154,0,0,27746,27746,4698,0,711,0,0,5409,5409,2786622
2024-07-07,2024,7,7,port434,Hai Phong,Vietnam,VNM,10,0,9,0,4,19,23,20207,0,12110,0,12999,32317,45316,629,0,2846,0,92,3476,3569,2786623
2024-07-08,2024,7,8,port434,Hai Phong,Vietnam,VNM,8,3,4,0,4,15,19,15715,1454,0,0,4458,17170,21628,4868,0,1745,0,7340,6613,13954,2786624
2024-07-09,2024,7,9,port434,Hai Phong,Vietnam,VNM,11,0,6,1,6,18,24,21037,0,5511,660,10024,27208,37233,1825,0,812,0,92,2638,2731,2786625
2024-07-10,2024,7,10,port434,Hai Phong,Vietnam,VNM,9,0,5,0,6,14,20,8812,0,4739,0,14350,13551,27902,1889,0,3843,0,5663,5732,11395,2786626
2024-07-11,2024,7,11,port434,Hai Phong,Vietnam,VNM,15,0,3,0,6,18,24,22168,0,0,0,14340,22168,36508,18449,0,0,0,0,18449,18449,2786627
2024-07-12,2024,7,12,port434,Hai Phong,Vietnam,VNM,8,1,4,0,2,13,15,20796,0,3087,0,0,23883,23883,3471,0,711,0,1393,4182,5576,2786628
2024-07-13,2024,7,13,port434,Hai Phong,Vietnam,VNM,14,1,6,0,4,21,25,19312,0,5287,0,8330,24599,32929,4750,0,769,0,0,5520,5520,2786629
2024-07-14,2024,7,14,port434,Hai Phong,Vietnam,VNM,8,0,5,0,2,13,15,15704,0,3195,0,1868,18900,20768,2876,0,1830,0,92,4706,4799,2786630
2024-07-15,2024,7,15,port434,Hai Phong,Vietnam,VNM,11,1,5,0,6,17,23,20557,0,7826,0,15845,28383,44229,3940,0,1836,0,0,5776,5776,2786631
2024-07-16,2024,7,16,port434,Hai Phong,Vietnam,VNM,8,2,7,0,4,17,21,16298,8811,6735,0,22570,31845,54415,1297,0,769,0,92,2067,2160,2786632
2024-07-17,2024,7,17,port434,Hai Phong,Vietnam,VNM,9,1,4,0,4,14,18,10392,6325,7480,0,3737,24198,27935,4081,0,769,0,185,4850,5036,2786633
2024-07-18,2024,7,18,port434,Hai Phong,Vietnam,VNM,11,0,4,0,5,15,20,16420,0,2510,0,6834,18931,25765,12822,0,355,0,176,13178,13354,2786634
2024-07-19,2024,7,19,port434,Hai Phong,Vietnam,VNM,9,1,8,0,5,18,23,8688,0,4420,0,5040,13109,18150,13048,518,5246,0,0,18812,18812,2786635
2024-07-20,2024,7,20,port434,Hai Phong,Vietnam,VNM,9,3,10,0,3,22,25,8791,14844,15995,0,2297,39631,41929,6257,2762,6094,0,92,15114,15206,2786636
2024-07-21,2024,7,21,port434,Hai Phong,Vietnam,VNM,7,0,5,0,6,12,18,9940,0,3087,0,10088,13027,23115,16945,0,711,0,0,17656,17656,2786637
2024-07-22,2024,7,22,port434,Hai Phong,Vietnam,VNM,13,1,5,1,4,20,24,30605,0,12672,0,12125,43278,55403,10799,0,0,0,467,10799,11266,2786638
2024-07-23,2024,7,23,port434,Hai Phong,Vietnam,VNM,10,0,2,0,3,12,15,7168,0,0,0,1904,7168,9072,10358,0,0,0,0,10358,10358,2786639
2024-07-24,2024,7,24,port434,Hai Phong,Vietnam,VNM,10,1,6,0,5,17,22,17555,15076,12941,0,13623,45572,59196,6519,0,749,0,362,7268,7631,2786640
2024-07-25,2024,7,25,port434,Hai Phong,Vietnam,VNM,14,2,9,0,4,25,29,15404,19314,6070,0,4930,40790,45720,9217,0,414,0,0,9631,9631,2786641
2024-07-26,2024,7,26,port434,Hai Phong,Vietnam,VNM,11,0,7,0,4,18,22,33271,0,3195,0,15726,36467,52194,652,0,960,0,0,1613,1613,2786642
2024-07-27,2024,7,27,port434,Hai Phong,Vietnam,VNM,6,1,2,0,5,9,14,7569,1446,0,0,7022,9015,16038,2786,0,0,0,176,2786,2963,2786643
2024-07-28,2024,7,28,port434,Hai Phong,Vietnam,VNM,2,2,7,0,2,11,13,6759,0,4477,0,3998,11236,15235,374,0,2250,0,0,2624,2624,2786644
2024-07-29,2024,7,29,port434,Hai Phong,Vietnam,VNM,7,0,6,1,4,14,18,11063,0,7582,1514,9254,20161,29415,6744,0,1125,0,185,7869,8055,2786645
2024-07-30,2024,7,30,port434,Hai Phong,Vietnam,VNM,11,0,3,0,7,14,21,25878,0,4739,0,14927,30617,45545,9386,0,1125,0,0,10511,10511,2786646
2024-07-31,2024,7,31,port434,Hai Phong,Vietnam,VNM,12,1,4,0,5,17,22,21525,7422,2792,0,16702,31740,48442,4186,1381,355,0,92,5923,6015,2786647
2024-08-01,2024,8,1,port434,Hai Phong,Vietnam,VNM,10,0,8,0,5,18,23,13340,0,6790,0,12385,20130,32516,15929,0,870,0,353,16800,17153,2786648
2024-08-02,2024,8,2,port434,Hai Phong,Vietnam,VNM,13,1,4,0,4,18,22,35542,13825,4321,0,1868,53689,55557,2909,0,3410,0,92,6320,6412,2786649
2024-08-03,2024,8,3,port434,Hai Phong,Vietnam,VNM,9,1,3,1,6,14,20,5189,6305,3959,2187,13616,17641,31258,23566,0,711,0,92,24277,24370,2786650
2024-08-04,2024,8,4,port434,Hai Phong,Vietnam,VNM,9,0,7,1,3,17,20,13739,0,6390,973,8999,21103,30102,8542,0,0,0,0,8542,8542,2786651
2024-08-05,2024,8,5,port434,Hai Phong,Vietnam,VNM,8,0,8,0,2,16,18,11863,0,8595,0,707,20459,21167,2975,0,1480,0,0,4456,4456,2786652
2024-08-06,2024,8,6,port434,Hai Phong,Vietnam,VNM,12,2,4,0,6,18,24,38165,0,9920,0,17259,48085,65345,1965,0,769,0,0,2734,2734,2786653
2024-08-07,2024,8,7,port434,Hai Phong,Vietnam,VNM,9,0,5,0,6,14,20,19000,0,1543,0,11572,20544,32116,1889,0,2035,0,176,3924,4100,2786654
2024-08-08,2024,8,8,port434,Hai Phong,Vietnam,VNM,10,0,4,1,5,15,20,13323,0,1883,0,5984,15207,21191,3564,0,0,193,92,3758,3851,2786655
2024-08-09,2024,8,9,port434,Hai Phong,Vietnam,VNM,10,1,7,0,2,18,20,16729,11201,8711,0,1132,36642,37775,7843,0,1480,0,0,9324,9324,2786656
2024-08-10,2024,8,10,port434,Hai Phong,Vietnam,VNM,7,0,7,0,6,14,20,10135,0,14003,0,5291,24139,29430,1685,0,938,0,185,2623,2809,2786657
2024-08-11,2024,8,11,port434,Hai Phong,Vietnam,VNM,9,0,2,0,3,11,14,7044,0,3767,0,5180,10812,15993,8358,0,0,0,176,8358,8535,2786658
2024-08-12,2024,8,12,port434,Hai Phong,Vietnam,VNM,11,0,1,0,7,12,19,16606,0,3284,0,27443,19890,47334,3829,0,227,0,185,4056,4242,2786659
2024-08-13,2024,8,13,port434,Hai Phong,Vietnam,VNM,13,0,3,0,5,16,21,18422,0,3898,0,14322,22321,36643,12145,0,0,0,0,12145,12145,2786660
2024-08-14,2024,8,14,port434,Hai Phong,Vietnam,VNM,8,2,3,0,6,13,19,15051,23518,888,0,13913,39458,53372,2428,0,572,0,1253,3001,4255,2786661
2024-08-15,2024,8,15,port434,Hai Phong,Vietnam,VNM,11,2,4,0,2,17,19,21224,8782,3362,0,4496,33370,37866,2393,0,355,0,0,2748,2748,2786662
2024-08-16,2024,8,16,port434,Hai Phong,Vietnam,VNM,13,0,8,0,4,21,25,22351,0,9446,0,7174,31798,38972,10396,0,414,0,0,10810,10810,2786663
2024-08-17,2024,8,17,port434,Hai Phong,Vietnam,VNM,11,0,9,0,3,20,23,21373,0,10113,0,5542,31486,37028,8404,0,1558,0,0,9962,9962,2786664
2024-08-18,2024,8,18,port434,Hai Phong,Vietnam,VNM,13,0,4,1,4,18,22,18253,0,1541,0,14262,19795,34058,14125,0,0,0,0,14125,14125,2786665
2024-08-19,2024,8,19,port434,Hai Phong,Vietnam,VNM,10,0,6,0,3,16,19,7655,0,6854,0,5389,14509,19899,5493,0,1125,0,0,6618,6618,2786666
2024-08-20,2024,8,20,port434,Hai Phong,Vietnam,VNM,17,4,3,1,5,25,30,40757,18114,0,824,8382,59696,68079,13414,0,4701,0,92,18116,18208,2786667
2024-08-21,2024,8,21,port434,Hai Phong,Vietnam,VNM,9,1,5,0,6,15,21,16758,0,7422,0,15906,24181,40088,8974,0,375,0,176,9349,9526,2786668
2024-08-22,2024,8,22,port434,Hai Phong,Vietnam,VNM,9,1,6,0,1,16,17,11901,6305,3292,0,1868,21500,23368,5992,0,769,0,92,6761,6854,2786669
2024-08-23,2024,8,23,port434,Hai Phong,Vietnam,VNM,3,0,4,0,5,7,12,0,0,3735,0,2930,3735,6665,4495,0,769,0,0,5264,5264,2786670
2024-08-24,2024,8,24,port434,Hai Phong,Vietnam,VNM,10,0,8,1,3,19,22,12625,0,12543,0,529,25168,25698,15303,0,1340,0,0,16643,16643,2786671
2024-08-25,2024,8,25,port434,Hai Phong,Vietnam,VNM,7,2,7,0,6,16,22,23770,15998,11232,0,8844,51000,59845,900,1381,769,0,92,3051,3143,2786672
2024-08-26,2024,8,26,port434,Hai Phong,Vietnam,VNM,10,0,9,0,4,19,23,24926,0,6737,0,12395,31663,44059,6305,0,355,0,269,6660,6929,2786673
2024-08-27,2024,8,27,port434,Hai Phong,Vietnam,VNM,15,0,2,0,5,17,22,23873,0,4583,0,5741,28457,34198,8880,0,414,0,92,9294,9386,2786674
2024-08-28,2024,8,28,port434,Hai Phong,Vietnam,VNM,14,2,8,0,4,24,28,24107,0,17111,0,2747,41218,43966,12873,2174,1539,0,92,16587,16680,2786675
2024-08-29,2024,8,29,port434,Hai Phong,Vietnam,VNM,7,0,7,0,6,14,20,8374,0,3879,0,809,12254,13063,3750,0,711,0,1132,4461,5594,2786676
2024-08-30,2024,8,30,port434,Hai Phong,Vietnam,VNM,5,0,5,2,2,12,14,278,0,12510,0,0,12788,12788,12376,0,4634,0,291,17011,17302,2786677
2024-08-31,2024,8,31,port434,Hai Phong,Vietnam,VNM,11,1,5,1,6,18,24,28350,5910,4103,1729,10017,40094,50112,3954,0,355,0,628,4310,4938,2786678
2024-09-01,2024,9,1,port434,Hai Phong,Vietnam,VNM,12,1,4,0,3,17,20,16972,7422,1088,0,8374,25483,33858,7503,1381,0,0,0,8884,8884,2786679
2024-09-02,2024,9,2,port434,Hai Phong,Vietnam,VNM,9,0,3,1,3,13,16,11912,0,5098,0,6066,17011,23077,5096,0,355,0,734,5452,6186,2786680
2024-09-03,2024,9,3,port434,Hai Phong,Vietnam,VNM,16,2,5,0,4,23,27,36955,23089,1543,0,2639,61589,64228,4339,1381,5253,0,92,10974,11066,2786681
2024-09-04,2024,9,4,port434,Hai Phong,Vietnam,VNM,12,0,5,0,4,17,21,29791,0,8023,0,0,37815,37815,5208,0,1352,0,0,6560,6560,2786682
2024-09-05,2024,9,5,port434,Hai Phong,Vietnam,VNM,9,0,2,0,3,11,14,18997,0,3539,0,6747,22537,29284,10262,0,0,0,0,10262,10262,2786683
2024-09-06,2024,9,6,port434,Hai Phong,Vietnam,VNM,0,0,0,0,0,0,0,0,0,0,0,0,0,0,0,0,0,0,0,0,0,2786684
2024-09-07,2024,9,7,port434,Hai Phong,Vietnam,VNM,0,0,0,0,0,0,0,0,0,0,0,0,0,0,0,0,0,0,0,0,0,2786685
2024-09-08,2024,9,8,port434,Hai Phong,Vietnam,VNM,0,0,0,0,0,0,0,0,0,0,0,0,0,0,0,0,0,0,0,0,0,2786686
2024-09-09,2024,9,9,port434,Hai Phong,Vietnam,VNM,23,5,14,1,7,43,50,36927,8733,12683,0,24613,58345,82958,9232,1381,3517,0,269,14131,14400,2786687
2024-09-10,2024,9,10,port434,Hai Phong,Vietnam,VNM,12,1,6,0,4,19,23,20441,6307,7865,0,12132,34614,46746,9262,0,6531,0,0,15793,15793,2786688
2024-09-11,2024,9,11,port434,Hai Phong,Vietnam,VNM,14,0,4,0,6,18,24,24811,0,10970,0,734,35782,36517,4737,0,711,0,527,5448,5976,2786689
2024-09-12,2024,9,12,port434,Hai Phong,Vietnam,VNM,19,2,4,0,6,25,31,41193,20404,1817,0,5839,63415,69255,5016,0,355,0,92,5372,5465,2786690
2024-09-13,2024,9,13,port434,Hai Phong,Vietnam,VNM,10,2,3,2,5,17,22,10960,24038,3061,2051,10990,40111,51102,8116,0,355,0,0,8472,8472,2786691
2024-09-14,2024,9,14,port434,Hai Phong,Vietnam,VNM,9,0,2,0,1,11,12,16415,0,2004,0,457,18419,18877,6496,0,0,0,0,6496,6496,2786692
2024-09-15,2024,9,15,port434,Hai Phong,Vietnam,VNM,11,1,7,1,6,20,26,13706,0,7102,1675,7910,22484,30394,9798,0,6440,0,176,16238,16415,2786693
2024-09-16,2024,9,16,port434,Hai Phong,Vietnam,VNM,2,2,13,0,6,17,23,2314,37329,20344,0,4204,59988,64192,1632,0,1422,0,0,3054,3054,2786694
2024-09-17,2024,9,17,port434,Hai Phong,Vietnam,VNM,11,0,4,0,2,15,17,15014,0,3195,0,652,18210,18862,2370,0,4024,0,0,6394,6394,2786695
2024-09-18,2024,9,18,port434,Hai Phong,Vietnam,VNM,10,0,7,0,7,17,24,10959,0,10638,0,18302,21598,39900,5821,0,2672,0,0,8494,8494,2786696
2024-09-19,2024,9,19,port434,Hai Phong,Vietnam,VNM,6,3,6,0,4,15,19,15211,27519,6918,0,6749,49648,56398,5732,0,3235,0,92,8967,9060,2786697
2024-09-20,2024,9,20,port434,Hai Phong,Vietnam,VNM,11,0,2,0,2,13,15,12200,0,7749,0,727,19950,20677,17110,0,0,0,5045,17110,22156,2786698
2024-09-21,2024,9,21,port434,Hai Phong,Vietnam,VNM,11,4,5,0,5,20,25,18002,16009,1652,0,6481,35664,42145,17440,25847,414,0,0,43701,43701,2786699
2024-09-22,2024,9,22,port434,Hai Phong,Vietnam,VNM,11,1,1,0,5,13,18,26949,7422,3284,0,14775,37656,52432,2518,1381,227,0,35,4126,4162,2786700
2024-09-23,2024,9,23,port434,Hai Phong,Vietnam,VNM,7,0,8,0,4,15,19,11271,0,19048,0,3731,30320,34051,4388,0,6164,0,0,10552,10552,2786701
2024-09-24,2024,9,24,port434,Hai Phong,Vietnam,VNM,13,0,2,0,4,15,19,14613,0,4528,0,6025,19142,25168,3661,0,0,0,0,3661,3661,2786702
2024-09-25,2024,9,25,port434,Hai Phong,Vietnam,VNM,9,2,6,1,6,18,24,15497,34779,3195,660,4691,54133,58824,6511,0,769,0,0,7281,7281,2786703
2024-09-26,2024,9,26,port434,Hai Phong,Vietnam,VNM,10,1,7,0,6,18,24,10781,5910,6952,0,7363,23644,31008,13945,0,926,0,92,14871,14964,2786704
2024-09-27,2024,9,27,port434,Hai Phong,Vietnam,VNM,14,2,8,0,2,24,26,30831,0,3195,0,7527,34026,41553,4008,0,4014,0,92,8022,8115,2786705
2024-09-28,2024,9,28,port434,Hai Phong,Vietnam,VNM,8,0,6,1,4,15,19,9360,0,5076,1729,6839,16165,23004,7032,0,355,0,92,7388,7480,2786706
2024-09-29,2024,9,29,port434,Hai Phong,Vietnam,VNM,14,2,5,1,3,22,25,31707,29300,7761,0,0,68769,68769,1030,0,711,0,0,1741,1741,2786707
2024-09-30,2024,9,30,port434,Hai Phong,Vietnam,VNM,11,0,7,0,4,18,22,24780,0,11867,0,4424,36648,41073,4911,0,1066,0,185,5977,6163,2786708
2024-10-01,2024,10,1,port434,Hai Phong,Vietnam,VNM,15,0,6,0,5,21,26,12359,0,9875,0,24783,22234,47018,17433,0,2342,0,0,19775,19775,2786709
2024-10-02,2024,10,2,port434,Hai Phong,Vietnam,VNM,9,2,4,0,5,15,20,21330,20695,6249,0,8445,48275,56720,2518,0,0,0,35,2518,2554,2786710
2024-10-03,2024,10,3,port434,Hai Phong,Vietnam,VNM,7,1,5,0,5,13,18,5208,1117,1991,0,15400,8318,23718,2526,0,0,0,0,2526,2526,2786711
2024-10-04,2024,10,4,port434,Hai Phong,Vietnam,VNM,11,1,3,1,5,16,21,22784,830,2894,0,8061,26508,34570,1889,0,355,0,176,2244,2421,2786712
2024-10-05,2024,10,5,port434,Hai Phong,Vietnam,VNM,7,1,1,1,2,10,12,9771,976,0,386,154,11134,11288,6595,0,0,0,0,6595,6595,2786713
2024-10-06,2024,10,6,port434,Hai Phong,Vietnam,VNM,6,2,5,0,3,13,16,29349,610,4584,0,3165,34544,37710,629,0,530,0,0,1159,1159,2786714
2024-10-07,2024,10,7,port434,Hai Phong,Vietnam,VNM,8,0,7,0,3,15,18,11700,0,3085,0,8031,14785,22816,8214,0,1214,0,185,9428,9614,2786715
2024-10-08,2024,10,8,port434,Hai Phong,Vietnam,VNM,16,3,5,0,4,24,28,34542,8789,4739,0,5780,48072,53852,3135,456,4860,0,0,8452,8452,2786716
2024-10-09,2024,10,9,port434,Hai Phong,Vietnam,VNM,15,2,3,2,6,22,28,13708,14656,152,285,21381,28803,50185,9908,0,150,0,353,10059,10412,2786717
2024-10-10,2024,10,10,port434,Hai Phong,Vietnam,VNM,3,1,6,0,3,10,13,2818,1281,15832,0,8455,19933,28388,2597,0,769,0,0,3367,3367,2786718
2024-10-11,2024,10,11,port434,Hai Phong,Vietnam,VNM,12,1,6,0,6,19,25,22365,20534,3997,0,2601,46897,49498,12709,0,769,0,92,13478,13571,2786719
2024-10-12,2024,10,12,port434,Hai Phong,Vietnam,VNM,7,1,10,0,6,18,24,7274,0,7768,0,10603,15043,25646,10959,294,1082,0,0,12335,12335,2786720
2024-10-13,2024,10,13,port434,Hai Phong,Vietnam,VNM,13,3,3,1,3,20,23,17764,54373,4940,0,396,77079,77476,7622,0,0,0,161,7622,7783,2786721
2024-10-14,2024,10,14,port434,Hai Phong,Vietnam,VNM,12,1,7,0,5,20,25,17917,0,7717,0,15350,25635,40985,8254,572,5283,0,0,14110,14110,2786722
2024-10-15,2024,10,15,port434,Hai Phong,Vietnam,VNM,16,0,5,0,4,21,25,44604,0,8411,0,8760,53015,61776,1259,0,0,0,0,1259,1259,2786723
2024-10-16,2024,10,16,port434,Hai Phong,Vietnam,VNM,16,1,9,0,3,26,29,13809,0,12872,0,10050,26682,36732,5547,0,4741,0,0,10288,10288,2786724
2024-10-17,2024,10,17,port434,Hai Phong,Vietnam,VNM,7,0,11,0,10,18,28,8646,0,12669,0,17686,21315,39002,3516,0,2893,0,185,6409,6594,2786725
2024-10-18,2024,10,18,port434,Hai Phong,Vietnam,VNM,11,0,1,0,5,12,17,29931,0,1451,0,7082,31382,38465,2255,0,0,0,0,2255,2255,2786726
2024-10-19,2024,10,19,port434,Hai Phong,Vietnam,VNM,13,2,3,0,5,18,23,20434,8448,0,0,7608,28882,36490,19955,0,381,0,407,20337,20744,2786727
2024-10-20,2024,10,20,port434,Hai Phong,Vietnam,VNM,6,3,7,0,5,16,21,11148,2338,8847,0,9180,22333,31514,10852,0,569,0,0,11422,11422,2786728
2024-10-21,2024,10,21,port434,Hai Phong,Vietnam,VNM,13,2,6,0,3,21,24,23823,6305,0,0,2892,30129,33022,4752,5016,0,0,92,9769,9861,2786729
2024-10-22,2024,10,22,port434,Hai Phong,Vietnam,VNM,10,1,3,1,3,15,18,20389,21990,1543,0,7230,43922,51153,12115,0,355,0,92,12471,12564,2786730
2024-10-23,2024,10,23,port434,Hai Phong,Vietnam,VNM,9,0,7,0,6,16,22,15672,0,7114,0,21645,22786,44432,3903,0,789,0,176,4692,4869,2786731
2024-10-24,2024,10,24,port434,Hai Phong,Vietnam,VNM,8,1,7,0,7,16,23,12856,13738,6292,0,9712,32887,42599,1125,0,2672,0,185,3797,3983,2786732
2024-10-25,2024,10,25,port434,Hai Phong,Vietnam,VNM,12,0,11,1,5,24,29,18132,0,2991,435,8341,21559,29900,3817,0,4661,160,734,8640,9374,2786733
2024-10-26,2024,10,26,port434,Hai Phong,Vietnam,VNM,9,0,2,0,4,11,15,8938,0,0,0,11044,8938,19983,16552,0,0,0,631,16552,17184,2786734
2024-10-27,2024,10,27,port434,Hai Phong,Vietnam,VNM,8,2,1,0,3,11,14,11628,17267,5909,0,15834,34805,50640,1918,0,0,0,0,1918,1918,2786735
2024-10-28,2024,10,28,port434,Hai Phong,Vietnam,VNM,5,1,3,0,2,9,11,10363,20091,4630,0,2556,35085,37642,1144,0,1066,0,92,2210,2303,2786736
2024-10-29,2024,10,29,port434,Hai Phong,Vietnam,VNM,16,0,0,0,1,16,17,24350,0,0,0,1868,24350,26218,17452,0,0,0,92,17452,17544,2786737
2024-10-30,2024,10,30,port434,Hai Phong,Vietnam,VNM,14,0,10,1,4,25,29,25501,0,8854,0,4470,34355,38825,4800,0,414,0,185,5214,5400,2786738
2024-10-31,2024,10,31,port434,Hai Phong,Vietnam,VNM,14,1,5,0,6,20,26,26767,3471,13742,0,2517,43981,46499,9336,0,1183,0,3817,10519,14336,2786739
2024-11-01,2024,11,1,port434,Hai Phong,Vietnam,VNM,10,1,4,1,6,16,22,17745,0,5836,0,11587,23582,35169,11673,170,0,0,628,11843,12471,2786740
2024-11-02,2024,11,2,port434,Hai Phong,Vietnam,VNM,10,1,5,1,4,17,21,15342,0,8837,0,12520,24180,36701,17132,483,4467,1410,0,23493,23493,2786741
2024-11-03,2024,11,3,port434,Hai Phong,Vietnam,VNM,8,2,6,0,7,16,23,20831,13727,4739,0,9018,39298,48317,6312,1381,1125,0,92,8818,8911,2786742
2024-11-04,2024,11,4,port434,Hai Phong,Vietnam,VNM,8,0,2,0,5,10,15,11346,0,1676,0,12935,13022,25958,2024,0,0,0,535,2024,2560,2786743
2024-11-05,2024,11,5,port434,Hai Phong,Vietnam,VNM,10,2,2,0,3,14,17,22331,14719,1543,0,8147,38594,46742,2766,0,355,0,0,3121,3121,2786744
2024-11-06,2024,11,6,port434,Hai Phong,Vietnam,VNM,12,0,2,0,6,14,20,33508,0,2319,0,9840,35827,45668,4274,0,355,0,185,4630,4815,2786745
2024-11-07,2024,11,7,port434,Hai Phong,Vietnam,VNM,11,1,5,0,7,17,24,28211,0,1652,0,1441,29863,31305,5345,963,414,0,0,6723,6723,2786746
2024-11-08,2024,11,8,port434,Hai Phong,Vietnam,VNM,6,1,9,0,5,16,21,7046,0,13960,0,20364,21007,41371,1481,503,582,0,0,2568,2568,2786747
2024-11-09,2024,11,9,port434,Hai Phong,Vietnam,VNM,13,1,5,0,4,19,23,15541,7392,4779,0,11048,27713,38761,27168,0,0,0,92,27168,27261,2786748
2024-11-10,2024,11,10,port434,Hai Phong,Vietnam,VNM,10,0,5,1,5,16,21,16265,0,3810,0,3642,20075,23718,5024,0,1165,0,0,6189,6189,2786749
2024-11-11,2024,11,11,port434,Hai Phong,Vietnam,VNM,4,1,9,0,7,14,21,5814,8485,7585,0,17218,21885,39104,6391,0,711,0,185,7102,7288,2786750
2024-11-12,2024,11,12,port434,Hai Phong,Vietnam,VNM,12,1,8,0,7,21,28,24670,33275,10826,0,8240,68772,77012,0,0,1352,0,0,1352,1352,2786751
2024-11-13,2024,11,13,port434,Hai Phong,Vietnam,VNM,20,2,9,0,6,31,37,29680,0,19628,0,4621,49308,53929,5686,0,355,0,185,6041,6227,2786752
2024-11-14,2024,11,14,port434,Hai Phong,Vietnam,VNM,13,0,5,0,2,18,20,27165,0,5126,0,5098,32291,37390,21212,0,0,0,535,21212,21747,2786753
2024-11-15,2024,11,15,port434,Hai Phong,Vietnam,VNM,6,1,11,1,5,19,24,9404,6305,15561,0,15372,31271,46643,1889,0,1066,0,0,2955,2955,2786754
2024-11-16,2024,11,16,port434,Hai Phong,Vietnam,VNM,13,1,8,0,4,22,26,27524,0,7518,0,5104,35042,40146,11706,0,3688,0,92,15395,15488,2786755
2024-11-17,2024,11,17,port434,Hai Phong,Vietnam,VNM,10,0,12,0,3,22,25,21132,0,18589,0,6175,39722,45898,4949,0,1500,0,0,6449,6449,2786756
2024-11-18,2024,11,18,port434,Hai Phong,Vietnam,VNM,11,2,9,0,4,22,26,17726,30751,4739,0,7360,53217,60577,15212,0,1125,0,0,16338,16338,2786757
2024-11-19,2024,11,19,port434,Hai Phong,Vietnam,VNM,5,0,1,0,7,6,13,18194,0,0,0,4097,18194,22292,378,0,0,0,0,378,378,2786758
2024-11-20,2024,11,20,port434,Hai Phong,Vietnam,VNM,10,1,6,0,5,17,22,13719,0,3195,0,9023,16915,25938,14227,0,4853,0,92,19080,19173,2786759
2024-11-21,2024,11,21,port434,Hai Phong,Vietnam,VNM,13,0,3,0,5,16,21,34944,0,5493,0,7302,40438,47741,1889,0,0,0,0,1889,1889,2786760
2024-11-22,2024,11,22,port434,Hai Phong,Vietnam,VNM,13,1,4,0,5,18,23,21422,0,1652,0,7027,23074,30102,10156,99,414,0,269,10670,10939,2786761
2024-11-23,2024,11,23,port434,Hai Phong,Vietnam,VNM,8,0,3,0,6,11,17,7681,0,396,0,13391,8078,21470,6369,0,0,0,0,6369,6369,2786762
2024-11-24,2024,11,24,port434,Hai Phong,Vietnam,VNM,12,1,3,1,4,17,21,21743,7422,0,0,8013,29165,37178,5546,1381,0,0,0,6927,6927,2786763
2024-11-25,2024,11,25,port434,Hai Phong,Vietnam,VNM,10,0,3,1,4,14,18,12683,0,5157,0,8457,17841,26298,8051,0,355,0,0,8407,8407,2786764
2024-11-26,2024,11,26,port434,Hai Phong,Vietnam,VNM,7,1,5,0,5,13,18,7104,3253,1543,0,9405,11901,21306,688,0,478,0,92,1166,1259,2786765
2024-11-27,2024,11,27,port434,Hai Phong,Vietnam,VNM,14,1,0,1,4,16,20,17707,0,0,1154,15509,18861,34371,11411,0,0,0,0,11411,11411,2786766
2024-11-28,2024,11,28,port434,Hai Phong,Vietnam,VNM,7,0,2,0,4,9,13,18403,0,0,0,4532,18403,22935,1779,0,843,0,92,2622,2715,2786767
2024-11-29,2024,11,29,port434,Hai Phong,Vietnam,VNM,10,1,4,0,3,15,18,6657,0,7700,0,1868,14358,16226,7952,394,1048,0,2232,9394,11627,2786768
2024-11-30,2024,11,30,port434,Hai Phong,Vietnam,VNM,9,3,5,0,1,17,18,16636,13605,7036,0,6961,37277,44238,8039,670,711,0,0,9421,9421,2786769
2024-12-01,2024,12,1,port434,Hai Phong,Vietnam,VNM,11,1,4,0,6,16,22,14403,21993,4848,0,3737,41244,44982,5779,0,1183,0,185,6962,7148,2786770
2024-12-02,2024,12,2,port434,Hai Phong,Vietnam,VNM,10,1,5,0,5,16,21,19037,6305,2250,0,7140,27594,34734,3736,0,0,0,92,3736,3829,2786771
2024-12-03,2024,12,3,port434,Hai Phong,Vietnam,VNM,12,0,10,0,7,22,29,28045,0,6282,0,21030,34328,55358,2452,0,7924,0,0,10377,10377,2786772
2024-12-04,2024,12,4,port434,Hai Phong,Vietnam,VNM,12,2,6,0,5,20,25,10332,0,6391,0,12748,16724,29472,11569,0,1539,0,92,13108,13201,2786773
2024-12-05,2024,12,5,port434,Hai Phong,Vietnam,VNM,8,1,3,1,7,13,20,23060,282,2050,0,2973,25393,28367,629,0,889,0,0,1519,1519,2786774
2024-12-06,2024,12,6,port434,Hai Phong,Vietnam,VNM,9,0,6,0,6,15,21,17544,0,9263,0,16423,26807,43231,15585,0,1125,0,269,16710,16980,2786775
2024-12-07,2024,12,7,port434,Hai Phong,Vietnam,VNM,11,0,10,0,1,21,22,17258,0,13434,0,0,30693,30693,10757,0,1894,0,0,12652,12652,2786776
2024-12-08,2024,12,8,port434,Hai Phong,Vietnam,VNM,10,2,5,1,3,18,21,14524,8637,7629,0,1446,30790,32237,7409,0,711,0,0,8120,8120,2786777
2024-12-09,2024,12,9,port434,Hai Phong,Vietnam,VNM,14,3,4,1,4,22,26,19299,10280,6307,435,21775,36323,58098,5124,1381,1001,160,0,7668,7668,2786778
2024-12-10,2024,12,10,port434,Hai Phong,Vietnam,VNM,13,1,4,0,5,18,23,9229,0,3087,0,3085,12316,15401,5006,0,711,0,0,5718,5718,2786779
2024-12-11,2024,12,11,port434,Hai Phong,Vietnam,VNM,7,3,3,0,4,13,17,15645,9561,2642,0,11200,27850,39050,6538,1381,355,0,0,8274,8274,2786780
2024-12-12,2024,12,12,port434,Hai Phong,Vietnam,VNM,12,1,7,0,7,20,27,18560,0,10394,0,9260,28955,38216,15768,0,828,0,0,16596,16596,2786781
2024-12-13,2024,12,13,port434,Hai Phong,Vietnam,VNM,15,3,5,0,3,23,26,23451,48636,9390,0,3323,81478,84802,6893,1381,0,0,3751,8274,12026,2786782
2024-12-14,2024,12,14,port434,Hai Phong,Vietnam,VNM,9,1,1,0,5,11,16,17620,0,2888,0,9664,20509,30173,7472,0,0,0,92,7472,7564,2786783
2024-12-15,2024,12,15,port434,Hai Phong,Vietnam,VNM,8,0,3,0,4,11,15,23905,0,2413,0,17503,26319,43823,6740,0,0,0,92,6740,6833,2786784
2024-12-16,2024,12,16,port434,Hai Phong,Vietnam,VNM,14,1,7,0,6,22,28,32628,941,6174,0,12696,39744,52441,2544,0,1422,0,92,3966,4059,2786785
2024-12-17,2024,12,17,port434,Hai Phong,Vietnam,VNM,8,1,2,0,7,11,18,12954,0,0,0,9963,12954,22918,4507,0,0,0,0,4507,4507,2786786
2024-12-18,2024,12,18,port434,Hai Phong,Vietnam,VNM,9,1,7,0,4,17,21,13386,0,6342,0,8850,19728,28579,3398,0,1299,0,8926,4698,13624,2786787
2024-12-19,2024,12,19,port434,Hai Phong,Vietnam,VNM,18,1,5,0,4,24,28,34398,0,0,0,5465,34398,39863,8350,0,1045,0,0,9395,9395,2786788
2024-12-20,2024,12,20,port434,Hai Phong,Vietnam,VNM,7,3,2,0,4,12,16,16587,26850,3115,0,1373,46552,47925,1022,7392,414,0,0,8828,8828,2786789
2024-12-21,2024,12,21,port434,Hai Phong,Vietnam,VNM,8,1,8,2,7,19,26,25078,18066,8139,1188,15879,52473,68353,1732,0,414,0,92,2147,2239,2786790
2024-12-22,2024,12,22,port434,Hai Phong,Vietnam,VNM,10,1,3,0,5,14,19,18984,21955,7993,0,8723,48933,57656,9272,0,0,0,0,9272,9272,2786791
2024-12-23,2024,12,23,port434,Hai Phong,Vietnam,VNM,11,1,2,0,7,14,21,27714,1464,0,0,6239,29179,35418,1889,0,0,0,446,1889,2335,2786792
2024-12-24,2024,12,24,port434,Hai Phong,Vietnam,VNM,11,0,4,0,8,15,23,21924,0,6057,0,13957,27982,41939,1013,0,0,0,92,1013,1105,2786793
2024-12-25,2024,12,25,port434,Hai Phong,Vietnam,VNM,13,0,3,1,5,17,22,22843,0,3087,0,15211,25930,41142,2564,0,711,0,185,3275,3461,2786794
2024-12-26,2024,12,26,port434,Hai Phong,Vietnam,VNM,11,0,5,0,3,16,19,11573,0,6199,0,8302,17773,26076,5355,0,769,0,0,6125,6125,2786795
2024-12-27,2024,12,27,port434,Hai Phong,Vietnam,VNM,8,0,3,0,8,11,19,28279,0,3237,0,15946,31517,47463,1259,0,0,0,92,1259,1352,2786796
2024-12-28,2024,12,28,port434,Hai Phong,Vietnam,VNM,15,0,2,0,4,17,21,21600,0,6673,0,6184,28273,34457,13247,0,0,0,92,13247,13340,2786797
2024-12-29,2024,12,29,port434,Hai Phong,Vietnam,VNM,8,1,6,0,6,15,21,9456,0,14263,0,14585,23720,38306,12351,0,0,0,92,12351,12444,2786798
2024-12-30,2024,12,30,port434,Hai Phong,Vietnam,VNM,10,2,6,0,7,18,25,29874,9319,4264,0,22918,43459,66378,3148,1835,847,0,92,5831,5924,2786799
2024-12-31,2024,12,31,port434,Hai Phong,Vietnam,VNM,10,1,6,0,4,17,21,15928,0,10481,0,732,26409,27142,2056,0,5214,0,1537,7270,8808,2786800
2025-01-01,2025,1,1,port434,Hai Phong,Vietnam,VNM,13,0,8,0,6,21,27,26937,0,7415,0,5338,34353,39692,7541,0,1480,0,92,9022,9115,2786801
2025-01-02,2025,1,2,port434,Hai Phong,Vietnam,VNM,15,2,7,3,7,27,34,20654,0,3866,1209,19929,25730,45659,5418,0,355,160,176,5935,6111,2786802
2025-01-03,2025,1,3,port434,Hai Phong,Vietnam,VNM,11,1,11,1,5,24,29,20825,6305,9589,0,12661,36721,49382,4838,0,1125,0,0,5963,5963,2786803
2025-01-04,2025,1,4,port434,Hai Phong,Vietnam,VNM,8,0,4,0,4,12,16,12995,0,9500,0,4644,22495,27140,5230,0,582,0,0,5813,5813,2786804
2025-01-05,2025,1,5,port434,Hai Phong,Vietnam,VNM,8,1,7,0,4,16,20,25102,0,4864,0,7771,29967,37739,1259,0,711,0,0,1970,1970,2786805
2025-01-06,2025,1,6,port434,Hai Phong,Vietnam,VNM,11,0,12,0,7,23,30,23128,0,16135,0,30993,39264,70257,2757,0,1480,0,92,4237,4330,2786806
2025-01-07,2025,1,7,port434,Hai Phong,Vietnam,VNM,13,1,5,0,4,19,23,32023,2790,8819,0,11252,43633,54885,6651,0,769,0,92,7421,7513,2786807
2025-01-08,2025,1,8,port434,Hai Phong,Vietnam,VNM,14,0,5,1,4,20,24,19002,0,1652,3063,8671,23718,32390,6531,0,4881,0,0,11413,11413,2786808
2025-01-09,2025,1,9,port434,Hai Phong,Vietnam,VNM,10,0,2,0,6,12,18,18797,0,1652,0,8008,20449,28457,5101,0,414,0,92,5515,5607,2786809
2025-01-10,2025,1,10,port434,Hai Phong,Vietnam,VNM,18,0,7,0,6,25,31,31809,0,5783,0,14391,37593,51984,10517,0,5724,0,92,16241,16334,2786810
2025-01-11,2025,1,11,port434,Hai Phong,Vietnam,VNM,7,0,4,0,1,11,12,16117,0,0,0,281,16117,16398,6564,0,1304,0,0,7869,7869,2786811
2025-01-12,2025,1,12,port434,Hai Phong,Vietnam,VNM,8,2,4,0,4,14,18,8679,7826,2956,0,11842,19462,31305,13834,1381,590,0,92,15805,15898,2786812
2025-01-13,2025,1,13,port434,Hai Phong,Vietnam,VNM,8,0,3,0,5,11,16,7040,0,3304,0,10189,10345,20535,17424,0,2677,0,0,20102,20102,2786813
2025-01-14,2025,1,14,port434,Hai Phong,Vietnam,VNM,12,1,7,0,3,20,23,36175,0,7844,0,4445,44020,48465,1889,0,938,0,92,2827,2919,2786814
2025-01-15,2025,1,15,port434,Hai Phong,Vietnam,VNM,11,0,2,0,6,13,19,9559,0,1543,0,6090,11102,17192,18065,0,355,0,825,18420,19246,2786815
2025-01-16,2025,1,16,port434,Hai Phong,Vietnam,VNM,12,1,3,0,4,16,20,16485,1090,0,0,15240,17576,32817,7077,0,0,0,92,7077,7170,2786816
2025-01-17,2025,1,17,port434,Hai Phong,Vietnam,VNM,6,1,4,1,7,12,19,19322,4946,8382,0,13870,32652,46522,6654,0,355,0,92,7010,7102,2786817
2025-01-18,2025,1,18,port434,Hai Phong,Vietnam,VNM,13,0,8,0,5,21,26,17293,0,3195,0,3535,20489,24024,2059,0,769,0,0,2828,2828,2786818
2025-01-19,2025,1,19,port434,Hai Phong,Vietnam,VNM,13,1,6,0,4,20,24,31482,0,4138,0,10697,35621,46318,7722,0,3337,0,0,11059,11059,2786819
2025-01-20,2025,1,20,port434,Hai Phong,Vietnam,VNM,13,0,3,0,5,16,21,28000,0,3087,0,9538,31087,40626,3481,0,711,0,1543,4192,5735,2786820
2025-01-21,2025,1,21,port434,Hai Phong,Vietnam,VNM,11,1,5,1,6,18,24,14907,4866,8718,0,13542,28493,42035,9391,0,1183,0,176,10575,10751,2786821
2025-01-22,2025,1,22,port434,Hai Phong,Vietnam,VNM,14,1,7,0,7,22,29,21373,7422,6340,0,12791,35136,47927,10444,1381,769,0,0,12595,12595,2786822
2025-01-23,2025,1,23,port434,Hai Phong,Vietnam,VNM,10,0,6,0,3,16,19,8998,0,4630,0,727,13629,14356,9292,0,3713,0,0,13005,13005,2786823
2025-01-24,2025,1,24,port434,Hai Phong,Vietnam,VNM,9,1,10,0,6,20,26,5492,1900,17669,0,15587,25063,40650,15836,0,1649,0,827,17486,18313,2786824
2025-01-25,2025,1,25,port434,Hai Phong,Vietnam,VNM,9,2,7,0,2,18,20,3995,12065,4739,0,5732,20800,26533,13262,0,1125,0,0,14387,14387,2786825
2022-11-18,2022,11,18,port434,Hai Phong,Vietnam,VNM,6,2,1,0,7,9,16,5738,7422,1821,0,7969,14982,22951,4239,1381,0,0,0,5620,5620,2786826
2020-09-22,2020,9,22,port434,Hai Phong,Vietnam,VNM,11,1,4,0,2,16,18,16420,7422,4848,0,1868,28690,30559,2901,1381,1183,0,106,5466,5572,2786827
2022-11-19,2022,11,19,port434,Hai Phong,Vietnam,VNM,13,0,3,0,4,16,20,9422,0,6480,0,3625,15902,19528,4105,0,996,0,0,5102,5102,2786828
2019-08-18,2019,8,18,port434,Hai Phong,Vietnam,VNM,6,0,5,0,2,11,13,25719,0,4739,0,1868,30458,32327,629,0,1125,0,92,1754,1847,2786829
2022-11-20,2022,11,20,port434,Hai Phong,Vietnam,VNM,13,1,12,0,6,26,32,26591,1592,10089,0,16691,38273,54965,6415,0,5167,0,966,11582,12548,2786830
2020-09-23,2020,9,23,port434,Hai Phong,Vietnam,VNM,8,1,6,0,4,15,19,12337,4015,5361,0,2832,21714,24547,10312,0,769,0,92,11081,11174,2786831
2022-11-21,2022,11,21,port434,Hai Phong,Vietnam,VNM,10,2,6,0,5,18,23,19066,2518,2007,0,9225,23592,32817,2536,0,1080,0,176,3616,3793,2786832
2019-08-19,2019,8,19,port434,Hai Phong,Vietnam,VNM,19,0,5,1,5,25,30,40012,0,4037,435,25899,44485,70384,4492,0,769,160,185,5423,5608,2786833
2020-09-24,2020,9,24,port434,Hai Phong,Vietnam,VNM,6,2,8,0,4,16,20,8891,14844,6282,0,5226,30018,35244,1259,2762,1480,0,176,5502,5678,2786834
2022-11-22,2022,11,22,port434,Hai Phong,Vietnam,VNM,11,0,8,1,3,20,23,18399,0,9345,0,5912,27745,33657,2403,0,1480,0,92,3883,3976,2786835
2019-08-20,2019,8,20,port434,Hai Phong,Vietnam,VNM,10,2,6,0,2,18,20,13312,7422,7360,0,309,28094,28404,5669,1381,1183,0,0,8234,8234,2786836
2020-09-25,2020,9,25,port434,Hai Phong,Vietnam,VNM,14,1,8,0,2,23,25,19160,7689,7219,0,4496,34069,38565,15131,0,2198,0,0,17329,17329,2786837
2022-11-23,2022,11,23,port434,Hai Phong,Vietnam,VNM,10,1,9,1,9,21,30,19760,0,6371,0,21640,26132,47772,2087,0,2613,1522,185,6224,6410,2786838
2019-08-21,2019,8,21,port434,Hai Phong,Vietnam,VNM,16,0,7,0,3,23,26,23528,0,20654,0,8891,44183,53074,3545,0,711,0,269,4257,4526,2786839
2020-09-26,2020,9,26,port434,Hai Phong,Vietnam,VNM,11,0,6,0,6,17,23,14063,0,9984,0,13016,24047,37063,8091,0,1422,0,176,9513,9689,2786840
2022-11-24,2022,11,24,port434,Hai Phong,Vietnam,VNM,6,1,3,1,3,11,14,5473,0,0,960,8622,6434,15057,2147,0,3350,0,92,5497,5590,2786841
2019-08-22,2019,8,22,port434,Hai Phong,Vietnam,VNM,10,0,6,0,5,16,21,12131,0,6282,0,12853,18414,31267,7222,0,1480,0,92,8702,8795,2786842
2020-09-27,2020,9,27,port434,Hai Phong,Vietnam,VNM,9,0,7,0,5,16,21,11090,0,9941,0,9928,21031,30960,4674,0,1597,0,11664,6271,17936,2786843
2022-11-25,2022,11,25,port434,Hai Phong,Vietnam,VNM,11,2,4,0,8,17,25,16571,7422,8424,0,4313,32418,36732,1562,1381,355,0,92,3299,3391,2786844
2019-08-23,2019,8,23,port434,Hai Phong,Vietnam,VNM,4,1,3,0,5,8,13,6407,7422,3087,0,7798,16916,24715,1259,1381,711,0,92,3351,3444,2786845
2020-09-28,2020,9,28,port434,Hai Phong,Vietnam,VNM,13,3,6,2,5,24,29,11746,8383,7922,435,4252,28487,32740,4567,0,1066,160,92,5795,5887,2786846
2022-11-26,2022,11,26,port434,Hai Phong,Vietnam,VNM,10,2,6,0,3,18,21,9873,2518,8648,0,8763,21040,29803,6588,0,1125,0,92,7713,7806,2786847
2019-08-24,2019,8,24,port434,Hai Phong,Vietnam,VNM,13,0,6,1,4,20,24,20585,0,5158,0,13384,25743,39127,13047,0,2571,0,269,15618,15888,2786848
2020-09-29,2020,9,29,port434,Hai Phong,Vietnam,VNM,10,2,5,0,2,17,19,10565,1592,823,0,1868,12981,14850,1082,0,2350,0,92,3432,3525,2786849
2022-11-27,2022,11,27,port434,Hai Phong,Vietnam,VNM,10,1,3,0,2,14,16,8968,0,5503,0,8962,14472,23434,10161,1532,355,0,0,12049,12049,2786850
2019-08-25,2019,8,25,port434,Hai Phong,Vietnam,VNM,6,1,2,0,5,9,14,4063,6933,3087,0,4690,14083,18774,8005,0,711,0,92,8716,8809,2786851
2020-09-30,2020,9,30,port434,Hai Phong,Vietnam,VNM,10,0,7,0,5,17,22,20746,0,4958,0,7998,25705,33704,3862,0,5583,0,0,9445,9445,2786852
2022-11-28,2022,11,28,port434,Hai Phong,Vietnam,VNM,10,2,13,0,9,25,34,11749,0,11337,0,10711,23087,33798,2252,4673,3116,0,176,10041,10218,2786853
2019-08-26,2019,8,26,port434,Hai Phong,Vietnam,VNM,11,1,7,0,2,19,21,13881,7422,11428,0,6511,32732,39244,10346,0,711,0,0,11057,11057,2786854
2020-10-01,2020,10,1,port434,Hai Phong,Vietnam,VNM,7,1,7,0,4,15,19,7865,4636,9954,0,6174,22456,28631,2572,0,1066,0,269,3638,3907,2786855
2022-11-29,2022,11,29,port434,Hai Phong,Vietnam,VNM,12,1,12,0,2,25,27,19495,0,14937,0,2688,34432,37121,7378,0,711,0,192,8089,8282,2786856
2019-08-27,2019,8,27,port434,Hai Phong,Vietnam,VNM,9,1,5,0,3,15,18,10302,0,6441,0,9881,16744,26626,3327,0,1110,0,0,4438,4438,2786857
2020-10-02,2020,10,2,port434,Hai Phong,Vietnam,VNM,14,1,6,0,2,21,23,15518,7422,4516,0,5946,27456,33403,5416,1381,828,0,0,7626,7626,2786858
2022-11-30,2022,11,30,port434,Hai Phong,Vietnam,VNM,12,1,6,0,7,19,26,27372,0,7826,0,11219,35198,46418,1902,0,1836,0,0,3738,3738,2786859
2019-08-28,2019,8,28,port434,Hai Phong,Vietnam,VNM,10,1,5,0,5,16,21,18408,0,5555,0,12262,23964,36226,3214,0,227,0,92,3441,3534,2786860
2019-08-29,2019,8,29,port434,Hai Phong,Vietnam,VNM,7,2,7,0,5,16,21,16992,17164,7717,0,10101,41875,51976,742,0,1183,0,0,1926,1926,2786861
2019-08-30,2019,8,30,port434,Hai Phong,Vietnam,VNM,11,1,4,0,2,16,18,15456,0,3087,0,6156,18543,24699,9664,176,711,0,0,10552,10552,2786862
2019-08-31,2019,8,31,port434,Hai Phong,Vietnam,VNM,16,1,3,0,6,20,26,20954,18834,4739,0,7464,44528,51992,9473,0,1125,0,185,10598,10784,2786863
2019-09-01,2019,9,1,port434,Hai Phong,Vietnam,VNM,9,1,7,0,3,17,20,7995,12779,1652,0,3600,22427,26027,5743,0,666,0,92,6409,6502,2786864
2019-09-02,2019,9,2,port434,Hai Phong,Vietnam,VNM,10,1,2,1,2,14,16,15576,32135,2347,0,3737,50059,53796,6659,0,355,0,185,7015,7200,2786865
2019-09-03,2019,9,3,port434,Hai Phong,Vietnam,VNM,11,0,2,0,4,13,17,25587,0,3986,0,4235,29574,33810,6086,0,4411,0,0,10497,10497,2786866
2019-09-04,2019,9,4,port434,Hai Phong,Vietnam,VNM,12,1,6,0,3,19,22,14355,31157,3195,0,13455,48708,62163,6067,0,769,0,7795,6836,14632,2786867
2019-09-05,2019,9,5,port434,Hai Phong,Vietnam,VNM,10,0,7,0,0,17,17,23291,0,5122,0,0,28413,28413,1344,0,1309,0,0,2654,2654,2786868
2019-09-06,2019,9,6,port434,Hai Phong,Vietnam,VNM,7,0,3,0,4,10,14,13465,0,4630,0,6453,18096,24549,1989,0,1066,0,466,3055,3522,2786869
2019-09-07,2019,9,7,port434,Hai Phong,Vietnam,VNM,17,1,10,1,7,29,36,29571,7422,11631,0,5131,48625,53756,13497,1381,1125,0,2278,16003,18281,2786870
2019-09-08,2019,9,8,port434,Hai Phong,Vietnam,VNM,7,0,9,0,2,16,18,9203,0,19722,0,4264,28926,33190,12376,0,1059,0,7035,13435,20470,2786871
2019-09-09,2019,9,9,port434,Hai Phong,Vietnam,VNM,6,0,5,0,5,11,16,5973,0,6500,0,12982,12473,25456,1903,0,1877,0,92,3781,3874,2786872
2019-09-10,2019,9,10,port434,Hai Phong,Vietnam,VNM,12,2,6,0,3,20,23,25724,0,7702,0,16223,33427,49651,8230,5933,355,0,0,14519,14519,2786873
2019-09-11,2019,9,11,port434,Hai Phong,Vietnam,VNM,8,0,6,0,4,14,18,8659,0,2615,0,4306,11274,15580,8918,0,355,0,176,9274,9450,2786874
2019-09-12,2019,9,12,port434,Hai Phong,Vietnam,VNM,8,2,5,2,4,17,21,14181,17479,7476,19,6624,39157,45781,1052,0,584,0,535,1636,2172,2786875
2019-09-13,2019,9,13,port434,Hai Phong,Vietnam,VNM,9,0,7,0,3,16,19,10353,0,5568,0,5183,15922,21106,5328,0,997,0,92,6325,6418,2786876
2019-09-14,2019,9,14,port434,Hai Phong,Vietnam,VNM,13,1,5,1,5,20,25,31974,0,4630,0,21576,36605,58181,629,612,1066,0,92,2308,2401,2786877
2019-09-15,2019,9,15,port434,Hai Phong,Vietnam,VNM,16,1,2,0,2,19,21,34613,7422,1809,0,0,43845,43845,1349,1381,1899,0,0,4629,4629,2786878
2019-09-16,2019,9,16,port434,Hai Phong,Vietnam,VNM,13,0,6,0,6,19,25,14248,0,6273,0,5312,20521,25834,4286,0,1547,0,13917,5833,19751,2786879
2019-09-17,2019,9,17,port434,Hai Phong,Vietnam,VNM,7,0,1,0,6,8,14,8465,0,0,0,9611,8465,18077,2114,0,0,0,376,2114,2491,2786880
2019-09-18,2019,9,18,port434,Hai Phong,Vietnam,VNM,14,1,5,0,3,20,23,11265,0,7230,0,3395,18496,21891,8312,0,711,0,0,9023,9023,2786881
2019-09-19,2019,9,19,port434,Hai Phong,Vietnam,VNM,13,1,7,0,4,21,25,12510,0,5858,0,4815,18369,23185,9435,0,1066,0,0,10501,10501,2786882
2019-09-20,2019,9,20,port434,Hai Phong,Vietnam,VNM,7,0,2,3,3,12,15,9403,0,3087,0,11827,12490,24318,4706,0,711,0,0,5417,5417,2786883
2019-09-21,2019,9,21,port434,Hai Phong,Vietnam,VNM,16,2,8,0,3,26,29,15450,23950,5366,0,9702,44768,54471,14657,16412,711,0,0,31780,31780,2786884
2019-09-22,2019,9,22,port434,Hai Phong,Vietnam,VNM,5,0,7,0,4,12,16,9033,0,3087,0,14409,12120,26529,1001,0,1737,0,0,2739,2739,2786885
2019-09-23,2019,9,23,port434,Hai Phong,Vietnam,VNM,11,2,5,0,4,18,22,11941,0,4804,0,8497,16746,25243,6258,0,828,0,92,7086,7179,2786886
2019-09-24,2019,9,24,port434,Hai Phong,Vietnam,VNM,9,0,8,0,4,17,21,17622,0,6174,0,12474,23797,36271,3038,0,1884,0,362,4922,5285,2786887
2019-09-25,2019,9,25,port434,Hai Phong,Vietnam,VNM,8,2,10,0,3,20,23,6520,0,15490,0,6474,22011,28486,4886,0,2477,0,92,7363,7456,2786888
2019-09-26,2019,9,26,port434,Hai Phong,Vietnam,VNM,6,0,3,0,4,9,13,9941,0,0,0,3725,9941,13666,1523,0,0,0,535,1523,2058,2786889
2019-09-27,2019,9,27,port434,Hai Phong,Vietnam,VNM,7,1,8,0,6,16,22,7668,18834,6747,0,12295,33250,45545,5748,0,938,0,185,6686,6871,2786890
2019-09-28,2019,9,28,port434,Hai Phong,Vietnam,VNM,13,0,9,0,8,22,30,24013,0,9303,0,10123,33317,43440,3527,0,769,0,535,4297,4832,2786891
2019-09-29,2019,9,29,port434,Hai Phong,Vietnam,VNM,11,2,6,0,4,19,23,14331,12047,6065,0,21325,32444,53770,9572,0,2053,0,0,11625,11625,2786892
2019-09-30,2019,9,30,port434,Hai Phong,Vietnam,VNM,12,2,3,0,1,17,18,13968,0,1543,0,0,15511,15511,5032,330,355,0,0,5718,5718,2786893
2019-10-01,2019,10,1,port434,Hai Phong,Vietnam,VNM,11,1,10,0,3,22,25,16918,3684,4745,0,10410,25348,35758,2593,0,854,0,269,3447,3717,2786894
2019-10-02,2019,10,2,port434,Hai Phong,Vietnam,VNM,14,2,9,0,5,25,30,31599,0,8985,0,10138,40585,50723,7892,0,2356,0,3679,10249,13928,2786895
2019-10-03,2019,10,3,port434,Hai Phong,Vietnam,VNM,12,1,7,0,1,20,21,25990,17386,7935,0,8418,51311,59729,10906,0,1894,0,0,12801,12801,2786896
2019-10-04,2019,10,4,port434,Hai Phong,Vietnam,VNM,7,2,6,0,6,15,21,6450,7422,5180,0,8486,19052,27539,3802,1515,227,0,0,5545,5545,2786897
2019-10-05,2019,10,5,port434,Hai Phong,Vietnam,VNM,12,1,3,1,4,17,21,13434,24129,657,0,17072,38221,55293,5246,0,0,0,0,5246,5246,2786898
2019-10-06,2019,10,6,port434,Hai Phong,Vietnam,VNM,11,1,5,0,4,17,21,22931,26529,3087,0,2053,52548,54602,11303,0,711,0,35,12014,12049,2786899
2019-10-07,2019,10,7,port434,Hai Phong,Vietnam,VNM,8,1,13,1,2,23,25,9341,0,15324,0,6133,24666,30799,2427,0,1558,0,92,3985,4078,2786900
2019-10-08,2019,10,8,port434,Hai Phong,Vietnam,VNM,11,2,4,0,5,17,22,25149,43207,3195,0,11364,71552,82917,2999,0,1890,0,1018,4890,5908,2786901
2019-10-09,2019,10,9,port434,Hai Phong,Vietnam,VNM,10,0,4,0,1,14,15,17198,0,5574,0,1868,22772,24641,7148,0,769,0,92,7918,8011,2786902
2019-10-10,2019,10,10,port434,Hai Phong,Vietnam,VNM,7,2,4,1,3,14,17,6865,13992,3811,194,8899,24864,33763,6848,1381,355,0,0,8584,8584,2786903
2019-10-11,2019,10,11,port434,Hai Phong,Vietnam,VNM,13,2,6,0,6,21,27,21793,42158,4924,0,10397,68876,79274,4219,0,1519,0,278,5738,6017,2786904
2019-10-12,2019,10,12,port434,Hai Phong,Vietnam,VNM,12,2,9,0,3,23,26,7999,34403,6922,0,7733,49325,57059,20747,1381,1066,0,92,23195,23287,2786905
2019-10-13,2019,10,13,port434,Hai Phong,Vietnam,VNM,6,0,7,0,2,13,15,5726,0,7308,0,1538,13034,14572,0,0,1496,0,0,1496,1496,2786906
2019-10-14,2019,10,14,port434,Hai Phong,Vietnam,VNM,9,2,6,0,1,17,18,8314,0,5584,0,0,13899,13899,2672,255,711,0,0,3639,3639,2786907
2019-10-15,2019,10,15,port434,Hai Phong,Vietnam,VNM,12,3,4,0,6,19,25,21992,14844,3163,0,10746,39999,50746,10571,7845,19,0,140,18436,18577,2786908
2019-10-16,2019,10,16,port434,Hai Phong,Vietnam,VNM,12,1,4,0,5,17,22,18864,7422,3902,0,13954,30189,44143,1814,1381,355,0,0,3551,3551,2786909
2019-10-17,2019,10,17,port434,Hai Phong,Vietnam,VNM,8,0,9,2,3,19,22,7111,0,10781,0,6667,17892,24560,7486,0,3091,0,551,10578,11129,2786910
2019-10-18,2019,10,18,port434,Hai Phong,Vietnam,VNM,10,0,5,1,5,16,21,16467,0,1543,0,20367,18010,38378,1848,0,355,0,176,2203,2380,2786911
2019-10-19,2019,10,19,port434,Hai Phong,Vietnam,VNM,14,0,2,0,5,16,21,42149,0,2275,0,13562,44424,57987,4579,0,355,0,0,4934,4934,2786912
2019-10-20,2019,10,20,port434,Hai Phong,Vietnam,VNM,5,1,10,0,3,16,19,544,7422,9771,0,6816,17737,24553,5132,1381,7300,0,269,13814,14083,2786913
2019-10-21,2019,10,21,port434,Hai Phong,Vietnam,VNM,9,4,7,0,2,20,22,16463,50045,6391,0,4920,72900,77821,11410,13524,2954,0,0,27889,27889,2786914
2019-10-22,2019,10,22,port434,Hai Phong,Vietnam,VNM,9,0,3,0,5,12,17,15326,0,750,0,14375,16077,30452,7964,0,0,0,0,7964,7964,2786915
2019-10-23,2019,10,23,port434,Hai Phong,Vietnam,VNM,11,0,10,0,3,21,24,17514,0,10378,0,0,27893,27893,2960,0,1410,0,8747,4371,13118,2786916
2019-10-24,2019,10,24,port434,Hai Phong,Vietnam,VNM,8,1,4,0,6,13,19,12794,7422,3195,0,3764,23412,27176,629,1381,769,0,422,2780,3202,2786917
2019-10-25,2019,10,25,port434,Hai Phong,Vietnam,VNM,9,2,9,1,5,21,26,9792,14844,8412,0,4047,33048,37095,7711,2762,711,0,185,11185,11370,2786918
2019-10-26,2019,10,26,port434,Hai Phong,Vietnam,VNM,13,1,6,0,4,20,24,19119,0,6174,0,10224,25293,35518,5178,734,4607,0,176,10520,10697,2786919
2019-10-27,2019,10,27,port434,Hai Phong,Vietnam,VNM,9,0,2,0,2,11,13,13831,0,3087,0,0,16918,16918,4329,0,711,0,6847,5040,11887,2786920
2019-10-28,2019,10,28,port434,Hai Phong,Vietnam,VNM,10,2,7,0,7,19,26,15555,14156,7684,0,12682,37396,50078,2441,0,9357,0,269,11799,12068,2786921
2019-10-29,2019,10,29,port434,Hai Phong,Vietnam,VNM,10,2,5,0,2,17,19,24547,7422,5769,0,4690,37738,42429,1737,1381,355,0,92,3474,3567,2786922
2019-10-30,2019,10,30,port434,Hai Phong,Vietnam,VNM,14,2,4,0,5,20,25,19847,16708,1543,0,19988,38098,58087,4176,0,795,0,911,4972,5883,2786923
2019-10-31,2019,10,31,port434,Hai Phong,Vietnam,VNM,4,2,3,1,3,10,13,8101,6663,3573,0,4584,18338,22923,1050,0,355,1833,92,3239,3332,2786924
2019-11-01,2019,11,1,port434,Hai Phong,Vietnam,VNM,9,0,3,0,2,12,14,21608,0,1543,0,6104,23151,29256,1877,0,355,0,92,2232,2325,2786925
2019-11-02,2019,11,2,port434,Hai Phong,Vietnam,VNM,13,1,3,1,3,18,21,31501,19848,6268,0,11385,57618,69004,9508,0,355,0,92,9864,9956,2786926
2019-11-03,2019,11,3,port434,Hai Phong,Vietnam,VNM,8,0,6,0,4,14,18,21681,0,3855,0,6838,25536,32375,3443,0,5818,0,0,9261,9261,2786927
2019-11-04,2019,11,4,port434,Hai Phong,Vietnam,VNM,8,0,5,1,4,14,18,18640,0,4956,0,8991,23597,32588,418,0,1242,0,0,1660,1660,2786928
2019-11-05,2019,11,5,port434,Hai Phong,Vietnam,VNM,10,0,7,0,4,17,21,25180,0,4739,0,13418,29920,43338,6343,0,1125,0,269,7468,7738,2786929
2019-11-06,2019,11,6,port434,Hai Phong,Vietnam,VNM,9,1,6,0,3,16,19,10682,0,9734,0,6021,20417,26439,2388,0,4790,0,176,7179,7355,2786930
2019-11-07,2019,11,7,port434,Hai Phong,Vietnam,VNM,11,1,4,0,6,16,22,24696,0,8397,0,6989,33094,40084,4297,17,355,0,402,4670,5072,2786931
2019-11-08,2019,11,8,port434,Hai Phong,Vietnam,VNM,12,2,5,1,4,20,24,14188,0,6244,1162,3737,21596,25333,7062,0,0,0,185,7062,7248,2786932
2019-11-09,2019,11,9,port434,Hai Phong,Vietnam,VNM,11,1,7,1,2,20,22,6969,17783,4630,0,5761,29383,35144,4583,0,1183,0,0,5767,5767,2786933
2019-11-10,2019,11,10,port434,Hai Phong,Vietnam,VNM,7,1,5,0,5,13,18,12090,0,4413,0,12143,16504,28647,0,2831,3442,0,92,6273,6366,2786934
2019-11-11,2019,11,11,port434,Hai Phong,Vietnam,VNM,4,0,3,0,4,7,11,2630,0,1334,0,1868,3964,5833,972,0,0,0,92,972,1065,2786935
2019-11-12,2019,11,12,port434,Hai Phong,Vietnam,VNM,12,2,4,0,4,18,22,17818,32842,5317,0,22018,55978,77997,4036,1381,355,0,176,5773,5949,2786936
2019-11-13,2019,11,13,port434,Hai Phong,Vietnam,VNM,9,3,5,0,3,17,20,10245,9036,9822,0,5991,29105,35096,995,50754,769,0,12215,52519,64735,2786937
2019-11-14,2019,11,14,port434,Hai Phong,Vietnam,VNM,12,2,6,0,3,20,23,22898,33077,6989,0,9083,62964,72048,2269,0,387,0,0,2657,2657,2786938
2019-11-15,2019,11,15,port434,Hai Phong,Vietnam,VNM,13,0,2,1,3,16,19,31578,0,0,0,0,31578,31578,1841,0,14832,0,0,16673,16673,2786939
2019-11-16,2019,11,16,port434,Hai Phong,Vietnam,VNM,12,0,14,0,7,26,33,19484,0,19061,0,18119,38546,56665,9564,0,5936,0,211,15501,15713,2786940
2019-11-17,2019,11,17,port434,Hai Phong,Vietnam,VNM,3,0,9,1,4,13,17,4242,0,9802,1018,9999,15063,25063,3794,0,2763,0,0,6558,6558,2786941
2019-11-18,2019,11,18,port434,Hai Phong,Vietnam,VNM,11,0,4,0,3,15,18,18299,0,4630,0,7651,22930,30581,629,0,1066,0,0,1696,1696,2786942
2019-11-19,2019,11,19,port434,Hai Phong,Vietnam,VNM,9,1,2,0,2,12,14,26525,0,731,0,3737,27257,30994,1933,1614,0,0,185,3548,3733,2786943
2019-11-20,2019,11,20,port434,Hai Phong,Vietnam,VNM,11,0,6,0,6,17,23,12238,0,8340,0,13805,20578,34383,1509,0,582,0,92,2092,2185,2786944
2019-11-21,2019,11,21,port434,Hai Phong,Vietnam,VNM,10,0,7,0,3,17,20,16781,0,7682,0,6321,24463,30785,5425,0,3034,0,92,8459,8552,2786945
2019-11-22,2019,11,22,port434,Hai Phong,Vietnam,VNM,8,2,3,1,4,14,18,20868,14844,2694,0,10481,38407,48889,0,2762,414,0,445,3176,3622,2786946
2019-11-23,2019,11,23,port434,Hai Phong,Vietnam,VNM,16,1,8,0,5,25,30,22143,0,4848,0,9864,26991,36856,6845,0,1878,0,0,8723,8723,2786947
2019-11-24,2019,11,24,port434,Hai Phong,Vietnam,VNM,5,1,9,0,4,15,19,8132,20572,10941,0,6285,39646,45932,629,0,2569,0,0,3198,3198,2786948
2019-11-25,2019,11,25,port434,Hai Phong,Vietnam,VNM,10,0,6,0,4,16,20,15467,0,5389,0,9872,20857,30730,3306,0,2218,0,176,5524,5700,2786949
2019-11-26,2019,11,26,port434,Hai Phong,Vietnam,VNM,10,0,10,0,4,20,24,18244,0,4848,0,3737,23092,26829,6559,0,1183,0,185,7743,7929,2786950
2019-11-27,2019,11,27,port434,Hai Phong,Vietnam,VNM,14,0,11,0,3,25,28,12589,0,12287,0,3583,24876,28460,8130,0,2231,0,1056,10362,11419,2786951
2019-11-28,2019,11,28,port434,Hai Phong,Vietnam,VNM,8,1,5,0,4,14,18,7701,0,5103,0,2985,12804,15790,6068,497,355,0,0,6921,6921,2786952
2019-11-29,2019,11,29,port434,Hai Phong,Vietnam,VNM,10,0,6,0,4,16,20,29124,0,6391,0,10557,35515,46073,3359,0,1539,0,353,4898,5251,2786953
2019-11-30,2019,11,30,port434,Hai Phong,Vietnam,VNM,11,1,3,1,2,16,18,22828,0,4739,0,6133,27567,33700,8312,33156,1125,0,92,42593,42686,2786954
2019-12-01,2019,12,1,port434,Hai Phong,Vietnam,VNM,7,0,2,0,7,9,16,15645,0,5641,0,9028,21287,30315,1814,0,19,0,4553,1834,6387,2786955
2019-12-02,2019,12,2,port434,Hai Phong,Vietnam,VNM,7,1,2,1,4,11,15,14572,5011,4279,0,6021,23863,29885,8979,0,0,0,176,8979,9156,2786956
2019-12-03,2019,12,3,port434,Hai Phong,Vietnam,VNM,8,0,3,0,2,11,13,17881,0,2220,0,10120,20102,30222,629,0,0,0,0,629,629,2786957
2019-12-04,2019,12,4,port434,Hai Phong,Vietnam,VNM,11,2,5,0,5,18,23,18716,25238,5524,0,7508,49480,56988,4919,0,1242,0,92,6161,6254,2786958
2019-12-05,2019,12,5,port434,Hai Phong,Vietnam,VNM,8,1,7,0,3,16,19,14712,0,4307,0,1868,19019,20887,1995,2466,769,0,92,5231,5323,2786959
2019-12-06,2019,12,6,port434,Hai Phong,Vietnam,VNM,10,1,5,0,5,16,21,18315,7422,5415,0,12935,31153,44088,2563,1381,414,0,0,4359,4359,2786960
2019-12-07,2019,12,7,port434,Hai Phong,Vietnam,VNM,10,0,3,0,6,13,19,17834,0,4630,0,12958,22465,35423,7172,0,1066,0,92,8239,8332,2786961
2019-12-08,2019,12,8,port434,Hai Phong,Vietnam,VNM,11,0,3,0,2,14,16,18702,0,2179,0,4613,20881,25494,7136,0,0,0,0,7136,7136,2786962
2019-12-09,2019,12,9,port434,Hai Phong,Vietnam,VNM,8,2,3,0,6,13,19,5702,29200,2216,0,8912,37118,46031,4224,16731,0,0,625,20955,21581,2786963
2019-12-10,2019,12,10,port434,Hai Phong,Vietnam,VNM,11,0,2,0,4,13,17,18639,0,1543,0,5605,20182,25788,6578,0,355,0,278,6934,7212,2786964
2019-12-11,2019,12,11,port434,Hai Phong,Vietnam,VNM,13,2,5,1,6,21,27,19308,44929,4666,435,10481,69340,79821,6296,0,828,160,445,7285,7731,2786965
2019-12-12,2019,12,12,port434,Hai Phong,Vietnam,VNM,12,2,5,0,7,19,26,20133,7422,8132,0,13288,35688,48976,4238,22233,1410,0,8067,27882,35950,2786966
2019-12-13,2019,12,13,port434,Hai Phong,Vietnam,VNM,11,0,10,1,4,22,26,23557,0,4848,0,26241,28405,54646,3778,0,1183,0,35,4961,4997,2786967
2019-12-14,2019,12,14,port434,Hai Phong,Vietnam,VNM,5,0,6,0,3,11,14,13017,0,13467,0,1944,26485,28430,1259,0,1293,0,0,2553,2553,2786968
2019-12-15,2019,12,15,port434,Hai Phong,Vietnam,VNM,8,3,13,0,2,24,26,14535,35167,7134,0,3737,56837,60574,1889,1381,1441,0,185,4711,4897,2786969
2019-12-16,2019,12,16,port434,Hai Phong,Vietnam,VNM,6,2,11,0,8,19,27,16781,40146,12021,0,12870,68949,81819,1889,1381,3406,0,2280,6677,8957,2786970
2019-12-17,2019,12,17,port434,Hai Phong,Vietnam,VNM,13,1,9,1,3,24,27,27708,18690,7993,0,3881,54391,58272,2518,0,1794,0,539,4313,4852,2786971
2019-12-18,2019,12,18,port434,Hai Phong,Vietnam,VNM,9,1,5,0,5,15,20,12264,0,9397,0,4018,21662,25680,3095,0,4324,0,185,7420,7606,2786972
2019-12-19,2019,12,19,port434,Hai Phong,Vietnam,VNM,11,0,2,1,5,14,19,17673,0,3195,0,4318,20869,25188,2518,0,769,0,0,3288,3288,2786973
2019-12-20,2019,12,20,port434,Hai Phong,Vietnam,VNM,14,1,12,0,4,27,31,23748,7422,15841,0,4674,47011,51686,3820,1381,3332,0,185,8534,8719,2786974
2019-12-21,2019,12,21,port434,Hai Phong,Vietnam,VNM,13,1,13,0,4,27,31,15030,0,11625,0,6133,26656,32789,4500,0,1441,0,92,5942,6034,2786975
2019-12-22,2019,12,22,port434,Hai Phong,Vietnam,VNM,9,1,7,0,3,17,20,12961,7422,9243,0,11769,29626,41395,6107,1381,938,0,0,8427,8427,2786976
2019-12-23,2019,12,23,port434,Hai Phong,Vietnam,VNM,6,3,10,0,5,19,24,7313,14844,11915,0,11100,34073,45174,5363,2762,2529,0,128,10654,10782,2786977
2019-12-24,2019,12,24,port434,Hai Phong,Vietnam,VNM,15,0,5,0,6,20,26,31468,0,1543,0,7990,33011,41002,7334,0,355,0,1249,7689,8939,2786978
2019-12-25,2019,12,25,port434,Hai Phong,Vietnam,VNM,9,0,10,0,2,19,21,11356,0,12354,0,1545,23710,25256,6886,0,1953,0,0,8839,8839,2786979
2019-12-26,2019,12,26,port434,Hai Phong,Vietnam,VNM,10,0,12,0,6,22,28,15198,0,10653,0,14049,25851,39901,991,0,3176,0,269,4167,4437,2786980
2019-12-27,2019,12,27,port434,Hai Phong,Vietnam,VNM,7,1,8,1,4,17,21,10518,7422,13450,435,3813,31826,35639,13148,1381,769,160,92,15460,15553,2786981
2019-12-28,2019,12,28,port434,Hai Phong,Vietnam,VNM,11,0,11,0,3,22,25,19046,0,5053,0,2716,24100,26817,2518,0,1125,0,0,3643,3643,2786982
2019-12-29,2019,12,29,port434,Hai Phong,Vietnam,VNM,9,2,11,0,5,22,27,17207,18916,9759,0,18691,45883,64575,4715,0,3273,0,92,7988,8081,2786983
2019-12-30,2019,12,30,port434,Hai Phong,Vietnam,VNM,5,1,14,0,2,20,22,6301,7422,12421,0,5268,26144,31412,629,1381,6649,0,176,8660,8836,2786984
2019-12-31,2019,12,31,port434,Hai Phong,Vietnam,VNM,8,2,4,0,4,14,18,24326,0,1652,0,3262,25978,29241,2205,85,414,0,92,2704,2797,2786985
2020-01-01,2020,1,1,port434,Hai Phong,Vietnam,VNM,4,1,3,0,4,8,12,11197,18158,3195,0,4578,32551,37129,1259,0,769,0,631,2028,2660,2786986
2020-01-02,2020,1,2,port434,Hai Phong,Vietnam,VNM,14,2,10,0,6,26,32,29730,7422,4848,0,20723,42000,62724,4080,1381,1847,0,176,7309,7485,2786987
2020-01-03,2020,1,3,port434,Hai Phong,Vietnam,VNM,13,4,5,0,4,22,26,20121,28893,7188,0,13177,56202,69379,3769,0,2573,0,176,6343,6519,2786988
2020-01-04,2020,1,4,port434,Hai Phong,Vietnam,VNM,12,1,9,1,9,23,32,18516,17094,9320,797,15636,45728,61365,5669,0,769,0,107,6438,6546,2786989
2020-01-05,2020,1,5,port434,Hai Phong,Vietnam,VNM,9,3,4,0,2,16,18,9865,17604,3087,0,8409,30556,38965,6521,20622,711,0,0,27854,27854,2786990
2020-01-06,2020,1,6,port434,Hai Phong,Vietnam,VNM,13,1,4,0,6,18,24,22587,0,4496,0,3143,27084,30228,10762,0,2916,0,92,13678,13771,2786991
2020-01-07,2020,1,7,port434,Hai Phong,Vietnam,VNM,9,2,5,0,8,16,24,12958,7422,4720,0,29883,25100,54983,4074,1381,1066,0,732,6522,7255,2786992
2020-01-08,2020,1,8,port434,Hai Phong,Vietnam,VNM,9,1,2,0,2,12,14,19037,7422,6000,0,4318,32460,36779,1729,1381,19,0,0,3129,3129,2786993
2020-01-09,2020,1,9,port434,Hai Phong,Vietnam,VNM,3,0,1,0,0,4,4,0,0,0,0,0,0,0,7889,0,584,0,0,8473,8473,2786994
2020-01-10,2020,1,10,port434,Hai Phong,Vietnam,VNM,3,0,0,1,2,4,6,8665,0,0,0,0,8665,8665,811,0,0,0,0,811,811,2786995
2020-01-11,2020,1,11,port434,Hai Phong,Vietnam,VNM,16,2,11,0,10,29,39,27490,7422,10526,0,7123,45439,52563,9031,4947,1614,0,628,15593,16221,2786996
2020-01-12,2020,1,12,port434,Hai Phong,Vietnam,VNM,6,2,2,0,4,10,14,17168,0,6499,0,11767,23668,35435,1790,0,355,0,1418,2145,3564,2786997
2020-01-13,2020,1,13,port434,Hai Phong,Vietnam,VNM,12,4,12,0,3,28,31,15246,33722,10115,0,7282,59084,66366,5480,414,2406,0,176,8300,8477,2786998
2020-01-14,2020,1,14,port434,Hai Phong,Vietnam,VNM,8,2,10,0,7,20,27,5439,35762,10405,0,29747,51607,81354,8436,0,5099,0,12627,13536,26163,2786999
2020-01-15,2020,1,15,port434,Hai Phong,Vietnam,VNM,8,1,5,0,4,14,18,12264,7422,4739,0,8877,24425,33303,2392,1381,1125,0,0,4899,4899,2787000
2020-01-16,2020,1,16,port434,Hai Phong,Vietnam,VNM,10,0,5,0,1,15,16,15113,0,2920,0,1064,18033,19098,3805,0,355,0,0,4161,4161,2787001
2020-01-17,2020,1,17,port434,Hai Phong,Vietnam,VNM,14,1,6,0,5,21,26,14883,0,4155,0,7611,19039,26651,4764,0,789,0,0,5553,5553,2787002
2020-01-18,2020,1,18,port434,Hai Phong,Vietnam,VNM,11,2,1,0,5,14,19,15305,9013,1543,0,8023,25862,33885,8230,1381,355,0,176,9967,10144,2787003
2020-01-19,2020,1,19,port434,Hai Phong,Vietnam,VNM,5,3,6,0,4,14,18,3127,14844,4349,0,1868,22321,24190,7529,2762,355,0,449,10647,11096,2787004
2020-01-20,2020,1,20,port434,Hai Phong,Vietnam,VNM,7,2,10,0,5,19,24,11025,0,6174,0,8351,17199,25551,4554,0,3700,0,362,8255,8617,2787005
2020-01-21,2020,1,21,port434,Hai Phong,Vietnam,VNM,7,2,4,0,2,13,15,12015,7422,7273,0,3725,26710,30436,4441,1611,355,0,535,6408,6943,2787006
2020-01-22,2020,1,22,port434,Hai Phong,Vietnam,VNM,14,0,3,0,8,17,25,9891,0,0,0,14224,9891,24115,28170,0,1901,0,535,30071,30606,2787007
2020-01-23,2020,1,23,port434,Hai Phong,Vietnam,VNM,9,0,6,0,4,15,19,4618,0,7181,0,7670,11800,19470,12687,0,1539,0,0,14227,14227,2787008
2020-01-24,2020,1,24,port434,Hai Phong,Vietnam,VNM,5,1,2,1,3,9,12,7259,7422,1543,0,10481,16224,26705,5339,1381,355,0,445,7075,7521,2787009
2020-01-25,2020,1,25,port434,Hai Phong,Vietnam,VNM,8,0,4,0,1,12,13,16003,0,6174,0,12300,22177,34478,2299,0,1422,0,0,3721,3721,2787010
2020-01-26,2020,1,26,port434,Hai Phong,Vietnam,VNM,5,0,0,0,2,5,7,5717,0,0,0,876,5717,6593,0,0,0,0,0,0,0,2787011
2020-01-27,2020,1,27,port434,Hai Phong,Vietnam,VNM,3,0,3,0,3,6,9,3794,0,0,0,6133,3794,9927,2279,0,0,0,92,2279,2372,2787012
2020-01-28,2020,1,28,port434,Hai Phong,Vietnam,VNM,4,0,10,0,3,14,17,13200,0,7602,0,0,20802,20802,0,0,1480,0,0,1480,1480,2787013
2020-01-29,2020,1,29,port434,Hai Phong,Vietnam,VNM,6,2,3,0,2,11,13,16034,7422,1652,0,3737,25109,28846,4133,1843,414,0,185,6391,6577,2787014
2020-01-30,2020,1,30,port434,Hai Phong,Vietnam,VNM,4,1,22,0,1,27,28,4899,7422,20223,0,4424,32544,36969,629,1381,3188,0,0,5199,5199,2787015
2020-01-31,2020,1,31,port434,Hai Phong,Vietnam,VNM,7,2,2,0,3,11,14,18157,7422,5933,0,4306,31512,35819,1975,1381,0,0,176,3356,3532,2787016
2020-02-01,2020,2,1,port434,Hai Phong,Vietnam,VNM,9,1,6,0,3,16,19,30431,7422,6391,0,0,44245,44245,3462,1381,1539,0,355,6383,6738,2787017
2020-02-02,2020,2,2,port434,Hai Phong,Vietnam,VNM,4,1,5,1,3,11,14,12436,0,3087,0,5486,15523,21010,0,1624,1428,0,92,3052,3145,2787018
2020-02-03,2020,2,3,port434,Hai Phong,Vietnam,VNM,9,0,4,0,5,13,18,17737,0,9162,0,13217,26900,40117,7177,0,0,0,92,7177,7270,2787019
2020-02-04,2020,2,4,port434,Hai Phong,Vietnam,VNM,8,0,8,1,5,17,22,30873,0,9498,990,14499,41362,55862,4547,0,1933,0,0,6480,6480,2787020
2020-02-05,2020,2,5,port434,Hai Phong,Vietnam,VNM,10,0,9,0,1,19,20,6896,0,8163,0,1715,15059,16774,4897,0,711,0,0,5608,5608,2787021
2020-02-06,2020,2,6,port434,Hai Phong,Vietnam,VNM,8,0,2,0,3,10,13,20938,0,842,0,5423,21780,27203,2359,0,0,0,92,2359,2452,2787022
2020-02-07,2020,2,7,port434,Hai Phong,Vietnam,VNM,12,2,5,1,4,20,24,15343,30020,7779,435,4645,53578,58223,16646,0,769,160,185,17576,17762,2787023
2020-02-08,2020,2,8,port434,Hai Phong,Vietnam,VNM,7,0,6,0,4,13,17,5962,0,8986,0,8764,14948,23713,259,0,769,0,0,1028,1028,2787024
2020-02-09,2020,2,9,port434,Hai Phong,Vietnam,VNM,4,1,10,0,4,15,19,7768,0,13589,0,10786,21358,32145,629,0,1352,0,92,1981,2074,2787025
2020-02-10,2020,2,10,port434,Hai Phong,Vietnam,VNM,3,0,6,0,3,9,12,6989,0,1543,0,2716,8533,11249,1732,0,3795,0,0,5528,5528,2787026
2020-02-11,2020,2,11,port434,Hai Phong,Vietnam,VNM,11,0,4,1,2,16,18,23495,0,2546,0,10136,26042,36178,5210,0,2848,0,0,8058,8058,2787027
2020-02-12,2020,2,12,port434,Hai Phong,Vietnam,VNM,9,0,4,0,4,13,17,12986,0,4539,0,6174,17526,23701,4499,0,355,0,269,4854,5124,2787028
2020-02-13,2020,2,13,port434,Hai Phong,Vietnam,VNM,8,1,11,0,4,20,24,3033,0,19739,0,15558,22772,38330,9386,0,1000,0,304,10386,10691,2787029
2020-02-14,2020,2,14,port434,Hai Phong,Vietnam,VNM,11,0,5,0,3,16,19,11039,0,9918,0,5356,20958,26314,18093,0,769,0,191,18862,19053,2787030
2020-02-15,2020,2,15,port434,Hai Phong,Vietnam,VNM,11,1,6,0,5,18,23,16064,7422,5489,0,4690,28976,33666,3673,1381,1367,0,92,6422,6515,2787031
2020-02-16,2020,2,16,port434,Hai Phong,Vietnam,VNM,4,0,3,0,3,7,10,0,0,9179,0,0,9179,9179,4640,0,0,0,0,4640,4640,2787032
2020-02-17,2020,2,17,port434,Hai Phong,Vietnam,VNM,9,1,8,0,5,18,23,17650,19506,6224,0,4752,43381,48133,6609,0,414,0,176,7024,7200,2787033
2020-02-18,2020,2,18,port434,Hai Phong,Vietnam,VNM,8,1,2,0,6,11,17,4362,26734,1543,0,9231,32640,41871,9935,0,355,0,92,10290,10383,2787034
2020-02-19,2020,2,19,port434,Hai Phong,Vietnam,VNM,8,0,11,0,4,19,23,10093,0,10358,0,3989,20452,24441,9506,0,5328,0,838,14835,15673,2787035
2020-02-20,2020,2,20,port434,Hai Phong,Vietnam,VNM,9,0,7,0,2,16,18,12973,0,1652,0,0,14626,14626,10000,0,1472,0,0,11473,11473,2787036
2020-02-21,2020,2,21,port434,Hai Phong,Vietnam,VNM,5,0,2,0,2,7,9,9144,0,4032,0,3725,13176,16902,1259,0,355,0,3251,1614,4866,2787037
2020-02-22,2020,2,22,port434,Hai Phong,Vietnam,VNM,16,2,4,1,8,23,31,13087,16621,4848,0,9496,34556,44053,10912,0,1183,0,283,12095,12379,2787038
2020-02-23,2020,2,23,port434,Hai Phong,Vietnam,VNM,6,2,7,0,5,15,20,6296,13529,3688,0,5527,23514,29041,8770,1381,823,0,0,10975,10975,2787039
2020-02-24,2020,2,24,port434,Hai Phong,Vietnam,VNM,6,1,3,0,4,10,14,6800,0,2748,0,11717,9548,21266,1864,0,0,0,92,1864,1957,2787040
2020-02-25,2020,2,25,port434,Hai Phong,Vietnam,VNM,13,0,6,0,3,19,22,20697,0,11219,0,7659,31917,39576,4895,0,2121,0,0,7017,7017,2787041
2020-02-26,2020,2,26,port434,Hai Phong,Vietnam,VNM,9,0,4,0,2,13,15,16782,0,4034,0,3144,20817,23962,6365,0,355,0,0,6721,6721,2787042
2020-02-27,2020,2,27,port434,Hai Phong,Vietnam,VNM,9,1,4,0,4,14,18,4155,7422,6065,0,6104,17643,23747,5860,1381,769,0,92,8011,8104,2787043
2020-02-28,2020,2,28,port434,Hai Phong,Vietnam,VNM,10,0,7,0,4,17,21,20160,0,8208,0,6819,28368,35188,1842,0,4875,0,535,6718,7253,2787044
2020-02-29,2020,2,29,port434,Hai Phong,Vietnam,VNM,9,1,12,1,2,23,25,6842,0,12565,435,1383,19843,21227,10300,0,2961,160,0,13422,13422,2787045
2020-03-01,2020,3,1,port434,Hai Phong,Vietnam,VNM,10,0,11,0,3,21,24,10368,0,13247,0,1868,23616,25485,2892,0,2547,0,92,5440,5532,2787046
2020-03-02,2020,3,2,port434,Hai Phong,Vietnam,VNM,7,2,17,0,5,26,31,7679,2831,19685,0,13973,30196,44170,4292,12717,4384,0,176,21394,21570,2787047
2020-03-03,2020,3,3,port434,Hai Phong,Vietnam,VNM,11,0,12,0,5,23,28,23570,0,5709,0,10733,29279,40013,6771,0,769,0,0,7540,7540,2787048
2020-03-04,2020,3,4,port434,Hai Phong,Vietnam,VNM,10,0,10,0,5,20,25,10405,0,10456,0,17146,20862,38008,7324,0,6424,0,176,13748,13925,2787049
2020-03-05,2020,3,5,port434,Hai Phong,Vietnam,VNM,11,1,10,0,2,22,24,11240,0,11823,0,1868,23063,24932,4670,0,1352,0,92,6022,6115,2787050
2020-03-06,2020,3,6,port434,Hai Phong,Vietnam,VNM,12,1,13,1,7,27,34,19006,7422,21150,0,4335,47578,51914,11068,1381,1422,0,92,13871,13964,2787051
2020-03-07,2020,3,7,port434,Hai Phong,Vietnam,VNM,10,2,4,0,5,16,21,25844,8806,7479,0,1067,42131,43199,7320,1381,769,0,0,9471,9471,2787052
2020-03-08,2020,3,8,port434,Hai Phong,Vietnam,VNM,9,1,3,0,2,13,15,22088,7422,3087,0,1868,32597,34466,4679,1381,711,0,92,6771,6864,2787053
2020-03-09,2020,3,9,port434,Hai Phong,Vietnam,VNM,10,1,15,0,3,26,29,15116,0,14921,0,0,30038,30038,13433,0,8481,0,0,21915,21915,2787054
2020-03-10,2020,3,10,port434,Hai Phong,Vietnam,VNM,8,0,8,0,4,16,20,12145,0,6928,0,3955,19073,23029,2233,0,1634,0,0,3867,3867,2787055
2020-03-11,2020,3,11,port434,Hai Phong,Vietnam,VNM,9,0,8,0,4,17,21,10817,0,3511,0,3430,14329,17760,3972,0,6247,0,344,10220,10564,2787056
2020-03-12,2020,3,12,port434,Hai Phong,Vietnam,VNM,11,2,11,0,2,24,26,9083,8135,10167,0,10946,27387,38333,5596,0,1293,0,0,6889,6889,2787057
2020-03-13,2020,3,13,port434,Hai Phong,Vietnam,VNM,9,0,6,0,3,15,18,15046,0,7129,0,2446,22176,24623,8712,0,1066,0,92,9779,9872,2787058
2020-03-14,2020,3,14,port434,Hai Phong,Vietnam,VNM,11,1,4,0,3,16,19,12974,0,3881,0,0,16855,16855,6321,0,1046,0,745,7367,8113,2787059
2020-03-15,2020,3,15,port434,Hai Phong,Vietnam,VNM,7,1,3,0,4,11,15,7476,0,4630,0,7906,12106,20013,3461,1717,1066,0,185,6244,6430,2787060
2020-03-16,2020,3,16,port434,Hai Phong,Vietnam,VNM,11,1,7,0,6,19,25,15705,7422,4832,0,15453,27960,43413,12642,1381,355,0,309,14378,14688,2787061
2020-03-17,2020,3,17,port434,Hai Phong,Vietnam,VNM,13,1,7,0,5,21,26,15674,4636,9515,0,4661,29826,34487,4545,0,1066,0,886,5612,6499,2787062
2020-03-18,2020,3,18,port434,Hai Phong,Vietnam,VNM,13,1,14,0,7,28,35,21027,5803,24463,0,11954,51294,63248,7374,0,4197,0,269,11571,11841,2787063
2020-03-19,2020,3,19,port434,Hai Phong,Vietnam,VNM,12,3,10,0,4,25,29,17867,34449,10848,0,2244,63165,65410,10366,0,1667,0,92,12033,12126,2787064
2020-03-20,2020,3,20,port434,Hai Phong,Vietnam,VNM,16,2,8,1,3,27,30,14607,7422,8961,0,1676,30991,32668,17682,1381,355,0,0,19418,19418,2787065
2020-03-21,2020,3,21,port434,Hai Phong,Vietnam,VNM,7,0,6,1,5,14,19,12162,0,1543,0,6785,13705,20491,4324,0,355,0,0,4679,4679,2787066
2020-03-22,2020,3,22,port434,Hai Phong,Vietnam,VNM,5,1,7,0,1,13,14,10877,0,7294,0,0,18171,18171,2592,0,2275,0,0,4867,4867,2787067
2020-03-23,2020,3,23,port434,Hai Phong,Vietnam,VNM,7,1,7,0,4,15,19,12347,0,10734,0,8356,23081,31437,3123,0,1422,0,7974,4545,12519,2787068
2020-03-24,2020,3,24,port434,Hai Phong,Vietnam,VNM,15,1,7,0,5,23,28,24042,6888,4419,0,2874,35350,38224,8851,0,2544,0,92,11396,11489,2787069
2020-03-25,2020,3,25,port434,Hai Phong,Vietnam,VNM,10,0,12,0,3,22,25,12479,0,6174,0,4911,18653,23564,3779,0,1422,0,92,5201,5294,2787070
2020-03-26,2020,3,26,port434,Hai Phong,Vietnam,VNM,11,1,7,0,3,19,22,14053,0,11620,0,6710,25674,32384,4330,0,1066,0,92,5397,5489,2787071
2020-03-27,2020,3,27,port434,Hai Phong,Vietnam,VNM,10,1,6,0,2,17,19,6317,7422,4551,0,5731,18291,24023,3796,1381,1325,0,92,6503,6596,2787072
2020-03-28,2020,3,28,port434,Hai Phong,Vietnam,VNM,12,1,4,0,2,17,19,16206,0,4739,0,3859,20945,24805,12411,0,1125,0,0,13537,13537,2787073
2020-03-29,2020,3,29,port434,Hai Phong,Vietnam,VNM,10,2,11,0,2,23,25,14789,22597,9066,0,0,46454,46454,3428,0,8776,0,0,12205,12205,2787074
2020-03-30,2020,3,30,port434,Hai Phong,Vietnam,VNM,4,2,8,0,3,14,17,3894,1592,18882,0,8104,24369,32474,3803,0,769,0,92,4573,4665,2787075
2020-03-31,2020,3,31,port434,Hai Phong,Vietnam,VNM,13,2,7,0,3,22,25,23994,65358,6151,0,4530,95504,100035,4249,0,1183,0,0,5433,5433,2787076
2020-04-01,2020,4,1,port434,Hai Phong,Vietnam,VNM,11,1,10,0,4,22,26,22658,3406,24582,0,1077,50647,51724,3025,0,769,0,6848,3795,10643,2787077
2020-04-02,2020,4,2,port434,Hai Phong,Vietnam,VNM,11,0,9,0,4,20,24,15718,0,10765,0,2229,26484,28713,7556,0,1777,0,960,9334,10294,2787078
2020-04-03,2020,4,3,port434,Hai Phong,Vietnam,VNM,12,2,3,0,6,17,23,19779,25642,5264,0,10748,50686,61434,2464,0,355,0,92,2819,2912,2787079
2020-04-04,2020,4,4,port434,Hai Phong,Vietnam,VNM,8,1,8,1,3,18,21,10500,0,11978,1348,721,23826,24548,6421,0,1043,0,0,7465,7465,2787080
2020-04-05,2020,4,5,port434,Hai Phong,Vietnam,VNM,6,0,8,0,4,14,18,12469,0,5191,0,4234,17660,21894,629,0,1727,0,1018,2356,3375,2787081
2020-04-06,2020,4,6,port434,Hai Phong,Vietnam,VNM,8,0,6,1,3,15,18,21114,0,7282,0,23802,28397,52200,1991,0,996,0,0,2988,2988,2787082
2020-04-07,2020,4,7,port434,Hai Phong,Vietnam,VNM,13,1,10,0,5,24,29,21030,462,8862,0,7657,30355,38012,2093,0,4144,0,92,6237,6330,2787083
2020-04-08,2020,4,8,port434,Hai Phong,Vietnam,VNM,13,0,9,0,8,22,30,24013,0,5008,0,10410,29022,39433,6037,0,355,0,269,6392,6662,2787084
2020-04-09,2020,4,9,port434,Hai Phong,Vietnam,VNM,9,1,4,0,3,14,17,29061,7422,6951,0,2216,43435,45651,1003,1381,641,0,0,3025,3025,2787085
2020-04-10,2020,4,10,port434,Hai Phong,Vietnam,VNM,15,1,9,0,2,25,27,27454,0,11462,0,4318,38916,43235,6633,228,1422,0,0,8283,8283,2787086
2020-04-11,2020,4,11,port434,Hai Phong,Vietnam,VNM,14,0,4,0,5,18,23,7650,0,1543,0,4648,9194,13842,22734,0,660,0,92,23394,23487,2787087
2020-04-12,2020,4,12,port434,Hai Phong,Vietnam,VNM,6,2,11,0,3,19,22,8135,0,4630,0,998,12766,13764,4605,7560,4072,0,0,16238,16238,2787088
2020-04-13,2020,4,13,port434,Hai Phong,Vietnam,VNM,5,1,3,0,4,9,13,6147,0,2867,0,2199,9014,11214,2628,0,0,0,4234,2628,6862,2787089
2020-04-14,2020,4,14,port434,Hai Phong,Vietnam,VNM,11,4,5,0,1,20,21,34149,31788,1543,0,5639,67482,73122,1259,0,355,0,0,1614,1614,2787090
2020-04-15,2020,4,15,port434,Hai Phong,Vietnam,VNM,13,3,9,0,3,25,28,42140,0,12691,0,5106,54832,59939,2725,0,4634,0,0,7360,7360,2787091
2020-04-16,2020,4,16,port434,Hai Phong,Vietnam,VNM,10,0,5,0,4,15,19,20960,0,2450,0,4842,23410,28252,5503,0,355,0,1868,5858,7726,2787092
2020-04-17,2020,4,17,port434,Hai Phong,Vietnam,VNM,9,2,8,0,6,19,25,15398,3298,10409,0,4306,29105,33411,5179,255,711,0,7481,6145,13627,2787093
2020-04-18,2020,4,18,port434,Hai Phong,Vietnam,VNM,9,1,5,1,3,16,19,7190,0,6027,0,6174,13217,19392,18891,0,0,0,269,18891,19161,2787094
2020-04-19,2020,4,19,port434,Hai Phong,Vietnam,VNM,7,1,4,0,2,12,14,9510,0,4457,0,342,13968,14311,1549,33972,1476,0,0,36998,36998,2787095
2020-04-20,2020,4,20,port434,Hai Phong,Vietnam,VNM,11,0,8,0,7,19,26,27998,0,6282,0,13094,34281,47376,1370,0,1909,0,362,3279,3641,2787096
2020-04-21,2020,4,21,port434,Hai Phong,Vietnam,VNM,7,0,7,0,3,14,17,10293,0,2931,0,6179,13224,19403,9896,0,3705,0,0,13601,13601,2787097
2020-04-22,2020,4,22,port434,Hai Phong,Vietnam,VNM,13,1,7,0,6,21,27,13396,29148,4763,0,1868,47308,49176,3327,0,2044,0,92,5372,5465,2787098
2020-04-23,2020,4,23,port434,Hai Phong,Vietnam,VNM,9,1,10,0,4,20,24,18896,7422,7152,0,2912,33471,36383,3986,1381,1156,0,92,6524,6617,2787099
2020-04-24,2020,4,24,port434,Hai Phong,Vietnam,VNM,10,1,6,0,4,17,21,14309,0,4007,0,6174,18317,24492,10504,0,718,0,269,11222,11491,2787100
2020-04-25,2020,4,25,port434,Hai Phong,Vietnam,VNM,13,2,6,1,1,22,23,27065,18344,3220,511,1868,49142,51010,12203,0,2080,0,92,14283,14376,2787101
2020-04-26,2020,4,26,port434,Hai Phong,Vietnam,VNM,8,3,7,1,4,19,23,6017,0,9864,388,7012,16270,23282,5967,2917,1125,0,176,10010,10187,2787102
2020-04-27,2020,4,27,port434,Hai Phong,Vietnam,VNM,5,1,7,0,0,13,13,10612,7422,11692,0,0,29726,29726,2791,1381,711,0,0,4883,4883,2787103
2020-04-28,2020,4,28,port434,Hai Phong,Vietnam,VNM,11,1,8,0,4,20,24,29741,0,13246,0,8484,42987,51472,3493,0,1777,0,0,5271,5271,2787104
2020-04-29,2020,4,29,port434,Hai Phong,Vietnam,VNM,14,1,5,0,4,20,24,18274,0,1652,0,15946,19926,35872,12479,29148,414,0,176,42041,42218,2787105
2020-04-30,2020,4,30,port434,Hai Phong,Vietnam,VNM,9,0,10,0,4,19,23,16432,0,12167,0,5298,28599,33898,4795,0,803,0,4031,5598,9630,2787106
2020-05-01,2020,5,1,port434,Hai Phong,Vietnam,VNM,13,0,7,1,3,21,24,29170,0,4361,0,2254,33531,35786,3485,0,355,0,0,3840,3840,2787107
2020-05-02,2020,5,2,port434,Hai Phong,Vietnam,VNM,11,0,4,0,6,15,21,31479,0,3981,0,8528,35461,43989,8881,0,769,0,92,9650,9743,2787108
2020-05-03,2020,5,3,port434,Hai Phong,Vietnam,VNM,9,1,8,0,4,18,22,20066,15063,3177,0,7000,38307,45307,629,0,711,0,92,1340,1433,2787109
2020-05-04,2020,5,4,port434,Hai Phong,Vietnam,VNM,8,1,7,0,5,16,21,16597,0,6583,0,17608,23181,40789,629,0,1125,0,838,1754,2592,2787110
2020-05-05,2020,5,5,port434,Hai Phong,Vietnam,VNM,9,1,10,0,6,20,26,14050,0,8555,0,10136,22606,32742,5131,17760,1125,0,482,24016,24499,2787111
2020-05-06,2020,5,6,port434,Hai Phong,Vietnam,VNM,6,2,3,0,3,11,14,6399,7422,548,0,8050,14370,22421,1351,1381,0,0,0,2732,2732,2787112
2020-05-07,2020,5,7,port434,Hai Phong,Vietnam,VNM,12,2,10,0,5,24,29,16012,0,11515,0,6187,27527,33715,10295,0,1836,0,2103,12131,14235,2787113
2020-05-08,2020,5,8,port434,Hai Phong,Vietnam,VNM,13,3,4,0,2,20,22,41018,18612,3998,0,6174,63629,69804,6265,2762,0,0,269,9027,9297,2787114
2020-05-09,2020,5,9,port434,Hai Phong,Vietnam,VNM,11,1,12,1,3,25,28,10329,0,13276,767,4515,24373,28888,9843,0,1125,0,0,10968,10968,2787115
2020-05-10,2020,5,10,port434,Hai Phong,Vietnam,VNM,7,1,5,0,4,13,17,6281,2266,3278,0,11597,11825,23423,2725,0,2362,0,0,5087,5087,2787116
2020-05-11,2020,5,11,port434,Hai Phong,Vietnam,VNM,8,0,6,0,6,14,20,19888,0,3087,0,5560,22975,28535,1001,0,1299,0,0,2300,2300,2787117
2020-05-12,2020,5,12,port434,Hai Phong,Vietnam,VNM,11,1,11,0,4,23,27,18120,0,13202,0,1867,31322,33190,6343,0,2547,0,3939,8890,12829,2787118
2020-05-13,2020,5,13,port434,Hai Phong,Vietnam,VNM,12,0,4,0,6,16,22,14285,0,0,0,14270,14285,28555,5673,0,0,0,454,5673,6128,2787119
2020-05-14,2020,5,14,port434,Hai Phong,Vietnam,VNM,8,1,5,0,3,14,17,12890,0,8641,0,2740,21531,24272,5356,0,769,0,0,6126,6126,2787120
2020-05-15,2020,5,15,port434,Hai Phong,Vietnam,VNM,11,1,2,0,4,14,18,21672,0,0,0,4235,21672,25908,7574,0,3647,0,0,11221,11221,2787121
2020-05-16,2020,5,16,port434,Hai Phong,Vietnam,VNM,11,1,10,0,4,22,26,13053,19187,15229,0,4306,47469,51776,7133,0,1293,0,7985,8426,16412,2787122
2020-05-17,2020,5,17,port434,Hai Phong,Vietnam,VNM,6,0,3,0,6,9,15,4614,0,3087,0,17701,7701,25402,3116,0,711,0,445,3828,4273,2787123
2020-05-18,2020,5,18,port434,Hai Phong,Vietnam,VNM,9,2,3,0,5,14,19,13050,0,3087,0,3832,16137,19970,1259,54395,711,0,133,56366,56499,2787124
2020-05-19,2020,5,19,port434,Hai Phong,Vietnam,VNM,15,2,3,0,5,20,25,15577,21268,5355,0,19394,42201,61595,9139,0,769,0,0,9909,9909,2787125
2020-05-20,2020,5,20,port434,Hai Phong,Vietnam,VNM,10,3,6,0,3,19,22,4908,0,6976,0,1868,11885,13753,2275,17584,711,0,92,20570,20663,2787126
2020-05-21,2020,5,21,port434,Hai Phong,Vietnam,VNM,10,0,9,0,4,19,23,6751,0,9692,0,8841,16443,25284,4753,0,1066,0,711,5820,6532,2787127
2020-05-22,2020,5,22,port434,Hai Phong,Vietnam,VNM,8,1,7,0,5,16,21,15117,0,3087,0,7750,18204,25955,5063,0,711,0,185,5774,5960,2787128
2020-05-23,2020,5,23,port434,Hai Phong,Vietnam,VNM,14,0,5,0,3,19,22,10542,0,5562,0,3737,16105,19842,15833,0,711,0,185,16544,16730,2787129
2020-05-24,2020,5,24,port434,Hai Phong,Vietnam,VNM,8,0,9,0,5,17,22,17966,0,3235,0,13312,21201,34514,2712,0,711,0,92,3423,3516,2787130
2020-05-25,2020,5,25,port434,Hai Phong,Vietnam,VNM,10,1,6,0,4,17,21,25148,0,6174,0,5020,31322,36342,1889,4336,1422,0,176,7647,7824,2787131
2020-05-26,2020,5,26,port434,Hai Phong,Vietnam,VNM,11,1,9,0,5,21,26,12151,0,7823,0,7298,19975,27274,5529,0,769,0,535,6299,6834,2787132
2020-05-27,2020,5,27,port434,Hai Phong,Vietnam,VNM,9,1,7,0,5,17,22,18378,0,14687,0,7390,33065,40456,2397,0,3043,0,0,5440,5440,2787133
2020-05-28,2020,5,28,port434,Hai Phong,Vietnam,VNM,11,0,5,0,4,16,20,15060,0,8547,0,1868,23607,25475,7485,0,996,0,92,8482,8574,2787134
2020-05-29,2020,5,29,port434,Hai Phong,Vietnam,VNM,11,1,4,1,3,17,20,23953,0,3928,1169,5710,29051,34762,5118,0,1047,0,92,6165,6258,2787135
2020-05-30,2020,5,30,port434,Hai Phong,Vietnam,VNM,11,2,9,1,3,23,26,15980,7422,11126,0,410,34529,34939,5774,1381,1480,0,0,8636,8636,2787136
2020-05-31,2020,5,31,port434,Hai Phong,Vietnam,VNM,9,0,5,0,5,14,19,17829,0,3087,0,7694,20916,28610,3312,0,711,0,92,4023,4116,2787137
2020-06-01,2020,6,1,port434,Hai Phong,Vietnam,VNM,8,0,8,0,2,16,18,11895,0,9119,0,1868,21015,22883,2263,0,1480,0,92,3744,3837,2787138
2020-06-02,2020,6,2,port434,Hai Phong,Vietnam,VNM,7,1,8,0,4,16,20,10899,0,7588,0,10884,18488,29372,629,0,789,0,596,1418,2015,2787139
2020-06-03,2020,6,3,port434,Hai Phong,Vietnam,VNM,12,2,1,0,2,15,17,15253,16515,0,0,6980,31768,38749,6365,1381,0,0,0,7746,7746,2787140
2020-06-04,2020,6,4,port434,Hai Phong,Vietnam,VNM,11,1,11,0,2,23,25,26617,0,21010,0,1868,47627,49496,1354,1426,6294,0,92,9074,9167,2787141
2020-06-05,2020,6,5,port434,Hai Phong,Vietnam,VNM,9,0,5,0,3,14,17,19711,0,9995,0,6542,29707,36249,6094,0,716,0,92,6810,6903,2787142
2020-06-06,2020,6,6,port434,Hai Phong,Vietnam,VNM,15,1,2,1,1,19,20,20741,27241,1652,767,0,50403,50403,8966,0,414,0,0,9380,9380,2787143
2020-06-07,2020,6,7,port434,Hai Phong,Vietnam,VNM,8,1,7,0,3,16,19,12748,23541,6917,0,4741,43207,47948,2417,0,9443,0,176,11860,12037,2787144
2020-06-08,2020,6,8,port434,Hai Phong,Vietnam,VNM,8,2,7,0,4,17,21,14864,32365,7639,0,1868,54868,56737,4024,1381,1480,0,92,6886,6979,2787145
2020-06-09,2020,6,9,port434,Hai Phong,Vietnam,VNM,11,1,6,0,2,18,20,24315,22425,13631,0,3430,60372,63803,5248,0,1352,0,0,6600,6600,2787146
2020-06-10,2020,6,10,port434,Hai Phong,Vietnam,VNM,12,1,14,0,6,27,33,33067,7422,14512,0,10731,55002,65734,8147,1381,2250,0,4395,11778,16174,2787147
2020-06-11,2020,6,11,port434,Hai Phong,Vietnam,VNM,14,1,5,0,5,20,25,25446,0,9165,0,9968,34611,44579,12126,0,1066,0,0,13193,13193,2787148
2020-06-12,2020,6,12,port434,Hai Phong,Vietnam,VNM,13,3,6,0,3,22,25,21156,3166,9307,0,1770,33630,35401,9820,0,1066,0,0,10887,10887,2787149
2020-06-13,2020,6,13,port434,Hai Phong,Vietnam,VNM,5,0,2,0,0,7,7,5333,0,1652,0,0,6985,6985,3611,0,414,0,0,4025,4025,2787150
2020-06-14,2020,6,14,port434,Hai Phong,Vietnam,VNM,11,0,5,0,7,16,23,10764,0,6011,0,12592,16776,29368,5272,0,582,0,185,5855,6041,2787151
2020-06-15,2020,6,15,port434,Hai Phong,Vietnam,VNM,8,0,7,0,1,15,16,17568,0,5404,0,4792,22972,27764,1902,0,2431,0,0,4333,4333,2787152
2020-06-16,2020,6,16,port434,Hai Phong,Vietnam,VNM,7,2,6,0,4,15,19,10555,0,8998,0,4306,19553,23859,5713,16989,1183,0,176,23885,24062,2787153
2020-06-17,2020,6,17,port434,Hai Phong,Vietnam,VNM,9,0,7,0,4,16,20,16427,0,3474,0,5184,19902,25086,2233,0,2294,0,92,4527,4620,2787154
2020-06-18,2020,6,18,port434,Hai Phong,Vietnam,VNM,15,2,12,0,5,29,34,24329,25982,11333,0,8722,61645,70367,9248,0,3598,0,403,12847,13251,2787155
2020-06-19,2020,6,19,port434,Hai Phong,Vietnam,VNM,12,2,5,1,6,20,26,18647,0,4244,0,8635,22892,31527,12550,0,246,0,92,12797,12890,2787156
2020-06-20,2020,6,20,port434,Hai Phong,Vietnam,VNM,14,4,6,0,2,24,26,15068,7499,3087,0,0,25654,25654,9298,1381,3087,0,0,13767,13767,2787157
2020-06-21,2020,6,21,port434,Hai Phong,Vietnam,VNM,7,0,4,0,1,11,12,10814,0,2513,0,0,13328,13328,1859,0,414,0,0,2273,2273,2787158
2020-06-22,2020,6,22,port434,Hai Phong,Vietnam,VNM,9,1,3,0,6,13,19,10089,7422,4630,0,10990,22142,33132,3754,1381,1066,0,92,6201,6294,2787159
2020-06-23,2020,6,23,port434,Hai Phong,Vietnam,VNM,11,0,7,0,3,18,21,11871,0,10968,0,1388,22840,24228,6641,0,1422,0,0,8063,8063,2787160
2020-06-24,2020,6,24,port434,Hai Phong,Vietnam,VNM,5,1,7,0,3,13,16,18471,0,5183,0,0,23654,23654,1583,0,711,0,1359,2294,3653,2787161
2020-06-25,2020,6,25,port434,Hai Phong,Vietnam,VNM,12,1,5,0,4,18,22,17106,10604,1543,0,6986,29255,36242,13284,0,355,0,92,13639,13732,2787162
2020-06-26,2020,6,26,port434,Hai Phong,Vietnam,VNM,15,1,6,0,3,22,25,22060,0,7755,0,6107,29815,35923,8864,51143,938,0,0,60946,60946,2787163
2020-06-27,2020,6,27,port434,Hai Phong,Vietnam,VNM,13,0,7,2,3,22,25,14591,0,4630,0,2092,19221,21313,13675,0,1066,194,0,14936,14936,2787164
2020-06-28,2020,6,28,port434,Hai Phong,Vietnam,VNM,7,1,4,0,4,12,16,13087,7422,8276,0,3813,28786,32599,629,1381,711,0,92,2721,2814,2787165
2020-06-29,2020,6,29,port434,Hai Phong,Vietnam,VNM,9,0,8,0,3,17,20,13457,0,8101,0,14635,21558,36194,2422,0,2027,0,0,4449,4449,2787166
2020-06-30,2020,6,30,port434,Hai Phong,Vietnam,VNM,11,0,4,0,2,15,17,9115,0,6287,0,6441,15402,21844,5071,0,548,0,535,5620,6155,2787167
2020-07-01,2020,7,1,port434,Hai Phong,Vietnam,VNM,9,0,9,0,4,18,22,21034,0,14038,0,3737,35072,38809,5676,0,711,0,631,6387,7019,2787168
2020-07-02,2020,7,2,port434,Hai Phong,Vietnam,VNM,7,0,4,0,2,11,13,10905,0,1543,0,1887,12448,14336,2947,0,355,0,0,3303,3303,2787169
2020-07-03,2020,7,3,port434,Hai Phong,Vietnam,VNM,17,3,4,0,0,24,24,50165,34687,5256,0,0,90109,90109,6333,878,1230,0,0,8442,8442,2787170
2020-07-04,2020,7,4,port434,Hai Phong,Vietnam,VNM,14,1,6,0,2,21,23,19779,29063,9865,0,1868,58708,60576,12355,0,8392,0,4169,20748,24917,2787171
2020-07-05,2020,7,5,port434,Hai Phong,Vietnam,VNM,9,3,3,0,5,15,20,8614,35533,5823,0,0,49972,49972,13599,0,355,0,0,13955,13955,2787172
2020-07-06,2020,7,6,port434,Hai Phong,Vietnam,VNM,6,0,7,0,3,13,16,13512,0,8471,0,6414,21983,28398,1259,0,769,0,92,2028,2121,2787173
2020-07-07,2020,7,7,port434,Hai Phong,Vietnam,VNM,11,1,2,0,2,14,16,21886,7422,0,0,3573,29308,32881,6118,1381,0,0,0,7499,7499,2787174
2020-07-08,2020,7,8,port434,Hai Phong,Vietnam,VNM,10,0,6,0,5,16,21,18525,0,9046,0,8691,27572,36263,3892,0,1539,0,185,5431,5617,2787175
2020-07-09,2020,7,9,port434,Hai Phong,Vietnam,VNM,11,0,7,0,2,18,20,20113,0,6696,0,922,26810,27732,4012,0,769,0,0,4782,4782,2787176
2020-07-10,2020,7,10,port434,Hai Phong,Vietnam,VNM,12,3,3,0,3,18,21,28677,1177,2384,0,11548,32239,43787,12112,0,355,0,0,12467,12467,2787177
2020-07-11,2020,7,11,port434,Hai Phong,Vietnam,VNM,13,0,6,2,3,21,24,22950,0,1543,0,4905,24494,29400,10890,0,5562,0,0,16452,16452,2787178
2020-07-12,2020,7,12,port434,Hai Phong,Vietnam,VNM,12,1,7,0,3,20,23,18014,0,4863,0,6878,22877,29755,2488,0,3623,0,0,6112,6112,2787179
2020-07-13,2020,7,13,port434,Hai Phong,Vietnam,VNM,9,0,9,0,8,18,26,12496,0,8321,0,2756,20817,23573,2942,0,1781,0,0,4723,4723,2787180
2020-07-14,2020,7,14,port434,Hai Phong,Vietnam,VNM,9,2,7,0,4,18,22,13709,0,4233,0,1281,17943,19224,1774,0,355,0,7974,2130,10104,2787181
2020-07-15,2020,7,15,port434,Hai Phong,Vietnam,VNM,9,2,7,0,3,18,21,14264,35630,9820,0,7068,59715,66784,4220,17603,1125,0,92,22949,23042,2787182
2020-07-16,2020,7,16,port434,Hai Phong,Vietnam,VNM,8,1,5,0,5,14,19,10477,0,6282,0,2569,16760,19330,14245,0,1480,0,0,15726,15726,2787183
2020-07-17,2020,7,17,port434,Hai Phong,Vietnam,VNM,15,2,5,0,5,22,27,32427,5968,9166,0,8803,47562,56365,3484,509,355,0,92,4349,4442,2787184
2020-07-18,2020,7,18,port434,Hai Phong,Vietnam,VNM,10,0,10,0,4,20,24,10285,0,8696,0,5177,18982,24160,10222,0,2631,0,253,12854,13107,2787185
2020-07-19,2020,7,19,port434,Hai Phong,Vietnam,VNM,12,2,5,0,3,19,22,13282,29851,5826,0,4306,48960,53267,22719,25304,0,0,176,48023,48200,2787186
2020-07-20,2020,7,20,port434,Hai Phong,Vietnam,VNM,11,1,5,0,6,17,23,10756,28527,6142,0,7973,45426,53399,5549,0,711,0,185,6260,6445,2787187
2020-07-21,2020,7,21,port434,Hai Phong,Vietnam,VNM,12,1,4,0,4,17,21,23187,4052,6495,0,8290,33734,42024,3681,0,227,0,1797,3908,5705,2787188
2020-07-22,2020,7,22,port434,Hai Phong,Vietnam,VNM,7,2,12,0,3,21,24,16105,43479,11919,0,2555,71504,74059,3334,0,2395,0,92,5729,5822,2787189
2020-07-23,2020,7,23,port434,Hai Phong,Vietnam,VNM,12,1,2,0,5,15,20,16882,0,0,0,964,16882,17846,11586,0,2154,0,10034,13740,23775,2787190
2020-07-24,2020,7,24,port434,Hai Phong,Vietnam,VNM,15,0,7,0,3,22,25,15277,0,7457,0,3309,22735,26044,9754,0,769,0,0,10524,10524,2787191
2020-07-25,2020,7,25,port434,Hai Phong,Vietnam,VNM,13,0,2,0,2,15,17,28108,0,3455,0,0,31563,31563,10855,0,0,0,1031,10855,11887,2787192
2020-07-26,2020,7,26,port434,Hai Phong,Vietnam,VNM,8,2,5,1,3,16,19,6739,4066,6289,0,1029,17095,18125,4187,8332,1125,0,433,13644,14077,2787193
2020-07-27,2020,7,27,port434,Hai Phong,Vietnam,VNM,9,0,6,0,4,15,19,10447,0,7787,0,4674,18235,22909,1259,0,4022,0,0,5282,5282,2787194
2020-07-28,2020,7,28,port434,Hai Phong,Vietnam,VNM,4,2,4,1,1,11,12,4672,0,1543,1243,299,7459,7758,2914,1130,355,0,0,4400,4400,2787195
2020-07-29,2020,7,29,port434,Hai Phong,Vietnam,VNM,0,0,0,0,0,0,0,0,0,0,0,0,0,0,0,0,0,0,0,0,0,2787196
2020-07-30,2020,7,30,port434,Hai Phong,Vietnam,VNM,0,0,4,0,0,4,4,0,0,3087,0,0,3087,3087,0,0,1076,0,0,1076,1076,2787197
2020-07-31,2020,7,31,port434,Hai Phong,Vietnam,VNM,2,0,4,0,0,6,6,2028,0,3673,0,0,5702,5702,629,0,355,0,0,985,985,2787198
2020-08-01,2020,8,1,port434,Hai Phong,Vietnam,VNM,1,0,2,0,2,3,5,0,0,3195,0,1868,3195,5064,1869,0,769,0,92,2639,2732,2787199
2020-08-02,2020,8,2,port434,Hai Phong,Vietnam,VNM,2,0,0,0,0,2,2,3164,0,0,0,0,3164,3164,0,0,0,0,0,0,0,2787200
2020-08-03,2020,8,3,port434,Hai Phong,Vietnam,VNM,1,0,7,0,4,8,12,0,0,11959,0,1868,11959,13828,506,0,1539,0,92,2045,2138,2787201
2020-08-04,2020,8,4,port434,Hai Phong,Vietnam,VNM,4,0,5,0,0,9,9,10292,0,7410,0,0,17703,17703,0,0,1066,0,0,1066,1066,2787202
2020-08-05,2020,8,5,port434,Hai Phong,Vietnam,VNM,1,0,2,0,1,3,4,828,0,1543,0,4358,2372,6730,0,0,355,0,0,355,355,2787203
2020-08-06,2020,8,6,port434,Hai Phong,Vietnam,VNM,2,1,2,0,1,5,6,1671,0,1652,0,1491,3323,4814,5490,26703,414,0,0,32607,32607,2787204
2020-08-07,2020,8,7,port434,Hai Phong,Vietnam,VNM,6,0,5,0,0,11,11,5468,0,243,0,0,5711,5711,6987,0,0,0,0,6987,6987,2787205
2020-08-08,2020,8,8,port434,Hai Phong,Vietnam,VNM,5,0,3,0,1,8,9,6824,0,1999,0,4480,8823,13304,2257,0,0,0,0,2257,2257,2787206
2020-08-09,2020,8,9,port434,Hai Phong,Vietnam,VNM,5,1,2,0,2,8,10,1280,7422,3087,0,0,11789,11789,5597,1381,711,0,0,7690,7690,2787207
2020-08-10,2020,8,10,port434,Hai Phong,Vietnam,VNM,10,0,7,0,3,17,20,13813,0,7734,0,4670,21548,26219,2101,0,5250,0,9893,7352,17246,2787208
2020-08-11,2020,8,11,port434,Hai Phong,Vietnam,VNM,14,0,12,1,3,27,30,18800,0,11801,0,7349,30601,37951,4948,0,3682,0,0,8631,8631,2787209
2020-08-12,2020,8,12,port434,Hai Phong,Vietnam,VNM,7,1,10,0,6,18,24,6689,0,6905,0,11936,13595,25531,1557,4493,1066,0,176,7116,7293,2787210
2020-08-13,2020,8,13,port434,Hai Phong,Vietnam,VNM,9,0,11,0,3,20,23,9582,0,13165,0,857,22747,23605,14960,0,3881,0,0,18841,18841,2787211
2020-08-14,2020,8,14,port434,Hai Phong,Vietnam,VNM,2,0,2,0,2,4,6,2937,0,0,0,1168,2937,4105,0,0,0,0,0,0,0,2787212
2020-08-15,2020,8,15,port434,Hai Phong,Vietnam,VNM,2,0,1,0,1,3,4,3264,0,0,0,4186,3264,7450,629,0,0,0,0,629,629,2787213
2020-08-16,2020,8,16,port434,Hai Phong,Vietnam,VNM,3,0,2,0,0,5,5,637,0,0,0,0,637,637,1126,0,4065,0,0,5192,5192,2787214
2020-08-17,2020,8,17,port434,Hai Phong,Vietnam,VNM,4,2,6,0,2,12,14,2880,25768,5176,0,9403,33825,43228,682,1381,355,0,92,2419,2511,2787215
2020-08-18,2020,8,18,port434,Hai Phong,Vietnam,VNM,11,0,9,0,3,20,23,22317,0,21247,0,6174,43564,49739,10680,0,1066,0,269,11746,12016,2787216
2020-08-19,2020,8,19,port434,Hai Phong,Vietnam,VNM,14,2,7,0,3,23,26,27796,0,9696,0,4670,37492,42162,1889,0,2367,0,92,4256,4349,2787217
2020-08-20,2020,8,20,port434,Hai Phong,Vietnam,VNM,8,2,6,0,4,16,20,7092,14844,8112,0,5605,30049,35654,14745,2762,809,0,278,18317,18595,2787218
2020-08-21,2020,8,21,port434,Hai Phong,Vietnam,VNM,9,1,6,0,0,16,16,13979,0,6391,0,0,20371,20371,5687,0,1539,0,0,7226,7226,2787219
2020-08-22,2020,8,22,port434,Hai Phong,Vietnam,VNM,18,1,5,1,1,25,26,21413,0,3087,435,7887,24935,32823,3818,0,5981,160,0,9961,9961,2787220
2020-08-23,2020,8,23,port434,Hai Phong,Vietnam,VNM,9,0,8,1,3,18,21,9318,0,7826,584,7303,17729,25033,6840,0,4200,0,92,11040,11133,2787221
2020-08-24,2020,8,24,port434,Hai Phong,Vietnam,VNM,6,1,6,0,2,13,15,14693,7422,1543,0,9103,23659,32762,3050,1381,355,0,92,4787,4880,2787222
2020-08-25,2020,8,25,port434,Hai Phong,Vietnam,VNM,10,0,8,0,4,18,22,8022,0,8123,0,3737,16145,19882,7249,0,0,0,185,7249,7435,2787223
2020-08-26,2020,8,26,port434,Hai Phong,Vietnam,VNM,13,3,5,0,3,21,24,24148,11463,6239,0,6288,41851,48139,3276,1381,1066,0,92,5724,5817,2787224
2020-08-27,2020,8,27,port434,Hai Phong,Vietnam,VNM,9,1,9,0,4,19,23,12648,7422,8065,0,6671,28135,34806,5254,1381,1422,0,0,8058,8058,2787225
2020-08-28,2020,8,28,port434,Hai Phong,Vietnam,VNM,10,2,9,0,2,21,23,19517,22704,12309,0,599,54530,55130,11869,17046,1125,0,0,30041,30041,2787226
2020-08-29,2020,8,29,port434,Hai Phong,Vietnam,VNM,14,0,5,0,5,19,24,10884,0,3284,0,13166,14169,27336,14669,0,2101,0,269,16770,17040,2787227
2020-08-30,2020,8,30,port434,Hai Phong,Vietnam,VNM,7,1,6,0,4,14,18,5768,0,8267,0,726,14035,14762,2793,0,3072,0,2939,5865,8805,2787228
2020-08-31,2020,8,31,port434,Hai Phong,Vietnam,VNM,11,0,2,0,4,13,17,13140,0,0,0,3219,13140,16360,3520,0,116,0,264,3636,3901,2787229
2020-09-01,2020,9,1,port434,Hai Phong,Vietnam,VNM,11,3,3,0,0,17,17,16388,11463,0,0,0,27852,27852,9179,1381,0,0,0,10560,10560,2787230
2020-09-02,2020,9,2,port434,Hai Phong,Vietnam,VNM,8,1,9,0,3,18,21,17487,7422,13667,0,895,38577,39473,1654,1381,6786,0,0,9822,9822,2787231
2020-09-03,2020,9,3,port434,Hai Phong,Vietnam,VNM,8,1,4,0,3,13,16,13344,0,1652,0,8028,14996,23025,7034,0,657,0,0,7691,7691,2787232
2020-09-04,2020,9,4,port434,Hai Phong,Vietnam,VNM,3,0,5,0,0,8,8,5552,0,3161,0,0,8714,8714,269,0,355,0,0,625,625,2787233
2020-09-05,2020,9,5,port434,Hai Phong,Vietnam,VNM,0,0,4,0,0,4,4,0,0,4828,0,0,4828,4828,0,0,582,0,0,582,582,2787234
2020-09-06,2020,9,6,port434,Hai Phong,Vietnam,VNM,0,1,2,0,0,3,3,0,0,5268,0,0,5268,5268,0,0,0,0,0,0,0,2787235
2020-09-07,2020,9,7,port434,Hai Phong,Vietnam,VNM,2,1,9,0,1,12,13,3613,7422,3443,0,0,14478,14478,0,1381,355,0,0,1736,1736,2787236
2020-09-08,2020,9,8,port434,Hai Phong,Vietnam,VNM,1,0,3,0,1,4,5,0,0,0,0,1868,0,1868,0,0,110,0,92,110,202,2787237
2020-10-03,2020,10,3,port434,Hai Phong,Vietnam,VNM,16,1,11,1,2,29,31,19533,7422,7555,0,3144,34511,37656,4902,1381,9198,0,0,15481,15481,2787238
2022-12-01,2022,12,1,port434,Hai Phong,Vietnam,VNM,10,1,1,1,5,13,18,22836,2518,1782,0,4439,27137,31577,5392,0,0,0,92,5392,5485,2787239
2020-10-04,2020,10,4,port434,Hai Phong,Vietnam,VNM,9,1,6,0,5,16,21,9323,0,6882,0,13010,16206,29217,8615,1934,1480,0,0,12030,12030,2787240
2020-10-05,2020,10,5,port434,Hai Phong,Vietnam,VNM,8,0,6,0,5,14,19,20519,0,4630,0,5944,25150,31095,2662,0,1066,0,92,3728,3821,2787241
2022-12-02,2022,12,2,port434,Hai Phong,Vietnam,VNM,12,0,6,0,2,18,20,12266,0,1543,0,2106,13810,15917,18621,0,2779,0,0,21401,21401,2787242
2020-10-06,2020,10,6,port434,Hai Phong,Vietnam,VNM,7,1,7,0,3,15,18,13359,2066,10129,0,8775,25555,34330,2685,0,3077,0,878,5762,6640,2787243
2022-12-03,2022,12,3,port434,Hai Phong,Vietnam,VNM,11,2,3,0,2,16,18,11600,32232,4630,0,8367,48463,56830,3116,0,1066,0,535,4183,4718,2787244
2020-10-07,2020,10,7,port434,Hai Phong,Vietnam,VNM,8,2,5,0,2,15,17,7924,23686,5359,0,5211,36970,42181,9366,1381,0,0,92,10747,10840,2787245
2022-12-04,2022,12,4,port434,Hai Phong,Vietnam,VNM,9,1,6,0,3,16,19,10278,7956,6070,0,1284,24305,25590,7965,0,0,0,0,7965,7965,2787246
2020-10-08,2020,10,8,port434,Hai Phong,Vietnam,VNM,5,0,5,0,1,10,11,4147,0,5045,0,4420,9193,13613,12659,0,3522,0,0,16181,16181,2787247
2022-12-05,2022,12,5,port434,Hai Phong,Vietnam,VNM,7,1,8,0,7,16,23,17138,1413,6162,0,15809,24714,40523,4954,0,5693,0,0,10648,10648,2787248
2020-10-09,2020,10,9,port434,Hai Phong,Vietnam,VNM,14,3,2,0,3,19,22,16722,244,6540,0,7705,23507,31213,18811,0,355,0,0,19166,19166,2787249
2022-12-06,2022,12,6,port434,Hai Phong,Vietnam,VNM,9,0,4,1,2,14,16,11562,0,5806,1602,7513,18971,26484,10117,0,355,0,0,10472,10472,2787250
2020-10-10,2020,10,10,port434,Hai Phong,Vietnam,VNM,9,2,10,0,1,21,22,7987,11432,11563,0,710,30983,31693,15974,1381,9541,0,0,26896,26896,2787251
2022-12-07,2022,12,7,port434,Hai Phong,Vietnam,VNM,12,1,5,0,3,18,21,15494,7422,3304,0,13276,26221,39498,2645,1381,828,0,0,4854,4854,2787252
2020-10-11,2020,10,11,port434,Hai Phong,Vietnam,VNM,12,0,1,0,2,13,15,36858,0,1652,0,446,38510,38957,6239,0,414,0,0,6653,6653,2787253
2022-12-08,2022,12,8,port434,Hai Phong,Vietnam,VNM,18,0,7,0,3,25,28,29687,0,9366,0,1868,39054,40922,13101,0,1125,0,10738,14226,24965,2787254
2020-10-12,2020,10,12,port434,Hai Phong,Vietnam,VNM,3,1,4,0,5,8,13,4970,7422,0,0,3479,12392,15871,2470,1381,2512,0,8772,6363,15136,2787255
2022-12-09,2022,12,9,port434,Hai Phong,Vietnam,VNM,10,1,4,0,6,15,21,7131,0,6304,0,6062,13435,19498,4138,0,1080,0,278,5219,5497,2787256
2020-10-13,2020,10,13,port434,Hai Phong,Vietnam,VNM,18,0,1,0,7,19,26,37572,0,1230,0,7222,38802,46024,11149,0,0,0,92,11149,11241,2787257
2022-12-10,2022,12,10,port434,Hai Phong,Vietnam,VNM,10,0,6,0,9,16,25,14430,0,5731,0,20099,20162,40262,629,0,711,0,185,1340,1526,2787258
2020-10-14,2020,10,14,port434,Hai Phong,Vietnam,VNM,7,0,0,0,2,7,9,2538,0,0,0,6912,2538,9451,21219,0,0,0,0,21219,21219,2787259
2022-12-11,2022,12,11,port434,Hai Phong,Vietnam,VNM,8,1,7,0,3,16,19,16204,7422,3908,0,3704,27534,31239,2120,1381,0,0,92,3501,3594,2787260
2020-10-15,2020,10,15,port434,Hai Phong,Vietnam,VNM,15,0,5,0,2,20,22,23330,0,8213,0,3393,31543,34936,13285,0,0,0,0,13285,13285,2787261
2022-12-12,2022,12,12,port434,Hai Phong,Vietnam,VNM,8,0,15,0,4,23,27,5547,0,11306,0,6804,16854,23659,11593,0,2308,0,890,13901,14792,2787262
2020-10-16,2020,10,16,port434,Hai Phong,Vietnam,VNM,14,0,3,0,6,17,23,23692,0,2837,0,15848,26530,42379,5997,0,414,0,720,6411,7132,2787263
2022-12-13,2022,12,13,port434,Hai Phong,Vietnam,VNM,13,0,5,0,4,18,22,14683,0,1543,0,12487,16227,28715,12489,0,1138,0,10698,13627,24325,2787264
2020-10-17,2020,10,17,port434,Hai Phong,Vietnam,VNM,8,1,2,0,2,11,13,536,0,2831,0,0,3368,3368,4936,0,355,0,10794,5292,16086,2787265
2022-12-14,2022,12,14,port434,Hai Phong,Vietnam,VNM,12,3,9,1,5,25,30,13669,33486,7671,0,2856,54827,57684,6869,8317,1480,0,92,16667,16760,2787266
2020-10-18,2020,10,18,port434,Hai Phong,Vietnam,VNM,12,0,3,1,3,16,19,14146,0,0,0,6342,14146,20488,9421,0,0,0,4095,9421,13516,2787267
2022-12-15,2022,12,15,port434,Hai Phong,Vietnam,VNM,12,1,9,0,5,22,27,14043,7422,3763,0,21869,25228,47098,4517,1381,769,0,92,6668,6761,2787268
2020-10-19,2020,10,19,port434,Hai Phong,Vietnam,VNM,5,0,5,1,2,11,13,5947,0,4280,0,5942,10227,16170,3085,0,1477,0,92,4563,4656,2787269
2022-12-16,2022,12,16,port434,Hai Phong,Vietnam,VNM,10,0,3,0,2,13,15,10646,0,4630,0,1868,15277,17145,9761,0,1066,0,92,10828,10921,2787270
2020-10-20,2020,10,20,port434,Hai Phong,Vietnam,VNM,9,0,5,0,4,14,18,18941,0,9850,0,6263,28792,35055,1185,0,828,0,92,2013,2106,2787271
2022-12-17,2022,12,17,port434,Hai Phong,Vietnam,VNM,8,0,8,1,5,17,22,12058,0,3932,386,11930,16377,28308,3690,0,769,0,185,4460,4645,2787272
2020-10-21,2020,10,21,port434,Hai Phong,Vietnam,VNM,13,0,5,0,3,18,21,29478,0,1925,0,3982,31404,35386,4814,0,6610,0,0,11425,11425,2787273
2022-12-18,2022,12,18,port434,Hai Phong,Vietnam,VNM,9,0,4,0,3,13,16,10431,0,0,0,4767,10431,15198,3176,0,212,0,92,3388,3481,2787274
2020-10-22,2020,10,22,port434,Hai Phong,Vietnam,VNM,5,0,5,0,4,10,14,7943,0,3288,0,1312,11231,12544,12925,0,355,0,0,13280,13280,2787275
2022-12-19,2022,12,19,port434,Hai Phong,Vietnam,VNM,9,2,6,1,1,18,19,11541,5011,7347,0,1868,23901,25769,906,0,355,0,92,1262,1355,2787276
2020-10-23,2020,10,23,port434,Hai Phong,Vietnam,VNM,10,2,8,0,5,20,25,16728,6665,8433,0,8154,31827,39981,6001,0,5413,0,187,11415,11602,2787277
2022-12-20,2022,12,20,port434,Hai Phong,Vietnam,VNM,7,1,9,0,7,17,24,8849,0,8335,0,3128,17185,20313,9639,0,4389,0,92,14029,14122,2787278
2020-10-24,2020,10,24,port434,Hai Phong,Vietnam,VNM,11,0,2,0,5,13,18,16785,0,1480,0,11898,18265,30164,6482,0,0,0,0,6482,6482,2787279
2022-12-21,2022,12,21,port434,Hai Phong,Vietnam,VNM,15,0,3,0,4,18,22,21804,0,1543,0,9762,23348,33111,14401,0,1095,0,92,15497,15590,2787280
2022-12-22,2022,12,22,port434,Hai Phong,Vietnam,VNM,16,0,4,0,6,20,26,18470,0,1543,0,13312,20013,33326,23945,0,355,0,2121,24301,26422,2787281
2020-10-25,2020,10,25,port434,Hai Phong,Vietnam,VNM,5,0,2,0,2,7,9,11462,0,1515,0,0,12978,12978,5045,0,0,0,1676,5045,6722,2787282
2022-12-23,2022,12,23,port434,Hai Phong,Vietnam,VNM,11,1,4,0,5,16,21,14886,0,1543,0,8713,16429,25143,10217,0,1679,0,92,11896,11989,2787283
2020-10-26,2020,10,26,port434,Hai Phong,Vietnam,VNM,11,1,4,0,3,16,19,16667,7422,3195,0,3737,27285,31022,1259,1381,769,0,185,3410,3595,2787284
2022-12-24,2022,12,24,port434,Hai Phong,Vietnam,VNM,11,1,9,0,8,21,29,13821,7422,15294,0,19581,36538,56119,9711,1381,1649,0,92,12741,12834,2787285
2020-10-27,2020,10,27,port434,Hai Phong,Vietnam,VNM,9,0,15,0,7,24,31,25917,0,13103,0,17127,39021,56148,800,0,1463,0,185,2264,2450,2787286
2022-12-25,2022,12,25,port434,Hai Phong,Vietnam,VNM,5,0,8,0,0,13,13,7506,0,6230,0,0,13736,13736,1664,0,468,0,0,2133,2133,2787287
2020-10-28,2020,10,28,port434,Hai Phong,Vietnam,VNM,11,1,16,0,8,28,36,18949,0,9369,0,9928,28319,38247,3704,0,2191,0,342,5896,6238,2787288
2022-12-26,2022,12,26,port434,Hai Phong,Vietnam,VNM,14,0,4,1,7,19,26,21303,0,3087,0,11255,24390,35645,13811,0,1940,0,92,15751,15844,2787289
2020-10-29,2020,10,29,port434,Hai Phong,Vietnam,VNM,6,0,3,0,6,9,15,19721,0,1652,0,12663,21373,34036,0,0,414,0,19,414,433,2787290
2022-12-27,2022,12,27,port434,Hai Phong,Vietnam,VNM,9,0,8,0,6,17,23,12302,0,5683,0,9411,17986,27397,8242,0,769,0,0,9012,9012,2787291
2020-10-30,2020,10,30,port434,Hai Phong,Vietnam,VNM,13,2,8,0,3,23,26,11410,405,10490,0,3052,22306,25359,3237,2917,1836,0,0,7992,7992,2787292
2022-12-28,2022,12,28,port434,Hai Phong,Vietnam,VNM,9,0,5,0,8,14,22,14940,0,1543,0,4115,16483,20598,3110,0,3214,0,0,6325,6325,2787293
2020-10-31,2020,10,31,port434,Hai Phong,Vietnam,VNM,12,1,2,0,2,15,17,13505,0,0,0,0,13505,13505,7240,0,589,0,0,7829,7829,2787294
2022-12-29,2022,12,29,port434,Hai Phong,Vietnam,VNM,4,0,3,0,2,7,9,1760,0,3195,0,8079,4956,13035,6217,0,769,0,176,6987,7164,2787295
2020-11-01,2020,11,1,port434,Hai Phong,Vietnam,VNM,9,0,9,0,7,18,25,25504,0,8220,0,6998,33725,40723,801,0,3049,0,176,3851,4027,2787296
2022-12-30,2022,12,30,port434,Hai Phong,Vietnam,VNM,8,0,10,0,4,18,22,11676,0,10741,0,8291,22418,30710,4904,0,3135,0,2128,8040,10168,2787297
2020-11-02,2020,11,2,port434,Hai Phong,Vietnam,VNM,9,2,11,2,3,24,27,19014,0,4739,0,10222,23753,33976,5071,387,1125,0,269,6584,6854,2787298
2022-12-31,2022,12,31,port434,Hai Phong,Vietnam,VNM,11,1,5,0,2,17,19,28104,7422,5958,0,0,41485,41485,1259,1381,1227,0,0,3867,3867,2787299
2020-11-03,2020,11,3,port434,Hai Phong,Vietnam,VNM,13,0,5,1,3,19,22,19313,0,1543,1633,4235,22490,26726,7167,0,2746,0,185,9913,10099,2787300
2023-01-01,2023,1,1,port434,Hai Phong,Vietnam,VNM,15,0,5,0,6,20,26,17825,0,7088,0,879,24913,25793,8617,0,1015,0,10464,9632,20097,2787301
2020-11-04,2020,11,4,port434,Hai Phong,Vietnam,VNM,13,1,7,0,7,21,28,25401,18434,4144,0,18608,47979,66588,1585,0,414,0,92,1999,2092,2787302
2023-01-02,2023,1,2,port434,Hai Phong,Vietnam,VNM,9,2,11,2,4,24,28,7272,2293,16915,435,12388,26916,39304,11129,188,6039,160,185,17517,17703,2787303
2020-11-05,2020,11,5,port434,Hai Phong,Vietnam,VNM,6,2,8,0,6,16,22,6769,2388,3868,0,5300,13026,18326,1924,0,551,0,92,2476,2568,2787304
2023-01-03,2023,1,3,port434,Hai Phong,Vietnam,VNM,13,2,8,0,2,23,25,12841,9940,1543,0,4641,24325,28967,9677,1381,355,0,0,11414,11414,2787305
2020-11-06,2020,11,6,port434,Hai Phong,Vietnam,VNM,5,1,5,0,0,11,11,9693,0,4630,0,0,14323,14323,0,0,1066,0,0,1066,1066,2787306
2023-01-04,2023,1,4,port434,Hai Phong,Vietnam,VNM,11,0,4,0,4,15,19,25187,0,3914,0,4870,29101,33972,9735,0,355,0,92,10091,10184,2787307
2020-11-07,2020,11,7,port434,Hai Phong,Vietnam,VNM,15,1,6,0,2,22,24,21161,7422,5107,0,1868,33691,35560,10434,1381,2616,0,92,14432,14525,2787308
2023-01-05,2023,1,5,port434,Hai Phong,Vietnam,VNM,9,2,6,0,9,17,26,21092,13061,4738,0,13437,38893,52330,1259,0,1066,0,269,2325,2595,2787309
2020-11-08,2020,11,8,port434,Hai Phong,Vietnam,VNM,11,0,3,0,7,14,21,16168,0,1543,0,7474,17712,25186,12063,0,355,0,371,12418,12790,2787310
2023-01-06,2023,1,6,port434,Hai Phong,Vietnam,VNM,14,0,8,0,7,22,29,14615,0,4848,0,26714,19463,46178,10783,0,6878,0,128,17662,17790,2787311
2020-11-09,2020,11,9,port434,Hai Phong,Vietnam,VNM,8,0,4,0,6,12,18,9686,0,1543,0,9556,11230,20786,9007,0,1219,0,269,10227,10496,2787312
2023-01-07,2023,1,7,port434,Hai Phong,Vietnam,VNM,8,1,6,1,5,16,21,10195,2518,5997,778,5448,19490,24939,6565,0,414,0,92,6979,7072,2787313
2020-11-10,2020,11,10,port434,Hai Phong,Vietnam,VNM,4,1,2,0,6,7,13,7993,0,2719,0,5412,10712,16124,2335,0,355,0,92,2690,2783,2787314
2023-01-08,2023,1,8,port434,Hai Phong,Vietnam,VNM,9,0,5,0,3,14,17,14751,0,6429,0,2092,21181,23274,7593,0,2098,0,0,9692,9692,2787315
2020-11-11,2020,11,11,port434,Hai Phong,Vietnam,VNM,8,0,3,0,3,11,14,21580,0,4335,0,4013,25915,29929,629,0,1705,0,0,2334,2334,2787316
2023-01-09,2023,1,9,port434,Hai Phong,Vietnam,VNM,17,0,3,1,3,21,24,19176,0,3087,0,102,22263,22365,24918,0,711,0,0,25629,25629,2787317
2020-11-12,2020,11,12,port434,Hai Phong,Vietnam,VNM,8,1,2,1,5,12,17,12089,7422,208,0,14652,19719,34372,1889,1381,0,0,92,3270,3363,2787318
2023-01-10,2023,1,10,port434,Hai Phong,Vietnam,VNM,8,1,5,0,6,14,20,8482,9350,4771,0,10131,22603,32734,5250,0,414,0,177,5664,5842,2787319
2020-11-13,2020,11,13,port434,Hai Phong,Vietnam,VNM,16,0,8,0,4,24,28,23409,0,14296,0,13513,37705,51218,10887,0,1480,0,0,12367,12367,2787320
2023-01-11,2023,1,11,port434,Hai Phong,Vietnam,VNM,12,2,18,0,5,32,37,12523,14844,6122,0,7378,33490,40869,4416,2762,1569,0,92,8748,8841,2787321
2020-11-14,2020,11,14,port434,Hai Phong,Vietnam,VNM,10,0,4,1,3,15,18,13567,0,6086,0,9709,19654,29363,5032,0,8800,0,185,13833,14019,2787322
2023-01-12,2023,1,12,port434,Hai Phong,Vietnam,VNM,11,0,6,0,5,17,22,7866,0,7935,0,9800,15801,25602,7155,0,1894,0,92,9050,9143,2787323
2023-01-13,2023,1,13,port434,Hai Phong,Vietnam,VNM,11,1,9,1,2,22,24,11219,7422,7301,0,6804,25943,32748,8042,1381,828,0,0,10252,10252,2787324
2023-01-14,2023,1,14,port434,Hai Phong,Vietnam,VNM,14,1,12,0,4,27,31,11298,4877,13981,0,6174,30157,36332,12142,0,2882,0,269,15024,15293,2787325
2023-01-15,2023,1,15,port434,Hai Phong,Vietnam,VNM,10,2,7,0,5,19,24,12702,0,13323,0,6009,26026,32035,7783,0,1836,0,92,9620,9712,2787326
2023-01-16,2023,1,16,port434,Hai Phong,Vietnam,VNM,3,0,1,0,4,4,8,3520,0,0,0,9099,3520,12620,1521,0,0,0,92,1521,1614,2787327
2023-01-17,2023,1,17,port434,Hai Phong,Vietnam,VNM,8,1,8,0,4,17,21,5789,0,7935,0,3062,13724,16787,9910,0,1894,0,92,11805,11898,2787328
2023-01-18,2023,1,18,port434,Hai Phong,Vietnam,VNM,10,1,4,0,7,15,22,9364,0,3667,0,18380,13031,31412,11357,0,828,0,185,12185,12370,2787329
2023-01-19,2023,1,19,port434,Hai Phong,Vietnam,VNM,9,0,3,0,5,12,17,2971,0,1543,0,292,4514,4807,16865,0,355,0,1944,17220,19165,2787330
2023-01-20,2023,1,20,port434,Hai Phong,Vietnam,VNM,11,1,4,0,1,16,17,7328,0,4404,0,6292,11732,18025,9714,0,355,0,0,10069,10069,2787331
2023-01-21,2023,1,21,port434,Hai Phong,Vietnam,VNM,8,0,3,0,4,11,15,5635,0,1404,0,6635,7040,13676,18952,0,0,0,476,18952,19429,2787332
2023-01-22,2023,1,22,port434,Hai Phong,Vietnam,VNM,10,0,2,0,6,12,18,3134,0,2029,0,14397,5164,19562,10547,0,0,0,92,10547,10640,2787333
2023-01-23,2023,1,23,port434,Hai Phong,Vietnam,VNM,11,0,3,0,1,14,15,21584,0,3550,0,880,25135,26015,6457,0,355,0,0,6812,6812,2787334
2023-01-24,2023,1,24,port434,Hai Phong,Vietnam,VNM,3,1,3,0,6,7,13,576,0,3087,0,9020,3663,12683,5904,411,711,0,0,7027,7027,2787335
2023-01-25,2023,1,25,port434,Hai Phong,Vietnam,VNM,8,0,3,0,4,11,15,11752,0,1543,0,5908,13295,19204,5806,0,982,0,92,6788,6880,2787336
2023-01-26,2023,1,26,port434,Hai Phong,Vietnam,VNM,11,0,3,0,4,14,18,24945,0,6083,0,6554,31028,37582,1889,0,0,0,128,1889,2017,2787337
2023-01-27,2023,1,27,port434,Hai Phong,Vietnam,VNM,6,3,13,0,4,22,26,21073,1261,12456,0,5810,34791,40601,2190,0,2902,0,0,5092,5092,2787338
2023-01-28,2023,1,28,port434,Hai Phong,Vietnam,VNM,6,0,4,0,3,10,13,10369,0,223,0,10373,10592,20966,2051,0,0,0,0,2051,2051,2787339
2023-01-29,2023,1,29,port434,Hai Phong,Vietnam,VNM,12,0,8,1,3,21,24,18376,0,14036,0,2504,32412,34917,3974,0,1066,0,0,5041,5041,2787340
2023-01-30,2023,1,30,port434,Hai Phong,Vietnam,VNM,10,2,11,1,5,24,29,22967,9839,16623,1651,6006,51082,57088,1889,0,2250,0,379,4139,4519,2787341
2023-01-31,2023,1,31,port434,Hai Phong,Vietnam,VNM,8,1,6,0,5,15,20,22878,0,4020,0,7543,26898,34441,8121,0,355,0,0,8477,8477,2787342
2023-02-01,2023,2,1,port434,Hai Phong,Vietnam,VNM,7,0,7,0,6,14,20,12244,0,3062,0,1552,15307,16860,3369,0,0,0,0,3369,3369,2787343
2023-02-02,2023,2,2,port434,Hai Phong,Vietnam,VNM,6,1,6,0,3,13,16,5778,0,4982,0,10679,10760,21440,7706,0,711,0,1944,8417,10361,2787344
2023-02-03,2023,2,3,port434,Hai Phong,Vietnam,VNM,9,1,10,1,9,21,30,17685,7422,12875,0,26587,37983,64570,5491,1381,1894,0,185,8767,8953,2787345
2023-02-04,2023,2,4,port434,Hai Phong,Vietnam,VNM,14,2,6,0,3,22,25,23272,7137,4426,0,880,34836,35716,14688,0,1201,0,0,15889,15889,2787346
2023-02-05,2023,2,5,port434,Hai Phong,Vietnam,VNM,15,2,7,0,3,24,27,29032,0,9974,0,3174,39007,42181,14735,3714,1634,0,0,20085,20085,2787347
2023-02-06,2023,2,6,port434,Hai Phong,Vietnam,VNM,11,0,4,0,5,15,20,10227,0,3558,0,5913,13786,19699,11377,0,769,0,92,12147,12239,2787348
2023-02-07,2023,2,7,port434,Hai Phong,Vietnam,VNM,3,1,10,0,5,14,19,1760,10021,5684,0,3881,17466,21348,906,0,6673,0,624,7579,8203,2787349
2023-02-08,2023,2,8,port434,Hai Phong,Vietnam,VNM,4,0,0,1,0,5,5,6258,0,0,1188,0,7447,7447,3730,0,0,0,0,3730,3730,2787350
2023-02-09,2023,2,9,port434,Hai Phong,Vietnam,VNM,3,0,3,0,0,6,6,3998,0,0,0,0,3998,3998,1787,0,2809,0,0,4597,4597,2787351
2023-02-10,2023,2,10,port434,Hai Phong,Vietnam,VNM,4,1,1,0,1,6,7,2324,0,1038,0,0,3362,3362,662,17,0,0,0,679,679,2787352
2023-02-11,2023,2,11,port434,Hai Phong,Vietnam,VNM,9,1,9,0,5,19,24,12291,7422,10223,0,2691,29936,32628,4666,1381,1539,0,92,7586,7679,2787353
2023-02-12,2023,2,12,port434,Hai Phong,Vietnam,VNM,3,1,4,0,0,8,8,5187,0,3304,0,0,8492,8492,1259,2635,828,0,0,4723,4723,2787354
2023-02-13,2023,2,13,port434,Hai Phong,Vietnam,VNM,11,3,16,1,4,31,35,18515,7422,13917,0,9061,39854,48915,7734,3300,2559,0,2914,13594,16509,2787355
2023-02-14,2023,2,14,port434,Hai Phong,Vietnam,VNM,14,0,7,0,0,21,21,17433,0,4985,0,0,22418,22418,4358,0,1548,0,0,5906,5906,2787356
2023-02-15,2023,2,15,port434,Hai Phong,Vietnam,VNM,15,1,7,0,4,23,27,16380,0,1786,0,1751,18167,19918,16975,0,355,0,0,17330,17330,2787357
2023-02-16,2023,2,16,port434,Hai Phong,Vietnam,VNM,5,1,5,0,3,11,14,4232,1931,8604,0,1868,14768,16636,3946,0,1066,0,92,5013,5106,2787358
2023-02-17,2023,2,17,port434,Hai Phong,Vietnam,VNM,11,2,12,0,6,25,31,17437,37081,17645,0,3930,72163,76093,2554,0,1894,0,92,4449,4541,2787359
2023-02-18,2023,2,18,port434,Hai Phong,Vietnam,VNM,9,1,7,1,3,18,21,10081,1823,3063,0,2733,14968,17701,9198,0,3060,0,92,12259,12352,2787360
2023-02-19,2023,2,19,port434,Hai Phong,Vietnam,VNM,10,1,5,0,6,16,22,10365,7422,3087,0,10312,20874,31187,1889,1381,711,0,0,3981,3981,2787361
2023-02-20,2023,2,20,port434,Hai Phong,Vietnam,VNM,9,3,8,0,3,20,23,11570,45179,6861,0,8673,63611,72285,10917,0,1485,0,92,12402,12495,2787362
2023-02-21,2023,2,21,port434,Hai Phong,Vietnam,VNM,10,0,9,0,6,19,25,13406,0,7528,0,14541,20934,35476,11550,0,1612,0,185,13162,13347,2787363
2023-02-22,2023,2,22,port434,Hai Phong,Vietnam,VNM,13,0,10,0,7,23,30,14248,0,13163,0,14741,27411,42153,26942,0,769,0,92,27711,27804,2787364
2023-02-23,2023,2,23,port434,Hai Phong,Vietnam,VNM,6,0,9,0,3,15,18,9335,0,11022,0,4769,20357,25126,4413,0,2605,0,0,7019,7019,2787365
2023-02-24,2023,2,24,port434,Hai Phong,Vietnam,VNM,12,0,4,0,4,16,20,15164,0,1543,0,8441,16707,25149,7318,0,355,0,0,7674,7674,2787366
2023-02-25,2023,2,25,port434,Hai Phong,Vietnam,VNM,7,0,8,0,3,15,18,8437,0,13259,0,3922,21696,25619,4609,0,711,0,128,5320,5448,2787367
2023-02-26,2023,2,26,port434,Hai Phong,Vietnam,VNM,13,2,8,0,5,23,28,13732,7422,14598,0,10275,35752,46028,15703,1381,1539,0,0,18624,18624,2787368
2023-02-27,2023,2,27,port434,Hai Phong,Vietnam,VNM,9,0,7,0,3,16,19,12360,0,4292,0,12792,16652,29444,9107,0,711,0,0,9818,9818,2787369
2023-02-28,2023,2,28,port434,Hai Phong,Vietnam,VNM,10,0,6,1,5,17,22,13972,0,2895,0,6537,16868,23405,15260,0,0,192,0,15453,15453,2787370
2023-03-01,2023,3,1,port434,Hai Phong,Vietnam,VNM,11,0,4,0,6,15,21,23484,0,2073,0,23223,25558,48781,2500,0,0,0,0,2500,2500,2787371
2023-03-02,2023,3,2,port434,Hai Phong,Vietnam,VNM,10,2,4,0,4,16,20,22583,24558,5065,0,13850,52207,66057,4014,0,2576,0,0,6590,6590,2787372
2023-03-03,2023,3,3,port434,Hai Phong,Vietnam,VNM,10,0,8,0,3,18,21,13354,0,7788,0,6804,21142,27947,7259,0,1422,0,0,8681,8681,2787373
2023-03-04,2023,3,4,port434,Hai Phong,Vietnam,VNM,18,2,5,0,7,25,32,28937,5453,12159,0,13018,46549,59568,3028,28562,711,0,10556,32302,42859,2787374
2023-03-05,2023,3,5,port434,Hai Phong,Vietnam,VNM,15,0,3,0,2,18,20,20776,0,3280,0,3919,24057,27977,2286,0,0,0,0,2286,2286,2787375
2023-03-06,2023,3,6,port434,Hai Phong,Vietnam,VNM,10,0,8,1,6,19,25,20204,0,4396,0,9792,24600,34393,11287,0,5298,0,0,16585,16585,2787376
2023-03-07,2023,3,7,port434,Hai Phong,Vietnam,VNM,8,1,5,0,3,14,17,19761,0,3304,0,8721,23065,31787,4836,0,828,0,0,5664,5664,2787377
2023-03-08,2023,3,8,port434,Hai Phong,Vietnam,VNM,8,0,5,0,6,13,19,17952,0,3087,0,4630,21039,25670,14025,0,711,0,176,14736,14912,2787378
2023-03-09,2023,3,9,port434,Hai Phong,Vietnam,VNM,14,0,3,0,5,17,22,20253,0,1652,0,11431,21905,33337,9393,0,1914,0,535,11307,11842,2787379
2023-03-10,2023,3,10,port434,Hai Phong,Vietnam,VNM,11,1,7,0,4,19,23,18177,0,12407,0,10619,30584,41204,2883,0,414,0,92,3297,3390,2787380
2023-03-11,2023,3,11,port434,Hai Phong,Vietnam,VNM,12,0,11,0,2,23,25,14358,0,13065,0,6888,27424,34313,6667,0,2740,0,92,9408,9501,2787381
2023-03-12,2023,3,12,port434,Hai Phong,Vietnam,VNM,8,2,14,0,5,24,29,15233,0,16236,0,13447,31470,44918,1889,528,4399,0,92,6817,6909,2787382
2023-03-13,2023,3,13,port434,Hai Phong,Vietnam,VNM,11,3,7,0,4,21,25,14439,7422,5237,0,7000,27098,34098,8895,2199,227,0,4240,11321,15561,2787383
2023-03-14,2023,3,14,port434,Hai Phong,Vietnam,VNM,8,0,7,1,5,16,21,11401,0,4301,0,5040,15703,20743,1006,0,2637,0,2227,3644,5871,2787384
2023-03-15,2023,3,15,port434,Hai Phong,Vietnam,VNM,15,0,20,0,6,35,41,24554,0,21397,0,16287,45952,62239,6519,0,6209,0,185,12728,12913,2787385
2023-03-16,2023,3,16,port434,Hai Phong,Vietnam,VNM,12,0,11,0,2,23,25,31944,0,9548,0,4240,41493,45733,629,0,2786,0,0,3415,3415,2787386
2023-03-17,2023,3,17,port434,Hai Phong,Vietnam,VNM,15,1,7,1,1,24,25,16779,0,5722,0,1868,22501,24370,4335,0,711,0,92,5046,5139,2787387
2023-03-18,2023,3,18,port434,Hai Phong,Vietnam,VNM,12,0,8,0,4,20,24,15195,0,7826,0,16404,23021,39425,9650,0,1836,0,0,11486,11486,2787388
2023-03-19,2023,3,19,port434,Hai Phong,Vietnam,VNM,8,1,10,0,5,19,24,19712,0,11436,0,182,31148,31331,1889,0,4902,0,0,6791,6791,2787389
2023-03-20,2023,3,20,port434,Hai Phong,Vietnam,VNM,12,0,5,0,4,17,21,20754,0,7608,0,9928,28363,38292,4674,0,1125,0,92,5799,5892,2787390
2023-03-21,2023,3,21,port434,Hai Phong,Vietnam,VNM,11,1,9,0,4,21,25,20622,6019,5104,0,8834,31746,40581,7776,0,2929,0,92,10705,10798,2787391
2023-03-22,2023,3,22,port434,Hai Phong,Vietnam,VNM,14,1,4,0,4,19,23,23574,0,3087,0,8907,26661,35569,5803,1182,711,0,92,7697,7790,2787392
2023-03-23,2023,3,23,port434,Hai Phong,Vietnam,VNM,9,1,9,0,5,19,24,9780,0,6313,0,8219,16093,24313,1762,0,711,0,539,2473,3012,2787393
2023-03-24,2023,3,24,port434,Hai Phong,Vietnam,VNM,11,0,7,0,7,18,25,16543,0,3087,0,12266,19630,31896,4386,0,1285,0,0,5671,5671,2787394
2023-03-25,2023,3,25,port434,Hai Phong,Vietnam,VNM,10,1,7,0,3,18,21,16855,29988,15645,0,5741,62489,68231,5455,0,711,0,0,6166,6166,2787395
2023-03-26,2023,3,26,port434,Hai Phong,Vietnam,VNM,10,0,8,0,7,18,25,12219,0,7998,0,3358,20217,23576,2641,0,547,0,92,3189,3281,2787396
2023-03-27,2023,3,27,port434,Hai Phong,Vietnam,VNM,8,2,4,0,7,14,21,16196,7422,2176,0,3315,25795,29111,1527,1381,713,0,92,3622,3714,2787397
2023-03-28,2023,3,28,port434,Hai Phong,Vietnam,VNM,10,1,9,0,4,20,24,18612,0,7935,0,7319,26547,33866,1761,0,1894,0,0,3656,3656,2787398
2023-03-29,2023,3,29,port434,Hai Phong,Vietnam,VNM,15,1,7,0,4,23,27,30157,2698,5509,0,15391,38366,53757,11956,0,355,0,92,12312,12405,2787399
2023-03-30,2023,3,30,port434,Hai Phong,Vietnam,VNM,10,1,12,0,4,23,27,18482,7422,11174,0,9577,37079,46656,2904,1381,3721,0,0,8007,8007,2787400
2023-03-31,2023,3,31,port434,Hai Phong,Vietnam,VNM,9,1,8,1,4,19,23,10940,7422,7085,780,13938,26229,40167,12274,1381,938,0,1637,14593,16231,2787401
2023-04-01,2023,4,1,port434,Hai Phong,Vietnam,VNM,10,2,4,1,7,17,24,27124,35839,8355,1683,10676,73002,83679,1889,0,769,0,0,2658,2658,2787402
2023-04-02,2023,4,2,port434,Hai Phong,Vietnam,VNM,14,0,9,0,4,23,27,23908,0,7764,0,1868,31672,33541,3229,0,769,0,92,3999,4092,2787403
2023-04-03,2023,4,3,port434,Hai Phong,Vietnam,VNM,12,2,7,0,6,21,27,6986,1259,11527,0,11909,19772,31682,13037,0,711,0,0,13748,13748,2787404
2023-04-04,2023,4,4,port434,Hai Phong,Vietnam,VNM,11,0,9,0,4,20,24,21716,0,10224,0,8804,31941,40746,1728,0,1343,0,0,3072,3072,2787405
2023-04-05,2023,4,5,port434,Hai Phong,Vietnam,VNM,13,1,8,1,6,23,29,18606,0,8819,0,10446,27426,37872,2025,188,769,0,0,2982,2982,2787406
2023-04-06,2023,4,6,port434,Hai Phong,Vietnam,VNM,4,0,7,0,2,11,13,7347,0,10534,0,2549,17881,20430,8242,0,1066,0,0,9309,9309,2787407
2023-04-07,2023,4,7,port434,Hai Phong,Vietnam,VNM,11,1,9,0,6,21,27,14145,0,4848,0,10070,18993,29064,12148,0,4901,0,92,17049,17142,2787408
2023-04-08,2023,4,8,port434,Hai Phong,Vietnam,VNM,14,2,9,1,3,26,29,23569,47701,7491,0,1868,78762,80631,12513,0,1685,0,92,14199,14292,2787409
2023-04-09,2023,4,9,port434,Hai Phong,Vietnam,VNM,4,1,4,0,4,9,13,6853,0,3192,0,10117,10045,20162,629,0,2150,0,11497,2780,14277,2787410
2023-04-10,2023,4,10,port434,Hai Phong,Vietnam,VNM,14,1,4,1,5,20,25,23031,4900,3195,960,14751,32088,46840,6256,0,769,0,0,7026,7026,2787411
2023-04-11,2023,4,11,port434,Hai Phong,Vietnam,VNM,14,1,9,0,6,24,30,23238,7422,7826,0,5201,38486,43687,3458,1381,1836,0,0,6676,6676,2787412
2023-04-12,2023,4,12,port434,Hai Phong,Vietnam,VNM,8,0,8,0,6,16,22,7050,0,10808,0,9200,17858,27059,9592,0,1066,0,176,10659,10836,2787413
2023-04-13,2023,4,13,port434,Hai Phong,Vietnam,VNM,15,0,3,0,5,18,23,19140,0,4218,0,1965,23359,25324,13186,0,0,0,0,13186,13186,2787414
2023-04-14,2023,4,14,port434,Hai Phong,Vietnam,VNM,12,2,8,1,5,23,28,13448,32411,6371,0,24393,52231,76625,9998,0,4650,2459,176,17108,17285,2787415
2023-04-15,2023,4,15,port434,Hai Phong,Vietnam,VNM,10,0,7,0,3,17,20,5106,0,4630,0,6271,9737,16008,5209,0,1616,0,0,6826,6826,2787416
2023-04-16,2023,4,16,port434,Hai Phong,Vietnam,VNM,9,0,9,0,5,18,23,9874,0,6962,0,8869,16837,25706,2135,0,1539,0,278,3674,3953,2787417
2023-04-17,2023,4,17,port434,Hai Phong,Vietnam,VNM,8,1,8,1,3,18,21,8580,0,7134,0,727,15714,16442,6536,1638,2328,0,0,10503,10503,2787418
2023-04-18,2023,4,18,port434,Hai Phong,Vietnam,VNM,11,0,12,0,3,23,26,29105,0,22930,0,7939,52036,59975,1259,0,1480,0,0,2740,2740,2787419
2023-04-19,2023,4,19,port434,Hai Phong,Vietnam,VNM,11,0,4,0,4,15,19,7089,0,3087,0,19833,10176,30009,6356,0,711,0,176,7067,7244,2787420
2023-04-20,2023,4,20,port434,Hai Phong,Vietnam,VNM,13,0,14,0,4,27,31,13794,0,9310,0,5362,23105,28467,13385,0,711,0,14,14096,14111,2787421
2023-04-21,2023,4,21,port434,Hai Phong,Vietnam,VNM,16,1,7,1,7,25,32,17735,26808,5930,2968,5976,53443,59420,6729,0,711,0,0,7440,7440,2787422
2023-04-22,2023,4,22,port434,Hai Phong,Vietnam,VNM,12,0,6,0,4,18,22,16809,0,0,0,6037,16809,22847,13164,0,5040,0,232,18204,18437,2787423
2023-04-23,2023,4,23,port434,Hai Phong,Vietnam,VNM,7,2,7,0,6,16,22,14184,0,6820,0,12992,21005,33998,6533,0,1125,0,269,7658,7928,2787424
2023-04-24,2023,4,24,port434,Hai Phong,Vietnam,VNM,10,0,16,1,1,27,28,19151,0,13659,918,0,33729,33729,7070,0,2902,0,0,9973,9973,2787425
2023-04-25,2023,4,25,port434,Hai Phong,Vietnam,VNM,9,0,7,0,7,16,23,6955,0,10168,0,15006,17123,32130,2313,0,1066,0,0,3380,3380,2787426
2023-04-26,2023,4,26,port434,Hai Phong,Vietnam,VNM,11,1,11,0,4,23,27,28530,0,11957,0,13194,40487,53682,1926,6839,1066,0,185,9832,10018,2787427
2023-04-27,2023,4,27,port434,Hai Phong,Vietnam,VNM,12,0,11,0,4,23,27,15975,0,9587,0,6635,25562,32198,11913,0,2308,0,185,14222,14407,2787428
2023-04-28,2023,4,28,port434,Hai Phong,Vietnam,VNM,8,0,4,0,5,12,17,6101,0,3823,0,5097,9924,15022,12604,0,355,0,0,12959,12959,2787429
2023-04-29,2023,4,29,port434,Hai Phong,Vietnam,VNM,8,1,5,0,5,14,19,5492,0,1652,0,3996,7145,11141,8133,0,2020,0,141,10154,10296,2787430
2023-04-30,2023,4,30,port434,Hai Phong,Vietnam,VNM,14,1,6,0,4,21,25,23092,3697,5184,0,9710,31973,41684,8556,0,3644,0,0,12201,12201,2787431
2023-05-01,2023,5,1,port434,Hai Phong,Vietnam,VNM,14,1,9,0,2,24,26,32559,33885,5490,0,879,71935,72815,1628,0,1125,0,0,2753,2753,2787432
2023-05-02,2023,5,2,port434,Hai Phong,Vietnam,VNM,8,0,13,0,3,21,24,16762,0,7199,0,0,23961,23961,1259,0,4098,0,0,5357,5357,2787433
2023-05-03,2023,5,3,port434,Hai Phong,Vietnam,VNM,8,1,8,0,6,17,23,11871,0,11086,0,14192,22958,37150,775,950,2592,0,185,4317,4503,2787434
2023-05-04,2023,5,4,port434,Hai Phong,Vietnam,VNM,9,0,8,0,3,17,20,9162,0,9018,0,8600,18181,26781,13541,0,1539,0,176,15081,15257,2787435
2023-05-05,2023,5,5,port434,Hai Phong,Vietnam,VNM,7,3,4,0,10,14,24,11022,6841,1652,0,17112,19515,36627,1889,0,414,0,326,2303,2629,2787436
2023-05-06,2023,5,6,port434,Hai Phong,Vietnam,VNM,9,0,6,0,4,15,19,20252,0,3423,0,11591,23676,35267,3880,0,1988,0,176,5869,6045,2787437
2023-05-07,2023,5,7,port434,Hai Phong,Vietnam,VNM,13,0,8,0,5,21,26,26824,0,8028,0,15109,34853,49962,10674,0,1422,0,35,12096,12132,2787438
2023-05-08,2023,5,8,port434,Hai Phong,Vietnam,VNM,18,0,6,1,3,25,28,16554,0,7702,773,1868,25030,26898,16801,0,711,0,11013,17512,28525,2787439
2023-05-09,2023,5,9,port434,Hai Phong,Vietnam,VNM,9,0,5,0,8,14,22,11876,0,3602,0,9080,15479,24559,4348,0,0,0,846,4348,5195,2787440
2023-05-10,2023,5,10,port434,Hai Phong,Vietnam,VNM,11,0,10,0,4,21,25,15152,0,9743,0,4536,24896,29433,10609,0,2642,0,0,13252,13252,2787441
2023-05-11,2023,5,11,port434,Hai Phong,Vietnam,VNM,9,0,5,0,7,14,21,10145,0,6282,0,10985,16428,27414,6831,0,1480,0,185,8312,8498,2787442
2023-05-12,2023,5,12,port434,Hai Phong,Vietnam,VNM,12,0,8,0,2,20,22,16468,0,5452,0,14,21921,21935,12396,0,2505,0,0,14902,14902,2787443
2023-05-13,2023,5,13,port434,Hai Phong,Vietnam,VNM,8,0,9,0,3,17,20,17920,0,4630,0,4697,22551,27248,5017,0,1554,0,0,6571,6571,2787444
2023-05-14,2023,5,14,port434,Hai Phong,Vietnam,VNM,9,1,2,0,1,12,13,21713,0,0,0,0,21713,21713,5982,0,0,0,0,5982,5982,2787445
2023-05-15,2023,5,15,port434,Hai Phong,Vietnam,VNM,21,0,11,1,6,33,39,22743,0,11247,0,13864,33990,47855,13083,0,1422,0,185,14505,14691,2787446
2023-05-16,2023,5,16,port434,Hai Phong,Vietnam,VNM,10,2,6,0,3,18,21,5262,7422,4630,0,708,17315,18023,11498,7400,1066,0,0,19966,19966,2787447
2023-05-17,2023,5,17,port434,Hai Phong,Vietnam,VNM,6,0,7,0,3,13,16,2133,0,0,0,1868,2133,4002,7647,0,2018,0,2425,9665,12090,2787448
2023-05-18,2023,5,18,port434,Hai Phong,Vietnam,VNM,13,1,6,0,9,20,29,13487,7422,7375,0,19148,28285,47433,12907,1381,1480,0,92,15769,15861,2787449
2023-05-19,2023,5,19,port434,Hai Phong,Vietnam,VNM,8,1,10,0,5,19,24,12672,0,11202,0,8346,23874,32221,4446,0,1422,0,708,5868,6576,2787450
2023-05-20,2023,5,20,port434,Hai Phong,Vietnam,VNM,10,1,10,0,5,21,26,13859,2680,10366,0,11043,26906,37949,6136,0,1894,0,92,8031,8124,2787451
2023-05-21,2023,5,21,port434,Hai Phong,Vietnam,VNM,13,1,8,0,5,22,27,19639,4151,3087,0,1966,26878,28844,4719,0,3144,0,92,7863,7956,2787452
2023-05-22,2023,5,22,port434,Hai Phong,Vietnam,VNM,8,1,2,0,5,11,16,9600,7422,3087,0,4808,20109,24917,11812,1381,711,0,0,13904,13904,2787453
2023-05-23,2023,5,23,port434,Hai Phong,Vietnam,VNM,16,1,10,0,4,27,31,23865,0,14917,0,6998,38783,45782,13274,1426,1422,0,176,16123,16299,2787454
2023-05-24,2023,5,24,port434,Hai Phong,Vietnam,VNM,12,1,5,0,6,18,24,6942,7422,3195,0,9110,17560,26671,17242,1381,1044,0,185,19667,19853,2787455
2023-05-25,2023,5,25,port434,Hai Phong,Vietnam,VNM,9,1,7,0,3,17,20,13916,7422,6282,0,278,27621,27900,3717,1381,1480,0,0,6579,6579,2787456
2023-05-26,2023,5,26,port434,Hai Phong,Vietnam,VNM,11,2,5,0,6,18,24,19881,7422,3485,0,9449,30788,40238,11702,8520,717,0,92,20940,21033,2787457
2023-05-27,2023,5,27,port434,Hai Phong,Vietnam,VNM,10,0,7,1,5,18,23,8234,0,5780,0,9526,14014,23541,8867,0,0,0,176,8867,9043,2787458
2023-05-28,2023,5,28,port434,Hai Phong,Vietnam,VNM,8,0,6,0,3,14,17,9731,0,4143,0,1555,13875,15430,7637,0,355,0,0,7993,7993,2787459
2023-05-29,2023,5,29,port434,Hai Phong,Vietnam,VNM,11,0,4,0,5,15,20,17748,0,3195,0,9533,20944,30477,5079,0,769,0,0,5848,5848,2787460
2023-05-30,2023,5,30,port434,Hai Phong,Vietnam,VNM,14,0,7,0,3,21,24,22400,0,10306,0,8561,32707,41268,4875,0,769,0,0,5644,5644,2787461
2023-05-31,2023,5,31,port434,Hai Phong,Vietnam,VNM,7,1,5,0,5,13,18,6738,7422,4739,0,2314,18899,21214,8848,1381,1125,0,92,11354,11447,2787462
2023-06-01,2023,6,1,port434,Hai Phong,Vietnam,VNM,10,0,6,0,3,16,19,10819,0,1929,0,11064,12749,23813,9405,0,9965,0,92,19370,19463,2787463
2023-06-02,2023,6,2,port434,Hai Phong,Vietnam,VNM,6,2,7,0,2,15,17,17650,7422,7411,0,2878,32484,35362,4604,1381,3480,0,0,9465,9465,2787464
2023-06-03,2023,6,3,port434,Hai Phong,Vietnam,VNM,16,1,5,0,4,22,26,28421,0,6115,0,10168,34536,44704,9215,0,1653,0,0,10869,10869,2787465
2023-06-04,2023,6,4,port434,Hai Phong,Vietnam,VNM,9,1,9,0,7,19,26,19283,2780,5260,0,10955,27324,38280,4756,0,1183,0,362,5939,6302,2787466
2023-06-05,2023,6,5,port434,Hai Phong,Vietnam,VNM,7,0,11,1,7,19,26,11970,0,9299,0,21849,21269,43119,7387,0,1836,0,176,9223,9400,2787467
2023-06-06,2023,6,6,port434,Hai Phong,Vietnam,VNM,17,1,6,0,4,24,28,21340,0,9778,0,8874,31119,39994,15561,1585,1480,0,92,18627,18720,2787468
2023-06-07,2023,6,7,port434,Hai Phong,Vietnam,VNM,14,0,6,0,2,20,22,23027,0,4739,0,5658,27766,33425,8148,0,1125,0,14522,9273,23795,2787469
2023-06-08,2023,6,8,port434,Hai Phong,Vietnam,VNM,5,0,6,0,5,11,16,6698,0,3195,0,7479,9894,17374,1259,0,2082,0,92,3341,3434,2787470
2023-06-09,2023,6,9,port434,Hai Phong,Vietnam,VNM,12,0,9,0,2,21,23,22916,0,10714,0,6174,33631,39806,10092,0,1066,0,269,11159,11428,2787471
2023-06-10,2023,6,10,port434,Hai Phong,Vietnam,VNM,15,2,6,0,6,23,29,28186,24017,9116,0,5438,61320,66758,4299,0,2220,0,176,6520,6696,2787472
2023-06-11,2023,6,11,port434,Hai Phong,Vietnam,VNM,7,1,4,1,6,13,19,8370,1261,4739,386,7416,14757,22173,2424,0,1125,0,92,3550,3642,2787473
2023-06-12,2023,6,12,port434,Hai Phong,Vietnam,VNM,9,0,10,1,7,20,27,6200,0,12516,0,14874,18716,33591,7132,0,2308,0,185,9440,9626,2787474
2023-06-13,2023,6,13,port434,Hai Phong,Vietnam,VNM,12,0,6,0,4,18,22,8453,0,4630,0,7527,13083,20610,7090,0,1066,0,92,8156,8249,2787475
2023-06-14,2023,6,14,port434,Hai Phong,Vietnam,VNM,10,1,7,0,5,18,23,10516,0,6350,0,10640,16867,27507,11859,0,881,0,92,12740,12833,2787476
2023-06-15,2023,6,15,port434,Hai Phong,Vietnam,VNM,10,0,8,0,6,18,24,14864,0,6174,0,11972,21038,33010,4521,0,5460,0,92,9982,10075,2787477
2023-06-16,2023,6,16,port434,Hai Phong,Vietnam,VNM,8,0,9,1,5,18,23,15245,0,13313,435,9832,28994,38827,7912,0,2133,160,0,10206,10206,2787478
2023-06-17,2023,6,17,port434,Hai Phong,Vietnam,VNM,12,2,5,0,6,19,25,11772,7422,1543,0,7733,20738,28471,10220,1381,2060,0,176,13662,13839,2787479
2023-06-18,2023,6,18,port434,Hai Phong,Vietnam,VNM,12,0,7,0,6,19,25,35037,0,6371,0,11092,41409,52502,2327,0,938,0,0,3265,3265,2787480
2023-06-19,2023,6,19,port434,Hai Phong,Vietnam,VNM,10,1,10,0,4,21,25,20431,0,10591,0,19933,31022,50956,8789,0,1539,0,176,10328,10504,2787481
2023-06-20,2023,6,20,port434,Hai Phong,Vietnam,VNM,17,3,9,0,5,29,34,29271,0,10736,0,3737,40007,43744,10981,11333,2829,0,185,25144,25330,2787482
2023-06-21,2023,6,21,port434,Hai Phong,Vietnam,VNM,11,0,7,0,7,18,25,9143,0,4630,0,17518,13774,31293,10069,0,2770,0,92,12839,12932,2787483
2023-06-22,2023,6,22,port434,Hai Phong,Vietnam,VNM,9,0,8,0,1,17,18,13208,0,5490,0,0,18699,18699,8735,0,355,0,0,9091,9091,2787484
2023-06-23,2023,6,23,port434,Hai Phong,Vietnam,VNM,13,0,10,1,4,24,28,17501,0,6952,435,6576,24888,31465,7818,0,2011,160,176,9991,10168,2787485
2023-06-24,2023,6,24,port434,Hai Phong,Vietnam,VNM,14,1,8,1,7,24,31,18212,7422,9925,0,22173,35559,57732,19578,1381,1066,0,92,22026,22119,2787486
2023-06-25,2023,6,25,port434,Hai Phong,Vietnam,VNM,7,1,9,0,3,17,20,8967,0,4013,0,6177,12980,19158,7445,0,769,0,0,8215,8215,2787487
2023-06-26,2023,6,26,port434,Hai Phong,Vietnam,VNM,8,1,8,1,6,18,24,12616,7422,9512,0,15655,29551,45206,3204,1381,1480,0,92,6066,6159,2787488
2023-06-27,2023,6,27,port434,Hai Phong,Vietnam,VNM,9,0,4,0,5,13,18,15508,0,7045,0,2742,22553,25296,4385,0,1373,0,92,5759,5852,2787489
2023-06-28,2023,6,28,port434,Hai Phong,Vietnam,VNM,8,1,4,0,3,13,16,7572,0,3195,0,1868,10768,12636,8531,612,2156,0,92,11301,11393,2787490
2023-06-29,2023,6,29,port434,Hai Phong,Vietnam,VNM,9,0,10,0,6,19,25,7646,0,7548,0,14714,15194,29909,8373,0,1066,0,1262,9440,10702,2787491
2023-06-30,2023,6,30,port434,Hai Phong,Vietnam,VNM,10,0,12,0,6,22,28,8109,0,13366,0,11001,21476,32478,12513,0,1125,0,0,13638,13638,2787492
2023-07-01,2023,7,1,port434,Hai Phong,Vietnam,VNM,13,0,12,0,5,25,30,10309,0,6885,0,4675,17195,21870,22751,0,4732,0,0,27484,27484,2787493
2023-07-02,2023,7,2,port434,Hai Phong,Vietnam,VNM,7,0,7,0,7,14,21,6151,0,6819,0,10579,12971,23550,737,0,1125,0,0,1862,1862,2787494
2023-07-03,2023,7,3,port434,Hai Phong,Vietnam,VNM,8,1,7,0,4,16,20,11429,0,4630,0,11252,16060,27312,0,0,1066,0,628,1066,1694,2787495
2023-07-04,2023,7,4,port434,Hai Phong,Vietnam,VNM,18,2,14,0,4,34,38,35460,10289,13355,0,5174,59105,64280,18732,0,2716,0,92,21448,21541,2787496
2023-07-05,2023,7,5,port434,Hai Phong,Vietnam,VNM,9,0,8,0,5,17,22,11709,0,5032,0,17424,16741,34166,2359,0,1125,0,0,3484,3484,2787497
2023-07-06,2023,7,6,port434,Hai Phong,Vietnam,VNM,14,2,6,0,5,22,27,13058,24850,2308,0,11784,40218,52002,14164,0,355,0,176,14520,14696,2787498
2023-07-07,2023,7,7,port434,Hai Phong,Vietnam,VNM,10,2,7,0,5,19,24,7793,0,5215,0,23199,13008,36208,6209,0,769,0,269,6978,7247,2787499
2023-07-08,2023,7,8,port434,Hai Phong,Vietnam,VNM,13,0,4,1,6,18,24,25550,0,3087,1729,8760,30366,39126,12116,0,832,0,0,12948,12948,2787500
2023-07-09,2023,7,9,port434,Hai Phong,Vietnam,VNM,11,2,7,0,6,20,26,10272,8156,8369,0,11510,26798,38309,11938,1381,769,0,628,14088,14716,2787501
2023-07-10,2023,7,10,port434,Hai Phong,Vietnam,VNM,13,0,6,0,4,19,23,28525,0,3195,0,9230,31720,40951,7119,0,769,0,0,7888,7888,2787502
2023-07-11,2023,7,11,port434,Hai Phong,Vietnam,VNM,6,0,9,0,5,15,20,5136,0,5808,0,15011,10944,25956,12556,0,516,0,269,13073,13342,2787503
2023-07-12,2023,7,12,port434,Hai Phong,Vietnam,VNM,7,0,7,0,4,14,18,6140,0,6957,0,7424,13097,20522,4806,0,355,0,0,5161,5161,2787504
2023-07-13,2023,7,13,port434,Hai Phong,Vietnam,VNM,10,2,9,0,10,21,31,17451,14366,10375,0,23269,42193,65462,7070,1381,3584,0,0,12036,12036,2787505
2023-07-14,2023,7,14,port434,Hai Phong,Vietnam,VNM,14,1,9,0,7,24,31,31392,0,7765,0,14240,39158,53398,11674,0,3733,0,0,15408,15408,2787506
2023-07-15,2023,7,15,port434,Hai Phong,Vietnam,VNM,13,0,7,0,7,20,27,19553,0,9360,0,8727,28914,37641,16311,0,5661,0,92,21973,22066,2787507
2023-07-16,2023,7,16,port434,Hai Phong,Vietnam,VNM,7,0,4,1,5,12,17,9291,0,4178,1243,12120,14713,26834,7778,0,711,0,269,8489,8758,2787508
2023-07-17,2023,7,17,port434,Hai Phong,Vietnam,VNM,10,0,3,0,4,13,17,20215,0,1543,0,1215,21758,22974,14686,0,355,0,0,15041,15041,2787509
2023-07-18,2023,7,18,port434,Hai Phong,Vietnam,VNM,6,1,1,0,5,8,13,3290,33057,0,0,8717,36348,45065,9140,0,0,0,0,9140,9140,2787510
2023-07-19,2023,7,19,port434,Hai Phong,Vietnam,VNM,6,1,6,0,6,13,19,16341,20751,4630,0,12641,41723,54365,4219,0,1066,0,269,5286,5555,2787511
2023-07-20,2023,7,20,port434,Hai Phong,Vietnam,VNM,18,1,5,0,5,24,29,31454,0,2492,0,9428,33947,43376,16185,3261,0,0,10434,19447,29881,2787512
2023-07-21,2023,7,21,port434,Hai Phong,Vietnam,VNM,12,2,9,0,6,23,29,10904,29756,8377,0,14933,49039,63973,3088,0,1422,0,176,4510,4687,2787513
2023-07-22,2023,7,22,port434,Hai Phong,Vietnam,VNM,14,0,5,1,3,20,23,26070,0,3462,0,3652,29532,33185,3699,0,414,0,0,4114,4114,2787514
2023-07-23,2023,7,23,port434,Hai Phong,Vietnam,VNM,11,1,5,0,6,17,23,10420,0,9661,0,16301,20081,36383,8509,13461,769,0,0,22740,22740,2787515
2023-07-24,2023,7,24,port434,Hai Phong,Vietnam,VNM,8,0,7,0,6,15,21,7128,0,12359,0,8790,19487,28278,13663,0,1480,0,436,15144,15581,2787516
2023-07-25,2023,7,25,port434,Hai Phong,Vietnam,VNM,9,0,9,0,9,18,27,21028,0,4763,0,16365,25791,42157,4794,0,711,0,92,5505,5598,2787517
2023-07-26,2023,7,26,port434,Hai Phong,Vietnam,VNM,13,1,6,0,3,20,23,13689,8184,10042,0,8132,31915,40048,10338,0,355,0,0,10693,10693,2787518
2023-07-27,2023,7,27,port434,Hai Phong,Vietnam,VNM,9,0,9,0,5,18,23,14336,0,4843,0,4278,19180,23459,3037,0,355,0,11732,3393,15126,2787519
2023-07-28,2023,7,28,port434,Hai Phong,Vietnam,VNM,9,0,7,0,6,16,22,16512,0,9171,0,10941,25684,36625,2601,0,4774,0,0,7375,7375,2787520
2023-07-29,2023,7,29,port434,Hai Phong,Vietnam,VNM,11,0,4,0,3,15,18,6817,0,3087,0,5736,9904,15640,16145,0,3405,0,92,19550,19643,2787521
2023-07-30,2023,7,30,port434,Hai Phong,Vietnam,VNM,5,1,5,0,3,11,14,8552,0,5167,0,2526,13719,16246,9755,0,4191,0,0,13946,13946,2787522
2023-07-31,2023,7,31,port434,Hai Phong,Vietnam,VNM,6,1,7,0,4,14,18,16138,7422,4739,0,14345,28299,42645,629,1381,4056,0,92,6067,6160,2787523
2023-08-01,2023,8,1,port434,Hai Phong,Vietnam,VNM,12,0,8,0,7,20,27,10191,0,6868,0,5294,17059,22354,9512,0,769,0,92,10281,10374,2787524
2023-08-02,2023,8,2,port434,Hai Phong,Vietnam,VNM,12,0,2,0,7,14,21,14262,0,0,0,8915,14262,23177,4597,0,0,0,128,4597,4725,2787525
2023-08-03,2023,8,3,port434,Hai Phong,Vietnam,VNM,10,0,7,0,3,17,20,12190,0,1819,0,11357,14009,25367,9993,0,355,0,176,10349,10525,2787526
2023-08-04,2023,8,4,port434,Hai Phong,Vietnam,VNM,10,1,10,0,6,21,27,14238,0,11473,0,18836,25712,44548,9034,0,1742,0,92,10776,10869,2787527
2023-08-05,2023,8,5,port434,Hai Phong,Vietnam,VNM,11,0,10,1,4,22,26,26453,0,6447,2187,14724,35088,49812,2232,0,1422,0,269,3654,3923,2787528
2023-08-06,2023,8,6,port434,Hai Phong,Vietnam,VNM,11,2,11,1,4,25,29,17860,8460,4763,574,2898,31658,34557,3352,0,1066,0,0,4419,4419,2787529
2023-08-07,2023,8,7,port434,Hai Phong,Vietnam,VNM,8,2,5,0,5,15,20,6149,1660,3219,0,10286,11029,21315,7361,0,355,0,329,7716,8046,2787530
2023-08-08,2023,8,8,port434,Hai Phong,Vietnam,VNM,6,0,11,0,5,17,22,7015,0,12268,0,17404,19284,36688,4310,0,1839,0,590,6149,6740,2787531
2023-08-09,2023,8,9,port434,Hai Phong,Vietnam,VNM,10,0,11,0,2,21,23,10292,0,7435,0,10113,17728,27842,4008,0,3658,0,92,7667,7760,2787532
2023-08-10,2023,8,10,port434,Hai Phong,Vietnam,VNM,16,0,5,0,3,21,24,25732,0,8185,0,2727,33917,36645,10846,0,2695,0,0,13541,13541,2787533
2023-08-11,2023,8,11,port434,Hai Phong,Vietnam,VNM,7,2,4,0,8,13,21,5201,23304,3086,0,8157,31592,39749,15738,0,414,0,92,16152,16244,2787534
2023-08-12,2023,8,12,port434,Hai Phong,Vietnam,VNM,12,1,11,0,4,24,28,11852,0,6591,0,10152,18444,28597,8312,0,355,0,0,8668,8668,2787535
2023-08-13,2023,8,13,port434,Hai Phong,Vietnam,VNM,9,1,8,0,3,18,21,19395,0,15330,0,4684,34725,39410,0,0,414,0,0,414,414,2787536
2023-08-14,2023,8,14,port434,Hai Phong,Vietnam,VNM,14,0,8,0,5,22,27,25348,0,7910,0,10481,33259,43740,4745,0,1422,0,445,6167,6613,2787537
2023-08-15,2023,8,15,port434,Hai Phong,Vietnam,VNM,9,0,5,0,6,14,20,8003,0,3195,0,13278,11198,24477,6206,0,769,0,92,6976,7069,2787538
2023-08-16,2023,8,16,port434,Hai Phong,Vietnam,VNM,12,1,8,0,4,21,25,14049,20980,4484,0,0,39514,39514,9207,0,769,0,14,9977,9991,2787539
2023-08-17,2023,8,17,port434,Hai Phong,Vietnam,VNM,9,3,6,0,5,18,23,14993,2440,6664,0,6138,24098,30237,5289,64431,1037,0,92,70757,70850,2787540
2023-08-18,2023,8,18,port434,Hai Phong,Vietnam,VNM,10,3,8,1,5,22,27,12481,62282,1945,0,9487,76709,86196,5142,0,1429,0,269,6571,6840,2787541
2023-08-19,2023,8,19,port434,Hai Phong,Vietnam,VNM,10,0,9,0,5,19,24,6859,0,12168,0,15195,19028,34224,12155,0,2250,0,0,14405,14405,2787542
2023-08-20,2023,8,20,port434,Hai Phong,Vietnam,VNM,11,0,3,0,5,14,19,11218,0,3087,0,17594,14305,31900,2387,0,711,0,176,3098,3275,2787543
2023-08-21,2023,8,21,port434,Hai Phong,Vietnam,VNM,11,1,8,0,2,20,22,13241,32617,8697,0,4496,54556,59052,3398,0,5366,0,0,8764,8764,2787544
2023-08-22,2023,8,22,port434,Hai Phong,Vietnam,VNM,9,0,8,0,6,17,23,12417,0,9158,0,6345,21575,27921,6414,0,831,0,185,7246,7432,2787545
2023-08-23,2023,8,23,port434,Hai Phong,Vietnam,VNM,7,0,9,0,3,16,19,13156,0,4630,0,6731,17787,24519,278,0,1066,0,269,1344,1613,2787546
2023-08-24,2023,8,24,port434,Hai Phong,Vietnam,VNM,12,1,5,0,3,18,21,12971,0,8431,0,3631,21403,25034,10561,0,4367,0,158,14929,15088,2787547
2023-08-25,2023,8,25,port434,Hai Phong,Vietnam,VNM,10,0,7,0,2,17,19,14925,0,6282,0,6001,21207,27209,2139,0,1724,0,0,3864,3864,2787548
2023-08-26,2023,8,26,port434,Hai Phong,Vietnam,VNM,8,0,7,0,3,15,18,8597,0,7635,0,11825,16233,28058,3636,0,2292,0,0,5929,5929,2787549
2023-08-27,2023,8,27,port434,Hai Phong,Vietnam,VNM,9,0,13,0,4,22,26,8668,0,18590,0,11557,27258,38816,1741,0,3239,0,0,4981,4981,2787550
2023-08-28,2023,8,28,port434,Hai Phong,Vietnam,VNM,3,0,7,0,2,10,12,5930,0,3782,0,4767,9712,14479,0,0,355,0,92,355,448,2787551
2023-08-29,2023,8,29,port434,Hai Phong,Vietnam,VNM,19,0,7,0,6,26,32,29867,0,10901,0,8025,40768,48794,16887,0,1125,0,92,18012,18104,2787552
2023-08-30,2023,8,30,port434,Hai Phong,Vietnam,VNM,11,0,5,1,5,17,22,24074,0,2985,193,5091,27253,32344,1960,0,355,0,92,2315,2408,2787553
2023-08-31,2023,8,31,port434,Hai Phong,Vietnam,VNM,11,1,7,0,3,19,22,23128,0,1351,0,5146,24480,29627,15343,0,1280,0,92,16623,16716,2787554
2023-09-01,2023,9,1,port434,Hai Phong,Vietnam,VNM,10,0,9,0,4,19,23,23442,0,3868,0,1297,27310,28607,4921,0,1438,0,192,6360,6553,2787555
2023-09-02,2023,9,2,port434,Hai Phong,Vietnam,VNM,8,1,2,0,4,11,15,15083,9300,0,0,8404,24383,32788,1259,0,155,0,92,1414,1507,2787556
2023-09-03,2023,9,3,port434,Hai Phong,Vietnam,VNM,9,0,6,0,5,15,20,17053,0,3936,0,7487,20990,28478,5370,0,1813,0,92,7184,7277,2787557
2023-09-04,2023,9,4,port434,Hai Phong,Vietnam,VNM,11,0,3,0,3,14,17,22902,0,3087,0,5886,25989,31875,456,0,711,0,92,1167,1260,2787558
2023-09-05,2023,9,5,port434,Hai Phong,Vietnam,VNM,9,1,14,0,2,24,26,18195,0,20870,0,2595,39066,41661,2565,0,3019,0,92,5585,5677,2787559
2023-09-06,2023,9,6,port434,Hai Phong,Vietnam,VNM,5,0,2,0,3,7,10,15931,0,3087,0,7701,19018,26719,2034,0,711,0,0,2745,2745,2787560
2023-09-07,2023,9,7,port434,Hai Phong,Vietnam,VNM,9,0,7,0,7,16,23,12026,0,2625,0,10998,14652,25650,9879,0,2536,0,1136,12415,13552,2787561
2023-09-08,2023,9,8,port434,Hai Phong,Vietnam,VNM,11,1,3,0,1,15,16,14488,22292,550,0,6640,37330,43971,2932,0,0,0,0,2932,2932,2787562
2023-09-09,2023,9,9,port434,Hai Phong,Vietnam,VNM,14,4,8,1,3,27,30,17717,49854,9008,0,6776,76580,83357,17278,1381,2539,0,0,21199,21199,2787563
2023-09-10,2023,9,10,port434,Hai Phong,Vietnam,VNM,10,2,5,0,3,17,20,26975,49454,7639,0,7784,84070,91854,1018,0,1066,0,92,2084,2177,2787564
2023-09-11,2023,9,11,port434,Hai Phong,Vietnam,VNM,9,3,9,0,5,21,26,8312,7422,8607,0,5586,24341,29928,9290,1381,4587,0,0,15259,15259,2787565
2023-09-12,2023,9,12,port434,Hai Phong,Vietnam,VNM,11,3,8,0,2,22,24,14612,23947,9604,0,4284,48164,52448,1284,0,1125,0,535,2409,2945,2787566
2023-09-13,2023,9,13,port434,Hai Phong,Vietnam,VNM,8,1,5,0,5,14,19,13613,0,3526,0,2242,17139,19381,1286,0,2825,0,35,4112,4147,2787567
2023-09-14,2023,9,14,port434,Hai Phong,Vietnam,VNM,8,0,5,0,5,13,18,15834,0,3087,0,7444,18921,26366,4751,0,711,0,92,5462,5555,2787568
2023-09-15,2023,9,15,port434,Hai Phong,Vietnam,VNM,11,1,5,0,8,17,25,14697,64431,3087,0,4760,82215,86976,12290,0,3808,0,0,16099,16099,2787569
2023-09-16,2023,9,16,port434,Hai Phong,Vietnam,VNM,12,1,13,0,2,26,28,22611,0,10469,0,10174,33081,43256,3148,0,1836,0,92,4984,5077,2787570
2023-09-17,2023,9,17,port434,Hai Phong,Vietnam,VNM,14,0,6,1,4,21,25,17308,0,5385,0,6174,22693,28868,12364,0,769,0,444,13133,13578,2787571
2023-09-18,2023,9,18,port434,Hai Phong,Vietnam,VNM,11,2,6,0,6,19,25,18442,0,3764,0,15827,22207,38034,3318,0,1014,0,362,4333,4695,2787572
2023-09-19,2023,9,19,port434,Hai Phong,Vietnam,VNM,7,2,5,0,3,14,17,6132,14144,0,0,887,20276,21164,2712,0,406,0,0,3118,3118,2787573
2023-09-20,2023,9,20,port434,Hai Phong,Vietnam,VNM,4,0,8,0,5,12,17,2126,0,8580,0,10282,10706,20989,3629,0,1013,0,173,4642,4816,2787574
2023-09-21,2023,9,21,port434,Hai Phong,Vietnam,VNM,10,1,5,0,2,16,18,14184,0,1652,0,964,15836,16800,1641,0,2497,0,0,4139,4139,2787575
2023-09-22,2023,9,22,port434,Hai Phong,Vietnam,VNM,11,0,10,0,3,21,24,8750,0,5293,0,6215,14044,20260,5355,0,4712,0,0,10067,10067,2787576
2023-09-23,2023,9,23,port434,Hai Phong,Vietnam,VNM,8,3,6,0,3,17,20,23870,7422,7255,0,1396,38548,39944,4493,1711,1075,0,0,7280,7280,2787577
2023-09-24,2023,9,24,port434,Hai Phong,Vietnam,VNM,14,0,8,0,7,22,29,25890,0,4713,0,7707,30603,38310,3861,0,355,0,92,4217,4310,2787578
2023-09-25,2023,9,25,port434,Hai Phong,Vietnam,VNM,13,3,5,0,7,21,28,31682,39978,3087,0,4274,74748,79022,10244,3423,1811,0,0,15479,15479,2787579
2023-09-26,2023,9,26,port434,Hai Phong,Vietnam,VNM,14,1,3,0,2,18,20,23342,23024,3304,0,5687,49672,55359,3414,0,828,0,0,4243,4243,2787580
2023-09-27,2023,9,27,port434,Hai Phong,Vietnam,VNM,7,2,1,0,4,10,14,17121,49092,0,0,8838,66213,75052,5578,0,0,0,2383,5578,7961,2787581
2023-09-28,2023,9,28,port434,Hai Phong,Vietnam,VNM,9,0,4,0,3,13,16,13108,0,4630,0,9303,17738,27042,6770,0,1066,0,0,7837,7837,2787582
2023-09-29,2023,9,29,port434,Hai Phong,Vietnam,VNM,6,0,9,1,6,16,22,8444,0,6282,1154,4387,15881,20268,1982,0,1480,0,0,3463,3463,2787583
2023-09-30,2023,9,30,port434,Hai Phong,Vietnam,VNM,11,1,6,0,6,18,24,14822,0,4096,0,10016,18918,28935,2004,0,355,0,269,2360,2629,2787584
2023-10-01,2023,10,1,port434,Hai Phong,Vietnam,VNM,9,0,8,0,3,17,20,11897,0,4739,0,11072,16636,27709,8727,0,1125,0,92,9852,9945,2787585
2023-10-02,2023,10,2,port434,Hai Phong,Vietnam,VNM,17,0,10,0,3,27,30,43097,0,6851,0,3688,49949,53637,6977,0,3854,0,0,10831,10831,2787586
2023-10-03,2023,10,3,port434,Hai Phong,Vietnam,VNM,10,1,5,0,3,16,19,16041,18937,4848,0,6174,39826,46001,1536,0,1183,0,269,2719,2989,2787587
2023-10-04,2023,10,4,port434,Hai Phong,Vietnam,VNM,9,0,6,1,6,16,22,21077,0,4443,2187,6501,27708,34209,3118,0,355,0,2310,3474,5784,2787588
2023-10-05,2023,10,5,port434,Hai Phong,Vietnam,VNM,5,0,9,0,4,14,18,9955,0,10030,0,10174,19986,30160,6953,0,3667,0,4106,10620,14727,2787589
2023-10-06,2023,10,6,port434,Hai Phong,Vietnam,VNM,15,2,7,1,4,25,29,24287,0,4188,0,9448,28475,37923,9043,0,711,0,353,9754,10107,2787590
2023-10-07,2023,10,7,port434,Hai Phong,Vietnam,VNM,9,1,9,0,9,19,28,13593,0,12986,0,28030,26580,54610,13390,0,2225,0,185,15616,15801,2787591
2023-10-08,2023,10,8,port434,Hai Phong,Vietnam,VNM,5,0,5,0,3,10,13,1564,0,6174,0,880,7738,8619,7431,0,1422,0,1132,8853,9986,2787592
2023-10-09,2023,10,9,port434,Hai Phong,Vietnam,VNM,9,0,2,0,5,11,16,17078,0,3195,0,8095,20274,28370,2877,0,769,0,0,3647,3647,2787593
2023-10-10,2023,10,10,port434,Hai Phong,Vietnam,VNM,10,1,6,0,2,17,19,4321,0,10180,0,0,14501,14501,7625,249,1125,0,0,8999,8999,2787594
2023-10-11,2023,10,11,port434,Hai Phong,Vietnam,VNM,9,0,6,0,3,15,18,8510,0,7684,0,3737,16194,19931,5355,0,1198,0,185,6554,6740,2787595
2023-10-12,2023,10,12,port434,Hai Phong,Vietnam,VNM,9,1,5,0,7,15,22,12034,24007,6819,0,14059,42861,56921,3195,0,769,0,128,3965,4093,2787596
2023-10-13,2023,10,13,port434,Hai Phong,Vietnam,VNM,10,1,11,0,2,22,24,12132,0,3641,0,1991,15774,17765,10828,0,769,0,0,11597,11597,2787597
2023-10-14,2023,10,14,port434,Hai Phong,Vietnam,VNM,10,1,8,0,4,19,23,13787,14217,7165,0,6030,35170,41201,7365,0,1066,0,628,8432,9060,2787598
2023-10-15,2023,10,15,port434,Hai Phong,Vietnam,VNM,9,0,6,1,6,16,22,8000,0,10248,435,17609,18684,36293,5839,0,711,160,176,6711,6888,2787599
2023-10-16,2023,10,16,port434,Hai Phong,Vietnam,VNM,11,0,2,0,4,13,17,12386,0,0,0,11929,12386,24315,6839,0,241,0,92,7081,7174,2787600
2023-10-17,2023,10,17,port434,Hai Phong,Vietnam,VNM,11,0,7,0,6,18,24,21271,0,4722,0,9244,25994,35239,963,0,711,0,455,1674,2129,2787601
2023-10-18,2023,10,18,port434,Hai Phong,Vietnam,VNM,7,1,6,0,3,14,17,20489,0,11555,0,1868,32045,33913,3106,0,769,0,92,3875,3968,2787602
2023-10-19,2023,10,19,port434,Hai Phong,Vietnam,VNM,2,0,4,0,4,6,10,2198,0,3087,0,6475,5285,11760,1088,0,5502,0,0,6590,6590,2787603
2023-10-20,2023,10,20,port434,Hai Phong,Vietnam,VNM,10,0,3,0,3,13,16,15969,0,1543,0,6385,17513,23899,5141,0,355,0,0,5496,5496,2787604
2023-10-21,2023,10,21,port434,Hai Phong,Vietnam,VNM,16,1,8,0,3,25,28,31320,0,4403,0,9470,35724,45194,6467,0,414,0,92,6881,6974,2787605
2023-10-22,2023,10,22,port434,Hai Phong,Vietnam,VNM,11,1,9,0,3,21,24,20145,0,13822,0,5351,33967,39319,3867,0,1066,0,0,4933,4933,2787606
2023-10-23,2023,10,23,port434,Hai Phong,Vietnam,VNM,7,1,8,0,1,16,17,13126,7422,7277,0,0,27826,27826,3255,1381,1066,0,302,5703,6006,2787607
2023-10-24,2023,10,24,port434,Hai Phong,Vietnam,VNM,5,1,14,1,7,21,28,7886,3920,15716,0,6424,27523,33948,3504,0,3174,2928,14,9607,9622,2787608
2023-10-25,2023,10,25,port434,Hai Phong,Vietnam,VNM,12,0,6,0,5,18,23,20746,0,1543,0,7105,22289,29395,5141,0,355,0,0,5496,5496,2787609
2023-10-26,2023,10,26,port434,Hai Phong,Vietnam,VNM,10,1,13,0,4,24,28,12258,7392,12192,0,10507,31843,42350,388,0,4622,0,0,5010,5010,2787610
2023-10-27,2023,10,27,port434,Hai Phong,Vietnam,VNM,10,0,7,1,5,18,23,13386,0,3537,960,5105,17884,22990,10369,0,905,0,0,11275,11275,2787611
2023-10-28,2023,10,28,port434,Hai Phong,Vietnam,VNM,9,0,7,0,4,16,20,12418,0,7549,0,8715,19967,28683,1259,0,1066,0,0,2325,2325,2787612
2023-10-29,2023,10,29,port434,Hai Phong,Vietnam,VNM,11,2,7,0,7,20,27,15360,1161,7230,0,12907,23752,36660,3176,0,711,0,269,3887,4156,2787613
2023-10-30,2023,10,30,port434,Hai Phong,Vietnam,VNM,11,0,10,1,5,22,27,36313,0,8205,0,7368,44519,51887,5245,0,1125,0,0,6370,6370,2787614
2023-10-31,2023,10,31,port434,Hai Phong,Vietnam,VNM,8,1,7,0,5,16,21,19464,0,9903,0,12757,29367,42125,5435,0,711,0,10750,6146,16896,2787615
2023-11-01,2023,11,1,port434,Hai Phong,Vietnam,VNM,11,0,3,0,5,14,19,11770,0,1543,0,18266,13314,31580,3755,0,355,0,0,4110,4110,2787616
2023-11-02,2023,11,2,port434,Hai Phong,Vietnam,VNM,4,0,5,0,3,9,12,9013,0,0,0,4767,9013,13780,3091,0,1849,0,92,4941,5033,2787617
2023-11-03,2023,11,3,port434,Hai Phong,Vietnam,VNM,10,3,8,0,3,21,24,21854,20899,3087,0,1868,45840,47709,5924,2762,711,0,92,9398,9490,2787618
2023-11-04,2023,11,4,port434,Hai Phong,Vietnam,VNM,10,1,8,0,4,19,23,29100,0,4630,0,5882,33731,39613,7100,0,1593,0,176,8694,8871,2787619
2023-11-05,2023,11,5,port434,Hai Phong,Vietnam,VNM,20,1,3,0,5,24,29,40364,1610,5111,0,4870,47086,51957,10133,0,828,0,176,10961,11138,2787620
2023-11-06,2023,11,6,port434,Hai Phong,Vietnam,VNM,6,1,9,0,5,16,21,7445,0,7789,0,9745,15234,24980,3553,0,1616,0,176,5170,5346,2787621
2023-11-07,2023,11,7,port434,Hai Phong,Vietnam,VNM,15,0,8,0,6,23,29,21716,0,11388,0,17111,33105,50217,11978,0,1836,0,0,13814,13814,2787622
2023-11-08,2023,11,8,port434,Hai Phong,Vietnam,VNM,9,0,3,0,5,12,17,15875,0,5407,0,13364,21282,34647,1902,0,355,0,362,2257,2619,2787623
2023-11-09,2023,11,9,port434,Hai Phong,Vietnam,VNM,5,1,8,0,7,14,21,4435,0,3632,0,15753,8067,23821,1995,0,355,0,0,2351,2351,2787624
2023-11-10,2023,11,10,port434,Hai Phong,Vietnam,VNM,13,1,5,0,4,19,23,20889,0,3678,0,5685,24568,30253,9583,0,711,0,827,10294,11122,2787625
2023-11-11,2023,11,11,port434,Hai Phong,Vietnam,VNM,8,1,4,0,5,13,18,10949,0,5400,0,10814,16349,27164,3846,0,828,0,0,4674,4674,2787626
2023-11-12,2023,11,12,port434,Hai Phong,Vietnam,VNM,10,1,8,1,6,20,26,16442,0,13115,0,14194,29558,43753,6327,0,1183,0,176,7511,7687,2787627
2023-11-13,2023,11,13,port434,Hai Phong,Vietnam,VNM,13,0,4,0,1,17,18,15282,0,2820,0,4294,18102,22396,8112,0,7404,0,0,15516,15516,2787628
2023-11-14,2023,11,14,port434,Hai Phong,Vietnam,VNM,9,1,2,0,4,12,16,5438,0,942,0,4701,6380,11082,7557,0,0,0,185,7557,7743,2787629
2023-11-15,2023,11,15,port434,Hai Phong,Vietnam,VNM,11,0,5,0,8,16,24,29190,0,3489,0,27833,32680,60513,1787,0,711,0,176,2498,2674,2787630
2023-11-16,2023,11,16,port434,Hai Phong,Vietnam,VNM,5,0,5,0,5,10,15,5520,0,0,0,6223,5520,11744,629,0,976,0,0,1605,1605,2787631
2023-11-17,2023,11,17,port434,Hai Phong,Vietnam,VNM,10,1,3,1,1,15,16,12837,0,3466,1951,5658,18255,23914,15098,0,355,0,0,15454,15454,2787632
2023-11-18,2023,11,18,port434,Hai Phong,Vietnam,VNM,9,0,4,0,1,13,14,20670,0,1985,0,7866,22656,30522,2584,0,77,0,0,2662,2662,2787633
2023-11-19,2023,11,19,port434,Hai Phong,Vietnam,VNM,10,0,7,0,4,17,21,16121,0,8843,0,2149,24965,27114,2709,0,1602,0,355,4312,4668,2787634
2023-11-20,2023,11,20,port434,Hai Phong,Vietnam,VNM,11,2,7,0,5,20,25,15330,38913,8876,0,9263,63120,72383,4253,0,1370,0,384,5623,6007,2787635
2023-11-21,2023,11,21,port434,Hai Phong,Vietnam,VNM,17,1,3,0,7,21,28,36194,0,1652,0,9314,37846,47160,21287,1079,414,0,2631,22781,25412,2787636
2023-11-22,2023,11,22,port434,Hai Phong,Vietnam,VNM,7,0,3,0,6,10,16,13545,0,7277,0,8137,20823,28960,1509,0,355,0,92,1864,1957,2787637
2023-11-23,2023,11,23,port434,Hai Phong,Vietnam,VNM,9,1,5,1,2,16,18,7347,0,3195,0,6766,10543,17310,2600,0,769,0,0,3369,3369,2787638
2023-11-24,2023,11,24,port434,Hai Phong,Vietnam,VNM,8,1,10,0,7,19,26,17948,0,5765,0,9062,23714,32776,5908,0,2255,0,92,8163,8256,2787639
2023-11-25,2023,11,25,port434,Hai Phong,Vietnam,VNM,13,0,7,0,8,20,28,23712,0,5162,0,8371,28875,37246,9124,0,1066,0,176,10190,10367,2787640
2023-11-26,2023,11,26,port434,Hai Phong,Vietnam,VNM,11,1,10,0,4,22,26,19031,30306,8368,0,23032,57706,80739,7470,0,769,0,0,8240,8240,2787641
2023-11-27,2023,11,27,port434,Hai Phong,Vietnam,VNM,8,0,6,0,3,14,17,14047,0,6282,0,1297,20330,21627,949,0,1480,0,0,2430,2430,2787642
2023-11-28,2023,11,28,port434,Hai Phong,Vietnam,VNM,11,0,6,0,4,17,21,16290,0,4739,0,6174,21029,27204,4945,0,3630,0,10446,8576,19022,2787643
2023-11-29,2023,11,29,port434,Hai Phong,Vietnam,VNM,7,0,4,0,5,11,16,12040,0,3087,0,6898,15127,22026,4996,0,711,0,176,5707,5884,2787644
2023-11-30,2023,11,30,port434,Hai Phong,Vietnam,VNM,11,3,4,0,8,18,26,28290,49543,4603,0,34645,82437,117082,3505,2762,414,0,176,6682,6858,2787645
2023-12-01,2023,12,1,port434,Hai Phong,Vietnam,VNM,9,0,5,0,4,14,18,11800,0,4209,0,6518,16010,22528,8026,0,655,0,221,8681,8902,2787646
2023-12-02,2023,12,2,port434,Hai Phong,Vietnam,VNM,10,0,5,0,3,15,18,15024,0,1652,0,2366,16676,19043,5093,0,2563,0,92,7657,7750,2787647
2023-12-03,2023,12,3,port434,Hai Phong,Vietnam,VNM,7,1,3,0,2,11,13,23621,33125,3153,0,3951,59901,63852,2139,0,0,0,0,2139,2139,2787648
2023-12-04,2023,12,4,port434,Hai Phong,Vietnam,VNM,12,0,6,0,6,18,24,18112,0,6631,0,1318,24744,26062,3067,0,355,0,0,3422,3422,2787649
2023-12-05,2023,12,5,port434,Hai Phong,Vietnam,VNM,13,2,7,0,6,22,28,26937,14968,8290,0,14581,50196,64778,4237,0,938,0,353,5175,5528,2787650
2023-12-06,2023,12,6,port434,Hai Phong,Vietnam,VNM,9,0,6,0,5,15,20,25789,0,7465,0,6101,33254,39356,7655,0,1480,0,92,9135,9228,2787651
2023-12-07,2023,12,7,port434,Hai Phong,Vietnam,VNM,12,1,4,0,6,17,23,28861,1010,4848,0,10428,34720,45149,5773,0,1586,0,5002,7360,12362,2787652
2023-12-08,2023,12,8,port434,Hai Phong,Vietnam,VNM,9,0,10,1,7,20,27,17668,0,7917,0,9411,25586,34997,1149,0,2901,0,176,4050,4227,2787653
2023-12-09,2023,12,9,port434,Hai Phong,Vietnam,VNM,8,0,4,0,3,12,15,13613,0,0,0,7059,13613,20673,4438,0,480,0,269,4919,5188,2787654
2023-12-10,2023,12,10,port434,Hai Phong,Vietnam,VNM,12,3,6,0,4,21,25,7060,15227,4630,0,12853,26918,39772,4072,1381,1066,0,176,6519,6696,2787655
2023-12-11,2023,12,11,port434,Hai Phong,Vietnam,VNM,16,0,6,1,7,23,30,17801,0,6391,779,7743,24972,32716,6655,0,1539,0,669,8195,8864,2787656
2023-12-12,2023,12,12,port434,Hai Phong,Vietnam,VNM,9,0,9,0,3,18,21,12542,0,6671,0,4982,19214,24197,6964,0,711,0,0,7675,7675,2787657
2023-12-13,2023,12,13,port434,Hai Phong,Vietnam,VNM,9,0,6,0,6,15,21,9372,0,3405,0,16656,12778,29434,5348,0,769,0,7248,6118,13366,2787658
2023-12-14,2023,12,14,port434,Hai Phong,Vietnam,VNM,5,1,8,0,5,14,19,7558,22658,11955,0,11612,42172,53784,1893,0,1066,0,92,2959,3052,2787659
2023-12-15,2023,12,15,port434,Hai Phong,Vietnam,VNM,8,1,8,0,5,17,22,11418,0,6638,0,10584,18057,28641,3677,0,3509,0,0,7186,7186,2787660
2023-12-16,2023,12,16,port434,Hai Phong,Vietnam,VNM,7,0,6,0,6,13,19,6853,0,4739,0,7588,11592,19181,3929,0,1125,0,310,5054,5364,2787661
2023-12-17,2023,12,17,port434,Hai Phong,Vietnam,VNM,8,1,2,0,6,11,17,12310,0,1652,0,14655,13962,28618,1472,0,414,0,0,1886,1886,2787662
2023-12-18,2023,12,18,port434,Hai Phong,Vietnam,VNM,14,0,5,0,4,19,23,34982,0,3195,0,879,38178,39057,10319,0,769,0,0,11089,11089,2787663
2023-12-19,2023,12,19,port434,Hai Phong,Vietnam,VNM,15,3,11,0,5,29,34,29886,7422,6929,0,17629,44238,61867,1330,7116,2950,0,92,11397,11490,2787664
2023-12-20,2023,12,20,port434,Hai Phong,Vietnam,VNM,10,0,3,0,5,13,18,11098,0,1904,0,18805,13002,31808,5790,0,0,0,176,5790,5967,2787665
2023-12-21,2023,12,21,port434,Hai Phong,Vietnam,VNM,10,0,4,1,5,15,20,15078,0,3142,1729,15049,19949,34999,1889,0,355,0,92,2244,2337,2787666
2023-12-22,2023,12,22,port434,Hai Phong,Vietnam,VNM,9,0,4,0,4,13,17,12129,0,1783,0,2663,13913,16576,3118,0,355,0,0,3474,3474,2787667
2020-11-15,2020,11,15,port434,Hai Phong,Vietnam,VNM,7,1,10,0,3,18,21,12096,0,6282,0,2610,18379,20990,8024,82,1966,0,92,10074,10167,2787668
2020-11-16,2020,11,16,port434,Hai Phong,Vietnam,VNM,15,2,9,0,4,26,30,19245,7422,8595,0,8916,35263,44180,8943,17670,1539,0,0,28153,28153,2787669
2020-11-17,2020,11,17,port434,Hai Phong,Vietnam,VNM,9,3,7,1,4,20,24,20131,0,6935,582,10209,27650,37859,10891,1034,840,0,837,12766,13603,2787670
2020-11-18,2020,11,18,port434,Hai Phong,Vietnam,VNM,14,1,7,0,2,22,24,30388,7422,6534,0,0,44344,44344,4178,1381,1066,0,7407,6625,14033,2787671
2020-11-19,2020,11,19,port434,Hai Phong,Vietnam,VNM,6,0,8,0,6,14,20,13559,0,5670,0,20198,19229,39427,8778,0,3935,0,176,12713,12890,2787672
2020-11-20,2020,11,20,port434,Hai Phong,Vietnam,VNM,8,0,7,1,5,16,21,14512,0,6378,0,5104,20890,25995,3247,0,6336,0,185,9584,9770,2787673
2020-11-21,2020,11,21,port434,Hai Phong,Vietnam,VNM,11,0,10,0,6,21,27,13113,0,6324,0,15859,19437,35297,5944,0,769,0,269,6713,6982,2787674
2020-11-22,2020,11,22,port434,Hai Phong,Vietnam,VNM,10,0,5,1,5,16,21,28482,0,6282,511,4613,35277,39890,4840,0,1480,0,0,6321,6321,2787675
2020-11-23,2020,11,23,port434,Hai Phong,Vietnam,VNM,6,0,14,0,6,20,26,8075,0,14640,0,26931,22716,49648,7239,0,6560,0,0,13800,13800,2787676
2020-11-24,2020,11,24,port434,Hai Phong,Vietnam,VNM,12,1,10,0,7,23,30,19420,4131,6645,0,9020,30196,39217,12428,0,2435,0,0,14864,14864,2787677
2020-11-25,2020,11,25,port434,Hai Phong,Vietnam,VNM,12,3,8,0,9,23,32,13710,7422,6683,0,16483,27816,44299,3940,1381,1547,0,35,6868,6904,2787678
2020-11-26,2020,11,26,port434,Hai Phong,Vietnam,VNM,11,2,5,1,4,19,23,13973,1599,3938,0,5048,19511,24560,3727,0,828,0,176,4555,4732,2787679
2020-11-27,2020,11,27,port434,Hai Phong,Vietnam,VNM,12,1,10,0,3,23,26,23156,4015,13403,0,7750,40575,48326,7456,0,4665,0,185,12121,12307,2787680
2020-11-28,2020,11,28,port434,Hai Phong,Vietnam,VNM,10,0,6,0,5,16,21,9459,0,10614,0,0,20073,20073,3466,0,1066,0,10393,4532,14926,2787681
2020-11-29,2020,11,29,port434,Hai Phong,Vietnam,VNM,7,0,1,0,3,8,11,7901,0,3284,0,4942,11185,16128,6993,0,227,0,0,7220,7220,2787682
2020-11-30,2020,11,30,port434,Hai Phong,Vietnam,VNM,6,0,5,0,3,11,14,7029,0,6558,0,1830,13587,15417,5555,0,1183,0,0,6738,6738,2787683
2020-12-01,2020,12,1,port434,Hai Phong,Vietnam,VNM,10,0,6,0,4,16,20,7192,0,4848,0,6174,12040,18215,12292,0,1183,0,269,13476,13745,2787684
2020-12-02,2020,12,2,port434,Hai Phong,Vietnam,VNM,8,1,3,0,2,12,14,10775,3927,1543,0,3397,16246,19643,6277,0,355,0,0,6633,6633,2787685
2020-12-03,2020,12,3,port434,Hai Phong,Vietnam,VNM,9,0,6,0,5,15,20,11433,0,3594,0,8977,15027,24004,5609,0,1471,0,269,7081,7351,2787686
2020-12-04,2020,12,4,port434,Hai Phong,Vietnam,VNM,12,0,6,1,6,19,25,20222,0,17664,854,9643,38741,48385,4463,0,355,0,176,4819,4995,2787687
2020-12-05,2020,12,5,port434,Hai Phong,Vietnam,VNM,9,0,3,0,3,12,15,8508,0,2345,0,5605,10853,16459,16130,0,355,0,278,16485,16764,2787688
2020-12-06,2020,12,6,port434,Hai Phong,Vietnam,VNM,14,0,3,2,7,19,26,22308,0,3195,0,10196,25504,35700,3645,0,769,0,457,4415,4872,2787689
2020-12-07,2020,12,7,port434,Hai Phong,Vietnam,VNM,2,0,1,0,2,3,5,1021,0,3981,0,0,5002,5002,2895,0,0,0,580,2895,3476,2787690
2020-12-08,2020,12,8,port434,Hai Phong,Vietnam,VNM,6,2,3,0,3,11,14,13182,2638,2804,0,8572,18625,27198,4699,0,414,0,0,5113,5113,2787691
2020-12-09,2020,12,9,port434,Hai Phong,Vietnam,VNM,13,0,4,0,7,17,24,23691,0,181,0,15861,23873,39735,2709,0,0,0,445,2709,3155,2787692
2020-12-10,2020,12,10,port434,Hai Phong,Vietnam,VNM,11,1,7,0,1,19,20,12234,6545,5908,0,0,24687,24687,3181,0,355,0,0,3537,3537,2787693
2020-12-11,2020,12,11,port434,Hai Phong,Vietnam,VNM,15,1,8,0,5,24,29,21980,0,6729,0,3583,28710,32293,15431,0,4810,0,92,20241,20334,2787694
2020-12-12,2020,12,12,port434,Hai Phong,Vietnam,VNM,14,1,4,1,8,20,28,17785,1853,5687,0,10929,25326,36256,7204,0,321,0,269,7526,7795,2787695
2020-12-13,2020,12,13,port434,Hai Phong,Vietnam,VNM,11,1,7,0,3,19,22,18794,7422,6174,0,7847,32390,40237,4930,1381,1422,0,0,7733,7733,2787696
2020-12-14,2020,12,14,port434,Hai Phong,Vietnam,VNM,3,2,16,0,3,21,24,1760,4375,14493,0,3191,20629,23820,4120,0,4035,0,0,8156,8156,2787697
2020-12-15,2020,12,15,port434,Hai Phong,Vietnam,VNM,9,1,10,0,5,20,25,15008,7422,11152,0,5864,33582,39447,7158,1381,2367,0,92,10907,11000,2787698
2020-12-16,2020,12,16,port434,Hai Phong,Vietnam,VNM,10,1,6,1,8,18,26,17714,19193,6948,435,11043,44292,55335,303,0,355,160,278,819,1098,2787699
2020-12-17,2020,12,17,port434,Hai Phong,Vietnam,VNM,11,1,3,0,2,15,17,17189,0,3195,0,0,20384,20384,11068,0,769,0,0,11837,11837,2787700
2020-12-18,2020,12,18,port434,Hai Phong,Vietnam,VNM,14,3,5,0,5,22,27,12716,40098,4739,0,5177,57553,62730,11894,0,1125,0,92,13019,13112,2787701
2020-12-19,2020,12,19,port434,Hai Phong,Vietnam,VNM,10,1,5,1,3,17,20,18865,0,14196,0,4694,33062,37756,3208,0,711,0,176,3919,4095,2787702
2020-12-20,2020,12,20,port434,Hai Phong,Vietnam,VNM,10,1,3,0,2,14,16,13066,0,589,0,3490,13656,17147,4774,0,0,0,0,4774,4774,2787703
2020-12-21,2020,12,21,port434,Hai Phong,Vietnam,VNM,5,2,7,0,3,14,17,10946,17026,5830,0,6787,33804,40591,1259,43926,355,0,0,45541,45541,2787704
2020-12-22,2020,12,22,port434,Hai Phong,Vietnam,VNM,8,0,2,1,7,11,18,11234,0,1543,435,13808,13213,27021,2756,0,1026,160,538,3943,4482,2787705
2020-12-23,2020,12,23,port434,Hai Phong,Vietnam,VNM,5,0,4,0,4,9,13,11814,0,5586,0,5878,17400,23279,1259,0,863,0,0,2122,2122,2787706
2020-12-24,2020,12,24,port434,Hai Phong,Vietnam,VNM,13,0,3,0,4,16,20,28069,0,4418,0,8060,32487,40548,1332,0,0,0,0,1332,1332,2787707
2020-12-25,2020,12,25,port434,Hai Phong,Vietnam,VNM,10,0,6,0,5,16,21,9050,0,7483,0,9309,16534,25843,6423,0,0,0,92,6423,6516,2787708
2020-12-26,2020,12,26,port434,Hai Phong,Vietnam,VNM,15,0,9,0,3,24,27,21526,0,1652,0,15296,23178,38474,2615,0,4361,0,176,6977,7153,2787709
2020-12-27,2020,12,27,port434,Hai Phong,Vietnam,VNM,8,2,6,1,3,17,20,15794,466,6330,0,5445,22591,28036,5068,0,355,0,0,5424,5424,2787710
2020-12-28,2020,12,28,port434,Hai Phong,Vietnam,VNM,8,1,10,0,8,19,27,8578,0,16044,0,8955,24622,33577,6673,1804,711,0,92,9189,9282,2787711
2020-12-29,2020,12,29,port434,Hai Phong,Vietnam,VNM,11,0,14,0,5,25,30,22997,0,10330,0,11533,33327,44860,3301,0,6643,0,176,9944,10121,2787712
2020-12-30,2020,12,30,port434,Hai Phong,Vietnam,VNM,4,1,9,0,6,14,20,7478,7422,3195,0,15252,18096,33348,0,1381,6274,0,176,7655,7831,2787713
2020-12-31,2020,12,31,port434,Hai Phong,Vietnam,VNM,15,0,0,0,2,15,17,33230,0,0,0,3737,33230,36967,9046,0,0,0,185,9046,9232,2787714
2021-01-01,2021,1,1,port434,Hai Phong,Vietnam,VNM,7,0,4,0,0,11,11,13616,0,5830,0,0,19447,19447,1259,0,0,0,0,1259,1259,2787715
2021-01-02,2021,1,2,port434,Hai Phong,Vietnam,VNM,11,1,3,0,2,15,17,18365,0,1543,0,4424,19909,24333,3350,0,355,0,0,3705,3705,2787716
2021-01-03,2021,1,3,port434,Hai Phong,Vietnam,VNM,6,0,6,0,4,12,16,10115,0,3594,0,14801,13710,28512,1085,0,711,0,92,1796,1889,2787717
2021-01-04,2021,1,4,port434,Hai Phong,Vietnam,VNM,9,0,10,1,9,20,29,17372,0,6166,0,17382,23539,40922,10548,0,1754,854,5835,13157,18992,2787718
2021-01-05,2021,1,5,port434,Hai Phong,Vietnam,VNM,7,0,5,1,2,13,15,16512,0,3195,0,1868,19707,21576,1259,0,1189,0,92,2448,2541,2787719
2021-01-06,2021,1,6,port434,Hai Phong,Vietnam,VNM,7,0,12,0,4,19,23,12288,0,11221,0,2434,23510,25944,6153,0,711,0,92,6864,6957,2787720
2021-01-07,2021,1,7,port434,Hai Phong,Vietnam,VNM,16,1,6,0,5,23,28,27075,0,9318,0,2404,36393,38798,9055,0,3165,0,2352,12221,14573,2787721
2021-01-08,2021,1,8,port434,Hai Phong,Vietnam,VNM,7,1,7,0,4,15,19,15866,7422,10836,0,7493,34125,41619,2159,1381,3326,0,8209,6867,15076,2787722
2021-01-09,2021,1,9,port434,Hai Phong,Vietnam,VNM,10,2,4,0,4,16,20,10973,11912,10997,0,12226,33883,46110,6319,1381,711,0,535,8411,8947,2787723
2021-01-10,2021,1,10,port434,Hai Phong,Vietnam,VNM,14,0,9,0,3,23,26,29575,0,11818,0,1868,41394,43262,3784,0,1605,0,92,5389,5482,2787724
2021-01-11,2021,1,11,port434,Hai Phong,Vietnam,VNM,7,1,7,0,6,15,21,14756,0,15037,0,10702,29794,40496,4560,0,2377,0,9169,6937,16107,2787725
2021-01-12,2021,1,12,port434,Hai Phong,Vietnam,VNM,10,1,5,1,8,17,25,19031,7422,2893,1348,3764,30695,34460,2896,1381,4623,0,3080,8901,11982,2787726
2021-01-13,2021,1,13,port434,Hai Phong,Vietnam,VNM,14,1,5,0,3,20,23,20115,7422,3195,0,4064,30733,34798,5344,1381,4516,0,0,11242,11242,2787727
2021-01-14,2021,1,14,port434,Hai Phong,Vietnam,VNM,6,2,8,0,6,16,22,3338,0,11974,0,5147,15313,20460,211,1034,1836,0,0,3081,3081,2787728
2021-01-15,2021,1,15,port434,Hai Phong,Vietnam,VNM,13,0,16,1,8,30,38,21206,0,10304,0,11192,31510,42703,10574,0,5678,0,92,16252,16345,2787729
2021-01-16,2021,1,16,port434,Hai Phong,Vietnam,VNM,10,0,8,0,6,18,24,22793,0,7826,0,18410,30619,49030,629,0,1836,0,92,2465,2558,2787730
2021-01-17,2021,1,17,port434,Hai Phong,Vietnam,VNM,10,0,6,0,5,16,21,22506,0,4308,0,14721,26815,41537,2897,0,414,0,0,3311,3311,2787731
2021-01-18,2021,1,18,port434,Hai Phong,Vietnam,VNM,14,0,9,0,3,23,26,30589,0,11815,0,1868,42404,44273,2206,0,1539,0,92,3745,3838,2787732
2021-01-19,2021,1,19,port434,Hai Phong,Vietnam,VNM,8,2,8,0,5,18,23,13021,130,10491,0,15517,23643,39160,2888,0,1480,0,176,4368,4545,2787733
2021-01-20,2021,1,20,port434,Hai Phong,Vietnam,VNM,11,2,9,0,6,22,28,19124,525,9567,0,4476,29218,33694,2518,5227,1707,0,0,9453,9453,2787734
2021-01-21,2021,1,21,port434,Hai Phong,Vietnam,VNM,9,1,4,0,2,14,16,9290,0,4630,0,5762,13920,19683,6353,0,1066,0,0,7420,7420,2787735
2021-01-22,2021,1,22,port434,Hai Phong,Vietnam,VNM,10,0,5,0,5,15,20,16552,0,7633,0,6980,24186,31167,1383,0,355,0,1275,1739,3014,2787736
2021-01-23,2021,1,23,port434,Hai Phong,Vietnam,VNM,7,1,8,0,5,16,21,13076,0,6371,0,1868,19448,21316,629,0,1348,0,92,1978,2070,2787737
2021-01-24,2021,1,24,port434,Hai Phong,Vietnam,VNM,10,1,13,0,4,24,28,20193,0,3219,0,4724,23413,28137,2956,8214,355,0,92,11526,11619,2787738
2021-01-25,2021,1,25,port434,Hai Phong,Vietnam,VNM,12,1,16,1,5,30,35,25591,687,16981,0,10569,43261,53831,8322,0,2664,0,362,10986,11349,2787739
2021-01-26,2021,1,26,port434,Hai Phong,Vietnam,VNM,15,0,8,0,4,23,27,24173,0,3195,0,3050,27369,30420,4960,0,4907,0,5048,9868,14917,2787740
2021-01-27,2021,1,27,port434,Hai Phong,Vietnam,VNM,9,1,11,0,5,21,26,11084,0,11404,0,11769,22488,34257,3731,0,769,0,897,4500,5398,2787741
2021-01-28,2021,1,28,port434,Hai Phong,Vietnam,VNM,12,2,9,0,5,23,28,24233,7422,6655,0,13169,38311,51480,5858,1381,2729,0,92,9969,10062,2787742
2021-01-29,2021,1,29,port434,Hai Phong,Vietnam,VNM,6,1,10,1,4,18,22,8491,3602,7949,0,10599,20043,30643,4076,0,1183,0,269,5260,5529,2787743
2021-01-30,2021,1,30,port434,Hai Phong,Vietnam,VNM,6,0,5,0,3,11,14,4476,0,4630,0,5563,9106,14670,6227,0,1066,0,0,7294,7294,2787744
2021-01-31,2021,1,31,port434,Hai Phong,Vietnam,VNM,3,1,9,0,4,13,17,2119,0,13561,0,11507,15681,27188,1464,0,11107,0,0,12571,12571,2787745
2021-02-01,2021,2,1,port434,Hai Phong,Vietnam,VNM,15,1,7,0,6,23,29,19424,14838,4957,0,7813,39220,47033,12715,0,355,0,185,13070,13256,2787746
2021-02-02,2021,2,2,port434,Hai Phong,Vietnam,VNM,10,1,8,0,7,19,26,14198,0,8062,0,20198,22261,42459,4537,54,769,0,92,5362,5454,2787747
2021-02-03,2021,2,3,port434,Hai Phong,Vietnam,VNM,10,1,4,0,4,15,19,19179,4041,4739,0,4955,27960,32915,4176,0,1125,0,92,5302,5394,2787748
2021-02-04,2021,2,4,port434,Hai Phong,Vietnam,VNM,17,2,8,0,7,27,34,29774,7422,9291,0,15051,46488,61539,4202,1381,9206,0,278,14789,15068,2787749
2021-02-05,2021,2,5,port434,Hai Phong,Vietnam,VNM,11,0,9,0,3,20,23,20392,0,8254,0,4759,28647,33407,5843,0,934,0,0,6778,6778,2787750
2021-02-06,2021,2,6,port434,Hai Phong,Vietnam,VNM,7,0,7,0,5,14,19,9031,0,2152,0,3737,11184,14921,6249,0,13424,0,185,19674,19859,2787751
2021-02-07,2021,2,7,port434,Hai Phong,Vietnam,VNM,12,3,4,0,7,19,26,9872,8757,1652,0,14340,20282,34623,13039,1381,414,0,362,14834,15196,2787752
2021-02-08,2021,2,8,port434,Hai Phong,Vietnam,VNM,7,1,7,0,3,15,18,7526,35482,4630,0,0,47639,47639,4797,0,5828,0,0,10625,10625,2787753
2021-02-09,2021,2,9,port434,Hai Phong,Vietnam,VNM,11,0,6,0,5,17,22,26813,0,3195,0,13581,30009,43591,12428,0,6497,0,454,18926,19381,2787754
2021-02-10,2021,2,10,port434,Hai Phong,Vietnam,VNM,8,0,5,1,6,14,20,11477,0,6163,1931,5654,19572,25227,7457,0,1125,0,2241,8582,10824,2787755
2021-02-11,2021,2,11,port434,Hai Phong,Vietnam,VNM,12,0,4,0,3,16,19,26279,0,7010,0,1868,33289,35158,4078,0,582,0,92,4661,4754,2787756
2021-02-12,2021,2,12,port434,Hai Phong,Vietnam,VNM,8,0,3,0,2,11,13,11429,0,2722,0,3725,14152,17877,2418,0,355,0,535,2773,3309,2787757
2021-02-13,2021,2,13,port434,Hai Phong,Vietnam,VNM,7,0,2,0,2,9,11,9708,0,1652,0,7111,11360,18471,5629,0,414,0,0,6043,6043,2787758
2021-02-14,2021,2,14,port434,Hai Phong,Vietnam,VNM,5,1,1,1,4,8,12,4854,0,1543,0,4724,6397,11121,2499,17000,355,0,92,19855,19948,2787759
2021-02-15,2021,2,15,port434,Hai Phong,Vietnam,VNM,9,1,8,0,2,18,20,12859,7422,6380,0,1543,26661,28204,2888,1381,4344,0,0,8614,8614,2787760
2021-02-16,2021,2,16,port434,Hai Phong,Vietnam,VNM,7,2,8,0,3,17,20,1378,34672,5087,0,1868,41138,43006,6444,0,961,0,307,7405,7713,2787761
2021-02-17,2021,2,17,port434,Hai Phong,Vietnam,VNM,7,1,23,0,6,31,37,5296,0,18739,0,13218,24036,37254,3452,0,4868,0,445,8321,8766,2787762
2021-02-18,2021,2,18,port434,Hai Phong,Vietnam,VNM,14,0,4,0,5,18,23,16626,0,8045,0,12181,24672,36853,13438,0,582,0,269,14021,14290,2787763
2021-02-19,2021,2,19,port434,Hai Phong,Vietnam,VNM,9,0,13,0,5,22,27,22023,0,15601,0,2176,37625,39802,771,0,3338,0,92,4110,4202,2787764
2021-02-20,2021,2,20,port434,Hai Phong,Vietnam,VNM,6,2,3,0,3,11,14,15276,7422,3195,0,6405,25894,32299,1009,1381,769,0,185,3160,3346,2787765
2021-02-21,2021,2,21,port434,Hai Phong,Vietnam,VNM,7,2,7,1,7,17,24,7115,0,4739,0,14745,11855,26600,8774,0,2856,0,176,11630,11807,2787766
2021-02-22,2021,2,22,port434,Hai Phong,Vietnam,VNM,10,1,7,0,1,18,19,14140,0,2827,0,3312,16968,20280,13231,0,3707,0,0,16938,16938,2787767
2021-02-23,2021,2,23,port434,Hai Phong,Vietnam,VNM,9,0,10,0,1,19,20,9581,0,12908,0,1868,22490,24358,3541,0,1480,0,92,5022,5114,2787768
2021-02-24,2021,2,24,port434,Hai Phong,Vietnam,VNM,12,2,4,0,5,18,23,14705,15965,5450,0,7462,36121,43584,12535,0,1066,0,720,13602,14323,2787769
2021-02-25,2021,2,25,port434,Hai Phong,Vietnam,VNM,6,0,5,0,5,11,16,5569,0,4280,0,3737,9849,13587,9056,0,711,0,185,9768,9953,2787770
2021-02-26,2021,2,26,port434,Hai Phong,Vietnam,VNM,16,1,5,1,3,23,26,29629,7422,1652,854,4235,39558,43794,22330,1381,414,0,0,24125,24125,2787771
2021-02-27,2021,2,27,port434,Hai Phong,Vietnam,VNM,10,0,5,0,4,15,19,10399,0,6942,0,10807,17342,28149,6007,0,7055,0,0,13063,13063,2787772
2021-02-28,2021,2,28,port434,Hai Phong,Vietnam,VNM,7,1,9,0,2,17,19,18716,0,16226,0,5177,34943,40121,7377,0,1836,0,92,9213,9306,2787773
2021-03-01,2021,3,1,port434,Hai Phong,Vietnam,VNM,7,0,11,0,3,18,21,14429,0,7608,0,3878,22037,25916,3866,0,1125,0,92,4991,5084,2787774
2021-03-02,2021,3,2,port434,Hai Phong,Vietnam,VNM,9,0,5,1,4,15,19,16877,0,4739,0,1868,21616,23485,4915,0,1125,0,92,6040,6133,2787775
2021-03-03,2021,3,3,port434,Hai Phong,Vietnam,VNM,10,1,5,0,3,16,19,19606,7422,1652,0,7019,28681,35700,4798,1381,3462,0,92,9642,9735,2787776
2021-03-04,2021,3,4,port434,Hai Phong,Vietnam,VNM,8,0,6,0,5,14,19,15150,0,8983,0,4542,24134,28677,4033,0,828,0,2716,4862,7578,2787777
2021-03-05,2021,3,5,port434,Hai Phong,Vietnam,VNM,15,2,7,1,3,25,28,10746,2866,1121,0,3736,14735,18471,15689,0,0,0,92,15689,15782,2787778
2021-03-06,2021,3,6,port434,Hai Phong,Vietnam,VNM,12,0,9,1,7,22,29,16061,0,5146,0,8812,21208,30021,5769,0,828,0,12486,6597,19084,2787779
2021-03-07,2021,3,7,port434,Hai Phong,Vietnam,VNM,8,0,5,0,4,13,17,27849,0,4376,0,10337,32226,42564,10231,0,711,0,176,10942,11119,2787780
2021-03-08,2021,3,8,port434,Hai Phong,Vietnam,VNM,8,0,10,0,6,18,24,16867,0,12432,0,2418,29300,31718,2108,0,5679,0,0,7788,7788,2787781
2021-03-09,2021,3,9,port434,Hai Phong,Vietnam,VNM,14,0,10,0,2,24,26,22578,0,9556,0,0,32134,32134,7004,0,0,0,0,7004,7004,2787782
2021-03-10,2021,3,10,port434,Hai Phong,Vietnam,VNM,9,1,6,1,2,17,19,20534,3576,7475,387,0,31974,31974,1766,0,0,0,0,1766,1766,2787783
2021-03-11,2021,3,11,port434,Hai Phong,Vietnam,VNM,14,2,13,0,5,29,34,17780,1169,8623,0,14394,27574,41969,10601,4498,1777,0,92,16877,16970,2787784
2021-03-12,2021,3,12,port434,Hai Phong,Vietnam,VNM,11,1,13,0,2,25,27,10732,0,14800,0,8124,25532,33656,5371,0,1586,0,0,6957,6957,2787785
2021-03-13,2021,3,13,port434,Hai Phong,Vietnam,VNM,12,1,5,0,3,18,21,27148,7422,4942,0,2941,39512,42454,6877,1381,1183,0,0,9442,9442,2787786
2021-03-14,2021,3,14,port434,Hai Phong,Vietnam,VNM,5,1,5,1,4,12,16,7319,3068,3195,0,3912,13583,17496,427,0,769,0,535,1197,1732,2787787
2021-03-15,2021,3,15,port434,Hai Phong,Vietnam,VNM,10,0,6,0,2,16,18,11533,0,4121,0,562,15655,16217,8885,0,711,0,0,9596,9596,2787788
2021-03-16,2021,3,16,port434,Hai Phong,Vietnam,VNM,13,0,8,0,3,21,24,20092,0,7991,0,789,28083,28872,3676,0,1125,0,0,4801,4801,2787789
2021-03-17,2021,3,17,port434,Hai Phong,Vietnam,VNM,9,0,10,0,6,19,25,8235,0,9790,0,12997,18025,31022,2071,0,2868,0,92,4940,5032,2787790
2021-03-18,2021,3,18,port434,Hai Phong,Vietnam,VNM,6,0,11,0,5,17,22,9183,0,7826,0,2855,17009,19865,629,0,9853,0,0,10482,10482,2787791
2021-03-19,2021,3,19,port434,Hai Phong,Vietnam,VNM,15,1,9,0,4,25,29,11136,0,7734,0,14206,18871,33078,17193,0,1485,0,981,18679,19660,2787792
2021-03-20,2021,3,20,port434,Hai Phong,Vietnam,VNM,12,1,3,0,4,16,20,14761,0,4828,0,10180,19589,29770,6792,0,582,0,92,7374,7467,2787793
2021-03-21,2021,3,21,port434,Hai Phong,Vietnam,VNM,10,1,5,0,4,16,20,7573,7422,5414,0,1868,20409,22278,2343,1381,769,0,92,4494,4587,2787794
2021-03-22,2021,3,22,port434,Hai Phong,Vietnam,VNM,9,0,6,1,3,16,19,11208,0,11391,0,1868,22600,24468,629,0,577,0,92,1206,1299,2787795
2021-03-23,2021,3,23,port434,Hai Phong,Vietnam,VNM,9,2,9,0,2,20,22,16465,0,26587,0,7514,43053,50567,2165,0,1677,0,92,3842,3935,2787796
2021-03-24,2021,3,24,port434,Hai Phong,Vietnam,VNM,14,1,8,0,3,23,26,27278,0,3195,0,1868,30474,32342,15017,0,769,0,92,15787,15880,2787797
2021-03-25,2021,3,25,port434,Hai Phong,Vietnam,VNM,11,1,6,0,6,18,24,11981,0,4630,0,6849,16611,23460,6089,0,1066,0,0,7155,7155,2787798
2021-03-26,2021,3,26,port434,Hai Phong,Vietnam,VNM,19,1,9,0,3,29,32,32326,5698,5409,0,4306,43434,47740,12496,0,2498,0,176,14994,15171,2787799
2021-03-27,2021,3,27,port434,Hai Phong,Vietnam,VNM,9,2,6,0,3,17,20,11322,30896,6174,0,3988,48393,52381,6419,0,3623,0,92,10042,10135,2787800
2021-03-28,2021,3,28,port434,Hai Phong,Vietnam,VNM,3,1,5,0,5,9,14,2983,0,3633,0,6341,6617,12959,0,0,711,0,0,711,711,2787801
2021-03-29,2021,3,29,port434,Hai Phong,Vietnam,VNM,7,1,11,0,5,19,24,7203,0,6775,0,4011,13979,17991,1888,16020,711,0,185,18620,18806,2787802
2021-03-30,2021,3,30,port434,Hai Phong,Vietnam,VNM,11,1,13,0,6,25,31,22305,0,13621,0,9222,35927,45149,5568,0,2121,0,185,7690,7875,2787803
2021-03-31,2021,3,31,port434,Hai Phong,Vietnam,VNM,14,1,16,1,4,32,36,24622,0,16626,2165,1944,43415,45360,6015,23015,1836,0,0,30867,30867,2787804
2021-04-01,2021,4,1,port434,Hai Phong,Vietnam,VNM,9,0,1,0,5,10,15,15780,0,3958,0,7569,19739,27308,3754,0,0,0,92,3754,3847,2787805
2021-04-02,2021,4,2,port434,Hai Phong,Vietnam,VNM,11,1,12,0,4,24,28,24122,2720,1885,0,2863,28727,31591,5657,0,414,0,92,6071,6164,2787806
2021-04-03,2021,4,3,port434,Hai Phong,Vietnam,VNM,12,1,10,0,2,23,25,9183,0,7661,0,1439,16844,18283,7389,0,2251,0,0,9640,9640,2787807
2021-04-04,2021,4,4,port434,Hai Phong,Vietnam,VNM,8,0,7,1,3,16,19,11887,0,9290,0,1868,21178,23046,8633,0,1894,0,279,10528,10808,2787808
2021-04-05,2021,4,5,port434,Hai Phong,Vietnam,VNM,9,1,9,0,5,19,24,14484,0,14085,0,7923,28569,36493,6319,0,3492,0,0,9811,9811,2787809
2021-04-06,2021,4,6,port434,Hai Phong,Vietnam,VNM,9,1,12,0,4,22,26,18876,7422,18869,0,5020,45168,50188,3754,1381,7473,0,0,12608,12608,2787810
2021-04-07,2021,4,7,port434,Hai Phong,Vietnam,VNM,14,1,7,0,2,22,24,20449,0,10134,0,1868,30584,32452,6022,0,2323,0,92,8346,8439,2787811
2021-04-08,2021,4,8,port434,Hai Phong,Vietnam,VNM,15,0,4,0,1,19,20,24637,0,1543,0,3888,26180,30068,6486,0,355,0,0,6841,6841,2787812
2021-04-09,2021,4,9,port434,Hai Phong,Vietnam,VNM,10,0,2,1,6,13,19,7216,0,1543,0,8119,8760,16880,14550,0,355,0,269,14906,15175,2787813
2021-04-10,2021,4,10,port434,Hai Phong,Vietnam,VNM,15,0,8,1,4,24,28,20956,0,4617,435,9376,26009,35385,5900,0,711,160,9798,6772,16571,2787814
2021-04-11,2021,4,11,port434,Hai Phong,Vietnam,VNM,9,1,10,0,1,20,21,15070,0,4630,0,887,19701,20588,1264,0,1856,0,0,3120,3120,2787815
2021-04-12,2021,4,12,port434,Hai Phong,Vietnam,VNM,6,0,5,0,5,11,16,7494,0,0,0,9393,7494,16887,0,0,3403,0,0,3403,3403,2787816
2021-04-13,2021,4,13,port434,Hai Phong,Vietnam,VNM,9,1,10,0,5,20,25,21392,0,11456,0,4796,32849,37646,4472,50926,2605,0,0,58003,58003,2787817
2021-04-14,2021,4,14,port434,Hai Phong,Vietnam,VNM,10,1,11,0,3,22,25,18527,7422,6981,0,6174,32930,39105,2927,1381,3750,0,269,8058,8328,2787818
2021-04-15,2021,4,15,port434,Hai Phong,Vietnam,VNM,17,0,10,0,5,27,32,20938,0,11818,0,6026,32756,38783,14766,0,1836,0,92,16602,16695,2787819
2021-04-16,2021,4,16,port434,Hai Phong,Vietnam,VNM,14,0,8,0,3,22,25,16637,0,15533,0,4113,32170,36284,6492,0,0,0,164,6492,6657,2787820
2021-04-17,2021,4,17,port434,Hai Phong,Vietnam,VNM,4,3,9,0,6,16,22,2420,25371,3195,0,13820,30987,44807,3750,1381,769,0,562,5900,6463,2787821
2021-04-18,2021,4,18,port434,Hai Phong,Vietnam,VNM,17,1,8,0,4,26,30,37111,0,5481,0,8043,42592,50636,7561,0,769,0,362,8330,8692,2787822
2021-04-19,2021,4,19,port434,Hai Phong,Vietnam,VNM,11,1,5,0,4,17,21,17909,7422,6024,0,5958,31356,37315,8578,1381,711,0,5641,10670,16312,2787823
2021-04-20,2021,4,20,port434,Hai Phong,Vietnam,VNM,8,1,4,0,2,13,15,23489,0,1599,0,5540,25088,30628,1259,0,0,0,92,1259,1352,2787824
2021-04-21,2021,4,21,port434,Hai Phong,Vietnam,VNM,11,0,8,0,3,19,22,24981,0,6282,0,522,31263,31785,8521,0,2844,0,0,11365,11365,2787825
2021-04-22,2021,4,22,port434,Hai Phong,Vietnam,VNM,12,1,6,1,3,20,23,14260,1270,2154,0,7558,17685,25243,10093,0,4075,0,0,14169,14169,2787826
2021-04-23,2021,4,23,port434,Hai Phong,Vietnam,VNM,12,1,8,0,3,21,24,21434,0,15705,0,4887,37139,42027,8638,0,2250,0,92,10889,10981,2787827
2021-04-24,2021,4,24,port434,Hai Phong,Vietnam,VNM,14,1,7,0,6,22,28,26898,0,7782,0,9276,34680,43956,5223,0,3642,0,92,8866,8959,2787828
2021-04-25,2021,4,25,port434,Hai Phong,Vietnam,VNM,7,1,12,1,2,21,23,6559,1592,16986,0,963,25137,26101,2775,0,1766,0,0,4542,4542,2787829
2021-04-26,2021,4,26,port434,Hai Phong,Vietnam,VNM,9,2,12,0,4,23,27,11167,11463,9458,0,10614,32089,42704,5725,1381,3882,0,92,10988,11081,2787830
2021-04-27,2021,4,27,port434,Hai Phong,Vietnam,VNM,5,0,6,0,2,11,13,3440,0,5343,0,1868,8784,10652,4480,0,769,0,92,5250,5342,2787831
2021-04-28,2021,4,28,port434,Hai Phong,Vietnam,VNM,0,0,2,0,0,2,2,0,0,1652,0,0,1652,1652,0,0,414,0,0,414,414,2787832
2021-04-29,2021,4,29,port434,Hai Phong,Vietnam,VNM,1,0,5,0,1,6,7,586,0,4848,0,1239,5434,6673,0,0,1183,0,0,1183,1183,2787833
2021-04-30,2021,4,30,port434,Hai Phong,Vietnam,VNM,3,0,2,0,0,5,5,4950,0,0,0,0,4950,4950,629,0,0,0,0,629,629,2787834
2021-05-01,2021,5,1,port434,Hai Phong,Vietnam,VNM,3,0,2,0,1,5,6,6072,0,1543,0,0,7616,7616,0,0,355,0,0,355,355,2787835
2021-05-02,2021,5,2,port434,Hai Phong,Vietnam,VNM,6,0,5,0,2,11,13,21971,0,9374,0,3036,31346,34383,1259,0,355,0,92,1614,1707,2787836
2021-05-03,2021,5,3,port434,Hai Phong,Vietnam,VNM,14,5,25,0,5,44,49,27591,10830,14081,0,11466,52502,63968,1500,9488,23773,0,269,34762,35032,2787837
2021-05-04,2021,5,4,port434,Hai Phong,Vietnam,VNM,5,1,11,0,7,17,24,9637,7422,13999,0,5605,31058,36664,1505,1381,414,0,278,3300,3578,2787838
2021-05-05,2021,5,5,port434,Hai Phong,Vietnam,VNM,12,0,10,0,4,22,26,19305,0,6500,0,5248,25805,31054,3734,0,1597,0,176,5332,5509,2787839
2021-05-06,2021,5,6,port434,Hai Phong,Vietnam,VNM,13,1,9,0,5,23,28,22872,0,17226,0,5594,40098,45692,6023,0,1836,0,0,7859,7859,2787840
2021-05-07,2021,5,7,port434,Hai Phong,Vietnam,VNM,16,2,5,1,5,24,29,32346,14988,1652,435,6561,49423,55985,4263,1381,414,160,535,6219,6755,2787841
2021-05-08,2021,5,8,port434,Hai Phong,Vietnam,VNM,8,1,4,0,4,13,17,12324,4041,1568,0,11467,17934,29401,7293,0,0,0,176,7293,7470,2787842
2021-05-09,2021,5,9,port434,Hai Phong,Vietnam,VNM,4,0,6,0,3,10,13,9217,0,4691,0,905,13909,14814,1911,0,10594,0,0,12505,12505,2787843
2021-05-10,2021,5,10,port434,Hai Phong,Vietnam,VNM,7,3,14,1,6,25,31,12926,1061,13551,0,9530,27539,37070,1259,580,1539,0,92,3378,3471,2787844
2021-05-11,2021,5,11,port434,Hai Phong,Vietnam,VNM,10,0,4,0,5,14,19,10235,0,1543,0,4368,11779,16147,14313,0,355,0,92,14668,14761,2787845
2021-05-12,2021,5,12,port434,Hai Phong,Vietnam,VNM,13,0,6,0,6,19,25,32795,0,779,0,7750,33574,41325,1738,0,0,0,185,1738,1923,2787846
2021-05-13,2021,5,13,port434,Hai Phong,Vietnam,VNM,12,1,13,0,4,26,30,18974,7422,13576,0,3593,39973,43567,12493,1381,2004,0,92,15879,15972,2787847
2021-05-14,2021,5,14,port434,Hai Phong,Vietnam,VNM,14,1,6,0,5,21,26,24621,0,6031,0,12099,30653,42753,5737,0,1994,0,0,7732,7732,2787848
2021-05-15,2021,5,15,port434,Hai Phong,Vietnam,VNM,9,1,2,1,3,13,16,14716,1081,1543,0,3108,17342,20450,7417,0,355,0,92,7772,7865,2787849
2021-05-16,2021,5,16,port434,Hai Phong,Vietnam,VNM,7,0,9,0,4,16,20,12927,0,6687,0,5597,19614,25212,6996,0,5037,0,535,12033,12569,2787850
2021-05-17,2021,5,17,port434,Hai Phong,Vietnam,VNM,12,1,14,0,4,27,31,24192,7422,9587,0,7499,41201,48701,3228,1381,2308,0,92,6918,7010,2787851
2021-05-18,2021,5,18,port434,Hai Phong,Vietnam,VNM,7,0,13,0,1,20,21,5010,0,6391,0,1868,11401,13270,3557,0,10442,0,92,13999,14092,2787852
2021-05-19,2021,5,19,port434,Hai Phong,Vietnam,VNM,11,0,8,0,5,19,24,15195,0,4630,0,6672,19826,26498,2483,0,1066,0,92,3550,3643,2787853
2021-05-20,2021,5,20,port434,Hai Phong,Vietnam,VNM,8,1,9,0,4,18,22,10075,0,15156,0,6507,25231,31739,11215,0,1894,0,0,13110,13110,2787854
2021-05-21,2021,5,21,port434,Hai Phong,Vietnam,VNM,20,0,6,0,7,26,33,33181,0,2690,0,5162,35871,41034,8109,0,10503,0,7608,18613,26221,2787855
2021-05-22,2021,5,22,port434,Hai Phong,Vietnam,VNM,13,0,9,0,4,22,26,27121,0,14198,0,7277,41319,48597,9899,0,2774,0,0,12674,12674,2787856
2021-05-23,2021,5,23,port434,Hai Phong,Vietnam,VNM,12,1,9,0,2,22,24,17537,0,5173,0,2118,22711,24829,3343,0,355,0,92,3699,3792,2787857
2021-05-24,2021,5,24,port434,Hai Phong,Vietnam,VNM,2,1,12,0,5,15,20,0,25497,6385,0,3318,31883,35201,10025,0,1318,0,0,11344,11344,2787858
2021-05-25,2021,5,25,port434,Hai Phong,Vietnam,VNM,11,1,10,0,3,22,25,19024,0,7676,0,7208,26701,33909,2768,0,1480,0,92,4249,4341,2787859
2021-05-26,2021,5,26,port434,Hai Phong,Vietnam,VNM,14,0,9,0,3,23,26,21500,0,10843,0,0,32343,32343,8757,0,414,0,0,9171,9171,2787860
2021-05-27,2021,5,27,port434,Hai Phong,Vietnam,VNM,17,0,6,0,6,23,29,22790,0,9983,0,6017,32774,38792,22407,0,4091,0,2317,26498,28816,2787861
2021-05-28,2021,5,28,port434,Hai Phong,Vietnam,VNM,10,1,7,1,2,19,21,9542,26654,6864,603,0,43664,43664,4223,0,355,0,0,4578,4578,2787862
2021-05-29,2021,5,29,port434,Hai Phong,Vietnam,VNM,6,1,8,1,6,16,22,11231,0,9482,0,19422,20713,40135,5557,0,1836,0,0,7393,7393,2787863
2021-05-30,2021,5,30,port434,Hai Phong,Vietnam,VNM,9,0,2,0,5,11,16,27768,0,0,0,11144,27768,38912,2792,0,0,0,0,2792,2792,2787864
2021-05-31,2021,5,31,port434,Hai Phong,Vietnam,VNM,10,1,9,0,3,20,23,14251,0,6778,0,6611,21030,27642,10665,0,5567,0,0,16233,16233,2787865
2021-06-01,2021,6,1,port434,Hai Phong,Vietnam,VNM,10,1,8,0,5,19,24,16322,0,4848,0,16763,21170,37933,5562,0,1183,0,176,6746,6922,2787866
2021-06-02,2021,6,2,port434,Hai Phong,Vietnam,VNM,10,0,8,1,4,19,23,23036,0,7221,0,3422,30258,33680,7054,0,711,0,92,7765,7858,2787867
2021-06-03,2021,6,3,port434,Hai Phong,Vietnam,VNM,8,1,9,0,5,18,23,7073,3948,9594,0,2638,20616,23254,8345,0,996,0,1202,9342,10544,2787868
2021-06-04,2021,6,4,port434,Hai Phong,Vietnam,VNM,15,0,11,0,4,26,30,12172,0,8167,0,7002,20340,27342,14544,0,1480,0,92,16025,16117,2787869
2021-06-05,2021,6,5,port434,Hai Phong,Vietnam,VNM,13,1,4,0,4,18,22,16089,3416,1543,0,6796,21049,27845,4976,0,4213,0,498,9190,9688,2787870
2021-06-06,2021,6,6,port434,Hai Phong,Vietnam,VNM,8,1,8,0,3,17,20,4950,0,7658,0,2486,12608,15094,9669,0,1198,0,0,10867,10867,2787871
2021-06-07,2021,6,7,port434,Hai Phong,Vietnam,VNM,8,0,7,0,6,15,21,20742,0,1543,0,0,22285,22285,1259,0,1585,0,123,2845,2969,2787872
2021-06-08,2021,6,8,port434,Hai Phong,Vietnam,VNM,8,1,8,0,4,17,21,12079,435,3645,0,14808,16159,30968,4908,0,868,0,92,5777,5870,2787873
2021-06-09,2021,6,9,port434,Hai Phong,Vietnam,VNM,11,1,9,0,3,21,24,13867,0,7655,0,7221,21523,28744,3457,0,7699,0,0,11157,11157,2787874
2021-06-10,2021,6,10,port434,Hai Phong,Vietnam,VNM,7,1,11,0,4,19,23,13133,7422,11052,0,7864,31607,39471,4510,1381,4074,0,628,9966,10594,2787875
2021-06-11,2021,6,11,port434,Hai Phong,Vietnam,VNM,8,1,7,0,7,16,23,5103,0,12114,0,7638,17218,24857,10440,1532,1125,0,0,13097,13097,2787876
2021-06-12,2021,6,12,port434,Hai Phong,Vietnam,VNM,11,0,10,0,5,21,26,10021,0,4047,0,2038,14069,16107,8282,0,730,0,92,9013,9106,2787877
2021-06-13,2021,6,13,port434,Hai Phong,Vietnam,VNM,9,0,4,1,4,14,18,15315,0,0,0,13602,15315,28918,5362,0,0,0,176,5362,5539,2787878
2021-06-14,2021,6,14,port434,Hai Phong,Vietnam,VNM,4,1,9,0,3,14,17,8792,0,6174,0,6050,14966,21016,2174,0,1422,0,92,3596,3688,2787879
2021-06-15,2021,6,15,port434,Hai Phong,Vietnam,VNM,6,2,15,1,6,24,30,6782,7422,18661,0,10781,32866,43647,4630,2415,3865,0,0,10911,10911,2787880
2021-06-16,2021,6,16,port434,Hai Phong,Vietnam,VNM,14,0,6,0,5,20,25,15527,0,1543,0,11633,17070,28704,12003,0,355,0,176,12359,12535,2787881
2021-06-17,2021,6,17,port434,Hai Phong,Vietnam,VNM,10,0,6,0,3,16,19,11771,0,3177,0,6774,14948,21723,6688,0,1530,0,269,8218,8488,2787882
2021-06-18,2021,6,18,port434,Hai Phong,Vietnam,VNM,13,0,15,0,5,28,33,16717,0,16237,0,10902,32955,43857,8879,0,6513,0,2476,15393,17870,2787883
2021-06-19,2021,6,19,port434,Hai Phong,Vietnam,VNM,9,1,6,1,4,17,21,17280,17700,9657,660,1394,45299,46694,9329,0,414,0,0,9743,9743,2787884
2021-06-20,2021,6,20,port434,Hai Phong,Vietnam,VNM,16,1,8,1,7,26,33,21830,0,3195,0,11610,25026,36637,8616,0,769,3982,362,13368,13730,2787885
2021-06-21,2021,6,21,port434,Hai Phong,Vietnam,VNM,5,0,7,0,4,12,16,7153,0,8871,0,6364,16025,22390,2869,0,791,0,92,3661,3753,2787886
2021-06-22,2021,6,22,port434,Hai Phong,Vietnam,VNM,7,2,11,0,5,20,25,8770,22689,13762,0,9571,45222,54794,5847,1381,3502,0,0,10730,10730,2787887
2021-06-23,2021,6,23,port434,Hai Phong,Vietnam,VNM,8,1,5,0,4,14,18,6861,2011,4739,0,4076,13612,17688,1810,0,1207,0,0,3017,3017,2787888
2021-06-24,2021,6,24,port434,Hai Phong,Vietnam,VNM,8,0,11,0,4,19,23,17786,0,6677,0,5446,24464,29910,1008,0,5902,0,0,6911,6911,2787889
2021-06-25,2021,6,25,port434,Hai Phong,Vietnam,VNM,11,0,8,1,3,20,23,13987,0,7242,435,10403,21665,32068,12727,0,3778,160,92,16666,16759,2787890
2021-06-26,2021,6,26,port434,Hai Phong,Vietnam,VNM,9,1,7,0,5,17,22,12712,0,3328,0,2055,16041,18097,1652,0,5855,0,92,7508,7601,2787891
2021-06-27,2021,6,27,port434,Hai Phong,Vietnam,VNM,11,0,6,1,5,18,23,8636,0,1828,0,665,10464,11130,4362,0,414,0,533,4776,5310,2787892
2021-06-28,2021,6,28,port434,Hai Phong,Vietnam,VNM,12,1,6,0,5,19,24,8947,0,3087,0,3426,12034,15461,20513,0,711,0,10500,21224,31724,2787893
2021-06-29,2021,6,29,port434,Hai Phong,Vietnam,VNM,13,2,7,0,5,22,27,15948,0,4739,0,5020,20688,25708,11750,26457,1125,0,6981,39333,46314,2787894
2021-06-30,2021,6,30,port434,Hai Phong,Vietnam,VNM,7,1,9,0,6,17,23,10347,0,4934,0,12619,15282,27901,6956,0,828,0,92,7784,7877,2787895
2021-07-01,2021,7,1,port434,Hai Phong,Vietnam,VNM,8,1,9,0,6,18,24,8193,0,4739,0,6490,12932,19423,6773,0,3968,0,0,10741,10741,2787896
2021-07-02,2021,7,2,port434,Hai Phong,Vietnam,VNM,8,0,8,0,2,16,18,14065,0,10819,0,939,24885,25825,3592,0,1422,0,0,5014,5014,2787897
2021-07-03,2021,7,3,port434,Hai Phong,Vietnam,VNM,10,1,11,1,4,23,27,15496,1138,7162,0,4235,23796,28032,629,0,9641,0,281,10271,10553,2787898
2021-07-04,2021,7,4,port434,Hai Phong,Vietnam,VNM,6,2,10,0,4,18,22,10725,14844,12677,0,3402,38246,41649,3973,2762,769,0,92,7504,7597,2787899
2021-07-05,2021,7,5,port434,Hai Phong,Vietnam,VNM,8,0,7,0,3,15,18,8218,0,4739,0,187,12957,13144,3483,0,1125,0,0,4608,4608,2787900
2021-07-06,2021,7,6,port434,Hai Phong,Vietnam,VNM,5,3,6,0,2,14,16,1760,7422,5738,0,4076,14921,18997,5539,31684,2100,0,0,39324,39324,2787901
2021-07-07,2021,7,7,port434,Hai Phong,Vietnam,VNM,11,0,7,0,4,18,22,13940,0,1543,0,15205,15484,30690,5481,0,6678,0,92,12160,12252,2787902
2021-07-08,2021,7,8,port434,Hai Phong,Vietnam,VNM,6,3,1,1,1,11,12,6673,913,1652,195,0,9434,9434,1319,1115,414,0,140,2849,2989,2787903
2021-07-09,2021,7,9,port434,Hai Phong,Vietnam,VNM,11,0,16,0,4,27,31,15587,0,21020,0,5994,36608,42602,4161,0,3847,0,628,8008,8637,2787904
2021-07-10,2021,7,10,port434,Hai Phong,Vietnam,VNM,8,1,12,0,5,21,26,16993,0,12828,0,4564,29821,34386,5456,0,1894,0,92,7351,7444,2787905
2021-07-11,2021,7,11,port434,Hai Phong,Vietnam,VNM,10,2,7,0,5,19,24,12119,11432,9102,0,12324,32654,44978,3319,1381,1066,0,92,5767,5860,2787906
2021-07-12,2021,7,12,port434,Hai Phong,Vietnam,VNM,8,1,7,1,3,17,20,11644,12106,7826,0,10783,31577,42360,6237,0,1836,0,0,8073,8073,2787907
2021-07-13,2021,7,13,port434,Hai Phong,Vietnam,VNM,14,1,5,0,7,20,27,20919,7422,3195,0,14396,31537,45934,10616,1381,769,0,804,12767,13571,2787908
2021-07-14,2021,7,14,port434,Hai Phong,Vietnam,VNM,16,0,14,0,6,30,36,22436,0,10884,0,8605,33320,41926,11153,0,2109,0,185,13262,13448,2787909
2021-07-15,2021,7,15,port434,Hai Phong,Vietnam,VNM,12,0,9,0,4,21,25,11147,0,14280,0,6245,25428,31673,8770,0,1539,0,92,10309,10402,2787910
2021-07-16,2021,7,16,port434,Hai Phong,Vietnam,VNM,10,2,6,0,4,18,22,9348,7422,9151,0,7801,25922,33723,5581,1381,2409,0,535,9371,9906,2787911
2021-07-17,2021,7,17,port434,Hai Phong,Vietnam,VNM,6,0,7,1,4,14,18,17972,0,7605,0,0,25577,25577,1259,0,355,0,0,1614,1614,2787912
2021-07-18,2021,7,18,port434,Hai Phong,Vietnam,VNM,8,0,11,0,7,19,26,6725,0,5934,0,8173,12659,20833,3559,0,3117,0,644,6677,7321,2787913
2021-07-19,2021,7,19,port434,Hai Phong,Vietnam,VNM,4,0,8,0,6,12,18,8370,0,8135,0,7683,16505,24189,1259,0,1480,0,828,2740,3568,2787914
2021-07-20,2021,7,20,port434,Hai Phong,Vietnam,VNM,6,0,6,0,4,12,16,10989,0,4774,0,6901,15763,22665,4757,0,769,0,0,5526,5526,2787915
2021-07-21,2021,7,21,port434,Hai Phong,Vietnam,VNM,9,1,12,0,4,22,26,11186,1272,8073,0,8022,20532,28554,1889,0,2238,0,92,4127,4220,2787916
2021-07-22,2021,7,22,port434,Hai Phong,Vietnam,VNM,9,0,8,0,4,17,21,15846,0,4828,0,7973,20674,28647,11291,0,4622,0,185,15913,16099,2787917
2021-07-23,2021,7,23,port434,Hai Phong,Vietnam,VNM,13,1,6,0,4,20,24,22050,0,5723,0,8186,27773,35959,2518,8319,7627,0,269,18465,18735,2787918
2021-07-24,2021,7,24,port434,Hai Phong,Vietnam,VNM,13,1,7,0,5,21,26,18884,8576,8239,0,1868,35700,37569,3672,0,1066,0,811,4739,5550,2787919
2021-07-25,2021,7,25,port434,Hai Phong,Vietnam,VNM,9,1,7,1,5,18,23,10192,7422,3195,0,10235,20810,31046,7497,1381,769,0,176,9648,9825,2787920
2021-07-26,2021,7,26,port434,Hai Phong,Vietnam,VNM,8,1,7,0,5,16,21,8995,0,525,0,4479,9521,14000,1507,133,7682,0,185,9323,9508,2787921
2021-07-27,2021,7,27,port434,Hai Phong,Vietnam,VNM,7,1,5,1,4,14,18,13809,7422,6282,435,8415,27949,36365,1259,1381,1480,160,2572,4282,6855,2787922
2021-07-28,2021,7,28,port434,Hai Phong,Vietnam,VNM,10,1,7,0,4,18,22,8512,7422,5135,0,2861,21070,23931,5400,1381,641,0,343,7422,7766,2787923
2021-07-29,2021,7,29,port434,Hai Phong,Vietnam,VNM,6,0,7,0,2,13,15,2897,0,11418,0,653,14316,14970,2667,0,711,0,0,3378,3378,2787924
2021-07-30,2021,7,30,port434,Hai Phong,Vietnam,VNM,8,0,8,0,5,16,21,7931,0,7836,0,15698,15768,31466,8493,0,1539,0,0,10032,10032,2787925
2021-07-31,2021,7,31,port434,Hai Phong,Vietnam,VNM,12,0,5,0,3,17,20,11781,0,4848,0,15839,16629,32468,6609,0,1183,0,176,7792,7969,2787926
2021-08-01,2021,8,1,port434,Hai Phong,Vietnam,VNM,12,0,6,0,8,18,26,15680,0,3087,0,13273,18767,32040,6783,0,1381,0,185,8164,8350,2787927
2021-08-02,2021,8,2,port434,Hai Phong,Vietnam,VNM,7,0,7,1,5,15,20,14283,0,3374,0,10541,17657,28199,0,0,2630,0,185,2630,2815,2787928
2021-08-03,2021,8,3,port434,Hai Phong,Vietnam,VNM,7,1,11,0,3,19,22,5847,0,14100,0,1519,19947,21467,10938,29653,1066,0,10420,41658,52078,2787929
2021-08-04,2021,8,4,port434,Hai Phong,Vietnam,VNM,10,0,10,0,5,20,25,12203,0,13708,0,7973,25911,33884,4157,0,1066,0,185,5223,5409,2787930
2021-08-05,2021,8,5,port434,Hai Phong,Vietnam,VNM,13,1,6,0,4,20,24,15001,0,1652,0,7342,16654,23996,14551,0,4680,0,185,19231,19417,2787931
2021-08-06,2021,8,6,port434,Hai Phong,Vietnam,VNM,6,0,10,0,2,16,18,12151,0,4848,0,3340,16999,20339,670,0,3245,0,0,3915,3915,2787932
2021-08-07,2021,8,7,port434,Hai Phong,Vietnam,VNM,9,2,7,1,4,19,23,9037,7422,7574,0,1868,24034,25902,1889,1381,1422,0,92,4693,4785,2787933
2021-08-08,2021,8,8,port434,Hai Phong,Vietnam,VNM,9,1,6,0,1,16,17,13386,3818,6230,0,1868,23436,25304,629,0,1015,0,92,1645,1737,2787934
2021-08-09,2021,8,9,port434,Hai Phong,Vietnam,VNM,10,1,6,1,4,18,22,20427,0,4503,583,2596,25513,28110,2518,0,1047,0,565,3566,4132,2787935
2021-08-10,2021,8,10,port434,Hai Phong,Vietnam,VNM,12,1,7,0,4,20,24,37207,0,4848,0,4430,42055,46486,629,0,1183,0,7407,1813,9220,2787936
2021-08-11,2021,8,11,port434,Hai Phong,Vietnam,VNM,3,0,4,1,6,8,14,3926,0,7292,0,8104,11219,19323,0,0,711,392,0,1103,1103,2787937
2021-08-12,2021,8,12,port434,Hai Phong,Vietnam,VNM,10,1,12,0,5,23,28,13588,7422,8963,0,9493,29974,39467,10504,1381,2652,0,467,14538,15006,2787938
2021-08-13,2021,8,13,port434,Hai Phong,Vietnam,VNM,8,1,7,0,3,16,19,6597,7422,2016,0,0,16036,16036,6193,1381,414,0,376,7989,8365,2787939
2021-08-14,2021,8,14,port434,Hai Phong,Vietnam,VNM,8,0,16,1,3,25,28,7961,0,8631,0,6006,16593,22599,2426,0,1480,0,0,3907,3907,2787940
2021-08-15,2021,8,15,port434,Hai Phong,Vietnam,VNM,6,1,11,0,3,18,21,10268,7422,8023,0,12528,25714,38242,7685,1381,8963,0,711,18030,18742,2787941
2021-08-16,2021,8,16,port434,Hai Phong,Vietnam,VNM,11,2,9,0,5,22,27,15051,0,11546,0,5594,26597,32191,8037,0,711,0,628,8748,9376,2787942
2021-08-17,2021,8,17,port434,Hai Phong,Vietnam,VNM,12,0,6,0,3,18,21,15728,0,6440,0,3316,22169,25485,5909,0,769,0,0,6678,6678,2787943
2021-08-18,2021,8,18,port434,Hai Phong,Vietnam,VNM,9,0,9,1,2,19,21,16932,0,9143,435,3462,26512,29975,631,0,1125,160,0,1917,1917,2787944
2021-08-19,2021,8,19,port434,Hai Phong,Vietnam,VNM,11,2,9,0,1,22,23,33158,2968,4739,0,1868,40866,42735,7142,0,3561,0,92,10703,10796,2787945
2021-08-20,2021,8,20,port434,Hai Phong,Vietnam,VNM,8,0,10,0,5,18,23,5619,0,14841,0,2243,20461,22704,9515,0,1859,0,4523,11375,15899,2787946
2021-08-21,2021,8,21,port434,Hai Phong,Vietnam,VNM,11,2,10,0,3,23,26,15159,4636,7717,0,1868,27513,29381,4188,0,2122,0,591,6310,6901,2787947
2021-08-22,2021,8,22,port434,Hai Phong,Vietnam,VNM,11,0,6,0,4,17,21,10803,0,8672,0,8794,19475,28269,9393,0,1422,0,92,10816,10908,2787948
2021-08-23,2021,8,23,port434,Hai Phong,Vietnam,VNM,11,0,5,1,4,17,21,12525,0,1543,0,4690,14069,18759,8363,0,1489,0,92,9853,9946,2787949
2021-08-24,2021,8,24,port434,Hai Phong,Vietnam,VNM,8,2,9,0,1,19,20,12329,0,4939,0,1868,17268,19137,7019,33562,4496,0,92,45078,45171,2787950
2021-08-25,2021,8,25,port434,Hai Phong,Vietnam,VNM,11,1,6,0,3,18,21,9772,0,4739,0,1773,14511,16285,6726,0,1526,0,5520,8253,13773,2787951
2021-08-26,2021,8,26,port434,Hai Phong,Vietnam,VNM,12,0,3,1,3,16,19,11424,0,9350,0,4430,20775,25206,9900,0,0,0,5348,9900,15248,2787952
2021-08-27,2021,8,27,port434,Hai Phong,Vietnam,VNM,8,0,6,0,3,14,17,2358,0,4059,0,10124,6418,16542,8509,0,414,0,0,8923,8923,2787953
2021-08-28,2021,8,28,port434,Hai Phong,Vietnam,VNM,7,1,8,0,4,16,20,9475,0,5567,0,6785,15043,21829,1891,0,3550,0,92,5441,5534,2787954
2021-08-29,2021,8,29,port434,Hai Phong,Vietnam,VNM,8,0,5,2,2,15,17,6533,0,6480,583,6349,13597,19946,7746,0,996,0,92,8743,8835,2787955
2021-08-30,2021,8,30,port434,Hai Phong,Vietnam,VNM,7,0,8,0,6,15,21,7261,0,6307,0,11148,13569,24717,5434,0,711,0,1102,6145,7247,2787956
2021-08-31,2021,8,31,port434,Hai Phong,Vietnam,VNM,9,0,8,0,3,17,20,15706,0,3980,0,12906,19686,32593,1946,0,2771,0,1773,4718,6491,2787957
2021-09-01,2021,9,1,port434,Hai Phong,Vietnam,VNM,9,1,5,1,3,16,19,14828,7422,3285,435,3813,25971,29784,2888,1381,1519,160,92,5950,6043,2787958
2021-09-02,2021,9,2,port434,Hai Phong,Vietnam,VNM,14,1,2,1,4,18,22,29519,0,3062,0,5638,32582,38220,4046,0,355,0,0,4402,4402,2787959
2021-09-03,2021,9,3,port434,Hai Phong,Vietnam,VNM,12,1,5,0,4,18,22,19220,0,2570,0,9097,21790,30888,2621,0,0,0,0,2621,2621,2787960
2021-09-04,2021,9,4,port434,Hai Phong,Vietnam,VNM,7,0,6,0,3,13,16,6166,0,3087,0,4978,9253,14231,4027,0,711,0,0,4738,4738,2787961
2021-09-05,2021,9,5,port434,Hai Phong,Vietnam,VNM,11,0,8,0,3,19,22,27331,0,8802,0,13988,36133,50122,2992,0,5253,0,0,8245,8245,2787962
2021-09-06,2021,9,6,port434,Hai Phong,Vietnam,VNM,12,2,7,0,2,21,23,16627,7422,7697,0,5033,31747,36781,8908,2017,582,0,92,11509,11601,2787963
2021-09-07,2021,9,7,port434,Hai Phong,Vietnam,VNM,9,0,6,0,2,15,17,22384,0,3698,0,742,26082,26825,1794,0,624,0,0,2419,2419,2787964
2021-09-08,2021,9,8,port434,Hai Phong,Vietnam,VNM,10,1,6,0,3,17,20,4907,7422,7132,0,8159,19461,27620,15624,1381,769,0,0,17775,17775,2787965
2021-09-09,2021,9,9,port434,Hai Phong,Vietnam,VNM,13,1,10,0,4,24,28,25188,7422,11588,0,2555,44199,46754,2980,1381,5754,0,92,10115,10208,2787966
2021-09-10,2021,9,10,port434,Hai Phong,Vietnam,VNM,6,0,12,0,5,18,23,7719,0,6175,0,12822,13895,26718,629,0,5893,0,92,6523,6616,2787967
2021-09-11,2021,9,11,port434,Hai Phong,Vietnam,VNM,11,1,4,0,6,16,22,20669,0,2355,0,8114,23025,31140,6127,0,355,0,176,6483,6659,2787968
2021-09-12,2021,9,12,port434,Hai Phong,Vietnam,VNM,9,2,9,0,3,20,23,8189,10391,6630,0,8121,25210,33331,1693,1381,1066,0,0,4141,4141,2787969
2021-09-13,2021,9,13,port434,Hai Phong,Vietnam,VNM,4,0,4,0,5,8,13,10491,0,2979,0,6299,13471,19770,1035,0,355,0,92,1391,1484,2787970
2021-09-14,2021,9,14,port434,Hai Phong,Vietnam,VNM,9,2,3,0,1,14,15,4228,25930,1543,0,0,31703,31703,5789,1381,355,0,1944,7526,9471,2787971
2021-09-15,2021,9,15,port434,Hai Phong,Vietnam,VNM,8,0,9,0,3,17,20,4917,0,9020,0,2026,13938,15965,9584,0,2326,0,0,11910,11910,2787972
2021-09-16,2021,9,16,port434,Hai Phong,Vietnam,VNM,7,1,7,1,2,16,18,7161,0,3195,0,809,10357,11166,3045,0,769,0,0,3815,3815,2787973
2021-09-17,2021,9,17,port434,Hai Phong,Vietnam,VNM,11,0,5,1,4,17,21,27381,0,5925,435,712,33742,34454,7179,0,1892,160,0,9232,9232,2787974
2021-09-18,2021,9,18,port434,Hai Phong,Vietnam,VNM,9,1,12,0,4,22,26,13208,0,19703,0,10099,32911,43010,6333,3948,3316,0,92,13598,13691,2787975
2021-09-19,2021,9,19,port434,Hai Phong,Vietnam,VNM,13,0,6,1,3,20,23,28250,0,3002,0,10805,31252,42057,8273,0,762,0,269,9036,9305,2787976
2021-09-20,2021,9,20,port434,Hai Phong,Vietnam,VNM,8,1,14,1,4,24,28,10019,6813,11626,435,2098,28895,30993,9488,0,5905,160,3912,15554,19467,2787977
2021-09-21,2021,9,21,port434,Hai Phong,Vietnam,VNM,13,1,12,0,5,26,31,24205,0,17086,0,8069,41292,49361,10972,26416,2771,0,92,40159,40252,2787978
2021-09-22,2021,9,22,port434,Hai Phong,Vietnam,VNM,5,1,11,0,5,17,22,5822,7422,9650,0,9739,22894,32634,629,1381,5110,0,0,7121,7121,2787979
2021-09-23,2021,9,23,port434,Hai Phong,Vietnam,VNM,8,0,13,0,5,21,26,5577,0,21141,0,8191,26718,34909,7463,0,2011,0,362,9475,9837,2787980
2021-09-24,2021,9,24,port434,Hai Phong,Vietnam,VNM,10,1,7,0,2,18,20,6195,0,5356,0,1868,11552,13420,9389,0,1744,0,92,11134,11226,2787981
2021-09-25,2021,9,25,port434,Hai Phong,Vietnam,VNM,12,0,4,0,5,16,21,17936,0,1543,0,4306,19479,23785,3759,0,355,0,176,4114,4291,2787982
2021-09-26,2021,9,26,port434,Hai Phong,Vietnam,VNM,4,0,3,0,3,7,10,7148,0,0,0,7084,7148,14232,0,0,0,0,0,0,0,2787983
2021-09-27,2021,9,27,port434,Hai Phong,Vietnam,VNM,7,0,9,0,3,16,19,10327,0,3989,0,2053,14317,16371,1259,0,5516,0,346,6775,7122,2787984
2021-09-28,2021,9,28,port434,Hai Phong,Vietnam,VNM,5,1,2,0,5,8,13,4814,0,0,0,6941,4814,11756,3693,0,3521,0,92,7214,7307,2787985
2021-09-29,2021,9,29,port434,Hai Phong,Vietnam,VNM,9,0,8,0,4,17,21,6620,0,6304,0,9912,12924,22836,12691,0,3571,0,454,16262,16717,2787986
2021-09-30,2021,9,30,port434,Hai Phong,Vietnam,VNM,7,0,7,0,3,14,17,13058,0,6174,0,0,19232,19232,406,0,1422,0,0,1828,1828,2787987
2021-10-01,2021,10,1,port434,Hai Phong,Vietnam,VNM,11,2,10,1,4,24,28,24617,14060,5385,0,3012,44062,47075,3349,1381,414,0,0,5144,5144,2787988
2021-10-02,2021,10,2,port434,Hai Phong,Vietnam,VNM,12,0,9,1,1,22,23,14554,0,6727,0,0,21281,21281,4121,0,0,0,281,4121,4403,2787989
2021-10-03,2021,10,3,port434,Hai Phong,Vietnam,VNM,11,0,6,1,2,18,20,11736,0,9475,0,783,21211,21994,7277,0,355,0,0,7633,7633,2787990
2021-10-04,2021,10,4,port434,Hai Phong,Vietnam,VNM,7,1,4,0,5,12,17,8987,0,7240,0,471,16227,16698,1259,1211,355,0,0,2825,2825,2787991
2021-10-05,2021,10,5,port434,Hai Phong,Vietnam,VNM,11,0,3,0,5,14,19,12678,0,1652,0,6493,14331,20824,8827,0,414,0,176,9241,9417,2787992
2021-10-06,2021,10,6,port434,Hai Phong,Vietnam,VNM,10,4,6,0,4,20,24,13343,7422,13670,0,9989,34435,44424,2432,24514,1183,0,185,28130,28316,2787993
2021-10-07,2021,10,7,port434,Hai Phong,Vietnam,VNM,11,0,5,0,6,16,22,14669,0,9841,0,5431,24510,29941,4649,0,1597,0,734,6247,6982,2787994
2021-10-08,2021,10,8,port434,Hai Phong,Vietnam,VNM,9,2,7,0,2,18,20,6741,0,1543,0,8031,8284,16316,5304,22924,966,0,711,29194,29906,2787995
2021-10-09,2021,10,9,port434,Hai Phong,Vietnam,VNM,3,0,3,0,3,6,9,1281,0,3304,0,5056,4585,9642,5053,0,1658,0,0,6711,6711,2787996
2021-10-10,2021,10,10,port434,Hai Phong,Vietnam,VNM,8,1,1,0,1,10,11,982,0,0,0,0,982,982,1598,573,0,0,0,2171,2171,2787997
2021-10-11,2021,10,11,port434,Hai Phong,Vietnam,VNM,6,4,4,0,4,14,18,3596,0,4848,0,7085,8444,15530,3423,0,1183,0,92,4607,4700,2787998
2021-10-12,2021,10,12,port434,Hai Phong,Vietnam,VNM,6,2,6,0,2,14,16,14035,8228,3059,0,3061,25323,28384,512,0,2824,0,92,3336,3429,2787999
2021-10-13,2021,10,13,port434,Hai Phong,Vietnam,VNM,2,0,4,1,2,7,9,265,0,4848,2945,4306,8059,12366,797,0,1183,0,176,1981,2157,2788000
2025-01-26,2025,1,26,port434,Hai Phong,Vietnam,VNM,6,0,2,0,2,8,10,8541,0,1652,0,0,10193,10193,1136,0,414,0,4327,1550,5878,2788001
2025-01-27,2025,1,27,port434,Hai Phong,Vietnam,VNM,8,3,2,0,3,13,16,23496,9767,2423,0,3455,35687,39143,12407,0,0,0,0,12407,12407,2788002
2025-01-28,2025,1,28,port434,Hai Phong,Vietnam,VNM,7,0,0,0,2,7,9,11996,0,0,0,4023,11996,16019,3824,0,0,0,0,3824,3824,2788003
2025-01-29,2025,1,29,port434,Hai Phong,Vietnam,VNM,12,0,2,0,2,14,16,25808,0,6403,0,732,32212,32945,4043,0,0,0,0,4043,4043,2788004
2025-01-30,2025,1,30,port434,Hai Phong,Vietnam,VNM,14,0,0,0,5,14,19,18600,0,0,0,13054,18600,31654,3352,0,0,0,0,3352,3352,2788005
2025-01-31,2025,1,31,port434,Hai Phong,Vietnam,VNM,9,0,4,0,4,13,17,13094,0,7416,0,19260,20510,39770,9931,0,0,0,0,9931,9931,2788006
2025-02-01,2025,2,1,port434,Hai Phong,Vietnam,VNM,4,0,3,1,1,8,9,2303,0,1543,0,1868,3846,5715,4946,0,355,0,92,5302,5394,2788007
2025-02-02,2025,2,2,port434,Hai Phong,Vietnam,VNM,6,1,3,0,1,10,11,13998,0,0,0,0,13998,13998,2984,0,0,0,0,2984,2984,2788008
2025-02-03,2025,2,3,port434,Hai Phong,Vietnam,VNM,12,1,14,0,5,27,32,46173,16240,11949,0,1021,74363,75384,6449,0,1480,0,1193,7929,9123,2788009
2025-02-04,2025,2,4,port434,Hai Phong,Vietnam,VNM,10,0,4,1,2,15,17,25392,0,0,0,1868,25392,27260,3590,0,479,193,92,4263,4356,2788010
2025-02-05,2025,2,5,port434,Hai Phong,Vietnam,VNM,10,0,4,0,3,14,17,19497,0,5325,0,8260,24823,33083,5858,0,0,0,0,5858,5858,2788011
2025-02-06,2025,2,6,port434,Hai Phong,Vietnam,VNM,13,0,4,1,2,18,20,26449,0,9910,3116,1392,39476,40868,10242,0,0,0,0,10242,10242,2788012
2025-02-07,2025,2,7,port434,Hai Phong,Vietnam,VNM,5,2,3,0,3,10,13,5480,0,4372,0,20693,9852,30546,1626,6808,0,0,0,8434,8434,2788013
2025-02-08,2025,2,8,port434,Hai Phong,Vietnam,VNM,12,0,3,0,2,15,17,18733,0,8621,0,3506,27354,30861,11600,0,227,0,0,11827,11827,2788014
2025-02-09,2025,2,9,port434,Hai Phong,Vietnam,VNM,10,1,2,0,3,13,16,24167,340,1543,0,5429,26051,31480,8732,0,355,0,0,9087,9087,2788015
2025-02-10,2025,2,10,port434,Hai Phong,Vietnam,VNM,8,0,4,0,4,12,16,14388,0,0,0,2269,14388,16657,6705,0,8309,0,0,15015,15015,2788016
2025-02-11,2025,2,11,port434,Hai Phong,Vietnam,VNM,7,1,5,0,2,13,15,6655,0,4209,0,8683,10865,19549,12006,0,414,0,92,12420,12513,2788017
2025-02-12,2025,2,12,port434,Hai Phong,Vietnam,VNM,8,0,6,1,7,15,22,11825,0,8193,0,9990,20019,30009,23002,0,1952,0,185,24954,25140,2788018
2025-02-13,2025,2,13,port434,Hai Phong,Vietnam,VNM,7,0,5,0,4,12,16,9220,0,4665,0,8966,13886,22853,9691,0,1179,0,0,10870,10870,2788019
2025-02-14,2025,2,14,port434,Hai Phong,Vietnam,VNM,14,1,7,0,3,22,25,19992,7422,10217,0,4416,37631,42048,3440,1381,874,0,0,5696,5696,2788020
2025-02-15,2025,2,15,port434,Hai Phong,Vietnam,VNM,9,2,4,1,3,16,19,13260,8985,1615,0,3133,23861,26995,9504,0,0,0,92,9504,9597,2788021
2025-02-16,2025,2,16,port434,Hai Phong,Vietnam,VNM,5,1,4,1,5,11,16,2989,834,5591,1243,1021,10659,11681,2622,0,769,0,0,3392,3392,2788022
2025-02-17,2025,2,17,port434,Hai Phong,Vietnam,VNM,13,1,7,0,8,21,29,15428,15086,16848,0,17217,47362,64580,4772,0,1480,0,0,6253,6253,2788023
2025-02-18,2025,2,18,port434,Hai Phong,Vietnam,VNM,14,0,5,0,3,19,22,18967,0,3817,0,3390,22785,26175,10384,0,1384,0,92,11769,11861,2788024
2025-02-19,2025,2,19,port434,Hai Phong,Vietnam,VNM,10,1,5,0,9,16,25,20289,10120,7711,0,23504,38121,61625,1579,0,769,0,825,2349,3174,2788025
2025-02-20,2025,2,20,port434,Hai Phong,Vietnam,VNM,9,1,5,0,2,15,17,14687,17105,5251,0,8301,37044,45345,8678,0,769,0,0,9448,9448,2788026
2025-02-21,2025,2,21,port434,Hai Phong,Vietnam,VNM,11,1,6,0,3,18,21,15667,12253,4565,0,10407,32486,42894,7308,0,414,0,92,7722,7815,2788027
2025-02-22,2025,2,22,port434,Hai Phong,Vietnam,VNM,14,2,2,1,2,19,21,36219,4946,0,2166,0,43332,43332,7882,0,132,0,0,8015,8015,2788028
2025-02-23,2025,2,23,port434,Hai Phong,Vietnam,VNM,9,2,5,0,4,16,20,15220,7422,4154,0,8332,26797,35129,1192,1381,0,0,176,2573,2750,2788029
2025-02-24,2025,2,24,port434,Hai Phong,Vietnam,VNM,9,1,4,0,5,14,19,18131,0,13368,0,17769,31499,49268,1472,0,711,0,628,2183,2811,2788030
2025-02-25,2025,2,25,port434,Hai Phong,Vietnam,VNM,10,1,4,0,6,15,21,19299,0,5313,0,8471,24612,33083,7031,2691,0,0,92,9723,9816,2788031
2025-02-26,2025,2,26,port434,Hai Phong,Vietnam,VNM,10,0,5,0,5,15,20,18945,0,10256,0,7483,29202,36685,4873,0,845,0,92,5718,5811,2788032
2025-02-27,2025,2,27,port434,Hai Phong,Vietnam,VNM,7,0,6,0,7,13,20,10383,0,5038,0,11383,15422,26805,4191,0,1183,0,92,5374,5467,2788033
2025-02-28,2025,2,28,port434,Hai Phong,Vietnam,VNM,14,0,8,0,4,22,26,22748,0,6441,0,11808,29189,40998,10359,0,355,0,176,10715,10891,2788034
2025-03-01,2025,3,1,port434,Hai Phong,Vietnam,VNM,10,1,7,3,2,21,23,36950,0,3067,1403,7946,41422,49369,2491,0,355,0,0,2847,2847,2788035
2025-03-02,2025,3,2,port434,Hai Phong,Vietnam,VNM,9,1,6,0,6,16,22,7855,0,7911,0,6668,15766,22434,9570,0,1183,0,0,10753,10753,2788036
2025-03-03,2025,3,3,port434,Hai Phong,Vietnam,VNM,8,1,4,0,7,13,20,16004,0,255,0,19810,16260,36070,1382,0,0,0,92,1382,1475,2788038
2025-03-04,2025,3,4,port434,Hai Phong,Vietnam,VNM,13,2,8,2,3,25,28,19210,3379,0,0,1146,22590,23736,7285,0,1154,0,0,8439,8439,2788039
2025-03-05,2025,3,5,port434,Hai Phong,Vietnam,VNM,12,0,5,1,2,18,20,19310,0,8016,0,6985,27327,34313,13025,0,769,0,0,13794,13794,2788040
2025-03-06,2025,3,6,port434,Hai Phong,Vietnam,VNM,7,0,5,1,2,13,15,17654,0,3018,0,9878,20673,30552,629,0,355,0,92,985,1078,2788041
2025-03-07,2025,3,7,port434,Hai Phong,Vietnam,VNM,7,0,7,0,3,14,17,7147,0,6359,0,6602,13506,20109,10233,0,0,0,0,10233,10233,2788042
2025-03-08,2025,3,8,port434,Hai Phong,Vietnam,VNM,11,2,5,0,5,18,23,10180,12368,13033,0,11494,35582,47076,13091,1381,1055,0,92,15528,15621,2788043
2025-03-09,2025,3,9,port434,Hai Phong,Vietnam,VNM,11,1,4,0,5,16,21,36608,8373,1652,0,14076,46634,60711,1259,0,2031,0,92,3290,3383,2788044
2025-03-10,2025,3,10,port434,Hai Phong,Vietnam,VNM,11,1,10,0,2,22,24,15095,16364,9207,0,4646,40667,45313,17435,0,711,0,3573,18146,21720,2788045
2025-03-11,2025,3,11,port434,Hai Phong,Vietnam,VNM,13,0,8,0,5,21,26,17170,0,3087,0,8673,20258,28931,5625,0,711,0,92,6336,6429,2788046
2025-03-12,2025,3,12,port434,Hai Phong,Vietnam,VNM,14,3,6,0,4,23,27,25817,13323,4729,0,6799,43869,50669,6000,0,0,0,92,6000,6093,2788047
2025-03-13,2025,3,13,port434,Hai Phong,Vietnam,VNM,9,1,3,0,2,13,15,12000,11991,11256,0,3075,35248,38324,3109,0,0,0,35,3109,3144,2788048
2025-03-14,2025,3,14,port434,Hai Phong,Vietnam,VNM,7,1,10,0,5,18,23,15322,1202,6195,0,3689,22720,26410,3404,0,355,0,0,3760,3760,2788049
2025-03-15,2025,3,15,port434,Hai Phong,Vietnam,VNM,8,0,3,0,4,11,15,11120,0,0,0,15022,11120,26143,2860,0,0,0,0,2860,2860,2788050
2025-03-16,2025,3,16,port434,Hai Phong,Vietnam,VNM,7,1,4,0,4,12,16,19892,0,7417,0,9645,27310,36955,1889,0,355,0,92,2244,2337,2788051
2025-03-17,2025,3,17,port434,Hai Phong,Vietnam,VNM,8,1,5,0,4,14,18,29177,1900,5105,0,1418,36184,37602,1889,0,0,0,0,1889,1889,2788052
2025-03-18,2025,3,18,port434,Hai Phong,Vietnam,VNM,17,1,5,1,4,24,28,34039,0,2426,0,14435,36466,50902,4841,0,3533,0,92,8375,8467,2788053
2025-03-19,2025,3,19,port434,Hai Phong,Vietnam,VNM,9,3,5,1,4,18,22,23066,14444,6787,0,3737,44298,48035,907,0,355,0,185,1263,1448,2788054
2025-03-20,2025,3,20,port434,Hai Phong,Vietnam,VNM,10,1,6,0,6,17,23,15016,7422,1006,0,9025,23445,32471,6323,1381,195,0,0,7900,7900,2788055
2025-03-21,2025,3,21,port434,Hai Phong,Vietnam,VNM,6,0,6,0,8,12,20,12773,0,13188,0,18374,25962,44336,6969,0,3658,0,269,10627,10896,2788056
2025-03-22,2025,3,22,port434,Hai Phong,Vietnam,VNM,14,2,5,1,2,22,24,23607,4946,3127,460,4171,32142,36314,21572,0,1283,0,0,22856,22856,2788057
2025-03-23,2025,3,23,port434,Hai Phong,Vietnam,VNM,11,1,5,0,6,17,23,32182,12937,8779,0,9247,53899,63146,629,0,0,0,185,629,815,2788058
2025-03-24,2025,3,24,port434,Hai Phong,Vietnam,VNM,14,2,6,2,3,24,27,35562,1459,18617,435,498,56075,56573,2668,0,1183,160,0,4013,4013,2788059
2025-03-25,2025,3,25,port434,Hai Phong,Vietnam,VNM,16,0,6,0,2,22,24,45565,0,10808,0,9075,56374,65449,4444,0,2217,0,92,6662,6755,2788060
2025-03-26,2025,3,26,port434,Hai Phong,Vietnam,VNM,11,0,5,0,5,16,21,22697,0,11409,0,11163,34107,45270,2571,0,414,0,185,2985,3170,2788061
2025-03-27,2025,3,27,port434,Hai Phong,Vietnam,VNM,8,1,6,0,9,15,24,14692,0,5669,0,18498,20361,38860,8373,0,711,0,313,9084,9397,2788062
2025-03-28,2025,3,28,port434,Hai Phong,Vietnam,VNM,13,2,9,0,5,24,29,22379,4946,5115,0,15779,32441,48221,7989,1625,355,0,0,9970,9970,2788063
2025-03-29,2025,3,29,port434,Hai Phong,Vietnam,VNM,6,0,10,0,3,16,19,9277,0,13808,0,1868,23086,24954,2640,0,1066,0,92,3706,3799,2788064
2025-03-30,2025,3,30,port434,Hai Phong,Vietnam,VNM,11,1,3,0,5,15,20,15231,0,5172,0,10314,20404,30718,13579,0,769,0,0,14348,14348,2788065
2025-03-31,2025,3,31,port434,Hai Phong,Vietnam,VNM,12,1,5,0,5,18,23,19483,7422,7270,0,19431,34175,53607,2927,1381,1183,0,269,5491,5761,2788066
2025-04-01,2025,4,1,port434,Hai Phong,Vietnam,VNM,8,1,6,0,4,15,19,16898,3788,3971,0,6539,24658,31197,2118,0,355,0,92,2474,2567,2788067
2025-04-02,2025,4,2,port434,Hai Phong,Vietnam,VNM,11,2,8,0,2,21,23,20266,27533,7898,0,311,55698,56009,1515,0,0,0,0,1515,1515,2788068
2025-04-03,2025,4,3,port434,Hai Phong,Vietnam,VNM,9,1,8,1,3,19,22,22844,0,2956,435,14618,26236,40855,629,0,744,160,92,1534,1627,2788069
2025-04-04,2025,4,4,port434,Hai Phong,Vietnam,VNM,14,0,7,1,6,22,28,17244,0,4737,0,3963,21981,25944,2518,0,0,0,0,2518,2518,2788070
2025-04-05,2025,4,5,port434,Hai Phong,Vietnam,VNM,12,1,10,0,5,23,28,28211,14467,15415,0,11901,58093,69994,6214,0,711,0,185,6925,7111,2788071
2025-04-06,2025,4,6,port434,Hai Phong,Vietnam,VNM,12,0,8,1,4,21,25,28380,0,14960,459,4482,43800,48282,7871,0,1945,0,3573,9816,13390,2788072
2025-04-07,2025,4,7,port434,Hai Phong,Vietnam,VNM,8,0,4,0,7,12,19,23924,0,4606,0,8886,28531,37417,1986,0,0,0,0,1986,1986,2788073
2025-04-08,2025,4,8,port434,Hai Phong,Vietnam,VNM,14,0,5,0,5,19,24,35190,0,4104,0,13517,39295,52812,3981,0,0,0,0,3981,3981,2788074
2025-04-09,2025,4,9,port434,Hai Phong,Vietnam,VNM,10,2,9,0,5,21,26,14923,901,10258,0,4068,26082,30150,6664,17194,2087,0,0,25947,25947,2788075
2025-04-10,2025,4,10,port434,Hai Phong,Vietnam,VNM,11,0,3,1,3,15,18,17474,0,1304,606,9870,19385,29255,3016,0,0,0,0,3016,3016,2788076
2025-04-11,2025,4,11,port434,Hai Phong,Vietnam,VNM,12,0,8,0,5,20,25,26698,0,4127,0,11818,30825,42644,10107,0,355,0,0,10463,10463,2788077
2025-04-12,2025,4,12,port434,Hai Phong,Vietnam,VNM,11,0,9,0,3,20,23,15137,0,12492,0,5995,27629,33625,7460,0,1597,0,0,9058,9058,2788078
2025-04-13,2025,4,13,port434,Hai Phong,Vietnam,VNM,10,1,2,0,6,13,19,22069,7441,2731,0,15499,32242,47741,2386,0,2995,0,727,5381,6108,2788079
2026-03-02,2026,3,2,port434,Hai Phong,Vietnam,VNM,9,1,4,1,8,15,23,16344,4643,7593,3006,13475,31588,45064,2288,0,355,0,162,2643,2805,2788080
2025-04-14,2025,4,14,port434,Hai Phong,Vietnam,VNM,13,1,6,0,4,20,24,36432,3881,1909,0,8382,42223,50606,10991,0,0,0,0,10991,10991,2788081
2025-04-15,2025,4,15,port434,Hai Phong,Vietnam,VNM,11,2,5,0,2,18,20,13375,25122,4985,0,3118,43483,46601,6185,0,711,0,0,6896,6896,2788082
2025-04-16,2025,4,16,port434,Hai Phong,Vietnam,VNM,11,3,2,0,4,16,20,18058,32473,0,0,16683,50532,67216,10958,1381,0,0,92,12339,12432,2788083
2025-04-17,2025,4,17,port434,Hai Phong,Vietnam,VNM,10,2,10,0,3,22,25,22366,2518,7975,0,5362,32861,38223,1024,7340,11152,0,158,19517,19676,2788084
2025-04-18,2025,4,18,port434,Hai Phong,Vietnam,VNM,18,0,13,2,7,33,40,30375,0,14458,0,10049,44833,54883,7692,0,1503,0,92,9196,9289,2788085
2025-04-19,2025,4,19,port434,Hai Phong,Vietnam,VNM,8,1,11,0,4,20,24,6452,7422,19124,0,9774,32998,42772,13489,1381,4037,0,628,18907,19536,2788086
2025-04-20,2025,4,20,port434,Hai Phong,Vietnam,VNM,12,0,6,0,5,18,23,20436,0,8791,0,8673,29228,37901,3358,0,355,0,92,3714,3807,2788087
2025-04-21,2025,4,21,port434,Hai Phong,Vietnam,VNM,9,3,11,0,4,23,27,10274,5617,17384,0,2955,33276,36231,2386,0,5040,0,92,7427,7520,2788088
2025-04-22,2025,4,22,port434,Hai Phong,Vietnam,VNM,12,2,6,1,5,21,26,20231,0,10598,435,17399,31265,48665,4103,0,1125,160,631,5389,6021,2788089
2025-04-23,2025,4,23,port434,Hai Phong,Vietnam,VNM,10,1,7,0,4,18,22,25582,0,5412,0,6935,30994,37929,629,2971,711,0,0,4312,4312,2788090
2025-04-24,2025,4,24,port434,Hai Phong,Vietnam,VNM,8,0,10,0,3,18,21,12334,0,19125,0,7321,31459,38781,2762,0,0,0,0,2762,2762,2788091
2025-04-25,2025,4,25,port434,Hai Phong,Vietnam,VNM,12,1,8,1,4,22,26,17174,0,3688,579,20258,21442,41700,6017,2940,0,0,92,8957,9050,2788092
2025-04-26,2025,4,26,port434,Hai Phong,Vietnam,VNM,8,0,8,1,6,17,23,14904,0,8393,0,10383,23298,33681,1259,0,1383,2459,92,5102,5194,2788093
2025-04-27,2025,4,27,port434,Hai Phong,Vietnam,VNM,7,0,5,1,5,13,18,21586,0,6126,0,6113,27713,33826,1782,0,828,0,0,2610,2610,2788094
2025-04-28,2025,4,28,port434,Hai Phong,Vietnam,VNM,15,0,6,0,6,21,27,33054,0,6550,0,6840,39605,46445,16255,0,641,0,269,16896,17165,2788095
2025-04-29,2025,4,29,port434,Hai Phong,Vietnam,VNM,13,1,7,0,3,21,24,13046,0,6869,0,5349,19916,25265,15620,0,2563,0,0,18184,18184,2788096
2025-04-30,2025,4,30,port434,Hai Phong,Vietnam,VNM,10,1,7,0,5,18,23,18943,0,6006,0,12608,24949,37558,7203,12763,414,0,176,20381,20557,2788097
2025-05-01,2025,5,1,port434,Hai Phong,Vietnam,VNM,16,1,1,0,4,18,22,42849,0,3284,0,6816,46133,52950,12322,0,227,0,2287,12549,14836,2788098
2025-05-02,2025,5,2,port434,Hai Phong,Vietnam,VNM,13,0,7,0,4,20,24,42748,0,11710,0,6940,54459,61400,5505,0,355,0,92,5860,5953,2788099
2025-05-03,2025,5,3,port434,Hai Phong,Vietnam,VNM,10,1,9,2,6,22,28,28997,15962,9163,3045,12072,57168,69241,0,0,1352,160,0,1513,1513,2788100
2025-05-04,2025,5,4,port434,Hai Phong,Vietnam,VNM,9,0,3,0,6,12,18,21887,0,8770,0,16574,30657,47232,1379,0,414,0,185,1793,1979,2788101
2025-05-05,2025,5,5,port434,Hai Phong,Vietnam,VNM,16,0,10,0,5,26,31,31599,0,15119,0,1233,46719,47952,6075,0,1480,0,0,7555,7555,2788103
2025-05-06,2025,5,6,port434,Hai Phong,Vietnam,VNM,12,2,4,0,4,18,22,20073,10109,7234,0,14690,37417,52108,10135,0,0,0,0,10135,10135,2788104
2025-05-07,2025,5,7,port434,Hai Phong,Vietnam,VNM,13,1,3,0,4,17,21,27552,15034,4937,0,3287,47523,50811,7650,0,711,0,0,8361,8361,2788105
2025-05-08,2025,5,8,port434,Hai Phong,Vietnam,VNM,9,0,9,0,5,18,23,15275,0,12218,0,18580,27494,46074,4667,0,5662,0,0,10330,10330,2788106
2025-05-09,2025,5,9,port434,Hai Phong,Vietnam,VNM,6,0,8,0,2,14,16,11608,0,5619,0,13062,17227,30290,2251,0,636,0,0,2888,2888,2788107
2025-05-10,2025,5,10,port434,Hai Phong,Vietnam,VNM,6,0,7,0,3,13,16,9986,0,3729,0,12842,13716,26558,1452,0,0,0,0,1452,1452,2788108
2025-05-11,2025,5,11,port434,Hai Phong,Vietnam,VNM,9,0,7,0,6,16,22,8069,0,11409,0,13584,19479,33063,12999,0,355,0,0,13355,13355,2788109
2025-05-12,2025,5,12,port434,Hai Phong,Vietnam,VNM,13,1,8,1,3,23,26,15085,3788,4034,0,5793,22908,28702,4913,0,355,0,92,5269,5362,2788110
2025-05-13,2025,5,13,port434,Hai Phong,Vietnam,VNM,14,1,13,0,2,28,30,26420,2774,23357,0,1868,52552,54420,10094,0,3106,0,92,13200,13293,2788111
2025-05-14,2025,5,14,port434,Hai Phong,Vietnam,VNM,15,0,11,0,6,26,32,34390,0,6371,0,15210,40762,55972,9661,0,1291,0,0,10952,10952,2788112
2025-05-15,2025,5,15,port434,Hai Phong,Vietnam,VNM,11,1,8,1,5,21,26,21759,9024,13914,854,10374,45553,55928,9083,0,1212,0,92,10296,10388,2788113
2025-05-16,2025,5,16,port434,Hai Phong,Vietnam,VNM,12,0,2,1,8,15,23,15758,0,1766,0,17637,17524,35161,9328,0,771,0,278,10100,10378,2788114
2025-05-17,2025,5,17,port434,Hai Phong,Vietnam,VNM,8,4,9,0,3,21,24,12959,19493,16465,0,12235,48918,61154,2024,2956,711,0,0,5691,5691,2788115
2025-05-18,2025,5,18,port434,Hai Phong,Vietnam,VNM,5,0,3,0,3,8,11,7383,0,3087,0,7549,10470,18019,0,0,711,0,0,711,711,2788116
2025-05-19,2025,5,19,port434,Hai Phong,Vietnam,VNM,13,2,15,0,5,30,35,22011,19680,6188,0,11609,47881,59490,6376,0,5122,0,176,11498,11675,2788117
2025-05-20,2025,5,20,port434,Hai Phong,Vietnam,VNM,12,0,4,1,6,17,23,21519,0,3087,0,8068,24606,32675,10658,0,4788,3398,371,18845,19216,2788118
2025-05-21,2025,5,21,port434,Hai Phong,Vietnam,VNM,14,2,7,1,6,24,30,12067,0,7232,387,15006,19687,34693,7997,0,355,0,0,8353,8353,2788119
2025-05-22,2025,5,22,port434,Hai Phong,Vietnam,VNM,15,0,7,0,3,22,25,31989,0,7488,0,13569,39478,53047,3148,0,1125,0,0,4273,4273,2788120
2025-05-23,2025,5,23,port434,Hai Phong,Vietnam,VNM,8,1,7,0,6,16,22,8227,6292,8878,0,24393,23397,47791,4024,0,1534,0,92,5558,5651,2788121
2025-05-24,2025,5,24,port434,Hai Phong,Vietnam,VNM,6,1,6,0,3,13,16,4623,23438,2321,0,1284,30383,31668,22438,0,19,0,0,22457,22457,2788122
2025-05-25,2025,5,25,port434,Hai Phong,Vietnam,VNM,9,1,5,1,6,16,22,14838,0,4146,0,10905,18985,29890,1093,0,3107,0,185,4201,4386,2788123
2025-05-26,2025,5,26,port434,Hai Phong,Vietnam,VNM,12,2,7,0,3,21,24,17402,0,3087,0,498,20489,20987,4500,0,711,0,0,5211,5211,2788124
2025-05-27,2025,5,27,port434,Hai Phong,Vietnam,VNM,17,1,9,1,4,28,32,29272,15164,5215,704,5750,50357,56107,6945,0,2374,0,92,9320,9412,2788125
2025-05-28,2025,5,28,port434,Hai Phong,Vietnam,VNM,15,1,7,0,2,23,25,25739,0,6170,0,6415,31910,38325,5537,0,769,0,0,6307,6307,2788126
2025-05-29,2025,5,29,port434,Hai Phong,Vietnam,VNM,9,0,7,0,9,16,25,21411,0,10146,0,12792,31557,44349,14629,0,1454,0,2432,16084,18516,2788127
2025-05-30,2025,5,30,port434,Hai Phong,Vietnam,VNM,11,0,9,0,3,20,23,15951,0,10808,0,9473,26759,36233,4750,0,3916,0,0,8666,8666,2788128
2025-05-31,2025,5,31,port434,Hai Phong,Vietnam,VNM,8,2,8,0,4,18,22,13650,11034,15345,0,7191,40030,47221,2354,0,1638,0,92,3992,4085,2788129
2025-06-01,2025,6,1,port434,Hai Phong,Vietnam,VNM,10,0,5,0,6,15,21,15183,0,7880,0,10625,23063,33689,2382,0,0,0,176,2382,2558,2788130
2025-06-02,2025,6,2,port434,Hai Phong,Vietnam,VNM,8,0,4,0,3,12,15,17395,0,14278,0,11480,31673,43154,1126,0,711,0,0,1837,1837,2788131
2025-06-03,2025,6,3,port434,Hai Phong,Vietnam,VNM,18,0,6,1,6,25,31,43113,0,2847,0,26133,45960,72094,13527,0,355,0,0,13883,13883,2788132
2025-06-04,2025,6,4,port434,Hai Phong,Vietnam,VNM,13,0,8,1,2,22,24,22971,0,9144,2102,1356,34218,35574,2376,0,1539,0,0,3915,3915,2788133
2025-06-05,2025,6,5,port434,Hai Phong,Vietnam,VNM,6,1,8,0,5,15,20,5991,0,12274,0,10077,18265,28343,1259,0,2584,0,0,3843,3843,2788134
2025-06-06,2025,6,6,port434,Hai Phong,Vietnam,VNM,11,1,6,0,6,18,24,14521,9695,2030,0,14843,26247,41091,7667,0,1221,0,723,8889,9612,2788135
2025-06-07,2025,6,7,port434,Hai Phong,Vietnam,VNM,13,0,8,0,3,21,24,11778,0,6265,0,6579,18043,24623,8150,0,1508,0,0,9659,9659,2788136
2025-06-08,2025,6,8,port434,Hai Phong,Vietnam,VNM,10,1,7,2,4,20,24,23066,1240,12580,660,13945,37547,51493,5247,0,711,0,92,5958,6051,2788137
2025-06-09,2025,6,9,port434,Hai Phong,Vietnam,VNM,11,0,7,0,4,18,22,19005,0,7803,0,5181,26809,31990,1365,0,2350,0,92,3716,3808,2788138
2025-06-10,2025,6,10,port434,Hai Phong,Vietnam,VNM,16,0,3,0,3,19,22,38762,0,8383,0,7985,47145,55131,5904,0,769,0,0,6674,6674,2788139
2025-06-11,2025,6,11,port434,Hai Phong,Vietnam,VNM,11,1,7,0,2,19,21,20222,0,11332,0,4377,31554,35932,8659,0,414,0,0,9073,9073,2788140
2025-06-12,2025,6,12,port434,Hai Phong,Vietnam,VNM,14,2,3,0,4,19,23,17435,13408,2314,0,7427,33158,40586,6640,2338,0,0,94,8979,9073,2788141
2025-06-13,2025,6,13,port434,Hai Phong,Vietnam,VNM,3,0,3,1,3,7,10,2569,0,6059,0,13171,8629,21800,1403,0,414,1381,0,3199,3199,2788142
2025-06-14,2025,6,14,port434,Hai Phong,Vietnam,VNM,7,0,5,1,2,13,15,3520,0,3087,0,463,6607,7071,15701,0,3196,0,0,18897,18897,2788143
2025-06-15,2025,6,15,port434,Hai Phong,Vietnam,VNM,11,0,6,0,3,17,20,22085,0,6190,0,1868,28275,30144,17472,0,2271,0,92,19744,19837,2788144
2025-06-16,2025,6,16,port434,Hai Phong,Vietnam,VNM,16,5,11,0,6,32,38,16818,17363,14173,0,21575,48355,69931,10075,1719,3422,0,0,15217,15217,2788145
2025-06-17,2025,6,17,port434,Hai Phong,Vietnam,VNM,10,0,9,0,4,19,23,23188,0,16434,0,11443,39622,51066,2408,0,227,0,0,2636,2636,2788146
2025-06-18,2025,6,18,port434,Hai Phong,Vietnam,VNM,12,0,6,0,7,18,25,18163,0,10545,0,8665,28708,37373,2284,0,582,0,0,2866,2866,2788147
2025-06-19,2025,6,19,port434,Hai Phong,Vietnam,VNM,11,3,13,0,3,27,30,15723,5833,16007,0,3797,37564,41362,9109,2568,711,0,0,12388,12388,2788148
2025-06-20,2025,6,20,port434,Hai Phong,Vietnam,VNM,16,2,9,1,5,28,33,30407,17624,6917,0,7928,54948,62877,2049,0,769,0,0,2819,2819,2788149
2025-06-21,2025,6,21,port434,Hai Phong,Vietnam,VNM,10,0,5,0,5,15,20,13466,0,5574,0,24531,19040,43571,8880,0,1340,0,92,10221,10314,2788150
2025-06-22,2025,6,22,port434,Hai Phong,Vietnam,VNM,7,1,6,1,4,15,19,25651,21894,2152,0,9178,49698,58877,2962,0,0,0,0,2962,2962,2788151
2025-06-23,2025,6,23,port434,Hai Phong,Vietnam,VNM,9,0,6,0,4,15,19,20600,0,5219,0,10402,25820,36222,1207,0,355,0,0,1562,1562,2788152
2025-06-24,2025,6,24,port434,Hai Phong,Vietnam,VNM,10,1,10,0,7,21,28,11927,20193,7630,0,14769,39751,54521,13766,0,4740,0,1074,18506,19580,2788153
2025-06-25,2025,6,25,port434,Hai Phong,Vietnam,VNM,12,0,8,0,6,20,26,20446,0,4524,0,12633,24971,37605,14796,0,0,0,247,14796,15044,2788154
2025-06-26,2025,6,26,port434,Hai Phong,Vietnam,VNM,11,1,7,0,6,19,25,17938,6213,8759,0,12046,32910,44957,3975,0,582,0,2432,4557,6990,2788155
2025-06-27,2025,6,27,port434,Hai Phong,Vietnam,VNM,14,0,3,0,6,17,23,28567,0,1543,0,11807,30110,41918,6886,0,355,0,4180,7241,11422,2788156
2025-06-28,2025,6,28,port434,Hai Phong,Vietnam,VNM,11,1,5,0,4,17,21,12790,0,8391,0,7949,21182,29132,7081,0,711,0,269,7792,8062,2788157
2025-06-29,2025,6,29,port434,Hai Phong,Vietnam,VNM,13,0,3,1,5,17,22,17851,0,9516,0,23671,27367,51039,15318,0,0,3398,176,18716,18893,2788158
2025-06-30,2025,6,30,port434,Hai Phong,Vietnam,VNM,5,2,12,0,2,19,21,13794,15651,15623,0,6527,45070,51597,1403,0,10534,0,535,11937,12472,2788159
2025-07-01,2025,7,1,port434,Hai Phong,Vietnam,VNM,14,1,6,1,6,22,28,26515,15404,6155,1633,8767,49709,58476,5543,0,1304,0,92,6848,6941,2788160
2025-07-02,2025,7,2,port434,Hai Phong,Vietnam,VNM,16,1,5,0,4,22,26,25605,7422,5840,0,2839,38868,41707,10108,1381,441,0,0,11931,11931,2788161
2025-07-03,2025,7,3,port434,Hai Phong,Vietnam,VNM,10,0,4,0,4,14,18,10751,0,12497,0,6798,23249,30047,10227,0,355,0,92,10582,10675,2788162
2025-07-04,2025,7,4,port434,Hai Phong,Vietnam,VNM,12,0,2,1,6,15,21,32112,0,6226,0,16899,38339,55239,5806,0,355,0,0,6161,6161,2788163
2025-07-05,2025,7,5,port434,Hai Phong,Vietnam,VNM,11,0,8,1,8,20,28,19984,0,17472,0,6759,37456,44216,6268,0,0,0,0,6268,6268,2788164
2025-07-06,2025,7,6,port434,Hai Phong,Vietnam,VNM,7,2,7,0,7,16,23,24685,7422,7348,0,21176,39455,60631,1259,1381,711,0,94,3351,3446,2788165
2025-07-07,2025,7,7,port434,Hai Phong,Vietnam,VNM,7,0,8,0,9,15,24,6134,0,8764,0,10625,14899,25524,7477,0,4832,0,0,12309,12309,2788166
2025-07-08,2025,7,8,port434,Hai Phong,Vietnam,VNM,10,1,9,0,5,20,25,18786,9833,10535,0,13590,39156,52746,2831,0,1649,0,92,4480,4573,2788167
2025-07-09,2025,7,9,port434,Hai Phong,Vietnam,VNM,8,0,3,0,6,11,17,23981,0,4462,0,21258,28443,49702,1365,0,0,0,92,1365,1458,2788168
2025-07-10,2025,7,10,port434,Hai Phong,Vietnam,VNM,13,2,10,0,2,25,27,15456,0,11161,0,2802,26618,29420,4404,83,1836,0,0,6323,6323,2788169
2025-07-11,2025,7,11,port434,Hai Phong,Vietnam,VNM,11,0,4,0,6,15,21,22587,0,3136,0,1500,25724,27225,10917,0,355,0,0,11273,11273,2788170
2025-07-12,2025,7,12,port434,Hai Phong,Vietnam,VNM,12,2,6,0,5,20,25,10941,26563,3087,0,6065,40592,46657,10546,0,711,0,0,11257,11257,2788171
2025-07-13,2025,7,13,port434,Hai Phong,Vietnam,VNM,11,1,8,1,4,21,25,27150,0,5193,1154,10094,33498,43593,3010,0,7039,0,0,10049,10049,2788172
2025-07-14,2025,7,14,port434,Hai Phong,Vietnam,VNM,12,2,11,0,3,25,28,32784,11038,6282,0,11259,50106,61366,3906,0,3678,0,0,7584,7584,2788173
2025-07-15,2025,7,15,port434,Hai Phong,Vietnam,VNM,14,0,9,0,4,23,27,14087,0,9633,0,18509,23721,42230,24052,0,355,0,0,24408,24408,2788174
2025-07-16,2025,7,16,port434,Hai Phong,Vietnam,VNM,12,1,5,1,4,19,23,31197,0,4848,0,5162,36045,41207,1889,0,1680,0,185,3570,3755,2788175
2025-07-17,2025,7,17,port434,Hai Phong,Vietnam,VNM,10,1,11,0,2,22,24,20544,15572,13746,0,1868,49864,51733,1711,0,1183,0,92,2895,2987,2788176
2025-07-18,2025,7,18,port434,Hai Phong,Vietnam,VNM,14,0,10,0,3,24,27,21960,0,5391,0,4674,27351,32025,4124,0,355,0,0,4480,4480,2788177
2025-07-19,2025,7,19,port434,Hai Phong,Vietnam,VNM,9,1,6,0,5,16,21,20255,10263,4155,0,12052,34674,46727,3351,0,789,0,0,4140,4140,2788178
2025-07-20,2025,7,20,port434,Hai Phong,Vietnam,VNM,5,0,5,1,2,11,13,17597,0,0,0,1450,17597,19047,0,0,219,0,0,219,219,2788179
2025-07-21,2025,7,21,port434,Hai Phong,Vietnam,VNM,0,0,0,0,0,0,0,0,0,0,0,0,0,0,0,0,0,0,0,0,0,2788180
2025-07-22,2025,7,22,port434,Hai Phong,Vietnam,VNM,6,0,6,0,0,12,12,7633,0,6890,0,0,14524,14524,8129,0,414,0,0,8543,8543,2788181
2025-07-23,2025,7,23,port434,Hai Phong,Vietnam,VNM,19,0,7,1,6,27,33,33944,0,7061,0,6295,41006,47301,9254,0,414,0,185,9669,9854,2788182
2025-07-24,2025,7,24,port434,Hai Phong,Vietnam,VNM,12,1,18,0,5,31,36,29354,0,29789,0,8094,59144,67238,17165,0,1364,0,0,18530,18530,2788183
2025-07-25,2025,7,25,port434,Hai Phong,Vietnam,VNM,12,4,9,1,5,26,31,21787,26371,3195,0,4720,51355,56075,7336,2235,769,3398,92,13739,13832,2788184
2025-07-26,2025,7,26,port434,Hai Phong,Vietnam,VNM,15,1,6,1,5,23,28,34356,19800,5789,854,24166,60800,84967,4792,0,2933,0,0,7726,7726,2788185
2025-07-27,2025,7,27,port434,Hai Phong,Vietnam,VNM,8,0,6,0,5,14,19,16137,0,4177,0,7265,20315,27580,6368,0,711,0,0,7079,7079,2788186
2025-07-28,2025,7,28,port434,Hai Phong,Vietnam,VNM,8,0,6,0,3,14,17,29361,0,11617,0,612,40978,41590,2715,0,1539,0,0,4254,4254,2788187
2025-07-29,2025,7,29,port434,Hai Phong,Vietnam,VNM,8,3,8,0,6,19,25,15408,18838,9138,0,14771,43384,58156,1259,1381,1777,0,0,4418,4418,2788188
2025-07-30,2025,7,30,port434,Hai Phong,Vietnam,VNM,10,0,8,0,3,18,21,15501,0,4739,0,7089,20240,27329,7004,0,2987,0,0,9991,9991,2788189
2025-07-31,2025,7,31,port434,Hai Phong,Vietnam,VNM,16,3,9,0,5,28,33,26274,21551,16557,0,6703,64384,71087,3523,0,769,0,0,4293,4293,2788190
2025-08-01,2025,8,1,port434,Hai Phong,Vietnam,VNM,11,2,7,1,5,21,26,21226,11042,5763,0,3325,38033,41358,22272,0,1902,0,0,24175,24175,2788191
2025-08-02,2025,8,2,port434,Hai Phong,Vietnam,VNM,8,1,4,0,5,13,18,7680,15880,1925,0,12415,25486,37901,1014,0,0,0,0,1014,1014,2788192
2025-08-03,2025,8,3,port434,Hai Phong,Vietnam,VNM,11,3,7,0,3,21,24,13796,15388,2446,0,1472,31631,33104,8342,0,355,0,0,8697,8697,2788193
2025-08-04,2025,8,4,port434,Hai Phong,Vietnam,VNM,10,1,7,0,5,18,23,26315,0,3195,0,17681,29510,47192,1259,0,769,0,0,2028,2028,2788194
2025-08-05,2025,8,5,port434,Hai Phong,Vietnam,VNM,9,1,9,0,3,19,22,19097,3108,7329,0,9518,29535,39053,8942,0,0,0,0,8942,8942,2788195
2025-08-06,2025,8,6,port434,Hai Phong,Vietnam,VNM,11,0,7,1,3,19,22,19264,0,6009,0,11077,25274,36351,4164,0,1662,0,0,5827,5827,2788196
2025-08-07,2025,8,7,port434,Hai Phong,Vietnam,VNM,14,0,9,0,3,23,26,32883,0,6317,0,5375,39200,44576,4692,0,2898,0,92,7591,7683,2788197
2025-08-08,2025,8,8,port434,Hai Phong,Vietnam,VNM,13,2,4,1,5,20,25,22597,14923,4180,1154,10578,42856,53434,1259,0,769,0,187,2028,2216,2788198
2025-08-09,2025,8,9,port434,Hai Phong,Vietnam,VNM,15,1,4,0,3,20,23,23382,0,798,0,6665,24180,30846,10132,0,0,0,0,10132,10132,2788199
2025-08-10,2025,8,10,port434,Hai Phong,Vietnam,VNM,8,0,5,0,5,13,18,20430,0,6881,0,9215,27311,36527,5154,0,1242,0,0,6396,6396,2788200
2025-08-11,2025,8,11,port434,Hai Phong,Vietnam,VNM,10,0,6,0,7,16,23,15304,0,4739,0,10133,20043,30177,4270,0,1125,0,0,5395,5395,2788201
2025-08-12,2025,8,12,port434,Hai Phong,Vietnam,VNM,9,3,6,1,1,19,20,6239,27309,10924,0,4539,44473,49012,11764,679,0,3398,0,15842,15842,2788202
2025-08-13,2025,8,13,port434,Hai Phong,Vietnam,VNM,10,1,8,0,5,19,24,15584,12144,7396,0,9963,35126,45089,5627,679,1666,0,0,7972,7972,2788203
2025-08-14,2025,8,14,port434,Hai Phong,Vietnam,VNM,10,2,9,0,4,21,25,13733,23353,12196,0,6166,49283,55449,17464,0,355,0,0,17819,17819,2788204
2025-08-15,2025,8,15,port434,Hai Phong,Vietnam,VNM,7,1,7,0,7,15,22,11451,0,5477,0,14691,16929,31621,6748,1397,355,0,255,8501,8757,2788205
2025-08-16,2025,8,16,port434,Hai Phong,Vietnam,VNM,10,1,6,0,6,17,23,19288,0,2827,0,12928,22115,35044,1889,0,692,0,92,2581,2674,2788206
2025-08-17,2025,8,17,port434,Hai Phong,Vietnam,VNM,7,0,10,0,3,17,20,25254,0,12021,0,2836,37276,40112,629,0,1539,0,0,2168,2168,2788207
2025-08-18,2025,8,18,port434,Hai Phong,Vietnam,VNM,9,1,1,1,3,12,15,15508,14571,1543,0,13649,31623,45273,1259,0,355,0,0,1614,1614,2788208
2025-08-19,2025,8,19,port434,Hai Phong,Vietnam,VNM,14,2,2,0,8,18,26,25481,8985,3347,0,16914,37814,54729,6673,0,0,0,269,6673,6942,2788209
2025-08-20,2025,8,20,port434,Hai Phong,Vietnam,VNM,16,0,5,1,4,22,26,43170,0,6196,0,5748,49367,55115,3553,0,4108,0,0,7662,7662,2788210
2025-08-21,2025,8,21,port434,Hai Phong,Vietnam,VNM,11,2,10,1,3,24,27,20197,7422,12152,1048,21158,40820,61979,6761,1381,641,0,0,8783,8783,2788211
2025-08-22,2025,8,22,port434,Hai Phong,Vietnam,VNM,12,0,9,0,6,21,27,36644,0,7467,0,16239,44111,60351,2256,0,4374,0,269,6630,6899,2788212
2025-08-23,2025,8,23,port434,Hai Phong,Vietnam,VNM,13,1,5,0,5,19,24,31573,16408,1569,0,10324,49551,59876,2380,0,876,0,92,3256,3349,2788213
2025-08-24,2025,8,24,port434,Hai Phong,Vietnam,VNM,10,1,9,0,4,20,24,8408,7422,7330,0,8497,23161,31658,5721,1381,3758,0,0,10860,10860,2788214
2025-08-25,2025,8,25,port434,Hai Phong,Vietnam,VNM,6,1,0,0,1,7,8,15656,8240,0,0,0,23896,23896,2048,0,0,0,0,2048,2048,2788215
2025-08-26,2025,8,26,port434,Hai Phong,Vietnam,VNM,14,1,5,1,2,21,23,33164,3239,1543,0,9246,37947,47193,3769,0,988,0,92,4757,4850,2788216
2025-08-27,2025,8,27,port434,Hai Phong,Vietnam,VNM,13,0,9,0,5,22,27,21622,0,11500,0,2844,33122,35966,4228,0,1524,0,0,5753,5753,2788217
2025-08-28,2025,8,28,port434,Hai Phong,Vietnam,VNM,14,2,5,0,5,21,26,32932,7422,4739,0,10826,45093,55920,8070,1476,6578,0,564,16125,16689,2788218
2025-08-29,2025,8,29,port434,Hai Phong,Vietnam,VNM,6,0,4,0,2,10,12,9420,0,11537,0,8612,20958,29571,2797,0,355,0,353,3153,3506,2788219
2025-08-30,2025,8,30,port434,Hai Phong,Vietnam,VNM,7,1,3,0,1,11,12,14578,0,0,0,308,14578,14886,1015,0,356,0,0,1372,1372,2788220
2025-08-31,2025,8,31,port434,Hai Phong,Vietnam,VNM,9,0,6,0,6,15,21,18144,0,3966,0,7894,22110,30004,2094,0,7560,0,0,9654,9654,2788221
2025-09-01,2025,9,1,port434,Hai Phong,Vietnam,VNM,11,3,6,1,3,21,24,32084,2037,4401,0,1896,38524,40421,2029,0,355,0,0,2384,2384,2788222
2025-09-02,2025,9,2,port434,Hai Phong,Vietnam,VNM,13,2,8,0,2,23,25,24334,20864,10195,0,6804,55394,62199,8746,0,1502,0,0,10248,10248,2788223
2025-09-03,2025,9,3,port434,Hai Phong,Vietnam,VNM,7,0,4,0,4,11,15,18961,0,1543,0,1975,20504,22480,1889,0,355,0,0,2244,2244,2788224
2025-09-04,2025,9,4,port434,Hai Phong,Vietnam,VNM,11,1,4,0,8,16,24,22183,3920,14219,0,19761,40323,60085,5966,0,495,0,92,6462,6554,2788225
2025-09-05,2025,9,5,port434,Hai Phong,Vietnam,VNM,10,3,7,1,5,21,26,16320,30812,9024,1735,3737,57893,61630,4565,679,355,0,185,5600,5786,2788226
2025-09-06,2025,9,6,port434,Hai Phong,Vietnam,VNM,5,0,8,0,5,13,18,14586,0,10782,0,12485,25369,37855,629,0,2250,0,92,2879,2972,2788227
2025-09-07,2025,9,7,port434,Hai Phong,Vietnam,VNM,11,0,4,0,4,15,19,35605,0,0,0,9987,35605,45592,10468,0,3058,0,0,13527,13527,2788228
2025-09-08,2025,9,8,port434,Hai Phong,Vietnam,VNM,12,1,11,1,4,25,29,29104,13309,10123,1154,12328,53691,66020,1264,0,10482,0,0,11746,11746,2788229
2025-09-09,2025,9,9,port434,Hai Phong,Vietnam,VNM,8,1,6,0,3,15,18,14243,0,9591,0,5584,23835,29420,1844,0,355,0,0,2199,2199,2788230
2025-09-10,2025,9,10,port434,Hai Phong,Vietnam,VNM,13,2,4,0,5,19,24,36537,8985,0,0,5319,45523,50842,4945,14941,3544,0,176,23432,23609,2788231
2025-09-11,2025,9,11,port434,Hai Phong,Vietnam,VNM,16,1,3,0,4,20,24,23269,1049,1543,0,21194,25862,47057,10567,0,4333,0,94,14900,14995,2788232
2025-09-12,2025,9,12,port434,Hai Phong,Vietnam,VNM,9,0,5,0,4,14,18,21183,0,5545,0,1118,26729,27848,1889,0,0,0,0,1889,1889,2788233
2025-09-13,2025,9,13,port434,Hai Phong,Vietnam,VNM,6,1,3,1,6,11,17,7199,19539,3304,389,5553,30433,35986,2319,0,828,0,92,3148,3240,2788234
2025-09-14,2025,9,14,port434,Hai Phong,Vietnam,VNM,13,1,6,2,4,22,26,24064,15945,4710,0,7161,44720,51881,9379,0,1858,3398,0,14637,14637,2788235
2025-09-15,2025,9,15,port434,Hai Phong,Vietnam,VNM,9,4,6,0,5,19,24,18635,11066,3094,0,2033,32796,34829,5889,1381,355,0,1747,7625,9373,2788236
2025-09-16,2025,9,16,port434,Hai Phong,Vietnam,VNM,12,0,3,0,4,15,19,22617,0,3167,0,1872,25784,27657,5328,0,355,0,713,5684,6398,2788237
2025-09-17,2025,9,17,port434,Hai Phong,Vietnam,VNM,10,1,3,0,7,14,21,8431,7422,3195,0,20114,19049,39163,22213,1381,769,0,185,24364,24550,2788238
2025-09-18,2025,9,18,port434,Hai Phong,Vietnam,VNM,11,1,8,0,4,20,24,12044,28573,15004,0,11983,55621,67605,6929,0,3301,0,0,10231,10231,2788239
2025-09-19,2025,9,19,port434,Hai Phong,Vietnam,VNM,11,1,6,0,3,18,21,21648,0,3555,0,1319,25204,26523,3290,0,1147,0,0,4437,4437,2788240
2025-09-20,2025,9,20,port434,Hai Phong,Vietnam,VNM,13,0,4,0,5,17,22,36847,0,7488,0,12965,44335,57300,629,0,1125,0,0,1754,1754,2788241
2025-09-21,2025,9,21,port434,Hai Phong,Vietnam,VNM,8,1,3,0,3,12,15,19904,0,3797,0,1402,23702,25104,3447,0,711,0,0,4158,4158,2788242
2025-09-22,2025,9,22,port434,Hai Phong,Vietnam,VNM,15,1,7,0,7,23,30,37423,15164,6181,0,15362,58769,74131,4228,0,1066,0,0,5294,5294,2788243
2025-09-23,2025,9,23,port434,Hai Phong,Vietnam,VNM,9,1,6,0,3,16,19,9811,0,2202,0,5727,12014,17741,8379,629,593,0,654,9601,10256,2788244
2025-09-24,2025,9,24,port434,Hai Phong,Vietnam,VNM,0,0,5,0,0,5,5,0,0,6371,0,0,6371,6371,0,0,938,0,0,938,938,2788245
2025-09-25,2025,9,25,port434,Hai Phong,Vietnam,VNM,10,1,6,0,7,17,24,9244,0,9755,0,2315,19000,21315,4171,4267,0,0,0,8438,8438,2788246
2025-09-26,2025,9,26,port434,Hai Phong,Vietnam,VNM,6,1,3,0,5,10,15,13219,2364,3058,0,17802,18642,36445,5858,0,355,0,0,6213,6213,2788247
2025-09-27,2025,9,27,port434,Hai Phong,Vietnam,VNM,7,3,4,0,5,14,19,19800,0,3087,0,11726,22887,34613,1024,0,711,0,234,1735,1969,2788248
2025-09-28,2025,9,28,port434,Hai Phong,Vietnam,VNM,0,0,1,0,0,1,1,0,0,0,0,0,0,0,0,0,0,0,0,0,0,2788249
2025-09-29,2025,9,29,port434,Hai Phong,Vietnam,VNM,16,0,4,0,6,20,26,28674,0,3153,0,18562,31827,50389,6414,0,1878,0,0,8293,8293,2788250
2025-09-30,2025,9,30,port434,Hai Phong,Vietnam,VNM,17,3,10,1,2,31,33,34817,7422,14670,0,2955,56909,59864,7559,1381,1297,0,92,10237,10330,2788251
2025-10-01,2025,10,1,port434,Hai Phong,Vietnam,VNM,15,2,11,0,7,28,35,37215,44812,13265,0,13310,95293,108604,3840,0,2888,0,5162,6728,11891,2788252
2025-10-02,2025,10,2,port434,Hai Phong,Vietnam,VNM,10,0,4,1,4,15,19,19385,0,0,0,6466,19385,25851,12428,0,2981,0,0,15409,15409,2788253
2025-10-03,2025,10,3,port434,Hai Phong,Vietnam,VNM,8,1,10,0,6,19,25,20554,18225,8107,0,4658,46887,51546,1433,0,1962,0,185,3396,3581,2788254
2025-10-04,2025,10,4,port434,Hai Phong,Vietnam,VNM,9,1,5,0,5,15,20,18253,0,4848,0,12350,23101,35452,4648,0,1183,0,92,5832,5925,2788255
2025-10-05,2025,10,5,port434,Hai Phong,Vietnam,VNM,0,0,6,1,2,7,9,0,0,1652,579,974,2231,3206,0,0,1755,0,0,1755,1755,2788256
2025-10-06,2025,10,6,port434,Hai Phong,Vietnam,VNM,14,0,5,0,6,19,25,17319,0,6993,0,8517,24313,32830,10421,0,711,0,92,11132,11225,2788257
2025-10-07,2025,10,7,port434,Hai Phong,Vietnam,VNM,19,3,7,0,5,29,34,35537,16407,5134,0,7945,57080,65025,9410,4321,3877,0,0,17609,17609,2788258
2025-10-08,2025,10,8,port434,Hai Phong,Vietnam,VNM,10,1,7,1,8,19,27,19886,0,5444,854,26587,26186,52773,9809,0,163,0,187,9973,10160,2788259
2025-10-09,2025,10,9,port434,Hai Phong,Vietnam,VNM,11,2,7,0,5,20,25,15799,12286,10932,0,11845,39018,50864,10334,1381,769,0,0,12485,12485,2788260
2025-10-10,2025,10,10,port434,Hai Phong,Vietnam,VNM,16,2,7,0,5,25,30,24383,28524,6601,0,13069,59509,72579,8672,0,960,0,92,9632,9725,2788261
2025-10-11,2025,10,11,port434,Hai Phong,Vietnam,VNM,7,0,7,1,3,15,18,11219,0,4281,0,5697,15501,21198,7806,0,2774,3868,0,14449,14449,2788262
2025-10-12,2025,10,12,port434,Hai Phong,Vietnam,VNM,5,0,4,0,8,9,17,6964,0,7074,0,19972,14039,34011,629,0,641,0,3549,1270,4820,2788263
2025-10-13,2025,10,13,port434,Hai Phong,Vietnam,VNM,10,3,9,0,4,22,26,21018,33852,6186,0,5809,61057,66866,6190,0,2507,0,0,8698,8698,2788264
2025-10-14,2025,10,14,port434,Hai Phong,Vietnam,VNM,22,0,7,1,3,30,33,27974,0,9227,0,1868,37201,39070,12412,0,994,0,811,13407,14218,2788265
2025-10-15,2025,10,15,port434,Hai Phong,Vietnam,VNM,6,0,3,0,6,9,15,8666,0,9913,0,10766,18579,29346,1889,0,355,0,0,2244,2244,2788266
2025-10-16,2025,10,16,port434,Hai Phong,Vietnam,VNM,12,0,6,0,3,18,21,26129,0,2949,0,1868,29078,30947,4839,0,3393,0,92,8233,8326,2788267
2025-10-17,2025,10,17,port434,Hai Phong,Vietnam,VNM,12,1,8,1,5,22,27,18763,18995,6826,0,14702,44585,59288,5877,0,227,0,92,6105,6197,2788268
2025-10-18,2025,10,18,port434,Hai Phong,Vietnam,VNM,9,1,9,1,1,20,21,21209,0,10871,0,974,32081,33055,5947,0,1480,0,0,7428,7428,2788269
2025-10-19,2025,10,19,port434,Hai Phong,Vietnam,VNM,11,0,5,0,5,16,21,28034,0,8894,0,11385,36928,48314,5253,0,0,0,0,5253,5253,2788270
2025-10-20,2025,10,20,port434,Hai Phong,Vietnam,VNM,5,2,10,0,5,17,22,5806,15164,9070,0,7412,30042,37454,1581,0,711,0,94,2292,2387,2788271
2025-10-21,2025,10,21,port434,Hai Phong,Vietnam,VNM,12,0,9,0,5,21,26,27155,0,12208,0,11132,39363,50495,6278,0,2759,0,0,9037,9037,2788272
2025-10-22,2025,10,22,port434,Hai Phong,Vietnam,VNM,5,0,3,0,3,8,11,15812,0,4665,0,7230,20477,27708,1809,0,414,0,92,2223,2315,2788273
2025-10-23,2025,10,23,port434,Hai Phong,Vietnam,VNM,4,2,3,0,1,9,10,3951,33956,8573,0,4140,46481,50622,1259,0,2491,0,0,3750,3750,2788274
2025-10-24,2025,10,24,port434,Hai Phong,Vietnam,VNM,13,0,4,0,1,17,18,21667,0,10827,0,0,32494,32494,11278,0,355,0,439,11633,12073,2788275
2025-10-25,2025,10,25,port434,Hai Phong,Vietnam,VNM,10,2,3,1,5,16,21,24646,14483,0,0,10357,39130,49487,629,0,0,0,92,629,722,2788276
2025-10-26,2025,10,26,port434,Hai Phong,Vietnam,VNM,6,1,6,0,4,13,17,7432,18810,4910,0,17666,31153,48820,888,0,2188,0,0,3077,3077,2788277
2025-10-27,2025,10,27,port434,Hai Phong,Vietnam,VNM,10,3,7,0,4,20,24,19968,19805,15064,0,2742,54838,57580,10252,0,414,0,0,10666,10666,2788278
2025-10-28,2025,10,28,port434,Hai Phong,Vietnam,VNM,18,2,5,0,5,25,30,28326,22187,10281,0,7680,60795,68476,10223,0,15,0,211,10238,10450,2788279
2025-10-29,2025,10,29,port434,Hai Phong,Vietnam,VNM,11,2,6,0,5,19,24,25637,2040,11616,0,2056,39294,41351,3148,0,1183,0,0,4332,4332,2788280
2025-10-30,2025,10,30,port434,Hai Phong,Vietnam,VNM,7,1,3,1,6,12,18,28785,17624,0,579,16740,46989,63729,629,0,483,0,92,1112,1205,2788281
2025-10-31,2025,10,31,port434,Hai Phong,Vietnam,VNM,5,4,7,0,7,16,23,9645,104,7798,0,8228,17548,25777,629,2136,1422,0,304,4188,4493,2788282
2025-11-01,2025,11,1,port434,Hai Phong,Vietnam,VNM,17,2,12,0,7,31,38,22354,12144,17743,0,10780,52243,63024,10037,679,7373,0,0,18090,18090,2788283
2025-11-02,2025,11,2,port434,Hai Phong,Vietnam,VNM,9,1,5,0,3,15,18,16389,21896,8753,0,10387,47038,57426,629,0,355,0,176,985,1161,2788284
2025-11-03,2025,11,3,port434,Hai Phong,Vietnam,VNM,9,1,7,0,6,17,23,11481,14961,13231,0,7760,39674,47435,9600,0,1125,0,92,10725,10818,2788285
2025-11-04,2025,11,4,port434,Hai Phong,Vietnam,VNM,12,0,7,1,5,20,25,18880,0,9225,0,6850,28106,34956,1589,0,0,0,283,1589,1873,2788286
2025-11-05,2025,11,5,port434,Hai Phong,Vietnam,VNM,12,2,8,1,2,23,25,35355,26906,3087,0,10006,65348,75355,6859,0,711,3398,0,10968,10968,2788287
2025-11-06,2025,11,6,port434,Hai Phong,Vietnam,VNM,14,3,8,1,6,26,32,30508,16407,16130,194,11636,63240,74877,11362,1381,6889,0,304,19633,19937,2788288
2025-11-07,2025,11,7,port434,Hai Phong,Vietnam,VNM,8,0,4,0,1,12,13,13555,0,4869,0,1026,18425,19451,681,0,1809,0,0,2490,2490,2788289
2025-11-08,2025,11,8,port434,Hai Phong,Vietnam,VNM,10,1,3,0,5,14,19,23967,17966,5269,0,16194,47203,63398,2748,0,769,0,0,3518,3518,2788290
2025-11-09,2025,11,9,port434,Hai Phong,Vietnam,VNM,14,1,6,1,6,22,28,40096,3217,6089,0,8854,49403,58258,2622,0,414,0,718,3036,3755,2788291
2025-11-10,2025,11,10,port434,Hai Phong,Vietnam,VNM,11,4,6,0,5,21,26,27080,26518,6586,0,5929,60184,66114,908,676,9149,0,0,10734,10734,2788292
2025-11-11,2025,11,11,port434,Hai Phong,Vietnam,VNM,8,2,10,0,5,20,25,24514,6556,25343,0,3872,56414,60287,2297,0,355,0,254,2652,2907,2788293
2025-11-12,2025,11,12,port434,Hai Phong,Vietnam,VNM,5,1,5,0,6,11,17,5158,12144,3859,0,2832,21163,23996,1625,679,769,0,92,3073,3166,2788294
2025-11-13,2025,11,13,port434,Hai Phong,Vietnam,VNM,11,1,5,0,5,17,22,17303,7422,9993,0,8309,34719,43028,10336,1381,769,0,2009,12487,14497,2788295
2025-11-14,2025,11,14,port434,Hai Phong,Vietnam,VNM,9,1,7,0,4,17,21,15423,0,8861,0,15691,24285,39976,6163,0,711,0,0,6875,6875,2788296
2025-11-15,2025,11,15,port434,Hai Phong,Vietnam,VNM,6,0,5,0,3,11,14,11655,0,3195,0,5077,14850,19928,1889,0,769,0,0,2658,2658,2788297
2025-11-16,2025,11,16,port434,Hai Phong,Vietnam,VNM,10,0,5,0,2,15,17,21766,0,7347,0,6760,29113,35873,629,0,0,0,0,629,629,2788298
2025-11-17,2025,11,17,port434,Hai Phong,Vietnam,VNM,12,1,5,0,5,18,23,26554,7422,4379,0,10181,38355,48537,1862,1381,1180,0,92,4424,4516,2788299
2025-11-18,2025,11,18,port434,Hai Phong,Vietnam,VNM,11,1,3,0,5,15,20,24032,26121,4054,0,7115,54209,61324,4642,0,1674,0,0,6317,6317,2788300
2025-11-19,2025,11,19,port434,Hai Phong,Vietnam,VNM,10,1,6,0,3,17,20,16054,7422,17946,0,14754,41423,56178,6839,1381,1321,0,92,9541,9634,2788301
2025-11-20,2025,11,20,port434,Hai Phong,Vietnam,VNM,6,1,6,1,2,14,16,17997,4015,10160,0,7982,32173,40156,629,0,4031,0,0,4661,4661,2788302
2025-11-21,2025,11,21,port434,Hai Phong,Vietnam,VNM,12,0,4,0,4,16,20,35395,0,3610,0,4794,39006,43800,11749,0,414,0,92,12163,12255,2788303
2025-11-22,2025,11,22,port434,Hai Phong,Vietnam,VNM,12,0,5,0,6,17,23,27462,0,18411,0,12453,45874,58328,4410,0,264,0,0,4675,4675,2788304
2025-11-23,2025,11,23,port434,Hai Phong,Vietnam,VNM,7,0,8,0,8,15,23,11555,0,6742,0,8166,18297,26464,4865,0,1597,0,92,6462,6555,2788305
2025-11-24,2025,11,24,port434,Hai Phong,Vietnam,VNM,20,0,9,1,4,30,34,48809,0,18082,0,12146,66892,79038,5452,0,2897,0,92,8350,8443,2788306
2025-11-25,2025,11,25,port434,Hai Phong,Vietnam,VNM,14,0,9,1,5,24,29,25718,0,14696,579,16479,40994,57474,4092,0,996,0,0,5088,5088,2788307
2025-11-26,2025,11,26,port434,Hai Phong,Vietnam,VNM,10,2,6,1,5,19,24,17521,31057,10179,0,12284,58759,71044,11804,0,2248,0,94,14052,14147,2788308
2025-11-27,2025,11,27,port434,Hai Phong,Vietnam,VNM,10,3,5,1,5,19,24,12444,8977,9255,0,3362,30677,34039,1941,105,828,2928,92,5803,5895,2788309
2025-11-28,2025,11,28,port434,Hai Phong,Vietnam,VNM,7,1,2,0,3,10,13,14849,12144,6569,0,5040,33563,38604,5279,679,454,0,176,6412,6589,2788310
2025-11-29,2025,11,29,port434,Hai Phong,Vietnam,VNM,5,1,3,0,2,9,11,9484,12939,13184,0,4169,35607,39776,2359,0,414,0,0,2773,2773,2788311
2025-11-30,2025,11,30,port434,Hai Phong,Vietnam,VNM,10,2,3,0,4,15,19,12820,27271,4848,0,10876,44939,55815,11056,0,1183,0,0,12240,12240,2788312
2025-12-01,2025,12,1,port434,Hai Phong,Vietnam,VNM,9,3,8,0,6,20,26,17883,26989,11554,0,14762,56426,71188,3010,3441,1242,0,176,7694,7870,2788313
2025-12-02,2025,12,2,port434,Hai Phong,Vietnam,VNM,17,1,10,0,8,28,36,42929,114,8113,0,6343,51157,57501,2013,0,4435,0,0,6448,6448,2788314
2025-12-03,2025,12,3,port434,Hai Phong,Vietnam,VNM,12,4,8,0,3,24,27,35954,28209,7203,0,11111,71367,82478,629,0,2162,0,176,2791,2968,2788315
2025-12-04,2025,12,4,port434,Hai Phong,Vietnam,VNM,10,3,6,1,4,20,24,14104,23760,3587,0,16589,41452,58042,7806,1381,3945,0,92,13133,13226,2788316
2025-12-05,2025,12,5,port434,Hai Phong,Vietnam,VNM,7,3,3,1,6,14,20,23327,8985,4392,854,27193,37559,64753,2674,0,414,0,92,3088,3180,2788317
2025-12-06,2025,12,6,port434,Hai Phong,Vietnam,VNM,11,0,3,0,4,14,18,22988,0,0,0,31,22988,23020,5827,0,0,0,0,5827,5827,2788318
2025-12-07,2025,12,7,port434,Hai Phong,Vietnam,VNM,9,0,5,1,4,15,19,17352,0,7518,0,8342,24871,33213,12888,0,769,0,0,13658,13658,2788319
2025-12-08,2025,12,8,port434,Hai Phong,Vietnam,VNM,12,1,9,0,7,22,29,34526,0,8653,0,11765,43179,54945,3760,0,1125,0,92,4885,4978,2788320
2025-12-09,2025,12,9,port434,Hai Phong,Vietnam,VNM,20,4,3,0,6,27,33,39283,43487,13766,0,12190,96537,108727,28279,1381,0,0,0,29660,29660,2788321
2025-12-10,2025,12,10,port434,Hai Phong,Vietnam,VNM,13,0,8,0,6,21,27,29450,0,6480,0,8933,35931,44864,4066,0,1705,0,92,5771,5864,2788322
2025-12-11,2025,12,11,port434,Hai Phong,Vietnam,VNM,7,0,6,1,4,14,18,21411,0,2258,0,4819,23669,28488,1889,0,355,0,0,2244,2244,2788323
2025-12-12,2025,12,12,port434,Hai Phong,Vietnam,VNM,5,0,7,0,6,12,18,9077,0,3797,0,17687,12874,30562,1889,0,840,0,92,2730,2822,2788324
2025-12-13,2025,12,13,port434,Hai Phong,Vietnam,VNM,15,1,7,0,4,23,27,26707,23012,12568,0,3490,62288,65779,2750,0,1066,0,0,3816,3816,2788325
2025-12-14,2025,12,14,port434,Hai Phong,Vietnam,VNM,8,1,2,0,6,11,17,16128,25121,1350,0,22653,42599,65253,1778,0,0,0,0,1778,1778,2788326
2025-12-15,2025,12,15,port434,Hai Phong,Vietnam,VNM,9,0,4,0,4,13,17,23401,0,8958,0,6069,32360,38429,1259,0,414,0,0,1673,1673,2788327
2025-12-16,2025,12,16,port434,Hai Phong,Vietnam,VNM,12,0,7,0,4,19,23,20212,0,4620,0,3931,24833,28764,3288,0,2851,0,0,6139,6139,2788328
2025-12-17,2025,12,17,port434,Hai Phong,Vietnam,VNM,9,0,7,1,4,17,21,10870,0,11998,0,12682,22868,35551,4812,0,711,0,0,5523,5523,2788329
2025-12-18,2025,12,18,port434,Hai Phong,Vietnam,VNM,6,0,6,0,6,12,18,14939,0,6755,0,6528,21695,28224,1024,0,414,0,222,1438,1661,2788330
2025-12-19,2025,12,19,port434,Hai Phong,Vietnam,VNM,14,0,8,0,5,22,27,35900,0,2301,0,2670,38202,40872,4172,0,4490,0,0,8662,8662,2788331
2025-12-20,2025,12,20,port434,Hai Phong,Vietnam,VNM,8,0,8,0,5,16,21,16755,0,17079,0,3324,33834,37159,1459,0,2078,0,0,3538,3538,2788332
2025-12-21,2025,12,21,port434,Hai Phong,Vietnam,VNM,11,0,7,0,6,18,24,23381,0,6671,0,18393,30053,48446,3317,0,4273,0,0,7590,7590,2788333
2025-12-22,2025,12,22,port434,Hai Phong,Vietnam,VNM,13,1,10,2,4,26,30,20248,11466,11219,1584,13072,44519,57591,9561,0,3558,0,0,13119,13119,2788334
2025-12-23,2025,12,23,port434,Hai Phong,Vietnam,VNM,11,3,7,0,8,21,29,25902,19566,9019,0,11716,54488,66205,4274,2060,828,0,92,7162,7255,2788335
2025-12-24,2025,12,24,port434,Hai Phong,Vietnam,VNM,17,0,3,0,4,20,24,23667,0,1543,0,15010,25210,40221,28312,0,355,0,0,28668,28668,2788336
2025-12-25,2025,12,25,port434,Hai Phong,Vietnam,VNM,12,0,3,0,4,15,19,21548,0,1652,0,5066,23200,28266,7777,0,1453,0,0,9231,9231,2788337
2025-12-26,2025,12,26,port434,Hai Phong,Vietnam,VNM,9,2,2,1,4,14,18,13843,33035,2151,0,10679,49030,59709,1554,1381,0,0,0,2935,2935,2788338
2025-12-27,2025,12,27,port434,Hai Phong,Vietnam,VNM,13,1,10,0,4,24,28,36534,0,11345,0,16959,47880,64840,3148,0,2508,0,0,5657,5657,2788339
2025-12-28,2025,12,28,port434,Hai Phong,Vietnam,VNM,9,0,4,0,6,13,19,21233,0,3877,0,2450,25110,27561,0,0,0,0,92,0,92,2788340
2025-12-29,2025,12,29,port434,Hai Phong,Vietnam,VNM,7,3,8,0,8,18,26,24225,20866,9859,0,15769,54952,70722,3148,2060,828,0,0,6036,6036,2788341
2025-12-30,2025,12,30,port434,Hai Phong,Vietnam,VNM,12,2,10,1,5,25,30,28781,4855,20944,0,6056,54582,60638,7103,0,10380,0,176,17484,17660,2788342
2025-12-31,2025,12,31,port434,Hai Phong,Vietnam,VNM,16,2,1,0,4,19,23,28777,23346,0,0,7301,52123,59425,901,0,0,0,35,901,936,2788343
2026-01-01,2026,1,1,port434,Hai Phong,Vietnam,VNM,10,0,6,0,9,16,25,30579,0,5121,0,19010,35701,54712,629,0,4094,0,92,4724,4816,2788344
2026-01-02,2026,1,2,port434,Hai Phong,Vietnam,VNM,13,2,6,2,4,23,27,35713,23576,19069,1604,4784,79963,84748,2255,0,414,160,0,2830,2830,2788345
2026-01-03,2026,1,3,port434,Hai Phong,Vietnam,VNM,8,0,8,0,4,16,20,11452,0,4825,0,3519,16278,19797,5521,0,3206,0,0,8728,8728,2788346
2026-01-04,2026,1,4,port434,Hai Phong,Vietnam,VNM,9,0,2,1,5,12,17,32057,0,4147,0,8293,36204,44497,0,0,355,0,92,355,448,2788347
2026-01-05,2026,1,5,port434,Hai Phong,Vietnam,VNM,14,2,7,1,6,24,30,38469,23630,4679,960,12796,67740,80536,4918,0,355,0,92,5273,5366,2788348
2026-01-06,2026,1,6,port434,Hai Phong,Vietnam,VNM,5,0,2,0,5,7,12,11217,0,3458,0,13006,14675,27681,5621,0,414,0,1203,6035,7239,2788349
2026-01-07,2026,1,7,port434,Hai Phong,Vietnam,VNM,9,1,5,0,4,15,19,13370,2398,12228,0,0,27997,27997,3860,0,1776,0,0,5636,5636,2788350
2026-01-08,2026,1,8,port434,Hai Phong,Vietnam,VNM,9,1,7,0,4,17,21,8061,0,3195,0,6993,11257,18250,9678,0,1918,0,176,11597,11773,2788351
2026-01-09,2026,1,9,port434,Hai Phong,Vietnam,VNM,16,0,6,0,7,22,29,26360,0,8999,0,14192,35360,49552,5434,0,1507,0,1140,6942,8083,2788352
2026-01-10,2026,1,10,port434,Hai Phong,Vietnam,VNM,9,0,5,0,4,14,18,13002,0,3339,0,6508,16342,22850,6308,0,355,0,0,6663,6663,2788353
2026-01-11,2026,1,11,port434,Hai Phong,Vietnam,VNM,12,0,9,0,6,21,27,19643,0,12813,0,12035,32456,44491,3787,0,6834,0,0,10622,10622,2788354
2026-01-12,2026,1,12,port434,Hai Phong,Vietnam,VNM,9,1,3,0,6,13,19,18551,7422,2757,0,18744,28730,47475,1024,1381,414,0,185,2819,3005,2788355
2026-01-13,2026,1,13,port434,Hai Phong,Vietnam,VNM,9,2,6,0,8,17,25,22654,17105,4123,0,10526,43883,54410,5008,0,1564,0,269,6572,6842,2788356
2026-01-14,2026,1,14,port434,Hai Phong,Vietnam,VNM,9,1,9,0,2,19,21,10534,0,12316,0,7909,22851,30760,4325,2049,11020,0,0,17395,17395,2788357
2026-01-15,2026,1,15,port434,Hai Phong,Vietnam,VNM,11,0,5,0,6,16,22,16275,0,3683,0,4841,19959,24801,23296,0,1287,0,0,24583,24583,2788358
2026-01-16,2026,1,16,port434,Hai Phong,Vietnam,VNM,13,3,7,0,5,23,28,24383,22237,4848,0,5758,51469,57227,4714,230,2775,0,0,7720,7720,2788359
2026-01-17,2026,1,17,port434,Hai Phong,Vietnam,VNM,18,2,4,1,4,25,29,28193,34784,0,0,10309,62978,73287,5384,0,0,0,254,5384,5639,2788360
2026-01-18,2026,1,18,port434,Hai Phong,Vietnam,VNM,10,2,4,0,4,16,20,20103,12144,3663,0,1868,35911,37780,0,679,355,0,92,1034,1127,2788361
2026-01-19,2026,1,19,port434,Hai Phong,Vietnam,VNM,10,1,7,0,5,18,23,16351,0,9449,0,15963,25801,41765,2467,0,0,0,92,2467,2559,2788362
2026-01-20,2026,1,20,port434,Hai Phong,Vietnam,VNM,7,1,8,0,8,16,24,8163,7422,8762,0,23317,24348,47666,12554,1381,1066,0,0,15002,15002,2788363
2026-01-21,2026,1,21,port434,Hai Phong,Vietnam,VNM,11,0,5,0,6,16,22,17285,0,10590,0,9701,27876,37577,5025,0,1087,0,92,6113,6206,2788364
2026-01-22,2026,1,22,port434,Hai Phong,Vietnam,VNM,14,0,1,0,5,15,20,28568,0,0,0,10743,28568,39312,6023,0,0,0,0,6023,6023,2788365
2026-01-23,2026,1,23,port434,Hai Phong,Vietnam,VNM,11,1,5,0,4,17,21,31846,0,1416,0,9160,33262,42423,629,0,6559,0,0,7188,7188,2788366
2026-01-24,2026,1,24,port434,Hai Phong,Vietnam,VNM,8,2,4,0,5,14,19,9252,8985,4936,0,7741,23175,30917,7219,0,641,0,0,7860,7860,2788367
2026-01-25,2026,1,25,port434,Hai Phong,Vietnam,VNM,10,0,6,0,7,16,23,26223,0,4492,0,17569,30716,48285,1259,0,1306,0,92,2565,2658,2788368
2026-01-26,2026,1,26,port434,Hai Phong,Vietnam,VNM,12,1,5,0,6,18,24,19315,24669,1543,0,10603,45528,56131,4521,0,355,0,2987,4876,7864,2788369
2026-01-27,2026,1,27,port434,Hai Phong,Vietnam,VNM,12,2,5,0,5,19,24,29651,1454,1447,0,3983,32553,36536,6427,0,2135,0,0,8562,8562,2788370
2026-01-28,2026,1,28,port434,Hai Phong,Vietnam,VNM,14,0,6,0,6,20,26,32303,0,6999,0,8123,39302,47425,1889,0,941,0,269,2830,3099,2788371
2026-01-29,2026,1,29,port434,Hai Phong,Vietnam,VNM,9,2,6,0,7,17,24,14509,27981,11494,0,11285,53984,65269,1889,0,355,0,254,2244,2499,2788372
2026-01-30,2026,1,30,port434,Hai Phong,Vietnam,VNM,16,1,8,0,6,25,31,34653,0,9319,0,10886,43973,54859,2518,0,828,0,0,3346,3346,2788373
2026-01-31,2026,1,31,port434,Hai Phong,Vietnam,VNM,10,0,8,0,2,18,20,11379,0,16888,0,8673,28267,36940,14234,0,414,0,92,14648,14740,2788374
2026-02-01,2026,2,1,port434,Hai Phong,Vietnam,VNM,10,0,2,2,5,14,19,16757,0,2155,767,7178,19680,26858,4062,0,0,0,0,4062,4062,2788375
2026-02-02,2026,2,2,port434,Hai Phong,Vietnam,VNM,6,1,7,0,8,14,22,21925,12144,10432,0,8520,44503,53023,1405,679,342,0,0,2426,2426,2788376
2026-02-03,2026,2,3,port434,Hai Phong,Vietnam,VNM,7,0,7,0,4,14,18,7164,0,5531,0,23060,12696,35756,629,0,414,0,0,1043,1043,2788377
2026-02-04,2026,2,4,port434,Hai Phong,Vietnam,VNM,7,2,10,0,2,19,21,7171,8107,10618,0,462,25897,26360,5547,0,1399,0,0,6947,6947,2788378
2026-02-05,2026,2,5,port434,Hai Phong,Vietnam,VNM,6,3,7,1,3,17,20,14955,18131,12497,435,9091,46020,55112,629,0,355,160,0,1146,1146,2788379
2026-02-06,2026,2,6,port434,Hai Phong,Vietnam,VNM,12,1,3,2,8,18,26,28312,0,4076,0,17639,32388,50028,5719,0,0,0,269,5719,5989,2788380
2026-02-07,2026,2,7,port434,Hai Phong,Vietnam,VNM,22,1,8,1,5,32,37,38433,0,11424,0,11442,49857,61300,16579,0,4446,0,254,21025,21280,2788381
2026-02-08,2026,2,8,port434,Hai Phong,Vietnam,VNM,13,0,3,0,8,16,24,37613,0,3997,0,15045,41611,56656,5006,0,355,0,0,5362,5362,2788382
2026-02-09,2026,2,9,port434,Hai Phong,Vietnam,VNM,10,1,7,0,3,18,21,10619,1240,8471,0,8261,20332,28594,1753,0,355,0,92,2109,2201,2788383
2026-02-10,2026,2,10,port434,Hai Phong,Vietnam,VNM,7,1,8,0,6,16,22,4645,8985,4066,0,9659,17697,27356,5873,0,355,0,92,6228,6321,2788384
2026-02-11,2026,2,11,port434,Hai Phong,Vietnam,VNM,13,0,7,0,6,20,26,23292,0,8462,0,6388,31755,38143,1889,0,711,0,0,2600,2600,2788385
2026-02-12,2026,2,12,port434,Hai Phong,Vietnam,VNM,7,1,9,0,7,17,24,9332,7422,6975,0,8586,23730,32316,7912,1381,1183,0,162,10477,10639,2788386
2026-02-13,2026,2,13,port434,Hai Phong,Vietnam,VNM,8,2,5,0,3,15,18,14391,0,3087,0,8673,17478,26152,9713,0,711,0,92,10424,10517,2788387
2026-02-14,2026,2,14,port434,Hai Phong,Vietnam,VNM,12,3,4,0,3,19,22,24878,0,4279,0,5414,29157,34571,4417,0,2282,0,0,6699,6699,2788388
2026-02-15,2026,2,15,port434,Hai Phong,Vietnam,VNM,10,1,5,1,4,17,21,5308,0,9415,0,3737,14724,18461,23837,0,535,0,185,24372,24558,2788389
2026-02-16,2026,2,16,port434,Hai Phong,Vietnam,VNM,12,0,2,0,2,14,16,32189,0,7798,0,102,39987,40090,9574,0,414,0,0,9988,9988,2788390
2026-02-17,2026,2,17,port434,Hai Phong,Vietnam,VNM,10,1,2,0,3,13,16,15480,8622,7837,0,5362,31941,37303,2941,0,2178,0,0,5120,5120,2788391
2026-02-18,2026,2,18,port434,Hai Phong,Vietnam,VNM,4,0,3,0,5,7,12,4319,0,5272,0,6160,9592,15752,2110,0,227,0,162,2337,2499,2788392
2026-02-19,2026,2,19,port434,Hai Phong,Vietnam,VNM,14,0,3,0,4,17,21,26116,0,4200,0,11950,30317,42268,7698,0,355,0,0,8054,8054,2788393
2026-02-20,2026,2,20,port434,Hai Phong,Vietnam,VNM,8,0,1,0,3,9,12,15269,0,0,0,7016,15269,22286,1747,0,0,0,0,1747,1747,2788394
2026-02-21,2026,2,21,port434,Hai Phong,Vietnam,VNM,8,1,2,0,4,11,15,17206,22014,2477,0,6103,41698,47802,6436,0,0,0,0,6436,6436,2788395
2026-02-22,2026,2,22,port434,Hai Phong,Vietnam,VNM,5,1,15,1,4,22,26,13543,0,25027,0,6560,38571,45132,4374,0,1836,0,0,6210,6210,2788396
2026-02-23,2026,2,23,port434,Hai Phong,Vietnam,VNM,8,0,5,0,3,13,16,30226,0,9586,0,5453,39813,45266,629,0,355,0,0,985,985,2788397
2026-02-24,2026,2,24,port434,Hai Phong,Vietnam,VNM,4,0,4,0,6,8,14,2380,0,0,0,19640,2380,22020,2697,0,3688,0,0,6386,6386,2788398
2026-02-25,2026,2,25,port434,Hai Phong,Vietnam,VNM,10,0,4,0,5,14,19,33490,0,2756,0,14669,36246,50916,8943,0,1397,0,162,10341,10503,2788399
2026-02-26,2026,2,26,port434,Hai Phong,Vietnam,VNM,11,2,3,1,4,17,21,27261,4042,8163,1357,5237,40824,46062,5802,1886,0,0,0,7689,7689,2788400
2026-02-27,2026,2,27,port434,Hai Phong,Vietnam,VNM,10,0,10,0,3,20,23,17941,0,9111,0,9824,27052,36877,8142,0,769,0,0,8911,8911,2788401
2026-02-28,2026,2,28,port434,Hai Phong,Vietnam,VNM,9,1,2,0,3,12,15,17570,13812,4132,0,11247,35514,46761,3586,0,414,0,0,4000,4000,2788402
2026-03-01,2026,3,1,port434,Hai Phong,Vietnam,VNM,9,0,3,0,5,12,17,18302,0,4849,0,5464,23151,28615,2305,0,414,0,0,2719,2719,2788403
2026-03-03,2026,3,3,port434,Hai Phong,Vietnam,VNM,10,1,6,0,4,17,21,33768,7422,4827,0,7010,46017,53028,1653,1381,0,0,0,3035,3035,2788407
2026-03-04,2026,3,4,port434,Hai Phong,Vietnam,VNM,7,1,2,0,5,10,15,8924,2518,1543,0,5308,12986,18295,3140,0,355,0,92,3495,3588,2788410
2026-03-05,2026,3,5,port434,Hai Phong,Vietnam,VNM,11,0,4,0,5,15,20,25463,0,16440,0,13441,41903,55345,7095,0,0,0,92,7095,7187,2788413
2026-03-06,2026,3,6,port434,Hai Phong,Vietnam,VNM,10,0,6,0,3,16,19,12142,0,14229,0,2121,26372,28493,3522,0,225,0,2014,3748,5762,2788416
2026-03-07,2026,3,7,port434,Hai Phong,Vietnam,VNM,9,0,8,0,5,17,22,16299,0,4848,0,6898,21147,28046,7446,0,1622,0,269,9069,9338,2788419
2026-03-08,2026,3,8,port434,Hai Phong,Vietnam,VNM,9,0,4,0,4,13,17,19980,0,7033,0,4169,27013,31182,7175,0,1125,0,0,8301,8301,2788817
2026-03-09,2026,3,9,port434,Hai Phong,Vietnam,VNM,8,0,6,1,5,15,20,15765,0,7846,3191,14259,26802,41062,1793,0,655,0,0,2449,2449,2788818
2026-03-10,2026,3,10,port434,Hai Phong,Vietnam,VNM,6,0,2,1,4,9,13,6314,0,1954,0,4261,8268,12530,629,0,0,0,0,629,629,2788819
2026-03-11,2026,3,11,port434,Hai Phong,Vietnam,VNM,10,1,7,1,7,19,26,24683,12144,13299,0,13156,50127,63284,3176,679,769,0,254,4625,4879,2788820
2026-03-12,2026,3,12,port434,Hai Phong,Vietnam,VNM,16,1,4,0,5,21,26,35879,1454,3195,0,10464,40529,50994,6587,0,769,0,535,7356,7892,2788821
2026-03-13,2026,3,13,port434,Hai Phong,Vietnam,VNM,14,2,6,0,7,22,29,28267,18775,6109,0,9203,53152,62356,2680,0,0,0,269,2680,2950,2788822
2026-03-14,2026,3,14,port434,Hai Phong,Vietnam,VNM,12,0,4,0,5,16,21,27062,0,1996,0,11990,29058,41049,5938,0,355,0,0,6293,6293,2788823
2026-03-15,2026,3,15,port434,Hai Phong,Vietnam,VNM,7,1,5,0,2,13,15,24732,14684,7521,0,732,46938,47671,3680,0,1850,0,0,5530,5530,2788824
2026-03-16,2026,3,16,port434,Hai Phong,Vietnam,VNM,12,2,5,1,5,20,25,24002,9270,9150,0,14006,42423,56430,10528,1381,0,0,338,11909,12247,2788825
2026-03-17,2026,3,17,port434,Hai Phong,Vietnam,VNM,6,4,5,0,6,15,21,17092,9940,6830,0,3350,33863,37213,629,1381,1055,0,0,3066,3066,2788826
2026-03-18,2026,3,18,port434,Hai Phong,Vietnam,VNM,13,0,6,0,6,19,25,18470,0,10843,0,9902,29313,39215,6547,0,0,0,176,6547,6723,2788827
2026-03-19,2026,3,19,port434,Hai Phong,Vietnam,VNM,11,0,5,0,5,16,21,17686,0,6282,0,10793,23968,34762,4565,0,1480,0,92,6045,6138,2788828
2026-03-20,2026,3,20,port434,Hai Phong,Vietnam,VNM,16,3,6,1,4,26,30,41427,24051,4920,0,6888,70399,77288,5137,2060,355,0,436,7553,7989,2788829
2026-03-21,2026,3,21,port434,Hai Phong,Vietnam,VNM,6,0,5,0,3,11,14,12976,0,7126,0,8329,20102,28431,1889,0,355,0,0,2244,2244,2788830
2026-03-22,2026,3,22,port434,Hai Phong,Vietnam,VNM,13,4,10,0,6,27,33,23481,65298,13146,0,5683,101926,107610,8508,0,2390,0,92,10899,10992,2788831
2026-03-23,2026,3,23,port434,Hai Phong,Vietnam,VNM,8,1,6,0,5,15,20,7341,7422,6207,0,12981,20971,33953,2779,1381,711,0,0,4871,4871,2788832
2026-03-24,2026,3,24,port434,Hai Phong,Vietnam,VNM,11,1,6,0,4,18,22,32025,781,19220,0,7186,52027,59213,1889,0,227,0,0,2116,2116,2788833
2026-03-25,2026,3,25,port434,Hai Phong,Vietnam,VNM,11,6,12,0,3,29,32,17671,46784,14934,0,9158,79390,88548,5317,2762,1183,0,0,9263,9263,2788834
2026-03-26,2026,3,26,port434,Hai Phong,Vietnam,VNM,10,0,5,0,4,15,19,17329,0,3694,0,14384,21024,35408,3892,0,1412,0,0,5305,5305,2788835
2026-03-27,2026,3,27,port434,Hai Phong,Vietnam,VNM,13,1,8,0,4,22,26,30306,0,8753,0,5415,39060,44476,4361,0,9463,0,187,13824,14011,2788836
2026-03-28,2026,3,28,port434,Hai Phong,Vietnam,VNM,13,3,4,1,4,21,25,27135,12144,8791,0,2190,48071,50261,6872,5763,355,0,92,12992,13085,2788837
2026-03-29,2026,3,29,port434,Hai Phong,Vietnam,VNM,11,1,3,0,5,15,20,14707,7422,10166,0,18294,32296,50590,7473,1381,227,0,162,9081,9243,2788838
2026-03-30,2026,3,30,port434,Hai Phong,Vietnam,VNM,7,1,7,0,4,15,19,15416,9947,6282,0,7527,31646,39173,3278,0,1480,0,92,4759,4851,2788839
2026-03-31,2026,3,31,port434,Hai Phong,Vietnam,VNM,16,0,5,0,3,21,24,34012,0,8168,0,7476,42181,49657,7468,0,414,0,0,7882,7882,2788840
2026-04-01,2026,4,1,port434,Hai Phong,Vietnam,VNM,6,1,6,1,3,14,17,9982,4127,6773,435,3559,21319,24879,1769,0,1132,160,0,3062,3062,2788841
2026-04-02,2026,4,2,port434,Hai Phong,Vietnam,VNM,12,1,5,0,4,18,22,22612,0,3773,0,11710,26386,38096,3430,0,355,0,162,3785,3947,2788842
2026-04-03,2026,4,3,port434,Hai Phong,Vietnam,VNM,15,2,4,0,7,21,28,29739,1240,8843,0,18244,39823,58068,5274,5260,0,0,0,10535,10535,2788843
2026-04-04,2026,4,4,port434,Hai Phong,Vietnam,VNM,13,0,7,1,5,21,26,28601,0,1543,1633,6652,31778,38430,6431,0,7218,0,92,13649,13742,2788844
2026-04-05,2026,4,5,port434,Hai Phong,Vietnam,VNM,9,1,7,0,5,17,22,13965,22563,7846,0,4321,44375,48697,4162,0,1125,0,1545,5288,6833,2788845
2026-04-06,2026,4,6,port434,Hai Phong,Vietnam,VNM,8,0,10,0,3,18,21,26459,0,7056,0,8645,33516,42161,276,0,711,0,162,987,1149,2788846
2026-04-07,2026,4,7,port434,Hai Phong,Vietnam,VNM,16,0,5,0,5,21,26,36866,0,7725,0,4542,44591,49134,2894,0,0,0,0,2894,2894,2788848
2026-04-08,2026,4,8,port434,Hai Phong,Vietnam,VNM,10,0,2,0,4,12,16,23979,0,3087,0,1228,27066,28294,2015,0,711,0,0,2726,2726,2788849
2026-04-09,2026,4,9,port434,Hai Phong,Vietnam,VNM,7,3,9,0,4,19,23,11790,24645,9981,0,6397,46417,52815,7140,7578,1125,0,92,15844,15937,2788851
2026-04-10,2026,4,10,port434,Hai Phong,Vietnam,VNM,7,0,5,1,1,13,14,12444,0,10295,0,1259,22739,23999,1787,0,790,0,0,2577,2577,2788853
2026-04-11,2026,4,11,port434,Hai Phong,Vietnam,VNM,14,0,5,0,1,19,20,23164,0,6423,0,0,29587,29587,7182,0,1125,0,0,8307,8307,2788855
2026-04-12,2026,4,12,port434,Hai Phong,Vietnam,VNM,13,0,7,0,5,20,25,26167,0,5645,0,1241,31812,33054,1889,0,355,0,163,2244,2407,2788857
2026-04-13,2026,4,13,port434,Hai Phong,Vietnam,VNM,8,0,3,0,4,11,15,12790,0,2776,0,7546,15567,23114,12286,0,615,0,0,12902,12902,2788859
2026-04-14,2026,4,14,port434,Hai Phong,Vietnam,VNM,13,1,9,1,3,24,27,21443,22121,8640,0,7250,52205,59455,4952,0,414,3868,162,9235,9397,2788861
2026-04-15,2026,4,15,port434,Hai Phong,Vietnam,VNM,11,2,3,0,4,16,20,15896,18722,11269,0,5996,45888,51884,4948,0,0,0,0,4948,4948,2788863
2026-04-16,2026,4,16,port434,Hai Phong,Vietnam,VNM,14,0,4,0,4,18,22,47488,0,552,0,9073,48041,57114,3778,0,7621,0,0,11399,11399,2788865
2026-04-17,2026,4,17,port434,Hai Phong,Vietnam,VNM,6,1,5,0,6,12,18,9087,0,5716,0,11589,14803,26392,10289,0,355,0,448,10644,11093,2788867
2026-04-18,2026,4,18,port434,Hai Phong,Vietnam,VNM,17,2,7,0,3,26,29,26159,17110,11556,0,8673,54826,63499,8141,679,1183,0,92,10004,10097,2788869
2026-04-19,2026,4,19,port434,Hai Phong,Vietnam,VNM,8,1,3,1,2,13,15,31128,0,3151,0,6181,34280,40461,1259,0,1091,0,0,2351,2351,2788871
2026-04-20,2026,4,20,port434,Hai Phong,Vietnam,VNM,11,1,8,0,4,20,24,11703,12144,12721,0,11241,36569,47811,14921,679,355,0,0,15956,15956,2788873
2026-04-21,2026,4,21,port434,Hai Phong,Vietnam,VNM,12,2,5,0,3,19,22,18114,20566,1543,0,2802,40224,43027,8899,0,355,0,92,9254,9347,2788875
2026-04-22,2026,4,22,port434,Hai Phong,Vietnam,VNM,11,1,7,0,3,19,22,29542,5151,10415,0,9507,45109,54617,6296,0,1242,0,0,7539,7539,2788877
2026-04-23,2026,4,23,port434,Hai Phong,Vietnam,VNM,14,1,4,0,3,19,22,25284,0,5304,0,7739,30589,38328,12210,0,0,0,92,12210,12303,2788879
2026-04-24,2026,4,24,port434,Hai Phong,Vietnam,VNM,9,0,8,1,5,18,23,17189,0,10716,0,15087,27906,42993,5173,0,3071,0,0,8244,8244,2788881
2026-04-25,2026,4,25,port434,Hai Phong,Vietnam,VNM,12,0,8,2,4,22,26,23607,0,13461,435,5335,37504,42840,7945,0,4975,1849,2198,14771,16969,2788883
2026-04-26,2026,4,26,port434,Hai Phong,Vietnam,VNM,11,0,4,0,3,15,18,19840,0,1543,0,9042,21383,30426,6722,0,355,0,0,7078,7078,2788885
2026-04-27,2026,4,27,port434,Hai Phong,Vietnam,VNM,10,0,8,0,6,18,24,14513,0,21740,0,8486,36253,44740,4741,0,1125,0,0,5866,5866,2788887
2026-04-28,2026,4,28,port434,Hai Phong,Vietnam,VNM,13,0,3,0,5,16,21,28406,0,3351,0,8679,31758,40437,6515,0,0,0,0,6515,6515,2788889
2026-04-29,2026,4,29,port434,Hai Phong,Vietnam,VNM,7,1,5,0,2,13,15,9443,935,4857,0,5947,15236,21184,0,0,3570,0,0,3570,3570,2788891
2026-04-30,2026,4,30,port434,Hai Phong,Vietnam,VNM,9,0,5,0,3,14,17,15025,0,4630,0,7949,19655,27605,1725,0,1066,0,92,2791,2884,2788893
2026-05-01,2026,5,1,port434,Hai Phong,Vietnam,VNM,11,2,8,1,3,22,25,16187,25301,12919,973,6804,55382,62187,13491,0,582,0,0,14074,14074,2788897
2026-05-02,2026,5,2,port434,Hai Phong,Vietnam,VNM,11,1,2,0,3,14,17,25572,4127,4264,0,12443,33964,46407,1259,0,355,0,0,1614,1614,2788900
2026-05-03,2026,5,3,port434,Hai Phong,Vietnam,VNM,11,0,6,0,3,17,20,28557,0,15291,0,727,43848,44575,1259,0,711,0,0,1970,1970,2788903
2026-05-04,2026,5,4,port434,Hai Phong,Vietnam,VNM,8,2,4,0,6,14,20,26695,14663,0,0,12368,41359,53727,629,679,0,0,0,1308,1308,2788906
2026-05-05,2026,5,5,port434,Hai Phong,Vietnam,VNM,9,1,4,0,3,14,17,28697,0,1168,0,10053,29865,39918,2312,0,0,0,92,2312,2405,2788909
2026-05-06,2026,5,6,port434,Hai Phong,Vietnam,VNM,9,1,8,1,2,19,21,20575,2560,13467,3216,8262,39819,48082,5964,0,1125,0,0,7089,7089,2788912
2026-05-07,2026,5,7,port434,Hai Phong,Vietnam,VNM,12,3,8,1,3,24,27,38685,7422,17810,0,2041,63917,65959,3214,1381,414,3868,0,8878,8878,2788915
2026-05-08,2026,5,8,port434,Hai Phong,Vietnam,VNM,10,2,9,2,5,23,28,17951,14656,11250,0,8008,43858,51867,7040,0,711,0,0,7751,7751,2788918
2026-05-09,2026,5,9,port434,Hai Phong,Vietnam,VNM,10,0,5,0,4,15,19,28794,0,3964,0,9961,32758,42719,11965,0,711,0,92,12676,12769,2788921
2026-05-10,2026,5,10,port434,Hai Phong,Vietnam,VNM,9,2,5,0,5,16,21,20393,28790,1102,0,4904,50286,55191,1664,1381,0,0,187,3046,3233,2788924
2026-05-11,2026,5,11,port434,Hai Phong,Vietnam,VNM,13,1,7,0,2,21,23,32615,0,7021,0,7352,39637,46989,4774,3125,71,0,176,7971,8148,2788927
2026-05-12,2026,5,12,port434,Hai Phong,Vietnam,VNM,11,1,5,0,6,17,23,20638,7422,5298,0,14681,33358,48039,4624,1381,355,0,0,6361,6361,2788930
2026-05-13,2026,5,13,port434,Hai Phong,Vietnam,VNM,8,0,7,0,3,15,18,9853,0,17329,0,11631,27183,38814,1259,0,355,0,0,1614,1614,2788933
2026-05-14,2026,5,14,port434,Hai Phong,Vietnam,VNM,10,2,2,0,5,14,19,8465,26106,5745,0,8526,40317,48843,5386,679,0,0,211,6065,6277,2788936
2026-05-15,2026,5,15,port434,Hai Phong,Vietnam,VNM,10,0,8,0,6,18,24,9643,0,13040,0,7149,22684,29833,14722,0,1958,0,2000,16680,18681,2788938
2026-05-16,2026,5,16,port434,Hai Phong,Vietnam,VNM,14,1,1,0,6,16,22,30230,13838,1543,0,8787,45612,54400,18267,0,355,0,92,18623,18715,2788940
2026-05-17,2026,5,17,port434,Hai Phong,Vietnam,VNM,9,1,8,1,2,19,21,11646,12144,13853,0,0,37645,37645,2905,679,0,0,0,3584,3584,2788943
2026-05-18,2026,5,18,port434,Hai Phong,Vietnam,VNM,11,0,8,1,2,20,22,26257,0,5734,0,4018,31991,36010,6610,0,1125,0,0,7735,7735,2788946
2026-05-19,2026,5,19,port434,Hai Phong,Vietnam,VNM,12,3,6,0,5,21,26,22622,2588,7728,0,23142,32939,56082,3814,0,769,0,0,4583,4583,2788949
2026-05-20,2026,5,20,port434,Hai Phong,Vietnam,VNM,12,2,7,0,4,21,25,25274,935,14661,0,5556,40871,46428,5119,0,769,0,92,5889,5982,2788952
2026-05-21,2026,5,21,port434,Hai Phong,Vietnam,VNM,12,1,2,1,6,16,22,21572,25056,1543,0,21665,48172,69838,4701,0,355,0,92,5057,5150,2788955
2026-05-22,2026,5,22,port434,Hai Phong,Vietnam,VNM,13,3,6,0,3,22,25,16520,32681,4633,0,4044,53835,57879,11191,679,711,0,0,12581,12581,2788958
2026-05-23,2026,5,23,port434,Hai Phong,Vietnam,VNM,11,1,9,0,3,21,24,15276,3958,11842,0,4499,31077,35576,3563,0,414,0,92,3977,4070,2788961
2026-05-24,2026,5,24,port434,Hai Phong,Vietnam,VNM,3,1,6,0,4,10,14,1760,6865,12612,0,2547,21238,23785,9086,0,414,0,0,9501,9501,2788964
2026-05-25,2026,5,25,port434,Hai Phong,Vietnam,VNM,11,0,5,2,4,18,22,16724,0,6284,2785,6456,25793,32250,900,0,769,160,0,1830,1830,2788967
2026-05-26,2026,5,26,port434,Hai Phong,Vietnam,VNM,9,0,6,0,4,15,19,14960,0,3937,0,8197,18898,27095,1144,0,414,0,0,1558,1558,2788970
2026-05-27,2026,5,27,port434,Hai Phong,Vietnam,VNM,9,1,6,0,2,16,18,11960,12830,3199,0,10677,27991,38668,8131,0,2631,0,0,10763,10763,2788973
2026-05-28,2026,5,28,port434,Hai Phong,Vietnam,VNM,7,2,11,0,6,20,26,16351,0,24836,0,18568,41188,59756,3520,60325,1066,0,0,64912,64912,2788976
2026-05-29,2026,5,29,port434,Hai Phong,Vietnam,VNM,11,1,10,0,1,22,23,22921,23330,23553,0,5510,69805,75316,10114,0,2524,0,0,12638,12638,2788979
2026-05-30,2026,5,30,port434,Hai Phong,Vietnam,VNM,14,1,6,0,3,21,24,18061,7422,3560,0,2053,29044,31098,18978,1381,355,0,35,20715,20750,2788980
2026-05-31,2026,5,31,port434,Hai Phong,Vietnam,VNM,10,3,4,1,4,18,22,18102,30880,3087,660,1311,52730,54041,3979,0,1427,0,0,5406,5406,2788982
2026-06-01,2026,6,1,port434,Hai Phong,Vietnam,VNM,9,0,8,0,5,17,22,24774,0,8665,0,4837,33440,38278,1889,0,5087,0,92,6976,7069,2788985
2026-06-02,2026,6,2,port434,Hai Phong,Vietnam,VNM,17,0,8,0,6,25,31,34849,0,5268,0,15457,40117,55575,5496,0,1401,0,92,6897,6990,2788988
2026-06-03,2026,6,3,port434,Hai Phong,Vietnam,VNM,8,0,6,1,3,15,18,6550,0,6175,0,1868,12726,14594,6102,0,5987,0,92,12090,12182,2788991
2026-06-04,2026,6,4,port434,Hai Phong,Vietnam,VNM,12,0,12,0,3,24,27,24123,0,7089,0,11356,31213,42570,1392,0,1760,0,0,3153,3153,2788994
2026-06-05,2026,6,5,port434,Hai Phong,Vietnam,VNM,10,0,8,2,1,20,21,14580,0,27378,0,1153,41959,43113,6011,0,711,0,0,6722,6722,2788997
2026-06-06,2026,6,6,port434,Hai Phong,Vietnam,VNM,13,0,5,0,2,18,20,15874,0,4662,0,7245,20536,27782,5498,0,1081,0,0,6580,6580,2789000
2026-06-07,2026,6,7,port434,Hai Phong,Vietnam,VNM,7,0,10,2,5,19,24,24113,0,13469,0,2679,37582,40262,688,0,3124,3942,0,7755,7755,2789003
2026-06-08,2026,6,8,port434,Hai Phong,Vietnam,VNM,10,0,3,0,5,13,18,10530,0,4739,0,4197,15269,19467,9620,0,1125,0,0,10745,10745,2789006
2026-06-09,2026,6,9,port434,Hai Phong,Vietnam,VNM,15,0,6,1,5,22,27,25047,0,3087,0,11068,28134,39202,10391,0,3686,2928,269,17005,17275,2789009
2026-06-10,2026,6,10,port434,Hai Phong,Vietnam,VNM,5,3,9,0,8,17,25,8313,14844,19477,0,18895,42634,61529,2028,2762,1716,0,744,6507,7252,2789012
2026-06-11,2026,6,11,port434,Hai Phong,Vietnam,VNM,10,1,7,0,1,18,19,18585,12144,8599,0,1808,39329,41138,6374,679,711,0,0,7764,7764,2789015
2026-06-12,2026,6,12,port434,Hai Phong,Vietnam,VNM,14,3,7,1,3,25,28,22470,26046,11278,0,4724,59795,64519,8230,5071,355,0,92,13656,13749,2789018
2026-06-13,2026,6,13,port434,Hai Phong,Vietnam,VNM,4,0,7,0,3,11,14,2464,0,14745,0,7190,17210,24401,917,0,1784,0,0,2701,2701,2789021
2026-06-14,2026,6,14,port434,Hai Phong,Vietnam,VNM,10,2,5,0,5,17,22,12623,0,3087,0,12537,15710,28247,10382,3653,2238,0,92,16273,16366,2789023
2026-06-15,2026,6,15,port434,Hai Phong,Vietnam,VNM,8,1,6,1,1,16,17,7973,935,4819,117,4139,13846,17985,4056,0,711,0,0,4767,4767,2789026
2026-06-16,2026,6,16,port434,Hai Phong,Vietnam,VNM,12,3,9,0,4,24,28,16952,7422,6753,0,12373,31128,43502,4206,6489,711,0,0,11407,11407,2789029
2026-06-17,2026,6,17,port434,Hai Phong,Vietnam,VNM,7,0,3,0,4,10,14,9369,0,3088,0,5831,12457,18288,3194,0,0,0,0,3194,3194,2789032
2026-06-18,2026,6,18,port434,Hai Phong,Vietnam,VNM,12,1,7,1,2,21,23,30561,0,11886,0,7062,42448,49510,3034,0,1301,0,0,4335,4335,2789035
2026-06-19,2026,6,19,port434,Hai Phong,Vietnam,VNM,12,0,6,0,6,18,24,11768,0,9853,0,20161,21622,41783,9411,0,1317,0,92,10729,10822,2789038
2026-06-20,2026,6,20,port434,Hai Phong,Vietnam,VNM,11,0,9,0,6,20,26,14304,0,4616,0,6486,18920,25406,12473,0,355,0,185,12829,13014,2789041
2026-06-21,2026,6,21,port434,Hai Phong,Vietnam,VNM,12,2,4,1,5,19,24,15373,14899,17137,1886,2480,49297,51777,6470,5113,227,0,0,11811,11811,2789044
2026-06-22,2026,6,22,port434,Hai Phong,Vietnam,VNM,8,1,5,0,5,14,19,11979,7422,2996,0,15212,22398,37610,5028,1381,227,0,535,6636,7171,2789047
2026-06-23,2026,6,23,port434,Hai Phong,Vietnam,VNM,14,0,6,0,3,20,23,12962,0,6093,0,14639,19056,33695,5400,0,4231,0,0,9632,9632,2789050
2026-06-24,2026,6,24,port434,Hai Phong,Vietnam,VNM,10,1,3,0,5,14,19,12046,7422,9171,0,2198,28639,30838,2548,1381,355,0,0,4285,4285,2789053
2026-06-25,2026,6,25,port434,Hai Phong,Vietnam,VNM,5,1,5,0,1,11,12,2514,10340,7088,0,2875,19943,22819,5815,0,1125,0,0,6940,6940,2789056
2026-06-26,2026,6,26,port434,Hai Phong,Vietnam,VNM,11,0,6,1,2,18,20,20774,0,11860,1829,10281,34464,44745,700,0,0,0,92,700,793,2789059
2026-06-27,2026,6,27,port434,Hai Phong,Vietnam,VNM,6,0,7,0,4,13,17,4475,0,3467,0,11196,7943,19139,3903,0,0,0,0,3903,3903,2789062
2026-06-28,2026,6,28,port434,Hai Phong,Vietnam,VNM,15,0,6,0,5,21,26,12631,0,16869,0,13174,29501,42676,18948,0,1183,0,0,20132,20132,2789064
2026-06-29,2026,6,29,port434,Hai Phong,Vietnam,VNM,4,0,6,0,5,10,15,15269,0,10104,0,5176,25373,30550,0,0,1125,0,0,1125,1125,2789067
2026-06-30,2026,6,30,port434,Hai Phong,Vietnam,VNM,12,3,6,1,2,22,24,10707,45058,3998,0,8412,59764,68177,5046,1381,0,2459,0,8887,8887,2789070
2026-07-01,2026,7,1,port434,Hai Phong,Vietnam,VNM,11,0,3,0,5,14,19,17192,0,3892,0,10017,21085,31102,2862,0,355,0,0,3217,3217,2789073
2026-07-02,2026,7,2,port434,Hai Phong,Vietnam,VNM,14,2,5,0,5,21,26,20466,22607,5242,0,10884,48317,59201,6369,1381,2520,0,0,10270,10270,2789076
2026-07-03,2026,7,3,port434,Hai Phong,Vietnam,VNM,3,2,2,2,3,9,12,12288,12891,6221,0,7297,31401,38698,769,531,0,0,535,1300,1835,2789079
2026-07-04,2026,7,4,port434,Hai Phong,Vietnam,VNM,7,2,3,0,1,12,13,7330,7422,0,0,589,14752,15342,9320,1381,0,0,0,10701,10701,2789082
2026-07-05,2026,7,5,port434,Hai Phong,Vietnam,VNM,14,1,4,0,3,19,22,27515,3618,3195,0,5510,34329,39840,9718,0,769,0,0,10488,10488,2789085
2026-07-06,2026,7,6,port434,Hai Phong,Vietnam,VNM,10,0,4,0,3,14,17,27433,0,3087,0,9509,30520,40030,6550,0,10317,0,0,16868,16868,2789088
2026-07-07,2026,7,7,port434,Hai Phong,Vietnam,VNM,10,1,3,0,2,14,16,19956,24617,608,0,187,45181,45368,4488,0,500,0,0,4989,4989,2789091
2026-07-08,2026,7,8,port434,Hai Phong,Vietnam,VNM,10,1,6,0,5,17,22,17821,12144,11811,0,19090,41777,60867,5049,679,711,0,0,6439,6439,2789094
2026-07-09,2026,7,9,port434,Hai Phong,Vietnam,VNM,13,2,5,1,4,21,25,24646,0,1748,0,12902,26394,39296,15695,0,0,0,0,15695,15695,2789097
2026-07-10,2026,7,10,port434,Hai Phong,Vietnam,VNM,7,0,10,1,4,18,22,11403,0,11357,0,2352,22760,25113,3105,0,711,0,0,3816,3816,2789100
2026-07-11,2026,7,11,port434,Hai Phong,Vietnam,VNM,11,1,13,0,2,25,27,14966,0,24364,0,1506,39331,40837,12160,0,1480,0,0,13641,13641,2789103
2026-07-12,2026,7,12,port434,Hai Phong,Vietnam,VNM,7,1,3,0,7,11,18,7030,12144,6768,0,20960,25944,46904,4083,679,355,0,0,5117,5117,2789109
2026-07-13,2026,7,13,port434,Hai Phong,Vietnam,VNM,11,0,7,0,4,18,22,12064,0,8809,0,2177,20873,23050,4630,0,1539,0,92,6169,6262,2789112
2026-07-14,2026,7,14,port434,Hai Phong,Vietnam,VNM,4,0,6,0,4,10,14,7016,0,0,0,18923,7016,25940,1538,0,0,0,0,1538,1538,2789115
2026-07-15,2026,7,15,port434,Hai Phong,Vietnam,VNM,7,0,7,0,2,14,16,2333,0,8915,0,4672,11249,15921,7224,0,3197,0,35,10421,10456,2789118
2026-07-16,2026,7,16,port434,Hai Phong,Vietnam,VNM,6,1,4,1,5,12,17,9491,7422,1543,0,4146,18457,22603,1273,1381,355,0,0,3010,3010,2789121
2026-07-17,2026,7,17,port434,Hai Phong,Vietnam,VNM,7,2,5,2,3,16,19,9630,12891,9673,3248,9633,35443,45077,1259,0,1422,160,0,2842,2842,2789124
2026-07-18,2026,7,18,port434,Hai Phong,Vietnam,VNM,11,0,7,0,6,18,24,20510,0,11042,0,17130,31552,48683,5022,0,355,0,0,5378,5378,2789127
2026-07-19,2026,7,19,port434,Hai Phong,Vietnam,VNM,6,0,7,0,6,13,19,9836,0,8847,0,11644,18683,30327,391,0,1422,0,176,1813,1989,2789130
2026-07-20,2026,7,20,port434,Hai Phong,Vietnam,VNM,13,1,2,1,6,17,23,27148,12144,3584,435,9534,43313,52848,2269,679,414,160,0,3523,3523,2789133
2026-07-21,2026,7,21,port434,Hai Phong,Vietnam,VNM,13,0,7,1,5,21,26,8471,0,15931,0,9416,24403,33819,9720,0,711,3868,0,14300,14300,2789136
2026-07-22,2026,7,22,port434,Hai Phong,Vietnam,VNM,12,0,4,0,2,16,18,26765,0,7529,0,2674,34295,36969,2555,0,0,0,0,2555,2555,2789139
2026-07-23,2026,7,23,port434,Hai Phong,Vietnam,VNM,8,2,6,0,4,16,20,13711,1454,5336,0,15518,20502,36020,4270,0,711,0,0,4981,4981,2789142
2026-07-24,2026,7,24,port434,Hai Phong,Vietnam,VNM,9,1,8,0,3,18,21,12960,10437,8089,0,4286,31487,35774,9821,0,355,0,0,10177,10177,2789145
2026-07-25,2026,7,25,port434,Hai Phong,Vietnam,VNM,13,1,6,0,5,20,25,12348,30998,5812,0,13809,49158,62968,13904,0,4102,0,0,18007,18007,2789149
2026-07-26,2026,7,26,port434,Hai Phong,Vietnam,VNM,10,1,4,0,5,15,20,14384,12409,6080,0,4288,32874,37162,8105,0,355,0,0,8460,8460,2789152
2026-07-27,2026,7,27,port434,Hai Phong,Vietnam,VNM,4,1,4,1,5,10,15,6667,3618,4050,194,15122,14531,29654,629,0,769,0,92,1399,1492,2789155
2026-07-28,2026,7,28,port434,Hai Phong,Vietnam,VNM,11,4,6,0,3,21,24,12445,27229,3195,0,1506,42870,44376,16916,0,769,0,0,17686,17686,2789158
2026-07-29,2026,7,29,port434,Hai Phong,Vietnam,VNM,7,0,3,1,5,11,16,9117,0,9429,0,17239,18547,35787,629,0,355,0,0,985,985,2789161
2026-07-30,2026,7,30,port434,Hai Phong,Vietnam,VNM,5,1,3,1,0,10,10,15124,0,1652,0,0,16776,16776,2578,0,414,0,0,2992,2992,2789164
2026-07-31,2026,7,31,port434,Hai Phong,Vietnam,VNM,15,0,5,0,2,20,22,26328,0,9641,0,6448,35969,42418,8184,0,769,0,0,8954,8954,2789167
2026-08-01,2026,8,1,port434,Hai Phong,Vietnam,VNM,13,0,6,0,6,19,25,22912,0,4125,0,12637,27038,39675,3148,0,1241,0,92,4390,4482,2789170
2026-08-02,2026,8,2,port434,Hai Phong,Vietnam,VNM,10,0,5,1,6,16,22,26102,0,4739,1683,16931,32525,49457,3292,0,1125,0,94,4417,4511,2789173
2026-08-03,2026,8,3,port434,Hai Phong,Vietnam,VNM,9,0,10,1,7,20,27,15453,0,12824,0,7913,28278,36192,2148,0,1480,0,356,3628,3985,2789176
2026-08-04,2026,8,4,port434,Hai Phong,Vietnam,VNM,10,1,6,0,4,17,21,20850,0,7919,0,2567,28769,31337,2139,0,1125,0,0,3264,3264,2789179
2026-08-05,2026,8,5,port434,Hai Phong,Vietnam,VNM,10,2,3,0,5,15,20,22162,7422,0,0,14858,29584,44443,629,1381,0,0,92,2010,2103,2789182
2026-08-06,2026,8,6,port434,Hai Phong,Vietnam,VNM,3,1,3,0,6,7,13,0,26915,1543,0,19994,28459,48454,5995,0,355,0,362,6350,6713,2789185
2026-08-07,2026,8,7,port434,Hai Phong,Vietnam,VNM,4,0,3,1,5,8,13,5390,0,3720,0,21013,9111,30124,5491,0,0,0,92,5491,5584,2789188
2026-08-08,2026,8,8,port434,Hai Phong,Vietnam,VNM,12,0,5,0,3,17,20,12443,0,4739,0,4960,17182,22143,5842,0,1125,0,92,6967,7060,2789190
2026-08-09,2026,8,9,port434,Hai Phong,Vietnam,VNM,8,0,4,1,7,13,20,1479,0,3130,0,5369,4610,9979,8266,0,355,0,0,8622,8622,2789193
2026-08-10,2026,8,10,port434,Hai Phong,Vietnam,VNM,8,1,5,0,2,14,16,29286,55136,5728,0,6174,90151,96326,3033,0,769,0,269,3803,4072,2789196
2026-08-11,2026,8,11,port434,Hai Phong,Vietnam,VNM,12,0,3,1,3,16,19,23457,0,1543,0,7501,25001,32503,3875,0,355,4103,0,8335,8335,2789199
2026-08-12,2026,8,12,port434,Hai Phong,Vietnam,VNM,9,2,8,0,4,19,23,12064,27787,5787,0,7228,45639,52867,2172,1381,2169,0,0,5723,5723,2789202
2026-08-13,2026,8,13,port434,Hai Phong,Vietnam,VNM,6,0,1,0,4,7,11,1086,0,0,0,13793,1086,14879,14966,0,0,0,92,14966,15059,2789205
2026-08-14,2026,8,14,port434,Hai Phong,Vietnam,VNM,7,4,5,0,2,16,18,20316,27494,4671,0,6037,52483,58520,1575,2762,828,0,0,5165,5165,2789208
2026-08-15,2026,8,15,port434,Hai Phong,Vietnam,VNM,17,1,1,1,7,20,27,28388,21819,1513,1886,5718,53608,59326,7394,0,348,0,92,7742,7835,2803090
2026-08-16,2026,8,16,port434,Hai Phong,Vietnam,VNM,10,0,5,0,6,15,21,13086,0,7687,0,11375,20773,32148,1365,0,1109,0,50,2474,2525,2803091
2026-08-17,2026,8,17,port434,Hai Phong,Vietnam,VNM,9,1,7,1,3,18,21,5136,0,7652,0,9349,12788,22137,13652,0,1173,0,0,14825,14825,2803092
2026-08-18,2026,8,18,port434,Hai Phong,Vietnam,VNM,8,2,10,0,1,20,21,13174,0,8244,0,1239,21418,22657,7676,23894,412,0,0,31983,31983,2803093
2026-08-19,2026,8,19,port434,Hai Phong,Vietnam,VNM,13,2,11,1,5,27,32,22054,26446,9190,0,10403,57691,68095,4004,1374,2952,0,50,8331,8381,2803094
2026-08-20,2026,8,20,port434,Hai Phong,Vietnam,VNM,9,2,2,0,2,13,15,14512,38780,0,0,3199,53292,56491,0,1374,763,0,0,2138,2138,2803095
2026-08-21,2026,8,21,port434,Hai Phong,Vietnam,VNM,6,0,3,0,6,9,15,20564,0,4052,0,25955,24616,50572,629,0,0,0,0,629,629,2803096
2026-08-22,2026,8,22,port434,Hai Phong,Vietnam,VNM,7,4,3,1,3,15,18,9783,22069,0,432,0,32285,32285,14973,1374,0,159,0,16507,16507,2803097
2026-08-23,2026,8,23,port434,Hai Phong,Vietnam,VNM,9,0,5,0,4,14,18,16052,0,9157,0,6240,25209,31450,3537,0,1109,0,0,4646,4646,2803098
2026-08-24,2026,8,24,port434,Hai Phong,Vietnam,VNM,6,0,4,0,1,10,11,12868,0,4420,0,5945,17288,23233,0,0,760,0,0,760,760,2803099
2026-08-25,2026,8,25,port434,Hai Phong,Vietnam,VNM,6,0,4,0,2,10,12,1760,0,9055,0,3456,10816,14272,9807,0,697,0,0,10504,10504,2803100
2026-08-26,2026,8,26,port434,Hai Phong,Vietnam,VNM,12,1,4,0,3,17,20,13380,5742,10237,0,1792,29359,31152,3309,0,760,0,0,4070,4070,2803101
2026-08-27,2026,8,27,port434,Hai Phong,Vietnam,VNM,8,0,11,0,5,19,24,18961,0,7582,0,6994,26543,33538,1452,0,1109,0,142,2561,2704,2803102
2026-08-28,2026,8,28,port434,Hai Phong,Vietnam,VNM,12,0,8,1,6,21,27,29028,0,11273,0,13848,40301,54150,1630,0,760,0,631,2391,3022,2803103
