"date","portid","portname","country","ISO3","portcalls_container","portcalls_dry_bulk","portcalls_general_cargo","portcalls_roro","portcalls_tanker","portcalls_cargo","portcalls","import_container","import_dry_bulk","import_general_cargo","import_roro","import_tanker","import_cargo","import","export_container","export_dry_bulk","export_general_cargo","export_roro","export_tanker","export_cargo","export"
"2019-03-12","port784","Nacala","Mozambique","MOZ","0","0","0","0","0","0","0","0","0","0","0","0","0","0","0","0","0","0","0","0","0"
"2019-03-13","port784","Nacala","Mozambique","MOZ","1","0","0","0","1","1","2","1360","0","0","0","0","1360","1360","0","0","0","0","36333","0","36333"
"2019-03-14","port784","Nacala","Mozambique","MOZ","0","0","0","0","1","0","1","0","0","0","0","1581","0","1581","0","0","0","0","0","0","0"
"2019-03-15","port784","Nacala","Mozambique","MOZ","0","1","0","0","0","1","1","0","6696","0","0","0","6696","6696","0","0","0","0","0","0","0"
"2019-03-16","port784","Nacala","Mozambique","MOZ","1","0","0","0","0","1","1","6247","0","0","0","0","6247","6247","0","0","0","0","0","0","0"
"2019-03-17","port784","Nacala","Mozambique","MOZ","0","1","0","0","0","1","1","0","0","0","0","0","0","0","0","54817","0","0","0","54817","54817"
"2019-03-18","port784","Nacala","Mozambique","MOZ","0","1","0","0","0","1","1","0","5027","0","0","0","5027","5027","0","49803","0","0","0","49803","49803"
"2019-03-19","port784","Nacala","Mozambique","MOZ","0","1","0","0","0","1","1","0","0","0","0","0","0","0","0","54472","0","0","0","54472","54472"
"2020-04-15","port784","Nacala","Mozambique","MOZ","0","0","0","0","1","0","1","0","0","0","0","0","0","0","0","0","0","0","530","0","530"
"2019-03-20","port784","Nacala","Mozambique","MOZ","0","0","0","0","0","0","0","0","0","0","0","0","0","0","0","0","0","0","0","0","0"
"2020-04-16","port784","Nacala","Mozambique","MOZ","0","0","0","0","0","0","0","0","0","0","0","0","0","0","0","0","0","0","0","0","0"
"2019-03-21","port784","Nacala","Mozambique","MOZ","1","1","0","0","0","2","2","2923","0","0","0","0","2923","2923","0","78557","0","0","0","78557","78557"
"2020-04-17","port784","Nacala","Mozambique","MOZ","0","0","0","0","0","0","0","0","0","0","0","0","0","0","0","0","0","0","0","0","0"
"2019-03-22","port784","Nacala","Mozambique","MOZ","0","0","0","0","0","0","0","0","0","0","0","0","0","0","0","0","0","0","0","0","0"
"2020-04-18","port784","Nacala","Mozambique","MOZ","0","0","0","0","1","0","1","0","0","0","0","0","0","0","0","0","0","0","0","0","0"
"2019-03-23","port784","Nacala","Mozambique","MOZ","1","1","0","0","0","2","2","0","0","0","0","0","0","0","0","0","0","0","0","0","0"
"2020-04-19","port784","Nacala","Mozambique","MOZ","0","0","0","0","0","0","0","0","0","0","0","0","0","0","0","0","0","0","0","0","0"
"2019-03-24","port784","Nacala","Mozambique","MOZ","0","0","0","0","0","0","0","0","0","0","0","0","0","0","0","0","0","0","0","0","0"
"2020-04-20","port784","Nacala","Mozambique","MOZ","1","2","0","0","1","3","4","6159","5027","0","0","2777","11186","13964","0","128474","0","0","1377","128474","129851"
"2019-03-25","port784","Nacala","Mozambique","MOZ","0","2","0","0","1","2","3","0","55311","0","0","0","55311","55311","0","72629","0","0","1000","72629","73629"
"2020-04-21","port784","Nacala","Mozambique","MOZ","0","0","0","0","1","0","1","0","0","0","0","0","0","0","0","0","0","0","0","0","0"
"2019-03-26","port784","Nacala","Mozambique","MOZ","0","0","0","0","0","0","0","0","0","0","0","0","0","0","0","0","0","0","0","0","0"
"2019-03-27","port784","Nacala","Mozambique","MOZ","0","3","0","0","1","3","4","0","6768","0","0","3104","6768","9873","0","224640","0","0","2559","224640","227200"
"2019-03-28","port784","Nacala","Mozambique","MOZ","0","0","0","0","0","0","0","0","0","0","0","0","0","0","0","0","0","0","0","0","0"
"2019-03-29","port784","Nacala","Mozambique","MOZ","1","0","0","0","0","1","1","387","0","0","0","0","387","387","0","0","0","0","0","0","0"
"2019-03-30","port784","Nacala","Mozambique","MOZ","1","1","0","0","0","2","2","1827","15072","0","0","0","16899","16899","2312","0","0","0","0","2312","2312"
"2019-03-31","port784","Nacala","Mozambique","MOZ","0","0","0","0","0","0","0","0","0","0","0","0","0","0","0","0","0","0","0","0","0"
"2019-04-01","port784","Nacala","Mozambique","MOZ","0","0","0","0","1","0","1","0","0","0","0","2104","0","2104","0","0","0","0","0","0","0"
"2019-04-02","port784","Nacala","Mozambique","MOZ","0","0","0","0","1","0","1","0","0","0","0","0","0","0","0","0","0","0","0","0","0"
"2019-04-03","port784","Nacala","Mozambique","MOZ","0","0","0","0","0","0","0","0","0","0","0","0","0","0","0","0","0","0","0","0","0"
"2019-04-04","port784","Nacala","Mozambique","MOZ","0","0","0","0","2","0","2","0","0","0","0","3104","0","3104","0","0","0","0","2559","0","2559"
"2019-04-05","port784","Nacala","Mozambique","MOZ","1","1","0","0","0","2","2","2453","0","0","0","0","2453","2453","0","53306","0","0","0","53306","53306"
"2019-04-06","port784","Nacala","Mozambique","MOZ","0","1","0","0","0","1","1","0","0","0","0","0","0","0","0","76212","0","0","0","76212","76212"
"2019-04-07","port784","Nacala","Mozambique","MOZ","1","0","0","0","1","1","2","777","0","0","0","0","777","777","0","0","0","0","0","0","0"
"2019-04-08","port784","Nacala","Mozambique","MOZ","1","0","0","0","0","1","1","1827","0","0","0","0","1827","1827","2312","0","0","0","0","2312","2312"
"2019-04-09","port784","Nacala","Mozambique","MOZ","0","0","0","0","0","0","0","0","0","0","0","0","0","0","0","0","0","0","0","0","0"
"2019-04-10","port784","Nacala","Mozambique","MOZ","0","0","0","0","1","0","1","0","0","0","0","529","0","529","0","0","0","0","0","0","0"
"2019-04-11","port784","Nacala","Mozambique","MOZ","0","0","0","0","0","0","0","0","0","0","0","0","0","0","0","0","0","0","0","0","0"
"2019-04-12","port784","Nacala","Mozambique","MOZ","0","1","0","0","1","1","2","0","0","0","0","2777","0","2777","0","82340","0","0","1377","82340","83717"
"2019-04-13","port784","Nacala","Mozambique","MOZ","0","0","0","0","0","0","0","0","0","0","0","0","0","0","0","0","0","0","0","0","0"
"2019-04-14","port784","Nacala","Mozambique","MOZ","0","0","0","0","0","0","0","0","0","0","0","0","0","0","0","0","0","0","0","0","0"
"2019-04-15","port784","Nacala","Mozambique","MOZ","1","1","0","0","0","2","2","480","0","0","0","0","480","480","0","78698","0","0","0","78698","78698"
"2019-04-16","port784","Nacala","Mozambique","MOZ","0","0","0","0","0","0","0","0","0","0","0","0","0","0","0","0","0","0","0","0","0"
"2019-04-17","port784","Nacala","Mozambique","MOZ","0","1","0","0","0","1","1","0","13857","0","0","0","13857","13857","0","0","0","0","0","0","0"
"2019-04-18","port784","Nacala","Mozambique","MOZ","1","0","0","0","0","1","1","1409","0","0","0","0","1409","1409","0","0","0","0","0","0","0"
"2019-04-19","port784","Nacala","Mozambique","MOZ","0","0","0","0","0","0","0","0","0","0","0","0","0","0","0","0","0","0","0","0","0"
"2019-04-20","port784","Nacala","Mozambique","MOZ","0","0","0","0","1","0","1","0","0","0","0","4729","0","4729","0","0","0","0","0","0","0"
"2019-04-21","port784","Nacala","Mozambique","MOZ","1","0","1","0","0","2","2","391","0","5029","0","0","5420","5420","0","0","0","0","0","0","0"
"2019-04-22","port784","Nacala","Mozambique","MOZ","0","1","0","0","0","1","1","0","0","0","0","0","0","0","0","167051","0","0","0","167051","167051"
"2019-04-23","port784","Nacala","Mozambique","MOZ","0","0","0","0","0","0","0","0","0","0","0","0","0","0","0","0","0","0","0","0","0"
"2019-04-24","port784","Nacala","Mozambique","MOZ","0","1","0","0","0","1","1","0","0","0","0","0","0","0","0","66014","0","0","0","66014","66014"
"2019-04-25","port784","Nacala","Mozambique","MOZ","1","0","0","0","1","1","2","0","0","0","0","3978","0","3978","1805","0","0","0","3417","1805","5223"
"2019-04-26","port784","Nacala","Mozambique","MOZ","0","0","0","0","0","0","0","0","0","0","0","0","0","0","0","0","0","0","0","0","0"
"2019-04-27","port784","Nacala","Mozambique","MOZ","0","0","0","0","1","0","1","0","0","0","0","2777","0","2777","0","0","0","0","1377","0","1377"
"2019-04-28","port784","Nacala","Mozambique","MOZ","0","1","0","0","1","1","2","0","0","0","0","3104","0","3104","0","0","0","0","2559","0","2559"
"2019-04-29","port784","Nacala","Mozambique","MOZ","1","0","0","0","0","1","1","2872","0","0","0","0","2872","2872","0","0","0","0","0","0","0"
"2019-04-30","port784","Nacala","Mozambique","MOZ","0","1","0","0","1","1","2","0","8855","0","0","0","8855","8855","0","0","0","0","0","0","0"
"2019-05-01","port784","Nacala","Mozambique","MOZ","0","1","0","0","0","1","1","0","0","0","0","0","0","0","0","0","0","0","0","0","0"
"2019-05-02","port784","Nacala","Mozambique","MOZ","0","0","0","0","0","0","0","0","0","0","0","0","0","0","0","0","0","0","0","0","0"
"2019-05-03","port784","Nacala","Mozambique","MOZ","1","0","0","0","0","1","1","1976","0","0","0","0","1976","1976","0","0","0","0","0","0","0"
"2019-05-04","port784","Nacala","Mozambique","MOZ","0","0","0","0","0","0","0","0","0","0","0","0","0","0","0","0","0","0","0","0","0"
"2019-05-05","port784","Nacala","Mozambique","MOZ","1","0","0","0","1","1","2","4828","0","0","0","0","4828","4828","0","0","0","0","0","0","0"
"2019-05-06","port784","Nacala","Mozambique","MOZ","0","0","0","0","0","0","0","0","0","0","0","0","0","0","0","0","0","0","0","0","0"
"2019-05-07","port784","Nacala","Mozambique","MOZ","1","0","0","0","1","1","2","0","0","0","0","3104","0","3104","1363","0","0","0","2559","1363","3923"
"2019-05-08","port784","Nacala","Mozambique","MOZ","1","0","0","0","0","1","1","0","0","0","0","0","0","0","0","0","0","0","0","0","0"
"2019-05-09","port784","Nacala","Mozambique","MOZ","0","1","0","0","0","1","1","0","0","0","0","0","0","0","0","102467","0","0","0","102467","102467"
"2019-05-10","port784","Nacala","Mozambique","MOZ","0","0","0","0","0","0","0","0","0","0","0","0","0","0","0","0","0","0","0","0","0"
"2019-05-11","port784","Nacala","Mozambique","MOZ","0","0","0","0","0","0","0","0","0","0","0","0","0","0","0","0","0","0","0","0","0"
"2019-05-12","port784","Nacala","Mozambique","MOZ","1","1","0","0","0","2","2","1447","0","0","0","0","1447","1447","0","50138","0","0","0","50138","50138"
"2019-05-13","port784","Nacala","Mozambique","MOZ","0","0","0","0","0","0","0","0","0","0","0","0","0","0","0","0","0","0","0","0","0"
"2019-05-14","port784","Nacala","Mozambique","MOZ","0","1","0","0","1","1","2","0","26655","0","0","4221","26655","30877","0","0","0","0","0","0","0"
"2019-05-15","port784","Nacala","Mozambique","MOZ","0","1","0","0","0","1","1","0","0","0","0","0","0","0","0","98365","0","0","0","98365","98365"
"2019-05-16","port784","Nacala","Mozambique","MOZ","0","0","0","0","2","0","2","0","0","0","0","5881","0","5881","0","0","0","0","3937","0","3937"
"2019-05-17","port784","Nacala","Mozambique","MOZ","0","0","0","0","1","0","1","0","0","0","0","0","0","0","0","0","0","0","0","0","0"
"2019-05-18","port784","Nacala","Mozambique","MOZ","1","0","0","0","0","1","1","0","0","0","0","0","0","0","484","0","0","0","0","484","484"
"2019-05-19","port784","Nacala","Mozambique","MOZ","0","0","0","0","0","0","0","0","0","0","0","0","0","0","0","0","0","0","0","0","0"
"2019-05-20","port784","Nacala","Mozambique","MOZ","0","1","0","0","0","1","1","0","5365","0","0","0","5365","5365","0","0","0","0","0","0","0"
"2019-05-21","port784","Nacala","Mozambique","MOZ","1","0","0","0","0","1","1","472","0","0","0","0","472","472","0","0","0","0","0","0","0"
"2019-05-22","port784","Nacala","Mozambique","MOZ","0","1","0","0","0","1","1","0","0","0","0","0","0","0","0","75948","0","0","0","75948","75948"
"2019-05-23","port784","Nacala","Mozambique","MOZ","0","1","0","0","0","1","1","0","0","0","0","0","0","0","0","82466","0","0","0","82466","82466"
"2019-05-24","port784","Nacala","Mozambique","MOZ","0","2","0","0","1","2","3","0","45391","0","0","0","45391","45391","0","0","0","0","665","0","665"
"2019-05-25","port784","Nacala","Mozambique","MOZ","0","1","0","0","1","1","2","0","0","0","0","0","0","0","0","163631","0","0","0","163631","163631"
"2019-05-26","port784","Nacala","Mozambique","MOZ","0","0","0","0","1","0","1","0","0","0","0","0","0","0","0","0","0","0","0","0","0"
"2019-05-27","port784","Nacala","Mozambique","MOZ","1","1","0","0","0","2","2","0","0","0","0","0","0","0","1163","28085","0","0","0","29249","29249"
"2019-05-28","port784","Nacala","Mozambique","MOZ","1","1","0","0","0","2","2","1827","0","0","0","0","1827","1827","2312","74839","0","0","0","77151","77151"
"2019-05-29","port784","Nacala","Mozambique","MOZ","0","0","0","0","0","0","0","0","0","0","0","0","0","0","0","0","0","0","0","0","0"
"2019-05-30","port784","Nacala","Mozambique","MOZ","0","1","0","0","0","1","1","0","0","0","0","0","0","0","0","53418","0","0","0","53418","53418"
"2019-05-31","port784","Nacala","Mozambique","MOZ","0","0","0","0","0","0","0","0","0","0","0","0","0","0","0","0","0","0","0","0","0"
"2019-06-01","port784","Nacala","Mozambique","MOZ","0","1","0","0","0","1","1","0","5308","0","0","0","5308","5308","0","0","0","0","0","0","0"
"2019-06-02","port784","Nacala","Mozambique","MOZ","0","0","0","0","0","0","0","0","0","0","0","0","0","0","0","0","0","0","0","0","0"
"2019-06-03","port784","Nacala","Mozambique","MOZ","1","0","0","0","0","1","1","0","0","0","0","0","0","0","3108","0","0","0","0","3108","3108"
"2019-06-04","port784","Nacala","Mozambique","MOZ","0","1","0","0","0","1","1","0","0","0","0","0","0","0","0","55854","0","0","0","55854","55854"
"2019-06-05","port784","Nacala","Mozambique","MOZ","0","0","0","0","1","0","1","0","0","0","0","0","0","0","0","0","0","0","0","0","0"
"2019-06-06","port784","Nacala","Mozambique","MOZ","0","0","0","0","1","0","1","0","0","0","0","2777","0","2777","0","0","0","0","1377","0","1377"
"2019-06-07","port784","Nacala","Mozambique","MOZ","1","0","0","0","0","1","1","1110","0","0","0","0","1110","1110","0","0","0","0","0","0","0"
"2019-06-08","port784","Nacala","Mozambique","MOZ","0","0","0","0","0","0","0","0","0","0","0","0","0","0","0","0","0","0","0","0","0"
"2019-06-09","port784","Nacala","Mozambique","MOZ","0","0","0","0","0","0","0","0","0","0","0","0","0","0","0","0","0","0","0","0","0"
"2019-06-10","port784","Nacala","Mozambique","MOZ","0","1","0","0","0","1","1","0","0","0","0","0","0","0","0","75670","0","0","0","75670","75670"
"2019-06-11","port784","Nacala","Mozambique","MOZ","0","0","0","0","0","0","0","0","0","0","0","0","0","0","0","0","0","0","0","0","0"
"2019-06-12","port784","Nacala","Mozambique","MOZ","0","0","0","0","0","0","0","0","0","0","0","0","0","0","0","0","0","0","0","0","0"
"2019-06-13","port784","Nacala","Mozambique","MOZ","0","1","0","0","0","1","1","0","0","0","0","0","0","0","0","76450","0","0","0","76450","76450"
"2019-06-14","port784","Nacala","Mozambique","MOZ","0","0","0","0","0","0","0","0","0","0","0","0","0","0","0","0","0","0","0","0","0"
"2019-06-15","port784","Nacala","Mozambique","MOZ","0","0","0","0","1","0","1","0","0","0","0","0","0","0","0","0","0","0","0","0","0"
"2019-06-16","port784","Nacala","Mozambique","MOZ","0","1","0","0","0","1","1","0","0","0","0","0","0","0","0","3794","0","0","0","3794","3794"
"2019-06-17","port784","Nacala","Mozambique","MOZ","2","0","0","0","0","2","2","1827","0","0","0","0","1827","1827","2795","0","0","0","0","2795","2795"
"2019-06-18","port784","Nacala","Mozambique","MOZ","0","1","0","0","0","1","1","0","0","0","0","0","0","0","0","168461","0","0","0","168461","168461"
"2019-06-19","port784","Nacala","Mozambique","MOZ","0","1","0","0","0","1","1","0","25094","0","0","0","25094","25094","0","0","0","0","0","0","0"
"2019-06-20","port784","Nacala","Mozambique","MOZ","1","0","0","0","0","1","1","0","0","0","0","0","0","0","0","0","0","0","0","0","0"
"2019-06-21","port784","Nacala","Mozambique","MOZ","0","0","0","0","0","0","0","0","0","0","0","0","0","0","0","0","0","0","0","0","0"
"2019-06-22","port784","Nacala","Mozambique","MOZ","0","1","0","0","1","1","2","0","26556","0","0","2777","26556","29334","0","0","0","0","1377","0","1377"
"2019-06-23","port784","Nacala","Mozambique","MOZ","1","0","0","0","0","1","1","0","0","0","0","0","0","0","2456","0","0","0","0","2456","2456"
"2019-06-24","port784","Nacala","Mozambique","MOZ","0","1","0","0","0","1","1","0","50100","0","0","0","50100","50100","0","0","0","0","0","0","0"
"2019-06-25","port784","Nacala","Mozambique","MOZ","0","0","0","0","0","0","0","0","0","0","0","0","0","0","0","0","0","0","0","0","0"
"2019-06-26","port784","Nacala","Mozambique","MOZ","1","1","0","0","0","2","2","0","0","0","0","0","0","0","780","60588","0","0","0","61369","61369"
"2019-06-27","port784","Nacala","Mozambique","MOZ","1","0","0","0","0","1","1","0","0","0","0","0","0","0","963","0","0","0","0","963","963"
"2019-06-28","port784","Nacala","Mozambique","MOZ","0","1","0","0","1","1","2","0","0","0","0","2777","0","2777","0","54988","0","0","1377","54988","56365"
"2019-06-29","port784","Nacala","Mozambique","MOZ","0","1","0","0","1","1","2","0","0","0","0","21460","0","21460","0","56038","0","0","0","56038","56038"
"2019-06-30","port784","Nacala","Mozambique","MOZ","1","0","0","0","0","1","1","1827","0","0","0","0","1827","1827","2312","0","0","0","0","2312","2312"
"2019-07-01","port784","Nacala","Mozambique","MOZ","0","2","0","0","0","2","2","0","37112","0","0","0","37112","37112","0","0","0","0","0","0","0"
"2019-07-02","port784","Nacala","Mozambique","MOZ","0","0","0","0","0","0","0","0","0","0","0","0","0","0","0","0","0","0","0","0","0"
"2019-07-03","port784","Nacala","Mozambique","MOZ","0","0","0","0","0","0","0","0","0","0","0","0","0","0","0","0","0","0","0","0","0"
"2019-07-04","port784","Nacala","Mozambique","MOZ","0","0","0","0","1","0","1","0","0","0","0","0","0","0","0","0","0","0","707","0","707"
"2019-07-05","port784","Nacala","Mozambique","MOZ","0","0","0","0","0","0","0","0","0","0","0","0","0","0","0","0","0","0","0","0","0"
"2019-07-06","port784","Nacala","Mozambique","MOZ","0","0","0","0","0","0","0","0","0","0","0","0","0","0","0","0","0","0","0","0","0"
"2019-07-07","port784","Nacala","Mozambique","MOZ","0","0","0","0","0","0","0","0","0","0","0","0","0","0","0","0","0","0","0","0","0"
"2019-07-08","port784","Nacala","Mozambique","MOZ","1","1","0","0","0","2","2","0","0","0","0","0","0","0","6693","161961","0","0","0","168655","168655"
"2019-07-09","port784","Nacala","Mozambique","MOZ","1","0","0","0","0","1","1","391","0","0","0","0","391","391","0","0","0","0","0","0","0"
"2019-07-10","port784","Nacala","Mozambique","MOZ","0","1","0","0","0","1","1","0","0","0","0","0","0","0","0","73852","0","0","0","73852","73852"
"2019-07-11","port784","Nacala","Mozambique","MOZ","0","0","0","0","0","0","0","0","0","0","0","0","0","0","0","0","0","0","0","0","0"
"2019-07-12","port784","Nacala","Mozambique","MOZ","2","0","0","0","1","2","3","0","0","0","0","0","0","0","3071","0","0","0","30088","3071","33159"
"2019-07-13","port784","Nacala","Mozambique","MOZ","0","0","0","0","0","0","0","0","0","0","0","0","0","0","0","0","0","0","0","0","0"
"2019-07-14","port784","Nacala","Mozambique","MOZ","0","0","0","0","0","0","0","0","0","0","0","0","0","0","0","0","0","0","0","0","0"
"2019-07-15","port784","Nacala","Mozambique","MOZ","0","0","0","0","0","0","0","0","0","0","0","0","0","0","0","0","0","0","0","0","0"
"2019-07-16","port784","Nacala","Mozambique","MOZ","1","1","0","0","1","2","3","0","0","0","0","0","0","0","874","0","0","0","45448","874","46323"
"2019-07-17","port784","Nacala","Mozambique","MOZ","0","0","0","0","0","0","0","0","0","0","0","0","0","0","0","0","0","0","0","0","0"
"2019-07-18","port784","Nacala","Mozambique","MOZ","0","1","0","0","0","1","1","0","11087","0","0","0","11087","11087","0","0","0","0","0","0","0"
"2019-07-19","port784","Nacala","Mozambique","MOZ","0","0","0","0","1","0","1","0","0","0","0","2777","0","2777","0","0","0","0","1377","0","1377"
"2019-07-20","port784","Nacala","Mozambique","MOZ","0","0","0","0","0","0","0","0","0","0","0","0","0","0","0","0","0","0","0","0","0"
"2019-07-21","port784","Nacala","Mozambique","MOZ","0","0","0","0","0","0","0","0","0","0","0","0","0","0","0","0","0","0","0","0","0"
"2019-07-22","port784","Nacala","Mozambique","MOZ","1","0","0","0","0","1","1","1091","0","0","0","0","1091","1091","0","0","0","0","0","0","0"
"2019-07-23","port784","Nacala","Mozambique","MOZ","0","1","0","0","0","1","1","0","0","0","0","0","0","0","0","0","0","0","0","0","0"
"2019-07-24","port784","Nacala","Mozambique","MOZ","0","0","0","0","0","0","0","0","0","0","0","0","0","0","0","0","0","0","0","0","0"
"2019-07-25","port784","Nacala","Mozambique","MOZ","0","0","0","0","1","0","1","0","0","0","0","1568","0","1568","0","0","0","0","0","0","0"
"2019-07-26","port784","Nacala","Mozambique","MOZ","0","1","0","0","0","1","1","0","0","0","0","0","0","0","0","108298","0","0","0","108298","108298"
"2019-07-27","port784","Nacala","Mozambique","MOZ","0","1","0","0","1","1","2","0","15455","0","0","15329","15455","30784","0","0","0","0","0","0","0"
"2019-07-28","port784","Nacala","Mozambique","MOZ","0","0","0","0","0","0","0","0","0","0","0","0","0","0","0","0","0","0","0","0","0"
"2019-07-29","port784","Nacala","Mozambique","MOZ","0","1","0","0","1","1","2","0","0","0","0","2777","0","2777","0","161672","0","0","1377","161672","163050"
"2019-07-30","port784","Nacala","Mozambique","MOZ","0","0","0","0","1","0","1","0","0","0","0","0","0","0","0","0","0","0","0","0","0"
"2019-07-31","port784","Nacala","Mozambique","MOZ","1","0","0","0","0","1","1","0","0","0","0","0","0","0","7878","0","0","0","0","7878","7878"
"2019-08-01","port784","Nacala","Mozambique","MOZ","2","0","0","0","0","2","2","0","0","0","0","0","0","0","7651","0","0","0","0","7651","7651"
"2019-08-02","port784","Nacala","Mozambique","MOZ","0","0","0","0","0","0","0","0","0","0","0","0","0","0","0","0","0","0","0","0","0"
"2019-08-03","port784","Nacala","Mozambique","MOZ","0","1","0","0","0","1","1","0","0","0","0","0","0","0","0","0","0","0","0","0","0"
"2019-08-04","port784","Nacala","Mozambique","MOZ","1","1","0","0","0","2","2","0","0","0","0","0","0","0","2352","56194","0","0","0","58546","58546"
"2019-08-05","port784","Nacala","Mozambique","MOZ","1","2","0","0","0","3","3","0","5027","0","0","0","5027","5027","0","49803","0","0","0","49803","49803"
"2019-08-06","port784","Nacala","Mozambique","MOZ","0","0","0","0","0","0","0","0","0","0","0","0","0","0","0","0","0","0","0","0","0"
"2019-08-07","port784","Nacala","Mozambique","MOZ","0","0","0","0","0","0","0","0","0","0","0","0","0","0","0","0","0","0","0","0","0"
"2019-08-08","port784","Nacala","Mozambique","MOZ","0","1","0","0","1","1","2","0","16092","0","0","3104","16092","19196","0","0","0","0","2559","0","2559"
"2019-08-09","port784","Nacala","Mozambique","MOZ","0","0","0","0","0","0","0","0","0","0","0","0","0","0","0","0","0","0","0","0","0"
"2019-08-10","port784","Nacala","Mozambique","MOZ","0","0","0","0","1","0","1","0","0","0","0","0","0","0","0","0","0","0","0","0","0"
"2019-08-11","port784","Nacala","Mozambique","MOZ","1","0","0","0","0","1","1","0","0","0","0","0","0","0","2252","0","0","0","0","2252","2252"
"2019-08-12","port784","Nacala","Mozambique","MOZ","0","0","0","0","0","0","0","0","0","0","0","0","0","0","0","0","0","0","0","0","0"
"2019-08-13","port784","Nacala","Mozambique","MOZ","1","1","0","0","0","2","2","1827","5027","0","0","0","6854","6854","2312","49803","0","0","0","52116","52116"
"2019-08-14","port784","Nacala","Mozambique","MOZ","0","0","0","0","0","0","0","0","0","0","0","0","0","0","0","0","0","0","0","0","0"
"2019-08-15","port784","Nacala","Mozambique","MOZ","0","0","0","0","1","0","1","0","0","0","0","0","0","0","0","0","0","0","0","0","0"
"2019-08-16","port784","Nacala","Mozambique","MOZ","0","0","0","0","0","0","0","0","0","0","0","0","0","0","0","0","0","0","0","0","0"
"2019-08-17","port784","Nacala","Mozambique","MOZ","0","2","0","0","0","2","2","0","51159","0","0","0","51159","51159","0","77820","0","0","0","77820","77820"
"2019-08-18","port784","Nacala","Mozambique","MOZ","0","0","0","0","0","0","0","0","0","0","0","0","0","0","0","0","0","0","0","0","0"
"2019-08-19","port784","Nacala","Mozambique","MOZ","2","0","0","0","0","2","2","4251","0","0","0","0","4251","4251","2312","0","0","0","0","2312","2312"
"2019-08-20","port784","Nacala","Mozambique","MOZ","0","0","0","0","0","0","0","0","0","0","0","0","0","0","0","0","0","0","0","0","0"
"2019-08-21","port784","Nacala","Mozambique","MOZ","0","0","0","0","0","0","0","0","0","0","0","0","0","0","0","0","0","0","0","0","0"
"2019-08-22","port784","Nacala","Mozambique","MOZ","0","1","1","0","0","2","2","0","0","1451","0","0","1451","1451","0","161961","1589","0","0","163550","163550"
"2019-08-23","port784","Nacala","Mozambique","MOZ","0","1","0","0","1","1","2","0","7302","0","0","2777","7302","10079","0","0","0","0","1377","0","1377"
"2019-08-24","port784","Nacala","Mozambique","MOZ","0","0","0","0","1","0","1","0","0","0","0","5719","0","5719","0","0","0","0","0","0","0"
"2019-08-25","port784","Nacala","Mozambique","MOZ","1","0","0","0","0","1","1","563","0","0","0","0","563","563","0","0","0","0","0","0","0"
"2019-08-26","port784","Nacala","Mozambique","MOZ","0","0","0","0","0","0","0","0","0","0","0","0","0","0","0","0","0","0","0","0","0"
"2019-08-27","port784","Nacala","Mozambique","MOZ","0","1","0","0","0","1","1","0","0","0","0","0","0","0","0","57914","0","0","0","57914","57914"
"2019-08-28","port784","Nacala","Mozambique","MOZ","2","0","0","0","0","2","2","1827","0","0","0","0","1827","1827","11175","0","0","0","0","11175","11175"
"2019-08-29","port784","Nacala","Mozambique","MOZ","0","1","0","0","0","1","1","0","0","0","0","0","0","0","0","78709","0","0","0","78709","78709"
"2019-08-30","port784","Nacala","Mozambique","MOZ","0","0","0","0","0","0","0","0","0","0","0","0","0","0","0","0","0","0","0","0","0"
"2019-08-31","port784","Nacala","Mozambique","MOZ","1","1","0","0","0","2","2","0","0","0","0","0","0","0","3452","53653","0","0","0","57106","57106"
"2019-09-01","port784","Nacala","Mozambique","MOZ","0","1","1","0","0","2","2","0","0","205","0","0","205","205","0","16084","0","0","0","16084","16084"
"2019-09-02","port784","Nacala","Mozambique","MOZ","0","0","0","0","0","0","0","0","0","0","0","0","0","0","0","0","0","0","0","0","0"
"2019-09-03","port784","Nacala","Mozambique","MOZ","0","0","0","0","1","0","1","0","0","0","0","0","0","0","0","0","0","0","0","0","0"
"2019-09-04","port784","Nacala","Mozambique","MOZ","1","0","0","0","0","1","1","546","0","0","0","0","546","546","0","0","0","0","0","0","0"
"2019-09-05","port784","Nacala","Mozambique","MOZ","0","2","0","0","0","2","2","0","1564","0","0","0","1564","1564","0","0","0","0","0","0","0"
"2019-09-06","port784","Nacala","Mozambique","MOZ","0","0","0","0","0","0","0","0","0","0","0","0","0","0","0","0","0","0","0","0","0"
"2019-09-07","port784","Nacala","Mozambique","MOZ","0","0","0","0","1","0","1","0","0","0","0","0","0","0","0","0","0","0","0","0","0"
"2019-09-08","port784","Nacala","Mozambique","MOZ","1","1","0","0","0","2","2","332","22545","0","0","0","22878","22878","2018","0","0","0","0","2018","2018"
"2019-09-09","port784","Nacala","Mozambique","MOZ","1","1","0","0","1","2","3","0","0","0","0","2777","0","2777","1372","79366","0","0","1377","80738","82115"
"2019-09-10","port784","Nacala","Mozambique","MOZ","0","0","0","0","0","0","0","0","0","0","0","0","0","0","0","0","0","0","0","0","0"
"2019-09-11","port784","Nacala","Mozambique","MOZ","0","0","0","0","1","0","1","0","0","0","0","11729","0","11729","0","0","0","0","9926","0","9926"
"2019-09-12","port784","Nacala","Mozambique","MOZ","0","1","0","0","0","1","1","0","0","0","0","0","0","0","0","42645","0","0","0","42645","42645"
"2019-09-13","port784","Nacala","Mozambique","MOZ","0","0","0","0","0","0","0","0","0","0","0","0","0","0","0","0","0","0","0","0","0"
"2019-09-14","port784","Nacala","Mozambique","MOZ","0","1","0","0","1","1","2","0","0","0","0","0","0","0","0","76641","0","0","0","76641","76641"
"2019-09-15","port784","Nacala","Mozambique","MOZ","0","0","0","0","0","0","0","0","0","0","0","0","0","0","0","0","0","0","0","0","0"
"2019-09-16","port784","Nacala","Mozambique","MOZ","1","0","0","0","0","1","1","1827","0","0","0","0","1827","1827","2312","0","0","0","0","2312","2312"
"2019-09-17","port784","Nacala","Mozambique","MOZ","0","0","0","0","0","0","0","0","0","0","0","0","0","0","0","0","0","0","0","0","0"
"2019-09-18","port784","Nacala","Mozambique","MOZ","0","2","0","0","1","2","3","0","8773","0","0","0","8773","8773","0","181671","0","0","0","181671","181671"
"2019-09-19","port784","Nacala","Mozambique","MOZ","0","0","0","0","0","0","0","0","0","0","0","0","0","0","0","0","0","0","0","0","0"
"2019-09-20","port784","Nacala","Mozambique","MOZ","2","0","0","0","0","2","2","0","0","0","0","0","0","0","1890","0","0","0","0","1890","1890"
"2019-09-21","port784","Nacala","Mozambique","MOZ","0","0","0","0","0","0","0","0","0","0","0","0","0","0","0","0","0","0","0","0","0"
"2019-09-22","port784","Nacala","Mozambique","MOZ","1","1","0","0","0","2","2","1827","0","0","0","0","1827","1827","2312","79224","0","0","0","81536","81536"
"2019-09-23","port784","Nacala","Mozambique","MOZ","1","0","0","0","0","1","1","1453","0","0","0","0","1453","1453","0","0","0","0","0","0","0"
"2019-09-24","port784","Nacala","Mozambique","MOZ","0","0","0","0","0","0","0","0","0","0","0","0","0","0","0","0","0","0","0","0","0"
"2019-09-25","port784","Nacala","Mozambique","MOZ","0","2","0","0","0","2","2","0","13290","0","0","0","13290","13290","0","77490","0","0","0","77490","77490"
"2019-09-26","port784","Nacala","Mozambique","MOZ","1","0","0","0","0","1","1","0","0","0","0","0","0","0","4973","0","0","0","0","4973","4973"
"2019-09-27","port784","Nacala","Mozambique","MOZ","0","1","0","0","0","1","1","0","0","0","0","0","0","0","0","60522","0","0","0","60522","60522"
"2019-09-28","port784","Nacala","Mozambique","MOZ","0","0","0","0","0","0","0","0","0","0","0","0","0","0","0","0","0","0","0","0","0"
"2019-09-29","port784","Nacala","Mozambique","MOZ","0","0","0","0","0","0","0","0","0","0","0","0","0","0","0","0","0","0","0","0","0"
"2019-09-30","port784","Nacala","Mozambique","MOZ","1","0","0","0","1","1","2","1131","0","0","0","0","1131","1131","0","0","0","0","0","0","0"
"2019-10-01","port784","Nacala","Mozambique","MOZ","0","0","1","0","0","1","1","0","0","705","0","0","705","705","0","0","0","0","0","0","0"
"2019-10-02","port784","Nacala","Mozambique","MOZ","0","0","0","0","0","0","0","0","0","0","0","0","0","0","0","0","0","0","0","0","0"
"2019-10-03","port784","Nacala","Mozambique","MOZ","1","0","0","0","1","1","2","2753","0","0","0","0","2753","2753","0","0","0","0","0","0","0"
"2019-10-04","port784","Nacala","Mozambique","MOZ","1","1","0","0","0","2","2","13027","0","0","0","0","13027","13027","0","70432","0","0","0","70432","70432"
"2019-10-05","port784","Nacala","Mozambique","MOZ","0","0","0","0","1","0","1","0","0","0","0","0","0","0","0","0","0","0","0","0","0"
"2019-10-06","port784","Nacala","Mozambique","MOZ","0","1","0","0","0","1","1","0","0","0","0","0","0","0","0","0","0","0","0","0","0"
"2019-10-07","port784","Nacala","Mozambique","MOZ","0","0","0","0","1","0","1","0","0","0","0","2777","0","2777","0","0","0","0","1377","0","1377"
"2019-10-08","port784","Nacala","Mozambique","MOZ","0","0","0","0","0","0","0","0","0","0","0","0","0","0","0","0","0","0","0","0","0"
"2019-10-09","port784","Nacala","Mozambique","MOZ","0","2","0","0","1","2","3","0","8450","0","0","0","8450","8450","0","159389","0","0","0","159389","159389"
"2019-10-10","port784","Nacala","Mozambique","MOZ","0","0","0","0","0","0","0","0","0","0","0","0","0","0","0","0","0","0","0","0","0"
"2019-10-11","port784","Nacala","Mozambique","MOZ","1","2","0","0","0","3","3","565","444","0","0","0","1010","1010","0","58766","0","0","0","58766","58766"
"2019-10-12","port784","Nacala","Mozambique","MOZ","0","0","0","0","0","0","0","0","0","0","0","0","0","0","0","0","0","0","0","0","0"
"2019-10-13","port784","Nacala","Mozambique","MOZ","0","0","0","0","0","0","0","0","0","0","0","0","0","0","0","0","0","0","0","0","0"
"2019-10-14","port784","Nacala","Mozambique","MOZ","0","0","0","0","1","0","1","0","0","0","0","0","0","0","0","0","0","0","0","0","0"
"2019-10-15","port784","Nacala","Mozambique","MOZ","0","0","0","0","0","0","0","0","0","0","0","0","0","0","0","0","0","0","0","0","0"
"2019-10-16","port784","Nacala","Mozambique","MOZ","1","1","0","0","1","2","3","0","5027","0","0","2777","5027","7804","8831","49803","0","0","1377","58635","60012"
"2019-10-17","port784","Nacala","Mozambique","MOZ","0","1","0","0","0","1","1","0","0","0","0","0","0","0","0","35259","0","0","0","35259","35259"
"2019-10-18","port784","Nacala","Mozambique","MOZ","0","1","0","0","0","1","1","0","11663","0","0","0","11663","11663","0","0","0","0","0","0","0"
"2019-10-19","port784","Nacala","Mozambique","MOZ","0","0","0","0","0","0","0","0","0","0","0","0","0","0","0","0","0","0","0","0","0"
"2019-10-20","port784","Nacala","Mozambique","MOZ","0","0","0","0","0","0","0","0","0","0","0","0","0","0","0","0","0","0","0","0","0"
"2019-10-21","port784","Nacala","Mozambique","MOZ","0","1","0","0","0","1","1","0","5027","0","0","0","5027","5027","0","49803","0","0","0","49803","49803"
"2019-10-22","port784","Nacala","Mozambique","MOZ","0","1","0","0","1","1","2","0","0","0","0","0","0","0","0","165193","0","0","0","165193","165193"
"2019-10-23","port784","Nacala","Mozambique","MOZ","1","0","0","0","1","1","2","3498","0","0","0","0","3498","3498","0","0","0","0","0","0","0"
"2019-10-24","port784","Nacala","Mozambique","MOZ","0","0","0","0","0","0","0","0","0","0","0","0","0","0","0","0","0","0","0","0","0"
"2019-10-25","port784","Nacala","Mozambique","MOZ","0","0","0","0","0","0","0","0","0","0","0","0","0","0","0","0","0","0","0","0","0"
"2019-10-26","port784","Nacala","Mozambique","MOZ","0","0","0","0","0","0","0","0","0","0","0","0","0","0","0","0","0","0","0","0","0"
"2019-10-27","port784","Nacala","Mozambique","MOZ","0","0","0","0","0","0","0","0","0","0","0","0","0","0","0","0","0","0","0","0","0"
"2019-10-28","port784","Nacala","Mozambique","MOZ","1","1","0","0","0","2","2","2417","0","0","0","0","2417","2417","0","0","0","0","0","0","0"
"2019-10-29","port784","Nacala","Mozambique","MOZ","0","2","0","0","0","2","2","0","26321","0","0","0","26321","26321","0","60588","0","0","0","60588","60588"
"2019-10-30","port784","Nacala","Mozambique","MOZ","0","1","0","0","0","1","1","0","0","0","0","0","0","0","0","74539","0","0","0","74539","74539"
"2019-10-31","port784","Nacala","Mozambique","MOZ","0","0","0","0","1","0","1","0","0","0","0","0","0","0","0","0","0","0","0","0","0"
"2019-11-01","port784","Nacala","Mozambique","MOZ","0","0","0","0","0","0","0","0","0","0","0","0","0","0","0","0","0","0","0","0","0"
"2019-11-02","port784","Nacala","Mozambique","MOZ","1","0","0","0","1","1","2","3841","0","0","0","2777","3841","6618","0","0","0","0","1377","0","1377"
"2019-11-03","port784","Nacala","Mozambique","MOZ","0","2","0","0","0","2","2","0","3850","0","0","0","3850","3850","0","75911","0","0","0","75911","75911"
"2019-11-04","port784","Nacala","Mozambique","MOZ","0","0","0","0","0","0","0","0","0","0","0","0","0","0","0","0","0","0","0","0","0"
"2019-11-05","port784","Nacala","Mozambique","MOZ","0","1","0","0","1","1","2","0","0","0","0","0","0","0","0","54885","0","0","0","54885","54885"
"2019-11-06","port784","Nacala","Mozambique","MOZ","1","0","0","0","0","1","1","0","0","0","0","0","0","0","791","0","0","0","0","791","791"
"2019-11-07","port784","Nacala","Mozambique","MOZ","0","1","0","0","0","1","1","0","23733","0","0","0","23733","23733","0","0","0","0","0","0","0"
"2019-11-08","port784","Nacala","Mozambique","MOZ","0","1","0","0","1","1","2","0","14974","0","0","0","14974","14974","0","0","0","0","36192","0","36192"
"2019-11-09","port784","Nacala","Mozambique","MOZ","0","0","0","0","0","0","0","0","0","0","0","0","0","0","0","0","0","0","0","0","0"
"2019-11-10","port784","Nacala","Mozambique","MOZ","2","1","0","0","0","3","3","1557","0","0","0","0","1557","1557","0","55089","0","0","0","55089","55089"
"2019-11-11","port784","Nacala","Mozambique","MOZ","0","0","0","0","0","0","0","0","0","0","0","0","0","0","0","0","0","0","0","0","0"
"2019-11-12","port784","Nacala","Mozambique","MOZ","0","0","1","0","0","1","1","0","0","1451","0","0","1451","1451","0","0","1589","0","0","1589","1589"
"2019-11-13","port784","Nacala","Mozambique","MOZ","1","0","0","0","1","1","2","0","0","0","0","8602","0","8602","7079","0","0","0","0","7079","7079"
"2019-11-14","port784","Nacala","Mozambique","MOZ","0","1","0","0","1","1","2","0","3289","0","0","0","3289","3289","0","0","0","0","176","0","176"
"2019-11-15","port784","Nacala","Mozambique","MOZ","0","1","0","0","0","1","1","0","0","0","0","0","0","0","0","29972","0","0","0","29972","29972"
"2019-11-16","port784","Nacala","Mozambique","MOZ","0","0","0","0","0","0","0","0","0","0","0","0","0","0","0","0","0","0","0","0","0"
"2019-11-17","port784","Nacala","Mozambique","MOZ","0","0","0","0","1","0","1","0","0","0","0","2777","0","2777","0","0","0","0","1377","0","1377"
"2019-11-18","port784","Nacala","Mozambique","MOZ","0","0","0","0","0","0","0","0","0","0","0","0","0","0","0","0","0","0","0","0","0"
"2019-11-19","port784","Nacala","Mozambique","MOZ","0","0","0","0","1","0","1","0","0","0","0","82686","0","82686","0","0","0","0","0","0","0"
"2019-11-20","port784","Nacala","Mozambique","MOZ","0","0","0","0","0","0","0","0","0","0","0","0","0","0","0","0","0","0","0","0","0"
"2019-11-21","port784","Nacala","Mozambique","MOZ","0","2","0","0","0","2","2","0","1503","0","0","0","1503","1503","0","166815","0","0","0","166815","166815"
"2019-11-22","port784","Nacala","Mozambique","MOZ","0","0","0","0","0","0","0","0","0","0","0","0","0","0","0","0","0","0","0","0","0"
"2019-11-23","port784","Nacala","Mozambique","MOZ","1","0","0","0","0","1","1","0","0","0","0","0","0","0","1497","0","0","0","0","1497","1497"
"2019-11-24","port784","Nacala","Mozambique","MOZ","0","0","0","0","0","0","0","0","0","0","0","0","0","0","0","0","0","0","0","0","0"
"2019-11-25","port784","Nacala","Mozambique","MOZ","0","0","0","0","0","0","0","0","0","0","0","0","0","0","0","0","0","0","0","0","0"
"2019-11-26","port784","Nacala","Mozambique","MOZ","0","2","0","0","1","2","3","0","19570","0","0","32659","19570","52230","0","0","0","0","0","0","0"
"2019-11-27","port784","Nacala","Mozambique","MOZ","0","1","1","0","0","2","2","0","0","0","0","0","0","0","0","5612","3549","0","0","9161","9161"
"2019-11-28","port784","Nacala","Mozambique","MOZ","0","0","0","0","0","0","0","0","0","0","0","0","0","0","0","0","0","0","0","0","0"
"2019-11-29","port784","Nacala","Mozambique","MOZ","1","0","0","0","0","1","1","2825","0","0","0","0","2825","2825","0","0","0","0","0","0","0"
"2019-11-30","port784","Nacala","Mozambique","MOZ","0","1","0","0","0","1","1","0","0","0","0","0","0","0","0","0","0","0","0","0","0"
"2019-12-01","port784","Nacala","Mozambique","MOZ","0","0","0","0","0","0","0","0","0","0","0","0","0","0","0","0","0","0","0","0","0"
"2019-12-02","port784","Nacala","Mozambique","MOZ","0","0","0","0","0","0","0","0","0","0","0","0","0","0","0","0","0","0","0","0","0"
"2019-12-03","port784","Nacala","Mozambique","MOZ","0","0","0","0","0","0","0","0","0","0","0","0","0","0","0","0","0","0","0","0","0"
"2019-12-04","port784","Nacala","Mozambique","MOZ","1","0","0","0","0","1","1","0","0","0","0","0","0","0","6204","0","0","0","0","6204","6204"
"2019-12-05","port784","Nacala","Mozambique","MOZ","0","1","0","0","1","1","2","0","18892","0","0","2777","18892","21669","0","0","0","0","1377","0","1377"
"2019-12-06","port784","Nacala","Mozambique","MOZ","0","1","0","0","0","1","1","0","0","0","0","0","0","0","0","0","0","0","0","0","0"
"2019-12-07","port784","Nacala","Mozambique","MOZ","1","0","0","0","0","1","1","0","0","0","0","0","0","0","3225","0","0","0","0","3225","3225"
"2019-12-08","port784","Nacala","Mozambique","MOZ","0","0","0","0","0","0","0","0","0","0","0","0","0","0","0","0","0","0","0","0","0"
"2019-12-09","port784","Nacala","Mozambique","MOZ","0","1","0","0","1","1","2","0","3273","0","0","20399","3273","23672","0","0","0","0","0","0","0"
"2019-12-10","port784","Nacala","Mozambique","MOZ","0","1","0","0","0","1","1","0","5027","0","0","0","5027","5027","0","49803","0","0","0","49803","49803"
"2019-12-11","port784","Nacala","Mozambique","MOZ","0","0","0","0","1","0","1","0","0","0","0","2777","0","2777","0","0","0","0","1377","0","1377"
"2019-12-12","port784","Nacala","Mozambique","MOZ","0","0","0","0","1","0","1","0","0","0","0","1343","0","1343","0","0","0","0","0","0","0"
"2019-12-13","port784","Nacala","Mozambique","MOZ","0","0","0","0","0","0","0","0","0","0","0","0","0","0","0","0","0","0","0","0","0"
"2019-12-14","port784","Nacala","Mozambique","MOZ","0","0","0","0","0","0","0","0","0","0","0","0","0","0","0","0","0","0","0","0","0"
"2019-12-15","port784","Nacala","Mozambique","MOZ","1","0","0","0","0","1","1","1827","0","0","0","0","1827","1827","2312","0","0","0","0","2312","2312"
"2019-12-16","port784","Nacala","Mozambique","MOZ","1","0","0","0","0","1","1","1827","0","0","0","0","1827","1827","2312","0","0","0","0","2312","2312"
"2019-12-17","port784","Nacala","Mozambique","MOZ","0","0","0","0","0","0","0","0","0","0","0","0","0","0","0","0","0","0","0","0","0"
"2019-12-18","port784","Nacala","Mozambique","MOZ","1","0","0","0","1","1","2","1827","0","0","0","0","1827","1827","2312","0","0","0","0","2312","2312"
"2019-12-19","port784","Nacala","Mozambique","MOZ","0","1","0","0","0","1","1","0","0","0","0","0","0","0","0","35989","0","0","0","35989","35989"
"2019-12-20","port784","Nacala","Mozambique","MOZ","1","0","1","0","0","2","2","0","0","263","0","0","263","263","4935","0","0","0","0","4935","4935"
"2019-12-21","port784","Nacala","Mozambique","MOZ","0","1","0","0","1","1","2","0","0","0","0","0","0","0","0","164077","0","0","0","164077","164077"
"2019-12-22","port784","Nacala","Mozambique","MOZ","0","0","0","0","0","0","0","0","0","0","0","0","0","0","0","0","0","0","0","0","0"
"2019-12-23","port784","Nacala","Mozambique","MOZ","0","0","0","0","1","0","1","0","0","0","0","2777","0","2777","0","0","0","0","1377","0","1377"
"2019-12-24","port784","Nacala","Mozambique","MOZ","1","0","0","0","0","1","1","0","0","0","0","0","0","0","0","0","0","0","0","0","0"
"2019-12-25","port784","Nacala","Mozambique","MOZ","0","0","0","0","0","0","0","0","0","0","0","0","0","0","0","0","0","0","0","0","0"
"2019-12-26","port784","Nacala","Mozambique","MOZ","0","1","0","0","1","1","2","0","5027","0","0","3104","5027","8131","0","49803","0","0","2559","49803","52363"
"2019-12-27","port784","Nacala","Mozambique","MOZ","0","0","0","0","0","0","0","0","0","0","0","0","0","0","0","0","0","0","0","0","0"
"2019-12-28","port784","Nacala","Mozambique","MOZ","0","0","0","0","0","0","0","0","0","0","0","0","0","0","0","0","0","0","0","0","0"
"2019-12-29","port784","Nacala","Mozambique","MOZ","0","1","0","0","0","1","1","0","696","0","0","0","696","696","0","0","0","0","0","0","0"
"2019-12-30","port784","Nacala","Mozambique","MOZ","0","0","0","0","0","0","0","0","0","0","0","0","0","0","0","0","0","0","0","0","0"
"2019-12-31","port784","Nacala","Mozambique","MOZ","1","0","0","0","0","1","1","1107","0","0","0","0","1107","1107","0","0","0","0","0","0","0"
"2020-01-01","port784","Nacala","Mozambique","MOZ","0","0","0","0","0","0","0","0","0","0","0","0","0","0","0","0","0","0","0","0","0"
"2020-01-02","port784","Nacala","Mozambique","MOZ","0","0","0","0","2","0","2","0","0","0","0","6208","0","6208","0","0","0","0","5119","0","5119"
"2020-01-03","port784","Nacala","Mozambique","MOZ","0","0","0","0","0","0","0","0","0","0","0","0","0","0","0","0","0","0","0","0","0"
"2020-01-04","port784","Nacala","Mozambique","MOZ","0","0","0","0","0","0","0","0","0","0","0","0","0","0","0","0","0","0","0","0","0"
"2020-01-05","port784","Nacala","Mozambique","MOZ","1","1","0","0","1","2","3","1827","0","0","0","2777","1827","4604","2312","0","0","0","1377","2312","3689"
"2020-01-06","port784","Nacala","Mozambique","MOZ","0","0","0","0","1","0","1","0","0","0","0","0","0","0","0","0","0","0","0","0","0"
"2020-01-07","port784","Nacala","Mozambique","MOZ","0","0","0","0","0","0","0","0","0","0","0","0","0","0","0","0","0","0","0","0","0"
"2020-01-08","port784","Nacala","Mozambique","MOZ","0","1","0","0","0","1","1","0","0","0","0","0","0","0","0","36984","0","0","0","36984","36984"
"2020-01-09","port784","Nacala","Mozambique","MOZ","0","0","0","0","0","0","0","0","0","0","0","0","0","0","0","0","0","0","0","0","0"
"2020-01-10","port784","Nacala","Mozambique","MOZ","0","1","0","0","2","1","3","0","0","0","0","5881","0","5881","0","0","0","0","3937","0","3937"
"2020-01-11","port784","Nacala","Mozambique","MOZ","0","0","0","0","0","0","0","0","0","0","0","0","0","0","0","0","0","0","0","0","0"
"2020-01-12","port784","Nacala","Mozambique","MOZ","0","1","0","0","0","1","1","0","0","0","0","0","0","0","0","0","0","0","0","0","0"
"2020-01-13","port784","Nacala","Mozambique","MOZ","0","1","0","0","0","1","1","0","9323","0","0","0","9323","9323","0","0","0","0","0","0","0"
"2020-01-14","port784","Nacala","Mozambique","MOZ","0","1","0","0","0","1","1","0","0","0","0","0","0","0","0","54494","0","0","0","54494","54494"
"2020-01-15","port784","Nacala","Mozambique","MOZ","0","0","0","0","0","0","0","0","0","0","0","0","0","0","0","0","0","0","0","0","0"
"2020-01-16","port784","Nacala","Mozambique","MOZ","1","0","0","0","1","1","2","7480","0","0","0","2777","7480","10257","0","0","0","0","1377","0","1377"
"2020-01-17","port784","Nacala","Mozambique","MOZ","1","0","0","0","0","1","1","0","0","0","0","0","0","0","0","0","0","0","0","0","0"
"2020-01-18","port784","Nacala","Mozambique","MOZ","0","0","1","0","1","1","2","0","0","3161","0","3104","3161","6265","0","0","0","0","2559","0","2559"
"2020-01-19","port784","Nacala","Mozambique","MOZ","0","0","0","0","0","0","0","0","0","0","0","0","0","0","0","0","0","0","0","0","0"
"2020-01-20","port784","Nacala","Mozambique","MOZ","0","0","0","0","0","0","0","0","0","0","0","0","0","0","0","0","0","0","0","0","0"
"2020-01-21","port784","Nacala","Mozambique","MOZ","1","1","0","0","0","2","2","351","5027","0","0","0","5378","5378","0","49803","0","0","0","49803","49803"
"2020-01-22","port784","Nacala","Mozambique","MOZ","0","1","0","0","0","1","1","0","0","0","0","0","0","0","0","76266","0","0","0","76266","76266"
"2020-01-23","port784","Nacala","Mozambique","MOZ","0","0","0","0","0","0","0","0","0","0","0","0","0","0","0","0","0","0","0","0","0"
"2020-01-24","port784","Nacala","Mozambique","MOZ","0","0","0","0","0","0","0","0","0","0","0","0","0","0","0","0","0","0","0","0","0"
"2020-01-25","port784","Nacala","Mozambique","MOZ","1","1","0","0","0","2","2","0","0","0","0","0","0","0","8725","52886","0","0","0","61612","61612"
"2020-01-26","port784","Nacala","Mozambique","MOZ","0","0","0","0","0","0","0","0","0","0","0","0","0","0","0","0","0","0","0","0","0"
"2020-01-27","port784","Nacala","Mozambique","MOZ","0","0","0","0","0","0","0","0","0","0","0","0","0","0","0","0","0","0","0","0","0"
"2020-01-28","port784","Nacala","Mozambique","MOZ","1","0","0","0","0","1","1","12269","0","0","0","0","12269","12269","0","0","0","0","0","0","0"
"2020-01-29","port784","Nacala","Mozambique","MOZ","0","0","0","1","0","1","1","0","0","0","0","0","0","0","0","0","0","0","0","0","0"
"2020-01-30","port784","Nacala","Mozambique","MOZ","0","1","0","0","0","1","1","0","5027","0","0","0","5027","5027","0","49803","0","0","0","49803","49803"
"2020-01-31","port784","Nacala","Mozambique","MOZ","0","0","0","0","0","0","0","0","0","0","0","0","0","0","0","0","0","0","0","0","0"
"2020-02-01","port784","Nacala","Mozambique","MOZ","0","1","0","0","0","1","1","0","0","0","0","0","0","0","0","22109","0","0","0","22109","22109"
"2020-02-02","port784","Nacala","Mozambique","MOZ","0","0","0","0","0","0","0","0","0","0","0","0","0","0","0","0","0","0","0","0","0"
"2020-02-03","port784","Nacala","Mozambique","MOZ","0","0","0","0","0","0","0","0","0","0","0","0","0","0","0","0","0","0","0","0","0"
"2020-02-04","port784","Nacala","Mozambique","MOZ","0","0","1","0","1","1","2","0","0","2099","0","0","2099","2099","0","0","0","0","0","0","0"
"2020-02-05","port784","Nacala","Mozambique","MOZ","0","0","0","0","0","0","0","0","0","0","0","0","0","0","0","0","0","0","0","0","0"
"2020-02-06","port784","Nacala","Mozambique","MOZ","0","0","0","0","1","0","1","0","0","0","0","2777","0","2777","0","0","0","0","1377","0","1377"
"2020-02-07","port784","Nacala","Mozambique","MOZ","1","1","0","0","0","2","2","1095","0","0","0","0","1095","1095","0","162271","0","0","0","162271","162271"
"2020-02-08","port784","Nacala","Mozambique","MOZ","0","0","0","0","0","0","0","0","0","0","0","0","0","0","0","0","0","0","0","0","0"
"2020-02-09","port784","Nacala","Mozambique","MOZ","0","0","1","0","0","1","1","0","0","1451","0","0","1451","1451","0","0","1589","0","0","1589","1589"
"2020-02-10","port784","Nacala","Mozambique","MOZ","0","0","0","0","0","0","0","0","0","0","0","0","0","0","0","0","0","0","0","0","0"
"2020-02-11","port784","Nacala","Mozambique","MOZ","0","0","0","0","0","0","0","0","0","0","0","0","0","0","0","0","0","0","0","0","0"
"2020-02-12","port784","Nacala","Mozambique","MOZ","0","1","0","0","1","1","2","0","572","0","0","0","572","572","0","0","0","0","32561","0","32561"
"2020-02-13","port784","Nacala","Mozambique","MOZ","1","1","0","0","0","2","2","0","0","0","0","0","0","0","0","77746","0","0","0","77746","77746"
"2020-02-14","port784","Nacala","Mozambique","MOZ","0","0","0","0","0","0","0","0","0","0","0","0","0","0","0","0","0","0","0","0","0"
"2020-02-15","port784","Nacala","Mozambique","MOZ","0","0","0","0","1","0","1","0","0","0","0","0","0","0","0","0","0","0","0","0","0"
"2020-02-16","port784","Nacala","Mozambique","MOZ","0","1","0","0","0","1","1","0","0","0","0","0","0","0","0","0","0","0","0","0","0"
"2020-02-17","port784","Nacala","Mozambique","MOZ","0","1","0","0","1","1","2","0","0","0","0","83917","0","83917","0","0","0","0","0","0","0"
"2020-02-18","port784","Nacala","Mozambique","MOZ","0","0","0","0","0","0","0","0","0","0","0","0","0","0","0","0","0","0","0","0","0"
"2020-02-19","port784","Nacala","Mozambique","MOZ","1","0","0","0","0","1","1","780","0","0","0","0","780","780","0","0","0","0","0","0","0"
"2020-02-20","port784","Nacala","Mozambique","MOZ","0","0","1","0","0","1","1","0","0","2863","0","0","2863","2863","0","0","0","0","0","0","0"
"2020-02-21","port784","Nacala","Mozambique","MOZ","0","0","0","0","0","0","0","0","0","0","0","0","0","0","0","0","0","0","0","0","0"
"2020-02-22","port784","Nacala","Mozambique","MOZ","0","1","0","0","0","1","1","0","0","0","0","0","0","0","0","45081","0","0","0","45081","45081"
"2020-02-23","port784","Nacala","Mozambique","MOZ","0","0","0","0","0","0","0","0","0","0","0","0","0","0","0","0","0","0","0","0","0"
"2020-02-24","port784","Nacala","Mozambique","MOZ","2","1","0","0","0","3","3","18256","0","0","0","0","18256","18256","0","0","0","0","0","0","0"
"2020-02-25","port784","Nacala","Mozambique","MOZ","0","0","0","0","1","0","1","0","0","0","0","29817","0","29817","0","0","0","0","0","0","0"
"2020-02-26","port784","Nacala","Mozambique","MOZ","0","1","0","0","0","1","1","0","0","0","0","0","0","0","0","109280","0","0","0","109280","109280"
"2020-02-27","port784","Nacala","Mozambique","MOZ","0","0","0","0","0","0","0","0","0","0","0","0","0","0","0","0","0","0","0","0","0"
"2020-02-28","port784","Nacala","Mozambique","MOZ","0","1","0","0","0","1","1","0","0","0","0","0","0","0","0","46884","0","0","0","46884","46884"
"2020-02-29","port784","Nacala","Mozambique","MOZ","0","0","0","0","0","0","0","0","0","0","0","0","0","0","0","0","0","0","0","0","0"
"2020-03-01","port784","Nacala","Mozambique","MOZ","1","0","0","0","0","1","1","0","0","0","0","0","0","0","0","0","0","0","0","0","0"
"2020-03-02","port784","Nacala","Mozambique","MOZ","0","1","0","0","0","1","1","0","0","0","0","0","0","0","0","0","0","0","0","0","0"
"2020-03-03","port784","Nacala","Mozambique","MOZ","0","1","0","0","0","1","1","0","0","0","0","0","0","0","0","56243","0","0","0","56243","56243"
"2020-03-04","port784","Nacala","Mozambique","MOZ","0","0","0","0","1","0","1","0","0","0","0","2777","0","2777","0","0","0","0","1377","0","1377"
"2020-03-05","port784","Nacala","Mozambique","MOZ","0","0","0","0","0","0","0","0","0","0","0","0","0","0","0","0","0","0","0","0","0"
"2020-03-06","port784","Nacala","Mozambique","MOZ","0","0","0","0","0","0","0","0","0","0","0","0","0","0","0","0","0","0","0","0","0"
"2020-03-07","port784","Nacala","Mozambique","MOZ","0","1","0","0","0","1","1","0","0","0","0","0","0","0","0","53277","0","0","0","53277","53277"
"2020-03-08","port784","Nacala","Mozambique","MOZ","0","0","0","0","0","0","0","0","0","0","0","0","0","0","0","0","0","0","0","0","0"
"2020-03-09","port784","Nacala","Mozambique","MOZ","1","1","0","0","0","2","2","0","0","0","0","0","0","0","561","0","0","0","0","561","561"
"2020-03-10","port784","Nacala","Mozambique","MOZ","0","0","0","0","0","0","0","0","0","0","0","0","0","0","0","0","0","0","0","0","0"
"2020-03-11","port784","Nacala","Mozambique","MOZ","1","1","0","0","0","2","2","4315","26096","0","0","0","30412","30412","0","0","0","0","0","0","0"
"2020-03-12","port784","Nacala","Mozambique","MOZ","0","1","0","0","0","1","1","0","5027","0","0","0","5027","5027","0","49803","0","0","0","49803","49803"
"2020-03-13","port784","Nacala","Mozambique","MOZ","0","0","0","0","0","0","0","0","0","0","0","0","0","0","0","0","0","0","0","0","0"
"2020-03-14","port784","Nacala","Mozambique","MOZ","0","1","0","0","1","1","2","0","0","0","0","3104","0","3104","0","77995","0","0","2559","77995","80555"
"2020-03-15","port784","Nacala","Mozambique","MOZ","0","1","0","0","0","1","1","0","26533","0","0","0","26533","26533","0","0","0","0","0","0","0"
"2020-03-16","port784","Nacala","Mozambique","MOZ","0","0","0","0","0","0","0","0","0","0","0","0","0","0","0","0","0","0","0","0","0"
"2020-03-17","port784","Nacala","Mozambique","MOZ","1","0","0","0","0","1","1","3577","0","0","0","0","3577","3577","0","0","0","0","0","0","0"
"2020-03-18","port784","Nacala","Mozambique","MOZ","0","0","0","0","0","0","0","0","0","0","0","0","0","0","0","0","0","0","0","0","0"
"2020-03-19","port784","Nacala","Mozambique","MOZ","0","2","0","0","0","2","2","0","0","0","0","0","0","0","0","186870","0","0","0","186870","186870"
"2020-03-20","port784","Nacala","Mozambique","MOZ","0","0","0","0","0","0","0","0","0","0","0","0","0","0","0","0","0","0","0","0","0"
"2020-03-21","port784","Nacala","Mozambique","MOZ","1","2","1","0","1","4","5","2743","12217","6495","0","2777","21457","24234","0","63798","0","0","1377","63798","65175"
"2020-03-22","port784","Nacala","Mozambique","MOZ","0","0","0","0","0","0","0","0","0","0","0","0","0","0","0","0","0","0","0","0","0"
"2020-03-23","port784","Nacala","Mozambique","MOZ","0","0","0","0","0","0","0","0","0","0","0","0","0","0","0","0","0","0","0","0","0"
"2020-03-24","port784","Nacala","Mozambique","MOZ","0","1","0","0","0","1","1","0","26004","0","0","0","26004","26004","0","0","0","0","0","0","0"
"2020-03-25","port784","Nacala","Mozambique","MOZ","0","1","0","0","0","1","1","0","5027","0","0","0","5027","5027","0","49803","0","0","0","49803","49803"
"2020-03-26","port784","Nacala","Mozambique","MOZ","1","0","0","0","0","1","1","3934","0","0","0","0","3934","3934","0","0","0","0","0","0","0"
"2020-03-27","port784","Nacala","Mozambique","MOZ","0","1","0","0","0","1","1","0","0","0","0","0","0","0","0","91686","0","0","0","91686","91686"
"2020-03-28","port784","Nacala","Mozambique","MOZ","0","0","0","0","0","0","0","0","0","0","0","0","0","0","0","0","0","0","0","0","0"
"2020-03-29","port784","Nacala","Mozambique","MOZ","0","0","0","0","0","0","0","0","0","0","0","0","0","0","0","0","0","0","0","0","0"
"2020-03-30","port784","Nacala","Mozambique","MOZ","0","1","0","0","0","1","1","0","0","0","0","0","0","0","0","0","0","0","0","0","0"
"2020-03-31","port784","Nacala","Mozambique","MOZ","0","0","0","0","0","0","0","0","0","0","0","0","0","0","0","0","0","0","0","0","0"
"2020-04-01","port784","Nacala","Mozambique","MOZ","0","0","0","0","1","0","1","0","0","0","0","3978","0","3978","0","0","0","0","3417","0","3417"
"2020-04-02","port784","Nacala","Mozambique","MOZ","0","2","0","0","1","2","3","0","52528","0","0","0","52528","52528","0","68865","0","0","0","68865","68865"
"2020-04-03","port784","Nacala","Mozambique","MOZ","0","1","0","0","0","1","1","0","0","0","0","0","0","0","0","172700","0","0","0","172700","172700"
"2020-04-04","port784","Nacala","Mozambique","MOZ","0","0","0","0","0","0","0","0","0","0","0","0","0","0","0","0","0","0","0","0","0"
"2020-04-05","port784","Nacala","Mozambique","MOZ","0","0","0","0","0","0","0","0","0","0","0","0","0","0","0","0","0","0","0","0","0"
"2020-04-06","port784","Nacala","Mozambique","MOZ","1","0","0","0","0","1","1","4394","0","0","0","0","4394","4394","0","0","0","0","0","0","0"
"2020-04-07","port784","Nacala","Mozambique","MOZ","0","0","0","0","0","0","0","0","0","0","0","0","0","0","0","0","0","0","0","0","0"
"2020-04-08","port784","Nacala","Mozambique","MOZ","0","0","0","0","0","0","0","0","0","0","0","0","0","0","0","0","0","0","0","0","0"
"2020-04-09","port784","Nacala","Mozambique","MOZ","1","1","0","0","0","2","2","1827","26489","0","0","0","28317","28317","2312","0","0","0","0","2312","2312"
"2020-04-10","port784","Nacala","Mozambique","MOZ","0","0","0","0","0","0","0","0","0","0","0","0","0","0","0","0","0","0","0","0","0"
"2020-04-11","port784","Nacala","Mozambique","MOZ","0","0","0","0","0","0","0","0","0","0","0","0","0","0","0","0","0","0","0","0","0"
"2020-04-12","port784","Nacala","Mozambique","MOZ","0","0","0","0","0","0","0","0","0","0","0","0","0","0","0","0","0","0","0","0","0"
"2020-04-13","port784","Nacala","Mozambique","MOZ","0","0","0","0","0","0","0","0","0","0","0","0","0","0","0","0","0","0","0","0","0"
"2020-04-14","port784","Nacala","Mozambique","MOZ","0","0","0","0","0","0","0","0","0","0","0","0","0","0","0","0","0","0","0","0","0"
"2020-04-22","port784","Nacala","Mozambique","MOZ","0","1","0","0","0","1","1","0","8323","0","0","0","8323","8323","0","0","0","0","0","0","0"
"2020-04-23","port784","Nacala","Mozambique","MOZ","0","0","0","0","0","0","0","0","0","0","0","0","0","0","0","0","0","0","0","0","0"
"2020-04-24","port784","Nacala","Mozambique","MOZ","0","1","0","0","0","1","1","0","0","0","0","0","0","0","0","82788","0","0","0","82788","82788"
"2020-04-25","port784","Nacala","Mozambique","MOZ","1","1","0","0","0","2","2","362","0","0","0","0","362","362","0","0","0","0","0","0","0"
"2020-04-26","port784","Nacala","Mozambique","MOZ","0","1","0","0","0","1","1","0","0","0","0","0","0","0","0","51117","0","0","0","51117","51117"
"2020-04-27","port784","Nacala","Mozambique","MOZ","1","0","0","0","1","1","2","1126","0","0","0","0","1126","1126","0","0","0","0","0","0","0"
"2020-04-28","port784","Nacala","Mozambique","MOZ","0","0","0","0","0","0","0","0","0","0","0","0","0","0","0","0","0","0","0","0","0"
"2020-04-29","port784","Nacala","Mozambique","MOZ","0","1","0","0","0","1","1","0","0","0","0","0","0","0","0","54328","0","0","0","54328","54328"
"2020-04-30","port784","Nacala","Mozambique","MOZ","1","0","0","0","1","1","2","2276","0","0","0","0","2276","2276","0","0","0","0","0","0","0"
"2020-05-01","port784","Nacala","Mozambique","MOZ","0","1","0","0","0","1","1","0","0","0","0","0","0","0","0","0","0","0","0","0","0"
"2020-05-02","port784","Nacala","Mozambique","MOZ","0","1","0","0","0","1","1","0","24900","0","0","0","24900","24900","0","0","0","0","0","0","0"
"2020-05-03","port784","Nacala","Mozambique","MOZ","1","0","0","0","0","1","1","1827","0","0","0","0","1827","1827","2312","0","0","0","0","2312","2312"
"2020-05-04","port784","Nacala","Mozambique","MOZ","0","1","0","0","1","1","2","0","0","0","0","2777","0","2777","0","50121","0","0","1377","50121","51499"
"2020-05-05","port784","Nacala","Mozambique","MOZ","0","0","0","0","0","0","0","0","0","0","0","0","0","0","0","0","0","0","0","0","0"
"2019-01-01","port784","Nacala","Mozambique","MOZ","0","0","0","0","0","0","0","0","0","0","0","0","0","0","0","0","0","0","0","0","0"
"2019-01-02","port784","Nacala","Mozambique","MOZ","0","0","0","0","0","0","0","0","0","0","0","0","0","0","0","0","0","0","0","0","0"
"2019-01-03","port784","Nacala","Mozambique","MOZ","0","2","0","0","0","2","2","0","58767","0","0","0","58767","58767","0","49803","0","0","0","49803","49803"
"2019-01-04","port784","Nacala","Mozambique","MOZ","0","1","0","0","0","1","1","0","0","0","0","0","0","0","0","0","0","0","0","0","0"
"2019-01-05","port784","Nacala","Mozambique","MOZ","1","0","0","0","0","1","1","2099","0","0","0","0","2099","2099","0","0","0","0","0","0","0"
"2019-01-06","port784","Nacala","Mozambique","MOZ","1","0","0","0","1","1","2","0","0","0","0","20349","0","20349","960","0","0","0","0","960","960"
"2019-01-07","port784","Nacala","Mozambique","MOZ","0","0","0","0","0","0","0","0","0","0","0","0","0","0","0","0","0","0","0","0","0"
"2019-01-08","port784","Nacala","Mozambique","MOZ","0","0","0","0","0","0","0","0","0","0","0","0","0","0","0","0","0","0","0","0","0"
"2019-01-09","port784","Nacala","Mozambique","MOZ","1","1","0","0","0","2","2","512","27762","0","0","0","28275","28275","0","0","0","0","0","0","0"
"2019-01-10","port784","Nacala","Mozambique","MOZ","0","0","0","0","0","0","0","0","0","0","0","0","0","0","0","0","0","0","0","0","0"
"2019-01-11","port784","Nacala","Mozambique","MOZ","1","0","1","0","0","2","2","0","0","1451","0","0","1451","1451","453","0","1589","0","0","2042","2042"
"2019-01-12","port784","Nacala","Mozambique","MOZ","1","0","0","0","0","1","1","437","0","0","0","0","437","437","0","0","0","0","0","0","0"
"2019-01-13","port784","Nacala","Mozambique","MOZ","0","0","0","0","0","0","0","0","0","0","0","0","0","0","0","0","0","0","0","0","0"
"2019-01-14","port784","Nacala","Mozambique","MOZ","0","0","0","0","1","0","1","0","0","0","0","3104","0","3104","0","0","0","0","2559","0","2559"
"2019-01-15","port784","Nacala","Mozambique","MOZ","0","1","0","0","0","1","1","0","0","0","0","0","0","0","0","163983","0","0","0","163983","163983"
"2019-01-16","port784","Nacala","Mozambique","MOZ","2","0","0","0","0","2","2","4427","0","0","0","0","4427","4427","1959","0","0","0","0","1959","1959"
"2019-01-17","port784","Nacala","Mozambique","MOZ","0","0","0","0","1","0","1","0","0","0","0","0","0","0","0","0","0","0","248","0","248"
"2019-01-18","port784","Nacala","Mozambique","MOZ","0","1","0","0","0","1","1","0","0","0","0","0","0","0","0","78809","0","0","0","78809","78809"
"2019-01-19","port784","Nacala","Mozambique","MOZ","0","0","0","0","0","0","0","0","0","0","0","0","0","0","0","0","0","0","0","0","0"
"2019-01-20","port784","Nacala","Mozambique","MOZ","0","0","0","0","0","0","0","0","0","0","0","0","0","0","0","0","0","0","0","0","0"
"2019-01-21","port784","Nacala","Mozambique","MOZ","1","0","0","0","1","1","2","1915","0","0","0","3104","1915","5019","0","0","0","0","2559","0","2559"
"2019-01-22","port784","Nacala","Mozambique","MOZ","0","0","0","0","0","0","0","0","0","0","0","0","0","0","0","0","0","0","0","0","0"
"2019-01-23","port784","Nacala","Mozambique","MOZ","0","0","0","0","0","0","0","0","0","0","0","0","0","0","0","0","0","0","0","0","0"
"2019-01-24","port784","Nacala","Mozambique","MOZ","0","0","0","0","1","0","1","0","0","0","0","3455","0","3455","0","0","0","0","0","0","0"
"2019-01-25","port784","Nacala","Mozambique","MOZ","0","1","1","0","1","2","3","0","0","1451","0","2777","1451","4228","0","32324","1589","0","1377","33913","35290"
"2019-01-26","port784","Nacala","Mozambique","MOZ","1","0","0","0","1","1","2","1827","0","0","0","530","1827","2357","2312","0","0","0","0","2312","2312"
"2019-01-27","port784","Nacala","Mozambique","MOZ","0","0","0","0","1","0","1","0","0","0","0","0","0","0","0","0","0","0","0","0","0"
"2019-01-28","port784","Nacala","Mozambique","MOZ","0","1","0","0","0","1","1","0","0","0","0","0","0","0","0","40989","0","0","0","40989","40989"
"2019-01-29","port784","Nacala","Mozambique","MOZ","0","0","0","0","0","0","0","0","0","0","0","0","0","0","0","0","0","0","0","0","0"
"2019-01-30","port784","Nacala","Mozambique","MOZ","1","0","0","0","1","1","2","0","0","0","0","5223","0","5223","2449","0","0","0","0","2449","2449"
"2019-01-31","port784","Nacala","Mozambique","MOZ","1","0","0","0","0","1","1","1938","0","0","0","0","1938","1938","0","0","0","0","0","0","0"
"2019-02-01","port784","Nacala","Mozambique","MOZ","1","0","0","0","0","1","1","6917","0","0","0","0","6917","6917","0","0","0","0","0","0","0"
"2019-02-02","port784","Nacala","Mozambique","MOZ","1","1","0","0","1","2","3","6185","0","0","0","0","6185","6185","0","0","0","0","0","0","0"
"2019-02-03","port784","Nacala","Mozambique","MOZ","0","0","0","0","0","0","0","0","0","0","0","0","0","0","0","0","0","0","0","0","0"
"2019-02-04","port784","Nacala","Mozambique","MOZ","0","1","0","0","0","1","1","0","0","0","0","0","0","0","0","168658","0","0","0","168658","168658"
"2019-02-05","port784","Nacala","Mozambique","MOZ","0","0","0","0","1","0","1","0","0","0","0","0","0","0","0","0","0","0","749","0","749"
"2019-02-06","port784","Nacala","Mozambique","MOZ","1","0","0","0","0","1","1","0","0","0","0","0","0","0","460","0","0","0","0","460","460"
"2019-02-07","port784","Nacala","Mozambique","MOZ","0","0","0","0","0","0","0","0","0","0","0","0","0","0","0","0","0","0","0","0","0"
"2019-02-08","port784","Nacala","Mozambique","MOZ","0","1","0","0","0","1","1","0","0","0","0","0","0","0","0","75664","0","0","0","75664","75664"
"2019-02-09","port784","Nacala","Mozambique","MOZ","0","1","0","0","0","1","1","0","0","0","0","0","0","0","0","173309","0","0","0","173309","173309"
"2019-02-10","port784","Nacala","Mozambique","MOZ","0","0","0","0","0","0","0","0","0","0","0","0","0","0","0","0","0","0","0","0","0"
"2019-02-11","port784","Nacala","Mozambique","MOZ","1","0","0","0","0","1","1","1956","0","0","0","0","1956","1956","0","0","0","0","0","0","0"
"2019-02-12","port784","Nacala","Mozambique","MOZ","0","0","0","0","1","0","1","0","0","0","0","0","0","0","0","0","0","0","0","0","0"
"2019-02-13","port784","Nacala","Mozambique","MOZ","1","0","0","0","0","1","1","0","0","0","0","0","0","0","2888","0","0","0","0","2888","2888"
"2019-02-14","port784","Nacala","Mozambique","MOZ","0","0","0","0","0","0","0","0","0","0","0","0","0","0","0","0","0","0","0","0","0"
"2019-02-15","port784","Nacala","Mozambique","MOZ","0","1","0","0","1","1","2","0","0","0","0","0","0","0","0","37815","0","0","0","37815","37815"
"2019-02-16","port784","Nacala","Mozambique","MOZ","0","0","0","0","1","0","1","0","0","0","0","0","0","0","0","0","0","0","0","0","0"
"2019-02-17","port784","Nacala","Mozambique","MOZ","1","0","0","0","0","1","1","1827","0","0","0","0","1827","1827","2312","0","0","0","0","2312","2312"
"2019-02-18","port784","Nacala","Mozambique","MOZ","0","0","0","0","0","0","0","0","0","0","0","0","0","0","0","0","0","0","0","0","0"
"2019-02-19","port784","Nacala","Mozambique","MOZ","0","2","0","0","0","2","2","0","8330","0","0","0","8330","8330","0","65762","0","0","0","65762","65762"
"2019-02-20","port784","Nacala","Mozambique","MOZ","1","0","0","0","1","1","2","1827","0","0","0","0","1827","1827","2312","0","0","0","0","2312","2312"
"2019-02-21","port784","Nacala","Mozambique","MOZ","1","1","0","0","0","2","2","1827","0","0","0","0","1827","1827","2312","110367","0","0","0","112679","112679"
"2019-02-22","port784","Nacala","Mozambique","MOZ","0","0","0","0","0","0","0","0","0","0","0","0","0","0","0","0","0","0","0","0","0"
"2019-02-23","port784","Nacala","Mozambique","MOZ","1","0","1","0","0","2","2","0","0","224","0","0","224","224","1963","0","0","0","0","1963","1963"
"2019-02-24","port784","Nacala","Mozambique","MOZ","0","0","0","0","0","0","0","0","0","0","0","0","0","0","0","0","0","0","0","0","0"
"2019-02-25","port784","Nacala","Mozambique","MOZ","0","1","0","0","0","1","1","0","0","0","0","0","0","0","0","167593","0","0","0","167593","167593"
"2019-02-26","port784","Nacala","Mozambique","MOZ","1","0","0","0","1","1","2","959","0","0","0","11729","959","12689","0","0","0","0","9926","0","9926"
"2019-02-27","port784","Nacala","Mozambique","MOZ","0","0","0","0","1","0","1","0","0","0","0","3104","0","3104","0","0","0","0","2559","0","2559"
"2019-02-28","port784","Nacala","Mozambique","MOZ","0","1","0","0","0","1","1","0","16051","0","0","0","16051","16051","0","0","0","0","0","0","0"
"2019-03-01","port784","Nacala","Mozambique","MOZ","0","1","0","0","1","1","2","0","5027","0","0","0","5027","5027","0","49803","0","0","0","49803","49803"
"2019-03-02","port784","Nacala","Mozambique","MOZ","0","0","0","0","0","0","0","0","0","0","0","0","0","0","0","0","0","0","0","0","0"
"2019-03-03","port784","Nacala","Mozambique","MOZ","0","2","0","0","2","2","4","0","10369","0","0","0","10369","10369","0","69715","0","0","415","69715","70131"
"2019-03-04","port784","Nacala","Mozambique","MOZ","1","0","0","0","1","1","2","477","0","0","0","0","477","477","0","0","0","0","29880","0","29880"
"2019-03-05","port784","Nacala","Mozambique","MOZ","0","0","0","0","0","0","0","0","0","0","0","0","0","0","0","0","0","0","0","0","0"
"2019-03-06","port784","Nacala","Mozambique","MOZ","1","1","0","0","0","2","2","388","0","0","0","0","388","388","0","57983","0","0","0","57983","57983"
"2019-03-07","port784","Nacala","Mozambique","MOZ","0","0","0","0","0","0","0","0","0","0","0","0","0","0","0","0","0","0","0","0","0"
"2019-03-08","port784","Nacala","Mozambique","MOZ","1","2","0","0","0","3","3","0","27808","0","0","0","27808","27808","883","79249","0","0","0","80132","80132"
"2019-03-09","port784","Nacala","Mozambique","MOZ","0","0","0","0","0","0","0","0","0","0","0","0","0","0","0","0","0","0","0","0","0"
"2019-03-10","port784","Nacala","Mozambique","MOZ","0","0","0","0","1","0","1","0","0","0","0","6577","0","6577","0","0","0","0","0","0","0"
"2019-03-11","port784","Nacala","Mozambique","MOZ","0","1","0","0","1","1","2","0","0","0","0","2777","0","2777","0","0","0","0","1377","0","1377"
"2020-05-06","port784","Nacala","Mozambique","MOZ","1","0","0","0","0","1","1","8889","0","0","0","0","8889","8889","0","0","0","0","0","0","0"
"2020-05-07","port784","Nacala","Mozambique","MOZ","0","0","0","0","0","0","0","0","0","0","0","0","0","0","0","0","0","0","0","0","0"
"2020-05-08","port784","Nacala","Mozambique","MOZ","0","1","0","0","0","1","1","0","5027","0","0","0","5027","5027","0","49803","0","0","0","49803","49803"
"2020-05-09","port784","Nacala","Mozambique","MOZ","1","2","0","0","0","3","3","393","16610","0","0","0","17004","17004","0","58135","0","0","0","58135","58135"
"2020-05-10","port784","Nacala","Mozambique","MOZ","0","1","0","0","0","1","1","0","0","0","0","0","0","0","0","0","0","0","0","0","0"
"2020-05-11","port784","Nacala","Mozambique","MOZ","0","1","0","0","1","1","2","0","0","0","0","0","0","0","0","0","0","0","0","0","0"
"2020-05-12","port784","Nacala","Mozambique","MOZ","0","0","0","0","0","0","0","0","0","0","0","0","0","0","0","0","0","0","0","0","0"
"2020-05-13","port784","Nacala","Mozambique","MOZ","1","0","0","0","1","1","2","2211","0","0","0","2777","2211","4989","0","0","0","0","1377","0","1377"
"2020-05-14","port784","Nacala","Mozambique","MOZ","0","0","0","0","1","0","1","0","0","0","0","0","0","0","0","0","0","0","0","0","0"
"2020-05-15","port784","Nacala","Mozambique","MOZ","0","0","0","0","0","0","0","0","0","0","0","0","0","0","0","0","0","0","0","0","0"
"2020-05-16","port784","Nacala","Mozambique","MOZ","1","0","0","0","1","1","2","1027","0","0","0","0","1027","1027","0","0","0","0","0","0","0"
"2020-05-17","port784","Nacala","Mozambique","MOZ","0","0","0","0","0","0","0","0","0","0","0","0","0","0","0","0","0","0","0","0","0"
"2020-05-18","port784","Nacala","Mozambique","MOZ","0","0","0","0","0","0","0","0","0","0","0","0","0","0","0","0","0","0","0","0","0"
"2020-05-19","port784","Nacala","Mozambique","MOZ","0","0","0","0","0","0","0","0","0","0","0","0","0","0","0","0","0","0","0","0","0"
"2020-05-20","port784","Nacala","Mozambique","MOZ","0","0","0","0","0","0","0","0","0","0","0","0","0","0","0","0","0","0","0","0","0"
"2020-05-21","port784","Nacala","Mozambique","MOZ","0","0","0","0","0","0","0","0","0","0","0","0","0","0","0","0","0","0","0","0","0"
"2020-05-22","port784","Nacala","Mozambique","MOZ","1","0","0","0","1","1","2","299","0","0","0","2777","299","3076","0","0","0","0","1377","0","1377"
"2020-05-23","port784","Nacala","Mozambique","MOZ","0","0","0","0","0","0","0","0","0","0","0","0","0","0","0","0","0","0","0","0","0"
"2020-05-24","port784","Nacala","Mozambique","MOZ","0","1","0","0","1","1","2","0","1753","0","0","0","1753","1753","0","0","0","0","0","0","0"
"2020-05-25","port784","Nacala","Mozambique","MOZ","0","1","0","0","0","1","1","0","0","0","0","0","0","0","0","54205","0","0","0","54205","54205"
"2020-05-26","port784","Nacala","Mozambique","MOZ","0","1","0","0","0","1","1","0","0","0","0","0","0","0","0","70111","0","0","0","70111","70111"
"2020-05-27","port784","Nacala","Mozambique","MOZ","0","0","0","0","0","0","0","0","0","0","0","0","0","0","0","0","0","0","0","0","0"
"2020-05-28","port784","Nacala","Mozambique","MOZ","0","0","0","0","0","0","0","0","0","0","0","0","0","0","0","0","0","0","0","0","0"
"2020-05-29","port784","Nacala","Mozambique","MOZ","0","0","0","0","0","0","0","0","0","0","0","0","0","0","0","0","0","0","0","0","0"
"2020-05-30","port784","Nacala","Mozambique","MOZ","0","1","0","0","0","1","1","0","0","0","0","0","0","0","0","78186","0","0","0","78186","78186"
"2020-05-31","port784","Nacala","Mozambique","MOZ","0","0","0","0","0","0","0","0","0","0","0","0","0","0","0","0","0","0","0","0","0"
"2020-06-01","port784","Nacala","Mozambique","MOZ","0","0","0","0","0","0","0","0","0","0","0","0","0","0","0","0","0","0","0","0","0"
"2020-06-02","port784","Nacala","Mozambique","MOZ","0","0","0","0","0","0","0","0","0","0","0","0","0","0","0","0","0","0","0","0","0"
"2020-06-03","port784","Nacala","Mozambique","MOZ","0","0","0","0","0","0","0","0","0","0","0","0","0","0","0","0","0","0","0","0","0"
"2020-06-04","port784","Nacala","Mozambique","MOZ","0","1","0","0","0","1","1","0","0","0","0","0","0","0","0","0","0","0","0","0","0"
"2020-06-05","port784","Nacala","Mozambique","MOZ","0","0","1","0","1","1","2","0","0","1451","0","0","1451","1451","0","0","1589","0","498","1589","2087"
"2020-06-06","port784","Nacala","Mozambique","MOZ","0","0","0","0","0","0","0","0","0","0","0","0","0","0","0","0","0","0","0","0","0"
"2020-06-07","port784","Nacala","Mozambique","MOZ","1","0","0","0","0","1","1","3157","0","0","0","0","3157","3157","0","0","0","0","0","0","0"
"2020-06-08","port784","Nacala","Mozambique","MOZ","1","0","0","0","0","1","1","0","0","0","0","0","0","0","1456","0","0","0","0","1456","1456"
"2020-06-09","port784","Nacala","Mozambique","MOZ","0","0","0","0","1","0","1","0","0","0","0","31098","0","31098","0","0","0","0","0","0","0"
"2020-06-10","port784","Nacala","Mozambique","MOZ","0","0","0","0","0","0","0","0","0","0","0","0","0","0","0","0","0","0","0","0","0"
"2020-06-11","port784","Nacala","Mozambique","MOZ","1","0","0","0","0","1","1","3164","0","0","0","0","3164","3164","0","0","0","0","0","0","0"
"2020-06-12","port784","Nacala","Mozambique","MOZ","0","0","0","0","0","0","0","0","0","0","0","0","0","0","0","0","0","0","0","0","0"
"2020-06-13","port784","Nacala","Mozambique","MOZ","0","0","0","0","0","0","0","0","0","0","0","0","0","0","0","0","0","0","0","0","0"
"2020-06-14","port784","Nacala","Mozambique","MOZ","0","1","0","0","0","1","1","0","0","0","0","0","0","0","0","164982","0","0","0","164982","164982"
"2020-06-15","port784","Nacala","Mozambique","MOZ","0","0","0","0","1","0","1","0","0","0","0","3104","0","3104","0","0","0","0","2559","0","2559"
"2020-06-16","port784","Nacala","Mozambique","MOZ","0","0","0","0","0","0","0","0","0","0","0","0","0","0","0","0","0","0","0","0","0"
"2020-06-17","port784","Nacala","Mozambique","MOZ","0","0","0","0","0","0","0","0","0","0","0","0","0","0","0","0","0","0","0","0","0"
"2020-06-18","port784","Nacala","Mozambique","MOZ","0","0","0","0","1","0","1","0","0","0","0","2777","0","2777","0","0","0","0","1377","0","1377"
"2020-06-19","port784","Nacala","Mozambique","MOZ","1","0","0","0","0","1","1","0","0","0","0","0","0","0","5030","0","0","0","0","5030","5030"
"2020-06-20","port784","Nacala","Mozambique","MOZ","0","0","0","0","0","0","0","0","0","0","0","0","0","0","0","0","0","0","0","0","0"
"2020-06-21","port784","Nacala","Mozambique","MOZ","0","0","0","0","0","0","0","0","0","0","0","0","0","0","0","0","0","0","0","0","0"
"2020-06-22","port784","Nacala","Mozambique","MOZ","1","0","0","0","0","1","1","0","0","0","0","0","0","0","19561","0","0","0","0","19561","19561"
"2020-06-23","port784","Nacala","Mozambique","MOZ","0","0","0","0","0","0","0","0","0","0","0","0","0","0","0","0","0","0","0","0","0"
"2020-06-24","port784","Nacala","Mozambique","MOZ","0","0","0","0","0","0","0","0","0","0","0","0","0","0","0","0","0","0","0","0","0"
"2020-06-25","port784","Nacala","Mozambique","MOZ","0","0","0","0","0","0","0","0","0","0","0","0","0","0","0","0","0","0","0","0","0"
"2020-06-26","port784","Nacala","Mozambique","MOZ","1","0","0","0","1","1","2","2210","0","0","0","0","2210","2210","0","0","0","0","0","0","0"
"2020-06-27","port784","Nacala","Mozambique","MOZ","1","0","0","0","0","1","1","0","0","0","0","0","0","0","897","0","0","0","0","897","897"
"2020-06-28","port784","Nacala","Mozambique","MOZ","0","0","0","0","1","0","1","0","0","0","0","2777","0","2777","0","0","0","0","1377","0","1377"
"2020-06-29","port784","Nacala","Mozambique","MOZ","1","0","0","0","0","1","1","1678","0","0","0","0","1678","1678","0","0","0","0","0","0","0"
"2020-06-30","port784","Nacala","Mozambique","MOZ","0","0","0","0","1","0","1","0","0","0","0","3104","0","3104","0","0","0","0","2559","0","2559"
"2020-07-01","port784","Nacala","Mozambique","MOZ","0","0","0","0","0","0","0","0","0","0","0","0","0","0","0","0","0","0","0","0","0"
"2020-07-02","port784","Nacala","Mozambique","MOZ","0","1","0","0","0","1","1","0","0","0","0","0","0","0","0","0","0","0","0","0","0"
"2020-07-03","port784","Nacala","Mozambique","MOZ","0","0","0","0","0","0","0","0","0","0","0","0","0","0","0","0","0","0","0","0","0"
"2020-07-04","port784","Nacala","Mozambique","MOZ","1","0","0","0","0","1","1","520","0","0","0","0","520","520","0","0","0","0","0","0","0"
"2020-07-05","port784","Nacala","Mozambique","MOZ","0","0","0","0","0","0","0","0","0","0","0","0","0","0","0","0","0","0","0","0","0"
"2020-07-06","port784","Nacala","Mozambique","MOZ","0","3","0","0","1","3","4","0","11097","0","0","0","11097","11097","0","106093","0","0","0","106093","106093"
"2020-07-07","port784","Nacala","Mozambique","MOZ","0","0","0","0","0","0","0","0","0","0","0","0","0","0","0","0","0","0","0","0","0"
"2020-07-08","port784","Nacala","Mozambique","MOZ","0","1","0","0","0","1","1","0","0","0","0","0","0","0","0","47439","0","0","0","47439","47439"
"2020-07-09","port784","Nacala","Mozambique","MOZ","1","0","0","0","0","1","1","0","0","0","0","0","0","0","501","0","0","0","0","501","501"
"2020-07-10","port784","Nacala","Mozambique","MOZ","0","0","0","0","1","0","1","0","0","0","0","0","0","0","0","0","0","0","665","0","665"
"2020-07-11","port784","Nacala","Mozambique","MOZ","1","0","0","0","0","1","1","0","0","0","0","0","0","0","3289","0","0","0","0","3289","3289"
"2020-07-12","port784","Nacala","Mozambique","MOZ","0","0","0","0","0","0","0","0","0","0","0","0","0","0","0","0","0","0","0","0","0"
"2020-07-13","port784","Nacala","Mozambique","MOZ","0","0","0","0","0","0","0","0","0","0","0","0","0","0","0","0","0","0","0","0","0"
"2020-07-14","port784","Nacala","Mozambique","MOZ","0","0","0","0","0","0","0","0","0","0","0","0","0","0","0","0","0","0","0","0","0"
"2020-07-15","port784","Nacala","Mozambique","MOZ","0","0","0","0","0","0","0","0","0","0","0","0","0","0","0","0","0","0","0","0","0"
"2020-07-16","port784","Nacala","Mozambique","MOZ","0","0","0","0","0","0","0","0","0","0","0","0","0","0","0","0","0","0","0","0","0"
"2020-07-17","port784","Nacala","Mozambique","MOZ","1","1","0","0","0","2","2","9017","3991","0","0","0","13009","13009","0","0","0","0","0","0","0"
"2020-07-18","port784","Nacala","Mozambique","MOZ","0","0","0","0","0","0","0","0","0","0","0","0","0","0","0","0","0","0","0","0","0"
"2020-07-19","port784","Nacala","Mozambique","MOZ","0","0","0","0","0","0","0","0","0","0","0","0","0","0","0","0","0","0","0","0","0"
"2020-07-20","port784","Nacala","Mozambique","MOZ","0","1","0","0","0","1","1","0","0","0","0","0","0","0","0","72056","0","0","0","72056","72056"
"2020-07-21","port784","Nacala","Mozambique","MOZ","1","1","0","0","0","2","2","0","0","0","0","0","0","0","963","55455","0","0","0","56418","56418"
"2020-07-22","port784","Nacala","Mozambique","MOZ","0","2","0","0","0","2","2","0","12176","0","0","0","12176","12176","0","117676","0","0","0","117676","117676"
"2020-07-23","port784","Nacala","Mozambique","MOZ","1","1","0","0","0","2","2","1968","0","0","0","0","1968","1968","0","18256","0","0","0","18256","18256"
"2020-07-24","port784","Nacala","Mozambique","MOZ","0","1","0","0","1","1","2","0","10856","0","0","0","10856","10856","0","0","0","0","0","0","0"
"2020-07-25","port784","Nacala","Mozambique","MOZ","1","1","1","0","0","3","3","3281","0","1451","0","0","4733","4733","0","73789","1589","0","0","75378","75378"
"2020-07-26","port784","Nacala","Mozambique","MOZ","0","0","0","0","0","0","0","0","0","0","0","0","0","0","0","0","0","0","0","0","0"
"2020-07-27","port784","Nacala","Mozambique","MOZ","1","0","0","0","0","1","1","3146","0","0","0","0","3146","3146","0","0","0","0","0","0","0"
"2020-07-28","port784","Nacala","Mozambique","MOZ","1","0","0","0","0","1","1","1054","0","0","0","0","1054","1054","0","0","0","0","0","0","0"
"2020-07-29","port784","Nacala","Mozambique","MOZ","0","0","0","0","0","0","0","0","0","0","0","0","0","0","0","0","0","0","0","0","0"
"2020-07-30","port784","Nacala","Mozambique","MOZ","0","1","1","0","1","2","3","0","21549","0","0","0","21549","21549","0","0","321","0","0","321","321"
"2020-07-31","port784","Nacala","Mozambique","MOZ","0","0","0","0","0","0","0","0","0","0","0","0","0","0","0","0","0","0","0","0","0"
"2020-08-01","port784","Nacala","Mozambique","MOZ","0","0","0","0","0","0","0","0","0","0","0","0","0","0","0","0","0","0","0","0","0"
"2020-08-02","port784","Nacala","Mozambique","MOZ","0","1","0","0","1","1","2","0","45441","0","0","0","45441","45441","0","0","0","0","0","0","0"
"2020-08-03","port784","Nacala","Mozambique","MOZ","0","1","1","0","0","2","2","0","0","1451","0","0","1451","1451","0","103324","1589","0","0","104913","104913"
"2020-08-04","port784","Nacala","Mozambique","MOZ","0","0","0","0","0","0","0","0","0","0","0","0","0","0","0","0","0","0","0","0","0"
"2020-08-05","port784","Nacala","Mozambique","MOZ","0","0","0","0","0","0","0","0","0","0","0","0","0","0","0","0","0","0","0","0","0"
"2020-08-06","port784","Nacala","Mozambique","MOZ","1","0","0","0","0","1","1","0","0","0","0","0","0","0","2420","0","0","0","0","2420","2420"
"2020-08-07","port784","Nacala","Mozambique","MOZ","0","0","0","0","0","0","0","0","0","0","0","0","0","0","0","0","0","0","0","0","0"
"2020-08-08","port784","Nacala","Mozambique","MOZ","0","0","0","0","0","0","0","0","0","0","0","0","0","0","0","0","0","0","0","0","0"
"2020-08-09","port784","Nacala","Mozambique","MOZ","1","0","0","0","0","1","1","1827","0","0","0","0","1827","1827","2312","0","0","0","0","2312","2312"
"2020-08-10","port784","Nacala","Mozambique","MOZ","0","0","0","0","0","0","0","0","0","0","0","0","0","0","0","0","0","0","0","0","0"
"2020-08-11","port784","Nacala","Mozambique","MOZ","1","0","1","0","0","2","2","0","0","4527","0","0","4527","4527","0","0","0","0","0","0","0"
"2020-08-12","port784","Nacala","Mozambique","MOZ","0","0","0","0","1","0","1","0","0","0","0","665","0","665","0","0","0","0","0","0","0"
"2020-08-13","port784","Nacala","Mozambique","MOZ","1","0","0","0","0","1","1","0","0","0","0","0","0","0","9249","0","0","0","0","9249","9249"
"2020-08-14","port784","Nacala","Mozambique","MOZ","0","1","0","0","0","1","1","0","0","0","0","0","0","0","0","53499","0","0","0","53499","53499"
"2020-08-15","port784","Nacala","Mozambique","MOZ","0","0","0","0","0","0","0","0","0","0","0","0","0","0","0","0","0","0","0","0","0"
"2020-08-16","port784","Nacala","Mozambique","MOZ","1","0","0","0","0","1","1","2263","0","0","0","0","2263","2263","0","0","0","0","0","0","0"
"2020-08-17","port784","Nacala","Mozambique","MOZ","0","1","0","0","0","1","1","0","0","0","0","0","0","0","0","18432","0","0","0","18432","18432"
"2020-08-18","port784","Nacala","Mozambique","MOZ","1","0","0","0","0","1","1","6069","0","0","0","0","6069","6069","0","0","0","0","0","0","0"
"2020-08-19","port784","Nacala","Mozambique","MOZ","0","0","0","0","0","0","0","0","0","0","0","0","0","0","0","0","0","0","0","0","0"
"2020-08-20","port784","Nacala","Mozambique","MOZ","0","1","0","0","0","1","1","0","2336","0","0","0","2336","2336","0","0","0","0","0","0","0"
"2020-08-21","port784","Nacala","Mozambique","MOZ","0","0","0","0","0","0","0","0","0","0","0","0","0","0","0","0","0","0","0","0","0"
"2020-08-22","port784","Nacala","Mozambique","MOZ","0","1","0","0","0","1","1","0","0","0","0","0","0","0","0","50561","0","0","0","50561","50561"
"2020-08-23","port784","Nacala","Mozambique","MOZ","0","0","0","0","0","0","0","0","0","0","0","0","0","0","0","0","0","0","0","0","0"
"2020-08-24","port784","Nacala","Mozambique","MOZ","1","0","0","0","0","1","1","1684","0","0","0","0","1684","1684","0","0","0","0","0","0","0"
"2020-08-25","port784","Nacala","Mozambique","MOZ","0","0","0","0","0","0","0","0","0","0","0","0","0","0","0","0","0","0","0","0","0"
"2020-08-26","port784","Nacala","Mozambique","MOZ","1","1","0","0","1","2","3","0","24180","0","0","2777","24180","26957","9764","0","0","0","1377","9764","11141"
"2020-08-27","port784","Nacala","Mozambique","MOZ","0","0","0","0","0","0","0","0","0","0","0","0","0","0","0","0","0","0","0","0","0"
"2020-08-28","port784","Nacala","Mozambique","MOZ","0","0","0","0","0","0","0","0","0","0","0","0","0","0","0","0","0","0","0","0","0"
"2020-08-29","port784","Nacala","Mozambique","MOZ","0","0","0","0","1","0","1","0","0","0","0","0","0","0","0","0","0","0","0","0","0"
"2020-08-30","port784","Nacala","Mozambique","MOZ","0","0","0","0","0","0","0","0","0","0","0","0","0","0","0","0","0","0","0","0","0"
"2020-08-31","port784","Nacala","Mozambique","MOZ","0","0","0","0","1","0","1","0","0","0","0","3104","0","3104","0","0","0","0","2559","0","2559"
"2020-09-01","port784","Nacala","Mozambique","MOZ","0","0","0","0","1","0","1","0","0","0","0","0","0","0","0","0","0","0","0","0","0"
"2020-09-02","port784","Nacala","Mozambique","MOZ","1","0","0","0","0","1","1","2206","0","0","0","0","2206","2206","0","0","0","0","0","0","0"
"2020-09-03","port784","Nacala","Mozambique","MOZ","1","1","0","0","0","2","2","0","0","0","0","0","0","0","781","161564","0","0","0","162346","162346"
"2020-09-04","port784","Nacala","Mozambique","MOZ","1","0","0","0","1","1","2","0","0","0","0","0","0","0","1202","0","0","0","0","1202","1202"
"2020-09-05","port784","Nacala","Mozambique","MOZ","0","0","0","0","0","0","0","0","0","0","0","0","0","0","0","0","0","0","0","0","0"
"2020-09-06","port784","Nacala","Mozambique","MOZ","0","0","1","0","0","1","1","0","0","1451","0","0","1451","1451","0","0","1589","0","0","1589","1589"
"2020-09-07","port784","Nacala","Mozambique","MOZ","1","0","0","0","1","1","2","2638","0","0","0","0","2638","2638","0","0","0","0","0","0","0"
"2020-09-08","port784","Nacala","Mozambique","MOZ","0","0","0","0","0","0","0","0","0","0","0","0","0","0","0","0","0","0","0","0","0"
"2020-09-09","port784","Nacala","Mozambique","MOZ","0","0","0","0","1","0","1","0","0","0","0","2777","0","2777","0","0","0","0","1377","0","1377"
"2020-09-10","port784","Nacala","Mozambique","MOZ","0","0","0","0","0","0","0","0","0","0","0","0","0","0","0","0","0","0","0","0","0"
"2020-09-11","port784","Nacala","Mozambique","MOZ","1","0","0","0","0","1","1","3546","0","0","0","0","3546","3546","0","0","0","0","0","0","0"
"2020-09-12","port784","Nacala","Mozambique","MOZ","0","0","0","0","0","0","0","0","0","0","0","0","0","0","0","0","0","0","0","0","0"
"2020-09-13","port784","Nacala","Mozambique","MOZ","0","1","1","0","1","2","3","0","0","0","0","0","0","0","0","54320","2476","0","0","56796","56796"
"2020-09-14","port784","Nacala","Mozambique","MOZ","0","1","0","0","0","1","1","0","0","0","0","0","0","0","0","53939","0","0","0","53939","53939"
"2020-09-15","port784","Nacala","Mozambique","MOZ","0","1","0","0","0","1","1","0","0","0","0","0","0","0","0","74843","0","0","0","74843","74843"
"2020-09-16","port784","Nacala","Mozambique","MOZ","0","1","0","0","0","1","1","0","17277","0","0","0","17277","17277","0","0","0","0","0","0","0"
"2020-09-17","port784","Nacala","Mozambique","MOZ","0","0","0","0","0","0","0","0","0","0","0","0","0","0","0","0","0","0","0","0","0"
"2020-09-18","port784","Nacala","Mozambique","MOZ","0","2","0","0","0","2","2","0","21563","0","0","0","21563","21563","0","17277","0","0","0","17277","17277"
"2020-09-19","port784","Nacala","Mozambique","MOZ","0","0","0","0","1","0","1","0","0","0","0","20801","0","20801","0","0","0","0","0","0","0"
"2020-09-20","port784","Nacala","Mozambique","MOZ","0","1","0","0","0","1","1","0","0","0","0","0","0","0","0","68504","0","0","0","68504","68504"
"2020-09-21","port784","Nacala","Mozambique","MOZ","1","1","0","0","0","2","2","0","0","0","0","0","0","0","553","167406","0","0","0","167959","167959"
"2020-09-22","port784","Nacala","Mozambique","MOZ","1","0","0","0","0","1","1","0","0","0","0","0","0","0","893","0","0","0","0","893","893"
"2020-09-23","port784","Nacala","Mozambique","MOZ","0","1","0","0","0","1","1","0","0","0","0","0","0","0","0","0","0","0","0","0","0"
"2020-09-24","port784","Nacala","Mozambique","MOZ","0","1","0","0","0","1","1","0","0","0","0","0","0","0","0","12754","0","0","0","12754","12754"
"2020-09-25","port784","Nacala","Mozambique","MOZ","0","1","0","0","0","1","1","0","13962","0","0","0","13962","13962","0","0","0","0","0","0","0"
"2020-09-26","port784","Nacala","Mozambique","MOZ","0","0","0","0","1","0","1","0","0","0","0","0","0","0","0","0","0","0","16638","0","16638"
"2020-09-27","port784","Nacala","Mozambique","MOZ","0","0","0","0","1","0","1","0","0","0","0","3104","0","3104","0","0","0","0","2559","0","2559"
"2020-09-28","port784","Nacala","Mozambique","MOZ","0","0","0","0","0","0","0","0","0","0","0","0","0","0","0","0","0","0","0","0","0"
"2020-09-29","port784","Nacala","Mozambique","MOZ","0","1","0","0","0","1","1","0","5027","0","0","0","5027","5027","0","49803","0","0","0","49803","49803"
"2020-09-30","port784","Nacala","Mozambique","MOZ","0","0","0","0","0","0","0","0","0","0","0","0","0","0","0","0","0","0","0","0","0"
"2020-10-01","port784","Nacala","Mozambique","MOZ","0","0","2","0","1","2","3","0","0","950","0","0","950","950","0","0","0","0","38186","0","38186"
"2020-10-02","port784","Nacala","Mozambique","MOZ","0","0","0","0","0","0","0","0","0","0","0","0","0","0","0","0","0","0","0","0","0"
"2020-10-03","port784","Nacala","Mozambique","MOZ","0","1","0","0","0","1","1","0","0","0","0","0","0","0","0","169795","0","0","0","169795","169795"
"2020-10-04","port784","Nacala","Mozambique","MOZ","1","0","0","0","0","1","1","0","0","0","0","0","0","0","2368","0","0","0","0","2368","2368"
"2020-10-05","port784","Nacala","Mozambique","MOZ","0","0","0","0","0","0","0","0","0","0","0","0","0","0","0","0","0","0","0","0","0"
"2020-10-06","port784","Nacala","Mozambique","MOZ","0","0","0","0","0","0","0","0","0","0","0","0","0","0","0","0","0","0","0","0","0"
"2020-10-07","port784","Nacala","Mozambique","MOZ","0","1","0","0","0","1","1","0","14969","0","0","0","14969","14969","0","0","0","0","0","0","0"
"2020-10-08","port784","Nacala","Mozambique","MOZ","0","1","0","0","0","1","1","0","25962","0","0","0","25962","25962","0","0","0","0","0","0","0"
"2020-10-09","port784","Nacala","Mozambique","MOZ","1","0","0","0","0","1","1","1827","0","0","0","0","1827","1827","2312","0","0","0","0","2312","2312"
"2020-10-10","port784","Nacala","Mozambique","MOZ","0","0","1","0","1","1","2","0","0","0","0","0","0","0","0","0","408","0","29944","408","30353"
"2020-10-11","port784","Nacala","Mozambique","MOZ","1","0","0","0","0","1","1","5592","0","0","0","0","5592","5592","0","0","0","0","0","0","0"
"2020-10-12","port784","Nacala","Mozambique","MOZ","0","2","0","0","0","2","2","0","0","0","0","0","0","0","0","179530","0","0","0","179530","179530"
"2020-10-13","port784","Nacala","Mozambique","MOZ","0","0","0","0","1","0","1","0","0","0","0","3104","0","3104","0","0","0","0","2559","0","2559"
"2020-10-14","port784","Nacala","Mozambique","MOZ","1","0","0","0","1","1","2","0","0","0","0","0","0","0","6391","0","0","0","0","6391","6391"
"2020-10-15","port784","Nacala","Mozambique","MOZ","0","0","0","0","0","0","0","0","0","0","0","0","0","0","0","0","0","0","0","0","0"
"2020-10-16","port784","Nacala","Mozambique","MOZ","0","1","0","0","0","1","1","0","0","0","0","0","0","0","0","2413","0","0","0","2413","2413"
"2020-10-17","port784","Nacala","Mozambique","MOZ","0","0","0","0","0","0","0","0","0","0","0","0","0","0","0","0","0","0","0","0","0"
"2020-10-18","port784","Nacala","Mozambique","MOZ","0","1","0","0","0","1","1","0","0","0","0","0","0","0","0","0","0","0","0","0","0"
"2020-10-19","port784","Nacala","Mozambique","MOZ","0","1","0","0","1","1","2","0","0","0","0","0","0","0","0","166216","0","0","0","166216","166216"
"2020-10-20","port784","Nacala","Mozambique","MOZ","0","0","0","0","0","0","0","0","0","0","0","0","0","0","0","0","0","0","0","0","0"
"2020-10-21","port784","Nacala","Mozambique","MOZ","1","0","0","0","0","1","1","5469","0","0","0","0","5469","5469","0","0","0","0","0","0","0"
"2020-10-22","port784","Nacala","Mozambique","MOZ","0","0","0","0","1","0","1","0","0","0","0","11729","0","11729","0","0","0","0","9926","0","9926"
"2020-10-23","port784","Nacala","Mozambique","MOZ","1","1","0","0","1","2","3","0","0","0","0","0","0","0","4540","78685","0","0","0","83225","83225"
"2020-10-24","port784","Nacala","Mozambique","MOZ","0","1","0","0","0","1","1","0","0","0","0","0","0","0","0","78632","0","0","0","78632","78632"
"2020-10-25","port784","Nacala","Mozambique","MOZ","0","0","0","0","0","0","0","0","0","0","0","0","0","0","0","0","0","0","0","0","0"
"2020-10-26","port784","Nacala","Mozambique","MOZ","1","0","0","0","0","1","1","0","0","0","0","0","0","0","11769","0","0","0","0","11769","11769"
"2020-10-27","port784","Nacala","Mozambique","MOZ","0","0","0","0","0","0","0","0","0","0","0","0","0","0","0","0","0","0","0","0","0"
"2020-10-28","port784","Nacala","Mozambique","MOZ","0","0","0","0","0","0","0","0","0","0","0","0","0","0","0","0","0","0","0","0","0"
"2020-10-29","port784","Nacala","Mozambique","MOZ","0","0","0","0","0","0","0","0","0","0","0","0","0","0","0","0","0","0","0","0","0"
"2020-10-30","port784","Nacala","Mozambique","MOZ","0","0","0","0","0","0","0","0","0","0","0","0","0","0","0","0","0","0","0","0","0"
"2020-10-31","port784","Nacala","Mozambique","MOZ","1","1","0","0","0","2","2","1827","9892","0","0","0","11719","11719","2312","0","0","0","0","2312","2312"
"2020-11-01","port784","Nacala","Mozambique","MOZ","0","0","0","0","0","0","0","0","0","0","0","0","0","0","0","0","0","0","0","0","0"
"2020-11-02","port784","Nacala","Mozambique","MOZ","0","1","0","0","0","1","1","0","5027","0","0","0","5027","5027","0","49803","0","0","0","49803","49803"
"2020-11-03","port784","Nacala","Mozambique","MOZ","1","0","0","0","1","1","2","1207","0","0","0","2777","1207","3984","0","0","0","0","1377","0","1377"
"2020-11-04","port784","Nacala","Mozambique","MOZ","1","1","1","0","0","3","3","5682","5027","0","0","0","10709","10709","0","49803","5462","0","0","55266","55266"
"2020-11-05","port784","Nacala","Mozambique","MOZ","0","1","0","0","0","1","1","0","0","0","0","0","0","0","0","54494","0","0","0","54494","54494"
"2020-11-06","port784","Nacala","Mozambique","MOZ","0","0","1","0","1","1","2","0","0","0","0","0","0","0","0","0","0","0","5709","0","5709"
"2020-11-07","port784","Nacala","Mozambique","MOZ","0","0","1","0","0","1","1","0","0","0","0","0","0","0","0","0","0","0","0","0","0"
"2020-11-08","port784","Nacala","Mozambique","MOZ","1","0","0","0","0","1","1","0","0","0","0","0","0","0","379","0","0","0","0","379","379"
"2020-11-09","port784","Nacala","Mozambique","MOZ","0","0","0","0","0","0","0","0","0","0","0","0","0","0","0","0","0","0","0","0","0"
"2020-11-10","port784","Nacala","Mozambique","MOZ","2","0","0","0","1","2","3","3020","0","0","0","2777","3020","5797","0","0","0","0","1377","0","1377"
"2020-11-11","port784","Nacala","Mozambique","MOZ","0","1","0","0","0","1","1","0","15161","0","0","0","15161","15161","0","0","0","0","0","0","0"
"2020-11-12","port784","Nacala","Mozambique","MOZ","1","0","1","0","0","2","2","2263","0","1451","0","0","3714","3714","0","0","1589","0","0","1589","1589"
"2020-11-13","port784","Nacala","Mozambique","MOZ","0","0","0","0","0","0","0","0","0","0","0","0","0","0","0","0","0","0","0","0","0"
"2020-11-14","port784","Nacala","Mozambique","MOZ","0","1","0","0","0","1","1","0","46634","0","0","0","46634","46634","0","0","0","0","0","0","0"
"2020-11-15","port784","Nacala","Mozambique","MOZ","0","0","0","0","0","0","0","0","0","0","0","0","0","0","0","0","0","0","0","0","0"
"2020-11-16","port784","Nacala","Mozambique","MOZ","0","0","0","0","0","0","0","0","0","0","0","0","0","0","0","0","0","0","0","0","0"
"2020-11-17","port784","Nacala","Mozambique","MOZ","0","1","0","0","1","1","2","0","0","0","0","0","0","0","0","7599","0","0","0","7599","7599"
"2020-11-18","port784","Nacala","Mozambique","MOZ","0","2","0","0","0","2","2","0","19495","0","0","0","19495","19495","0","0","0","0","0","0","0"
"2020-11-19","port784","Nacala","Mozambique","MOZ","0","0","1","0","0","1","1","0","0","1451","0","0","1451","1451","0","0","1589","0","0","1589","1589"
"2020-11-20","port784","Nacala","Mozambique","MOZ","0","0","0","0","0","0","0","0","0","0","0","0","0","0","0","0","0","0","0","0","0"
"2020-11-21","port784","Nacala","Mozambique","MOZ","0","1","0","0","0","1","1","0","0","0","0","0","0","0","0","0","0","0","0","0","0"
"2020-11-22","port784","Nacala","Mozambique","MOZ","0","0","1","0","0","1","1","0","0","885","0","0","885","885","0","0","0","0","0","0","0"
"2020-11-23","port784","Nacala","Mozambique","MOZ","0","0","0","0","1","0","1","0","0","0","0","0","0","0","0","0","0","0","0","0","0"
"2020-11-24","port784","Nacala","Mozambique","MOZ","0","0","0","0","0","0","0","0","0","0","0","0","0","0","0","0","0","0","0","0","0"
"2020-11-25","port784","Nacala","Mozambique","MOZ","1","0","0","0","0","1","1","3550","0","0","0","0","3550","3550","0","0","0","0","0","0","0"
"2020-11-26","port784","Nacala","Mozambique","MOZ","0","1","0","0","0","1","1","0","0","0","0","0","0","0","0","52516","0","0","0","52516","52516"
"2020-11-27","port784","Nacala","Mozambique","MOZ","0","0","0","0","0","0","0","0","0","0","0","0","0","0","0","0","0","0","0","0","0"
"2020-11-28","port784","Nacala","Mozambique","MOZ","1","1","0","0","0","2","2","1780","36682","0","0","0","38463","38463","0","0","0","0","0","0","0"
"2020-11-29","port784","Nacala","Mozambique","MOZ","0","0","0","0","0","0","0","0","0","0","0","0","0","0","0","0","0","0","0","0","0"
"2020-11-30","port784","Nacala","Mozambique","MOZ","1","0","0","0","0","1","1","1891","0","0","0","0","1891","1891","0","0","0","0","0","0","0"
"2020-12-01","port784","Nacala","Mozambique","MOZ","0","0","0","0","0","0","0","0","0","0","0","0","0","0","0","0","0","0","0","0","0"
"2020-12-02","port784","Nacala","Mozambique","MOZ","0","1","0","0","0","1","1","0","0","0","0","0","0","0","0","78441","0","0","0","78441","78441"
"2020-12-03","port784","Nacala","Mozambique","MOZ","0","3","0","0","1","3","4","0","38321","0","0","2777","38321","41098","0","0","0","0","1377","0","1377"
"2020-12-04","port784","Nacala","Mozambique","MOZ","0","0","0","0","0","0","0","0","0","0","0","0","0","0","0","0","0","0","0","0","0"
"2020-12-05","port784","Nacala","Mozambique","MOZ","0","0","0","0","1","0","1","0","0","0","0","3104","0","3104","0","0","0","0","2559","0","2559"
"2020-12-06","port784","Nacala","Mozambique","MOZ","1","0","0","0","0","1","1","5030","0","0","0","0","5030","5030","0","0","0","0","0","0","0"
"2020-12-07","port784","Nacala","Mozambique","MOZ","0","0","0","0","0","0","0","0","0","0","0","0","0","0","0","0","0","0","0","0","0"
"2020-12-08","port784","Nacala","Mozambique","MOZ","0","0","1","0","1","1","2","0","0","1362","0","3104","1362","4466","0","0","0","0","2559","0","2559"
"2020-12-09","port784","Nacala","Mozambique","MOZ","0","1","0","0","1","1","2","0","36152","0","0","0","36152","36152","0","0","0","0","0","0","0"
"2020-12-10","port784","Nacala","Mozambique","MOZ","0","0","0","0","0","0","0","0","0","0","0","0","0","0","0","0","0","0","0","0","0"
"2020-12-11","port784","Nacala","Mozambique","MOZ","0","0","0","0","0","0","0","0","0","0","0","0","0","0","0","0","0","0","0","0","0"
"2020-12-12","port784","Nacala","Mozambique","MOZ","0","1","1","0","0","2","2","0","0","0","0","0","0","0","0","27915","0","0","0","27915","27915"
"2020-12-13","port784","Nacala","Mozambique","MOZ","0","0","0","0","0","0","0","0","0","0","0","0","0","0","0","0","0","0","0","0","0"
"2020-12-14","port784","Nacala","Mozambique","MOZ","0","0","0","0","1","0","1","0","0","0","0","2777","0","2777","0","0","0","0","1377","0","1377"
"2020-12-15","port784","Nacala","Mozambique","MOZ","0","1","1","0","0","2","2","0","0","139","0","0","139","139","0","65391","0","0","0","65391","65391"
"2020-12-16","port784","Nacala","Mozambique","MOZ","0","0","0","0","1","0","1","0","0","0","0","3978","0","3978","0","0","0","0","3417","0","3417"
"2020-12-17","port784","Nacala","Mozambique","MOZ","1","0","0","0","0","1","1","4346","0","0","0","0","4346","4346","0","0","0","0","0","0","0"
"2020-12-18","port784","Nacala","Mozambique","MOZ","0","0","0","0","0","0","0","0","0","0","0","0","0","0","0","0","0","0","0","0","0"
"2020-12-19","port784","Nacala","Mozambique","MOZ","2","0","0","0","0","2","2","8889","0","0","0","0","8889","8889","1648","0","0","0","0","1648","1648"
"2020-12-20","port784","Nacala","Mozambique","MOZ","0","0","0","0","0","0","0","0","0","0","0","0","0","0","0","0","0","0","0","0","0"
"2020-12-21","port784","Nacala","Mozambique","MOZ","0","1","0","0","1","1","2","0","0","0","0","0","0","0","0","54926","0","0","0","54926","54926"
"2020-12-22","port784","Nacala","Mozambique","MOZ","1","1","0","0","0","2","2","1204","0","0","0","0","1204","1204","0","165900","0","0","0","165900","165900"
"2020-12-23","port784","Nacala","Mozambique","MOZ","0","0","0","0","0","0","0","0","0","0","0","0","0","0","0","0","0","0","0","0","0"
"2020-12-24","port784","Nacala","Mozambique","MOZ","0","0","0","0","0","0","0","0","0","0","0","0","0","0","0","0","0","0","0","0","0"
"2020-12-25","port784","Nacala","Mozambique","MOZ","0","1","0","0","0","1","1","0","0","0","0","0","0","0","0","164589","0","0","0","164589","164589"
"2020-12-26","port784","Nacala","Mozambique","MOZ","1","1","0","0","0","2","2","1827","0","0","0","0","1827","1827","2312","1715","0","0","0","4028","4028"
"2020-12-27","port784","Nacala","Mozambique","MOZ","0","0","0","0","0","0","0","0","0","0","0","0","0","0","0","0","0","0","0","0","0"
"2020-12-28","port784","Nacala","Mozambique","MOZ","0","0","0","0","0","0","0","0","0","0","0","0","0","0","0","0","0","0","0","0","0"
"2020-12-29","port784","Nacala","Mozambique","MOZ","0","0","0","0","0","0","0","0","0","0","0","0","0","0","0","0","0","0","0","0","0"
"2020-12-30","port784","Nacala","Mozambique","MOZ","1","1","0","0","0","2","2","5656","5027","0","0","0","10683","10683","0","49803","0","0","0","49803","49803"
"2020-12-31","port784","Nacala","Mozambique","MOZ","0","0","0","0","0","0","0","0","0","0","0","0","0","0","0","0","0","0","0","0","0"
"2021-01-01","port784","Nacala","Mozambique","MOZ","0","0","0","0","0","0","0","0","0","0","0","0","0","0","0","0","0","0","0","0","0"
"2021-01-02","port784","Nacala","Mozambique","MOZ","0","1","0","0","0","1","1","0","31721","0","0","0","31721","31721","0","0","0","0","0","0","0"
"2021-01-03","port784","Nacala","Mozambique","MOZ","0","1","0","0","1","1","2","0","25035","0","0","0","25035","25035","0","0","0","0","0","0","0"
"2021-01-04","port784","Nacala","Mozambique","MOZ","0","0","0","0","0","0","0","0","0","0","0","0","0","0","0","0","0","0","0","0","0"
"2021-01-05","port784","Nacala","Mozambique","MOZ","0","0","0","0","1","0","1","0","0","0","0","3978","0","3978","0","0","0","0","3417","0","3417"
"2021-01-06","port784","Nacala","Mozambique","MOZ","0","1","1","0","0","2","2","0","0","0","0","0","0","0","0","0","0","0","0","0","0"
"2021-01-07","port784","Nacala","Mozambique","MOZ","0","1","0","0","0","1","1","0","0","0","0","0","0","0","0","480","0","0","0","480","480"
"2021-01-08","port784","Nacala","Mozambique","MOZ","0","1","0","0","0","1","1","0","6592","0","0","0","6592","6592","0","0","0","0","0","0","0"
"2021-01-09","port784","Nacala","Mozambique","MOZ","1","0","0","0","0","1","1","8585","0","0","0","0","8585","8585","0","0","0","0","0","0","0"
"2021-01-10","port784","Nacala","Mozambique","MOZ","0","0","0","0","1","0","1","0","0","0","0","0","0","0","0","0","0","0","0","0","0"
"2021-01-11","port784","Nacala","Mozambique","MOZ","1","1","0","0","0","2","2","454","0","0","0","0","454","454","0","53550","0","0","0","53550","53550"
"2021-01-12","port784","Nacala","Mozambique","MOZ","0","0","0","0","1","0","1","0","0","0","0","2777","0","2777","0","0","0","0","1377","0","1377"
"2021-01-13","port784","Nacala","Mozambique","MOZ","1","0","0","0","0","1","1","15008","0","0","0","0","15008","15008","0","0","0","0","0","0","0"
"2021-01-14","port784","Nacala","Mozambique","MOZ","0","1","0","0","0","1","1","0","0","0","0","0","0","0","0","8341","0","0","0","8341","8341"
"2021-01-15","port784","Nacala","Mozambique","MOZ","0","0","0","0","0","0","0","0","0","0","0","0","0","0","0","0","0","0","0","0","0"
"2021-01-16","port784","Nacala","Mozambique","MOZ","0","1","0","0","1","1","2","0","5027","0","0","0","5027","5027","0","49803","0","0","0","49803","49803"
"2021-01-17","port784","Nacala","Mozambique","MOZ","1","0","0","0","0","1","1","1550","0","0","0","0","1550","1550","0","0","0","0","0","0","0"
"2021-01-18","port784","Nacala","Mozambique","MOZ","1","0","0","0","0","1","1","0","0","0","0","0","0","0","5328","0","0","0","0","5328","5328"
"2021-01-19","port784","Nacala","Mozambique","MOZ","0","0","0","0","0","0","0","0","0","0","0","0","0","0","0","0","0","0","0","0","0"
"2021-01-20","port784","Nacala","Mozambique","MOZ","0","0","0","0","0","0","0","0","0","0","0","0","0","0","0","0","0","0","0","0","0"
"2021-01-21","port784","Nacala","Mozambique","MOZ","1","1","0","0","0","2","2","14083","0","0","0","0","14083","14083","0","77105","0","0","0","77105","77105"
"2021-01-22","port784","Nacala","Mozambique","MOZ","0","0","0","0","0","0","0","0","0","0","0","0","0","0","0","0","0","0","0","0","0"
"2021-01-23","port784","Nacala","Mozambique","MOZ","0","0","0","0","0","0","0","0","0","0","0","0","0","0","0","0","0","0","0","0","0"
"2021-01-24","port784","Nacala","Mozambique","MOZ","1","0","0","0","0","1","1","1402","0","0","0","0","1402","1402","0","0","0","0","0","0","0"
"2021-01-25","port784","Nacala","Mozambique","MOZ","0","0","1","0","1","1","2","0","0","278","0","0","278","278","0","0","0","0","0","0","0"
"2021-01-26","port784","Nacala","Mozambique","MOZ","0","0","1","0","0","1","1","0","0","747","0","0","747","747","0","0","0","0","0","0","0"
"2021-01-27","port784","Nacala","Mozambique","MOZ","1","1","0","0","0","2","2","0","0","0","0","0","0","0","1761","83843","0","0","0","85604","85604"
"2021-01-28","port784","Nacala","Mozambique","MOZ","0","0","0","0","0","0","0","0","0","0","0","0","0","0","0","0","0","0","0","0","0"
"2021-01-29","port784","Nacala","Mozambique","MOZ","0","0","0","0","1","0","1","0","0","0","0","2777","0","2777","0","0","0","0","1377","0","1377"
"2021-01-30","port784","Nacala","Mozambique","MOZ","0","0","0","0","1","0","1","0","0","0","0","0","0","0","0","0","0","0","0","0","0"
"2021-01-31","port784","Nacala","Mozambique","MOZ","0","1","0","0","0","1","1","0","0","0","0","0","0","0","0","0","0","0","0","0","0"
"2021-02-01","port784","Nacala","Mozambique","MOZ","0","0","0","0","0","0","0","0","0","0","0","0","0","0","0","0","0","0","0","0","0"
"2021-02-02","port784","Nacala","Mozambique","MOZ","0","0","0","0","0","0","0","0","0","0","0","0","0","0","0","0","0","0","0","0","0"
"2021-02-03","port784","Nacala","Mozambique","MOZ","0","0","0","0","1","0","1","0","0","0","0","0","0","0","0","0","0","0","0","0","0"
"2021-02-04","port784","Nacala","Mozambique","MOZ","0","1","0","0","0","1","1","0","0","0","0","0","0","0","0","13405","0","0","0","13405","13405"
"2021-02-05","port784","Nacala","Mozambique","MOZ","0","0","0","0","0","0","0","0","0","0","0","0","0","0","0","0","0","0","0","0","0"
"2021-02-06","port784","Nacala","Mozambique","MOZ","0","0","0","0","0","0","0","0","0","0","0","0","0","0","0","0","0","0","0","0","0"
"2021-02-07","port784","Nacala","Mozambique","MOZ","1","0","0","0","0","1","1","14965","0","0","0","0","14965","14965","0","0","0","0","0","0","0"
"2021-02-08","port784","Nacala","Mozambique","MOZ","0","0","0","0","0","0","0","0","0","0","0","0","0","0","0","0","0","0","0","0","0"
"2021-02-09","port784","Nacala","Mozambique","MOZ","0","0","1","0","1","1","2","0","0","1326","0","0","1326","1326","0","0","0","0","0","0","0"
"2021-02-10","port784","Nacala","Mozambique","MOZ","0","0","0","0","1","0","1","0","0","0","0","3104","0","3104","0","0","0","0","2559","0","2559"
"2021-02-11","port784","Nacala","Mozambique","MOZ","0","0","0","0","1","0","1","0","0","0","0","0","0","0","0","0","0","0","0","0","0"
"2021-02-12","port784","Nacala","Mozambique","MOZ","1","0","0","0","0","1","1","0","0","0","0","0","0","0","6421","0","0","0","0","6421","6421"
"2021-02-13","port784","Nacala","Mozambique","MOZ","0","0","0","0","0","0","0","0","0","0","0","0","0","0","0","0","0","0","0","0","0"
"2021-02-14","port784","Nacala","Mozambique","MOZ","0","0","0","0","0","0","0","0","0","0","0","0","0","0","0","0","0","0","0","0","0"
"2021-02-15","port784","Nacala","Mozambique","MOZ","0","2","0","0","0","2","2","0","6444","0","0","0","6444","6444","0","81595","0","0","0","81595","81595"
"2021-02-16","port784","Nacala","Mozambique","MOZ","1","0","0","0","1","1","2","0","0","0","0","2777","0","2777","2736","0","0","0","1377","2736","4113"
"2021-02-17","port784","Nacala","Mozambique","MOZ","0","0","0","0","0","0","0","0","0","0","0","0","0","0","0","0","0","0","0","0","0"
"2021-02-18","port784","Nacala","Mozambique","MOZ","0","0","1","0","1","1","2","0","0","330","0","0","330","330","0","0","0","0","0","0","0"
"2021-02-19","port784","Nacala","Mozambique","MOZ","1","0","0","0","0","1","1","8844","0","0","0","0","8844","8844","0","0","0","0","0","0","0"
"2021-02-20","port784","Nacala","Mozambique","MOZ","0","1","0","0","0","1","1","0","0","0","0","0","0","0","0","0","0","0","0","0","0"
"2021-02-21","port784","Nacala","Mozambique","MOZ","0","0","0","0","0","0","0","0","0","0","0","0","0","0","0","0","0","0","0","0","0"
"2021-02-22","port784","Nacala","Mozambique","MOZ","0","1","0","0","0","1","1","0","0","0","0","0","0","0","0","47366","0","0","0","47366","47366"
"2021-02-23","port784","Nacala","Mozambique","MOZ","0","1","0","0","0","1","1","0","0","0","0","0","0","0","0","40839","0","0","0","40839","40839"
"2021-02-24","port784","Nacala","Mozambique","MOZ","0","0","0","0","0","0","0","0","0","0","0","0","0","0","0","0","0","0","0","0","0"
"2021-02-25","port784","Nacala","Mozambique","MOZ","0","1","1","0","0","2","2","0","0","614","0","0","614","614","0","83843","0","0","0","83843","83843"
"2021-02-26","port784","Nacala","Mozambique","MOZ","1","0","0","0","0","1","1","4323","0","0","0","0","4323","4323","0","0","0","0","0","0","0"
"2021-02-27","port784","Nacala","Mozambique","MOZ","0","0","0","0","0","0","0","0","0","0","0","0","0","0","0","0","0","0","0","0","0"
"2021-02-28","port784","Nacala","Mozambique","MOZ","1","0","0","0","0","1","1","0","0","0","0","0","0","0","1160","0","0","0","0","1160","1160"
"2021-03-01","port784","Nacala","Mozambique","MOZ","1","0","0","0","0","1","1","0","0","0","0","0","0","0","1583","0","0","0","0","1583","1583"
"2021-03-02","port784","Nacala","Mozambique","MOZ","0","0","0","0","0","0","0","0","0","0","0","0","0","0","0","0","0","0","0","0","0"
"2021-03-03","port784","Nacala","Mozambique","MOZ","0","1","0","0","0","1","1","0","0","0","0","0","0","0","0","0","0","0","0","0","0"
"2021-03-04","port784","Nacala","Mozambique","MOZ","0","0","0","0","1","0","1","0","0","0","0","0","0","0","0","0","0","0","0","0","0"
"2021-03-05","port784","Nacala","Mozambique","MOZ","0","1","0","0","0","1","1","0","0","0","0","0","0","0","0","90347","0","0","0","90347","90347"
"2021-03-06","port784","Nacala","Mozambique","MOZ","0","1","0","0","0","1","1","0","51791","0","0","0","51791","51791","0","0","0","0","0","0","0"
"2021-03-07","port784","Nacala","Mozambique","MOZ","0","0","0","0","1","0","1","0","0","0","0","0","0","0","0","0","0","0","0","0","0"
"2021-03-08","port784","Nacala","Mozambique","MOZ","0","0","0","0","0","0","0","0","0","0","0","0","0","0","0","0","0","0","0","0","0"
"2021-03-09","port784","Nacala","Mozambique","MOZ","0","0","0","0","1","0","1","0","0","0","0","3104","0","3104","0","0","0","0","2559","0","2559"
"2021-03-10","port784","Nacala","Mozambique","MOZ","0","1","1","0","0","2","2","0","0","0","0","0","0","0","0","192338","0","0","0","192338","192338"
"2021-03-11","port784","Nacala","Mozambique","MOZ","1","0","0","0","1","1","2","0","0","0","0","0","0","0","4146","0","0","0","0","4146","4146"
"2021-03-12","port784","Nacala","Mozambique","MOZ","0","1","0","0","0","1","1","0","16058","0","0","0","16058","16058","0","0","0","0","0","0","0"
"2021-03-13","port784","Nacala","Mozambique","MOZ","0","0","0","0","1","0","1","0","0","0","0","2777","0","2777","0","0","0","0","1377","0","1377"
"2021-03-14","port784","Nacala","Mozambique","MOZ","0","0","1","0","0","1","1","0","0","1493","0","0","1493","1493","0","0","0","0","0","0","0"
"2021-03-15","port784","Nacala","Mozambique","MOZ","0","0","0","0","0","0","0","0","0","0","0","0","0","0","0","0","0","0","0","0","0"
"2021-03-16","port784","Nacala","Mozambique","MOZ","0","0","0","0","0","0","0","0","0","0","0","0","0","0","0","0","0","0","0","0","0"
"2021-03-17","port784","Nacala","Mozambique","MOZ","0","1","0","0","0","1","1","0","0","0","0","0","0","0","0","53708","0","0","0","53708","53708"
"2021-03-18","port784","Nacala","Mozambique","MOZ","0","0","0","0","1","0","1","0","0","0","0","2777","0","2777","0","0","0","0","1377","0","1377"
"2021-03-19","port784","Nacala","Mozambique","MOZ","0","1","0","0","0","1","1","0","58663","0","0","0","58663","58663","0","0","0","0","0","0","0"
"2021-03-20","port784","Nacala","Mozambique","MOZ","1","0","0","0","0","1","1","1827","0","0","0","0","1827","1827","2312","0","0","0","0","2312","2312"
"2021-03-21","port784","Nacala","Mozambique","MOZ","1","0","0","0","0","1","1","2447","0","0","0","0","2447","2447","0","0","0","0","0","0","0"
"2021-03-22","port784","Nacala","Mozambique","MOZ","0","0","0","0","1","0","1","0","0","0","0","1412","0","1412","0","0","0","0","0","0","0"
"2021-03-23","port784","Nacala","Mozambique","MOZ","0","1","0","0","0","1","1","0","0","0","0","0","0","0","0","19470","0","0","0","19470","19470"
"2021-03-24","port784","Nacala","Mozambique","MOZ","0","1","0","0","0","1","1","0","0","0","0","0","0","0","0","57892","0","0","0","57892","57892"
"2021-03-25","port784","Nacala","Mozambique","MOZ","0","0","0","0","0","0","0","0","0","0","0","0","0","0","0","0","0","0","0","0","0"
"2021-03-26","port784","Nacala","Mozambique","MOZ","1","0","0","0","1","1","2","595","0","0","0","0","595","595","0","0","0","0","0","0","0"
"2021-03-27","port784","Nacala","Mozambique","MOZ","0","1","0","0","0","1","1","0","0","0","0","0","0","0","0","53772","0","0","0","53772","53772"
"2021-03-28","port784","Nacala","Mozambique","MOZ","0","0","1","0","0","1","1","0","0","330","0","0","330","330","0","0","0","0","0","0","0"
"2021-03-29","port784","Nacala","Mozambique","MOZ","1","0","0","0","0","1","1","3629","0","0","0","0","3629","3629","0","0","0","0","0","0","0"
"2021-03-30","port784","Nacala","Mozambique","MOZ","0","1","0","0","0","1","1","0","22847","0","0","0","22847","22847","0","0","0","0","0","0","0"
"2021-03-31","port784","Nacala","Mozambique","MOZ","0","0","0","0","0","0","0","0","0","0","0","0","0","0","0","0","0","0","0","0","0"
"2021-04-01","port784","Nacala","Mozambique","MOZ","0","0","0","0","1","0","1","0","0","0","0","0","0","0","0","0","0","0","0","0","0"
"2021-04-02","port784","Nacala","Mozambique","MOZ","0","1","0","0","0","1","1","0","3354","0","0","0","3354","3354","0","0","0","0","0","0","0"
"2021-04-03","port784","Nacala","Mozambique","MOZ","0","0","0","0","0","0","0","0","0","0","0","0","0","0","0","0","0","0","0","0","0"
"2021-04-04","port784","Nacala","Mozambique","MOZ","0","0","0","0","0","0","0","0","0","0","0","0","0","0","0","0","0","0","0","0","0"
"2021-04-05","port784","Nacala","Mozambique","MOZ","0","0","0","0","0","0","0","0","0","0","0","0","0","0","0","0","0","0","0","0","0"
"2021-04-06","port784","Nacala","Mozambique","MOZ","0","1","0","0","0","1","1","0","5027","0","0","0","5027","5027","0","49803","0","0","0","49803","49803"
"2021-04-07","port784","Nacala","Mozambique","MOZ","0","1","0","0","0","1","1","0","3258","0","0","0","3258","3258","0","0","0","0","0","0","0"
"2021-04-08","port784","Nacala","Mozambique","MOZ","1","0","0","0","0","1","1","0","0","0","0","0","0","0","1004","0","0","0","0","1004","1004"
"2021-04-09","port784","Nacala","Mozambique","MOZ","0","0","0","0","0","0","0","0","0","0","0","0","0","0","0","0","0","0","0","0","0"
"2021-04-10","port784","Nacala","Mozambique","MOZ","0","0","1","0","0","1","1","0","0","330","0","0","330","330","0","0","0","0","0","0","0"
"2021-04-11","port784","Nacala","Mozambique","MOZ","0","0","0","0","1","0","1","0","0","0","0","0","0","0","0","0","0","0","36951","0","36951"
"2021-04-12","port784","Nacala","Mozambique","MOZ","0","1","0","0","0","1","1","0","5027","0","0","0","5027","5027","0","49803","0","0","0","49803","49803"
"2021-04-13","port784","Nacala","Mozambique","MOZ","0","1","0","0","0","1","1","0","26442","0","0","0","26442","26442","0","0","0","0","0","0","0"
"2021-04-14","port784","Nacala","Mozambique","MOZ","1","1","1","0","1","3","4","1652","16887","330","0","2777","18870","21647","0","0","0","0","1377","0","1377"
"2021-04-15","port784","Nacala","Mozambique","MOZ","0","0","0","0","1","0","1","0","0","0","0","31244","0","31244","0","0","0","0","0","0","0"
"2021-04-16","port784","Nacala","Mozambique","MOZ","1","0","0","0","1","1","2","1136","0","0","0","0","1136","1136","0","0","0","0","0","0","0"
"2021-04-17","port784","Nacala","Mozambique","MOZ","0","0","0","0","0","0","0","0","0","0","0","0","0","0","0","0","0","0","0","0","0"
"2021-04-18","port784","Nacala","Mozambique","MOZ","1","0","0","0","0","1","1","0","0","0","0","0","0","0","1687","0","0","0","0","1687","1687"
"2021-04-19","port784","Nacala","Mozambique","MOZ","0","0","1","0","0","1","1","0","0","330","0","0","330","330","0","0","0","0","0","0","0"
"2021-04-20","port784","Nacala","Mozambique","MOZ","0","1","0","0","0","1","1","0","5027","0","0","0","5027","5027","0","49803","0","0","0","49803","49803"
"2021-04-21","port784","Nacala","Mozambique","MOZ","1","0","1","0","1","2","3","3652","0","0","0","3104","3652","6757","0","0","0","0","2559","0","2559"
"2021-04-22","port784","Nacala","Mozambique","MOZ","0","0","0","0","0","0","0","0","0","0","0","0","0","0","0","0","0","0","0","0","0"
"2021-04-23","port784","Nacala","Mozambique","MOZ","1","0","0","0","0","1","1","0","0","0","0","0","0","0","2447","0","0","0","0","2447","2447"
"2021-04-24","port784","Nacala","Mozambique","MOZ","0","1","1","0","0","2","2","0","54250","330","0","0","54581","54581","0","0","0","0","0","0","0"
"2021-04-25","port784","Nacala","Mozambique","MOZ","0","1","0","0","0","1","1","0","0","0","0","0","0","0","0","73580","0","0","0","73580","73580"
"2021-04-26","port784","Nacala","Mozambique","MOZ","0","1","0","0","1","1","2","0","13151","0","0","3104","13151","16255","0","0","0","0","2559","0","2559"
"2021-04-27","port784","Nacala","Mozambique","MOZ","0","0","0","0","0","0","0","0","0","0","0","0","0","0","0","0","0","0","0","0","0"
"2021-04-28","port784","Nacala","Mozambique","MOZ","0","2","0","0","0","2","2","0","58901","0","0","0","58901","58901","0","166885","0","0","0","166885","166885"
"2021-04-29","port784","Nacala","Mozambique","MOZ","0","0","1","0","0","1","1","0","0","330","0","0","330","330","0","0","0","0","0","0","0"
"2021-04-30","port784","Nacala","Mozambique","MOZ","0","0","0","0","0","0","0","0","0","0","0","0","0","0","0","0","0","0","0","0","0"
"2021-05-01","port784","Nacala","Mozambique","MOZ","0","0","0","0","0","0","0","0","0","0","0","0","0","0","0","0","0","0","0","0","0"
"2021-05-02","port784","Nacala","Mozambique","MOZ","0","0","0","0","0","0","0","0","0","0","0","0","0","0","0","0","0","0","0","0","0"
"2021-05-03","port784","Nacala","Mozambique","MOZ","0","1","0","0","0","1","1","0","0","0","0","0","0","0","0","49281","0","0","0","49281","49281"
"2021-05-04","port784","Nacala","Mozambique","MOZ","0","0","0","0","0","0","0","0","0","0","0","0","0","0","0","0","0","0","0","0","0"
"2021-05-05","port784","Nacala","Mozambique","MOZ","0","0","0","0","0","0","0","0","0","0","0","0","0","0","0","0","0","0","0","0","0"
"2021-05-06","port784","Nacala","Mozambique","MOZ","1","0","0","0","0","1","1","2359","0","0","0","0","2359","2359","0","0","0","0","0","0","0"
"2021-05-07","port784","Nacala","Mozambique","MOZ","1","1","0","0","1","2","3","5164","0","0","0","0","5164","5164","0","54380","0","0","0","54380","54380"
"2021-05-08","port784","Nacala","Mozambique","MOZ","0","0","0","0","0","0","0","0","0","0","0","0","0","0","0","0","0","0","0","0","0"
"2021-05-09","port784","Nacala","Mozambique","MOZ","0","0","0","0","0","0","0","0","0","0","0","0","0","0","0","0","0","0","0","0","0"
"2021-05-10","port784","Nacala","Mozambique","MOZ","1","1","0","0","0","2","2","1776","0","0","0","0","1776","1776","0","77498","0","0","0","77498","77498"
"2021-05-11","port784","Nacala","Mozambique","MOZ","1","0","0","0","0","1","1","0","0","0","0","0","0","0","1591","0","0","0","0","1591","1591"
"2021-05-12","port784","Nacala","Mozambique","MOZ","0","0","0","0","1","0","1","0","0","0","0","2777","0","2777","0","0","0","0","1377","0","1377"
"2021-05-13","port784","Nacala","Mozambique","MOZ","1","1","1","0","1","3","4","7414","8886","993","0","0","17293","17293","0","0","0","0","0","0","0"
"2021-05-14","port784","Nacala","Mozambique","MOZ","0","1","0","0","0","1","1","0","0","0","0","0","0","0","0","0","0","0","0","0","0"
"2021-05-15","port784","Nacala","Mozambique","MOZ","0","0","0","0","0","0","0","0","0","0","0","0","0","0","0","0","0","0","0","0","0"
"2021-05-16","port784","Nacala","Mozambique","MOZ","0","1","0","0","0","1","1","0","20968","0","0","0","20968","20968","0","0","0","0","0","0","0"
"2021-05-17","port784","Nacala","Mozambique","MOZ","0","0","0","0","0","0","0","0","0","0","0","0","0","0","0","0","0","0","0","0","0"
"2021-05-18","port784","Nacala","Mozambique","MOZ","0","0","1","0","0","1","1","0","0","330","0","0","330","330","0","0","0","0","0","0","0"
"2021-05-19","port784","Nacala","Mozambique","MOZ","0","0","0","0","0","0","0","0","0","0","0","0","0","0","0","0","0","0","0","0","0"
"2025-10-06","port784","Nacala","Mozambique","MOZ","0","0","0","0","0","0","0","0","0","0","0","0","0","0","0","0","0","0","0","0","0"
"2025-10-07","port784","Nacala","Mozambique","MOZ","1","0","0","0","0","1","1","0","0","0","0","0","0","0","4737","0","0","0","0","4737","4737"
"2025-10-08","port784","Nacala","Mozambique","MOZ","1","1","0","0","0","2","2","0","1931","0","0","0","1931","1931","2656","0","0","0","0","2656","2656"
"2025-10-09","port784","Nacala","Mozambique","MOZ","0","0","0","0","1","0","1","0","0","0","0","28843","0","28843","0","0","0","0","0","0","0"
"2025-10-10","port784","Nacala","Mozambique","MOZ","1","0","1","0","1","2","3","0","0","1451","0","2777","1451","4228","773","0","1589","0","1377","2362","3739"
"2025-10-11","port784","Nacala","Mozambique","MOZ","1","1","0","0","0","2","2","3951","0","0","0","0","3951","3951","0","165559","0","0","0","165559","165559"
"2025-10-12","port784","Nacala","Mozambique","MOZ","0","1","0","0","0","1","1","0","5027","0","0","0","5027","5027","0","49803","0","0","0","49803","49803"
"2025-10-13","port784","Nacala","Mozambique","MOZ","1","1","0","0","1","2","3","1827","690","0","0","0","2517","2517","2312","0","0","0","290","2312","2603"
"2025-10-14","port784","Nacala","Mozambique","MOZ","2","0","0","0","1","2","3","15295","0","0","0","0","15295","15295","804","0","0","0","0","804","804"
"2025-10-15","port784","Nacala","Mozambique","MOZ","0","0","0","0","1","0","1","0","0","0","0","0","0","0","0","0","0","0","0","0","0"
"2025-10-16","port784","Nacala","Mozambique","MOZ","1","1","0","0","0","2","2","0","0","0","0","0","0","0","14047","53447","0","0","0","67495","67495"
"2025-10-17","port784","Nacala","Mozambique","MOZ","0","1","1","0","1","2","3","0","7102","1451","0","29838","8553","38392","0","0","1589","0","0","1589","1589"
"2025-10-18","port784","Nacala","Mozambique","MOZ","0","1","0","0","1","1","2","0","0","0","0","0","0","0","0","0","0","0","0","0","0"
"2021-05-20","port784","Nacala","Mozambique","MOZ","0","1","0","0","0","1","1","0","0","0","0","0","0","0","0","162438","0","0","0","162438","162438"
"2025-10-19","port784","Nacala","Mozambique","MOZ","1","0","0","0","0","1","1","8018","0","0","0","0","8018","8018","0","0","0","0","0","0","0"
"2025-10-20","port784","Nacala","Mozambique","MOZ","2","1","0","0","0","3","3","2060","0","0","0","0","2060","2060","4674","33199","0","0","0","37874","37874"
"2025-10-21","port784","Nacala","Mozambique","MOZ","0","1","0","0","0","1","1","0","0","0","0","0","0","0","0","74592","0","0","0","74592","74592"
"2025-10-22","port784","Nacala","Mozambique","MOZ","1","1","0","0","0","2","2","332","0","0","0","0","332","332","2018","0","0","0","0","2018","2018"
"2025-10-23","port784","Nacala","Mozambique","MOZ","0","1","0","0","0","1","1","0","0","0","0","0","0","0","0","103507","0","0","0","103507","103507"
"2025-10-24","port784","Nacala","Mozambique","MOZ","1","3","0","0","1","4","5","0","0","0","0","290","0","290","6293","190403","0","0","0","196697","196697"
"2025-10-25","port784","Nacala","Mozambique","MOZ","0","0","0","0","0","0","0","0","0","0","0","0","0","0","0","0","0","0","0","0","0"
"2025-10-26","port784","Nacala","Mozambique","MOZ","1","1","0","0","0","2","2","1720","0","0","0","0","1720","1720","1099","0","0","0","0","1099","1099"
"2025-10-27","port784","Nacala","Mozambique","MOZ","0","1","0","0","1","1","2","0","0","0","0","3104","0","3104","0","103477","0","0","2559","103477","106037"
"2025-10-28","port784","Nacala","Mozambique","MOZ","0","1","0","0","0","1","1","0","0","0","0","0","0","0","0","50121","0","0","0","50121","50121"
"2025-10-29","port784","Nacala","Mozambique","MOZ","0","1","1","0","0","2","2","0","0","303","0","0","303","303","0","0","0","0","0","0","0"
"2025-10-30","port784","Nacala","Mozambique","MOZ","0","2","0","0","1","2","3","0","6127","0","0","0","6127","6127","0","161027","0","0","0","161027","161027"
"2025-10-31","port784","Nacala","Mozambique","MOZ","0","1","1","0","0","2","2","0","0","0","0","0","0","0","0","26274","5485","0","0","31760","31760"
"2025-11-01","port784","Nacala","Mozambique","MOZ","0","1","0","0","0","1","1","0","0","0","0","0","0","0","0","167693","0","0","0","167693","167693"
"2025-11-02","port784","Nacala","Mozambique","MOZ","1","0","0","0","0","1","1","0","0","0","0","0","0","0","12256","0","0","0","0","12256","12256"
"2025-11-03","port784","Nacala","Mozambique","MOZ","0","1","0","0","0","1","1","0","4399","0","0","0","4399","4399","0","0","0","0","0","0","0"
"2025-11-04","port784","Nacala","Mozambique","MOZ","1","0","0","0","0","1","1","2006","0","0","0","0","2006","2006","0","0","0","0","0","0","0"
"2025-11-05","port784","Nacala","Mozambique","MOZ","1","0","0","0","1","1","2","0","0","0","0","2777","0","2777","783","0","0","0","1377","783","2160"
"2025-11-06","port784","Nacala","Mozambique","MOZ","1","0","0","0","1","1","2","0","0","0","0","1037","0","1037","0","0","0","0","0","0","0"
"2025-11-07","port784","Nacala","Mozambique","MOZ","1","1","0","0","0","2","2","4372","0","0","0","0","4372","4372","0","0","0","0","0","0","0"
"2025-11-08","port784","Nacala","Mozambique","MOZ","0","1","0","0","0","1","1","0","0","0","0","0","0","0","0","81774","0","0","0","81774","81774"
"2025-11-09","port784","Nacala","Mozambique","MOZ","1","1","0","0","0","2","2","0","0","0","0","0","0","0","6345","74865","0","0","0","81211","81211"
"2025-11-10","port784","Nacala","Mozambique","MOZ","1","0","0","0","1","1","2","0","0","0","0","33723","0","33723","21733","0","0","0","0","21733","21733"
"2025-11-11","port784","Nacala","Mozambique","MOZ","0","1","0","0","0","1","1","0","0","0","0","0","0","0","0","78571","0","0","0","78571","78571"
"2025-11-12","port784","Nacala","Mozambique","MOZ","0","0","1","0","1","1","2","0","0","0","0","3104","0","3104","0","0","1986","0","2559","1986","4546"
"2025-11-13","port784","Nacala","Mozambique","MOZ","0","0","0","0","0","0","0","0","0","0","0","0","0","0","0","0","0","0","0","0","0"
"2025-11-14","port784","Nacala","Mozambique","MOZ","0","1","0","0","0","1","1","0","0","0","0","0","0","0","0","20067","0","0","0","20067","20067"
"2025-11-15","port784","Nacala","Mozambique","MOZ","0","1","0","0","0","1","1","0","0","0","0","0","0","0","0","78942","0","0","0","78942","78942"
"2024-09-01","port784","Nacala","Mozambique","MOZ","0","0","0","0","0","0","0","0","0","0","0","0","0","0","0","0","0","0","0","0","0"
"2025-11-16","port784","Nacala","Mozambique","MOZ","0","0","0","0","0","0","0","0","0","0","0","0","0","0","0","0","0","0","0","0","0"
"2025-11-17","port784","Nacala","Mozambique","MOZ","0","0","0","0","1","0","1","0","0","0","0","11729","0","11729","0","0","0","0","9926","0","9926"
"2025-11-18","port784","Nacala","Mozambique","MOZ","1","1","0","0","0","2","2","0","0","0","0","0","0","0","2585","0","0","0","0","2585","2585"
"2025-11-19","port784","Nacala","Mozambique","MOZ","0","0","0","0","0","0","0","0","0","0","0","0","0","0","0","0","0","0","0","0","0"
"2025-11-20","port784","Nacala","Mozambique","MOZ","1","0","1","0","1","2","3","16944","0","0","0","0","16944","16944","0","0","1168","0","0","1168","1168"
"2025-11-21","port784","Nacala","Mozambique","MOZ","0","1","0","0","0","1","1","0","0","0","0","0","0","0","0","76215","0","0","0","76215","76215"
"2025-11-22","port784","Nacala","Mozambique","MOZ","2","1","0","0","0","3","3","1131","0","0","0","0","1131","1131","0","79556","0","0","0","79556","79556"
"2025-11-23","port784","Nacala","Mozambique","MOZ","0","1","0","0","1","1","2","0","639","0","0","8323","639","8963","0","0","0","0","0","0","0"
"2025-11-24","port784","Nacala","Mozambique","MOZ","1","1","0","0","0","2","2","0","0","0","0","0","0","0","2564","75417","0","0","0","77981","77981"
"2025-11-25","port784","Nacala","Mozambique","MOZ","0","0","0","0","0","0","0","0","0","0","0","0","0","0","0","0","0","0","0","0","0"
"2025-11-26","port784","Nacala","Mozambique","MOZ","1","1","0","0","1","2","3","1559","5027","0","0","1456","6586","8043","0","49803","0","0","0","49803","49803"
"2025-11-27","port784","Nacala","Mozambique","MOZ","0","2","0","0","0","2","2","0","0","0","0","0","0","0","0","116338","0","0","0","116338","116338"
"2025-11-28","port784","Nacala","Mozambique","MOZ","0","0","1","0","2","1","3","0","0","1451","0","2777","1451","4228","0","0","1589","0","1377","1589","2966"
"2025-11-29","port784","Nacala","Mozambique","MOZ","1","0","0","0","0","1","1","0","0","0","0","0","0","0","16258","0","0","0","0","16258","16258"
"2025-11-30","port784","Nacala","Mozambique","MOZ","0","0","0","0","0","0","0","0","0","0","0","0","0","0","0","0","0","0","0","0","0"
"2025-12-01","port784","Nacala","Mozambique","MOZ","1","0","0","0","0","1","1","0","0","0","0","0","0","0","1886","0","0","0","0","1886","1886"
"2025-12-02","port784","Nacala","Mozambique","MOZ","1","2","0","0","0","3","3","1452","7502","0","0","0","8954","8954","0","35092","0","0","0","35092","35092"
"2025-12-03","port784","Nacala","Mozambique","MOZ","1","1","0","0","0","2","2","0","0","0","0","0","0","0","524","78857","0","0","0","79381","79381"
"2025-12-04","port784","Nacala","Mozambique","MOZ","1","0","0","0","0","1","1","0","0","0","0","0","0","0","9567","0","0","0","0","9567","9567"
"2025-12-05","port784","Nacala","Mozambique","MOZ","0","1","0","0","1","1","2","0","0","0","0","0","0","0","0","58833","0","0","0","58833","58833"
"2025-12-06","port784","Nacala","Mozambique","MOZ","1","2","0","0","0","3","3","8497","7223","0","0","0","15720","15720","0","0","0","0","0","0","0"
"2025-12-07","port784","Nacala","Mozambique","MOZ","1","0","0","0","0","1","1","1585","0","0","0","0","1585","1585","0","0","0","0","0","0","0"
"2025-12-08","port784","Nacala","Mozambique","MOZ","0","1","0","0","0","1","1","0","0","0","0","0","0","0","0","0","0","0","0","0","0"
"2025-12-09","port784","Nacala","Mozambique","MOZ","1","0","1","0","0","2","2","0","0","6188","0","0","6188","6188","0","0","0","0","0","0","0"
"2025-12-10","port784","Nacala","Mozambique","MOZ","0","0","0","0","0","0","0","0","0","0","0","0","0","0","0","0","0","0","0","0","0"
"2025-12-11","port784","Nacala","Mozambique","MOZ","0","1","0","0","0","1","1","0","0","0","0","0","0","0","0","0","0","0","0","0","0"
"2025-12-12","port784","Nacala","Mozambique","MOZ","0","1","0","0","0","1","1","0","0","0","0","0","0","0","0","0","0","0","0","0","0"
"2025-12-13","port784","Nacala","Mozambique","MOZ","0","0","0","0","0","0","0","0","0","0","0","0","0","0","0","0","0","0","0","0","0"
"2025-12-14","port784","Nacala","Mozambique","MOZ","0","1","0","0","0","1","1","0","0","0","0","0","0","0","0","77604","0","0","0","77604","77604"
"2025-12-15","port784","Nacala","Mozambique","MOZ","1","1","0","0","0","2","2","0","0","0","0","0","0","0","7652","78174","0","0","0","85826","85826"
"2025-12-16","port784","Nacala","Mozambique","MOZ","0","1","0","0","0","1","1","0","0","0","0","0","0","0","0","0","0","0","0","0","0"
"2025-12-17","port784","Nacala","Mozambique","MOZ","1","0","0","0","1","1","2","1827","0","0","0","193","1827","2020","2312","0","0","0","0","2312","2312"
"2025-12-18","port784","Nacala","Mozambique","MOZ","0","1","0","0","1","1","2","0","10738","0","0","5181","10738","15919","0","0","0","0","0","0","0"
"2025-12-19","port784","Nacala","Mozambique","MOZ","1","0","0","0","0","1","1","727","0","0","0","0","727","727","0","0","0","0","0","0","0"
"2025-12-20","port784","Nacala","Mozambique","MOZ","0","1","0","0","0","1","1","0","5027","0","0","0","5027","5027","0","49803","0","0","0","49803","49803"
"2025-12-21","port784","Nacala","Mozambique","MOZ","2","1","0","0","1","3","4","8387","0","0","0","37016","8387","45404","0","0","0","0","0","0","0"
"2025-12-22","port784","Nacala","Mozambique","MOZ","0","1","0","0","0","1","1","0","0","0","0","0","0","0","0","78911","0","0","0","78911","78911"
"2025-12-23","port784","Nacala","Mozambique","MOZ","2","0","0","0","0","2","2","1538","0","0","0","0","1538","1538","3850","0","0","0","0","3850","3850"
"2025-12-24","port784","Nacala","Mozambique","MOZ","0","1","1","0","1","2","3","0","5027","0","0","0","5027","5027","0","49803","0","0","0","49803","49803"
"2025-12-25","port784","Nacala","Mozambique","MOZ","0","0","1","0","0","1","1","0","0","3224","0","0","3224","3224","0","0","0","0","0","0","0"
"2025-12-26","port784","Nacala","Mozambique","MOZ","0","1","0","0","0","1","1","0","0","0","0","0","0","0","0","36620","0","0","0","36620","36620"
"2025-12-27","port784","Nacala","Mozambique","MOZ","2","0","0","0","0","2","2","0","0","0","0","0","0","0","1323","0","0","0","0","1323","1323"
"2025-12-28","port784","Nacala","Mozambique","MOZ","0","2","0","0","0","2","2","0","25671","0","0","0","25671","25671","0","0","0","0","0","0","0"
"2025-12-29","port784","Nacala","Mozambique","MOZ","1","0","0","0","1","1","2","5478","0","0","0","0","5478","5478","0","0","0","0","0","0","0"
"2025-12-30","port784","Nacala","Mozambique","MOZ","1","1","0","0","0","2","2","5696","0","0","0","0","5696","5696","0","75474","0","0","0","75474","75474"
"2025-12-31","port784","Nacala","Mozambique","MOZ","0","0","0","0","1","0","1","0","0","0","0","7446","0","7446","0","0","0","0","0","0","0"
"2026-01-01","port784","Nacala","Mozambique","MOZ","1","0","0","0","0","1","1","0","0","0","0","0","0","0","3099","0","0","0","0","3099","3099"
"2026-01-02","port784","Nacala","Mozambique","MOZ","1","1","0","0","0","2","2","1946","0","0","0","0","1946","1946","0","76974","0","0","0","76974","76974"
"2026-01-03","port784","Nacala","Mozambique","MOZ","0","1","0","0","0","1","1","0","9930","0","0","0","9930","9930","0","0","0","0","0","0","0"
"2026-01-04","port784","Nacala","Mozambique","MOZ","1","1","0","0","1","2","3","0","0","0","0","0","0","0","13280","45758","0","0","0","59039","59039"
"2026-01-05","port784","Nacala","Mozambique","MOZ","0","0","0","0","0","0","0","0","0","0","0","0","0","0","0","0","0","0","0","0","0"
"2026-01-06","port784","Nacala","Mozambique","MOZ","0","0","0","0","1","0","1","0","0","0","0","0","0","0","0","0","0","0","0","0","0"
"2026-01-07","port784","Nacala","Mozambique","MOZ","0","1","0","0","0","1","1","0","0","0","0","0","0","0","0","0","0","0","0","0","0"
"2026-01-08","port784","Nacala","Mozambique","MOZ","0","0","0","0","0","0","0","0","0","0","0","0","0","0","0","0","0","0","0","0","0"
"2026-01-09","port784","Nacala","Mozambique","MOZ","0","0","0","0","0","0","0","0","0","0","0","0","0","0","0","0","0","0","0","0","0"
"2026-01-10","port784","Nacala","Mozambique","MOZ","1","1","0","0","0","2","2","0","0","0","0","0","0","0","13972","18356","0","0","0","32328","32328"
"2026-01-11","port784","Nacala","Mozambique","MOZ","0","1","1","0","0","2","2","0","0","1034","0","0","1034","1034","0","0","0","0","0","0","0"
"2026-01-12","port784","Nacala","Mozambique","MOZ","0","0","0","0","0","0","0","0","0","0","0","0","0","0","0","0","0","0","0","0","0"
"2026-01-13","port784","Nacala","Mozambique","MOZ","0","0","0","0","1","0","1","0","0","0","0","8086","0","8086","0","0","0","0","0","0","0"
"2026-01-14","port784","Nacala","Mozambique","MOZ","0","0","0","0","1","0","1","0","0","0","0","0","0","0","0","0","0","0","44902","0","44902"
"2026-01-15","port784","Nacala","Mozambique","MOZ","1","0","0","0","1","1","2","1720","0","0","0","3104","1720","4824","1099","0","0","0","2559","1099","3659"
"2026-01-16","port784","Nacala","Mozambique","MOZ","0","0","1","0","0","1","1","0","0","5869","0","0","5869","5869","0","0","0","0","0","0","0"
"2026-01-17","port784","Nacala","Mozambique","MOZ","2","0","0","0","0","2","2","3865","0","0","0","0","3865","3865","0","0","0","0","0","0","0"
"2026-01-18","port784","Nacala","Mozambique","MOZ","0","0","0","0","0","0","0","0","0","0","0","0","0","0","0","0","0","0","0","0","0"
"2026-01-19","port784","Nacala","Mozambique","MOZ","1","1","0","0","1","2","3","17634","5027","0","0","34110","22661","56772","0","49803","0","0","0","49803","49803"
"2026-01-20","port784","Nacala","Mozambique","MOZ","1","1","0","0","2","2","4","7661","0","0","0","3104","7661","10765","0","160237","0","0","2559","160237","162797"
"2026-01-21","port784","Nacala","Mozambique","MOZ","0","0","0","0","0","0","0","0","0","0","0","0","0","0","0","0","0","0","0","0","0"
"2026-01-22","port784","Nacala","Mozambique","MOZ","1","0","0","0","0","1","1","0","0","0","0","0","0","0","11946","0","0","0","0","11946","11946"
"2026-01-23","port784","Nacala","Mozambique","MOZ","0","1","1","0","1","2","3","0","0","3267","0","3104","3267","6371","0","81846","0","0","2559","81846","84406"
"2026-01-24","port784","Nacala","Mozambique","MOZ","0","0","0","0","1","0","1","0","0","0","0","4666","0","4666","0","0","0","0","0","0","0"
"2026-01-25","port784","Nacala","Mozambique","MOZ","0","1","0","0","0","1","1","0","0","0","0","0","0","0","0","87148","0","0","0","87148","87148"
"2026-01-26","port784","Nacala","Mozambique","MOZ","0","0","0","0","1","0","1","0","0","0","0","2777","0","2777","0","0","0","0","1377","0","1377"
"2026-01-27","port784","Nacala","Mozambique","MOZ","0","1","0","0","1","1","2","0","0","0","0","3104","0","3104","0","0","0","0","2559","0","2559"
"2026-01-28","port784","Nacala","Mozambique","MOZ","1","1","0","0","1","2","3","0","0","0","0","3978","0","3978","5865","29948","0","0","3417","35814","39231"
"2026-01-29","port784","Nacala","Mozambique","MOZ","0","0","0","0","1","0","1","0","0","0","0","530","0","530","0","0","0","0","0","0","0"
"2026-01-30","port784","Nacala","Mozambique","MOZ","0","1","0","0","0","1","1","0","0","0","0","0","0","0","0","165381","0","0","0","165381","165381"
"2026-01-31","port784","Nacala","Mozambique","MOZ","0","1","0","0","1","1","2","0","8698","0","0","0","8698","8698","0","0","0","0","484","0","484"
"2026-02-01","port784","Nacala","Mozambique","MOZ","1","1","0","0","1","2","3","7833","7496","0","0","30458","15330","45788","0","0","0","0","0","0","0"
"2026-02-02","port784","Nacala","Mozambique","MOZ","0","0","0","0","0","0","0","0","0","0","0","0","0","0","0","0","0","0","0","0","0"
"2026-02-03","port784","Nacala","Mozambique","MOZ","1","0","0","0","0","1","1","0","0","0","0","0","0","0","657","0","0","0","0","657","657"
"2026-02-04","port784","Nacala","Mozambique","MOZ","0","0","0","0","0","0","0","0","0","0","0","0","0","0","0","0","0","0","0","0","0"
"2026-02-05","port784","Nacala","Mozambique","MOZ","0","1","0","0","0","1","1","0","0","0","0","0","0","0","0","77648","0","0","0","77648","77648"
"2026-02-06","port784","Nacala","Mozambique","MOZ","1","0","1","0","1","2","3","1276","0","2576","0","28069","3853","31922","0","0","0","0","0","0","0"
"2026-02-07","port784","Nacala","Mozambique","MOZ","0","1","0","0","1","1","2","0","14939","0","0","3104","14939","18043","0","0","0","0","2559","0","2559"
"2026-02-08","port784","Nacala","Mozambique","MOZ","0","1","1","0","0","2","2","0","0","0","0","0","0","0","0","77604","1272","0","0","78877","78877"
"2026-02-09","port784","Nacala","Mozambique","MOZ","1","0","0","0","0","1","1","0","0","0","0","0","0","0","4300","0","0","0","0","4300","4300"
"2026-02-10","port784","Nacala","Mozambique","MOZ","0","1","0","0","0","1","1","0","0","0","0","0","0","0","0","0","0","0","0","0","0"
"2026-02-11","port784","Nacala","Mozambique","MOZ","0","0","0","0","0","0","0","0","0","0","0","0","0","0","0","0","0","0","0","0","0"
"2026-02-12","port784","Nacala","Mozambique","MOZ","1","1","0","0","0","2","2","1842","0","0","0","0","1842","1842","0","76081","0","0","0","76081","76081"
"2026-02-13","port784","Nacala","Mozambique","MOZ","1","1","2","0","0","4","4","3512","5027","1451","0","0","9990","9990","0","49803","4756","0","0","54559","54559"
"2026-02-14","port784","Nacala","Mozambique","MOZ","0","1","0","0","0","1","1","0","0","0","0","0","0","0","0","74779","0","0","0","74779","74779"
"2026-02-15","port784","Nacala","Mozambique","MOZ","1","0","1","0","0","2","2","1827","0","1451","0","0","3278","3278","2312","0","1589","0","0","3901","3901"
"2026-02-16","port784","Nacala","Mozambique","MOZ","1","0","0","0","1","1","2","0","0","0","0","3104","0","3104","6683","0","0","0","2559","6683","9243"
"2026-02-17","port784","Nacala","Mozambique","MOZ","0","1","0","0","1","1","2","0","0","0","0","292","0","292","0","90000","0","0","0","90000","90000"
"2026-02-18","port784","Nacala","Mozambique","MOZ","1","0","0","0","0","1","1","0","0","0","0","0","0","0","2756","0","0","0","0","2756","2756"
"2026-02-19","port784","Nacala","Mozambique","MOZ","1","0","1","0","0","2","2","0","0","0","0","0","0","0","14488","0","14687","0","0","29175","29175"
"2026-02-20","port784","Nacala","Mozambique","MOZ","0","2","0","0","0","2","2","0","40295","0","0","0","40295","40295","0","166522","0","0","0","166522","166522"
"2026-02-21","port784","Nacala","Mozambique","MOZ","0","0","0","0","0","0","0","0","0","0","0","0","0","0","0","0","0","0","0","0","0"
"2026-02-22","port784","Nacala","Mozambique","MOZ","0","0","0","0","0","0","0","0","0","0","0","0","0","0","0","0","0","0","0","0","0"
"2026-02-23","port784","Nacala","Mozambique","MOZ","1","1","0","0","0","2","2","0","0","0","0","0","0","0","4285","77563","0","0","0","81848","81848"
"2026-02-24","port784","Nacala","Mozambique","MOZ","0","0","0","0","1","0","1","0","0","0","0","2777","0","2777","0","0","0","0","1377","0","1377"
"2026-02-25","port784","Nacala","Mozambique","MOZ","1","1","1","0","0","3","3","0","0","1451","0","0","1451","1451","3088","75474","1589","0","0","80151","80151"
"2026-02-26","port784","Nacala","Mozambique","MOZ","1","0","1","0","1","2","3","6595","0","3489","0","10650","10084","20734","0","0","0","0","0","0","0"
"2026-02-27","port784","Nacala","Mozambique","MOZ","0","1","0","0","0","1","1","0","0","0","0","0","0","0","0","33199","0","0","0","33199","33199"
"2026-02-28","port784","Nacala","Mozambique","MOZ","2","0","0","0","0","2","2","4997","0","0","0","0","4997","4997","1099","0","0","0","0","1099","1099"
"2026-03-01","port784","Nacala","Mozambique","MOZ","1","1","0","0","0","2","2","2969","0","0","0","0","2969","2969","0","0","0","0","0","0","0"
"2026-03-02","port784","Nacala","Mozambique","MOZ","1","0","1","0","0","2","2","0","0","0","0","0","0","0","5458","0","1272","0","0","6731","6731"
"2026-03-03","port784","Nacala","Mozambique","MOZ","0","2","0","0","1","2","3","0","5027","0","0","3104","5027","8131","0","127059","0","0","2559","127059","129619"
"2026-03-04","port784","Nacala","Mozambique","MOZ","0","0","0","0","0","0","0","0","0","0","0","0","0","0","0","0","0","0","0","0","0"
"2026-03-05","port784","Nacala","Mozambique","MOZ","1","0","1","0","1","2","3","1143","0","1451","0","0","2594","2594","0","0","1589","0","0","1589","1589"
"2026-03-06","port784","Nacala","Mozambique","MOZ","0","1","0","0","0","1","1","0","0","0","0","0","0","0","0","76310","0","0","0","76310","76310"
"2026-03-07","port784","Nacala","Mozambique","MOZ","1","1","0","0","0","2","2","11761","28278","0","0","0","40039","40039","0","0","0","0","0","0","0"
"2026-03-08","port784","Nacala","Mozambique","MOZ","0","0","0","0","0","0","0","0","0","0","0","0","0","0","0","0","0","0","0","0","0"
"2026-03-09","port784","Nacala","Mozambique","MOZ","0","0","0","0","0","0","0","0","0","0","0","0","0","0","0","0","0","0","0","0","0"
"2026-03-10","port784","Nacala","Mozambique","MOZ","1","1","0","0","1","2","3","2608","0","0","0","176","2608","2784","0","41900","0","0","0","41900","41900"
"2026-03-11","port784","Nacala","Mozambique","MOZ","0","1","0","0","1","1","2","0","0","0","0","3104","0","3104","0","1231","0","0","2559","1231","3791"
"2026-03-12","port784","Nacala","Mozambique","MOZ","0","1","0","0","0","1","1","0","0","0","0","0","0","0","0","160776","0","0","0","160776","160776"
"2026-03-13","port784","Nacala","Mozambique","MOZ","1","0","1","0","0","2","2","0","0","181","0","0","181","181","37979","0","0","0","0","37979","37979"
"2026-03-14","port784","Nacala","Mozambique","MOZ","0","0","0","0","0","0","0","0","0","0","0","0","0","0","0","0","0","0","0","0","0"
"2026-03-15","port784","Nacala","Mozambique","MOZ","0","0","0","0","1","0","1","0","0","0","0","5689","0","5689","0","0","0","0","0","0","0"
"2026-03-16","port784","Nacala","Mozambique","MOZ","0","1","0","0","0","1","1","0","0","0","0","0","0","0","0","78859","0","0","0","78859","78859"
"2026-03-17","port784","Nacala","Mozambique","MOZ","0","0","0","0","0","0","0","0","0","0","0","0","0","0","0","0","0","0","0","0","0"
"2026-03-18","port784","Nacala","Mozambique","MOZ","1","0","0","0","0","1","1","8114","0","0","0","0","8114","8114","0","0","0","0","0","0","0"
"2026-03-19","port784","Nacala","Mozambique","MOZ","2","0","0","0","0","2","2","389","0","0","0","0","389","389","8973","0","0","0","0","8973","8973"
"2026-03-20","port784","Nacala","Mozambique","MOZ","0","0","1","0","0","1","1","0","0","0","0","0","0","0","0","0","712","0","0","712","712"
"2026-03-21","port784","Nacala","Mozambique","MOZ","0","0","0","0","1","0","1","0","0","0","0","2777","0","2777","0","0","0","0","1377","0","1377"
"2026-03-22","port784","Nacala","Mozambique","MOZ","1","0","0","0","0","1","1","0","0","0","0","0","0","0","11349","0","0","0","0","11349","11349"
"2026-03-23","port784","Nacala","Mozambique","MOZ","1","0","0","0","0","1","1","0","0","0","0","0","0","0","0","0","0","0","0","0","0"
"2026-03-24","port784","Nacala","Mozambique","MOZ","1","1","0","0","1","2","3","2035","13726","0","0","0","15762","15762","0","0","0","0","0","0","0"
"2026-03-25","port784","Nacala","Mozambique","MOZ","2","0","0","0","0","2","2","3281","0","0","0","0","3281","3281","2312","0","0","0","0","2312","2312"
"2026-03-26","port784","Nacala","Mozambique","MOZ","0","0","0","0","0","0","0","0","0","0","0","0","0","0","0","0","0","0","0","0","0"
"2026-03-27","port784","Nacala","Mozambique","MOZ","1","0","1","0","1","2","3","0","0","3640","0","3104","3640","6744","1868","0","0","0","2559","1868","4428"
"2026-03-28","port784","Nacala","Mozambique","MOZ","0","0","1","0","0","1","1","0","0","6059","0","0","6059","6059","0","0","0","0","0","0","0"
"2026-03-29","port784","Nacala","Mozambique","MOZ","1","1","0","0","0","2","2","0","0","0","0","0","0","0","1792","78505","0","0","0","80297","80297"
"2026-03-30","port784","Nacala","Mozambique","MOZ","0","0","0","0","0","0","0","0","0","0","0","0","0","0","0","0","0","0","0","0","0"
"2026-03-31","port784","Nacala","Mozambique","MOZ","0","0","1","0","0","1","1","0","0","1451","0","0","1451","1451","0","0","1589","0","0","1589","1589"
"2026-04-01","port784","Nacala","Mozambique","MOZ","0","1","1","0","0","2","2","0","5027","1451","0","0","6478","6478","0","49803","1589","0","0","51392","51392"
"2026-04-02","port784","Nacala","Mozambique","MOZ","0","2","1","0","0","3","3","0","8886","1451","0","0","10337","10337","0","116630","1589","0","0","118219","118219"
"2026-04-03","port784","Nacala","Mozambique","MOZ","1","0","0","0","0","1","1","0","0","0","0","0","0","0","6543","0","0","0","0","6543","6543"
"2026-04-04","port784","Nacala","Mozambique","MOZ","0","0","1","0","0","1","1","0","0","0","0","0","0","0","0","0","1480","0","0","1480","1480"
"2026-04-05","port784","Nacala","Mozambique","MOZ","1","1","0","0","0","2","2","11833","0","0","0","0","11833","11833","0","81932","0","0","0","81932","81932"
"2026-04-06","port784","Nacala","Mozambique","MOZ","0","0","0","0","0","0","0","0","0","0","0","0","0","0","0","0","0","0","0","0","0"
"2026-04-07","port784","Nacala","Mozambique","MOZ","0","1","2","0","0","3","3","0","0","1451","0","0","1451","1451","0","82307","2911","0","0","85218","85218"
"2026-04-08","port784","Nacala","Mozambique","MOZ","1","1","0","0","0","2","2","9714","38970","0","0","0","48684","48684","0","0","0","0","0","0","0"
"2026-04-09","port784","Nacala","Mozambique","MOZ","0","1","0","0","0","1","1","0","0","0","0","0","0","0","0","83243","0","0","0","83243","83243"
"2026-04-10","port784","Nacala","Mozambique","MOZ","1","0","1","0","1","2","3","0","0","283","0","35466","283","35750","0","0","0","0","0","0","0"
"2026-04-11","port784","Nacala","Mozambique","MOZ","0","0","0","0","0","0","0","0","0","0","0","0","0","0","0","0","0","0","0","0","0"
"2026-04-12","port784","Nacala","Mozambique","MOZ","0","0","0","0","0","0","0","0","0","0","0","0","0","0","0","0","0","0","0","0","0"
"2026-04-13","port784","Nacala","Mozambique","MOZ","0","1","0","0","0","1","1","0","0","0","0","0","0","0","0","39765","0","0","0","39765","39765"
"2026-04-14","port784","Nacala","Mozambique","MOZ","0","0","0","0","0","0","0","0","0","0","0","0","0","0","0","0","0","0","0","0","0"
"2026-04-15","port784","Nacala","Mozambique","MOZ","0","1","1","0","1","2","3","0","0","0","0","0","0","0","0","76384","403","0","29880","76787","106668"
"2026-04-16","port784","Nacala","Mozambique","MOZ","0","1","0","0","1","1","2","0","54006","0","0","2777","54006","56783","0","0","0","0","1377","0","1377"
"2026-04-17","port784","Nacala","Mozambique","MOZ","1","1","0","0","0","2","2","0","0","0","0","0","0","0","4366","80773","0","0","0","85139","85139"
"2026-04-18","port784","Nacala","Mozambique","MOZ","0","0","0","0","0","0","0","0","0","0","0","0","0","0","0","0","0","0","0","0","0"
"2026-04-19","port784","Nacala","Mozambique","MOZ","1","1","0","0","0","2","2","0","0","0","0","0","0","0","6271","77604","0","0","0","83876","83876"
"2026-04-20","port784","Nacala","Mozambique","MOZ","0","0","0","0","0","0","0","0","0","0","0","0","0","0","0","0","0","0","0","0","0"
"2026-04-21","port784","Nacala","Mozambique","MOZ","1","1","1","0","0","3","3","0","0","1451","0","0","1451","1451","30525","88178","1589","0","0","120293","120293"
"2026-04-22","port784","Nacala","Mozambique","MOZ","0","0","0","0","0","0","0","0","0","0","0","0","0","0","0","0","0","0","0","0","0"
"2026-04-23","port784","Nacala","Mozambique","MOZ","0","1","0","0","0","1","1","0","0","0","0","0","0","0","0","0","0","0","0","0","0"
"2026-04-24","port784","Nacala","Mozambique","MOZ","0","0","0","0","0","0","0","0","0","0","0","0","0","0","0","0","0","0","0","0","0"
"2026-04-25","port784","Nacala","Mozambique","MOZ","2","0","0","0","0","2","2","6792","0","0","0","0","6792","6792","0","0","0","0","0","0","0"
"2026-04-26","port784","Nacala","Mozambique","MOZ","1","1","0","0","0","2","2","3970","0","0","0","0","3970","3970","0","79520","0","0","0","79520","79520"
"2026-04-27","port784","Nacala","Mozambique","MOZ","0","0","1","0","0","1","1","0","0","6188","0","0","6188","6188","0","0","0","0","0","0","0"
"2026-04-28","port784","Nacala","Mozambique","MOZ","0","1","0","0","1","1","2","0","4476","0","0","0","4476","4476","0","43578","0","0","0","43578","43578"
"2026-04-29","port784","Nacala","Mozambique","MOZ","0","1","0","0","0","1","1","0","0","0","0","0","0","0","0","44771","0","0","0","44771","44771"
"2026-04-30","port784","Nacala","Mozambique","MOZ","1","1","1","0","0","3","3","0","0","0","0","0","0","0","0","33199","364","0","0","33563","33563"
"2026-05-01","port784","Nacala","Mozambique","MOZ","1","0","0","0","0","1","1","0","0","0","0","0","0","0","1576","0","0","0","0","1576","1576"
"2026-05-02","port784","Nacala","Mozambique","MOZ","0","1","0","0","0","1","1","0","0","0","0","0","0","0","0","33199","0","0","0","33199","33199"
"2026-05-03","port784","Nacala","Mozambique","MOZ","1","0","0","0","0","1","1","3931","0","0","0","0","3931","3931","0","0","0","0","0","0","0"
"2026-05-04","port784","Nacala","Mozambique","MOZ","0","0","1","0","0","1","1","0","0","0","0","0","0","0","0","0","0","0","0","0","0"
"2026-05-05","port784","Nacala","Mozambique","MOZ","0","1","0","0","1","1","2","0","0","0","0","3104","0","3104","0","165733","0","0","2559","165733","168293"
"2026-05-06","port784","Nacala","Mozambique","MOZ","0","0","0","0","0","0","0","0","0","0","0","0","0","0","0","0","0","0","0","0","0"
"2026-05-07","port784","Nacala","Mozambique","MOZ","0","0","0","0","1","0","1","0","0","0","0","2777","0","2777","0","0","0","0","1377","0","1377"
"2026-05-08","port784","Nacala","Mozambique","MOZ","1","0","0","0","1","1","2","0","0","0","0","0","0","0","0","0","0","0","0","0","0"
"2026-05-09","port784","Nacala","Mozambique","MOZ","1","0","0","0","0","1","1","5833","0","0","0","0","5833","5833","0","0","0","0","0","0","0"
"2026-05-10","port784","Nacala","Mozambique","MOZ","0","2","0","0","0","2","2","0","2784","0","0","0","2784","2784","0","25937","0","0","0","25937","25937"
"2026-05-11","port784","Nacala","Mozambique","MOZ","0","1","0","0","0","1","1","0","0","0","0","0","0","0","0","77145","0","0","0","77145","77145"
"2026-05-12","port784","Nacala","Mozambique","MOZ","1","1","0","0","0","2","2","7863","0","0","0","0","7863","7863","0","164564","0","0","0","164564","164564"
"2026-05-13","port784","Nacala","Mozambique","MOZ","0","0","1","0","0","1","1","0","0","1451","0","0","1451","1451","0","0","1589","0","0","1589","1589"
"2026-05-14","port784","Nacala","Mozambique","MOZ","0","0","0","0","0","0","0","0","0","0","0","0","0","0","0","0","0","0","0","0","0"
"2026-05-15","port784","Nacala","Mozambique","MOZ","0","0","0","0","0","0","0","0","0","0","0","0","0","0","0","0","0","0","0","0","0"
"2026-05-16","port784","Nacala","Mozambique","MOZ","0","1","0","0","0","1","1","0","0","0","0","0","0","0","0","82051","0","0","0","82051","82051"
"2026-05-17","port784","Nacala","Mozambique","MOZ","1","1","0","0","0","2","2","0","0","0","0","0","0","0","2666","0","0","0","0","2666","2666"
"2026-05-18","port784","Nacala","Mozambique","MOZ","0","1","0","0","0","1","1","0","0","0","0","0","0","0","0","34122","0","0","0","34122","34122"
"2026-05-19","port784","Nacala","Mozambique","MOZ","1","3","0","0","0","4","4","3259","28362","0","0","0","31622","31622","0","25975","0","0","0","25975","25975"
"2026-05-20","port784","Nacala","Mozambique","MOZ","0","1","1","0","0","2","2","0","0","0","0","0","0","0","0","72865","0","0","0","72865","72865"
"2026-05-21","port784","Nacala","Mozambique","MOZ","1","1","0","0","1","2","3","1512","0","0","0","20618","1512","22130","0","55690","0","0","0","55690","55690"
"2026-05-22","port784","Nacala","Mozambique","MOZ","1","1","2","0","1","4","5","1241","0","2130","0","0","3371","3371","0","77080","1376","0","0","78457","78457"
"2026-05-23","port784","Nacala","Mozambique","MOZ","0","0","0","0","0","0","0","0","0","0","0","0","0","0","0","0","0","0","0","0","0"
"2026-05-24","port784","Nacala","Mozambique","MOZ","1","0","0","0","0","1","1","0","0","0","0","0","0","0","7688","0","0","0","0","7688","7688"
"2026-05-25","port784","Nacala","Mozambique","MOZ","0","0","0","0","0","0","0","0","0","0","0","0","0","0","0","0","0","0","0","0","0"
"2026-05-26","port784","Nacala","Mozambique","MOZ","1","1","0","0","0","2","2","1827","0","0","0","0","1827","1827","2312","55231","0","0","0","57543","57543"
"2026-05-27","port784","Nacala","Mozambique","MOZ","0","2","1","0","0","3","3","0","11628","0","0","0","11628","11628","0","78083","7425","0","0","85508","85508"
"2026-05-28","port784","Nacala","Mozambique","MOZ","1","1","1","0","0","3","3","0","35073","142","0","0","35215","35215","5116","0","0","0","0","5116","5116"
"2026-05-29","port784","Nacala","Mozambique","MOZ","0","1","0","0","1","1","2","0","0","0","0","2777","0","2777","0","164903","0","0","1377","164903","166281"
"2026-05-30","port784","Nacala","Mozambique","MOZ","1","0","0","0","1","1","2","0","0","0","0","2777","0","2777","7148","0","0","0","1377","7148","8526"
"2026-05-31","port784","Nacala","Mozambique","MOZ","1","1","0","0","0","2","2","1406","0","0","0","0","1406","1406","0","79554","0","0","0","79554","79554"
"2026-06-01","port784","Nacala","Mozambique","MOZ","1","1","0","0","0","2","2","0","0","0","0","0","0","0","6548","41504","0","0","0","48052","48052"
"2026-06-02","port784","Nacala","Mozambique","MOZ","0","1","0","0","0","1","1","0","9206","0","0","0","9206","9206","0","0","0","0","0","0","0"
"2026-06-03","port784","Nacala","Mozambique","MOZ","0","0","0","0","0","0","0","0","0","0","0","0","0","0","0","0","0","0","0","0","0"
"2026-06-04","port784","Nacala","Mozambique","MOZ","1","1","0","0","0","2","2","1827","0","0","0","0","1827","1827","2312","31141","0","0","0","33454","33454"
"2026-06-05","port784","Nacala","Mozambique","MOZ","1","0","0","0","1","1","2","1330","0","0","0","0","1330","1330","0","0","0","0","0","0","0"
"2026-06-06","port784","Nacala","Mozambique","MOZ","0","1","0","0","0","1","1","0","0","0","0","0","0","0","0","3921","0","0","0","3921","3921"
"2026-06-07","port784","Nacala","Mozambique","MOZ","0","1","1","0","0","2","2","0","0","0","0","0","0","0","0","164010","1282","0","0","165292","165292"
"2026-06-08","port784","Nacala","Mozambique","MOZ","1","0","0","0","0","1","1","3015","0","0","0","0","3015","3015","0","0","0","0","0","0","0"
"2026-06-09","port784","Nacala","Mozambique","MOZ","0","0","0","0","1","0","1","0","0","0","0","3104","0","3104","0","0","0","0","2559","0","2559"
"2026-06-10","port784","Nacala","Mozambique","MOZ","0","0","0","0","1","0","1","0","0","0","0","97","0","97","0","0","0","0","0","0","0"
"2026-06-11","port784","Nacala","Mozambique","MOZ","0","0","1","0","0","1","1","0","0","1212","0","0","1212","1212","0","0","0","0","0","0","0"
"2026-06-12","port784","Nacala","Mozambique","MOZ","1","0","0","0","0","1","1","1551","0","0","0","0","1551","1551","0","0","0","0","0","0","0"
"2026-06-13","port784","Nacala","Mozambique","MOZ","1","1","0","0","0","2","2","0","0","0","0","0","0","0","1971","0","0","0","0","1971","1971"
"2026-06-14","port784","Nacala","Mozambique","MOZ","0","0","1","0","0","1","1","0","0","1451","0","0","1451","1451","0","0","1589","0","0","1589","1589"
"2026-06-15","port784","Nacala","Mozambique","MOZ","1","1","0","0","1","2","3","0","0","0","0","0","0","0","389","165775","0","0","40515","166164","206680"
"2026-06-16","port784","Nacala","Mozambique","MOZ","0","0","0","0","0","0","0","0","0","0","0","0","0","0","0","0","0","0","0","0","0"
"2026-06-17","port784","Nacala","Mozambique","MOZ","1","2","1","0","0","4","4","613","11542","1451","0","0","13607","13607","0","0","1589","0","0","1589","1589"
"2026-06-18","port784","Nacala","Mozambique","MOZ","1","1","0","0","1","2","3","0","0","0","0","2619","0","2619","3037","77604","0","0","0","80642","80642"
"2026-06-19","port784","Nacala","Mozambique","MOZ","0","0","0","0","1","0","1","0","0","0","0","0","0","0","0","0","0","0","0","0","0"
"2026-06-20","port784","Nacala","Mozambique","MOZ","0","1","0","0","1","1","2","0","2969","0","0","3104","2969","6073","0","0","0","0","2559","0","2559"
"2026-06-21","port784","Nacala","Mozambique","MOZ","0","0","1","0","0","1","1","0","0","1451","0","0","1451","1451","0","0","1589","0","0","1589","1589"
"2026-06-22","port784","Nacala","Mozambique","MOZ","2","1","0","0","0","3","3","15577","0","0","0","0","15577","15577","0","76449","0","0","0","76449","76449"
"2026-06-23","port784","Nacala","Mozambique","MOZ","0","0","0","0","1","0","1","0","0","0","0","19402","0","19402","0","0","0","0","0","0","0"
"2026-06-24","port784","Nacala","Mozambique","MOZ","0","2","0","0","0","2","2","0","6114","0","0","0","6114","6114","0","0","0","0","0","0","0"
"2026-06-25","port784","Nacala","Mozambique","MOZ","1","0","0","0","0","1","1","1827","0","0","0","0","1827","1827","2312","0","0","0","0","2312","2312"
"2026-06-26","port784","Nacala","Mozambique","MOZ","0","2","1","0","0","3","3","0","12167","0","0","0","12167","12167","0","0","1568","0","0","1568","1568"
"2026-06-27","port784","Nacala","Mozambique","MOZ","0","2","1","0","0","3","3","0","586","1012","0","0","1598","1598","0","116630","0","0","0","116630","116630"
"2026-06-28","port784","Nacala","Mozambique","MOZ","1","0","0","0","0","1","1","3164","0","0","0","0","3164","3164","0","0","0","0","0","0","0"
"2026-06-29","port784","Nacala","Mozambique","MOZ","1","0","0","0","0","1","1","0","0","0","0","0","0","0","3099","0","0","0","0","3099","3099"
"2026-06-30","port784","Nacala","Mozambique","MOZ","0","1","1","0","1","2","3","0","0","0","0","2777","0","2777","0","31141","0","0","1377","31141","32519"
"2026-07-01","port784","Nacala","Mozambique","MOZ","0","1","0","0","0","1","1","0","0","0","0","0","0","0","0","55795","0","0","0","55795","55795"
"2026-07-02","port784","Nacala","Mozambique","MOZ","1","0","0","0","0","1","1","0","0","0","0","0","0","0","11436","0","0","0","0","11436","11436"
"2026-07-03","port784","Nacala","Mozambique","MOZ","0","0","0","0","0","0","0","0","0","0","0","0","0","0","0","0","0","0","0","0","0"
"2026-07-04","port784","Nacala","Mozambique","MOZ","0","0","0","0","0","0","0","0","0","0","0","0","0","0","0","0","0","0","0","0","0"
"2026-07-05","port784","Nacala","Mozambique","MOZ","1","0","0","0","0","1","1","0","0","0","0","0","0","0","2354","0","0","0","0","2354","2354"
"2026-07-06","port784","Nacala","Mozambique","MOZ","0","1","0","0","0","1","1","0","0","0","0","0","0","0","0","57860","0","0","0","57860","57860"
"2026-07-07","port784","Nacala","Mozambique","MOZ","0","0","1","0","1","1","2","0","0","6188","0","3104","6188","9292","0","0","0","0","2559","0","2559"
"2026-07-08","port784","Nacala","Mozambique","MOZ","0","0","1","0","1","1","2","0","0","1451","0","2777","1451","4228","0","0","1589","0","1377","1589","2966"
"2026-07-09","port784","Nacala","Mozambique","MOZ","0","1","0","0","0","1","1","0","0","0","0","0","0","0","0","81846","0","0","0","81846","81846"
"2026-07-10","port784","Nacala","Mozambique","MOZ","0","1","0","0","1","1","2","0","0","0","0","30547","0","30547","0","28383","0","0","0","28383","28383"
"2026-07-11","port784","Nacala","Mozambique","MOZ","0","1","0","0","0","1","1","0","30526","0","0","0","30526","30526","0","0","0","0","0","0","0"
"2026-07-12","port784","Nacala","Mozambique","MOZ","1","0","0","0","0","1","1","0","0","0","0","0","0","0","8756","0","0","0","0","8756","8756"
"2026-07-13","port784","Nacala","Mozambique","MOZ","0","0","0","0","1","0","1","0","0","0","0","0","0","0","0","0","0","0","0","0","0"
"2026-07-14","port784","Nacala","Mozambique","MOZ","0","0","2","0","0","2","2","0","0","0","0","0","0","0","0","0","4066","0","0","4066","4066"
"2026-07-15","port784","Nacala","Mozambique","MOZ","0","1","1","0","0","2","2","0","0","1451","0","0","1451","1451","0","31141","1589","0","0","32731","32731"
"2026-07-16","port784","Nacala","Mozambique","MOZ","0","1","0","0","0","1","1","0","0","0","0","0","0","0","0","54983","0","0","0","54983","54983"
"2026-07-17","port784","Nacala","Mozambique","MOZ","1","1","0","0","0","2","2","0","12324","0","0","0","12324","12324","4363","0","0","0","0","4363","4363"
"2026-07-18","port784","Nacala","Mozambique","MOZ","0","0","0","0","0","0","0","0","0","0","0","0","0","0","0","0","0","0","0","0","0"
"2026-07-19","port784","Nacala","Mozambique","MOZ","0","1","1","0","0","2","2","0","0","0","0","0","0","0","0","164906","854","0","0","165761","165761"
"2026-07-20","port784","Nacala","Mozambique","MOZ","1","0","0","0","1","1","2","0","0","0","0","28843","0","28843","10827","0","0","0","0","10827","10827"
"2026-07-21","port784","Nacala","Mozambique","MOZ","0","1","0","0","0","1","1","0","0","0","0","0","0","0","0","38258","0","0","0","38258","38258"
"2026-07-22","port784","Nacala","Mozambique","MOZ","0","0","0","0","0","0","0","0","0","0","0","0","0","0","0","0","0","0","0","0","0"
"2026-07-23","port784","Nacala","Mozambique","MOZ","2","0","0","0","0","2","2","1720","0","0","0","0","1720","1720","4741","0","0","0","0","4741","4741"
"2026-07-24","port784","Nacala","Mozambique","MOZ","0","1","0","0","1","1","2","0","0","0","0","2777","0","2777","0","33199","0","0","1377","33199","34576"
"2026-07-25","port784","Nacala","Mozambique","MOZ","1","1","0","0","0","2","2","1827","4476","0","0","0","6304","6304","2312","43578","0","0","0","45890","45890"
"2026-07-26","port784","Nacala","Mozambique","MOZ","1","0","0","0","0","1","1","12469","0","0","0","0","12469","12469","0","0","0","0","0","0","0"
"2026-07-27","port784","Nacala","Mozambique","MOZ","0","1","0","0","0","1","1","0","0","0","0","0","0","0","0","53407","0","0","0","53407","53407"
"2026-07-28","port784","Nacala","Mozambique","MOZ","1","0","0","0","1","1","2","3334","0","0","0","0","3334","3334","0","0","0","0","0","0","0"
"2026-07-29","port784","Nacala","Mozambique","MOZ","1","1","0","0","0","2","2","0","6114","0","0","0","6114","6114","10406","0","0","0","0","10406","10406"
"2026-07-30","port784","Nacala","Mozambique","MOZ","0","0","0","0","1","0","1","0","0","0","0","0","0","0","0","0","0","0","351","0","351"
"2026-07-31","port784","Nacala","Mozambique","MOZ","1","1","1","0","0","3","3","0","0","1451","0","0","1451","1451","2517","81496","1589","0","0","85602","85602"
"2026-08-01","port784","Nacala","Mozambique","MOZ","0","0","0","0","0","0","0","0","0","0","0","0","0","0","0","0","0","0","0","0","0"
"2026-08-02","port784","Nacala","Mozambique","MOZ","0","1","1","0","0","2","2","0","0","0","0","0","0","0","0","76449","202","0","0","76652","76652"
"2026-08-03","port784","Nacala","Mozambique","MOZ","1","2","0","0","0","3","3","1827","4476","0","0","0","6304","6304","2312","43578","0","0","0","45890","45890"
"2026-08-04","port784","Nacala","Mozambique","MOZ","1","1","0","0","1","2","3","1827","5027","0","0","3978","6854","10833","2312","49803","0","0","3417","52116","55533"
"2026-08-05","port784","Nacala","Mozambique","MOZ","1","1","0","0","0","2","2","1827","0","0","0","0","1827","1827","2312","135679","0","0","0","137992","137992"
"2026-08-06","port784","Nacala","Mozambique","MOZ","0","0","0","0","1","0","1","0","0","0","0","2777","0","2777","0","0","0","0","1377","0","1377"
"2026-08-07","port784","Nacala","Mozambique","MOZ","0","0","0","0","0","0","0","0","0","0","0","0","0","0","0","0","0","0","0","0","0"
"2026-08-08","port784","Nacala","Mozambique","MOZ","0","1","0","0","0","1","1","0","5027","0","0","0","5027","5027","0","49803","0","0","0","49803","49803"
"2026-08-09","port784","Nacala","Mozambique","MOZ","0","0","0","0","0","0","0","0","0","0","0","0","0","0","0","0","0","0","0","0","0"
"2026-08-10","port784","Nacala","Mozambique","MOZ","1","1","1","0","0","3","3","6789","0","2881","0","0","9671","9671","0","78817","0","0","0","78817","78817"
"2026-08-11","port784","Nacala","Mozambique","MOZ","0","0","0","0","0","0","0","0","0","0","0","0","0","0","0","0","0","0","0","0","0"
"2026-08-12","port784","Nacala","Mozambique","MOZ","2","0","0","0","0","2","2","5138","0","0","0","0","5138","5138","2312","0","0","0","0","2312","2312"
"2026-08-13","port784","Nacala","Mozambique","MOZ","1","0","0","0","1","1","2","0","0","0","0","5689","0","5689","3542","0","0","0","0","3542","3542"
"2026-08-14","port784","Nacala","Mozambique","MOZ","0","0","0","0","1","0","1","0","0","0","0","3104","0","3104","0","0","0","0","2559","0","2559"
"2022-06-24","port784","Nacala","Mozambique","MOZ","0","0","0","0","0","0","0","0","0","0","0","0","0","0","0","0","0","0","0","0","0"
"2023-07-29","port784","Nacala","Mozambique","MOZ","0","1","0","0","0","1","1","0","0","0","0","0","0","0","0","48691","0","0","0","48691","48691"
"2021-05-21","port784","Nacala","Mozambique","MOZ","0","1","0","0","0","1","1","0","5379","0","0","0","5379","5379","0","0","0","0","0","0","0"
"2024-09-02","port784","Nacala","Mozambique","MOZ","0","1","0","0","0","1","1","0","0","0","0","0","0","0","0","57982","0","0","0","57982","57982"
"2022-06-25","port784","Nacala","Mozambique","MOZ","0","1","0","0","0","1","1","0","0","0","0","0","0","0","0","167477","0","0","0","167477","167477"
"2021-05-22","port784","Nacala","Mozambique","MOZ","0","0","0","0","1","0","1","0","0","0","0","0","0","0","0","0","0","0","0","0","0"
"2024-09-03","port784","Nacala","Mozambique","MOZ","1","0","0","0","1","1","2","0","0","0","0","2777","0","2777","7329","0","0","0","1377","7329","8706"
"2022-06-26","port784","Nacala","Mozambique","MOZ","0","0","0","0","0","0","0","0","0","0","0","0","0","0","0","0","0","0","0","0","0"
"2021-05-23","port784","Nacala","Mozambique","MOZ","0","0","0","0","0","0","0","0","0","0","0","0","0","0","0","0","0","0","0","0","0"
"2024-09-04","port784","Nacala","Mozambique","MOZ","0","1","0","0","0","1","1","0","0","0","0","0","0","0","0","0","0","0","0","0","0"
"2022-06-27","port784","Nacala","Mozambique","MOZ","0","0","0","0","0","0","0","0","0","0","0","0","0","0","0","0","0","0","0","0","0"
"2021-05-24","port784","Nacala","Mozambique","MOZ","0","0","0","0","1","0","1","0","0","0","0","0","0","0","0","0","0","0","0","0","0"
"2024-09-05","port784","Nacala","Mozambique","MOZ","1","1","0","0","0","2","2","0","0","0","0","0","0","0","11925","78476","0","0","0","90401","90401"
"2022-06-28","port784","Nacala","Mozambique","MOZ","0","1","0","0","0","1","1","0","0","0","0","0","0","0","0","165002","0","0","0","165002","165002"
"2021-05-25","port784","Nacala","Mozambique","MOZ","0","1","0","0","0","1","1","0","0","0","0","0","0","0","0","72490","0","0","0","72490","72490"
"2024-09-06","port784","Nacala","Mozambique","MOZ","0","1","0","0","0","1","1","0","0","0","0","0","0","0","0","46079","0","0","0","46079","46079"
"2022-06-29","port784","Nacala","Mozambique","MOZ","0","3","0","0","0","3","3","0","18993","0","0","0","18993","18993","0","65057","0","0","0","65057","65057"
"2021-05-26","port784","Nacala","Mozambique","MOZ","0","0","1","0","0","1","1","0","0","330","0","0","330","330","0","0","0","0","0","0","0"
"2024-09-07","port784","Nacala","Mozambique","MOZ","0","1","0","0","0","1","1","0","32199","0","0","0","32199","32199","0","0","0","0","0","0","0"
"2022-06-30","port784","Nacala","Mozambique","MOZ","0","0","0","0","0","0","0","0","0","0","0","0","0","0","0","0","0","0","0","0","0"
"2021-05-27","port784","Nacala","Mozambique","MOZ","1","0","0","0","0","1","1","0","0","0","0","0","0","0","2383","0","0","0","0","2383","2383"
"2024-09-08","port784","Nacala","Mozambique","MOZ","1","0","0","0","0","1","1","1827","0","0","0","0","1827","1827","2312","0","0","0","0","2312","2312"
"2022-07-01","port784","Nacala","Mozambique","MOZ","0","1","0","0","0","1","1","0","0","0","0","0","0","0","0","39669","0","0","0","39669","39669"
"2021-05-28","port784","Nacala","Mozambique","MOZ","0","0","0","0","0","0","0","0","0","0","0","0","0","0","0","0","0","0","0","0","0"
"2024-09-09","port784","Nacala","Mozambique","MOZ","1","1","1","0","1","3","4","0","0","139","0","0","139","139","1525","73160","0","0","0","74685","74685"
"2022-07-02","port784","Nacala","Mozambique","MOZ","0","1","0","0","0","1","1","0","0","0","0","0","0","0","0","72023","0","0","0","72023","72023"
"2021-05-29","port784","Nacala","Mozambique","MOZ","0","0","0","0","0","0","0","0","0","0","0","0","0","0","0","0","0","0","0","0","0"
"2024-09-10","port784","Nacala","Mozambique","MOZ","0","1","0","0","0","1","1","0","0","0","0","0","0","0","0","21691","0","0","0","21691","21691"
"2022-07-03","port784","Nacala","Mozambique","MOZ","0","1","1","0","0","2","2","0","30343","1451","0","0","31795","31795","0","0","1589","0","0","1589","1589"
"2021-05-30","port784","Nacala","Mozambique","MOZ","0","0","0","0","1","0","1","0","0","0","0","0","0","0","0","0","0","0","44298","0","44298"
"2024-09-11","port784","Nacala","Mozambique","MOZ","1","1","0","0","0","2","2","0","0","0","0","0","0","0","20806","6131","0","0","0","26937","26937"
"2024-09-12","port784","Nacala","Mozambique","MOZ","0","2","0","0","1","2","3","0","12316","0","0","2777","12316","15093","0","0","0","0","1377","0","1377"
"2024-09-13","port784","Nacala","Mozambique","MOZ","0","0","0","0","0","0","0","0","0","0","0","0","0","0","0","0","0","0","0","0","0"
"2024-09-14","port784","Nacala","Mozambique","MOZ","1","0","0","0","0","1","1","0","0","0","0","0","0","0","274","0","0","0","0","274","274"
"2024-09-15","port784","Nacala","Mozambique","MOZ","0","1","1","0","0","2","2","0","0","1451","0","0","1451","1451","0","78645","1589","0","0","80234","80234"
"2024-09-16","port784","Nacala","Mozambique","MOZ","1","1","0","0","2","2","4","0","8999","0","0","2777","8999","11776","11727","0","0","0","1377","11727","13104"
"2024-09-17","port784","Nacala","Mozambique","MOZ","0","1","0","0","0","1","1","0","32049","0","0","0","32049","32049","0","0","0","0","0","0","0"
"2024-09-18","port784","Nacala","Mozambique","MOZ","1","1","0","0","0","2","2","0","0","0","0","0","0","0","2326","167299","0","0","0","169626","169626"
"2024-09-19","port784","Nacala","Mozambique","MOZ","0","0","0","0","1","0","1","0","0","0","0","3104","0","3104","0","0","0","0","2559","0","2559"
"2024-09-20","port784","Nacala","Mozambique","MOZ","0","0","1","0","0","1","1","0","0","0","0","0","0","0","0","0","7577","0","0","7577","7577"
"2024-09-21","port784","Nacala","Mozambique","MOZ","1","1","0","0","0","2","2","0","0","0","0","0","0","0","3952","28534","0","0","0","32486","32486"
"2024-09-22","port784","Nacala","Mozambique","MOZ","1","0","1","0","0","2","2","2392","0","6188","0","0","8581","8581","0","0","0","0","0","0","0"
"2024-09-23","port784","Nacala","Mozambique","MOZ","0","2","0","0","1","2","3","0","0","0","0","0","0","0","0","54817","0","0","0","54817","54817"
"2024-09-24","port784","Nacala","Mozambique","MOZ","0","2","0","0","1","2","3","0","4878","0","0","2777","4878","7655","0","78198","0","0","1377","78198","79575"
"2024-09-25","port784","Nacala","Mozambique","MOZ","0","1","0","0","0","1","1","0","0","0","0","0","0","0","0","14588","0","0","0","14588","14588"
"2024-09-26","port784","Nacala","Mozambique","MOZ","1","1","0","0","0","2","2","783","0","0","0","0","783","783","0","89443","0","0","0","89443","89443"
"2024-09-27","port784","Nacala","Mozambique","MOZ","0","2","0","0","1","2","3","0","31023","0","0","0","31023","31023","0","41472","0","0","0","41472","41472"
"2024-09-28","port784","Nacala","Mozambique","MOZ","1","1","0","0","0","2","2","0","0","0","0","0","0","0","2203","56028","0","0","0","58231","58231"
"2024-09-29","port784","Nacala","Mozambique","MOZ","1","0","0","0","0","1","1","270","0","0","0","0","270","270","0","0","0","0","0","0","0"
"2024-09-30","port784","Nacala","Mozambique","MOZ","0","1","0","0","0","1","1","0","0","0","0","0","0","0","0","89432","0","0","0","89432","89432"
"2024-10-01","port784","Nacala","Mozambique","MOZ","1","2","0","0","0","3","3","0","0","0","0","0","0","0","10473","76758","0","0","0","87231","87231"
"2024-10-02","port784","Nacala","Mozambique","MOZ","0","1","0","0","1","1","2","0","0","0","0","2777","0","2777","0","16503","0","0","1377","16503","17880"
"2024-10-03","port784","Nacala","Mozambique","MOZ","0","1","0","0","0","1","1","0","0","0","0","0","0","0","0","7227","0","0","0","7227","7227"
"2024-10-04","port784","Nacala","Mozambique","MOZ","1","1","0","0","0","2","2","0","11543","0","0","0","11543","11543","1292","0","0","0","0","1292","1292"
"2024-10-05","port784","Nacala","Mozambique","MOZ","0","1","0","0","1","1","2","0","0","0","0","176","0","176","0","189833","0","0","0","189833","189833"
"2024-10-06","port784","Nacala","Mozambique","MOZ","1","0","0","0","1","1","2","0","0","0","0","0","0","0","6687","0","0","0","0","6687","6687"
"2024-10-07","port784","Nacala","Mozambique","MOZ","0","1","0","0","0","1","1","0","11628","0","0","0","11628","11628","0","0","0","0","0","0","0"
"2024-10-08","port784","Nacala","Mozambique","MOZ","0","0","0","0","0","0","0","0","0","0","0","0","0","0","0","0","0","0","0","0","0"
"2024-10-09","port784","Nacala","Mozambique","MOZ","0","0","0","0","0","0","0","0","0","0","0","0","0","0","0","0","0","0","0","0","0"
"2024-10-10","port784","Nacala","Mozambique","MOZ","1","1","0","0","0","2","2","0","5027","0","0","0","5027","5027","6268","49803","0","0","0","56072","56072"
"2024-10-11","port784","Nacala","Mozambique","MOZ","0","2","0","0","0","2","2","0","10404","0","0","0","10404","10404","0","0","0","0","0","0","0"
"2024-10-12","port784","Nacala","Mozambique","MOZ","0","1","0","0","1","1","2","0","17836","0","0","3104","17836","20940","0","0","0","0","2559","0","2559"
"2024-10-13","port784","Nacala","Mozambique","MOZ","0","0","0","0","0","0","0","0","0","0","0","0","0","0","0","0","0","0","0","0","0"
"2024-10-14","port784","Nacala","Mozambique","MOZ","0","1","1","0","2","2","4","0","0","0","0","34677","0","34677","0","73114","8679","0","0","81794","81794"
"2024-10-15","port784","Nacala","Mozambique","MOZ","0","0","0","0","0","0","0","0","0","0","0","0","0","0","0","0","0","0","0","0","0"
"2024-10-16","port784","Nacala","Mozambique","MOZ","0","1","0","0","0","1","1","0","0","0","0","0","0","0","0","0","0","0","0","0","0"
"2024-10-17","port784","Nacala","Mozambique","MOZ","0","1","0","0","0","1","1","0","0","0","0","0","0","0","0","73081","0","0","0","73081","73081"
"2024-10-18","port784","Nacala","Mozambique","MOZ","1","0","0","0","1","1","2","0","0","0","0","5536","0","5536","2870","0","0","0","0","2870","2870"
"2024-10-19","port784","Nacala","Mozambique","MOZ","0","1","0","0","0","1","1","0","0","0","0","0","0","0","0","83140","0","0","0","83140","83140"
"2024-10-20","port784","Nacala","Mozambique","MOZ","0","1","0","0","0","1","1","0","0","0","0","0","0","0","0","78382","0","0","0","78382","78382"
"2024-10-21","port784","Nacala","Mozambique","MOZ","0","0","0","0","1","0","1","0","0","0","0","2777","0","2777","0","0","0","0","1377","0","1377"
"2024-10-22","port784","Nacala","Mozambique","MOZ","1","0","0","0","0","1","1","0","0","0","0","0","0","0","9146","0","0","0","0","9146","9146"
"2023-07-30","port784","Nacala","Mozambique","MOZ","0","1","0","0","1","1","2","0","26969","0","0","0","26969","26969","0","0","0","0","0","0","0"
"2024-10-23","port784","Nacala","Mozambique","MOZ","0","0","0","0","0","0","0","0","0","0","0","0","0","0","0","0","0","0","0","0","0"
"2024-10-24","port784","Nacala","Mozambique","MOZ","0","1","0","0","1","1","2","0","683","0","0","2777","683","3461","0","0","0","0","1377","0","1377"
"2024-10-25","port784","Nacala","Mozambique","MOZ","1","0","0","0","1","1","2","2889","0","0","0","0","2889","2889","0","0","0","0","0","0","0"
"2024-10-26","port784","Nacala","Mozambique","MOZ","0","0","0","0","0","0","0","0","0","0","0","0","0","0","0","0","0","0","0","0","0"
"2024-10-27","port784","Nacala","Mozambique","MOZ","1","1","0","0","0","2","2","1169","5027","0","0","0","6196","6196","0","49803","0","0","0","49803","49803"
"2024-10-28","port784","Nacala","Mozambique","MOZ","0","1","1","0","0","2","2","0","0","4989","0","0","4989","4989","0","74427","0","0","0","74427","74427"
"2024-10-29","port784","Nacala","Mozambique","MOZ","0","1","0","0","0","1","1","0","5027","0","0","0","5027","5027","0","49803","0","0","0","49803","49803"
"2024-10-30","port784","Nacala","Mozambique","MOZ","0","1","0","0","0","1","1","0","0","0","0","0","0","0","0","78782","0","0","0","78782","78782"
"2024-10-31","port784","Nacala","Mozambique","MOZ","1","3","0","0","1","4","5","1827","38682","0","0","3104","40510","43614","2312","54637","0","0","2559","56949","59509"
"2024-11-01","port784","Nacala","Mozambique","MOZ","1","1","0","0","0","2","2","1579","0","0","0","0","1579","1579","0","0","0","0","0","0","0"
"2024-11-02","port784","Nacala","Mozambique","MOZ","0","0","0","0","1","0","1","0","0","0","0","0","0","0","0","0","0","0","44401","0","44401"
"2024-11-03","port784","Nacala","Mozambique","MOZ","0","1","0","0","0","1","1","0","0","0","0","0","0","0","0","87246","0","0","0","87246","87246"
"2024-11-04","port784","Nacala","Mozambique","MOZ","0","0","0","0","0","0","0","0","0","0","0","0","0","0","0","0","0","0","0","0","0"
"2024-11-05","port784","Nacala","Mozambique","MOZ","1","1","0","0","0","2","2","388","0","0","0","0","388","388","0","0","0","0","0","0","0"
"2024-11-06","port784","Nacala","Mozambique","MOZ","1","1","0","0","0","2","2","1827","0","0","0","0","1827","1827","2312","54526","0","0","0","56838","56838"
"2024-11-07","port784","Nacala","Mozambique","MOZ","1","1","0","0","0","2","2","1339","0","0","0","0","1339","1339","0","56974","0","0","0","56974","56974"
"2024-11-08","port784","Nacala","Mozambique","MOZ","0","1","0","0","1","1","2","0","0","0","0","0","0","0","0","78457","0","0","4253","78457","82711"
"2024-11-09","port784","Nacala","Mozambique","MOZ","1","0","0","0","0","1","1","0","0","0","0","0","0","0","4178","0","0","0","0","4178","4178"
"2024-11-10","port784","Nacala","Mozambique","MOZ","0","1","0","0","0","1","1","0","24681","0","0","0","24681","24681","0","0","0","0","0","0","0"
"2024-11-11","port784","Nacala","Mozambique","MOZ","0","0","0","0","1","0","1","0","0","0","0","20420","0","20420","0","0","0","0","0","0","0"
"2024-11-12","port784","Nacala","Mozambique","MOZ","1","2","0","0","1","3","4","2046","0","0","0","20887","2046","22933","0","21162","0","0","0","21162","21162"
"2024-11-13","port784","Nacala","Mozambique","MOZ","1","0","1","0","1","2","3","0","0","0","0","2777","0","2777","1048","0","0","0","1377","1048","2426"
"2024-11-14","port784","Nacala","Mozambique","MOZ","1","1","0","0","1","2","3","17192","81565","0","0","0","98757","98757","0","0","0","0","0","0","0"
"2024-11-15","port784","Nacala","Mozambique","MOZ","0","0","0","0","0","0","0","0","0","0","0","0","0","0","0","0","0","0","0","0","0"
"2024-11-16","port784","Nacala","Mozambique","MOZ","0","2","0","0","0","2","2","0","8600","0","0","0","8600","8600","0","72079","0","0","0","72079","72079"
"2024-11-17","port784","Nacala","Mozambique","MOZ","1","0","0","0","0","1","1","1827","0","0","0","0","1827","1827","2312","0","0","0","0","2312","2312"
"2024-11-18","port784","Nacala","Mozambique","MOZ","0","1","0","0","1","1","2","0","25780","0","0","0","25780","25780","0","0","0","0","0","0","0"
"2024-11-19","port784","Nacala","Mozambique","MOZ","0","1","0","0","0","1","1","0","2442","0","0","0","2442","2442","0","0","0","0","0","0","0"
"2024-11-20","port784","Nacala","Mozambique","MOZ","0","2","0","0","0","2","2","0","31784","0","0","0","31784","31784","0","131137","0","0","0","131137","131137"
"2024-11-21","port784","Nacala","Mozambique","MOZ","0","0","0","0","0","0","0","0","0","0","0","0","0","0","0","0","0","0","0","0","0"
"2024-11-22","port784","Nacala","Mozambique","MOZ","0","1","0","0","1","1","2","0","0","0","0","0","0","0","0","0","0","0","353","0","353"
"2024-11-23","port784","Nacala","Mozambique","MOZ","0","2","0","0","1","2","3","0","15287","0","0","10986","15287","26274","0","190342","0","0","0","190342","190342"
"2024-11-24","port784","Nacala","Mozambique","MOZ","1","0","0","0","0","1","1","0","0","0","0","0","0","0","1769","0","0","0","0","1769","1769"
"2024-11-25","port784","Nacala","Mozambique","MOZ","0","0","0","0","0","0","0","0","0","0","0","0","0","0","0","0","0","0","0","0","0"
"2024-11-26","port784","Nacala","Mozambique","MOZ","0","1","0","0","0","1","1","0","0","0","0","0","0","0","0","34568","0","0","0","34568","34568"
"2024-11-27","port784","Nacala","Mozambique","MOZ","1","0","0","0","1","1","2","357","0","0","0","0","357","357","0","0","0","0","0","0","0"
"2024-11-28","port784","Nacala","Mozambique","MOZ","0","1","0","0","0","1","1","0","0","0","0","0","0","0","0","33766","0","0","0","33766","33766"
"2024-11-29","port784","Nacala","Mozambique","MOZ","0","1","0","0","0","1","1","0","0","0","0","0","0","0","0","78708","0","0","0","78708","78708"
"2024-11-30","port784","Nacala","Mozambique","MOZ","0","0","0","0","1","0","1","0","0","0","0","3104","0","3104","0","0","0","0","2559","0","2559"
"2024-12-01","port784","Nacala","Mozambique","MOZ","1","1","0","0","1","2","3","1485","0","0","0","2777","1485","4262","0","58271","0","0","1377","58271","59648"
"2024-12-02","port784","Nacala","Mozambique","MOZ","0","0","0","0","1","0","1","0","0","0","0","3104","0","3104","0","0","0","0","2559","0","2559"
"2024-12-03","port784","Nacala","Mozambique","MOZ","0","0","0","0","1","0","1","0","0","0","0","2777","0","2777","0","0","0","0","1377","0","1377"
"2024-12-04","port784","Nacala","Mozambique","MOZ","0","1","0","0","0","1","1","0","0","0","0","0","0","0","0","33884","0","0","0","33884","33884"
"2024-12-05","port784","Nacala","Mozambique","MOZ","1","0","0","0","0","1","1","0","0","0","0","0","0","0","1302","0","0","0","0","1302","1302"
"2024-12-06","port784","Nacala","Mozambique","MOZ","0","1","0","0","0","1","1","0","0","0","0","0","0","0","0","80276","0","0","0","80276","80276"
"2024-12-07","port784","Nacala","Mozambique","MOZ","0","0","1","0","0","1","1","0","0","2395","0","0","2395","2395","0","0","0","0","0","0","0"
"2024-12-08","port784","Nacala","Mozambique","MOZ","1","0","1","0","0","2","2","396","0","4989","0","0","5386","5386","0","0","0","0","0","0","0"
"2024-12-09","port784","Nacala","Mozambique","MOZ","0","1","0","0","0","1","1","0","0","0","0","0","0","0","0","79588","0","0","0","79588","79588"
"2024-12-10","port784","Nacala","Mozambique","MOZ","0","2","0","0","0","2","2","0","5027","0","0","0","5027","5027","0","128873","0","0","0","128873","128873"
"2024-12-11","port784","Nacala","Mozambique","MOZ","1","0","0","0","0","1","1","0","0","0","0","0","0","0","8381","0","0","0","0","8381","8381"
"2024-12-12","port784","Nacala","Mozambique","MOZ","0","1","0","0","0","1","1","0","0","0","0","0","0","0","0","0","0","0","0","0","0"
"2024-12-13","port784","Nacala","Mozambique","MOZ","0","0","0","0","0","0","0","0","0","0","0","0","0","0","0","0","0","0","0","0","0"
"2024-12-14","port784","Nacala","Mozambique","MOZ","0","0","0","0","0","0","0","0","0","0","0","0","0","0","0","0","0","0","0","0","0"
"2024-12-15","port784","Nacala","Mozambique","MOZ","0","0","0","0","0","0","0","0","0","0","0","0","0","0","0","0","0","0","0","0","0"
"2024-12-16","port784","Nacala","Mozambique","MOZ","1","2","0","0","0","3","3","1321","5641","0","0","0","6962","6962","0","0","0","0","0","0","0"
"2024-12-17","port784","Nacala","Mozambique","MOZ","1","1","0","0","1","2","3","0","0","0","0","2777","0","2777","6899","0","0","0","1377","6899","8277"
"2024-12-18","port784","Nacala","Mozambique","MOZ","0","0","0","0","1","0","1","0","0","0","0","0","0","0","0","0","0","0","0","0","0"
"2024-12-19","port784","Nacala","Mozambique","MOZ","1","0","0","0","0","1","1","0","0","0","0","0","0","0","476","0","0","0","0","476","476"
"2024-12-20","port784","Nacala","Mozambique","MOZ","0","2","0","0","0","2","2","0","5027","0","0","0","5027","5027","0","129564","0","0","0","129564","129564"
"2024-12-21","port784","Nacala","Mozambique","MOZ","0","0","0","0","1","0","1","0","0","0","0","32106","0","32106","0","0","0","0","0","0","0"
"2024-12-22","port784","Nacala","Mozambique","MOZ","0","1","0","0","0","1","1","0","0","0","0","0","0","0","0","79122","0","0","0","79122","79122"
"2024-12-23","port784","Nacala","Mozambique","MOZ","0","1","0","0","0","1","1","0","2453","0","0","0","2453","2453","0","0","0","0","0","0","0"
"2024-12-24","port784","Nacala","Mozambique","MOZ","0","1","0","0","0","1","1","0","0","0","0","0","0","0","0","40052","0","0","0","40052","40052"
"2024-12-25","port784","Nacala","Mozambique","MOZ","0","1","0","0","0","1","1","0","0","0","0","0","0","0","0","78982","0","0","0","78982","78982"
"2024-12-26","port784","Nacala","Mozambique","MOZ","1","1","0","0","0","2","2","0","0","0","0","0","0","0","0","0","0","0","0","0","0"
"2024-12-27","port784","Nacala","Mozambique","MOZ","0","0","0","0","0","0","0","0","0","0","0","0","0","0","0","0","0","0","0","0","0"
"2024-12-28","port784","Nacala","Mozambique","MOZ","0","0","0","0","1","0","1","0","0","0","0","2777","0","2777","0","0","0","0","1377","0","1377"
"2024-12-29","port784","Nacala","Mozambique","MOZ","0","1","1","0","0","2","2","0","0","0","0","0","0","0","0","36370","4842","0","0","41213","41213"
"2024-12-30","port784","Nacala","Mozambique","MOZ","1","0","0","0","0","1","1","392","0","0","0","0","392","392","0","0","0","0","0","0","0"
"2024-12-31","port784","Nacala","Mozambique","MOZ","0","1","0","0","0","1","1","0","0","0","0","0","0","0","0","0","0","0","0","0","0"
"2025-01-01","port784","Nacala","Mozambique","MOZ","0","0","0","0","0","0","0","0","0","0","0","0","0","0","0","0","0","0","0","0","0"
"2025-01-02","port784","Nacala","Mozambique","MOZ","0","1","0","0","0","1","1","0","16576","0","0","0","16576","16576","0","0","0","0","0","0","0"
"2025-01-03","port784","Nacala","Mozambique","MOZ","1","0","0","0","0","1","1","8554","0","0","0","0","8554","8554","0","0","0","0","0","0","0"
"2025-01-04","port784","Nacala","Mozambique","MOZ","1","1","0","0","0","2","2","1827","9993","0","0","0","11821","11821","2312","0","0","0","0","2312","2312"
"2025-01-05","port784","Nacala","Mozambique","MOZ","1","1","0","0","0","2","2","0","0","0","0","0","0","0","754","164296","0","0","0","165050","165050"
"2025-01-06","port784","Nacala","Mozambique","MOZ","1","0","0","0","1","1","2","6477","0","0","0","2777","6477","9254","0","0","0","0","1377","0","1377"
"2025-01-07","port784","Nacala","Mozambique","MOZ","0","1","0","0","1","1","2","0","0","0","0","0","0","0","0","77934","0","0","0","77934","77934"
"2025-01-08","port784","Nacala","Mozambique","MOZ","0","0","0","0","0","0","0","0","0","0","0","0","0","0","0","0","0","0","0","0","0"
"2025-01-09","port784","Nacala","Mozambique","MOZ","0","0","0","0","0","0","0","0","0","0","0","0","0","0","0","0","0","0","0","0","0"
"2025-01-10","port784","Nacala","Mozambique","MOZ","1","1","0","0","0","2","2","0","0","0","0","0","0","0","2201","78543","0","0","0","80744","80744"
"2025-01-11","port784","Nacala","Mozambique","MOZ","0","0","0","0","1","0","1","0","0","0","0","2777","0","2777","0","0","0","0","1377","0","1377"
"2025-01-12","port784","Nacala","Mozambique","MOZ","1","1","0","0","1","2","3","1827","0","0","0","3978","1827","5806","2312","77781","0","0","3417","80094","83511"
"2025-01-13","port784","Nacala","Mozambique","MOZ","1","0","0","0","0","1","1","1827","0","0","0","0","1827","1827","2312","0","0","0","0","2312","2312"
"2025-01-14","port784","Nacala","Mozambique","MOZ","0","0","0","0","0","0","0","0","0","0","0","0","0","0","0","0","0","0","0","0","0"
"2025-01-15","port784","Nacala","Mozambique","MOZ","1","1","0","0","1","2","3","0","0","0","0","31470","0","31470","5832","0","0","0","0","5832","5832"
"2025-01-16","port784","Nacala","Mozambique","MOZ","0","1","0","0","1","1","2","0","0","0","0","0","0","0","0","0","0","0","29880","0","29880"
"2025-01-17","port784","Nacala","Mozambique","MOZ","0","0","1","0","1","1","2","0","0","1516","0","0","1516","1516","0","0","0","0","0","0","0"
"2025-01-18","port784","Nacala","Mozambique","MOZ","0","1","0","0","0","1","1","0","9246","0","0","0","9246","9246","0","0","0","0","0","0","0"
"2025-01-19","port784","Nacala","Mozambique","MOZ","0","1","0","0","1","1","2","0","0","0","0","2777","0","2777","0","15151","0","0","1377","15151","16528"
"2025-01-20","port784","Nacala","Mozambique","MOZ","0","0","1","0","1","1","2","0","0","5138","0","3104","5138","8242","0","0","0","0","2559","0","2559"
"2025-01-21","port784","Nacala","Mozambique","MOZ","0","1","0","0","0","1","1","0","0","0","0","0","0","0","0","0","0","0","0","0","0"
"2025-01-22","port784","Nacala","Mozambique","MOZ","2","0","0","0","0","2","2","3012","0","0","0","0","3012","3012","0","0","0","0","0","0","0"
"2025-01-23","port784","Nacala","Mozambique","MOZ","1","0","0","0","0","1","1","11986","0","0","0","0","11986","11986","0","0","0","0","0","0","0"
"2025-01-24","port784","Nacala","Mozambique","MOZ","0","0","0","0","1","0","1","0","0","0","0","3104","0","3104","0","0","0","0","2559","0","2559"
"2025-01-25","port784","Nacala","Mozambique","MOZ","0","1","0","0","0","1","1","0","0","0","0","0","0","0","0","0","0","0","0","0","0"
"2025-01-26","port784","Nacala","Mozambique","MOZ","2","1","0","0","0","3","3","5545","9332","0","0","0","14878","14878","0","0","0","0","0","0","0"
"2025-01-27","port784","Nacala","Mozambique","MOZ","0","1","0","0","1","1","2","0","0","0","0","3104","0","3104","0","0","0","0","2559","0","2559"
"2025-01-28","port784","Nacala","Mozambique","MOZ","2","1","0","0","0","3","3","6535","0","0","0","0","6535","6535","2312","74768","0","0","0","77080","77080"
"2025-01-29","port784","Nacala","Mozambique","MOZ","0","1","0","0","1","1","2","0","0","0","0","0","0","0","0","73312","0","0","41395","73312","114707"
"2025-01-30","port784","Nacala","Mozambique","MOZ","0","1","0","0","0","1","1","0","5027","0","0","0","5027","5027","0","49803","0","0","0","49803","49803"
"2025-01-31","port784","Nacala","Mozambique","MOZ","1","1","0","0","0","2","2","2576","0","0","0","0","2576","2576","0","0","0","0","0","0","0"
"2025-02-01","port784","Nacala","Mozambique","MOZ","0","0","0","0","0","0","0","0","0","0","0","0","0","0","0","0","0","0","0","0","0"
"2025-02-02","port784","Nacala","Mozambique","MOZ","0","1","0","0","0","1","1","0","0","0","0","0","0","0","0","12868","0","0","0","12868","12868"
"2025-02-03","port784","Nacala","Mozambique","MOZ","1","0","1","0","0","2","2","4715","0","1451","0","0","6167","6167","0","0","1589","0","0","1589","1589"
"2025-02-04","port784","Nacala","Mozambique","MOZ","0","0","0","0","0","0","0","0","0","0","0","0","0","0","0","0","0","0","0","0","0"
"2025-02-05","port784","Nacala","Mozambique","MOZ","1","1","0","0","0","2","2","3488","0","0","0","0","3488","3488","0","78650","0","0","0","78650","78650"
"2025-02-06","port784","Nacala","Mozambique","MOZ","0","0","0","0","0","0","0","0","0","0","0","0","0","0","0","0","0","0","0","0","0"
"2025-02-07","port784","Nacala","Mozambique","MOZ","1","1","0","0","1","2","3","1827","0","0","0","3104","1827","4931","2312","38846","0","0","2559","41158","43718"
"2025-02-08","port784","Nacala","Mozambique","MOZ","1","1","0","0","0","2","2","510","0","0","0","0","510","510","0","168510","0","0","0","168510","168510"
"2025-02-09","port784","Nacala","Mozambique","MOZ","0","0","0","0","1","0","1","0","0","0","0","96","0","96","0","0","0","0","0","0","0"
"2025-02-10","port784","Nacala","Mozambique","MOZ","1","0","0","0","0","1","1","1510","0","0","0","0","1510","1510","0","0","0","0","0","0","0"
"2025-02-11","port784","Nacala","Mozambique","MOZ","0","0","0","0","0","0","0","0","0","0","0","0","0","0","0","0","0","0","0","0","0"
"2025-02-12","port784","Nacala","Mozambique","MOZ","0","1","0","0","0","1","1","0","0","0","0","0","0","0","0","38230","0","0","0","38230","38230"
"2025-02-13","port784","Nacala","Mozambique","MOZ","0","1","0","0","0","1","1","0","0","0","0","0","0","0","0","79861","0","0","0","79861","79861"
"2025-02-14","port784","Nacala","Mozambique","MOZ","0","0","0","0","0","0","0","0","0","0","0","0","0","0","0","0","0","0","0","0","0"
"2025-02-15","port784","Nacala","Mozambique","MOZ","0","0","0","0","1","0","1","0","0","0","0","3104","0","3104","0","0","0","0","2559","0","2559"
"2025-02-16","port784","Nacala","Mozambique","MOZ","1","1","0","0","0","2","2","0","0","0","0","0","0","0","6747","73085","0","0","0","79833","79833"
"2025-02-17","port784","Nacala","Mozambique","MOZ","0","1","0","0","0","1","1","0","0","0","0","0","0","0","0","0","0","0","0","0","0"
"2025-02-18","port784","Nacala","Mozambique","MOZ","1","0","0","0","0","1","1","1827","0","0","0","0","1827","1827","2312","0","0","0","0","2312","2312"
"2025-02-19","port784","Nacala","Mozambique","MOZ","0","1","1","0","0","2","2","0","0","0","0","0","0","0","0","0","0","0","0","0","0"
"2025-02-20","port784","Nacala","Mozambique","MOZ","1","0","0","0","0","1","1","0","0","0","0","0","0","0","1173","0","0","0","0","1173","1173"
"2025-02-21","port784","Nacala","Mozambique","MOZ","0","1","0","0","0","1","1","0","46028","0","0","0","46028","46028","0","0","0","0","0","0","0"
"2025-02-22","port784","Nacala","Mozambique","MOZ","0","1","0","0","0","1","1","0","0","0","0","0","0","0","0","80929","0","0","0","80929","80929"
"2025-02-23","port784","Nacala","Mozambique","MOZ","0","0","0","0","0","0","0","0","0","0","0","0","0","0","0","0","0","0","0","0","0"
"2025-02-24","port784","Nacala","Mozambique","MOZ","1","0","0","0","0","1","1","0","0","0","0","0","0","0","469","0","0","0","0","469","469"
"2025-02-25","port784","Nacala","Mozambique","MOZ","0","1","0","0","0","1","1","0","0","0","0","0","0","0","0","51040","0","0","0","51040","51040"
"2025-02-26","port784","Nacala","Mozambique","MOZ","0","0","0","0","0","0","0","0","0","0","0","0","0","0","0","0","0","0","0","0","0"
"2025-02-27","port784","Nacala","Mozambique","MOZ","1","1","0","0","1","2","3","0","0","0","0","3104","0","3104","6515","110922","0","0","2559","117438","119998"
"2025-02-28","port784","Nacala","Mozambique","MOZ","0","1","0","0","1","1","2","0","11097","0","0","0","11097","11097","0","0","0","0","0","0","0"
"2025-03-01","port784","Nacala","Mozambique","MOZ","1","1","0","0","0","2","2","82","5027","0","0","0","5109","5109","0","49803","0","0","0","49803","49803"
"2025-03-02","port784","Nacala","Mozambique","MOZ","0","0","0","0","0","0","0","0","0","0","0","0","0","0","0","0","0","0","0","0","0"
"2025-03-03","port784","Nacala","Mozambique","MOZ","0","0","0","0","1","0","1","0","0","0","0","11460","0","11460","0","0","0","0","0","0","0"
"2025-03-04","port784","Nacala","Mozambique","MOZ","0","1","1","0","1","2","3","0","0","0","0","0","0","0","0","86158","428","0","0","86587","86587"
"2025-03-05","port784","Nacala","Mozambique","MOZ","0","0","0","0","0","0","0","0","0","0","0","0","0","0","0","0","0","0","0","0","0"
"2025-03-06","port784","Nacala","Mozambique","MOZ","1","0","0","0","1","1","2","332","0","0","0","2777","332","3109","2018","0","0","0","1377","2018","3395"
"2025-03-07","port784","Nacala","Mozambique","MOZ","1","1","0","0","0","2","2","0","0","0","0","0","0","0","930","89571","0","0","0","90502","90502"
"2025-03-08","port784","Nacala","Mozambique","MOZ","0","0","0","0","0","0","0","0","0","0","0","0","0","0","0","0","0","0","0","0","0"
"2025-03-09","port784","Nacala","Mozambique","MOZ","0","0","0","0","0","0","0","0","0","0","0","0","0","0","0","0","0","0","0","0","0"
"2025-03-10","port784","Nacala","Mozambique","MOZ","0","0","0","0","0","0","0","0","0","0","0","0","0","0","0","0","0","0","0","0","0"
"2025-03-11","port784","Nacala","Mozambique","MOZ","1","1","0","0","0","2","2","0","89571","0","0","0","89571","89571","6124","0","0","0","0","6124","6124"
"2025-03-12","port784","Nacala","Mozambique","MOZ","0","0","0","0","0","0","0","0","0","0","0","0","0","0","0","0","0","0","0","0","0"
"2025-03-13","port784","Nacala","Mozambique","MOZ","0","0","0","0","0","0","0","0","0","0","0","0","0","0","0","0","0","0","0","0","0"
"2025-03-14","port784","Nacala","Mozambique","MOZ","1","0","0","0","1","1","2","5886","0","0","0","3104","5886","8991","0","0","0","0","2559","0","2559"
"2025-03-15","port784","Nacala","Mozambique","MOZ","0","2","0","0","0","2","2","0","15626","0","0","0","15626","15626","0","18220","0","0","0","18220","18220"
"2025-03-16","port784","Nacala","Mozambique","MOZ","0","0","0","0","0","0","0","0","0","0","0","0","0","0","0","0","0","0","0","0","0"
"2025-03-17","port784","Nacala","Mozambique","MOZ","1","1","0","0","0","2","2","0","0","0","0","0","0","0","5106","83735","0","0","0","88841","88841"
"2025-03-18","port784","Nacala","Mozambique","MOZ","0","0","1","0","1","1","2","0","0","5486","0","0","5486","5486","0","0","0","0","45355","0","45355"
"2025-03-19","port784","Nacala","Mozambique","MOZ","1","1","0","0","0","2","2","8816","0","0","0","0","8816","8816","0","33222","0","0","0","33222","33222"
"2025-03-20","port784","Nacala","Mozambique","MOZ","1","0","1","0","1","2","3","0","0","2710","0","0","2710","2710","4019","0","0","0","96","4019","4115"
"2025-03-21","port784","Nacala","Mozambique","MOZ","1","0","0","0","0","1","1","1827","0","0","0","0","1827","1827","2312","0","0","0","0","2312","2312"
"2025-03-22","port784","Nacala","Mozambique","MOZ","0","0","0","0","0","0","0","0","0","0","0","0","0","0","0","0","0","0","0","0","0"
"2025-03-23","port784","Nacala","Mozambique","MOZ","1","0","0","0","0","1","1","578","0","0","0","0","578","578","0","0","0","0","0","0","0"
"2025-03-24","port784","Nacala","Mozambique","MOZ","0","0","0","0","1","0","1","0","0","0","0","3104","0","3104","0","0","0","0","2559","0","2559"
"2025-03-25","port784","Nacala","Mozambique","MOZ","0","1","0","0","0","1","1","0","0","0","0","0","0","0","0","79275","0","0","0","79275","79275"
"2025-03-26","port784","Nacala","Mozambique","MOZ","1","0","0","0","0","1","1","1743","0","0","0","0","1743","1743","0","0","0","0","0","0","0"
"2025-03-27","port784","Nacala","Mozambique","MOZ","1","1","0","0","0","2","2","0","4602","0","0","0","4602","4602","4927","0","0","0","0","4927","4927"
"2025-03-28","port784","Nacala","Mozambique","MOZ","0","0","0","0","0","0","0","0","0","0","0","0","0","0","0","0","0","0","0","0","0"
"2025-03-29","port784","Nacala","Mozambique","MOZ","1","1","0","0","0","2","2","1827","0","0","0","0","1827","1827","2312","82313","0","0","0","84625","84625"
"2025-03-30","port784","Nacala","Mozambique","MOZ","0","0","0","0","0","0","0","0","0","0","0","0","0","0","0","0","0","0","0","0","0"
"2025-03-31","port784","Nacala","Mozambique","MOZ","0","1","0","0","0","1","1","0","0","0","0","0","0","0","0","15402","0","0","0","15402","15402"
"2025-04-01","port784","Nacala","Mozambique","MOZ","0","1","0","0","0","1","1","0","5027","0","0","0","5027","5027","0","49803","0","0","0","49803","49803"
"2025-04-02","port784","Nacala","Mozambique","MOZ","0","2","0","0","1","2","3","0","29233","0","0","3104","29233","32337","0","0","0","0","2559","0","2559"
"2025-04-03","port784","Nacala","Mozambique","MOZ","0","0","0","0","1","0","1","0","0","0","0","2777","0","2777","0","0","0","0","1377","0","1377"
"2025-04-04","port784","Nacala","Mozambique","MOZ","1","0","0","0","1","1","2","783","0","0","0","3104","783","3887","0","0","0","0","2559","0","2559"
"2025-04-05","port784","Nacala","Mozambique","MOZ","0","2","0","0","1","2","3","0","5471","0","0","176","5471","5648","0","53818","0","0","0","53818","53818"
"2025-04-06","port784","Nacala","Mozambique","MOZ","1","1","0","0","0","2","2","0","0","0","0","0","0","0","3441","38678","0","0","0","42120","42120"
"2025-04-07","port784","Nacala","Mozambique","MOZ","0","0","0","0","0","0","0","0","0","0","0","0","0","0","0","0","0","0","0","0","0"
"2025-04-08","port784","Nacala","Mozambique","MOZ","0","1","0","0","0","1","1","0","0","0","0","0","0","0","0","74817","0","0","0","74817","74817"
"2025-04-09","port784","Nacala","Mozambique","MOZ","0","0","0","0","0","0","0","0","0","0","0","0","0","0","0","0","0","0","0","0","0"
"2025-04-10","port784","Nacala","Mozambique","MOZ","1","1","0","0","0","2","2","192","0","0","0","0","192","192","0","0","0","0","0","0","0"
"2025-04-11","port784","Nacala","Mozambique","MOZ","1","0","0","0","0","1","1","0","0","0","0","0","0","0","6496","0","0","0","0","6496","6496"
"2025-04-12","port784","Nacala","Mozambique","MOZ","0","2","0","0","0","2","2","0","0","0","0","0","0","0","0","77416","0","0","0","77416","77416"
"2025-04-13","port784","Nacala","Mozambique","MOZ","0","1","0","0","0","1","1","0","0","0","0","0","0","0","0","0","0","0","0","0","0"
"2025-04-14","port784","Nacala","Mozambique","MOZ","2","0","0","0","0","2","2","3663","0","0","0","0","3663","3663","396","0","0","0","0","396","396"
"2025-04-15","port784","Nacala","Mozambique","MOZ","0","1","1","0","0","2","2","0","7704","5486","0","0","13190","13190","0","0","0","0","0","0","0"
"2025-04-16","port784","Nacala","Mozambique","MOZ","0","1","0","0","0","1","1","0","0","0","0","0","0","0","0","101336","0","0","0","101336","101336"
"2025-04-17","port784","Nacala","Mozambique","MOZ","1","1","1","0","0","3","3","2492","0","194","0","0","2686","2686","0","78576","0","0","0","78576","78576"
"2025-04-18","port784","Nacala","Mozambique","MOZ","0","0","0","0","0","0","0","0","0","0","0","0","0","0","0","0","0","0","0","0","0"
"2025-04-19","port784","Nacala","Mozambique","MOZ","1","1","1","0","0","3","3","407","0","185","0","0","593","593","0","0","0","0","0","0","0"
"2025-04-20","port784","Nacala","Mozambique","MOZ","1","0","0","0","0","1","1","1827","0","0","0","0","1827","1827","2312","0","0","0","0","2312","2312"
"2025-04-21","port784","Nacala","Mozambique","MOZ","1","1","0","0","0","2","2","0","0","0","0","0","0","0","4839","78848","0","0","0","83687","83687"
"2025-04-22","port784","Nacala","Mozambique","MOZ","0","1","0","0","1","1","2","0","0","0","0","3104","0","3104","0","88396","0","0","2559","88396","90956"
"2025-04-23","port784","Nacala","Mozambique","MOZ","0","0","0","0","1","0","1","0","0","0","0","3104","0","3104","0","0","0","0","2559","0","2559"
"2025-04-24","port784","Nacala","Mozambique","MOZ","0","1","0","0","1","1","2","0","0","0","0","529","0","529","0","0","0","0","0","0","0"
"2025-04-25","port784","Nacala","Mozambique","MOZ","0","1","0","0","1","1","2","0","16871","0","0","0","16871","16871","0","0","0","0","0","0","0"
"2025-04-26","port784","Nacala","Mozambique","MOZ","1","1","0","0","0","2","2","1541","0","0","0","0","1541","1541","0","0","0","0","0","0","0"
"2025-04-27","port784","Nacala","Mozambique","MOZ","0","0","0","0","0","0","0","0","0","0","0","0","0","0","0","0","0","0","0","0","0"
"2025-04-28","port784","Nacala","Mozambique","MOZ","1","0","0","0","0","1","1","4407","0","0","0","0","4407","4407","0","0","0","0","0","0","0"
"2025-04-29","port784","Nacala","Mozambique","MOZ","0","1","0","0","0","1","1","0","5027","0","0","0","5027","5027","0","49803","0","0","0","49803","49803"
"2025-04-30","port784","Nacala","Mozambique","MOZ","0","0","0","0","0","0","0","0","0","0","0","0","0","0","0","0","0","0","0","0","0"
"2025-05-01","port784","Nacala","Mozambique","MOZ","0","2","0","0","0","2","2","0","16076","0","0","0","16076","16076","0","0","0","0","0","0","0"
"2025-05-02","port784","Nacala","Mozambique","MOZ","0","1","0","0","0","1","1","0","0","0","0","0","0","0","0","55405","0","0","0","55405","55405"
"2025-05-03","port784","Nacala","Mozambique","MOZ","0","0","0","0","0","0","0","0","0","0","0","0","0","0","0","0","0","0","0","0","0"
"2025-05-04","port784","Nacala","Mozambique","MOZ","1","1","0","0","0","2","2","0","0","0","0","0","0","0","898","50976","0","0","0","51874","51874"
"2025-05-05","port784","Nacala","Mozambique","MOZ","0","0","1","0","1","1","2","0","0","6059","0","0","6059","6059","0","0","0","0","0","0","0"
"2025-05-06","port784","Nacala","Mozambique","MOZ","0","1","0","0","0","1","1","0","0","0","0","0","0","0","0","0","0","0","0","0","0"
"2025-05-07","port784","Nacala","Mozambique","MOZ","1","0","0","0","1","1","2","2977","0","0","0","0","2977","2977","0","0","0","0","193","0","193"
"2025-05-08","port784","Nacala","Mozambique","MOZ","0","0","0","0","0","0","0","0","0","0","0","0","0","0","0","0","0","0","0","0","0"
"2025-05-09","port784","Nacala","Mozambique","MOZ","1","0","0","0","0","1","1","4275","0","0","0","0","4275","4275","0","0","0","0","0","0","0"
"2025-05-10","port784","Nacala","Mozambique","MOZ","0","1","0","0","0","1","1","0","0","0","0","0","0","0","0","166689","0","0","0","166689","166689"
"2025-05-11","port784","Nacala","Mozambique","MOZ","0","0","0","0","0","0","0","0","0","0","0","0","0","0","0","0","0","0","0","0","0"
"2025-05-12","port784","Nacala","Mozambique","MOZ","0","0","0","0","0","0","0","0","0","0","0","0","0","0","0","0","0","0","0","0","0"
"2025-05-13","port784","Nacala","Mozambique","MOZ","1","1","0","0","0","2","2","8616","0","0","0","0","8616","8616","0","166928","0","0","0","166928","166928"
"2025-05-14","port784","Nacala","Mozambique","MOZ","0","0","0","0","1","0","1","0","0","0","0","1574","0","1574","0","0","0","0","0","0","0"
"2025-05-15","port784","Nacala","Mozambique","MOZ","0","0","0","0","0","0","0","0","0","0","0","0","0","0","0","0","0","0","0","0","0"
"2025-05-16","port784","Nacala","Mozambique","MOZ","0","1","0","0","0","1","1","0","0","0","0","0","0","0","0","160384","0","0","0","160384","160384"
"2025-05-17","port784","Nacala","Mozambique","MOZ","1","0","0","0","0","1","1","0","0","0","0","0","0","0","754","0","0","0","0","754","754"
"2025-05-18","port784","Nacala","Mozambique","MOZ","0","0","0","0","0","0","0","0","0","0","0","0","0","0","0","0","0","0","0","0","0"
"2025-05-19","port784","Nacala","Mozambique","MOZ","0","1","0","0","1","1","2","0","8778","0","0","3139","8778","11918","0","0","0","0","0","0","0"
"2025-05-20","port784","Nacala","Mozambique","MOZ","1","1","0","0","1","2","3","6530","0","0","0","2777","6530","9307","0","0","0","0","1377","0","1377"
"2025-05-21","port784","Nacala","Mozambique","MOZ","0","0","0","0","1","0","1","0","0","0","0","6503","0","6503","0","0","0","0","0","0","0"
"2025-05-22","port784","Nacala","Mozambique","MOZ","1","1","0","0","0","2","2","10977","0","0","0","0","10977","10977","0","90037","0","0","0","90037","90037"
"2025-05-23","port784","Nacala","Mozambique","MOZ","0","0","0","0","0","0","0","0","0","0","0","0","0","0","0","0","0","0","0","0","0"
"2025-05-24","port784","Nacala","Mozambique","MOZ","0","1","0","0","1","1","2","0","0","0","0","0","0","0","0","0","0","0","0","0","0"
"2025-05-25","port784","Nacala","Mozambique","MOZ","0","1","0","0","0","1","1","0","0","0","0","0","0","0","0","77604","0","0","0","77604","77604"
"2025-05-26","port784","Nacala","Mozambique","MOZ","0","1","1","0","0","2","2","0","110550","186","0","0","110737","110737","0","0","0","0","0","0","0"
"2025-05-27","port784","Nacala","Mozambique","MOZ","0","0","0","0","0","0","0","0","0","0","0","0","0","0","0","0","0","0","0","0","0"
"2025-05-28","port784","Nacala","Mozambique","MOZ","1","1","0","0","0","2","2","8665","0","0","0","0","8665","8665","0","76449","0","0","0","76449","76449"
"2025-05-29","port784","Nacala","Mozambique","MOZ","0","2","1","0","0","3","3","0","18193","3216","0","0","21409","21409","0","74023","0","0","0","74023","74023"
"2025-05-30","port784","Nacala","Mozambique","MOZ","0","1","0","0","0","1","1","0","0","0","0","0","0","0","0","77604","0","0","0","77604","77604"
"2025-05-31","port784","Nacala","Mozambique","MOZ","1","0","0","0","1","1","2","0","0","0","0","0","0","0","0","0","0","0","0","0","0"
"2025-06-01","port784","Nacala","Mozambique","MOZ","0","0","0","0","0","0","0","0","0","0","0","0","0","0","0","0","0","0","0","0","0"
"2025-06-02","port784","Nacala","Mozambique","MOZ","0","1","0","0","0","1","1","0","0","0","0","0","0","0","0","79004","0","0","0","79004","79004"
"2025-06-03","port784","Nacala","Mozambique","MOZ","0","0","0","0","1","0","1","0","0","0","0","5689","0","5689","0","0","0","0","0","0","0"
"2025-06-04","port784","Nacala","Mozambique","MOZ","0","0","0","0","1","0","1","0","0","0","0","0","0","0","0","0","0","0","0","0","0"
"2025-06-05","port784","Nacala","Mozambique","MOZ","1","1","0","0","0","2","2","10947","0","0","0","0","10947","10947","0","90061","0","0","0","90061","90061"
"2025-06-06","port784","Nacala","Mozambique","MOZ","1","1","1","0","2","3","5","0","13224","1451","0","2777","14675","17452","2704","0","1589","0","1377","4293","5670"
"2025-06-07","port784","Nacala","Mozambique","MOZ","0","0","0","0","0","0","0","0","0","0","0","0","0","0","0","0","0","0","0","0","0"
"2025-06-08","port784","Nacala","Mozambique","MOZ","0","0","0","0","2","0","2","0","0","0","0","3104","0","3104","0","0","0","0","45110","0","45110"
"2025-06-09","port784","Nacala","Mozambique","MOZ","1","0","0","0","0","1","1","3487","0","0","0","0","3487","3487","0","0","0","0","0","0","0"
"2025-06-10","port784","Nacala","Mozambique","MOZ","0","1","0","0","0","1","1","0","0","0","0","0","0","0","0","27721","0","0","0","27721","27721"
"2025-06-11","port784","Nacala","Mozambique","MOZ","1","0","0","0","0","1","1","382","0","0","0","0","382","382","0","0","0","0","0","0","0"
"2025-06-12","port784","Nacala","Mozambique","MOZ","1","0","0","0","1","1","2","11899","0","0","0","0","11899","11899","0","0","0","0","0","0","0"
"2025-06-13","port784","Nacala","Mozambique","MOZ","0","1","0","0","0","1","1","0","0","0","0","0","0","0","0","0","0","0","0","0","0"
"2025-06-14","port784","Nacala","Mozambique","MOZ","0","1","0","0","1","1","2","0","55428","0","0","0","55428","55428","0","0","0","0","0","0","0"
"2025-06-15","port784","Nacala","Mozambique","MOZ","1","1","0","0","0","2","2","1319","46729","0","0","0","48049","48049","0","0","0","0","0","0","0"
"2025-06-16","port784","Nacala","Mozambique","MOZ","1","1","0","0","0","2","2","0","0","0","0","0","0","0","3364","80929","0","0","0","84293","84293"
"2025-06-17","port784","Nacala","Mozambique","MOZ","1","1","0","0","0","2","2","9126","5027","0","0","0","14153","14153","0","49803","0","0","0","49803","49803"
"2025-06-18","port784","Nacala","Mozambique","MOZ","1","1","0","0","1","2","3","5541","0","0","0","0","5541","5541","0","0","0","0","0","0","0"
"2025-06-19","port784","Nacala","Mozambique","MOZ","0","0","0","0","0","0","0","0","0","0","0","0","0","0","0","0","0","0","0","0","0"
"2025-06-20","port784","Nacala","Mozambique","MOZ","0","0","0","0","0","0","0","0","0","0","0","0","0","0","0","0","0","0","0","0","0"
"2025-06-21","port784","Nacala","Mozambique","MOZ","0","1","0","0","0","1","1","0","0","0","0","0","0","0","0","82405","0","0","0","82405","82405"
"2025-06-22","port784","Nacala","Mozambique","MOZ","0","1","0","0","0","1","1","0","6936","0","0","0","6936","6936","0","0","0","0","0","0","0"
"2025-06-23","port784","Nacala","Mozambique","MOZ","1","0","0","0","0","1","1","0","0","0","0","0","0","0","7209","0","0","0","0","7209","7209"
"2025-06-24","port784","Nacala","Mozambique","MOZ","0","1","0","0","0","1","1","0","11090","0","0","0","11090","11090","0","0","0","0","0","0","0"
"2025-06-25","port784","Nacala","Mozambique","MOZ","0","1","1","0","0","2","2","0","0","1451","0","0","1451","1451","0","77215","1589","0","0","78804","78804"
"2025-06-26","port784","Nacala","Mozambique","MOZ","0","0","0","0","0","0","0","0","0","0","0","0","0","0","0","0","0","0","0","0","0"
"2025-06-27","port784","Nacala","Mozambique","MOZ","0","1","0","0","0","1","1","0","0","0","0","0","0","0","0","86672","0","0","0","86672","86672"
"2025-06-28","port784","Nacala","Mozambique","MOZ","1","1","0","0","0","2","2","2997","0","0","0","0","2997","2997","0","0","0","0","0","0","0"
"2025-06-29","port784","Nacala","Mozambique","MOZ","1","1","0","0","0","2","2","1827","20398","0","0","0","22226","22226","2312","0","0","0","0","2312","2312"
"2025-06-30","port784","Nacala","Mozambique","MOZ","1","1","0","0","1","2","3","1547","0","0","0","2796","1547","4344","0","81555","0","0","0","81555","81555"
"2025-07-01","port784","Nacala","Mozambique","MOZ","0","0","0","0","1","0","1","0","0","0","0","30358","0","30358","0","0","0","0","0","0","0"
"2025-07-02","port784","Nacala","Mozambique","MOZ","0","1","0","0","1","1","2","0","0","0","0","0","0","0","0","0","0","0","290","0","290"
"2025-07-03","port784","Nacala","Mozambique","MOZ","1","0","0","0","0","1","1","0","0","0","0","0","0","0","4476","0","0","0","0","4476","4476"
"2025-07-04","port784","Nacala","Mozambique","MOZ","1","0","0","0","0","1","1","1827","0","0","0","0","1827","1827","2312","0","0","0","0","2312","2312"
"2025-07-05","port784","Nacala","Mozambique","MOZ","1","0","0","0","0","1","1","0","0","0","0","0","0","0","923","0","0","0","0","923","923"
"2025-07-06","port784","Nacala","Mozambique","MOZ","0","1","0","0","1","1","2","0","5027","0","0","0","5027","5027","0","49803","0","0","2078","49803","51882"
"2025-07-07","port784","Nacala","Mozambique","MOZ","0","0","0","0","0","0","0","0","0","0","0","0","0","0","0","0","0","0","0","0","0"
"2025-07-08","port784","Nacala","Mozambique","MOZ","2","2","0","0","0","4","4","9316","6599","0","0","0","15915","15915","2312","163341","0","0","0","165654","165654"
"2025-07-09","port784","Nacala","Mozambique","MOZ","0","0","0","0","0","0","0","0","0","0","0","0","0","0","0","0","0","0","0","0","0"
"2025-07-10","port784","Nacala","Mozambique","MOZ","0","2","1","0","0","3","3","0","0","0","0","0","0","0","0","141494","92","0","0","141587","141587"
"2025-07-11","port784","Nacala","Mozambique","MOZ","1","0","0","0","1","1","2","0","0","0","0","0","0","0","393","0","0","0","0","393","393"
"2025-07-12","port784","Nacala","Mozambique","MOZ","0","1","0","0","0","1","1","0","0","0","0","0","0","0","0","42652","0","0","0","42652","42652"
"2025-07-13","port784","Nacala","Mozambique","MOZ","0","1","0","0","0","1","1","0","0","0","0","0","0","0","0","42425","0","0","0","42425","42425"
"2025-07-14","port784","Nacala","Mozambique","MOZ","1","1","0","0","1","2","3","3147","0","0","0","3104","3147","6251","0","0","0","0","2559","0","2559"
"2025-07-15","port784","Nacala","Mozambique","MOZ","0","0","0","0","0","0","0","0","0","0","0","0","0","0","0","0","0","0","0","0","0"
"2025-07-16","port784","Nacala","Mozambique","MOZ","1","1","0","0","1","2","3","0","40950","0","0","2777","40950","43728","3139","0","0","0","1377","3139","4516"
"2025-07-17","port784","Nacala","Mozambique","MOZ","0","1","0","0","1","1","2","0","0","0","0","3104","0","3104","0","59350","0","0","2559","59350","61910"
"2025-07-18","port784","Nacala","Mozambique","MOZ","1","1","0","0","0","2","2","1065","0","0","0","0","1065","1065","0","28464","0","0","0","28464","28464"
"2025-07-19","port784","Nacala","Mozambique","MOZ","0","0","0","0","0","0","0","0","0","0","0","0","0","0","0","0","0","0","0","0","0"
"2025-07-20","port784","Nacala","Mozambique","MOZ","0","0","0","0","0","0","0","0","0","0","0","0","0","0","0","0","0","0","0","0","0"
"2025-07-21","port784","Nacala","Mozambique","MOZ","0","0","0","0","0","0","0","0","0","0","0","0","0","0","0","0","0","0","0","0","0"
"2025-07-22","port784","Nacala","Mozambique","MOZ","0","0","0","0","0","0","0","0","0","0","0","0","0","0","0","0","0","0","0","0","0"
"2025-07-23","port784","Nacala","Mozambique","MOZ","0","1","1","0","0","2","2","0","0","1257","0","0","1257","1257","0","53021","0","0","0","53021","53021"
"2025-07-24","port784","Nacala","Mozambique","MOZ","1","0","0","0","0","1","1","0","0","0","0","0","0","0","1241","0","0","0","0","1241","1241"
"2025-07-25","port784","Nacala","Mozambique","MOZ","0","1","1","0","0","2","2","0","5027","1451","0","0","6478","6478","0","49803","1589","0","0","51392","51392"
"2025-07-26","port784","Nacala","Mozambique","MOZ","1","0","1","0","0","2","2","0","0","1451","0","0","1451","1451","1804","0","1589","0","0","3393","3393"
"2025-07-27","port784","Nacala","Mozambique","MOZ","0","1","0","0","1","1","2","0","0","0","0","3104","0","3104","0","89137","0","0","2559","89137","91697"
"2025-07-28","port784","Nacala","Mozambique","MOZ","1","1","1","0","0","3","3","15296","0","661","0","0","15958","15958","0","50284","0","0","0","50284","50284"
"2025-07-29","port784","Nacala","Mozambique","MOZ","0","0","0","0","1","0","1","0","0","0","0","0","0","0","0","0","0","0","0","0","0"
"2025-07-30","port784","Nacala","Mozambique","MOZ","1","0","0","0","0","1","1","0","0","0","0","0","0","0","11690","0","0","0","0","11690","11690"
"2025-07-31","port784","Nacala","Mozambique","MOZ","0","1","0","0","1","1","2","0","0","0","0","3104","0","3104","0","76215","0","0","2559","76215","78775"
"2025-08-01","port784","Nacala","Mozambique","MOZ","1","1","0","0","0","2","2","0","0","0","0","0","0","0","12099","0","0","0","0","12099","12099"
"2025-08-02","port784","Nacala","Mozambique","MOZ","0","1","0","0","0","1","1","0","0","0","0","0","0","0","0","82804","0","0","0","82804","82804"
"2025-08-03","port784","Nacala","Mozambique","MOZ","1","0","0","0","1","1","2","332","0","0","0","2777","332","3109","2018","0","0","0","1377","2018","3395"
"2025-08-04","port784","Nacala","Mozambique","MOZ","0","1","0","0","0","1","1","0","0","0","0","0","0","0","0","31141","0","0","0","31141","31141"
"2025-08-05","port784","Nacala","Mozambique","MOZ","0","1","0","0","1","1","2","0","5027","0","0","0","5027","5027","0","49803","0","0","48385","49803","98189"
"2025-08-06","port784","Nacala","Mozambique","MOZ","0","2","0","0","0","2","2","0","5027","0","0","0","5027","5027","0","216974","0","0","0","216974","216974"
"2025-08-07","port784","Nacala","Mozambique","MOZ","0","0","0","0","0","0","0","0","0","0","0","0","0","0","0","0","0","0","0","0","0"
"2025-08-08","port784","Nacala","Mozambique","MOZ","1","0","0","0","1","1","2","4759","0","0","0","0","4759","4759","0","0","0","0","0","0","0"
"2025-08-09","port784","Nacala","Mozambique","MOZ","0","0","0","0","0","0","0","0","0","0","0","0","0","0","0","0","0","0","0","0","0"
"2025-08-10","port784","Nacala","Mozambique","MOZ","0","1","0","0","0","1","1","0","14968","0","0","0","14968","14968","0","0","0","0","0","0","0"
"2025-08-11","port784","Nacala","Mozambique","MOZ","0","0","0","0","0","0","0","0","0","0","0","0","0","0","0","0","0","0","0","0","0"
"2025-08-12","port784","Nacala","Mozambique","MOZ","1","0","0","0","1","1","2","0","0","0","0","2777","0","2777","12637","0","0","0","1377","12637","14015"
"2025-08-13","port784","Nacala","Mozambique","MOZ","0","1","0","0","0","1","1","0","0","0","0","0","0","0","0","74947","0","0","0","74947","74947"
"2025-08-14","port784","Nacala","Mozambique","MOZ","0","0","1","0","1","1","2","0","0","5139","0","3104","5139","8243","0","0","0","0","2559","0","2559"
"2025-08-15","port784","Nacala","Mozambique","MOZ","1","0","1","0","0","2","2","3828","0","1451","0","0","5279","5279","0","0","1589","0","0","1589","1589"
"2025-08-16","port784","Nacala","Mozambique","MOZ","0","1","0","0","1","1","2","0","0","0","0","0","0","0","0","163929","0","0","0","163929","163929"
"2025-08-17","port784","Nacala","Mozambique","MOZ","1","1","0","0","0","2","2","0","0","0","0","0","0","0","1897","28464","0","0","0","30361","30361"
"2025-08-18","port784","Nacala","Mozambique","MOZ","0","0","0","0","0","0","0","0","0","0","0","0","0","0","0","0","0","0","0","0","0"
"2025-08-19","port784","Nacala","Mozambique","MOZ","1","1","0","0","1","2","3","8481","2367","0","0","3673","10849","14522","0","0","0","0","0","0","0"
"2025-08-20","port784","Nacala","Mozambique","MOZ","0","2","0","0","0","2","2","0","5850","0","0","0","5850","5850","0","53162","0","0","0","53162","53162"
"2025-08-21","port784","Nacala","Mozambique","MOZ","1","0","0","0","1","1","2","0","0","0","0","2777","0","2777","4074","0","0","0","1377","4074","5452"
"2025-08-22","port784","Nacala","Mozambique","MOZ","0","1","0","0","1","1","2","0","0","0","0","32440","0","32440","0","90465","0","0","0","90465","90465"
"2025-08-23","port784","Nacala","Mozambique","MOZ","1","0","0","0","0","1","1","1827","0","0","0","0","1827","1827","2312","0","0","0","0","2312","2312"
"2025-08-24","port784","Nacala","Mozambique","MOZ","0","1","0","0","0","1","1","0","0","0","0","0","0","0","0","78855","0","0","0","78855","78855"
"2025-08-25","port784","Nacala","Mozambique","MOZ","0","0","0","0","0","0","0","0","0","0","0","0","0","0","0","0","0","0","0","0","0"
"2025-08-26","port784","Nacala","Mozambique","MOZ","1","0","0","0","0","1","1","0","0","0","0","0","0","0","1449","0","0","0","0","1449","1449"
"2025-08-27","port784","Nacala","Mozambique","MOZ","1","1","0","0","1","2","3","332","0","0","0","2777","332","3109","2018","60540","0","0","1377","62558","63935"
"2025-08-28","port784","Nacala","Mozambique","MOZ","0","1","0","0","0","1","1","0","5027","0","0","0","5027","5027","0","49803","0","0","0","49803","49803"
"2025-08-29","port784","Nacala","Mozambique","MOZ","1","1","0","0","1","2","3","0","0","0","0","3104","0","3104","817","0","0","0","2559","817","3376"
"2025-08-30","port784","Nacala","Mozambique","MOZ","0","0","0","0","0","0","0","0","0","0","0","0","0","0","0","0","0","0","0","0","0"
"2025-08-31","port784","Nacala","Mozambique","MOZ","0","0","0","0","0","0","0","0","0","0","0","0","0","0","0","0","0","0","0","0","0"
"2025-09-01","port784","Nacala","Mozambique","MOZ","0","1","0","0","1","1","2","0","0","0","0","3104","0","3104","0","56226","0","0","2559","56226","58786"
"2025-09-02","port784","Nacala","Mozambique","MOZ","0","1","0","0","0","1","1","0","21801","0","0","0","21801","21801","0","0","0","0","0","0","0"
"2025-09-03","port784","Nacala","Mozambique","MOZ","1","1","1","0","1","3","4","0","0","1451","0","3104","1451","4555","11047","166348","1589","0","2559","178984","181544"
"2025-09-04","port784","Nacala","Mozambique","MOZ","0","0","0","0","0","0","0","0","0","0","0","0","0","0","0","0","0","0","0","0","0"
"2025-09-05","port784","Nacala","Mozambique","MOZ","0","1","0","0","0","1","1","0","0","0","0","0","0","0","0","80577","0","0","0","80577","80577"
"2025-09-06","port784","Nacala","Mozambique","MOZ","1","0","0","0","0","1","1","0","0","0","0","0","0","0","1576","0","0","0","0","1576","1576"
"2025-09-07","port784","Nacala","Mozambique","MOZ","0","0","0","0","0","0","0","0","0","0","0","0","0","0","0","0","0","0","0","0","0"
"2025-09-08","port784","Nacala","Mozambique","MOZ","1","2","0","0","0","3","3","13855","5027","0","0","0","18882","18882","0","213478","0","0","0","213478","213478"
"2025-09-09","port784","Nacala","Mozambique","MOZ","0","0","0","0","0","0","0","0","0","0","0","0","0","0","0","0","0","0","0","0","0"
"2025-09-10","port784","Nacala","Mozambique","MOZ","1","0","0","0","0","1","1","0","0","0","0","0","0","0","19564","0","0","0","0","19564","19564"
"2025-09-11","port784","Nacala","Mozambique","MOZ","0","0","0","0","0","0","0","0","0","0","0","0","0","0","0","0","0","0","0","0","0"
"2025-09-12","port784","Nacala","Mozambique","MOZ","0","1","0","0","0","1","1","0","0","0","0","0","0","0","0","0","0","0","0","0","0"
"2025-09-13","port784","Nacala","Mozambique","MOZ","1","0","1","0","1","2","3","1827","0","1451","0","290","3278","3569","2312","0","1589","0","0","3901","3901"
"2025-09-14","port784","Nacala","Mozambique","MOZ","1","0","0","0","0","1","1","11703","0","0","0","0","11703","11703","0","0","0","0","0","0","0"
"2025-09-15","port784","Nacala","Mozambique","MOZ","2","1","0","0","0","3","3","0","0","0","0","0","0","0","12185","75739","0","0","0","87924","87924"
"2025-09-16","port784","Nacala","Mozambique","MOZ","0","0","0","0","0","0","0","0","0","0","0","0","0","0","0","0","0","0","0","0","0"
"2025-09-17","port784","Nacala","Mozambique","MOZ","1","1","0","0","1","2","3","0","0","0","0","0","0","0","883","77256","0","0","0","78139","78139"
"2025-09-18","port784","Nacala","Mozambique","MOZ","0","1","1","0","0","2","2","0","0","1451","0","0","1451","1451","0","19611","1589","0","0","21200","21200"
"2025-09-19","port784","Nacala","Mozambique","MOZ","2","0","0","0","1","2","3","0","0","0","0","707","0","707","8900","0","0","0","0","8900","8900"
"2025-09-20","port784","Nacala","Mozambique","MOZ","0","1","0","0","0","1","1","0","0","0","0","0","0","0","0","74065","0","0","0","74065","74065"
"2025-09-21","port784","Nacala","Mozambique","MOZ","0","0","1","0","1","1","2","0","0","0","0","0","0","0","0","0","11095","0","0","11095","11095"
"2025-09-22","port784","Nacala","Mozambique","MOZ","0","1","1","0","0","2","2","0","0","0","0","0","0","0","0","51678","4268","0","0","55946","55946"
"2025-09-23","port784","Nacala","Mozambique","MOZ","1","1","0","0","0","2","2","2193","0","0","0","0","2193","2193","0","75461","0","0","0","75461","75461"
"2025-09-24","port784","Nacala","Mozambique","MOZ","0","1","0","0","1","1","2","0","0","0","0","0","0","0","0","0","0","0","0","0","0"
"2025-09-25","port784","Nacala","Mozambique","MOZ","0","0","0","0","0","0","0","0","0","0","0","0","0","0","0","0","0","0","0","0","0"
"2025-09-26","port784","Nacala","Mozambique","MOZ","1","1","0","0","0","2","2","0","0","0","0","0","0","0","10271","112092","0","0","0","122364","122364"
"2025-09-27","port784","Nacala","Mozambique","MOZ","0","1","0","0","0","1","1","0","0","0","0","0","0","0","0","77625","0","0","0","77625","77625"
"2025-09-28","port784","Nacala","Mozambique","MOZ","1","0","0","0","0","1","1","2313","0","0","0","0","2313","2313","0","0","0","0","0","0","0"
"2025-09-29","port784","Nacala","Mozambique","MOZ","1","2","1","0","0","4","4","1827","14083","3502","0","0","19413","19413","2312","78134","0","0","0","80447","80447"
"2025-09-30","port784","Nacala","Mozambique","MOZ","0","0","0","0","0","0","0","0","0","0","0","0","0","0","0","0","0","0","0","0","0"
"2025-10-01","port784","Nacala","Mozambique","MOZ","2","0","0","0","1","2","3","1827","0","0","0","0","1827","1827","2312","0","0","0","0","2312","2312"
"2025-10-02","port784","Nacala","Mozambique","MOZ","0","0","0","0","0","0","0","0","0","0","0","0","0","0","0","0","0","0","0","0","0"
"2025-10-03","port784","Nacala","Mozambique","MOZ","1","0","0","0","0","1","1","0","0","0","0","0","0","0","3029","0","0","0","0","3029","3029"
"2025-10-04","port784","Nacala","Mozambique","MOZ","0","0","0","0","0","0","0","0","0","0","0","0","0","0","0","0","0","0","0","0","0"
"2025-10-05","port784","Nacala","Mozambique","MOZ","1","1","0","0","0","2","2","0","0","0","0","0","0","0","6304","37987","0","0","0","44291","44291"
"2022-07-04","port784","Nacala","Mozambique","MOZ","0","1","0","0","0","1","1","0","0","0","0","0","0","0","0","16721","0","0","0","16721","16721"
"2022-07-05","port784","Nacala","Mozambique","MOZ","0","1","0","0","0","1","1","0","0","0","0","0","0","0","0","46617","0","0","0","46617","46617"
"2022-07-06","port784","Nacala","Mozambique","MOZ","0","1","0","0","0","1","1","0","0","0","0","0","0","0","0","169019","0","0","0","169019","169019"
"2022-07-07","port784","Nacala","Mozambique","MOZ","0","0","0","0","1","0","1","0","0","0","0","0","0","0","0","0","0","0","0","0","0"
"2022-07-08","port784","Nacala","Mozambique","MOZ","1","1","0","0","1","2","3","0","0","0","0","0","0","0","1174","170806","0","0","0","171980","171980"
"2021-05-31","port784","Nacala","Mozambique","MOZ","0","0","0","0","0","0","0","0","0","0","0","0","0","0","0","0","0","0","0","0","0"
"2022-07-09","port784","Nacala","Mozambique","MOZ","0","0","0","0","0","0","0","0","0","0","0","0","0","0","0","0","0","0","0","0","0"
"2022-07-10","port784","Nacala","Mozambique","MOZ","0","1","0","0","0","1","1","0","0","0","0","0","0","0","0","76502","0","0","0","76502","76502"
"2021-06-01","port784","Nacala","Mozambique","MOZ","0","1","0","0","1","1","2","0","11581","0","0","0","11581","11581","0","0","0","0","0","0","0"
"2022-07-11","port784","Nacala","Mozambique","MOZ","1","1","0","0","0","2","2","3957","0","0","0","0","3957","3957","0","50097","0","0","0","50097","50097"
"2021-06-02","port784","Nacala","Mozambique","MOZ","0","0","0","0","0","0","0","0","0","0","0","0","0","0","0","0","0","0","0","0","0"
"2022-07-12","port784","Nacala","Mozambique","MOZ","0","0","0","0","0","0","0","0","0","0","0","0","0","0","0","0","0","0","0","0","0"
"2021-06-03","port784","Nacala","Mozambique","MOZ","0","0","0","0","0","0","0","0","0","0","0","0","0","0","0","0","0","0","0","0","0"
"2022-07-13","port784","Nacala","Mozambique","MOZ","0","1","0","0","0","1","1","0","0","0","0","0","0","0","0","108396","0","0","0","108396","108396"
"2021-06-04","port784","Nacala","Mozambique","MOZ","1","0","0","0","1","1","2","1976","0","0","0","2777","1976","4753","0","0","0","0","1377","0","1377"
"2022-07-14","port784","Nacala","Mozambique","MOZ","0","1","0","0","1","1","2","0","0","0","0","2777","0","2777","0","115561","0","0","1377","115561","116939"
"2021-06-05","port784","Nacala","Mozambique","MOZ","0","1","0","0","0","1","1","0","9761","0","0","0","9761","9761","0","0","0","0","0","0","0"
"2022-07-15","port784","Nacala","Mozambique","MOZ","0","0","0","0","0","0","0","0","0","0","0","0","0","0","0","0","0","0","0","0","0"
"2021-06-06","port784","Nacala","Mozambique","MOZ","0","0","0","0","1","0","1","0","0","0","0","0","0","0","0","0","0","0","0","0","0"
"2022-07-16","port784","Nacala","Mozambique","MOZ","0","1","0","0","0","1","1","0","0","0","0","0","0","0","0","17541","0","0","0","17541","17541"
"2021-06-07","port784","Nacala","Mozambique","MOZ","0","0","0","0","1","0","1","0","0","0","0","3104","0","3104","0","0","0","0","2559","0","2559"
"2022-07-17","port784","Nacala","Mozambique","MOZ","0","1","0","0","0","1","1","0","0","0","0","0","0","0","0","0","0","0","0","0","0"
"2021-06-08","port784","Nacala","Mozambique","MOZ","1","0","0","0","0","1","1","1105","0","0","0","0","1105","1105","0","0","0","0","0","0","0"
"2022-07-18","port784","Nacala","Mozambique","MOZ","0","0","0","0","0","0","0","0","0","0","0","0","0","0","0","0","0","0","0","0","0"
"2021-06-09","port784","Nacala","Mozambique","MOZ","0","1","0","0","0","1","1","0","0","0","0","0","0","0","0","0","0","0","0","0","0"
"2022-07-19","port784","Nacala","Mozambique","MOZ","0","2","0","0","2","2","4","0","30361","0","0","0","30361","30361","0","131207","0","0","0","131207","131207"
"2021-06-10","port784","Nacala","Mozambique","MOZ","0","0","0","0","0","0","0","0","0","0","0","0","0","0","0","0","0","0","0","0","0"
"2022-07-20","port784","Nacala","Mozambique","MOZ","0","0","1","0","1","1","2","0","0","4245","0","0","4245","4245","0","0","0","0","878","0","878"
"2021-06-11","port784","Nacala","Mozambique","MOZ","1","1","1","0","0","3","3","0","21103","330","0","0","21433","21433","0","0","0","0","0","0","0"
"2022-07-21","port784","Nacala","Mozambique","MOZ","0","0","0","0","0","0","0","0","0","0","0","0","0","0","0","0","0","0","0","0","0"
"2021-06-12","port784","Nacala","Mozambique","MOZ","0","0","0","0","0","0","0","0","0","0","0","0","0","0","0","0","0","0","0","0","0"
"2021-06-13","port784","Nacala","Mozambique","MOZ","0","0","0","0","0","0","0","0","0","0","0","0","0","0","0","0","0","0","0","0","0"
"2023-07-31","port784","Nacala","Mozambique","MOZ","0","1","0","0","0","1","1","0","0","0","0","0","0","0","0","52048","0","0","0","52048","52048"
"2022-07-22","port784","Nacala","Mozambique","MOZ","0","2","0","0","0","2","2","0","58614","0","0","0","58614","58614","0","27250","0","0","0","27250","27250"
"2021-06-14","port784","Nacala","Mozambique","MOZ","0","1","0","0","0","1","1","0","58328","0","0","0","58328","58328","0","0","0","0","0","0","0"
"2022-07-23","port784","Nacala","Mozambique","MOZ","0","0","0","0","0","0","0","0","0","0","0","0","0","0","0","0","0","0","0","0","0"
"2023-08-01","port784","Nacala","Mozambique","MOZ","1","0","0","0","0","1","1","2464","0","0","0","0","2464","2464","0","0","0","0","0","0","0"
"2021-06-15","port784","Nacala","Mozambique","MOZ","0","1","0","0","1","1","2","0","0","0","0","2777","0","2777","0","59016","0","0","1377","59016","60394"
"2022-07-24","port784","Nacala","Mozambique","MOZ","0","2","0","0","0","2","2","0","0","0","0","0","0","0","0","137261","0","0","0","137261","137261"
"2023-08-02","port784","Nacala","Mozambique","MOZ","0","1","0","0","0","1","1","0","0","0","0","0","0","0","0","80251","0","0","0","80251","80251"
"2021-06-16","port784","Nacala","Mozambique","MOZ","0","0","1","0","0","1","1","0","0","330","0","0","330","330","0","0","0","0","0","0","0"
"2022-07-25","port784","Nacala","Mozambique","MOZ","0","0","0","0","0","0","0","0","0","0","0","0","0","0","0","0","0","0","0","0","0"
"2023-08-03","port784","Nacala","Mozambique","MOZ","1","0","0","0","0","1","1","4414","0","0","0","0","4414","4414","0","0","0","0","0","0","0"
"2021-06-17","port784","Nacala","Mozambique","MOZ","0","1","0","0","0","1","1","0","0","0","0","0","0","0","0","83533","0","0","0","83533","83533"
"2022-07-26","port784","Nacala","Mozambique","MOZ","0","1","0","0","0","1","1","0","0","0","0","0","0","0","0","45295","0","0","0","45295","45295"
"2023-08-04","port784","Nacala","Mozambique","MOZ","1","1","0","0","1","2","3","0","0","0","0","3104","0","3104","3229","78065","0","0","2559","81295","83855"
"2021-06-18","port784","Nacala","Mozambique","MOZ","0","0","0","0","0","0","0","0","0","0","0","0","0","0","0","0","0","0","0","0","0"
"2022-07-27","port784","Nacala","Mozambique","MOZ","0","0","0","0","2","0","2","0","0","0","0","0","0","0","0","0","0","0","0","0","0"
"2023-08-05","port784","Nacala","Mozambique","MOZ","0","1","0","0","0","1","1","0","0","0","0","0","0","0","0","79183","0","0","0","79183","79183"
"2021-06-19","port784","Nacala","Mozambique","MOZ","0","0","0","0","0","0","0","0","0","0","0","0","0","0","0","0","0","0","0","0","0"
"2022-07-28","port784","Nacala","Mozambique","MOZ","1","1","0","0","0","2","2","0","0","0","0","0","0","0","8508","34642","0","0","0","43151","43151"
"2023-08-06","port784","Nacala","Mozambique","MOZ","0","0","0","0","0","0","0","0","0","0","0","0","0","0","0","0","0","0","0","0","0"
"2021-06-20","port784","Nacala","Mozambique","MOZ","0","0","1","0","0","1","1","0","0","330","0","0","330","330","0","0","0","0","0","0","0"
"2022-07-29","port784","Nacala","Mozambique","MOZ","0","1","0","0","0","1","1","0","0","0","0","0","0","0","0","79349","0","0","0","79349","79349"
"2023-08-07","port784","Nacala","Mozambique","MOZ","1","2","0","0","0","3","3","1099","49660","0","0","0","50759","50759","0","0","0","0","0","0","0"
"2021-06-21","port784","Nacala","Mozambique","MOZ","0","2","0","0","1","2","3","0","9923","0","0","0","9923","9923","0","183402","0","0","0","183402","183402"
"2022-07-30","port784","Nacala","Mozambique","MOZ","0","0","0","0","1","0","1","0","0","0","0","26766","0","26766","0","0","0","0","0","0","0"
"2023-08-08","port784","Nacala","Mozambique","MOZ","1","0","0","0","0","1","1","0","0","0","0","0","0","0","2375","0","0","0","0","2375","2375"
"2021-06-22","port784","Nacala","Mozambique","MOZ","0","0","0","0","0","0","0","0","0","0","0","0","0","0","0","0","0","0","0","0","0"
"2022-07-31","port784","Nacala","Mozambique","MOZ","0","1","0","0","0","1","1","0","0","0","0","0","0","0","0","65241","0","0","0","65241","65241"
"2023-08-09","port784","Nacala","Mozambique","MOZ","3","1","0","0","0","4","4","266","0","0","0","0","266","266","17296","72158","0","0","0","89455","89455"
"2021-06-23","port784","Nacala","Mozambique","MOZ","1","1","0","0","0","2","2","0","0","0","0","0","0","0","3941","51686","0","0","0","55628","55628"
"2022-08-01","port784","Nacala","Mozambique","MOZ","0","1","0","0","0","1","1","0","0","0","0","0","0","0","0","45302","0","0","0","45302","45302"
"2023-08-10","port784","Nacala","Mozambique","MOZ","0","0","0","0","0","0","0","0","0","0","0","0","0","0","0","0","0","0","0","0","0"
"2021-06-24","port784","Nacala","Mozambique","MOZ","0","1","0","0","0","1","1","0","0","0","0","0","0","0","0","33821","0","0","0","33821","33821"
"2022-08-02","port784","Nacala","Mozambique","MOZ","0","0","0","0","0","0","0","0","0","0","0","0","0","0","0","0","0","0","0","0","0"
"2023-08-11","port784","Nacala","Mozambique","MOZ","0","0","1","0","0","1","1","0","0","611","0","0","611","611","0","0","0","0","0","0","0"
"2021-06-25","port784","Nacala","Mozambique","MOZ","0","0","0","0","0","0","0","0","0","0","0","0","0","0","0","0","0","0","0","0","0"
"2022-08-03","port784","Nacala","Mozambique","MOZ","0","0","0","0","0","0","0","0","0","0","0","0","0","0","0","0","0","0","0","0","0"
"2023-08-12","port784","Nacala","Mozambique","MOZ","0","1","0","0","0","1","1","0","0","0","0","0","0","0","0","34440","0","0","0","34440","34440"
"2021-06-26","port784","Nacala","Mozambique","MOZ","0","0","0","0","0","0","0","0","0","0","0","0","0","0","0","0","0","0","0","0","0"
"2022-08-04","port784","Nacala","Mozambique","MOZ","0","1","0","0","0","1","1","0","0","0","0","0","0","0","0","67149","0","0","0","67149","67149"
"2023-08-13","port784","Nacala","Mozambique","MOZ","1","1","0","0","1","2","3","0","0","0","0","0","0","0","5388","86311","0","0","0","91699","91699"
"2021-06-27","port784","Nacala","Mozambique","MOZ","0","1","0","0","1","1","2","0","0","0","0","3104","0","3104","0","166012","0","0","2559","166012","168572"
"2023-08-14","port784","Nacala","Mozambique","MOZ","0","0","0","0","0","0","0","0","0","0","0","0","0","0","0","0","0","0","0","0","0"
"2021-06-28","port784","Nacala","Mozambique","MOZ","1","0","0","0","0","1","1","2383","0","0","0","0","2383","2383","0","0","0","0","0","0","0"
"2022-08-05","port784","Nacala","Mozambique","MOZ","1","0","0","0","0","1","1","0","0","0","0","0","0","0","13214","0","0","0","0","13214","13214"
"2023-08-15","port784","Nacala","Mozambique","MOZ","0","0","0","0","0","0","0","0","0","0","0","0","0","0","0","0","0","0","0","0","0"
"2021-06-29","port784","Nacala","Mozambique","MOZ","0","0","0","0","0","0","0","0","0","0","0","0","0","0","0","0","0","0","0","0","0"
"2022-08-06","port784","Nacala","Mozambique","MOZ","0","0","0","0","1","0","1","0","0","0","0","0","0","0","0","0","0","0","0","0","0"
"2023-08-16","port784","Nacala","Mozambique","MOZ","1","1","0","0","0","2","2","0","0","0","0","0","0","0","3844","49117","0","0","0","52961","52961"
"2021-06-30","port784","Nacala","Mozambique","MOZ","0","0","0","0","0","0","0","0","0","0","0","0","0","0","0","0","0","0","0","0","0"
"2022-08-07","port784","Nacala","Mozambique","MOZ","1","0","0","0","1","1","2","0","0","0","0","0","0","0","4215","0","0","0","0","4215","4215"
"2023-08-17","port784","Nacala","Mozambique","MOZ","0","0","0","0","0","0","0","0","0","0","0","0","0","0","0","0","0","0","0","0","0"
"2021-07-01","port784","Nacala","Mozambique","MOZ","0","0","1","0","1","1","2","0","0","330","0","11729","330","12060","0","0","0","0","9926","0","9926"
"2022-08-08","port784","Nacala","Mozambique","MOZ","0","0","0","0","1","0","1","0","0","0","0","0","0","0","0","0","0","0","0","0","0"
"2023-08-18","port784","Nacala","Mozambique","MOZ","1","0","1","0","0","2","2","1827","0","0","0","0","1827","1827","2312","0","31365","0","0","33677","33677"
"2021-07-02","port784","Nacala","Mozambique","MOZ","0","0","0","0","0","0","0","0","0","0","0","0","0","0","0","0","0","0","0","0","0"
"2022-08-09","port784","Nacala","Mozambique","MOZ","0","0","0","0","0","0","0","0","0","0","0","0","0","0","0","0","0","0","0","0","0"
"2023-08-19","port784","Nacala","Mozambique","MOZ","0","0","0","0","0","0","0","0","0","0","0","0","0","0","0","0","0","0","0","0","0"
"2021-07-03","port784","Nacala","Mozambique","MOZ","0","1","0","0","0","1","1","0","0","0","0","0","0","0","0","165115","0","0","0","165115","165115"
"2022-08-10","port784","Nacala","Mozambique","MOZ","0","1","0","0","0","1","1","0","0","0","0","0","0","0","0","41653","0","0","0","41653","41653"
"2023-08-20","port784","Nacala","Mozambique","MOZ","0","2","1","0","0","3","3","0","5004","0","0","0","5004","5004","0","82318","0","0","0","82318","82318"
"2021-07-04","port784","Nacala","Mozambique","MOZ","0","0","0","0","0","0","0","0","0","0","0","0","0","0","0","0","0","0","0","0","0"
"2022-08-11","port784","Nacala","Mozambique","MOZ","0","0","0","0","1","0","1","0","0","0","0","2777","0","2777","0","0","0","0","1377","0","1377"
"2023-08-21","port784","Nacala","Mozambique","MOZ","0","1","0","0","1","1","2","0","0","0","0","0","0","0","0","191228","0","0","0","191228","191228"
"2021-07-05","port784","Nacala","Mozambique","MOZ","0","0","0","0","1","0","1","0","0","0","0","0","0","0","0","0","0","0","0","0","0"
"2022-08-12","port784","Nacala","Mozambique","MOZ","0","0","0","0","0","0","0","0","0","0","0","0","0","0","0","0","0","0","0","0","0"
"2023-08-22","port784","Nacala","Mozambique","MOZ","0","0","0","0","0","0","0","0","0","0","0","0","0","0","0","0","0","0","0","0","0"
"2021-07-06","port784","Nacala","Mozambique","MOZ","0","1","0","0","0","1","1","0","0","0","0","0","0","0","0","88027","0","0","0","88027","88027"
"2022-08-13","port784","Nacala","Mozambique","MOZ","1","1","0","0","0","2","2","0","59366","0","0","0","59366","59366","9709","0","0","0","0","9709","9709"
"2023-08-23","port784","Nacala","Mozambique","MOZ","0","0","0","0","0","0","0","0","0","0","0","0","0","0","0","0","0","0","0","0","0"
"2021-07-07","port784","Nacala","Mozambique","MOZ","0","0","0","0","0","0","0","0","0","0","0","0","0","0","0","0","0","0","0","0","0"
"2022-08-14","port784","Nacala","Mozambique","MOZ","0","0","0","0","0","0","0","0","0","0","0","0","0","0","0","0","0","0","0","0","0"
"2023-08-24","port784","Nacala","Mozambique","MOZ","0","1","0","0","1","1","2","0","0","0","0","0","0","0","0","0","0","0","0","0","0"
"2021-07-08","port784","Nacala","Mozambique","MOZ","1","1","0","0","1","2","3","6431","53325","0","0","2777","59756","62534","0","0","0","0","1377","0","1377"
"2022-08-15","port784","Nacala","Mozambique","MOZ","0","1","0","0","1","1","2","0","0","0","0","2777","0","2777","0","109660","0","0","1377","109660","111038"
"2023-08-25","port784","Nacala","Mozambique","MOZ","0","1","0","0","1","1","2","0","0","0","0","41971","0","41971","0","0","0","0","0","0","0"
"2021-07-09","port784","Nacala","Mozambique","MOZ","0","0","0","0","0","0","0","0","0","0","0","0","0","0","0","0","0","0","0","0","0"
"2022-08-16","port784","Nacala","Mozambique","MOZ","0","1","0","0","0","1","1","0","0","0","0","0","0","0","0","72023","0","0","0","72023","72023"
"2023-08-26","port784","Nacala","Mozambique","MOZ","1","1","0","0","0","2","2","0","0","0","0","0","0","0","1306","72179","0","0","0","73486","73486"
"2021-07-10","port784","Nacala","Mozambique","MOZ","0","0","0","0","1","0","1","0","0","0","0","0","0","0","0","0","0","0","0","0","0"
"2022-08-17","port784","Nacala","Mozambique","MOZ","0","1","1","0","1","2","3","0","0","0","0","2777","0","2777","0","56873","14813","0","1377","71686","73063"
"2023-08-27","port784","Nacala","Mozambique","MOZ","1","0","0","0","0","1","1","16408","0","0","0","0","16408","16408","0","0","0","0","0","0","0"
"2021-07-11","port784","Nacala","Mozambique","MOZ","0","1","0","0","0","1","1","0","0","0","0","0","0","0","0","49583","0","0","0","49583","49583"
"2022-08-18","port784","Nacala","Mozambique","MOZ","0","0","0","0","0","0","0","0","0","0","0","0","0","0","0","0","0","0","0","0","0"
"2021-07-12","port784","Nacala","Mozambique","MOZ","0","0","0","0","1","0","1","0","0","0","0","0","0","0","0","0","0","0","0","0","0"
"2022-08-19","port784","Nacala","Mozambique","MOZ","0","1","0","0","0","1","1","0","0","0","0","0","0","0","0","69857","0","0","0","69857","69857"
"2021-07-13","port784","Nacala","Mozambique","MOZ","0","1","0","0","0","1","1","0","0","0","0","0","0","0","0","35965","0","0","0","35965","35965"
"2023-08-28","port784","Nacala","Mozambique","MOZ","0","0","0","0","0","0","0","0","0","0","0","0","0","0","0","0","0","0","0","0","0"
"2022-08-20","port784","Nacala","Mozambique","MOZ","0","0","0","0","1","0","1","0","0","0","0","0","0","0","0","0","0","0","0","0","0"
"2021-07-14","port784","Nacala","Mozambique","MOZ","0","1","0","0","1","1","2","0","0","0","0","0","0","0","0","173527","0","0","0","173527","173527"
"2023-08-29","port784","Nacala","Mozambique","MOZ","1","1","0","0","0","2","2","0","0","0","0","0","0","0","6179","109542","0","0","0","115721","115721"
"2022-08-21","port784","Nacala","Mozambique","MOZ","0","1","0","0","1","1","2","0","0","0","0","3104","0","3104","0","169428","0","0","2559","169428","171988"
"2021-07-15","port784","Nacala","Mozambique","MOZ","0","1","0","0","1","1","2","0","3299","0","0","2777","3299","6076","0","0","0","0","1377","0","1377"
"2023-08-30","port784","Nacala","Mozambique","MOZ","0","0","0","0","1","0","1","0","0","0","0","0","0","0","0","0","0","0","0","0","0"
"2022-08-22","port784","Nacala","Mozambique","MOZ","0","0","0","0","0","0","0","0","0","0","0","0","0","0","0","0","0","0","0","0","0"
"2021-07-16","port784","Nacala","Mozambique","MOZ","0","1","0","0","0","1","1","0","15513","0","0","0","15513","15513","0","0","0","0","0","0","0"
"2023-08-31","port784","Nacala","Mozambique","MOZ","0","1","1","0","0","2","2","0","0","0","0","0","0","0","0","165936","0","0","0","165936","165936"
"2022-08-23","port784","Nacala","Mozambique","MOZ","0","1","0","0","0","1","1","0","0","0","0","0","0","0","0","76758","0","0","0","76758","76758"
"2021-07-17","port784","Nacala","Mozambique","MOZ","0","0","0","0","0","0","0","0","0","0","0","0","0","0","0","0","0","0","0","0","0"
"2023-09-01","port784","Nacala","Mozambique","MOZ","0","0","0","0","0","0","0","0","0","0","0","0","0","0","0","0","0","0","0","0","0"
"2022-08-24","port784","Nacala","Mozambique","MOZ","0","1","0","0","0","1","1","0","3359","0","0","0","3359","3359","0","0","0","0","0","0","0"
"2021-07-18","port784","Nacala","Mozambique","MOZ","0","0","0","0","0","0","0","0","0","0","0","0","0","0","0","0","0","0","0","0","0"
"2023-09-02","port784","Nacala","Mozambique","MOZ","1","1","0","0","0","2","2","3094","4935","0","0","0","8030","8030","0","0","0","0","0","0","0"
"2022-08-25","port784","Nacala","Mozambique","MOZ","0","1","0","0","0","1","1","0","0","0","0","0","0","0","0","40118","0","0","0","40118","40118"
"2021-07-19","port784","Nacala","Mozambique","MOZ","1","0","0","0","0","1","1","0","0","0","0","0","0","0","10735","0","0","0","0","10735","10735"
"2023-09-03","port784","Nacala","Mozambique","MOZ","0","1","0","0","1","1","2","0","0","0","0","3104","0","3104","0","57516","0","0","2559","57516","60076"
"2022-08-26","port784","Nacala","Mozambique","MOZ","0","1","0","0","0","1","1","0","0","0","0","0","0","0","0","45510","0","0","0","45510","45510"
"2021-07-20","port784","Nacala","Mozambique","MOZ","0","1","0","0","0","1","1","0","0","0","0","0","0","0","0","15957","0","0","0","15957","15957"
"2023-09-04","port784","Nacala","Mozambique","MOZ","0","2","0","0","0","2","2","0","5027","0","0","0","5027","5027","0","131366","0","0","0","131366","131366"
"2022-08-27","port784","Nacala","Mozambique","MOZ","1","1","0","0","0","2","2","0","0","0","0","0","0","0","3441","169308","0","0","0","172750","172750"
"2021-07-21","port784","Nacala","Mozambique","MOZ","0","0","0","0","1","0","1","0","0","0","0","0","0","0","0","0","0","0","0","0","0"
"2023-09-05","port784","Nacala","Mozambique","MOZ","0","2","0","0","0","2","2","0","28321","0","0","0","28321","28321","0","83734","0","0","0","83734","83734"
"2022-08-28","port784","Nacala","Mozambique","MOZ","0","2","0","0","0","2","2","0","5027","0","0","0","5027","5027","0","126718","0","0","0","126718","126718"
"2021-07-22","port784","Nacala","Mozambique","MOZ","0","1","0","0","0","1","1","0","0","0","0","0","0","0","0","0","0","0","0","0","0"
"2023-09-06","port784","Nacala","Mozambique","MOZ","0","0","0","0","0","0","0","0","0","0","0","0","0","0","0","0","0","0","0","0","0"
"2022-08-29","port784","Nacala","Mozambique","MOZ","0","1","0","0","0","1","1","0","0","0","0","0","0","0","0","55635","0","0","0","55635","55635"
"2021-07-23","port784","Nacala","Mozambique","MOZ","1","0","0","0","0","1","1","2838","0","0","0","0","2838","2838","0","0","0","0","0","0","0"
"2023-09-07","port784","Nacala","Mozambique","MOZ","1","1","0","0","0","2","2","0","0","0","0","0","0","0","1583","54194","0","0","0","55778","55778"
"2022-08-30","port784","Nacala","Mozambique","MOZ","0","0","0","0","0","0","0","0","0","0","0","0","0","0","0","0","0","0","0","0","0"
"2021-07-24","port784","Nacala","Mozambique","MOZ","0","0","0","0","0","0","0","0","0","0","0","0","0","0","0","0","0","0","0","0","0"
"2023-09-08","port784","Nacala","Mozambique","MOZ","0","1","0","0","0","1","1","0","0","0","0","0","0","0","0","23031","0","0","0","23031","23031"
"2022-08-31","port784","Nacala","Mozambique","MOZ","1","0","0","0","1","1","2","0","0","0","0","0","0","0","2708","0","0","0","0","2708","2708"
"2021-07-25","port784","Nacala","Mozambique","MOZ","0","0","0","0","1","0","1","0","0","0","0","0","0","0","0","0","0","0","0","0","0"
"2023-09-09","port784","Nacala","Mozambique","MOZ","0","0","0","0","0","0","0","0","0","0","0","0","0","0","0","0","0","0","0","0","0"
"2022-09-01","port784","Nacala","Mozambique","MOZ","0","1","0","0","0","1","1","0","0","0","0","0","0","0","0","53528","0","0","0","53528","53528"
"2021-07-26","port784","Nacala","Mozambique","MOZ","0","0","0","0","0","0","0","0","0","0","0","0","0","0","0","0","0","0","0","0","0"
"2022-09-02","port784","Nacala","Mozambique","MOZ","0","0","1","0","0","1","1","0","0","1451","0","0","1451","1451","0","0","1589","0","0","1589","1589"
"2021-07-27","port784","Nacala","Mozambique","MOZ","1","1","0","0","0","2","2","0","0","0","0","0","0","0","1657","162381","0","0","0","164038","164038"
"2022-09-03","port784","Nacala","Mozambique","MOZ","1","0","0","0","0","1","1","0","0","0","0","0","0","0","6097","0","0","0","0","6097","6097"
"2023-09-10","port784","Nacala","Mozambique","MOZ","1","0","1","0","0","2","2","0","0","2822","0","0","2822","2822","545","0","0","0","0","545","545"
"2021-07-28","port784","Nacala","Mozambique","MOZ","0","0","0","0","0","0","0","0","0","0","0","0","0","0","0","0","0","0","0","0","0"
"2022-09-04","port784","Nacala","Mozambique","MOZ","0","0","0","0","0","0","0","0","0","0","0","0","0","0","0","0","0","0","0","0","0"
"2023-09-11","port784","Nacala","Mozambique","MOZ","0","0","0","0","0","0","0","0","0","0","0","0","0","0","0","0","0","0","0","0","0"
"2021-07-29","port784","Nacala","Mozambique","MOZ","0","1","0","0","1","1","2","0","0","0","0","0","0","0","0","0","0","0","0","0","0"
"2022-09-05","port784","Nacala","Mozambique","MOZ","0","1","0","0","0","1","1","0","0","0","0","0","0","0","0","51836","0","0","0","51836","51836"
"2023-09-12","port784","Nacala","Mozambique","MOZ","0","1","0","0","0","1","1","0","0","0","0","0","0","0","0","0","0","0","0","0","0"
"2021-07-30","port784","Nacala","Mozambique","MOZ","0","0","0","0","0","0","0","0","0","0","0","0","0","0","0","0","0","0","0","0","0"
"2022-09-06","port784","Nacala","Mozambique","MOZ","0","0","0","0","0","0","0","0","0","0","0","0","0","0","0","0","0","0","0","0","0"
"2023-09-13","port784","Nacala","Mozambique","MOZ","0","0","0","0","0","0","0","0","0","0","0","0","0","0","0","0","0","0","0","0","0"
"2021-07-31","port784","Nacala","Mozambique","MOZ","0","0","0","0","0","0","0","0","0","0","0","0","0","0","0","0","0","0","0","0","0"
"2022-09-07","port784","Nacala","Mozambique","MOZ","0","0","0","0","1","0","1","0","0","0","0","0","0","0","0","0","0","0","0","0","0"
"2023-09-14","port784","Nacala","Mozambique","MOZ","1","0","0","0","0","1","1","0","0","0","0","0","0","0","10538","0","0","0","0","10538","10538"
"2021-08-01","port784","Nacala","Mozambique","MOZ","0","1","0","0","0","1","1","0","0","0","0","0","0","0","0","45439","0","0","0","45439","45439"
"2022-09-08","port784","Nacala","Mozambique","MOZ","0","1","1","0","0","2","2","0","0","1451","0","0","1451","1451","0","77638","1589","0","0","79227","79227"
"2023-09-15","port784","Nacala","Mozambique","MOZ","0","0","1","0","0","1","1","0","0","0","0","0","0","0","0","0","16216","0","0","16216","16216"
"2021-08-02","port784","Nacala","Mozambique","MOZ","1","0","0","0","0","1","1","2487","0","0","0","0","2487","2487","0","0","0","0","0","0","0"
"2022-09-09","port784","Nacala","Mozambique","MOZ","0","1","0","0","0","1","1","0","0","0","0","0","0","0","0","68697","0","0","0","68697","68697"
"2023-09-16","port784","Nacala","Mozambique","MOZ","0","2","0","0","0","2","2","0","51876","0","0","0","51876","51876","0","166671","0","0","0","166671","166671"
"2021-08-03","port784","Nacala","Mozambique","MOZ","0","0","0","0","0","0","0","0","0","0","0","0","0","0","0","0","0","0","0","0","0"
"2022-09-10","port784","Nacala","Mozambique","MOZ","0","1","0","0","1","1","2","0","0","0","0","0","0","0","0","52816","0","0","0","52816","52816"
"2023-09-17","port784","Nacala","Mozambique","MOZ","0","0","0","0","1","0","1","0","0","0","0","0","0","0","0","0","0","0","0","0","0"
"2021-08-04","port784","Nacala","Mozambique","MOZ","0","0","0","0","0","0","0","0","0","0","0","0","0","0","0","0","0","0","0","0","0"
"2022-09-11","port784","Nacala","Mozambique","MOZ","0","0","0","0","0","0","0","0","0","0","0","0","0","0","0","0","0","0","0","0","0"
"2023-09-18","port784","Nacala","Mozambique","MOZ","0","0","0","0","1","0","1","0","0","0","0","0","0","0","0","0","0","0","0","0","0"
"2021-08-05","port784","Nacala","Mozambique","MOZ","0","1","0","0","0","1","1","0","0","0","0","0","0","0","0","0","0","0","0","0","0"
"2022-09-12","port784","Nacala","Mozambique","MOZ","1","1","0","0","0","2","2","0","27921","0","0","0","27921","27921","2076","0","0","0","0","2076","2076"
"2023-09-19","port784","Nacala","Mozambique","MOZ","1","1","0","0","0","2","2","1953","8654","0","0","0","10608","10608","0","0","0","0","0","0","0"
"2021-08-06","port784","Nacala","Mozambique","MOZ","0","0","0","0","0","0","0","0","0","0","0","0","0","0","0","0","0","0","0","0","0"
"2022-09-13","port784","Nacala","Mozambique","MOZ","0","1","0","0","1","1","2","0","5027","0","0","0","5027","5027","0","49803","0","0","0","49803","49803"
"2023-09-20","port784","Nacala","Mozambique","MOZ","0","1","0","0","0","1","1","0","0","0","0","0","0","0","0","31218","0","0","0","31218","31218"
"2021-08-07","port784","Nacala","Mozambique","MOZ","0","0","1","0","0","1","1","0","0","1600","0","0","1600","1600","0","0","0","0","0","0","0"
"2022-09-14","port784","Nacala","Mozambique","MOZ","0","0","0","0","0","0","0","0","0","0","0","0","0","0","0","0","0","0","0","0","0"
"2023-09-21","port784","Nacala","Mozambique","MOZ","0","1","0","0","1","1","2","0","0","0","0","0","0","0","0","106700","0","0","0","106700","106700"
"2021-08-08","port784","Nacala","Mozambique","MOZ","0","0","0","0","0","0","0","0","0","0","0","0","0","0","0","0","0","0","0","0","0"
"2022-09-15","port784","Nacala","Mozambique","MOZ","0","0","0","0","1","0","1","0","0","0","0","2777","0","2777","0","0","0","0","1377","0","1377"
"2023-09-22","port784","Nacala","Mozambique","MOZ","0","0","0","0","1","0","1","0","0","0","0","0","0","0","0","0","0","0","0","0","0"
"2021-08-09","port784","Nacala","Mozambique","MOZ","0","0","0","0","0","0","0","0","0","0","0","0","0","0","0","0","0","0","0","0","0"
"2022-09-16","port784","Nacala","Mozambique","MOZ","0","0","0","0","0","0","0","0","0","0","0","0","0","0","0","0","0","0","0","0","0"
"2021-08-10","port784","Nacala","Mozambique","MOZ","1","0","0","0","0","1","1","1975","0","0","0","0","1975","1975","0","0","0","0","0","0","0"
"2022-09-17","port784","Nacala","Mozambique","MOZ","0","2","0","0","0","2","2","0","70927","0","0","0","70927","70927","0","46974","0","0","0","46974","46974"
"2021-08-11","port784","Nacala","Mozambique","MOZ","0","0","0","0","1","0","1","0","0","0","0","0","0","0","0","0","0","0","0","0","0"
"2023-09-23","port784","Nacala","Mozambique","MOZ","0","1","0","0","1","1","2","0","0","0","0","0","0","0","0","91640","0","0","43245","91640","134886"
"2022-09-18","port784","Nacala","Mozambique","MOZ","0","0","0","0","0","0","0","0","0","0","0","0","0","0","0","0","0","0","0","0","0"
"2021-08-12","port784","Nacala","Mozambique","MOZ","0","0","0","0","0","0","0","0","0","0","0","0","0","0","0","0","0","0","0","0","0"
"2023-09-24","port784","Nacala","Mozambique","MOZ","0","1","0","0","0","1","1","0","0","0","0","0","0","0","0","109287","0","0","0","109287","109287"
"2022-09-19","port784","Nacala","Mozambique","MOZ","0","2","0","0","1","2","3","0","0","0","0","0","0","0","0","78683","0","0","0","78683","78683"
"2021-08-13","port784","Nacala","Mozambique","MOZ","0","0","0","0","0","0","0","0","0","0","0","0","0","0","0","0","0","0","0","0","0"
"2023-09-25","port784","Nacala","Mozambique","MOZ","0","1","0","0","0","1","1","0","5790","0","0","0","5790","5790","0","0","0","0","0","0","0"
"2022-09-20","port784","Nacala","Mozambique","MOZ","0","0","0","0","0","0","0","0","0","0","0","0","0","0","0","0","0","0","0","0","0"
"2021-08-14","port784","Nacala","Mozambique","MOZ","1","0","0","0","0","1","1","0","0","0","0","0","0","0","3286","0","0","0","0","3286","3286"
"2023-09-26","port784","Nacala","Mozambique","MOZ","1","1","0","0","0","2","2","0","0","0","0","0","0","0","1549","164476","0","0","0","166025","166025"
"2022-09-21","port784","Nacala","Mozambique","MOZ","0","1","0","0","1","1","2","0","0","0","0","2777","0","2777","0","163842","0","0","1377","163842","165219"
"2021-08-15","port784","Nacala","Mozambique","MOZ","0","1","0","0","0","1","1","0","0","0","0","0","0","0","0","172017","0","0","0","172017","172017"
"2023-09-27","port784","Nacala","Mozambique","MOZ","0","0","0","0","0","0","0","0","0","0","0","0","0","0","0","0","0","0","0","0","0"
"2022-09-22","port784","Nacala","Mozambique","MOZ","0","0","0","0","0","0","0","0","0","0","0","0","0","0","0","0","0","0","0","0","0"
"2021-08-16","port784","Nacala","Mozambique","MOZ","0","0","1","0","0","1","1","0","0","1257","0","0","1257","1257","0","0","0","0","0","0","0"
"2023-09-28","port784","Nacala","Mozambique","MOZ","1","1","1","0","0","3","3","0","0","0","0","0","0","0","724","78726","6660","0","0","86111","86111"
"2022-09-23","port784","Nacala","Mozambique","MOZ","0","0","0","0","0","0","0","0","0","0","0","0","0","0","0","0","0","0","0","0","0"
"2021-08-17","port784","Nacala","Mozambique","MOZ","0","1","0","0","0","1","1","0","0","0","0","0","0","0","0","69881","0","0","0","69881","69881"
"2023-09-29","port784","Nacala","Mozambique","MOZ","1","0","0","0","0","1","1","1827","0","0","0","0","1827","1827","2312","0","0","0","0","2312","2312"
"2022-09-24","port784","Nacala","Mozambique","MOZ","0","0","0","0","1","0","1","0","0","0","0","0","0","0","0","0","0","0","0","0","0"
"2021-08-18","port784","Nacala","Mozambique","MOZ","0","1","0","0","1","1","2","0","18895","0","0","35368","18895","54264","0","0","0","0","0","0","0"
"2023-09-30","port784","Nacala","Mozambique","MOZ","0","1","0","0","0","1","1","0","6630","0","0","0","6630","6630","0","0","0","0","0","0","0"
"2022-09-25","port784","Nacala","Mozambique","MOZ","0","0","0","0","1","0","1","0","0","0","0","0","0","0","0","0","0","0","0","0","0"
"2021-08-19","port784","Nacala","Mozambique","MOZ","1","0","0","0","0","1","1","0","0","0","0","0","0","0","9554","0","0","0","0","9554","9554"
"2023-10-01","port784","Nacala","Mozambique","MOZ","1","1","0","0","0","2","2","438","0","0","0","0","438","438","0","87244","0","0","0","87244","87244"
"2022-09-26","port784","Nacala","Mozambique","MOZ","2","1","0","0","1","3","4","1827","10849","0","0","0","12676","12676","4648","0","0","0","0","4648","4648"
"2021-08-20","port784","Nacala","Mozambique","MOZ","0","0","0","0","0","0","0","0","0","0","0","0","0","0","0","0","0","0","0","0","0"
"2023-10-02","port784","Nacala","Mozambique","MOZ","0","0","0","0","0","0","0","0","0","0","0","0","0","0","0","0","0","0","0","0","0"
"2022-09-27","port784","Nacala","Mozambique","MOZ","0","1","0","0","1","1","2","0","0","0","0","1762","0","1762","0","48131","0","0","0","48131","48131"
"2021-08-21","port784","Nacala","Mozambique","MOZ","0","0","0","0","0","0","0","0","0","0","0","0","0","0","0","0","0","0","0","0","0"
"2023-10-03","port784","Nacala","Mozambique","MOZ","0","0","0","0","0","0","0","0","0","0","0","0","0","0","0","0","0","0","0","0","0"
"2022-09-28","port784","Nacala","Mozambique","MOZ","0","1","0","0","1","1","2","0","0","0","0","1059","0","1059","0","63460","0","0","0","63460","63460"
"2021-08-22","port784","Nacala","Mozambique","MOZ","0","0","0","0","0","0","0","0","0","0","0","0","0","0","0","0","0","0","0","0","0"
"2023-10-04","port784","Nacala","Mozambique","MOZ","0","1","0","0","1","1","2","0","0","0","0","0","0","0","0","99812","0","0","0","99812","99812"
"2022-09-29","port784","Nacala","Mozambique","MOZ","0","1","0","0","0","1","1","0","0","0","0","0","0","0","0","173087","0","0","0","173087","173087"
"2021-08-23","port784","Nacala","Mozambique","MOZ","0","2","0","0","1","2","3","0","5027","0","0","2777","5027","7804","0","133350","0","0","1377","133350","134728"
"2023-10-05","port784","Nacala","Mozambique","MOZ","1","0","0","0","1","1","2","793","0","0","0","2777","793","3570","0","0","0","0","1377","0","1377"
"2022-09-30","port784","Nacala","Mozambique","MOZ","0","0","0","0","0","0","0","0","0","0","0","0","0","0","0","0","0","0","0","0","0"
"2021-08-24","port784","Nacala","Mozambique","MOZ","0","1","0","0","0","1","1","0","0","0","0","0","0","0","0","165254","0","0","0","165254","165254"
"2022-10-01","port784","Nacala","Mozambique","MOZ","0","0","0","0","0","0","0","0","0","0","0","0","0","0","0","0","0","0","0","0","0"
"2021-08-25","port784","Nacala","Mozambique","MOZ","0","0","0","0","0","0","0","0","0","0","0","0","0","0","0","0","0","0","0","0","0"
"2022-10-02","port784","Nacala","Mozambique","MOZ","0","0","0","0","0","0","0","0","0","0","0","0","0","0","0","0","0","0","0","0","0"
"2023-10-06","port784","Nacala","Mozambique","MOZ","1","1","0","0","1","2","3","0","0","0","0","0","0","0","11313","78942","0","0","0","90255","90255"
"2021-08-26","port784","Nacala","Mozambique","MOZ","1","1","0","0","0","2","2","4331","0","0","0","0","4331","4331","0","58931","0","0","0","58931","58931"
"2022-10-03","port784","Nacala","Mozambique","MOZ","0","0","0","0","0","0","0","0","0","0","0","0","0","0","0","0","0","0","0","0","0"
"2023-10-07","port784","Nacala","Mozambique","MOZ","1","0","0","0","0","1","1","1288","0","0","0","0","1288","1288","0","0","0","0","0","0","0"
"2021-08-27","port784","Nacala","Mozambique","MOZ","0","0","0","0","0","0","0","0","0","0","0","0","0","0","0","0","0","0","0","0","0"
"2022-10-04","port784","Nacala","Mozambique","MOZ","0","1","0","0","0","1","1","0","50094","0","0","0","50094","50094","0","0","0","0","0","0","0"
"2023-10-08","port784","Nacala","Mozambique","MOZ","0","1","0","0","0","1","1","0","0","0","0","0","0","0","0","81562","0","0","0","81562","81562"
"2021-08-28","port784","Nacala","Mozambique","MOZ","1","1","0","0","0","2","2","0","0","0","0","0","0","0","1191","0","0","0","0","1191","1191"
"2022-10-05","port784","Nacala","Mozambique","MOZ","0","2","0","0","1","2","3","0","0","0","0","0","0","0","0","154296","0","0","1609","154296","155906"
"2023-10-09","port784","Nacala","Mozambique","MOZ","0","0","0","0","1","0","1","0","0","0","0","29514","0","29514","0","0","0","0","0","0","0"
"2021-08-29","port784","Nacala","Mozambique","MOZ","0","0","0","0","0","0","0","0","0","0","0","0","0","0","0","0","0","0","0","0","0"
"2022-10-06","port784","Nacala","Mozambique","MOZ","0","0","0","0","0","0","0","0","0","0","0","0","0","0","0","0","0","0","0","0","0"
"2023-10-10","port784","Nacala","Mozambique","MOZ","0","1","0","0","0","1","1","0","5027","0","0","0","5027","5027","0","49803","0","0","0","49803","49803"
"2021-08-30","port784","Nacala","Mozambique","MOZ","0","1","0","0","0","1","1","0","0","0","0","0","0","0","0","75539","0","0","0","75539","75539"
"2022-10-07","port784","Nacala","Mozambique","MOZ","1","0","0","0","0","1","1","0","0","0","0","0","0","0","5727","0","0","0","0","5727","5727"
"2023-10-11","port784","Nacala","Mozambique","MOZ","0","0","0","0","0","0","0","0","0","0","0","0","0","0","0","0","0","0","0","0","0"
"2021-08-31","port784","Nacala","Mozambique","MOZ","0","0","0","0","0","0","0","0","0","0","0","0","0","0","0","0","0","0","0","0","0"
"2022-10-08","port784","Nacala","Mozambique","MOZ","0","2","0","0","0","2","2","0","0","0","0","0","0","0","0","244963","0","0","0","244963","244963"
"2023-10-12","port784","Nacala","Mozambique","MOZ","0","1","0","0","0","1","1","0","0","0","0","0","0","0","0","107307","0","0","0","107307","107307"
"2021-09-01","port784","Nacala","Mozambique","MOZ","0","1","0","0","0","1","1","0","27864","0","0","0","27864","27864","0","0","0","0","0","0","0"
"2022-10-09","port784","Nacala","Mozambique","MOZ","0","0","0","0","0","0","0","0","0","0","0","0","0","0","0","0","0","0","0","0","0"
"2023-10-13","port784","Nacala","Mozambique","MOZ","0","0","0","0","0","0","0","0","0","0","0","0","0","0","0","0","0","0","0","0","0"
"2021-09-02","port784","Nacala","Mozambique","MOZ","0","0","0","0","0","0","0","0","0","0","0","0","0","0","0","0","0","0","0","0","0"
"2022-10-10","port784","Nacala","Mozambique","MOZ","0","2","0","0","0","2","2","0","0","0","0","0","0","0","0","28987","0","0","0","28987","28987"
"2023-10-14","port784","Nacala","Mozambique","MOZ","0","0","0","0","0","0","0","0","0","0","0","0","0","0","0","0","0","0","0","0","0"
"2021-09-03","port784","Nacala","Mozambique","MOZ","0","0","0","0","0","0","0","0","0","0","0","0","0","0","0","0","0","0","0","0","0"
"2022-10-11","port784","Nacala","Mozambique","MOZ","0","1","0","0","0","1","1","0","0","0","0","0","0","0","0","69701","0","0","0","69701","69701"
"2023-10-15","port784","Nacala","Mozambique","MOZ","0","2","0","0","0","2","2","0","17549","0","0","0","17549","17549","0","162638","0","0","0","162638","162638"
"2021-09-04","port784","Nacala","Mozambique","MOZ","1","0","0","0","0","1","1","1827","0","0","0","0","1827","1827","2312","0","0","0","0","2312","2312"
"2022-10-12","port784","Nacala","Mozambique","MOZ","0","1","0","0","0","1","1","0","0","0","0","0","0","0","0","63473","0","0","0","63473","63473"
"2023-10-16","port784","Nacala","Mozambique","MOZ","0","0","0","0","0","0","0","0","0","0","0","0","0","0","0","0","0","0","0","0","0"
"2021-09-05","port784","Nacala","Mozambique","MOZ","0","0","0","0","0","0","0","0","0","0","0","0","0","0","0","0","0","0","0","0","0"
"2022-10-13","port784","Nacala","Mozambique","MOZ","1","2","0","0","2","3","5","2092","5027","0","0","0","7119","7119","0","165088","0","0","0","165088","165088"
"2023-10-17","port784","Nacala","Mozambique","MOZ","0","1","0","0","0","1","1","0","0","0","0","0","0","0","0","162484","0","0","0","162484","162484"
"2021-09-06","port784","Nacala","Mozambique","MOZ","0","0","0","0","0","0","0","0","0","0","0","0","0","0","0","0","0","0","0","0","0"
"2022-10-14","port784","Nacala","Mozambique","MOZ","0","0","0","0","0","0","0","0","0","0","0","0","0","0","0","0","0","0","0","0","0"
"2023-10-18","port784","Nacala","Mozambique","MOZ","1","0","1","0","0","2","2","5041","0","363","0","0","5404","5404","0","0","0","0","0","0","0"
"2021-09-07","port784","Nacala","Mozambique","MOZ","0","0","0","0","1","0","1","0","0","0","0","0","0","0","0","0","0","0","3112","0","3112"
"2022-10-15","port784","Nacala","Mozambique","MOZ","0","1","0","0","0","1","1","0","5027","0","0","0","5027","5027","0","49803","0","0","0","49803","49803"
"2021-09-08","port784","Nacala","Mozambique","MOZ","1","1","0","0","0","2","2","3005","0","0","0","0","3005","3005","0","78783","0","0","0","78783","78783"
"2022-10-16","port784","Nacala","Mozambique","MOZ","0","1","0","0","1","1","2","0","0","0","0","0","0","0","0","54346","0","0","0","54346","54346"
"2021-09-09","port784","Nacala","Mozambique","MOZ","1","1","0","0","0","2","2","0","0","0","0","0","0","0","3083","82182","0","0","0","85266","85266"
"2023-10-19","port784","Nacala","Mozambique","MOZ","0","0","0","0","1","0","1","0","0","0","0","0","0","0","0","0","0","0","0","0","0"
"2022-10-17","port784","Nacala","Mozambique","MOZ","0","0","0","0","0","0","0","0","0","0","0","0","0","0","0","0","0","0","0","0","0"
"2021-09-10","port784","Nacala","Mozambique","MOZ","0","0","0","0","0","0","0","0","0","0","0","0","0","0","0","0","0","0","0","0","0"
"2023-10-20","port784","Nacala","Mozambique","MOZ","0","1","0","0","1","1","2","0","0","0","0","2777","0","2777","0","0","0","0","1377","0","1377"
"2022-10-18","port784","Nacala","Mozambique","MOZ","0","1","0","0","1","1","2","0","0","0","0","0","0","0","0","51395","0","0","0","51395","51395"
"2021-09-11","port784","Nacala","Mozambique","MOZ","0","0","0","0","1","0","1","0","0","0","0","0","0","0","0","0","0","0","0","0","0"
"2023-10-21","port784","Nacala","Mozambique","MOZ","0","1","0","0","0","1","1","0","0","0","0","0","0","0","0","73702","0","0","0","73702","73702"
"2022-10-19","port784","Nacala","Mozambique","MOZ","0","2","0","0","1","2","3","0","0","0","0","0","0","0","0","88300","0","0","0","88300","88300"
"2021-09-12","port784","Nacala","Mozambique","MOZ","1","2","0","0","0","3","3","0","0","0","0","0","0","0","868","200396","0","0","0","201265","201265"
"2023-10-22","port784","Nacala","Mozambique","MOZ","1","0","0","0","0","1","1","0","0","0","0","0","0","0","1198","0","0","0","0","1198","1198"
"2022-10-20","port784","Nacala","Mozambique","MOZ","0","1","0","0","0","1","1","0","0","0","0","0","0","0","0","167559","0","0","0","167559","167559"
"2021-09-13","port784","Nacala","Mozambique","MOZ","0","0","0","0","0","0","0","0","0","0","0","0","0","0","0","0","0","0","0","0","0"
"2023-10-23","port784","Nacala","Mozambique","MOZ","0","1","0","0","0","1","1","0","0","0","0","0","0","0","0","43740","0","0","0","43740","43740"
"2022-10-21","port784","Nacala","Mozambique","MOZ","0","1","0","0","1","1","2","0","4027","0","0","0","4027","4027","0","0","0","0","0","0","0"
"2021-09-14","port784","Nacala","Mozambique","MOZ","0","0","0","0","0","0","0","0","0","0","0","0","0","0","0","0","0","0","0","0","0"
"2023-10-24","port784","Nacala","Mozambique","MOZ","0","0","0","0","1","0","1","0","0","0","0","0","0","0","0","0","0","0","0","0","0"
"2022-10-22","port784","Nacala","Mozambique","MOZ","0","1","0","0","0","1","1","0","0","0","0","0","0","0","0","0","0","0","0","0","0"
"2021-09-15","port784","Nacala","Mozambique","MOZ","0","1","0","0","0","1","1","0","5027","0","0","0","5027","5027","0","49803","0","0","0","49803","49803"
"2023-10-25","port784","Nacala","Mozambique","MOZ","0","1","0","0","0","1","1","0","0","0","0","0","0","0","0","0","0","0","0","0","0"
"2022-10-23","port784","Nacala","Mozambique","MOZ","0","1","0","0","2","1","3","0","0","0","0","0","0","0","0","72500","0","0","0","72500","72500"
"2021-09-16","port784","Nacala","Mozambique","MOZ","0","0","0","0","1","0","1","0","0","0","0","0","0","0","0","0","0","0","0","0","0"
"2023-10-26","port784","Nacala","Mozambique","MOZ","1","0","0","0","0","1","1","0","0","0","0","0","0","0","1583","0","0","0","0","1583","1583"
"2022-10-24","port784","Nacala","Mozambique","MOZ","1","0","0","0","0","1","1","3867","0","0","0","0","3867","3867","0","0","0","0","0","0","0"
"2021-09-17","port784","Nacala","Mozambique","MOZ","0","0","0","0","0","0","0","0","0","0","0","0","0","0","0","0","0","0","0","0","0"
"2023-10-27","port784","Nacala","Mozambique","MOZ","0","2","0","0","0","2","2","0","13320","0","0","0","13320","13320","0","111559","0","0","0","111559","111559"
"2022-10-25","port784","Nacala","Mozambique","MOZ","0","0","0","0","1","0","1","0","0","0","0","0","0","0","0","0","0","0","0","0","0"
"2021-09-18","port784","Nacala","Mozambique","MOZ","1","0","0","0","0","1","1","0","0","0","0","0","0","0","7337","0","0","0","0","7337","7337"
"2023-10-28","port784","Nacala","Mozambique","MOZ","0","1","0","0","0","1","1","0","0","0","0","0","0","0","0","79879","0","0","0","79879","79879"
"2022-10-26","port784","Nacala","Mozambique","MOZ","0","0","0","0","0","0","0","0","0","0","0","0","0","0","0","0","0","0","0","0","0"
"2021-09-19","port784","Nacala","Mozambique","MOZ","0","1","0","0","0","1","1","0","0","0","0","0","0","0","0","76963","0","0","0","76963","76963"
"2023-10-29","port784","Nacala","Mozambique","MOZ","0","0","0","0","1","0","1","0","0","0","0","30732","0","30732","0","0","0","0","0","0","0"
"2022-10-27","port784","Nacala","Mozambique","MOZ","0","3","0","0","0","3","3","0","3458","0","0","0","3458","3458","0","94216","0","0","0","94216","94216"
"2021-09-20","port784","Nacala","Mozambique","MOZ","0","1","0","0","1","1","2","0","29491","0","0","32101","29491","61592","0","0","0","0","0","0","0"
"2023-10-30","port784","Nacala","Mozambique","MOZ","0","1","0","0","0","1","1","0","0","0","0","0","0","0","0","0","0","0","0","0","0"
"2022-10-28","port784","Nacala","Mozambique","MOZ","0","1","0","0","1","1","2","0","0","0","0","0","0","0","0","79291","0","0","0","79291","79291"
"2021-09-21","port784","Nacala","Mozambique","MOZ","0","0","0","0","0","0","0","0","0","0","0","0","0","0","0","0","0","0","0","0","0"
"2023-10-31","port784","Nacala","Mozambique","MOZ","1","0","0","0","0","1","1","0","0","0","0","0","0","0","1529","0","0","0","0","1529","1529"
"2022-10-29","port784","Nacala","Mozambique","MOZ","0","1","0","0","0","1","1","0","2295","0","0","0","2295","2295","0","0","0","0","0","0","0"
"2021-09-22","port784","Nacala","Mozambique","MOZ","0","0","1","0","0","1","1","0","0","0","0","0","0","0","0","0","15167","0","0","15167","15167"
"2022-10-30","port784","Nacala","Mozambique","MOZ","0","1","0","0","0","1","1","0","0","0","0","0","0","0","0","88187","0","0","0","88187","88187"
"2021-09-23","port784","Nacala","Mozambique","MOZ","0","1","0","0","0","1","1","0","0","0","0","0","0","0","0","162080","0","0","0","162080","162080"
"2022-10-31","port784","Nacala","Mozambique","MOZ","1","1","0","0","0","2","2","1827","0","0","0","0","1827","1827","2312","60954","0","0","0","63266","63266"
"2023-11-01","port784","Nacala","Mozambique","MOZ","0","0","0","0","0","0","0","0","0","0","0","0","0","0","0","0","0","0","0","0","0"
"2021-09-24","port784","Nacala","Mozambique","MOZ","0","0","0","0","0","0","0","0","0","0","0","0","0","0","0","0","0","0","0","0","0"
"2022-11-01","port784","Nacala","Mozambique","MOZ","0","1","0","0","1","1","2","0","4068","0","0","0","4068","4068","0","0","0","0","0","0","0"
"2023-11-02","port784","Nacala","Mozambique","MOZ","2","0","0","0","0","2","2","2662","0","0","0","0","2662","2662","4948","0","0","0","0","4948","4948"
"2021-09-25","port784","Nacala","Mozambique","MOZ","0","1","0","0","0","1","1","0","0","0","0","0","0","0","0","68819","0","0","0","68819","68819"
"2022-11-02","port784","Nacala","Mozambique","MOZ","1","0","0","0","0","1","1","0","0","0","0","0","0","0","778","0","0","0","0","778","778"
"2023-11-03","port784","Nacala","Mozambique","MOZ","0","1","0","0","0","1","1","0","0","0","0","0","0","0","0","47384","0","0","0","47384","47384"
"2021-09-26","port784","Nacala","Mozambique","MOZ","0","0","0","0","0","0","0","0","0","0","0","0","0","0","0","0","0","0","0","0","0"
"2022-11-03","port784","Nacala","Mozambique","MOZ","0","1","0","0","0","1","1","0","0","0","0","0","0","0","0","11885","0","0","0","11885","11885"
"2023-11-04","port784","Nacala","Mozambique","MOZ","0","1","1","0","0","2","2","0","0","949","0","0","949","949","0","102562","0","0","0","102562","102562"
"2021-09-27","port784","Nacala","Mozambique","MOZ","0","2","0","0","0","2","2","0","53340","0","0","0","53340","53340","0","170265","0","0","0","170265","170265"
"2022-11-04","port784","Nacala","Mozambique","MOZ","0","1","0","0","0","1","1","0","9247","0","0","0","9247","9247","0","0","0","0","0","0","0"
"2023-11-05","port784","Nacala","Mozambique","MOZ","1","0","0","0","0","1","1","6605","0","0","0","0","6605","6605","0","0","0","0","0","0","0"
"2021-09-28","port784","Nacala","Mozambique","MOZ","0","0","0","0","1","0","1","0","0","0","0","3660","0","3660","0","0","0","0","0","0","0"
"2022-11-05","port784","Nacala","Mozambique","MOZ","1","0","0","0","0","1","1","0","0","0","0","0","0","0","3101","0","0","0","0","3101","3101"
"2023-11-06","port784","Nacala","Mozambique","MOZ","0","1","0","0","0","1","1","0","0","0","0","0","0","0","0","0","0","0","0","0","0"
"2021-09-29","port784","Nacala","Mozambique","MOZ","0","0","0","0","0","0","0","0","0","0","0","0","0","0","0","0","0","0","0","0","0"
"2022-11-06","port784","Nacala","Mozambique","MOZ","0","0","0","0","0","0","0","0","0","0","0","0","0","0","0","0","0","0","0","0","0"
"2023-11-07","port784","Nacala","Mozambique","MOZ","0","0","0","0","0","0","0","0","0","0","0","0","0","0","0","0","0","0","0","0","0"
"2021-09-30","port784","Nacala","Mozambique","MOZ","0","0","0","0","0","0","0","0","0","0","0","0","0","0","0","0","0","0","0","0","0"
"2022-11-07","port784","Nacala","Mozambique","MOZ","0","1","0","0","0","1","1","0","0","0","0","0","0","0","0","171552","0","0","0","171552","171552"
"2023-11-08","port784","Nacala","Mozambique","MOZ","0","0","0","0","0","0","0","0","0","0","0","0","0","0","0","0","0","0","0","0","0"
"2021-10-01","port784","Nacala","Mozambique","MOZ","0","0","0","0","0","0","0","0","0","0","0","0","0","0","0","0","0","0","0","0","0"
"2022-11-08","port784","Nacala","Mozambique","MOZ","0","0","0","0","0","0","0","0","0","0","0","0","0","0","0","0","0","0","0","0","0"
"2023-11-09","port784","Nacala","Mozambique","MOZ","1","1","0","0","1","2","3","0","0","0","0","0","0","0","1971","73125","0","0","0","75097","75097"
"2021-10-02","port784","Nacala","Mozambique","MOZ","0","3","0","0","0","3","3","0","13844","0","0","0","13844","13844","0","81619","0","0","0","81619","81619"
"2022-11-09","port784","Nacala","Mozambique","MOZ","0","2","0","0","2","2","4","0","0","0","0","0","0","0","0","161275","0","0","0","161275","161275"
"2023-11-10","port784","Nacala","Mozambique","MOZ","0","0","0","0","0","0","0","0","0","0","0","0","0","0","0","0","0","0","0","0","0"
"2021-10-03","port784","Nacala","Mozambique","MOZ","0","0","0","0","0","0","0","0","0","0","0","0","0","0","0","0","0","0","0","0","0"
"2022-11-10","port784","Nacala","Mozambique","MOZ","0","1","0","0","0","1","1","0","0","0","0","0","0","0","0","0","0","0","0","0","0"
"2023-11-11","port784","Nacala","Mozambique","MOZ","0","2","0","0","1","2","3","0","5027","0","0","0","5027","5027","0","104571","0","0","0","104571","104571"
"2021-10-04","port784","Nacala","Mozambique","MOZ","0","0","0","0","1","0","1","0","0","0","0","2777","0","2777","0","0","0","0","1377","0","1377"
"2022-11-11","port784","Nacala","Mozambique","MOZ","0","1","1","0","0","2","2","0","19376","1451","0","0","20827","20827","0","0","1589","0","0","1589","1589"
"2023-11-12","port784","Nacala","Mozambique","MOZ","1","1","0","0","0","2","2","1556","907","0","0","0","2463","2463","0","0","0","0","0","0","0"
"2021-10-05","port784","Nacala","Mozambique","MOZ","0","0","0","0","1","0","1","0","0","0","0","0","0","0","0","0","0","0","37328","0","37328"
"2022-11-12","port784","Nacala","Mozambique","MOZ","0","1","0","0","1","1","2","0","5027","0","0","1359","5027","6386","0","49803","0","0","0","49803","49803"
"2023-11-13","port784","Nacala","Mozambique","MOZ","1","0","0","0","1","1","2","0","0","0","0","0","0","0","13615","0","0","0","0","13615","13615"
"2021-10-06","port784","Nacala","Mozambique","MOZ","1","1","0","0","0","2","2","387","5027","0","0","0","5415","5415","0","49803","0","0","0","49803","49803"
"2022-11-13","port784","Nacala","Mozambique","MOZ","0","1","0","0","1","1","2","0","0","0","0","0","0","0","0","75620","0","0","877","75620","76497"
"2021-10-07","port784","Nacala","Mozambique","MOZ","0","0","0","0","0","0","0","0","0","0","0","0","0","0","0","0","0","0","0","0","0"
"2022-11-14","port784","Nacala","Mozambique","MOZ","0","1","0","0","1","1","2","0","0","0","0","3104","0","3104","0","78683","0","0","2559","78683","81243"
"2021-10-08","port784","Nacala","Mozambique","MOZ","0","0","0","0","0","0","0","0","0","0","0","0","0","0","0","0","0","0","0","0","0"
"2023-11-14","port784","Nacala","Mozambique","MOZ","0","0","0","0","0","0","0","0","0","0","0","0","0","0","0","0","0","0","0","0","0"
"2022-11-15","port784","Nacala","Mozambique","MOZ","1","0","0","0","0","1","1","0","0","0","0","0","0","0","6509","0","0","0","0","6509","6509"
"2021-10-09","port784","Nacala","Mozambique","MOZ","1","1","0","0","0","2","2","0","5027","0","0","0","5027","5027","5223","49803","0","0","0","55027","55027"
"2023-11-15","port784","Nacala","Mozambique","MOZ","0","0","0","0","1","0","1","0","0","0","0","32037","0","32037","0","0","0","0","0","0","0"
"2022-11-16","port784","Nacala","Mozambique","MOZ","0","1","0","0","0","1","1","0","0","0","0","0","0","0","0","56194","0","0","0","56194","56194"
"2021-10-10","port784","Nacala","Mozambique","MOZ","0","0","0","0","0","0","0","0","0","0","0","0","0","0","0","0","0","0","0","0","0"
"2023-11-16","port784","Nacala","Mozambique","MOZ","0","0","0","0","0","0","0","0","0","0","0","0","0","0","0","0","0","0","0","0","0"
"2022-11-17","port784","Nacala","Mozambique","MOZ","0","0","0","0","1","0","1","0","0","0","0","0","0","0","0","0","0","0","0","0","0"
"2021-10-11","port784","Nacala","Mozambique","MOZ","0","1","0","0","0","1","1","0","0","0","0","0","0","0","0","65841","0","0","0","65841","65841"
"2023-11-17","port784","Nacala","Mozambique","MOZ","0","0","0","0","0","0","0","0","0","0","0","0","0","0","0","0","0","0","0","0","0"
"2022-11-18","port784","Nacala","Mozambique","MOZ","0","1","0","0","1","1","2","0","0","0","0","0","0","0","0","58746","0","0","0","58746","58746"
"2021-10-12","port784","Nacala","Mozambique","MOZ","0","0","0","0","0","0","0","0","0","0","0","0","0","0","0","0","0","0","0","0","0"
"2023-11-18","port784","Nacala","Mozambique","MOZ","0","1","0","0","1","1","2","0","0","0","0","3104","0","3104","0","109249","0","0","2559","109249","111809"
"2022-11-19","port784","Nacala","Mozambique","MOZ","1","2","0","0","0","3","3","839","23190","0","0","0","24029","24029","0","0","0","0","0","0","0"
"2021-10-13","port784","Nacala","Mozambique","MOZ","0","0","0","0","1","0","1","0","0","0","0","0","0","0","0","0","0","0","0","0","0"
"2023-11-19","port784","Nacala","Mozambique","MOZ","0","1","0","0","0","1","1","0","5027","0","0","0","5027","5027","0","49803","0","0","0","49803","49803"
"2022-11-20","port784","Nacala","Mozambique","MOZ","0","1","0","0","0","1","1","0","44413","0","0","0","44413","44413","0","0","0","0","0","0","0"
"2021-10-14","port784","Nacala","Mozambique","MOZ","0","3","0","0","0","3","3","0","90385","0","0","0","90385","90385","0","67541","0","0","0","67541","67541"
"2023-11-20","port784","Nacala","Mozambique","MOZ","0","1","0","0","1","1","2","0","0","0","0","1347","0","1347","0","164857","0","0","0","164857","164857"
"2022-11-21","port784","Nacala","Mozambique","MOZ","0","1","0","0","1","1","2","0","5027","0","0","0","5027","5027","0","49803","0","0","0","49803","49803"
"2021-10-15","port784","Nacala","Mozambique","MOZ","0","0","0","0","0","0","0","0","0","0","0","0","0","0","0","0","0","0","0","0","0"
"2023-11-21","port784","Nacala","Mozambique","MOZ","0","1","0","0","0","1","1","0","23825","0","0","0","23825","23825","0","0","0","0","0","0","0"
"2022-11-22","port784","Nacala","Mozambique","MOZ","0","0","0","0","0","0","0","0","0","0","0","0","0","0","0","0","0","0","0","0","0"
"2021-10-16","port784","Nacala","Mozambique","MOZ","0","1","0","0","1","1","2","0","5027","0","0","0","5027","5027","0","49803","0","0","0","49803","49803"
"2023-11-22","port784","Nacala","Mozambique","MOZ","1","0","0","0","0","1","1","0","0","0","0","0","0","0","3119","0","0","0","0","3119","3119"
"2022-11-23","port784","Nacala","Mozambique","MOZ","1","0","0","0","0","1","1","0","0","0","0","0","0","0","6615","0","0","0","0","6615","6615"
"2021-10-17","port784","Nacala","Mozambique","MOZ","0","1","0","0","0","1","1","0","0","0","0","0","0","0","0","44957","0","0","0","44957","44957"
"2023-11-23","port784","Nacala","Mozambique","MOZ","0","1","0","0","1","1","2","0","0","0","0","3104","0","3104","0","174620","0","0","2559","174620","177180"
"2022-11-24","port784","Nacala","Mozambique","MOZ","0","0","0","0","0","0","0","0","0","0","0","0","0","0","0","0","0","0","0","0","0"
"2021-10-18","port784","Nacala","Mozambique","MOZ","0","0","0","0","0","0","0","0","0","0","0","0","0","0","0","0","0","0","0","0","0"
"2023-11-24","port784","Nacala","Mozambique","MOZ","1","0","0","0","0","1","1","2125","0","0","0","0","2125","2125","0","0","0","0","0","0","0"
"2022-11-25","port784","Nacala","Mozambique","MOZ","1","0","0","0","0","1","1","1827","0","0","0","0","1827","1827","2312","0","0","0","0","2312","2312"
"2021-10-19","port784","Nacala","Mozambique","MOZ","1","0","0","0","0","1","1","2645","0","0","0","0","2645","2645","0","0","0","0","0","0","0"
"2023-11-25","port784","Nacala","Mozambique","MOZ","1","0","0","0","2","1","3","0","0","0","0","1172","0","1172","5740","0","0","0","0","5740","5740"
"2022-11-26","port784","Nacala","Mozambique","MOZ","0","1","0","0","0","1","1","0","0","0","0","0","0","0","0","59250","0","0","0","59250","59250"
"2021-10-20","port784","Nacala","Mozambique","MOZ","0","0","0","0","0","0","0","0","0","0","0","0","0","0","0","0","0","0","0","0","0"
"2023-11-26","port784","Nacala","Mozambique","MOZ","0","1","0","0","0","1","1","0","0","0","0","0","0","0","0","72534","0","0","0","72534","72534"
"2022-11-27","port784","Nacala","Mozambique","MOZ","0","1","0","0","0","1","1","0","0","0","0","0","0","0","0","46826","0","0","0","46826","46826"
"2021-10-21","port784","Nacala","Mozambique","MOZ","0","0","0","0","0","0","0","0","0","0","0","0","0","0","0","0","0","0","0","0","0"
"2022-11-28","port784","Nacala","Mozambique","MOZ","0","0","0","0","0","0","0","0","0","0","0","0","0","0","0","0","0","0","0","0","0"
"2021-10-22","port784","Nacala","Mozambique","MOZ","0","1","0","0","0","1","1","0","0","0","0","0","0","0","0","171516","0","0","0","171516","171516"
"2022-11-29","port784","Nacala","Mozambique","MOZ","0","2","0","0","0","2","2","0","0","0","0","0","0","0","0","131759","0","0","0","131759","131759"
"2023-11-27","port784","Nacala","Mozambique","MOZ","0","1","0","0","0","1","1","0","0","0","0","0","0","0","0","89282","0","0","0","89282","89282"
"2021-10-23","port784","Nacala","Mozambique","MOZ","1","1","0","0","0","2","2","1827","0","0","0","0","1827","1827","2312","25279","0","0","0","27592","27592"
"2022-11-30","port784","Nacala","Mozambique","MOZ","0","1","0","0","1","1","2","0","0","0","0","0","0","0","0","21518","0","0","0","21518","21518"
"2023-11-28","port784","Nacala","Mozambique","MOZ","0","1","0","0","0","1","1","0","0","0","0","0","0","0","0","164903","0","0","0","164903","164903"
"2021-10-24","port784","Nacala","Mozambique","MOZ","0","0","0","0","0","0","0","0","0","0","0","0","0","0","0","0","0","0","0","0","0"
"2022-12-01","port784","Nacala","Mozambique","MOZ","0","1","0","0","1","1","2","0","37618","0","0","0","37618","37618","0","0","0","0","0","0","0"
"2023-11-29","port784","Nacala","Mozambique","MOZ","0","0","0","0","1","0","1","0","0","0","0","3104","0","3104","0","0","0","0","2559","0","2559"
"2021-10-25","port784","Nacala","Mozambique","MOZ","0","0","0","0","0","0","0","0","0","0","0","0","0","0","0","0","0","0","0","0","0"
"2022-12-02","port784","Nacala","Mozambique","MOZ","0","1","0","0","0","1","1","0","0","0","0","0","0","0","0","28780","0","0","0","28780","28780"
"2023-11-30","port784","Nacala","Mozambique","MOZ","0","0","0","0","0","0","0","0","0","0","0","0","0","0","0","0","0","0","0","0","0"
"2021-10-26","port784","Nacala","Mozambique","MOZ","1","0","0","0","1","1","2","1827","0","0","0","2777","1827","4604","2312","0","0","0","1377","2312","3689"
"2022-12-03","port784","Nacala","Mozambique","MOZ","0","0","0","0","2","0","2","0","0","0","0","0","0","0","0","0","0","0","0","0","0"
"2023-12-01","port784","Nacala","Mozambique","MOZ","0","0","1","0","0","1","1","0","0","0","0","0","0","0","0","0","11095","0","0","11095","11095"
"2021-10-27","port784","Nacala","Mozambique","MOZ","0","0","0","0","0","0","0","0","0","0","0","0","0","0","0","0","0","0","0","0","0"
"2022-12-04","port784","Nacala","Mozambique","MOZ","0","0","0","0","0","0","0","0","0","0","0","0","0","0","0","0","0","0","0","0","0"
"2023-12-02","port784","Nacala","Mozambique","MOZ","0","0","0","0","0","0","0","0","0","0","0","0","0","0","0","0","0","0","0","0","0"
"2021-10-28","port784","Nacala","Mozambique","MOZ","0","0","0","0","0","0","0","0","0","0","0","0","0","0","0","0","0","0","0","0","0"
"2022-12-05","port784","Nacala","Mozambique","MOZ","1","2","0","0","0","3","3","0","0","0","0","0","0","0","2316","74883","0","0","0","77199","77199"
"2023-12-03","port784","Nacala","Mozambique","MOZ","0","0","0","0","0","0","0","0","0","0","0","0","0","0","0","0","0","0","0","0","0"
"2021-10-29","port784","Nacala","Mozambique","MOZ","0","1","0","0","1","1","2","0","0","0","0","0","0","0","0","70389","0","0","0","70389","70389"
"2022-12-06","port784","Nacala","Mozambique","MOZ","0","2","0","0","0","2","2","0","0","0","0","0","0","0","0","77268","0","0","0","77268","77268"
"2023-12-04","port784","Nacala","Mozambique","MOZ","1","1","0","0","1","2","3","0","0","0","0","7613","0","7613","438","79730","0","0","0","80168","80168"
"2021-10-30","port784","Nacala","Mozambique","MOZ","0","2","0","0","0","2","2","0","5504","0","0","0","5504","5504","0","0","0","0","0","0","0"
"2022-12-07","port784","Nacala","Mozambique","MOZ","0","0","0","0","1","0","1","0","0","0","0","0","0","0","0","0","0","0","0","0","0"
"2023-12-05","port784","Nacala","Mozambique","MOZ","0","1","0","0","0","1","1","0","2751","0","0","0","2751","2751","0","0","0","0","0","0","0"
"2021-10-31","port784","Nacala","Mozambique","MOZ","0","0","0","0","0","0","0","0","0","0","0","0","0","0","0","0","0","0","0","0","0"
"2022-12-08","port784","Nacala","Mozambique","MOZ","0","1","0","0","0","1","1","0","13219","0","0","0","13219","13219","0","0","0","0","0","0","0"
"2023-12-06","port784","Nacala","Mozambique","MOZ","0","1","0","0","0","1","1","0","49425","0","0","0","49425","49425","0","0","0","0","0","0","0"
"2021-11-01","port784","Nacala","Mozambique","MOZ","0","2","0","0","1","2","3","0","21550","0","0","3104","21550","24654","0","0","0","0","2559","0","2559"
"2022-12-09","port784","Nacala","Mozambique","MOZ","0","0","0","0","0","0","0","0","0","0","0","0","0","0","0","0","0","0","0","0","0"
"2023-12-07","port784","Nacala","Mozambique","MOZ","0","1","0","0","0","1","1","0","0","0","0","0","0","0","0","90820","0","0","0","90820","90820"
"2021-11-02","port784","Nacala","Mozambique","MOZ","0","0","0","0","0","0","0","0","0","0","0","0","0","0","0","0","0","0","0","0","0"
"2022-12-10","port784","Nacala","Mozambique","MOZ","1","1","0","0","1","2","3","0","0","0","0","0","0","0","258","55282","0","0","0","55540","55540"
"2023-12-08","port784","Nacala","Mozambique","MOZ","1","1","0","0","1","2","3","0","0","0","0","0","0","0","1167","0","0","0","0","1167","1167"
"2021-11-03","port784","Nacala","Mozambique","MOZ","0","0","0","0","0","0","0","0","0","0","0","0","0","0","0","0","0","0","0","0","0"
"2022-12-11","port784","Nacala","Mozambique","MOZ","0","1","0","0","0","1","1","0","0","0","0","0","0","0","0","54355","0","0","0","54355","54355"
"2023-12-09","port784","Nacala","Mozambique","MOZ","1","0","0","0","0","1","1","0","0","0","0","0","0","0","4885","0","0","0","0","4885","4885"
"2021-11-04","port784","Nacala","Mozambique","MOZ","0","2","0","0","0","2","2","0","5027","0","0","0","5027","5027","0","224242","0","0","0","224242","224242"
"2022-12-12","port784","Nacala","Mozambique","MOZ","0","1","0","0","1","1","2","0","0","0","0","0","0","0","0","59569","0","0","0","59569","59569"
"2021-11-05","port784","Nacala","Mozambique","MOZ","0","0","0","0","1","0","1","0","0","0","0","2777","0","2777","0","0","0","0","1377","0","1377"
"2022-12-13","port784","Nacala","Mozambique","MOZ","0","1","0","0","0","1","1","0","0","0","0","0","0","0","0","26794","0","0","0","26794","26794"
"2021-11-06","port784","Nacala","Mozambique","MOZ","0","0","0","0","0","0","0","0","0","0","0","0","0","0","0","0","0","0","0","0","0"
"2023-12-10","port784","Nacala","Mozambique","MOZ","0","1","0","0","0","1","1","0","0","0","0","0","0","0","0","0","0","0","0","0","0"
"2022-12-14","port784","Nacala","Mozambique","MOZ","0","1","0","0","1","1","2","0","5027","0","0","0","5027","5027","0","49803","0","0","1609","49803","51413"
"2021-11-07","port784","Nacala","Mozambique","MOZ","0","1","0","0","1","1","2","0","0","0","0","0","0","0","0","0","0","0","0","0","0"
"2023-12-11","port784","Nacala","Mozambique","MOZ","0","0","0","0","0","0","0","0","0","0","0","0","0","0","0","0","0","0","0","0","0"
"2022-12-15","port784","Nacala","Mozambique","MOZ","0","1","0","0","0","1","1","0","50395","0","0","0","50395","50395","0","0","0","0","0","0","0"
"2021-11-08","port784","Nacala","Mozambique","MOZ","0","1","0","0","0","1","1","0","0","0","0","0","0","0","0","75878","0","0","0","75878","75878"
"2023-12-12","port784","Nacala","Mozambique","MOZ","1","2","0","0","0","3","3","1975","28853","0","0","0","30828","30828","0","168164","0","0","0","168164","168164"
"2022-12-16","port784","Nacala","Mozambique","MOZ","0","1","0","0","1","1","2","0","0","0","0","0","0","0","0","78442","0","0","0","78442","78442"
"2021-11-09","port784","Nacala","Mozambique","MOZ","0","0","0","0","0","0","0","0","0","0","0","0","0","0","0","0","0","0","0","0","0"
"2023-12-13","port784","Nacala","Mozambique","MOZ","2","0","0","0","1","2","3","1634","0","0","0","2777","1634","4412","3868","0","0","0","1377","3868","5245"
"2022-12-17","port784","Nacala","Mozambique","MOZ","1","0","0","0","0","1","1","0","0","0","0","0","0","0","4281","0","0","0","0","4281","4281"
"2021-11-10","port784","Nacala","Mozambique","MOZ","0","1","0","0","0","1","1","0","0","0","0","0","0","0","0","16887","0","0","0","16887","16887"
"2023-12-14","port784","Nacala","Mozambique","MOZ","0","0","0","0","0","0","0","0","0","0","0","0","0","0","0","0","0","0","0","0","0"
"2022-12-18","port784","Nacala","Mozambique","MOZ","0","2","0","0","0","2","2","0","8182","0","0","0","8182","8182","0","56457","0","0","0","56457","56457"
"2021-11-11","port784","Nacala","Mozambique","MOZ","0","2","0","0","1","2","3","0","15809","0","0","0","15809","15809","0","0","0","0","39397","0","39397"
"2023-12-15","port784","Nacala","Mozambique","MOZ","0","0","0","0","1","0","1","0","0","0","0","0","0","0","0","0","0","0","0","0","0"
"2022-12-19","port784","Nacala","Mozambique","MOZ","0","1","0","0","0","1","1","0","0","0","0","0","0","0","0","19519","0","0","0","19519","19519"
"2021-11-12","port784","Nacala","Mozambique","MOZ","0","1","0","0","0","1","1","0","0","0","0","0","0","0","0","59567","0","0","0","59567","59567"
"2023-12-16","port784","Nacala","Mozambique","MOZ","0","0","0","0","0","0","0","0","0","0","0","0","0","0","0","0","0","0","0","0","0"
"2022-12-20","port784","Nacala","Mozambique","MOZ","1","1","0","0","0","2","2","0","0","0","0","0","0","0","2320","31028","0","0","0","33349","33349"
"2021-11-13","port784","Nacala","Mozambique","MOZ","0","0","0","0","0","0","0","0","0","0","0","0","0","0","0","0","0","0","0","0","0"
"2023-12-17","port784","Nacala","Mozambique","MOZ","0","0","0","0","0","0","0","0","0","0","0","0","0","0","0","0","0","0","0","0","0"
"2022-12-21","port784","Nacala","Mozambique","MOZ","0","0","0","0","0","0","0","0","0","0","0","0","0","0","0","0","0","0","0","0","0"
"2021-11-14","port784","Nacala","Mozambique","MOZ","1","0","0","0","1","1","2","1827","0","0","0","0","1827","1827","2312","0","0","0","0","2312","2312"
"2023-12-18","port784","Nacala","Mozambique","MOZ","0","0","0","0","0","0","0","0","0","0","0","0","0","0","0","0","0","0","0","0","0"
"2022-12-22","port784","Nacala","Mozambique","MOZ","0","0","0","0","1","0","1","0","0","0","0","0","0","0","0","0","0","0","0","0","0"
"2021-11-15","port784","Nacala","Mozambique","MOZ","0","0","0","0","0","0","0","0","0","0","0","0","0","0","0","0","0","0","0","0","0"
"2023-12-19","port784","Nacala","Mozambique","MOZ","1","1","0","0","0","2","2","0","7313","0","0","0","7313","7313","1891","0","0","0","0","1891","1891"
"2022-12-23","port784","Nacala","Mozambique","MOZ","1","0","0","0","0","1","1","6509","0","0","0","0","6509","6509","0","0","0","0","0","0","0"
"2021-11-16","port784","Nacala","Mozambique","MOZ","0","2","0","0","0","2","2","0","0","0","0","0","0","0","0","103155","0","0","0","103155","103155"
"2023-12-20","port784","Nacala","Mozambique","MOZ","1","1","0","0","2","2","4","0","0","0","0","2777","0","2777","25870","59207","0","0","1377","85077","86455"
"2022-12-24","port784","Nacala","Mozambique","MOZ","0","1","0","0","1","1","2","0","0","0","0","30306","0","30306","0","61338","0","0","0","61338","61338"
"2021-11-17","port784","Nacala","Mozambique","MOZ","0","0","0","0","0","0","0","0","0","0","0","0","0","0","0","0","0","0","0","0","0"
"2023-12-21","port784","Nacala","Mozambique","MOZ","0","1","0","0","0","1","1","0","5027","0","0","0","5027","5027","0","49803","0","0","0","49803","49803"
"2022-12-25","port784","Nacala","Mozambique","MOZ","0","0","0","0","2","0","2","0","0","0","0","0","0","0","0","0","0","0","0","0","0"
"2021-11-18","port784","Nacala","Mozambique","MOZ","0","0","0","0","0","0","0","0","0","0","0","0","0","0","0","0","0","0","0","0","0"
"2023-12-22","port784","Nacala","Mozambique","MOZ","0","1","0","0","0","1","1","0","0","0","0","0","0","0","0","0","0","0","0","0","0"
"2022-12-26","port784","Nacala","Mozambique","MOZ","0","1","0","0","0","1","1","0","0","0","0","0","0","0","0","81642","0","0","0","81642","81642"
"2021-11-19","port784","Nacala","Mozambique","MOZ","0","1","0","0","0","1","1","0","0","0","0","0","0","0","0","78691","0","0","0","78691","78691"
"2022-12-27","port784","Nacala","Mozambique","MOZ","0","0","0","0","1","0","1","0","0","0","0","0","0","0","0","0","0","0","0","0","0"
"2021-11-20","port784","Nacala","Mozambique","MOZ","0","0","0","0","0","0","0","0","0","0","0","0","0","0","0","0","0","0","0","0","0"
"2023-12-23","port784","Nacala","Mozambique","MOZ","0","1","0","0","0","1","1","0","10373","0","0","0","10373","10373","0","0","0","0","0","0","0"
"2022-12-28","port784","Nacala","Mozambique","MOZ","0","1","0","0","1","1","2","0","0","0","0","0","0","0","0","79105","0","0","0","79105","79105"
"2021-11-21","port784","Nacala","Mozambique","MOZ","0","0","0","0","0","0","0","0","0","0","0","0","0","0","0","0","0","0","0","0","0"
"2023-12-24","port784","Nacala","Mozambique","MOZ","0","1","0","0","1","1","2","0","0","0","0","30704","0","30704","0","78903","0","0","0","78903","78903"
"2022-12-29","port784","Nacala","Mozambique","MOZ","0","2","0","0","1","2","3","0","16887","0","0","1402","16887","18289","0","56759","0","0","0","56759","56759"
"2021-11-22","port784","Nacala","Mozambique","MOZ","1","0","0","0","1","1","2","0","0","0","0","0","0","0","1841","0","0","0","0","1841","1841"
"2023-12-25","port784","Nacala","Mozambique","MOZ","0","0","0","0","0","0","0","0","0","0","0","0","0","0","0","0","0","0","0","0","0"
"2022-12-30","port784","Nacala","Mozambique","MOZ","1","0","0","0","0","1","1","0","0","0","0","0","0","0","3658","0","0","0","0","3658","3658"
"2021-11-23","port784","Nacala","Mozambique","MOZ","0","1","0","0","0","1","1","0","0","0","0","0","0","0","0","111194","0","0","0","111194","111194"
"2023-12-26","port784","Nacala","Mozambique","MOZ","0","1","0","0","0","1","1","0","0","0","0","0","0","0","0","72898","0","0","0","72898","72898"
"2022-12-31","port784","Nacala","Mozambique","MOZ","0","1","0","0","0","1","1","0","0","0","0","0","0","0","0","53026","0","0","0","53026","53026"
"2021-11-24","port784","Nacala","Mozambique","MOZ","0","0","1","0","1","1","2","0","0","330","0","0","330","330","0","0","0","0","0","0","0"
"2023-12-27","port784","Nacala","Mozambique","MOZ","0","1","0","0","0","1","1","0","7819","0","0","0","7819","7819","0","0","0","0","0","0","0"
"2023-01-01","port784","Nacala","Mozambique","MOZ","0","1","0","0","0","1","1","0","0","0","0","0","0","0","0","0","0","0","0","0","0"
"2021-11-25","port784","Nacala","Mozambique","MOZ","0","1","0","0","0","1","1","0","0","0","0","0","0","0","0","4027","0","0","0","4027","4027"
"2023-12-28","port784","Nacala","Mozambique","MOZ","0","1","0","0","0","1","1","0","0","0","0","0","0","0","0","162484","0","0","0","162484","162484"
"2023-01-02","port784","Nacala","Mozambique","MOZ","0","2","0","0","1","2","3","0","13718","0","0","0","13718","13718","0","88539","0","0","0","88539","88539"
"2021-11-26","port784","Nacala","Mozambique","MOZ","0","1","0","0","0","1","1","0","37126","0","0","0","37126","37126","0","0","0","0","0","0","0"
"2023-12-29","port784","Nacala","Mozambique","MOZ","0","0","0","0","0","0","0","0","0","0","0","0","0","0","0","0","0","0","0","0","0"
"2023-01-03","port784","Nacala","Mozambique","MOZ","0","0","0","0","0","0","0","0","0","0","0","0","0","0","0","0","0","0","0","0","0"
"2021-11-27","port784","Nacala","Mozambique","MOZ","0","1","0","0","0","1","1","0","16321","0","0","0","16321","16321","0","0","0","0","0","0","0"
"2023-12-30","port784","Nacala","Mozambique","MOZ","0","0","0","0","1","0","1","0","0","0","0","0","0","0","0","0","0","0","0","0","0"
"2023-01-04","port784","Nacala","Mozambique","MOZ","0","1","0","0","0","1","1","0","0","0","0","0","0","0","0","41486","0","0","0","41486","41486"
"2021-11-28","port784","Nacala","Mozambique","MOZ","0","1","0","0","1","1","2","0","0","0","0","0","0","0","0","182070","0","0","0","182070","182070"
"2023-12-31","port784","Nacala","Mozambique","MOZ","0","0","0","0","0","0","0","0","0","0","0","0","0","0","0","0","0","0","0","0","0"
"2023-01-05","port784","Nacala","Mozambique","MOZ","0","0","1","0","0","1","1","0","0","377","0","0","377","377","0","0","0","0","0","0","0"
"2021-11-29","port784","Nacala","Mozambique","MOZ","0","0","0","0","0","0","0","0","0","0","0","0","0","0","0","0","0","0","0","0","0"
"2024-01-01","port784","Nacala","Mozambique","MOZ","0","0","0","0","0","0","0","0","0","0","0","0","0","0","0","0","0","0","0","0","0"
"2023-01-06","port784","Nacala","Mozambique","MOZ","0","0","0","0","0","0","0","0","0","0","0","0","0","0","0","0","0","0","0","0","0"
"2021-11-30","port784","Nacala","Mozambique","MOZ","0","1","0","0","1","1","2","0","37663","0","0","0","37663","37663","0","0","0","0","0","0","0"
"2024-01-02","port784","Nacala","Mozambique","MOZ","0","1","0","0","0","1","1","0","19004","0","0","0","19004","19004","0","0","0","0","0","0","0"
"2023-01-07","port784","Nacala","Mozambique","MOZ","1","1","0","0","0","2","2","0","0","0","0","0","0","0","3472","60608","0","0","0","64081","64081"
"2021-12-01","port784","Nacala","Mozambique","MOZ","0","0","0","0","0","0","0","0","0","0","0","0","0","0","0","0","0","0","0","0","0"
"2024-01-03","port784","Nacala","Mozambique","MOZ","0","0","0","0","0","0","0","0","0","0","0","0","0","0","0","0","0","0","0","0","0"
"2023-01-08","port784","Nacala","Mozambique","MOZ","0","0","0","0","1","0","1","0","0","0","0","0","0","0","0","0","0","0","0","0","0"
"2021-12-02","port784","Nacala","Mozambique","MOZ","0","0","0","0","1","0","1","0","0","0","0","1030","0","1030","0","0","0","0","0","0","0"
"2024-01-04","port784","Nacala","Mozambique","MOZ","0","1","0","0","0","1","1","0","0","0","0","0","0","0","0","78517","0","0","0","78517","78517"
"2023-01-09","port784","Nacala","Mozambique","MOZ","2","0","0","0","1","2","3","4146","0","0","0","0","4146","4146","5832","0","0","0","0","5832","5832"
"2021-12-03","port784","Nacala","Mozambique","MOZ","1","0","1","0","0","2","2","0","0","1451","0","0","1451","1451","4196","0","1589","0","0","5785","5785"
"2024-01-05","port784","Nacala","Mozambique","MOZ","0","1","0","0","1","1","2","0","0","0","0","0","0","0","0","83823","0","0","43771","83823","127595"
"2021-12-04","port784","Nacala","Mozambique","MOZ","0","0","0","0","0","0","0","0","0","0","0","0","0","0","0","0","0","0","0","0","0"
"2024-01-06","port784","Nacala","Mozambique","MOZ","0","1","0","0","0","1","1","0","0","0","0","0","0","0","0","58653","0","0","0","58653","58653"
"2023-01-10","port784","Nacala","Mozambique","MOZ","0","1","0","0","0","1","1","0","0","0","0","0","0","0","0","60584","0","0","0","60584","60584"
"2021-12-05","port784","Nacala","Mozambique","MOZ","0","0","0","0","0","0","0","0","0","0","0","0","0","0","0","0","0","0","0","0","0"
"2024-01-07","port784","Nacala","Mozambique","MOZ","1","0","0","0","0","1","1","2691","0","0","0","0","2691","2691","0","0","0","0","0","0","0"
"2023-01-11","port784","Nacala","Mozambique","MOZ","0","1","0","0","0","1","1","0","0","0","0","0","0","0","0","25551","0","0","0","25551","25551"
"2021-12-06","port784","Nacala","Mozambique","MOZ","0","1","1","0","0","2","2","0","0","1519","0","0","1519","1519","0","0","0","0","0","0","0"
"2024-01-08","port784","Nacala","Mozambique","MOZ","0","0","0","0","0","0","0","0","0","0","0","0","0","0","0","0","0","0","0","0","0"
"2023-01-12","port784","Nacala","Mozambique","MOZ","0","1","0","0","0","1","1","0","5027","0","0","0","5027","5027","0","49803","0","0","0","49803","49803"
"2021-12-07","port784","Nacala","Mozambique","MOZ","0","0","0","0","1","0","1","0","0","0","0","2777","0","2777","0","0","0","0","1377","0","1377"
"2024-01-09","port784","Nacala","Mozambique","MOZ","0","0","0","0","0","0","0","0","0","0","0","0","0","0","0","0","0","0","0","0","0"
"2023-01-13","port784","Nacala","Mozambique","MOZ","0","0","0","0","0","0","0","0","0","0","0","0","0","0","0","0","0","0","0","0","0"
"2021-12-08","port784","Nacala","Mozambique","MOZ","0","1","0","0","0","1","1","0","26142","0","0","0","26142","26142","0","0","0","0","0","0","0"
"2024-01-10","port784","Nacala","Mozambique","MOZ","1","0","0","0","0","1","1","0","0","0","0","0","0","0","6133","0","0","0","0","6133","6133"
"2023-01-14","port784","Nacala","Mozambique","MOZ","0","1","0","0","1","1","2","0","0","0","0","0","0","0","0","57422","0","0","0","57422","57422"
"2021-12-09","port784","Nacala","Mozambique","MOZ","0","1","0","0","0","1","1","0","0","0","0","0","0","0","0","31272","0","0","0","31272","31272"
"2024-01-11","port784","Nacala","Mozambique","MOZ","1","1","0","0","0","2","2","1827","0","0","0","0","1827","1827","2312","22213","0","0","0","24526","24526"
"2023-01-15","port784","Nacala","Mozambique","MOZ","1","0","0","0","0","1","1","0","0","0","0","0","0","0","1169","0","0","0","0","1169","1169"
"2021-12-10","port784","Nacala","Mozambique","MOZ","0","1","0","0","0","1","1","0","0","0","0","0","0","0","0","0","0","0","0","0","0"
"2024-01-12","port784","Nacala","Mozambique","MOZ","0","0","0","0","0","0","0","0","0","0","0","0","0","0","0","0","0","0","0","0","0"
"2023-01-16","port784","Nacala","Mozambique","MOZ","0","1","0","0","0","1","1","0","5027","0","0","0","5027","5027","0","49803","0","0","0","49803","49803"
"2021-12-11","port784","Nacala","Mozambique","MOZ","0","0","1","0","0","1","1","0","0","1451","0","0","1451","1451","0","0","1589","0","0","1589","1589"
"2024-01-13","port784","Nacala","Mozambique","MOZ","0","0","0","0","0","0","0","0","0","0","0","0","0","0","0","0","0","0","0","0","0"
"2023-01-17","port784","Nacala","Mozambique","MOZ","0","2","0","0","0","2","2","0","0","0","0","0","0","0","0","60558","0","0","0","60558","60558"
"2021-12-12","port784","Nacala","Mozambique","MOZ","1","0","1","0","0","2","2","0","0","1451","0","0","1451","1451","4577","0","1589","0","0","6167","6167"
"2024-01-14","port784","Nacala","Mozambique","MOZ","0","0","0","0","0","0","0","0","0","0","0","0","0","0","0","0","0","0","0","0","0"
"2023-01-18","port784","Nacala","Mozambique","MOZ","0","0","0","0","0","0","0","0","0","0","0","0","0","0","0","0","0","0","0","0","0"
"2021-12-13","port784","Nacala","Mozambique","MOZ","0","1","0","0","0","1","1","0","0","0","0","0","0","0","0","70032","0","0","0","70032","70032"
"2024-01-15","port784","Nacala","Mozambique","MOZ","1","1","0","0","0","2","2","0","0","0","0","0","0","0","4852","16190","0","0","0","21043","21043"
"2023-01-19","port784","Nacala","Mozambique","MOZ","1","1","0","0","0","2","2","0","0","0","0","0","0","0","5408","53502","0","0","0","58911","58911"
"2021-12-14","port784","Nacala","Mozambique","MOZ","0","0","0","0","1","0","1","0","0","0","0","0","0","0","0","0","0","0","0","0","0"
"2024-01-16","port784","Nacala","Mozambique","MOZ","0","1","0","0","1","1","2","0","0","0","0","33008","0","33008","0","81680","0","0","0","81680","81680"
"2023-01-20","port784","Nacala","Mozambique","MOZ","0","0","0","0","1","0","1","0","0","0","0","0","0","0","0","0","0","0","0","0","0"
"2021-12-15","port784","Nacala","Mozambique","MOZ","0","0","0","0","0","0","0","0","0","0","0","0","0","0","0","0","0","0","0","0","0"
"2024-01-17","port784","Nacala","Mozambique","MOZ","0","0","0","0","0","0","0","0","0","0","0","0","0","0","0","0","0","0","0","0","0"
"2023-01-21","port784","Nacala","Mozambique","MOZ","0","1","0","0","0","1","1","0","0","0","0","0","0","0","0","45436","0","0","0","45436","45436"
"2021-12-16","port784","Nacala","Mozambique","MOZ","1","0","0","0","1","1","2","0","0","0","0","0","0","0","1680","0","0","0","0","1680","1680"
"2024-01-18","port784","Nacala","Mozambique","MOZ","0","1","0","0","0","1","1","0","0","0","0","0","0","0","0","78076","0","0","0","78076","78076"
"2023-01-22","port784","Nacala","Mozambique","MOZ","0","0","0","0","0","0","0","0","0","0","0","0","0","0","0","0","0","0","0","0","0"
"2021-12-17","port784","Nacala","Mozambique","MOZ","0","0","0","0","0","0","0","0","0","0","0","0","0","0","0","0","0","0","0","0","0"
"2024-01-19","port784","Nacala","Mozambique","MOZ","1","0","1","0","0","2","2","0","0","0","0","0","0","0","1607","0","0","0","0","1607","1607"
"2023-01-23","port784","Nacala","Mozambique","MOZ","0","2","0","0","0","2","2","0","54260","0","0","0","54260","54260","0","69715","0","0","0","69715","69715"
"2024-01-20","port784","Nacala","Mozambique","MOZ","1","1","0","0","0","2","2","0","0","0","0","0","0","0","4840","0","0","0","0","4840","4840"
"2023-01-24","port784","Nacala","Mozambique","MOZ","1","1","0","0","1","2","3","0","0","0","0","2777","0","2777","8113","0","0","0","1377","8113","9490"
"2021-12-18","port784","Nacala","Mozambique","MOZ","0","2","0","0","0","2","2","0","0","0","0","0","0","0","0","85431","0","0","0","85431","85431"
"2023-01-25","port784","Nacala","Mozambique","MOZ","0","0","0","0","0","0","0","0","0","0","0","0","0","0","0","0","0","0","0","0","0"
"2024-01-21","port784","Nacala","Mozambique","MOZ","0","0","0","0","1","0","1","0","0","0","0","3104","0","3104","0","0","0","0","2559","0","2559"
"2021-12-19","port784","Nacala","Mozambique","MOZ","0","1","0","0","0","1","1","0","0","0","0","0","0","0","0","45938","0","0","0","45938","45938"
"2023-01-26","port784","Nacala","Mozambique","MOZ","0","1","0","0","0","1","1","0","0","0","0","0","0","0","0","0","0","0","0","0","0"
"2024-01-22","port784","Nacala","Mozambique","MOZ","0","0","0","0","0","0","0","0","0","0","0","0","0","0","0","0","0","0","0","0","0"
"2021-12-20","port784","Nacala","Mozambique","MOZ","0","1","0","0","1","1","2","0","0","0","0","0","0","0","0","92600","0","0","4155","92600","96755"
"2023-01-27","port784","Nacala","Mozambique","MOZ","0","0","0","0","0","0","0","0","0","0","0","0","0","0","0","0","0","0","0","0","0"
"2024-01-23","port784","Nacala","Mozambique","MOZ","0","1","0","0","1","1","2","0","0","0","0","0","0","0","0","77503","0","0","0","77503","77503"
"2021-12-21","port784","Nacala","Mozambique","MOZ","0","0","0","0","0","0","0","0","0","0","0","0","0","0","0","0","0","0","0","0","0"
"2023-01-28","port784","Nacala","Mozambique","MOZ","0","1","0","0","0","1","1","0","0","0","0","0","0","0","0","76408","0","0","0","76408","76408"
"2024-01-24","port784","Nacala","Mozambique","MOZ","0","0","0","0","0","0","0","0","0","0","0","0","0","0","0","0","0","0","0","0","0"
"2021-12-22","port784","Nacala","Mozambique","MOZ","0","2","0","0","0","2","2","0","5027","0","0","0","5027","5027","0","98321","0","0","0","98321","98321"
"2023-01-29","port784","Nacala","Mozambique","MOZ","0","0","0","0","0","0","0","0","0","0","0","0","0","0","0","0","0","0","0","0","0"
"2024-01-25","port784","Nacala","Mozambique","MOZ","1","0","0","0","1","1","2","1959","0","0","0","0","1959","1959","0","0","0","0","0","0","0"
"2021-12-23","port784","Nacala","Mozambique","MOZ","0","0","0","0","1","0","1","0","0","0","0","527","0","527","0","0","0","0","0","0","0"
"2023-01-30","port784","Nacala","Mozambique","MOZ","0","1","0","0","0","1","1","0","0","0","0","0","0","0","0","60634","0","0","0","60634","60634"
"2024-01-26","port784","Nacala","Mozambique","MOZ","0","0","0","0","1","0","1","0","0","0","0","8612","0","8612","0","0","0","0","0","0","0"
"2021-12-24","port784","Nacala","Mozambique","MOZ","0","1","0","0","0","1","1","0","0","0","0","0","0","0","0","0","0","0","0","0","0"
"2023-01-31","port784","Nacala","Mozambique","MOZ","0","0","0","0","0","0","0","0","0","0","0","0","0","0","0","0","0","0","0","0","0"
"2024-01-27","port784","Nacala","Mozambique","MOZ","0","1","0","0","0","1","1","0","0","0","0","0","0","0","0","83251","0","0","0","83251","83251"
"2021-12-25","port784","Nacala","Mozambique","MOZ","0","1","0","0","0","1","1","0","0","0","0","0","0","0","0","71926","0","0","0","71926","71926"
"2023-02-01","port784","Nacala","Mozambique","MOZ","0","0","0","0","1","0","1","0","0","0","0","0","0","0","0","0","0","0","0","0","0"
"2024-01-28","port784","Nacala","Mozambique","MOZ","0","0","0","0","0","0","0","0","0","0","0","0","0","0","0","0","0","0","0","0","0"
"2021-12-26","port784","Nacala","Mozambique","MOZ","0","1","1","0","0","2","2","0","0","1451","0","0","1451","1451","0","79281","1589","0","0","80870","80870"
"2023-02-02","port784","Nacala","Mozambique","MOZ","1","2","0","0","0","3","3","0","1665","0","0","0","1665","1665","3164","89038","0","0","0","92203","92203"
"2024-01-29","port784","Nacala","Mozambique","MOZ","0","0","0","0","1","0","1","0","0","0","0","0","0","0","0","0","0","0","0","0","0"
"2021-12-27","port784","Nacala","Mozambique","MOZ","0","0","0","0","0","0","0","0","0","0","0","0","0","0","0","0","0","0","0","0","0"
"2023-02-03","port784","Nacala","Mozambique","MOZ","0","0","0","0","0","0","0","0","0","0","0","0","0","0","0","0","0","0","0","0","0"
"2024-01-30","port784","Nacala","Mozambique","MOZ","1","1","0","0","0","2","2","0","0","0","0","0","0","0","3163","28968","0","0","0","32132","32132"
"2021-12-28","port784","Nacala","Mozambique","MOZ","0","1","0","0","1","1","2","0","0","0","0","0","0","0","0","173227","0","0","0","173227","173227"
"2023-02-04","port784","Nacala","Mozambique","MOZ","0","1","0","0","0","1","1","0","0","0","0","0","0","0","0","56228","0","0","0","56228","56228"
"2024-01-31","port784","Nacala","Mozambique","MOZ","1","1","0","0","0","2","2","0","51775","0","0","0","51775","51775","9854","0","0","0","0","9854","9854"
"2021-12-29","port784","Nacala","Mozambique","MOZ","1","0","0","0","0","1","1","0","0","0","0","0","0","0","650","0","0","0","0","650","650"
"2023-02-05","port784","Nacala","Mozambique","MOZ","1","1","0","0","0","2","2","0","56358","0","0","0","56358","56358","2336","0","0","0","0","2336","2336"
"2024-02-01","port784","Nacala","Mozambique","MOZ","0","1","0","0","1","1","2","0","0","0","0","0","0","0","0","1381","0","0","10951","1381","12332"
"2021-12-30","port784","Nacala","Mozambique","MOZ","0","1","0","0","1","1","2","0","0","0","0","2777","0","2777","0","72094","0","0","1377","72094","73472"
"2023-02-06","port784","Nacala","Mozambique","MOZ","0","0","0","0","0","0","0","0","0","0","0","0","0","0","0","0","0","0","0","0","0"
"2024-02-02","port784","Nacala","Mozambique","MOZ","2","0","0","0","0","2","2","1827","0","0","0","0","1827","1827","2585","0","0","0","0","2585","2585"
"2021-12-31","port784","Nacala","Mozambique","MOZ","0","1","0","0","0","1","1","0","0","0","0","0","0","0","0","13294","0","0","0","13294","13294"
"2024-02-03","port784","Nacala","Mozambique","MOZ","0","1","0","0","1","1","2","0","0","0","0","2340","0","2340","0","174825","0","0","0","174825","174825"
"2022-01-01","port784","Nacala","Mozambique","MOZ","0","0","0","0","0","0","0","0","0","0","0","0","0","0","0","0","0","0","0","0","0"
"2023-02-07","port784","Nacala","Mozambique","MOZ","0","1","0","0","1","1","2","0","0","0","0","2777","0","2777","0","31666","0","0","1377","31666","33043"
"2024-02-04","port784","Nacala","Mozambique","MOZ","0","0","0","0","0","0","0","0","0","0","0","0","0","0","0","0","0","0","0","0","0"
"2022-01-02","port784","Nacala","Mozambique","MOZ","0","0","0","0","0","0","0","0","0","0","0","0","0","0","0","0","0","0","0","0","0"
"2023-02-08","port784","Nacala","Mozambique","MOZ","1","0","0","0","0","1","1","0","0","0","0","0","0","0","2608","0","0","0","0","2608","2608"
"2022-01-03","port784","Nacala","Mozambique","MOZ","1","1","0","0","0","2","2","0","0","0","0","0","0","0","0","70703","0","0","0","70703","70703"
"2024-02-05","port784","Nacala","Mozambique","MOZ","1","1","0","0","0","2","2","0","22759","0","0","0","22759","22759","3415","0","0","0","0","3415","3415"
"2023-02-09","port784","Nacala","Mozambique","MOZ","0","2","0","0","0","2","2","0","35039","0","0","0","35039","35039","0","24952","0","0","0","24952","24952"
"2022-01-04","port784","Nacala","Mozambique","MOZ","0","0","0","0","1","0","1","0","0","0","0","352","0","352","0","0","0","0","0","0","0"
"2024-02-06","port784","Nacala","Mozambique","MOZ","0","1","0","0","1","1","2","0","0","0","0","0","0","0","0","72866","0","0","0","72866","72866"
"2023-02-10","port784","Nacala","Mozambique","MOZ","0","1","0","0","0","1","1","0","0","0","0","0","0","0","0","83107","0","0","0","83107","83107"
"2022-01-05","port784","Nacala","Mozambique","MOZ","1","0","0","0","0","1","1","0","0","0","0","0","0","0","6384","0","0","0","0","6384","6384"
"2024-02-07","port784","Nacala","Mozambique","MOZ","1","0","0","0","0","1","1","4162","0","0","0","0","4162","4162","0","0","0","0","0","0","0"
"2023-02-11","port784","Nacala","Mozambique","MOZ","0","1","0","0","0","1","1","0","0","0","0","0","0","0","0","0","0","0","0","0","0"
"2022-01-06","port784","Nacala","Mozambique","MOZ","0","0","0","0","0","0","0","0","0","0","0","0","0","0","0","0","0","0","0","0","0"
"2024-02-08","port784","Nacala","Mozambique","MOZ","0","0","1","0","0","1","1","0","0","1653","0","0","1653","1653","0","0","0","0","0","0","0"
"2023-02-12","port784","Nacala","Mozambique","MOZ","1","0","0","0","0","1","1","0","0","0","0","0","0","0","3905","0","0","0","0","3905","3905"
"2022-01-07","port784","Nacala","Mozambique","MOZ","0","0","0","0","1","0","1","0","0","0","0","0","0","0","0","0","0","0","0","0","0"
"2024-02-09","port784","Nacala","Mozambique","MOZ","0","0","0","0","0","0","0","0","0","0","0","0","0","0","0","0","0","0","0","0","0"
"2023-02-13","port784","Nacala","Mozambique","MOZ","0","0","0","0","1","0","1","0","0","0","0","0","0","0","0","0","0","0","0","0","0"
"2022-01-08","port784","Nacala","Mozambique","MOZ","0","1","0","0","1","1","2","0","0","0","0","0","0","0","0","131008","0","0","0","131008","131008"
"2024-02-10","port784","Nacala","Mozambique","MOZ","0","0","0","0","0","0","0","0","0","0","0","0","0","0","0","0","0","0","0","0","0"
"2023-02-14","port784","Nacala","Mozambique","MOZ","0","1","0","0","0","1","1","0","0","0","0","0","0","0","0","192530","0","0","0","192530","192530"
"2022-01-09","port784","Nacala","Mozambique","MOZ","0","0","0","0","0","0","0","0","0","0","0","0","0","0","0","0","0","0","0","0","0"
"2024-02-11","port784","Nacala","Mozambique","MOZ","0","0","0","0","0","0","0","0","0","0","0","0","0","0","0","0","0","0","0","0","0"
"2023-02-15","port784","Nacala","Mozambique","MOZ","0","1","0","0","0","1","1","0","5027","0","0","0","5027","5027","0","49803","0","0","0","49803","49803"
"2022-01-10","port784","Nacala","Mozambique","MOZ","0","1","0","0","0","1","1","0","0","0","0","0","0","0","0","25958","0","0","0","25958","25958"
"2024-02-12","port784","Nacala","Mozambique","MOZ","0","0","0","0","0","0","0","0","0","0","0","0","0","0","0","0","0","0","0","0","0"
"2023-02-16","port784","Nacala","Mozambique","MOZ","0","0","0","0","0","0","0","0","0","0","0","0","0","0","0","0","0","0","0","0","0"
"2022-01-11","port784","Nacala","Mozambique","MOZ","0","0","0","0","1","0","1","0","0","0","0","0","0","0","0","0","0","0","0","0","0"
"2024-02-13","port784","Nacala","Mozambique","MOZ","1","0","0","0","0","1","1","0","0","0","0","0","0","0","3542","0","0","0","0","3542","3542"
"2023-02-17","port784","Nacala","Mozambique","MOZ","0","1","0","0","0","1","1","0","13426","0","0","0","13426","13426","0","0","0","0","0","0","0"
"2022-01-12","port784","Nacala","Mozambique","MOZ","0","0","0","0","0","0","0","0","0","0","0","0","0","0","0","0","0","0","0","0","0"
"2024-02-14","port784","Nacala","Mozambique","MOZ","1","0","0","0","0","1","1","2811","0","0","0","0","2811","2811","0","0","0","0","0","0","0"
"2023-02-18","port784","Nacala","Mozambique","MOZ","1","0","0","0","1","1","2","0","0","0","0","0","0","0","3146","0","0","0","40122","3146","43268"
"2022-01-13","port784","Nacala","Mozambique","MOZ","0","0","0","0","0","0","0","0","0","0","0","0","0","0","0","0","0","0","0","0","0"
"2024-02-15","port784","Nacala","Mozambique","MOZ","0","1","0","0","0","1","1","0","0","0","0","0","0","0","0","73713","0","0","0","73713","73713"
"2023-02-19","port784","Nacala","Mozambique","MOZ","0","1","0","0","0","1","1","0","0","0","0","0","0","0","0","79851","0","0","0","79851","79851"
"2022-01-14","port784","Nacala","Mozambique","MOZ","0","0","1","0","1","1","2","0","0","1451","0","0","1451","1451","0","0","1589","0","0","1589","1589"
"2024-02-16","port784","Nacala","Mozambique","MOZ","0","0","0","0","0","0","0","0","0","0","0","0","0","0","0","0","0","0","0","0","0"
"2023-02-20","port784","Nacala","Mozambique","MOZ","0","0","0","0","0","0","0","0","0","0","0","0","0","0","0","0","0","0","0","0","0"
"2024-02-17","port784","Nacala","Mozambique","MOZ","0","0","0","0","1","0","1","0","0","0","0","0","0","0","0","0","0","0","43601","0","43601"
"2023-02-21","port784","Nacala","Mozambique","MOZ","0","0","0","0","0","0","0","0","0","0","0","0","0","0","0","0","0","0","0","0","0"
"2024-02-18","port784","Nacala","Mozambique","MOZ","0","2","0","0","0","2","2","0","58123","0","0","0","58123","58123","0","78181","0","0","0","78181","78181"
"2022-01-15","port784","Nacala","Mozambique","MOZ","0","0","0","0","0","0","0","0","0","0","0","0","0","0","0","0","0","0","0","0","0"
"2023-02-22","port784","Nacala","Mozambique","MOZ","1","1","0","0","1","2","3","0","0","0","0","0","0","0","15579","54658","0","0","0","70238","70238"
"2024-02-19","port784","Nacala","Mozambique","MOZ","1","0","0","0","0","1","1","0","0","0","0","0","0","0","433","0","0","0","0","433","433"
"2022-01-16","port784","Nacala","Mozambique","MOZ","0","1","0","0","0","1","1","0","0","0","0","0","0","0","0","124810","0","0","0","124810","124810"
"2023-02-23","port784","Nacala","Mozambique","MOZ","0","0","0","0","0","0","0","0","0","0","0","0","0","0","0","0","0","0","0","0","0"
"2024-02-20","port784","Nacala","Mozambique","MOZ","1","2","0","0","0","3","3","0","0","0","0","0","0","0","3595","36468","0","0","0","40063","40063"
"2022-01-17","port784","Nacala","Mozambique","MOZ","0","1","0","0","1","1","2","0","0","0","0","0","0","0","0","16887","0","0","0","16887","16887"
"2023-02-24","port784","Nacala","Mozambique","MOZ","0","1","0","0","0","1","1","0","0","0","0","0","0","0","0","0","0","0","0","0","0"
"2024-02-21","port784","Nacala","Mozambique","MOZ","0","0","0","0","1","0","1","0","0","0","0","0","0","0","0","0","0","0","0","0","0"
"2022-01-18","port784","Nacala","Mozambique","MOZ","0","1","0","0","0","1","1","0","0","0","0","0","0","0","0","34653","0","0","0","34653","34653"
"2023-02-25","port784","Nacala","Mozambique","MOZ","0","0","0","0","0","0","0","0","0","0","0","0","0","0","0","0","0","0","0","0","0"
"2024-02-22","port784","Nacala","Mozambique","MOZ","1","0","0","0","0","1","1","1827","0","0","0","0","1827","1827","2312","0","0","0","0","2312","2312"
"2022-01-19","port784","Nacala","Mozambique","MOZ","0","0","0","0","0","0","0","0","0","0","0","0","0","0","0","0","0","0","0","0","0"
"2023-02-26","port784","Nacala","Mozambique","MOZ","0","0","0","0","0","0","0","0","0","0","0","0","0","0","0","0","0","0","0","0","0"
"2024-02-23","port784","Nacala","Mozambique","MOZ","0","1","0","0","0","1","1","0","0","0","0","0","0","0","0","15626","0","0","0","15626","15626"
"2022-01-20","port784","Nacala","Mozambique","MOZ","0","0","1","0","1","1","2","0","0","0","0","2777","0","2777","0","0","4171","0","1377","4171","5548"
"2023-02-27","port784","Nacala","Mozambique","MOZ","0","0","0","0","1","0","1","0","0","0","0","2777","0","2777","0","0","0","0","1377","0","1377"
"2024-02-24","port784","Nacala","Mozambique","MOZ","0","0","0","0","0","0","0","0","0","0","0","0","0","0","0","0","0","0","0","0","0"
"2022-01-21","port784","Nacala","Mozambique","MOZ","0","0","0","0","1","0","1","0","0","0","0","0","0","0","0","0","0","0","1235","0","1235"
"2023-02-28","port784","Nacala","Mozambique","MOZ","0","1","0","0","0","1","1","0","0","0","0","0","0","0","0","0","0","0","0","0","0"
"2024-02-25","port784","Nacala","Mozambique","MOZ","0","0","0","0","0","0","0","0","0","0","0","0","0","0","0","0","0","0","0","0","0"
"2022-01-22","port784","Nacala","Mozambique","MOZ","0","0","0","0","0","0","0","0","0","0","0","0","0","0","0","0","0","0","0","0","0"
"2023-03-01","port784","Nacala","Mozambique","MOZ","0","0","0","0","0","0","0","0","0","0","0","0","0","0","0","0","0","0","0","0","0"
"2024-02-26","port784","Nacala","Mozambique","MOZ","0","2","0","0","0","2","2","0","27860","0","0","0","27860","27860","0","161456","0","0","0","161456","161456"
"2022-01-23","port784","Nacala","Mozambique","MOZ","0","1","0","0","1","1","2","0","0","0","0","0","0","0","0","48330","0","0","0","48330","48330"
"2023-03-02","port784","Nacala","Mozambique","MOZ","1","0","1","0","0","2","2","262","0","2208","0","0","2470","2470","0","0","0","0","0","0","0"
"2024-02-27","port784","Nacala","Mozambique","MOZ","0","0","0","0","1","0","1","0","0","0","0","0","0","0","0","0","0","0","0","0","0"
"2022-01-24","port784","Nacala","Mozambique","MOZ","0","0","0","0","0","0","0","0","0","0","0","0","0","0","0","0","0","0","0","0","0"
"2023-03-03","port784","Nacala","Mozambique","MOZ","0","1","0","0","0","1","1","0","0","0","0","0","0","0","0","73475","0","0","0","73475","73475"
"2024-02-28","port784","Nacala","Mozambique","MOZ","1","0","0","0","0","1","1","3301","0","0","0","0","3301","3301","0","0","0","0","0","0","0"
"2022-01-25","port784","Nacala","Mozambique","MOZ","0","0","0","0","0","0","0","0","0","0","0","0","0","0","0","0","0","0","0","0","0"
"2023-03-04","port784","Nacala","Mozambique","MOZ","0","1","0","0","0","1","1","0","5027","0","0","0","5027","5027","0","49803","0","0","0","49803","49803"
"2024-02-29","port784","Nacala","Mozambique","MOZ","0","0","0","0","0","0","0","0","0","0","0","0","0","0","0","0","0","0","0","0","0"
"2022-01-26","port784","Nacala","Mozambique","MOZ","0","0","0","0","0","0","0","0","0","0","0","0","0","0","0","0","0","0","0","0","0"
"2023-03-05","port784","Nacala","Mozambique","MOZ","0","0","0","0","0","0","0","0","0","0","0","0","0","0","0","0","0","0","0","0","0"
"2024-03-01","port784","Nacala","Mozambique","MOZ","0","0","0","0","0","0","0","0","0","0","0","0","0","0","0","0","0","0","0","0","0"
"2022-01-27","port784","Nacala","Mozambique","MOZ","0","1","0","0","0","1","1","0","0","0","0","0","0","0","0","78562","0","0","0","78562","78562"
"2023-03-06","port784","Nacala","Mozambique","MOZ","1","1","0","0","0","2","2","0","0","0","0","0","0","0","6940","40770","0","0","0","47711","47711"
"2024-03-02","port784","Nacala","Mozambique","MOZ","1","1","0","0","0","2","2","0","0","0","0","0","0","0","0","100136","0","0","0","100136","100136"
"2023-03-07","port784","Nacala","Mozambique","MOZ","0","0","0","0","0","0","0","0","0","0","0","0","0","0","0","0","0","0","0","0","0"
"2024-03-03","port784","Nacala","Mozambique","MOZ","0","0","0","0","0","0","0","0","0","0","0","0","0","0","0","0","0","0","0","0","0"
"2023-03-08","port784","Nacala","Mozambique","MOZ","1","0","0","0","0","1","1","0","0","0","0","0","0","0","3252","0","0","0","0","3252","3252"
"2024-03-04","port784","Nacala","Mozambique","MOZ","1","1","0","0","0","2","2","17155","0","0","0","0","17155","17155","0","20534","0","0","0","20534","20534"
"2022-01-28","port784","Nacala","Mozambique","MOZ","0","1","1","0","0","2","2","0","0","0","0","0","0","0","0","21533","1677","0","0","23210","23210"
"2023-03-09","port784","Nacala","Mozambique","MOZ","0","0","0","0","0","0","0","0","0","0","0","0","0","0","0","0","0","0","0","0","0"
"2024-03-05","port784","Nacala","Mozambique","MOZ","0","0","0","0","0","0","0","0","0","0","0","0","0","0","0","0","0","0","0","0","0"
"2022-01-29","port784","Nacala","Mozambique","MOZ","0","0","0","0","0","0","0","0","0","0","0","0","0","0","0","0","0","0","0","0","0"
"2023-03-10","port784","Nacala","Mozambique","MOZ","0","0","0","0","0","0","0","0","0","0","0","0","0","0","0","0","0","0","0","0","0"
"2024-03-06","port784","Nacala","Mozambique","MOZ","0","0","1","0","1","1","2","0","0","6526","0","0","6526","6526","0","0","0","0","0","0","0"
"2022-01-30","port784","Nacala","Mozambique","MOZ","0","0","0","0","0","0","0","0","0","0","0","0","0","0","0","0","0","0","0","0","0"
"2023-03-11","port784","Nacala","Mozambique","MOZ","0","0","0","0","0","0","0","0","0","0","0","0","0","0","0","0","0","0","0","0","0"
"2024-03-07","port784","Nacala","Mozambique","MOZ","0","0","0","0","0","0","0","0","0","0","0","0","0","0","0","0","0","0","0","0","0"
"2022-01-31","port784","Nacala","Mozambique","MOZ","0","0","0","0","0","0","0","0","0","0","0","0","0","0","0","0","0","0","0","0","0"
"2023-03-12","port784","Nacala","Mozambique","MOZ","1","0","0","0","0","1","1","0","0","0","0","0","0","0","7731","0","0","0","0","7731","7731"
"2024-03-08","port784","Nacala","Mozambique","MOZ","0","0","1","0","0","1","1","0","0","1257","0","0","1257","1257","0","0","0","0","0","0","0"
"2022-02-01","port784","Nacala","Mozambique","MOZ","0","1","0","0","1","1","2","0","0","0","0","0","0","0","0","30880","0","0","0","30880","30880"
"2023-03-13","port784","Nacala","Mozambique","MOZ","0","1","0","0","1","1","2","0","0","0","0","0","0","0","0","160438","0","0","0","160438","160438"
"2024-03-09","port784","Nacala","Mozambique","MOZ","1","1","0","0","0","2","2","0","0","0","0","0","0","0","762","17188","0","0","0","17951","17951"
"2022-02-02","port784","Nacala","Mozambique","MOZ","0","1","1","0","0","2","2","0","0","1451","0","0","1451","1451","0","163905","1589","0","0","165494","165494"
"2023-03-14","port784","Nacala","Mozambique","MOZ","0","0","0","0","0","0","0","0","0","0","0","0","0","0","0","0","0","0","0","0","0"
"2024-03-10","port784","Nacala","Mozambique","MOZ","0","0","0","0","0","0","0","0","0","0","0","0","0","0","0","0","0","0","0","0","0"
"2022-02-03","port784","Nacala","Mozambique","MOZ","0","0","0","0","1","0","1","0","0","0","0","0","0","0","0","0","0","0","0","0","0"
"2023-03-15","port784","Nacala","Mozambique","MOZ","0","0","0","0","0","0","0","0","0","0","0","0","0","0","0","0","0","0","0","0","0"
"2024-03-11","port784","Nacala","Mozambique","MOZ","0","0","0","0","0","0","0","0","0","0","0","0","0","0","0","0","0","0","0","0","0"
"2022-02-04","port784","Nacala","Mozambique","MOZ","0","1","0","0","0","1","1","0","0","0","0","0","0","0","0","57348","0","0","0","57348","57348"
"2023-03-16","port784","Nacala","Mozambique","MOZ","0","0","0","0","0","0","0","0","0","0","0","0","0","0","0","0","0","0","0","0","0"
"2024-03-12","port784","Nacala","Mozambique","MOZ","0","1","0","0","0","1","1","0","0","0","0","0","0","0","0","191290","0","0","0","191290","191290"
"2022-02-05","port784","Nacala","Mozambique","MOZ","1","0","0","0","0","1","1","3461","0","0","0","0","3461","3461","0","0","0","0","0","0","0"
"2023-03-17","port784","Nacala","Mozambique","MOZ","0","0","0","0","1","0","1","0","0","0","0","4698","0","4698","0","0","0","0","0","0","0"
"2024-03-13","port784","Nacala","Mozambique","MOZ","0","0","1","0","0","1","1","0","0","0","0","0","0","0","0","0","0","0","0","0","0"
"2022-02-06","port784","Nacala","Mozambique","MOZ","0","0","1","0","0","1","1","0","0","1451","0","0","1451","1451","0","0","1589","0","0","1589","1589"
"2023-03-18","port784","Nacala","Mozambique","MOZ","0","0","0","0","0","0","0","0","0","0","0","0","0","0","0","0","0","0","0","0","0"
"2024-03-14","port784","Nacala","Mozambique","MOZ","0","0","0","0","0","0","0","0","0","0","0","0","0","0","0","0","0","0","0","0","0"
"2022-02-07","port784","Nacala","Mozambique","MOZ","0","1","0","0","0","1","1","0","4363","0","0","0","4363","4363","0","0","0","0","0","0","0"
"2023-03-19","port784","Nacala","Mozambique","MOZ","0","0","0","0","0","0","0","0","0","0","0","0","0","0","0","0","0","0","0","0","0"
"2024-03-15","port784","Nacala","Mozambique","MOZ","0","1","1","0","0","2","2","0","0","0","0","0","0","0","0","165686","4247","0","0","169934","169934"
"2022-02-08","port784","Nacala","Mozambique","MOZ","0","1","0","0","0","1","1","0","0","0","0","0","0","0","0","29316","0","0","0","29316","29316"
"2023-03-20","port784","Nacala","Mozambique","MOZ","0","2","0","0","0","2","2","0","4678","0","0","0","4678","4678","0","0","0","0","0","0","0"
"2024-03-16","port784","Nacala","Mozambique","MOZ","1","1","0","0","1","2","3","2441","5570","0","0","0","8011","8011","0","0","0","0","349","0","349"
"2022-02-09","port784","Nacala","Mozambique","MOZ","0","0","0","0","1","0","1","0","0","0","0","2777","0","2777","0","0","0","0","1377","0","1377"
"2023-03-21","port784","Nacala","Mozambique","MOZ","1","0","0","0","0","1","1","315","0","0","0","0","315","315","0","0","0","0","0","0","0"
"2022-02-10","port784","Nacala","Mozambique","MOZ","0","0","0","0","0","0","0","0","0","0","0","0","0","0","0","0","0","0","0","0","0"
"2023-03-22","port784","Nacala","Mozambique","MOZ","0","0","0","0","0","0","0","0","0","0","0","0","0","0","0","0","0","0","0","0","0"
"2022-02-11","port784","Nacala","Mozambique","MOZ","0","0","0","0","0","0","0","0","0","0","0","0","0","0","0","0","0","0","0","0","0"
"2024-03-17","port784","Nacala","Mozambique","MOZ","1","0","0","0","0","1","1","0","0","0","0","0","0","0","393","0","0","0","0","393","393"
"2023-03-23","port784","Nacala","Mozambique","MOZ","1","0","0","0","1","1","2","382","0","0","0","0","382","382","0","0","0","0","0","0","0"
"2022-02-12","port784","Nacala","Mozambique","MOZ","0","0","0","0","0","0","0","0","0","0","0","0","0","0","0","0","0","0","0","0","0"
"2024-03-18","port784","Nacala","Mozambique","MOZ","0","0","0","0","0","0","0","0","0","0","0","0","0","0","0","0","0","0","0","0","0"
"2023-03-24","port784","Nacala","Mozambique","MOZ","0","0","0","0","0","0","0","0","0","0","0","0","0","0","0","0","0","0","0","0","0"
"2022-02-13","port784","Nacala","Mozambique","MOZ","0","0","0","0","0","0","0","0","0","0","0","0","0","0","0","0","0","0","0","0","0"
"2024-03-19","port784","Nacala","Mozambique","MOZ","1","2","0","0","0","3","3","0","28208","0","0","0","28208","28208","360","160782","0","0","0","161143","161143"
"2023-03-25","port784","Nacala","Mozambique","MOZ","0","0","0","0","0","0","0","0","0","0","0","0","0","0","0","0","0","0","0","0","0"
"2022-02-14","port784","Nacala","Mozambique","MOZ","1","1","0","0","1","2","3","0","29316","0","0","0","29316","29316","4023","0","0","0","0","4023","4023"
"2024-03-20","port784","Nacala","Mozambique","MOZ","0","0","0","0","0","0","0","0","0","0","0","0","0","0","0","0","0","0","0","0","0"
"2023-03-26","port784","Nacala","Mozambique","MOZ","0","1","0","0","1","1","2","0","0","0","0","0","0","0","0","79212","0","0","0","79212","79212"
"2022-02-15","port784","Nacala","Mozambique","MOZ","0","0","0","0","1","0","1","0","0","0","0","2777","0","2777","0","0","0","0","1377","0","1377"
"2024-03-21","port784","Nacala","Mozambique","MOZ","0","0","1","0","0","1","1","0","0","0","0","0","0","0","0","0","2122","0","0","2122","2122"
"2023-03-27","port784","Nacala","Mozambique","MOZ","0","0","0","0","0","0","0","0","0","0","0","0","0","0","0","0","0","0","0","0","0"
"2022-02-16","port784","Nacala","Mozambique","MOZ","0","1","0","0","1","1","2","0","0","0","0","527","0","527","0","161181","0","0","0","161181","161181"
"2024-03-22","port784","Nacala","Mozambique","MOZ","1","1","0","0","0","2","2","0","0","0","0","0","0","0","3032","76329","0","0","0","79361","79361"
"2023-03-28","port784","Nacala","Mozambique","MOZ","0","0","0","0","1","0","1","0","0","0","0","0","0","0","0","0","0","0","0","0","0"
"2022-02-17","port784","Nacala","Mozambique","MOZ","0","0","0","0","1","0","1","0","0","0","0","2777","0","2777","0","0","0","0","1377","0","1377"
"2024-03-23","port784","Nacala","Mozambique","MOZ","0","0","0","0","0","0","0","0","0","0","0","0","0","0","0","0","0","0","0","0","0"
"2023-03-29","port784","Nacala","Mozambique","MOZ","0","0","0","0","0","0","0","0","0","0","0","0","0","0","0","0","0","0","0","0","0"
"2022-02-18","port784","Nacala","Mozambique","MOZ","0","0","0","0","0","0","0","0","0","0","0","0","0","0","0","0","0","0","0","0","0"
"2024-03-24","port784","Nacala","Mozambique","MOZ","0","3","0","0","0","3","3","0","24727","0","0","0","24727","24727","0","73713","0","0","0","73713","73713"
"2023-03-30","port784","Nacala","Mozambique","MOZ","0","0","0","0","1","0","1","0","0","0","0","972","0","972","0","0","0","0","0","0","0"
"2022-02-19","port784","Nacala","Mozambique","MOZ","0","0","0","0","0","0","0","0","0","0","0","0","0","0","0","0","0","0","0","0","0"
"2024-03-25","port784","Nacala","Mozambique","MOZ","0","0","0","0","1","0","1","0","0","0","0","2777","0","2777","0","0","0","0","1377","0","1377"
"2023-03-31","port784","Nacala","Mozambique","MOZ","0","0","0","0","1","0","1","0","0","0","0","0","0","0","0","0","0","0","1556","0","1556"
"2022-02-20","port784","Nacala","Mozambique","MOZ","1","0","0","0","0","1","1","9755","0","0","0","0","9755","9755","0","0","0","0","0","0","0"
"2024-03-26","port784","Nacala","Mozambique","MOZ","0","1","0","0","0","1","1","0","0","0","0","0","0","0","0","79135","0","0","0","79135","79135"
"2023-04-01","port784","Nacala","Mozambique","MOZ","1","1","0","0","1","2","3","0","0","0","0","0","0","0","1573","77934","0","0","0","79508","79508"
"2022-02-21","port784","Nacala","Mozambique","MOZ","0","1","0","0","0","1","1","0","0","0","0","0","0","0","0","81587","0","0","0","81587","81587"
"2024-03-27","port784","Nacala","Mozambique","MOZ","0","0","0","0","1","0","1","0","0","0","0","2303","0","2303","0","0","0","0","0","0","0"
"2023-04-02","port784","Nacala","Mozambique","MOZ","0","1","0","0","0","1","1","0","58154","0","0","0","58154","58154","0","0","0","0","0","0","0"
"2022-02-22","port784","Nacala","Mozambique","MOZ","0","0","0","0","0","0","0","0","0","0","0","0","0","0","0","0","0","0","0","0","0"
"2024-03-28","port784","Nacala","Mozambique","MOZ","0","0","0","0","1","0","1","0","0","0","0","0","0","0","0","0","0","0","0","0","0"
"2023-04-03","port784","Nacala","Mozambique","MOZ","0","1","0","0","0","1","1","0","0","0","0","0","0","0","0","135396","0","0","0","135396","135396"
"2022-02-23","port784","Nacala","Mozambique","MOZ","0","2","0","0","0","2","2","0","75346","0","0","0","75346","75346","0","0","0","0","0","0","0"
"2024-03-29","port784","Nacala","Mozambique","MOZ","0","1","0","0","0","1","1","0","0","0","0","0","0","0","0","8895","0","0","0","8895","8895"
"2023-04-04","port784","Nacala","Mozambique","MOZ","0","1","0","0","1","1","2","0","32928","0","0","2777","32928","35705","0","0","0","0","1377","0","1377"
"2022-02-24","port784","Nacala","Mozambique","MOZ","0","1","0","0","0","1","1","0","0","0","0","0","0","0","0","88714","0","0","0","88714","88714"
"2023-04-05","port784","Nacala","Mozambique","MOZ","0","1","0","0","0","1","1","0","6305","0","0","0","6305","6305","0","0","0","0","0","0","0"
"2022-02-25","port784","Nacala","Mozambique","MOZ","0","0","0","0","0","0","0","0","0","0","0","0","0","0","0","0","0","0","0","0","0"
"2023-04-06","port784","Nacala","Mozambique","MOZ","0","0","0","0","0","0","0","0","0","0","0","0","0","0","0","0","0","0","0","0","0"
"2024-03-30","port784","Nacala","Mozambique","MOZ","1","0","1","0","0","2","2","5108","0","6188","0","0","11297","11297","0","0","0","0","0","0","0"
"2022-02-26","port784","Nacala","Mozambique","MOZ","0","0","0","0","0","0","0","0","0","0","0","0","0","0","0","0","0","0","0","0","0"
"2023-04-07","port784","Nacala","Mozambique","MOZ","0","1","0","0","0","1","1","0","0","0","0","0","0","0","0","163595","0","0","0","163595","163595"
"2024-03-31","port784","Nacala","Mozambique","MOZ","1","0","0","0","0","1","1","1827","0","0","0","0","1827","1827","2312","0","0","0","0","2312","2312"
"2022-02-27","port784","Nacala","Mozambique","MOZ","0","1","0","0","1","1","2","0","0","0","0","0","0","0","0","87128","0","0","0","87128","87128"
"2023-04-08","port784","Nacala","Mozambique","MOZ","1","0","0","0","0","1","1","5189","0","0","0","0","5189","5189","0","0","0","0","0","0","0"
"2024-04-01","port784","Nacala","Mozambique","MOZ","0","1","0","0","0","1","1","0","0","0","0","0","0","0","0","78562","0","0","0","78562","78562"
"2022-02-28","port784","Nacala","Mozambique","MOZ","0","1","0","0","0","1","1","0","53654","0","0","0","53654","53654","0","0","0","0","0","0","0"
"2023-04-09","port784","Nacala","Mozambique","MOZ","0","1","0","0","0","1","1","0","0","0","0","0","0","0","0","54489","0","0","0","54489","54489"
"2024-04-02","port784","Nacala","Mozambique","MOZ","0","0","1","0","1","1","2","0","0","1451","0","35594","1451","37045","0","0","1589","0","0","1589","1589"
"2022-03-01","port784","Nacala","Mozambique","MOZ","0","0","1","0","0","1","1","0","0","1451","0","0","1451","1451","0","0","1589","0","0","1589","1589"
"2023-04-10","port784","Nacala","Mozambique","MOZ","0","1","0","0","0","1","1","0","51065","0","0","0","51065","51065","0","0","0","0","0","0","0"
"2024-04-03","port784","Nacala","Mozambique","MOZ","2","0","0","0","0","2","2","1085","0","0","0","0","1085","1085","1513","0","0","0","0","1513","1513"
"2022-03-02","port784","Nacala","Mozambique","MOZ","0","2","0","0","1","2","3","0","24339","0","0","2777","24339","27117","0","72145","0","0","1377","72145","73523"
"2023-04-11","port784","Nacala","Mozambique","MOZ","1","0","0","0","0","1","1","0","0","0","0","0","0","0","2902","0","0","0","0","2902","2902"
"2024-04-04","port784","Nacala","Mozambique","MOZ","1","0","0","0","0","1","1","0","0","0","0","0","0","0","869","0","0","0","0","869","869"
"2022-03-03","port784","Nacala","Mozambique","MOZ","0","0","0","0","0","0","0","0","0","0","0","0","0","0","0","0","0","0","0","0","0"
"2023-04-12","port784","Nacala","Mozambique","MOZ","0","0","0","0","0","0","0","0","0","0","0","0","0","0","0","0","0","0","0","0","0"
"2024-04-05","port784","Nacala","Mozambique","MOZ","1","1","0","0","0","2","2","1838","0","0","0","0","1838","1838","0","162925","0","0","0","162925","162925"
"2022-03-04","port784","Nacala","Mozambique","MOZ","0","0","0","0","0","0","0","0","0","0","0","0","0","0","0","0","0","0","0","0","0"
"2023-04-13","port784","Nacala","Mozambique","MOZ","0","0","0","0","0","0","0","0","0","0","0","0","0","0","0","0","0","0","0","0","0"
"2024-04-06","port784","Nacala","Mozambique","MOZ","0","0","0","0","0","0","0","0","0","0","0","0","0","0","0","0","0","0","0","0","0"
"2022-03-05","port784","Nacala","Mozambique","MOZ","0","0","0","0","1","0","1","0","0","0","0","2777","0","2777","0","0","0","0","1377","0","1377"
"2023-04-14","port784","Nacala","Mozambique","MOZ","0","2","0","0","0","2","2","0","2036","0","0","0","2036","2036","0","145287","0","0","0","145287","145287"
"2024-04-07","port784","Nacala","Mozambique","MOZ","0","1","0","0","1","1","2","0","0","0","0","0","0","0","0","35335","0","0","0","35335","35335"
"2022-03-06","port784","Nacala","Mozambique","MOZ","0","0","0","0","0","0","0","0","0","0","0","0","0","0","0","0","0","0","0","0","0"
"2023-04-15","port784","Nacala","Mozambique","MOZ","0","0","0","0","0","0","0","0","0","0","0","0","0","0","0","0","0","0","0","0","0"
"2024-04-08","port784","Nacala","Mozambique","MOZ","1","1","0","0","0","2","2","332","0","0","0","0","332","332","2018","0","0","0","0","2018","2018"
"2022-03-07","port784","Nacala","Mozambique","MOZ","0","0","0","0","0","0","0","0","0","0","0","0","0","0","0","0","0","0","0","0","0"
"2023-04-16","port784","Nacala","Mozambique","MOZ","0","0","1","0","0","1","1","0","0","1257","0","0","1257","1257","0","0","0","0","0","0","0"
"2024-04-09","port784","Nacala","Mozambique","MOZ","0","0","0","0","0","0","0","0","0","0","0","0","0","0","0","0","0","0","0","0","0"
"2022-03-08","port784","Nacala","Mozambique","MOZ","0","0","0","0","0","0","0","0","0","0","0","0","0","0","0","0","0","0","0","0","0"
"2023-04-17","port784","Nacala","Mozambique","MOZ","1","0","0","0","0","1","1","10033","0","0","0","0","10033","10033","0","0","0","0","0","0","0"
"2024-04-10","port784","Nacala","Mozambique","MOZ","0","1","0","0","0","1","1","0","0","0","0","0","0","0","0","19395","0","0","0","19395","19395"
"2022-03-09","port784","Nacala","Mozambique","MOZ","0","0","0","0","0","0","0","0","0","0","0","0","0","0","0","0","0","0","0","0","0"
"2023-04-18","port784","Nacala","Mozambique","MOZ","1","0","0","0","0","1","1","1827","0","0","0","0","1827","1827","2312","0","0","0","0","2312","2312"
"2024-04-11","port784","Nacala","Mozambique","MOZ","0","0","0","0","0","0","0","0","0","0","0","0","0","0","0","0","0","0","0","0","0"
"2022-03-10","port784","Nacala","Mozambique","MOZ","0","1","0","0","0","1","1","0","5027","0","0","0","5027","5027","0","49803","0","0","0","49803","49803"
"2023-04-19","port784","Nacala","Mozambique","MOZ","0","1","0","0","0","1","1","0","11806","0","0","0","11806","11806","0","0","0","0","0","0","0"
"2022-03-11","port784","Nacala","Mozambique","MOZ","0","0","0","0","0","0","0","0","0","0","0","0","0","0","0","0","0","0","0","0","0"
"2023-04-20","port784","Nacala","Mozambique","MOZ","0","1","0","0","0","1","1","0","0","0","0","0","0","0","0","34746","0","0","0","34746","34746"
"2022-03-12","port784","Nacala","Mozambique","MOZ","0","1","0","0","0","1","1","0","0","0","0","0","0","0","0","122856","0","0","0","122856","122856"
"2023-04-21","port784","Nacala","Mozambique","MOZ","1","2","0","0","0","3","3","0","5027","0","0","0","5027","5027","2058","153286","0","0","0","155345","155345"
"2024-04-12","port784","Nacala","Mozambique","MOZ","0","1","0","0","0","1","1","0","5027","0","0","0","5027","5027","0","49803","0","0","0","49803","49803"
"2022-03-13","port784","Nacala","Mozambique","MOZ","0","0","0","0","0","0","0","0","0","0","0","0","0","0","0","0","0","0","0","0","0"
"2023-04-22","port784","Nacala","Mozambique","MOZ","0","0","0","0","0","0","0","0","0","0","0","0","0","0","0","0","0","0","0","0","0"
"2024-04-13","port784","Nacala","Mozambique","MOZ","0","1","0","0","0","1","1","0","1142","0","0","0","1142","1142","0","0","0","0","0","0","0"
"2022-03-14","port784","Nacala","Mozambique","MOZ","0","0","0","0","0","0","0","0","0","0","0","0","0","0","0","0","0","0","0","0","0"
"2023-04-23","port784","Nacala","Mozambique","MOZ","0","1","0","0","0","1","1","0","0","0","0","0","0","0","0","78710","0","0","0","78710","78710"
"2024-04-14","port784","Nacala","Mozambique","MOZ","0","1","0","0","0","1","1","0","0","0","0","0","0","0","0","0","0","0","0","0","0"
"2022-03-15","port784","Nacala","Mozambique","MOZ","1","0","0","0","0","1","1","0","0","0","0","0","0","0","11740","0","0","0","0","11740","11740"
"2023-04-24","port784","Nacala","Mozambique","MOZ","0","0","0","0","1","0","1","0","0","0","0","3163","0","3163","0","0","0","0","0","0","0"
"2024-04-15","port784","Nacala","Mozambique","MOZ","0","1","0","0","0","1","1","0","18266","0","0","0","18266","18266","0","0","0","0","0","0","0"
"2022-03-16","port784","Nacala","Mozambique","MOZ","0","0","0","0","0","0","0","0","0","0","0","0","0","0","0","0","0","0","0","0","0"
"2023-04-25","port784","Nacala","Mozambique","MOZ","1","1","0","0","1","2","3","0","0","0","0","3978","0","3978","0","71418","0","0","3417","71418","74835"
"2024-04-16","port784","Nacala","Mozambique","MOZ","0","1","0","0","0","1","1","0","0","0","0","0","0","0","0","78668","0","0","0","78668","78668"
"2022-03-17","port784","Nacala","Mozambique","MOZ","0","0","0","0","0","0","0","0","0","0","0","0","0","0","0","0","0","0","0","0","0"
"2023-04-26","port784","Nacala","Mozambique","MOZ","0","0","0","0","0","0","0","0","0","0","0","0","0","0","0","0","0","0","0","0","0"
"2024-04-17","port784","Nacala","Mozambique","MOZ","0","0","0","0","0","0","0","0","0","0","0","0","0","0","0","0","0","0","0","0","0"
"2022-03-18","port784","Nacala","Mozambique","MOZ","0","1","0","0","1","1","2","0","0","0","0","0","0","0","0","64907","0","0","0","64907","64907"
"2023-04-27","port784","Nacala","Mozambique","MOZ","0","1","0","0","0","1","1","0","0","0","0","0","0","0","0","162765","0","0","0","162765","162765"
"2024-04-18","port784","Nacala","Mozambique","MOZ","1","0","0","0","1","1","2","82","0","0","0","0","82","82","0","0","0","0","0","0","0"
"2022-03-19","port784","Nacala","Mozambique","MOZ","0","0","1","0","0","1","1","0","0","0","0","0","0","0","0","0","0","0","0","0","0"
"2023-04-28","port784","Nacala","Mozambique","MOZ","0","0","0","0","0","0","0","0","0","0","0","0","0","0","0","0","0","0","0","0","0"
"2024-04-19","port784","Nacala","Mozambique","MOZ","1","0","0","0","0","1","1","16215","0","0","0","0","16215","16215","0","0","0","0","0","0","0"
"2022-03-20","port784","Nacala","Mozambique","MOZ","0","0","1","0","0","1","1","0","0","0","0","0","0","0","0","0","1707","0","0","1707","1707"
"2023-04-29","port784","Nacala","Mozambique","MOZ","0","2","0","0","0","2","2","0","2226","0","0","0","2226","2226","0","45264","0","0","0","45264","45264"
"2024-04-20","port784","Nacala","Mozambique","MOZ","0","0","0","0","0","0","0","0","0","0","0","0","0","0","0","0","0","0","0","0","0"
"2022-03-21","port784","Nacala","Mozambique","MOZ","0","0","0","0","1","0","1","0","0","0","0","1027","0","1027","0","0","0","0","0","0","0"
"2023-04-30","port784","Nacala","Mozambique","MOZ","1","1","0","0","0","2","2","1628","0","0","0","0","1628","1628","0","161132","0","0","0","161132","161132"
"2024-04-21","port784","Nacala","Mozambique","MOZ","0","0","0","0","1","0","1","0","0","0","0","0","0","0","0","0","0","0","0","0","0"
"2022-03-22","port784","Nacala","Mozambique","MOZ","0","0","0","0","1","0","1","0","0","0","0","0","0","0","0","0","0","0","0","0","0"
"2023-05-01","port784","Nacala","Mozambique","MOZ","0","0","0","0","1","0","1","0","0","0","0","3104","0","3104","0","0","0","0","2559","0","2559"
"2024-04-22","port784","Nacala","Mozambique","MOZ","0","0","0","0","0","0","0","0","0","0","0","0","0","0","0","0","0","0","0","0","0"
"2022-03-23","port784","Nacala","Mozambique","MOZ","0","0","0","0","0","0","0","0","0","0","0","0","0","0","0","0","0","0","0","0","0"
"2023-05-02","port784","Nacala","Mozambique","MOZ","0","1","0","0","1","1","2","0","17400","0","0","0","17400","17400","0","0","0","0","0","0","0"
"2024-04-23","port784","Nacala","Mozambique","MOZ","0","1","0","0","0","1","1","0","0","0","0","0","0","0","0","0","0","0","0","0","0"
"2022-03-24","port784","Nacala","Mozambique","MOZ","0","1","0","0","0","1","1","0","0","0","0","0","0","0","0","50125","0","0","0","50125","50125"
"2023-05-03","port784","Nacala","Mozambique","MOZ","0","0","0","0","0","0","0","0","0","0","0","0","0","0","0","0","0","0","0","0","0"
"2024-04-24","port784","Nacala","Mozambique","MOZ","0","1","0","0","0","1","1","0","0","0","0","0","0","0","0","88793","0","0","0","88793","88793"
"2022-03-25","port784","Nacala","Mozambique","MOZ","0","0","0","0","1","0","1","0","0","0","0","0","0","0","0","0","0","0","0","0","0"
"2024-04-25","port784","Nacala","Mozambique","MOZ","0","0","0","0","0","0","0","0","0","0","0","0","0","0","0","0","0","0","0","0","0"
"2022-03-26","port784","Nacala","Mozambique","MOZ","0","2","0","0","0","2","2","0","81747","0","0","0","81747","81747","0","0","0","0","0","0","0"
"2023-05-04","port784","Nacala","Mozambique","MOZ","0","0","0","0","0","0","0","0","0","0","0","0","0","0","0","0","0","0","0","0","0"
"2022-03-27","port784","Nacala","Mozambique","MOZ","1","0","0","0","0","1","1","0","0","0","0","0","0","0","3059","0","0","0","0","3059","3059"
"2023-05-05","port784","Nacala","Mozambique","MOZ","0","1","0","0","0","1","1","0","0","0","0","0","0","0","0","162869","0","0","0","162869","162869"
"2022-03-28","port784","Nacala","Mozambique","MOZ","0","1","0","0","0","1","1","0","0","0","0","0","0","0","0","169596","0","0","0","169596","169596"
"2023-05-06","port784","Nacala","Mozambique","MOZ","1","0","0","0","0","1","1","4985","0","0","0","0","4985","4985","0","0","0","0","0","0","0"
"2022-03-29","port784","Nacala","Mozambique","MOZ","0","0","0","0","0","0","0","0","0","0","0","0","0","0","0","0","0","0","0","0","0"
"2023-05-07","port784","Nacala","Mozambique","MOZ","0","1","0","0","0","1","1","0","0","0","0","0","0","0","0","58436","0","0","0","58436","58436"
"2022-03-30","port784","Nacala","Mozambique","MOZ","0","0","0","0","0","0","0","0","0","0","0","0","0","0","0","0","0","0","0","0","0"
"2023-05-08","port784","Nacala","Mozambique","MOZ","0","0","0","0","0","0","0","0","0","0","0","0","0","0","0","0","0","0","0","0","0"
"2022-03-31","port784","Nacala","Mozambique","MOZ","0","0","0","0","0","0","0","0","0","0","0","0","0","0","0","0","0","0","0","0","0"
"2023-05-09","port784","Nacala","Mozambique","MOZ","0","0","0","0","0","0","0","0","0","0","0","0","0","0","0","0","0","0","0","0","0"
"2022-04-01","port784","Nacala","Mozambique","MOZ","0","0","0","0","1","0","1","0","0","0","0","3104","0","3104","0","0","0","0","2559","0","2559"
"2023-05-10","port784","Nacala","Mozambique","MOZ","1","0","0","0","0","1","1","5832","0","0","0","0","5832","5832","0","0","0","0","0","0","0"
"2022-04-02","port784","Nacala","Mozambique","MOZ","0","1","0","0","0","1","1","0","53192","0","0","0","53192","53192","0","0","0","0","0","0","0"
"2023-05-11","port784","Nacala","Mozambique","MOZ","0","1","0","0","0","1","1","0","0","0","0","0","0","0","0","166161","0","0","0","166161","166161"
"2022-04-03","port784","Nacala","Mozambique","MOZ","0","0","0","0","1","0","1","0","0","0","0","0","0","0","0","0","0","0","0","0","0"
"2023-05-12","port784","Nacala","Mozambique","MOZ","0","0","0","0","0","0","0","0","0","0","0","0","0","0","0","0","0","0","0","0","0"
"2022-04-04","port784","Nacala","Mozambique","MOZ","0","0","0","0","0","0","0","0","0","0","0","0","0","0","0","0","0","0","0","0","0"
"2023-05-13","port784","Nacala","Mozambique","MOZ","0","0","0","0","1","0","1","0","0","0","0","0","0","0","0","0","0","0","0","0","0"
"2022-04-05","port784","Nacala","Mozambique","MOZ","0","1","0","0","0","1","1","0","0","0","0","0","0","0","0","84271","0","0","0","84271","84271"
"2023-05-14","port784","Nacala","Mozambique","MOZ","1","0","0","0","1","1","2","0","0","0","0","0","0","0","0","0","0","0","0","0","0"
"2022-04-06","port784","Nacala","Mozambique","MOZ","0","1","0","0","0","1","1","0","14267","0","0","0","14267","14267","0","0","0","0","0","0","0"
"2023-05-15","port784","Nacala","Mozambique","MOZ","0","0","0","0","0","0","0","0","0","0","0","0","0","0","0","0","0","0","0","0","0"
"2024-04-26","port784","Nacala","Mozambique","MOZ","1","1","1","0","1","3","4","1145","0","3459","0","28821","4604","33425","0","161772","0","0","0","161772","161772"
"2022-04-07","port784","Nacala","Mozambique","MOZ","0","0","0","0","0","0","0","0","0","0","0","0","0","0","0","0","0","0","0","0","0"
"2023-05-16","port784","Nacala","Mozambique","MOZ","0","2","0","0","0","2","2","0","20493","0","0","0","20493","20493","0","0","0","0","0","0","0"
"2024-04-27","port784","Nacala","Mozambique","MOZ","0","0","0","0","0","0","0","0","0","0","0","0","0","0","0","0","0","0","0","0","0"
"2022-04-08","port784","Nacala","Mozambique","MOZ","0","0","0","0","0","0","0","0","0","0","0","0","0","0","0","0","0","0","0","0","0"
"2023-05-17","port784","Nacala","Mozambique","MOZ","0","1","0","0","0","1","1","0","0","0","0","0","0","0","0","52522","0","0","0","52522","52522"
"2024-04-28","port784","Nacala","Mozambique","MOZ","1","1","0","0","0","2","2","651","49274","0","0","0","49926","49926","0","0","0","0","0","0","0"
"2022-04-09","port784","Nacala","Mozambique","MOZ","0","1","0","0","1","1","2","0","0","0","0","2777","0","2777","0","86126","0","0","1377","86126","87503"
"2023-05-18","port784","Nacala","Mozambique","MOZ","0","0","0","0","0","0","0","0","0","0","0","0","0","0","0","0","0","0","0","0","0"
"2024-04-29","port784","Nacala","Mozambique","MOZ","0","1","0","0","0","1","1","0","0","0","0","0","0","0","0","185881","0","0","0","185881","185881"
"2022-04-10","port784","Nacala","Mozambique","MOZ","0","0","0","0","0","0","0","0","0","0","0","0","0","0","0","0","0","0","0","0","0"
"2023-05-19","port784","Nacala","Mozambique","MOZ","0","1","0","0","0","1","1","0","0","0","0","0","0","0","0","16059","0","0","0","16059","16059"
"2024-04-30","port784","Nacala","Mozambique","MOZ","0","0","0","0","0","0","0","0","0","0","0","0","0","0","0","0","0","0","0","0","0"
"2022-04-11","port784","Nacala","Mozambique","MOZ","0","0","0","0","0","0","0","0","0","0","0","0","0","0","0","0","0","0","0","0","0"
"2023-05-20","port784","Nacala","Mozambique","MOZ","1","1","0","0","0","2","2","485","0","0","0","0","485","485","0","188596","0","0","0","188596","188596"
"2024-05-01","port784","Nacala","Mozambique","MOZ","0","1","0","0","0","1","1","0","0","0","0","0","0","0","0","5845","0","0","0","5845","5845"
"2022-04-12","port784","Nacala","Mozambique","MOZ","0","0","0","0","1","0","1","0","0","0","0","3104","0","3104","0","0","0","0","2559","0","2559"
"2024-05-02","port784","Nacala","Mozambique","MOZ","0","1","0","0","0","1","1","0","0","0","0","0","0","0","0","160377","0","0","0","160377","160377"
"2022-04-13","port784","Nacala","Mozambique","MOZ","0","0","0","0","0","0","0","0","0","0","0","0","0","0","0","0","0","0","0","0","0"
"2024-05-03","port784","Nacala","Mozambique","MOZ","1","0","0","0","0","1","1","1969","0","0","0","0","1969","1969","0","0","0","0","0","0","0"
"2023-05-21","port784","Nacala","Mozambique","MOZ","0","0","0","0","0","0","0","0","0","0","0","0","0","0","0","0","0","0","0","0","0"
"2022-04-14","port784","Nacala","Mozambique","MOZ","0","0","0","0","0","0","0","0","0","0","0","0","0","0","0","0","0","0","0","0","0"
"2024-05-04","port784","Nacala","Mozambique","MOZ","0","0","0","0","0","0","0","0","0","0","0","0","0","0","0","0","0","0","0","0","0"
"2023-05-22","port784","Nacala","Mozambique","MOZ","0","1","0","0","0","1","1","0","0","0","0","0","0","0","0","109517","0","0","0","109517","109517"
"2022-04-15","port784","Nacala","Mozambique","MOZ","0","0","1","0","1","1","2","0","0","1451","0","2777","1451","4228","0","0","1589","0","1377","1589","2966"
"2024-05-05","port784","Nacala","Mozambique","MOZ","0","1","0","0","0","1","1","0","0","0","0","0","0","0","0","76550","0","0","0","76550","76550"
"2023-05-23","port784","Nacala","Mozambique","MOZ","0","0","0","0","0","0","0","0","0","0","0","0","0","0","0","0","0","0","0","0","0"
"2022-04-16","port784","Nacala","Mozambique","MOZ","0","1","0","0","1","1","2","0","0","0","0","3104","0","3104","0","0","0","0","2559","0","2559"
"2024-05-06","port784","Nacala","Mozambique","MOZ","1","0","0","0","1","1","2","1827","0","0","0","2777","1827","4604","2312","0","0","0","1377","2312","3689"
"2023-05-24","port784","Nacala","Mozambique","MOZ","2","2","0","0","1","4","5","6556","11086","0","0","0","17643","17643","2312","0","0","0","0","2312","2312"
"2022-04-17","port784","Nacala","Mozambique","MOZ","0","0","0","0","0","0","0","0","0","0","0","0","0","0","0","0","0","0","0","0","0"
"2024-05-07","port784","Nacala","Mozambique","MOZ","1","1","0","0","1","2","3","5693","0","0","0","43245","5693","48939","0","0","0","0","0","0","0"
"2023-05-25","port784","Nacala","Mozambique","MOZ","0","0","0","0","1","0","1","0","0","0","0","0","0","0","0","0","0","0","37416","0","37416"
"2022-04-18","port784","Nacala","Mozambique","MOZ","0","0","0","0","0","0","0","0","0","0","0","0","0","0","0","0","0","0","0","0","0"
"2024-05-08","port784","Nacala","Mozambique","MOZ","0","1","0","0","0","1","1","0","0","0","0","0","0","0","0","0","0","0","0","0","0"
"2023-05-26","port784","Nacala","Mozambique","MOZ","0","1","0","0","0","1","1","0","0","0","0","0","0","0","0","24284","0","0","0","24284","24284"
"2022-04-19","port784","Nacala","Mozambique","MOZ","0","0","0","0","0","0","0","0","0","0","0","0","0","0","0","0","0","0","0","0","0"
"2024-05-09","port784","Nacala","Mozambique","MOZ","1","1","0","0","0","2","2","3360","0","0","0","0","3360","3360","0","54438","0","0","0","54438","54438"
"2023-05-27","port784","Nacala","Mozambique","MOZ","1","1","0","0","0","2","2","0","0","0","0","0","0","0","4729","59302","0","0","0","64032","64032"
"2022-04-20","port784","Nacala","Mozambique","MOZ","1","1","0","0","0","2","2","772","0","0","0","0","772","772","0","44471","0","0","0","44471","44471"
"2024-05-10","port784","Nacala","Mozambique","MOZ","0","1","0","0","1","1","2","0","2369","0","0","0","2369","2369","0","0","0","0","0","0","0"
"2023-05-28","port784","Nacala","Mozambique","MOZ","0","1","0","0","0","1","1","0","5709","0","0","0","5709","5709","0","0","0","0","0","0","0"
"2022-04-21","port784","Nacala","Mozambique","MOZ","0","0","0","0","1","0","1","0","0","0","0","2777","0","2777","0","0","0","0","1377","0","1377"
"2024-05-11","port784","Nacala","Mozambique","MOZ","0","0","0","0","0","0","0","0","0","0","0","0","0","0","0","0","0","0","0","0","0"
"2023-05-29","port784","Nacala","Mozambique","MOZ","0","1","0","0","1","1","2","0","0","0","0","0","0","0","0","0","0","0","0","0","0"
"2022-04-22","port784","Nacala","Mozambique","MOZ","0","1","0","0","1","1","2","0","0","0","0","2777","0","2777","0","33175","0","0","1377","33175","34553"
"2024-05-12","port784","Nacala","Mozambique","MOZ","0","1","0","0","0","1","1","0","0","0","0","0","0","0","0","84778","0","0","0","84778","84778"
"2023-05-30","port784","Nacala","Mozambique","MOZ","0","0","0","0","0","0","0","0","0","0","0","0","0","0","0","0","0","0","0","0","0"
"2022-04-23","port784","Nacala","Mozambique","MOZ","0","1","0","0","0","1","1","0","7470","0","0","0","7470","7470","0","0","0","0","0","0","0"
"2024-05-13","port784","Nacala","Mozambique","MOZ","0","0","0","0","0","0","0","0","0","0","0","0","0","0","0","0","0","0","0","0","0"
"2023-05-31","port784","Nacala","Mozambique","MOZ","0","2","0","0","0","2","2","0","0","0","0","0","0","0","0","210080","0","0","0","210080","210080"
"2022-04-24","port784","Nacala","Mozambique","MOZ","0","0","0","0","1","0","1","0","0","0","0","0","0","0","0","0","0","0","0","0","0"
"2024-05-14","port784","Nacala","Mozambique","MOZ","0","0","0","0","0","0","0","0","0","0","0","0","0","0","0","0","0","0","0","0","0"
"2023-06-01","port784","Nacala","Mozambique","MOZ","0","0","0","0","0","0","0","0","0","0","0","0","0","0","0","0","0","0","0","0","0"
"2022-04-25","port784","Nacala","Mozambique","MOZ","0","1","0","0","0","1","1","0","0","0","0","0","0","0","0","139311","0","0","0","139311","139311"
"2024-05-15","port784","Nacala","Mozambique","MOZ","1","1","0","0","0","2","2","3200","0","0","0","0","3200","3200","0","109585","0","0","0","109585","109585"
"2023-06-02","port784","Nacala","Mozambique","MOZ","0","0","0","0","0","0","0","0","0","0","0","0","0","0","0","0","0","0","0","0","0"
"2022-04-26","port784","Nacala","Mozambique","MOZ","0","0","0","0","0","0","0","0","0","0","0","0","0","0","0","0","0","0","0","0","0"
"2024-05-16","port784","Nacala","Mozambique","MOZ","1","0","0","0","1","1","2","1827","0","0","0","0","1827","1827","2312","0","0","0","0","2312","2312"
"2022-04-27","port784","Nacala","Mozambique","MOZ","0","0","0","0","0","0","0","0","0","0","0","0","0","0","0","0","0","0","0","0","0"
"2024-05-17","port784","Nacala","Mozambique","MOZ","1","0","0","0","0","1","1","0","0","0","0","0","0","0","6488","0","0","0","0","6488","6488"
"2023-06-03","port784","Nacala","Mozambique","MOZ","0","1","0","0","0","1","1","0","5027","0","0","0","5027","5027","0","49803","0","0","0","49803","49803"
"2022-04-28","port784","Nacala","Mozambique","MOZ","0","0","0","0","1","0","1","0","0","0","0","0","0","0","0","0","0","0","0","0","0"
"2024-05-18","port784","Nacala","Mozambique","MOZ","0","2","0","0","0","2","2","0","9915","0","0","0","9915","9915","0","0","0","0","0","0","0"
"2023-06-04","port784","Nacala","Mozambique","MOZ","0","0","0","0","0","0","0","0","0","0","0","0","0","0","0","0","0","0","0","0","0"
"2022-04-29","port784","Nacala","Mozambique","MOZ","0","1","1","0","0","2","2","0","0","0","0","0","0","0","0","31751","2556","0","0","34307","34307"
"2024-05-19","port784","Nacala","Mozambique","MOZ","1","0","0","0","0","1","1","2361","0","0","0","0","2361","2361","0","0","0","0","0","0","0"
"2023-06-05","port784","Nacala","Mozambique","MOZ","0","0","0","0","0","0","0","0","0","0","0","0","0","0","0","0","0","0","0","0","0"
"2022-04-30","port784","Nacala","Mozambique","MOZ","0","1","0","0","0","1","1","0","7645","0","0","0","7645","7645","0","0","0","0","0","0","0"
"2024-05-20","port784","Nacala","Mozambique","MOZ","0","1","0","0","1","1","2","0","0","0","0","386","0","386","0","79153","0","0","0","79153","79153"
"2023-06-06","port784","Nacala","Mozambique","MOZ","0","0","0","0","0","0","0","0","0","0","0","0","0","0","0","0","0","0","0","0","0"
"2022-05-01","port784","Nacala","Mozambique","MOZ","0","0","0","0","0","0","0","0","0","0","0","0","0","0","0","0","0","0","0","0","0"
"2024-05-21","port784","Nacala","Mozambique","MOZ","0","2","0","0","0","2","2","0","0","0","0","0","0","0","0","83017","0","0","0","83017","83017"
"2023-06-07","port784","Nacala","Mozambique","MOZ","0","0","0","0","0","0","0","0","0","0","0","0","0","0","0","0","0","0","0","0","0"
"2022-05-02","port784","Nacala","Mozambique","MOZ","1","0","0","0","0","1","1","0","0","0","0","0","0","0","816","0","0","0","0","816","816"
"2024-05-22","port784","Nacala","Mozambique","MOZ","0","0","0","0","1","0","1","0","0","0","0","3104","0","3104","0","0","0","0","2559","0","2559"
"2023-06-08","port784","Nacala","Mozambique","MOZ","1","0","0","0","0","1","1","0","0","0","0","0","0","0","4284","0","0","0","0","4284","4284"
"2022-05-03","port784","Nacala","Mozambique","MOZ","0","0","0","0","0","0","0","0","0","0","0","0","0","0","0","0","0","0","0","0","0"
"2024-05-23","port784","Nacala","Mozambique","MOZ","1","1","1","0","0","3","3","332","0","1642","0","0","1975","1975","2018","187549","0","0","0","189568","189568"
"2023-06-09","port784","Nacala","Mozambique","MOZ","0","1","0","0","0","1","1","0","0","0","0","0","0","0","0","129532","0","0","0","129532","129532"
"2022-05-04","port784","Nacala","Mozambique","MOZ","0","0","0","0","0","0","0","0","0","0","0","0","0","0","0","0","0","0","0","0","0"
"2024-05-24","port784","Nacala","Mozambique","MOZ","0","0","0","0","1","0","1","0","0","0","0","3099","0","3099","0","0","0","0","0","0","0"
"2023-06-10","port784","Nacala","Mozambique","MOZ","0","3","0","0","0","3","3","0","61337","0","0","0","61337","61337","0","77982","0","0","0","77982","77982"
"2022-05-05","port784","Nacala","Mozambique","MOZ","0","1","0","0","1","1","2","0","0","0","0","2777","0","2777","0","41557","0","0","1377","41557","42934"
"2024-05-25","port784","Nacala","Mozambique","MOZ","0","0","0","0","0","0","0","0","0","0","0","0","0","0","0","0","0","0","0","0","0"
"2023-06-11","port784","Nacala","Mozambique","MOZ","0","0","0","0","0","0","0","0","0","0","0","0","0","0","0","0","0","0","0","0","0"
"2022-05-06","port784","Nacala","Mozambique","MOZ","0","0","0","0","0","0","0","0","0","0","0","0","0","0","0","0","0","0","0","0","0"
"2024-05-26","port784","Nacala","Mozambique","MOZ","0","1","0","0","0","1","1","0","0","0","0","0","0","0","0","79421","0","0","0","79421","79421"
"2023-06-12","port784","Nacala","Mozambique","MOZ","0","0","0","0","0","0","0","0","0","0","0","0","0","0","0","0","0","0","0","0","0"
"2022-05-07","port784","Nacala","Mozambique","MOZ","0","1","0","0","0","1","1","0","0","0","0","0","0","0","0","95541","0","0","0","95541","95541"
"2024-05-27","port784","Nacala","Mozambique","MOZ","0","1","0","0","0","1","1","0","0","0","0","0","0","0","0","56243","0","0","0","56243","56243"
"2023-06-13","port784","Nacala","Mozambique","MOZ","2","0","0","0","0","2","2","6711","0","0","0","0","6711","6711","0","0","0","0","0","0","0"
"2022-05-08","port784","Nacala","Mozambique","MOZ","0","0","0","0","1","0","1","0","0","0","0","3104","0","3104","0","0","0","0","2559","0","2559"
"2024-05-28","port784","Nacala","Mozambique","MOZ","0","1","1","0","1","2","3","0","0","696","0","0","696","696","0","88354","0","0","0","88354","88354"
"2023-06-14","port784","Nacala","Mozambique","MOZ","0","0","1","0","1","1","2","0","0","1849","0","0","1849","1849","0","0","0","0","1041","0","1041"
"2022-05-09","port784","Nacala","Mozambique","MOZ","0","0","0","0","0","0","0","0","0","0","0","0","0","0","0","0","0","0","0","0","0"
"2024-05-29","port784","Nacala","Mozambique","MOZ","1","0","0","0","0","1","1","2441","0","0","0","0","2441","2441","0","0","0","0","0","0","0"
"2023-06-15","port784","Nacala","Mozambique","MOZ","0","1","0","0","0","1","1","0","0","0","0","0","0","0","0","149246","0","0","0","149246","149246"
"2022-05-10","port784","Nacala","Mozambique","MOZ","0","0","0","0","1","0","1","0","0","0","0","2777","0","2777","0","0","0","0","1377","0","1377"
"2024-05-30","port784","Nacala","Mozambique","MOZ","1","2","0","0","0","3","3","0","0","0","0","0","0","0","2057","133500","0","0","0","135557","135557"
"2023-06-16","port784","Nacala","Mozambique","MOZ","0","1","0","0","1","1","2","0","5480","0","0","0","5480","5480","0","0","0","0","0","0","0"
"2024-05-31","port784","Nacala","Mozambique","MOZ","0","1","0","0","0","1","1","0","0","0","0","0","0","0","0","11092","0","0","0","11092","11092"
"2023-06-17","port784","Nacala","Mozambique","MOZ","0","1","0","0","0","1","1","0","0","0","0","0","0","0","0","0","0","0","0","0","0"
"2024-06-01","port784","Nacala","Mozambique","MOZ","1","1","0","0","1","2","3","1319","0","0","0","2591","1319","3910","0","102158","0","0","0","102158","102158"
"2022-05-11","port784","Nacala","Mozambique","MOZ","0","0","0","0","0","0","0","0","0","0","0","0","0","0","0","0","0","0","0","0","0"
"2023-06-18","port784","Nacala","Mozambique","MOZ","0","0","0","0","0","0","0","0","0","0","0","0","0","0","0","0","0","0","0","0","0"
"2024-06-02","port784","Nacala","Mozambique","MOZ","1","0","0","0","0","1","1","1827","0","0","0","0","1827","1827","2312","0","0","0","0","2312","2312"
"2022-05-12","port784","Nacala","Mozambique","MOZ","0","2","0","0","0","2","2","0","7484","0","0","0","7484","7484","0","79271","0","0","0","79271","79271"
"2023-06-19","port784","Nacala","Mozambique","MOZ","0","0","0","0","2","0","2","0","0","0","0","32826","0","32826","0","0","0","0","0","0","0"
"2024-06-03","port784","Nacala","Mozambique","MOZ","0","0","0","0","0","0","0","0","0","0","0","0","0","0","0","0","0","0","0","0","0"
"2022-05-13","port784","Nacala","Mozambique","MOZ","0","0","0","0","1","0","1","0","0","0","0","0","0","0","0","0","0","0","0","0","0"
"2023-06-20","port784","Nacala","Mozambique","MOZ","0","1","0","0","0","1","1","0","0","0","0","0","0","0","0","94895","0","0","0","94895","94895"
"2024-06-04","port784","Nacala","Mozambique","MOZ","1","2","0","0","1","3","4","5055","16725","0","0","0","21781","21781","0","0","0","0","2582","0","2582"
"2022-05-14","port784","Nacala","Mozambique","MOZ","0","1","1","0","0","2","2","0","0","0","0","0","0","0","0","172728","3402","0","0","176131","176131"
"2023-06-21","port784","Nacala","Mozambique","MOZ","0","0","0","0","0","0","0","0","0","0","0","0","0","0","0","0","0","0","0","0","0"
"2024-06-05","port784","Nacala","Mozambique","MOZ","1","0","0","0","0","1","1","544","0","0","0","0","544","544","0","0","0","0","0","0","0"
"2022-05-15","port784","Nacala","Mozambique","MOZ","0","1","0","0","0","1","1","0","14887","0","0","0","14887","14887","0","0","0","0","0","0","0"
"2023-06-22","port784","Nacala","Mozambique","MOZ","1","1","0","0","1","2","3","0","0","0","0","2777","0","2777","4094","0","0","0","1377","4094","5472"
"2024-06-06","port784","Nacala","Mozambique","MOZ","1","1","1","0","1","3","4","1064","0","2271","0","1916","3336","5252","0","76312","0","0","0","76312","76312"
"2022-05-16","port784","Nacala","Mozambique","MOZ","0","0","0","0","0","0","0","0","0","0","0","0","0","0","0","0","0","0","0","0","0"
"2023-06-23","port784","Nacala","Mozambique","MOZ","0","1","0","0","0","1","1","0","0","0","0","0","0","0","0","33064","0","0","0","33064","33064"
"2024-06-07","port784","Nacala","Mozambique","MOZ","1","1","0","0","0","2","2","2829","0","0","0","0","2829","2829","0","36408","0","0","0","36408","36408"
"2022-05-17","port784","Nacala","Mozambique","MOZ","0","0","0","0","0","0","0","0","0","0","0","0","0","0","0","0","0","0","0","0","0"
"2023-06-24","port784","Nacala","Mozambique","MOZ","1","0","0","0","1","1","2","0","0","0","0","3104","0","3104","1052","0","0","0","2559","1052","3612"
"2024-06-08","port784","Nacala","Mozambique","MOZ","0","0","0","0","0","0","0","0","0","0","0","0","0","0","0","0","0","0","0","0","0"
"2022-05-18","port784","Nacala","Mozambique","MOZ","0","0","0","0","1","0","1","0","0","0","0","2777","0","2777","0","0","0","0","1377","0","1377"
"2023-06-25","port784","Nacala","Mozambique","MOZ","1","1","0","0","0","2","2","0","36123","0","0","0","36123","36123","2375","0","0","0","0","2375","2375"
"2024-06-09","port784","Nacala","Mozambique","MOZ","0","2","0","0","0","2","2","0","959","0","0","0","959","959","0","55477","0","0","0","55477","55477"
"2022-05-19","port784","Nacala","Mozambique","MOZ","0","0","0","0","0","0","0","0","0","0","0","0","0","0","0","0","0","0","0","0","0"
"2023-06-26","port784","Nacala","Mozambique","MOZ","0","1","0","0","0","1","1","0","0","0","0","0","0","0","0","169380","0","0","0","169380","169380"
"2024-06-10","port784","Nacala","Mozambique","MOZ","0","0","0","0","1","0","1","0","0","0","0","0","0","0","0","0","0","0","0","0","0"
"2022-05-20","port784","Nacala","Mozambique","MOZ","1","1","0","0","1","2","3","1827","54538","0","0","2777","56365","59143","2312","0","0","0","1377","2312","3689"
"2023-06-27","port784","Nacala","Mozambique","MOZ","0","0","0","0","0","0","0","0","0","0","0","0","0","0","0","0","0","0","0","0","0"
"2024-06-11","port784","Nacala","Mozambique","MOZ","0","2","0","0","0","2","2","0","1113","0","0","0","1113","1113","0","73238","0","0","0","73238","73238"
"2022-05-21","port784","Nacala","Mozambique","MOZ","0","0","0","0","1","0","1","0","0","0","0","3104","0","3104","0","0","0","0","2559","0","2559"
"2023-06-28","port784","Nacala","Mozambique","MOZ","1","1","0","0","0","2","2","0","0","0","0","0","0","0","1071","82804","0","0","0","83875","83875"
"2024-06-12","port784","Nacala","Mozambique","MOZ","0","0","0","0","0","0","0","0","0","0","0","0","0","0","0","0","0","0","0","0","0"
"2022-05-22","port784","Nacala","Mozambique","MOZ","1","1","0","0","0","2","2","0","0","0","0","0","0","0","2316","160332","0","0","0","162648","162648"
"2023-06-29","port784","Nacala","Mozambique","MOZ","0","0","0","0","2","0","2","0","0","0","0","0","0","0","0","0","0","0","1070","0","1070"
"2024-06-13","port784","Nacala","Mozambique","MOZ","0","1","0","0","1","1","2","0","0","0","0","0","0","0","0","72876","0","0","676","72876","73552"
"2022-05-23","port784","Nacala","Mozambique","MOZ","0","0","0","0","0","0","0","0","0","0","0","0","0","0","0","0","0","0","0","0","0"
"2023-06-30","port784","Nacala","Mozambique","MOZ","1","0","0","0","1","1","2","0","0","0","0","0","0","0","3839","0","0","0","44799","3839","48639"
"2024-06-14","port784","Nacala","Mozambique","MOZ","0","1","0","0","1","1","2","0","7597","0","0","0","7597","7597","0","0","0","0","0","0","0"
"2023-07-01","port784","Nacala","Mozambique","MOZ","0","1","0","0","0","1","1","0","0","0","0","0","0","0","0","0","0","0","0","0","0"
"2024-06-15","port784","Nacala","Mozambique","MOZ","0","1","0","0","0","1","1","0","0","0","0","0","0","0","0","79366","0","0","0","79366","79366"
"2023-07-02","port784","Nacala","Mozambique","MOZ","0","0","0","0","0","0","0","0","0","0","0","0","0","0","0","0","0","0","0","0","0"
"2022-05-24","port784","Nacala","Mozambique","MOZ","0","2","0","0","1","2","3","0","0","0","0","0","0","0","0","184129","0","0","0","184129","184129"
"2024-06-16","port784","Nacala","Mozambique","MOZ","0","0","0","0","0","0","0","0","0","0","0","0","0","0","0","0","0","0","0","0","0"
"2023-07-03","port784","Nacala","Mozambique","MOZ","1","1","0","0","0","2","2","6131","13143","0","0","0","19274","19274","0","0","0","0","0","0","0"
"2022-05-25","port784","Nacala","Mozambique","MOZ","0","1","0","0","0","1","1","0","10945","0","0","0","10945","10945","0","0","0","0","0","0","0"
"2024-06-17","port784","Nacala","Mozambique","MOZ","0","1","0","0","1","1","2","0","0","0","0","2777","0","2777","0","0","0","0","1377","0","1377"
"2023-07-04","port784","Nacala","Mozambique","MOZ","0","1","0","0","0","1","1","0","0","0","0","0","0","0","0","103507","0","0","0","103507","103507"
"2022-05-26","port784","Nacala","Mozambique","MOZ","0","1","0","0","0","1","1","0","0","0","0","0","0","0","0","77215","0","0","0","77215","77215"
"2024-06-18","port784","Nacala","Mozambique","MOZ","0","0","0","0","1","0","1","0","0","0","0","3978","0","3978","0","0","0","0","3417","0","3417"
"2023-07-05","port784","Nacala","Mozambique","MOZ","0","1","0","0","0","1","1","0","0","0","0","0","0","0","0","49806","0","0","0","49806","49806"
"2022-05-27","port784","Nacala","Mozambique","MOZ","0","1","0","0","0","1","1","0","0","0","0","0","0","0","0","77934","0","0","0","77934","77934"
"2024-06-19","port784","Nacala","Mozambique","MOZ","1","1","0","0","0","2","2","0","0","0","0","0","0","0","1583","0","0","0","0","1583","1583"
"2023-07-06","port784","Nacala","Mozambique","MOZ","1","1","0","0","1","2","3","0","0","0","0","0","0","0","4345","79965","0","0","0","84310","84310"
"2022-05-28","port784","Nacala","Mozambique","MOZ","0","1","0","0","0","1","1","0","0","0","0","0","0","0","0","87798","0","0","0","87798","87798"
"2024-06-20","port784","Nacala","Mozambique","MOZ","0","1","0","0","0","1","1","0","0","0","0","0","0","0","0","42486","0","0","0","42486","42486"
"2023-07-07","port784","Nacala","Mozambique","MOZ","0","1","0","0","0","1","1","0","35786","0","0","0","35786","35786","0","0","0","0","0","0","0"
"2022-05-29","port784","Nacala","Mozambique","MOZ","0","0","0","0","1","0","1","0","0","0","0","1325","0","1325","0","0","0","0","0","0","0"
"2024-06-21","port784","Nacala","Mozambique","MOZ","1","1","0","0","1","2","3","4750","0","0","0","2777","4750","7527","0","0","0","0","1377","0","1377"
"2023-07-08","port784","Nacala","Mozambique","MOZ","0","0","0","0","0","0","0","0","0","0","0","0","0","0","0","0","0","0","0","0","0"
"2022-05-30","port784","Nacala","Mozambique","MOZ","0","0","0","0","0","0","0","0","0","0","0","0","0","0","0","0","0","0","0","0","0"
"2024-06-22","port784","Nacala","Mozambique","MOZ","0","0","0","0","1","0","1","0","0","0","0","0","0","0","0","0","0","0","0","0","0"
"2023-07-09","port784","Nacala","Mozambique","MOZ","0","1","0","0","0","1","1","0","35161","0","0","0","35161","35161","0","0","0","0","0","0","0"
"2022-05-31","port784","Nacala","Mozambique","MOZ","0","0","0","0","0","0","0","0","0","0","0","0","0","0","0","0","0","0","0","0","0"
"2024-06-23","port784","Nacala","Mozambique","MOZ","0","1","0","0","0","1","1","0","11018","0","0","0","11018","11018","0","0","0","0","0","0","0"
"2023-07-10","port784","Nacala","Mozambique","MOZ","1","1","0","0","0","2","2","1188","0","0","0","0","1188","1188","0","151072","0","0","0","151072","151072"
"2022-06-01","port784","Nacala","Mozambique","MOZ","0","0","0","0","1","0","1","0","0","0","0","0","0","0","0","0","0","0","0","0","0"
"2024-06-24","port784","Nacala","Mozambique","MOZ","1","1","0","0","0","2","2","0","0","0","0","0","0","0","920","0","0","0","0","920","920"
"2023-07-11","port784","Nacala","Mozambique","MOZ","0","0","1","0","0","1","1","0","0","1451","0","0","1451","1451","0","0","1589","0","0","1589","1589"
"2022-06-02","port784","Nacala","Mozambique","MOZ","0","0","0","0","0","0","0","0","0","0","0","0","0","0","0","0","0","0","0","0","0"
"2024-06-25","port784","Nacala","Mozambique","MOZ","1","0","0","0","0","1","1","1224","0","0","0","0","1224","1224","0","0","0","0","0","0","0"
"2023-07-12","port784","Nacala","Mozambique","MOZ","0","0","0","0","1","0","1","0","0","0","0","0","0","0","0","0","0","0","0","0","0"
"2022-06-03","port784","Nacala","Mozambique","MOZ","0","0","0","0","0","0","0","0","0","0","0","0","0","0","0","0","0","0","0","0","0"
"2024-06-26","port784","Nacala","Mozambique","MOZ","0","0","0","0","1","0","1","0","0","0","0","0","0","0","0","0","0","0","0","0","0"
"2023-07-13","port784","Nacala","Mozambique","MOZ","0","0","0","0","0","0","0","0","0","0","0","0","0","0","0","0","0","0","0","0","0"
"2022-06-04","port784","Nacala","Mozambique","MOZ","0","0","0","0","0","0","0","0","0","0","0","0","0","0","0","0","0","0","0","0","0"
"2024-06-27","port784","Nacala","Mozambique","MOZ","0","2","1","0","1","3","4","0","7029","4297","0","0","11326","11326","0","86124","0","0","77598","86124","163723"
"2023-07-14","port784","Nacala","Mozambique","MOZ","1","1","0","0","0","2","2","436","0","0","0","0","436","436","0","141359","0","0","0","141359","141359"
"2022-06-05","port784","Nacala","Mozambique","MOZ","0","1","0","0","0","1","1","0","0","0","0","0","0","0","0","165118","0","0","0","165118","165118"
"2024-06-28","port784","Nacala","Mozambique","MOZ","1","1","0","0","1","2","3","0","1718","0","0","0","1718","1718","1327","0","0","0","0","1327","1327"
"2023-07-15","port784","Nacala","Mozambique","MOZ","0","0","0","0","0","0","0","0","0","0","0","0","0","0","0","0","0","0","0","0","0"
"2024-06-29","port784","Nacala","Mozambique","MOZ","0","0","0","0","0","0","0","0","0","0","0","0","0","0","0","0","0","0","0","0","0"
"2023-07-16","port784","Nacala","Mozambique","MOZ","0","1","0","0","0","1","1","0","8646","0","0","0","8646","8646","0","0","0","0","0","0","0"
"2022-06-06","port784","Nacala","Mozambique","MOZ","0","0","0","0","1","0","1","0","0","0","0","0","0","0","0","0","0","0","0","0","0"
"2023-07-17","port784","Nacala","Mozambique","MOZ","0","0","0","0","1","0","1","0","0","0","0","0","0","0","0","0","0","0","0","0","0"
"2022-06-07","port784","Nacala","Mozambique","MOZ","0","1","0","0","1","1","2","0","0","0","0","34161","0","34161","0","80457","0","0","0","80457","80457"
"2023-07-18","port784","Nacala","Mozambique","MOZ","0","0","0","0","0","0","0","0","0","0","0","0","0","0","0","0","0","0","0","0","0"
"2022-06-08","port784","Nacala","Mozambique","MOZ","0","0","0","0","0","0","0","0","0","0","0","0","0","0","0","0","0","0","0","0","0"
"2023-07-19","port784","Nacala","Mozambique","MOZ","1","2","0","0","0","3","3","0","2920","0","0","0","2920","2920","5038","187591","0","0","0","192630","192630"
"2022-06-09","port784","Nacala","Mozambique","MOZ","0","0","0","0","0","0","0","0","0","0","0","0","0","0","0","0","0","0","0","0","0"
"2023-07-20","port784","Nacala","Mozambique","MOZ","1","0","0","0","1","1","2","0","0","0","0","0","0","0","2373","0","0","0","0","2373","2373"
"2022-06-10","port784","Nacala","Mozambique","MOZ","1","1","0","0","0","2","2","394","0","0","0","0","394","394","0","51498","0","0","0","51498","51498"
"2023-07-21","port784","Nacala","Mozambique","MOZ","0","0","0","0","0","0","0","0","0","0","0","0","0","0","0","0","0","0","0","0","0"
"2022-06-11","port784","Nacala","Mozambique","MOZ","0","0","0","0","0","0","0","0","0","0","0","0","0","0","0","0","0","0","0","0","0"
"2023-07-22","port784","Nacala","Mozambique","MOZ","0","0","0","0","0","0","0","0","0","0","0","0","0","0","0","0","0","0","0","0","0"
"2022-06-12","port784","Nacala","Mozambique","MOZ","0","0","0","0","0","0","0","0","0","0","0","0","0","0","0","0","0","0","0","0","0"
"2023-07-23","port784","Nacala","Mozambique","MOZ","1","1","0","0","0","2","2","1827","0","0","0","0","1827","1827","2312","163187","0","0","0","165499","165499"
"2022-06-13","port784","Nacala","Mozambique","MOZ","0","0","0","0","1","0","1","0","0","0","0","0","0","0","0","0","0","0","0","0","0"
"2023-07-24","port784","Nacala","Mozambique","MOZ","0","0","0","0","0","0","0","0","0","0","0","0","0","0","0","0","0","0","0","0","0"
"2022-06-14","port784","Nacala","Mozambique","MOZ","0","0","0","0","0","0","0","0","0","0","0","0","0","0","0","0","0","0","0","0","0"
"2023-07-25","port784","Nacala","Mozambique","MOZ","0","1","0","0","1","1","2","0","0","0","0","0","0","0","0","66450","0","0","42921","66450","109371"
"2022-06-15","port784","Nacala","Mozambique","MOZ","0","0","0","0","0","0","0","0","0","0","0","0","0","0","0","0","0","0","0","0","0"
"2023-07-26","port784","Nacala","Mozambique","MOZ","0","0","0","0","0","0","0","0","0","0","0","0","0","0","0","0","0","0","0","0","0"
"2022-06-16","port784","Nacala","Mozambique","MOZ","0","0","0","0","1","0","1","0","0","0","0","450","0","450","0","0","0","0","0","0","0"
"2023-07-27","port784","Nacala","Mozambique","MOZ","0","1","0","0","0","1","1","0","0","0","0","0","0","0","0","76408","0","0","0","76408","76408"
"2022-06-17","port784","Nacala","Mozambique","MOZ","0","0","0","0","1","0","1","0","0","0","0","0","0","0","0","0","0","0","0","0","0"
"2023-07-28","port784","Nacala","Mozambique","MOZ","0","1","0","0","1","1","2","0","0","0","0","1858","0","1858","0","55154","0","0","0","55154","55154"
"2022-06-18","port784","Nacala","Mozambique","MOZ","0","0","0","0","0","0","0","0","0","0","0","0","0","0","0","0","0","0","0","0","0"
"2022-06-19","port784","Nacala","Mozambique","MOZ","0","0","0","0","0","0","0","0","0","0","0","0","0","0","0","0","0","0","0","0","0"
"2022-06-20","port784","Nacala","Mozambique","MOZ","0","0","0","0","0","0","0","0","0","0","0","0","0","0","0","0","0","0","0","0","0"
"2022-06-21","port784","Nacala","Mozambique","MOZ","0","1","0","0","0","1","1","0","0","0","0","0","0","0","0","47498","0","0","0","47498","47498"
"2022-06-22","port784","Nacala","Mozambique","MOZ","1","0","0","0","2","1","3","0","0","0","0","5554","0","5554","10774","0","0","0","2754","10774","13529"
"2022-06-23","port784","Nacala","Mozambique","MOZ","0","0","0","0","1","0","1","0","0","0","0","0","0","0","0","0","0","0","0","0","0"
"2024-06-30","port784","Nacala","Mozambique","MOZ","0","1","0","0","0","1","1","0","1670","0","0","0","1670","1670","0","0","0","0","0","0","0"
"2024-07-01","port784","Nacala","Mozambique","MOZ","0","0","0","0","0","0","0","0","0","0","0","0","0","0","0","0","0","0","0","0","0"
"2024-07-02","port784","Nacala","Mozambique","MOZ","1","1","0","0","0","2","2","4314","0","0","0","0","4314","4314","0","55513","0","0","0","55513","55513"
"2024-07-03","port784","Nacala","Mozambique","MOZ","0","0","1","0","1","1","2","0","0","330","0","19299","330","19630","0","0","0","0","0","0","0"
"2024-07-04","port784","Nacala","Mozambique","MOZ","0","1","0","0","0","1","1","0","0","0","0","0","0","0","0","74894","0","0","0","74894","74894"
"2024-07-05","port784","Nacala","Mozambique","MOZ","0","1","1","0","1","2","3","0","0","289","0","2777","289","3066","0","0","0","0","1377","0","1377"
"2024-07-06","port784","Nacala","Mozambique","MOZ","0","1","0","0","1","1","2","0","0","0","0","0","0","0","0","158342","0","0","0","158342","158342"
"2024-07-07","port784","Nacala","Mozambique","MOZ","0","1","0","0","0","1","1","0","9206","0","0","0","9206","9206","0","0","0","0","0","0","0"
"2024-07-08","port784","Nacala","Mozambique","MOZ","0","1","0","0","0","1","1","0","53252","0","0","0","53252","53252","0","0","0","0","0","0","0"
"2024-07-09","port784","Nacala","Mozambique","MOZ","0","2","0","0","1","2","3","0","0","0","0","0","0","0","0","62538","0","0","0","62538","62538"
"2024-07-10","port784","Nacala","Mozambique","MOZ","1","1","0","0","1","2","3","0","4164","0","0","3104","4164","7268","7766","0","0","0","2559","7766","10326"
"2024-07-11","port784","Nacala","Mozambique","MOZ","0","0","1","0","1","1","2","0","0","4092","0","0","4092","4092","0","0","0","0","0","0","0"
"2024-07-12","port784","Nacala","Mozambique","MOZ","1","1","0","0","1","2","3","0","0","0","0","0","0","0","5883","89472","0","0","0","95356","95356"
"2024-07-13","port784","Nacala","Mozambique","MOZ","0","0","0","0","0","0","0","0","0","0","0","0","0","0","0","0","0","0","0","0","0"
"2024-07-14","port784","Nacala","Mozambique","MOZ","0","1","0","0","0","1","1","0","0","0","0","0","0","0","0","0","0","0","0","0","0"
"2024-07-15","port784","Nacala","Mozambique","MOZ","0","0","0","0","0","0","0","0","0","0","0","0","0","0","0","0","0","0","0","0","0"
"2024-07-16","port784","Nacala","Mozambique","MOZ","0","1","0","0","0","1","1","0","0","0","0","0","0","0","0","58090","0","0","0","58090","58090"
"2024-07-17","port784","Nacala","Mozambique","MOZ","0","0","1","0","1","1","2","0","0","330","0","0","330","330","0","0","0","0","0","0","0"
"2024-07-18","port784","Nacala","Mozambique","MOZ","1","0","0","0","1","1","2","0","0","0","0","2777","0","2777","2760","0","0","0","1377","2760","4138"
"2024-07-19","port784","Nacala","Mozambique","MOZ","1","0","0","0","0","1","1","1827","0","0","0","0","1827","1827","2312","0","0","0","0","2312","2312"
"2024-07-20","port784","Nacala","Mozambique","MOZ","0","2","0","0","0","2","2","0","5027","0","0","0","5027","5027","0","213030","0","0","0","213030","213030"
"2024-07-21","port784","Nacala","Mozambique","MOZ","1","0","0","0","1","1","2","0","0","0","0","0","0","0","5445","0","0","0","1819","5445","7265"
"2024-07-22","port784","Nacala","Mozambique","MOZ","0","1","0","0","0","1","1","0","0","0","0","0","0","0","0","74911","0","0","0","74911","74911"
"2024-07-23","port784","Nacala","Mozambique","MOZ","1","0","0","0","0","1","1","0","0","0","0","0","0","0","379","0","0","0","0","379","379"
"2024-07-24","port784","Nacala","Mozambique","MOZ","1","1","0","0","0","2","2","4708","0","0","0","0","4708","4708","0","67894","0","0","0","67894","67894"
"2024-07-25","port784","Nacala","Mozambique","MOZ","1","1","0","0","2","2","4","0","1966","0","0","2439","1966","4405","2770","0","0","0","1059","2770","3829"
"2024-07-26","port784","Nacala","Mozambique","MOZ","0","1","0","0","0","1","1","0","0","0","0","0","0","0","0","50794","0","0","0","50794","50794"
"2024-07-27","port784","Nacala","Mozambique","MOZ","1","1","0","0","1","2","3","5710","0","0","0","0","5710","5710","0","0","0","0","41990","0","41990"
"2024-07-28","port784","Nacala","Mozambique","MOZ","0","1","0","0","1","1","2","0","0","0","0","0","0","0","0","76244","0","0","0","76244","76244"
"2024-07-29","port784","Nacala","Mozambique","MOZ","0","1","0","0","0","1","1","0","0","0","0","0","0","0","0","83140","0","0","0","83140","83140"
"2024-07-30","port784","Nacala","Mozambique","MOZ","0","1","0","0","0","1","1","0","0","0","0","0","0","0","0","15707","0","0","0","15707","15707"
"2024-07-31","port784","Nacala","Mozambique","MOZ","1","0","0","0","0","1","1","3623","0","0","0","0","3623","3623","0","0","0","0","0","0","0"
"2024-08-01","port784","Nacala","Mozambique","MOZ","0","0","0","0","0","0","0","0","0","0","0","0","0","0","0","0","0","0","0","0","0"
"2024-08-02","port784","Nacala","Mozambique","MOZ","0","0","0","0","0","0","0","0","0","0","0","0","0","0","0","0","0","0","0","0","0"
"2024-08-03","port784","Nacala","Mozambique","MOZ","1","1","0","0","0","2","2","1827","5027","0","0","0","6854","6854","2312","49803","0","0","0","52116","52116"
"2024-08-04","port784","Nacala","Mozambique","MOZ","0","1","0","0","0","1","1","0","0","0","0","0","0","0","0","168867","0","0","0","168867","168867"
"2024-08-05","port784","Nacala","Mozambique","MOZ","0","0","0","0","0","0","0","0","0","0","0","0","0","0","0","0","0","0","0","0","0"
"2024-08-06","port784","Nacala","Mozambique","MOZ","0","0","0","0","0","0","0","0","0","0","0","0","0","0","0","0","0","0","0","0","0"
"2024-08-07","port784","Nacala","Mozambique","MOZ","0","0","0","0","0","0","0","0","0","0","0","0","0","0","0","0","0","0","0","0","0"
"2024-08-08","port784","Nacala","Mozambique","MOZ","0","1","0","0","0","1","1","0","51143","0","0","0","51143","51143","0","0","0","0","0","0","0"
"2024-08-09","port784","Nacala","Mozambique","MOZ","1","0","0","0","0","1","1","0","0","0","0","0","0","0","5781","0","0","0","0","5781","5781"
"2024-08-10","port784","Nacala","Mozambique","MOZ","0","1","0","0","0","1","1","0","0","0","0","0","0","0","0","20431","0","0","0","20431","20431"
"2024-08-11","port784","Nacala","Mozambique","MOZ","0","1","0","0","0","1","1","0","0","0","0","0","0","0","0","74753","0","0","0","74753","74753"
"2024-08-12","port784","Nacala","Mozambique","MOZ","1","0","0","0","0","1","1","0","0","0","0","0","0","0","4737","0","0","0","0","4737","4737"
"2024-08-13","port784","Nacala","Mozambique","MOZ","0","0","0","0","1","0","1","0","0","0","0","2777","0","2777","0","0","0","0","1377","0","1377"
"2024-08-14","port784","Nacala","Mozambique","MOZ","2","0","0","0","1","2","3","2058","0","0","0","0","2058","2058","7053","0","0","0","25287","7053","32341"
"2024-08-15","port784","Nacala","Mozambique","MOZ","0","2","0","0","0","2","2","0","13791","0","0","0","13791","13791","0","189067","0","0","0","189067","189067"
"2024-08-16","port784","Nacala","Mozambique","MOZ","0","0","0","0","0","0","0","0","0","0","0","0","0","0","0","0","0","0","0","0","0"
"2024-08-17","port784","Nacala","Mozambique","MOZ","0","1","0","0","0","1","1","0","0","0","0","0","0","0","0","0","0","0","0","0","0"
"2024-08-18","port784","Nacala","Mozambique","MOZ","1","0","0","0","1","1","2","0","0","0","0","0","0","0","3933","0","0","0","0","3933","3933"
"2024-08-19","port784","Nacala","Mozambique","MOZ","0","1","0","0","0","1","1","0","0","0","0","0","0","0","0","128905","0","0","0","128905","128905"
"2024-08-20","port784","Nacala","Mozambique","MOZ","0","0","1","0","1","1","2","0","0","6188","0","0","6188","6188","0","0","0","0","0","0","0"
"2024-08-21","port784","Nacala","Mozambique","MOZ","1","1","0","0","0","2","2","0","34967","0","0","0","34967","34967","3100","0","0","0","0","3100","3100"
"2024-08-22","port784","Nacala","Mozambique","MOZ","0","1","0","0","1","1","2","0","0","0","0","0","0","0","0","32886","0","0","0","32886","32886"
"2024-08-23","port784","Nacala","Mozambique","MOZ","0","1","0","0","0","1","1","0","0","0","0","0","0","0","0","19614","0","0","0","19614","19614"
"2024-08-24","port784","Nacala","Mozambique","MOZ","1","0","0","0","0","1","1","0","0","0","0","0","0","0","12150","0","0","0","0","12150","12150"
"2024-08-25","port784","Nacala","Mozambique","MOZ","0","1","0","0","0","1","1","0","0","0","0","0","0","0","0","36921","0","0","0","36921","36921"
"2024-08-26","port784","Nacala","Mozambique","MOZ","0","2","0","0","0","2","2","0","2226","0","0","0","2226","2226","0","0","0","0","0","0","0"
"2024-08-27","port784","Nacala","Mozambique","MOZ","1","1","0","0","0","2","2","0","0","0","0","0","0","0","0","78587","0","0","0","78587","78587"
"2024-08-28","port784","Nacala","Mozambique","MOZ","0","0","1","0","1","1","2","0","0","1053","0","0","1053","1053","0","0","0","0","0","0","0"
"2024-08-29","port784","Nacala","Mozambique","MOZ","0","1","0","0","0","1","1","0","5772","0","0","0","5772","5772","0","0","0","0","0","0","0"
"2024-08-30","port784","Nacala","Mozambique","MOZ","1","1","1","0","0","3","3","0","0","497","0","0","497","497","4496","219456","0","0","0","223952","223952"
"2024-08-31","port784","Nacala","Mozambique","MOZ","0","2","1","0","0","3","3","0","21469","0","0","0","21469","21469","0","0","1613","0","0","1613","1613"
2026-08-15,port784,Nacala,Mozambique,MOZ,0,0,0,0,0,0,0,0,0,0,0,0,0,0,0,0,0,0,0,0,0
2026-08-16,port784,Nacala,Mozambique,MOZ,1,0,0,0,0,1,1,0,0,0,0,0,0,0,9792,0,0,0,0,9792,9792
2026-08-17,port784,Nacala,Mozambique,MOZ,0,0,0,0,0,0,0,0,0,0,0,0,0,0,0,0,0,0,0,0,0
2026-08-18,port784,Nacala,Mozambique,MOZ,1,0,2,0,0,3,3,0,0,1645,0,0,1645,1645,484,0,1566,0,0,2051,2051
2026-08-19,port784,Nacala,Mozambique,MOZ,0,0,0,0,1,0,1,0,0,0,0,4320,0,4320,0,0,0,0,3346,0,3346
2026-08-20,port784,Nacala,Mozambique,MOZ,1,1,1,0,1,3,4,1815,0,1436,0,0,3252,3252,2316,77477,0,0,0,79793,79793
2026-08-21,port784,Nacala,Mozambique,MOZ,1,1,0,0,0,2,2,1815,5015,0,0,0,6831,6831,2316,49903,0,0,0,52219,52219
2026-08-22,port784,Nacala,Mozambique,MOZ,0,0,1,0,0,1,1,0,0,1442,0,0,1442,1442,0,0,1566,0,0,1566,1566
2026-08-23,port784,Nacala,Mozambique,MOZ,0,1,0,0,1,1,2,0,5015,0,0,42729,5015,47744,0,49903,0,0,0,49903,49903
2026-08-24,port784,Nacala,Mozambique,MOZ,1,0,0,0,0,1,1,0,0,0,0,0,0,0,1517,0,0,0,0,1517,1517
2026-08-25,port784,Nacala,Mozambique,MOZ,0,0,0,0,0,0,0,0,0,0,0,0,0,0,0,0,0,0,0,0,0
2026-08-26,port784,Nacala,Mozambique,MOZ,0,1,0,0,0,1,1,0,0,0,0,0,0,0,0,31141,0,0,0,31141,31141
2026-08-27,port784,Nacala,Mozambique,MOZ,1,0,1,0,0,2,2,1815,0,1442,0,0,3258,3258,2316,0,1566,0,0,3882,3882
2026-08-28,port784,Nacala,Mozambique,MOZ,0,1,1,0,1,2,3,0,0,1442,0,33125,1442,34567,0,168027,1566,0,0,169593,169593
