date,year,month,day,portid,portname,country,ISO3,portcalls_container,portcalls_dry_bulk,portcalls_general_cargo,portcalls_roro,portcalls_tanker,portcalls_cargo,portcalls,import_container,import_dry_bulk,import_general_cargo,import_roro,import_tanker,import_cargo,import,export_container,export_dry_bulk,export_general_cargo,export_roro,export_tanker,export_cargo,export,ObjectId
2021-04-12,2021,4,12,port915,Pohang,Korea,KOR,0,0,6,0,0,6,6,0,0,5871,0,0,5871,5871,0,0,3953,0,0,3953,3953,3606001
2021-04-13,2021,4,13,port915,Pohang,Korea,KOR,0,1,6,1,1,8,9,0,52319,5581,263,814,58164,58979,0,0,2342,385,2206,2727,4934,3606002
2021-04-14,2021,4,14,port915,Pohang,Korea,KOR,0,3,3,0,0,6,6,0,5037,1085,0,0,6123,6123,0,14440,1826,0,0,16266,16266,3606003
2021-04-15,2021,4,15,port915,Pohang,Korea,KOR,1,7,13,2,2,23,25,1245,87977,7707,527,700,97458,98159,617,106500,15494,770,121,123383,123504,3606004
2021-04-16,2021,4,16,port915,Pohang,Korea,KOR,1,4,7,0,2,12,14,1217,191519,3009,0,1673,195747,197420,0,0,3399,0,0,3399,3399,3606005
2021-04-17,2021,4,17,port915,Pohang,Korea,KOR,0,2,7,0,1,9,10,0,15680,4878,0,0,20559,20559,0,1528,5494,0,2260,7023,9283,3606006
2021-04-18,2021,4,18,port915,Pohang,Korea,KOR,2,1,5,2,0,10,10,1245,83673,5642,263,0,90824,90824,1376,0,4149,385,0,5911,5911,3606007
2021-04-19,2021,4,19,port915,Pohang,Korea,KOR,0,6,9,1,0,16,16,0,211302,12704,263,0,224270,224270,0,43599,4315,385,0,48300,48300,3606008
2021-04-20,2021,4,20,port915,Pohang,Korea,KOR,0,1,3,3,0,7,7,0,0,762,791,0,1553,1553,0,26952,1672,1156,0,29780,29780,3606009
2021-04-21,2021,4,21,port915,Pohang,Korea,KOR,0,3,4,0,1,7,8,0,56554,11757,0,700,68311,69012,0,1630,1808,0,0,3438,3439,3606010
2021-04-22,2021,4,22,port915,Pohang,Korea,KOR,3,5,9,0,0,17,17,1245,112858,7801,0,0,121905,121905,1447,60124,3473,0,0,65045,65045,3606011
2021-04-23,2021,4,23,port915,Pohang,Korea,KOR,1,1,7,1,0,10,10,1245,25635,5847,0,0,32728,32728,617,0,4816,0,0,5434,5434,3606012
2021-04-24,2021,4,24,port915,Pohang,Korea,KOR,2,0,2,1,0,5,5,15120,0,2337,263,0,17721,17721,2236,0,471,385,0,3093,3093,3606013
2021-04-25,2021,4,25,port915,Pohang,Korea,KOR,1,3,3,0,0,7,7,0,42906,1465,0,0,44371,44371,763,6757,427,0,0,7948,7948,3606014
2021-04-26,2021,4,26,port915,Pohang,Korea,KOR,0,5,8,0,0,13,13,0,188375,6080,0,0,194455,194455,0,0,2478,0,0,2478,2478,3606015
2021-04-27,2021,4,27,port915,Pohang,Korea,KOR,0,1,6,2,0,9,9,0,199267,6699,527,0,206494,206494,0,0,4434,770,0,5205,5205,3606016
2021-04-28,2021,4,28,port915,Pohang,Korea,KOR,1,4,6,0,0,11,11,1245,58969,4626,0,0,64841,64841,617,2324,3143,0,0,6085,6085,3606017
2021-04-29,2021,4,29,port915,Pohang,Korea,KOR,1,3,6,1,0,11,11,0,255220,10732,263,0,266215,266215,0,0,797,385,0,1182,1182,3606018
2021-04-30,2021,4,30,port915,Pohang,Korea,KOR,0,2,6,0,2,8,10,0,30498,3751,0,1515,34249,35765,0,2704,5449,0,2206,8153,10359,3606019
2021-05-01,2021,5,1,port915,Pohang,Korea,KOR,2,2,5,0,3,9,12,0,11404,3957,0,1492,15361,16854,3803,0,2817,0,0,6620,6621,3606020
2021-05-02,2021,5,2,port915,Pohang,Korea,KOR,0,3,5,0,1,8,9,0,407461,5507,0,814,412969,413784,0,5535,3044,0,2206,8580,10786,3606021
2021-05-03,2021,5,3,port915,Pohang,Korea,KOR,1,1,8,2,1,12,13,1245,0,10633,527,0,12406,12406,617,0,4004,770,0,5392,5392,3606022
2021-05-04,2021,5,4,port915,Pohang,Korea,KOR,1,2,4,1,0,8,8,814,210087,7857,263,0,219023,219023,0,0,1601,385,0,1987,1987,3606023
2021-05-05,2021,5,5,port915,Pohang,Korea,KOR,0,1,9,0,1,10,11,0,40371,6845,0,786,47216,48003,0,0,17032,0,0,17032,17032,3606024
2021-05-06,2021,5,6,port915,Pohang,Korea,KOR,1,1,0,0,0,2,2,1245,0,0,0,0,1245,1245,617,0,0,0,0,617,617,3606025
2021-05-07,2021,5,7,port915,Pohang,Korea,KOR,2,3,9,2,1,16,17,0,85685,10910,527,700,97123,97824,557,3988,4836,770,0,10152,10153,3606026
2021-05-08,2021,5,8,port915,Pohang,Korea,KOR,0,3,5,0,0,8,8,0,277248,5167,0,0,282415,282415,0,6463,3203,0,0,9667,9667,3606027
2021-05-09,2021,5,9,port915,Pohang,Korea,KOR,0,3,8,1,0,12,12,0,112602,5099,263,0,117964,117964,0,0,7471,385,0,7856,7856,3606028
2021-05-10,2021,5,10,port915,Pohang,Korea,KOR,0,3,5,0,0,8,8,0,34468,5380,0,0,39849,39849,0,11364,1780,0,0,13144,13144,3606029
2021-05-11,2021,5,11,port915,Pohang,Korea,KOR,1,1,8,1,1,11,12,0,201964,1474,263,700,203702,204403,1028,0,11104,385,0,12518,12519,3606030
2021-05-12,2021,5,12,port915,Pohang,Korea,KOR,0,1,4,0,0,5,5,0,0,6454,0,0,6454,6454,0,32149,1126,0,0,33276,33276,3606031
2021-05-13,2021,5,13,port915,Pohang,Korea,KOR,1,3,9,3,1,16,17,450,48675,8152,527,814,57806,58621,0,0,3448,770,2206,4219,6426,3606032
2021-05-14,2021,5,14,port915,Pohang,Korea,KOR,1,2,9,0,0,12,12,763,196673,5659,0,0,203096,203096,0,0,8755,0,0,8755,8755,3606033
2021-05-15,2021,5,15,port915,Pohang,Korea,KOR,1,2,8,1,0,12,12,0,130550,5520,263,0,136333,136333,1282,0,4856,385,0,6523,6523,3606034
2021-05-16,2021,5,16,port915,Pohang,Korea,KOR,0,4,4,1,1,9,10,0,104456,1129,263,0,105849,105849,0,21558,4888,385,481,26831,27313,3606035
2021-05-17,2021,5,17,port915,Pohang,Korea,KOR,1,0,3,0,1,4,5,2528,0,5908,0,814,8437,9251,0,0,0,0,2206,0,2206,3606036
2021-05-18,2021,5,18,port915,Pohang,Korea,KOR,1,3,2,1,1,7,8,1245,81730,0,0,0,82976,82976,617,3875,2814,1007,0,8314,8314,3606037
2021-05-19,2021,5,19,port915,Pohang,Korea,KOR,1,6,5,0,0,12,12,1245,194803,4677,0,0,200727,200727,617,4108,1872,0,0,6598,6598,3606038
2021-05-20,2021,5,20,port915,Pohang,Korea,KOR,1,3,8,0,0,12,12,1531,10067,6549,0,0,18148,18148,0,68258,14192,0,0,82450,82450,3606039
2021-05-21,2021,5,21,port915,Pohang,Korea,KOR,2,5,4,0,2,11,13,1124,175784,1956,0,814,178865,179680,300,5414,800,0,2206,6515,8722,3606040
2021-05-22,2021,5,22,port915,Pohang,Korea,KOR,0,4,4,0,0,8,8,0,108481,1326,0,0,109807,109807,0,0,6065,0,0,6065,6065,3606041
2021-05-23,2021,5,23,port915,Pohang,Korea,KOR,0,5,6,1,1,12,13,0,26714,4062,263,0,31040,31040,0,49384,899,385,0,50668,50668,3606042
2021-05-24,2021,5,24,port915,Pohang,Korea,KOR,1,4,5,3,0,13,13,1245,155071,2138,527,0,158983,158983,617,2497,6369,770,0,10255,10255,3606043
2021-05-25,2021,5,25,port915,Pohang,Korea,KOR,1,4,3,0,1,8,9,0,45857,7231,0,5641,53089,58731,4621,5432,0,0,0,10054,10054,3606044
2021-05-26,2021,5,26,port915,Pohang,Korea,KOR,0,1,9,0,1,10,11,0,0,4264,0,0,4264,4264,0,44313,5320,0,0,49633,49633,3606045
2021-05-27,2021,5,27,port915,Pohang,Korea,KOR,2,3,5,1,1,11,12,768,91531,7038,263,1125,99602,100727,1613,0,2301,385,0,4300,4300,3606046
2021-05-28,2021,5,28,port915,Pohang,Korea,KOR,2,4,4,1,0,11,11,253,370877,3515,263,0,374910,374910,1432,13884,1421,385,0,17123,17123,3606047
2021-05-29,2021,5,29,port915,Pohang,Korea,KOR,0,3,12,1,1,16,17,0,80269,11044,263,814,91577,92392,0,7399,7940,385,2206,15725,17931,3606048
2021-05-30,2021,5,30,port915,Pohang,Korea,KOR,0,2,4,0,0,6,6,0,18815,5114,0,0,23930,23930,0,0,2056,0,0,2056,2056,3606049
2021-05-31,2021,5,31,port915,Pohang,Korea,KOR,0,1,5,0,1,6,7,0,0,3193,0,814,3193,4008,0,0,5136,0,2206,5136,7342,3606050
2021-06-01,2021,6,1,port915,Pohang,Korea,KOR,0,4,7,2,0,13,13,0,153620,6519,263,0,160403,160403,0,5414,7466,587,0,13468,13468,3606051
2021-06-02,2021,6,2,port915,Pohang,Korea,KOR,0,1,4,1,2,6,8,0,141884,1697,263,1787,143845,145633,0,0,7405,385,2206,7790,9996,3606052
2021-06-03,2021,6,3,port915,Pohang,Korea,KOR,2,2,7,2,0,13,13,1245,338845,7473,527,0,348092,348092,2140,0,7061,770,0,9972,9972,3606054
2019-02-02,2019,2,2,port915,Pohang,Korea,KOR,0,1,2,0,0,3,3,0,111244,1814,0,0,113058,113058,0,0,1601,0,0,1601,1601,3606055
2021-06-04,2021,6,4,port915,Pohang,Korea,KOR,1,2,7,0,0,10,10,0,98264,5209,0,0,103473,103473,0,0,9844,0,0,9844,9844,3606056
2021-06-05,2021,6,5,port915,Pohang,Korea,KOR,1,1,4,2,0,8,8,1952,0,2247,202,0,4402,4402,0,1231,2447,0,0,3678,3678,3606057
2021-06-06,2021,6,6,port915,Pohang,Korea,KOR,0,4,3,0,0,7,7,0,246291,4306,0,0,250597,250597,0,0,2261,0,0,2261,2261,3606058
2021-06-07,2021,6,7,port915,Pohang,Korea,KOR,1,6,8,1,1,16,17,1245,333629,11842,263,700,346981,347682,617,8033,3138,385,0,12174,12174,3606059
2021-06-08,2021,6,8,port915,Pohang,Korea,KOR,2,1,5,2,1,10,11,0,0,6066,527,700,6594,7294,1143,1990,4237,770,0,8142,8142,3606060
2021-06-09,2021,6,9,port915,Pohang,Korea,KOR,0,3,6,2,1,11,12,0,196545,3146,263,700,199955,200656,0,33602,2215,671,0,36489,36490,3606061
2021-06-10,2021,6,10,port915,Pohang,Korea,KOR,0,1,15,0,0,16,16,0,0,8815,0,0,8815,8815,0,564,11790,0,0,12355,12355,3606062
2021-06-11,2021,6,11,port915,Pohang,Korea,KOR,1,1,1,2,0,5,5,1245,167800,173,263,0,169482,169482,617,0,0,587,0,1204,1204,3606063
2021-06-12,2021,6,12,port915,Pohang,Korea,KOR,1,1,7,0,1,9,10,0,79092,8260,0,1125,87352,88477,0,0,7645,0,0,7645,7645,3606064
2021-06-13,2021,6,13,port915,Pohang,Korea,KOR,3,3,5,1,1,12,13,5293,78200,12719,263,0,96478,96478,1234,5414,1872,385,0,8906,8906,3606065
2021-06-14,2021,6,14,port915,Pohang,Korea,KOR,0,3,5,1,0,9,9,0,5151,3123,263,0,8539,8539,0,157879,3879,385,0,162144,162144,3606066
2021-06-15,2021,6,15,port915,Pohang,Korea,KOR,0,4,4,2,1,10,11,0,85440,977,263,0,86681,86681,0,15174,3107,385,241,18666,18907,3606067
2021-06-16,2021,6,16,port915,Pohang,Korea,KOR,0,2,5,0,0,7,7,0,76225,1743,0,0,77968,77968,0,4870,5811,0,0,10682,10682,3606068
2021-06-17,2021,6,17,port915,Pohang,Korea,KOR,1,3,8,1,0,13,13,1537,294223,8986,263,0,305010,305010,0,0,4119,385,0,4504,4504,3606069
2021-06-18,2021,6,18,port915,Pohang,Korea,KOR,2,1,5,1,0,9,9,0,16524,3750,263,0,20538,20538,764,0,2852,385,0,4002,4002,3606070
2021-06-19,2021,6,19,port915,Pohang,Korea,KOR,1,6,6,1,0,14,14,1521,84256,6504,263,0,92545,92545,0,10348,2802,385,0,13536,13536,3606071
2020-03-08,2020,3,8,port915,Pohang,Korea,KOR,1,1,9,0,1,11,12,514,0,8954,0,0,9468,9468,0,0,3176,0,601,3176,3777,3606073
2021-06-20,2021,6,20,port915,Pohang,Korea,KOR,0,4,2,0,0,6,6,0,74474,1258,0,0,75732,75732,0,2716,1204,0,0,3920,3920,3606074
2021-06-21,2021,6,21,port915,Pohang,Korea,KOR,0,3,6,4,0,13,13,0,2813,4461,1054,0,8329,8329,0,67932,6481,1541,0,75956,75956,3606075
2021-06-22,2021,6,22,port915,Pohang,Korea,KOR,0,1,4,0,1,5,6,0,179991,3628,0,0,183619,183619,0,0,3203,0,3975,3203,7178,3606076
2021-06-23,2021,6,23,port915,Pohang,Korea,KOR,0,4,8,1,1,13,14,0,198898,5840,263,700,205002,205702,0,9829,5427,385,0,15642,15643,3606077
2021-06-24,2021,6,24,port915,Pohang,Korea,KOR,0,4,7,0,1,11,12,0,87861,6089,0,700,93950,94651,0,10828,3319,0,0,14147,14148,3606078
2021-06-25,2021,6,25,port915,Pohang,Korea,KOR,1,3,5,0,1,9,10,0,172124,4891,0,814,177015,177830,404,147,5502,0,2206,6055,8261,3606079
2021-06-26,2021,6,26,port915,Pohang,Korea,KOR,1,0,1,0,0,2,2,0,0,0,0,0,0,0,516,0,1020,0,0,1537,1537,3606080
2021-06-27,2021,6,27,port915,Pohang,Korea,KOR,3,3,13,0,2,19,21,3102,245243,4614,0,1515,252960,254475,1126,0,10494,0,2206,11621,13828,3606081
2021-06-28,2021,6,28,port915,Pohang,Korea,KOR,1,3,7,1,0,12,12,0,0,4535,263,0,4799,4799,0,21388,2402,385,0,24176,24176,3606082
2021-06-29,2021,6,29,port915,Pohang,Korea,KOR,0,4,0,2,1,6,7,0,222730,0,527,700,223257,223958,0,37887,0,770,0,38658,38658,3606083
2021-06-30,2021,6,30,port915,Pohang,Korea,KOR,0,2,2,0,0,4,4,0,3382,907,0,0,4289,4289,0,46747,2587,0,0,49335,49335,3606084
2021-07-01,2021,7,1,port915,Pohang,Korea,KOR,2,4,5,2,0,13,13,1245,203031,4124,577,0,208979,208979,1126,2601,2178,607,0,6514,6514,3606085
2021-07-02,2021,7,2,port915,Pohang,Korea,KOR,0,3,7,2,0,12,12,0,50865,7491,527,0,58884,58884,0,0,4942,770,0,5713,5713,3606086
2021-07-03,2021,7,3,port915,Pohang,Korea,KOR,1,2,9,0,0,12,12,250,99485,6750,0,0,106486,106486,0,0,5432,0,0,5432,5432,3606087
2021-07-04,2021,7,4,port915,Pohang,Korea,KOR,1,3,4,2,0,10,10,4000,359572,2721,263,0,366558,366558,0,0,4773,385,0,5158,5158,3606088
2021-07-05,2021,7,5,port915,Pohang,Korea,KOR,1,2,5,1,0,9,9,3071,179009,3721,263,0,186066,186066,0,6305,1428,385,0,8119,8119,3606089
2021-07-06,2021,7,6,port915,Pohang,Korea,KOR,0,0,4,1,1,5,6,0,0,8679,263,0,8942,8942,0,0,0,385,0,385,385,3606090
2021-07-07,2021,7,7,port915,Pohang,Korea,KOR,4,1,3,0,0,8,8,5601,2459,1474,0,0,9535,9535,871,0,3397,0,0,4268,4268,3606091
2021-07-08,2021,7,8,port915,Pohang,Korea,KOR,0,2,10,2,0,14,14,0,34468,12248,527,0,47244,47244,0,5414,9252,770,0,15437,15437,3606092
2021-07-09,2021,7,9,port915,Pohang,Korea,KOR,0,2,3,0,0,5,5,0,221583,10518,0,0,232101,232101,0,0,1255,0,0,1255,1255,3606093
2021-07-10,2021,7,10,port915,Pohang,Korea,KOR,1,3,7,1,1,12,13,0,84844,10288,263,700,95396,96097,2361,30216,3030,385,0,35994,35994,3606094
2021-07-11,2021,7,11,port915,Pohang,Korea,KOR,1,3,2,0,1,6,7,0,115877,1499,0,700,117377,118078,1114,0,520,0,0,1635,1635,3606095
2021-07-12,2021,7,12,port915,Pohang,Korea,KOR,0,2,7,0,0,9,9,0,254652,2961,0,0,257613,257613,0,0,10686,0,0,10686,10686,3606096
2021-07-13,2021,7,13,port915,Pohang,Korea,KOR,1,2,5,1,1,9,10,1075,73202,7902,263,700,82444,83145,0,2872,2402,385,0,5660,5660,3606097
2021-07-14,2021,7,14,port915,Pohang,Korea,KOR,1,1,3,1,0,6,6,509,34468,3984,263,0,39226,39226,0,5414,2871,385,0,8670,8670,3606098
2021-07-15,2021,7,15,port915,Pohang,Korea,KOR,0,5,14,3,1,22,23,0,323950,12066,791,704,336808,337512,0,0,10206,1156,0,11362,11362,3606099
2021-07-16,2021,7,16,port915,Pohang,Korea,KOR,0,3,6,0,0,9,9,0,0,4195,0,0,4195,4195,0,34923,4282,0,0,39205,39205,3606100
2021-07-17,2021,7,17,port915,Pohang,Korea,KOR,1,1,2,0,0,4,4,4491,46868,1889,0,0,53250,53250,0,0,0,0,0,0,0,3606101
2021-07-18,2021,7,18,port915,Pohang,Korea,KOR,0,5,13,2,0,20,20,0,90855,8127,527,0,99510,99510,0,25218,11934,770,0,37924,37924,3606102
2021-07-19,2021,7,19,port915,Pohang,Korea,KOR,2,2,3,0,0,7,7,2491,34468,2521,0,0,39481,39481,1234,12394,2153,0,0,15783,15783,3606103
2021-07-20,2021,7,20,port915,Pohang,Korea,KOR,1,4,2,1,1,8,9,5080,87306,857,0,700,93244,93944,0,32345,3474,0,0,35819,35819,3606104
2021-07-21,2021,7,21,port915,Pohang,Korea,KOR,0,3,6,1,1,10,11,0,0,6651,0,1527,6651,8178,0,47404,3069,0,0,50474,50474,3606105
2021-07-22,2021,7,22,port915,Pohang,Korea,KOR,1,2,9,2,1,14,15,1245,14387,8018,527,814,24179,24994,617,0,6026,770,2206,7414,9620,3606106
2021-07-23,2021,7,23,port915,Pohang,Korea,KOR,1,6,6,0,0,13,13,499,488393,1937,0,0,490830,490830,0,5414,3686,0,0,9100,9100,3606107
2021-07-24,2021,7,24,port915,Pohang,Korea,KOR,0,2,1,1,0,4,4,0,88040,2502,263,0,90806,90806,0,0,0,385,0,385,385,3606108
2021-07-25,2021,7,25,port915,Pohang,Korea,KOR,0,3,8,0,1,11,12,0,117154,7905,0,814,125059,125874,0,3861,3369,0,2206,7231,9437,3606109
2021-07-26,2021,7,26,port915,Pohang,Korea,KOR,2,3,5,2,1,12,13,1757,34468,2928,527,0,39682,39682,617,22717,4337,770,0,28443,28443,3606110
2021-07-27,2021,7,27,port915,Pohang,Korea,KOR,0,3,3,0,0,6,6,0,258789,2892,0,0,261682,261682,0,25406,843,0,0,26249,26249,3606111
2021-07-28,2021,7,28,port915,Pohang,Korea,KOR,1,4,7,0,0,12,12,1245,113036,3510,0,0,117792,117792,617,14744,8584,0,0,23946,23946,3606112
2021-07-29,2021,7,29,port915,Pohang,Korea,KOR,0,2,3,0,0,5,5,0,1027,796,0,0,1823,1823,0,0,1781,0,0,1781,1781,3606113
2021-07-30,2021,7,30,port915,Pohang,Korea,KOR,0,3,9,0,0,12,12,0,87486,6010,0,0,93497,93497,0,0,7371,0,0,7371,7371,3606114
2021-07-31,2021,7,31,port915,Pohang,Korea,KOR,1,0,6,1,0,8,8,1245,0,4887,0,0,6132,6132,617,0,4786,1030,0,6433,6433,3606115
2021-08-01,2021,8,1,port915,Pohang,Korea,KOR,2,4,3,1,1,10,11,3327,172587,4415,263,700,180593,181294,617,32499,0,385,0,33502,33502,3606116
2021-08-02,2021,8,2,port915,Pohang,Korea,KOR,0,1,8,1,0,10,10,0,34468,8591,263,0,43323,43323,0,5414,4921,385,0,10720,10720,3606117
2021-08-03,2021,8,3,port915,Pohang,Korea,KOR,2,2,5,1,0,10,10,2567,25051,6152,263,0,34034,34034,0,0,5100,385,0,5485,5485,3606118
2021-08-04,2021,8,4,port915,Pohang,Korea,KOR,1,3,9,1,1,14,15,735,89486,8820,263,1527,99306,100833,0,22438,3203,385,0,26027,26027,3606119
2021-08-05,2021,8,5,port915,Pohang,Korea,KOR,3,0,9,1,1,13,14,3565,0,7436,263,0,11266,11266,1234,0,3860,385,0,5480,5480,3606120
2021-08-06,2021,8,6,port915,Pohang,Korea,KOR,1,3,8,1,1,13,14,0,157641,6861,511,700,165015,165716,0,0,4615,0,0,4615,4615,3606121
2021-08-07,2021,8,7,port915,Pohang,Korea,KOR,0,2,9,0,0,11,11,0,0,18263,0,0,18263,18263,0,2297,2634,0,0,4932,4932,3606122
2021-08-08,2021,8,8,port915,Pohang,Korea,KOR,0,1,10,0,0,11,11,0,0,3632,0,0,3632,3632,0,36738,5208,0,0,41946,41946,3606123
2021-08-09,2021,8,9,port915,Pohang,Korea,KOR,1,0,1,0,1,2,3,1018,0,0,0,0,1018,1018,0,0,0,0,0,0,0,3606124
2021-08-10,2021,8,10,port915,Pohang,Korea,KOR,0,0,5,1,0,6,6,0,0,2584,263,0,2848,2848,0,0,2332,385,0,2718,2718,3606125
2021-08-11,2021,8,11,port915,Pohang,Korea,KOR,1,5,3,0,0,9,9,266,256080,4157,0,0,260504,260504,0,14323,800,0,0,15124,15124,3606126
2021-08-12,2021,8,12,port915,Pohang,Korea,KOR,0,1,0,0,0,1,1,0,0,0,0,0,0,0,0,0,0,0,0,0,0,3606127
2021-08-13,2021,8,13,port915,Pohang,Korea,KOR,0,0,0,0,0,0,0,0,0,0,0,0,0,0,0,0,0,0,0,0,0,3606128
2021-08-14,2021,8,14,port915,Pohang,Korea,KOR,0,1,1,0,0,2,2,0,87846,0,0,0,87846,87846,0,0,1317,0,0,1317,1317,3606129
2021-08-15,2021,8,15,port915,Pohang,Korea,KOR,0,1,0,0,0,1,1,0,0,0,0,0,0,0,0,0,0,0,0,0,0,3606130
2021-08-16,2021,8,16,port915,Pohang,Korea,KOR,0,0,0,0,0,0,0,0,0,0,0,0,0,0,0,0,0,0,0,0,0,3606131
2021-08-17,2021,8,17,port915,Pohang,Korea,KOR,0,1,0,0,0,1,1,0,0,0,0,0,0,0,0,30586,0,0,0,30586,30586,3606132
2021-08-18,2021,8,18,port915,Pohang,Korea,KOR,0,1,0,1,0,2,2,0,0,0,263,0,263,263,0,34745,0,385,0,35131,35131,3606133
2021-08-19,2021,8,19,port915,Pohang,Korea,KOR,1,0,0,0,0,1,1,511,0,0,0,0,511,511,0,0,0,0,0,0,0,3606134
2021-08-20,2021,8,20,port915,Pohang,Korea,KOR,0,0,1,0,0,1,1,0,0,0,0,0,0,0,0,0,1781,0,0,1781,1781,3606135
2021-08-21,2021,8,21,port915,Pohang,Korea,KOR,0,0,1,0,0,1,1,0,0,2481,0,0,2481,2481,0,0,0,0,0,0,0,3606136
2021-08-22,2021,8,22,port915,Pohang,Korea,KOR,1,0,2,2,0,5,5,0,0,2205,263,0,2469,2469,5600,0,800,385,0,6787,6787,3606137
2021-08-23,2021,8,23,port915,Pohang,Korea,KOR,0,2,2,0,0,4,4,0,153938,7177,0,0,161116,161116,0,0,2100,0,0,2100,2100,3606138
2021-08-24,2021,8,24,port915,Pohang,Korea,KOR,1,1,0,0,0,2,2,1245,16976,0,0,0,18222,18222,617,0,0,0,0,617,617,3606139
2021-08-25,2021,8,25,port915,Pohang,Korea,KOR,0,0,1,0,0,1,1,0,0,1215,0,0,1215,1215,0,0,0,0,0,0,0,3606140
2021-08-26,2021,8,26,port915,Pohang,Korea,KOR,1,6,6,0,1,13,14,764,297504,6229,0,814,304497,305312,0,24525,2402,0,2206,26928,29134,3606141
2021-08-27,2021,8,27,port915,Pohang,Korea,KOR,0,1,1,0,1,2,3,0,4620,0,0,0,4620,4620,0,0,65,0,2260,65,2326,3606142
2021-08-28,2021,8,28,port915,Pohang,Korea,KOR,0,3,5,0,0,8,8,0,44183,9559,0,0,53742,53742,0,1675,2239,0,0,3914,3914,3606143
2021-08-29,2021,8,29,port915,Pohang,Korea,KOR,0,0,1,0,0,1,1,0,0,0,0,0,0,0,0,0,1708,0,0,1708,1708,3606144
2021-08-30,2021,8,30,port915,Pohang,Korea,KOR,2,5,17,1,3,25,28,1245,246740,14722,263,1515,262972,264488,1130,24953,7718,385,5853,34187,40041,3606145
2021-08-31,2021,8,31,port915,Pohang,Korea,KOR,1,2,5,0,0,8,8,0,113161,9580,0,0,122742,122742,1121,0,1872,0,0,2993,2993,3606146
2021-09-01,2021,9,1,port915,Pohang,Korea,KOR,2,1,4,0,1,7,8,0,0,3361,0,700,3361,4062,399,2201,1404,0,0,4005,4006,3606147
2021-09-02,2021,9,2,port915,Pohang,Korea,KOR,2,4,11,1,0,18,18,1245,352456,12231,263,0,366197,366197,6238,29126,9343,385,0,45093,45093,3606148
2021-09-03,2021,9,3,port915,Pohang,Korea,KOR,1,1,3,0,0,5,5,1245,36027,4830,0,0,42104,42104,617,0,278,0,0,896,896,3606149
2021-09-04,2021,9,4,port915,Pohang,Korea,KOR,2,2,5,1,0,10,10,1245,45438,7131,263,0,54079,54079,1636,10004,1601,385,0,13627,13627,3606150
2021-09-05,2021,9,5,port915,Pohang,Korea,KOR,2,1,8,2,2,13,15,0,0,14427,263,700,14690,15391,0,5772,4184,1395,121,11351,11472,3606151
2021-09-06,2021,9,6,port915,Pohang,Korea,KOR,0,1,4,0,0,5,5,0,0,2721,0,0,2721,2721,0,7392,4443,0,0,11835,11835,3606152
2021-09-07,2021,9,7,port915,Pohang,Korea,KOR,0,7,5,1,0,13,13,0,491177,2721,263,0,494162,494162,0,27344,3418,385,0,31147,31147,3606153
2021-09-08,2021,9,8,port915,Pohang,Korea,KOR,0,2,4,0,0,6,6,0,2150,1583,0,0,3733,3733,0,0,2070,0,0,2070,2070,3606154
2021-09-09,2021,9,9,port915,Pohang,Korea,KOR,1,3,8,1,3,13,16,1245,172457,6042,263,2406,180009,182416,617,5833,5054,385,0,11891,11891,3606155
2021-09-10,2021,9,10,port915,Pohang,Korea,KOR,0,2,8,2,0,12,12,0,79306,4933,263,0,84503,84503,0,2704,9278,385,0,12367,12367,3606156
2021-09-11,2021,9,11,port915,Pohang,Korea,KOR,1,5,4,1,3,11,14,0,103303,3842,263,2216,107410,109626,3526,11489,3752,385,2207,19154,21361,3606157
2021-09-12,2021,9,12,port915,Pohang,Korea,KOR,3,2,5,0,0,10,10,1497,38701,1814,0,0,42013,42013,617,0,4357,0,0,4974,4974,3606158
2021-09-13,2021,9,13,port915,Pohang,Korea,KOR,1,5,6,1,0,13,13,1245,250079,2792,263,0,254381,254381,617,0,3613,385,0,4615,4615,3606159
2021-09-14,2021,9,14,port915,Pohang,Korea,KOR,1,2,7,0,0,10,10,0,33582,7633,0,0,41216,41216,0,16682,3473,0,0,20156,20156,3606160
2021-09-15,2021,9,15,port915,Pohang,Korea,KOR,0,0,2,0,0,2,2,0,0,3267,0,0,3267,3267,0,0,800,0,0,800,800,3606161
2021-09-16,2021,9,16,port915,Pohang,Korea,KOR,0,0,2,0,0,2,2,0,0,1474,0,0,1474,1474,0,0,1760,0,0,1760,1760,3606162
2021-09-17,2021,9,17,port915,Pohang,Korea,KOR,0,0,0,0,0,0,0,0,0,0,0,0,0,0,0,0,0,0,0,0,0,3606163
2021-09-18,2021,9,18,port915,Pohang,Korea,KOR,1,13,9,2,0,25,25,0,438172,7767,527,0,446466,446466,0,69904,10479,770,0,81155,81155,3606164
2021-09-19,2021,9,19,port915,Pohang,Korea,KOR,0,3,7,0,1,10,11,0,66888,5224,0,814,72113,72928,0,0,5262,0,2206,5262,7469,3606165
2021-09-20,2021,9,20,port915,Pohang,Korea,KOR,0,0,1,1,1,2,3,0,0,268,263,700,532,1232,0,0,0,385,0,385,385,3606166
2021-09-21,2021,9,21,port915,Pohang,Korea,KOR,1,4,7,0,0,12,12,1245,230329,4018,0,0,235593,235593,617,5414,4973,0,0,11005,11005,3606167
2021-09-22,2021,9,22,port915,Pohang,Korea,KOR,2,1,2,0,0,5,5,1245,198375,2036,0,0,201657,201657,1372,0,0,0,0,1372,1372,3606168
2021-09-23,2021,9,23,port915,Pohang,Korea,KOR,1,3,5,0,4,9,13,1245,16559,3688,0,1515,21492,23008,617,67270,2883,0,2206,70771,72978,3606169
2021-09-24,2021,9,24,port915,Pohang,Korea,KOR,0,2,6,1,1,9,10,0,309189,14587,313,700,324090,324791,0,0,1522,222,0,1745,1745,3606170
2021-09-25,2021,9,25,port915,Pohang,Korea,KOR,0,1,4,1,0,6,6,0,0,1866,263,0,2130,2130,0,0,7563,385,0,7949,7949,3606171
2021-09-26,2021,9,26,port915,Pohang,Korea,KOR,0,7,9,1,2,17,19,0,227657,6545,263,814,234467,235281,0,40963,8336,385,2567,49685,52252,3606172
2021-09-27,2021,9,27,port915,Pohang,Korea,KOR,0,2,5,1,0,8,8,0,267673,4987,0,0,272660,272660,0,0,1601,0,0,1601,1601,3606173
2021-09-28,2021,9,28,port915,Pohang,Korea,KOR,1,3,7,1,2,12,14,0,91605,2982,263,814,94851,95666,0,6023,5399,385,5448,11808,17256,3606174
2021-09-29,2021,9,29,port915,Pohang,Korea,KOR,2,0,7,0,0,9,9,0,0,3786,0,0,3786,3786,4008,0,4231,0,0,8239,8239,3606175
2021-09-30,2021,9,30,port915,Pohang,Korea,KOR,1,2,4,0,1,7,8,1245,0,5286,0,0,6531,6531,617,30959,1601,0,0,33178,33178,3606176
2021-10-01,2021,10,1,port915,Pohang,Korea,KOR,2,3,8,2,2,15,17,1245,216855,5668,527,700,224296,224997,6237,0,5871,770,0,12879,12879,3606177
2021-10-02,2021,10,2,port915,Pohang,Korea,KOR,1,5,2,1,0,9,9,0,382429,3700,263,0,386394,386394,1010,0,0,385,0,1396,1396,3606178
2021-10-03,2021,10,3,port915,Pohang,Korea,KOR,2,3,4,1,0,10,10,1245,35535,1940,0,0,38721,38721,617,9862,3256,0,0,13737,13737,3606179
2021-10-04,2021,10,4,port915,Pohang,Korea,KOR,1,1,4,0,0,6,6,11008,0,3288,0,0,14296,14296,0,0,2297,0,0,2297,2297,3606180
2021-10-05,2021,10,5,port915,Pohang,Korea,KOR,0,1,4,0,0,5,5,0,0,5211,0,0,5211,5211,0,7326,13161,0,0,20487,20487,3606181
2021-10-06,2021,10,6,port915,Pohang,Korea,KOR,0,2,8,0,0,10,10,0,95268,5147,0,0,100416,100416,0,0,6879,0,0,6879,6879,3606182
2021-10-07,2021,10,7,port915,Pohang,Korea,KOR,2,4,5,2,0,13,13,271,284923,5859,527,0,291582,291582,0,0,1781,770,0,2552,2552,3606183
2021-10-08,2021,10,8,port915,Pohang,Korea,KOR,0,0,5,1,0,6,6,0,0,3994,263,0,4258,4258,0,0,1936,385,0,2322,2322,3606184
2021-10-09,2021,10,9,port915,Pohang,Korea,KOR,1,3,9,2,0,15,15,1525,37251,16422,527,0,55726,55726,0,5414,5513,770,0,11698,11698,3606185
2021-10-10,2021,10,10,port915,Pohang,Korea,KOR,1,2,10,0,0,13,13,1245,83403,5364,0,0,90013,90013,617,0,7289,0,0,7906,7906,3606186
2021-10-11,2021,10,11,port915,Pohang,Korea,KOR,0,0,4,0,0,4,4,0,0,4604,0,0,4604,4604,0,0,2126,0,0,2126,2126,3606187
2021-10-12,2021,10,12,port915,Pohang,Korea,KOR,0,0,0,0,1,0,1,0,0,0,0,814,0,814,0,0,0,0,2206,0,2206,3606188
2021-10-13,2021,10,13,port915,Pohang,Korea,KOR,0,0,0,0,0,0,0,0,0,0,0,0,0,0,0,0,0,0,0,0,0,3606189
2021-10-14,2021,10,14,port915,Pohang,Korea,KOR,1,8,17,0,0,26,26,1519,129144,14235,0,0,144899,144899,0,77532,10447,0,0,87980,87980,3606190
2021-10-15,2021,10,15,port915,Pohang,Korea,KOR,0,2,10,1,0,13,13,0,18696,4167,263,0,23127,23127,0,0,8406,385,0,8791,8791,3606191
2021-10-16,2021,10,16,port915,Pohang,Korea,KOR,1,5,3,1,1,10,11,0,0,6388,263,700,6652,7353,1272,11192,800,385,0,13651,13651,3606192
2021-10-17,2021,10,17,port915,Pohang,Korea,KOR,0,2,1,0,0,3,3,0,72050,907,0,0,72957,72957,0,9876,800,0,0,10676,10676,3606193
2021-10-18,2021,10,18,port915,Pohang,Korea,KOR,3,4,9,0,0,16,16,3038,251358,4466,0,0,258862,258862,1234,0,5102,0,0,6337,6337,3606194
2021-10-19,2021,10,19,port915,Pohang,Korea,KOR,0,3,5,1,3,9,12,0,3337,9846,1018,1515,14202,15718,0,32885,3217,0,2206,36103,38309,3606195
2021-10-20,2021,10,20,port915,Pohang,Korea,KOR,1,0,2,2,0,5,5,0,0,1668,527,0,2195,2195,4847,0,800,770,0,6419,6419,3606196
2021-10-21,2021,10,21,port915,Pohang,Korea,KOR,0,3,9,1,1,13,14,0,9174,12384,263,700,21823,22524,0,0,3801,385,0,4187,4187,3606197
2021-10-22,2021,10,22,port915,Pohang,Korea,KOR,1,1,2,0,1,4,5,1245,0,0,0,0,1245,1245,617,0,2035,0,241,2652,2893,3606198
2021-10-23,2021,10,23,port915,Pohang,Korea,KOR,0,3,9,0,0,12,12,0,288394,8177,0,0,296572,296572,0,11227,3663,0,0,14891,14891,3606199
2021-10-24,2021,10,24,port915,Pohang,Korea,KOR,2,4,7,0,2,13,15,1245,415461,7807,0,0,424514,424514,617,22438,12075,0,18321,35131,53452,3606200
2021-10-25,2021,10,25,port915,Pohang,Korea,KOR,0,4,10,0,0,14,14,0,34468,22120,0,0,56589,56589,0,12934,5506,0,0,18440,18440,3606201
2021-10-26,2021,10,26,port915,Pohang,Korea,KOR,0,1,4,3,1,8,9,0,157612,1550,791,814,159953,160768,0,0,793,1156,2206,1950,4156,3606202
2021-10-27,2021,10,27,port915,Pohang,Korea,KOR,0,2,5,2,0,9,9,0,34468,1445,577,0,36491,36491,0,7873,7166,607,0,15647,15647,3606203
2021-10-28,2021,10,28,port915,Pohang,Korea,KOR,0,1,6,0,2,7,9,0,1254,8370,0,1167,9624,10792,0,0,3909,0,0,3909,3910,3606204
2021-10-29,2021,10,29,port915,Pohang,Korea,KOR,0,1,5,0,0,6,6,0,0,2978,0,0,2978,2978,0,6312,3754,0,0,10067,10067,3606205
2021-10-30,2021,10,30,port915,Pohang,Korea,KOR,3,1,13,1,2,18,20,829,86867,20040,263,1786,108001,109787,501,0,5619,385,2206,6506,8712,3606206
2021-10-31,2021,10,31,port915,Pohang,Korea,KOR,0,3,3,1,1,7,8,0,314623,1883,0,700,316506,317207,0,0,800,0,0,800,801,3606207
2021-11-01,2021,11,1,port915,Pohang,Korea,KOR,0,1,7,1,0,9,9,0,2211,8628,0,0,10840,10840,0,0,5496,1030,0,6527,6527,3606208
2021-11-02,2021,11,2,port915,Pohang,Korea,KOR,3,1,8,2,1,14,15,2491,111130,6536,527,972,120686,121659,6835,0,4367,770,0,11974,11974,3606209
2021-11-03,2021,11,3,port915,Pohang,Korea,KOR,1,2,3,1,1,7,8,1245,52992,907,263,700,55409,56110,617,19341,2695,385,0,23039,23039,3606210
2021-11-04,2021,11,4,port915,Pohang,Korea,KOR,0,4,6,1,3,11,14,0,24668,5448,0,1515,30116,31632,0,54032,3932,202,2206,58166,60373,3606211
2021-11-05,2021,11,5,port915,Pohang,Korea,KOR,0,2,6,0,2,8,10,0,100047,8771,0,933,108819,109753,0,0,3383,0,0,3383,3383,3606212
2021-11-06,2021,11,6,port915,Pohang,Korea,KOR,2,4,7,0,1,13,14,504,223129,4681,0,700,228315,229016,0,35514,4484,0,0,39998,39998,3606213
2021-11-07,2021,11,7,port915,Pohang,Korea,KOR,0,3,5,0,1,8,9,0,228282,2162,0,700,230445,231145,0,5414,3027,0,0,8441,8442,3606214
2021-11-08,2021,11,8,port915,Pohang,Korea,KOR,0,3,7,0,0,10,10,0,374856,4375,0,0,379232,379232,0,22438,5439,0,0,27878,27878,3606215
2021-11-09,2021,11,9,port915,Pohang,Korea,KOR,0,0,0,1,0,1,1,0,0,0,263,0,263,263,0,0,0,385,0,385,385,3606216
2021-11-10,2021,11,10,port915,Pohang,Korea,KOR,0,0,0,0,0,0,0,0,0,0,0,0,0,0,0,0,0,0,0,0,0,3606217
2021-11-11,2021,11,11,port915,Pohang,Korea,KOR,0,0,0,0,0,0,0,0,0,0,0,0,0,0,0,0,0,0,0,0,0,3606218
2021-11-12,2021,11,12,port915,Pohang,Korea,KOR,0,0,0,1,0,1,1,0,0,0,313,0,313,313,0,0,0,222,0,222,222,3606219
2021-11-13,2021,11,13,port915,Pohang,Korea,KOR,0,1,1,0,0,2,2,0,0,0,0,0,0,0,0,0,821,0,0,821,821,3606220
2021-11-14,2021,11,14,port915,Pohang,Korea,KOR,1,1,1,1,0,4,4,1245,0,0,2643,0,3889,3889,617,28345,2923,0,0,31886,31886,3606221
2021-11-15,2021,11,15,port915,Pohang,Korea,KOR,0,1,1,0,0,2,2,0,0,0,0,0,0,0,0,2264,1781,0,0,4046,4046,3606222
2021-11-16,2021,11,16,port915,Pohang,Korea,KOR,0,0,2,1,0,3,3,0,0,907,0,0,907,907,0,0,1505,0,0,1505,1505,3606223
2021-11-17,2021,11,17,port915,Pohang,Korea,KOR,0,2,2,1,0,5,5,0,114368,907,263,0,115539,115539,0,0,3941,385,0,4326,4326,3606224
2021-11-18,2021,11,18,port915,Pohang,Korea,KOR,0,10,8,0,1,18,19,0,279427,11822,0,0,291250,291250,0,135998,2952,0,0,138951,138951,3606225
2021-11-19,2021,11,19,port915,Pohang,Korea,KOR,0,0,0,0,0,0,0,0,0,0,0,0,0,0,0,0,0,0,0,0,0,3606226
2021-11-20,2021,11,20,port915,Pohang,Korea,KOR,0,0,0,0,0,0,0,0,0,0,0,0,0,0,0,0,0,0,0,0,0,3606227
2021-11-21,2021,11,21,port915,Pohang,Korea,KOR,0,1,1,1,1,3,4,0,87246,49,263,0,87559,87559,0,0,0,385,3319,385,3705,3606228
2021-11-22,2021,11,22,port915,Pohang,Korea,KOR,0,0,1,0,0,1,1,0,0,907,0,0,907,907,0,0,800,0,0,800,800,3606229
2021-11-23,2021,11,23,port915,Pohang,Korea,KOR,0,0,0,0,0,0,0,0,0,0,0,0,0,0,0,0,0,0,0,0,0,3606230
2021-11-24,2021,11,24,port915,Pohang,Korea,KOR,0,0,3,0,0,3,3,0,0,4619,0,0,4619,4619,0,0,2582,0,0,2582,2582,3606231
2021-11-25,2021,11,25,port915,Pohang,Korea,KOR,0,0,0,0,0,0,0,0,0,0,0,0,0,0,0,0,0,0,0,0,0,3606232
2021-11-26,2021,11,26,port915,Pohang,Korea,KOR,0,2,1,0,0,3,3,0,124934,907,0,0,125841,125841,0,5414,800,0,0,6215,6215,3606233
2021-11-27,2021,11,27,port915,Pohang,Korea,KOR,0,1,2,1,0,4,4,0,243273,907,263,0,244444,244444,0,0,1616,385,0,2001,2001,3606234
2021-11-28,2021,11,28,port915,Pohang,Korea,KOR,1,0,1,0,0,2,2,1245,0,907,0,0,2152,2152,617,0,800,0,0,1418,1418,3606235
2021-11-29,2021,11,29,port915,Pohang,Korea,KOR,0,0,0,0,0,0,0,0,0,0,0,0,0,0,0,0,0,0,0,0,0,3606236
2021-11-30,2021,11,30,port915,Pohang,Korea,KOR,1,1,3,0,0,5,5,1245,34468,1814,0,0,37528,37528,617,5414,3173,0,0,9204,9204,3606237
2021-12-01,2021,12,1,port915,Pohang,Korea,KOR,0,0,0,1,0,1,1,0,0,0,263,0,263,263,0,0,0,385,0,385,385,3606238
2021-12-02,2021,12,2,port915,Pohang,Korea,KOR,0,0,1,0,0,1,1,0,0,0,0,0,0,0,0,0,704,0,0,704,704,3606239
2021-12-03,2021,12,3,port915,Pohang,Korea,KOR,0,0,1,0,0,1,1,0,0,907,0,0,907,907,0,0,800,0,0,800,800,3606240
2021-12-04,2021,12,4,port915,Pohang,Korea,KOR,0,2,1,0,0,3,3,0,203322,907,0,0,204229,204229,0,27876,800,0,0,28676,28676,3606241
2021-12-05,2021,12,5,port915,Pohang,Korea,KOR,0,0,1,0,0,1,1,0,0,907,0,0,907,907,0,0,800,0,0,800,800,3606242
2021-12-06,2021,12,6,port915,Pohang,Korea,KOR,0,1,4,0,0,5,5,0,0,4195,0,0,4195,4195,0,0,2672,0,0,2672,2672,3606243
2021-12-07,2021,12,7,port915,Pohang,Korea,KOR,0,0,1,0,0,1,1,0,0,921,0,0,921,921,0,0,0,0,0,0,0,3606244
2021-12-08,2021,12,8,port915,Pohang,Korea,KOR,1,0,1,0,0,2,2,0,0,1276,0,0,1276,1276,2027,0,0,0,0,2027,2027,3606245
2021-12-09,2021,12,9,port915,Pohang,Korea,KOR,0,0,3,0,0,3,3,0,0,2112,0,0,2112,2112,0,0,1601,0,0,1601,1601,3606246
2021-12-10,2021,12,10,port915,Pohang,Korea,KOR,0,1,0,0,0,1,1,0,140088,0,0,0,140088,140088,0,0,0,0,0,0,0,3606247
2021-12-11,2021,12,11,port915,Pohang,Korea,KOR,0,2,0,0,0,2,2,0,175493,0,0,0,175493,175493,0,30878,0,0,0,30878,30878,3606248
2021-12-12,2021,12,12,port915,Pohang,Korea,KOR,0,3,0,0,0,3,3,0,206438,0,0,0,206438,206438,0,5414,0,0,0,5414,5414,3606249
2021-12-13,2021,12,13,port915,Pohang,Korea,KOR,0,1,0,1,0,2,2,0,0,0,263,0,263,263,0,8672,0,385,0,9057,9057,3606250
2021-12-14,2021,12,14,port915,Pohang,Korea,KOR,0,0,1,0,0,1,1,0,0,907,0,0,907,907,0,0,800,0,0,800,800,3606251
2021-12-15,2021,12,15,port915,Pohang,Korea,KOR,1,1,1,0,0,3,3,0,0,907,0,0,907,907,4610,31130,800,0,0,36541,36541,3606252
2021-12-16,2021,12,16,port915,Pohang,Korea,KOR,1,0,3,1,0,5,5,1245,0,2381,263,0,3891,3891,617,0,1998,385,0,3001,3001,3606253
2021-12-17,2021,12,17,port915,Pohang,Korea,KOR,0,0,0,0,0,0,0,0,0,0,0,0,0,0,0,0,0,0,0,0,0,3606254
2021-12-18,2021,12,18,port915,Pohang,Korea,KOR,0,0,1,0,0,1,1,0,0,907,0,0,907,907,0,0,800,0,0,800,800,3606255
2021-12-19,2021,12,19,port915,Pohang,Korea,KOR,0,1,1,0,0,2,2,0,0,0,0,0,0,0,0,8240,337,0,0,8577,8577,3606256
2021-12-20,2021,12,20,port915,Pohang,Korea,KOR,0,0,2,1,0,3,3,0,0,907,263,0,1170,1170,0,0,1835,385,0,2221,2221,3606257
2021-12-21,2021,12,21,port915,Pohang,Korea,KOR,0,0,2,0,1,2,3,0,0,0,0,814,0,814,0,0,4448,0,2206,4448,6654,3606258
2021-12-22,2021,12,22,port915,Pohang,Korea,KOR,0,2,1,0,0,3,3,0,0,1126,0,0,1126,1126,0,9740,0,0,0,9740,9740,3606259
2021-12-23,2021,12,23,port915,Pohang,Korea,KOR,0,1,0,0,1,1,2,0,29070,0,0,0,29070,29070,0,0,0,0,0,0,0,3606260
2021-12-24,2021,12,24,port915,Pohang,Korea,KOR,0,0,4,0,0,4,4,0,0,2721,0,0,2721,2721,0,0,3217,0,0,3217,3217,3606261
2021-12-25,2021,12,25,port915,Pohang,Korea,KOR,0,0,0,1,0,1,1,0,0,0,991,0,991,991,0,0,0,0,0,0,0,3606262
2021-12-26,2021,12,26,port915,Pohang,Korea,KOR,0,0,0,0,0,0,0,0,0,0,0,0,0,0,0,0,0,0,0,0,0,3606263
2021-12-27,2021,12,27,port915,Pohang,Korea,KOR,0,0,1,0,1,1,2,0,0,907,0,0,907,907,0,0,800,0,2982,800,3783,3606264
2021-12-28,2021,12,28,port915,Pohang,Korea,KOR,0,0,1,0,0,1,1,0,0,0,0,0,0,0,0,0,432,0,0,432,432,3606265
2021-12-29,2021,12,29,port915,Pohang,Korea,KOR,0,1,0,1,0,2,2,0,0,0,263,0,263,263,0,0,0,385,0,385,385,3606266
2021-12-30,2021,12,30,port915,Pohang,Korea,KOR,0,1,0,0,0,1,1,0,34468,0,0,0,34468,34468,0,5414,0,0,0,5414,5414,3606267
2021-12-31,2021,12,31,port915,Pohang,Korea,KOR,1,0,0,0,0,1,1,1245,0,0,0,0,1245,1245,617,0,0,0,0,617,617,3606268
2022-01-01,2022,1,1,port915,Pohang,Korea,KOR,0,1,1,0,0,2,2,0,106274,479,0,0,106753,106753,0,0,0,0,0,0,0,3606269
2022-01-02,2022,1,2,port915,Pohang,Korea,KOR,0,0,1,0,0,1,1,0,0,907,0,0,907,907,0,0,800,0,0,800,800,3606270
2022-01-03,2022,1,3,port915,Pohang,Korea,KOR,0,0,0,0,0,0,0,0,0,0,0,0,0,0,0,0,0,0,0,0,0,3606271
2022-01-04,2022,1,4,port915,Pohang,Korea,KOR,0,0,1,0,0,1,1,0,0,907,0,0,907,907,0,0,800,0,0,800,800,3606272
2022-01-05,2022,1,5,port915,Pohang,Korea,KOR,0,1,1,0,0,2,2,0,34468,0,0,0,34468,34468,0,5414,624,0,0,6039,6039,3606273
2022-01-06,2022,1,6,port915,Pohang,Korea,KOR,0,1,1,0,0,2,2,0,174216,0,0,0,174216,174216,0,0,5742,0,0,5742,5742,3606274
2022-01-07,2022,1,7,port915,Pohang,Korea,KOR,1,0,0,0,0,1,1,1245,0,0,0,0,1245,1245,617,0,0,0,0,617,617,3606275
2022-01-08,2022,1,8,port915,Pohang,Korea,KOR,0,0,1,0,0,1,1,0,0,907,0,0,907,907,0,0,800,0,0,800,800,3606276
2022-01-09,2022,1,9,port915,Pohang,Korea,KOR,1,1,1,0,0,3,3,507,223142,907,0,0,224557,224557,0,0,800,0,0,800,800,3606277
2022-01-10,2022,1,10,port915,Pohang,Korea,KOR,0,3,0,1,1,4,5,0,264513,0,263,814,264777,265592,0,10828,0,385,2206,11213,13420,3606278
2022-01-11,2022,1,11,port915,Pohang,Korea,KOR,0,0,1,0,0,1,1,0,0,907,0,0,907,907,0,0,800,0,0,800,800,3606279
2022-01-12,2022,1,12,port915,Pohang,Korea,KOR,0,0,2,0,0,2,2,0,0,1814,0,0,1814,1814,0,0,1601,0,0,1601,1601,3606280
2022-01-13,2022,1,13,port915,Pohang,Korea,KOR,1,0,1,0,0,2,2,0,0,907,0,0,907,907,0,0,800,0,0,800,800,3606281
2022-01-14,2022,1,14,port915,Pohang,Korea,KOR,1,2,1,1,0,5,5,0,43541,2319,263,0,46123,46123,1523,4455,0,385,0,6364,6364,3606282
2022-01-15,2022,1,15,port915,Pohang,Korea,KOR,0,4,1,0,0,5,5,0,0,907,0,0,907,907,0,89414,800,0,0,90215,90215,3606283
2022-01-16,2022,1,16,port915,Pohang,Korea,KOR,1,0,0,0,0,1,1,0,0,0,0,0,0,0,0,0,0,0,0,0,0,3606284
2022-01-17,2022,1,17,port915,Pohang,Korea,KOR,0,0,1,0,0,1,1,0,0,0,0,0,0,0,0,0,2515,0,0,2515,2515,3606285
2022-01-18,2022,1,18,port915,Pohang,Korea,KOR,0,1,1,0,0,2,2,0,0,907,0,0,907,907,0,37594,800,0,0,38394,38394,3606286
2022-01-19,2022,1,19,port915,Pohang,Korea,KOR,1,2,3,1,0,7,7,1245,0,6664,263,0,8173,8173,617,8626,815,385,0,10444,10444,3606287
2022-01-20,2022,1,20,port915,Pohang,Korea,KOR,0,0,0,0,0,0,0,0,0,0,0,0,0,0,0,0,0,0,0,0,0,3606288
2022-01-21,2022,1,21,port915,Pohang,Korea,KOR,1,1,2,0,0,4,4,0,32899,1838,0,0,34738,34738,3564,0,0,0,0,3564,3564,3606289
2022-01-22,2022,1,22,port915,Pohang,Korea,KOR,1,11,3,0,0,15,15,1245,724904,0,0,0,726150,726150,617,46623,9473,0,0,56714,56714,3606290
2022-01-23,2022,1,23,port915,Pohang,Korea,KOR,1,0,0,0,0,1,1,0,0,0,0,0,0,0,509,0,0,0,0,509,509,3606291
2022-01-24,2022,1,24,port915,Pohang,Korea,KOR,0,0,3,0,0,3,3,0,0,907,0,0,907,907,0,0,4446,0,0,4446,4446,3606292
2022-01-25,2022,1,25,port915,Pohang,Korea,KOR,0,2,2,1,0,5,5,0,32335,3337,263,0,35936,35936,0,0,0,385,0,385,385,3606293
2022-01-26,2022,1,26,port915,Pohang,Korea,KOR,0,1,2,0,0,3,3,0,0,2014,0,0,2014,2014,0,43979,679,0,0,44659,44659,3606294
2022-01-27,2022,1,27,port915,Pohang,Korea,KOR,0,0,3,0,0,3,3,0,0,1814,0,0,1814,1814,0,0,1789,0,0,1789,1789,3606295
2022-01-28,2022,1,28,port915,Pohang,Korea,KOR,1,0,0,0,0,1,1,0,0,0,0,0,0,0,0,0,0,0,0,0,0,3606296
2022-01-29,2022,1,29,port915,Pohang,Korea,KOR,1,0,0,1,0,2,2,0,0,0,263,0,263,263,1350,0,0,385,0,1736,1736,3606297
2022-01-30,2022,1,30,port915,Pohang,Korea,KOR,0,0,0,0,1,0,1,0,0,0,0,0,0,0,0,0,0,0,961,0,961,3606298
2022-01-31,2022,1,31,port915,Pohang,Korea,KOR,0,1,1,0,0,2,2,0,176133,907,0,0,177040,177040,0,0,800,0,0,800,800,3606299
2022-02-01,2022,2,1,port915,Pohang,Korea,KOR,0,1,1,0,0,2,2,0,17446,907,0,0,18354,18354,0,0,800,0,0,800,800,3606300
2022-02-02,2022,2,2,port915,Pohang,Korea,KOR,0,2,8,0,0,10,10,0,194983,10019,0,0,205002,205002,0,26952,9285,0,0,36238,36238,3606301
2022-02-03,2022,2,3,port915,Pohang,Korea,KOR,0,0,0,0,0,0,0,0,0,0,0,0,0,0,0,0,0,0,0,0,0,3606302
2022-02-04,2022,2,4,port915,Pohang,Korea,KOR,1,0,0,1,0,2,2,0,0,0,263,0,263,263,0,0,0,385,0,385,385,3606303
2022-02-05,2022,2,5,port915,Pohang,Korea,KOR,0,1,0,0,0,1,1,0,0,0,0,0,0,0,0,0,0,0,0,0,0,3606304
2022-02-06,2022,2,6,port915,Pohang,Korea,KOR,0,0,0,0,0,0,0,0,0,0,0,0,0,0,0,0,0,0,0,0,0,3606305
2022-02-07,2022,2,7,port915,Pohang,Korea,KOR,1,2,0,0,0,3,3,0,23819,0,0,0,23819,23819,0,0,0,0,0,0,0,3606306
2022-02-08,2022,2,8,port915,Pohang,Korea,KOR,1,1,1,1,0,4,4,1245,0,0,263,0,1509,1509,617,46309,3073,385,0,50386,50386,3606307
2022-02-09,2022,2,9,port915,Pohang,Korea,KOR,0,3,4,0,0,7,7,0,172290,2653,0,0,174943,174943,0,0,1601,0,0,1601,1601,3606308
2022-02-10,2022,2,10,port915,Pohang,Korea,KOR,1,1,2,1,0,5,5,1245,807,0,263,0,2316,2316,617,0,1132,385,0,2135,2135,3606309
2022-02-11,2022,2,11,port915,Pohang,Korea,KOR,0,2,3,0,0,5,5,0,34468,1879,0,0,36347,36347,0,5414,1278,0,0,6693,6693,3606310
2022-02-12,2022,2,12,port915,Pohang,Korea,KOR,0,1,2,0,0,3,3,0,0,0,0,0,0,0,0,10453,3187,0,0,13641,13641,3606311
2022-02-13,2022,2,13,port915,Pohang,Korea,KOR,0,0,2,0,0,2,2,0,0,0,0,0,0,0,0,0,434,0,0,434,434,3606312
2022-02-14,2022,2,14,port915,Pohang,Korea,KOR,0,0,2,2,0,4,4,0,0,1814,527,0,2341,2341,0,0,1601,770,0,2372,2372,3606313
2022-02-15,2022,2,15,port915,Pohang,Korea,KOR,0,10,11,0,0,21,21,0,221881,11339,0,0,233221,233221,0,75809,7607,0,0,83417,83417,3606314
2022-02-16,2022,2,16,port915,Pohang,Korea,KOR,1,1,0,0,1,2,3,0,162684,0,0,0,162684,162684,0,0,0,0,361,0,361,3606315
2022-02-17,2022,2,17,port915,Pohang,Korea,KOR,0,0,1,0,0,1,1,0,0,84,0,0,84,84,0,0,0,0,0,0,0,3606316
2022-02-18,2022,2,18,port915,Pohang,Korea,KOR,0,1,1,0,0,2,2,0,165900,0,0,0,165900,165900,0,0,62,0,0,62,62,3606317
2022-02-19,2022,2,19,port915,Pohang,Korea,KOR,2,2,2,0,0,6,6,0,35241,0,0,0,35241,35241,4275,0,5269,0,0,9545,9545,3606318
2022-02-20,2022,2,20,port915,Pohang,Korea,KOR,0,0,3,0,0,3,3,0,0,2381,0,0,2381,2381,0,0,1324,0,0,1324,1324,3606319
2022-02-21,2022,2,21,port915,Pohang,Korea,KOR,1,2,0,0,0,3,3,0,400105,0,0,0,400105,400105,12861,0,0,0,0,12861,12861,3606320
2022-02-22,2022,2,22,port915,Pohang,Korea,KOR,1,0,3,0,0,4,4,0,0,2162,0,0,2162,2162,6593,0,5862,0,0,12455,12455,3606321
2022-02-23,2022,2,23,port915,Pohang,Korea,KOR,0,2,0,0,0,2,2,0,79151,0,0,0,79151,79151,0,0,0,0,0,0,0,3606322
2022-02-24,2022,2,24,port915,Pohang,Korea,KOR,0,1,0,1,0,2,2,0,34468,0,263,0,34732,34732,0,5414,0,385,0,5799,5799,3606323
2022-02-25,2022,2,25,port915,Pohang,Korea,KOR,1,1,2,1,0,5,5,3277,0,2233,0,0,5510,5510,0,22524,840,0,0,23364,23364,3606324
2022-02-26,2022,2,26,port915,Pohang,Korea,KOR,1,0,1,0,0,2,2,1245,0,1899,0,0,3145,3145,617,0,0,0,0,617,617,3606325
2022-02-27,2022,2,27,port915,Pohang,Korea,KOR,0,0,3,0,0,3,3,0,0,2518,0,0,2518,2518,0,0,1145,0,0,1145,1145,3606326
2022-02-28,2022,2,28,port915,Pohang,Korea,KOR,0,3,1,1,0,5,5,0,105096,907,263,0,106267,106267,0,1115,800,385,0,2301,2301,3606327
2022-03-01,2022,3,1,port915,Pohang,Korea,KOR,0,1,0,0,0,1,1,0,0,0,0,0,0,0,0,0,0,0,0,0,0,3606328
2022-03-02,2022,3,2,port915,Pohang,Korea,KOR,3,1,1,0,0,5,5,2064,0,0,0,0,2064,2064,617,3302,298,0,0,4218,4218,3606329
2022-03-03,2022,3,3,port915,Pohang,Korea,KOR,0,1,2,1,1,4,5,0,34468,907,263,0,35639,35639,0,5414,2506,385,0,8305,8305,3606330
2022-03-04,2022,3,4,port915,Pohang,Korea,KOR,0,1,0,0,0,1,1,0,0,0,0,0,0,0,0,0,0,0,0,0,0,3606331
2022-03-05,2022,3,5,port915,Pohang,Korea,KOR,0,0,1,0,0,1,1,0,0,907,0,0,907,907,0,0,800,0,0,800,800,3606332
2022-03-06,2022,3,6,port915,Pohang,Korea,KOR,1,0,2,0,0,3,3,2786,0,1814,0,0,4600,4600,0,0,1601,0,0,1601,1601,3606333
2022-03-07,2022,3,7,port915,Pohang,Korea,KOR,0,0,2,1,0,3,3,0,0,0,263,0,263,263,0,0,923,385,0,1309,1309,3606334
2022-03-08,2022,3,8,port915,Pohang,Korea,KOR,0,1,2,0,0,3,3,0,1098,1574,0,0,2672,2672,0,0,800,0,0,800,800,3606335
2022-03-09,2022,3,9,port915,Pohang,Korea,KOR,0,0,2,0,0,2,2,0,0,511,0,0,511,511,0,0,2401,0,0,2401,2401,3606336
2022-03-10,2022,3,10,port915,Pohang,Korea,KOR,0,0,1,0,0,1,1,0,0,4594,0,0,4594,4594,0,0,0,0,0,0,0,3606337
2022-03-11,2022,3,11,port915,Pohang,Korea,KOR,0,0,2,1,0,3,3,0,0,2218,263,0,2482,2482,0,0,764,385,0,1149,1149,3606338
2022-03-12,2022,3,12,port915,Pohang,Korea,KOR,0,1,1,0,0,2,2,0,0,907,0,0,907,907,0,4623,800,0,0,5424,5424,3606339
2022-03-13,2022,3,13,port915,Pohang,Korea,KOR,0,1,1,0,0,2,2,0,0,907,0,0,907,907,0,6401,800,0,0,7202,7202,3606340
2022-03-14,2022,3,14,port915,Pohang,Korea,KOR,0,1,2,0,0,3,3,0,21523,1814,0,0,23338,23338,0,0,1601,0,0,1601,1601,3606341
2022-03-15,2022,3,15,port915,Pohang,Korea,KOR,2,8,11,2,0,23,23,1088,672531,9369,527,0,683516,683516,12857,6557,6805,770,0,26991,26991,3606342
2022-03-16,2022,3,16,port915,Pohang,Korea,KOR,0,1,3,1,0,5,5,0,0,2999,263,0,3262,3262,0,3628,4593,385,0,8607,8607,3606343
2022-03-17,2022,3,17,port915,Pohang,Korea,KOR,1,2,1,0,0,4,4,1245,34468,0,0,0,35714,35714,617,6270,1661,0,0,8548,8548,3606344
2022-03-18,2022,3,18,port915,Pohang,Korea,KOR,0,0,1,1,0,2,2,0,0,1474,263,0,1738,1738,0,0,270,385,0,655,655,3606345
2022-03-19,2022,3,19,port915,Pohang,Korea,KOR,1,1,3,1,0,6,6,0,244958,1814,263,0,247036,247036,0,0,1956,385,0,2342,2342,3606346
2022-03-20,2022,3,20,port915,Pohang,Korea,KOR,0,2,1,0,0,3,3,0,34468,0,0,0,34468,34468,0,21992,82,0,0,22074,22074,3606347
2022-03-21,2022,3,21,port915,Pohang,Korea,KOR,0,1,0,0,0,1,1,0,0,0,0,0,0,0,0,37855,0,0,0,37855,37855,3606348
2022-03-22,2022,3,22,port915,Pohang,Korea,KOR,0,0,0,0,0,0,0,0,0,0,0,0,0,0,0,0,0,0,0,0,0,3606349
2022-03-23,2022,3,23,port915,Pohang,Korea,KOR,1,2,1,0,0,4,4,271,34468,0,0,0,34739,34739,0,5414,1841,0,0,7255,7255,3606350
2022-03-24,2022,3,24,port915,Pohang,Korea,KOR,1,2,3,0,0,6,6,1245,30821,2576,0,0,34644,34644,617,28443,1601,0,0,30662,30662,3606351
2022-03-25,2022,3,25,port915,Pohang,Korea,KOR,1,1,2,1,0,5,5,0,0,1248,263,0,1511,1511,4802,451,1264,385,0,6904,6904,3606352
2022-03-26,2022,3,26,port915,Pohang,Korea,KOR,0,1,0,0,0,1,1,0,0,0,0,0,0,0,0,27964,0,0,0,27964,27964,3606353
2022-03-27,2022,3,27,port915,Pohang,Korea,KOR,1,0,2,0,0,3,3,1245,0,0,0,0,1245,1245,617,0,435,0,0,1052,1052,3606354
2022-03-28,2022,3,28,port915,Pohang,Korea,KOR,0,3,3,1,2,7,9,0,52058,514,263,0,52836,52836,0,7048,3034,385,2566,10467,13034,3606355
2022-03-29,2022,3,29,port915,Pohang,Korea,KOR,0,1,2,0,0,3,3,0,0,10042,0,0,10042,10042,0,0,0,0,0,0,0,3606356
2022-03-30,2022,3,30,port915,Pohang,Korea,KOR,0,0,1,0,0,1,1,0,0,7637,0,0,7637,7637,0,0,0,0,0,0,0,3606357
2022-03-31,2022,3,31,port915,Pohang,Korea,KOR,2,1,3,0,0,6,6,1886,27055,2526,0,0,31468,31468,0,0,2532,0,0,2532,2532,3606358
2022-04-01,2022,4,1,port915,Pohang,Korea,KOR,1,3,0,0,0,4,4,0,34468,0,0,0,34468,34468,507,30436,0,0,0,30943,30943,3606359
2022-04-02,2022,4,2,port915,Pohang,Korea,KOR,0,1,3,0,0,4,4,0,0,3697,0,0,3697,3697,0,10332,887,0,0,11219,11219,3606360
2022-04-03,2022,4,3,port915,Pohang,Korea,KOR,0,1,2,0,0,3,3,0,0,907,0,0,907,907,0,5037,3361,0,0,8399,8399,3606361
2022-04-04,2022,4,4,port915,Pohang,Korea,KOR,1,4,4,2,0,11,11,1245,156227,4195,527,0,162197,162197,617,44796,2672,770,0,48857,48857,3606362
2022-04-05,2022,4,5,port915,Pohang,Korea,KOR,0,1,1,0,0,2,2,0,171843,907,0,0,172750,172750,0,0,800,0,0,800,800,3606363
2022-04-06,2022,4,6,port915,Pohang,Korea,KOR,0,1,6,0,0,7,7,0,0,6468,0,0,6468,6468,0,0,4051,0,0,4051,4051,3606364
2022-04-07,2022,4,7,port915,Pohang,Korea,KOR,0,1,2,0,0,3,3,0,5173,1586,0,0,6759,6759,0,0,800,0,0,800,800,3606365
2022-04-08,2022,4,8,port915,Pohang,Korea,KOR,1,4,6,0,0,11,11,149,163143,3934,0,0,167228,167228,0,12973,3094,0,0,16068,16068,3606366
2022-04-09,2022,4,9,port915,Pohang,Korea,KOR,1,0,9,0,0,10,10,1245,0,7538,0,0,8784,8784,617,0,5075,0,0,5692,5692,3606367
2022-04-10,2022,4,10,port915,Pohang,Korea,KOR,0,3,2,0,0,5,5,0,27029,1518,0,0,28548,28548,0,9850,800,0,0,10651,10651,3606368
2022-04-11,2022,4,11,port915,Pohang,Korea,KOR,1,1,0,0,0,2,2,1245,0,0,0,0,1245,1245,617,0,0,0,0,617,617,3606369
2022-04-12,2022,4,12,port915,Pohang,Korea,KOR,0,0,3,0,0,3,3,0,0,907,0,0,907,907,0,0,1749,0,0,1749,1749,3606370
2022-04-13,2022,4,13,port915,Pohang,Korea,KOR,0,0,2,0,0,2,2,0,0,2072,0,0,2072,2072,0,0,800,0,0,800,800,3606371
2022-04-14,2022,4,14,port915,Pohang,Korea,KOR,0,2,2,0,0,4,4,0,34468,2381,0,0,36850,36850,0,11789,1071,0,0,12860,12860,3606372
2022-04-15,2022,4,15,port915,Pohang,Korea,KOR,0,0,1,0,0,1,1,0,0,0,0,0,0,0,0,0,253,0,0,253,253,3606373
2022-04-16,2022,4,16,port915,Pohang,Korea,KOR,0,5,6,0,0,11,11,0,199107,7897,0,0,207004,207004,0,4871,3264,0,0,8136,8136,3606374
2022-04-17,2022,4,17,port915,Pohang,Korea,KOR,1,6,3,1,0,11,11,0,33957,3123,263,0,37344,37344,0,15804,1071,385,0,17260,17260,3606375
2022-04-18,2022,4,18,port915,Pohang,Korea,KOR,0,6,7,1,0,14,14,0,470375,7669,263,0,478308,478308,0,10828,3940,385,0,15154,15154,3606376
2022-04-19,2022,4,19,port915,Pohang,Korea,KOR,2,1,5,0,1,8,9,1245,10332,4567,0,700,16146,16847,617,0,1872,0,0,2489,2489,3606377
2022-04-20,2022,4,20,port915,Pohang,Korea,KOR,0,1,1,0,0,2,2,0,34468,4734,0,0,39203,39203,0,5414,0,0,0,5414,5414,3606378
2022-04-21,2022,4,21,port915,Pohang,Korea,KOR,0,1,2,1,0,4,4,0,112838,1814,263,0,114916,114916,0,8,1601,385,0,1995,1995,3606379
2022-04-22,2022,4,22,port915,Pohang,Korea,KOR,1,2,1,0,0,4,4,0,85619,907,0,0,86526,86526,0,5414,800,0,0,6215,6215,3606380
2022-04-23,2022,4,23,port915,Pohang,Korea,KOR,0,2,3,0,0,5,5,0,0,4648,0,0,4648,4648,0,2863,0,0,0,2863,2863,3606381
2022-04-24,2022,4,24,port915,Pohang,Korea,KOR,0,2,0,0,0,2,2,0,177068,0,0,0,177068,177068,0,0,0,0,0,0,0,3606382
2022-04-25,2022,4,25,port915,Pohang,Korea,KOR,0,4,5,0,0,9,9,0,434053,5046,0,0,439099,439099,0,5422,2467,0,0,7890,7890,3606383
2022-04-26,2022,4,26,port915,Pohang,Korea,KOR,1,0,1,0,0,2,2,3734,0,907,0,0,4641,4641,0,0,800,0,0,800,800,3606384
2022-04-27,2022,4,27,port915,Pohang,Korea,KOR,1,6,8,0,0,15,15,0,645117,15444,0,0,660561,660561,7819,58138,5719,0,0,71676,71676,3606385
2022-04-28,2022,4,28,port915,Pohang,Korea,KOR,1,4,5,0,0,10,10,1063,247654,6090,0,0,254808,254808,0,5414,1748,0,0,7162,7162,3606386
2022-04-29,2022,4,29,port915,Pohang,Korea,KOR,0,0,1,0,0,1,1,0,0,0,0,0,0,0,0,0,1414,0,0,1414,1414,3606387
2022-04-30,2022,4,30,port915,Pohang,Korea,KOR,2,1,4,0,0,7,7,0,0,5795,0,0,5795,5795,0,24770,2402,0,0,27173,27173,3606388
2022-05-01,2022,5,1,port915,Pohang,Korea,KOR,0,0,2,0,0,2,2,0,0,3123,0,0,3123,3123,0,0,0,0,0,0,0,3606389
2022-05-02,2022,5,2,port915,Pohang,Korea,KOR,1,2,2,0,0,5,5,0,0,3060,0,0,3060,3060,2008,19465,0,0,0,21473,21473,3606390
2022-05-03,2022,5,3,port915,Pohang,Korea,KOR,0,5,16,1,0,22,22,0,223527,10782,263,0,234573,234573,0,31794,11693,385,0,43873,43873,3606391
2022-05-04,2022,5,4,port915,Pohang,Korea,KOR,1,2,2,0,0,5,5,1245,34468,907,0,0,36621,36621,617,5414,1399,0,0,7431,7431,3606392
2022-05-05,2022,5,5,port915,Pohang,Korea,KOR,1,1,0,0,0,2,2,0,73835,0,0,0,73835,73835,0,0,0,0,0,0,0,3606393
2022-05-06,2022,5,6,port915,Pohang,Korea,KOR,0,0,0,0,0,0,0,0,0,0,0,0,0,0,0,0,0,0,0,0,0,3606394
2022-05-07,2022,5,7,port915,Pohang,Korea,KOR,0,2,2,0,0,4,4,0,15895,907,0,0,16803,16803,0,0,2582,0,0,2582,2582,3606395
2022-05-08,2022,5,8,port915,Pohang,Korea,KOR,0,5,3,0,0,8,8,0,160881,3500,0,0,164381,164381,0,10828,270,0,0,11098,11098,3606396
2022-05-09,2022,5,9,port915,Pohang,Korea,KOR,0,4,10,1,1,15,16,0,17413,9608,263,814,27285,28100,0,2161,4805,385,2206,7352,9558,3606397
2022-05-10,2022,5,10,port915,Pohang,Korea,KOR,2,1,1,0,0,4,4,1245,0,318,0,0,1564,1564,617,27288,0,0,0,27905,27905,3606398
2022-05-11,2022,5,11,port915,Pohang,Korea,KOR,0,0,1,0,0,1,1,0,0,1474,0,0,1474,1474,0,0,270,0,0,270,270,3606399
2022-05-12,2022,5,12,port915,Pohang,Korea,KOR,0,6,20,2,0,28,28,0,518390,25078,527,0,543996,543996,0,10828,7207,770,0,18807,18807,3606400
2022-05-13,2022,5,13,port915,Pohang,Korea,KOR,0,1,0,0,0,1,1,0,382,0,0,0,382,382,0,0,0,0,0,0,0,3606401
2022-05-14,2022,5,14,port915,Pohang,Korea,KOR,0,1,2,0,0,3,3,0,0,1157,0,0,1157,1157,0,22143,800,0,0,22944,22944,3606402
2022-05-15,2022,5,15,port915,Pohang,Korea,KOR,1,2,1,0,0,4,4,1245,55040,0,0,0,56285,56285,617,1097,339,0,0,2054,2054,3606403
2022-05-16,2022,5,16,port915,Pohang,Korea,KOR,0,1,3,0,0,4,4,0,6687,907,0,0,7594,7594,0,0,6639,0,0,6639,6639,3606404
2019-02-03,2019,2,3,port915,Pohang,Korea,KOR,0,0,0,0,0,0,0,0,0,0,0,0,0,0,0,0,0,0,0,0,0,3606406
2020-03-09,2020,3,9,port915,Pohang,Korea,KOR,3,4,6,1,0,14,14,0,77719,8584,263,0,86567,86567,237,15093,6479,385,0,22196,22196,3606409
2019-02-04,2019,2,4,port915,Pohang,Korea,KOR,0,0,1,0,0,1,1,0,0,0,0,0,0,0,0,0,1255,0,0,1255,1255,3606410
2020-03-10,2020,3,10,port915,Pohang,Korea,KOR,1,4,6,0,0,11,11,0,60493,2057,0,0,62551,62551,0,0,7598,0,0,7598,7598,3606413
2019-02-05,2019,2,5,port915,Pohang,Korea,KOR,0,0,0,0,0,0,0,0,0,0,0,0,0,0,0,0,0,0,0,0,0,3606414
2020-03-11,2020,3,11,port915,Pohang,Korea,KOR,0,2,3,1,0,6,6,0,5411,2092,263,0,7767,7767,0,6949,1046,385,0,8380,8380,3606417
2019-02-06,2019,2,6,port915,Pohang,Korea,KOR,0,2,0,0,0,2,2,0,34468,0,0,0,34468,34468,0,11797,0,0,0,11797,11797,3606418
2020-03-12,2020,3,12,port915,Pohang,Korea,KOR,0,3,7,0,1,10,11,0,273804,5358,0,0,279163,279163,0,0,4554,0,0,4554,4554,3606421
2019-02-07,2019,2,7,port915,Pohang,Korea,KOR,0,2,0,0,0,2,2,0,34468,0,0,0,34468,34468,0,5414,0,0,0,5414,5414,3606422
2020-03-13,2020,3,13,port915,Pohang,Korea,KOR,1,3,3,0,0,7,7,0,275313,4557,0,0,279871,279871,406,23008,2507,0,0,25922,25922,3606425
2019-02-08,2019,2,8,port915,Pohang,Korea,KOR,0,0,2,1,0,3,3,0,0,907,263,0,1170,1170,0,0,5477,385,0,5863,5863,3606426
2020-03-14,2020,3,14,port915,Pohang,Korea,KOR,0,6,4,2,1,12,13,0,203061,5032,527,814,208620,209435,0,30001,7071,770,2206,37844,40050,3606429
2019-02-09,2019,2,9,port915,Pohang,Korea,KOR,0,0,2,0,0,2,2,0,0,0,0,0,0,0,0,0,3002,0,0,3002,3002,3606430
2020-03-15,2020,3,15,port915,Pohang,Korea,KOR,3,2,5,0,0,10,10,660,8250,6272,0,0,15184,15184,772,28020,1601,0,0,30394,30394,3606433
2019-02-10,2019,2,10,port915,Pohang,Korea,KOR,0,0,0,0,0,0,0,0,0,0,0,0,0,0,0,0,0,0,0,0,0,3606434
2020-03-16,2020,3,16,port915,Pohang,Korea,KOR,0,2,8,0,1,10,11,0,8618,4901,0,700,13519,14220,0,0,8986,0,0,8986,8986,3606437
2019-02-11,2019,2,11,port915,Pohang,Korea,KOR,0,0,0,1,0,1,1,0,0,0,263,0,263,263,0,0,0,385,0,385,385,3606438
2020-03-17,2020,3,17,port915,Pohang,Korea,KOR,1,4,6,2,1,13,14,0,35697,5615,0,0,41312,41312,8028,62442,5887,248,241,76607,76848,3606441
2019-02-12,2019,2,12,port915,Pohang,Korea,KOR,1,1,0,0,0,2,2,0,89605,0,0,0,89605,89605,509,0,0,0,0,509,509,3606442
2019-02-13,2019,2,13,port915,Pohang,Korea,KOR,0,0,0,0,0,0,0,0,0,0,0,0,0,0,0,0,0,0,0,0,0,3606443
2019-02-14,2019,2,14,port915,Pohang,Korea,KOR,0,0,1,0,0,1,1,0,0,0,0,0,0,0,0,0,3198,0,0,3198,3198,3606444
2019-02-15,2019,2,15,port915,Pohang,Korea,KOR,0,0,0,0,0,0,0,0,0,0,0,0,0,0,0,0,0,0,0,0,0,3606445
2019-02-16,2019,2,16,port915,Pohang,Korea,KOR,0,2,0,1,0,3,3,0,0,0,263,0,263,263,0,67527,0,385,0,67912,67912,3606446
2019-02-17,2019,2,17,port915,Pohang,Korea,KOR,0,0,0,0,0,0,0,0,0,0,0,0,0,0,0,0,0,0,0,0,0,3606447
2019-02-18,2019,2,18,port915,Pohang,Korea,KOR,0,0,0,0,0,0,0,0,0,0,0,0,0,0,0,0,0,0,0,0,0,3606448
2019-02-19,2019,2,19,port915,Pohang,Korea,KOR,0,1,0,0,0,1,1,0,34468,0,0,0,34468,34468,0,5414,0,0,0,5414,5414,3606449
2019-02-20,2019,2,20,port915,Pohang,Korea,KOR,1,1,1,0,0,3,3,0,0,0,0,0,0,0,0,0,1730,0,0,1730,1730,3606450
2019-02-21,2019,2,21,port915,Pohang,Korea,KOR,0,2,0,1,0,3,3,0,194816,0,263,0,195080,195080,0,0,0,385,0,385,385,3606451
2019-02-22,2019,2,22,port915,Pohang,Korea,KOR,0,1,0,0,0,1,1,0,0,0,0,0,0,0,0,38287,0,0,0,38287,38287,3606452
2019-02-23,2019,2,23,port915,Pohang,Korea,KOR,0,0,1,0,0,1,1,0,0,0,0,0,0,0,0,0,1786,0,0,1786,1786,3606453
2019-02-24,2019,2,24,port915,Pohang,Korea,KOR,0,3,0,1,0,4,4,0,0,0,263,0,263,263,0,76331,0,385,0,76716,76716,3606454
2019-02-25,2019,2,25,port915,Pohang,Korea,KOR,0,0,1,0,0,1,1,0,0,0,0,0,0,0,0,0,1781,0,0,1781,1781,3606455
2019-02-26,2019,2,26,port915,Pohang,Korea,KOR,0,1,1,0,0,2,2,0,0,907,0,0,907,907,0,5221,800,0,0,6021,6021,3606456
2019-02-27,2019,2,27,port915,Pohang,Korea,KOR,0,0,0,0,0,0,0,0,0,0,0,0,0,0,0,0,0,0,0,0,0,3606457
2019-02-28,2019,2,28,port915,Pohang,Korea,KOR,0,0,1,0,0,1,1,0,0,0,0,0,0,0,0,0,336,0,0,336,336,3606458
2019-03-01,2019,3,1,port915,Pohang,Korea,KOR,0,0,0,0,0,0,0,0,0,0,0,0,0,0,0,0,0,0,0,0,0,3606459
2019-03-02,2019,3,2,port915,Pohang,Korea,KOR,0,0,2,0,0,2,2,0,0,168,0,0,168,168,0,0,1781,0,0,1781,1781,3606460
2019-03-03,2019,3,3,port915,Pohang,Korea,KOR,0,1,0,0,0,1,1,0,0,0,0,0,0,0,0,2338,0,0,0,2338,2338,3606461
2019-03-04,2019,3,4,port915,Pohang,Korea,KOR,0,1,0,0,0,1,1,0,37399,0,0,0,37399,37399,0,0,0,0,0,0,0,3606462
2019-03-05,2019,3,5,port915,Pohang,Korea,KOR,0,0,1,0,0,1,1,0,0,0,0,0,0,0,0,0,1781,0,0,1781,1781,3606463
2019-03-06,2019,3,6,port915,Pohang,Korea,KOR,0,0,0,0,0,0,0,0,0,0,0,0,0,0,0,0,0,0,0,0,0,3606464
2019-03-07,2019,3,7,port915,Pohang,Korea,KOR,0,0,2,0,0,2,2,0,0,907,0,0,907,907,0,0,1390,0,0,1390,1390,3606465
2019-03-08,2019,3,8,port915,Pohang,Korea,KOR,0,0,1,0,0,1,1,0,0,0,0,0,0,0,0,0,1819,0,0,1819,1819,3606466
2019-03-09,2019,3,9,port915,Pohang,Korea,KOR,0,0,1,0,0,1,1,0,0,0,0,0,0,0,0,0,1786,0,0,1786,1786,3606467
2019-03-10,2019,3,10,port915,Pohang,Korea,KOR,0,0,0,0,0,0,0,0,0,0,0,0,0,0,0,0,0,0,0,0,0,3606468
2019-03-11,2019,3,11,port915,Pohang,Korea,KOR,2,0,0,1,0,3,3,12861,0,0,263,0,13125,13125,748,0,0,385,0,1133,1133,3606469
2019-03-12,2019,3,12,port915,Pohang,Korea,KOR,0,0,0,0,0,0,0,0,0,0,0,0,0,0,0,0,0,0,0,0,0,3606470
2019-03-13,2019,3,13,port915,Pohang,Korea,KOR,0,0,0,0,0,0,0,0,0,0,0,0,0,0,0,0,0,0,0,0,0,3606471
2019-03-14,2019,3,14,port915,Pohang,Korea,KOR,0,0,0,0,0,0,0,0,0,0,0,0,0,0,0,0,0,0,0,0,0,3606472
2019-03-15,2019,3,15,port915,Pohang,Korea,KOR,3,10,15,1,2,29,31,2636,597297,9946,0,814,609880,610695,3093,17652,22275,0,7373,43022,50395,3606473
2019-03-16,2019,3,16,port915,Pohang,Korea,KOR,0,0,1,0,0,1,1,0,0,756,0,0,756,756,0,0,0,0,0,0,0,3606474
2019-03-17,2019,3,17,port915,Pohang,Korea,KOR,0,0,0,1,0,1,1,0,0,0,263,0,263,263,0,0,0,385,0,385,385,3606475
2019-03-18,2019,3,18,port915,Pohang,Korea,KOR,0,1,0,0,0,1,1,0,0,0,0,0,0,0,0,0,0,0,0,0,0,3606476
2019-03-19,2019,3,19,port915,Pohang,Korea,KOR,0,0,2,0,0,2,2,0,0,0,0,0,0,0,0,0,3642,0,0,3642,3642,3606477
2019-03-20,2019,3,20,port915,Pohang,Korea,KOR,0,0,0,0,1,0,1,0,0,0,0,0,0,0,0,0,0,0,0,0,0,3606478
2019-03-21,2019,3,21,port915,Pohang,Korea,KOR,0,2,0,0,1,2,3,0,30288,0,0,971,30288,31260,0,39580,0,0,0,39580,39580,3606479
2019-03-22,2019,3,22,port915,Pohang,Korea,KOR,0,1,0,0,0,1,1,0,0,0,0,0,0,0,0,19063,0,0,0,19063,19063,3606480
2019-03-23,2019,3,23,port915,Pohang,Korea,KOR,0,2,0,0,0,2,2,0,228968,0,0,0,228968,228968,0,5414,0,0,0,5414,5414,3606481
2019-03-24,2019,3,24,port915,Pohang,Korea,KOR,0,2,2,0,0,4,4,0,0,0,0,0,0,0,0,50081,1596,0,0,51678,51678,3606482
2019-03-25,2019,3,25,port915,Pohang,Korea,KOR,0,0,0,0,0,0,0,0,0,0,0,0,0,0,0,0,0,0,0,0,0,3606483
2019-03-26,2019,3,26,port915,Pohang,Korea,KOR,0,0,0,0,0,0,0,0,0,0,0,0,0,0,0,0,0,0,0,0,0,3606484
2019-03-27,2019,3,27,port915,Pohang,Korea,KOR,0,0,0,0,0,0,0,0,0,0,0,0,0,0,0,0,0,0,0,0,0,3606485
2019-03-28,2019,3,28,port915,Pohang,Korea,KOR,0,1,2,0,0,3,3,0,16608,0,0,0,16608,16608,0,0,14250,0,0,14250,14250,3606486
2019-03-29,2019,3,29,port915,Pohang,Korea,KOR,0,0,0,1,0,1,1,0,0,0,263,0,263,263,0,0,0,385,0,385,385,3606487
2019-03-30,2019,3,30,port915,Pohang,Korea,KOR,0,0,2,0,0,2,2,0,0,907,0,0,907,907,0,0,2390,0,0,2390,2390,3606488
2019-03-31,2019,3,31,port915,Pohang,Korea,KOR,0,2,0,0,0,2,2,0,0,0,0,0,0,0,0,7105,0,0,0,7105,7105,3606489
2019-04-01,2019,4,1,port915,Pohang,Korea,KOR,0,0,0,0,0,0,0,0,0,0,0,0,0,0,0,0,0,0,0,0,0,3606490
2019-04-02,2019,4,2,port915,Pohang,Korea,KOR,0,0,1,0,0,1,1,0,0,907,0,0,907,907,0,0,800,0,0,800,800,3606491
2019-04-03,2019,4,3,port915,Pohang,Korea,KOR,0,1,0,0,0,1,1,0,112341,0,0,0,112341,112341,0,0,0,0,0,0,0,3606492
2019-04-04,2019,4,4,port915,Pohang,Korea,KOR,0,0,2,0,0,2,2,0,0,2260,0,0,2260,2260,0,0,800,0,0,800,800,3606493
2019-04-05,2019,4,5,port915,Pohang,Korea,KOR,0,0,0,0,0,0,0,0,0,0,0,0,0,0,0,0,0,0,0,0,0,3606494
2019-04-06,2019,4,6,port915,Pohang,Korea,KOR,0,1,0,1,0,2,2,0,0,0,263,0,263,263,0,2893,0,385,0,3278,3278,3606495
2019-04-07,2019,4,7,port915,Pohang,Korea,KOR,0,0,0,0,0,0,0,0,0,0,0,0,0,0,0,0,0,0,0,0,0,3606496
2019-04-08,2019,4,8,port915,Pohang,Korea,KOR,1,0,0,0,0,1,1,0,0,0,0,0,0,0,0,0,0,0,0,0,0,3606497
2019-04-09,2019,4,9,port915,Pohang,Korea,KOR,0,0,1,1,0,2,2,0,0,0,263,0,263,263,0,0,1064,385,0,1450,1450,3606498
2019-04-10,2019,4,10,port915,Pohang,Korea,KOR,1,0,0,0,0,1,1,1245,0,0,0,0,1245,1245,617,0,0,0,0,617,617,3606499
2019-04-11,2019,4,11,port915,Pohang,Korea,KOR,0,0,1,0,0,1,1,0,0,0,0,0,0,0,0,0,459,0,0,459,459,3606500
2019-04-12,2019,4,12,port915,Pohang,Korea,KOR,0,2,1,0,0,3,3,0,238266,907,0,0,239173,239173,0,0,800,0,0,800,800,3606501
2019-04-13,2019,4,13,port915,Pohang,Korea,KOR,0,0,1,1,0,2,2,0,0,4502,263,0,4765,4765,0,0,0,385,0,385,385,3606502
2019-04-14,2019,4,14,port915,Pohang,Korea,KOR,0,0,0,0,0,0,0,0,0,0,0,0,0,0,0,0,0,0,0,0,0,3606503
2019-04-15,2019,4,15,port915,Pohang,Korea,KOR,2,0,0,1,1,3,4,11430,0,0,0,0,11430,11430,617,0,0,0,0,617,617,3606504
2019-04-16,2019,4,16,port915,Pohang,Korea,KOR,0,4,7,1,1,12,13,0,166554,7699,263,814,174518,175332,0,10155,1665,385,2206,12206,14412,3606505
2019-04-17,2019,4,17,port915,Pohang,Korea,KOR,0,2,1,0,0,3,3,0,122235,3082,0,0,125317,125317,0,5414,0,0,0,5414,5414,3606506
2019-04-18,2019,4,18,port915,Pohang,Korea,KOR,0,0,0,0,1,0,1,0,0,0,0,814,0,814,0,0,0,0,2206,0,2206,3606507
2019-04-19,2019,4,19,port915,Pohang,Korea,KOR,0,0,0,0,0,0,0,0,0,0,0,0,0,0,0,0,0,0,0,0,0,3606508
2019-04-20,2019,4,20,port915,Pohang,Korea,KOR,0,0,1,0,0,1,1,0,0,378,0,0,378,378,0,0,0,0,0,0,0,3606509
2019-04-21,2019,4,21,port915,Pohang,Korea,KOR,0,0,1,0,0,1,1,0,0,11719,0,0,11719,11719,0,0,0,0,0,0,0,3606510
2019-04-22,2019,4,22,port915,Pohang,Korea,KOR,1,8,3,0,0,12,12,6089,415144,3586,0,0,424819,424819,0,30644,800,0,0,31445,31445,3606511
2019-04-23,2019,4,23,port915,Pohang,Korea,KOR,0,0,1,0,0,1,1,0,0,0,0,0,0,0,0,0,143,0,0,143,143,3606512
2019-04-24,2019,4,24,port915,Pohang,Korea,KOR,0,0,0,0,0,0,0,0,0,0,0,0,0,0,0,0,0,0,0,0,0,3606513
2019-04-25,2019,4,25,port915,Pohang,Korea,KOR,0,0,0,0,0,0,0,0,0,0,0,0,0,0,0,0,0,0,0,0,0,3606514
2019-04-26,2019,4,26,port915,Pohang,Korea,KOR,0,0,2,0,0,2,2,0,0,1814,0,0,1814,1814,0,0,1601,0,0,1601,1601,3606515
2019-04-27,2019,4,27,port915,Pohang,Korea,KOR,0,0,0,1,0,1,1,0,0,0,263,0,263,263,0,0,0,385,0,385,385,3606516
2019-04-28,2019,4,28,port915,Pohang,Korea,KOR,0,0,2,0,0,2,2,0,0,0,0,0,0,0,0,0,8884,0,0,8884,8884,3606517
2019-04-29,2019,4,29,port915,Pohang,Korea,KOR,0,0,2,1,0,3,3,0,0,907,263,0,1170,1170,0,0,2518,385,0,2903,2903,3606518
2019-04-30,2019,4,30,port915,Pohang,Korea,KOR,0,1,0,0,0,1,1,0,242509,0,0,0,242509,242509,0,0,0,0,0,0,0,3606519
2019-05-01,2019,5,1,port915,Pohang,Korea,KOR,0,0,0,0,0,0,0,0,0,0,0,0,0,0,0,0,0,0,0,0,0,3606520
2019-05-02,2019,5,2,port915,Pohang,Korea,KOR,0,2,3,0,0,5,5,0,106491,2081,0,0,108573,108573,0,0,0,0,0,0,0,3606521
2019-05-03,2019,5,3,port915,Pohang,Korea,KOR,1,2,9,1,1,13,14,425,34468,9038,263,0,44196,44196,0,33052,9551,385,5490,42989,48479,3606522
2019-05-04,2019,5,4,port915,Pohang,Korea,KOR,0,3,5,1,2,9,11,0,34468,3339,263,7657,38071,45729,0,52791,4405,385,0,57582,57582,3606523
2019-05-05,2019,5,5,port915,Pohang,Korea,KOR,1,0,1,0,0,2,2,1245,0,0,0,0,1245,1245,617,0,1786,0,0,2403,2403,3606524
2019-05-06,2019,5,6,port915,Pohang,Korea,KOR,1,0,0,1,0,2,2,1245,0,0,263,0,1509,1509,617,0,0,385,0,1002,1002,3606525
2019-05-07,2019,5,7,port915,Pohang,Korea,KOR,0,2,1,0,0,3,3,0,147306,1883,0,0,149189,149189,0,5422,0,0,0,5422,5422,3606526
2019-05-08,2019,5,8,port915,Pohang,Korea,KOR,0,2,1,0,0,3,3,0,0,0,0,0,0,0,0,38545,662,0,0,39207,39207,3606527
2019-05-09,2019,5,9,port915,Pohang,Korea,KOR,1,0,0,1,0,2,2,0,0,0,263,0,263,263,0,0,0,385,0,385,385,3606528
2019-05-10,2019,5,10,port915,Pohang,Korea,KOR,0,1,0,3,1,4,5,0,17255,0,527,814,17782,18597,0,0,0,770,2206,770,2977,3606529
2019-05-11,2019,5,11,port915,Pohang,Korea,KOR,0,1,3,1,0,5,5,0,13569,907,0,0,14476,14476,0,0,2736,403,0,3140,3140,3606530
2019-05-12,2019,5,12,port915,Pohang,Korea,KOR,0,4,1,1,0,6,6,0,234678,0,263,0,234941,234941,0,31577,1061,385,0,33025,33025,3606531
2019-05-13,2019,5,13,port915,Pohang,Korea,KOR,0,1,10,0,0,11,11,0,26522,14159,0,0,40681,40681,0,0,8570,0,0,8570,8570,3606532
2019-05-14,2019,5,14,port915,Pohang,Korea,KOR,0,1,1,0,0,2,2,0,139695,907,0,0,140602,140602,0,0,800,0,0,800,800,3606533
2019-05-15,2019,5,15,port915,Pohang,Korea,KOR,1,1,2,2,0,6,6,1245,99216,0,527,0,100989,100989,617,0,3511,770,0,4900,4900,3606534
2019-05-16,2019,5,16,port915,Pohang,Korea,KOR,0,0,5,0,1,5,6,0,0,7849,0,814,7849,8664,0,0,1728,0,2206,1728,3934,3606535
2019-05-17,2019,5,17,port915,Pohang,Korea,KOR,0,0,0,0,0,0,0,0,0,0,0,0,0,0,0,0,0,0,0,0,0,3606536
2019-05-18,2019,5,18,port915,Pohang,Korea,KOR,0,0,0,0,0,0,0,0,0,0,0,0,0,0,0,0,0,0,0,0,0,3606537
2019-05-19,2019,5,19,port915,Pohang,Korea,KOR,0,1,0,0,0,1,1,0,0,0,0,0,0,0,0,2874,0,0,0,2874,2874,3606538
2019-05-20,2019,5,20,port915,Pohang,Korea,KOR,0,0,1,0,0,1,1,0,0,0,0,0,0,0,0,0,51,0,0,51,51,3606539
2019-05-21,2019,5,21,port915,Pohang,Korea,KOR,0,2,1,1,0,4,4,0,34468,0,263,0,34732,34732,0,37707,930,385,0,39022,39022,3606540
2019-05-22,2019,5,22,port915,Pohang,Korea,KOR,1,2,1,1,0,5,5,0,34468,0,263,0,34732,34732,3226,39753,679,385,0,44045,44045,3606541
2019-05-23,2019,5,23,port915,Pohang,Korea,KOR,0,0,0,1,0,1,1,0,0,0,263,0,263,263,0,0,0,385,0,385,385,3606542
2019-05-24,2019,5,24,port915,Pohang,Korea,KOR,1,2,0,0,0,3,3,1245,172765,0,0,0,174011,174011,617,5414,0,0,0,6031,6031,3606543
2019-05-25,2019,5,25,port915,Pohang,Korea,KOR,1,0,2,0,0,3,3,0,0,3842,0,0,3842,3842,0,0,7031,0,0,7031,7031,3606544
2019-05-26,2019,5,26,port915,Pohang,Korea,KOR,0,2,4,0,0,6,6,0,34468,907,0,0,35375,35375,0,15084,3516,0,0,18600,18600,3606545
2019-05-27,2019,5,27,port915,Pohang,Korea,KOR,0,2,1,0,0,3,3,0,0,0,0,0,0,0,0,11489,509,0,0,11999,11999,3606546
2019-05-28,2019,5,28,port915,Pohang,Korea,KOR,0,1,1,1,0,3,3,0,24858,0,263,0,25121,25121,0,0,618,385,0,1003,1003,3606547
2019-05-29,2019,5,29,port915,Pohang,Korea,KOR,1,4,3,1,0,9,9,1245,58964,1474,263,0,61948,61948,617,10289,6085,385,0,17377,17377,3606548
2019-05-30,2019,5,30,port915,Pohang,Korea,KOR,1,0,1,0,0,2,2,1245,0,0,0,0,1245,1245,617,0,264,0,0,882,882,3606549
2019-05-31,2019,5,31,port915,Pohang,Korea,KOR,0,0,0,0,0,0,0,0,0,0,0,0,0,0,0,0,0,0,0,0,0,3606550
2019-06-01,2019,6,1,port915,Pohang,Korea,KOR,0,5,3,2,0,10,10,0,230331,2906,527,0,233764,233764,0,16251,1601,770,0,18623,18623,3606551
2019-06-02,2019,6,2,port915,Pohang,Korea,KOR,0,0,0,0,0,0,0,0,0,0,0,0,0,0,0,0,0,0,0,0,0,3606552
2019-06-03,2019,6,3,port915,Pohang,Korea,KOR,1,1,1,1,0,4,4,1245,34468,0,263,0,35977,35977,617,5414,1781,385,0,8198,8198,3606553
2019-06-04,2019,6,4,port915,Pohang,Korea,KOR,0,0,0,0,0,0,0,0,0,0,0,0,0,0,0,0,0,0,0,0,0,3606554
2019-06-05,2019,6,5,port915,Pohang,Korea,KOR,0,7,16,1,0,24,24,0,315586,7648,263,0,323499,323499,0,46300,15778,385,0,62465,62465,3606555
2019-06-06,2019,6,6,port915,Pohang,Korea,KOR,2,1,0,0,0,3,3,1958,0,0,0,0,1958,1958,617,1515,0,0,0,2132,2132,3606556
2019-06-07,2019,6,7,port915,Pohang,Korea,KOR,0,0,1,0,0,1,1,0,0,2095,0,0,2095,2095,0,0,0,0,0,0,0,3606557
2019-06-08,2019,6,8,port915,Pohang,Korea,KOR,0,0,2,0,0,2,2,0,0,168,0,0,168,168,0,0,1781,0,0,1781,1781,3606558
2019-06-09,2019,6,9,port915,Pohang,Korea,KOR,0,1,0,0,0,1,1,0,110150,0,0,0,110150,110150,0,0,0,0,0,0,0,3606559
2019-06-10,2019,6,10,port915,Pohang,Korea,KOR,0,0,1,0,0,1,1,0,0,1474,0,0,1474,1474,0,0,270,0,0,270,270,3606560
2019-06-11,2019,6,11,port915,Pohang,Korea,KOR,0,0,0,1,0,1,1,0,0,0,263,0,263,263,0,0,0,385,0,385,385,3606561
2019-06-12,2019,6,12,port915,Pohang,Korea,KOR,0,0,1,0,0,1,1,0,0,0,0,0,0,0,0,0,1251,0,0,1251,1251,3606562
2019-06-13,2019,6,13,port915,Pohang,Korea,KOR,0,0,1,0,0,1,1,0,0,5378,0,0,5378,5378,0,0,0,0,0,0,0,3606563
2019-06-14,2019,6,14,port915,Pohang,Korea,KOR,2,1,1,0,0,4,4,533,34468,2095,0,0,37098,37098,1049,5414,0,0,0,6464,6464,3606564
2019-06-15,2019,6,15,port915,Pohang,Korea,KOR,0,0,2,0,0,2,2,0,0,0,0,0,0,0,0,0,2039,0,0,2039,2039,3606565
2019-06-16,2019,6,16,port915,Pohang,Korea,KOR,0,0,0,0,0,0,0,0,0,0,0,0,0,0,0,0,0,0,0,0,0,3606566
2019-06-17,2019,6,17,port915,Pohang,Korea,KOR,0,0,0,0,0,0,0,0,0,0,0,0,0,0,0,0,0,0,0,0,0,3606567
2019-06-18,2019,6,18,port915,Pohang,Korea,KOR,1,0,1,0,0,2,2,1245,0,1221,0,0,2467,2467,617,0,0,0,0,617,617,3606568
2019-06-19,2019,6,19,port915,Pohang,Korea,KOR,0,1,0,0,0,1,1,0,0,0,0,0,0,0,0,0,0,0,0,0,0,3606569
2019-06-20,2019,6,20,port915,Pohang,Korea,KOR,0,1,0,0,0,1,1,0,0,0,0,0,0,0,0,3423,0,0,0,3423,3423,3606570
2019-06-21,2019,6,21,port915,Pohang,Korea,KOR,0,0,1,0,0,1,1,0,0,0,0,0,0,0,0,0,1781,0,0,1781,1781,3606571
2019-06-22,2019,6,22,port915,Pohang,Korea,KOR,0,0,0,0,0,0,0,0,0,0,0,0,0,0,0,0,0,0,0,0,0,3606572
2019-06-23,2019,6,23,port915,Pohang,Korea,KOR,0,3,0,0,0,3,3,0,0,0,0,0,0,0,0,15775,0,0,0,15775,15775,3606573
2019-06-24,2019,6,24,port915,Pohang,Korea,KOR,0,0,0,2,0,2,2,0,0,0,263,0,263,263,0,0,0,385,0,385,385,3606574
2019-06-25,2019,6,25,port915,Pohang,Korea,KOR,0,1,0,0,0,1,1,0,176334,0,0,0,176334,176334,0,0,0,0,0,0,0,3606575
2019-06-26,2019,6,26,port915,Pohang,Korea,KOR,0,0,0,0,0,0,0,0,0,0,0,0,0,0,0,0,0,0,0,0,0,3606576
2019-06-27,2019,6,27,port915,Pohang,Korea,KOR,0,0,0,0,0,0,0,0,0,0,0,0,0,0,0,0,0,0,0,0,0,3606577
2019-06-28,2019,6,28,port915,Pohang,Korea,KOR,0,0,1,1,1,2,3,0,0,1986,263,127,2249,2377,0,0,0,385,7327,385,7712,3606578
2019-06-29,2019,6,29,port915,Pohang,Korea,KOR,0,1,0,0,0,1,1,0,39787,0,0,0,39787,39787,0,0,0,0,0,0,0,3606579
2019-06-30,2019,6,30,port915,Pohang,Korea,KOR,0,0,0,0,0,0,0,0,0,0,0,0,0,0,0,0,0,0,0,0,0,3606580
2019-07-01,2019,7,1,port915,Pohang,Korea,KOR,1,0,2,0,0,3,3,1245,0,2095,0,0,3341,3341,617,0,249,0,0,866,866,3606581
2019-07-02,2019,7,2,port915,Pohang,Korea,KOR,0,0,0,0,1,0,1,0,0,0,0,0,0,0,0,0,0,0,0,0,0,3606582
2019-07-03,2019,7,3,port915,Pohang,Korea,KOR,0,0,0,0,0,0,0,0,0,0,0,0,0,0,0,0,0,0,0,0,0,3606583
2019-07-04,2019,7,4,port915,Pohang,Korea,KOR,1,0,0,1,0,2,2,1245,0,0,263,0,1509,1509,617,0,0,385,0,1002,1002,3606584
2019-07-05,2019,7,5,port915,Pohang,Korea,KOR,1,3,3,0,1,7,8,1245,503134,11009,0,814,515389,516204,617,0,0,0,2206,617,2823,3606585
2019-07-06,2019,7,6,port915,Pohang,Korea,KOR,0,0,0,1,1,1,2,0,0,0,263,814,263,1078,0,0,0,385,2206,385,2591,3606586
2019-07-07,2019,7,7,port915,Pohang,Korea,KOR,0,0,1,0,0,1,1,0,0,0,0,0,0,0,0,0,1786,0,0,1786,1786,3606587
2019-07-08,2019,7,8,port915,Pohang,Korea,KOR,0,0,0,1,0,1,1,0,0,0,263,0,263,263,0,0,0,385,0,385,385,3606588
2019-07-09,2019,7,9,port915,Pohang,Korea,KOR,0,0,1,0,0,1,1,0,0,477,0,0,477,477,0,0,0,0,0,0,0,3606589
2019-07-10,2019,7,10,port915,Pohang,Korea,KOR,0,0,0,0,0,0,0,0,0,0,0,0,0,0,0,0,0,0,0,0,0,3606590
2019-07-11,2019,7,11,port915,Pohang,Korea,KOR,0,2,0,0,0,2,2,0,34468,0,0,0,34468,34468,0,6237,0,0,0,6237,6237,3606591
2019-07-12,2019,7,12,port915,Pohang,Korea,KOR,0,0,2,0,0,2,2,0,0,0,0,0,0,0,0,0,2173,0,0,2173,2173,3606592
2019-07-13,2019,7,13,port915,Pohang,Korea,KOR,0,0,2,0,0,2,2,0,0,907,0,0,907,907,0,0,2973,0,0,2973,2973,3606593
2019-07-14,2019,7,14,port915,Pohang,Korea,KOR,0,1,0,0,0,1,1,0,201978,0,0,0,201978,201978,0,0,0,0,0,0,0,3606594
2019-07-15,2019,7,15,port915,Pohang,Korea,KOR,1,0,0,0,0,1,1,0,0,0,0,0,0,0,0,0,0,0,0,0,0,3606595
2019-07-16,2019,7,16,port915,Pohang,Korea,KOR,0,0,0,0,0,0,0,0,0,0,0,0,0,0,0,0,0,0,0,0,0,3606596
2019-07-17,2019,7,17,port915,Pohang,Korea,KOR,1,0,3,1,0,5,5,0,0,10257,263,0,10520,10520,4047,0,800,385,0,5233,5233,3606597
2019-07-18,2019,7,18,port915,Pohang,Korea,KOR,1,0,1,0,0,2,2,1245,0,0,0,0,1245,1245,617,0,1786,0,0,2403,2403,3606598
2019-07-19,2019,7,19,port915,Pohang,Korea,KOR,0,0,0,0,0,0,0,0,0,0,0,0,0,0,0,0,0,0,0,0,0,3606599
2019-07-20,2019,7,20,port915,Pohang,Korea,KOR,0,0,0,0,0,0,0,0,0,0,0,0,0,0,0,0,0,0,0,0,0,3606600
2019-07-21,2019,7,21,port915,Pohang,Korea,KOR,0,2,1,0,0,3,3,0,11017,0,0,0,11017,11017,0,0,8031,0,0,8031,8031,3606601
2019-07-22,2019,7,22,port915,Pohang,Korea,KOR,0,0,2,1,0,3,3,0,0,0,263,0,263,263,0,0,2402,385,0,2788,2788,3606602
2019-07-23,2019,7,23,port915,Pohang,Korea,KOR,0,1,2,0,0,3,3,0,0,3770,0,0,3770,3770,0,0,800,0,0,800,800,3606603
2019-07-24,2019,7,24,port915,Pohang,Korea,KOR,0,0,0,0,0,0,0,0,0,0,0,0,0,0,0,0,0,0,0,0,0,3606604
2019-07-25,2019,7,25,port915,Pohang,Korea,KOR,1,2,0,1,0,4,4,0,241632,0,263,0,241896,241896,1018,0,0,385,0,1404,1404,3606605
2019-07-26,2019,7,26,port915,Pohang,Korea,KOR,0,0,1,0,0,1,1,0,0,0,0,0,0,0,0,0,337,0,0,337,337,3606606
2019-07-27,2019,7,27,port915,Pohang,Korea,KOR,0,1,1,0,0,2,2,0,172466,0,0,0,172466,172466,0,0,1251,0,0,1251,1251,3606607
2019-07-28,2019,7,28,port915,Pohang,Korea,KOR,0,1,2,0,0,3,3,0,0,2081,0,0,2081,2081,0,12702,8587,0,0,21289,21289,3606608
2019-07-29,2019,7,29,port915,Pohang,Korea,KOR,1,1,0,0,0,2,2,0,102475,0,0,0,102475,102475,0,0,0,0,0,0,0,3606609
2019-07-30,2019,7,30,port915,Pohang,Korea,KOR,0,0,1,0,0,1,1,0,0,0,0,0,0,0,0,0,814,0,0,814,814,3606610
2019-07-31,2019,7,31,port915,Pohang,Korea,KOR,0,1,1,0,0,2,2,0,102467,1474,0,0,103941,103941,0,0,270,0,0,270,270,3606611
2019-08-01,2019,8,1,port915,Pohang,Korea,KOR,1,1,4,0,0,6,6,1245,153116,11027,0,0,165389,165389,617,0,800,0,0,1418,1418,3606612
2019-08-02,2019,8,2,port915,Pohang,Korea,KOR,0,1,6,2,0,9,9,0,198343,3628,527,0,202500,202500,0,0,7284,770,0,8055,8055,3606613
2019-08-03,2019,8,3,port915,Pohang,Korea,KOR,1,1,5,0,1,7,8,0,1619,2425,0,0,4045,4045,2284,0,4091,0,0,6376,6376,3606614
2019-08-04,2019,8,4,port915,Pohang,Korea,KOR,0,2,4,1,0,7,7,0,1431,5925,0,0,7357,7357,0,0,952,202,0,1154,1154,3606615
2019-08-05,2019,8,5,port915,Pohang,Korea,KOR,1,3,2,0,0,6,6,0,98653,2256,0,0,100909,100909,712,5414,0,0,0,6126,6126,3606616
2019-08-06,2019,8,6,port915,Pohang,Korea,KOR,0,0,0,0,0,0,0,0,0,0,0,0,0,0,0,0,0,0,0,0,0,3606617
2019-08-07,2019,8,7,port915,Pohang,Korea,KOR,0,1,1,0,0,2,2,0,0,0,0,0,0,0,0,13397,1786,0,0,15184,15184,3606618
2019-08-08,2019,8,8,port915,Pohang,Korea,KOR,1,0,1,0,0,2,2,0,0,0,0,0,0,0,251,0,1064,0,0,1315,1315,3606619
2019-08-09,2019,8,9,port915,Pohang,Korea,KOR,0,1,7,1,2,9,11,0,242576,4535,263,1598,247376,248974,0,0,11920,385,0,12306,12306,3606620
2019-08-10,2019,8,10,port915,Pohang,Korea,KOR,1,2,11,1,0,15,15,0,233150,18639,263,0,252053,252053,0,22429,7353,385,0,30168,30168,3606621
2019-08-11,2019,8,11,port915,Pohang,Korea,KOR,0,3,2,1,1,6,7,0,109308,1814,263,1056,111386,112442,0,10828,1601,385,0,12815,12815,3606622
2019-08-12,2019,8,12,port915,Pohang,Korea,KOR,0,0,0,0,0,0,0,0,0,0,0,0,0,0,0,0,0,0,0,0,0,3606623
2019-08-13,2019,8,13,port915,Pohang,Korea,KOR,0,3,2,1,0,6,6,0,187583,8317,263,0,196165,196165,0,71628,800,385,0,72815,72815,3606624
2019-08-14,2019,8,14,port915,Pohang,Korea,KOR,0,0,0,0,0,0,0,0,0,0,0,0,0,0,0,0,0,0,0,0,0,3606625
2019-08-15,2019,8,15,port915,Pohang,Korea,KOR,0,0,1,0,0,1,1,0,0,907,0,0,907,907,0,0,800,0,0,800,800,3606626
2019-08-16,2019,8,16,port915,Pohang,Korea,KOR,0,4,0,0,0,4,4,0,61828,0,0,0,61828,61828,0,18116,0,0,0,18116,18116,3606627
2019-08-17,2019,8,17,port915,Pohang,Korea,KOR,2,9,6,2,1,19,20,1245,761406,4817,527,1779,767997,769776,7988,16242,3457,770,0,28459,28459,3606628
2019-08-18,2019,8,18,port915,Pohang,Korea,KOR,0,0,0,0,0,0,0,0,0,0,0,0,0,0,0,0,0,0,0,0,0,3606629
2019-08-19,2019,8,19,port915,Pohang,Korea,KOR,1,0,3,0,0,4,4,0,0,1814,0,0,1814,1814,0,0,3388,0,0,3388,3388,3606630
2019-08-20,2019,8,20,port915,Pohang,Korea,KOR,0,1,0,0,0,1,1,0,0,0,0,0,0,0,0,25901,0,0,0,25901,25901,3606631
2019-08-21,2019,8,21,port915,Pohang,Korea,KOR,0,1,0,1,0,2,2,0,6351,0,263,0,6615,6615,0,0,0,385,0,385,385,3606632
2019-08-22,2019,8,22,port915,Pohang,Korea,KOR,0,2,2,0,0,4,4,0,0,4734,0,0,4734,4734,0,0,678,0,0,678,678,3606633
2019-08-23,2019,8,23,port915,Pohang,Korea,KOR,1,12,11,2,1,26,27,1245,274315,9557,527,700,285646,286347,617,143018,19166,770,0,163573,163573,3606634
2019-08-24,2019,8,24,port915,Pohang,Korea,KOR,1,2,9,1,0,13,13,0,8886,3483,263,0,12633,12633,425,6356,6193,385,0,13361,13361,3606635
2019-08-25,2019,8,25,port915,Pohang,Korea,KOR,0,2,4,0,1,6,7,0,5771,3836,0,0,9607,9607,0,8780,2520,0,0,11301,11301,3606636
2019-08-26,2019,8,26,port915,Pohang,Korea,KOR,2,4,1,2,0,9,9,0,353131,0,263,0,353394,353394,1435,0,486,789,0,2711,2711,3606637
2019-08-27,2019,8,27,port915,Pohang,Korea,KOR,1,3,4,1,1,9,10,0,111569,3942,263,700,115776,116476,12819,31122,1601,385,0,45929,45930,3606638
2019-08-28,2019,8,28,port915,Pohang,Korea,KOR,0,2,2,0,2,4,6,0,206643,1706,0,0,208350,208350,0,5414,800,0,0,6215,6215,3606639
2019-08-29,2019,8,29,port915,Pohang,Korea,KOR,2,2,8,0,0,12,12,0,2346,10300,0,0,12646,12646,7055,7070,7947,0,0,22074,22074,3606640
2019-08-30,2019,8,30,port915,Pohang,Korea,KOR,1,3,6,0,1,10,11,0,26889,1936,0,814,28826,29641,635,91626,4609,0,2206,96871,99077,3606641
2019-08-31,2019,8,31,port915,Pohang,Korea,KOR,0,1,4,1,2,6,8,0,0,1154,263,1515,1417,2933,0,0,2258,385,2206,2643,4850,3606642
2019-09-01,2019,9,1,port915,Pohang,Korea,KOR,0,1,6,1,0,8,8,0,192430,7065,263,0,199759,199759,0,0,1418,385,0,1803,1803,3606643
2019-09-02,2019,9,2,port915,Pohang,Korea,KOR,0,1,3,1,0,5,5,0,199727,2212,263,0,202203,202203,0,0,800,385,0,1186,1186,3606644
2019-09-03,2019,9,3,port915,Pohang,Korea,KOR,2,1,3,1,1,7,8,1299,63706,4614,263,0,69884,69884,617,0,1071,385,0,2073,2073,3606645
2019-09-04,2019,9,4,port915,Pohang,Korea,KOR,1,2,3,1,0,7,7,0,16440,907,263,0,17611,17611,5784,0,2888,385,0,9058,9058,3606646
2019-09-05,2019,9,5,port915,Pohang,Korea,KOR,0,0,3,0,0,3,3,0,0,1834,0,0,1834,1834,0,0,2531,0,0,2531,2531,3606647
2019-09-06,2019,9,6,port915,Pohang,Korea,KOR,0,0,4,1,1,5,6,0,0,3641,0,0,3641,3641,0,0,2120,202,0,2323,2323,3606648
2019-09-07,2019,9,7,port915,Pohang,Korea,KOR,2,0,1,0,0,3,3,0,0,907,0,0,907,907,1686,0,800,0,0,2487,2487,3606649
2019-09-08,2019,9,8,port915,Pohang,Korea,KOR,1,6,13,2,1,22,23,1430,220701,7240,2433,0,231806,231806,0,5414,19116,385,233,24916,25149,3606650
2019-09-09,2019,9,9,port915,Pohang,Korea,KOR,0,4,5,2,2,11,13,0,132286,9340,527,814,142154,142969,0,45947,3507,770,10578,50225,60803,3606651
2019-09-10,2019,9,10,port915,Pohang,Korea,KOR,1,2,7,1,1,11,12,3040,172947,7003,263,0,183255,183255,0,0,3205,385,0,3590,3590,3606652
2019-09-11,2019,9,11,port915,Pohang,Korea,KOR,0,2,5,0,2,7,9,0,241561,0,0,1401,241561,242963,0,9266,6890,0,0,16156,16157,3606653
2019-09-12,2019,9,12,port915,Pohang,Korea,KOR,0,0,1,0,0,1,1,0,0,907,0,0,907,907,0,0,800,0,0,800,800,3606654
2019-09-13,2019,9,13,port915,Pohang,Korea,KOR,0,3,5,0,0,8,8,0,78911,7459,0,0,86371,86371,0,10993,1972,0,0,12965,12965,3606655
2019-09-14,2019,9,14,port915,Pohang,Korea,KOR,0,3,3,1,0,7,7,0,98958,6662,263,0,105884,105884,0,0,5085,385,0,5470,5470,3606656
2019-09-15,2019,9,15,port915,Pohang,Korea,KOR,1,3,3,0,0,7,7,0,254961,13619,0,0,268580,268580,1264,19276,7399,0,0,27940,27940,3606657
2019-09-16,2019,9,16,port915,Pohang,Korea,KOR,0,5,5,1,2,11,13,0,109643,5108,263,2405,115015,117420,0,29819,7575,385,0,37780,37780,3606658
2019-09-17,2019,9,17,port915,Pohang,Korea,KOR,2,2,4,0,0,8,8,53,34468,3725,0,0,38247,38247,7554,6381,1544,0,0,15480,15480,3606659
2019-09-18,2019,9,18,port915,Pohang,Korea,KOR,0,2,11,0,1,13,14,0,111540,9789,0,0,121330,121330,0,12515,6954,0,0,19469,19469,3606660
2019-09-19,2019,9,19,port915,Pohang,Korea,KOR,1,3,4,2,2,10,12,0,147169,3348,527,700,151044,151745,1013,5414,5602,770,6754,12800,19555,3606661
2019-09-20,2019,9,20,port915,Pohang,Korea,KOR,0,1,13,0,0,14,14,0,44102,10857,0,0,54959,54959,0,0,5701,0,0,5701,5701,3606662
2019-09-21,2019,9,21,port915,Pohang,Korea,KOR,0,0,0,0,2,0,2,0,0,0,0,0,0,0,0,0,0,0,0,0,0,3606663
2019-09-22,2019,9,22,port915,Pohang,Korea,KOR,0,0,0,0,0,0,0,0,0,0,0,0,0,0,0,0,0,0,0,0,0,3606664
2019-09-23,2019,9,23,port915,Pohang,Korea,KOR,0,2,0,0,1,2,3,0,181401,0,0,343,181401,181745,0,0,0,0,0,0,0,3606665
2019-09-24,2019,9,24,port915,Pohang,Korea,KOR,1,6,7,2,1,16,17,0,155000,3317,263,700,158581,159282,1901,99280,11725,587,0,113495,113495,3606666
2019-09-25,2019,9,25,port915,Pohang,Korea,KOR,2,8,7,2,0,19,19,2667,239798,7599,0,0,250066,250066,617,42039,8058,1238,0,51954,51954,3606667
2019-09-26,2019,9,26,port915,Pohang,Korea,KOR,2,3,7,1,1,13,14,0,276605,10958,263,814,287828,288643,10724,15308,7332,385,2206,33750,35957,3606668
2019-09-27,2019,9,27,port915,Pohang,Korea,KOR,1,5,9,0,0,15,15,0,250904,5155,0,0,256060,256060,1846,8124,5586,0,0,15557,15557,3606669
2019-09-28,2019,9,28,port915,Pohang,Korea,KOR,0,2,0,0,0,2,2,0,0,0,0,0,0,0,0,9969,0,0,0,9969,9969,3606670
2019-09-29,2019,9,29,port915,Pohang,Korea,KOR,0,0,1,0,0,1,1,0,0,0,0,0,0,0,0,0,593,0,0,593,593,3606671
2019-09-30,2019,9,30,port915,Pohang,Korea,KOR,0,1,3,0,0,4,4,0,198684,1814,0,0,200498,200498,0,0,1998,0,0,1998,1998,3606672
2019-10-01,2019,10,1,port915,Pohang,Korea,KOR,0,1,3,1,0,5,5,0,0,5994,263,0,6258,6258,0,13087,7738,385,0,21211,21211,3606673
2019-10-02,2019,10,2,port915,Pohang,Korea,KOR,0,0,0,0,0,0,0,0,0,0,0,0,0,0,0,0,0,0,0,0,0,3606674
2019-10-03,2019,10,3,port915,Pohang,Korea,KOR,0,0,0,0,0,0,0,0,0,0,0,0,0,0,0,0,0,0,0,0,0,3606675
2019-10-04,2019,10,4,port915,Pohang,Korea,KOR,0,0,1,0,0,1,1,0,0,1693,0,0,1693,1693,0,0,0,0,0,0,0,3606676
2019-10-05,2019,10,5,port915,Pohang,Korea,KOR,0,0,0,0,0,0,0,0,0,0,0,0,0,0,0,0,0,0,0,0,0,3606677
2019-10-06,2019,10,6,port915,Pohang,Korea,KOR,0,0,0,0,0,0,0,0,0,0,0,0,0,0,0,0,0,0,0,0,0,3606678
2019-10-07,2019,10,7,port915,Pohang,Korea,KOR,1,1,2,0,1,4,5,0,0,0,0,0,0,0,749,30707,4290,0,1993,35747,37741,3606679
2019-10-08,2019,10,8,port915,Pohang,Korea,KOR,0,0,3,1,0,4,4,0,0,0,263,0,263,263,0,0,3567,385,0,3952,3952,3606680
2019-10-09,2019,10,9,port915,Pohang,Korea,KOR,0,2,0,0,0,2,2,0,68936,0,0,0,68936,68936,0,10828,0,0,0,10828,10828,3606681
2019-10-10,2019,10,10,port915,Pohang,Korea,KOR,0,1,0,0,0,1,1,0,12259,0,0,0,12259,12259,0,0,0,0,0,0,0,3606682
2019-10-11,2019,10,11,port915,Pohang,Korea,KOR,0,0,0,0,0,0,0,0,0,0,0,0,0,0,0,0,0,0,0,0,0,3606683
2019-10-12,2019,10,12,port915,Pohang,Korea,KOR,0,0,0,0,0,0,0,0,0,0,0,0,0,0,0,0,0,0,0,0,0,3606684
2019-10-13,2019,10,13,port915,Pohang,Korea,KOR,0,0,0,0,0,0,0,0,0,0,0,0,0,0,0,0,0,0,0,0,0,3606685
2019-10-14,2019,10,14,port915,Pohang,Korea,KOR,0,2,1,1,0,4,4,0,39429,0,263,0,39693,39693,0,0,1598,385,0,1983,1983,3606686
2019-10-15,2019,10,15,port915,Pohang,Korea,KOR,0,1,1,0,0,2,2,0,0,0,0,0,0,0,0,4790,425,0,0,5215,5215,3606687
2019-10-16,2019,10,16,port915,Pohang,Korea,KOR,0,0,1,0,0,1,1,0,0,0,0,0,0,0,0,0,592,0,0,592,592,3606688
2019-10-17,2019,10,17,port915,Pohang,Korea,KOR,0,0,0,1,0,1,1,0,0,0,263,0,263,263,0,0,0,385,0,385,385,3606689
2019-10-18,2019,10,18,port915,Pohang,Korea,KOR,0,0,0,0,0,0,0,0,0,0,0,0,0,0,0,0,0,0,0,0,0,3606690
2019-10-19,2019,10,19,port915,Pohang,Korea,KOR,0,2,2,0,0,4,4,0,0,0,0,0,0,0,0,4910,4629,0,0,9539,9539,3606691
2019-10-20,2019,10,20,port915,Pohang,Korea,KOR,0,0,2,0,0,2,2,0,0,1832,0,0,1832,1832,0,0,1491,0,0,1491,1491,3606692
2019-10-21,2019,10,21,port915,Pohang,Korea,KOR,0,2,0,1,0,3,3,0,201183,0,263,0,201447,201447,0,7470,0,385,0,7856,7856,3606693
2019-10-22,2019,10,22,port915,Pohang,Korea,KOR,0,1,2,0,0,3,3,0,0,907,0,0,907,907,0,25690,1816,0,0,27507,27507,3606694
2019-10-23,2019,10,23,port915,Pohang,Korea,KOR,1,0,0,0,0,1,1,0,0,0,0,0,0,0,4128,0,0,0,0,4128,4128,3606695
2019-10-24,2019,10,24,port915,Pohang,Korea,KOR,0,0,0,0,0,0,0,0,0,0,0,0,0,0,0,0,0,0,0,0,0,3606696
2019-10-25,2019,10,25,port915,Pohang,Korea,KOR,0,0,0,1,0,1,1,0,0,0,263,0,263,263,0,0,0,385,0,385,385,3606697
2019-10-26,2019,10,26,port915,Pohang,Korea,KOR,0,0,0,0,0,0,0,0,0,0,0,0,0,0,0,0,0,0,0,0,0,3606698
2019-10-27,2019,10,27,port915,Pohang,Korea,KOR,1,0,0,0,0,1,1,0,0,0,0,0,0,0,0,0,0,0,0,0,0,3606699
2019-10-28,2019,10,28,port915,Pohang,Korea,KOR,0,0,0,0,0,0,0,0,0,0,0,0,0,0,0,0,0,0,0,0,0,3606700
2019-10-29,2019,10,29,port915,Pohang,Korea,KOR,0,0,1,0,0,1,1,0,0,0,0,0,0,0,0,0,1786,0,0,1786,1786,3606701
2019-10-30,2019,10,30,port915,Pohang,Korea,KOR,1,8,13,2,0,24,24,0,435105,8773,527,0,444406,444406,2061,24329,18090,770,0,45252,45252,3606702
2019-10-31,2019,10,31,port915,Pohang,Korea,KOR,2,2,5,0,0,9,9,2491,16655,7737,0,0,26885,26885,1234,1688,4687,0,0,7610,7610,3606703
2019-11-01,2019,11,1,port915,Pohang,Korea,KOR,2,3,6,1,0,12,12,0,127381,13947,263,0,141592,141592,1374,2691,2399,385,0,6850,6850,3606704
2019-11-02,2019,11,2,port915,Pohang,Korea,KOR,0,5,4,0,1,9,10,0,508797,1414,0,814,510212,511027,0,3852,6300,0,2206,10153,12359,3606705
2019-11-03,2019,11,3,port915,Pohang,Korea,KOR,0,1,6,1,0,8,8,0,2539,8863,263,0,11666,11666,0,0,1601,385,0,1987,1987,3606706
2019-11-04,2019,11,4,port915,Pohang,Korea,KOR,0,2,6,1,2,9,11,0,198684,5997,263,1515,204944,206460,0,0,1029,385,2206,1415,3621,3606707
2019-11-05,2019,11,5,port915,Pohang,Korea,KOR,1,0,2,0,0,3,3,2551,0,907,0,0,3459,3459,0,0,2965,0,0,2965,2965,3606708
2019-11-06,2019,11,6,port915,Pohang,Korea,KOR,0,4,8,3,1,15,16,0,219141,5215,1934,0,226291,226291,0,35740,4929,770,0,41441,41441,3606709
2019-11-07,2019,11,7,port915,Pohang,Korea,KOR,1,6,2,1,0,10,10,368,48739,907,263,0,50278,50278,0,2520,2587,385,0,5493,5493,3606710
2019-11-08,2019,11,8,port915,Pohang,Korea,KOR,1,2,8,0,0,11,11,0,68597,6757,0,0,75355,75355,952,0,7330,0,0,8283,8283,3606711
2019-11-09,2019,11,9,port915,Pohang,Korea,KOR,2,4,9,1,1,16,17,1245,73358,4817,263,814,79686,80501,617,0,8810,385,2206,9813,12020,3606712
2019-11-10,2019,11,10,port915,Pohang,Korea,KOR,0,1,2,0,0,3,3,0,36794,907,0,0,37701,37701,0,0,2582,0,0,2582,2582,3606713
2019-11-11,2019,11,11,port915,Pohang,Korea,KOR,0,2,8,0,0,10,10,0,267918,16030,0,0,283949,283949,0,0,6405,0,0,6405,6405,3606714
2019-11-12,2019,11,12,port915,Pohang,Korea,KOR,0,5,2,1,0,8,8,0,117905,0,263,0,118169,118169,0,4032,3249,385,0,7667,7667,3606715
2019-11-13,2019,11,13,port915,Pohang,Korea,KOR,1,2,8,2,2,13,15,0,6837,7274,527,700,14639,15340,53,7815,4474,770,0,13114,13114,3606716
2019-11-14,2019,11,14,port915,Pohang,Korea,KOR,2,4,6,0,1,12,13,6279,212344,3479,0,0,222103,222103,0,0,5276,0,0,5276,5276,3606717
2019-11-15,2019,11,15,port915,Pohang,Korea,KOR,2,2,10,1,1,15,16,0,26889,13989,263,700,41143,41844,620,30253,5502,385,0,36761,36762,3606718
2019-11-16,2019,11,16,port915,Pohang,Korea,KOR,0,4,9,0,0,13,13,0,8545,9661,0,0,18207,18207,0,623,4203,0,0,4827,4827,3606719
2019-11-17,2019,11,17,port915,Pohang,Korea,KOR,0,4,7,1,1,12,13,0,79919,9491,0,814,89411,90226,0,4909,2951,0,2206,7861,10067,3606720
2019-11-18,2019,11,18,port915,Pohang,Korea,KOR,0,1,1,1,1,3,4,0,0,907,263,0,1170,1170,0,2209,800,385,8163,3395,11558,3606721
2019-11-19,2019,11,19,port915,Pohang,Korea,KOR,0,5,7,1,1,13,14,0,89637,5216,263,700,95117,95818,0,34568,4987,385,0,39941,39941,3606722
2019-11-20,2019,11,20,port915,Pohang,Korea,KOR,0,3,4,1,0,8,8,0,355153,4048,263,0,359466,359466,0,39172,7152,385,0,46710,46710,3606723
2019-11-21,2019,11,21,port915,Pohang,Korea,KOR,1,4,5,0,1,10,11,1245,13121,1814,0,700,16181,16881,617,13564,5968,0,0,20149,20150,3606724
2019-11-22,2019,11,22,port915,Pohang,Korea,KOR,3,5,7,1,0,16,16,1219,33075,4723,263,0,39281,39281,0,59829,2512,385,0,62727,62727,3606725
2019-11-23,2019,11,23,port915,Pohang,Korea,KOR,1,2,6,0,0,9,9,0,121471,11353,0,0,132825,132825,0,41624,3081,0,0,44706,44706,3606726
2019-11-24,2019,11,24,port915,Pohang,Korea,KOR,0,2,5,1,1,8,9,0,199267,3910,263,0,203441,203441,0,4563,12971,385,0,17920,17920,3606727
2019-11-25,2019,11,25,port915,Pohang,Korea,KOR,0,1,4,0,0,5,5,0,6502,7028,0,0,13531,13531,0,0,800,0,0,800,800,3606728
2019-11-26,2019,11,26,port915,Pohang,Korea,KOR,0,3,5,0,0,8,8,0,0,1814,0,0,1814,1814,0,6249,4443,0,0,10693,10693,3606729
2019-11-27,2019,11,27,port915,Pohang,Korea,KOR,0,5,8,1,0,14,14,0,251246,4068,263,0,255577,255577,0,13699,16347,385,0,30432,30432,3606730
2019-11-28,2019,11,28,port915,Pohang,Korea,KOR,0,1,2,2,0,5,5,0,41021,2381,527,0,43930,43930,0,0,1071,770,0,1841,1841,3606731
2019-11-29,2019,11,29,port915,Pohang,Korea,KOR,4,3,5,0,1,12,13,737,37579,2721,0,700,41038,41738,101,44900,4333,0,0,49335,49336,3606732
2019-11-30,2019,11,30,port915,Pohang,Korea,KOR,1,4,4,0,0,9,9,0,250812,12445,0,0,263258,263258,1268,0,800,0,0,2069,2069,3606733
2019-12-01,2019,12,1,port915,Pohang,Korea,KOR,1,4,2,1,0,8,8,1245,44727,0,263,0,46236,46236,617,2546,3518,385,0,7067,7067,3606734
2019-12-02,2019,12,2,port915,Pohang,Korea,KOR,1,2,6,0,0,9,9,5533,18610,3544,0,0,27688,27688,0,0,5818,0,0,5818,5818,3606735
2019-12-03,2019,12,3,port915,Pohang,Korea,KOR,0,3,3,1,0,7,7,0,231501,2081,872,0,234456,234456,0,21103,2140,0,0,23244,23244,3606736
2019-12-04,2019,12,4,port915,Pohang,Korea,KOR,0,0,7,0,0,7,7,0,0,9284,0,0,9284,9284,0,0,5661,0,0,5661,5661,3606737
2019-12-05,2019,12,5,port915,Pohang,Korea,KOR,2,2,4,2,1,10,11,3778,37092,3810,527,0,45209,45209,638,2691,2402,770,0,6503,6503,3606738
2019-12-06,2019,12,6,port915,Pohang,Korea,KOR,1,3,5,0,2,9,11,201,51067,5330,0,814,56598,57413,0,0,13775,0,2206,13775,15981,3606739
2019-12-07,2019,12,7,port915,Pohang,Korea,KOR,0,2,4,0,1,6,7,0,205692,3793,0,0,209486,209486,0,0,7152,0,24720,7152,31872,3606740
2019-12-08,2019,12,8,port915,Pohang,Korea,KOR,0,4,7,1,1,12,13,0,195114,4825,263,814,200203,201018,0,623,6374,385,2206,7382,9589,3606741
2019-12-09,2019,12,9,port915,Pohang,Korea,KOR,0,3,2,0,0,5,5,0,34468,1814,0,0,36282,36282,0,6624,1601,0,0,8226,8226,3606742
2019-12-10,2019,12,10,port915,Pohang,Korea,KOR,0,2,8,1,1,11,12,0,0,8843,263,0,9106,9106,0,13356,4004,385,0,17746,17746,3606743
2019-12-11,2019,12,11,port915,Pohang,Korea,KOR,1,4,8,0,0,13,13,4022,227084,6350,0,0,237457,237457,0,5414,13605,0,0,19019,19019,3606744
2019-12-12,2019,12,12,port915,Pohang,Korea,KOR,1,3,11,1,0,16,16,0,40482,10823,263,0,51569,51569,1062,8165,10556,385,0,20170,20170,3606745
2019-12-13,2019,12,13,port915,Pohang,Korea,KOR,0,0,8,1,1,9,10,0,0,10695,263,0,10959,10959,0,0,5994,385,0,6379,6379,3606746
2019-12-14,2019,12,14,port915,Pohang,Korea,KOR,1,2,5,0,2,8,10,0,34468,1814,0,0,36282,36282,1489,5414,7010,0,0,13913,13913,3606747
2019-12-15,2019,12,15,port915,Pohang,Korea,KOR,0,6,4,1,1,11,12,0,150519,4311,263,700,155094,155795,0,16519,2402,385,0,19307,19308,3606748
2019-12-16,2019,12,16,port915,Pohang,Korea,KOR,0,2,7,0,0,9,9,0,87191,1821,0,0,89012,89012,0,5414,14616,0,0,20030,20030,3606749
2019-12-17,2019,12,17,port915,Pohang,Korea,KOR,1,1,3,0,2,5,7,1245,112838,3139,0,903,117223,118126,617,8,1601,0,0,2227,2227,3606750
2019-12-18,2019,12,18,port915,Pohang,Korea,KOR,0,2,4,2,1,8,9,0,168501,4342,577,1424,173421,174846,0,29525,2346,607,0,32479,32479,3606751
2019-12-19,2019,12,19,port915,Pohang,Korea,KOR,1,0,8,0,0,9,9,0,0,10667,0,0,10667,10667,3576,0,6742,0,0,10318,10318,3606752
2019-12-20,2019,12,20,port915,Pohang,Korea,KOR,1,3,4,1,1,9,10,274,42906,3507,263,814,46952,47767,0,36056,2402,385,2206,38844,41050,3606753
2019-12-21,2019,12,21,port915,Pohang,Korea,KOR,1,2,10,0,0,13,13,1245,34468,6839,0,0,42553,42553,617,6986,7576,0,0,15180,15180,3606754
2019-12-22,2019,12,22,port915,Pohang,Korea,KOR,0,6,4,0,0,10,10,0,293781,1814,0,0,295595,295595,0,33942,3105,0,0,37048,37048,3606755
2019-12-23,2019,12,23,port915,Pohang,Korea,KOR,2,6,3,2,0,13,13,6004,71262,3781,263,0,81312,81312,1453,49828,1071,385,0,52739,52739,3606756
2019-12-24,2019,12,24,port915,Pohang,Korea,KOR,0,6,3,1,0,10,10,0,81438,1297,263,0,82999,82999,0,15124,1734,385,0,17244,17244,3606757
2019-12-25,2019,12,25,port915,Pohang,Korea,KOR,0,2,3,0,1,5,6,0,25968,5495,0,700,31463,32164,0,0,800,0,0,800,801,3606758
2019-12-26,2019,12,26,port915,Pohang,Korea,KOR,0,7,4,0,0,11,11,0,273945,907,0,0,274852,274852,0,77772,10277,0,0,88049,88049,3606759
2019-12-27,2019,12,27,port915,Pohang,Korea,KOR,1,0,8,1,0,10,10,0,0,6128,263,0,6392,6392,0,0,5651,385,0,6036,6036,3606760
2019-12-28,2019,12,28,port915,Pohang,Korea,KOR,3,3,11,1,0,18,18,660,92424,6133,263,0,99481,99481,1214,6307,11119,385,0,19027,19027,3606761
2019-12-29,2019,12,29,port915,Pohang,Korea,KOR,1,3,5,0,0,9,9,0,60988,2721,0,0,63709,63709,1229,0,9705,0,0,10935,10935,3606762
2019-12-30,2019,12,30,port915,Pohang,Korea,KOR,0,2,4,0,1,6,7,0,34922,3499,0,972,38422,39395,0,0,2326,0,0,2326,2326,3606763
2019-12-31,2019,12,31,port915,Pohang,Korea,KOR,2,3,4,0,0,9,9,3794,232256,2628,0,0,238679,238679,0,5414,1601,0,0,7015,7015,3606764
2020-01-01,2020,1,1,port915,Pohang,Korea,KOR,1,2,1,0,0,4,4,1533,6333,907,0,0,8774,8774,3093,2845,800,0,0,6740,6740,3606765
2020-01-02,2020,1,2,port915,Pohang,Korea,KOR,0,1,7,0,0,8,8,0,0,17982,0,0,17982,17982,0,26569,2668,0,0,29237,29237,3606766
2020-01-03,2020,1,3,port915,Pohang,Korea,KOR,3,4,8,1,0,16,16,1037,224502,4954,263,0,230757,230757,744,38007,6136,385,0,45274,45274,3606767
2020-01-04,2020,1,4,port915,Pohang,Korea,KOR,0,2,4,1,2,7,9,0,34468,6734,263,814,41466,42281,0,5414,1775,385,9692,7575,17267,3606768
2020-01-05,2020,1,5,port915,Pohang,Korea,KOR,0,1,4,0,0,5,5,0,0,5676,0,0,5676,5676,0,0,2278,0,0,2278,2278,3606769
2020-01-06,2020,1,6,port915,Pohang,Korea,KOR,0,3,1,2,1,6,7,0,170113,4162,527,700,174803,175504,0,0,0,770,0,770,771,3606770
2020-01-07,2020,1,7,port915,Pohang,Korea,KOR,0,3,3,0,0,6,6,0,34468,9776,0,0,44244,44244,0,8998,0,0,0,8998,8998,3606771
2020-01-08,2020,1,8,port915,Pohang,Korea,KOR,0,1,0,0,0,1,1,0,198711,0,0,0,198711,198711,0,0,0,0,0,0,0,3606772
2020-01-09,2020,1,9,port915,Pohang,Korea,KOR,0,1,4,0,0,5,5,0,15831,2381,0,0,18212,18212,0,0,3112,0,0,3112,3112,3606773
2020-01-10,2020,1,10,port915,Pohang,Korea,KOR,1,3,6,1,1,11,12,0,53776,10218,263,700,64259,64959,915,4221,3512,385,0,9034,9034,3606774
2020-01-11,2020,1,11,port915,Pohang,Korea,KOR,2,1,8,0,0,11,11,266,34468,7352,0,0,42088,42088,0,5414,9298,0,0,14713,14713,3606775
2020-01-12,2020,1,12,port915,Pohang,Korea,KOR,0,4,8,0,0,12,12,0,233152,7820,0,0,240972,240972,0,10008,3648,0,0,13656,13656,3606776
2020-01-13,2020,1,13,port915,Pohang,Korea,KOR,2,3,4,1,0,10,10,0,27796,1921,263,0,29982,29982,5491,2872,1660,385,0,10409,10409,3606777
2020-01-14,2020,1,14,port915,Pohang,Korea,KOR,1,1,2,3,1,7,8,15120,40371,907,527,700,56926,57627,0,0,9254,770,0,10025,10025,3606778
2020-01-15,2020,1,15,port915,Pohang,Korea,KOR,1,2,6,0,0,9,9,0,238266,7048,0,0,245314,245314,0,0,8246,0,0,8246,8246,3606779
2020-01-16,2020,1,16,port915,Pohang,Korea,KOR,1,4,9,1,0,15,15,0,85951,2016,263,0,88231,88231,603,16486,12775,385,0,30251,30251,3606780
2020-01-17,2020,1,17,port915,Pohang,Korea,KOR,1,5,5,1,1,12,13,234,36222,3132,263,700,39854,40554,0,9241,2772,385,0,12399,12400,3606781
2020-01-18,2020,1,18,port915,Pohang,Korea,KOR,1,2,7,0,0,10,10,0,61563,2363,0,0,63927,63927,1391,5414,7427,0,0,14233,14233,3606782
2020-01-19,2020,1,19,port915,Pohang,Korea,KOR,1,5,5,1,1,12,13,0,207061,7483,263,0,214808,214808,0,66240,2618,385,0,69244,69244,3606783
2020-01-20,2020,1,20,port915,Pohang,Korea,KOR,1,7,3,0,0,11,11,0,202035,4584,0,0,206619,206619,0,31148,705,0,0,31853,31853,3606784
2020-01-21,2020,1,21,port915,Pohang,Korea,KOR,0,3,6,1,1,10,11,0,23774,2890,263,0,26928,26928,0,0,12041,385,1047,12426,13474,3606785
2020-01-22,2020,1,22,port915,Pohang,Korea,KOR,1,3,5,0,0,9,9,1110,68936,907,0,0,70954,70954,0,10828,4946,0,0,15774,15774,3606786
2020-01-23,2020,1,23,port915,Pohang,Korea,KOR,1,4,4,0,1,9,10,0,144190,907,0,3241,145098,148339,2427,29332,4808,0,0,36567,36567,3606787
2020-01-24,2020,1,24,port915,Pohang,Korea,KOR,1,3,4,1,0,9,9,425,2618,504,263,0,3812,3812,0,29524,8088,385,0,37998,37998,3606788
2020-01-25,2020,1,25,port915,Pohang,Korea,KOR,0,4,7,0,2,11,13,0,251980,5500,0,700,257481,258182,0,31199,4564,0,0,35763,35763,3606789
2020-01-26,2020,1,26,port915,Pohang,Korea,KOR,1,1,5,0,0,7,7,1245,0,2173,0,0,3419,3419,617,1234,1479,0,0,3331,3331,3606790
2020-01-27,2020,1,27,port915,Pohang,Korea,KOR,0,0,0,0,0,0,0,0,0,0,0,0,0,0,0,0,0,0,0,0,0,3606791
2020-01-28,2020,1,28,port915,Pohang,Korea,KOR,0,0,0,0,0,0,0,0,0,0,0,0,0,0,0,0,0,0,0,0,0,3606792
2020-01-29,2020,1,29,port915,Pohang,Korea,KOR,1,2,4,0,1,7,8,0,158018,1917,0,971,159936,160907,0,0,3631,0,0,3631,3631,3606793
2020-01-30,2020,1,30,port915,Pohang,Korea,KOR,0,2,2,0,2,4,6,0,264417,907,0,0,265324,265324,0,0,2996,0,0,2996,2996,3606794
2020-01-31,2020,1,31,port915,Pohang,Korea,KOR,0,0,10,2,0,12,12,0,0,11775,527,0,12303,12303,0,0,16356,770,0,17127,17127,3606795
2020-02-01,2020,2,1,port915,Pohang,Korea,KOR,0,3,9,0,1,12,13,0,239162,6961,0,0,246124,246124,0,6698,10114,0,0,16812,16812,3606796
2020-02-02,2020,2,2,port915,Pohang,Korea,KOR,2,6,7,1,2,16,18,1245,307104,9831,0,896,318181,319078,3885,30797,12365,0,0,47048,47048,3606797
2020-02-03,2020,2,3,port915,Pohang,Korea,KOR,1,5,6,0,0,12,12,1002,74510,6228,0,0,81741,81741,0,5414,7070,0,0,12485,12485,3606798
2020-02-04,2020,2,4,port915,Pohang,Korea,KOR,0,5,8,2,0,15,15,0,301391,10243,527,0,312162,312162,0,0,5967,770,0,6738,6738,3606799
2020-02-05,2020,2,5,port915,Pohang,Korea,KOR,2,1,7,0,1,10,11,0,0,7314,0,700,7314,8015,12881,0,6479,0,0,19361,19362,3606800
2020-02-06,2020,2,6,port915,Pohang,Korea,KOR,0,2,4,1,0,7,7,0,22577,5821,263,0,28662,28662,0,0,2670,385,0,3055,3055,3606801
2020-02-07,2020,2,7,port915,Pohang,Korea,KOR,1,5,7,2,1,15,16,0,67207,2533,2388,0,72130,72130,798,28719,9625,385,241,39529,39770,3606802
2020-02-08,2020,2,8,port915,Pohang,Korea,KOR,0,3,2,0,1,5,6,0,62861,907,0,814,63768,64583,0,0,2104,0,2206,2104,4311,3606803
2020-02-09,2020,2,9,port915,Pohang,Korea,KOR,1,3,6,1,0,11,11,0,206414,12170,263,0,218849,218849,0,32800,3164,385,0,36350,36350,3606804
2020-02-10,2020,2,10,port915,Pohang,Korea,KOR,2,3,10,2,0,17,17,0,107745,7675,527,0,115947,115947,5763,5414,7245,770,0,19194,19194,3606805
2020-02-11,2020,2,11,port915,Pohang,Korea,KOR,1,2,4,1,0,8,8,233,198684,1869,263,0,201050,201050,0,7663,2898,385,0,10947,10947,3606806
2020-02-12,2020,2,12,port915,Pohang,Korea,KOR,0,3,3,1,1,7,8,0,216440,8992,263,0,225696,225696,0,0,1601,385,110,1987,2098,3606807
2020-02-13,2020,2,13,port915,Pohang,Korea,KOR,0,1,1,0,0,2,2,0,242576,1918,0,0,244494,244494,0,0,0,0,0,0,0,3606808
2020-02-14,2020,2,14,port915,Pohang,Korea,KOR,3,6,6,1,0,16,16,254,47936,6001,263,0,54456,54456,879,32775,6162,385,0,40202,40202,3606809
2020-02-15,2020,2,15,port915,Pohang,Korea,KOR,0,3,6,0,1,9,10,0,0,5403,0,0,5403,5403,0,55654,5292,0,0,60947,60947,3606810
2020-02-16,2020,2,16,port915,Pohang,Korea,KOR,1,2,7,1,2,11,13,0,30204,4110,0,1401,34314,35716,447,972,4447,202,0,6069,6070,3606811
2020-02-17,2020,2,17,port915,Pohang,Korea,KOR,0,0,0,1,0,1,1,0,0,0,263,0,263,263,0,0,0,385,0,385,385,3606812
2020-02-18,2020,2,18,port915,Pohang,Korea,KOR,0,4,8,1,1,13,14,0,134610,11015,263,796,145889,146685,0,0,8930,385,0,9315,9315,3606813
2020-02-19,2020,2,19,port915,Pohang,Korea,KOR,0,4,8,1,0,13,13,0,61065,5399,0,0,66464,66464,0,0,4237,247,0,4484,4484,3606814
2020-02-20,2020,2,20,port915,Pohang,Korea,KOR,1,3,3,1,1,8,9,0,62991,1814,0,814,64805,65620,0,0,3388,0,2206,3388,5594,3606815
2020-02-21,2020,2,21,port915,Pohang,Korea,KOR,1,4,7,1,0,13,13,0,3241,10660,263,0,14165,14165,101,27053,3188,385,0,30729,30729,3606816
2020-02-22,2020,2,22,port915,Pohang,Korea,KOR,0,3,12,0,1,15,16,0,27580,19101,0,3252,46682,49934,0,0,5415,0,0,5415,5415,3606817
2020-02-23,2020,2,23,port915,Pohang,Korea,KOR,2,5,7,0,2,14,16,1757,21740,5571,0,700,29069,29770,617,44913,11350,0,602,56881,57484,3606818
2020-02-24,2020,2,24,port915,Pohang,Korea,KOR,1,5,6,0,1,12,13,0,490305,4584,0,700,494889,495590,283,45882,15304,0,0,61470,61470,3606819
2020-02-25,2020,2,25,port915,Pohang,Korea,KOR,1,1,5,0,0,7,7,0,4056,907,0,0,4963,4963,1009,277,9327,0,0,10614,10614,3606820
2020-02-26,2020,2,26,port915,Pohang,Korea,KOR,0,0,5,0,0,5,5,0,0,5710,0,0,5710,5710,0,0,2188,0,0,2188,2188,3606821
2020-02-27,2020,2,27,port915,Pohang,Korea,KOR,1,2,3,3,0,9,9,0,69796,5380,527,0,75704,75704,2451,0,800,1514,0,4767,4767,3606822
2020-02-28,2020,2,28,port915,Pohang,Korea,KOR,2,2,6,0,1,10,11,404,186688,3356,0,700,190449,191150,240,0,3208,0,0,3448,3449,3606823
2020-02-29,2020,2,29,port915,Pohang,Korea,KOR,2,2,4,0,1,8,9,0,223142,4734,0,0,227877,227877,1823,3314,8121,0,0,13258,13258,3606824
2020-03-01,2020,3,1,port915,Pohang,Korea,KOR,0,2,6,0,1,8,9,0,213999,9898,0,0,223898,223898,0,0,4517,0,0,4517,4517,3606825
2020-03-02,2020,3,2,port915,Pohang,Korea,KOR,1,1,2,1,1,5,6,2005,0,2353,263,700,4622,5323,0,0,800,385,0,1186,1186,3606826
2020-03-03,2020,3,3,port915,Pohang,Korea,KOR,0,0,4,1,2,5,7,0,0,3102,263,814,3366,4181,0,0,5792,385,3671,6177,9849,3606827
2020-03-04,2020,3,4,port915,Pohang,Korea,KOR,0,2,7,3,0,12,12,0,39272,11391,527,0,51190,51190,0,86970,8659,1174,0,96804,96804,3606828
2020-03-05,2020,3,5,port915,Pohang,Korea,KOR,1,2,5,1,0,9,9,453,1077,1793,263,0,3588,3588,0,0,3473,385,0,3859,3859,3606829
2020-03-06,2020,3,6,port915,Pohang,Korea,KOR,1,7,9,1,0,18,18,0,198909,14663,0,0,213572,213572,404,29799,8527,0,0,38731,38731,3606830
2020-03-07,2020,3,7,port915,Pohang,Korea,KOR,1,3,5,1,0,10,10,589,230939,4022,263,0,235816,235816,0,0,1637,385,0,2022,2022,3606831
2020-03-18,2020,3,18,port915,Pohang,Korea,KOR,1,3,3,2,0,9,9,1245,69210,1814,263,0,72534,72534,617,0,2608,587,0,3813,3813,3606834
2020-03-19,2020,3,19,port915,Pohang,Korea,KOR,0,1,3,0,1,4,5,0,0,4711,0,814,4711,5526,0,0,800,0,2206,800,3007,3606837
2020-03-20,2020,3,20,port915,Pohang,Korea,KOR,3,7,6,0,0,16,16,2134,311999,3789,0,0,317923,317923,608,65900,4459,0,0,70968,70968,3606840
2020-03-21,2020,3,21,port915,Pohang,Korea,KOR,0,3,4,0,0,7,7,0,132641,6370,0,0,139012,139012,0,5414,2505,0,0,7919,7919,3606841
2020-03-22,2020,3,22,port915,Pohang,Korea,KOR,1,2,3,1,0,7,7,213,35048,1778,263,0,37303,37303,0,0,1485,385,0,1871,1871,3606842
2020-03-23,2020,3,23,port915,Pohang,Korea,KOR,2,4,9,1,1,16,17,1245,15820,7173,263,0,24503,24503,1122,56487,3090,385,5661,61085,66747,3606843
2020-03-24,2020,3,24,port915,Pohang,Korea,KOR,0,6,12,0,1,18,19,0,189235,9636,0,700,198872,199573,0,9653,6936,0,0,16589,16589,3606844
2020-03-25,2020,3,25,port915,Pohang,Korea,KOR,1,4,8,1,0,14,14,271,26441,12479,263,0,39456,39456,0,26271,3981,385,0,30638,30638,3606845
2020-03-26,2020,3,26,port915,Pohang,Korea,KOR,1,1,6,0,0,8,8,0,34468,4558,0,0,39026,39026,609,5414,2102,0,0,8126,8126,3606846
2020-03-27,2020,3,27,port915,Pohang,Korea,KOR,0,2,1,0,0,3,3,0,50485,1004,0,0,51490,51490,0,5414,0,0,0,5414,5414,3606847
2020-03-28,2020,3,28,port915,Pohang,Korea,KOR,0,3,8,1,2,12,14,0,227785,5411,0,0,233196,233196,0,23585,10447,202,2987,34234,37222,3606848
2020-03-29,2020,3,29,port915,Pohang,Korea,KOR,2,1,7,1,0,11,11,234,15820,10472,263,0,26791,26791,515,0,2807,385,0,3708,3708,3606849
2020-03-30,2020,3,30,port915,Pohang,Korea,KOR,0,2,4,0,1,6,7,0,242491,1642,0,700,244134,244835,0,0,1854,0,0,1854,1855,3606850
2020-03-31,2020,3,31,port915,Pohang,Korea,KOR,2,2,6,0,0,10,10,2791,229592,5471,0,0,237854,237854,0,5414,4727,0,0,10141,10141,3606851
2020-04-01,2020,4,1,port915,Pohang,Korea,KOR,0,1,7,1,0,9,9,0,15837,11786,263,0,27887,27887,0,0,4232,385,0,4618,4618,3606852
2020-04-02,2020,4,2,port915,Pohang,Korea,KOR,2,3,4,1,0,10,10,17559,79527,2634,263,0,99986,99986,0,0,5798,385,0,6183,6183,3606853
2020-04-03,2020,4,3,port915,Pohang,Korea,KOR,1,1,5,0,1,7,8,1278,0,9274,0,0,10553,10553,0,0,722,0,0,722,722,3606854
2020-04-04,2020,4,4,port915,Pohang,Korea,KOR,3,2,5,1,0,11,11,1063,130469,5119,263,0,136916,136916,16404,0,2888,385,0,19678,19678,3606855
2020-04-05,2020,4,5,port915,Pohang,Korea,KOR,0,3,10,1,0,14,14,0,360388,1592,263,0,362244,362244,0,0,7606,385,0,7991,7991,3606856
2020-04-06,2020,4,6,port915,Pohang,Korea,KOR,0,2,3,0,0,5,5,0,22698,6249,0,0,28948,28948,0,2420,307,0,0,2727,2727,3606857
2020-04-07,2020,4,7,port915,Pohang,Korea,KOR,1,4,9,1,0,15,15,0,57085,7902,263,0,65251,65251,3239,0,11195,385,0,14820,14820,3606858
2020-04-08,2020,4,8,port915,Pohang,Korea,KOR,0,2,5,1,0,8,8,0,34468,3305,0,0,37773,37773,0,11713,7740,991,0,20444,20444,3606859
2020-04-09,2020,4,9,port915,Pohang,Korea,KOR,1,3,5,0,1,9,10,1443,322772,3628,0,0,327844,327844,0,0,3727,0,120,3727,3848,3606860
2020-04-10,2020,4,10,port915,Pohang,Korea,KOR,2,4,11,0,2,17,19,1802,228282,5734,0,1401,235819,237221,0,45500,9139,0,0,54640,54641,3606861
2020-04-11,2020,4,11,port915,Pohang,Korea,KOR,0,2,6,1,0,9,9,0,37007,9069,263,0,46340,46340,0,5414,2256,385,0,8056,8056,3606862
2020-04-12,2020,4,12,port915,Pohang,Korea,KOR,1,0,2,0,0,3,3,0,0,907,0,0,907,907,0,0,9434,0,0,9434,9434,3606863
2020-04-13,2020,4,13,port915,Pohang,Korea,KOR,0,0,0,0,0,0,0,0,0,0,0,0,0,0,0,0,0,0,0,0,0,3606864
2020-04-14,2020,4,14,port915,Pohang,Korea,KOR,1,6,9,0,0,16,16,3894,103061,5254,0,0,112209,112209,0,26683,7495,0,0,34178,34178,3606865
2020-04-15,2020,4,15,port915,Pohang,Korea,KOR,1,6,6,0,1,13,14,0,13949,11401,0,814,25350,26165,544,42879,1745,0,2206,45170,47376,3606866
2020-04-16,2020,4,16,port915,Pohang,Korea,KOR,2,3,9,0,0,14,14,526,54432,11067,0,0,66026,66026,0,0,9101,0,0,9101,9101,3606867
2020-04-17,2020,4,17,port915,Pohang,Korea,KOR,2,1,9,2,0,14,14,1277,0,8814,527,0,10618,10618,212,9074,5180,770,0,15238,15238,3606868
2020-04-18,2020,4,18,port915,Pohang,Korea,KOR,1,1,3,0,0,5,5,0,195578,4598,0,0,200176,200176,0,0,1071,0,0,1071,1071,3606869
2020-04-19,2020,4,19,port915,Pohang,Korea,KOR,0,3,6,0,0,9,9,0,131802,4481,0,0,136284,136284,0,5414,8818,0,0,14232,14232,3606870
2020-04-20,2020,4,20,port915,Pohang,Korea,KOR,1,4,5,1,1,11,12,0,81100,1814,263,814,83178,83992,0,0,5445,385,2206,5830,8036,3606871
2020-04-21,2020,4,21,port915,Pohang,Korea,KOR,0,2,4,2,0,8,8,0,222526,4206,527,0,227259,227259,0,0,4109,770,0,4880,4880,3606872
2020-04-22,2020,4,22,port915,Pohang,Korea,KOR,0,5,7,1,0,13,13,0,105674,1089,0,0,106763,106763,0,6135,16389,1876,0,24402,24402,3606873
2020-04-23,2020,4,23,port915,Pohang,Korea,KOR,2,5,7,0,0,14,14,0,90688,7936,0,0,98625,98625,1820,62046,5781,0,0,69648,69648,3606874
2020-04-24,2020,4,24,port915,Pohang,Korea,KOR,0,3,7,0,1,10,11,0,14149,8359,0,700,22508,23209,0,0,4548,0,0,4548,4549,3606875
2020-04-25,2020,4,25,port915,Pohang,Korea,KOR,0,1,2,0,2,3,5,0,0,5845,0,814,5845,6660,0,0,0,0,8011,0,8011,3606876
2020-04-26,2020,4,26,port915,Pohang,Korea,KOR,2,6,10,2,2,20,22,1018,266193,2623,527,0,270362,270362,255,4709,9688,770,841,15424,16266,3606877
2020-04-27,2020,4,27,port915,Pohang,Korea,KOR,1,4,6,0,1,11,12,4534,55301,5255,0,700,65091,65792,0,11615,8106,0,0,19721,19722,3606878
2020-04-28,2020,4,28,port915,Pohang,Korea,KOR,0,4,6,0,0,10,10,0,98598,5137,0,0,103736,103736,0,7831,4102,0,0,11934,11934,3606879
2020-04-29,2020,4,29,port915,Pohang,Korea,KOR,0,4,4,0,0,8,8,0,414720,1814,0,0,416535,416535,0,2438,4476,0,0,6914,6914,3606880
2020-04-30,2020,4,30,port915,Pohang,Korea,KOR,2,0,1,0,0,3,3,2061,0,0,0,0,2061,2061,617,0,1255,0,0,1873,1873,3606881
2020-05-01,2020,5,1,port915,Pohang,Korea,KOR,0,4,8,0,1,12,13,0,285762,9711,0,814,295474,296289,0,38218,1309,0,2206,39528,41734,3606882
2020-05-02,2020,5,2,port915,Pohang,Korea,KOR,0,2,1,1,1,4,5,0,57692,0,0,0,57692,57692,0,5414,835,605,241,6854,7095,3606883
2020-05-03,2020,5,3,port915,Pohang,Korea,KOR,0,5,6,0,0,11,11,0,180906,3139,0,0,184046,184046,0,40857,6645,0,0,47502,47502,3606884
2020-05-04,2020,5,4,port915,Pohang,Korea,KOR,2,3,2,1,0,8,8,0,44747,861,263,0,45873,45873,0,0,1368,385,0,1754,1754,3606885
2020-05-05,2020,5,5,port915,Pohang,Korea,KOR,0,2,4,0,0,6,6,0,96794,3972,0,0,100767,100767,0,0,7336,0,0,7336,7336,3606886
2020-05-06,2020,5,6,port915,Pohang,Korea,KOR,1,2,3,0,0,6,6,0,233735,3125,0,0,236861,236861,0,5414,1273,0,0,6688,6688,3606887
2020-05-07,2020,5,7,port915,Pohang,Korea,KOR,1,3,6,1,0,11,11,603,89502,1814,263,0,92184,92184,0,21535,9852,385,0,31773,31773,3606888
2020-05-08,2020,5,8,port915,Pohang,Korea,KOR,1,2,5,0,0,8,8,1245,2235,11191,0,0,14672,14672,617,6762,4280,0,0,11660,11660,3606889
2020-05-09,2020,5,9,port915,Pohang,Korea,KOR,0,1,6,0,2,7,9,0,152779,7986,0,700,160766,161467,0,0,3624,0,0,3624,3624,3606890
2020-05-10,2020,5,10,port915,Pohang,Korea,KOR,0,3,8,0,0,11,11,0,170839,5923,0,0,176763,176763,0,3458,2947,0,0,6406,6406,3606891
2020-05-11,2020,5,11,port915,Pohang,Korea,KOR,1,2,6,0,0,9,9,7015,911,907,0,0,8834,8834,0,0,7086,0,0,7086,7086,3606892
2020-05-12,2020,5,12,port915,Pohang,Korea,KOR,0,1,4,1,0,6,6,0,0,4615,263,0,4879,4879,0,23099,2417,385,0,25902,25902,3606893
2020-05-13,2020,5,13,port915,Pohang,Korea,KOR,1,2,7,1,1,11,12,1245,28600,6371,263,814,36481,37296,617,24735,12174,385,2206,37913,40119,3606894
2020-05-14,2020,5,14,port915,Pohang,Korea,KOR,0,1,10,0,0,11,11,0,3596,4077,0,0,7673,7673,0,0,10857,0,0,10857,10857,3606895
2020-05-15,2020,5,15,port915,Pohang,Korea,KOR,1,1,10,0,1,12,13,0,16607,5370,0,700,21977,22678,205,0,3970,0,0,4175,4175,3606896
2020-05-16,2020,5,16,port915,Pohang,Korea,KOR,1,5,10,1,0,17,17,1245,415880,3288,263,0,420678,420678,617,74683,22708,385,0,98395,98395,3606897
2020-05-17,2020,5,17,port915,Pohang,Korea,KOR,0,3,6,0,0,9,9,0,47303,14658,0,0,61962,61962,0,5414,2147,0,0,7561,7561,3606898
2020-05-18,2020,5,18,port915,Pohang,Korea,KOR,0,1,3,1,0,5,5,0,34468,3003,263,0,37735,37735,0,5414,1433,385,0,7232,7232,3606899
2020-05-19,2020,5,19,port915,Pohang,Korea,KOR,0,0,1,1,0,2,2,0,0,907,0,0,907,907,0,0,800,1381,0,2182,2182,3606900
2020-05-20,2020,5,20,port915,Pohang,Korea,KOR,0,0,2,0,1,2,3,0,0,907,0,700,907,1608,0,0,2243,0,0,2243,2244,3606901
2020-05-21,2020,5,21,port915,Pohang,Korea,KOR,0,2,3,1,0,6,6,0,0,0,263,0,263,263,0,0,2211,385,0,2597,2597,3606902
2020-05-22,2020,5,22,port915,Pohang,Korea,KOR,2,5,16,1,1,24,25,2277,175353,6744,263,814,184639,185454,540,7579,22219,385,2206,30724,32931,3606903
2020-05-23,2020,5,23,port915,Pohang,Korea,KOR,0,1,8,0,1,9,10,0,31698,10788,0,814,42487,43302,0,0,5759,0,2206,5759,7965,3606904
2020-05-24,2020,5,24,port915,Pohang,Korea,KOR,0,0,8,0,0,8,8,0,0,4485,0,0,4485,4485,0,0,10951,0,0,10951,10951,3606905
2020-05-25,2020,5,25,port915,Pohang,Korea,KOR,0,3,5,0,0,8,8,0,34468,5012,0,0,39481,39481,0,19680,800,0,0,20481,20481,3606906
2020-05-26,2020,5,26,port915,Pohang,Korea,KOR,2,2,11,0,1,15,16,1804,65994,5521,0,814,73320,74135,0,0,27727,0,2206,27727,29933,3606907
2020-05-27,2020,5,27,port915,Pohang,Korea,KOR,0,2,5,1,1,8,9,0,35145,3886,0,127,39032,39159,0,0,4757,743,7327,5501,12829,3606908
2020-05-28,2020,5,28,port915,Pohang,Korea,KOR,0,2,8,0,0,10,10,0,142742,8389,0,0,151131,151131,0,22916,5062,0,0,27978,27978,3606909
2020-05-29,2020,5,29,port915,Pohang,Korea,KOR,1,2,3,2,0,8,8,0,279386,3707,263,0,283357,283357,3069,0,358,587,0,4015,4015,3606910
2020-05-30,2020,5,30,port915,Pohang,Korea,KOR,0,3,4,0,0,7,7,0,43787,4346,0,0,48133,48133,0,0,800,0,0,800,800,3606911
2020-05-31,2020,5,31,port915,Pohang,Korea,KOR,0,3,11,0,1,14,15,0,225233,6581,0,814,231815,232629,0,1823,9671,0,2206,11495,13701,3606912
2020-06-01,2020,6,1,port915,Pohang,Korea,KOR,1,4,7,1,0,13,13,0,138309,3211,263,0,141785,141785,0,0,4183,385,0,4568,4568,3606913
2020-06-02,2020,6,2,port915,Pohang,Korea,KOR,0,1,4,0,0,5,5,0,0,0,0,0,0,0,0,26952,3800,0,0,30752,30752,3606914
2020-06-03,2020,6,3,port915,Pohang,Korea,KOR,0,1,7,0,1,8,9,0,0,7649,0,700,7649,8350,0,0,8296,0,0,8296,8297,3606915
2020-06-04,2020,6,4,port915,Pohang,Korea,KOR,1,7,9,2,1,19,20,404,245714,10646,263,700,257028,257729,0,25412,3783,587,0,29784,29784,3606916
2020-06-05,2020,6,5,port915,Pohang,Korea,KOR,0,1,5,2,1,8,9,0,48347,1768,527,0,50642,50642,0,0,5482,770,0,6252,6252,3606917
2020-06-06,2020,6,6,port915,Pohang,Korea,KOR,1,1,3,0,0,5,5,0,19203,385,0,0,19589,19589,0,0,2534,0,0,2534,2534,3606918
2020-06-07,2020,6,7,port915,Pohang,Korea,KOR,0,1,7,0,0,8,8,0,43461,10134,0,0,53596,53596,0,0,10327,0,0,10327,10327,3606919
2020-06-08,2020,6,8,port915,Pohang,Korea,KOR,1,3,6,0,0,10,10,6004,18365,6870,0,0,31240,31240,0,3148,7818,0,0,10966,10966,3606920
2020-06-09,2020,6,9,port915,Pohang,Korea,KOR,0,3,5,1,0,9,9,0,87959,4117,263,0,92341,92341,0,31117,10876,385,0,42379,42379,3606921
2020-06-10,2020,6,10,port915,Pohang,Korea,KOR,1,0,9,2,0,12,12,53,0,3797,527,0,4378,4378,0,0,13415,770,0,14185,14185,3606922
2020-06-11,2020,6,11,port915,Pohang,Korea,KOR,0,0,6,0,1,6,7,0,0,4342,0,814,4342,5157,0,0,8004,0,2206,8004,10210,3606923
2020-06-12,2020,6,12,port915,Pohang,Korea,KOR,2,3,4,0,0,9,9,0,268072,2650,0,0,270722,270722,814,0,3295,0,0,4109,4109,3606924
2020-06-13,2020,6,13,port915,Pohang,Korea,KOR,0,1,4,1,1,6,7,0,40857,1468,263,1056,42589,43646,0,0,4217,385,0,4602,4602,3606925
2020-06-14,2020,6,14,port915,Pohang,Korea,KOR,0,4,3,0,2,7,9,0,447124,2721,0,700,449846,450547,0,0,2402,0,0,2402,2403,3606926
2020-06-15,2020,6,15,port915,Pohang,Korea,KOR,1,1,8,0,1,10,11,7555,171060,2577,0,700,181192,181893,0,0,9293,0,0,9293,9293,3606927
2020-06-16,2020,6,16,port915,Pohang,Korea,KOR,0,4,6,1,0,11,11,0,5624,925,263,0,6814,6814,0,14933,8653,385,0,23972,23972,3606928
2020-06-17,2020,6,17,port915,Pohang,Korea,KOR,0,1,5,0,1,6,7,0,476,5370,0,814,5846,6661,0,0,8483,0,2206,8483,10689,3606929
2020-06-18,2020,6,18,port915,Pohang,Korea,KOR,1,6,6,2,0,15,15,0,236128,2031,263,0,238423,238423,203,28674,5667,385,0,34931,34931,3606930
2020-06-19,2020,6,19,port915,Pohang,Korea,KOR,1,4,9,0,1,14,15,1245,207584,3028,0,814,211858,212673,617,60342,7374,0,2206,68333,70540,3606931
2020-06-20,2020,6,20,port915,Pohang,Korea,KOR,0,0,6,1,1,7,8,0,0,3396,0,0,3396,3396,0,0,6414,605,26299,7020,33319,3606932
2020-06-21,2020,6,21,port915,Pohang,Korea,KOR,0,4,3,0,0,7,7,0,0,1318,0,0,1318,1318,0,61031,657,0,0,61689,61689,3606933
2020-06-22,2020,6,22,port915,Pohang,Korea,KOR,0,2,8,1,1,11,12,0,15820,4032,263,7537,20117,27654,0,2705,11190,385,0,14282,14282,3606934
2020-06-23,2020,6,23,port915,Pohang,Korea,KOR,2,2,6,2,1,12,13,10582,90001,3224,527,0,104336,104336,617,5459,9954,770,120,16802,16922,3606935
2020-06-24,2020,6,24,port915,Pohang,Korea,KOR,0,4,3,1,0,8,8,0,51076,907,263,0,52247,52247,0,18040,3604,385,0,22030,22030,3606936
2020-06-25,2020,6,25,port915,Pohang,Korea,KOR,1,2,3,0,0,6,6,0,30053,4497,0,0,34550,34550,739,3304,800,0,0,4844,4844,3606937
2020-06-26,2020,6,26,port915,Pohang,Korea,KOR,1,4,8,0,0,13,13,0,252301,1814,0,0,254115,254115,412,10273,15557,0,0,26243,26243,3606938
2020-06-27,2020,6,27,port915,Pohang,Korea,KOR,1,1,6,0,0,8,8,0,99963,4811,0,0,104774,104774,1485,0,1934,0,0,3419,3419,3606939
2020-06-28,2020,6,28,port915,Pohang,Korea,KOR,0,1,8,0,1,9,10,0,0,5716,0,814,5716,6531,0,0,13299,0,2206,13299,15506,3606940
2020-06-29,2020,6,29,port915,Pohang,Korea,KOR,1,1,3,1,0,6,6,0,0,2264,263,0,2527,2527,0,2523,2093,385,0,5001,5001,3606941
2020-06-30,2020,6,30,port915,Pohang,Korea,KOR,0,2,2,0,0,4,4,0,69872,220,0,0,70093,70093,0,0,2477,0,0,2477,2477,3606942
2020-07-01,2020,7,1,port915,Pohang,Korea,KOR,2,0,4,1,1,7,8,1245,0,2721,0,814,3967,4782,1702,0,3194,202,2206,5099,7305,3606943
2020-07-02,2020,7,2,port915,Pohang,Korea,KOR,2,2,8,2,0,14,14,6226,42906,6792,527,0,56453,56453,0,19242,6568,770,0,26581,26581,3606944
2020-07-03,2020,7,3,port915,Pohang,Korea,KOR,0,3,4,0,0,7,7,0,19389,2618,0,0,22008,22008,0,33231,3133,0,0,36364,36364,3606945
2020-07-04,2020,7,4,port915,Pohang,Korea,KOR,0,1,6,2,0,9,9,0,186898,3680,527,0,191107,191107,0,0,3658,770,0,4429,4429,3606946
2020-07-05,2020,7,5,port915,Pohang,Korea,KOR,0,5,4,1,2,10,12,0,377010,4693,263,1401,381968,383370,0,17741,1071,385,0,19198,19199,3606947
2020-07-06,2020,7,6,port915,Pohang,Korea,KOR,1,1,8,0,1,10,11,7521,0,6942,0,814,14464,15278,0,0,9347,0,2206,9347,11553,3606948
2020-07-07,2020,7,7,port915,Pohang,Korea,KOR,1,2,5,1,1,9,10,268,27854,1814,263,700,30200,30901,0,4830,6798,385,0,12014,12015,3606949
2020-07-08,2020,7,8,port915,Pohang,Korea,KOR,1,1,10,0,0,12,12,0,0,4463,0,0,4463,4463,0,0,13629,0,0,13629,13629,3606950
2020-07-09,2020,7,9,port915,Pohang,Korea,KOR,1,1,10,1,0,13,13,0,0,9359,263,0,9622,9622,606,1254,6073,385,0,8320,8320,3606951
2020-07-10,2020,7,10,port915,Pohang,Korea,KOR,0,0,5,0,0,5,5,0,0,6196,0,0,6196,6196,0,0,5064,0,0,5064,5064,3606952
2020-07-11,2020,7,11,port915,Pohang,Korea,KOR,0,5,6,1,0,12,12,0,461064,2510,201,0,463776,463776,0,35083,13744,0,0,48828,48828,3606953
2020-07-12,2020,7,12,port915,Pohang,Korea,KOR,0,1,4,1,0,6,6,0,23994,2534,263,0,26792,26792,0,0,5837,385,0,6222,6222,3606954
2020-07-13,2020,7,13,port915,Pohang,Korea,KOR,1,0,2,1,0,4,4,255,0,1397,263,0,1916,1916,0,0,800,385,0,1186,1186,3606955
2020-07-14,2020,7,14,port915,Pohang,Korea,KOR,1,0,8,0,1,9,10,0,0,14504,0,814,14504,15319,0,0,6972,0,2206,6972,9178,3606956
2020-07-15,2020,7,15,port915,Pohang,Korea,KOR,1,9,2,1,0,13,13,509,353337,1407,263,0,355518,355518,0,40238,3720,385,0,44344,44344,3606957
2020-07-16,2020,7,16,port915,Pohang,Korea,KOR,1,3,8,1,0,13,13,5566,37134,5234,1572,0,49508,49508,0,16376,8835,0,0,25211,25211,3606958
2020-07-17,2020,7,17,port915,Pohang,Korea,KOR,1,1,5,0,0,7,7,3083,818,7114,0,0,11016,11016,0,0,8031,0,0,8031,8031,3606959
2020-07-18,2020,7,18,port915,Pohang,Korea,KOR,1,4,7,2,0,14,14,0,226865,7846,527,0,235239,235239,1009,36027,6460,770,0,44268,44268,3606960
2020-07-19,2020,7,19,port915,Pohang,Korea,KOR,0,1,9,0,0,10,10,0,31988,6650,0,0,38639,38639,0,0,4089,0,0,4089,4089,3606961
2020-07-20,2020,7,20,port915,Pohang,Korea,KOR,2,3,3,0,0,8,8,447,59747,907,0,0,61102,61102,0,0,3144,0,0,3144,3144,3606962
2020-07-21,2020,7,21,port915,Pohang,Korea,KOR,1,5,5,1,0,12,12,6058,201378,3288,263,0,210988,210988,0,28419,8044,385,0,36848,36848,3606963
2020-07-22,2020,7,22,port915,Pohang,Korea,KOR,3,5,8,1,0,17,17,3253,17488,5289,263,0,26294,26294,270,2691,4828,385,0,8176,8176,3606964
2020-07-23,2020,7,23,port915,Pohang,Korea,KOR,0,1,6,0,0,7,7,0,0,6996,0,0,6996,6996,0,6029,2402,0,0,8432,8432,3606965
2020-07-24,2020,7,24,port915,Pohang,Korea,KOR,2,2,7,1,0,12,12,0,34468,5202,263,0,39934,39934,1717,22672,8852,385,0,33628,33628,3606966
2020-07-25,2020,7,25,port915,Pohang,Korea,KOR,0,2,4,2,1,8,9,0,10915,2381,527,0,13825,13825,0,2766,6876,770,120,10414,10534,3606967
2020-07-26,2020,7,26,port915,Pohang,Korea,KOR,0,1,6,1,0,8,8,0,2188,9365,263,0,11817,11817,0,0,1334,385,0,1719,1719,3606968
2020-07-27,2020,7,27,port915,Pohang,Korea,KOR,0,1,5,1,0,7,7,0,0,2349,263,0,2612,2612,0,9908,5930,385,0,16223,16223,3606969
2020-07-28,2020,7,28,port915,Pohang,Korea,KOR,1,4,4,0,0,9,9,1245,230405,2234,0,0,233885,233885,617,35721,2557,0,0,38896,38896,3606970
2020-07-29,2020,7,29,port915,Pohang,Korea,KOR,0,3,6,1,0,10,10,0,30643,3288,263,0,34196,34196,0,4177,6439,385,0,11003,11003,3606971
2020-07-30,2020,7,30,port915,Pohang,Korea,KOR,2,1,4,1,1,8,9,1620,15553,349,263,0,17787,17787,811,0,5987,385,0,7183,7183,3606972
2020-07-31,2020,7,31,port915,Pohang,Korea,KOR,1,0,5,2,0,8,8,3092,0,7279,527,0,10899,10899,0,0,3433,770,0,4204,4204,3606973
2020-08-01,2020,8,1,port915,Pohang,Korea,KOR,0,4,8,0,0,12,12,0,142559,6996,0,0,149555,149555,0,39592,3583,0,0,43176,43176,3606974
2020-08-02,2020,8,2,port915,Pohang,Korea,KOR,0,2,8,0,0,10,10,0,225081,4907,0,0,229989,229989,0,0,5695,0,0,5695,5695,3606975
2020-08-03,2020,8,3,port915,Pohang,Korea,KOR,2,1,1,1,0,5,5,6957,161268,3110,263,0,171600,171600,0,0,0,385,0,385,385,3606976
2020-08-04,2020,8,4,port915,Pohang,Korea,KOR,1,2,6,1,0,10,10,1245,89223,10540,263,0,101273,101273,617,2691,2582,385,0,6277,6277,3606977
2020-08-05,2020,8,5,port915,Pohang,Korea,KOR,0,0,8,1,0,9,9,0,0,4767,263,0,5030,5030,0,0,7154,385,0,7539,7539,3606978
2020-08-06,2020,8,6,port915,Pohang,Korea,KOR,1,2,5,1,0,9,9,1245,264630,5586,263,0,271726,271726,617,0,4017,385,0,5019,5019,3606979
2020-08-07,2020,8,7,port915,Pohang,Korea,KOR,1,2,5,0,0,8,8,202,74586,2311,0,0,77100,77100,0,0,4053,0,0,4053,4053,3606980
2020-08-08,2020,8,8,port915,Pohang,Korea,KOR,0,0,7,2,2,9,11,0,0,9310,760,814,10070,10885,0,0,3696,385,9843,4081,13925,3606981
2020-08-09,2020,8,9,port915,Pohang,Korea,KOR,1,3,7,0,0,11,11,425,19458,3911,0,0,23795,23795,0,0,10606,0,0,10606,10606,3606982
2020-08-10,2020,8,10,port915,Pohang,Korea,KOR,0,1,1,0,1,2,3,0,14255,0,0,0,14255,14255,0,0,1753,0,0,1753,1753,3606983
2020-08-11,2020,8,11,port915,Pohang,Korea,KOR,1,5,7,2,0,15,15,1245,513410,2610,263,0,517530,517530,617,9128,13675,385,0,23806,23806,3606984
2020-08-12,2020,8,12,port915,Pohang,Korea,KOR,1,0,3,0,1,4,5,1100,0,907,0,0,2007,2007,0,0,4244,0,241,4244,4485,3606985
2020-08-13,2020,8,13,port915,Pohang,Korea,KOR,1,3,5,0,0,9,9,0,405,2909,0,0,3314,3314,0,45339,7429,0,0,52769,52769,3606986
2020-08-14,2020,8,14,port915,Pohang,Korea,KOR,0,2,10,0,0,12,12,0,199841,6492,0,0,206333,206333,0,0,14159,0,0,14159,14159,3606987
2020-08-15,2020,8,15,port915,Pohang,Korea,KOR,0,3,11,1,1,15,16,0,363477,9267,263,814,373008,373823,0,8784,21349,385,2206,30519,32726,3606988
2020-08-16,2020,8,16,port915,Pohang,Korea,KOR,0,1,4,0,0,5,5,0,0,8096,0,0,8096,8096,0,8634,1601,0,0,10236,10236,3606989
2020-08-17,2020,8,17,port915,Pohang,Korea,KOR,0,1,3,1,1,5,6,0,239210,1113,263,700,240587,241288,0,0,7533,385,0,7919,7919,3606990
2020-08-18,2020,8,18,port915,Pohang,Korea,KOR,1,6,5,1,1,13,14,4528,175788,1888,263,700,182468,183169,0,81671,7834,385,0,89890,89891,3606991
2020-08-19,2020,8,19,port915,Pohang,Korea,KOR,2,1,7,1,0,11,11,589,151089,4647,263,0,156590,156590,0,0,4386,385,0,4772,4772,3606992
2020-08-20,2020,8,20,port915,Pohang,Korea,KOR,2,1,7,1,0,11,11,2015,0,8417,0,0,10433,10433,1020,5490,4784,496,0,11792,11792,3606993
2020-08-21,2020,8,21,port915,Pohang,Korea,KOR,3,4,3,1,0,11,11,3296,72543,907,263,0,77011,77011,1234,21793,4206,385,0,27620,27620,3606994
2020-08-22,2020,8,22,port915,Pohang,Korea,KOR,1,4,7,0,0,12,12,0,32352,2510,0,0,34862,34862,2591,0,4423,0,0,7015,7015,3606995
2020-08-23,2020,8,23,port915,Pohang,Korea,KOR,0,4,6,0,0,10,10,0,82848,3139,0,0,85988,85988,0,29828,4303,0,0,34131,34131,3606996
2020-08-24,2020,8,24,port915,Pohang,Korea,KOR,0,2,3,0,0,5,5,0,34468,1517,0,0,35985,35985,0,5414,1198,0,0,6612,6612,3606997
2020-08-25,2020,8,25,port915,Pohang,Korea,KOR,0,2,5,0,0,7,7,0,41937,2477,0,0,44414,44414,0,0,3105,0,0,3105,3105,3606998
2020-08-26,2020,8,26,port915,Pohang,Korea,KOR,0,0,0,0,0,0,0,0,0,0,0,0,0,0,0,0,0,0,0,0,0,3606999
2020-08-27,2020,8,27,port915,Pohang,Korea,KOR,3,8,5,2,1,18,19,2265,355382,8332,263,0,366245,366245,3692,59913,5652,385,0,69643,69643,3607000
2020-08-28,2020,8,28,port915,Pohang,Korea,KOR,2,2,7,1,3,12,15,1245,204140,6850,263,1047,212499,213547,617,0,7508,385,2206,8510,10717,3607001
2020-08-29,2020,8,29,port915,Pohang,Korea,KOR,1,1,8,1,0,11,11,513,79071,9641,263,0,89490,89490,0,0,7137,385,0,7522,7522,3607002
2020-08-30,2020,8,30,port915,Pohang,Korea,KOR,1,3,6,0,0,10,10,747,16898,3035,0,0,20682,20682,0,0,8788,0,0,8788,8788,3607003
2020-08-31,2020,8,31,port915,Pohang,Korea,KOR,1,1,5,0,0,7,7,0,0,2777,0,0,2777,2777,270,5196,3398,0,0,8866,8866,3607004
2020-09-01,2020,9,1,port915,Pohang,Korea,KOR,0,0,2,0,0,2,2,0,0,3040,0,0,3040,3040,0,0,2892,0,0,2892,2892,3607005
2020-09-02,2020,9,2,port915,Pohang,Korea,KOR,0,0,0,0,0,0,0,0,0,0,0,0,0,0,0,0,0,0,0,0,0,3607006
2020-09-03,2020,9,3,port915,Pohang,Korea,KOR,0,0,2,1,0,3,3,0,0,907,263,0,1170,1170,0,0,2973,385,0,3358,3358,3607007
2020-09-04,2020,9,4,port915,Pohang,Korea,KOR,1,7,12,2,0,22,22,1924,81282,10207,263,0,93677,93677,0,0,5868,587,0,6456,6456,3607008
2020-09-05,2020,9,5,port915,Pohang,Korea,KOR,1,1,7,0,0,9,9,1472,1361,7393,0,0,10227,10227,0,0,3102,0,0,3102,3102,3607009
2020-09-06,2020,9,6,port915,Pohang,Korea,KOR,0,0,1,0,0,1,1,0,0,907,0,0,907,907,0,0,800,0,0,800,800,3607010
2020-09-07,2020,9,7,port915,Pohang,Korea,KOR,0,0,0,0,0,0,0,0,0,0,0,0,0,0,0,0,0,0,0,0,0,3607011
2020-09-08,2020,9,8,port915,Pohang,Korea,KOR,1,7,9,2,1,19,20,1508,204828,3261,263,896,209861,210758,0,44141,9650,633,0,54425,54425,3607012
2020-09-09,2020,9,9,port915,Pohang,Korea,KOR,0,1,0,0,0,1,1,0,238195,0,0,0,238195,238195,0,0,0,0,0,0,0,3607013
2020-09-10,2020,9,10,port915,Pohang,Korea,KOR,2,6,15,1,0,24,24,2329,39262,9669,263,0,51525,51525,0,8025,23015,385,0,31425,31425,3607014
2020-09-11,2020,9,11,port915,Pohang,Korea,KOR,1,1,6,1,0,9,9,1245,91641,3203,263,0,96353,96353,617,0,1955,385,0,2958,2958,3607015
2020-09-12,2020,9,12,port915,Pohang,Korea,KOR,0,0,5,0,1,5,6,0,0,3044,0,814,3044,3859,0,0,2248,0,2206,2248,4454,3607016
2020-09-13,2020,9,13,port915,Pohang,Korea,KOR,1,1,3,0,0,5,5,1280,40324,2082,0,0,43686,43686,0,0,1601,0,0,1601,1601,3607017
2020-09-14,2020,9,14,port915,Pohang,Korea,KOR,1,4,9,4,0,18,18,1227,223744,14575,791,0,240339,240339,0,0,7114,1156,0,8270,8270,3607018
2020-09-15,2020,9,15,port915,Pohang,Korea,KOR,1,4,8,1,1,14,15,0,43289,4352,263,814,47905,48719,0,48021,11527,385,2206,59934,62140,3607019
2020-09-16,2020,9,16,port915,Pohang,Korea,KOR,1,3,6,2,1,12,13,321,175727,11171,263,700,187484,188185,0,5414,4239,385,0,10039,10039,3607020
2020-09-17,2020,9,17,port915,Pohang,Korea,KOR,1,2,8,0,0,11,11,0,41589,4401,0,0,45991,45991,1352,0,7791,0,0,9143,9143,3607021
2020-09-18,2020,9,18,port915,Pohang,Korea,KOR,2,3,3,2,2,10,12,10631,341233,4802,263,1515,356931,358446,0,4456,1275,633,2206,6366,8572,3607022
2020-09-19,2020,9,19,port915,Pohang,Korea,KOR,1,2,8,1,0,12,12,872,167111,7989,263,0,176238,176238,0,7421,7926,385,0,15732,15732,3607023
2020-09-20,2020,9,20,port915,Pohang,Korea,KOR,1,3,10,2,1,16,17,2948,180671,9826,263,0,193709,193709,0,0,6608,385,4972,6994,11967,3607024
2020-09-21,2020,9,21,port915,Pohang,Korea,KOR,0,5,5,0,1,10,11,0,100852,2406,0,6510,103259,109769,0,0,7609,0,0,7609,7609,3607025
2020-09-22,2020,9,22,port915,Pohang,Korea,KOR,1,1,1,1,0,4,4,0,172952,907,263,0,174123,174123,25,0,800,385,0,1212,1212,3607026
2020-09-23,2020,9,23,port915,Pohang,Korea,KOR,0,2,2,0,2,4,6,0,9392,1814,0,700,11207,11908,0,0,1601,0,0,1601,1602,3607027
2020-09-24,2020,9,24,port915,Pohang,Korea,KOR,1,2,9,0,1,12,13,0,2251,5925,0,0,8177,8177,0,1254,7152,0,0,8407,8407,3607028
2020-09-25,2020,9,25,port915,Pohang,Korea,KOR,1,0,9,0,0,10,10,0,0,3538,0,0,3538,3538,814,0,5037,0,0,5852,5852,3607029
2020-09-26,2020,9,26,port915,Pohang,Korea,KOR,0,0,0,0,0,0,0,0,0,0,0,0,0,0,0,0,0,0,0,0,0,3607030
2020-09-27,2020,9,27,port915,Pohang,Korea,KOR,1,1,6,1,0,9,9,1245,0,2721,263,0,4230,4230,617,0,7387,385,0,8390,8390,3607031
2020-09-28,2020,9,28,port915,Pohang,Korea,KOR,2,11,10,3,0,26,26,5614,134636,8571,527,0,149349,149349,812,37495,10616,770,0,49694,49694,3607032
2020-09-29,2020,9,29,port915,Pohang,Korea,KOR,1,5,9,0,1,15,16,1245,284931,5542,0,700,291720,292420,617,28871,10867,0,0,40356,40356,3607033
2020-09-30,2020,9,30,port915,Pohang,Korea,KOR,1,2,3,1,0,7,7,0,33448,2697,263,0,36410,36410,740,0,0,385,0,1126,1126,3607034
2020-10-01,2020,10,1,port915,Pohang,Korea,KOR,1,4,2,0,1,7,8,1245,224182,1076,0,971,226504,227476,617,22025,3546,0,0,26190,26190,3607035
2020-10-02,2020,10,2,port915,Pohang,Korea,KOR,2,4,6,1,0,13,13,1245,72028,9432,403,0,83110,83110,2091,0,1461,0,0,3553,3553,3607036
2020-10-03,2020,10,3,port915,Pohang,Korea,KOR,0,3,5,1,0,9,9,0,84296,7874,263,0,92434,92434,0,5414,4758,385,0,10558,10558,3607037
2020-10-04,2020,10,4,port915,Pohang,Korea,KOR,1,4,4,0,0,9,9,0,15259,1509,0,0,16768,16768,267,3071,2172,0,0,5511,5511,3607038
2020-10-05,2020,10,5,port915,Pohang,Korea,KOR,1,3,5,1,0,10,10,11085,2977,7420,263,0,21746,21746,0,26952,7050,385,0,34388,34388,3607039
2020-10-06,2020,10,6,port915,Pohang,Korea,KOR,1,2,6,1,0,10,10,1245,84477,2689,0,0,88412,88412,617,2510,6388,403,0,9920,9920,3607040
2020-10-07,2020,10,7,port915,Pohang,Korea,KOR,0,2,8,1,0,11,11,0,170631,4877,263,0,175772,175772,0,4597,4341,385,0,9324,9324,3607041
2020-10-08,2020,10,8,port915,Pohang,Korea,KOR,1,1,1,0,0,3,3,1245,0,3111,0,0,4356,4356,617,0,0,0,0,617,617,3607042
2020-10-09,2020,10,9,port915,Pohang,Korea,KOR,0,0,1,0,2,1,3,0,0,2232,0,972,2232,3205,0,0,0,0,120,0,120,3607043
2020-10-10,2020,10,10,port915,Pohang,Korea,KOR,1,0,3,0,0,4,4,2048,0,3442,0,0,5490,5490,0,0,5681,0,0,5681,5681,3607044
2020-10-11,2020,10,11,port915,Pohang,Korea,KOR,1,5,9,0,0,15,15,2307,235452,6523,0,0,244283,244283,0,0,4743,0,0,4743,4743,3607045
2020-10-12,2020,10,12,port915,Pohang,Korea,KOR,2,6,7,2,1,17,18,6418,6764,12324,263,814,25770,26585,0,36494,7657,385,2206,44537,46743,3607046
2020-10-13,2020,10,13,port915,Pohang,Korea,KOR,0,5,9,0,1,14,15,0,75080,12303,0,700,87383,88084,0,17145,4274,0,0,21419,21420,3607047
2020-10-14,2020,10,14,port915,Pohang,Korea,KOR,2,4,9,1,1,16,17,3870,210100,8896,263,786,223131,223917,617,28993,6473,385,0,36469,36469,3607048
2020-10-15,2020,10,15,port915,Pohang,Korea,KOR,1,0,9,1,2,11,13,0,0,2721,263,1401,2985,4386,270,0,20016,385,0,20672,20672,3607049
2020-10-16,2020,10,16,port915,Pohang,Korea,KOR,1,6,7,0,0,14,14,0,45247,3424,0,0,48672,48672,0,56036,8529,0,0,64566,64566,3607050
2020-10-17,2020,10,17,port915,Pohang,Korea,KOR,2,5,8,1,2,16,18,2251,220056,12532,263,3961,235104,239065,617,12154,5441,385,2206,18599,20805,3607051
2020-10-18,2020,10,18,port915,Pohang,Korea,KOR,0,1,5,0,0,6,6,0,0,2901,0,0,2901,2901,0,0,2791,0,0,2791,2791,3607052
2020-10-19,2020,10,19,port915,Pohang,Korea,KOR,0,2,4,0,0,6,6,0,166140,697,0,0,166838,166838,0,30256,2874,0,0,33131,33131,3607053
2020-10-20,2020,10,20,port915,Pohang,Korea,KOR,0,4,6,1,0,11,11,0,184967,7224,263,0,192456,192456,0,5251,2928,385,0,8565,8565,3607054
2020-10-21,2020,10,21,port915,Pohang,Korea,KOR,0,3,7,2,0,12,12,0,148222,5497,263,0,153983,153983,0,48885,5493,385,0,54763,54763,3607055
2020-10-22,2020,10,22,port915,Pohang,Korea,KOR,1,1,6,1,0,9,9,4534,106280,3310,263,0,114389,114389,0,0,2571,385,0,2957,2957,3607056
2020-10-23,2020,10,23,port915,Pohang,Korea,KOR,3,3,1,1,1,8,9,4713,192830,0,263,814,197807,198622,1965,12667,968,385,2206,15987,18194,3607057
2020-10-24,2020,10,24,port915,Pohang,Korea,KOR,1,2,5,1,1,9,10,1104,0,4206,263,700,5574,6275,0,40462,2817,385,0,43665,43666,3607058
2020-10-25,2020,10,25,port915,Pohang,Korea,KOR,0,4,5,0,1,9,10,0,153944,1948,0,814,155893,156708,0,14597,10884,0,2206,25481,27688,3607059
2020-10-26,2020,10,26,port915,Pohang,Korea,KOR,1,1,6,0,0,8,8,962,198430,1318,0,0,200712,200712,0,0,9487,0,0,9487,9487,3607060
2020-10-27,2020,10,27,port915,Pohang,Korea,KOR,2,7,3,1,1,13,14,589,267020,1474,263,0,269348,269348,1770,2263,12537,385,120,16956,17077,3607061
2020-10-28,2020,10,28,port915,Pohang,Korea,KOR,0,2,7,0,2,9,11,0,413525,6015,0,700,419541,420242,0,0,21597,0,8379,21597,29976,3607062
2020-10-29,2020,10,29,port915,Pohang,Korea,KOR,1,3,3,0,0,7,7,2037,30442,987,0,0,33468,33468,0,13042,2144,0,0,15186,15186,3607063
2020-10-30,2020,10,30,port915,Pohang,Korea,KOR,2,5,6,0,0,13,13,0,67253,9583,0,0,76837,76837,829,33431,4774,0,0,39035,39035,3607064
2020-10-31,2020,10,31,port915,Pohang,Korea,KOR,1,1,8,2,0,12,12,0,138317,5306,527,0,144152,144152,1353,0,6573,770,0,8698,8698,3607065
2020-11-01,2020,11,1,port915,Pohang,Korea,KOR,1,1,7,0,0,9,9,1272,87200,2910,0,0,91383,91383,0,0,8947,0,0,8947,8947,3607066
2020-11-02,2020,11,2,port915,Pohang,Korea,KOR,4,2,5,2,0,13,13,2276,25065,5127,263,0,32733,32733,1464,36344,2539,385,0,40733,40733,3607067
2020-11-03,2020,11,3,port915,Pohang,Korea,KOR,0,3,5,0,0,8,8,0,390128,6466,0,0,396595,396595,0,0,2587,0,0,2587,2587,3607068
2020-11-04,2020,11,4,port915,Pohang,Korea,KOR,1,2,5,1,2,9,11,1245,23867,989,263,700,26366,27066,617,6305,5228,385,0,12536,12537,3607069
2020-11-05,2020,11,5,port915,Pohang,Korea,KOR,0,5,14,1,0,20,20,0,240789,9976,263,0,251028,251028,0,41372,13676,385,0,55434,55434,3607070
2020-11-06,2020,11,6,port915,Pohang,Korea,KOR,3,2,5,0,1,10,11,575,233134,4395,0,0,238105,238105,1353,5414,2279,0,0,9047,9047,3607071
2020-11-07,2020,11,7,port915,Pohang,Korea,KOR,1,1,8,0,1,10,11,2535,30755,6583,0,700,39874,40575,0,0,4593,0,0,4593,4594,3607072
2020-11-08,2020,11,8,port915,Pohang,Korea,KOR,0,1,2,1,0,4,4,0,57952,0,263,0,58215,58215,0,0,4666,385,0,5051,5051,3607073
2020-11-09,2020,11,9,port915,Pohang,Korea,KOR,1,2,5,2,1,10,11,0,2150,3479,263,0,5893,5893,1266,30329,4262,2120,0,37978,37978,3607074
2020-11-10,2020,11,10,port915,Pohang,Korea,KOR,2,4,3,1,0,10,10,4010,105923,2263,263,0,112461,112461,0,0,726,385,0,1112,1112,3607075
2020-11-11,2020,11,11,port915,Pohang,Korea,KOR,0,1,13,2,1,16,17,0,0,12102,527,0,12629,12629,0,27900,9888,770,120,38559,38680,3607076
2020-11-12,2020,11,12,port915,Pohang,Korea,KOR,1,1,6,1,1,9,10,0,0,3744,263,814,4008,4823,0,0,3990,385,2206,4375,6582,3607077
2020-11-13,2020,11,13,port915,Pohang,Korea,KOR,1,6,9,1,0,17,17,1842,326618,7975,263,0,336700,336700,0,26952,6447,385,0,33785,33785,3607078
2020-11-14,2020,11,14,port915,Pohang,Korea,KOR,1,2,4,2,0,9,9,255,0,1474,527,0,2256,2256,0,0,7714,770,0,8485,8485,3607079
2020-11-15,2020,11,15,port915,Pohang,Korea,KOR,0,3,7,0,0,10,10,0,192128,6636,0,0,198765,198765,0,33487,2930,0,0,36417,36417,3607080
2020-11-16,2020,11,16,port915,Pohang,Korea,KOR,1,3,3,1,0,8,8,0,398873,5011,263,0,404148,404148,1011,33440,5636,385,0,40473,40473,3607081
2020-11-17,2020,11,17,port915,Pohang,Korea,KOR,2,3,10,0,0,15,15,1059,18242,6145,0,0,25447,25447,2430,39601,9413,0,0,51445,51445,3607082
2020-11-18,2020,11,18,port915,Pohang,Korea,KOR,3,1,5,0,0,9,9,4079,0,9261,0,0,13341,13341,0,0,1793,0,0,1793,1793,3607083
2020-11-19,2020,11,19,port915,Pohang,Korea,KOR,1,2,6,1,0,10,10,0,0,17902,0,0,17902,17902,0,0,856,0,0,856,856,3607084
2020-11-20,2020,11,20,port915,Pohang,Korea,KOR,2,2,8,0,0,12,12,2491,46005,5533,0,0,54030,54030,1234,0,7859,0,0,9094,9094,3607085
2020-11-21,2020,11,21,port915,Pohang,Korea,KOR,0,1,4,1,0,6,6,0,112838,907,263,0,114008,114008,0,8,5217,385,0,5611,5611,3607086
2020-11-22,2020,11,22,port915,Pohang,Korea,KOR,0,5,6,0,0,11,11,0,189114,3696,0,0,192811,192811,0,57812,2667,0,0,60479,60479,3607087
2020-11-23,2020,11,23,port915,Pohang,Korea,KOR,0,3,2,0,0,5,5,0,242509,0,0,0,242509,242509,0,29989,2856,0,0,32846,32846,3607088
2020-11-24,2020,11,24,port915,Pohang,Korea,KOR,1,1,4,0,0,6,6,0,0,9198,0,0,9198,9198,0,10673,1071,0,0,11744,11744,3607089
2020-11-25,2020,11,25,port915,Pohang,Korea,KOR,2,4,8,2,2,16,18,1782,306148,4004,527,0,312462,312462,617,6331,9148,770,3875,16867,20743,3607090
2020-11-26,2020,11,26,port915,Pohang,Korea,KOR,0,3,5,0,1,8,9,0,260416,4976,0,676,265393,266069,0,0,8878,0,0,8878,8878,3607091
2020-11-27,2020,11,27,port915,Pohang,Korea,KOR,3,5,7,2,2,17,19,3111,135889,3588,527,1401,143116,144518,1914,61733,8082,770,0,72500,72501,3607092
2020-11-28,2020,11,28,port915,Pohang,Korea,KOR,1,2,6,0,2,9,11,0,11456,2989,0,1401,14446,15847,0,0,8349,0,0,8349,8350,3607093
2020-11-29,2020,11,29,port915,Pohang,Korea,KOR,1,2,4,1,0,8,8,660,1565,5100,263,0,7590,7590,0,0,0,385,0,385,385,3607094
2020-11-30,2020,11,30,port915,Pohang,Korea,KOR,1,3,7,0,0,11,11,1245,57058,9653,0,0,67957,67957,617,1091,1255,0,0,2964,2964,3607095
2020-12-01,2020,12,1,port915,Pohang,Korea,KOR,1,4,6,1,0,12,12,0,223369,442,263,0,224075,224075,264,35917,5905,385,0,42472,42472,3607096
2020-12-02,2020,12,2,port915,Pohang,Korea,KOR,1,2,3,1,3,7,10,1245,31073,4847,0,1515,37166,38682,617,0,800,0,2206,1418,3625,3607097
2020-12-03,2020,12,3,port915,Pohang,Korea,KOR,1,3,4,2,0,10,10,0,92084,3896,527,0,96508,96508,3612,0,3383,770,0,7766,7766,3607098
2020-12-04,2020,12,4,port915,Pohang,Korea,KOR,1,2,9,1,2,13,15,0,12803,2514,263,711,15581,16292,619,0,10385,385,0,11390,11390,3607099
2020-12-05,2020,12,5,port915,Pohang,Korea,KOR,1,1,2,2,0,6,6,0,0,907,527,0,1434,1434,283,11453,1489,770,0,13997,13997,3607100
2020-12-06,2020,12,6,port915,Pohang,Korea,KOR,1,1,7,0,0,9,9,1062,41889,10668,0,0,53620,53620,0,0,2773,0,0,2773,2773,3607101
2020-12-07,2020,12,7,port915,Pohang,Korea,KOR,0,3,6,0,0,9,9,0,262448,3628,0,0,266076,266076,0,33769,5051,0,0,38821,38821,3607102
2020-12-08,2020,12,8,port915,Pohang,Korea,KOR,1,3,7,3,3,14,17,1245,110922,4233,791,3931,117192,121124,617,0,4204,1156,0,5978,5978,3607103
2020-12-09,2020,12,9,port915,Pohang,Korea,KOR,0,1,5,0,0,6,6,0,199931,4726,0,0,204658,204658,0,0,3388,0,0,3388,3388,3607104
2020-12-10,2020,12,10,port915,Pohang,Korea,KOR,0,2,10,0,3,12,15,0,201613,8748,0,700,210361,211062,0,0,5403,0,8075,5403,13479,3607105
2020-12-11,2020,12,11,port915,Pohang,Korea,KOR,3,2,10,1,0,16,16,1071,39956,7179,263,0,48470,48470,1439,28029,6324,385,0,36179,36179,3607106
2020-12-12,2020,12,12,port915,Pohang,Korea,KOR,1,3,8,0,0,12,12,0,240694,5287,0,0,245982,245982,3359,5414,3290,0,0,12064,12064,3607107
2020-12-13,2020,12,13,port915,Pohang,Korea,KOR,2,3,7,0,0,12,12,1727,328613,7425,0,0,337765,337765,617,17379,7001,0,0,24998,24998,3607108
2020-12-14,2020,12,14,port915,Pohang,Korea,KOR,0,3,0,1,0,4,4,0,243824,0,263,0,244087,244087,0,7641,0,385,0,8026,8026,3607109
2020-12-15,2020,12,15,port915,Pohang,Korea,KOR,0,2,6,3,1,11,12,0,53321,3628,791,700,57741,58442,0,0,17595,1156,0,18751,18752,3607110
2020-12-16,2020,12,16,port915,Pohang,Korea,KOR,1,2,8,0,0,11,11,1245,16601,6599,0,0,24446,24446,617,2250,4212,0,0,7080,7080,3607111
2020-12-17,2020,12,17,port915,Pohang,Korea,KOR,0,3,5,2,0,10,10,0,67308,3755,527,0,71591,71591,0,3307,3284,770,0,7362,7362,3607112
2020-12-18,2020,12,18,port915,Pohang,Korea,KOR,1,4,8,0,0,13,13,0,110588,3557,0,0,114146,114146,2274,0,7079,0,0,9353,9353,3607113
2020-12-19,2020,12,19,port915,Pohang,Korea,KOR,0,2,2,0,0,4,4,0,0,907,0,0,907,907,0,72940,4209,0,0,77150,77150,3607114
2020-12-20,2020,12,20,port915,Pohang,Korea,KOR,0,3,5,1,1,9,10,0,54948,4746,0,0,59695,59695,0,29854,2499,0,11095,32353,43449,3607115
2020-12-21,2020,12,21,port915,Pohang,Korea,KOR,0,2,3,1,0,6,6,0,185516,5424,263,0,191204,191204,0,7684,2618,385,0,10688,10688,3607116
2020-12-22,2020,12,22,port915,Pohang,Korea,KOR,0,3,7,3,1,13,14,0,50371,5103,791,3252,56265,59518,0,26013,5894,1156,0,33064,33064,3607117
2020-12-23,2020,12,23,port915,Pohang,Korea,KOR,0,1,7,1,0,9,9,0,0,5853,263,0,6116,6116,0,0,3229,385,0,3615,3615,3607118
2020-12-24,2020,12,24,port915,Pohang,Korea,KOR,0,2,6,2,0,10,10,0,15553,4151,527,0,20232,20232,0,11508,10899,770,0,23178,23178,3607119
2020-12-25,2020,12,25,port915,Pohang,Korea,KOR,3,3,10,0,0,16,16,3568,0,10218,0,0,13786,13786,1345,23539,8943,0,0,33828,33828,3607120
2020-12-26,2020,12,26,port915,Pohang,Korea,KOR,0,4,12,1,1,17,18,0,178423,11542,263,700,190229,190930,0,5974,13593,385,0,19953,19954,3607121
2020-12-27,2020,12,27,port915,Pohang,Korea,KOR,0,3,5,1,1,9,10,0,174282,2989,263,814,177534,178349,0,6372,8414,385,2206,15172,17378,3607122
2020-12-28,2020,12,28,port915,Pohang,Korea,KOR,1,3,8,2,0,14,14,989,47781,5686,527,0,54983,54983,0,5414,4949,770,0,11134,11134,3607123
2020-12-29,2020,12,29,port915,Pohang,Korea,KOR,1,0,6,1,0,8,8,0,0,2468,263,0,2732,2732,1457,0,4462,385,0,6305,6305,3607124
2020-12-30,2020,12,30,port915,Pohang,Korea,KOR,0,0,1,0,2,1,3,0,0,0,0,1515,0,1515,0,0,2329,0,2206,2329,4536,3607125
2020-12-31,2020,12,31,port915,Pohang,Korea,KOR,0,0,2,0,1,2,3,0,0,0,0,1113,0,1113,0,0,3964,0,0,3964,3964,3607126
2021-01-01,2021,1,1,port915,Pohang,Korea,KOR,1,4,6,1,0,12,12,1245,669542,10191,263,0,681243,681243,617,0,2252,385,0,3255,3255,3607127
2021-01-02,2021,1,2,port915,Pohang,Korea,KOR,0,1,3,0,0,4,4,0,0,3814,0,0,3814,3814,0,8274,270,0,0,8544,8544,3607128
2021-01-03,2021,1,3,port915,Pohang,Korea,KOR,0,3,1,0,0,4,4,0,174358,907,0,0,175265,175265,0,0,800,0,0,800,800,3607129
2021-01-04,2021,1,4,port915,Pohang,Korea,KOR,0,3,6,1,1,10,11,0,1804,3759,263,0,5827,5827,0,0,14248,385,0,14633,14633,3607130
2021-01-05,2021,1,5,port915,Pohang,Korea,KOR,1,2,2,0,1,5,6,265,194499,1474,0,700,196240,196940,0,2692,1526,0,0,4218,4219,3607131
2021-01-06,2021,1,6,port915,Pohang,Korea,KOR,0,2,4,2,0,8,8,0,0,7424,527,0,7951,7951,0,31439,1599,770,0,33810,33810,3607132
2021-01-07,2021,1,7,port915,Pohang,Korea,KOR,1,0,4,1,1,6,7,0,0,9068,263,700,9332,10032,0,0,1274,385,0,1660,1660,3607133
2021-01-08,2021,1,8,port915,Pohang,Korea,KOR,1,0,5,0,1,6,7,751,0,9212,0,814,9963,10778,0,0,3593,0,2206,3593,5799,3607134
2021-01-09,2021,1,9,port915,Pohang,Korea,KOR,0,3,6,0,0,9,9,0,3486,1814,0,0,5300,5300,0,23950,3063,0,0,27013,27013,3607135
2021-01-10,2021,1,10,port915,Pohang,Korea,KOR,1,4,4,0,1,9,10,0,255117,1814,0,700,256931,257632,3028,0,4180,0,0,7208,7208,3607136
2021-01-11,2021,1,11,port915,Pohang,Korea,KOR,2,3,4,0,0,9,9,4039,43815,3628,0,0,51483,51483,617,6348,3203,0,0,10169,10169,3607137
2021-01-12,2021,1,12,port915,Pohang,Korea,KOR,2,2,8,2,0,14,14,6757,16820,7595,527,0,31700,31700,0,8318,6412,770,0,15502,15502,3607138
2021-01-13,2021,1,13,port915,Pohang,Korea,KOR,0,1,5,0,0,6,6,0,44049,5151,0,0,49201,49201,0,0,5337,0,0,5337,5337,3607139
2021-01-14,2021,1,14,port915,Pohang,Korea,KOR,3,5,12,0,0,20,20,3687,165511,8769,0,0,177968,177968,759,5414,10025,0,0,16199,16199,3607140
2021-01-15,2021,1,15,port915,Pohang,Korea,KOR,1,4,5,1,0,11,11,0,87583,5410,263,0,93258,93258,598,23811,944,385,0,25739,25739,3607141
2021-01-16,2021,1,16,port915,Pohang,Korea,KOR,1,3,11,1,0,16,16,1245,0,7108,263,0,8617,8617,617,0,8307,385,0,9309,9309,3607142
2021-01-17,2021,1,17,port915,Pohang,Korea,KOR,0,4,1,0,0,5,5,0,366039,0,0,0,366039,366039,0,34625,253,0,0,34879,34879,3607143
2021-01-18,2021,1,18,port915,Pohang,Korea,KOR,1,3,3,1,0,8,8,3360,214249,907,263,0,218780,218780,0,8444,3077,385,0,11907,11907,3607144
2021-01-19,2021,1,19,port915,Pohang,Korea,KOR,1,2,6,0,1,9,10,2545,0,1589,0,814,4135,4950,0,38627,3481,0,2206,42109,44315,3607145
2021-01-20,2021,1,20,port915,Pohang,Korea,KOR,0,6,0,2,1,8,9,0,79461,0,263,0,79725,79725,0,60083,0,385,0,60468,60468,3607146
2021-01-21,2021,1,21,port915,Pohang,Korea,KOR,1,3,6,0,0,10,10,0,3584,5382,0,0,8966,8966,918,17462,4714,0,0,23095,23095,3607147
2021-01-22,2021,1,22,port915,Pohang,Korea,KOR,1,2,4,0,1,7,8,253,63009,3230,0,700,66492,67193,0,0,3220,0,0,3220,3220,3607148
2021-01-23,2021,1,23,port915,Pohang,Korea,KOR,1,0,1,0,0,2,2,0,0,1016,0,0,1016,1016,0,0,0,0,0,0,0,3607149
2021-01-24,2021,1,24,port915,Pohang,Korea,KOR,0,1,1,0,0,2,2,0,0,0,0,0,0,0,0,16482,784,0,0,17266,17266,3607150
2021-01-25,2021,1,25,port915,Pohang,Korea,KOR,0,11,9,2,0,22,22,0,393703,7281,263,0,401248,401248,0,52871,5926,385,0,59183,59183,3607151
2021-01-26,2021,1,26,port915,Pohang,Korea,KOR,1,4,5,1,1,11,12,1245,102899,907,263,814,105316,106131,617,0,3881,385,2206,4884,7090,3607152
2021-01-27,2021,1,27,port915,Pohang,Korea,KOR,3,5,8,0,0,16,16,3520,72925,4887,0,0,81333,81333,617,7467,4623,0,0,12708,12708,3607153
2021-01-28,2021,1,28,port915,Pohang,Korea,KOR,0,0,3,0,0,3,3,0,0,907,0,0,907,907,0,0,2282,0,0,2282,2282,3607154
2021-01-29,2021,1,29,port915,Pohang,Korea,KOR,1,0,4,0,0,5,5,1245,0,2649,0,0,3895,3895,617,0,1763,0,0,2381,2381,3607155
2021-01-30,2021,1,30,port915,Pohang,Korea,KOR,0,5,5,0,1,10,11,0,158867,3125,0,700,161993,162694,0,5792,6691,0,0,12483,12484,3607156
2021-01-31,2021,1,31,port915,Pohang,Korea,KOR,0,3,2,0,0,5,5,0,291603,907,0,0,292510,292510,0,5414,3152,0,0,8566,8566,3607157
2021-02-01,2021,2,1,port915,Pohang,Korea,KOR,0,3,4,0,2,7,9,0,37647,1887,0,700,39534,40235,0,5014,1570,0,0,6585,6586,3607158
2021-02-02,2021,2,2,port915,Pohang,Korea,KOR,0,1,6,0,0,7,7,0,24171,2884,0,0,27055,27055,0,0,7372,0,0,7372,7372,3607159
2021-02-03,2021,2,3,port915,Pohang,Korea,KOR,1,1,5,2,0,9,9,13906,0,8992,527,0,23425,23425,0,46581,6148,770,0,53500,53500,3607160
2021-02-04,2021,2,4,port915,Pohang,Korea,KOR,2,3,11,2,0,18,18,1124,250240,10146,263,0,261774,261774,0,0,6825,385,0,7210,7210,3607161
2021-02-05,2021,2,5,port915,Pohang,Korea,KOR,1,1,2,0,0,4,4,0,34468,2709,0,0,37177,37177,618,5414,4499,0,0,10532,10532,3607162
2021-02-06,2021,2,6,port915,Pohang,Korea,KOR,1,1,5,1,2,8,10,0,0,5083,263,972,5347,6319,968,4623,1800,385,481,7777,8259,3607163
2021-02-07,2021,2,7,port915,Pohang,Korea,KOR,1,4,9,0,0,14,14,253,98404,11449,0,0,110107,110107,0,803,3635,0,0,4438,4438,3607164
2021-02-08,2021,2,8,port915,Pohang,Korea,KOR,1,8,7,0,0,16,16,2059,242769,7570,0,0,252399,252399,0,46807,2169,0,0,48977,48977,3607165
2021-02-09,2021,2,9,port915,Pohang,Korea,KOR,0,0,7,1,0,8,8,0,0,9719,263,0,9983,9983,0,0,3872,385,0,4257,4257,3607166
2021-02-10,2021,2,10,port915,Pohang,Korea,KOR,0,4,1,1,1,6,7,0,219889,0,263,0,220152,220152,0,3306,1781,385,1995,5473,7468,3607167
2021-02-11,2021,2,11,port915,Pohang,Korea,KOR,0,3,5,2,0,10,10,0,41904,5067,527,0,47498,47498,0,0,1601,770,0,2372,2372,3607168
2021-02-12,2021,2,12,port915,Pohang,Korea,KOR,0,4,4,0,0,8,8,0,90856,2425,0,0,93282,93282,0,2691,3953,0,0,6645,6645,3607169
2021-02-13,2021,2,13,port915,Pohang,Korea,KOR,2,0,8,0,0,10,10,2491,0,10839,0,0,13330,13330,1234,0,5955,0,0,7190,7190,3607170
2021-02-14,2021,2,14,port915,Pohang,Korea,KOR,0,4,4,0,1,8,9,0,71026,2997,0,700,74024,74725,0,0,2212,0,0,2212,2212,3607171
2021-02-15,2021,2,15,port915,Pohang,Korea,KOR,0,3,4,1,1,8,9,0,161643,4333,263,700,166240,166941,0,2598,1510,385,0,4494,4494,3607172
2021-02-16,2021,2,16,port915,Pohang,Korea,KOR,0,2,10,0,1,12,13,0,0,12763,0,814,12763,13577,0,35093,4266,0,2206,39360,41566,3607173
2021-02-17,2021,2,17,port915,Pohang,Korea,KOR,1,0,1,0,0,2,2,1788,0,907,0,0,2695,2695,0,0,800,0,0,800,800,3607174
2021-02-18,2021,2,18,port915,Pohang,Korea,KOR,1,4,5,1,1,11,12,0,1211,2988,263,971,4463,5435,1764,46957,4377,385,0,53485,53485,3607175
2021-02-19,2021,2,19,port915,Pohang,Korea,KOR,1,2,7,0,1,10,11,0,286866,5380,0,814,292246,293061,448,0,1684,0,2206,2133,4339,3607176
2021-02-20,2021,2,20,port915,Pohang,Korea,KOR,1,5,5,0,1,11,12,4626,0,1886,0,0,6513,6513,0,79570,7805,0,361,87375,87737,3607177
2021-02-21,2021,2,21,port915,Pohang,Korea,KOR,1,0,6,2,0,9,9,1521,0,2881,263,0,4666,4666,0,0,1997,385,0,2382,2382,3607178
2021-02-22,2021,2,22,port915,Pohang,Korea,KOR,1,1,7,1,0,10,10,0,16179,4467,263,0,20911,20911,6307,0,4575,385,0,11268,11268,3607179
2021-02-23,2021,2,23,port915,Pohang,Korea,KOR,1,3,4,0,0,8,8,1245,0,3125,0,0,4371,4371,617,41492,2713,0,0,44823,44823,3607180
2021-02-24,2021,2,24,port915,Pohang,Korea,KOR,0,4,3,0,0,7,7,0,73230,2582,0,0,75813,75813,0,41012,1601,0,0,42614,42614,3607181
2021-02-25,2021,2,25,port915,Pohang,Korea,KOR,1,1,5,1,1,8,9,8995,0,3927,263,814,13186,14001,0,3195,2861,385,2206,6442,8648,3607182
2021-02-26,2021,2,26,port915,Pohang,Korea,KOR,2,0,7,0,0,9,9,2206,0,3696,0,0,5903,5903,0,0,10975,0,0,10975,10975,3607183
2021-02-27,2021,2,27,port915,Pohang,Korea,KOR,0,0,1,0,0,1,1,0,0,907,0,0,907,907,0,0,800,0,0,800,800,3607184
2021-02-28,2021,2,28,port915,Pohang,Korea,KOR,0,8,11,2,0,21,21,0,362451,12146,527,0,375126,375126,0,15004,6593,770,0,22369,22369,3607185
2021-03-01,2021,3,1,port915,Pohang,Korea,KOR,0,3,7,0,0,10,10,0,156800,11861,0,0,168662,168662,0,447,3040,0,0,3488,3488,3607186
2021-03-02,2021,3,2,port915,Pohang,Korea,KOR,0,0,0,0,0,0,0,0,0,0,0,0,0,0,0,0,0,0,0,0,0,3607187
2021-03-03,2021,3,3,port915,Pohang,Korea,KOR,1,3,8,2,4,14,18,1245,42273,7970,527,2803,52017,54820,617,35939,6156,770,1,43484,43486,3607188
2021-03-04,2021,3,4,port915,Pohang,Korea,KOR,0,5,4,1,1,10,11,0,249443,5103,0,0,254547,254547,0,97144,1640,0,0,98785,98785,3607189
2021-03-05,2021,3,5,port915,Pohang,Korea,KOR,2,1,7,0,0,10,10,2781,0,5103,0,0,7884,7884,150,476,4692,0,0,5318,5318,3607190
2021-03-06,2021,3,6,port915,Pohang,Korea,KOR,0,0,1,0,0,1,1,0,0,0,0,0,0,0,0,0,3259,0,0,3259,3259,3607191
2021-03-07,2021,3,7,port915,Pohang,Korea,KOR,1,3,6,1,2,11,13,0,215840,11209,263,896,227313,228210,0,12305,2526,385,1329,15217,16547,3607192
2021-03-08,2021,3,8,port915,Pohang,Korea,KOR,1,5,9,2,1,17,18,1245,241522,5097,527,700,248393,249094,617,8654,7128,770,0,17171,17171,3607193
2021-03-09,2021,3,9,port915,Pohang,Korea,KOR,0,4,7,1,1,12,13,0,19215,7160,263,814,26639,27454,0,12735,10058,385,2206,23179,25385,3607194
2021-03-10,2021,3,10,port915,Pohang,Korea,KOR,1,1,2,0,0,4,4,0,0,593,0,0,593,593,0,0,1786,0,0,1786,1786,3607195
2021-03-11,2021,3,11,port915,Pohang,Korea,KOR,5,4,12,1,2,22,24,4267,88505,7992,263,700,101029,101730,1266,31357,17142,385,121,50151,50272,3607196
2021-03-12,2021,3,12,port915,Pohang,Korea,KOR,1,1,7,1,1,10,11,443,2766,5991,263,700,9464,10165,0,0,4445,385,0,4830,4831,3607197
2021-03-13,2021,3,13,port915,Pohang,Korea,KOR,1,4,8,0,1,13,14,0,280652,3984,0,557,284636,285193,1506,37092,8822,0,0,47421,47421,3607198
2021-03-14,2021,3,14,port915,Pohang,Korea,KOR,0,3,7,1,1,11,12,0,138618,6228,263,0,145110,145110,0,4910,6083,385,8,11379,11388,3607199
2021-03-15,2021,3,15,port915,Pohang,Korea,KOR,0,3,3,3,3,9,12,0,0,1814,527,2373,2341,4715,0,57148,2398,770,0,60318,60319,3607200
2021-03-16,2021,3,16,port915,Pohang,Korea,KOR,0,4,8,1,0,13,13,0,142934,6347,263,0,149545,149545,0,34529,6373,385,0,41287,41287,3607201
2021-03-17,2021,3,17,port915,Pohang,Korea,KOR,0,3,9,1,0,13,13,0,23652,7110,403,0,31167,31167,0,6808,13851,0,0,20660,20660,3607202
2021-03-18,2021,3,18,port915,Pohang,Korea,KOR,0,3,4,1,0,8,8,0,216777,4692,263,0,221733,221733,0,34669,591,385,0,35646,35646,3607203
2021-03-19,2021,3,19,port915,Pohang,Korea,KOR,1,4,5,0,0,10,10,0,310075,618,0,0,310693,310693,301,5414,4232,0,0,9947,9947,3607204
2021-03-20,2021,3,20,port915,Pohang,Korea,KOR,2,1,12,1,0,16,16,1245,15831,11208,263,0,28549,28549,871,0,7551,385,0,8808,8808,3607205
2021-03-21,2021,3,21,port915,Pohang,Korea,KOR,1,3,1,1,1,6,7,824,315657,2215,263,971,318961,319932,0,0,0,385,0,385,385,3607206
2021-03-22,2021,3,22,port915,Pohang,Korea,KOR,0,3,1,0,0,4,4,0,182098,2218,0,0,184317,184317,0,447,0,0,0,447,447,3607207
2021-03-23,2021,3,23,port915,Pohang,Korea,KOR,0,2,8,4,1,14,15,0,27855,3785,791,700,32432,33133,0,35076,6136,1156,0,42369,42369,3607208
2021-03-24,2021,3,24,port915,Pohang,Korea,KOR,2,3,6,0,0,11,11,3305,67033,2811,0,0,73150,73150,617,12638,4336,0,0,17592,17592,3607209
2021-03-25,2021,3,25,port915,Pohang,Korea,KOR,1,1,6,2,1,10,11,596,0,6826,263,814,7686,8501,0,12061,1071,789,2206,13922,16128,3607210
2021-03-26,2021,3,26,port915,Pohang,Korea,KOR,2,4,8,1,2,15,17,1245,87940,5625,263,1672,95075,96747,1625,18074,3829,385,0,23914,23914,3607211
2021-03-27,2021,3,27,port915,Pohang,Korea,KOR,0,4,4,0,1,8,9,0,199358,1049,0,0,200408,200408,0,30911,4625,0,0,35536,35536,3607212
2021-03-28,2021,3,28,port915,Pohang,Korea,KOR,1,3,8,0,0,12,12,1245,228666,11819,0,0,241731,241731,617,2691,2586,0,0,5895,5895,3607213
2021-03-29,2021,3,29,port915,Pohang,Korea,KOR,0,0,4,1,0,5,5,0,0,3206,263,0,3469,3469,0,0,374,385,0,760,760,3607214
2021-03-30,2021,3,30,port915,Pohang,Korea,KOR,1,3,10,2,0,16,16,0,164703,8216,527,0,173446,173446,503,0,4067,770,0,5341,5341,3607215
2021-03-31,2021,3,31,port915,Pohang,Korea,KOR,0,0,4,1,1,5,6,0,0,4032,263,0,4296,4296,0,0,3030,385,9360,3415,12776,3607216
2021-04-01,2021,4,1,port915,Pohang,Korea,KOR,0,5,3,2,0,10,10,0,45147,3405,1167,0,49720,49720,0,7735,1601,385,0,9722,9722,3607217
2021-04-02,2021,4,2,port915,Pohang,Korea,KOR,1,2,6,1,1,10,11,0,365090,5830,263,971,371184,372156,1935,0,11625,385,0,13946,13946,3607218
2021-04-03,2021,4,3,port915,Pohang,Korea,KOR,1,3,5,1,2,10,12,0,54842,4130,263,1401,59236,60638,0,0,855,385,0,1241,1242,3607219
2021-04-04,2021,4,4,port915,Pohang,Korea,KOR,1,1,0,0,0,2,2,510,2813,0,0,0,3323,3323,0,447,0,0,0,447,447,3607220
2021-04-05,2021,4,5,port915,Pohang,Korea,KOR,0,2,5,0,1,7,8,0,41889,3985,0,786,45874,46661,0,0,3981,0,0,3981,3981,3607221
2021-04-06,2021,4,6,port915,Pohang,Korea,KOR,3,5,12,2,1,22,23,3737,117464,13558,527,971,135287,136258,1852,18137,4616,770,0,25377,25377,3607222
2021-04-07,2021,4,7,port915,Pohang,Korea,KOR,1,2,5,0,0,8,8,3686,30699,1369,0,0,35755,35755,0,0,2399,0,0,2399,2399,3607223
2021-04-08,2021,4,8,port915,Pohang,Korea,KOR,0,4,6,2,0,12,12,0,242576,10778,527,0,253882,253882,0,30411,4894,770,0,36077,36077,3607224
2021-04-09,2021,4,9,port915,Pohang,Korea,KOR,3,6,5,0,2,14,16,3829,288287,4174,0,0,296291,296291,1234,0,5556,0,0,6791,6791,3607225
2021-04-10,2021,4,10,port915,Pohang,Korea,KOR,1,3,4,2,1,10,11,0,37172,1973,263,700,39409,40110,1506,5414,1781,385,0,9087,9088,3607226
2021-04-11,2021,4,11,port915,Pohang,Korea,KOR,2,1,4,1,1,8,9,2132,128822,733,263,700,131951,132652,0,0,2144,385,0,2530,2530,3607227
2019-01-01,2019,1,1,port915,Pohang,Korea,KOR,0,1,0,0,0,1,1,0,0,0,0,0,0,0,0,1459,0,0,0,1459,1459,3607679
2019-01-02,2019,1,2,port915,Pohang,Korea,KOR,0,0,1,0,0,1,1,0,0,907,0,0,907,907,0,0,800,0,0,800,800,3607681
2019-01-03,2019,1,3,port915,Pohang,Korea,KOR,0,0,1,0,0,1,1,0,0,0,0,0,0,0,0,0,1272,0,0,1272,1272,3607683
2019-01-04,2019,1,4,port915,Pohang,Korea,KOR,1,1,0,1,0,3,3,0,13176,0,263,0,13439,13439,2989,0,0,385,0,3374,3374,3607685
2019-01-05,2019,1,5,port915,Pohang,Korea,KOR,0,0,1,0,0,1,1,0,0,0,0,0,0,0,0,0,307,0,0,307,307,3607687
2019-01-06,2019,1,6,port915,Pohang,Korea,KOR,0,0,0,0,0,0,0,0,0,0,0,0,0,0,0,0,0,0,0,0,0,3607689
2019-01-07,2019,1,7,port915,Pohang,Korea,KOR,0,0,0,0,0,0,0,0,0,0,0,0,0,0,0,0,0,0,0,0,0,3607691
2019-01-08,2019,1,8,port915,Pohang,Korea,KOR,0,0,1,0,0,1,1,0,0,0,0,0,0,0,0,0,6486,0,0,6486,6486,3607693
2019-01-09,2019,1,9,port915,Pohang,Korea,KOR,0,0,0,0,0,0,0,0,0,0,0,0,0,0,0,0,0,0,0,0,0,3607695
2019-01-10,2019,1,10,port915,Pohang,Korea,KOR,0,0,2,0,0,2,2,0,0,0,0,0,0,0,0,0,2800,0,0,2800,2800,3607697
2019-01-11,2019,1,11,port915,Pohang,Korea,KOR,0,0,1,0,0,1,1,0,0,0,0,0,0,0,0,0,1064,0,0,1064,1064,3607699
2019-01-12,2019,1,12,port915,Pohang,Korea,KOR,0,0,0,0,0,0,0,0,0,0,0,0,0,0,0,0,0,0,0,0,0,3607700
2019-01-13,2019,1,13,port915,Pohang,Korea,KOR,0,1,1,0,0,2,2,0,66168,0,0,0,66168,66168,0,0,815,0,0,815,815,3607702
2019-01-14,2019,1,14,port915,Pohang,Korea,KOR,1,2,1,0,0,4,4,0,27359,907,0,0,28266,28266,4604,0,800,0,0,5405,5405,3607704
2019-01-15,2019,1,15,port915,Pohang,Korea,KOR,0,0,1,0,0,1,1,0,0,2818,0,0,2818,2818,0,0,0,0,0,0,0,3607706
2019-01-16,2019,1,16,port915,Pohang,Korea,KOR,0,0,0,0,0,0,0,0,0,0,0,0,0,0,0,0,0,0,0,0,0,3607708
2019-01-17,2019,1,17,port915,Pohang,Korea,KOR,0,0,0,0,0,0,0,0,0,0,0,0,0,0,0,0,0,0,0,0,0,3607710
2019-01-18,2019,1,18,port915,Pohang,Korea,KOR,0,0,0,0,0,0,0,0,0,0,0,0,0,0,0,0,0,0,0,0,0,3607712
2019-01-19,2019,1,19,port915,Pohang,Korea,KOR,0,0,2,1,0,3,3,0,0,0,263,0,263,263,0,0,2769,385,0,3154,3154,3607714
2019-01-20,2019,1,20,port915,Pohang,Korea,KOR,0,0,0,0,0,0,0,0,0,0,0,0,0,0,0,0,0,0,0,0,0,3607716
2019-01-21,2019,1,21,port915,Pohang,Korea,KOR,0,1,1,0,0,2,2,0,0,907,0,0,907,907,0,0,800,0,0,800,800,3607718
2019-01-22,2019,1,22,port915,Pohang,Korea,KOR,0,0,0,0,0,0,0,0,0,0,0,0,0,0,0,0,0,0,0,0,0,3607720
2019-01-23,2019,1,23,port915,Pohang,Korea,KOR,0,1,1,0,0,2,2,0,0,420,0,0,420,420,0,6250,0,0,0,6250,6250,3607722
2019-01-24,2019,1,24,port915,Pohang,Korea,KOR,0,2,0,0,0,2,2,0,0,0,0,0,0,0,0,12237,0,0,0,12237,12237,3607724
2019-01-25,2019,1,25,port915,Pohang,Korea,KOR,0,0,0,0,0,0,0,0,0,0,0,0,0,0,0,0,0,0,0,0,0,3607726
2019-01-26,2019,1,26,port915,Pohang,Korea,KOR,1,0,0,0,0,1,1,0,0,0,0,0,0,0,0,0,0,0,0,0,0,3607728
2019-01-27,2019,1,27,port915,Pohang,Korea,KOR,0,0,1,0,0,1,1,0,0,0,0,0,0,0,0,0,1538,0,0,1538,1538,3607730
2019-01-28,2019,1,28,port915,Pohang,Korea,KOR,0,0,1,0,0,1,1,0,0,907,0,0,907,907,0,0,800,0,0,800,800,3607732
2019-01-29,2019,1,29,port915,Pohang,Korea,KOR,0,0,2,0,1,2,3,0,0,191,0,0,191,191,0,0,931,0,3319,931,4250,3607734
2019-01-30,2019,1,30,port915,Pohang,Korea,KOR,0,0,1,0,0,1,1,0,0,907,0,0,907,907,0,0,800,0,0,800,800,3607736
2019-01-31,2019,1,31,port915,Pohang,Korea,KOR,0,1,1,0,0,2,2,0,24858,7177,0,0,32035,32035,0,0,0,0,0,0,0,3607738
2019-02-01,2019,2,1,port915,Pohang,Korea,KOR,1,0,1,0,0,2,2,1245,0,907,0,0,2152,2152,617,0,800,0,0,1418,1418,3607740
2024-07-25,2024,7,25,port915,Pohang,Korea,KOR,0,1,4,0,0,5,5,0,0,2860,0,0,2860,2860,0,29784,3027,0,0,32812,32812,3608036
2025-08-29,2025,8,29,port915,Pohang,Korea,KOR,1,3,3,1,0,8,8,1472,29282,1814,263,0,32833,32833,0,9634,3373,385,0,13393,13393,3608191
2023-06-21,2023,6,21,port915,Pohang,Korea,KOR,1,0,0,2,0,3,3,1245,0,0,263,0,1509,1509,617,0,0,385,0,1002,1002,3608272
2022-05-17,2022,5,17,port915,Pohang,Korea,KOR,0,3,5,0,0,8,8,0,73384,1433,0,0,74818,74818,0,38621,6740,0,0,45361,45361,3608404
2024-07-26,2024,7,26,port915,Pohang,Korea,KOR,0,1,2,0,0,3,3,0,0,907,0,0,907,907,0,24068,1865,0,0,25934,25934,3608405
2024-07-27,2024,7,27,port915,Pohang,Korea,KOR,0,2,0,0,0,2,2,0,47895,0,0,0,47895,47895,0,0,0,0,0,0,0,3608406
2023-06-22,2023,6,22,port915,Pohang,Korea,KOR,0,1,6,0,0,7,7,0,0,4892,0,0,4892,4892,0,25898,3514,0,0,29412,29412,3608407
2022-05-18,2022,5,18,port915,Pohang,Korea,KOR,1,2,4,0,1,7,8,0,34468,3388,0,0,37856,37856,0,33513,1572,0,17674,35086,52760,3608408
2024-07-28,2024,7,28,port915,Pohang,Korea,KOR,1,0,2,0,0,3,3,6176,0,1296,0,0,7472,7472,0,0,0,0,0,0,0,3608409
2022-05-19,2022,5,19,port915,Pohang,Korea,KOR,1,1,5,0,0,7,7,1245,2720,9719,0,0,13685,13685,617,0,3493,0,0,4110,4110,3608410
2025-08-30,2025,8,30,port915,Pohang,Korea,KOR,0,0,3,0,0,3,3,0,0,5571,0,0,5571,5571,0,0,5095,0,0,5095,5095,3608411
2023-06-23,2023,6,23,port915,Pohang,Korea,KOR,0,0,4,0,0,4,4,0,0,5184,0,0,5184,5184,0,0,1601,0,0,1601,1601,3608412
2024-07-29,2024,7,29,port915,Pohang,Korea,KOR,0,0,0,0,0,0,0,0,0,0,0,0,0,0,0,0,0,0,0,0,0,3608413
2022-05-20,2022,5,20,port915,Pohang,Korea,KOR,1,0,2,0,0,3,3,0,0,16508,0,0,16508,16508,2540,0,0,0,0,2540,2540,3608414
2025-08-31,2025,8,31,port915,Pohang,Korea,KOR,1,0,1,0,0,2,2,1245,0,324,0,0,1569,1569,617,0,0,0,0,617,617,3608415
2023-06-24,2023,6,24,port915,Pohang,Korea,KOR,0,0,2,0,0,2,2,0,0,690,0,0,690,690,0,0,2265,0,0,2265,2265,3608416
2024-07-30,2024,7,30,port915,Pohang,Korea,KOR,0,0,2,0,0,2,2,0,0,1375,0,0,1375,1375,0,0,1983,0,0,1983,1983,3608417
2022-05-21,2022,5,21,port915,Pohang,Korea,KOR,0,2,0,1,0,3,3,0,52642,0,263,0,52905,52905,0,0,0,385,0,385,385,3608418
2025-09-01,2025,9,1,port915,Pohang,Korea,KOR,0,3,1,1,0,5,5,0,576,0,263,0,839,839,0,0,84,385,0,469,469,3608419
2023-06-25,2023,6,25,port915,Pohang,Korea,KOR,0,7,3,0,1,10,11,0,285647,5846,0,814,291493,292308,0,70283,1601,0,2206,71885,74091,3608420
2022-05-22,2022,5,22,port915,Pohang,Korea,KOR,0,3,8,2,0,13,13,0,164722,6171,263,0,171157,171157,0,75042,7551,587,0,83182,83182,3608421
2025-09-02,2025,9,2,port915,Pohang,Korea,KOR,1,0,1,0,0,2,2,764,0,900,0,0,1665,1665,0,0,435,0,0,435,435,3608422
2023-06-26,2023,6,26,port915,Pohang,Korea,KOR,0,0,3,0,0,3,3,0,0,1304,0,0,1304,1304,0,0,2973,0,0,2973,2973,3608423
2024-07-31,2024,7,31,port915,Pohang,Korea,KOR,0,4,6,0,0,10,10,0,323936,5290,0,0,329226,329226,0,0,1677,0,0,1677,1677,3608424
2022-05-23,2022,5,23,port915,Pohang,Korea,KOR,0,7,4,1,0,12,12,0,132779,9514,263,0,142557,142557,0,27205,2402,385,0,29993,29993,3608425
2025-09-03,2025,9,3,port915,Pohang,Korea,KOR,0,0,3,0,0,3,3,0,0,907,0,0,907,907,0,0,3145,0,0,3145,3145,3608426
2023-06-27,2023,6,27,port915,Pohang,Korea,KOR,0,2,3,1,0,6,6,0,2691,1600,0,0,4292,4292,0,3873,2110,248,0,6232,6232,3608427
2024-08-01,2024,8,1,port915,Pohang,Korea,KOR,0,2,2,0,0,4,4,0,34468,1676,0,0,36145,36145,0,10957,1035,0,0,11993,11993,3608428
2022-05-24,2022,5,24,port915,Pohang,Korea,KOR,0,1,2,0,0,3,3,0,158707,1641,0,0,160348,160348,0,0,31,0,0,31,31,3608429
2025-09-04,2025,9,4,port915,Pohang,Korea,KOR,0,1,5,0,0,6,6,0,77305,3261,0,0,80567,80567,0,0,1401,0,0,1401,1401,3608430
2023-06-28,2023,6,28,port915,Pohang,Korea,KOR,0,0,1,0,0,1,1,0,0,1020,0,0,1020,1020,0,0,0,0,0,0,0,3608431
2024-08-02,2024,8,2,port915,Pohang,Korea,KOR,1,0,2,1,0,4,4,1347,0,1703,263,0,3314,3314,0,0,800,385,0,1186,1186,3608432
2022-05-25,2022,5,25,port915,Pohang,Korea,KOR,0,2,3,0,0,5,5,0,0,1127,0,0,1127,1127,0,9546,814,0,0,10361,10361,3608433
2025-09-05,2025,9,5,port915,Pohang,Korea,KOR,1,3,9,2,2,15,17,1086,35678,6470,527,814,43763,44577,0,8503,8800,770,3554,18075,21629,3608434
2023-06-29,2023,6,29,port915,Pohang,Korea,KOR,0,1,6,0,0,7,7,0,34468,8999,0,0,43467,43467,0,5414,1850,0,0,7264,7264,3608435
2024-08-03,2024,8,3,port915,Pohang,Korea,KOR,0,6,4,1,0,11,11,0,165911,6522,263,0,172697,172697,0,28744,800,385,0,29930,29930,3608436
2022-05-26,2022,5,26,port915,Pohang,Korea,KOR,1,1,3,0,0,5,5,0,0,1979,0,0,1979,1979,4730,194,1376,0,0,6301,6301,3608437
2025-09-06,2025,9,6,port915,Pohang,Korea,KOR,0,1,1,0,0,2,2,0,150640,907,0,0,151547,151547,0,0,800,0,0,800,800,3608438
2023-06-30,2023,6,30,port915,Pohang,Korea,KOR,0,2,2,0,0,4,4,0,126109,2112,0,0,128221,128221,0,5414,0,0,0,5414,5414,3608439
2024-08-04,2024,8,4,port915,Pohang,Korea,KOR,1,3,2,0,2,6,8,1124,66056,11828,0,814,79009,79824,0,5229,0,0,2858,5229,8088,3608440
2022-05-27,2022,5,27,port915,Pohang,Korea,KOR,1,0,1,0,0,2,2,0,0,907,0,0,907,907,0,0,800,0,0,800,800,3608441
2025-09-07,2025,9,7,port915,Pohang,Korea,KOR,1,1,1,0,0,3,3,1658,0,907,0,0,2565,2565,0,8647,800,0,0,9448,9448,3608442
2023-07-01,2023,7,1,port915,Pohang,Korea,KOR,1,4,8,1,0,14,14,4887,68936,17004,263,0,91092,91092,0,10828,4066,385,0,15280,15280,3608443
2024-08-05,2024,8,5,port915,Pohang,Korea,KOR,0,2,3,0,0,5,5,0,70271,1781,0,0,72053,72053,0,0,2857,0,0,2857,2857,3608444
2022-05-28,2022,5,28,port915,Pohang,Korea,KOR,0,2,8,0,0,10,10,0,160166,6913,0,0,167080,167080,0,4633,5888,0,0,10521,10521,3608445
2025-09-08,2025,9,8,port915,Pohang,Korea,KOR,0,0,3,0,0,3,3,0,0,5995,0,0,5995,5995,0,0,1582,0,0,1582,1582,3608446
2023-07-02,2023,7,2,port915,Pohang,Korea,KOR,0,1,6,0,0,7,7,0,0,2034,0,0,2034,2034,0,3402,6399,0,0,9802,9802,3608447
2024-08-06,2024,8,6,port915,Pohang,Korea,KOR,1,2,2,0,0,5,5,3046,34468,2465,0,0,39981,39981,0,6873,800,0,0,7674,7674,3608448
2022-05-29,2022,5,29,port915,Pohang,Korea,KOR,0,2,5,0,0,7,7,0,49738,1301,0,0,51040,51040,0,5414,1790,0,0,7205,7205,3608449
2025-09-09,2025,9,9,port915,Pohang,Korea,KOR,0,1,4,0,0,5,5,0,58465,2080,0,0,60546,60546,0,0,3656,0,0,3656,3656,3608450
2023-07-03,2023,7,3,port915,Pohang,Korea,KOR,0,0,0,0,0,0,0,0,0,0,0,0,0,0,0,0,0,0,0,0,0,3608451
2024-08-07,2024,8,7,port915,Pohang,Korea,KOR,0,4,2,0,0,6,6,0,88932,907,0,0,89839,89839,0,36388,1278,0,0,37666,37666,3608452
2022-05-30,2022,5,30,port915,Pohang,Korea,KOR,1,1,1,0,0,3,3,0,0,885,0,0,885,885,4540,28111,0,0,0,32652,32652,3608453
2025-09-10,2025,9,10,port915,Pohang,Korea,KOR,0,0,1,0,0,1,1,0,0,1431,0,0,1431,1431,0,0,0,0,0,0,0,3608454
2023-07-04,2023,7,4,port915,Pohang,Korea,KOR,0,1,6,1,0,8,8,0,0,6541,263,0,6805,6805,0,0,1803,385,0,2189,2189,3608455
2024-08-08,2024,8,8,port915,Pohang,Korea,KOR,0,1,1,0,0,2,2,0,196040,907,0,0,196947,196947,0,0,800,0,0,800,800,3608456
2022-05-31,2022,5,31,port915,Pohang,Korea,KOR,0,2,2,1,1,5,6,0,72202,2177,263,814,74643,75458,0,0,0,385,2206,385,2591,3608457
2025-09-11,2025,9,11,port915,Pohang,Korea,KOR,0,1,1,0,0,2,2,0,0,402,0,0,402,402,0,0,0,0,0,0,0,3608458
2023-07-05,2023,7,5,port915,Pohang,Korea,KOR,1,6,10,0,0,17,17,1245,258055,8068,0,0,267370,267370,617,14244,6047,0,0,20909,20909,3608459
2024-08-09,2024,8,9,port915,Pohang,Korea,KOR,0,1,6,0,0,7,7,0,34468,2488,0,0,36956,36956,0,5414,3096,0,0,8510,8510,3608460
2022-06-01,2022,6,1,port915,Pohang,Korea,KOR,1,3,2,0,0,6,6,1245,96695,4648,0,0,102589,102589,617,5414,270,0,0,6301,6301,3608461
2025-09-12,2025,9,12,port915,Pohang,Korea,KOR,0,1,1,0,0,2,2,0,0,0,0,0,0,0,0,7935,1043,0,0,8978,8978,3608462
2023-07-06,2023,7,6,port915,Pohang,Korea,KOR,1,3,2,0,1,6,7,1601,8604,907,0,814,11112,11927,0,2575,3179,0,2206,5755,7961,3608463
2024-08-10,2024,8,10,port915,Pohang,Korea,KOR,0,1,3,0,0,4,4,0,0,3221,0,0,3221,3221,0,9860,1601,0,0,11461,11461,3608464
2022-06-02,2022,6,2,port915,Pohang,Korea,KOR,0,2,6,0,0,8,8,0,0,5442,0,0,5442,5442,0,0,4805,0,0,4805,4805,3608465
2022-06-03,2022,6,3,port915,Pohang,Korea,KOR,1,4,7,1,0,13,13,0,268821,7174,263,0,276259,276259,0,10828,3203,385,0,14417,14417,3608466
2022-06-04,2022,6,4,port915,Pohang,Korea,KOR,1,1,9,1,0,12,12,0,2601,9262,0,0,11863,11863,8186,0,3203,202,0,11592,11592,3608467
2022-06-05,2022,6,5,port915,Pohang,Korea,KOR,0,0,3,0,0,3,3,0,0,2695,0,0,2695,2695,0,0,1868,0,0,1868,1868,3608468
2022-06-06,2022,6,6,port915,Pohang,Korea,KOR,0,0,0,0,1,0,1,0,0,0,0,814,0,814,0,0,0,0,2206,0,2206,3608469
2022-06-07,2022,6,7,port915,Pohang,Korea,KOR,0,0,2,0,1,2,3,0,0,1692,0,1701,1692,3394,0,0,800,0,0,800,800,3608470
2022-06-08,2022,6,8,port915,Pohang,Korea,KOR,1,0,3,0,0,4,4,0,0,3075,0,0,3075,3075,0,0,1531,0,0,1531,1531,3608471
2022-06-09,2022,6,9,port915,Pohang,Korea,KOR,0,10,14,1,1,25,26,0,374185,10385,263,814,384834,385649,0,13752,9267,385,2206,23405,25611,3608472
2022-06-10,2022,6,10,port915,Pohang,Korea,KOR,0,3,5,0,0,8,8,0,68936,3930,0,0,72867,72867,0,10828,2111,0,0,12940,12940,3608473
2022-06-11,2022,6,11,port915,Pohang,Korea,KOR,0,0,1,0,0,1,1,0,0,3137,0,0,3137,3137,0,0,0,0,0,0,0,3608474
2022-06-12,2022,6,12,port915,Pohang,Korea,KOR,0,1,1,1,0,3,3,0,0,0,263,0,263,263,0,20982,705,385,0,22073,22073,3608475
2022-06-13,2022,6,13,port915,Pohang,Korea,KOR,0,0,2,0,0,2,2,0,0,1715,0,0,1715,1715,0,0,800,0,0,800,800,3608476
2022-06-14,2022,6,14,port915,Pohang,Korea,KOR,0,1,3,0,0,4,4,0,198684,2612,0,0,201296,201296,0,0,1023,0,0,1023,1023,3608477
2022-06-15,2022,6,15,port915,Pohang,Korea,KOR,0,3,4,0,0,7,7,0,0,907,0,0,907,907,0,6856,4655,0,0,11512,11512,3608478
2022-06-16,2022,6,16,port915,Pohang,Korea,KOR,0,2,7,0,0,9,9,0,0,21862,0,0,21862,21862,0,15085,14825,0,0,29911,29911,3608479
2022-06-17,2022,6,17,port915,Pohang,Korea,KOR,1,2,4,0,0,7,7,894,183212,3973,0,0,188081,188081,0,5057,4243,0,0,9300,9300,3608480
2022-06-18,2022,6,18,port915,Pohang,Korea,KOR,1,0,0,0,0,1,1,2729,0,0,0,0,2729,2729,0,0,0,0,0,0,0,3608481
2022-06-19,2022,6,19,port915,Pohang,Korea,KOR,0,0,0,0,0,0,0,0,0,0,0,0,0,0,0,0,0,0,0,0,0,3608482
2022-06-20,2022,6,20,port915,Pohang,Korea,KOR,0,2,1,0,0,3,3,0,0,1936,0,0,1936,1936,0,7882,0,0,0,7882,7882,3608483
2022-06-21,2022,6,21,port915,Pohang,Korea,KOR,1,2,1,0,0,4,4,1017,0,907,0,0,1924,1924,0,6109,800,0,0,6909,6909,3608484
2022-06-22,2022,6,22,port915,Pohang,Korea,KOR,0,3,0,0,0,3,3,0,1109,0,0,0,1109,1109,0,38522,0,0,0,38522,38522,3608485
2022-06-23,2022,6,23,port915,Pohang,Korea,KOR,0,1,0,0,0,1,1,0,0,0,0,0,0,0,0,4055,0,0,0,4055,4055,3608486
2022-06-24,2022,6,24,port915,Pohang,Korea,KOR,0,3,4,0,0,7,7,0,345371,3636,0,0,349007,349007,0,0,3213,0,0,3213,3213,3608487
2022-06-25,2022,6,25,port915,Pohang,Korea,KOR,1,0,2,0,0,3,3,1245,0,1264,0,0,2510,2510,617,0,800,0,0,1418,1418,3608488
2022-06-26,2022,6,26,port915,Pohang,Korea,KOR,0,0,1,0,0,1,1,0,0,0,0,0,0,0,0,0,919,0,0,919,919,3608489
2022-06-27,2022,6,27,port915,Pohang,Korea,KOR,0,0,1,0,0,1,1,0,0,2634,0,0,2634,2634,0,0,0,0,0,0,0,3608490
2022-06-28,2022,6,28,port915,Pohang,Korea,KOR,1,1,1,0,0,3,3,0,34468,1712,0,0,36180,36180,5034,5414,0,0,0,10448,10448,3608491
2022-06-29,2022,6,29,port915,Pohang,Korea,KOR,0,0,1,0,0,1,1,0,0,1476,0,0,1476,1476,0,0,0,0,0,0,0,3608492
2022-06-30,2022,6,30,port915,Pohang,Korea,KOR,0,5,6,0,0,11,11,0,251712,9168,0,0,260880,260880,0,33657,7794,0,0,41452,41452,3608493
2022-07-01,2022,7,1,port915,Pohang,Korea,KOR,1,1,3,0,0,5,5,1939,0,3288,0,0,5228,5228,0,7538,1872,0,0,9410,9410,3608494
2022-07-02,2022,7,2,port915,Pohang,Korea,KOR,0,1,2,0,0,3,3,0,34468,0,0,0,34468,34468,0,5414,2615,0,0,8029,8029,3608495
2022-07-03,2022,7,3,port915,Pohang,Korea,KOR,1,2,4,0,0,7,7,1245,0,4998,0,0,6243,6243,617,25140,1601,0,0,27359,27359,3608496
2022-07-04,2022,7,4,port915,Pohang,Korea,KOR,1,2,1,0,0,4,4,0,47850,1712,0,0,49562,49562,0,0,0,0,0,0,0,3608497
2022-07-05,2022,7,5,port915,Pohang,Korea,KOR,1,0,0,0,0,1,1,1245,0,0,0,0,1245,1245,617,0,0,0,0,617,617,3608498
2022-07-06,2022,7,6,port915,Pohang,Korea,KOR,0,0,2,0,1,2,3,0,0,1814,0,0,1814,1814,0,0,1601,0,7321,1601,8923,3608499
2022-07-07,2022,7,7,port915,Pohang,Korea,KOR,0,0,1,0,0,1,1,0,0,237,0,0,237,237,0,0,0,0,0,0,0,3608500
2022-07-08,2022,7,8,port915,Pohang,Korea,KOR,0,0,3,0,0,3,3,0,0,2130,0,0,2130,2130,0,0,5911,0,0,5911,5911,3608501
2022-07-09,2022,7,9,port915,Pohang,Korea,KOR,0,0,1,0,0,1,1,0,0,907,0,0,907,907,0,0,800,0,0,800,800,3608502
2022-07-10,2022,7,10,port915,Pohang,Korea,KOR,1,1,1,0,1,3,4,3926,0,561,0,814,4488,5303,0,5839,0,0,2206,5839,8045,3608503
2022-07-11,2022,7,11,port915,Pohang,Korea,KOR,0,2,2,0,0,4,4,0,52951,1814,0,0,54766,54766,0,0,1601,0,0,1601,1601,3608504
2022-07-12,2022,7,12,port915,Pohang,Korea,KOR,0,0,1,0,0,1,1,0,0,1350,0,0,1350,1350,0,0,0,0,0,0,0,3608505
2022-07-13,2022,7,13,port915,Pohang,Korea,KOR,0,3,1,0,0,4,4,0,96184,1065,0,0,97250,97250,0,10828,0,0,0,10828,10828,3608506
2022-07-14,2022,7,14,port915,Pohang,Korea,KOR,0,2,2,0,0,4,4,0,615,2353,0,0,2968,2968,0,22186,800,0,0,22987,22987,3608507
2022-07-15,2022,7,15,port915,Pohang,Korea,KOR,0,0,3,0,0,3,3,0,0,1477,0,0,1477,1477,0,0,2399,0,0,2399,2399,3608508
2022-07-16,2022,7,16,port915,Pohang,Korea,KOR,0,2,4,0,0,6,6,0,0,4024,0,0,4024,4024,0,30912,751,0,0,31664,31664,3608509
2022-07-17,2022,7,17,port915,Pohang,Korea,KOR,0,1,1,0,0,2,2,0,0,878,0,0,878,878,0,28717,0,0,0,28717,28717,3608510
2022-07-18,2022,7,18,port915,Pohang,Korea,KOR,0,0,0,0,0,0,0,0,0,0,0,0,0,0,0,0,0,0,0,0,0,3608511
2022-07-19,2022,7,19,port915,Pohang,Korea,KOR,0,4,3,0,1,7,8,0,34468,4709,0,127,39177,39305,0,41785,800,0,7327,42585,49913,3608512
2022-07-20,2022,7,20,port915,Pohang,Korea,KOR,1,5,6,0,0,12,12,1245,285780,9454,0,0,296480,296480,617,5414,1734,0,0,7765,7765,3608513
2022-07-21,2022,7,21,port915,Pohang,Korea,KOR,0,1,3,0,0,4,4,0,0,250,0,0,250,250,0,7484,1682,0,0,9166,9166,3608514
2022-07-22,2022,7,22,port915,Pohang,Korea,KOR,0,1,3,0,0,4,4,0,0,0,0,0,0,0,0,35549,3897,0,0,39446,39446,3608515
2022-07-23,2022,7,23,port915,Pohang,Korea,KOR,0,0,0,0,0,0,0,0,0,0,0,0,0,0,0,0,0,0,0,0,0,3608516
2022-07-24,2022,7,24,port915,Pohang,Korea,KOR,0,1,0,0,0,1,1,0,193215,0,0,0,193215,193215,0,0,0,0,0,0,0,3608517
2022-07-25,2022,7,25,port915,Pohang,Korea,KOR,1,0,0,0,0,1,1,1245,0,0,0,0,1245,1245,617,0,0,0,0,617,617,3608518
2022-07-26,2022,7,26,port915,Pohang,Korea,KOR,1,4,8,0,0,13,13,1245,85595,3812,0,0,90653,90653,617,16337,7191,0,0,24146,24146,3608519
2022-07-27,2022,7,27,port915,Pohang,Korea,KOR,0,2,4,0,0,6,6,0,458,2254,0,0,2712,2712,0,5260,2103,0,0,7364,7364,3608520
2022-07-28,2022,7,28,port915,Pohang,Korea,KOR,0,0,2,0,0,2,2,0,0,907,0,0,907,907,0,0,2481,0,0,2481,2481,3608521
2022-07-29,2022,7,29,port915,Pohang,Korea,KOR,0,0,1,0,0,1,1,0,0,5951,0,0,5951,5951,0,0,0,0,0,0,0,3608522
2022-07-30,2022,7,30,port915,Pohang,Korea,KOR,0,0,1,0,0,1,1,0,0,907,0,0,907,907,0,0,800,0,0,800,800,3608523
2022-07-31,2022,7,31,port915,Pohang,Korea,KOR,0,0,2,0,0,2,2,0,0,2119,0,0,2119,2119,0,0,270,0,0,270,270,3608524
2022-08-01,2022,8,1,port915,Pohang,Korea,KOR,0,3,0,1,0,4,4,0,13966,0,263,0,14230,14230,0,49171,0,385,0,49557,49557,3608525
2022-08-02,2022,8,2,port915,Pohang,Korea,KOR,2,1,2,0,0,5,5,4758,0,2090,0,0,6848,6848,617,19775,800,0,0,21193,21193,3608526
2022-08-03,2022,8,3,port915,Pohang,Korea,KOR,0,0,3,0,1,3,4,0,0,6123,0,2172,6123,8295,0,0,836,0,0,836,836,3608527
2022-08-04,2022,8,4,port915,Pohang,Korea,KOR,0,1,3,0,0,4,4,0,178446,834,0,0,179281,179281,0,0,3984,0,0,3984,3984,3608528
2022-08-05,2022,8,5,port915,Pohang,Korea,KOR,0,1,1,0,0,2,2,0,0,0,0,0,0,0,0,2150,2172,0,0,4322,4322,3608529
2022-08-06,2022,8,6,port915,Pohang,Korea,KOR,1,1,1,0,0,3,3,1245,0,907,0,0,2152,2152,617,29539,800,0,0,30958,30958,3608530
2022-08-07,2022,8,7,port915,Pohang,Korea,KOR,0,1,2,1,0,4,4,0,121705,1474,263,0,123444,123444,0,0,270,385,0,655,655,3608531
2022-08-08,2022,8,8,port915,Pohang,Korea,KOR,0,2,2,0,0,4,4,0,0,3125,0,0,3125,3125,0,2916,800,0,0,3716,3716,3608532
2022-08-09,2022,8,9,port915,Pohang,Korea,KOR,0,2,3,0,0,5,5,0,801,2154,0,0,2955,2955,0,3375,1601,0,0,4976,4976,3608533
2022-08-10,2022,8,10,port915,Pohang,Korea,KOR,0,1,0,0,0,1,1,0,0,0,0,0,0,0,0,43943,0,0,0,43943,43943,3608534
2022-08-11,2022,8,11,port915,Pohang,Korea,KOR,0,2,4,0,0,6,6,0,58388,2375,0,0,60764,60764,0,3380,2944,0,0,6325,6325,3608535
2022-08-12,2022,8,12,port915,Pohang,Korea,KOR,0,1,1,0,0,2,2,0,0,0,0,0,0,0,0,19955,2806,0,0,22761,22761,3608536
2022-08-13,2022,8,13,port915,Pohang,Korea,KOR,0,1,1,0,0,2,2,0,34468,907,0,0,35375,35375,0,5414,800,0,0,6215,6215,3608537
2022-08-14,2022,8,14,port915,Pohang,Korea,KOR,0,0,2,0,0,2,2,0,0,511,0,0,511,511,0,0,2172,0,0,2172,2172,3608538
2022-08-15,2022,8,15,port915,Pohang,Korea,KOR,0,2,2,0,0,4,4,0,982,1576,0,0,2558,2558,0,0,0,0,0,0,0,3608539
2022-08-16,2022,8,16,port915,Pohang,Korea,KOR,0,0,0,0,0,0,0,0,0,0,0,0,0,0,0,0,0,0,0,0,0,3608540
2022-08-17,2022,8,17,port915,Pohang,Korea,KOR,0,1,2,0,0,3,3,0,0,3068,0,0,3068,3068,0,0,0,0,0,0,0,3608541
2022-08-18,2022,8,18,port915,Pohang,Korea,KOR,0,1,2,0,0,3,3,0,53463,1814,0,0,55277,55277,0,0,1601,0,0,1601,1601,3608542
2022-08-19,2022,8,19,port915,Pohang,Korea,KOR,0,3,2,0,0,5,5,0,16155,1619,0,0,17774,17774,0,62272,800,0,0,63073,63073,3608543
2022-08-20,2022,8,20,port915,Pohang,Korea,KOR,0,1,5,0,0,6,6,0,171673,8728,0,0,180402,180402,0,0,4044,0,0,4044,4044,3608544
2022-08-21,2022,8,21,port915,Pohang,Korea,KOR,0,5,5,3,0,13,13,0,392820,3809,791,0,397421,397421,0,6006,2551,1156,0,9713,9713,3608545
2022-08-22,2022,8,22,port915,Pohang,Korea,KOR,0,2,1,0,0,3,3,0,26120,907,0,0,27027,27027,0,0,800,0,0,800,800,3608546
2022-08-23,2022,8,23,port915,Pohang,Korea,KOR,1,2,2,0,0,5,5,1245,0,907,0,0,2152,2152,617,19603,974,0,0,21195,21195,3608547
2022-08-24,2022,8,24,port915,Pohang,Korea,KOR,0,1,2,0,0,3,3,0,34468,907,0,0,35375,35375,0,5414,800,0,0,6215,6215,3608548
2022-08-25,2022,8,25,port915,Pohang,Korea,KOR,0,0,2,0,0,2,2,0,0,1814,0,0,1814,1814,0,0,1601,0,0,1601,1601,3608549
2022-08-26,2022,8,26,port915,Pohang,Korea,KOR,0,1,2,0,0,3,3,0,30911,5440,0,0,36351,36351,0,0,305,0,0,305,305,3608550
2022-08-27,2022,8,27,port915,Pohang,Korea,KOR,1,1,5,0,0,7,7,1245,45810,2330,0,0,49386,49386,617,0,6078,0,0,6695,6695,3608551
2022-08-28,2022,8,28,port915,Pohang,Korea,KOR,1,0,1,0,0,2,2,1245,0,907,0,0,2152,2152,617,0,800,0,0,1418,1418,3608552
2022-08-29,2022,8,29,port915,Pohang,Korea,KOR,0,3,2,0,0,5,5,0,163297,907,0,0,164204,164204,0,307,1410,0,0,1718,1718,3608553
2022-08-30,2022,8,30,port915,Pohang,Korea,KOR,0,2,1,0,0,3,3,0,34468,0,0,0,34468,34468,0,5750,1500,0,0,7250,7250,3608554
2022-08-31,2022,8,31,port915,Pohang,Korea,KOR,0,1,2,0,0,3,3,0,2501,1832,0,0,4334,4334,0,0,1253,0,0,1253,1253,3608555
2022-09-01,2022,9,1,port915,Pohang,Korea,KOR,0,0,5,0,0,5,5,0,0,5157,0,0,5157,5157,0,0,2103,0,0,2103,2103,3608556
2022-09-02,2022,9,2,port915,Pohang,Korea,KOR,0,1,1,0,0,2,2,0,0,907,0,0,907,907,0,0,800,0,0,800,800,3608557
2022-09-03,2022,9,3,port915,Pohang,Korea,KOR,0,0,1,0,0,1,1,0,0,172,0,0,172,172,0,0,0,0,0,0,0,3608558
2022-09-04,2022,9,4,port915,Pohang,Korea,KOR,0,0,1,0,0,1,1,0,0,907,0,0,907,907,0,0,800,0,0,800,800,3608559
2022-09-05,2022,9,5,port915,Pohang,Korea,KOR,0,0,0,0,0,0,0,0,0,0,0,0,0,0,0,0,0,0,0,0,0,3608560
2022-09-06,2022,9,6,port915,Pohang,Korea,KOR,0,0,1,0,0,1,1,0,0,907,0,0,907,907,0,0,800,0,0,800,800,3608561
2022-09-07,2022,9,7,port915,Pohang,Korea,KOR,0,3,0,0,0,3,3,0,45818,0,0,0,45818,45818,0,0,0,0,0,0,0,3608562
2022-09-08,2022,9,8,port915,Pohang,Korea,KOR,1,0,0,0,0,1,1,1245,0,0,0,0,1245,1245,617,0,0,0,0,617,617,3608563
2022-09-09,2022,9,9,port915,Pohang,Korea,KOR,0,0,1,0,0,1,1,0,0,1303,0,0,1303,1303,0,0,0,0,0,0,0,3608564
2022-09-10,2022,9,10,port915,Pohang,Korea,KOR,0,0,1,0,0,1,1,0,0,907,0,0,907,907,0,0,800,0,0,800,800,3608565
2022-09-11,2022,9,11,port915,Pohang,Korea,KOR,0,3,1,0,0,4,4,0,196360,907,0,0,197267,197267,0,0,800,0,0,800,800,3608566
2022-09-12,2022,9,12,port915,Pohang,Korea,KOR,0,0,0,1,0,1,1,0,0,0,313,0,313,313,0,0,0,222,0,222,222,3608567
2022-09-13,2022,9,13,port915,Pohang,Korea,KOR,0,1,1,0,0,2,2,0,0,907,0,0,907,907,0,0,800,0,0,800,800,3608568
2022-09-14,2022,9,14,port915,Pohang,Korea,KOR,0,0,4,0,0,4,4,0,0,4105,0,0,4105,4105,0,0,2838,0,0,2838,2838,3608569
2022-09-15,2022,9,15,port915,Pohang,Korea,KOR,0,3,3,0,0,6,6,0,21978,907,0,0,22885,22885,0,0,3613,0,0,3613,3613,3608570
2022-09-16,2022,9,16,port915,Pohang,Korea,KOR,0,0,3,0,0,3,3,0,0,3220,0,0,3220,3220,0,0,1886,0,0,1886,1886,3608571
2022-09-17,2022,9,17,port915,Pohang,Korea,KOR,0,1,2,0,0,3,3,0,0,907,0,0,907,907,0,0,2399,0,0,2399,2399,3608572
2022-09-18,2022,9,18,port915,Pohang,Korea,KOR,0,0,0,0,0,0,0,0,0,0,0,0,0,0,0,0,0,0,0,0,0,3608573
2022-09-19,2022,9,19,port915,Pohang,Korea,KOR,0,0,0,0,0,0,0,0,0,0,0,0,0,0,0,0,0,0,0,0,0,3608574
2022-09-20,2022,9,20,port915,Pohang,Korea,KOR,0,0,1,0,0,1,1,0,0,0,0,0,0,0,0,0,3320,0,0,3320,3320,3608575
2022-09-21,2022,9,21,port915,Pohang,Korea,KOR,0,2,0,0,1,2,3,0,19059,0,0,0,19059,19059,0,0,0,0,4312,0,4312,3608576
2022-09-22,2022,9,22,port915,Pohang,Korea,KOR,1,0,4,0,0,5,5,6142,0,2721,0,0,8864,8864,0,0,3151,0,0,3151,3151,3608577
2022-09-23,2022,9,23,port915,Pohang,Korea,KOR,0,1,1,0,0,2,2,0,45810,907,0,0,46717,46717,0,0,800,0,0,800,800,3608578
2022-09-24,2022,9,24,port915,Pohang,Korea,KOR,0,1,1,0,0,2,2,0,1156,3106,0,0,4263,4263,0,0,0,0,0,0,0,3608579
2022-09-25,2022,9,25,port915,Pohang,Korea,KOR,0,5,6,0,0,11,11,0,354783,5305,0,0,360089,360089,0,14913,2825,0,0,17739,17739,3608580
2022-09-26,2022,9,26,port915,Pohang,Korea,KOR,0,1,6,0,0,7,7,0,0,12732,0,0,12732,12732,0,1158,3200,0,0,4358,4358,3608581
2022-09-27,2022,9,27,port915,Pohang,Korea,KOR,0,1,0,1,0,2,2,0,0,0,263,0,263,263,0,24769,0,385,0,25155,25155,3608582
2022-09-28,2022,9,28,port915,Pohang,Korea,KOR,0,5,7,0,0,12,12,0,435537,6903,0,0,442441,442441,0,9276,6582,0,0,15858,15858,3608583
2022-09-29,2022,9,29,port915,Pohang,Korea,KOR,1,3,7,0,0,11,11,6651,0,6512,0,0,13163,13163,0,170852,7627,0,0,178480,178480,3608584
2022-09-30,2022,9,30,port915,Pohang,Korea,KOR,1,2,6,0,0,9,9,317,191306,11249,0,0,202873,202873,0,1641,3184,0,0,4825,4825,3608585
2022-10-01,2022,10,1,port915,Pohang,Korea,KOR,0,1,13,1,0,15,15,0,34468,11410,263,0,46143,46143,0,5414,5398,385,0,11198,11198,3608586
2022-10-02,2022,10,2,port915,Pohang,Korea,KOR,0,0,0,0,0,0,0,0,0,0,0,0,0,0,0,0,0,0,0,0,0,3608587
2022-10-03,2022,10,3,port915,Pohang,Korea,KOR,0,0,3,0,0,3,3,0,0,2975,0,0,2975,2975,0,0,1601,0,0,1601,1601,3608588
2022-10-04,2022,10,4,port915,Pohang,Korea,KOR,0,0,0,0,0,0,0,0,0,0,0,0,0,0,0,0,0,0,0,0,0,3608589
2022-10-05,2022,10,5,port915,Pohang,Korea,KOR,0,0,0,0,0,0,0,0,0,0,0,0,0,0,0,0,0,0,0,0,0,3608590
2022-10-06,2022,10,6,port915,Pohang,Korea,KOR,0,1,3,0,0,4,4,0,0,1669,0,0,1669,1669,0,2380,2399,0,0,4780,4780,3608591
2022-10-07,2022,10,7,port915,Pohang,Korea,KOR,0,0,2,0,0,2,2,0,0,1814,0,0,1814,1814,0,0,1601,0,0,1601,1601,3608592
2022-10-08,2022,10,8,port915,Pohang,Korea,KOR,0,1,0,0,0,1,1,0,34468,0,0,0,34468,34468,0,5414,0,0,0,5414,5414,3608593
2022-10-09,2022,10,9,port915,Pohang,Korea,KOR,0,1,3,0,0,4,4,0,40815,3037,0,0,43853,43853,0,0,1601,0,0,1601,1601,3608594
2022-10-10,2022,10,10,port915,Pohang,Korea,KOR,0,1,0,0,0,1,1,0,26987,0,0,0,26987,26987,0,0,0,0,0,0,0,3608595
2022-10-11,2022,10,11,port915,Pohang,Korea,KOR,0,1,0,0,0,1,1,0,34468,0,0,0,34468,34468,0,5414,0,0,0,5414,5414,3608596
2022-10-12,2022,10,12,port915,Pohang,Korea,KOR,0,1,3,0,0,4,4,0,5084,907,0,0,5991,5991,0,0,4679,0,0,4679,4679,3608597
2022-10-13,2022,10,13,port915,Pohang,Korea,KOR,0,1,1,0,0,2,2,0,0,1981,0,0,1981,1981,0,13319,0,0,0,13319,13319,3608598
2022-10-14,2022,10,14,port915,Pohang,Korea,KOR,1,0,3,0,0,4,4,451,0,2963,0,0,3415,3415,0,0,839,0,0,839,839,3608599
2022-10-15,2022,10,15,port915,Pohang,Korea,KOR,0,3,3,0,1,6,7,0,212915,9559,0,0,222474,222474,0,13489,1071,0,1329,14560,15890,3608600
2022-10-16,2022,10,16,port915,Pohang,Korea,KOR,0,1,2,0,0,3,3,0,0,907,0,0,907,907,0,38203,1138,0,0,39342,39342,3608601
2022-10-17,2022,10,17,port915,Pohang,Korea,KOR,1,0,3,0,0,4,4,2260,0,1864,0,0,4124,4124,0,0,3172,0,0,3172,3172,3608602
2022-10-18,2022,10,18,port915,Pohang,Korea,KOR,0,2,2,1,0,5,5,0,34162,1454,263,0,35881,35881,0,0,0,385,0,385,385,3608603
2022-10-19,2022,10,19,port915,Pohang,Korea,KOR,0,2,1,0,0,3,3,0,80240,907,0,0,81147,81147,0,18364,800,0,0,19165,19165,3608604
2022-10-20,2022,10,20,port915,Pohang,Korea,KOR,0,7,4,0,0,11,11,0,368991,5584,0,0,374575,374575,0,58246,2399,0,0,60646,60646,3608605
2022-10-21,2022,10,21,port915,Pohang,Korea,KOR,0,2,3,0,1,5,6,0,314,2338,0,814,2653,3468,0,2297,1314,0,2206,3612,5819,3608606
2022-10-22,2022,10,22,port915,Pohang,Korea,KOR,0,1,1,0,0,2,2,0,0,0,0,0,0,0,0,25104,3486,0,0,28590,28590,3608607
2022-10-23,2022,10,23,port915,Pohang,Korea,KOR,1,2,0,0,0,3,3,8160,34468,0,0,0,42629,42629,0,23985,0,0,0,23985,23985,3608608
2022-10-24,2022,10,24,port915,Pohang,Korea,KOR,0,0,3,0,0,3,3,0,0,3288,0,0,3288,3288,0,0,1872,0,0,1872,1872,3608609
2022-10-25,2022,10,25,port915,Pohang,Korea,KOR,1,0,1,0,0,2,2,0,0,1474,0,0,1474,1474,0,0,270,0,0,270,270,3608610
2022-10-26,2022,10,26,port915,Pohang,Korea,KOR,0,0,9,0,0,9,9,0,0,8188,0,0,8188,8188,0,0,3449,0,0,3449,3449,3608611
2022-10-27,2022,10,27,port915,Pohang,Korea,KOR,0,0,1,0,0,1,1,0,0,1474,0,0,1474,1474,0,0,270,0,0,270,270,3608612
2022-10-28,2022,10,28,port915,Pohang,Korea,KOR,0,0,2,0,0,2,2,0,0,1031,0,0,1031,1031,0,0,0,0,0,0,0,3608613
2022-10-29,2022,10,29,port915,Pohang,Korea,KOR,0,0,3,0,0,3,3,0,0,2423,0,0,2423,2423,0,0,800,0,0,800,800,3608614
2022-10-30,2022,10,30,port915,Pohang,Korea,KOR,0,1,0,1,0,2,2,0,2511,0,263,0,2774,2774,0,0,0,385,0,385,385,3608615
2022-10-31,2022,10,31,port915,Pohang,Korea,KOR,0,0,0,0,0,0,0,0,0,0,0,0,0,0,0,0,0,0,0,0,0,3608616
2022-11-01,2022,11,1,port915,Pohang,Korea,KOR,0,1,2,0,0,3,3,0,19841,1814,0,0,21655,21655,0,0,1601,0,0,1601,1601,3608617
2022-11-02,2022,11,2,port915,Pohang,Korea,KOR,0,1,4,0,0,5,5,0,0,2733,0,0,2733,2733,0,5209,1087,0,0,6296,6296,3608618
2022-11-03,2022,11,3,port915,Pohang,Korea,KOR,0,0,3,0,0,3,3,0,0,922,0,0,922,922,0,0,1598,0,0,1598,1598,3608619
2022-11-04,2022,11,4,port915,Pohang,Korea,KOR,0,2,0,0,0,2,2,0,31054,0,0,0,31054,31054,0,0,0,0,0,0,0,3608620
2022-11-05,2022,11,5,port915,Pohang,Korea,KOR,0,2,0,0,0,2,2,0,1878,0,0,0,1878,1878,0,43381,0,0,0,43381,43381,3608621
2022-11-06,2022,11,6,port915,Pohang,Korea,KOR,0,1,2,0,0,3,3,0,0,1546,0,0,1546,1546,0,36126,800,0,0,36926,36926,3608622
2022-11-07,2022,11,7,port915,Pohang,Korea,KOR,0,0,1,0,0,1,1,0,0,907,0,0,907,907,0,0,800,0,0,800,800,3608623
2022-11-08,2022,11,8,port915,Pohang,Korea,KOR,0,0,1,0,0,1,1,0,0,0,0,0,0,0,0,0,1598,0,0,1598,1598,3608624
2022-11-09,2022,11,9,port915,Pohang,Korea,KOR,0,1,3,1,0,5,5,0,0,1263,263,0,1527,1527,0,37380,2205,385,0,39971,39971,3608625
2022-11-10,2022,11,10,port915,Pohang,Korea,KOR,0,0,0,0,0,0,0,0,0,0,0,0,0,0,0,0,0,0,0,0,0,3608626
2022-11-11,2022,11,11,port915,Pohang,Korea,KOR,0,1,4,0,0,5,5,0,0,3607,0,0,3607,3607,0,0,1601,0,0,1601,1601,3608627
2022-11-12,2022,11,12,port915,Pohang,Korea,KOR,0,1,1,0,0,2,2,0,0,2650,0,0,2650,2650,0,0,0,0,0,0,0,3608628
2022-11-13,2022,11,13,port915,Pohang,Korea,KOR,0,0,1,0,0,1,1,0,0,0,0,0,0,0,0,0,653,0,0,653,653,3608629
2022-11-14,2022,11,14,port915,Pohang,Korea,KOR,0,1,2,0,0,3,3,0,1099,2634,0,0,3733,3733,0,0,800,0,0,800,800,3608630
2022-11-15,2022,11,15,port915,Pohang,Korea,KOR,0,1,1,0,0,2,2,0,0,80,0,0,80,80,0,901,0,0,0,901,901,3608631
2022-11-16,2022,11,16,port915,Pohang,Korea,KOR,1,1,1,0,0,3,3,1245,0,0,0,0,1245,1245,617,24249,2098,0,0,26965,26965,3608632
2022-11-17,2022,11,17,port915,Pohang,Korea,KOR,0,0,2,0,0,2,2,0,0,517,0,0,517,517,0,0,613,0,0,613,613,3608633
2022-11-18,2022,11,18,port915,Pohang,Korea,KOR,0,3,2,0,0,5,5,0,1254,907,0,0,2161,2161,0,3896,3070,0,0,6967,6967,3608634
2022-11-19,2022,11,19,port915,Pohang,Korea,KOR,0,1,2,0,0,3,3,0,0,1814,0,0,1814,1814,0,44957,1601,0,0,46559,46559,3608635
2022-11-20,2022,11,20,port915,Pohang,Korea,KOR,0,1,0,1,1,2,3,0,0,0,263,0,263,263,0,0,0,385,17674,385,18059,3608636
2022-11-21,2022,11,21,port915,Pohang,Korea,KOR,0,1,5,0,0,6,6,0,0,6333,0,0,6333,6333,0,23885,1601,0,0,25486,25486,3608637
2022-11-22,2022,11,22,port915,Pohang,Korea,KOR,0,0,2,0,0,2,2,0,0,1814,0,0,1814,1814,0,0,1601,0,0,1601,1601,3608638
2022-11-23,2022,11,23,port915,Pohang,Korea,KOR,1,3,3,0,0,7,7,1245,49411,5132,0,0,55789,55789,617,38103,800,0,0,39522,39522,3608639
2022-11-24,2022,11,24,port915,Pohang,Korea,KOR,1,3,2,0,0,6,6,0,0,1974,0,0,1974,1974,0,40611,800,0,0,41412,41412,3608640
2022-11-25,2022,11,25,port915,Pohang,Korea,KOR,1,0,1,0,0,2,2,149,0,1708,0,0,1858,1858,0,0,0,0,0,0,0,3608641
2022-11-26,2022,11,26,port915,Pohang,Korea,KOR,0,1,2,0,0,3,3,0,2682,3231,0,0,5914,5914,0,0,800,0,0,800,800,3608642
2022-11-27,2022,11,27,port915,Pohang,Korea,KOR,0,1,4,0,0,5,5,0,45933,2694,0,0,48627,48627,0,0,3200,0,0,3200,3200,3608643
2022-11-28,2022,11,28,port915,Pohang,Korea,KOR,0,1,0,0,0,1,1,0,244958,0,0,0,244958,244958,0,0,0,0,0,0,0,3608644
2022-11-29,2022,11,29,port915,Pohang,Korea,KOR,0,0,0,0,0,0,0,0,0,0,0,0,0,0,0,0,0,0,0,0,0,3608645
2022-11-30,2022,11,30,port915,Pohang,Korea,KOR,0,0,0,0,0,0,0,0,0,0,0,0,0,0,0,0,0,0,0,0,0,3608646
2022-12-01,2022,12,1,port915,Pohang,Korea,KOR,0,2,0,0,0,2,2,0,0,0,0,0,0,0,0,19841,0,0,0,19841,19841,3608647
2022-12-02,2022,12,2,port915,Pohang,Korea,KOR,0,1,1,0,0,2,2,0,34468,907,0,0,35375,35375,0,5414,800,0,0,6215,6215,3608648
2022-12-03,2022,12,3,port915,Pohang,Korea,KOR,0,1,3,0,0,4,4,0,0,1965,0,0,1965,1965,0,0,800,0,0,800,800,3608649
2022-12-04,2022,12,4,port915,Pohang,Korea,KOR,0,1,3,0,0,4,4,0,0,2208,0,0,2208,2208,0,0,1601,0,0,1601,1601,3608650
2022-12-05,2022,12,5,port915,Pohang,Korea,KOR,0,1,3,1,0,5,5,0,2459,2832,263,0,5555,5555,0,0,1601,385,0,1987,1987,3608651
2022-12-06,2022,12,6,port915,Pohang,Korea,KOR,0,1,1,0,0,2,2,0,0,1262,0,0,1262,1262,0,0,0,0,0,0,0,3608652
2022-12-07,2022,12,7,port915,Pohang,Korea,KOR,0,0,0,0,0,0,0,0,0,0,0,0,0,0,0,0,0,0,0,0,0,3608653
2022-12-08,2022,12,8,port915,Pohang,Korea,KOR,0,0,1,0,0,1,1,0,0,907,0,0,907,907,0,0,800,0,0,800,800,3608654
2022-12-09,2022,12,9,port915,Pohang,Korea,KOR,0,0,0,0,0,0,0,0,0,0,0,0,0,0,0,0,0,0,0,0,0,3608655
2022-12-10,2022,12,10,port915,Pohang,Korea,KOR,0,0,2,0,0,2,2,0,0,1292,0,0,1292,1292,0,0,800,0,0,800,800,3608656
2022-12-11,2022,12,11,port915,Pohang,Korea,KOR,0,2,0,0,0,2,2,0,37065,0,0,0,37065,37065,0,5414,0,0,0,5414,5414,3608657
2022-12-12,2022,12,12,port915,Pohang,Korea,KOR,0,0,3,0,0,3,3,0,0,1814,0,0,1814,1814,0,0,2440,0,0,2440,2440,3608658
2022-12-13,2022,12,13,port915,Pohang,Korea,KOR,0,0,2,0,0,2,2,0,0,0,0,0,0,0,0,0,2183,0,0,2183,2183,3608659
2022-12-14,2022,12,14,port915,Pohang,Korea,KOR,0,3,0,0,0,3,3,0,0,0,0,0,0,0,0,84872,0,0,0,84872,84872,3608660
2022-12-15,2022,12,15,port915,Pohang,Korea,KOR,0,0,4,0,0,4,4,0,0,3806,0,0,3806,3806,0,0,800,0,0,800,800,3608661
2022-12-16,2022,12,16,port915,Pohang,Korea,KOR,0,0,2,0,0,2,2,0,0,907,0,0,907,907,0,0,863,0,0,863,863,3608662
2022-12-17,2022,12,17,port915,Pohang,Korea,KOR,1,2,1,0,0,4,4,0,0,907,0,0,907,907,9874,6816,800,0,0,17491,17491,3608663
2022-12-18,2022,12,18,port915,Pohang,Korea,KOR,0,1,3,0,0,4,4,0,34468,9036,0,0,43505,43505,0,5414,0,0,0,5414,5414,3608664
2022-12-19,2022,12,19,port915,Pohang,Korea,KOR,0,2,4,0,0,6,6,0,571,2721,0,0,3293,3293,0,1141,4218,0,0,5359,5359,3608665
2022-12-20,2022,12,20,port915,Pohang,Korea,KOR,0,0,3,0,0,3,3,0,0,4791,0,0,4791,4791,0,0,0,0,0,0,0,3608666
2022-12-21,2022,12,21,port915,Pohang,Korea,KOR,1,0,1,0,0,2,2,1245,0,907,0,0,2152,2152,617,0,800,0,0,1418,1418,3608667
2022-12-22,2022,12,22,port915,Pohang,Korea,KOR,0,0,3,0,0,3,3,0,0,3017,0,0,3017,3017,0,0,2399,0,0,2399,2399,3608668
2022-12-23,2022,12,23,port915,Pohang,Korea,KOR,0,0,1,0,0,1,1,0,0,1474,0,0,1474,1474,0,0,270,0,0,270,270,3608669
2022-12-24,2022,12,24,port915,Pohang,Korea,KOR,0,1,0,0,0,1,1,0,2278,0,0,0,2278,2278,0,0,0,0,0,0,0,3608670
2022-12-25,2022,12,25,port915,Pohang,Korea,KOR,0,0,1,1,0,2,2,0,0,907,263,0,1170,1170,0,0,800,385,0,1186,1186,3608671
2022-12-26,2022,12,26,port915,Pohang,Korea,KOR,0,5,1,0,0,6,6,0,0,907,0,0,907,907,0,14223,800,0,0,15024,15024,3608672
2022-12-27,2022,12,27,port915,Pohang,Korea,KOR,0,1,2,0,0,3,3,0,83988,595,0,0,84584,84584,0,0,931,0,0,931,931,3608673
2022-12-28,2022,12,28,port915,Pohang,Korea,KOR,0,1,0,0,0,1,1,0,78756,0,0,0,78756,78756,0,0,0,0,0,0,0,3608674
2022-12-29,2022,12,29,port915,Pohang,Korea,KOR,0,2,3,0,0,5,5,0,19841,847,0,0,20688,20688,0,0,1867,0,0,1867,1867,3608675
2022-12-30,2022,12,30,port915,Pohang,Korea,KOR,0,1,4,0,0,5,5,0,2208,3137,0,0,5345,5345,0,0,8381,0,0,8381,8381,3608676
2022-12-31,2022,12,31,port915,Pohang,Korea,KOR,0,0,3,0,0,3,3,0,0,7139,0,0,7139,7139,0,0,0,0,0,0,0,3608677
2023-01-01,2023,1,1,port915,Pohang,Korea,KOR,0,1,2,1,0,4,4,0,0,1267,263,0,1531,1531,0,0,2232,385,0,2618,2618,3608678
2023-01-02,2023,1,2,port915,Pohang,Korea,KOR,0,0,0,0,0,0,0,0,0,0,0,0,0,0,0,0,0,0,0,0,0,3608679
2023-01-03,2023,1,3,port915,Pohang,Korea,KOR,0,1,2,0,0,3,3,0,159905,907,0,0,160812,160812,0,0,1924,0,0,1924,1924,3608680
2023-01-04,2023,1,4,port915,Pohang,Korea,KOR,0,4,3,0,1,7,8,0,31990,7576,0,814,39567,40381,0,21133,800,0,2206,21934,24140,3608681
2023-01-05,2023,1,5,port915,Pohang,Korea,KOR,0,2,2,0,0,4,4,0,0,1814,0,0,1814,1814,0,5181,1601,0,0,6783,6783,3608682
2023-01-06,2023,1,6,port915,Pohang,Korea,KOR,0,1,0,0,1,1,2,0,32363,0,0,700,32363,33064,0,0,0,0,0,0,0,3608683
2023-01-07,2023,1,7,port915,Pohang,Korea,KOR,0,0,2,0,0,2,2,0,0,1340,0,0,1340,1340,0,0,0,0,0,0,0,3608684
2023-01-08,2023,1,8,port915,Pohang,Korea,KOR,0,2,3,0,0,5,5,0,3436,451,0,0,3887,3887,0,0,401,0,0,401,401,3608685
2023-01-09,2023,1,9,port915,Pohang,Korea,KOR,0,1,2,0,0,3,3,0,316540,1160,0,0,317701,317701,0,0,0,0,0,0,0,3608686
2023-01-10,2023,1,10,port915,Pohang,Korea,KOR,0,1,2,0,1,3,4,0,34468,2143,0,814,36612,37427,0,5414,270,0,2206,5684,7890,3608687
2023-01-11,2023,1,11,port915,Pohang,Korea,KOR,0,2,1,0,0,3,3,0,174802,907,0,0,175709,175709,0,6930,800,0,0,7731,7731,3608688
2023-01-12,2023,1,12,port915,Pohang,Korea,KOR,0,1,3,0,0,4,4,0,61352,7941,0,0,69294,69294,0,0,1368,0,0,1368,1368,3608689
2023-01-13,2023,1,13,port915,Pohang,Korea,KOR,0,0,3,0,1,3,4,0,0,1664,0,0,1664,1664,0,0,1530,0,4312,1530,5843,3608690
2023-01-14,2023,1,14,port915,Pohang,Korea,KOR,0,0,1,0,0,1,1,0,0,1794,0,0,1794,1794,0,0,0,0,0,0,0,3608691
2023-01-15,2023,1,15,port915,Pohang,Korea,KOR,0,0,5,0,0,5,5,0,0,2721,0,0,2721,2721,0,0,2568,0,0,2568,2568,3608692
2023-01-16,2023,1,16,port915,Pohang,Korea,KOR,0,3,2,0,0,5,5,0,34468,500,0,0,34968,34968,0,5414,562,0,0,5977,5977,3608693
2023-01-17,2023,1,17,port915,Pohang,Korea,KOR,0,1,1,1,0,3,3,0,197457,942,263,0,198663,198663,0,0,0,385,0,385,385,3608694
2023-01-18,2023,1,18,port915,Pohang,Korea,KOR,0,1,2,1,0,4,4,0,0,907,0,0,907,907,0,0,824,0,0,824,824,3608695
2023-01-19,2023,1,19,port915,Pohang,Korea,KOR,0,0,7,0,0,7,7,0,0,6681,0,0,6681,6681,0,0,8728,0,0,8728,8728,3608696
2023-01-20,2023,1,20,port915,Pohang,Korea,KOR,1,0,0,0,0,1,1,1245,0,0,0,0,1245,1245,617,0,0,0,0,617,617,3608697
2023-01-21,2023,1,21,port915,Pohang,Korea,KOR,0,0,0,0,0,0,0,0,0,0,0,0,0,0,0,0,0,0,0,0,0,3608698
2023-01-22,2023,1,22,port915,Pohang,Korea,KOR,0,0,1,0,0,1,1,0,0,0,0,0,0,0,0,0,1598,0,0,1598,1598,3608699
2023-01-23,2023,1,23,port915,Pohang,Korea,KOR,0,3,4,0,1,7,8,0,0,4686,0,700,4686,5387,0,52338,1601,0,0,53940,53940,3608700
2023-01-24,2023,1,24,port915,Pohang,Korea,KOR,0,0,0,0,0,0,0,0,0,0,0,0,0,0,0,0,0,0,0,0,0,3608701
2023-01-25,2023,1,25,port915,Pohang,Korea,KOR,0,0,2,0,0,2,2,0,0,3101,0,0,3101,3101,0,0,0,0,0,0,0,3608702
2023-01-26,2023,1,26,port915,Pohang,Korea,KOR,0,1,1,0,0,2,2,0,125797,1060,0,0,126857,126857,0,0,0,0,0,0,0,3608703
2023-01-27,2023,1,27,port915,Pohang,Korea,KOR,0,1,3,0,0,4,4,0,0,1814,0,0,1814,1814,0,0,1951,0,0,1951,1951,3608704
2023-01-28,2023,1,28,port915,Pohang,Korea,KOR,0,1,3,0,0,4,4,0,30287,428,0,0,30716,30716,0,0,4071,0,0,4071,4071,3608705
2023-01-29,2023,1,29,port915,Pohang,Korea,KOR,0,0,1,1,0,2,2,0,0,1236,263,0,1500,1500,0,0,0,385,0,385,385,3608706
2023-01-30,2023,1,30,port915,Pohang,Korea,KOR,0,0,1,0,0,1,1,0,0,0,0,0,0,0,0,0,85,0,0,85,85,3608707
2023-01-31,2023,1,31,port915,Pohang,Korea,KOR,0,0,3,0,0,3,3,0,0,5086,0,0,5086,5086,0,0,800,0,0,800,800,3608708
2023-02-01,2023,2,1,port915,Pohang,Korea,KOR,0,1,4,0,0,5,5,0,242137,907,0,0,243044,243044,0,0,4195,0,0,4195,4195,3608709
2023-02-02,2023,2,2,port915,Pohang,Korea,KOR,0,0,1,0,0,1,1,0,0,907,0,0,907,907,0,0,800,0,0,800,800,3608710
2023-02-03,2023,2,3,port915,Pohang,Korea,KOR,0,2,4,1,0,7,7,0,72274,9872,263,0,82410,82410,0,5414,0,385,0,5799,5799,3608711
2023-02-04,2023,2,4,port915,Pohang,Korea,KOR,0,1,3,0,0,4,4,0,0,650,0,0,650,650,0,0,1641,0,0,1641,1641,3608712
2023-02-05,2023,2,5,port915,Pohang,Korea,KOR,0,0,3,0,0,3,3,0,0,3188,0,0,3188,3188,0,0,1140,0,0,1140,1140,3608713
2023-02-06,2023,2,6,port915,Pohang,Korea,KOR,0,0,6,0,0,6,6,0,0,9192,0,0,9192,9192,0,0,2888,0,0,2888,2888,3608714
2023-02-07,2023,2,7,port915,Pohang,Korea,KOR,0,2,2,0,0,4,4,0,270233,2092,0,0,272325,272325,0,0,800,0,0,800,800,3608715
2023-02-08,2023,2,8,port915,Pohang,Korea,KOR,0,3,3,0,0,6,6,0,0,2026,0,0,2026,2026,0,40647,51,0,0,40698,40698,3608716
2023-02-09,2023,2,9,port915,Pohang,Korea,KOR,0,0,1,0,0,1,1,0,0,907,0,0,907,907,0,0,800,0,0,800,800,3608717
2023-02-10,2023,2,10,port915,Pohang,Korea,KOR,0,0,2,1,0,3,3,0,0,907,263,0,1170,1170,0,0,2399,385,0,2784,2784,3608718
2023-02-11,2023,2,11,port915,Pohang,Korea,KOR,0,1,2,0,0,3,3,0,2682,2015,0,0,4698,4698,0,0,0,0,0,0,0,3608719
2023-02-12,2023,2,12,port915,Pohang,Korea,KOR,0,1,2,0,0,3,3,0,0,1522,0,0,1522,1522,0,0,859,0,0,859,859,3608720
2023-02-13,2023,2,13,port915,Pohang,Korea,KOR,0,0,1,0,0,1,1,0,0,907,0,0,907,907,0,0,800,0,0,800,800,3608721
2023-02-14,2023,2,14,port915,Pohang,Korea,KOR,0,8,15,3,0,26,26,0,97218,13287,527,0,111033,111033,0,61754,9037,972,0,71764,71764,3608722
2023-02-15,2023,2,15,port915,Pohang,Korea,KOR,0,1,1,0,0,2,2,0,0,2655,0,0,2655,2655,0,19884,0,0,0,19884,19884,3608723
2023-02-16,2023,2,16,port915,Pohang,Korea,KOR,0,2,5,0,0,7,7,0,997,907,0,0,1904,1904,0,0,3520,0,0,3520,3520,3608724
2023-02-17,2023,2,17,port915,Pohang,Korea,KOR,0,2,1,0,0,3,3,0,0,1474,0,0,1474,1474,0,28107,270,0,0,28378,28378,3608725
2023-02-18,2023,2,18,port915,Pohang,Korea,KOR,0,1,6,0,0,7,7,0,0,14545,0,0,14545,14545,0,926,1535,0,0,2462,2462,3608726
2023-02-19,2023,2,19,port915,Pohang,Korea,KOR,0,1,1,0,0,2,2,0,54548,88,0,0,54636,54636,0,0,0,0,0,0,0,3608727
2023-02-20,2023,2,20,port915,Pohang,Korea,KOR,0,3,3,0,0,6,6,0,0,1865,0,0,1865,1865,0,14068,1153,0,0,15221,15221,3608728
2023-02-21,2023,2,21,port915,Pohang,Korea,KOR,1,1,0,0,0,2,2,1245,78848,0,0,0,80094,80094,617,0,0,0,0,617,617,3608729
2023-02-22,2023,2,22,port915,Pohang,Korea,KOR,0,0,4,0,0,4,4,0,0,6111,0,0,6111,6111,0,0,678,0,0,678,678,3608730
2023-02-23,2023,2,23,port915,Pohang,Korea,KOR,0,1,4,0,0,5,5,0,34468,3105,0,0,37574,37574,0,5414,2402,0,0,7816,7816,3608731
2023-02-24,2023,2,24,port915,Pohang,Korea,KOR,0,0,3,0,0,3,3,0,0,907,0,0,907,907,0,0,2840,0,0,2840,2840,3608732
2023-02-25,2023,2,25,port915,Pohang,Korea,KOR,0,2,3,0,0,5,5,0,1201,2117,0,0,3318,3318,0,8400,800,0,0,9201,9201,3608733
2023-02-26,2023,2,26,port915,Pohang,Korea,KOR,0,3,6,0,0,9,9,0,0,6962,0,0,6962,6962,0,24893,1601,0,0,26494,26494,3608734
2023-02-27,2023,2,27,port915,Pohang,Korea,KOR,0,5,13,1,1,19,20,0,359441,13146,263,814,372851,373666,0,6566,11050,385,2206,18001,20207,3608735
2023-02-28,2023,2,28,port915,Pohang,Korea,KOR,0,1,1,0,1,2,3,0,89096,3073,0,0,92170,92170,0,0,0,0,14009,0,14009,3608736
2023-03-01,2023,3,1,port915,Pohang,Korea,KOR,0,0,1,0,0,1,1,0,0,907,0,0,907,907,0,0,800,0,0,800,800,3608737
2023-03-02,2023,3,2,port915,Pohang,Korea,KOR,0,0,2,1,0,3,3,0,0,907,263,0,1170,1170,0,0,2005,385,0,2391,2391,3608738
2023-03-03,2023,3,3,port915,Pohang,Korea,KOR,0,1,3,0,0,4,4,0,19775,2068,0,0,21843,21843,0,0,0,0,0,0,0,3608739
2023-03-04,2023,3,4,port915,Pohang,Korea,KOR,0,3,1,0,0,4,4,0,75972,907,0,0,76880,76880,0,10828,800,0,0,11629,11629,3608740
2023-03-05,2023,3,5,port915,Pohang,Korea,KOR,0,1,2,0,0,3,3,0,0,3912,0,0,3912,3912,0,4409,0,0,0,4409,4409,3608741
2023-03-06,2023,3,6,port915,Pohang,Korea,KOR,0,1,2,0,0,3,3,0,34468,3243,0,0,37711,37711,0,5414,270,0,0,5684,5684,3608742
2023-03-07,2023,3,7,port915,Pohang,Korea,KOR,0,8,7,0,0,15,15,0,109601,11106,0,0,120707,120707,0,31208,4084,0,0,35293,35293,3608743
2023-03-08,2023,3,8,port915,Pohang,Korea,KOR,0,1,0,0,0,1,1,0,0,0,0,0,0,0,0,25791,0,0,0,25791,25791,3608744
2023-03-09,2023,3,9,port915,Pohang,Korea,KOR,0,1,1,0,1,2,3,0,21099,1382,0,700,22481,23182,0,0,0,0,0,0,0,3608745
2023-03-10,2023,3,10,port915,Pohang,Korea,KOR,0,8,7,2,0,17,17,0,469942,12812,527,0,483282,483282,0,5414,1824,770,0,8009,8009,3608746
2023-03-11,2023,3,11,port915,Pohang,Korea,KOR,2,0,7,0,0,9,9,4405,0,9865,0,0,14271,14271,0,0,2402,0,0,2402,2402,3608747
2023-03-12,2023,3,12,port915,Pohang,Korea,KOR,0,1,1,0,0,2,2,0,0,1732,0,0,1732,1732,0,22419,0,0,0,22419,22419,3608748
2023-03-13,2023,3,13,port915,Pohang,Korea,KOR,0,1,0,0,0,1,1,0,0,0,0,0,0,0,0,174714,0,0,0,174714,174714,3608749
2023-03-14,2023,3,14,port915,Pohang,Korea,KOR,0,2,1,1,0,4,4,0,0,4082,263,0,4346,4346,0,0,0,385,0,385,385,3608750
2023-03-15,2023,3,15,port915,Pohang,Korea,KOR,0,3,3,0,1,6,7,0,356466,2190,0,814,358656,359471,0,0,2649,0,2206,2649,4856,3608751
2023-03-16,2023,3,16,port915,Pohang,Korea,KOR,0,1,2,0,0,3,3,0,21099,4129,0,0,25228,25228,0,0,800,0,0,800,800,3608752
2023-03-17,2023,3,17,port915,Pohang,Korea,KOR,0,0,2,0,0,2,2,0,0,907,0,0,907,907,0,0,1181,0,0,1181,1181,3608753
2023-03-18,2023,3,18,port915,Pohang,Korea,KOR,0,1,0,0,0,1,1,0,0,0,0,0,0,0,0,14122,0,0,0,14122,14122,3608754
2023-03-19,2023,3,19,port915,Pohang,Korea,KOR,0,1,4,0,0,5,5,0,0,947,0,0,947,947,0,0,2315,0,0,2315,2315,3608755
2023-03-20,2023,3,20,port915,Pohang,Korea,KOR,0,2,6,0,0,8,8,0,0,4640,0,0,4640,4640,0,44319,2446,0,0,46765,46765,3608756
2023-03-21,2023,3,21,port915,Pohang,Korea,KOR,0,0,3,0,0,3,3,0,0,1449,0,0,1449,1449,0,0,585,0,0,585,585,3608757
2023-03-22,2023,3,22,port915,Pohang,Korea,KOR,1,3,2,0,0,6,6,13853,26120,0,0,0,39973,39973,0,518,1008,0,0,1526,1526,3608758
2023-03-23,2023,3,23,port915,Pohang,Korea,KOR,0,0,0,0,0,0,0,0,0,0,0,0,0,0,0,0,0,0,0,0,0,3608759
2023-03-24,2023,3,24,port915,Pohang,Korea,KOR,0,1,2,0,0,3,3,0,34468,121,0,0,34589,34589,0,5414,3038,0,0,8452,8452,3608760
2023-03-25,2023,3,25,port915,Pohang,Korea,KOR,1,3,4,0,1,8,9,1245,76113,500,0,700,77859,78560,617,8484,3110,0,0,12212,12213,3608761
2023-03-26,2023,3,26,port915,Pohang,Korea,KOR,0,1,2,0,0,3,3,0,287,1530,0,0,1818,1818,0,0,800,0,0,800,800,3608762
2023-03-27,2023,3,27,port915,Pohang,Korea,KOR,0,0,4,0,0,4,4,0,0,3365,0,0,3365,3365,0,0,2402,0,0,2402,2402,3608763
2023-03-28,2023,3,28,port915,Pohang,Korea,KOR,0,1,2,0,0,3,3,0,0,1814,0,0,1814,1814,0,26694,1601,0,0,28296,28296,3608764
2023-03-29,2023,3,29,port915,Pohang,Korea,KOR,0,1,2,0,0,3,3,0,0,24366,0,0,24366,24366,0,0,0,0,0,0,0,3608765
2023-03-30,2023,3,30,port915,Pohang,Korea,KOR,0,4,6,1,0,11,11,0,15792,7551,0,0,23343,23343,0,16435,3169,202,0,19807,19807,3608766
2023-03-31,2023,3,31,port915,Pohang,Korea,KOR,1,3,5,1,0,10,10,3458,297599,2717,263,0,304039,304039,0,0,4816,385,0,5201,5201,3608767
2023-04-01,2023,4,1,port915,Pohang,Korea,KOR,1,1,3,0,0,5,5,1053,44159,3582,0,0,48795,48795,0,0,0,0,0,0,0,3608768
2023-04-02,2023,4,2,port915,Pohang,Korea,KOR,1,0,0,0,0,1,1,1391,0,0,0,0,1391,1391,0,0,0,0,0,0,0,3608769
2023-04-03,2023,4,3,port915,Pohang,Korea,KOR,0,2,1,1,0,4,4,0,36693,907,263,0,37864,37864,0,0,800,385,0,1186,1186,3608770
2023-04-04,2023,4,4,port915,Pohang,Korea,KOR,0,1,4,0,0,5,5,0,0,4042,0,0,4042,4042,0,0,0,0,0,0,0,3608771
2023-04-05,2023,4,5,port915,Pohang,Korea,KOR,0,0,1,0,0,1,1,0,0,907,0,0,907,907,0,0,800,0,0,800,800,3608772
2023-04-06,2023,4,6,port915,Pohang,Korea,KOR,0,1,1,0,0,2,2,0,14222,755,0,0,14978,14978,0,0,0,0,0,0,0,3608773
2023-04-07,2023,4,7,port915,Pohang,Korea,KOR,0,1,3,0,0,4,4,0,30998,2707,0,0,33705,33705,0,0,514,0,0,514,514,3608774
2023-04-08,2023,4,8,port915,Pohang,Korea,KOR,0,2,4,1,0,7,7,0,1598,1640,263,0,3502,3502,0,6417,3332,385,0,10135,10135,3608775
2023-04-09,2023,4,9,port915,Pohang,Korea,KOR,0,1,0,0,0,1,1,0,34468,0,0,0,34468,34468,0,5414,0,0,0,5414,5414,3608776
2023-04-10,2023,4,10,port915,Pohang,Korea,KOR,1,5,4,1,0,11,11,1245,293001,4032,263,0,298543,298543,617,40957,2076,385,0,44036,44036,3608777
2023-04-11,2023,4,11,port915,Pohang,Korea,KOR,0,1,0,0,1,1,2,0,30983,0,0,700,30983,31684,0,0,0,0,0,0,0,3608778
2023-04-12,2023,4,12,port915,Pohang,Korea,KOR,0,1,4,1,0,6,6,0,34221,10116,263,0,44601,44601,0,0,869,385,0,1254,1254,3608779
2023-04-13,2023,4,13,port915,Pohang,Korea,KOR,0,3,4,1,0,8,8,0,190934,4195,263,0,195393,195393,0,19699,2672,385,0,22758,22758,3608780
2023-04-14,2023,4,14,port915,Pohang,Korea,KOR,0,0,2,0,0,2,2,0,0,2303,0,0,2303,2303,0,0,1297,0,0,1297,1297,3608781
2023-04-15,2023,4,15,port915,Pohang,Korea,KOR,0,1,3,0,0,4,4,0,34468,2773,0,0,37241,37241,0,5414,1601,0,0,7015,7015,3608782
2023-04-16,2023,4,16,port915,Pohang,Korea,KOR,0,0,3,0,0,3,3,0,0,642,0,0,642,642,0,0,3465,0,0,3465,3465,3608783
2023-04-17,2023,4,17,port915,Pohang,Korea,KOR,0,1,3,0,0,4,4,0,0,3557,0,0,3557,3557,0,15741,800,0,0,16542,16542,3608784
2023-04-18,2023,4,18,port915,Pohang,Korea,KOR,0,2,2,0,0,4,4,0,32303,314,0,0,32618,32618,0,29109,0,0,0,29109,29109,3608785
2023-04-19,2023,4,19,port915,Pohang,Korea,KOR,0,0,2,0,0,2,2,0,0,74,0,0,74,74,0,0,869,0,0,869,869,3608786
2023-04-20,2023,4,20,port915,Pohang,Korea,KOR,0,1,2,1,0,4,4,0,99549,3999,263,0,103812,103812,0,0,800,385,0,1186,1186,3608787
2023-04-21,2023,4,21,port915,Pohang,Korea,KOR,0,1,0,0,0,1,1,0,44159,0,0,0,44159,44159,0,0,0,0,0,0,0,3608788
2023-04-22,2023,4,22,port915,Pohang,Korea,KOR,0,1,2,0,0,3,3,0,34468,503,0,0,34972,34972,0,5414,1309,0,0,6723,6723,3608789
2023-04-23,2023,4,23,port915,Pohang,Korea,KOR,1,2,2,0,0,5,5,11284,9284,2203,0,0,22772,22772,0,0,800,0,0,800,800,3608790
2023-04-24,2023,4,24,port915,Pohang,Korea,KOR,0,1,0,0,0,1,1,0,0,0,0,0,0,0,0,0,0,0,0,0,0,3608791
2023-04-25,2023,4,25,port915,Pohang,Korea,KOR,1,0,2,0,1,3,4,1245,0,907,0,0,2152,2152,617,0,2062,0,4642,2679,7322,3608792
2023-04-26,2023,4,26,port915,Pohang,Korea,KOR,0,1,4,1,0,6,6,0,0,423,263,0,687,687,0,10998,2337,385,0,13721,13721,3608793
2023-04-27,2023,4,27,port915,Pohang,Korea,KOR,0,0,4,0,1,4,5,0,0,0,0,700,0,700,0,0,6225,0,0,6225,6226,3608794
2023-04-28,2023,4,28,port915,Pohang,Korea,KOR,0,2,3,0,0,5,5,0,199169,2614,0,0,201783,201783,0,5414,1601,0,0,7015,7015,3608795
2023-04-29,2023,4,29,port915,Pohang,Korea,KOR,2,0,1,0,0,3,3,0,0,49,0,0,49,49,2920,0,0,0,0,2920,2920,3608796
2023-04-30,2023,4,30,port915,Pohang,Korea,KOR,0,4,3,0,0,7,7,0,2447,5995,0,0,8442,8442,0,30111,2973,0,0,33085,33085,3608797
2023-05-01,2023,5,1,port915,Pohang,Korea,KOR,0,1,5,0,0,6,6,0,0,4955,0,0,4955,4955,0,5411,2610,0,0,8021,8021,3608798
2023-05-02,2023,5,2,port915,Pohang,Korea,KOR,0,3,5,0,0,8,8,0,325753,7304,0,0,333058,333058,0,5422,4847,0,0,10269,10269,3608799
2023-05-03,2023,5,3,port915,Pohang,Korea,KOR,0,2,2,1,0,5,5,0,44159,907,263,0,45330,45330,0,4167,2277,385,0,6829,6829,3608800
2023-05-04,2023,5,4,port915,Pohang,Korea,KOR,0,1,3,0,0,4,4,0,0,907,0,0,907,907,0,19822,1037,0,0,20859,20859,3608801
2023-05-05,2023,5,5,port915,Pohang,Korea,KOR,0,1,0,0,0,1,1,0,20328,0,0,0,20328,20328,0,0,0,0,0,0,0,3608802
2023-05-06,2023,5,6,port915,Pohang,Korea,KOR,0,0,1,0,0,1,1,0,0,907,0,0,907,907,0,0,800,0,0,800,800,3608803
2023-05-07,2023,5,7,port915,Pohang,Korea,KOR,0,0,0,0,0,0,0,0,0,0,0,0,0,0,0,0,0,0,0,0,0,3608804
2023-05-08,2023,5,8,port915,Pohang,Korea,KOR,1,7,8,1,0,17,17,15168,324118,9866,263,0,349417,349417,0,73689,7295,385,0,81371,81371,3608805
2023-05-09,2023,5,9,port915,Pohang,Korea,KOR,1,3,3,0,0,7,7,1245,170839,4245,0,0,176330,176330,617,6467,2056,0,0,9141,9141,3608806
2023-05-10,2023,5,10,port915,Pohang,Korea,KOR,0,2,10,1,0,13,13,0,14477,7319,263,0,22061,22061,0,26850,8463,385,0,35699,35699,3608807
2023-05-11,2023,5,11,port915,Pohang,Korea,KOR,0,3,7,0,0,10,10,0,56163,4909,0,0,61072,61072,0,40412,4983,0,0,45395,45395,3608808
2023-05-12,2023,5,12,port915,Pohang,Korea,KOR,0,4,5,0,0,9,9,0,0,3247,0,0,3247,3247,0,48560,2238,0,0,50799,50799,3608809
2023-05-13,2023,5,13,port915,Pohang,Korea,KOR,0,0,2,0,0,2,2,0,0,4010,0,0,4010,4010,0,0,0,0,0,0,0,3608810
2023-05-14,2023,5,14,port915,Pohang,Korea,KOR,0,3,2,1,1,6,7,0,197281,2849,263,700,200394,201095,0,48535,800,385,0,49721,49722,3608811
2023-05-15,2023,5,15,port915,Pohang,Korea,KOR,1,6,7,1,0,15,15,0,93109,5027,263,0,98400,98400,5533,10828,4576,385,0,21323,21323,3608812
2023-05-16,2023,5,16,port915,Pohang,Korea,KOR,0,3,6,1,0,10,10,0,38421,1704,263,0,40389,40389,0,40853,5541,385,0,46780,46780,3608813
2023-05-17,2023,5,17,port915,Pohang,Korea,KOR,2,1,2,0,0,5,5,1873,17237,907,0,0,20018,20018,0,0,1678,0,0,1678,1678,3608814
2023-05-18,2023,5,18,port915,Pohang,Korea,KOR,0,2,2,1,1,5,6,0,241842,3477,248,0,245568,245568,0,0,0,0,2988,0,2988,3608815
2023-05-19,2023,5,19,port915,Pohang,Korea,KOR,0,1,1,0,0,2,2,0,48566,1175,0,0,49742,49742,0,0,0,0,0,0,0,3608816
2023-05-20,2023,5,20,port915,Pohang,Korea,KOR,0,1,3,0,0,4,4,0,34468,3903,0,0,38372,38372,0,5414,1601,0,0,7015,7015,3608817
2023-05-21,2023,5,21,port915,Pohang,Korea,KOR,0,4,1,0,0,5,5,0,74092,907,0,0,74999,74999,0,5414,800,0,0,6215,6215,3608818
2023-05-22,2023,5,22,port915,Pohang,Korea,KOR,0,3,0,1,0,4,4,0,0,0,263,0,263,263,0,168838,0,385,0,169223,169223,3608819
2023-05-23,2023,5,23,port915,Pohang,Korea,KOR,0,9,6,0,1,15,16,0,354574,18577,0,814,373152,373967,0,16421,800,0,2206,17222,19429,3608820
2023-05-24,2023,5,24,port915,Pohang,Korea,KOR,2,5,8,2,0,17,17,2463,70494,9275,527,0,82760,82760,617,12181,4004,770,0,17573,17573,3608821
2023-05-25,2023,5,25,port915,Pohang,Korea,KOR,0,0,5,0,0,5,5,0,0,1474,0,0,1474,1474,0,0,7089,0,0,7089,7089,3608822
2023-05-26,2023,5,26,port915,Pohang,Korea,KOR,0,2,4,0,0,6,6,0,894,7499,0,0,8394,8394,0,0,646,0,0,646,646,3608823
2023-05-27,2023,5,27,port915,Pohang,Korea,KOR,0,1,1,0,0,2,2,0,25057,2541,0,0,27598,27598,0,0,0,0,0,0,0,3608824
2023-05-28,2023,5,28,port915,Pohang,Korea,KOR,0,0,1,0,0,1,1,0,0,0,0,0,0,0,0,0,2083,0,0,2083,2083,3608825
2023-05-29,2023,5,29,port915,Pohang,Korea,KOR,0,2,3,0,0,5,5,0,40940,2346,0,0,43287,43287,0,0,6231,0,0,6231,6231,3608826
2023-05-30,2023,5,30,port915,Pohang,Korea,KOR,1,3,13,1,0,18,18,0,150208,12829,263,0,163301,163301,487,5414,7202,385,0,13489,13489,3608827
2023-05-31,2023,5,31,port915,Pohang,Korea,KOR,1,3,10,1,0,15,15,1245,234644,13706,0,0,249596,249596,617,0,2225,202,0,3044,3044,3608828
2023-06-01,2023,6,1,port915,Pohang,Korea,KOR,0,1,3,0,0,4,4,0,34468,2222,0,0,36691,36691,0,5414,800,0,0,6215,6215,3608829
2023-06-02,2023,6,2,port915,Pohang,Korea,KOR,0,3,7,1,0,11,11,0,291870,9840,263,0,301974,301974,0,0,5035,385,0,5421,5421,3608830
2023-06-03,2023,6,3,port915,Pohang,Korea,KOR,0,3,3,1,0,7,7,0,45876,1291,248,0,47417,47417,0,5360,1767,0,0,7128,7128,3608831
2023-06-04,2023,6,4,port915,Pohang,Korea,KOR,0,0,1,0,0,1,1,0,0,2426,0,0,2426,2426,0,0,0,0,0,0,0,3608832
2023-06-05,2023,6,5,port915,Pohang,Korea,KOR,0,1,1,0,0,2,2,0,3824,0,0,0,3824,3824,0,0,451,0,0,451,451,3608833
2023-06-06,2023,6,6,port915,Pohang,Korea,KOR,1,3,3,0,0,7,7,1245,109100,2721,0,0,113067,113067,617,3858,2402,0,0,6878,6878,3608834
2023-06-07,2023,6,7,port915,Pohang,Korea,KOR,0,5,10,2,0,17,17,0,412945,7618,527,0,421090,421090,0,5414,17635,770,0,23820,23820,3608835
2023-06-08,2023,6,8,port915,Pohang,Korea,KOR,0,1,1,0,0,2,2,0,5084,0,0,0,5084,5084,0,0,898,0,0,898,898,3608836
2023-06-09,2023,6,9,port915,Pohang,Korea,KOR,0,0,4,1,1,5,6,0,0,3127,0,814,3127,3941,0,0,800,0,2206,800,3007,3608837
2023-06-10,2023,6,10,port915,Pohang,Korea,KOR,0,1,2,0,0,3,3,0,0,3759,0,0,3759,3759,0,2739,800,0,0,3540,3540,3608838
2023-06-11,2023,6,11,port915,Pohang,Korea,KOR,0,1,2,0,1,3,4,0,83896,1814,0,0,85710,85710,0,0,1601,0,2988,1601,4590,3608839
2023-06-12,2023,6,12,port915,Pohang,Korea,KOR,0,2,1,0,0,3,3,0,4766,907,0,0,5673,5673,0,574,800,0,0,1375,1375,3608840
2023-06-13,2023,6,13,port915,Pohang,Korea,KOR,1,1,1,0,0,3,3,1245,0,0,0,0,1245,1245,617,0,392,0,0,1009,1009,3608841
2023-06-14,2023,6,14,port915,Pohang,Korea,KOR,0,1,1,0,0,2,2,0,34468,0,0,0,34468,34468,0,5414,423,0,0,5837,5837,3608842
2023-06-15,2023,6,15,port915,Pohang,Korea,KOR,0,0,7,1,0,8,8,0,0,6378,263,0,6641,6641,0,0,2402,385,0,2788,2788,3608843
2023-06-16,2023,6,16,port915,Pohang,Korea,KOR,1,7,4,0,0,12,12,1245,424882,2823,0,0,428951,428951,617,13464,845,0,0,14927,14927,3608844
2023-06-17,2023,6,17,port915,Pohang,Korea,KOR,0,1,4,0,0,5,5,0,44180,1055,0,0,45236,45236,0,0,4975,0,0,4975,4975,3608845
2023-06-18,2023,6,18,port915,Pohang,Korea,KOR,0,4,8,2,0,14,14,0,37119,4994,527,0,42641,42641,0,18389,6286,770,0,25447,25447,3608846
2023-06-19,2023,6,19,port915,Pohang,Korea,KOR,0,5,9,0,0,14,14,0,45088,9460,0,0,54549,54549,0,9736,2672,0,0,12409,12409,3608847
2023-06-20,2023,6,20,port915,Pohang,Korea,KOR,0,1,6,0,0,7,7,0,0,11192,0,0,11192,11192,0,30733,3839,0,0,34573,34573,3608848
2023-07-07,2023,7,7,port915,Pohang,Korea,KOR,1,3,0,0,0,4,4,1245,12010,0,0,0,13256,13256,617,0,0,0,0,617,617,3608849
2024-08-11,2024,8,11,port915,Pohang,Korea,KOR,0,2,3,0,1,5,6,0,178446,255,0,700,178702,179402,0,5071,1574,0,0,6646,6646,3608850
2024-08-12,2024,8,12,port915,Pohang,Korea,KOR,1,0,1,0,0,2,2,6712,0,907,0,0,7619,7619,0,0,800,0,0,800,800,3608851
2024-08-13,2024,8,13,port915,Pohang,Korea,KOR,0,1,3,0,0,4,4,0,0,2721,0,0,2721,2721,0,4538,2402,0,0,6940,6940,3608852
2025-09-13,2025,9,13,port915,Pohang,Korea,KOR,0,3,1,0,2,4,6,0,103473,0,0,700,103473,104174,0,19508,1427,0,4492,20935,25427,3608853
2024-08-14,2024,8,14,port915,Pohang,Korea,KOR,0,2,2,0,0,4,4,0,48846,907,0,0,49753,49753,0,12144,888,0,0,13032,13032,3608854
2023-07-08,2023,7,8,port915,Pohang,Korea,KOR,0,2,5,0,0,7,7,0,0,5809,0,0,5809,5809,0,47090,2402,0,0,49492,49492,3608855
2025-09-14,2025,9,14,port915,Pohang,Korea,KOR,0,0,1,0,0,1,1,0,0,0,0,0,0,0,0,0,0,0,0,0,0,3608856
2024-08-15,2024,8,15,port915,Pohang,Korea,KOR,0,1,0,0,0,1,1,0,174825,0,0,0,174825,174825,0,0,0,0,0,0,0,3608857
2023-07-09,2023,7,9,port915,Pohang,Korea,KOR,0,0,2,0,0,2,2,0,0,2846,0,0,2846,2846,0,0,800,0,0,800,800,3608858
2025-09-15,2025,9,15,port915,Pohang,Korea,KOR,0,3,1,0,0,4,4,0,197281,0,0,0,197281,197281,0,5536,1251,0,0,6787,6787,3608859
2024-08-16,2024,8,16,port915,Pohang,Korea,KOR,0,1,4,0,0,5,5,0,2246,4806,0,0,7053,7053,0,0,1601,0,0,1601,1601,3608860
2023-07-10,2023,7,10,port915,Pohang,Korea,KOR,0,0,3,0,0,3,3,0,0,3831,0,0,3831,3831,0,0,1055,0,0,1055,1055,3608861
2025-09-16,2025,9,16,port915,Pohang,Korea,KOR,0,0,2,0,0,2,2,0,0,4515,0,0,4515,4515,0,0,520,0,0,520,520,3608862
2023-07-11,2023,7,11,port915,Pohang,Korea,KOR,0,2,0,0,0,2,2,0,34468,0,0,0,34468,34468,0,20372,0,0,0,20372,20372,3608863
2025-09-17,2025,9,17,port915,Pohang,Korea,KOR,0,2,3,0,0,5,5,0,123838,4612,0,0,128451,128451,0,5414,2857,0,0,8272,8272,3608864
2023-07-12,2023,7,12,port915,Pohang,Korea,KOR,0,0,3,0,0,3,3,0,0,3146,0,0,3146,3146,0,0,504,0,0,504,504,3608865
2024-08-17,2024,8,17,port915,Pohang,Korea,KOR,0,1,1,0,0,2,2,0,28668,907,0,0,29576,29576,0,0,800,0,0,800,800,3608866
2025-09-18,2025,9,18,port915,Pohang,Korea,KOR,0,0,2,0,0,2,2,0,0,1455,0,0,1455,1455,0,0,0,0,0,0,0,3608867
2023-07-13,2023,7,13,port915,Pohang,Korea,KOR,0,0,4,0,0,4,4,0,0,1305,0,0,1305,1305,0,0,1568,0,0,1568,1568,3608868
2024-08-18,2024,8,18,port915,Pohang,Korea,KOR,0,0,1,0,0,1,1,0,0,907,0,0,907,907,0,0,800,0,0,800,800,3608869
2025-09-19,2025,9,19,port915,Pohang,Korea,KOR,0,1,3,1,0,5,5,0,0,907,263,0,1170,1170,0,30431,4865,385,0,35681,35681,3608870
2023-07-14,2023,7,14,port915,Pohang,Korea,KOR,0,2,1,0,0,3,3,0,53552,419,0,0,53972,53972,0,5414,0,0,0,5414,5414,3608871
2024-08-19,2024,8,19,port915,Pohang,Korea,KOR,0,2,0,0,0,2,2,0,17921,0,0,0,17921,17921,0,0,0,0,0,0,0,3608872
2025-09-20,2025,9,20,port915,Pohang,Korea,KOR,0,2,0,0,0,2,2,0,114039,0,0,0,114039,114039,0,5414,0,0,0,5414,5414,3608873
2023-07-15,2023,7,15,port915,Pohang,Korea,KOR,1,2,3,0,0,6,6,1245,1077,5510,0,0,7833,7833,617,30803,800,0,0,32221,32221,3608874
2024-08-20,2024,8,20,port915,Pohang,Korea,KOR,0,1,1,0,0,2,2,0,17608,530,0,0,18139,18139,0,0,0,0,0,0,0,3608875
2025-09-21,2025,9,21,port915,Pohang,Korea,KOR,0,0,0,0,0,0,0,0,0,0,0,0,0,0,0,0,0,0,0,0,0,3608876
2023-07-16,2023,7,16,port915,Pohang,Korea,KOR,0,1,2,0,0,3,3,0,445,2847,0,0,3292,3292,0,0,800,0,0,800,800,3608877
2024-08-21,2024,8,21,port915,Pohang,Korea,KOR,0,1,1,0,0,2,2,0,0,907,0,0,907,907,0,0,800,0,0,800,800,3608878
2025-09-22,2025,9,22,port915,Pohang,Korea,KOR,0,4,1,0,0,5,5,0,81345,0,0,0,81345,81345,0,47098,1314,0,0,48412,48412,3608879
2023-07-17,2023,7,17,port915,Pohang,Korea,KOR,0,2,1,0,0,3,3,0,34468,0,0,0,34468,34468,0,21961,1165,0,0,23126,23126,3608880
2024-08-22,2024,8,22,port915,Pohang,Korea,KOR,0,2,4,1,0,7,7,0,0,11645,263,0,11909,11909,0,20313,1679,385,0,22378,22378,3608881
2025-09-23,2025,9,23,port915,Pohang,Korea,KOR,0,2,2,0,0,4,4,0,105382,1814,0,0,107196,107196,0,8029,1601,0,0,9630,9630,3608882
2023-07-18,2023,7,18,port915,Pohang,Korea,KOR,0,0,3,0,0,3,3,0,0,907,0,0,907,907,0,0,4877,0,0,4877,4877,3608883
2024-08-23,2024,8,23,port915,Pohang,Korea,KOR,0,5,5,0,0,10,10,0,83587,2981,0,0,86568,86568,0,8084,3774,0,0,11858,11858,3608884
2025-09-24,2025,9,24,port915,Pohang,Korea,KOR,0,0,0,0,0,0,0,0,0,0,0,0,0,0,0,0,0,0,0,0,0,3608885
2023-07-19,2023,7,19,port915,Pohang,Korea,KOR,1,5,0,0,0,6,6,1245,95695,0,0,0,96940,96940,617,30077,0,0,0,30694,30694,3608886
2024-08-24,2024,8,24,port915,Pohang,Korea,KOR,1,3,2,0,1,6,7,1245,2681,907,0,0,4834,4834,617,61028,1570,0,3155,63215,66371,3608887
2025-09-25,2025,9,25,port915,Pohang,Korea,KOR,0,0,4,0,0,4,4,0,0,1067,0,0,1067,1067,0,0,4648,0,0,4648,4648,3608888
2023-07-20,2023,7,20,port915,Pohang,Korea,KOR,0,6,12,1,0,19,19,0,37160,10849,263,0,48273,48273,0,75299,4554,385,0,80239,80239,3608889
2024-08-25,2024,8,25,port915,Pohang,Korea,KOR,0,1,2,0,0,3,3,0,0,2547,0,0,2547,2547,0,6483,0,0,0,6483,6483,3608890
2025-09-26,2025,9,26,port915,Pohang,Korea,KOR,0,0,1,1,0,2,2,0,0,907,263,0,1170,1170,0,0,800,385,0,1186,1186,3608891
2023-07-21,2023,7,21,port915,Pohang,Korea,KOR,1,3,2,0,0,6,6,747,35721,3279,0,0,39748,39748,0,5414,800,0,0,6215,6215,3608892
2024-08-26,2024,8,26,port915,Pohang,Korea,KOR,0,0,0,0,0,0,0,0,0,0,0,0,0,0,0,0,0,0,0,0,0,3608893
2025-09-27,2025,9,27,port915,Pohang,Korea,KOR,0,1,3,0,0,4,4,0,17942,220,0,0,18162,18162,0,0,2186,0,0,2186,2186,3608894
2023-07-22,2023,7,22,port915,Pohang,Korea,KOR,0,1,2,0,0,3,3,0,2421,1223,0,0,3644,3644,0,0,6191,0,0,6191,6191,3608895
2024-08-27,2024,8,27,port915,Pohang,Korea,KOR,0,0,1,0,0,1,1,0,0,879,0,0,879,879,0,0,0,0,0,0,0,3608896
2025-09-28,2025,9,28,port915,Pohang,Korea,KOR,0,0,2,0,0,2,2,0,0,3072,0,0,3072,3072,0,0,2855,0,0,2855,2855,3608897
2023-07-23,2023,7,23,port915,Pohang,Korea,KOR,0,0,1,1,0,2,2,0,0,0,263,0,263,263,0,0,175,385,0,560,560,3608898
2024-08-28,2024,8,28,port915,Pohang,Korea,KOR,0,1,2,0,0,3,3,0,0,1814,0,0,1814,1814,0,3898,1601,0,0,5499,5499,3608899
2025-09-29,2025,9,29,port915,Pohang,Korea,KOR,1,2,0,0,0,3,3,1245,11088,0,0,0,12334,12334,617,0,0,0,0,617,617,3608900
2023-07-24,2023,7,24,port915,Pohang,Korea,KOR,1,2,4,0,0,7,7,0,51513,2367,0,0,53880,53880,3029,5414,916,0,0,9359,9359,3608901
2024-08-29,2024,8,29,port915,Pohang,Korea,KOR,0,0,0,0,0,0,0,0,0,0,0,0,0,0,0,0,0,0,0,0,0,3608902
2025-09-30,2025,9,30,port915,Pohang,Korea,KOR,1,0,0,0,0,1,1,0,0,0,0,0,0,0,329,0,0,0,0,329,329,3608903
2023-07-25,2023,7,25,port915,Pohang,Korea,KOR,0,1,2,0,0,3,3,0,10585,0,0,0,10585,10585,0,0,3947,0,0,3947,3947,3608904
2024-08-30,2024,8,30,port915,Pohang,Korea,KOR,1,0,3,0,0,4,4,15,0,3086,0,0,3101,3101,0,0,1949,0,0,1949,1949,3608905
2025-10-01,2025,10,1,port915,Pohang,Korea,KOR,0,0,1,0,0,1,1,0,0,907,0,0,907,907,0,0,800,0,0,800,800,3608906
2024-08-31,2024,8,31,port915,Pohang,Korea,KOR,1,4,7,1,1,13,14,517,87488,11878,263,0,100148,100148,0,11177,3276,385,7650,14839,22489,3608907
2025-10-02,2025,10,2,port915,Pohang,Korea,KOR,0,1,1,0,1,2,3,0,34468,397,0,814,34866,35681,0,5414,0,0,2206,5414,7620,3608908
2024-09-01,2024,9,1,port915,Pohang,Korea,KOR,2,3,4,0,0,9,9,1331,34468,6514,0,0,42314,42314,11371,9826,883,0,0,22081,22081,3608909
2025-10-03,2025,10,3,port915,Pohang,Korea,KOR,0,1,1,0,0,2,2,0,34468,1179,0,0,35647,35647,0,5414,0,0,0,5414,5414,3608910
2023-07-26,2023,7,26,port915,Pohang,Korea,KOR,0,3,2,1,0,6,6,0,133003,4766,263,0,138033,138033,0,571,800,385,0,1757,1757,3608911
2024-09-02,2024,9,2,port915,Pohang,Korea,KOR,0,0,3,0,0,3,3,0,0,907,0,0,907,907,0,0,4586,0,0,4586,4586,3608912
2025-10-04,2025,10,4,port915,Pohang,Korea,KOR,0,2,1,0,0,3,3,0,78689,0,0,0,78689,78689,0,0,1274,0,0,1274,1274,3608913
2023-07-27,2023,7,27,port915,Pohang,Korea,KOR,2,6,10,1,0,19,19,1245,166832,3288,263,0,171630,171630,7077,7838,10923,385,0,26224,26224,3608914
2024-09-03,2024,9,3,port915,Pohang,Korea,KOR,0,1,2,0,0,3,3,0,15796,907,0,0,16703,16703,0,0,2066,0,0,2066,2066,3608915
2025-10-05,2025,10,5,port915,Pohang,Korea,KOR,0,0,1,0,0,1,1,0,0,907,0,0,907,907,0,0,800,0,0,800,800,3608916
2023-07-28,2023,7,28,port915,Pohang,Korea,KOR,1,8,5,0,0,14,14,899,235238,3087,0,0,239225,239225,0,40292,4391,0,0,44684,44684,3608917
2024-09-04,2024,9,4,port915,Pohang,Korea,KOR,0,5,5,0,0,10,10,0,397002,8082,0,0,405085,405085,0,6810,3834,0,0,10644,10644,3608918
2025-10-06,2025,10,6,port915,Pohang,Korea,KOR,0,1,0,0,0,1,1,0,0,0,0,0,0,0,0,4157,0,0,0,4157,4157,3608919
2023-07-29,2023,7,29,port915,Pohang,Korea,KOR,1,4,5,1,0,11,11,0,21171,4101,263,0,25535,25535,4349,8215,5236,385,0,18187,18187,3608920
2024-09-05,2024,9,5,port915,Pohang,Korea,KOR,0,3,1,1,0,5,5,0,68936,0,263,0,69200,69200,0,20163,0,385,0,20549,20549,3608921
2025-10-07,2025,10,7,port915,Pohang,Korea,KOR,0,1,3,0,0,4,4,0,168197,1018,0,0,169216,169216,0,0,1786,0,0,1786,1786,3608922
2023-07-30,2023,7,30,port915,Pohang,Korea,KOR,0,0,4,1,0,5,5,0,0,8415,2078,0,10494,10494,0,0,800,0,0,800,800,3608923
2024-09-06,2024,9,6,port915,Pohang,Korea,KOR,1,1,1,0,0,3,3,1245,0,907,0,0,2152,2152,617,18814,800,0,0,20232,20232,3608924
2025-10-08,2025,10,8,port915,Pohang,Korea,KOR,0,2,2,0,0,4,4,0,34468,907,0,0,35375,35375,0,8870,2973,0,0,11843,11843,3608925
2023-07-31,2023,7,31,port915,Pohang,Korea,KOR,0,2,2,0,0,4,4,0,0,1945,0,0,1945,1945,0,1078,800,0,0,1879,1879,3608926
2024-09-07,2024,9,7,port915,Pohang,Korea,KOR,0,1,0,0,0,1,1,0,0,0,0,0,0,0,0,21176,0,0,0,21176,21176,3608927
2025-10-09,2025,10,9,port915,Pohang,Korea,KOR,0,0,0,0,0,0,0,0,0,0,0,0,0,0,0,0,0,0,0,0,0,3608928
2023-08-01,2023,8,1,port915,Pohang,Korea,KOR,0,9,7,0,0,16,16,0,260128,7217,0,0,267346,267346,0,56136,2131,0,0,58268,58268,3608929
2024-09-08,2024,9,8,port915,Pohang,Korea,KOR,1,5,3,0,1,9,10,14120,214412,7882,0,3241,236415,239657,0,14276,0,0,0,14276,14276,3608930
2025-10-10,2025,10,10,port915,Pohang,Korea,KOR,0,1,3,0,0,4,4,0,34468,1342,0,0,35810,35810,0,5414,2192,0,0,7606,7606,3608931
2023-08-02,2023,8,2,port915,Pohang,Korea,KOR,1,0,0,0,0,1,1,1245,0,0,0,0,1245,1245,617,0,0,0,0,617,617,3608932
2024-09-09,2024,9,9,port915,Pohang,Korea,KOR,1,4,7,0,0,12,12,2194,413541,3280,0,0,419017,419017,0,5414,5617,0,0,11031,11031,3608933
2025-10-11,2025,10,11,port915,Pohang,Korea,KOR,1,4,2,0,0,7,7,1245,243814,1014,0,0,246074,246074,617,9634,2056,0,0,12308,12308,3608934
2023-08-03,2023,8,3,port915,Pohang,Korea,KOR,0,2,2,0,0,4,4,0,0,1814,0,0,1814,1814,0,2725,1601,0,0,4327,4327,3608935
2024-09-10,2024,9,10,port915,Pohang,Korea,KOR,0,2,5,1,0,8,8,0,235940,530,263,0,236734,236734,0,5414,5186,385,0,10986,10986,3608936
2025-10-12,2025,10,12,port915,Pohang,Korea,KOR,0,1,4,0,0,5,5,0,5037,3832,0,0,8870,8870,0,0,800,0,0,800,800,3608937
2023-08-04,2023,8,4,port915,Pohang,Korea,KOR,0,1,3,0,0,4,4,0,0,1721,0,0,1721,1721,0,0,1954,0,0,1954,1954,3608938
2024-09-11,2024,9,11,port915,Pohang,Korea,KOR,0,3,7,0,1,10,11,0,82863,7210,0,814,90074,90889,0,37579,4498,0,2206,42077,44283,3608939
2025-10-13,2025,10,13,port915,Pohang,Korea,KOR,0,0,1,0,1,1,2,0,0,907,0,700,907,1608,0,0,800,0,0,800,801,3608940
2023-08-05,2023,8,5,port915,Pohang,Korea,KOR,1,4,3,0,0,8,8,5126,103573,2949,0,0,111648,111648,0,16406,800,0,0,17207,17207,3608941
2024-09-12,2024,9,12,port915,Pohang,Korea,KOR,0,3,5,0,0,8,8,0,71855,9981,0,0,81837,81837,0,11233,3658,0,0,14892,14892,3608942
2025-10-14,2025,10,14,port915,Pohang,Korea,KOR,0,1,1,0,0,2,2,0,28844,561,0,0,29406,29406,0,9634,0,0,0,9634,9634,3608943
2023-08-06,2023,8,6,port915,Pohang,Korea,KOR,0,3,1,0,0,4,4,0,173651,907,0,0,174558,174558,0,5414,800,0,0,6215,6215,3608944
2024-09-13,2024,9,13,port915,Pohang,Korea,KOR,1,2,5,1,0,9,9,751,203755,6622,263,0,211392,211392,0,0,1601,385,0,1987,1987,3608945
2025-10-15,2025,10,15,port915,Pohang,Korea,KOR,0,0,2,0,0,2,2,0,0,907,0,0,907,907,0,0,1222,0,0,1222,1222,3608946
2023-08-07,2023,8,7,port915,Pohang,Korea,KOR,0,3,2,0,1,5,6,0,68936,1784,0,814,70721,71536,0,12150,0,0,2206,12150,14357,3608947
2024-09-14,2024,9,14,port915,Pohang,Korea,KOR,0,1,5,0,0,6,6,0,34630,4351,0,0,38982,38982,0,0,5083,0,0,5083,5083,3608948
2025-10-16,2025,10,16,port915,Pohang,Korea,KOR,0,0,1,0,0,1,1,0,0,1748,0,0,1748,1748,0,0,0,0,0,0,0,3608949
2023-08-08,2023,8,8,port915,Pohang,Korea,KOR,0,0,1,0,0,1,1,0,0,0,0,0,0,0,0,0,902,0,0,902,902,3608950
2025-10-17,2025,10,17,port915,Pohang,Korea,KOR,0,1,3,1,0,5,5,0,0,4617,263,0,4880,4880,0,572,1601,385,0,2559,2559,3608951
2023-08-09,2023,8,9,port915,Pohang,Korea,KOR,0,0,0,0,0,0,0,0,0,0,0,0,0,0,0,0,0,0,0,0,0,3608952
2025-10-18,2025,10,18,port915,Pohang,Korea,KOR,0,3,1,0,0,4,4,0,103509,907,0,0,104416,104416,0,0,800,0,0,800,800,3608953
2024-09-15,2024,9,15,port915,Pohang,Korea,KOR,1,1,4,1,1,7,8,1245,34468,4355,263,700,40332,41033,617,5414,1593,385,0,8010,8011,3608954
2023-08-10,2023,8,10,port915,Pohang,Korea,KOR,0,0,0,0,0,0,0,0,0,0,0,0,0,0,0,0,0,0,0,0,0,3608955
2025-10-19,2025,10,19,port915,Pohang,Korea,KOR,0,0,1,0,0,1,1,0,0,166,0,0,166,166,0,0,0,0,0,0,0,3608956
2024-09-16,2024,9,16,port915,Pohang,Korea,KOR,0,0,0,0,0,0,0,0,0,0,0,0,0,0,0,0,0,0,0,0,0,3608957
2023-08-11,2023,8,11,port915,Pohang,Korea,KOR,0,8,8,0,0,16,16,0,73893,5616,0,0,79510,79510,0,21673,2583,0,0,24257,24257,3608958
2025-10-20,2025,10,20,port915,Pohang,Korea,KOR,0,0,0,0,0,0,0,0,0,0,0,0,0,0,0,0,0,0,0,0,0,3608959
2024-09-17,2024,9,17,port915,Pohang,Korea,KOR,0,6,1,0,0,7,7,0,199228,5088,0,0,204317,204317,0,31992,0,0,0,31992,31992,3608960
2023-08-12,2023,8,12,port915,Pohang,Korea,KOR,0,1,2,0,0,3,3,0,0,5176,0,0,5176,5176,0,19465,0,0,0,19465,19465,3608961
2025-10-21,2025,10,21,port915,Pohang,Korea,KOR,0,0,0,0,0,0,0,0,0,0,0,0,0,0,0,0,0,0,0,0,0,3608962
2024-09-18,2024,9,18,port915,Pohang,Korea,KOR,1,3,1,1,0,6,6,0,16502,0,263,0,16766,16766,6172,52105,2056,385,0,60720,60720,3608963
2023-08-13,2023,8,13,port915,Pohang,Korea,KOR,0,0,4,1,0,5,5,0,0,2650,0,0,2650,2650,0,0,2820,3073,0,5893,5893,3608964
2025-10-22,2025,10,22,port915,Pohang,Korea,KOR,0,0,1,0,0,1,1,0,0,0,0,0,0,0,0,0,2860,0,0,2860,2860,3608965
2024-09-19,2024,9,19,port915,Pohang,Korea,KOR,0,3,3,0,0,6,6,0,355302,3729,0,0,359031,359031,0,15624,270,0,0,15894,15894,3608966
2023-08-14,2023,8,14,port915,Pohang,Korea,KOR,0,1,2,0,0,3,3,0,29903,1956,0,0,31860,31860,0,0,800,0,0,800,800,3608967
2025-10-23,2025,10,23,port915,Pohang,Korea,KOR,0,3,5,0,0,8,8,0,107570,3847,0,0,111417,111417,0,53563,1847,0,0,55411,55411,3608968
2024-09-20,2024,9,20,port915,Pohang,Korea,KOR,0,3,2,0,1,5,6,0,34468,907,0,814,35375,36190,0,15794,1781,0,2206,17576,19782,3608969
2023-08-15,2023,8,15,port915,Pohang,Korea,KOR,0,0,0,0,0,0,0,0,0,0,0,0,0,0,0,0,0,0,0,0,0,3608970
2025-10-24,2025,10,24,port915,Pohang,Korea,KOR,0,0,0,0,0,0,0,0,0,0,0,0,0,0,0,0,0,0,0,0,0,3608971
2024-09-21,2024,9,21,port915,Pohang,Korea,KOR,0,0,0,0,0,0,0,0,0,0,0,0,0,0,0,0,0,0,0,0,0,3608972
2023-08-16,2023,8,16,port915,Pohang,Korea,KOR,0,2,2,0,0,4,4,0,0,0,0,0,0,0,0,15545,2651,0,0,18197,18197,3608973
2025-10-25,2025,10,25,port915,Pohang,Korea,KOR,1,0,4,0,0,5,5,549,0,3052,0,0,3602,3602,0,0,2587,0,0,2587,2587,3608974
2024-09-22,2024,9,22,port915,Pohang,Korea,KOR,0,0,0,0,0,0,0,0,0,0,0,0,0,0,0,0,0,0,0,0,0,3608975
2023-08-17,2023,8,17,port915,Pohang,Korea,KOR,0,2,2,0,0,4,4,0,0,0,0,0,0,0,0,13485,4606,0,0,18091,18091,3608976
2025-10-26,2025,10,26,port915,Pohang,Korea,KOR,0,0,2,0,0,2,2,0,0,1814,0,0,1814,1814,0,0,1601,0,0,1601,1601,3608977
2024-09-23,2024,9,23,port915,Pohang,Korea,KOR,0,0,0,0,0,0,0,0,0,0,0,0,0,0,0,0,0,0,0,0,0,3608978
2023-08-18,2023,8,18,port915,Pohang,Korea,KOR,0,0,0,0,1,0,1,0,0,0,0,700,0,700,0,0,0,0,0,0,0,3608979
2025-10-27,2025,10,27,port915,Pohang,Korea,KOR,0,0,1,0,0,1,1,0,0,1179,0,0,1179,1179,0,0,0,0,0,0,0,3608980
2024-09-24,2024,9,24,port915,Pohang,Korea,KOR,0,1,7,0,0,8,8,0,0,2721,0,0,2721,2721,0,37380,6817,0,0,44198,44198,3608981
2023-08-19,2023,8,19,port915,Pohang,Korea,KOR,0,0,5,0,0,5,5,0,0,4995,0,0,4995,4995,0,0,4453,0,0,4453,4453,3608982
2025-10-28,2025,10,28,port915,Pohang,Korea,KOR,0,1,0,0,0,1,1,0,28844,0,0,0,28844,28844,0,9634,0,0,0,9634,9634,3608983
2024-09-25,2024,9,25,port915,Pohang,Korea,KOR,0,8,3,0,0,11,11,0,341036,2085,0,0,343121,343121,0,80144,6885,0,0,87030,87030,3608984
2023-08-20,2023,8,20,port915,Pohang,Korea,KOR,0,3,3,0,0,6,6,0,34468,1529,0,0,35998,35998,0,5891,800,0,0,6691,6691,3608985
2025-10-29,2025,10,29,port915,Pohang,Korea,KOR,0,2,0,0,0,2,2,0,0,0,0,0,0,0,0,16102,0,0,0,16102,16102,3608986
2024-09-26,2024,9,26,port915,Pohang,Korea,KOR,1,2,4,2,0,9,9,2457,34468,1786,527,0,39239,39239,0,6618,7237,770,0,14626,14626,3608987
2023-08-21,2023,8,21,port915,Pohang,Korea,KOR,0,5,10,2,0,17,17,0,185374,8434,263,0,194072,194072,0,82098,7887,385,0,90371,90371,3608988
2025-10-30,2025,10,30,port915,Pohang,Korea,KOR,0,0,1,0,0,1,1,0,0,0,0,0,0,0,0,0,2056,0,0,2056,2056,3608989
2024-09-27,2024,9,27,port915,Pohang,Korea,KOR,0,2,2,0,0,4,4,0,50587,1706,0,0,52293,52293,0,5414,800,0,0,6215,6215,3608990
2023-08-22,2023,8,22,port915,Pohang,Korea,KOR,2,0,0,0,0,2,2,14000,0,0,0,0,14000,14000,617,0,0,0,0,617,617,3608991
2025-10-31,2025,10,31,port915,Pohang,Korea,KOR,0,0,3,1,0,4,4,0,0,2780,263,0,3044,3044,0,0,800,385,0,1186,1186,3608992
2024-09-28,2024,9,28,port915,Pohang,Korea,KOR,0,0,3,0,0,3,3,0,0,2195,0,0,2195,2195,0,0,256,0,0,256,256,3608993
2023-08-23,2023,8,23,port915,Pohang,Korea,KOR,0,2,1,0,0,3,3,0,44709,50,0,0,44760,44760,0,12634,0,0,0,12634,12634,3608994
2024-09-29,2024,9,29,port915,Pohang,Korea,KOR,0,0,2,0,0,2,2,0,0,0,0,0,0,0,0,0,7570,0,0,7570,7570,3608995
2023-08-24,2023,8,24,port915,Pohang,Korea,KOR,0,2,5,0,0,7,7,0,17663,1773,0,0,19436,19436,0,2888,3252,0,0,6141,6141,3608996
2024-09-30,2024,9,30,port915,Pohang,Korea,KOR,1,5,12,1,1,19,20,1026,90942,7821,263,814,100053,100868,0,14415,10755,385,2206,25555,27762,3608997
2025-11-01,2025,11,1,port915,Pohang,Korea,KOR,0,0,5,0,0,5,5,0,0,2531,0,0,2531,2531,0,0,987,0,0,987,987,3608998
2023-08-25,2023,8,25,port915,Pohang,Korea,KOR,1,6,4,0,0,11,11,0,86076,7612,0,0,93688,93688,2093,40689,2506,0,0,45289,45289,3608999
2024-10-01,2024,10,1,port915,Pohang,Korea,KOR,0,5,4,0,1,9,10,0,420292,2540,0,814,422832,423647,0,0,1899,0,2206,1899,4105,3609000
2025-11-02,2025,11,2,port915,Pohang,Korea,KOR,0,0,1,1,0,2,2,0,0,0,263,0,263,263,0,0,2056,385,0,2442,2442,3609001
2024-10-02,2024,10,2,port915,Pohang,Korea,KOR,0,0,5,0,0,5,5,0,0,13280,0,0,13280,13280,0,0,800,0,0,800,800,3609002
2024-10-03,2024,10,3,port915,Pohang,Korea,KOR,0,0,1,0,0,1,1,0,0,1679,0,0,1679,1679,0,0,0,0,0,0,0,3609003
2023-08-26,2023,8,26,port915,Pohang,Korea,KOR,1,2,3,0,0,6,6,1245,59720,35,0,0,61002,61002,617,0,1421,0,0,2039,2039,3609004
2025-11-03,2025,11,3,port915,Pohang,Korea,KOR,0,0,1,0,0,1,1,0,0,907,0,0,907,907,0,0,800,0,0,800,800,3609005
2024-10-04,2024,10,4,port915,Pohang,Korea,KOR,0,1,3,0,0,4,4,0,65491,1469,0,0,66960,66960,0,0,1404,0,0,1404,1404,3609006
2023-08-27,2023,8,27,port915,Pohang,Korea,KOR,0,3,1,1,0,5,5,0,0,3092,263,0,3356,3356,0,31021,0,385,0,31406,31406,3609007
2025-11-04,2025,11,4,port915,Pohang,Korea,KOR,0,4,3,0,0,7,7,0,232754,0,0,0,232754,232754,0,25071,9224,0,0,34296,34296,3609008
2024-10-05,2024,10,5,port915,Pohang,Korea,KOR,1,4,9,1,0,15,15,1829,58127,19142,5381,0,84482,84482,0,13314,1967,0,0,15281,15281,3609009
2023-08-28,2023,8,28,port915,Pohang,Korea,KOR,0,0,3,0,0,3,3,0,0,2994,0,0,2994,2994,0,0,1601,0,0,1601,1601,3609010
2025-11-05,2025,11,5,port915,Pohang,Korea,KOR,0,3,2,0,0,5,5,0,112266,0,0,0,112266,112266,0,9634,2430,0,0,12064,12064,3609011
2024-10-06,2024,10,6,port915,Pohang,Korea,KOR,0,3,4,0,0,7,7,0,0,2714,0,0,2714,2714,0,10748,1601,0,0,12350,12350,3609012
2023-08-29,2023,8,29,port915,Pohang,Korea,KOR,1,2,2,0,0,5,5,1245,0,907,0,0,2152,2152,617,0,1616,0,0,2233,2233,3609013
2025-11-06,2025,11,6,port915,Pohang,Korea,KOR,0,1,3,1,0,5,5,0,0,1493,263,0,1757,1757,0,1568,1452,385,0,3406,3406,3609014
2024-10-07,2024,10,7,port915,Pohang,Korea,KOR,0,0,5,0,0,5,5,0,0,4017,0,0,4017,4017,0,0,14185,0,0,14185,14185,3609015
2023-08-30,2023,8,30,port915,Pohang,Korea,KOR,0,2,3,0,0,5,5,0,29911,11375,0,0,41286,41286,0,2408,800,0,0,3209,3209,3609016
2025-11-07,2025,11,7,port915,Pohang,Korea,KOR,0,2,2,1,0,5,5,0,34468,1587,263,0,36319,36319,0,5414,0,385,0,5799,5799,3609017
2024-10-08,2024,10,8,port915,Pohang,Korea,KOR,0,3,1,0,1,4,5,0,38325,907,0,3252,39232,42484,0,14851,800,0,0,15652,15652,3609018
2023-08-31,2023,8,31,port915,Pohang,Korea,KOR,0,2,0,1,0,3,3,0,0,0,263,0,263,263,0,20702,0,385,0,21087,21087,3609019
2025-11-08,2025,11,8,port915,Pohang,Korea,KOR,0,0,1,0,0,1,1,0,0,1014,0,0,1014,1014,0,0,0,0,0,0,0,3609020
2024-10-09,2024,10,9,port915,Pohang,Korea,KOR,0,1,2,1,0,4,4,0,0,532,263,0,796,796,0,2288,0,385,0,2673,2673,3609021
2023-09-01,2023,9,1,port915,Pohang,Korea,KOR,0,0,2,0,0,2,2,0,0,907,0,0,907,907,0,0,2736,0,0,2736,2736,3609022
2025-11-09,2025,11,9,port915,Pohang,Korea,KOR,1,4,1,0,0,6,6,274,45255,246,0,0,45776,45776,0,6295,0,0,0,6295,6295,3609023
2024-10-10,2024,10,10,port915,Pohang,Korea,KOR,0,3,7,0,0,10,10,0,250118,6902,0,0,257021,257021,0,31424,5803,0,0,37228,37228,3609024
2023-09-02,2023,9,2,port915,Pohang,Korea,KOR,0,1,2,0,0,3,3,0,34468,2006,0,0,36474,36474,0,5414,0,0,0,5414,5414,3609025
2025-11-10,2025,11,10,port915,Pohang,Korea,KOR,0,1,3,0,1,4,5,0,0,900,0,0,900,900,0,8788,3399,0,0,12187,12187,3609026
2024-10-11,2024,10,11,port915,Pohang,Korea,KOR,1,2,3,0,0,6,6,1245,0,2131,0,0,3377,3377,617,8909,800,0,0,10328,10328,3609027
2023-09-03,2023,9,3,port915,Pohang,Korea,KOR,0,1,3,0,0,4,4,0,0,4304,0,0,4304,4304,0,0,1454,0,0,1454,1454,3609028
2025-11-11,2025,11,11,port915,Pohang,Korea,KOR,1,0,2,0,1,3,4,1245,0,907,0,0,2152,2152,617,0,987,0,0,1605,1605,3609029
2024-10-12,2024,10,12,port915,Pohang,Korea,KOR,1,2,4,1,0,8,8,4437,104558,2424,263,0,111684,111684,0,0,2857,385,0,3242,3242,3609030
2023-09-04,2023,9,4,port915,Pohang,Korea,KOR,0,1,0,0,0,1,1,0,0,0,0,0,0,0,0,76254,0,0,0,76254,76254,3609031
2025-11-12,2025,11,12,port915,Pohang,Korea,KOR,0,0,2,0,0,2,2,0,0,1814,0,0,1814,1814,0,0,1601,0,0,1601,1601,3609032
2024-10-13,2024,10,13,port915,Pohang,Korea,KOR,0,2,4,0,1,6,7,0,51686,3782,0,700,55469,56169,0,5129,2402,0,0,7532,7532,3609033
2023-09-05,2023,9,5,port915,Pohang,Korea,KOR,1,0,3,0,0,4,4,589,0,4046,0,0,4636,4636,0,0,800,0,0,800,800,3609034
2025-11-13,2025,11,13,port915,Pohang,Korea,KOR,0,1,4,0,0,5,5,0,0,1563,0,0,1563,1563,0,0,701,0,0,701,701,3609035
2024-10-14,2024,10,14,port915,Pohang,Korea,KOR,0,3,4,0,1,7,8,0,198007,8314,0,814,206321,207136,0,2894,1601,0,2206,4496,6702,3609036
2023-09-06,2023,9,6,port915,Pohang,Korea,KOR,0,0,1,1,0,2,2,0,0,2071,263,0,2335,2335,0,0,0,385,0,385,385,3609037
2025-11-14,2025,11,14,port915,Pohang,Korea,KOR,0,0,2,0,0,2,2,0,0,774,0,0,774,774,0,0,2056,0,0,2056,2056,3609038
2023-09-07,2023,9,7,port915,Pohang,Korea,KOR,0,0,0,0,0,0,0,0,0,0,0,0,0,0,0,0,0,0,0,0,0,3609039
2025-11-15,2025,11,15,port915,Pohang,Korea,KOR,0,0,3,1,1,4,5,0,0,2440,263,0,2703,2703,0,0,1601,385,0,1987,1987,3609040
2023-09-08,2023,9,8,port915,Pohang,Korea,KOR,1,6,5,0,0,12,12,12340,107315,2163,0,0,121818,121818,0,21275,3589,0,0,24865,24865,3609041
2024-10-15,2024,10,15,port915,Pohang,Korea,KOR,1,3,6,0,1,10,11,1245,386108,10785,0,814,398139,398953,617,583,8146,0,2206,9347,11553,3609042
2025-11-16,2025,11,16,port915,Pohang,Korea,KOR,0,1,3,0,1,4,5,0,0,1814,0,814,1814,2629,0,8599,1984,0,2206,10583,12790,3609043
2023-09-09,2023,9,9,port915,Pohang,Korea,KOR,0,1,2,1,0,4,4,0,0,1623,0,0,1623,1623,0,0,254,0,0,254,254,3609044
2024-10-16,2024,10,16,port915,Pohang,Korea,KOR,0,1,5,1,0,7,7,0,0,5764,263,0,6028,6028,0,42456,2985,385,0,45827,45827,3609045
2025-11-17,2025,11,17,port915,Pohang,Korea,KOR,0,1,1,0,0,2,2,0,80459,0,0,0,80459,80459,0,0,2172,0,0,2172,2172,3609046
2023-09-10,2023,9,10,port915,Pohang,Korea,KOR,0,1,1,0,0,2,2,0,47035,0,0,0,47035,47035,0,0,64,0,0,64,64,3609047
2024-10-17,2024,10,17,port915,Pohang,Korea,KOR,0,0,4,1,0,5,5,0,0,2721,263,0,2985,2985,0,0,3753,385,0,4138,4138,3609048
2025-11-18,2025,11,18,port915,Pohang,Korea,KOR,0,0,1,0,0,1,1,0,0,0,0,0,0,0,0,0,1391,0,0,1391,1391,3609049
2023-09-11,2023,9,11,port915,Pohang,Korea,KOR,1,3,2,0,0,6,6,0,112097,0,0,0,112097,112097,0,4003,2746,0,0,6750,6750,3609050
2024-10-18,2024,10,18,port915,Pohang,Korea,KOR,1,3,6,0,1,10,11,1217,170724,3520,0,814,175463,176278,0,13684,6469,0,2206,20153,22360,3609051
2025-11-19,2025,11,19,port915,Pohang,Korea,KOR,0,0,2,0,0,2,2,0,0,907,0,0,907,907,0,0,2800,0,0,2800,2800,3609052
2023-09-12,2023,9,12,port915,Pohang,Korea,KOR,0,2,3,0,0,5,5,0,70634,3513,0,0,74147,74147,0,5414,0,0,0,5414,5414,3609053
2024-10-19,2024,10,19,port915,Pohang,Korea,KOR,0,0,1,0,0,1,1,0,0,907,0,0,907,907,0,0,800,0,0,800,800,3609054
2025-11-20,2025,11,20,port915,Pohang,Korea,KOR,0,1,2,0,0,3,3,0,0,907,0,0,907,907,0,0,1746,0,0,1746,1746,3609055
2023-09-13,2023,9,13,port915,Pohang,Korea,KOR,0,2,2,0,0,4,4,0,9241,907,0,0,10148,10148,0,37844,1792,0,0,39636,39636,3609056
2024-10-20,2024,10,20,port915,Pohang,Korea,KOR,0,0,0,0,0,0,0,0,0,0,0,0,0,0,0,0,0,0,0,0,0,3609057
2025-11-21,2025,11,21,port915,Pohang,Korea,KOR,0,1,2,0,1,3,4,0,196426,298,0,700,196724,197425,0,0,2157,0,0,2157,2157,3609058
2023-09-14,2023,9,14,port915,Pohang,Korea,KOR,1,0,1,0,0,2,2,1245,0,907,0,0,2152,2152,617,0,800,0,0,1418,1418,3609059
2024-10-21,2024,10,21,port915,Pohang,Korea,KOR,0,4,7,0,0,11,11,0,171060,3628,0,0,174689,174689,0,5414,5381,0,0,10795,10795,3609060
2025-11-22,2025,11,22,port915,Pohang,Korea,KOR,1,0,4,0,0,5,5,1245,0,907,0,0,2152,2152,617,0,3922,0,0,4540,4540,3609061
2023-09-15,2023,9,15,port915,Pohang,Korea,KOR,0,3,1,0,0,4,4,0,241602,907,0,0,242509,242509,0,1675,800,0,0,2475,2475,3609062
2024-10-22,2024,10,22,port915,Pohang,Korea,KOR,2,3,6,0,0,11,11,1763,110723,8992,0,0,121479,121479,617,16993,6117,0,0,23728,23728,3609063
2025-11-23,2025,11,23,port915,Pohang,Korea,KOR,0,1,3,0,0,4,4,0,28844,1681,0,0,30526,30526,0,9634,1583,0,0,11217,11217,3609064
2023-09-16,2023,9,16,port915,Pohang,Korea,KOR,0,3,0,0,0,3,3,0,37160,0,0,0,37160,37160,0,5414,0,0,0,5414,5414,3609065
2024-10-23,2024,10,23,port915,Pohang,Korea,KOR,0,3,5,0,0,8,8,0,225130,2689,0,0,227820,227820,0,2866,9144,0,0,12011,12011,3609066
2025-11-24,2025,11,24,port915,Pohang,Korea,KOR,0,1,4,0,0,5,5,0,0,4761,0,0,4761,4761,0,5766,1616,0,0,7382,7382,3609067
2023-09-17,2023,9,17,port915,Pohang,Korea,KOR,0,0,2,0,0,2,2,0,0,0,0,0,0,0,0,0,2269,0,0,2269,2269,3609068
2024-10-24,2024,10,24,port915,Pohang,Korea,KOR,0,1,6,0,0,7,7,0,0,1807,0,0,1807,1807,0,28697,4614,0,0,33312,33312,3609069
2025-11-25,2025,11,25,port915,Pohang,Korea,KOR,0,1,1,0,0,2,2,0,102469,0,0,0,102469,102469,0,0,561,0,0,561,561,3609070
2023-09-18,2023,9,18,port915,Pohang,Korea,KOR,0,5,3,0,0,8,8,0,39959,244,0,0,40203,40203,0,41813,3523,0,0,45336,45336,3609071
2024-10-25,2024,10,25,port915,Pohang,Korea,KOR,1,2,5,0,1,8,9,0,16090,3998,0,814,20089,20904,300,0,2224,0,2206,2525,4731,3609072
2025-11-26,2025,11,26,port915,Pohang,Korea,KOR,1,0,4,1,0,6,6,822,0,907,263,0,1993,1993,0,0,4273,385,0,4658,4658,3609073
2023-09-19,2023,9,19,port915,Pohang,Korea,KOR,0,2,2,0,0,4,4,0,26120,0,0,0,26120,26120,0,470,264,0,0,734,734,3609074
2024-10-26,2024,10,26,port915,Pohang,Korea,KOR,0,3,5,1,0,9,9,0,276070,899,263,0,277234,277234,0,11181,9765,385,0,21332,21332,3609075
2025-11-27,2025,11,27,port915,Pohang,Korea,KOR,0,3,0,0,0,3,3,0,34468,0,0,0,34468,34468,0,23556,0,0,0,23556,23556,3609076
2023-09-20,2023,9,20,port915,Pohang,Korea,KOR,0,1,1,0,0,2,2,0,0,907,0,0,907,907,0,2905,800,0,0,3705,3705,3609077
2024-10-27,2024,10,27,port915,Pohang,Korea,KOR,1,4,3,0,0,8,8,1478,113047,5264,0,0,119790,119790,0,5414,10516,0,0,15931,15931,3609078
2025-11-28,2025,11,28,port915,Pohang,Korea,KOR,0,3,5,0,0,8,8,0,99912,2584,0,0,102496,102496,0,41425,2362,0,0,43787,43787,3609079
2023-09-21,2023,9,21,port915,Pohang,Korea,KOR,0,1,0,0,0,1,1,0,0,0,0,0,0,0,0,0,0,0,0,0,0,3609080
2024-10-28,2024,10,28,port915,Pohang,Korea,KOR,0,1,4,0,0,5,5,0,39180,907,0,0,40087,40087,0,0,6461,0,0,6461,6461,3609081
2025-11-29,2025,11,29,port915,Pohang,Korea,KOR,0,2,1,0,0,3,3,0,517,0,0,0,517,517,0,22872,1765,0,0,24637,24637,3609082
2024-10-29,2024,10,29,port915,Pohang,Korea,KOR,0,4,3,0,0,7,7,0,278226,907,0,0,279133,279133,0,2741,5566,0,0,8307,8307,3609083
2025-11-30,2025,11,30,port915,Pohang,Korea,KOR,0,0,1,1,0,2,2,0,0,1253,263,0,1517,1517,0,0,0,385,0,385,385,3609084
2023-09-22,2023,9,22,port915,Pohang,Korea,KOR,0,3,1,0,0,4,4,0,34468,0,0,0,34468,34468,0,7709,983,0,0,8692,8692,3609085
2024-10-30,2024,10,30,port915,Pohang,Korea,KOR,1,2,5,1,0,9,9,53,21252,2713,263,0,24284,24284,0,0,6726,385,0,7112,7112,3609086
2025-12-01,2025,12,1,port915,Pohang,Korea,KOR,0,1,1,0,0,2,2,0,2816,0,0,0,2816,2816,0,0,7838,0,0,7838,7838,3609087
2023-09-23,2023,9,23,port915,Pohang,Korea,KOR,0,4,1,0,0,5,5,0,115307,907,0,0,116214,116214,0,0,800,0,0,800,800,3609088
2024-10-31,2024,10,31,port915,Pohang,Korea,KOR,1,0,4,0,1,5,6,1245,0,4704,0,814,5950,6765,617,0,1601,0,2206,2219,4425,3609089
2025-12-02,2025,12,2,port915,Pohang,Korea,KOR,0,1,3,0,0,4,4,0,0,1973,0,0,1973,1973,0,0,800,0,0,800,800,3609090
2023-09-24,2023,9,24,port915,Pohang,Korea,KOR,0,0,2,0,0,2,2,0,0,1724,0,0,1724,1724,0,0,800,0,0,800,800,3609091
2024-11-01,2024,11,1,port915,Pohang,Korea,KOR,1,4,2,1,1,8,9,1349,112838,1814,263,0,116265,116265,0,86671,1601,385,901,88659,89560,3609092
2025-12-03,2025,12,3,port915,Pohang,Korea,KOR,0,0,0,1,0,1,1,0,0,0,263,0,263,263,0,0,0,385,0,385,385,3609093
2023-09-25,2023,9,25,port915,Pohang,Korea,KOR,0,4,5,0,0,9,9,0,23859,514,0,0,24373,24373,0,40784,4799,0,0,45583,45583,3609094
2024-11-02,2024,11,2,port915,Pohang,Korea,KOR,0,1,1,0,0,2,2,0,85227,82,0,0,85310,85310,0,0,0,0,0,0,0,3609095
2025-12-04,2025,12,4,port915,Pohang,Korea,KOR,0,1,3,1,0,5,5,0,31611,1796,263,0,33671,33671,0,0,1275,385,0,1660,1660,3609096
2023-09-26,2023,9,26,port915,Pohang,Korea,KOR,0,1,1,0,0,2,2,0,44266,799,0,0,45066,45066,0,0,0,0,0,0,0,3609097
2024-11-03,2024,11,3,port915,Pohang,Korea,KOR,1,4,5,1,0,11,11,1464,349904,3127,263,0,354760,354760,0,5414,1781,385,0,7580,7580,3609098
2025-12-05,2025,12,5,port915,Pohang,Korea,KOR,0,1,3,0,0,4,4,0,0,1814,0,0,1814,1814,0,43764,3059,0,0,46823,46823,3609099
2023-09-27,2023,9,27,port915,Pohang,Korea,KOR,0,0,0,0,0,0,0,0,0,0,0,0,0,0,0,0,0,0,0,0,0,3609100
2024-11-04,2024,11,4,port915,Pohang,Korea,KOR,0,3,7,0,0,10,10,0,0,7657,0,0,7657,7657,0,49087,1588,0,0,50675,50675,3609101
2025-12-06,2025,12,6,port915,Pohang,Korea,KOR,0,6,6,0,0,12,12,0,185412,4702,0,0,190114,190114,0,47267,2402,0,0,49670,49670,3609102
2023-09-28,2023,9,28,port915,Pohang,Korea,KOR,0,0,0,0,0,0,0,0,0,0,0,0,0,0,0,0,0,0,0,0,0,3609103
2024-11-05,2024,11,5,port915,Pohang,Korea,KOR,0,3,2,0,1,5,6,0,48057,1339,0,811,49396,50207,0,27809,800,0,0,28609,28609,3609104
2025-12-07,2025,12,7,port915,Pohang,Korea,KOR,0,0,1,1,0,2,2,0,0,431,263,0,695,695,0,0,0,385,0,385,385,3609105
2023-09-29,2023,9,29,port915,Pohang,Korea,KOR,0,0,3,0,0,3,3,0,0,2954,0,0,2954,2954,0,0,1601,0,0,1601,1601,3609106
2024-11-06,2024,11,6,port915,Pohang,Korea,KOR,0,1,3,1,1,5,6,0,0,4212,263,814,4476,5291,0,24861,1601,385,2206,26848,29055,3609107
2025-12-08,2025,12,8,port915,Pohang,Korea,KOR,0,0,2,0,0,2,2,0,0,51,0,0,51,51,0,0,1815,0,0,1815,1815,3609108
2023-09-30,2023,9,30,port915,Pohang,Korea,KOR,0,0,0,0,0,0,0,0,0,0,0,0,0,0,0,0,0,0,0,0,0,3609109
2024-11-07,2024,11,7,port915,Pohang,Korea,KOR,0,1,5,0,0,6,6,0,34468,3178,0,0,37647,37647,0,5414,2523,0,0,7937,7937,3609110
2025-12-09,2025,12,9,port915,Pohang,Korea,KOR,0,1,3,0,1,4,5,0,30998,1894,0,0,32892,32892,0,0,10281,0,7321,10281,17603,3609111
2023-10-01,2023,10,1,port915,Pohang,Korea,KOR,1,2,1,0,0,4,4,255,20129,907,0,0,21291,21291,0,0,800,0,0,800,800,3609112
2024-11-08,2024,11,8,port915,Pohang,Korea,KOR,1,2,3,0,0,6,6,1516,116809,2721,0,0,121047,121047,0,0,2402,0,0,2402,2402,3609113
2025-12-10,2025,12,10,port915,Pohang,Korea,KOR,0,2,2,1,0,5,5,0,20192,907,263,0,21363,21363,0,6128,2587,385,0,9101,9101,3609114
2023-10-02,2023,10,2,port915,Pohang,Korea,KOR,0,0,2,1,0,3,3,0,0,1402,263,0,1665,1665,0,0,800,385,0,1186,1186,3609115
2024-11-09,2024,11,9,port915,Pohang,Korea,KOR,0,2,6,0,0,8,8,0,107555,14594,0,0,122149,122149,0,5414,1304,0,0,6718,6718,3609116
2025-12-11,2025,12,11,port915,Pohang,Korea,KOR,0,0,1,0,0,1,1,0,0,0,0,0,0,0,0,0,0,0,0,0,0,3609117
2023-10-03,2023,10,3,port915,Pohang,Korea,KOR,0,1,6,0,0,7,7,0,37907,4482,0,0,42390,42390,0,0,3977,0,0,3977,3977,3609118
2024-11-10,2024,11,10,port915,Pohang,Korea,KOR,0,0,5,0,1,5,6,0,0,8448,0,814,8448,9263,0,0,1601,0,2206,1601,3808,3609119
2025-12-12,2025,12,12,port915,Pohang,Korea,KOR,0,0,0,0,0,0,0,0,0,0,0,0,0,0,0,0,0,0,0,0,0,3609120
2023-10-04,2023,10,4,port915,Pohang,Korea,KOR,0,0,6,0,0,6,6,0,0,2123,0,0,2123,2123,0,0,1512,0,0,1512,1512,3609121
2024-11-11,2024,11,11,port915,Pohang,Korea,KOR,1,3,4,0,2,8,10,1245,18130,1183,0,1629,20559,22189,617,7640,4832,0,4412,13089,17502,3609122
2025-12-13,2025,12,13,port915,Pohang,Korea,KOR,0,0,2,0,0,2,2,0,0,1533,0,0,1533,1533,0,0,800,0,0,800,800,3609123
2023-10-05,2023,10,5,port915,Pohang,Korea,KOR,0,0,3,0,0,3,3,0,0,3339,0,0,3339,3339,0,0,800,0,0,800,800,3609124
2024-11-12,2024,11,12,port915,Pohang,Korea,KOR,1,1,2,1,1,5,6,1245,37178,915,263,700,39603,40304,617,0,0,385,0,1002,1003,3609125
2025-12-14,2025,12,14,port915,Pohang,Korea,KOR,0,0,0,0,0,0,0,0,0,0,0,0,0,0,0,0,0,0,0,0,0,3609126
2024-11-13,2024,11,13,port915,Pohang,Korea,KOR,0,3,5,0,0,8,8,0,113402,3239,0,0,116642,116642,0,9443,5379,0,0,14822,14822,3609127
2025-12-15,2025,12,15,port915,Pohang,Korea,KOR,0,1,2,0,0,3,3,0,0,907,0,0,907,907,0,27140,2587,0,0,29728,29728,3609128
2023-10-06,2023,10,6,port915,Pohang,Korea,KOR,0,2,1,0,0,3,3,0,35722,899,0,0,36621,36621,0,5414,0,0,0,5414,5414,3609129
2024-11-14,2024,11,14,port915,Pohang,Korea,KOR,0,2,3,1,0,6,6,0,79399,2758,263,0,82421,82421,0,24628,1601,385,0,26615,26615,3609130
2025-12-16,2025,12,16,port915,Pohang,Korea,KOR,0,1,3,0,0,4,4,0,0,5690,0,0,5690,5690,0,27930,435,0,0,28366,28366,3609131
2023-10-07,2023,10,7,port915,Pohang,Korea,KOR,0,4,2,0,0,6,6,0,2593,1049,0,0,3643,3643,0,10324,85,0,0,10409,10409,3609132
2024-11-15,2024,11,15,port915,Pohang,Korea,KOR,1,2,3,1,0,7,7,0,34468,1706,263,0,36439,36439,1646,7899,2224,385,0,12156,12156,3609133
2025-12-17,2025,12,17,port915,Pohang,Korea,KOR,0,0,2,0,0,2,2,0,0,0,0,0,0,0,0,0,3136,0,0,3136,3136,3609134
2023-10-08,2023,10,8,port915,Pohang,Korea,KOR,0,1,3,0,1,4,5,0,79260,3642,0,700,82902,83603,0,0,0,0,0,0,0,3609135
2024-11-16,2024,11,16,port915,Pohang,Korea,KOR,1,0,7,0,0,8,8,1245,0,7288,0,0,8534,8534,617,0,14572,0,0,15189,15189,3609136
2025-12-18,2025,12,18,port915,Pohang,Korea,KOR,1,3,2,2,0,8,8,823,77758,5489,527,0,84599,84599,0,24384,800,770,0,25955,25955,3609137
2023-10-09,2023,10,9,port915,Pohang,Korea,KOR,0,1,0,0,0,1,1,0,0,0,0,0,0,0,0,6739,0,0,0,6739,6739,3609138
2024-11-17,2024,11,17,port915,Pohang,Korea,KOR,0,3,3,0,1,6,7,0,15369,3568,0,0,18938,18938,0,9995,0,0,241,9995,10236,3609139
2025-12-19,2025,12,19,port915,Pohang,Korea,KOR,0,2,2,0,0,4,4,0,93186,1703,0,0,94890,94890,0,0,800,0,0,800,800,3609140
2023-10-10,2023,10,10,port915,Pohang,Korea,KOR,0,2,2,1,0,5,5,0,16937,1541,263,0,18742,18742,0,60522,239,385,0,61146,61146,3609141
2024-11-18,2024,11,18,port915,Pohang,Korea,KOR,0,0,1,0,0,1,1,0,0,0,0,0,0,0,0,0,1151,0,0,1151,1151,3609142
2025-12-20,2025,12,20,port915,Pohang,Korea,KOR,0,1,3,0,0,4,4,0,8478,7245,0,0,15724,15724,0,0,800,0,0,800,800,3609143
2023-10-11,2023,10,11,port915,Pohang,Korea,KOR,0,2,1,0,0,3,3,0,5695,622,0,0,6317,6317,0,0,0,0,0,0,0,3609144
2024-11-19,2024,11,19,port915,Pohang,Korea,KOR,1,1,6,0,0,8,8,1245,0,4569,0,0,5815,5815,617,32704,2402,0,0,35724,35724,3609145
2025-12-21,2025,12,21,port915,Pohang,Korea,KOR,0,1,3,0,0,4,4,0,0,4339,0,0,4339,4339,0,0,800,0,0,800,800,3609146
2023-10-12,2023,10,12,port915,Pohang,Korea,KOR,1,1,5,0,0,7,7,1245,0,3398,0,0,4643,4643,617,615,2476,0,0,3709,3709,3609147
2024-11-20,2024,11,20,port915,Pohang,Korea,KOR,0,3,3,2,1,8,9,0,34468,3079,527,0,38075,38075,0,8703,2195,770,15680,11669,27349,3609148
2025-12-22,2025,12,22,port915,Pohang,Korea,KOR,0,0,4,0,0,4,4,0,0,4880,0,0,4880,4880,0,0,1138,0,0,1138,1138,3609149
2023-10-13,2023,10,13,port915,Pohang,Korea,KOR,0,0,3,0,0,3,3,0,0,2568,0,0,2568,2568,0,0,3179,0,0,3179,3179,3609150
2024-11-21,2024,11,21,port915,Pohang,Korea,KOR,0,4,4,0,0,8,8,0,248061,2326,0,0,250387,250387,0,0,3438,0,0,3438,3438,3609151
2025-12-23,2025,12,23,port915,Pohang,Korea,KOR,0,0,2,0,1,2,3,0,0,324,0,700,324,1025,0,0,3583,0,0,3583,3584,3609152
2023-10-14,2023,10,14,port915,Pohang,Korea,KOR,0,1,3,0,0,4,4,0,0,3047,0,0,3047,3047,0,8654,2306,0,0,10961,10961,3609153
2024-11-22,2024,11,22,port915,Pohang,Korea,KOR,0,4,3,0,1,7,8,0,246598,4402,0,814,251000,251815,0,7407,1601,0,2206,9009,11215,3609154
2025-12-24,2025,12,24,port915,Pohang,Korea,KOR,0,0,1,1,0,2,2,0,0,907,263,0,1170,1170,0,0,800,385,0,1186,1186,3609155
2023-10-15,2023,10,15,port915,Pohang,Korea,KOR,1,0,2,1,0,4,4,1245,0,2417,263,0,3927,3927,617,0,0,385,0,1002,1002,3609156
2024-11-23,2024,11,23,port915,Pohang,Korea,KOR,1,1,4,0,1,6,7,601,34468,2379,0,814,37449,38264,0,5414,3009,0,2206,8423,10629,3609157
2025-12-25,2025,12,25,port915,Pohang,Korea,KOR,0,0,0,0,0,0,0,0,0,0,0,0,0,0,0,0,0,0,0,0,0,3609158
2023-10-16,2023,10,16,port915,Pohang,Korea,KOR,0,1,1,0,0,2,2,0,24068,6247,0,0,30316,30316,0,0,0,0,0,0,0,3609159
2024-11-24,2024,11,24,port915,Pohang,Korea,KOR,1,2,5,0,0,8,8,1245,36666,5943,0,0,43855,43855,617,33509,6882,0,0,41009,41009,3609160
2025-12-26,2025,12,26,port915,Pohang,Korea,KOR,0,0,0,0,0,0,0,0,0,0,0,0,0,0,0,0,0,0,0,0,0,3609161
2023-10-17,2023,10,17,port915,Pohang,Korea,KOR,0,2,0,0,0,2,2,0,0,0,0,0,0,0,0,6711,0,0,0,6711,6711,3609162
2024-11-25,2024,11,25,port915,Pohang,Korea,KOR,0,4,5,1,0,10,10,0,34468,4890,263,0,39622,39622,0,85906,4540,385,0,90832,90832,3609163
2025-12-27,2025,12,27,port915,Pohang,Korea,KOR,0,3,4,0,0,7,7,0,0,319,0,0,319,319,0,3542,2512,0,0,6055,6055,3609164
2023-10-18,2023,10,18,port915,Pohang,Korea,KOR,0,8,7,1,0,16,16,0,461721,4056,263,0,466041,466041,0,45168,6805,385,0,52359,52359,3609165
2024-11-26,2024,11,26,port915,Pohang,Korea,KOR,0,0,1,1,0,2,2,0,0,0,263,0,263,263,0,0,1718,385,0,2104,2104,3609166
2025-12-28,2025,12,28,port915,Pohang,Korea,KOR,0,0,1,0,0,1,1,0,0,0,0,0,0,0,0,0,2056,0,0,2056,2056,3609167
2023-10-19,2023,10,19,port915,Pohang,Korea,KOR,0,0,4,0,1,4,5,0,0,5274,0,814,5274,6088,0,0,1601,0,2206,1601,3808,3609168
2024-11-27,2024,11,27,port915,Pohang,Korea,KOR,0,1,4,0,0,5,5,0,34468,907,0,0,35375,35375,0,5414,3968,0,0,9383,9383,3609169
2025-12-29,2025,12,29,port915,Pohang,Korea,KOR,0,2,3,0,0,5,5,0,171104,4063,0,0,175167,175167,0,32841,1601,0,0,34442,34442,3609170
2024-11-28,2024,11,28,port915,Pohang,Korea,KOR,0,2,4,0,0,6,6,0,0,1814,0,0,1814,1814,0,5877,4916,0,0,10794,10794,3609171
2025-12-30,2025,12,30,port915,Pohang,Korea,KOR,0,0,2,0,0,2,2,0,0,907,0,0,907,907,0,0,1157,0,0,1157,1157,3609172
2024-11-29,2024,11,29,port915,Pohang,Korea,KOR,1,2,1,0,1,4,5,0,30252,0,0,241,30252,30493,15,1167,1844,0,0,3027,3027,3609173
2023-10-20,2023,10,20,port915,Pohang,Korea,KOR,0,2,2,0,0,4,4,0,186034,1559,0,0,187594,187594,0,5414,800,0,0,6215,6215,3609174
2025-12-31,2025,12,31,port915,Pohang,Korea,KOR,0,0,2,0,0,2,2,0,0,1994,0,0,1994,1994,0,0,435,0,0,435,435,3609175
2024-11-30,2024,11,30,port915,Pohang,Korea,KOR,1,2,2,0,0,5,5,1245,207865,1813,0,0,210924,210924,617,5414,0,0,0,6031,6031,3609176
2023-10-21,2023,10,21,port915,Pohang,Korea,KOR,1,3,2,0,0,6,6,0,2691,2063,0,0,4755,4755,2014,40213,1635,0,0,43863,43863,3609177
2026-01-01,2026,1,1,port915,Pohang,Korea,KOR,0,1,5,0,0,6,6,0,0,3662,0,0,3662,3662,0,0,6175,0,0,6175,6175,3609178
2024-12-01,2024,12,1,port915,Pohang,Korea,KOR,0,1,3,0,2,4,6,0,34468,999,0,814,35468,36283,0,5414,1600,0,2206,7014,9221,3609179
2023-10-22,2023,10,22,port915,Pohang,Korea,KOR,0,0,0,0,0,0,0,0,0,0,0,0,0,0,0,0,0,0,0,0,0,3609180
2026-01-02,2026,1,2,port915,Pohang,Korea,KOR,0,0,1,0,0,1,1,0,0,250,0,0,250,250,0,0,0,0,0,0,0,3609181
2024-12-02,2024,12,2,port915,Pohang,Korea,KOR,1,4,4,0,0,9,9,2185,57601,1997,0,0,61784,61784,0,44608,8849,0,0,53458,53458,3609182
2023-10-23,2023,10,23,port915,Pohang,Korea,KOR,0,3,5,0,0,8,8,0,118363,907,0,0,119270,119270,0,5414,8775,0,0,14189,14189,3609183
2026-01-03,2026,1,3,port915,Pohang,Korea,KOR,0,4,3,0,0,7,7,0,63313,3690,0,0,67004,67004,0,36725,800,0,0,37525,37525,3609184
2024-12-03,2024,12,3,port915,Pohang,Korea,KOR,0,3,5,0,0,8,8,0,48423,8455,0,0,56879,56879,0,21775,1601,0,0,23377,23377,3609185
2023-10-24,2023,10,24,port915,Pohang,Korea,KOR,0,1,0,0,0,1,1,0,0,0,0,0,0,0,0,3968,0,0,0,3968,3968,3609186
2026-01-04,2026,1,4,port915,Pohang,Korea,KOR,0,2,1,0,0,3,3,0,1686,2234,0,0,3921,3921,0,4805,0,0,0,4805,4805,3609187
2024-12-04,2024,12,4,port915,Pohang,Korea,KOR,0,1,2,1,1,4,5,0,3295,907,263,814,4466,5281,0,0,1310,385,2206,1695,3901,3609188
2023-10-25,2023,10,25,port915,Pohang,Korea,KOR,0,1,4,0,0,5,5,0,0,1045,0,0,1045,1045,0,2485,1256,0,0,3741,3741,3609189
2026-01-05,2026,1,5,port915,Pohang,Korea,KOR,1,0,1,0,0,2,2,604,0,989,0,0,1594,1594,0,0,0,0,0,0,0,3609190
2024-12-05,2024,12,5,port915,Pohang,Korea,KOR,0,2,6,1,0,9,9,0,34468,9103,263,0,43835,43835,0,7545,1315,385,0,9245,9245,3609191
2023-10-26,2023,10,26,port915,Pohang,Korea,KOR,0,1,3,0,0,4,4,0,109015,907,0,0,109922,109922,0,0,7997,0,0,7997,7997,3609192
2026-01-06,2026,1,6,port915,Pohang,Korea,KOR,0,0,0,0,0,0,0,0,0,0,0,0,0,0,0,0,0,0,0,0,0,3609193
2024-12-06,2024,12,6,port915,Pohang,Korea,KOR,1,3,6,0,1,10,11,0,324457,15174,0,814,339631,340445,150,4872,176,0,2206,5199,7406,3609194
2023-10-27,2023,10,27,port915,Pohang,Korea,KOR,0,1,3,0,1,4,5,0,34468,2743,0,814,37211,38026,0,5414,800,0,2206,6215,8421,3609195
2026-01-07,2026,1,7,port915,Pohang,Korea,KOR,0,0,2,0,0,2,2,0,0,0,0,0,0,0,0,0,2041,0,0,2041,2041,3609196
2024-12-07,2024,12,7,port915,Pohang,Korea,KOR,1,1,4,0,0,6,6,321,12169,3904,0,0,16395,16395,0,0,2402,0,0,2402,2402,3609197
2023-10-28,2023,10,28,port915,Pohang,Korea,KOR,0,0,5,0,0,5,5,0,0,6082,0,0,6082,6082,0,0,5654,0,0,5654,5654,3609198
2026-01-08,2026,1,8,port915,Pohang,Korea,KOR,0,3,2,0,0,5,5,0,19633,0,0,0,19633,19633,0,30505,4004,0,0,34509,34509,3609199
2024-12-08,2024,12,8,port915,Pohang,Korea,KOR,0,0,5,0,0,5,5,0,0,2482,0,0,2482,2482,0,0,1246,0,0,1246,1246,3609200
2023-10-29,2023,10,29,port915,Pohang,Korea,KOR,0,1,2,0,0,3,3,0,0,808,0,0,808,808,0,8674,1178,0,0,9853,9853,3609201
2026-01-09,2026,1,9,port915,Pohang,Korea,KOR,0,1,1,0,0,2,2,0,0,907,0,0,907,907,0,32571,800,0,0,33372,33372,3609202
2024-12-09,2024,12,9,port915,Pohang,Korea,KOR,0,4,2,0,0,6,6,0,51479,917,0,0,52397,52397,0,114581,1899,0,0,116481,116481,3609203
2023-10-30,2023,10,30,port915,Pohang,Korea,KOR,0,0,7,0,0,7,7,0,0,2914,0,0,2914,2914,0,0,5547,0,0,5547,5547,3609204
2026-01-10,2026,1,10,port915,Pohang,Korea,KOR,0,0,1,0,0,1,1,0,0,0,0,0,0,0,0,0,131,0,0,131,131,3609205
2024-12-10,2024,12,10,port915,Pohang,Korea,KOR,0,3,2,0,1,5,6,0,58283,907,0,814,59190,60005,0,0,1911,0,2206,1911,4117,3609206
2023-10-31,2023,10,31,port915,Pohang,Korea,KOR,0,3,1,0,0,4,4,0,254283,0,0,0,254283,254283,0,0,1242,0,0,1242,1242,3609207
2026-01-11,2026,1,11,port915,Pohang,Korea,KOR,0,0,1,1,0,2,2,0,0,0,263,0,263,263,0,0,3366,385,0,3752,3752,3609208
2024-12-11,2024,12,11,port915,Pohang,Korea,KOR,0,3,4,0,0,7,7,0,310619,4441,0,0,315060,315060,0,0,0,0,0,0,0,3609209
2023-11-01,2023,11,1,port915,Pohang,Korea,KOR,1,4,5,0,0,10,10,1245,365754,8992,0,0,375991,375991,617,0,5255,0,0,5873,5873,3609210
2026-01-12,2026,1,12,port915,Pohang,Korea,KOR,0,3,1,0,0,4,4,0,268296,0,0,0,268296,268296,0,15048,1166,0,0,16214,16214,3609211
2024-12-12,2024,12,12,port915,Pohang,Korea,KOR,0,3,2,2,0,7,7,0,93167,2693,465,0,96326,96326,0,64917,800,385,0,66104,66104,3609212
2023-11-02,2023,11,2,port915,Pohang,Korea,KOR,0,3,8,1,1,12,13,0,198304,13739,263,0,212308,212308,0,0,2740,385,0,3125,3125,3609213
2026-01-13,2026,1,13,port915,Pohang,Korea,KOR,0,0,1,0,0,1,1,0,0,907,0,0,907,907,0,0,800,0,0,800,800,3609214
2023-11-03,2023,11,3,port915,Pohang,Korea,KOR,0,2,4,0,0,6,6,0,19869,3037,0,0,22907,22907,0,0,2401,0,0,2401,2401,3609215
2026-01-14,2026,1,14,port915,Pohang,Korea,KOR,1,0,5,1,0,7,7,1245,0,1152,263,0,2661,2661,617,0,2427,385,0,3430,3430,3609216
2023-11-04,2023,11,4,port915,Pohang,Korea,KOR,0,0,2,1,0,3,3,0,0,3449,263,0,3713,3713,0,0,0,385,0,385,385,3609217
2024-12-13,2024,12,13,port915,Pohang,Korea,KOR,2,6,4,0,1,12,13,2226,212351,5663,0,0,220241,220241,0,31350,3103,0,5306,34454,39760,3609218
2026-01-15,2026,1,15,port915,Pohang,Korea,KOR,0,2,5,0,2,7,9,0,436237,1092,0,700,437329,438030,0,0,3554,0,24081,3554,27635,3609219
2023-11-05,2023,11,5,port915,Pohang,Korea,KOR,0,0,2,0,0,2,2,0,0,1427,0,0,1427,1427,0,0,2001,0,0,2001,2001,3609220
2024-12-14,2024,12,14,port915,Pohang,Korea,KOR,0,0,4,0,1,4,5,0,0,1814,0,700,1814,2515,0,0,3210,0,0,3210,3211,3609221
2026-01-16,2026,1,16,port915,Pohang,Korea,KOR,0,2,0,0,0,2,2,0,0,0,0,0,0,0,0,33810,0,0,0,33810,33810,3609222
2023-11-06,2023,11,6,port915,Pohang,Korea,KOR,0,0,0,0,0,0,0,0,0,0,0,0,0,0,0,0,0,0,0,0,0,3609223
2024-12-15,2024,12,15,port915,Pohang,Korea,KOR,0,1,8,0,0,9,9,0,0,7020,0,0,7020,7020,0,5777,3284,0,0,9061,9061,3609224
2026-01-17,2026,1,17,port915,Pohang,Korea,KOR,0,1,1,1,0,3,3,0,2891,907,263,0,4062,4062,0,0,800,385,0,1186,1186,3609225
2023-11-07,2023,11,7,port915,Pohang,Korea,KOR,0,0,2,0,1,2,3,0,0,0,0,361,0,361,0,0,2789,0,0,2789,2789,3609226
2024-12-16,2024,12,16,port915,Pohang,Korea,KOR,0,1,2,0,1,3,4,0,0,907,0,3155,907,4063,0,32638,3181,0,0,35819,35819,3609227
2026-01-18,2026,1,18,port915,Pohang,Korea,KOR,0,0,2,0,0,2,2,0,0,1194,0,0,1194,1194,0,0,800,0,0,800,800,3609228
2023-11-08,2023,11,8,port915,Pohang,Korea,KOR,1,2,2,0,0,5,5,0,84986,907,0,0,85893,85893,1533,4527,800,0,0,6861,6861,3609229
2024-12-17,2024,12,17,port915,Pohang,Korea,KOR,0,2,3,1,1,6,7,0,12233,3252,263,565,15749,16315,0,6166,1601,385,0,8153,8153,3609230
2026-01-19,2026,1,19,port915,Pohang,Korea,KOR,0,4,3,0,0,7,7,0,179106,1331,0,0,180438,180438,0,9634,1433,0,0,11067,11067,3609231
2023-11-09,2023,11,9,port915,Pohang,Korea,KOR,0,0,3,0,0,3,3,0,0,3192,0,0,3192,3192,0,0,800,0,0,800,800,3609232
2024-12-18,2024,12,18,port915,Pohang,Korea,KOR,0,1,3,1,0,5,5,0,5037,487,263,0,5788,5788,0,0,1652,385,0,2037,2037,3609233
2026-01-20,2026,1,20,port915,Pohang,Korea,KOR,0,1,1,0,0,2,2,0,49562,771,0,0,50333,50333,0,0,0,0,0,0,0,3609234
2023-11-10,2023,11,10,port915,Pohang,Korea,KOR,0,0,4,0,0,4,4,0,0,3313,0,0,3313,3313,0,0,3200,0,0,3200,3200,3609235
2024-12-19,2024,12,19,port915,Pohang,Korea,KOR,0,0,2,0,0,2,2,0,0,3139,0,0,3139,3139,0,0,800,0,0,800,800,3609236
2026-01-21,2026,1,21,port915,Pohang,Korea,KOR,0,0,0,0,0,0,0,0,0,0,0,0,0,0,0,0,0,0,0,0,0,3609237
2023-11-11,2023,11,11,port915,Pohang,Korea,KOR,1,1,1,0,0,3,3,1245,0,0,0,0,1245,1245,617,636,2378,0,0,3632,3632,3609238
2024-12-20,2024,12,20,port915,Pohang,Korea,KOR,1,5,3,1,0,10,10,1516,76365,6472,263,0,84618,84618,0,86370,445,385,0,87201,87201,3609239
2026-01-22,2026,1,22,port915,Pohang,Korea,KOR,0,0,0,0,0,0,0,0,0,0,0,0,0,0,0,0,0,0,0,0,0,3609240
2023-11-12,2023,11,12,port915,Pohang,Korea,KOR,0,1,3,0,0,4,4,0,83843,3767,0,0,87610,87610,0,0,800,0,0,800,800,3609241
2024-12-21,2024,12,21,port915,Pohang,Korea,KOR,0,1,5,1,0,7,7,0,34468,3351,263,0,38084,38084,0,5414,4440,385,0,10239,10239,3609242
2026-01-23,2026,1,23,port915,Pohang,Korea,KOR,0,3,1,0,0,4,4,0,1675,949,0,0,2625,2625,0,38093,0,0,0,38093,38093,3609243
2023-11-13,2023,11,13,port915,Pohang,Korea,KOR,1,0,2,0,0,3,3,0,0,907,0,0,907,907,0,0,1069,0,0,1069,1069,3609244
2024-12-22,2024,12,22,port915,Pohang,Korea,KOR,1,4,2,0,0,7,7,2986,335660,110,0,0,338758,338758,0,52966,632,0,0,53599,53599,3609245
2026-01-24,2026,1,24,port915,Pohang,Korea,KOR,0,0,1,1,0,2,2,0,0,0,263,0,263,263,0,0,1253,385,0,1639,1639,3609246
2023-11-14,2023,11,14,port915,Pohang,Korea,KOR,0,0,1,0,0,1,1,0,0,1979,0,0,1979,1979,0,0,0,0,0,0,0,3609247
2024-12-23,2024,12,23,port915,Pohang,Korea,KOR,1,3,5,0,0,9,9,1245,87748,2355,0,0,91349,91349,617,14816,5883,0,0,21317,21317,3609248
2026-01-25,2026,1,25,port915,Pohang,Korea,KOR,0,0,3,0,1,3,4,0,0,1333,0,700,1333,2034,0,0,1613,0,0,1613,1613,3609249
2023-11-15,2023,11,15,port915,Pohang,Korea,KOR,0,1,3,0,0,4,4,0,17139,1330,0,0,18469,18469,0,0,1865,0,0,1865,1865,3609250
2024-12-24,2024,12,24,port915,Pohang,Korea,KOR,0,2,6,0,0,8,8,0,0,907,0,0,907,907,0,12370,6326,0,0,18697,18697,3609251
2026-01-26,2026,1,26,port915,Pohang,Korea,KOR,0,1,2,0,0,3,3,0,34468,0,0,0,34468,34468,0,5414,4180,0,0,9594,9594,3609252
2023-11-16,2023,11,16,port915,Pohang,Korea,KOR,0,2,4,0,0,6,6,0,2411,3263,0,0,5674,5674,0,8419,1699,0,0,10119,10119,3609253
2024-12-25,2024,12,25,port915,Pohang,Korea,KOR,1,1,2,1,0,5,5,1245,24497,907,263,0,26914,26914,617,0,3151,385,0,4154,4154,3609254
2026-01-27,2026,1,27,port915,Pohang,Korea,KOR,0,1,1,0,0,2,2,0,0,907,0,0,907,907,0,7904,800,0,0,8705,8705,3609255
2023-11-17,2023,11,17,port915,Pohang,Korea,KOR,0,0,1,0,1,1,2,0,0,1049,0,0,1049,1049,0,0,0,0,0,0,0,3609256
2024-12-26,2024,12,26,port915,Pohang,Korea,KOR,1,0,5,0,1,6,7,3614,0,4617,0,700,8232,8932,0,0,1630,0,0,1630,1630,3609257
2026-01-28,2026,1,28,port915,Pohang,Korea,KOR,0,1,3,0,0,4,4,0,0,1814,0,0,1814,1814,0,0,2025,0,0,2025,2025,3609258
2024-12-27,2024,12,27,port915,Pohang,Korea,KOR,0,2,2,0,2,4,6,0,0,0,0,2134,0,2134,0,8519,1111,0,2206,9630,11836,3609259
2026-01-29,2026,1,29,port915,Pohang,Korea,KOR,0,2,2,0,0,4,4,0,245149,3088,0,0,248237,248237,0,0,800,0,0,800,800,3609260
2023-11-18,2023,11,18,port915,Pohang,Korea,KOR,0,0,0,0,0,0,0,0,0,0,0,0,0,0,0,0,0,0,0,0,0,3609261
2024-12-28,2024,12,28,port915,Pohang,Korea,KOR,0,0,2,0,1,2,3,0,0,0,0,814,0,814,0,0,4172,0,2206,4172,6378,3609262
2026-01-30,2026,1,30,port915,Pohang,Korea,KOR,0,1,0,0,0,1,1,0,0,0,0,0,0,0,0,0,0,0,0,0,0,3609263
2023-11-19,2023,11,19,port915,Pohang,Korea,KOR,0,1,5,0,0,6,6,0,0,1814,0,0,1814,1814,0,25309,6678,0,0,31988,31988,3609264
2024-12-29,2024,12,29,port915,Pohang,Korea,KOR,0,1,0,0,0,1,1,0,0,0,0,0,0,0,0,1285,0,0,0,1285,1285,3609265
2026-01-31,2026,1,31,port915,Pohang,Korea,KOR,0,0,3,0,0,3,3,0,0,5544,0,0,5544,5544,0,0,800,0,0,800,800,3609266
2023-11-20,2023,11,20,port915,Pohang,Korea,KOR,2,2,8,0,0,12,12,857,67310,5540,0,0,73709,73709,3555,0,3806,0,0,7361,7361,3609267
2024-12-30,2024,12,30,port915,Pohang,Korea,KOR,0,2,2,1,0,5,5,0,34468,2172,263,0,36904,36904,0,5414,800,385,0,6600,6600,3609268
2026-02-01,2026,2,1,port915,Pohang,Korea,KOR,0,1,1,0,0,2,2,0,0,0,0,0,0,0,0,27092,434,0,0,27527,27527,3609269
2023-11-21,2023,11,21,port915,Pohang,Korea,KOR,0,7,6,1,0,14,14,0,68936,4912,263,0,74113,74113,0,74853,4688,385,0,79928,79928,3609270
2024-12-31,2024,12,31,port915,Pohang,Korea,KOR,0,0,2,0,0,2,2,0,0,668,0,0,668,668,0,0,4035,0,0,4035,4035,3609271
2026-02-02,2026,2,2,port915,Pohang,Korea,KOR,0,1,2,0,0,3,3,0,0,907,0,0,907,907,0,813,4453,0,0,5266,5266,3609272
2023-11-22,2023,11,22,port915,Pohang,Korea,KOR,0,1,2,0,0,3,3,0,173653,907,0,0,174560,174560,0,0,1243,0,0,1243,1243,3609273
2025-01-01,2025,1,1,port915,Pohang,Korea,KOR,0,2,1,0,0,3,3,0,12420,1289,0,0,13709,13709,0,20807,0,0,0,20807,20807,3609274
2026-02-03,2026,2,3,port915,Pohang,Korea,KOR,1,1,3,0,0,5,5,0,0,1439,0,0,1439,1439,818,31824,1096,0,0,33740,33740,3609275
2023-11-23,2023,11,23,port915,Pohang,Korea,KOR,0,0,1,0,0,1,1,0,0,0,0,0,0,0,0,0,664,0,0,664,664,3609276
2025-01-02,2025,1,2,port915,Pohang,Korea,KOR,2,3,4,0,0,9,9,3612,310742,907,0,0,315262,315262,0,5414,3239,0,0,8653,8653,3609277
2026-02-04,2026,2,4,port915,Pohang,Korea,KOR,0,3,0,0,0,3,3,0,68936,0,0,0,68936,68936,0,39701,0,0,0,39701,39701,3609278
2023-11-24,2023,11,24,port915,Pohang,Korea,KOR,0,1,1,0,0,2,2,0,0,0,0,0,0,0,0,35578,1017,0,0,36595,36595,3609279
2025-01-03,2025,1,3,port915,Pohang,Korea,KOR,1,1,3,0,0,5,5,0,34468,2521,0,0,36989,36989,1000,5414,1583,0,0,7997,7997,3609280
2026-02-05,2026,2,5,port915,Pohang,Korea,KOR,0,1,2,0,0,3,3,0,34468,785,0,0,35254,35254,0,5414,167,0,0,5581,5581,3609281
2023-11-25,2023,11,25,port915,Pohang,Korea,KOR,0,0,4,0,0,4,4,0,0,1814,0,0,1814,1814,0,0,3533,0,0,3533,3533,3609282
2025-01-04,2025,1,4,port915,Pohang,Korea,KOR,0,0,3,2,0,5,5,0,0,5122,527,0,5650,5650,0,0,561,770,0,1332,1332,3609283
2026-02-06,2026,2,6,port915,Pohang,Korea,KOR,2,0,3,0,0,5,5,1825,0,2424,0,0,4250,4250,617,0,1601,0,0,2219,2219,3609284
2023-11-26,2023,11,26,port915,Pohang,Korea,KOR,0,1,1,0,0,2,2,0,26789,907,0,0,27696,27696,0,0,800,0,0,800,800,3609285
2025-01-05,2025,1,5,port915,Pohang,Korea,KOR,0,2,2,0,0,4,4,0,0,10295,0,0,10295,10295,0,6650,0,0,0,6650,6650,3609286
2026-02-07,2026,2,7,port915,Pohang,Korea,KOR,0,0,2,0,0,2,2,0,0,3716,0,0,3716,3716,0,0,800,0,0,800,800,3609287
2023-11-27,2023,11,27,port915,Pohang,Korea,KOR,0,1,4,1,0,6,6,0,0,1706,263,0,1970,1970,0,6023,3319,385,0,9728,9728,3609288
2025-01-06,2025,1,6,port915,Pohang,Korea,KOR,0,3,3,0,0,6,6,0,100697,6515,0,0,107213,107213,0,10828,23811,0,0,34640,34640,3609289
2026-02-08,2026,2,8,port915,Pohang,Korea,KOR,0,0,0,1,0,1,1,0,0,0,263,0,263,263,0,0,0,385,0,385,385,3609290
2023-11-28,2023,11,28,port915,Pohang,Korea,KOR,0,3,2,0,0,5,5,0,35404,2814,0,0,38218,38218,0,0,1241,0,0,1241,1241,3609291
2025-01-07,2025,1,7,port915,Pohang,Korea,KOR,0,0,3,0,0,3,3,0,0,2760,0,0,2760,2760,0,0,2056,0,0,2056,2056,3609292
2026-02-09,2026,2,9,port915,Pohang,Korea,KOR,0,2,2,0,0,4,4,0,53866,907,0,0,54773,54773,0,9634,969,0,0,10603,10603,3609293
2023-11-29,2023,11,29,port915,Pohang,Korea,KOR,1,2,6,0,0,9,9,1245,0,6019,0,0,7264,7264,617,22323,2780,0,0,25721,25721,3609294
2025-01-08,2025,1,8,port915,Pohang,Korea,KOR,0,1,2,0,0,3,3,0,66197,1814,0,0,68011,68011,0,0,1601,0,0,1601,1601,3609295
2026-02-10,2026,2,10,port915,Pohang,Korea,KOR,0,2,0,0,2,2,4,0,11060,0,0,700,11060,11761,0,5390,0,0,4312,5390,9703,3609296
2023-11-30,2023,11,30,port915,Pohang,Korea,KOR,0,0,2,0,1,2,3,0,0,907,0,814,907,1721,0,0,4972,0,2206,4972,7179,3609297
2025-01-09,2025,1,9,port915,Pohang,Korea,KOR,1,1,1,0,0,3,3,857,148152,0,0,0,149010,149010,0,0,799,0,0,799,799,3609298
2026-02-11,2026,2,11,port915,Pohang,Korea,KOR,0,3,3,0,0,6,6,0,156301,907,0,0,157208,157208,0,15048,3464,0,0,18512,18512,3609299
2023-12-01,2023,12,1,port915,Pohang,Korea,KOR,0,1,2,0,0,3,3,0,34468,215,0,0,34684,34684,0,5414,1995,0,0,7410,7410,3609300
2025-01-10,2025,1,10,port915,Pohang,Korea,KOR,0,1,2,0,0,3,3,0,0,907,0,0,907,907,0,10713,1816,0,0,12529,12529,3609301
2026-02-12,2026,2,12,port915,Pohang,Korea,KOR,0,2,1,1,0,4,4,0,0,907,263,0,1170,1170,0,1725,800,385,0,2912,2912,3609302
2023-12-02,2023,12,2,port915,Pohang,Korea,KOR,0,1,1,0,0,2,2,0,0,1428,0,0,1428,1428,0,0,0,0,0,0,0,3609303
2025-01-11,2025,1,11,port915,Pohang,Korea,KOR,0,1,5,0,3,6,9,0,0,11134,0,2134,11134,13268,0,0,1078,0,8967,1078,10045,3609304
2023-12-03,2023,12,3,port915,Pohang,Korea,KOR,0,0,2,0,0,2,2,0,0,5643,0,0,5643,5643,0,0,0,0,0,0,0,3609305
2026-02-13,2026,2,13,port915,Pohang,Korea,KOR,0,0,0,0,0,0,0,0,0,0,0,0,0,0,0,0,0,0,0,0,0,3609306
2025-01-12,2025,1,12,port915,Pohang,Korea,KOR,0,0,5,0,0,5,5,0,0,2057,0,0,2057,2057,0,0,6285,0,0,6285,6285,3609307
2023-12-04,2023,12,4,port915,Pohang,Korea,KOR,0,2,4,0,0,6,6,0,48110,4748,0,0,52858,52858,0,5414,2857,0,0,8272,8272,3609308
2026-02-14,2026,2,14,port915,Pohang,Korea,KOR,0,2,0,1,0,3,3,0,188972,0,263,0,189236,189236,0,40366,0,385,0,40752,40752,3609309
2025-01-13,2025,1,13,port915,Pohang,Korea,KOR,0,2,2,0,0,4,4,0,143638,907,0,0,144545,144545,0,5414,2784,0,0,8199,8199,3609310
2023-12-05,2023,12,5,port915,Pohang,Korea,KOR,0,0,2,0,0,2,2,0,0,1103,0,0,1103,1103,0,0,0,0,0,0,0,3609311
2026-02-15,2026,2,15,port915,Pohang,Korea,KOR,0,1,2,0,0,3,3,0,0,0,0,0,0,0,0,1382,1704,0,0,3087,3087,3609312
2025-01-14,2025,1,14,port915,Pohang,Korea,KOR,0,3,3,1,0,7,7,0,229451,1711,263,0,231426,231426,0,31191,0,385,0,31576,31576,3609313
2023-12-06,2023,12,6,port915,Pohang,Korea,KOR,0,1,1,0,0,2,2,0,0,907,0,0,907,907,0,0,800,0,0,800,800,3609314
2026-02-16,2026,2,16,port915,Pohang,Korea,KOR,0,0,2,0,0,2,2,0,0,1473,0,0,1473,1473,0,0,0,0,0,0,0,3609315
2025-01-15,2025,1,15,port915,Pohang,Korea,KOR,1,2,3,0,0,6,6,6379,0,4421,0,0,10801,10801,0,15272,2219,0,0,17491,17491,3609316
2023-12-07,2023,12,7,port915,Pohang,Korea,KOR,1,0,2,0,0,3,3,0,0,907,0,0,907,907,0,0,1131,0,0,1131,1131,3609317
2026-02-17,2026,2,17,port915,Pohang,Korea,KOR,1,1,0,0,0,2,2,1245,0,0,0,0,1245,1245,617,17885,0,0,0,18503,18503,3609318
2025-01-16,2025,1,16,port915,Pohang,Korea,KOR,0,2,1,0,0,3,3,0,4789,907,0,0,5697,5697,0,26066,800,0,0,26867,26867,3609319
2023-12-08,2023,12,8,port915,Pohang,Korea,KOR,0,1,1,0,0,2,2,0,20867,610,0,0,21477,21477,0,0,0,0,0,0,0,3609320
2026-02-18,2026,2,18,port915,Pohang,Korea,KOR,0,2,2,0,0,4,4,0,0,1814,0,0,1814,1814,0,3436,1601,0,0,5038,5038,3609321
2025-01-17,2025,1,17,port915,Pohang,Korea,KOR,2,1,8,0,2,11,13,150,29474,6141,0,2134,35766,37901,274,0,5251,0,2206,5526,7732,3609322
2023-12-09,2023,12,9,port915,Pohang,Korea,KOR,0,1,5,0,0,6,6,0,0,4476,0,0,4476,4476,0,0,1772,0,0,1772,1772,3609323
2026-02-19,2026,2,19,port915,Pohang,Korea,KOR,0,1,2,0,1,3,4,0,0,785,0,0,785,785,0,9098,941,0,2217,10039,12256,3609324
2025-01-18,2025,1,18,port915,Pohang,Korea,KOR,0,4,2,0,2,6,8,0,68377,822,0,942,69200,70143,0,14886,3626,0,9533,18513,28046,3609325
2023-12-10,2023,12,10,port915,Pohang,Korea,KOR,0,3,1,0,0,4,4,0,392985,907,0,0,393893,393893,0,0,800,0,0,800,800,3609326
2026-02-20,2026,2,20,port915,Pohang,Korea,KOR,0,1,2,0,0,3,3,0,154126,907,0,0,155033,155033,0,0,1942,0,0,1942,1942,3609327
2025-01-19,2025,1,19,port915,Pohang,Korea,KOR,0,2,8,0,0,10,10,0,0,3452,0,0,3452,3452,0,21931,2282,0,0,24213,24213,3609328
2023-12-11,2023,12,11,port915,Pohang,Korea,KOR,0,0,0,0,0,0,0,0,0,0,0,0,0,0,0,0,0,0,0,0,0,3609329
2026-02-21,2026,2,21,port915,Pohang,Korea,KOR,0,0,3,1,0,4,4,0,0,0,263,0,263,263,0,0,4605,385,0,4990,4990,3609330
2025-01-20,2025,1,20,port915,Pohang,Korea,KOR,0,3,7,0,0,10,10,0,26330,8053,0,0,34384,34384,0,35217,9431,0,0,44649,44649,3609331
2023-12-12,2023,12,12,port915,Pohang,Korea,KOR,0,0,0,0,0,0,0,0,0,0,0,0,0,0,0,0,0,0,0,0,0,3609332
2026-02-22,2026,2,22,port915,Pohang,Korea,KOR,0,2,2,0,0,4,4,0,0,0,0,0,0,0,0,2396,1439,0,0,3836,3836,3609333
2025-01-21,2025,1,21,port915,Pohang,Korea,KOR,0,3,3,0,0,6,6,0,107578,10951,0,0,118529,118529,0,10828,800,0,0,11629,11629,3609334
2023-12-13,2023,12,13,port915,Pohang,Korea,KOR,1,5,5,0,1,11,12,0,230800,2721,0,814,233521,234336,7163,16994,4586,0,2206,28745,30951,3609335
2026-02-23,2026,2,23,port915,Pohang,Korea,KOR,1,1,0,0,0,2,2,3006,70599,0,0,0,73605,73605,0,0,0,0,0,0,0,3609336
2025-01-22,2025,1,22,port915,Pohang,Korea,KOR,1,0,3,0,1,4,5,0,0,7001,0,1122,7001,8123,5597,0,800,0,0,6398,6398,3609337
2023-12-14,2023,12,14,port915,Pohang,Korea,KOR,0,2,6,0,0,8,8,0,2321,3208,0,0,5529,5529,0,30949,2712,0,0,33661,33661,3609338
2026-02-24,2026,2,24,port915,Pohang,Korea,KOR,0,0,2,1,0,3,3,0,0,907,263,0,1170,1170,0,0,2033,385,0,2419,2419,3609339
2025-01-23,2025,1,23,port915,Pohang,Korea,KOR,0,2,4,1,0,7,7,0,34468,347,263,0,35079,35079,0,10601,2164,385,0,13151,13151,3609340
2023-12-15,2023,12,15,port915,Pohang,Korea,KOR,0,0,2,0,0,2,2,0,0,0,0,0,0,0,0,0,2689,0,0,2689,2689,3609341
2026-02-25,2026,2,25,port915,Pohang,Korea,KOR,0,0,0,0,0,0,0,0,0,0,0,0,0,0,0,0,0,0,0,0,0,3609342
2025-01-24,2025,1,24,port915,Pohang,Korea,KOR,1,3,3,0,0,7,7,0,96733,5127,0,0,101861,101861,768,10828,800,0,0,12398,12398,3609343
2023-12-16,2023,12,16,port915,Pohang,Korea,KOR,0,0,2,0,0,2,2,0,0,907,0,0,907,907,0,0,1600,0,0,1600,1600,3609344
2026-02-26,2026,2,26,port915,Pohang,Korea,KOR,0,2,4,0,0,6,6,0,8702,3939,0,0,12642,12642,0,4841,800,0,0,5642,5642,3609345
2025-01-25,2025,1,25,port915,Pohang,Korea,KOR,0,0,0,0,0,0,0,0,0,0,0,0,0,0,0,0,0,0,0,0,0,3609346
2026-02-27,2026,2,27,port915,Pohang,Korea,KOR,0,0,3,0,0,3,3,0,0,3037,0,0,3037,3037,0,0,800,0,0,800,800,3609347
2025-01-26,2025,1,26,port915,Pohang,Korea,KOR,1,0,0,1,0,2,2,1245,0,0,263,0,1509,1509,617,0,0,385,0,1002,1002,3609348
2023-12-17,2023,12,17,port915,Pohang,Korea,KOR,0,0,1,0,0,1,1,0,0,907,0,0,907,907,0,0,800,0,0,800,800,3609349
2026-02-28,2026,2,28,port915,Pohang,Korea,KOR,0,0,1,1,0,2,2,0,0,0,263,0,263,263,0,0,184,385,0,569,569,3609350
2025-01-27,2025,1,27,port915,Pohang,Korea,KOR,0,5,3,0,0,8,8,0,172776,1824,0,0,174601,174601,0,22477,4193,0,0,26670,26670,3609351
2023-12-18,2023,12,18,port915,Pohang,Korea,KOR,0,3,4,1,0,8,8,0,4021,2999,263,0,7284,7284,0,7873,1098,385,0,9356,9356,3609352
2026-03-01,2026,3,1,port915,Pohang,Korea,KOR,0,2,2,0,0,4,4,0,68936,907,0,0,69844,69844,0,10828,2973,0,0,13801,13801,3609353
2025-01-28,2025,1,28,port915,Pohang,Korea,KOR,0,0,0,0,0,0,0,0,0,0,0,0,0,0,0,0,0,0,0,0,0,3609354
2023-12-19,2023,12,19,port915,Pohang,Korea,KOR,0,0,0,0,0,0,0,0,0,0,0,0,0,0,0,0,0,0,0,0,0,3609355
2026-03-02,2026,3,2,port915,Pohang,Korea,KOR,0,0,0,0,0,0,0,0,0,0,0,0,0,0,0,0,0,0,0,0,0,3609356
2025-01-29,2025,1,29,port915,Pohang,Korea,KOR,0,0,0,0,0,0,0,0,0,0,0,0,0,0,0,0,0,0,0,0,0,3609357
2023-12-20,2023,12,20,port915,Pohang,Korea,KOR,0,0,3,0,0,3,3,0,0,1108,0,0,1108,1108,0,0,3348,0,0,3348,3348,3609358
2026-03-03,2026,3,3,port915,Pohang,Korea,KOR,0,0,1,0,0,1,1,0,0,907,0,0,907,907,0,0,800,0,0,800,800,3609359
2025-01-30,2025,1,30,port915,Pohang,Korea,KOR,1,2,3,0,1,6,7,10352,69817,426,0,814,80596,81411,0,4388,3709,0,2206,8098,10304,3609360
2023-12-21,2023,12,21,port915,Pohang,Korea,KOR,0,0,2,1,0,3,3,0,0,1814,263,0,2078,2078,0,0,1601,385,0,1987,1987,3609361
2026-03-04,2026,3,4,port915,Pohang,Korea,KOR,0,3,3,1,0,7,7,0,190643,0,263,0,190906,190906,0,19803,10381,385,0,30569,30569,3609362
2025-01-31,2025,1,31,port915,Pohang,Korea,KOR,1,0,4,0,0,5,5,73,0,4253,0,0,4326,4326,0,0,4873,0,0,4873,4873,3609363
2023-12-22,2023,12,22,port915,Pohang,Korea,KOR,0,2,2,0,0,4,4,0,0,3620,0,0,3620,3620,0,20415,222,0,0,20637,20637,3609364
2026-03-05,2026,3,5,port915,Pohang,Korea,KOR,0,1,5,0,0,6,6,0,70260,8096,0,0,78357,78357,0,0,800,0,0,800,800,3609365
2025-02-01,2025,2,1,port915,Pohang,Korea,KOR,1,1,7,1,0,10,10,4834,0,6161,263,0,11259,11259,0,41846,2477,385,0,44709,44709,3609366
2023-12-23,2023,12,23,port915,Pohang,Korea,KOR,1,1,2,0,0,4,4,1245,0,1814,0,0,3060,3060,617,0,1601,0,0,2219,2219,3609367
2026-03-06,2026,3,6,port915,Pohang,Korea,KOR,0,0,4,0,0,4,4,0,0,1391,0,0,1391,1391,0,0,656,0,0,656,656,3609368
2025-02-02,2025,2,2,port915,Pohang,Korea,KOR,0,1,4,0,0,5,5,0,34468,6424,0,0,40892,40892,0,5414,3108,0,0,8522,8522,3609369
2023-12-24,2023,12,24,port915,Pohang,Korea,KOR,0,3,3,0,0,6,6,0,34468,3317,0,0,37786,37786,0,10793,1388,0,0,12182,12182,3609370
2026-03-07,2026,3,7,port915,Pohang,Korea,KOR,0,0,3,0,0,3,3,0,0,1761,0,0,1761,1761,0,0,1828,0,0,1828,1828,3609371
2025-02-03,2025,2,3,port915,Pohang,Korea,KOR,0,1,4,0,0,5,5,0,34468,1097,0,0,35565,35565,0,5414,4759,0,0,10174,10174,3609372
2023-12-25,2023,12,25,port915,Pohang,Korea,KOR,0,2,2,0,0,4,4,0,0,1263,0,0,1263,1263,0,32954,1020,0,0,33974,33974,3609373
2026-03-08,2026,3,8,port915,Pohang,Korea,KOR,0,1,1,0,0,2,2,0,112838,907,0,0,113745,113745,0,8,800,0,0,809,809,3609374
2025-02-04,2025,2,4,port915,Pohang,Korea,KOR,0,0,2,0,1,2,3,0,0,907,0,814,907,1721,0,0,1437,0,2206,1437,3643,3609375
2023-12-26,2023,12,26,port915,Pohang,Korea,KOR,0,1,2,0,0,3,3,0,5060,907,0,0,5967,5967,0,0,2157,0,0,2157,2157,3609376
2026-03-09,2026,3,9,port915,Pohang,Korea,KOR,1,1,2,1,0,5,5,1245,0,2150,263,0,3660,3660,617,0,8381,385,0,9384,9384,3609377
2025-02-05,2025,2,5,port915,Pohang,Korea,KOR,0,0,3,1,0,4,4,0,0,0,263,0,263,263,0,0,2580,385,0,2966,2966,3609378
2023-12-27,2023,12,27,port915,Pohang,Korea,KOR,0,0,2,1,0,3,3,0,0,907,263,0,1170,1170,0,0,2602,385,0,2988,2988,3609379
2026-03-10,2026,3,10,port915,Pohang,Korea,KOR,0,1,1,0,0,2,2,0,34468,900,0,0,35369,35369,0,5414,435,0,0,5849,5849,3609380
2025-02-06,2025,2,6,port915,Pohang,Korea,KOR,2,4,4,2,0,12,12,273,82545,5995,527,0,89342,89342,0,30619,8641,770,0,40031,40031,3609381
2023-12-28,2023,12,28,port915,Pohang,Korea,KOR,0,3,5,0,0,8,8,0,73139,907,0,0,74046,74046,0,11185,6755,0,0,17940,17940,3609382
2026-03-11,2026,3,11,port915,Pohang,Korea,KOR,0,1,0,0,1,1,2,0,171970,0,0,0,171970,171970,0,0,0,0,2439,0,2439,3609383
2025-02-07,2025,2,7,port915,Pohang,Korea,KOR,1,0,3,0,0,4,4,903,0,1304,0,0,2208,2208,0,0,2587,0,0,2587,2587,3609384
2023-12-29,2023,12,29,port915,Pohang,Korea,KOR,0,1,0,0,1,1,2,0,0,0,0,0,0,0,0,8005,0,0,13692,8005,21698,3609385
2026-03-12,2026,3,12,port915,Pohang,Korea,KOR,0,2,3,0,0,5,5,0,79125,1894,0,0,81019,81019,0,5522,2203,0,0,7726,7726,3609386
2025-02-08,2025,2,8,port915,Pohang,Korea,KOR,0,1,2,1,0,4,4,0,170839,0,263,0,171103,171103,0,0,3880,385,0,4266,4266,3609387
2023-12-30,2023,12,30,port915,Pohang,Korea,KOR,0,1,2,0,0,3,3,0,0,1256,0,0,1256,1256,0,15598,1169,0,0,16767,16767,3609388
2026-03-13,2026,3,13,port915,Pohang,Korea,KOR,0,0,0,0,0,0,0,0,0,0,0,0,0,0,0,0,0,0,0,0,0,3609389
2025-02-09,2025,2,9,port915,Pohang,Korea,KOR,0,3,2,0,0,5,5,0,16737,2408,0,0,19146,19146,0,10721,2081,0,0,12802,12802,3609390
2026-03-14,2026,3,14,port915,Pohang,Korea,KOR,0,1,3,1,0,5,5,0,34575,2654,263,0,37493,37493,0,0,1828,385,0,2214,2214,3609391
2025-02-10,2025,2,10,port915,Pohang,Korea,KOR,0,4,2,0,0,6,6,0,0,1057,0,0,1057,1057,0,41694,800,0,0,42495,42495,3609392
2023-12-31,2023,12,31,port915,Pohang,Korea,KOR,0,1,0,0,0,1,1,0,0,0,0,0,0,0,0,6534,0,0,0,6534,6534,3609393
2026-03-15,2026,3,15,port915,Pohang,Korea,KOR,0,1,2,0,0,3,3,0,0,907,0,0,907,907,0,11677,2587,0,0,14264,14264,3609394
2025-02-11,2025,2,11,port915,Pohang,Korea,KOR,0,5,1,2,1,8,9,0,175596,1015,527,0,177139,177139,0,8703,0,770,5306,9474,14780,3609395
2024-01-01,2024,1,1,port915,Pohang,Korea,KOR,0,0,0,0,0,0,0,0,0,0,0,0,0,0,0,0,0,0,0,0,0,3609396
2026-03-16,2026,3,16,port915,Pohang,Korea,KOR,0,0,2,1,0,3,3,0,0,0,263,0,263,263,0,0,578,385,0,964,964,3609397
2025-02-12,2025,2,12,port915,Pohang,Korea,KOR,0,0,7,1,2,8,10,0,0,8177,201,1515,8379,9895,0,0,2857,0,2206,2857,5064,3609398
2024-01-02,2024,1,2,port915,Pohang,Korea,KOR,0,6,5,0,0,11,11,0,451620,4193,0,0,455814,455814,0,3130,1601,0,0,4732,4732,3609399
2026-03-17,2026,3,17,port915,Pohang,Korea,KOR,0,2,2,0,0,4,4,0,229808,5821,0,0,235629,235629,0,4987,1841,0,0,6829,6829,3609400
2025-02-13,2025,2,13,port915,Pohang,Korea,KOR,1,0,2,0,0,3,3,1658,0,907,0,0,2565,2565,0,0,935,0,0,935,935,3609401
2024-01-03,2024,1,3,port915,Pohang,Korea,KOR,1,0,2,0,0,3,3,1245,0,2671,0,0,3917,3917,617,0,0,0,0,617,617,3609402
2026-03-18,2026,3,18,port915,Pohang,Korea,KOR,0,1,0,0,0,1,1,0,0,0,0,0,0,0,0,11010,0,0,0,11010,11010,3609403
2025-02-14,2025,2,14,port915,Pohang,Korea,KOR,2,7,7,1,0,17,17,1869,105824,6895,263,0,114853,114853,0,88349,5007,385,0,93742,93742,3609404
2024-01-04,2024,1,4,port915,Pohang,Korea,KOR,0,2,4,0,0,6,6,0,40438,5885,0,0,46324,46324,0,5414,2992,0,0,8407,8407,3609405
2026-03-19,2026,3,19,port915,Pohang,Korea,KOR,0,0,2,0,1,2,3,0,0,0,0,814,0,814,0,0,2095,0,2206,2095,4301,3609406
2025-02-15,2025,2,15,port915,Pohang,Korea,KOR,0,1,5,1,0,7,7,0,0,3757,263,0,4020,4020,0,5498,2523,385,0,8406,8406,3609407
2024-01-05,2024,1,5,port915,Pohang,Korea,KOR,0,0,2,0,0,2,2,0,0,3310,0,0,3310,3310,0,0,800,0,0,800,800,3609408
2026-03-20,2026,3,20,port915,Pohang,Korea,KOR,1,0,1,0,0,2,2,274,0,799,0,0,1074,1074,0,0,0,0,0,0,0,3609409
2025-02-16,2025,2,16,port915,Pohang,Korea,KOR,0,0,2,0,0,2,2,0,0,1814,0,0,1814,1814,0,0,1601,0,0,1601,1601,3609410
2024-01-06,2024,1,6,port915,Pohang,Korea,KOR,0,0,2,0,1,2,3,0,0,907,0,814,907,1721,0,0,2616,0,2206,2616,4822,3609411
2026-03-21,2026,3,21,port915,Pohang,Korea,KOR,0,0,1,1,0,2,2,0,0,1343,263,0,1607,1607,0,0,0,385,0,385,385,3609412
2025-02-17,2025,2,17,port915,Pohang,Korea,KOR,0,0,0,0,0,0,0,0,0,0,0,0,0,0,0,0,0,0,0,0,0,3609413
2024-01-07,2024,1,7,port915,Pohang,Korea,KOR,0,0,1,0,0,1,1,0,0,2950,0,0,2950,2950,0,0,0,0,0,0,0,3609414
2026-03-22,2026,3,22,port915,Pohang,Korea,KOR,0,1,3,0,2,4,6,0,0,1034,0,20295,1034,21330,0,36149,2587,0,0,38736,38737,3609415
2025-02-18,2025,2,18,port915,Pohang,Korea,KOR,0,3,5,0,0,8,8,0,63739,5324,0,0,69064,69064,0,11160,3707,0,0,14868,14868,3609416
2024-01-08,2024,1,8,port915,Pohang,Korea,KOR,0,0,2,0,1,2,3,0,0,1814,0,0,1814,1814,0,0,1601,0,0,1601,1601,3609417
2026-03-23,2026,3,23,port915,Pohang,Korea,KOR,0,2,0,0,0,2,2,0,34468,0,0,0,34468,34468,0,7872,0,0,0,7872,7872,3609418
2025-02-19,2025,2,19,port915,Pohang,Korea,KOR,0,1,5,1,0,7,7,0,2406,3042,263,0,5712,5712,0,0,1778,385,0,2163,2163,3609419
2024-01-09,2024,1,9,port915,Pohang,Korea,KOR,0,1,2,0,0,3,3,0,0,1814,0,0,1814,1814,0,5720,1601,0,0,7322,7322,3609420
2026-03-24,2026,3,24,port915,Pohang,Korea,KOR,0,2,3,0,1,5,6,0,46057,6347,0,580,52404,52984,0,5414,2159,0,0,7574,7574,3609421
2025-02-20,2025,2,20,port915,Pohang,Korea,KOR,0,3,1,2,1,6,7,0,192335,907,527,814,193770,194585,0,0,800,770,2206,1571,3777,3609422
2024-01-10,2024,1,10,port915,Pohang,Korea,KOR,0,0,2,0,0,2,2,0,0,3256,0,0,3256,3256,0,0,0,0,0,0,0,3609423
2026-03-25,2026,3,25,port915,Pohang,Korea,KOR,0,0,2,0,0,2,2,0,0,0,0,0,0,0,0,0,5021,0,0,5021,5021,3609424
2025-02-21,2025,2,21,port915,Pohang,Korea,KOR,1,3,4,0,0,8,8,467,34468,993,0,0,35929,35929,0,33499,1845,0,0,35345,35345,3609425
2024-01-11,2024,1,11,port915,Pohang,Korea,KOR,1,3,3,0,0,7,7,1245,272959,1814,0,0,276019,276019,617,720,3417,0,0,4755,4755,3609426
2026-03-26,2026,3,26,port915,Pohang,Korea,KOR,0,3,3,1,0,7,7,0,380360,1808,263,0,382432,382432,0,0,4058,385,0,4443,4443,3609427
2025-02-22,2025,2,22,port915,Pohang,Korea,KOR,0,2,1,0,0,3,3,0,0,573,0,0,573,573,0,42713,0,0,0,42713,42713,3609428
2024-01-12,2024,1,12,port915,Pohang,Korea,KOR,1,1,5,0,0,7,7,1245,34468,4955,0,0,40669,40669,617,5414,3860,0,0,9892,9892,3609429
2026-03-27,2026,3,27,port915,Pohang,Korea,KOR,0,1,1,0,0,2,2,0,28844,900,0,0,29745,29745,0,9634,435,0,0,10069,10069,3609430
2025-02-23,2025,2,23,port915,Pohang,Korea,KOR,1,2,1,0,0,4,4,7547,17139,907,0,0,25593,25593,0,0,800,0,0,800,800,3609431
2024-01-13,2024,1,13,port915,Pohang,Korea,KOR,0,3,1,0,0,4,4,0,9513,561,0,0,10075,10075,0,5209,0,0,0,5209,5209,3609432
2026-03-28,2026,3,28,port915,Pohang,Korea,KOR,0,5,8,1,0,14,14,0,113918,5880,263,0,120063,120063,0,57463,4248,385,0,62097,62097,3609433
2025-02-24,2025,2,24,port915,Pohang,Korea,KOR,1,7,2,0,0,10,10,1096,166686,0,0,0,167783,167783,0,40972,4308,0,0,45280,45280,3609434
2026-03-29,2026,3,29,port915,Pohang,Korea,KOR,0,3,7,0,0,10,10,0,320528,7985,0,0,328514,328514,0,2470,5298,0,0,7768,7768,3609435
2025-02-25,2025,2,25,port915,Pohang,Korea,KOR,0,0,5,0,0,5,5,0,0,735,0,0,735,735,0,0,5320,0,0,5320,5320,3609436
2024-01-14,2024,1,14,port915,Pohang,Korea,KOR,0,3,4,0,0,7,7,0,269331,4183,0,0,273514,273514,0,0,4310,0,0,4310,4310,3609437
2026-03-30,2026,3,30,port915,Pohang,Korea,KOR,0,0,0,1,1,1,2,0,0,0,263,3759,263,4023,0,0,0,385,0,385,385,3609438
2025-02-26,2025,2,26,port915,Pohang,Korea,KOR,1,2,5,0,0,8,8,730,0,1349,0,0,2079,2079,0,571,5107,0,0,5678,5678,3609439
2024-01-15,2024,1,15,port915,Pohang,Korea,KOR,0,0,3,0,0,3,3,0,0,907,0,0,907,907,0,0,2542,0,0,2542,2542,3609440
2026-03-31,2026,3,31,port915,Pohang,Korea,KOR,0,0,2,0,0,2,2,0,0,2001,0,0,2001,2001,0,0,800,0,0,800,800,3609441
2025-02-27,2025,2,27,port915,Pohang,Korea,KOR,0,1,7,0,0,8,8,0,0,11031,0,0,11031,11031,0,4766,2221,0,0,6987,6987,3609442
2024-01-16,2024,1,16,port915,Pohang,Korea,KOR,0,0,1,0,0,1,1,0,0,0,0,0,0,0,0,0,477,0,0,477,477,3609443
2026-04-01,2026,4,1,port915,Pohang,Korea,KOR,0,1,3,1,0,5,5,0,0,1388,263,0,1651,1651,0,29630,2587,385,0,32602,32602,3609444
2025-02-28,2025,2,28,port915,Pohang,Korea,KOR,2,4,4,0,0,10,10,7780,367387,9403,0,0,384570,384570,0,0,2373,0,0,2373,2373,3609445
2024-01-17,2024,1,17,port915,Pohang,Korea,KOR,0,1,3,0,0,4,4,0,34468,2192,0,0,36661,36661,0,5414,2399,0,0,7813,7813,3609446
2026-04-02,2026,4,2,port915,Pohang,Korea,KOR,0,0,2,0,0,2,2,0,0,1808,0,0,1808,1808,0,0,1236,0,0,1236,1236,3609447
2025-03-01,2025,3,1,port915,Pohang,Korea,KOR,0,1,2,2,0,5,5,0,34468,0,527,0,34995,34995,0,5414,6268,770,0,12453,12453,3609448
2024-01-18,2024,1,18,port915,Pohang,Korea,KOR,0,0,0,0,1,0,1,0,0,0,0,700,0,700,0,0,0,0,0,0,0,3609449
2026-04-03,2026,4,3,port915,Pohang,Korea,KOR,0,1,1,0,0,2,2,0,58936,0,0,0,58936,58936,0,0,763,0,0,763,763,3609450
2025-03-02,2025,3,2,port915,Pohang,Korea,KOR,0,1,1,0,1,2,3,0,34468,0,0,814,34468,35283,0,5414,2232,0,2206,7646,9853,3609451
2024-01-19,2024,1,19,port915,Pohang,Korea,KOR,0,0,2,0,0,2,2,0,0,1662,0,0,1662,1662,0,0,800,0,0,800,800,3609452
2026-04-04,2026,4,4,port915,Pohang,Korea,KOR,0,2,0,0,0,2,2,0,0,0,0,0,0,0,0,8285,0,0,0,8285,8285,3609453
2025-03-03,2025,3,3,port915,Pohang,Korea,KOR,0,0,0,0,0,0,0,0,0,0,0,0,0,0,0,0,0,0,0,0,0,3609454
2024-01-20,2024,1,20,port915,Pohang,Korea,KOR,1,0,1,0,0,2,2,1245,0,907,0,0,2152,2152,617,0,800,0,0,1418,1418,3609455
2026-04-05,2026,4,5,port915,Pohang,Korea,KOR,0,2,2,0,0,4,4,0,63313,1952,0,0,65266,65266,0,15048,800,0,0,15849,15849,3609456
2025-03-04,2025,3,4,port915,Pohang,Korea,KOR,0,0,0,0,0,0,0,0,0,0,0,0,0,0,0,0,0,0,0,0,0,3609457
2024-01-21,2024,1,21,port915,Pohang,Korea,KOR,0,0,1,0,0,1,1,0,0,601,0,0,601,601,0,0,0,0,0,0,0,3609458
2026-04-06,2026,4,6,port915,Pohang,Korea,KOR,0,0,3,0,1,3,4,0,0,4106,0,0,4106,4106,0,0,800,0,0,800,800,3609459
2025-03-05,2025,3,5,port915,Pohang,Korea,KOR,0,0,4,0,0,4,4,0,0,1263,0,0,1263,1263,0,0,1679,0,0,1679,1679,3609460
2024-01-22,2024,1,22,port915,Pohang,Korea,KOR,0,3,6,1,0,10,10,0,40210,4565,263,0,45039,45039,0,20471,3257,385,0,24113,24113,3609461
2026-04-07,2026,4,7,port915,Pohang,Korea,KOR,0,0,2,0,0,2,2,0,0,1389,0,0,1389,1389,0,0,0,0,0,0,0,3609462
2025-03-06,2025,3,6,port915,Pohang,Korea,KOR,0,0,3,1,0,4,4,0,0,2087,263,0,2351,2351,0,0,2271,385,0,2656,2656,3609463
2024-01-23,2024,1,23,port915,Pohang,Korea,KOR,0,0,0,0,0,0,0,0,0,0,0,0,0,0,0,0,0,0,0,0,0,3609464
2026-04-08,2026,4,8,port915,Pohang,Korea,KOR,0,2,1,0,0,3,3,0,0,907,0,0,907,907,0,38619,800,0,0,39420,39420,3609465
2025-03-07,2025,3,7,port915,Pohang,Korea,KOR,2,2,5,1,0,10,10,1904,207692,8084,4214,0,221896,221896,0,0,3315,0,0,3315,3315,3609466
2024-01-24,2024,1,24,port915,Pohang,Korea,KOR,0,0,2,0,0,2,2,0,0,0,0,0,0,0,0,0,1374,0,0,1374,1374,3609467
2026-04-09,2026,4,9,port915,Pohang,Korea,KOR,0,1,0,0,0,1,1,0,0,0,0,0,0,0,0,299,0,0,0,299,299,3609468
2025-03-08,2025,3,8,port915,Pohang,Korea,KOR,1,3,5,1,0,10,10,365,90319,9776,263,0,100724,100724,0,0,6084,385,0,6470,6470,3609469
2024-01-25,2024,1,25,port915,Pohang,Korea,KOR,0,1,2,0,0,3,3,0,10431,1419,0,0,11851,11851,0,0,1103,0,0,1103,1103,3609470
2026-04-10,2026,4,10,port915,Pohang,Korea,KOR,0,2,1,0,0,3,3,0,34468,907,0,0,35375,35375,0,5414,800,0,0,6215,6215,3609471
2025-03-09,2025,3,9,port915,Pohang,Korea,KOR,0,1,2,0,3,3,6,0,233221,907,0,2949,234128,237077,0,0,1449,0,4412,1449,5862,3609472
2024-01-26,2024,1,26,port915,Pohang,Korea,KOR,0,0,2,0,0,2,2,0,0,1814,0,0,1814,1814,0,0,1601,0,0,1601,1601,3609473
2026-04-11,2026,4,11,port915,Pohang,Korea,KOR,1,1,3,0,0,5,5,0,0,1814,0,0,1814,1814,434,0,2476,0,0,2911,2911,3609474
2025-03-10,2025,3,10,port915,Pohang,Korea,KOR,0,2,0,1,0,3,3,0,165889,0,0,0,165889,165889,0,24931,0,0,0,24931,24931,3609475
2024-01-27,2024,1,27,port915,Pohang,Korea,KOR,0,2,1,0,0,3,3,0,44159,907,0,0,45066,45066,0,29874,800,0,0,30675,30675,3609476
2026-04-12,2026,4,12,port915,Pohang,Korea,KOR,0,2,1,0,0,3,3,0,0,0,0,0,0,0,0,2422,8381,0,0,10804,10804,3609477
2025-03-11,2025,3,11,port915,Pohang,Korea,KOR,0,5,0,0,1,5,6,0,40081,0,0,700,40081,40782,0,6464,0,0,0,6464,6465,3609478
2026-04-13,2026,4,13,port915,Pohang,Korea,KOR,0,1,1,1,0,3,3,0,34468,0,263,0,34732,34732,0,5414,1349,385,0,7149,7149,3609479
2025-03-12,2025,3,12,port915,Pohang,Korea,KOR,0,1,3,0,0,4,4,0,0,5702,0,0,5702,5702,0,33116,800,0,0,33917,33917,3609480
2026-04-14,2026,4,14,port915,Pohang,Korea,KOR,1,1,7,0,0,9,9,549,37952,4189,0,0,42691,42691,0,0,8391,0,0,8391,8391,3609481
2024-01-28,2024,1,28,port915,Pohang,Korea,KOR,0,1,4,0,0,5,5,0,0,4038,0,0,4038,4038,0,0,1601,0,0,1601,1601,3609482
2025-03-13,2025,3,13,port915,Pohang,Korea,KOR,1,2,5,0,0,8,8,272,148512,8694,0,0,157479,157479,0,0,2402,0,0,2402,2402,3609483
2026-04-15,2026,4,15,port915,Pohang,Korea,KOR,0,1,2,0,0,3,3,0,180691,2162,0,0,182854,182854,0,0,0,0,0,0,0,3609484
2024-01-29,2024,1,29,port915,Pohang,Korea,KOR,0,2,3,1,0,6,6,0,26120,1892,5744,0,33757,33757,0,2701,988,0,0,3690,3690,3609485
2025-03-14,2025,3,14,port915,Pohang,Korea,KOR,1,1,4,1,1,7,8,1053,174597,2551,263,814,178465,179280,0,0,1255,385,2206,1641,3847,3609486
2026-04-16,2026,4,16,port915,Pohang,Korea,KOR,0,0,0,0,0,0,0,0,0,0,0,0,0,0,0,0,0,0,0,0,0,3609487
2024-01-30,2024,1,30,port915,Pohang,Korea,KOR,0,0,1,0,0,1,1,0,0,0,0,0,0,0,0,0,1983,0,0,1983,1983,3609488
2025-03-15,2025,3,15,port915,Pohang,Korea,KOR,0,1,3,1,0,5,5,0,31402,2003,263,0,33669,33669,0,0,959,385,0,1345,1345,3609489
2026-04-17,2026,4,17,port915,Pohang,Korea,KOR,0,1,1,0,0,2,2,0,0,907,0,0,907,907,0,0,800,0,0,800,800,3609490
2024-01-31,2024,1,31,port915,Pohang,Korea,KOR,0,2,1,0,0,3,3,0,54944,0,0,0,54944,54944,0,22704,2160,0,0,24864,24864,3609491
2025-03-16,2025,3,16,port915,Pohang,Korea,KOR,0,0,4,0,0,4,4,0,0,2215,0,0,2215,2215,0,0,3912,0,0,3912,3912,3609492
2026-04-18,2026,4,18,port915,Pohang,Korea,KOR,0,1,1,0,0,2,2,0,34468,933,0,0,35402,35402,0,5414,0,0,0,5414,5414,3609493
2024-02-01,2024,2,1,port915,Pohang,Korea,KOR,0,1,1,0,0,2,2,0,0,792,0,0,792,792,0,29371,0,0,0,29371,29371,3609494
2025-03-17,2025,3,17,port915,Pohang,Korea,KOR,0,2,3,0,1,5,6,0,228069,907,0,0,228976,228976,0,5414,3776,0,0,9191,9191,3609495
2026-04-19,2026,4,19,port915,Pohang,Korea,KOR,0,0,2,0,0,2,2,0,0,907,0,0,907,907,0,0,2896,0,0,2896,2896,3609496
2024-02-02,2024,2,2,port915,Pohang,Korea,KOR,1,1,3,0,0,5,5,1245,0,1373,0,0,2619,2619,617,19869,2531,0,0,23018,23018,3609497
2025-03-18,2025,3,18,port915,Pohang,Korea,KOR,0,0,0,1,0,1,1,0,0,0,263,0,263,263,0,0,0,385,0,385,385,3609498
2026-04-20,2026,4,20,port915,Pohang,Korea,KOR,0,0,1,0,0,1,1,0,0,907,0,0,907,907,0,0,800,0,0,800,800,3609499
2024-02-03,2024,2,3,port915,Pohang,Korea,KOR,0,1,1,0,0,2,2,0,34468,1524,0,0,35993,35993,0,5414,0,0,0,5414,5414,3609500
2025-03-19,2025,3,19,port915,Pohang,Korea,KOR,0,8,6,0,1,14,15,0,10125,5096,0,0,15222,15222,0,44340,5392,0,14023,49733,63757,3609501
2026-04-21,2026,4,21,port915,Pohang,Korea,KOR,0,1,0,0,0,1,1,0,0,0,0,0,0,0,0,9911,0,0,0,9911,9911,3609502
2024-02-04,2024,2,4,port915,Pohang,Korea,KOR,0,2,3,0,0,5,5,0,161846,4970,0,0,166817,166817,0,5414,270,0,0,5684,5684,3609503
2025-03-20,2025,3,20,port915,Pohang,Korea,KOR,1,3,8,1,1,13,14,7900,248577,8255,263,814,264997,265812,0,9077,3681,385,2206,13144,15351,3609504
2026-04-22,2026,4,22,port915,Pohang,Korea,KOR,0,1,3,0,0,4,4,0,0,1374,0,0,1374,1374,0,0,1829,0,0,1829,1829,3609505
2024-02-05,2024,2,5,port915,Pohang,Korea,KOR,0,0,0,0,0,0,0,0,0,0,0,0,0,0,0,0,0,0,0,0,0,3609506
2025-03-21,2025,3,21,port915,Pohang,Korea,KOR,1,2,4,0,0,7,7,1349,211330,0,0,0,212679,212679,0,5414,9391,0,0,14805,14805,3609507
2026-04-23,2026,4,23,port915,Pohang,Korea,KOR,0,0,1,0,0,1,1,0,0,0,0,0,0,0,0,0,754,0,0,754,754,3609508
2024-02-06,2024,2,6,port915,Pohang,Korea,KOR,0,1,5,0,0,6,6,0,0,3288,0,0,3288,3288,0,1654,3793,0,0,5448,5448,3609509
2025-03-22,2025,3,22,port915,Pohang,Korea,KOR,0,3,4,1,0,8,8,0,120038,4026,263,0,124329,124329,0,0,3619,385,0,4004,4004,3609510
2026-04-24,2026,4,24,port915,Pohang,Korea,KOR,0,2,2,1,0,5,5,0,0,0,263,0,263,263,0,20545,8633,385,0,29563,29563,3609511
2024-02-07,2024,2,7,port915,Pohang,Korea,KOR,0,0,1,0,0,1,1,0,0,1359,0,0,1359,1359,0,0,0,0,0,0,0,3609512
2025-03-23,2025,3,23,port915,Pohang,Korea,KOR,0,4,5,0,0,9,9,0,88734,16939,0,0,105674,105674,0,14902,2402,0,0,17305,17305,3609513
2026-04-25,2026,4,25,port915,Pohang,Korea,KOR,1,0,2,0,0,3,3,1778,0,1116,0,0,2895,2895,0,0,0,0,0,0,0,3609514
2024-02-08,2024,2,8,port915,Pohang,Korea,KOR,0,0,5,1,0,6,6,0,0,4275,263,0,4538,4538,0,0,3958,385,0,4343,4343,3609515
2025-03-24,2025,3,24,port915,Pohang,Korea,KOR,1,3,0,1,1,5,6,806,34468,0,263,814,35538,36353,0,13652,0,385,2206,14037,16244,3609516
2026-04-26,2026,4,26,port915,Pohang,Korea,KOR,0,0,2,0,0,2,2,0,0,0,0,0,0,0,0,0,2217,0,0,2217,2217,3609517
2024-02-09,2024,2,9,port915,Pohang,Korea,KOR,0,3,1,0,0,4,4,0,34468,3585,0,0,38053,38053,0,11568,0,0,0,11568,11568,3609518
2025-03-25,2025,3,25,port915,Pohang,Korea,KOR,0,5,8,0,0,13,13,0,147306,4145,0,0,151452,151452,0,30093,4369,0,0,34463,34463,3609519
2026-04-27,2026,4,27,port915,Pohang,Korea,KOR,0,6,4,0,0,10,10,0,417960,2135,0,0,420095,420095,0,27131,10438,0,0,37569,37569,3609520
2024-02-10,2024,2,10,port915,Pohang,Korea,KOR,0,0,1,0,0,1,1,0,0,941,0,0,941,941,0,0,0,0,0,0,0,3609521
2025-03-26,2025,3,26,port915,Pohang,Korea,KOR,0,2,4,1,0,7,7,0,79051,907,263,0,80222,80222,0,5414,3181,385,0,8981,8981,3609522
2024-02-11,2024,2,11,port915,Pohang,Korea,KOR,0,0,0,0,0,0,0,0,0,0,0,0,0,0,0,0,0,0,0,0,0,3609523
2025-03-27,2025,3,27,port915,Pohang,Korea,KOR,0,3,7,0,0,10,10,0,53729,8592,0,0,62321,62321,0,25893,11930,0,0,37823,37823,3609524
2026-04-28,2026,4,28,port915,Pohang,Korea,KOR,0,2,4,0,1,6,7,0,155739,8050,0,0,163789,163789,0,6399,2496,0,3224,8895,12120,3609525
2024-02-12,2024,2,12,port915,Pohang,Korea,KOR,0,1,3,0,0,4,4,0,34468,2329,0,0,36798,36798,0,5414,1601,0,0,7015,7015,3609526
2025-03-28,2025,3,28,port915,Pohang,Korea,KOR,0,4,5,0,0,9,9,0,168526,1317,0,0,169844,169844,0,38221,5026,0,0,43247,43247,3609527
2026-04-29,2026,4,29,port915,Pohang,Korea,KOR,0,1,3,0,1,4,5,0,201987,907,0,700,202894,203595,0,0,2507,0,0,2507,2507,3609528
2024-02-13,2024,2,13,port915,Pohang,Korea,KOR,1,2,2,0,0,5,5,0,240205,468,0,0,240674,240674,4652,0,943,0,0,5595,5595,3609529
2025-03-29,2025,3,29,port915,Pohang,Korea,KOR,1,1,1,1,1,4,5,8457,31660,907,263,814,41289,42103,0,0,800,385,2206,1186,3392,3609530
2026-04-30,2026,4,30,port915,Pohang,Korea,KOR,0,1,3,2,1,6,7,0,35090,1622,527,0,37240,37240,0,0,1786,770,7107,2557,9664,3609531
2024-02-14,2024,2,14,port915,Pohang,Korea,KOR,0,1,4,0,0,5,5,0,0,4103,0,0,4103,4103,0,0,2331,0,0,2331,2331,3609532
2025-03-30,2025,3,30,port915,Pohang,Korea,KOR,1,1,3,0,0,5,5,37,317818,17585,0,0,335441,335441,0,0,537,0,0,537,537,3609533
2026-05-01,2026,5,1,port915,Pohang,Korea,KOR,2,0,3,0,0,5,5,1575,0,3494,0,0,5069,5069,617,0,1601,0,0,2219,2219,3609534
2024-02-15,2024,2,15,port915,Pohang,Korea,KOR,0,0,1,0,0,1,1,0,0,2645,0,0,2645,2645,0,0,0,0,0,0,0,3609535
2025-03-31,2025,3,31,port915,Pohang,Korea,KOR,0,4,2,1,1,7,8,0,80220,381,263,0,80865,80865,0,8205,1626,385,2369,10217,12586,3609536
2026-05-02,2026,5,2,port915,Pohang,Korea,KOR,0,2,2,0,0,4,4,0,306962,0,0,0,306962,306962,0,0,194,0,0,194,194,3609537
2024-02-16,2024,2,16,port915,Pohang,Korea,KOR,0,1,3,1,0,5,5,0,35388,2288,313,0,37989,37989,0,0,1418,222,0,1640,1640,3609538
2025-04-01,2025,4,1,port915,Pohang,Korea,KOR,0,2,2,0,0,4,4,0,34468,907,0,0,35375,35375,0,5414,2784,0,0,8199,8199,3609539
2026-05-03,2026,5,3,port915,Pohang,Korea,KOR,1,4,1,0,1,6,7,0,34468,9436,0,3155,43905,47061,1125,28012,0,0,0,29137,29137,3609540
2024-02-17,2024,2,17,port915,Pohang,Korea,KOR,0,9,9,2,0,20,20,0,278631,10362,527,0,289520,289520,0,84610,2801,770,0,88182,88182,3609541
2025-04-02,2025,4,2,port915,Pohang,Korea,KOR,2,1,3,1,1,7,8,10639,0,6964,263,814,17867,18682,0,25652,825,385,2206,26864,29070,3609542
2026-05-04,2026,5,4,port915,Pohang,Korea,KOR,0,2,7,1,0,10,10,0,274493,9869,263,0,284626,284626,0,0,2587,385,0,2972,2972,3609543
2024-02-18,2024,2,18,port915,Pohang,Korea,KOR,1,0,2,0,0,3,3,7174,0,5794,0,0,12969,12969,0,0,0,0,0,0,0,3609544
2025-04-03,2025,4,3,port915,Pohang,Korea,KOR,0,1,3,0,0,4,4,0,117874,3411,0,0,121286,121286,0,0,2056,0,0,2056,2056,3609545
2026-05-05,2026,5,5,port915,Pohang,Korea,KOR,0,1,1,0,0,2,2,0,0,1270,0,0,1270,1270,0,861,0,0,0,861,861,3609546
2024-02-19,2024,2,19,port915,Pohang,Korea,KOR,0,0,1,1,0,2,2,0,0,561,0,0,561,561,0,0,0,7795,0,7795,7795,3609547
2025-04-04,2025,4,4,port915,Pohang,Korea,KOR,0,2,4,0,1,6,7,0,0,3139,0,0,3139,3139,0,40164,4442,0,0,44607,44607,3609548
2026-05-06,2026,5,6,port915,Pohang,Korea,KOR,0,1,2,1,0,4,4,0,0,907,263,0,1170,1170,0,35652,3300,385,0,39337,39337,3609549
2024-02-20,2024,2,20,port915,Pohang,Korea,KOR,0,0,1,0,0,1,1,0,0,907,0,0,907,907,0,0,800,0,0,800,800,3609550
2025-04-05,2025,4,5,port915,Pohang,Korea,KOR,0,2,6,0,0,8,8,0,195083,9090,0,0,204174,204174,0,7770,1601,0,0,9372,9372,3609551
2026-05-07,2026,5,7,port915,Pohang,Korea,KOR,0,2,3,0,0,5,5,0,59868,6202,0,0,66070,66070,0,29654,0,0,0,29654,29654,3609552
2024-02-21,2024,2,21,port915,Pohang,Korea,KOR,0,0,0,0,0,0,0,0,0,0,0,0,0,0,0,0,0,0,0,0,0,3609553
2025-04-06,2025,4,6,port915,Pohang,Korea,KOR,0,2,3,1,0,6,6,0,138709,2424,263,0,141397,141397,0,0,2404,385,0,2790,2790,3609554
2026-05-08,2026,5,8,port915,Pohang,Korea,KOR,1,1,2,1,0,5,5,3641,0,1738,263,0,5643,5643,0,5011,435,385,0,5832,5832,3609555
2024-02-22,2024,2,22,port915,Pohang,Korea,KOR,0,1,0,0,0,1,1,0,1342,0,0,0,1342,1342,0,0,0,0,0,0,0,3609556
2025-04-07,2025,4,7,port915,Pohang,Korea,KOR,0,3,5,0,0,8,8,0,212915,2737,0,0,215653,215653,0,10596,2362,0,0,12959,12959,3609557
2026-05-09,2026,5,9,port915,Pohang,Korea,KOR,0,2,4,0,0,6,6,0,248536,11503,0,0,260039,260039,0,0,2890,0,0,2890,2890,3609558
2024-02-23,2024,2,23,port915,Pohang,Korea,KOR,0,0,1,0,1,1,2,0,0,0,0,814,0,814,0,0,366,0,2206,366,2572,3609559
2025-04-08,2025,4,8,port915,Pohang,Korea,KOR,2,3,3,0,0,8,8,2072,147539,1223,0,0,150834,150834,617,5414,889,0,0,6920,6920,3609560
2026-05-10,2026,5,10,port915,Pohang,Korea,KOR,0,4,4,1,0,9,9,0,192430,5790,263,0,198484,198484,0,36532,800,385,0,37718,37718,3609561
2024-02-24,2024,2,24,port915,Pohang,Korea,KOR,0,1,3,0,1,4,5,0,35817,3137,0,0,38954,38954,0,0,800,0,0,800,800,3609562
2025-04-09,2025,4,9,port915,Pohang,Korea,KOR,0,5,2,1,1,8,9,0,27063,1412,263,1348,28739,30088,0,52593,800,385,0,53779,53779,3609563
2026-05-11,2026,5,11,port915,Pohang,Korea,KOR,0,2,6,1,0,9,9,0,133414,6187,263,0,139866,139866,0,0,1601,385,0,1987,1987,3609564
2024-02-25,2024,2,25,port915,Pohang,Korea,KOR,0,2,3,0,0,5,5,0,35911,1910,0,0,37821,37821,0,0,0,0,0,0,0,3609565
2025-04-10,2025,4,10,port915,Pohang,Korea,KOR,0,3,7,0,1,10,11,0,183301,6647,0,814,189948,190763,0,0,9088,0,2206,9088,11294,3609566
2024-02-26,2024,2,26,port915,Pohang,Korea,KOR,0,0,2,0,0,2,2,0,0,0,0,0,0,0,0,0,2745,0,0,2745,2745,3609567
2025-04-11,2025,4,11,port915,Pohang,Korea,KOR,0,1,7,0,0,8,8,0,0,4805,0,0,4805,4805,0,30229,5561,0,0,35791,35791,3609568
2026-05-12,2026,5,12,port915,Pohang,Korea,KOR,0,2,4,0,1,6,7,0,0,14509,0,700,14509,15210,0,62044,1613,0,0,63658,63659,3609569
2024-02-27,2024,2,27,port915,Pohang,Korea,KOR,0,0,1,0,1,1,2,0,0,0,0,0,0,0,0,0,442,0,0,442,442,3609570
2025-04-12,2025,4,12,port915,Pohang,Korea,KOR,0,2,7,0,0,9,9,0,190408,4483,0,0,194892,194892,0,16912,3913,0,0,20825,20825,3609571
2026-05-13,2026,5,13,port915,Pohang,Korea,KOR,0,3,3,0,0,6,6,0,162423,6311,0,0,168735,168735,0,15946,369,0,0,16316,16316,3609572
2024-02-28,2024,2,28,port915,Pohang,Korea,KOR,0,3,7,0,0,10,10,0,34468,5313,0,0,39782,39782,0,5414,4405,0,0,9819,9819,3609573
2025-04-13,2025,4,13,port915,Pohang,Korea,KOR,0,1,2,1,0,4,4,0,184453,3345,263,0,188063,188063,0,0,800,385,0,1186,1186,3609574
2026-05-14,2026,5,14,port915,Pohang,Korea,KOR,0,1,6,0,0,7,7,0,28844,2721,0,0,31566,31566,0,9634,6070,0,0,15704,15704,3609575
2024-02-29,2024,2,29,port915,Pohang,Korea,KOR,0,2,3,0,0,5,5,0,0,1595,0,0,1595,1595,0,29809,1150,0,0,30959,30959,3609576
2025-04-14,2025,4,14,port915,Pohang,Korea,KOR,0,2,7,0,1,9,10,0,0,6625,0,5306,6625,11931,0,6906,7362,0,0,14268,14268,3609577
2026-05-15,2026,5,15,port915,Pohang,Korea,KOR,1,3,6,1,0,11,11,2606,43367,2755,263,0,48992,48992,0,30340,5639,385,0,36365,36365,3609578
2024-03-01,2024,3,1,port915,Pohang,Korea,KOR,0,1,0,0,0,1,1,0,29910,0,0,0,29910,29910,0,0,0,0,0,0,0,3609579
2025-04-15,2025,4,15,port915,Pohang,Korea,KOR,0,0,5,0,0,5,5,0,0,16020,0,0,16020,16020,0,0,800,0,0,800,800,3609580
2026-05-16,2026,5,16,port915,Pohang,Korea,KOR,0,0,8,1,0,9,9,0,0,5447,263,0,5711,5711,0,0,8412,385,0,8797,8797,3609581
2024-03-02,2024,3,2,port915,Pohang,Korea,KOR,0,2,2,0,2,4,6,0,0,1814,0,700,1814,2515,0,38717,1601,0,4065,40319,44384,3609582
2025-04-16,2025,4,16,port915,Pohang,Korea,KOR,0,1,1,0,1,2,3,0,34468,0,0,814,34468,35283,0,5414,1275,0,2206,6689,8895,3609583
2026-05-17,2026,5,17,port915,Pohang,Korea,KOR,0,4,7,0,2,11,13,0,627853,7890,0,814,635744,636558,0,5414,3443,0,2206,8857,11064,3609584
2024-03-03,2024,3,3,port915,Pohang,Korea,KOR,0,2,1,0,0,3,3,0,25970,0,0,0,25970,25970,0,0,1337,0,0,1337,1337,3609585
2025-04-17,2025,4,17,port915,Pohang,Korea,KOR,1,3,4,0,0,8,8,1122,61405,1489,0,0,64017,64017,0,5414,1362,0,0,6777,6777,3609586
2026-05-18,2026,5,18,port915,Pohang,Korea,KOR,2,3,5,0,1,10,11,1734,172331,6947,0,773,181012,181785,617,33894,2103,0,0,36614,36614,3609587
2024-03-04,2024,3,4,port915,Pohang,Korea,KOR,2,1,0,0,1,3,4,2617,34468,0,0,814,37085,37900,617,5414,0,0,2206,6031,8237,3609588
2025-04-18,2025,4,18,port915,Pohang,Korea,KOR,1,1,2,0,0,4,4,820,0,0,0,0,820,820,0,8104,1204,0,0,9308,9308,3609589
2026-05-19,2026,5,19,port915,Pohang,Korea,KOR,0,3,4,0,0,7,7,0,28844,1705,0,0,30550,30550,0,14929,2867,0,0,17796,17796,3609590
2024-03-05,2024,3,5,port915,Pohang,Korea,KOR,0,0,0,0,0,0,0,0,0,0,0,0,0,0,0,0,0,0,0,0,0,3609591
2025-04-19,2025,4,19,port915,Pohang,Korea,KOR,0,5,6,2,0,13,13,0,63313,8823,527,0,72663,72663,0,53452,3202,770,0,57425,57425,3609592
2026-05-20,2026,5,20,port915,Pohang,Korea,KOR,0,1,3,1,0,5,5,0,0,0,263,0,263,263,0,1038,4517,385,0,5941,5941,3609593
2024-03-06,2024,3,6,port915,Pohang,Korea,KOR,0,0,1,0,0,1,1,0,0,0,0,0,0,0,0,0,425,0,0,425,425,3609594
2025-04-20,2025,4,20,port915,Pohang,Korea,KOR,0,2,4,0,0,6,6,0,121956,1469,0,0,123425,123425,0,9634,4541,0,0,14175,14175,3609595
2026-05-21,2026,5,21,port915,Pohang,Korea,KOR,0,1,2,0,1,3,4,0,0,3146,0,700,3146,3847,0,9252,800,0,0,10052,10053,3609596
2024-03-07,2024,3,7,port915,Pohang,Korea,KOR,0,2,3,0,0,5,5,0,34468,907,0,0,35375,35375,0,41572,3605,0,0,45178,45178,3609597
2025-04-21,2025,4,21,port915,Pohang,Korea,KOR,0,0,8,0,0,8,8,0,0,13952,0,0,13952,13952,0,0,5110,0,0,5110,5110,3609598
2026-05-22,2026,5,22,port915,Pohang,Korea,KOR,0,0,2,0,0,2,2,0,0,1426,0,0,1426,1426,0,0,1772,0,0,1772,1772,3609599
2024-03-08,2024,3,8,port915,Pohang,Korea,KOR,0,3,0,0,0,3,3,0,43793,0,0,0,43793,43793,0,5771,0,0,0,5771,5771,3609600
2025-04-22,2025,4,22,port915,Pohang,Korea,KOR,0,1,0,0,0,1,1,0,0,0,0,0,0,0,0,0,0,0,0,0,0,3609601
2026-05-23,2026,5,23,port915,Pohang,Korea,KOR,1,7,5,2,1,15,16,53,17720,6699,527,814,25000,25815,0,54138,1136,770,2206,56045,58252,3609602
2024-03-09,2024,3,9,port915,Pohang,Korea,KOR,0,0,2,0,0,2,2,0,0,0,0,0,0,0,0,0,1600,0,0,1600,1600,3609603
2025-04-23,2025,4,23,port915,Pohang,Korea,KOR,0,1,4,0,0,5,5,0,26916,2001,0,0,28918,28918,0,0,2389,0,0,2389,2389,3609604
2026-05-24,2026,5,24,port915,Pohang,Korea,KOR,0,3,2,0,0,5,5,0,34534,1906,0,0,36441,36441,0,9229,1840,0,0,11070,11070,3609605
2024-03-10,2024,3,10,port915,Pohang,Korea,KOR,0,0,3,0,0,3,3,0,0,3550,0,0,3550,3550,0,0,651,0,0,651,651,3609606
2025-04-24,2025,4,24,port915,Pohang,Korea,KOR,2,3,5,0,0,10,10,0,0,3986,0,0,3986,3986,1594,59858,5816,0,0,67268,67268,3609607
2026-05-25,2026,5,25,port915,Pohang,Korea,KOR,0,1,3,1,1,5,6,0,37693,0,263,700,37957,38658,0,0,6880,385,0,7266,7266,3609608
2024-03-11,2024,3,11,port915,Pohang,Korea,KOR,0,1,1,0,0,2,2,0,0,1755,0,0,1755,1755,0,29211,0,0,0,29211,29211,3609609
2025-04-25,2025,4,25,port915,Pohang,Korea,KOR,1,2,2,3,0,8,8,2948,172220,1814,527,0,177510,177510,0,0,1601,1820,0,3422,3422,3609610
2024-03-12,2024,3,12,port915,Pohang,Korea,KOR,0,0,1,0,0,1,1,0,0,1777,0,0,1777,1777,0,0,0,0,0,0,0,3609611
2025-04-26,2025,4,26,port915,Pohang,Korea,KOR,0,1,3,0,2,4,6,0,86374,2918,0,1348,89293,90641,0,0,1938,0,4019,1938,5957,3609612
2026-05-26,2026,5,26,port915,Pohang,Korea,KOR,0,2,3,0,0,5,5,0,89139,2556,0,0,91695,91695,0,25768,1601,0,0,27370,27370,3609613
2024-03-13,2024,3,13,port915,Pohang,Korea,KOR,2,2,1,1,0,6,6,1868,84551,0,263,0,86683,86683,1533,0,676,385,0,2595,2595,3609614
2025-04-27,2025,4,27,port915,Pohang,Korea,KOR,0,1,7,0,0,8,8,0,234163,4540,0,0,238704,238704,0,0,5732,0,0,5732,5732,3609615
2026-05-27,2026,5,27,port915,Pohang,Korea,KOR,0,1,4,0,0,5,5,0,41021,3535,0,0,44556,44556,0,0,4805,0,0,4805,4805,3609616
2024-03-14,2024,3,14,port915,Pohang,Korea,KOR,0,1,2,0,0,3,3,0,0,907,0,0,907,907,0,32198,2857,0,0,35056,35056,3609617
2025-04-28,2025,4,28,port915,Pohang,Korea,KOR,0,1,5,1,0,7,7,0,0,2627,263,0,2891,2891,0,2135,3133,385,0,5654,5654,3609618
2026-05-28,2026,5,28,port915,Pohang,Korea,KOR,0,2,7,1,0,10,10,0,37704,2721,263,0,40689,40689,0,5414,5127,385,0,10926,10926,3609619
2024-03-15,2024,3,15,port915,Pohang,Korea,KOR,0,0,3,0,0,3,3,0,0,907,0,0,907,907,0,0,3077,0,0,3077,3077,3609620
2025-04-29,2025,4,29,port915,Pohang,Korea,KOR,0,2,4,1,0,7,7,0,20777,5432,0,0,26209,26209,0,0,3052,239,0,3291,3291,3609621
2026-05-29,2026,5,29,port915,Pohang,Korea,KOR,0,3,5,0,1,8,9,0,41392,1808,0,814,43201,44015,0,5731,6364,0,2206,12096,14302,3609622
2024-03-16,2024,3,16,port915,Pohang,Korea,KOR,0,3,6,0,0,9,9,0,58422,2721,0,0,61144,61144,0,5414,3393,0,0,8807,8807,3609623
2025-04-30,2025,4,30,port915,Pohang,Korea,KOR,0,1,4,0,0,5,5,0,115626,4338,0,0,119965,119965,0,0,4510,0,0,4510,4510,3609624
2026-05-30,2026,5,30,port915,Pohang,Korea,KOR,1,2,4,1,0,8,8,1008,52189,4370,263,0,57831,57831,0,5414,154,385,0,5954,5954,3609625
2024-03-17,2024,3,17,port915,Pohang,Korea,KOR,0,3,2,0,0,5,5,0,25547,984,0,0,26531,26531,0,13661,0,0,0,13661,13661,3609626
2025-05-01,2025,5,1,port915,Pohang,Korea,KOR,0,2,4,1,0,7,7,0,0,8264,263,0,8528,8528,0,0,800,385,0,1186,1186,3609627
2026-05-31,2026,5,31,port915,Pohang,Korea,KOR,0,2,4,0,0,6,6,0,234872,10634,0,0,245506,245506,0,47697,1601,0,0,49299,49299,3609628
2024-03-18,2024,3,18,port915,Pohang,Korea,KOR,0,1,1,0,0,2,2,0,67038,2772,0,0,69810,69810,0,0,0,0,0,0,0,3609629
2025-05-02,2025,5,2,port915,Pohang,Korea,KOR,1,1,4,0,0,6,6,10616,8286,4811,0,0,23714,23714,0,0,1601,0,0,1601,1601,3609630
2026-06-01,2026,6,1,port915,Pohang,Korea,KOR,0,3,3,0,0,6,6,0,114061,907,0,0,114968,114968,0,5414,6203,0,0,11617,11617,3609631
2024-03-19,2024,3,19,port915,Pohang,Korea,KOR,0,1,0,1,0,2,2,0,34468,0,313,0,34781,34781,0,5414,0,222,0,5636,5636,3609632
2025-05-03,2025,5,3,port915,Pohang,Korea,KOR,1,1,4,0,0,6,6,2760,50946,1966,0,0,55673,55673,0,0,3027,0,0,3027,3027,3609633
2026-06-02,2026,6,2,port915,Pohang,Korea,KOR,0,1,2,0,0,3,3,0,34468,1731,0,0,36199,36199,0,5414,0,0,0,5414,5414,3609634
2024-03-20,2024,3,20,port915,Pohang,Korea,KOR,0,0,1,0,0,1,1,0,0,2208,0,0,2208,2208,0,0,0,0,0,0,0,3609635
2025-05-04,2025,5,4,port915,Pohang,Korea,KOR,0,1,6,0,1,7,8,0,243023,2077,0,814,245100,245915,0,0,3764,0,2206,3764,5971,3609636
2026-06-03,2026,6,3,port915,Pohang,Korea,KOR,0,1,1,1,1,3,4,0,314714,0,263,700,314978,315679,0,0,0,385,0,385,385,3609637
2024-03-21,2024,3,21,port915,Pohang,Korea,KOR,1,2,3,0,0,6,6,822,68936,4172,0,0,73932,73932,0,10828,800,0,0,11629,11629,3609638
2025-05-05,2025,5,5,port915,Pohang,Korea,KOR,0,4,3,0,0,7,7,0,39505,592,0,0,40098,40098,0,11415,371,0,0,11786,11786,3609639
2026-06-04,2026,6,4,port915,Pohang,Korea,KOR,1,1,4,0,1,6,7,3751,4838,3622,0,700,12212,12913,0,0,2838,0,0,2838,2838,3609640
2024-03-22,2024,3,22,port915,Pohang,Korea,KOR,0,0,3,0,0,3,3,0,0,907,0,0,907,907,0,0,4158,0,0,4158,4158,3609641
2025-05-06,2025,5,6,port915,Pohang,Korea,KOR,1,2,3,0,2,6,8,441,194000,8496,0,1348,202937,204286,0,2913,0,0,0,2913,2913,3609642
2026-06-05,2026,6,5,port915,Pohang,Korea,KOR,0,0,5,0,1,5,6,0,0,2386,0,814,2386,3201,0,0,2920,0,2206,2920,5126,3609643
2024-03-23,2024,3,23,port915,Pohang,Korea,KOR,0,1,3,1,0,5,5,0,2588,926,263,0,3779,3779,0,0,2283,385,0,2668,2668,3609644
2025-05-07,2025,5,7,port915,Pohang,Korea,KOR,0,3,1,0,0,4,4,0,47036,907,0,0,47943,47943,0,49745,800,0,0,50546,50546,3609645
2026-06-06,2026,6,6,port915,Pohang,Korea,KOR,0,2,0,0,0,2,2,0,44451,0,0,0,44451,44451,0,0,0,0,0,0,0,3609646
2024-03-24,2024,3,24,port915,Pohang,Korea,KOR,0,0,1,0,1,1,2,0,0,307,0,814,307,1122,0,0,0,0,2206,0,2206,3609647
2025-05-08,2025,5,8,port915,Pohang,Korea,KOR,0,3,3,0,1,6,7,0,98079,2945,0,814,101025,101840,0,10828,2587,0,2206,13415,15622,3609648
2026-06-07,2026,6,7,port915,Pohang,Korea,KOR,0,1,1,1,0,3,3,0,96812,318,263,0,97394,97394,0,0,0,385,0,385,385,3609649
2024-03-25,2024,3,25,port915,Pohang,Korea,KOR,0,1,2,0,0,3,3,0,5037,1692,0,0,6730,6730,0,0,800,0,0,800,800,3609650
2025-05-09,2025,5,9,port915,Pohang,Korea,KOR,1,2,3,0,1,6,7,1640,34468,8132,0,0,44241,44241,0,12875,1601,0,2378,14476,16855,3609651
2026-06-08,2026,6,8,port915,Pohang,Korea,KOR,0,1,4,0,0,5,5,0,175347,1814,0,0,177161,177161,0,0,2391,0,0,2391,2391,3609652
2024-03-26,2024,3,26,port915,Pohang,Korea,KOR,0,0,0,0,0,0,0,0,0,0,0,0,0,0,0,0,0,0,0,0,0,3609653
2025-05-10,2025,5,10,port915,Pohang,Korea,KOR,1,0,3,1,0,5,5,0,0,1444,263,0,1708,1708,53,0,1680,385,0,2119,2119,3609654
2024-03-27,2024,3,27,port915,Pohang,Korea,KOR,0,2,6,1,0,9,9,0,34468,5233,263,0,39965,39965,0,8329,2355,385,0,11070,11070,3609655
2025-05-11,2025,5,11,port915,Pohang,Korea,KOR,1,3,2,0,0,6,6,4287,236289,1083,0,0,241660,241660,0,0,0,0,0,0,0,3609656
2024-03-28,2024,3,28,port915,Pohang,Korea,KOR,0,1,2,0,0,3,3,0,34468,1814,0,0,36282,36282,0,5414,1601,0,0,7015,7015,3609657
2026-06-09,2026,6,9,port915,Pohang,Korea,KOR,0,3,2,0,0,5,5,0,111326,907,0,0,112233,112233,0,5414,1657,0,0,7071,7071,3609658
2025-05-12,2025,5,12,port915,Pohang,Korea,KOR,0,3,2,1,0,6,6,0,179991,1814,263,0,182069,182069,0,14578,1601,385,0,16565,16565,3609659
2024-03-29,2024,3,29,port915,Pohang,Korea,KOR,0,0,2,0,0,2,2,0,0,1196,0,0,1196,1196,0,0,0,0,0,0,0,3609660
2026-06-10,2026,6,10,port915,Pohang,Korea,KOR,0,4,5,1,1,10,11,0,26484,2007,263,0,28755,28755,0,15356,4520,385,0,20262,20262,3609661
2025-05-13,2025,5,13,port915,Pohang,Korea,KOR,2,2,4,0,0,8,8,1245,6603,6630,0,0,14479,14479,6005,0,1267,0,0,7272,7272,3609662
2024-03-30,2024,3,30,port915,Pohang,Korea,KOR,0,1,3,0,0,4,4,0,0,3813,0,0,3813,3813,0,8962,512,0,0,9474,9474,3609663
2026-06-11,2026,6,11,port915,Pohang,Korea,KOR,0,3,10,0,0,13,13,0,194000,10047,0,0,204047,204047,0,7475,6890,0,0,14365,14365,3609664
2025-05-14,2025,5,14,port915,Pohang,Korea,KOR,0,1,5,1,1,7,8,0,72080,5733,263,814,78078,78893,0,0,2587,385,2206,2972,5179,3609665
2024-03-31,2024,3,31,port915,Pohang,Korea,KOR,0,7,7,1,0,15,15,0,132277,5220,263,0,137761,137761,0,10828,5756,385,0,16970,16970,3609666
2026-06-12,2026,6,12,port915,Pohang,Korea,KOR,0,4,7,0,0,11,11,0,239384,12134,0,0,251519,251519,0,6389,800,0,0,7189,7189,3609667
2025-05-15,2025,5,15,port915,Pohang,Korea,KOR,0,3,3,0,0,6,6,0,35096,907,0,0,36003,36003,0,33247,1617,0,0,34864,34864,3609668
2024-04-01,2024,4,1,port915,Pohang,Korea,KOR,0,5,5,0,0,10,10,0,137873,4088,0,0,141962,141962,0,25683,5543,0,0,31226,31226,3609669
2026-06-13,2026,6,13,port915,Pohang,Korea,KOR,0,2,5,1,1,8,9,0,175644,4013,263,814,179922,180736,0,0,3873,385,2206,4258,6464,3609670
2025-05-16,2025,5,16,port915,Pohang,Korea,KOR,0,3,3,0,0,6,6,0,0,2626,0,0,2626,2626,0,15713,869,0,0,16583,16583,3609671
2024-04-02,2024,4,2,port915,Pohang,Korea,KOR,0,1,1,0,0,2,2,0,236536,0,0,0,236536,236536,0,0,1391,0,0,1391,1391,3609672
2026-06-14,2026,6,14,port915,Pohang,Korea,KOR,0,2,5,0,0,7,7,0,196432,907,0,0,197339,197339,0,2942,6339,0,0,9282,9282,3609673
2025-05-17,2025,5,17,port915,Pohang,Korea,KOR,1,0,6,0,1,7,8,1092,0,2940,0,0,4032,4032,0,0,4344,0,13362,4344,17706,3609674
2024-04-03,2024,4,3,port915,Pohang,Korea,KOR,0,1,0,0,0,1,1,0,13976,0,0,0,13976,13976,0,0,0,0,0,0,0,3609675
2026-06-15,2026,6,15,port915,Pohang,Korea,KOR,0,0,5,1,0,6,6,0,0,6459,263,0,6723,6723,0,0,3615,385,0,4000,4000,3609676
2025-05-18,2025,5,18,port915,Pohang,Korea,KOR,0,3,3,2,0,8,8,0,5037,143,527,0,5708,5708,0,9199,4435,770,0,14405,14405,3609677
2024-04-04,2024,4,4,port915,Pohang,Korea,KOR,0,0,2,0,0,2,2,0,0,2763,0,0,2763,2763,0,0,0,0,0,0,0,3609678
2026-06-16,2026,6,16,port915,Pohang,Korea,KOR,0,2,3,1,0,6,6,0,2813,1474,263,0,4551,4551,0,24187,2018,385,0,26591,26591,3609679
2025-05-19,2025,5,19,port915,Pohang,Korea,KOR,0,0,5,0,0,5,5,0,0,3558,0,0,3558,3558,0,0,4857,0,0,4857,4857,3609680
2024-04-05,2024,4,5,port915,Pohang,Korea,KOR,0,4,6,0,1,10,11,0,336175,14464,0,814,350639,351454,0,10828,6512,0,2206,17341,19547,3609681
2026-06-17,2026,6,17,port915,Pohang,Korea,KOR,0,5,3,0,1,8,9,0,131294,2721,0,700,134015,134716,0,38604,2402,0,0,41007,41007,3609682
2025-05-20,2025,5,20,port915,Pohang,Korea,KOR,0,1,1,0,0,2,2,0,99012,1262,0,0,100274,100274,0,0,0,0,0,0,0,3609683
2024-04-06,2024,4,6,port915,Pohang,Korea,KOR,1,0,2,0,0,3,3,823,0,1189,0,0,2013,2013,0,0,264,0,0,264,264,3609684
2026-06-18,2026,6,18,port915,Pohang,Korea,KOR,1,1,3,0,0,5,5,8930,0,2257,0,0,11188,11188,0,9840,2896,0,0,12737,12737,3609685
2025-05-21,2025,5,21,port915,Pohang,Korea,KOR,0,1,8,0,1,9,10,0,0,8608,0,814,8608,9423,0,29610,4191,0,2206,33801,36007,3609686
2024-04-07,2024,4,7,port915,Pohang,Korea,KOR,1,2,1,0,0,4,4,4095,36789,1140,0,0,42025,42025,0,5414,0,0,0,5414,5414,3609687
2026-06-19,2026,6,19,port915,Pohang,Korea,KOR,0,2,4,0,0,6,6,0,0,5384,0,0,5384,5384,0,48907,3185,0,0,52093,52093,3609688
2025-05-22,2025,5,22,port915,Pohang,Korea,KOR,0,2,3,0,0,5,5,0,32891,4022,0,0,36914,36914,0,10015,3828,0,0,13843,13843,3609689
2024-04-08,2024,4,8,port915,Pohang,Korea,KOR,0,0,6,0,0,6,6,0,0,5768,0,0,5768,5768,0,0,1900,0,0,1900,1900,3609690
2026-06-20,2026,6,20,port915,Pohang,Korea,KOR,0,2,1,0,0,3,3,0,2240,1727,0,0,3967,3967,0,0,0,0,0,0,0,3609691
2025-05-23,2025,5,23,port915,Pohang,Korea,KOR,0,2,3,1,1,6,7,0,28844,0,263,814,29108,29923,0,37575,9306,385,2206,47266,49473,3609692
2024-04-09,2024,4,9,port915,Pohang,Korea,KOR,1,0,1,0,1,2,3,1245,0,318,0,814,1564,2378,617,0,0,0,2206,617,2823,3609693
2026-06-21,2026,6,21,port915,Pohang,Korea,KOR,0,1,1,0,0,2,2,0,47882,0,0,0,47882,47882,0,0,785,0,0,785,785,3609694
2025-05-24,2025,5,24,port915,Pohang,Korea,KOR,0,0,4,0,0,4,4,0,0,907,0,0,907,907,0,0,2637,0,0,2637,2637,3609695
2024-04-10,2024,4,10,port915,Pohang,Korea,KOR,0,8,12,0,0,20,20,0,264693,12231,0,0,276924,276924,0,27815,10298,0,0,38113,38113,3609696
2026-06-22,2026,6,22,port915,Pohang,Korea,KOR,2,5,5,0,0,12,12,1299,270002,5302,0,0,276604,276604,617,34696,2459,0,0,37772,37772,3609697
2025-05-25,2025,5,25,port915,Pohang,Korea,KOR,1,3,6,0,1,10,11,6747,98923,12736,0,1348,118407,119755,0,6448,2950,0,0,9399,9399,3609698
2026-06-23,2026,6,23,port915,Pohang,Korea,KOR,0,5,6,0,0,11,11,0,305971,6846,0,0,312817,312817,0,5013,2926,0,0,7939,7939,3609699
2025-05-26,2025,5,26,port915,Pohang,Korea,KOR,0,3,9,0,0,12,12,0,36847,12508,0,0,49356,49356,0,9024,3948,0,0,12973,12973,3609700
2026-06-24,2026,6,24,port915,Pohang,Korea,KOR,0,3,1,2,1,6,7,0,56660,0,527,0,57188,57188,0,11546,2516,770,5841,14833,20675,3609701
2024-04-11,2024,4,11,port915,Pohang,Korea,KOR,0,1,0,0,0,1,1,0,0,0,0,0,0,0,0,0,0,0,0,0,0,3609702
2025-05-27,2025,5,27,port915,Pohang,Korea,KOR,1,3,2,0,1,6,7,321,95350,907,0,1348,96579,97928,0,7074,2695,0,0,9770,9770,3609703
2026-06-25,2026,6,25,port915,Pohang,Korea,KOR,0,2,6,0,1,8,9,0,17719,4090,0,0,21810,21810,0,720,6167,0,1117,6887,8005,3609704
2024-04-12,2024,4,12,port915,Pohang,Korea,KOR,1,6,9,0,0,16,16,149,382460,2731,0,0,385342,385342,0,10315,11199,0,0,21515,21515,3609705
2025-05-28,2025,5,28,port915,Pohang,Korea,KOR,0,0,7,0,0,7,7,0,0,3226,0,0,3226,3226,0,0,5572,0,0,5572,5572,3609706
2026-06-26,2026,6,26,port915,Pohang,Korea,KOR,1,2,6,0,0,9,9,0,0,7314,0,0,7314,7314,1721,23332,2402,0,0,27457,27457,3609707
2024-04-13,2024,4,13,port915,Pohang,Korea,KOR,1,1,3,0,0,5,5,0,30845,3309,0,0,34155,34155,1025,0,800,0,0,1826,1826,3609708
2025-05-29,2025,5,29,port915,Pohang,Korea,KOR,0,1,1,1,0,3,3,0,0,7177,263,0,7441,7441,0,0,0,385,0,385,385,3609709
2026-06-27,2026,6,27,port915,Pohang,Korea,KOR,0,1,7,1,1,9,10,0,26907,4272,263,700,31443,32144,0,0,5611,385,0,5996,5996,3609710
2024-04-14,2024,4,14,port915,Pohang,Korea,KOR,0,2,5,0,0,7,7,0,15922,4962,0,0,20885,20885,0,0,1354,0,0,1354,1354,3609711
2025-05-30,2025,5,30,port915,Pohang,Korea,KOR,0,3,4,0,0,7,7,0,110877,5620,0,0,116497,116497,0,36751,370,0,0,37122,37122,3609712
2026-06-28,2026,6,28,port915,Pohang,Korea,KOR,0,1,1,0,0,2,2,0,0,0,0,0,0,0,0,28325,1234,0,0,29559,29559,3609713
2024-04-15,2024,4,15,port915,Pohang,Korea,KOR,0,8,11,2,2,21,23,0,225415,9523,527,814,235466,236280,0,66013,7106,770,2206,73890,76097,3609714
2025-05-31,2025,5,31,port915,Pohang,Korea,KOR,0,2,3,1,0,6,6,0,86570,1814,263,0,88648,88648,0,26463,2992,385,0,29841,29841,3609715
2026-06-29,2026,6,29,port915,Pohang,Korea,KOR,0,3,1,1,0,5,5,0,173100,0,263,0,173364,173364,0,8,179,385,0,573,573,3609716
2024-04-16,2024,4,16,port915,Pohang,Korea,KOR,0,4,3,0,2,7,9,0,60269,1779,0,814,62048,62863,0,0,800,0,2206,800,3007,3609717
2025-06-01,2025,6,1,port915,Pohang,Korea,KOR,0,3,6,0,0,9,9,0,173669,4887,0,0,178557,178557,0,23782,3992,0,0,27774,27774,3609718
2026-06-30,2026,6,30,port915,Pohang,Korea,KOR,0,0,0,0,0,0,0,0,0,0,0,0,0,0,0,0,0,0,0,0,0,3609719
2024-04-17,2024,4,17,port915,Pohang,Korea,KOR,0,0,3,0,0,3,3,0,0,2951,0,0,2951,2951,0,0,4681,0,0,4681,4681,3609720
2025-06-02,2025,6,2,port915,Pohang,Korea,KOR,1,1,0,0,0,2,2,1245,120199,0,0,0,121444,121444,617,0,0,0,0,617,617,3609721
2026-07-01,2026,7,1,port915,Pohang,Korea,KOR,0,4,0,0,1,4,5,0,344604,0,0,0,344604,344604,0,10828,0,0,811,10828,11639,3609722
2024-04-18,2024,4,18,port915,Pohang,Korea,KOR,1,3,4,1,0,9,9,2913,282929,12618,263,0,298725,298725,0,34982,3441,385,0,38809,38809,3609723
2025-06-03,2025,6,3,port915,Pohang,Korea,KOR,0,3,2,0,0,5,5,0,0,0,0,0,0,0,0,0,2042,0,0,2042,2042,3609724
2026-07-02,2026,7,2,port915,Pohang,Korea,KOR,0,3,1,0,1,4,5,0,186892,907,0,3155,187799,190955,0,32545,800,0,0,33346,33346,3609725
2024-04-19,2024,4,19,port915,Pohang,Korea,KOR,1,1,6,0,0,8,8,1068,0,6823,0,0,7891,7891,0,544,3328,0,0,3873,3873,3609726
2025-06-04,2025,6,4,port915,Pohang,Korea,KOR,0,3,6,2,0,11,11,0,57506,13248,263,0,71019,71019,0,5414,2327,385,0,8126,8126,3609727
2026-07-03,2026,7,3,port915,Pohang,Korea,KOR,0,1,2,1,0,4,4,0,34468,1814,263,0,36546,36546,0,5414,1601,385,0,7401,7401,3609728
2024-04-20,2024,4,20,port915,Pohang,Korea,KOR,0,2,2,0,0,4,4,0,34468,1814,0,0,36282,36282,0,29709,1601,0,0,31311,31311,3609729
2025-06-05,2025,6,5,port915,Pohang,Korea,KOR,1,1,3,0,1,5,6,8907,0,3060,0,814,11968,12783,0,0,1601,0,2206,1601,3808,3609730
2026-07-04,2026,7,4,port915,Pohang,Korea,KOR,0,0,0,0,0,0,0,0,0,0,0,0,0,0,0,0,0,0,0,0,0,3609731
2024-04-21,2024,4,21,port915,Pohang,Korea,KOR,0,0,0,0,0,0,0,0,0,0,0,0,0,0,0,0,0,0,0,0,0,3609732
2025-06-06,2025,6,6,port915,Pohang,Korea,KOR,0,0,3,2,0,5,5,0,0,1814,527,0,2341,2341,0,0,1704,770,0,2475,2475,3609733
2026-07-05,2026,7,5,port915,Pohang,Korea,KOR,0,1,1,0,1,2,3,0,0,0,0,700,0,700,0,33397,1786,0,0,35183,35184,3609734
2024-04-22,2024,4,22,port915,Pohang,Korea,KOR,0,0,3,0,0,3,3,0,0,2378,0,0,2378,2378,0,0,1784,0,0,1784,1784,3609735
2025-06-07,2025,6,7,port915,Pohang,Korea,KOR,1,4,1,0,1,6,7,1245,389963,0,0,0,391209,391209,617,43330,1726,0,3252,45674,48926,3609736
2026-07-06,2026,7,6,port915,Pohang,Korea,KOR,0,5,1,0,0,6,6,0,447003,907,0,0,447910,447910,0,5414,800,0,0,6215,6215,3609737
2024-04-23,2024,4,23,port915,Pohang,Korea,KOR,0,0,0,0,0,0,0,0,0,0,0,0,0,0,0,0,0,0,0,0,0,3609738
2025-06-08,2025,6,8,port915,Pohang,Korea,KOR,0,0,4,0,0,4,4,0,0,5036,0,0,5036,5036,0,0,2056,0,0,2056,2056,3609739
2026-07-07,2026,7,7,port915,Pohang,Korea,KOR,1,4,5,0,0,10,10,4987,112354,4019,0,0,121360,121360,0,38312,2373,0,0,40686,40686,3609740
2024-04-24,2024,4,24,port915,Pohang,Korea,KOR,1,4,2,0,0,7,7,1021,5037,0,0,0,6058,6058,0,54867,9321,0,0,64189,64189,3609741
2025-06-09,2025,6,9,port915,Pohang,Korea,KOR,0,3,1,1,0,5,5,0,43284,5088,263,0,48636,48636,0,14060,0,385,0,14445,14445,3609742
2024-04-25,2024,4,25,port915,Pohang,Korea,KOR,1,1,5,0,0,7,7,0,34468,5213,0,0,39681,39681,3652,5414,1773,0,0,10840,10840,3609743
2025-06-10,2025,6,10,port915,Pohang,Korea,KOR,0,3,7,0,0,10,10,0,49841,3004,0,0,52846,52846,0,14661,9081,0,0,23743,23743,3609744
2024-04-26,2024,4,26,port915,Pohang,Korea,KOR,1,2,1,0,0,4,4,0,9162,0,0,0,9162,9162,150,9079,249,0,0,9479,9479,3609745
2026-07-08,2026,7,8,port915,Pohang,Korea,KOR,1,2,4,0,0,7,7,0,34468,1343,0,0,35811,35811,268,19582,5898,0,0,25749,25749,3609746
2025-06-11,2025,6,11,port915,Pohang,Korea,KOR,0,1,3,0,0,4,4,0,59194,0,0,0,59194,59194,0,0,4766,0,0,4766,4766,3609747
2024-04-27,2024,4,27,port915,Pohang,Korea,KOR,0,0,2,0,0,2,2,0,0,907,0,0,907,907,0,0,1057,0,0,1057,1057,3609748
2026-07-09,2026,7,9,port915,Pohang,Korea,KOR,1,4,4,0,0,9,9,1430,147655,1814,0,0,150899,150899,0,5414,3351,0,0,8766,8766,3609749
2025-06-12,2025,6,12,port915,Pohang,Korea,KOR,1,2,3,0,1,6,7,1245,39422,3059,0,0,43727,43727,617,33861,1275,0,4433,35754,40187,3609750
2024-04-28,2024,4,28,port915,Pohang,Korea,KOR,0,1,1,0,0,2,2,0,0,907,0,0,907,907,0,8325,800,0,0,9126,9126,3609751
2026-07-10,2026,7,10,port915,Pohang,Korea,KOR,0,2,5,0,1,7,8,0,60555,2554,0,0,63109,63109,0,5414,2754,0,0,8169,8169,3609752
2025-06-13,2025,6,13,port915,Pohang,Korea,KOR,2,1,2,0,0,5,5,16821,79573,0,0,0,96395,96395,0,0,2055,0,0,2055,2055,3609753
2024-04-29,2024,4,29,port915,Pohang,Korea,KOR,0,1,2,0,0,3,3,0,34468,0,0,0,34468,34468,0,5414,3872,0,0,9287,9287,3609754
2026-07-11,2026,7,11,port915,Pohang,Korea,KOR,0,2,3,1,1,6,7,0,234872,1733,263,1667,236869,238537,0,27283,3879,385,0,31548,31548,3609755
2025-06-14,2025,6,14,port915,Pohang,Korea,KOR,0,0,4,0,0,4,4,0,0,5995,0,0,5995,5995,0,0,2761,0,0,2761,2761,3609756
2024-04-30,2024,4,30,port915,Pohang,Korea,KOR,0,3,3,0,0,6,6,0,64335,1903,0,0,66238,66238,0,5414,800,0,0,6215,6215,3609757
2026-07-12,2026,7,12,port915,Pohang,Korea,KOR,0,2,3,0,0,5,5,0,25213,5707,0,0,30920,30920,0,0,1071,0,0,1071,1071,3609758
2025-06-15,2025,6,15,port915,Pohang,Korea,KOR,0,3,4,0,0,7,7,0,192616,3904,0,0,196520,196520,0,0,3573,0,0,3573,3573,3609759
2024-05-01,2024,5,1,port915,Pohang,Korea,KOR,0,0,4,0,0,4,4,0,0,3887,0,0,3887,3887,0,0,2083,0,0,2083,2083,3609760
2026-07-13,2026,7,13,port915,Pohang,Korea,KOR,0,0,0,0,0,0,0,0,0,0,0,0,0,0,0,0,0,0,0,0,0,3609761
2025-06-16,2025,6,16,port915,Pohang,Korea,KOR,0,2,6,0,1,8,9,0,85579,6230,0,814,91810,92625,0,5414,4459,0,2206,9873,12080,3609762
2024-05-02,2024,5,2,port915,Pohang,Korea,KOR,0,6,14,1,0,21,21,0,287985,9423,263,0,297672,297672,0,35981,10215,385,0,46582,46582,3609763
2026-07-14,2026,7,14,port915,Pohang,Korea,KOR,0,5,1,0,0,6,6,0,80065,907,0,0,80972,80972,0,15964,800,0,0,16765,16765,3609764
2025-06-17,2025,6,17,port915,Pohang,Korea,KOR,1,3,4,0,0,8,8,548,35625,2468,0,0,38641,38641,0,39169,2314,0,0,41484,41484,3609765
2024-05-03,2024,5,3,port915,Pohang,Korea,KOR,1,2,4,0,0,7,7,150,183562,3544,0,0,187256,187256,0,0,3657,0,0,3657,3657,3609766
2026-07-15,2026,7,15,port915,Pohang,Korea,KOR,0,3,6,1,1,10,11,0,198433,3810,263,700,202508,203208,0,3960,3818,385,0,8164,8164,3609767
2025-06-18,2025,6,18,port915,Pohang,Korea,KOR,0,2,5,0,1,7,8,0,11451,7809,0,1286,19261,20547,0,5385,2652,0,0,8037,8037,3609768
2024-05-04,2024,5,4,port915,Pohang,Korea,KOR,0,1,0,0,2,1,3,0,0,0,0,0,0,0,0,616,0,0,904,616,1521,3609769
2026-07-16,2026,7,16,port915,Pohang,Korea,KOR,0,4,6,1,0,11,11,0,178856,1899,263,0,181019,181019,0,42188,5956,385,0,48530,48530,3609770
2025-06-19,2025,6,19,port915,Pohang,Korea,KOR,0,3,4,1,1,8,9,0,4749,1673,263,814,6686,7501,0,29425,3202,385,2206,33014,35220,3609771
2024-05-05,2024,5,5,port915,Pohang,Korea,KOR,0,3,0,1,0,4,4,0,26202,0,263,0,26465,26465,0,3418,0,385,0,3803,3803,3609772
2026-07-17,2026,7,17,port915,Pohang,Korea,KOR,0,1,4,1,0,6,6,0,10406,2280,263,0,12951,12951,0,0,3103,385,0,3488,3488,3609773
2025-06-20,2025,6,20,port915,Pohang,Korea,KOR,0,1,6,0,1,7,8,0,597,11251,0,814,11849,12664,0,0,3348,0,2206,3348,5554,3609774
2024-05-06,2024,5,6,port915,Pohang,Korea,KOR,1,0,3,0,0,4,4,1245,0,4420,0,0,5665,5665,617,0,800,0,0,1418,1418,3609775
2026-07-18,2026,7,18,port915,Pohang,Korea,KOR,0,1,3,0,1,4,5,0,44064,1636,0,814,45700,46515,0,0,800,0,2206,800,3007,3609776
2025-06-21,2025,6,21,port915,Pohang,Korea,KOR,1,3,3,0,1,7,8,3945,274269,106,0,700,278320,279021,0,5414,1255,0,0,6669,6670,3609777
2024-05-07,2024,5,7,port915,Pohang,Korea,KOR,0,0,1,0,0,1,1,0,0,0,0,0,0,0,0,0,0,0,0,0,0,3609778
2026-07-19,2026,7,19,port915,Pohang,Korea,KOR,0,2,2,0,0,4,4,0,28844,1049,0,0,29894,29894,0,14805,93,0,0,14898,14898,3609779
2025-06-22,2025,6,22,port915,Pohang,Korea,KOR,0,1,1,0,0,2,2,0,28844,0,0,0,28844,28844,0,9634,1391,0,0,11025,11025,3609780
2024-05-08,2024,5,8,port915,Pohang,Korea,KOR,0,0,1,0,0,1,1,0,0,907,0,0,907,907,0,0,800,0,0,800,800,3609781
2026-07-20,2026,7,20,port915,Pohang,Korea,KOR,0,2,4,1,1,7,8,0,17719,2001,263,0,19984,19984,0,4913,2602,385,0,7900,7900,3609782
2025-06-23,2025,6,23,port915,Pohang,Korea,KOR,0,2,2,0,0,4,4,0,7701,2950,0,0,10652,10652,0,0,0,0,0,0,0,3609783
2024-05-09,2024,5,9,port915,Pohang,Korea,KOR,2,6,4,0,0,12,12,2110,73997,3628,0,0,79736,79736,0,73325,3203,0,0,76528,76528,3609784
2026-07-21,2026,7,21,port915,Pohang,Korea,KOR,0,1,4,0,0,5,5,0,34468,1706,0,0,36175,36175,0,5414,2170,0,0,7584,7584,3609785
2025-06-24,2025,6,24,port915,Pohang,Korea,KOR,1,1,0,0,0,2,2,4291,34468,0,0,0,38759,38759,0,5414,0,0,0,5414,5414,3609786
2026-07-22,2026,7,22,port915,Pohang,Korea,KOR,2,4,5,0,0,11,11,432,46379,6029,0,0,52840,52840,0,32968,2587,0,0,35556,35556,3609787
2025-06-25,2025,6,25,port915,Pohang,Korea,KOR,0,2,5,1,0,8,8,0,5084,0,263,0,5348,5348,0,1381,5535,385,0,7303,7303,3609788
2024-05-10,2024,5,10,port915,Pohang,Korea,KOR,1,1,3,0,0,5,5,445,0,621,0,0,1066,1066,0,6856,646,0,0,7503,7503,3609789
2026-07-23,2026,7,23,port915,Pohang,Korea,KOR,0,2,4,1,0,7,7,0,1429,2771,263,0,4464,4464,0,0,2644,385,0,3029,3029,3609790
2025-06-26,2025,6,26,port915,Pohang,Korea,KOR,0,6,4,0,0,10,10,0,361397,907,0,0,362304,362304,0,39217,6204,0,0,45422,45422,3609791
2024-05-11,2024,5,11,port915,Pohang,Korea,KOR,0,0,2,0,0,2,2,0,0,907,0,0,907,907,0,0,1947,0,0,1947,1947,3609792
2026-07-24,2026,7,24,port915,Pohang,Korea,KOR,0,4,2,0,1,6,7,0,399876,3398,0,700,403274,403975,0,11057,800,0,0,11858,11858,3609793
2025-06-27,2025,6,27,port915,Pohang,Korea,KOR,1,3,6,1,0,11,11,268,166698,3048,263,0,170278,170278,0,22806,2671,385,0,25863,25863,3609794
2024-05-12,2024,5,12,port915,Pohang,Korea,KOR,0,2,3,0,1,5,6,0,36101,2989,0,783,39091,39874,0,5414,1601,0,0,7015,7015,3609795
2026-07-25,2026,7,25,port915,Pohang,Korea,KOR,1,1,3,1,0,6,6,3980,0,907,263,0,5151,5151,0,41141,2949,385,0,44476,44476,3609796
2025-06-28,2025,6,28,port915,Pohang,Korea,KOR,0,2,6,0,0,8,8,0,0,7079,0,0,7079,7079,0,45994,5422,0,0,51416,51416,3609797
2024-05-13,2024,5,13,port915,Pohang,Korea,KOR,0,0,4,0,1,4,5,0,0,3003,0,3252,3003,6256,0,0,6144,0,0,6144,6144,3609798
2026-07-26,2026,7,26,port915,Pohang,Korea,KOR,0,2,1,0,0,3,3,0,25351,0,0,0,25351,25351,0,0,741,0,0,741,741,3609799
2025-06-29,2025,6,29,port915,Pohang,Korea,KOR,0,0,2,0,0,2,2,0,0,59,0,0,59,59,0,0,1391,0,0,1391,1391,3609800
2024-05-14,2024,5,14,port915,Pohang,Korea,KOR,0,0,3,0,0,3,3,0,0,2721,0,0,2721,2721,0,0,2402,0,0,2402,2402,3609801
2026-07-27,2026,7,27,port915,Pohang,Korea,KOR,0,1,2,1,0,4,4,0,0,13127,263,0,13391,13391,0,25057,0,385,0,25442,25442,3609802
2025-06-30,2025,6,30,port915,Pohang,Korea,KOR,0,0,3,0,0,3,3,0,0,5368,0,0,5368,5368,0,0,800,0,0,800,800,3609803
2024-05-15,2024,5,15,port915,Pohang,Korea,KOR,0,0,4,0,1,4,5,0,0,2153,0,0,2153,2153,0,0,1182,0,9834,1182,11017,3609804
2026-07-28,2026,7,28,port915,Pohang,Korea,KOR,0,3,9,0,0,12,12,0,79715,5931,0,0,85646,85646,0,18366,10036,0,0,28403,28403,3609805
2025-07-01,2025,7,1,port915,Pohang,Korea,KOR,0,3,4,1,1,8,9,0,0,4473,263,1348,4737,6085,0,5848,3843,385,0,10077,10077,3609806
2024-05-16,2024,5,16,port915,Pohang,Korea,KOR,0,5,4,0,0,9,9,0,41008,907,0,0,41915,41915,0,44125,2409,0,0,46535,46535,3609807
2026-07-29,2026,7,29,port915,Pohang,Korea,KOR,0,2,1,2,0,5,5,0,206680,907,527,0,208114,208114,0,0,800,770,0,1571,1571,3609808
2025-07-02,2025,7,2,port915,Pohang,Korea,KOR,0,2,5,0,0,7,7,0,0,1221,0,0,1221,1221,0,8130,6910,0,0,15041,15041,3609809
2024-05-17,2024,5,17,port915,Pohang,Korea,KOR,1,4,8,1,0,14,14,513,77312,9078,263,0,87168,87168,0,5414,10457,385,0,16257,16257,3609810
2026-07-30,2026,7,30,port915,Pohang,Korea,KOR,1,2,3,0,0,6,6,3264,202667,907,0,0,206838,206838,0,9634,3694,0,0,13328,13328,3609811
2025-07-03,2025,7,3,port915,Pohang,Korea,KOR,2,4,5,0,0,11,11,1609,258718,3374,0,0,263702,263702,617,0,3252,0,0,3869,3869,3609812
2024-05-18,2024,5,18,port915,Pohang,Korea,KOR,0,1,0,0,1,1,2,0,49670,0,0,120,49670,49791,0,0,0,0,0,0,0,3609813
2026-07-31,2026,7,31,port915,Pohang,Korea,KOR,1,3,5,0,2,9,11,1245,117671,12102,0,814,131020,131835,617,0,800,0,4433,1418,5852,3609814
2025-07-04,2025,7,4,port915,Pohang,Korea,KOR,1,0,8,0,1,9,10,1245,0,3942,0,700,5187,5888,617,0,5758,0,0,6375,6375,3609815
2024-05-19,2024,5,19,port915,Pohang,Korea,KOR,0,6,7,0,0,13,13,0,391087,10944,0,0,402031,402031,0,41082,3775,0,0,44857,44857,3609816
2026-08-01,2026,8,1,port915,Pohang,Korea,KOR,1,0,2,1,1,4,5,0,0,1394,263,3155,1657,4813,3884,0,439,385,0,4709,4709,3609817
2025-07-05,2025,7,5,port915,Pohang,Korea,KOR,0,1,3,1,1,5,6,0,52751,907,263,814,53922,54737,0,0,3322,385,2206,3708,5914,3609818
2024-05-20,2024,5,20,port915,Pohang,Korea,KOR,0,3,3,1,0,7,7,0,49565,4603,263,0,54432,54432,0,11765,0,385,0,12151,12151,3609819
2026-08-02,2026,8,2,port915,Pohang,Korea,KOR,0,3,3,0,0,6,6,0,34468,4299,0,0,38767,38767,0,5414,0,0,0,5414,5414,3609820
2025-07-06,2025,7,6,port915,Pohang,Korea,KOR,0,2,2,0,1,4,5,0,48831,0,0,814,48831,49646,0,0,2560,0,2206,2560,4766,3609821
2024-05-21,2024,5,21,port915,Pohang,Korea,KOR,0,2,6,0,0,8,8,0,91969,5562,0,0,97531,97531,0,6915,3556,0,0,10471,10471,3609822
2026-08-03,2026,8,3,port915,Pohang,Korea,KOR,0,4,5,0,0,9,9,0,124669,3114,0,0,127783,127783,0,31298,8558,0,0,39857,39857,3609823
2025-07-07,2025,7,7,port915,Pohang,Korea,KOR,0,2,2,1,0,5,5,0,35029,1273,263,0,36566,36566,0,9224,800,385,0,10410,10410,3609824
2024-05-22,2024,5,22,port915,Pohang,Korea,KOR,1,0,5,0,0,6,6,1152,0,3359,0,0,4512,4512,0,0,2899,0,0,2899,2899,3609825
2026-08-04,2026,8,4,port915,Pohang,Korea,KOR,1,4,6,0,0,11,11,589,34468,6597,0,0,41655,41655,0,58768,2558,0,0,61327,61327,3609826
2025-07-08,2025,7,8,port915,Pohang,Korea,KOR,1,1,5,1,0,8,8,4265,47776,317,263,0,52623,52623,0,0,4740,385,0,5125,5125,3609827
2024-05-23,2024,5,23,port915,Pohang,Korea,KOR,0,3,1,0,0,4,4,0,6382,0,0,0,6382,6382,0,1899,1122,0,0,3021,3021,3609828
2026-08-05,2026,8,5,port915,Pohang,Korea,KOR,0,0,5,0,0,5,5,0,0,3735,0,0,3735,3735,0,0,974,0,0,974,974,3609829
2025-07-09,2025,7,9,port915,Pohang,Korea,KOR,0,1,4,0,0,5,5,0,0,3691,0,0,3691,3691,0,0,2865,0,0,2865,2865,3609830
2026-08-06,2026,8,6,port915,Pohang,Korea,KOR,0,3,1,0,1,4,5,0,210771,907,0,3155,211678,214834,0,5414,800,0,0,6215,6215,3609831
2025-07-10,2025,7,10,port915,Pohang,Korea,KOR,0,0,6,0,0,6,6,0,0,2103,0,0,2103,2103,0,0,5851,0,0,5851,5851,3609832
2024-05-24,2024,5,24,port915,Pohang,Korea,KOR,0,2,6,0,0,8,8,0,0,4373,0,0,4373,4373,0,48208,5249,0,0,53457,53457,3609833
2026-08-07,2026,8,7,port915,Pohang,Korea,KOR,0,1,4,1,0,6,6,0,34468,2684,263,0,37416,37416,0,5414,2857,385,0,8657,8657,3609834
2025-07-11,2025,7,11,port915,Pohang,Korea,KOR,1,1,3,0,0,5,5,857,38214,2955,0,0,42027,42027,0,0,1601,0,0,1601,1601,3609835
2024-05-25,2024,5,25,port915,Pohang,Korea,KOR,0,3,2,1,0,6,6,0,10289,1814,263,0,12367,12367,0,2257,1601,385,0,4244,4244,3609836
2026-08-08,2026,8,8,port915,Pohang,Korea,KOR,0,2,6,0,0,8,8,0,33793,4552,0,0,38345,38345,0,0,2037,0,0,2037,2037,3609837
2025-07-12,2025,7,12,port915,Pohang,Korea,KOR,0,4,4,2,1,10,11,0,15680,2001,527,814,18208,19023,0,70936,2839,770,2206,74546,76753,3609838
2024-05-26,2024,5,26,port915,Pohang,Korea,KOR,0,1,1,0,0,2,2,0,34468,907,0,0,35375,35375,0,5414,800,0,0,6215,6215,3609839
2026-08-09,2026,8,9,port915,Pohang,Korea,KOR,0,0,1,1,0,2,2,0,0,907,263,0,1170,1170,0,0,800,385,0,1186,1186,3609840
2025-07-13,2025,7,13,port915,Pohang,Korea,KOR,0,4,2,0,2,6,8,0,216026,3326,0,1629,219353,220983,0,16969,800,0,4412,17769,22182,3609841
2024-05-27,2024,5,27,port915,Pohang,Korea,KOR,0,0,1,0,0,1,1,0,0,2620,0,0,2620,2620,0,0,0,0,0,0,0,3609842
2026-08-10,2026,8,10,port915,Pohang,Korea,KOR,0,0,1,0,0,1,1,0,0,0,0,0,0,0,0,0,3043,0,0,3043,3043,3609843
2025-07-14,2025,7,14,port915,Pohang,Korea,KOR,0,1,0,1,0,2,2,0,33151,0,263,0,33414,33414,0,0,0,385,0,385,385,3609844
2024-05-28,2024,5,28,port915,Pohang,Korea,KOR,0,0,4,0,0,4,4,0,0,4168,0,0,4168,4168,0,0,2007,0,0,2007,2007,3609845
2026-08-11,2026,8,11,port915,Pohang,Korea,KOR,0,1,3,0,1,4,5,0,39955,3210,0,676,43165,43841,0,0,1601,0,0,1601,1601,3609846
2025-07-15,2025,7,15,port915,Pohang,Korea,KOR,1,3,1,0,1,5,6,747,223109,0,0,814,223857,224672,0,10828,2172,0,2206,13001,15207,3609847
2024-05-29,2024,5,29,port915,Pohang,Korea,KOR,0,5,5,0,0,10,10,0,112838,951,0,0,113789,113789,0,39128,4405,0,0,43534,43534,3609848
2026-08-12,2026,8,12,port915,Pohang,Korea,KOR,0,0,3,0,0,3,3,0,0,1814,0,0,1814,1814,0,0,2864,0,0,2864,2864,3609849
2025-07-16,2025,7,16,port915,Pohang,Korea,KOR,0,2,6,0,1,8,9,0,0,7454,0,127,7454,7581,0,66901,3672,0,7327,70573,77901,3609850
2024-05-30,2024,5,30,port915,Pohang,Korea,KOR,0,1,3,0,0,4,4,0,44877,5565,0,0,50442,50442,0,0,3839,0,0,3839,3839,3609851
2026-08-13,2026,8,13,port915,Pohang,Korea,KOR,0,5,8,0,0,13,13,0,160535,6350,0,0,166885,166885,0,16242,6861,0,0,23104,23104,3609852
2025-07-17,2025,7,17,port915,Pohang,Korea,KOR,0,3,3,0,0,6,6,0,78092,1252,0,0,79345,79345,0,31437,3072,0,0,34509,34509,3609853
2024-05-31,2024,5,31,port915,Pohang,Korea,KOR,0,0,2,0,0,2,2,0,0,2266,0,0,2266,2266,0,0,0,0,0,0,0,3609854
2026-08-14,2026,8,14,port915,Pohang,Korea,KOR,2,6,2,1,1,11,12,5350,250712,1814,263,814,258140,258954,0,51764,1601,385,2206,53751,55957,3609855
2025-07-18,2025,7,18,port915,Pohang,Korea,KOR,0,2,5,0,0,7,7,0,16306,1424,0,0,17730,17730,0,11889,4321,0,0,16210,16210,3609856
2024-06-01,2024,6,1,port915,Pohang,Korea,KOR,1,0,2,0,0,3,3,1245,0,2169,0,0,3415,3415,617,0,800,0,0,1418,1418,3609857
2025-07-19,2025,7,19,port915,Pohang,Korea,KOR,1,1,7,0,0,9,9,821,501,2801,0,0,4125,4125,0,0,7102,0,0,7102,7102,3609859
2024-06-02,2024,6,2,port915,Pohang,Korea,KOR,0,0,3,0,1,3,4,0,0,2721,0,814,2721,3536,0,0,2402,0,2206,2402,4608,3609860
2025-07-20,2025,7,20,port915,Pohang,Korea,KOR,0,3,4,0,0,7,7,0,110297,616,0,0,110913,110913,0,10828,4781,0,0,15609,15609,3609862
2024-06-03,2024,6,3,port915,Pohang,Korea,KOR,0,1,2,0,0,3,3,0,0,1758,0,0,1758,1758,0,0,0,0,0,0,0,3609863
2025-07-21,2025,7,21,port915,Pohang,Korea,KOR,0,3,5,0,1,8,9,0,258492,14360,0,3241,272853,276094,0,34484,2402,0,0,36887,36887,3609865
2024-06-04,2024,6,4,port915,Pohang,Korea,KOR,0,1,2,0,0,3,3,0,34468,907,0,0,35375,35375,0,5414,3517,0,0,8932,8932,3609866
2025-07-22,2025,7,22,port915,Pohang,Korea,KOR,0,2,2,0,1,4,5,0,34468,0,0,814,34468,35283,0,9281,4869,0,2206,14151,16357,3609868
2024-06-05,2024,6,5,port915,Pohang,Korea,KOR,0,6,15,1,0,22,22,0,181214,17284,263,0,198763,198763,0,17546,15796,385,0,33728,33728,3609869
2025-07-23,2025,7,23,port915,Pohang,Korea,KOR,0,2,3,0,0,5,5,0,34468,1303,0,0,35771,35771,0,21063,2937,0,0,24001,24001,3609871
2024-06-06,2024,6,6,port915,Pohang,Korea,KOR,1,3,4,0,0,8,8,1245,1985,1049,0,0,4280,4280,617,799,2727,0,0,4144,4144,3609872
2025-07-24,2025,7,24,port915,Pohang,Korea,KOR,1,2,2,0,0,5,5,321,9561,907,0,0,10790,10790,0,0,2634,0,0,2634,2634,3609874
2025-07-25,2025,7,25,port915,Pohang,Korea,KOR,0,2,4,1,2,7,9,0,175660,907,263,700,176831,177531,0,5327,4698,385,3242,10411,13653,3609876
2024-06-07,2024,6,7,port915,Pohang,Korea,KOR,1,0,3,0,0,4,4,0,0,4479,0,0,4479,4479,751,0,800,0,0,1552,1552,3609877
2025-07-26,2025,7,26,port915,Pohang,Korea,KOR,1,2,3,2,0,8,8,492,49324,1647,527,0,51992,51992,0,0,6506,770,0,7276,7276,3609879
2024-06-08,2024,6,8,port915,Pohang,Korea,KOR,0,0,1,1,0,2,2,0,0,151,263,0,414,414,0,0,0,385,0,385,385,3609880
2025-07-27,2025,7,27,port915,Pohang,Korea,KOR,0,4,8,0,0,12,12,0,202614,5173,0,0,207787,207787,0,7147,12213,0,0,19360,19360,3609882
2024-06-09,2024,6,9,port915,Pohang,Korea,KOR,0,1,1,0,0,2,2,0,0,533,0,0,533,533,0,4637,0,0,0,4637,4637,3609883
2025-07-28,2025,7,28,port915,Pohang,Korea,KOR,0,3,3,1,0,7,7,0,201580,1393,263,0,203236,203236,0,10257,2587,385,0,13230,13230,3609885
2024-06-10,2024,6,10,port915,Pohang,Korea,KOR,0,1,0,0,0,1,1,0,67312,0,0,0,67312,67312,0,0,0,0,0,0,0,3609886
2025-07-29,2025,7,29,port915,Pohang,Korea,KOR,0,1,4,0,0,5,5,0,112838,772,0,0,113610,113610,0,8,2075,0,0,2083,2083,3609888
2024-06-11,2024,6,11,port915,Pohang,Korea,KOR,0,2,4,0,0,6,6,0,96399,2244,0,0,98644,98644,0,0,1341,0,0,1341,1341,3609889
2025-07-30,2025,7,30,port915,Pohang,Korea,KOR,0,0,3,0,0,3,3,0,0,2238,0,0,2238,2238,0,0,2098,0,0,2098,2098,3609891
2024-06-12,2024,6,12,port915,Pohang,Korea,KOR,0,4,2,0,0,6,6,0,223179,2672,0,0,225852,225852,0,10828,0,0,0,10828,10828,3609892
2025-07-31,2025,7,31,port915,Pohang,Korea,KOR,0,2,4,2,0,8,8,0,2977,9352,263,0,12593,12593,0,1739,0,4103,0,5843,5843,3609894
2024-06-13,2024,6,13,port915,Pohang,Korea,KOR,0,1,4,1,0,6,6,0,34468,3356,263,0,38088,38088,0,5414,1601,385,0,7401,7401,3609895
2025-08-01,2025,8,1,port915,Pohang,Korea,KOR,0,4,8,0,3,12,15,0,230176,5468,0,5415,235645,241060,0,21731,5229,0,2206,26961,29167,3609897
2024-06-14,2024,6,14,port915,Pohang,Korea,KOR,1,2,3,0,0,6,6,4652,34468,907,0,0,40027,40027,0,9790,5192,0,0,14983,14983,3609898
2025-08-02,2025,8,2,port915,Pohang,Korea,KOR,0,2,2,0,0,4,4,0,0,907,0,0,907,907,0,7634,1030,0,0,8664,8664,3609900
2024-06-15,2024,6,15,port915,Pohang,Korea,KOR,0,0,2,0,1,2,3,0,0,1197,0,814,1197,2012,0,0,0,0,2206,0,2206,3609901
2025-08-03,2025,8,3,port915,Pohang,Korea,KOR,2,0,2,0,0,4,4,1159,0,1873,0,0,3032,3032,0,0,1255,0,0,1255,1255,3609903
2024-06-16,2024,6,16,port915,Pohang,Korea,KOR,0,5,8,0,0,13,13,0,397650,3168,0,0,400818,400818,0,7016,8419,0,0,15435,15435,3609904
2025-08-04,2025,8,4,port915,Pohang,Korea,KOR,0,2,5,0,0,7,7,0,113835,2613,0,0,116448,116448,0,5414,3640,0,0,9054,9054,3609906
2024-06-17,2024,6,17,port915,Pohang,Korea,KOR,1,2,1,0,0,4,4,1245,30821,0,0,0,32067,32067,617,24074,127,0,0,24818,24818,3609907
2025-08-05,2025,8,5,port915,Pohang,Korea,KOR,0,0,2,0,1,2,3,0,0,1289,0,814,1289,2104,0,0,800,0,2206,800,3007,3609909
2024-06-18,2024,6,18,port915,Pohang,Korea,KOR,0,1,0,0,0,1,1,0,23929,0,0,0,23929,23929,0,0,0,0,0,0,0,3609910
2025-08-06,2025,8,6,port915,Pohang,Korea,KOR,0,4,2,0,0,6,6,0,176394,907,0,0,177301,177301,0,0,1670,0,0,1670,1670,3609912
2024-06-19,2024,6,19,port915,Pohang,Korea,KOR,1,3,3,0,0,7,7,2721,34468,7773,0,0,44963,44963,0,22134,553,0,0,22688,22688,3609913
2025-08-07,2025,8,7,port915,Pohang,Korea,KOR,0,1,3,0,0,4,4,0,28844,7318,0,0,36163,36163,0,9634,800,0,0,10434,10434,3609915
2024-06-20,2024,6,20,port915,Pohang,Korea,KOR,0,1,1,0,0,2,2,0,0,0,0,0,0,0,0,36660,1264,0,0,37925,37925,3609916
2024-06-21,2024,6,21,port915,Pohang,Korea,KOR,0,0,1,1,0,2,2,0,0,0,263,0,263,263,0,0,1501,385,0,1886,1886,3609918
2024-06-22,2024,6,22,port915,Pohang,Korea,KOR,0,1,2,0,0,3,3,0,5037,3078,0,0,8115,8115,0,0,0,0,0,0,0,3609920
2025-08-08,2025,8,8,port915,Pohang,Korea,KOR,2,1,2,0,0,5,5,2103,34468,907,0,0,37478,37478,617,5414,1453,0,0,7485,7485,3609921
2024-06-23,2024,6,23,port915,Pohang,Korea,KOR,0,1,1,0,0,2,2,0,0,874,0,0,874,874,0,3846,0,0,0,3846,3846,3609923
2025-08-09,2025,8,9,port915,Pohang,Korea,KOR,0,2,6,0,1,8,9,0,138745,7043,0,0,145788,145788,0,0,2402,0,4642,2402,7045,3609924
2024-06-24,2024,6,24,port915,Pohang,Korea,KOR,0,0,4,0,0,4,4,0,0,1827,0,0,1827,1827,0,0,1600,0,0,1600,1600,3609926
2025-08-10,2025,8,10,port915,Pohang,Korea,KOR,0,3,2,0,0,5,5,0,68936,907,0,0,69844,69844,0,16595,2175,0,0,18770,18770,3609927
2024-06-25,2024,6,25,port915,Pohang,Korea,KOR,1,1,4,1,0,7,7,1442,16502,4980,263,0,23189,23189,0,0,1321,385,0,1706,1706,3609929
2025-08-11,2025,8,11,port915,Pohang,Korea,KOR,1,1,5,1,0,8,8,2904,501,4872,263,0,8542,8542,0,0,4945,385,0,5331,5331,3609930
2024-06-26,2024,6,26,port915,Pohang,Korea,KOR,1,1,0,0,0,2,2,7213,0,0,0,0,7213,7213,0,6195,0,0,0,6195,6195,3609932
2025-08-12,2025,8,12,port915,Pohang,Korea,KOR,0,5,3,0,1,8,9,0,82375,4554,0,5306,86930,92236,0,17261,1601,0,0,18862,18862,3609933
2024-06-27,2024,6,27,port915,Pohang,Korea,KOR,0,1,1,0,0,2,2,0,0,1048,0,0,1048,1048,0,463,0,0,0,463,463,3609935
2025-08-13,2025,8,13,port915,Pohang,Korea,KOR,0,2,6,0,0,8,8,0,79143,3891,0,0,83034,83034,0,0,4668,0,0,4668,4668,3609936
2024-06-28,2024,6,28,port915,Pohang,Korea,KOR,0,2,4,1,0,7,7,0,34468,85,263,0,34817,34817,0,38412,3361,385,0,42159,42159,3609938
2025-08-14,2025,8,14,port915,Pohang,Korea,KOR,0,3,1,0,1,4,5,0,126276,3190,0,814,129467,130281,0,4562,0,0,2206,4562,6768,3609939
2024-06-29,2024,6,29,port915,Pohang,Korea,KOR,0,1,2,0,0,3,3,0,8578,907,0,0,9485,9485,0,0,9963,0,0,9963,9963,3609941
2025-08-15,2025,8,15,port915,Pohang,Korea,KOR,0,4,4,1,0,9,9,0,170750,4324,263,0,175338,175338,0,27761,800,385,0,28947,28947,3609942
2024-06-30,2024,6,30,port915,Pohang,Korea,KOR,0,0,0,0,0,0,0,0,0,0,0,0,0,0,0,0,0,0,0,0,0,3609944
2025-08-16,2025,8,16,port915,Pohang,Korea,KOR,0,2,4,1,0,7,7,0,380633,1605,263,0,382503,382503,0,0,2077,385,0,2463,2463,3609945
2024-07-01,2024,7,1,port915,Pohang,Korea,KOR,1,1,2,1,1,5,6,0,192924,1865,263,0,195053,195053,546,0,235,385,9006,1167,10174,3609947
2025-08-17,2025,8,17,port915,Pohang,Korea,KOR,1,4,4,0,0,9,9,547,30984,5149,0,0,36681,36681,0,59767,1680,0,0,61448,61448,3609948
2024-07-02,2024,7,2,port915,Pohang,Korea,KOR,0,1,0,0,0,1,1,0,0,0,0,0,0,0,0,0,0,0,0,0,0,3609950
2025-08-18,2025,8,18,port915,Pohang,Korea,KOR,0,3,3,1,0,7,7,0,113525,2715,263,0,116504,116504,0,116298,2037,385,0,118721,118721,3609951
2024-07-03,2024,7,3,port915,Pohang,Korea,KOR,0,0,1,0,0,1,1,0,0,0,0,0,0,0,0,0,1463,0,0,1463,1463,3609953
2025-08-19,2025,8,19,port915,Pohang,Korea,KOR,0,4,4,0,1,8,9,0,34468,1013,0,814,35481,36296,0,73841,3672,0,2206,77513,79720,3609954
2024-07-04,2024,7,4,port915,Pohang,Korea,KOR,0,3,2,0,0,5,5,0,149660,907,0,0,150567,150567,0,0,3345,0,0,3345,3345,3609956
2025-08-20,2025,8,20,port915,Pohang,Korea,KOR,0,1,2,0,1,3,4,0,34468,1814,0,814,36282,37097,0,5414,1601,0,2206,7015,9222,3609957
2024-07-05,2024,7,5,port915,Pohang,Korea,KOR,0,2,3,0,0,5,5,0,50775,3208,0,0,53984,53984,0,0,0,0,0,0,0,3609959
2025-08-21,2025,8,21,port915,Pohang,Korea,KOR,0,2,6,0,1,8,9,0,0,7809,0,0,7809,7809,0,30345,6099,0,0,36445,36445,3609960
2024-07-06,2024,7,6,port915,Pohang,Korea,KOR,1,2,2,0,1,5,6,4506,242137,83,0,700,246727,247428,0,3323,72,0,0,3396,3396,3609961
2025-08-22,2025,8,22,port915,Pohang,Korea,KOR,0,2,1,0,0,3,3,0,47177,0,0,0,47177,47177,0,0,1424,0,0,1424,1424,3609962
2024-07-07,2024,7,7,port915,Pohang,Korea,KOR,0,2,1,0,0,3,3,0,5037,0,0,0,5037,5037,0,2068,3592,0,0,5661,5661,3609964
2025-08-23,2025,8,23,port915,Pohang,Korea,KOR,2,3,7,0,0,12,12,7407,304100,9664,0,0,321172,321172,0,27860,5230,0,0,33090,33090,3609965
2024-07-08,2024,7,8,port915,Pohang,Korea,KOR,0,1,3,0,0,4,4,0,34468,907,0,0,35375,35375,0,5414,5831,0,0,11245,11245,3609967
2025-08-24,2025,8,24,port915,Pohang,Korea,KOR,1,3,1,1,0,6,6,1602,112838,0,263,0,114704,114704,0,32276,991,385,0,33652,33652,3609968
2024-07-09,2024,7,9,port915,Pohang,Korea,KOR,0,0,2,0,0,2,2,0,0,7058,0,0,7058,7058,0,0,0,0,0,0,0,3609970
2025-08-25,2025,8,25,port915,Pohang,Korea,KOR,0,2,2,0,0,4,4,0,84677,0,0,0,84677,84677,0,0,3032,0,0,3032,3032,3609971
2024-07-10,2024,7,10,port915,Pohang,Korea,KOR,0,0,3,0,0,3,3,0,0,642,0,0,642,642,0,0,1243,0,0,1243,1243,3609973
2025-08-26,2025,8,26,port915,Pohang,Korea,KOR,0,1,2,0,0,3,3,0,34468,1956,0,0,36425,36425,0,5414,800,0,0,6215,6215,3609974
2024-07-11,2024,7,11,port915,Pohang,Korea,KOR,0,2,2,0,0,4,4,0,0,285,0,0,285,285,0,12136,7535,0,0,19671,19671,3609976
2025-08-27,2025,8,27,port915,Pohang,Korea,KOR,0,0,2,0,0,2,2,0,0,0,0,0,0,0,0,0,4229,0,0,4229,4229,3609977
2024-07-12,2024,7,12,port915,Pohang,Korea,KOR,1,4,7,0,0,12,12,1053,0,4389,0,0,5443,5443,0,13679,2671,0,0,16350,16350,3609979
2025-08-28,2025,8,28,port915,Pohang,Korea,KOR,0,5,5,0,0,10,10,0,34468,7803,0,0,42272,42272,0,36757,2878,0,0,39635,39635,3609980
2024-07-13,2024,7,13,port915,Pohang,Korea,KOR,0,0,3,0,0,3,3,0,0,0,0,0,0,0,0,0,1698,0,0,1698,1698,3609982
2024-07-14,2024,7,14,port915,Pohang,Korea,KOR,0,0,2,0,0,2,2,0,0,749,0,0,749,749,0,0,2875,0,0,2875,2875,3609984
2024-07-15,2024,7,15,port915,Pohang,Korea,KOR,0,0,2,0,0,2,2,0,0,1259,0,0,1259,1259,0,0,800,0,0,800,800,3609986
2024-07-16,2024,7,16,port915,Pohang,Korea,KOR,1,2,6,0,0,9,9,604,87677,10531,0,0,98813,98813,0,0,800,0,0,800,800,3609988
2024-07-17,2024,7,17,port915,Pohang,Korea,KOR,1,1,3,0,1,5,6,2073,70816,1814,0,0,74703,74703,0,0,7620,0,3650,7620,11271,3609990
2024-07-18,2024,7,18,port915,Pohang,Korea,KOR,0,1,3,0,0,4,4,0,0,1678,0,0,1678,1678,0,2297,1325,0,0,3623,3623,3609992
2024-07-19,2024,7,19,port915,Pohang,Korea,KOR,0,1,2,0,0,3,3,0,32687,907,0,0,33594,33594,0,0,1600,0,0,1600,1600,3609994
2024-07-20,2024,7,20,port915,Pohang,Korea,KOR,0,2,1,0,0,3,3,0,0,1604,0,0,1604,1604,0,45542,0,0,0,45542,45542,3609996
2024-07-21,2024,7,21,port915,Pohang,Korea,KOR,0,1,2,0,0,3,3,0,195997,2345,0,0,198342,198342,0,0,1423,0,0,1423,1423,3609997
2024-07-22,2024,7,22,port915,Pohang,Korea,KOR,0,1,2,0,0,3,3,0,41269,907,0,0,42176,42176,0,0,1632,0,0,1632,1632,3609998
2024-07-23,2024,7,23,port915,Pohang,Korea,KOR,0,0,2,1,0,3,3,0,0,907,263,0,1170,1170,0,0,2814,385,0,3200,3200,3609999
2024-07-24,2024,7,24,port915,Pohang,Korea,KOR,1,1,2,0,0,4,4,274,79461,1670,0,0,81406,81406,0,0,800,0,0,800,800,3610000
