"date","portid","portname","country","ISO3","portcalls_container","portcalls_dry_bulk","portcalls_general_cargo","portcalls_roro","portcalls_tanker","portcalls_cargo","portcalls","import_container","import_dry_bulk","import_general_cargo","import_roro","import_tanker","import_cargo","import","export_container","export_dry_bulk","export_general_cargo","export_roro","export_tanker","export_cargo","export"
"2019-01-01","port1137","Samarinda","Indonesia","IDN","0","2","0","0","0","2","2","0","0","0","0","0","0","0","0","71777","0","0","0","71777","71777"
"2019-01-02","port1137","Samarinda","Indonesia","IDN","1","2","0","0","0","3","3","1298","0","0","0","0","1298","1298","188","60354","0","0","0","60542","60542"
"2019-01-03","port1137","Samarinda","Indonesia","IDN","0","4","1","0","1","5","6","0","0","0","0","918","0","918","0","178051","1644","0","738","179695","180434"
"2019-01-04","port1137","Samarinda","Indonesia","IDN","0","4","1","0","0","5","5","0","0","795","0","0","795","795","0","106708","1360","0","0","108069","108069"
"2019-01-05","port1137","Samarinda","Indonesia","IDN","0","4","1","0","1","5","6","0","0","0","0","918","0","918","0","188987","1976","0","738","190963","191702"
"2019-01-06","port1137","Samarinda","Indonesia","IDN","1","7","0","0","2","8","10","0","0","0","0","918","0","918","3746","79153","0","0","13107","82900","96008"
"2019-01-07","port1137","Samarinda","Indonesia","IDN","0","6","2","0","0","8","8","0","0","795","0","0","795","795","0","317639","1800","0","0","319440","319440"
"2019-01-08","port1137","Samarinda","Indonesia","IDN","0","1","0","0","0","1","1","0","0","0","0","0","0","0","0","41224","0","0","0","41224","41224"
"2019-01-09","port1137","Samarinda","Indonesia","IDN","0","7","2","0","1","9","10","0","0","795","0","918","795","1713","0","170236","7207","0","738","177444","178182"
"2019-01-10","port1137","Samarinda","Indonesia","IDN","0","5","0","0","0","5","5","0","0","0","0","0","0","0","0","84675","0","0","0","84675","84675"
"2019-01-11","port1137","Samarinda","Indonesia","IDN","1","6","0","0","0","7","7","1298","0","0","0","0","1298","1298","188","203020","0","0","0","203208","203208"
"2019-01-12","port1137","Samarinda","Indonesia","IDN","1","8","0","0","1","9","10","1035","0","0","0","918","1035","1953","0","202142","0","0","738","202142","202881"
"2019-01-13","port1137","Samarinda","Indonesia","IDN","1","4","1","0","0","6","6","1557","0","420","0","0","1977","1977","82","225258","0","0","0","225341","225341"
"2019-01-14","port1137","Samarinda","Indonesia","IDN","0","9","1","0","1","10","11","0","0","3443","0","918","3443","4361","0","294425","0","0","738","294425","295163"
"2019-01-15","port1137","Samarinda","Indonesia","IDN","0","1","2","0","0","3","3","0","0","1590","0","0","1590","1590","0","0","2721","0","0","2721","2721"
"2019-01-16","port1137","Samarinda","Indonesia","IDN","0","4","0","0","0","4","4","0","0","0","0","0","0","0","0","253380","0","0","0","253380","253380"
"2019-01-17","port1137","Samarinda","Indonesia","IDN","1","7","0","0","0","8","8","410","0","0","0","0","410","410","0","127426","0","0","0","127426","127426"
"2019-01-18","port1137","Samarinda","Indonesia","IDN","1","4","1","0","0","6","6","621","0","795","0","0","1416","1416","0","63493","1360","0","0","64854","64854"
"2019-01-19","port1137","Samarinda","Indonesia","IDN","3","2","1","0","0","6","6","2597","0","3764","0","0","6361","6361","1203","96612","0","0","0","97815","97815"
"2019-01-20","port1137","Samarinda","Indonesia","IDN","0","1","1","0","0","2","2","0","0","0","0","0","0","0","0","41224","0","0","0","41224","41224"
"2019-01-21","port1137","Samarinda","Indonesia","IDN","0","7","0","0","0","7","7","0","0","0","0","0","0","0","0","240583","0","0","0","240583","240583"
"2019-01-22","port1137","Samarinda","Indonesia","IDN","0","2","1","0","0","3","3","0","0","0","0","0","0","0","0","35258","6204","0","0","41462","41462"
"2019-01-23","port1137","Samarinda","Indonesia","IDN","0","8","1","0","0","9","9","0","0","795","0","0","795","795","0","210476","1360","0","0","211837","211837"
"2019-01-24","port1137","Samarinda","Indonesia","IDN","0","5","2","0","1","7","8","0","0","1988","0","0","1988","1988","0","252347","1360","0","5994","253708","259703"
"2019-01-25","port1137","Samarinda","Indonesia","IDN","1","6","0","0","1","7","8","1298","0","0","0","918","1298","2217","188","176923","0","0","738","177111","177849"
"2019-01-26","port1137","Samarinda","Indonesia","IDN","0","5","0","0","0","5","5","0","0","0","0","0","0","0","0","150959","0","0","0","150959","150959"
"2019-01-27","port1137","Samarinda","Indonesia","IDN","0","4","0","0","0","4","4","0","0","0","0","0","0","0","0","197443","0","0","0","197443","197443"
"2019-01-28","port1137","Samarinda","Indonesia","IDN","0","4","1","0","1","5","6","0","0","795","0","2635","795","3430","0","196343","1360","0","3412","197704","201117"
"2019-01-29","port1137","Samarinda","Indonesia","IDN","0","3","0","0","0","3","3","0","0","0","0","0","0","0","0","95664","0","0","0","95664","95664"
"2019-01-30","port1137","Samarinda","Indonesia","IDN","1","9","0","0","2","10","12","1298","0","0","0","2883","1298","4182","188","347632","0","0","738","347820","348558"
"2019-01-31","port1137","Samarinda","Indonesia","IDN","0","9","2","0","1","11","12","0","0","992","0","918","992","1910","0","453672","1360","0","738","455033","455771"
"2019-02-01","port1137","Samarinda","Indonesia","IDN","1","10","0","0","0","11","11","1035","0","0","0","0","1035","1035","0","411226","0","0","0","411226","411226"
"2019-02-02","port1137","Samarinda","Indonesia","IDN","0","7","0","0","0","7","7","0","0","0","0","0","0","0","0","292516","0","0","0","292516","292516"
"2019-02-03","port1137","Samarinda","Indonesia","IDN","0","9","0","0","0","9","9","0","0","0","0","0","0","0","0","318191","0","0","0","318191","318191"
"2020-03-10","port1137","Samarinda","Indonesia","IDN","0","4","0","0","2","4","6","0","0","0","0","8585","0","8585","0","123672","0","0","23","123672","123695"
"2020-03-11","port1137","Samarinda","Indonesia","IDN","1","4","0","0","1","5","6","205","0","0","0","918","205","1123","0","83333","0","0","738","83333","84071"
"2020-03-12","port1137","Samarinda","Indonesia","IDN","1","6","1","0","1","8","9","1298","0","0","0","918","1298","2217","188","195908","759","0","738","196856","197594"
"2020-03-13","port1137","Samarinda","Indonesia","IDN","0","9","0","0","1","9","10","0","0","0","0","918","0","918","0","333774","0","0","738","333774","334512"
"2020-03-14","port1137","Samarinda","Indonesia","IDN","1","4","1","0","0","6","6","2069","0","795","0","0","2864","2864","0","100309","1360","0","0","101670","101670"
"2020-03-15","port1137","Samarinda","Indonesia","IDN","0","7","0","0","0","7","7","0","0","0","0","0","0","0","0","202178","0","0","0","202178","202178"
"2020-03-16","port1137","Samarinda","Indonesia","IDN","1","11","0","0","1","12","13","2069","0","0","0","918","2069","2987","0","371700","0","0","738","371700","372438"
"2020-03-17","port1137","Samarinda","Indonesia","IDN","0","7","0","0","0","7","7","0","0","0","0","0","0","0","0","178214","0","0","0","178214","178214"
"2020-03-18","port1137","Samarinda","Indonesia","IDN","1","4","2","0","2","7","9","1040","0","3506","0","2125","4547","6672","0","136139","1360","0","1127","137499","138627"
"2020-03-19","port1137","Samarinda","Indonesia","IDN","0","5","0","0","0","5","5","0","0","0","0","0","0","0","0","199934","0","0","0","199934","199934"
"2020-03-20","port1137","Samarinda","Indonesia","IDN","1","10","0","1","3","12","15","0","0","0","892","4638","892","5531","0","309378","0","1833","1476","311211","312688"
"2020-03-21","port1137","Samarinda","Indonesia","IDN","1","3","0","0","2","4","6","3140","0","0","0","1836","3140","4977","0","171599","0","0","1476","171599","173076"
"2020-03-22","port1137","Samarinda","Indonesia","IDN","0","8","0","1","2","9","11","0","0","0","892","1836","892","2729","0","286000","0","1833","1476","287833","289310"
"2020-03-23","port1137","Samarinda","Indonesia","IDN","0","7","1","0","0","8","8","0","0","0","0","0","0","0","0","259917","2326","0","0","262244","262244"
"2020-03-24","port1137","Samarinda","Indonesia","IDN","0","5","0","0","1","5","6","0","0","0","0","918","0","918","0","214560","0","0","738","214560","215298"
"2020-03-25","port1137","Samarinda","Indonesia","IDN","1","5","0","0","2","6","8","1645","0","0","0","1447","1645","3092","0","150329","0","0","738","150329","151068"
"2020-03-26","port1137","Samarinda","Indonesia","IDN","2","3","0","1","0","6","6","3867","0","0","0","0","3867","3867","0","82448","0","0","0","82448","82448"
"2020-03-27","port1137","Samarinda","Indonesia","IDN","1","4","0","0","0","5","5","3317","0","0","0","0","3317","3317","0","41681","0","0","0","41681","41681"
"2020-03-28","port1137","Samarinda","Indonesia","IDN","1","4","0","0","0","5","5","1177","0","0","0","0","1177","1177","0","250625","0","0","0","250625","250625"
"2020-03-29","port1137","Samarinda","Indonesia","IDN","0","4","2","0","0","6","6","0","0","795","0","0","795","795","0","170480","2252","0","0","172733","172733"
"2020-03-30","port1137","Samarinda","Indonesia","IDN","1","7","0","0","1","8","9","616","0","0","0","1620","616","2236","0","302887","0","0","23","302887","302910"
"2020-03-31","port1137","Samarinda","Indonesia","IDN","1","6","0","0","1","7","8","1298","0","0","0","0","1298","1298","188","349333","0","0","44","349521","349566"
"2020-04-01","port1137","Samarinda","Indonesia","IDN","0","4","1","0","0","5","5","0","0","795","0","0","795","795","0","231010","1360","0","0","232371","232371"
"2020-04-02","port1137","Samarinda","Indonesia","IDN","1","2","0","0","2","3","5","1453","0","0","0","1207","1453","2661","0","82448","0","0","4962","82448","87411"
"2020-04-03","port1137","Samarinda","Indonesia","IDN","0","2","0","0","1","2","3","0","0","0","0","918","0","918","0","95599","0","0","738","95599","96337"
"2020-04-04","port1137","Samarinda","Indonesia","IDN","1","5","0","0","0","6","6","2745","0","0","0","0","2745","2745","0","135740","0","0","0","135740","135740"
"2020-04-05","port1137","Samarinda","Indonesia","IDN","1","4","0","0","1","5","6","205","0","0","0","918","205","1123","0","171951","0","0","738","171951","172690"
"2020-04-06","port1137","Samarinda","Indonesia","IDN","0","4","1","0","0","5","5","0","0","1995","0","0","1995","1995","0","150218","0","0","0","150218","150218"
"2020-04-07","port1137","Samarinda","Indonesia","IDN","0","3","0","1","0","4","4","0","0","0","143","0","143","143","0","135839","0","70","0","135909","135909"
"2020-04-08","port1137","Samarinda","Indonesia","IDN","2","6","0","0","0","8","8","2254","0","0","0","0","2254","2254","0","173408","0","0","0","173408","173408"
"2020-04-09","port1137","Samarinda","Indonesia","IDN","1","5","0","0","0","6","6","1298","0","0","0","0","1298","1298","188","195842","0","0","0","196030","196030"
"2020-04-10","port1137","Samarinda","Indonesia","IDN","1","2","3","0","0","6","6","1298","0","4861","0","0","6159","6159","188","41224","2721","0","0","44134","44134"
"2020-04-11","port1137","Samarinda","Indonesia","IDN","1","5","0","0","0","6","6","0","0","0","0","0","0","0","1567","217300","0","0","0","218867","218867"
"2020-04-12","port1137","Samarinda","Indonesia","IDN","0","3","0","0","1","3","4","0","0","0","0","918","0","918","0","101939","0","0","738","101939","102677"
"2020-04-13","port1137","Samarinda","Indonesia","IDN","0","6","0","0","1","6","7","0","0","0","0","918","0","918","0","209588","0","0","738","209588","210326"
"2020-04-14","port1137","Samarinda","Indonesia","IDN","0","3","0","0","0","3","3","0","0","0","0","0","0","0","0","85059","0","0","0","85059","85059"
"2020-04-15","port1137","Samarinda","Indonesia","IDN","2","8","0","0","0","10","10","1298","0","0","0","0","1298","1298","188","396811","0","0","0","396999","396999"
"2020-04-16","port1137","Samarinda","Indonesia","IDN","0","2","1","0","1","3","4","0","0","0","0","1207","0","1207","0","62724","381","0","389","63106","63496"
"2020-04-17","port1137","Samarinda","Indonesia","IDN","0","7","1","0","0","8","8","0","0","795","0","0","795","795","0","208702","1360","0","0","210062","210062"
"2020-04-18","port1137","Samarinda","Indonesia","IDN","1","1","1","0","0","3","3","1298","0","795","0","0","2093","2093","188","68604","1360","0","0","70153","70153"
"2020-04-19","port1137","Samarinda","Indonesia","IDN","0","2","0","0","0","2","2","0","0","0","0","0","0","0","0","41224","0","0","0","41224","41224"
"2020-04-20","port1137","Samarinda","Indonesia","IDN","2","5","0","0","1","7","8","2121","0","0","0","918","2121","3039","188","107796","0","0","738","107984","108722"
"2020-04-21","port1137","Samarinda","Indonesia","IDN","0","4","0","0","1","4","5","0","0","0","0","918","0","918","0","223799","0","0","738","223799","224538"
"2020-04-22","port1137","Samarinda","Indonesia","IDN","3","4","2","0","0","9","9","3873","0","795","0","0","4668","4668","188","109862","2833","0","0","112883","112883"
"2020-04-23","port1137","Samarinda","Indonesia","IDN","0","1","0","0","0","1","1","0","0","0","0","0","0","0","0","72653","0","0","0","72653","72653"
"2020-04-24","port1137","Samarinda","Indonesia","IDN","0","1","0","0","0","1","1","0","0","0","0","0","0","0","0","0","0","0","0","0","0"
"2020-04-25","port1137","Samarinda","Indonesia","IDN","1","5","0","0","1","6","7","1298","0","0","0","0","1298","1298","188","305350","0","0","5959","305538","311497"
"2020-04-26","port1137","Samarinda","Indonesia","IDN","3","8","0","0","0","11","11","4767","0","0","0","0","4767","4767","376","216205","0","0","0","216581","216581"
"2020-04-27","port1137","Samarinda","Indonesia","IDN","0","3","0","0","0","3","3","0","0","0","0","0","0","0","0","86263","0","0","0","86263","86263"
"2020-04-28","port1137","Samarinda","Indonesia","IDN","1","4","0","0","0","5","5","3538","0","0","0","0","3538","3538","0","154860","0","0","0","154860","154860"
"2020-04-29","port1137","Samarinda","Indonesia","IDN","1","1","0","0","1","2","3","0","0","0","0","918","0","918","0","0","0","0","738","0","738"
"2020-04-30","port1137","Samarinda","Indonesia","IDN","1","3","3","0","0","7","7","1298","0","795","0","0","2093","2093","188","68189","5941","0","0","74319","74319"
"2020-05-01","port1137","Samarinda","Indonesia","IDN","0","9","3","0","0","12","12","0","0","1590","0","0","1590","1590","0","451648","2721","0","0","454369","454369"
"2020-05-02","port1137","Samarinda","Indonesia","IDN","1","3","0","0","1","4","5","1557","0","0","0","918","1557","2475","82","149569","0","0","738","149652","150390"
"2020-05-03","port1137","Samarinda","Indonesia","IDN","1","2","0","0","2","3","5","1771","0","0","0","2200","1771","3972","0","90649","0","0","389","90649","91039"
"2020-05-04","port1137","Samarinda","Indonesia","IDN","0","6","0","0","0","6","6","0","0","0","0","0","0","0","0","150064","0","0","0","150064","150064"
"2020-05-05","port1137","Samarinda","Indonesia","IDN","0","4","0","0","0","4","4","0","0","0","0","0","0","0","0","141654","0","0","0","141654","141654"
"2020-05-06","port1137","Samarinda","Indonesia","IDN","1","3","0","0","0","4","4","1843","0","0","0","0","1843","1843","0","155389","0","0","0","155389","155389"
"2020-05-07","port1137","Samarinda","Indonesia","IDN","1","3","1","0","0","5","5","0","0","60","0","0","60","60","0","181968","56","0","0","182024","182024"
"2020-05-08","port1137","Samarinda","Indonesia","IDN","1","3","0","1","1","5","6","1298","0","0","143","3340","1442","4782","188","176599","0","70","0","176857","176857"
"2020-05-09","port1137","Samarinda","Indonesia","IDN","0","5","3","0","0","8","8","0","0","1942","0","0","1942","1942","0","170988","2721","0","0","173710","173710"
"2020-05-10","port1137","Samarinda","Indonesia","IDN","2","5","0","0","0","7","7","2597","0","0","0","0","2597","2597","376","238552","0","0","0","238928","238928"
"2020-05-11","port1137","Samarinda","Indonesia","IDN","0","6","0","0","0","6","6","0","0","0","0","0","0","0","0","203376","0","0","0","203376","203376"
"2020-05-12","port1137","Samarinda","Indonesia","IDN","0","3","0","0","0","3","3","0","0","0","0","0","0","0","0","210727","0","0","0","210727","210727"
"2020-05-13","port1137","Samarinda","Indonesia","IDN","0","5","0","0","0","5","5","0","0","0","0","0","0","0","0","230328","0","0","0","230328","230328"
"2020-05-14","port1137","Samarinda","Indonesia","IDN","2","8","1","0","0","11","11","2856","0","795","0","0","3651","3651","270","262505","1360","0","0","264137","264137"
"2020-05-15","port1137","Samarinda","Indonesia","IDN","0","2","1","0","1","3","4","0","0","795","0","1207","795","2002","0","92670","1360","0","389","94031","94421"
"2020-05-16","port1137","Samarinda","Indonesia","IDN","1","9","0","0","1","10","11","1557","0","0","0","918","1557","2475","82","229844","0","0","738","229927","230665"
"2020-05-17","port1137","Samarinda","Indonesia","IDN","0","4","0","0","1","4","5","0","0","0","0","918","0","918","0","112047","0","0","738","112047","112785"
"2020-05-18","port1137","Samarinda","Indonesia","IDN","1","6","1","0","0","8","8","826","0","0","0","0","826","826","0","137938","274","0","0","138213","138213"
"2020-05-19","port1137","Samarinda","Indonesia","IDN","0","4","1","0","0","5","5","0","0","795","0","0","795","795","0","156943","1360","0","0","158304","158304"
"2020-05-20","port1137","Samarinda","Indonesia","IDN","1","5","0","0","0","6","6","0","0","0","0","0","0","0","0","196778","0","0","0","196778","196778"
"2020-05-21","port1137","Samarinda","Indonesia","IDN","1","4","0","0","1","5","6","1298","0","0","0","2126","1298","3424","188","105679","0","0","0","105867","105867"
"2020-05-22","port1137","Samarinda","Indonesia","IDN","0","7","0","0","0","7","7","0","0","0","0","0","0","0","0","227646","0","0","0","227646","227646"
"2020-05-23","port1137","Samarinda","Indonesia","IDN","0","3","1","0","0","4","4","0","0","0","0","0","0","0","0","122736","844","0","0","123580","123580"
"2020-05-24","port1137","Samarinda","Indonesia","IDN","0","6","0","0","0","6","6","0","0","0","0","0","0","0","0","200759","0","0","0","200759","200759"
"2020-05-25","port1137","Samarinda","Indonesia","IDN","0","4","0","0","0","4","4","0","0","0","0","0","0","0","0","100235","0","0","0","100235","100235"
"2020-05-26","port1137","Samarinda","Indonesia","IDN","3","4","0","0","2","7","9","2597","0","0","0","1519","2597","4116","2282","222061","0","0","738","224344","225082"
"2020-05-27","port1137","Samarinda","Indonesia","IDN","0","2","0","0","3","2","5","0","0","0","0","3537","0","3537","0","41224","0","0","1476","41224","42700"
"2020-05-28","port1137","Samarinda","Indonesia","IDN","0","9","0","0","0","9","9","0","0","0","0","0","0","0","0","346334","0","0","0","346334","346334"
"2020-05-29","port1137","Samarinda","Indonesia","IDN","0","2","0","0","0","2","2","0","0","0","0","0","0","0","0","113853","0","0","0","113853","113853"
"2020-05-30","port1137","Samarinda","Indonesia","IDN","0","4","0","0","1","4","5","0","0","0","0","0","0","0","0","92778","0","0","5877","92778","98655"
"2020-05-31","port1137","Samarinda","Indonesia","IDN","1","3","1","0","1","5","6","827","0","795","0","1207","1623","2830","0","135428","1360","0","389","136789","137179"
"2020-06-01","port1137","Samarinda","Indonesia","IDN","0","3","1","0","1","4","5","0","0","0","0","918","0","918","0","138085","708","0","738","138794","139532"
"2020-06-02","port1137","Samarinda","Indonesia","IDN","0","6","1","0","0","7","7","0","0","795","0","0","795","795","0","241331","1360","0","0","242692","242692"
"2020-06-03","port1137","Samarinda","Indonesia","IDN","2","3","0","0","1","5","6","2477","0","0","0","918","2477","3395","0","0","0","0","738","0","738"
"2020-06-04","port1137","Samarinda","Indonesia","IDN","0","4","0","0","0","4","4","0","0","0","0","0","0","0","0","179775","0","0","0","179775","179775"
"2020-06-05","port1137","Samarinda","Indonesia","IDN","0","5","1","0","0","6","6","0","0","4078","0","0","4078","4078","0","166853","0","0","0","166853","166853"
"2020-06-06","port1137","Samarinda","Indonesia","IDN","0","3","0","0","0","3","3","0","0","0","0","0","0","0","0","132801","0","0","0","132801","132801"
"2020-06-07","port1137","Samarinda","Indonesia","IDN","1","6","0","0","0","7","7","1298","0","0","0","0","1298","1298","188","206924","0","0","0","207112","207112"
"2020-06-08","port1137","Samarinda","Indonesia","IDN","1","2","0","0","2","3","5","0","0","0","0","1836","0","1836","411","41224","0","0","1476","41635","43111"
"2020-06-09","port1137","Samarinda","Indonesia","IDN","0","3","1","0","0","4","4","0","0","1956","0","0","1956","1956","0","150699","0","0","0","150699","150699"
"2020-06-10","port1137","Samarinda","Indonesia","IDN","1","2","0","0","1","3","4","1298","0","0","0","324","1298","1623","188","82448","0","0","0","82636","82636"
"2020-06-11","port1137","Samarinda","Indonesia","IDN","1","9","0","0","1","10","11","1298","0","0","0","1701","1298","2999","188","296590","0","0","0","296778","296778"
"2020-06-12","port1137","Samarinda","Indonesia","IDN","1","1","0","0","0","2","2","1298","0","0","0","0","1298","1298","188","53390","0","0","0","53578","53578"
"2020-06-13","port1137","Samarinda","Indonesia","IDN","1","4","0","0","0","5","5","1298","0","0","0","0","1298","1298","188","155475","0","0","0","155664","155664"
"2020-06-14","port1137","Samarinda","Indonesia","IDN","0","2","0","0","0","2","2","0","0","0","0","0","0","0","0","111105","0","0","0","111105","111105"
"2020-06-15","port1137","Samarinda","Indonesia","IDN","1","7","1","0","1","9","10","1298","0","0","0","3629","1298","4927","188","192240","653","0","0","193082","193082"
"2020-06-16","port1137","Samarinda","Indonesia","IDN","0","3","0","0","0","3","3","0","0","0","0","0","0","0","0","157089","0","0","0","157089","157089"
"2020-06-17","port1137","Samarinda","Indonesia","IDN","0","4","0","0","0","4","4","0","0","0","0","0","0","0","0","168365","0","0","0","168365","168365"
"2020-06-18","port1137","Samarinda","Indonesia","IDN","0","4","0","0","0","4","4","0","0","0","0","0","0","0","0","161205","0","0","0","161205","161205"
"2020-06-19","port1137","Samarinda","Indonesia","IDN","0","2","0","0","0","2","2","0","0","0","0","0","0","0","0","84422","0","0","0","84422","84422"
"2020-06-20","port1137","Samarinda","Indonesia","IDN","0","5","1","0","0","6","6","0","0","795","0","0","795","795","0","99365","1360","0","0","100726","100726"
"2020-06-21","port1137","Samarinda","Indonesia","IDN","0","3","0","0","0","3","3","0","0","0","0","0","0","0","0","82448","0","0","0","82448","82448"
"2020-06-22","port1137","Samarinda","Indonesia","IDN","0","6","1","0","0","7","7","0","0","795","0","0","795","795","0","241516","1360","0","0","242877","242877"
"2020-06-23","port1137","Samarinda","Indonesia","IDN","0","3","0","0","0","3","3","0","0","0","0","0","0","0","0","55183","0","0","0","55183","55183"
"2020-06-24","port1137","Samarinda","Indonesia","IDN","0","5","1","0","1","6","7","0","0","60","0","918","60","979","0","194421","56","0","738","194478","195216"
"2020-06-25","port1137","Samarinda","Indonesia","IDN","0","4","0","0","3","4","7","0","0","0","0","5466","0","5466","0","112713","0","0","1127","112713","113841"
"2020-06-26","port1137","Samarinda","Indonesia","IDN","0","6","0","0","0","6","6","0","0","0","0","0","0","0","0","220199","0","0","0","220199","220199"
"2020-06-27","port1137","Samarinda","Indonesia","IDN","2","4","0","0","0","6","6","3468","0","0","0","0","3468","3468","188","52577","0","0","0","52765","52765"
"2020-06-28","port1137","Samarinda","Indonesia","IDN","0","4","0","0","0","4","4","0","0","0","0","0","0","0","0","116134","0","0","0","116134","116134"
"2020-06-29","port1137","Samarinda","Indonesia","IDN","0","7","2","0","0","9","9","0","0","9593","0","0","9593","9593","0","305600","56","0","0","305656","305656"
"2020-06-30","port1137","Samarinda","Indonesia","IDN","1","2","0","0","0","3","3","1020","0","0","0","0","1020","1020","0","92349","0","0","0","92349","92349"
"2020-07-01","port1137","Samarinda","Indonesia","IDN","0","2","0","0","1","2","3","0","0","0","0","918","0","918","0","81320","0","0","738","81320","82059"
"2020-07-02","port1137","Samarinda","Indonesia","IDN","1","3","0","0","0","4","4","1298","0","0","0","0","1298","1298","188","155179","0","0","0","155367","155367"
"2020-07-03","port1137","Samarinda","Indonesia","IDN","1","4","0","0","1","5","6","613","0","0","0","918","613","1531","0","49361","0","0","738","49361","50099"
"2020-07-04","port1137","Samarinda","Indonesia","IDN","2","3","0","0","0","5","5","3459","0","0","0","0","3459","3459","188","74344","0","0","0","74532","74532"
"2020-07-05","port1137","Samarinda","Indonesia","IDN","0","4","0","0","1","4","5","0","0","0","0","918","0","918","0","180687","0","0","738","180687","181426"
"2020-07-06","port1137","Samarinda","Indonesia","IDN","1","4","0","0","0","5","5","2069","0","0","0","0","2069","2069","0","203174","0","0","0","203174","203174"
"2020-07-07","port1137","Samarinda","Indonesia","IDN","0","2","0","0","1","2","3","0","0","0","0","1207","0","1207","0","111132","0","0","389","111132","111522"
"2020-07-08","port1137","Samarinda","Indonesia","IDN","0","5","0","0","0","5","5","0","0","0","0","0","0","0","0","129825","0","0","0","129825","129825"
"2020-07-09","port1137","Samarinda","Indonesia","IDN","1","2","0","0","0","3","3","0","0","0","0","0","0","0","0","100259","0","0","0","100259","100259"
"2020-07-10","port1137","Samarinda","Indonesia","IDN","0","6","1","0","0","7","7","0","0","1017","0","0","1017","1017","0","308363","0","0","0","308363","308363"
"2020-07-11","port1137","Samarinda","Indonesia","IDN","1","2","0","0","1","3","4","2359","0","0","0","918","2359","3278","0","89902","0","0","738","89902","90640"
"2020-07-12","port1137","Samarinda","Indonesia","IDN","0","9","0","0","1","9","10","0","0","0","0","2635","0","2635","0","242572","0","0","3412","242572","245984"
"2020-07-13","port1137","Samarinda","Indonesia","IDN","0","3","0","0","1","3","4","0","0","0","0","918","0","918","0","60964","0","0","738","60964","61702"
"2020-07-14","port1137","Samarinda","Indonesia","IDN","0","3","0","0","0","3","3","0","0","0","0","0","0","0","0","91514","0","0","0","91514","91514"
"2020-07-15","port1137","Samarinda","Indonesia","IDN","0","4","0","0","1","4","5","0","0","0","0","0","0","0","0","0","0","0","0","0","0"
"2020-07-16","port1137","Samarinda","Indonesia","IDN","0","6","0","0","1","6","7","0","0","0","0","918","0","918","0","222252","0","0","738","222252","222990"
"2020-07-17","port1137","Samarinda","Indonesia","IDN","0","3","0","0","1","3","4","0","0","0","0","1207","0","1207","0","41224","0","0","389","41224","41614"
"2020-07-18","port1137","Samarinda","Indonesia","IDN","1","4","0","0","0","5","5","1298","0","0","0","0","1298","1298","188","67508","0","0","0","67697","67697"
"2020-07-19","port1137","Samarinda","Indonesia","IDN","0","4","1","1","1","6","7","0","0","795","143","1701","938","2639","0","151999","1360","70","0","153430","153430"
"2020-07-20","port1137","Samarinda","Indonesia","IDN","2","2","1","0","0","5","5","2124","0","1692","0","0","3816","3816","188","153635","0","0","0","153823","153823"
"2020-07-21","port1137","Samarinda","Indonesia","IDN","0","4","1","0","0","5","5","0","0","16325","0","0","16325","16325","0","41224","0","0","0","41224","41224"
"2020-07-22","port1137","Samarinda","Indonesia","IDN","0","2","1","0","1","3","4","0","0","795","0","918","795","1713","0","76748","1360","0","738","78109","78847"
"2020-07-23","port1137","Samarinda","Indonesia","IDN","1","5","0","0","0","6","6","0","0","0","0","0","0","0","0","205063","0","0","0","205063","205063"
"2020-07-24","port1137","Samarinda","Indonesia","IDN","0","3","0","0","0","3","3","0","0","0","0","0","0","0","0","123672","0","0","0","123672","123672"
"2020-07-25","port1137","Samarinda","Indonesia","IDN","0","7","0","0","0","7","7","0","0","0","0","0","0","0","0","180156","0","0","0","180156","180156"
"2020-07-26","port1137","Samarinda","Indonesia","IDN","1","4","0","0","0","5","5","1298","0","0","0","0","1298","1298","188","114639","0","0","0","114827","114827"
"2020-07-27","port1137","Samarinda","Indonesia","IDN","0","6","0","0","0","6","6","0","0","0","0","0","0","0","0","176939","0","0","0","176939","176939"
"2020-07-28","port1137","Samarinda","Indonesia","IDN","1","3","0","0","1","4","5","4162","0","0","0","918","4162","5080","0","103595","0","0","738","103595","104333"
"2020-07-29","port1137","Samarinda","Indonesia","IDN","0","4","0","0","0","4","4","0","0","0","0","0","0","0","0","128975","0","0","0","128975","128975"
"2020-07-30","port1137","Samarinda","Indonesia","IDN","1","2","1","0","0","4","4","1298","0","795","0","0","2093","2093","188","82448","1360","0","0","83997","83997"
"2020-07-31","port1137","Samarinda","Indonesia","IDN","0","6","0","0","0","6","6","0","0","0","0","0","0","0","0","270899","0","0","0","270899","270899"
"2020-08-01","port1137","Samarinda","Indonesia","IDN","0","5","0","0","1","5","6","0","0","0","0","530","0","530","0","198572","0","0","0","198572","198572"
"2020-08-02","port1137","Samarinda","Indonesia","IDN","2","0","0","0","1","2","3","2477","0","0","0","2635","2477","5112","188","0","0","0","3412","188","3600"
"2020-08-03","port1137","Samarinda","Indonesia","IDN","1","7","0","0","0","8","8","1298","0","0","0","0","1298","1298","188","275945","0","0","0","276133","276133"
"2020-08-04","port1137","Samarinda","Indonesia","IDN","1","2","0","0","0","3","3","1557","0","0","0","0","1557","1557","82","82132","0","0","0","82215","82215"
"2020-08-05","port1137","Samarinda","Indonesia","IDN","1","3","0","0","1","4","5","1298","0","0","0","918","1298","2217","188","75967","0","0","738","76155","76893"
"2020-08-06","port1137","Samarinda","Indonesia","IDN","1","2","0","0","0","3","3","0","0","0","0","0","0","0","0","85386","0","0","0","85386","85386"
"2020-08-07","port1137","Samarinda","Indonesia","IDN","0","6","0","0","0","6","6","0","0","0","0","0","0","0","0","153628","0","0","0","153628","153628"
"2020-08-08","port1137","Samarinda","Indonesia","IDN","0","1","0","0","1","1","2","0","0","0","0","1207","0","1207","0","41224","0","0","389","41224","41614"
"2020-08-09","port1137","Samarinda","Indonesia","IDN","1","4","1","0","0","6","6","3538","0","795","0","0","4333","4333","0","241224","1360","0","0","242585","242585"
"2020-08-10","port1137","Samarinda","Indonesia","IDN","1","8","2","0","0","11","11","1033","0","1188","0","0","2222","2222","0","279706","710","0","0","280416","280416"
"2020-08-11","port1137","Samarinda","Indonesia","IDN","1","2","0","0","0","3","3","2462","0","0","0","0","2462","2462","0","41224","0","0","0","41224","41224"
"2020-08-12","port1137","Samarinda","Indonesia","IDN","0","1","0","0","0","1","1","0","0","0","0","0","0","0","0","1085","0","0","0","1085","1085"
"2020-08-13","port1137","Samarinda","Indonesia","IDN","0","5","0","0","1","5","6","0","0","0","0","918","0","918","0","217083","0","0","738","217083","217822"
"2020-08-14","port1137","Samarinda","Indonesia","IDN","0","8","0","0","0","8","8","0","0","0","0","0","0","0","0","244652","0","0","0","244652","244652"
"2020-08-15","port1137","Samarinda","Indonesia","IDN","0","2","0","0","1","2","3","0","0","0","0","918","0","918","0","0","0","0","738","0","738"
"2020-08-16","port1137","Samarinda","Indonesia","IDN","1","5","1","0","0","7","7","1298","0","598","0","0","1896","1896","188","255544","0","0","0","255732","255732"
"2020-08-17","port1137","Samarinda","Indonesia","IDN","0","5","0","0","0","5","5","0","0","0","0","0","0","0","0","242612","0","0","0","242612","242612"
"2020-08-18","port1137","Samarinda","Indonesia","IDN","1","7","0","0","0","8","8","1020","0","0","0","0","1020","1020","0","155530","0","0","0","155530","155530"
"2020-08-19","port1137","Samarinda","Indonesia","IDN","1","2","1","0","1","4","5","2069","0","60","0","530","2129","2659","0","122754","56","0","0","122810","122810"
"2020-08-20","port1137","Samarinda","Indonesia","IDN","0","1","0","0","1","1","2","0","0","0","0","918","0","918","0","41224","0","0","738","41224","41962"
"2020-08-21","port1137","Samarinda","Indonesia","IDN","1","3","0","0","1","4","5","1298","0","0","0","918","1298","2217","188","97185","0","0","738","97373","98112"
"2020-08-22","port1137","Samarinda","Indonesia","IDN","1","4","0","0","0","5","5","1298","0","0","0","0","1298","1298","188","137568","0","0","0","137757","137757"
"2020-08-23","port1137","Samarinda","Indonesia","IDN","1","6","1","0","0","8","8","1298","0","795","0","0","2093","2093","188","301699","1360","0","0","303248","303248"
"2020-08-24","port1137","Samarinda","Indonesia","IDN","1","4","0","0","0","5","5","1298","0","0","0","0","1298","1298","188","182908","0","0","0","183096","183096"
"2020-08-25","port1137","Samarinda","Indonesia","IDN","0","3","1","0","2","4","6","0","0","0","0","1836","0","1836","0","144884","3130","0","1476","148015","149492"
"2020-08-26","port1137","Samarinda","Indonesia","IDN","0","3","1","0","1","4","5","0","0","795","0","0","795","795","0","54649","1360","0","0","56010","56010"
"2020-08-27","port1137","Samarinda","Indonesia","IDN","0","5","1","0","0","6","6","0","0","795","0","0","795","795","0","298012","1360","0","0","299373","299373"
"2020-08-28","port1137","Samarinda","Indonesia","IDN","1","3","0","0","0","4","4","1298","0","0","0","0","1298","1298","188","116181","0","0","0","116369","116369"
"2020-08-29","port1137","Samarinda","Indonesia","IDN","0","11","0","0","1","11","12","0","0","0","0","1207","0","1207","0","369197","0","0","389","369197","369587"
"2020-08-30","port1137","Samarinda","Indonesia","IDN","1","4","0","0","0","5","5","1298","0","0","0","0","1298","1298","188","82448","0","0","0","82636","82636"
"2020-08-31","port1137","Samarinda","Indonesia","IDN","1","1","1","0","0","3","3","1864","0","677","0","0","2541","2541","0","0","0","0","0","0","0"
"2020-09-01","port1137","Samarinda","Indonesia","IDN","0","4","0","0","0","4","4","0","0","0","0","0","0","0","0","69939","0","0","0","69939","69939"
"2020-09-02","port1137","Samarinda","Indonesia","IDN","0","3","1","0","0","4","4","0","0","60","0","0","60","60","0","182009","56","0","0","182066","182066"
"2020-09-03","port1137","Samarinda","Indonesia","IDN","0","3","0","0","1","3","4","0","0","0","0","918","0","918","0","112910","0","0","738","112910","113648"
"2020-09-04","port1137","Samarinda","Indonesia","IDN","0","3","0","0","0","3","3","0","0","0","0","0","0","0","0","125677","0","0","0","125677","125677"
"2020-09-05","port1137","Samarinda","Indonesia","IDN","0","2","0","0","0","2","2","0","0","0","0","0","0","0","0","82448","0","0","0","82448","82448"
"2020-09-06","port1137","Samarinda","Indonesia","IDN","1","4","0","0","0","5","5","2364","0","0","0","0","2364","2364","0","220199","0","0","0","220199","220199"
"2020-09-07","port1137","Samarinda","Indonesia","IDN","1","7","1","0","1","9","10","1452","0","0","0","1207","1452","2660","0","269899","3130","0","389","273030","273420"
"2020-09-08","port1137","Samarinda","Indonesia","IDN","0","3","0","0","0","3","3","0","0","0","0","0","0","0","0","123405","0","0","0","123405","123405"
"2020-09-09","port1137","Samarinda","Indonesia","IDN","0","3","0","0","0","3","3","0","0","0","0","0","0","0","0","41224","0","0","0","41224","41224"
"2020-09-10","port1137","Samarinda","Indonesia","IDN","1","1","1","1","0","4","4","0","0","1706","892","0","2599","2599","0","0","0","1833","0","1833","1833"
"2020-09-11","port1137","Samarinda","Indonesia","IDN","0","1","0","0","0","1","1","0","0","0","0","0","0","0","0","0","0","0","0","0","0"
"2020-09-12","port1137","Samarinda","Indonesia","IDN","0","3","0","0","0","3","3","0","0","0","0","0","0","0","0","137880","0","0","0","137880","137880"
"2020-09-13","port1137","Samarinda","Indonesia","IDN","1","4","1","0","0","6","6","1298","0","795","0","0","2093","2093","188","123987","1360","0","0","125536","125536"
"2020-09-14","port1137","Samarinda","Indonesia","IDN","1","7","0","0","0","8","8","1298","0","0","0","0","1298","1298","188","256427","0","0","0","256615","256615"
"2020-09-15","port1137","Samarinda","Indonesia","IDN","0","4","0","0","0","4","4","0","0","0","0","0","0","0","0","125239","0","0","0","125239","125239"
"2020-09-16","port1137","Samarinda","Indonesia","IDN","0","3","0","0","0","3","3","0","0","0","0","0","0","0","0","174333","0","0","0","174333","174333"
"2020-09-17","port1137","Samarinda","Indonesia","IDN","1","6","1","0","0","8","8","0","0","795","0","0","795","795","0","144551","1360","0","0","145912","145912"
"2020-09-18","port1137","Samarinda","Indonesia","IDN","2","6","0","0","0","8","8","2597","0","0","0","0","2597","2597","376","252995","0","0","0","253371","253371"
"2020-09-19","port1137","Samarinda","Indonesia","IDN","0","2","1","0","0","3","3","0","0","795","0","0","795","795","0","93450","1360","0","0","94811","94811"
"2020-09-20","port1137","Samarinda","Indonesia","IDN","0","4","0","0","0","4","4","0","0","0","0","0","0","0","0","154170","0","0","0","154170","154170"
"2020-09-21","port1137","Samarinda","Indonesia","IDN","0","3","2","0","0","5","5","0","0","1590","0","0","1590","1590","0","0","2721","0","0","2721","2721"
"2020-09-22","port1137","Samarinda","Indonesia","IDN","0","5","0","0","1","5","6","0","0","0","0","1207","0","1207","0","253904","0","0","389","253904","254294"
"2020-09-23","port1137","Samarinda","Indonesia","IDN","0","2","0","0","0","2","2","0","0","0","0","0","0","0","0","99168","0","0","0","99168","99168"
"2020-09-24","port1137","Samarinda","Indonesia","IDN","1","3","2","0","0","6","6","0","0","1590","0","0","1590","1590","0","146315","2721","0","0","149036","149036"
"2020-09-25","port1137","Samarinda","Indonesia","IDN","0","6","0","0","0","6","6","0","0","0","0","0","0","0","0","140453","0","0","0","140453","140453"
"2020-09-26","port1137","Samarinda","Indonesia","IDN","1","3","0","0","0","4","4","1298","0","0","0","0","1298","1298","188","109079","0","0","0","109267","109267"
"2020-09-27","port1137","Samarinda","Indonesia","IDN","0","2","0","0","0","2","2","0","0","0","0","0","0","0","0","41224","0","0","0","41224","41224"
"2020-09-28","port1137","Samarinda","Indonesia","IDN","0","7","1","1","0","9","9","0","0","0","0","0","0","0","0","281379","1288","0","0","282667","282667"
"2020-09-29","port1137","Samarinda","Indonesia","IDN","1","8","0","0","0","9","9","0","0","0","0","0","0","0","1253","313228","0","0","0","314481","314481"
"2020-09-30","port1137","Samarinda","Indonesia","IDN","0","0","0","0","0","0","0","0","0","0","0","0","0","0","0","0","0","0","0","0","0"
"2020-10-01","port1137","Samarinda","Indonesia","IDN","1","6","0","0","1","7","8","0","0","0","0","918","0","918","0","244229","0","0","738","244229","244967"
"2020-10-02","port1137","Samarinda","Indonesia","IDN","0","2","1","0","0","3","3","0","0","795","0","0","795","795","0","113317","1360","0","0","114678","114678"
"2020-10-03","port1137","Samarinda","Indonesia","IDN","1","3","1","0","2","5","7","1425","0","795","0","4255","2221","6476","0","102218","1360","0","3435","103579","107015"
"2020-10-04","port1137","Samarinda","Indonesia","IDN","0","4","0","0","0","4","4","0","0","0","0","0","0","0","0","119994","0","0","0","119994","119994"
"2020-10-05","port1137","Samarinda","Indonesia","IDN","0","2","0","0","0","2","2","0","0","0","0","0","0","0","0","48271","0","0","0","48271","48271"
"2020-10-06","port1137","Samarinda","Indonesia","IDN","0","5","0","0","1","5","6","0","0","0","0","918","0","918","0","181674","0","0","738","181674","182412"
"2020-10-07","port1137","Samarinda","Indonesia","IDN","0","5","0","0","0","5","5","0","0","0","0","0","0","0","0","54277","0","0","0","54277","54277"
"2020-10-08","port1137","Samarinda","Indonesia","IDN","0","5","0","0","0","5","5","0","0","0","0","0","0","0","0","152532","0","0","0","152532","152532"
"2020-10-09","port1137","Samarinda","Indonesia","IDN","2","7","1","0","1","10","11","1031","0","795","0","0","1826","1826","0","327699","1360","0","0","329060","329060"
"2020-10-10","port1137","Samarinda","Indonesia","IDN","0","2","1","0","0","3","3","0","0","795","0","0","795","795","0","83384","1360","0","0","84745","84745"
"2020-10-11","port1137","Samarinda","Indonesia","IDN","1","4","0","0","0","5","5","2499","0","0","0","0","2499","2499","0","161396","0","0","0","161396","161396"
"2020-10-12","port1137","Samarinda","Indonesia","IDN","1","3","0","0","0","4","4","205","0","0","0","0","205","205","0","123506","0","0","0","123506","123506"
"2020-10-13","port1137","Samarinda","Indonesia","IDN","0","4","0","0","2","4","6","0","0","0","0","918","0","918","0","45493","0","0","738","45493","46231"
"2020-10-14","port1137","Samarinda","Indonesia","IDN","1","9","0","0","2","10","12","1223","0","0","0","3553","1223","4777","0","276328","0","0","4151","276328","280479"
"2020-10-15","port1137","Samarinda","Indonesia","IDN","2","3","1","0","0","6","6","1298","0","0","0","0","1298","1298","188","150430","0","0","0","150618","150618"
"2020-10-16","port1137","Samarinda","Indonesia","IDN","3","6","0","0","0","9","9","3896","0","0","0","0","3896","3896","564","123672","0","0","0","124237","124237"
"2020-10-17","port1137","Samarinda","Indonesia","IDN","0","6","0","0","1","6","7","0","0","0","0","993","0","993","0","264615","0","0","0","264615","264615"
"2020-10-18","port1137","Samarinda","Indonesia","IDN","0","6","0","0","0","6","6","0","0","0","0","0","0","0","0","142164","0","0","0","142164","142164"
"2020-10-19","port1137","Samarinda","Indonesia","IDN","1","6","0","0","1","7","8","411","0","0","0","0","411","411","0","200847","0","0","0","200847","200847"
"2020-10-20","port1137","Samarinda","Indonesia","IDN","0","5","0","0","1","5","6","0","0","0","0","918","0","918","0","98276","0","0","738","98276","99015"
"2020-10-21","port1137","Samarinda","Indonesia","IDN","0","8","0","0","2","8","10","0","0","0","0","2125","0","2125","0","244174","0","0","1127","244174","245302"
"2020-10-22","port1137","Samarinda","Indonesia","IDN","1","10","0","0","0","11","11","1298","0","0","0","0","1298","1298","188","425818","0","0","0","426006","426006"
"2020-10-23","port1137","Samarinda","Indonesia","IDN","0","2","0","0","1","2","3","0","0","0","0","918","0","918","0","94648","0","0","738","94648","95386"
"2020-10-24","port1137","Samarinda","Indonesia","IDN","0","2","0","0","0","2","2","0","0","0","0","0","0","0","0","82448","0","0","0","82448","82448"
"2020-10-25","port1137","Samarinda","Indonesia","IDN","0","3","0","0","0","3","3","0","0","0","0","0","0","0","0","141184","0","0","0","141184","141184"
"2020-10-26","port1137","Samarinda","Indonesia","IDN","0","8","1","0","0","9","9","0","0","0","0","0","0","0","0","309814","17711","0","0","327525","327525"
"2020-10-27","port1137","Samarinda","Indonesia","IDN","0","7","0","0","0","7","7","0","0","0","0","0","0","0","0","148917","0","0","0","148917","148917"
"2020-10-28","port1137","Samarinda","Indonesia","IDN","0","6","1","0","0","7","7","0","0","0","0","0","0","0","0","273517","6505","0","0","280023","280023"
"2020-10-29","port1137","Samarinda","Indonesia","IDN","2","6","0","0","0","8","8","2958","0","0","0","0","2958","2958","188","249499","0","0","0","249687","249687"
"2020-10-30","port1137","Samarinda","Indonesia","IDN","1","4","1","0","1","6","7","1298","0","795","0","918","2093","3012","188","120264","1360","0","738","121813","122551"
"2020-10-31","port1137","Samarinda","Indonesia","IDN","0","2","0","0","1","2","3","0","0","0","0","918","0","918","0","42309","0","0","738","42309","43047"
"2020-11-01","port1137","Samarinda","Indonesia","IDN","0","3","0","0","2","3","5","0","0","0","0","0","0","0","0","129990","0","0","44092","129990","174082"
"2020-11-02","port1137","Samarinda","Indonesia","IDN","0","11","0","0","0","11","11","0","0","0","0","0","0","0","0","382020","0","0","0","382020","382020"
"2020-11-03","port1137","Samarinda","Indonesia","IDN","0","8","1","0","0","9","9","0","0","0","0","0","0","0","0","357425","11291","0","0","368716","368716"
"2020-11-04","port1137","Samarinda","Indonesia","IDN","2","6","2","0","0","10","10","1917","0","795","0","0","2712","2712","188","194488","3149","0","0","197826","197826"
"2020-11-05","port1137","Samarinda","Indonesia","IDN","0","5","0","0","0","5","5","0","0","0","0","0","0","0","0","199278","0","0","0","199278","199278"
"2020-11-06","port1137","Samarinda","Indonesia","IDN","1","2","0","0","0","3","3","1298","0","0","0","0","1298","1298","188","97260","0","0","0","97448","97448"
"2020-11-07","port1137","Samarinda","Indonesia","IDN","1","5","0","0","3","6","9","1372","0","0","0","24156","1372","25528","0","209868","0","0","1388","209868","211256"
"2020-11-08","port1137","Samarinda","Indonesia","IDN","1","4","1","0","0","6","6","0","0","795","0","0","795","795","411","91532","1360","0","0","93305","93305"
"2020-11-09","port1137","Samarinda","Indonesia","IDN","1","7","0","0","0","8","8","2254","0","0","0","0","2254","2254","0","276583","0","0","0","276583","276583"
"2020-11-10","port1137","Samarinda","Indonesia","IDN","1","7","0","0","0","8","8","1238","0","0","0","0","1238","1238","0","373162","0","0","0","373162","373162"
"2020-11-11","port1137","Samarinda","Indonesia","IDN","1","7","0","0","0","8","8","1437","0","0","0","0","1437","1437","0","176138","0","0","0","176138","176138"
"2020-11-12","port1137","Samarinda","Indonesia","IDN","1","7","0","0","0","8","8","1298","0","0","0","0","1298","1298","188","173013","0","0","0","173201","173201"
"2020-11-13","port1137","Samarinda","Indonesia","IDN","0","2","0","0","1","2","3","0","0","0","0","0","0","0","0","82849","0","0","1639","82849","84488"
"2020-11-14","port1137","Samarinda","Indonesia","IDN","1","6","0","0","1","7","8","3339","0","0","0","0","3339","3339","0","202215","0","0","1027","202215","203243"
"2020-11-15","port1137","Samarinda","Indonesia","IDN","0","5","0","0","0","5","5","0","0","0","0","0","0","0","0","193590","0","0","0","193590","193590"
"2020-11-16","port1137","Samarinda","Indonesia","IDN","0","9","1","0","0","10","10","0","0","795","0","0","795","795","0","269026","1360","0","0","270387","270387"
"2020-11-17","port1137","Samarinda","Indonesia","IDN","1","6","0","0","0","7","7","1837","0","0","0","0","1837","1837","0","234409","0","0","0","234409","234409"
"2020-11-18","port1137","Samarinda","Indonesia","IDN","0","5","0","0","0","5","5","0","0","0","0","0","0","0","0","82664","0","0","0","82664","82664"
"2020-11-19","port1137","Samarinda","Indonesia","IDN","2","4","0","0","0","6","6","1258","0","0","0","0","1258","1258","0","82448","0","0","0","82448","82448"
"2020-11-20","port1137","Samarinda","Indonesia","IDN","0","4","0","0","0","4","4","0","0","0","0","0","0","0","0","210448","0","0","0","210448","210448"
"2020-11-21","port1137","Samarinda","Indonesia","IDN","2","1","0","0","0","3","3","3226","0","0","0","0","3226","3226","0","1085","0","0","0","1085","1085"
"2020-11-22","port1137","Samarinda","Indonesia","IDN","0","5","0","0","0","5","5","0","0","0","0","0","0","0","0","136736","0","0","0","136736","136736"
"2020-11-23","port1137","Samarinda","Indonesia","IDN","0","8","0","0","0","8","8","0","0","0","0","0","0","0","0","208626","0","0","0","208626","208626"
"2020-11-24","port1137","Samarinda","Indonesia","IDN","1","3","0","0","0","4","4","1298","0","0","0","0","1298","1298","188","85191","0","0","0","85379","85379"
"2020-11-25","port1137","Samarinda","Indonesia","IDN","0","2","0","0","0","2","2","0","0","0","0","0","0","0","0","42309","0","0","0","42309","42309"
"2020-11-26","port1137","Samarinda","Indonesia","IDN","0","3","0","0","0","3","3","0","0","0","0","0","0","0","0","82448","0","0","0","82448","82448"
"2020-11-27","port1137","Samarinda","Indonesia","IDN","0","3","0","0","0","3","3","0","0","0","0","0","0","0","0","112204","0","0","0","112204","112204"
"2020-11-28","port1137","Samarinda","Indonesia","IDN","1","3","0","0","0","4","4","3339","0","0","0","0","3339","3339","0","133763","0","0","0","133763","133763"
"2020-11-29","port1137","Samarinda","Indonesia","IDN","1","3","0","0","0","4","4","1298","0","0","0","0","1298","1298","188","42952","0","0","0","43140","43140"
"2020-11-30","port1137","Samarinda","Indonesia","IDN","1","10","0","0","0","11","11","1446","0","0","0","0","1446","1446","0","384356","0","0","0","384356","384356"
"2020-12-01","port1137","Samarinda","Indonesia","IDN","0","8","0","0","0","8","8","0","0","0","0","0","0","0","0","351369","0","0","0","351369","351369"
"2020-12-02","port1137","Samarinda","Indonesia","IDN","1","3","1","0","0","5","5","1298","0","0","0","0","1298","1298","188","113962","0","0","0","114150","114150"
"2020-12-03","port1137","Samarinda","Indonesia","IDN","0","4","0","0","0","4","4","0","0","0","0","0","0","0","0","132036","0","0","0","132036","132036"
"2020-12-04","port1137","Samarinda","Indonesia","IDN","0","8","0","0","0","8","8","0","0","0","0","0","0","0","0","341704","0","0","0","341704","341704"
"2020-12-05","port1137","Samarinda","Indonesia","IDN","1","5","0","0","0","6","6","1762","0","0","0","0","1762","1762","0","158523","0","0","0","158523","158523"
"2020-12-06","port1137","Samarinda","Indonesia","IDN","0","2","0","0","0","2","2","0","0","0","0","0","0","0","0","54342","0","0","0","54342","54342"
"2020-12-07","port1137","Samarinda","Indonesia","IDN","1","5","0","0","1","6","7","204","0","0","0","1207","204","1412","0","182057","0","0","389","182057","182447"
"2020-12-08","port1137","Samarinda","Indonesia","IDN","0","10","0","0","0","10","10","0","0","0","0","0","0","0","0","320653","0","0","0","320653","320653"
"2020-12-09","port1137","Samarinda","Indonesia","IDN","1","2","0","0","0","3","3","620","0","0","0","0","620","620","0","71594","0","0","0","71594","71594"
"2020-12-10","port1137","Samarinda","Indonesia","IDN","0","5","1","0","0","6","6","0","0","0","0","0","0","0","0","284819","3281","0","0","288100","288100"
"2020-12-11","port1137","Samarinda","Indonesia","IDN","0","5","1","0","0","6","6","0","0","0","0","0","0","0","0","161102","11001","0","0","172104","172104"
"2020-12-12","port1137","Samarinda","Indonesia","IDN","1","5","1","0","1","7","8","0","0","795","0","918","795","1713","1372","259461","1360","0","738","262194","262932"
"2020-12-13","port1137","Samarinda","Indonesia","IDN","0","3","0","0","0","3","3","0","0","0","0","0","0","0","0","158226","0","0","0","158226","158226"
"2020-12-14","port1137","Samarinda","Indonesia","IDN","0","4","1","0","1","5","6","0","0","0","0","22030","0","22030","0","126952","0","0","260","126952","127212"
"2020-12-15","port1137","Samarinda","Indonesia","IDN","0","5","0","0","0","5","5","0","0","0","0","0","0","0","0","123672","0","0","0","123672","123672"
"2020-12-16","port1137","Samarinda","Indonesia","IDN","0","5","1","0","0","6","6","0","0","2712","0","0","2712","2712","0","232764","0","0","0","232764","232764"
"2020-12-17","port1137","Samarinda","Indonesia","IDN","0","5","2","0","1","7","8","0","0","489","0","22030","489","22520","0","108919","3731","0","260","112650","112911"
"2020-12-18","port1137","Samarinda","Indonesia","IDN","1","3","1","0","0","5","5","0","0","0","0","0","0","0","0","103473","2974","0","0","106448","106448"
"2020-12-19","port1137","Samarinda","Indonesia","IDN","1","3","0","0","0","4","4","0","0","0","0","0","0","0","207","96506","0","0","0","96713","96713"
"2020-12-20","port1137","Samarinda","Indonesia","IDN","1","5","0","0","1","6","7","1298","0","0","0","22030","1298","23329","188","262562","0","0","260","262751","263011"
"2020-12-21","port1137","Samarinda","Indonesia","IDN","0","8","0","0","0","8","8","0","0","0","0","0","0","0","0","315563","0","0","0","315563","315563"
"2020-12-22","port1137","Samarinda","Indonesia","IDN","0","6","0","0","0","6","6","0","0","0","0","0","0","0","0","242863","0","0","0","242863","242863"
"2020-12-23","port1137","Samarinda","Indonesia","IDN","0","3","1","0","2","4","6","0","0","2743","0","22949","2743","25692","0","146812","0","0","998","146812","147811"
"2020-12-24","port1137","Samarinda","Indonesia","IDN","1","4","1","0","0","6","6","207","0","0","0","0","207","207","0","82448","0","0","0","82448","82448"
"2020-12-25","port1137","Samarinda","Indonesia","IDN","0","3","1","0","0","4","4","0","0","60","0","0","60","60","0","135634","56","0","0","135691","135691"
"2020-12-26","port1137","Samarinda","Indonesia","IDN","0","8","0","0","0","8","8","0","0","0","0","0","0","0","0","274142","0","0","0","274142","274142"
"2020-12-27","port1137","Samarinda","Indonesia","IDN","0","6","0","0","0","6","6","0","0","0","0","0","0","0","0","286206","0","0","0","286206","286206"
"2020-12-28","port1137","Samarinda","Indonesia","IDN","1","7","0","0","0","8","8","2273","0","0","0","0","2273","2273","0","344107","0","0","0","344107","344107"
"2020-12-29","port1137","Samarinda","Indonesia","IDN","1","5","0","0","0","6","6","621","0","0","0","0","621","621","0","206121","0","0","0","206121","206121"
"2020-12-30","port1137","Samarinda","Indonesia","IDN","0","9","0","0","0","9","9","0","0","0","0","0","0","0","0","255542","0","0","0","255542","255542"
"2020-12-31","port1137","Samarinda","Indonesia","IDN","0","5","0","0","1","5","6","0","0","0","0","1207","0","1207","0","155575","0","0","389","155575","155965"
"2021-01-01","port1137","Samarinda","Indonesia","IDN","0","4","1","0","0","5","5","0","0","795","0","0","795","795","0","136433","1360","0","0","137794","137794"
"2021-01-02","port1137","Samarinda","Indonesia","IDN","0","5","1","0","0","6","6","0","0","795","0","0","795","795","0","150893","1360","0","0","152254","152254"
"2021-01-03","port1137","Samarinda","Indonesia","IDN","0","4","0","0","0","4","4","0","0","0","0","0","0","0","0","82448","0","0","0","82448","82448"
"2021-01-04","port1137","Samarinda","Indonesia","IDN","0","6","0","0","0","6","6","0","0","0","0","0","0","0","0","132296","0","0","0","132296","132296"
"2021-01-05","port1137","Samarinda","Indonesia","IDN","0","3","1","0","0","4","4","0","0","0","0","0","0","0","0","66694","0","0","0","66694","66694"
"2021-01-06","port1137","Samarinda","Indonesia","IDN","1","6","0","0","0","7","7","0","0","0","0","0","0","0","822","192111","0","0","0","192934","192934"
"2021-01-07","port1137","Samarinda","Indonesia","IDN","0","3","1","0","0","4","4","0","0","0","0","0","0","0","0","82448","8767","0","0","91215","91215"
"2021-01-08","port1137","Samarinda","Indonesia","IDN","0","6","0","0","0","6","6","0","0","0","0","0","0","0","0","343416","0","0","0","343416","343416"
"2021-04-14","port1137","Samarinda","Indonesia","IDN","1","7","0","0","0","8","8","1864","0","0","0","0","1864","1864","0","256517","0","0","0","256517","256517"
"2021-01-09","port1137","Samarinda","Indonesia","IDN","1","3","0","0","0","4","4","0","0","0","0","0","0","0","829","113210","0","0","0","114040","114040"
"2021-01-10","port1137","Samarinda","Indonesia","IDN","2","7","1","0","0","10","10","2597","0","170","0","0","2767","2767","376","196408","0","0","0","196784","196784"
"2021-01-11","port1137","Samarinda","Indonesia","IDN","1","5","2","0","0","8","8","1298","0","795","0","0","2093","2093","188","143553","1360","0","0","145102","145102"
"2021-01-12","port1137","Samarinda","Indonesia","IDN","0","5","0","0","0","5","5","0","0","0","0","0","0","0","0","172189","0","0","0","172189","172189"
"2021-01-13","port1137","Samarinda","Indonesia","IDN","0","3","0","0","0","3","3","0","0","0","0","0","0","0","0","172611","0","0","0","172611","172611"
"2021-01-14","port1137","Samarinda","Indonesia","IDN","0","6","1","0","0","7","7","0","0","795","0","0","795","795","0","96817","1360","0","0","98178","98178"
"2021-01-15","port1137","Samarinda","Indonesia","IDN","2","8","0","0","0","10","10","6421","0","0","0","0","6421","6421","0","336260","0","0","0","336260","336260"
"2021-01-16","port1137","Samarinda","Indonesia","IDN","0","8","0","0","0","8","8","0","0","0","0","0","0","0","0","229732","0","0","0","229732","229732"
"2021-01-17","port1137","Samarinda","Indonesia","IDN","0","5","0","0","0","5","5","0","0","0","0","0","0","0","0","279577","0","0","0","279577","279577"
"2021-01-18","port1137","Samarinda","Indonesia","IDN","1","6","2","0","0","9","9","1298","0","1051","0","0","2349","2349","188","277570","0","0","0","277758","277758"
"2021-01-19","port1137","Samarinda","Indonesia","IDN","0","6","0","0","0","6","6","0","0","0","0","0","0","0","0","222357","0","0","0","222357","222357"
"2021-01-20","port1137","Samarinda","Indonesia","IDN","1","3","0","0","0","4","4","415","0","0","0","0","415","415","0","82448","0","0","0","82448","82448"
"2021-01-21","port1137","Samarinda","Indonesia","IDN","1","3","1","0","1","5","6","0","0","795","0","918","795","1713","207","159367","1360","0","738","160936","161674"
"2021-01-22","port1137","Samarinda","Indonesia","IDN","1","3","0","0","0","4","4","832","0","0","0","0","832","832","0","148872","0","0","0","148872","148872"
"2021-01-23","port1137","Samarinda","Indonesia","IDN","0","7","0","0","0","7","7","0","0","0","0","0","0","0","0","259540","0","0","0","259540","259540"
"2021-01-24","port1137","Samarinda","Indonesia","IDN","1","5","0","0","0","6","6","1298","0","0","0","0","1298","1298","188","201667","0","0","0","201855","201855"
"2021-01-25","port1137","Samarinda","Indonesia","IDN","0","12","1","0","0","13","13","0","0","0","0","0","0","0","0","431184","0","0","0","431184","431184"
"2021-01-26","port1137","Samarinda","Indonesia","IDN","0","6","0","0","0","6","6","0","0","0","0","0","0","0","0","159528","0","0","0","159528","159528"
"2021-01-27","port1137","Samarinda","Indonesia","IDN","2","7","1","0","0","10","10","3775","0","795","0","0","4571","4571","188","291024","1360","0","0","292573","292573"
"2021-01-28","port1137","Samarinda","Indonesia","IDN","0","8","0","0","0","8","8","0","0","0","0","0","0","0","0","234877","0","0","0","234877","234877"
"2021-01-29","port1137","Samarinda","Indonesia","IDN","1","5","0","0","0","6","6","2040","0","0","0","0","2040","2040","0","199084","0","0","0","199084","199084"
"2021-01-30","port1137","Samarinda","Indonesia","IDN","1","8","0","0","1","9","10","1663","0","0","0","2635","1663","4298","0","257197","0","0","3412","257197","260609"
"2021-01-31","port1137","Samarinda","Indonesia","IDN","0","2","0","0","0","2","2","0","0","0","0","0","0","0","0","87781","0","0","0","87781","87781"
"2021-02-01","port1137","Samarinda","Indonesia","IDN","0","6","2","0","1","8","9","0","0","795","0","0","795","795","0","125102","1360","0","147","126463","126611"
"2021-02-02","port1137","Samarinda","Indonesia","IDN","0","4","0","0","0","4","4","0","0","0","0","0","0","0","0","148157","0","0","0","148157","148157"
"2021-02-03","port1137","Samarinda","Indonesia","IDN","0","3","0","0","0","3","3","0","0","0","0","0","0","0","0","150605","0","0","0","150605","150605"
"2021-02-04","port1137","Samarinda","Indonesia","IDN","2","8","0","0","1","10","11","2467","0","0","0","1207","2467","3675","0","388455","0","0","389","388455","388845"
"2021-02-05","port1137","Samarinda","Indonesia","IDN","1","2","0","0","0","3","3","4080","0","0","0","0","4080","4080","0","69636","0","0","0","69636","69636"
"2021-02-06","port1137","Samarinda","Indonesia","IDN","0","3","1","0","0","4","4","0","0","795","0","0","795","795","0","53291","1360","0","0","54652","54652"
"2021-02-07","port1137","Samarinda","Indonesia","IDN","0","1","0","0","0","1","1","0","0","0","0","0","0","0","0","54374","0","0","0","54374","54374"
"2021-02-08","port1137","Samarinda","Indonesia","IDN","0","10","1","0","0","11","11","0","0","0","0","0","0","0","0","349029","0","0","0","349029","349029"
"2021-02-09","port1137","Samarinda","Indonesia","IDN","1","5","2","0","0","8","8","282","0","1590","0","0","1873","1873","0","274086","2721","0","0","276808","276808"
"2021-02-10","port1137","Samarinda","Indonesia","IDN","0","1","0","0","1","1","2","0","0","0","0","1207","0","1207","0","41224","0","0","389","41224","41614"
"2021-02-11","port1137","Samarinda","Indonesia","IDN","0","4","2","0","0","6","6","0","0","1590","0","0","1590","1590","0","175770","2721","0","0","178492","178492"
"2021-02-12","port1137","Samarinda","Indonesia","IDN","2","3","0","0","0","5","5","6299","0","0","0","0","6299","6299","0","89091","0","0","0","89091","89091"
"2021-02-13","port1137","Samarinda","Indonesia","IDN","1","5","0","0","2","6","8","4136","0","0","0","2827","4136","6964","0","162941","0","0","412","162941","163354"
"2021-02-14","port1137","Samarinda","Indonesia","IDN","1","4","0","0","0","5","5","2705","0","0","0","0","2705","2705","0","139747","0","0","0","139747","139747"
"2021-02-15","port1137","Samarinda","Indonesia","IDN","0","7","2","0","0","9","9","0","0","795","0","0","795","795","0","263849","1360","0","0","265210","265210"
"2021-02-16","port1137","Samarinda","Indonesia","IDN","0","7","1","0","0","8","8","0","0","795","0","0","795","795","0","292405","1360","0","0","293766","293766"
"2021-02-17","port1137","Samarinda","Indonesia","IDN","2","11","1","0","0","14","14","3150","0","795","0","0","3946","3946","188","448685","1360","0","0","450234","450234"
"2021-02-18","port1137","Samarinda","Indonesia","IDN","0","2","1","0","0","3","3","0","0","795","0","0","795","795","0","82448","1360","0","0","83809","83809"
"2021-02-19","port1137","Samarinda","Indonesia","IDN","2","4","0","0","1","6","7","3339","0","0","0","2635","3339","5974","188","167276","0","0","3412","167465","170877"
"2021-02-20","port1137","Samarinda","Indonesia","IDN","1","5","0","0","0","6","6","1298","0","0","0","0","1298","1298","188","178044","0","0","0","178232","178232"
"2021-02-21","port1137","Samarinda","Indonesia","IDN","0","3","0","0","0","3","3","0","0","0","0","0","0","0","0","68540","0","0","0","68540","68540"
"2021-02-22","port1137","Samarinda","Indonesia","IDN","0","9","2","0","0","11","11","0","0","0","0","0","0","0","0","530089","3239","0","0","533329","533329"
"2021-02-23","port1137","Samarinda","Indonesia","IDN","0","7","0","0","0","7","7","0","0","0","0","0","0","0","0","265944","0","0","0","265944","265944"
"2021-02-24","port1137","Samarinda","Indonesia","IDN","0","3","0","0","1","3","4","0","0","0","0","918","0","918","0","78381","0","0","738","78381","79119"
"2021-02-25","port1137","Samarinda","Indonesia","IDN","0","5","0","0","0","5","5","0","0","0","0","0","0","0","0","189701","0","0","0","189701","189701"
"2021-02-26","port1137","Samarinda","Indonesia","IDN","0","7","1","0","1","8","9","0","0","795","0","1207","795","2002","0","275170","1360","0","389","276531","276921"
"2021-02-27","port1137","Samarinda","Indonesia","IDN","2","7","0","0","1","9","10","4613","0","0","0","2705","4613","7319","0","244831","0","0","93","244831","244924"
"2021-02-28","port1137","Samarinda","Indonesia","IDN","1","3","0","0","0","4","4","2443","0","0","0","0","2443","2443","0","84404","0","0","0","84404","84404"
"2021-03-01","port1137","Samarinda","Indonesia","IDN","0","5","1","0","1","6","7","0","0","0","0","918","0","918","0","204916","0","0","738","204916","205654"
"2021-03-02","port1137","Samarinda","Indonesia","IDN","1","6","0","0","0","7","7","1298","0","0","0","0","1298","1298","188","189204","0","0","0","189392","189392"
"2021-03-03","port1137","Samarinda","Indonesia","IDN","1","5","0","0","1","6","7","627","0","0","0","0","627","627","0","238529","0","0","6310","238529","244840"
"2021-03-04","port1137","Samarinda","Indonesia","IDN","0","5","0","0","0","5","5","0","0","0","0","0","0","0","0","148291","0","0","0","148291","148291"
"2021-03-05","port1137","Samarinda","Indonesia","IDN","0","1","2","0","0","3","3","0","0","0","0","0","0","0","0","41224","8616","0","0","49840","49840"
"2021-03-06","port1137","Samarinda","Indonesia","IDN","0","6","0","0","0","6","6","0","0","0","0","0","0","0","0","259583","0","0","0","259583","259583"
"2021-03-07","port1137","Samarinda","Indonesia","IDN","1","4","0","1","0","6","6","1298","0","0","892","0","2191","2191","188","69852","0","1833","0","71873","71873"
"2021-03-08","port1137","Samarinda","Indonesia","IDN","0","8","0","0","1","8","9","0","0","0","0","2635","0","2635","0","237864","0","0","3412","237864","241277"
"2021-03-09","port1137","Samarinda","Indonesia","IDN","0","2","0","0","1","2","3","0","0","0","0","1207","0","1207","0","38555","0","0","389","38555","38945"
"2021-03-10","port1137","Samarinda","Indonesia","IDN","1","4","0","0","0","5","5","1298","0","0","0","0","1298","1298","188","206411","0","0","0","206599","206599"
"2021-03-11","port1137","Samarinda","Indonesia","IDN","0","2","0","0","0","2","2","0","0","0","0","0","0","0","0","82448","0","0","0","82448","82448"
"2021-03-12","port1137","Samarinda","Indonesia","IDN","0","1","0","0","0","1","1","0","0","0","0","0","0","0","0","0","0","0","0","0","0"
"2021-03-13","port1137","Samarinda","Indonesia","IDN","0","1","0","0","0","1","1","0","0","0","0","0","0","0","0","0","0","0","0","0","0"
"2021-03-14","port1137","Samarinda","Indonesia","IDN","1","8","0","0","1","9","10","1045","0","0","0","918","1045","1963","0","249809","0","0","738","249809","250547"
"2021-03-15","port1137","Samarinda","Indonesia","IDN","0","3","1","0","1","4","5","0","0","795","0","1207","795","2002","0","94614","1360","0","389","95975","96365"
"2021-03-16","port1137","Samarinda","Indonesia","IDN","0","3","1","0","0","4","4","0","0","795","0","0","795","795","0","123672","1360","0","0","125033","125033"
"2021-03-17","port1137","Samarinda","Indonesia","IDN","1","5","1","0","0","7","7","3289","0","795","0","0","4084","4084","0","218839","1360","0","0","220200","220200"
"2021-03-18","port1137","Samarinda","Indonesia","IDN","1","5","0","0","0","6","6","416","0","0","0","0","416","416","0","251991","0","0","0","251991","251991"
"2021-03-19","port1137","Samarinda","Indonesia","IDN","0","6","0","0","0","6","6","0","0","0","0","0","0","0","0","302268","0","0","0","302268","302268"
"2021-03-20","port1137","Samarinda","Indonesia","IDN","0","2","0","0","0","2","2","0","0","0","0","0","0","0","0","41224","0","0","0","41224","41224"
"2021-03-21","port1137","Samarinda","Indonesia","IDN","0","1","0","0","0","1","1","0","0","0","0","0","0","0","0","41224","0","0","0","41224","41224"
"2021-03-22","port1137","Samarinda","Indonesia","IDN","0","5","2","0","0","7","7","0","0","795","0","0","795","795","0","143213","1360","0","0","144573","144573"
"2021-03-23","port1137","Samarinda","Indonesia","IDN","1","4","0","0","1","5","6","1298","0","0","0","918","1298","2217","188","144339","0","0","738","144527","145266"
"2021-03-24","port1137","Samarinda","Indonesia","IDN","1","3","1","0","1","5","6","1238","0","795","0","1207","2034","3241","0","14068","1360","0","389","15428","15818"
"2021-03-25","port1137","Samarinda","Indonesia","IDN","0","4","0","0","0","4","4","0","0","0","0","0","0","0","0","123672","0","0","0","123672","123672"
"2021-03-26","port1137","Samarinda","Indonesia","IDN","0","3","1","0","0","4","4","0","0","795","0","0","795","795","0","101757","1360","0","0","103118","103118"
"2021-03-27","port1137","Samarinda","Indonesia","IDN","0","3","0","0","0","3","3","0","0","0","0","0","0","0","0","66487","0","0","0","66487","66487"
"2021-03-28","port1137","Samarinda","Indonesia","IDN","0","2","0","0","0","2","2","0","0","0","0","0","0","0","0","109936","0","0","0","109936","109936"
"2021-03-29","port1137","Samarinda","Indonesia","IDN","0","6","1","1","0","8","8","0","0","795","892","0","1687","1687","0","113588","1360","1833","0","116782","116782"
"2021-03-30","port1137","Samarinda","Indonesia","IDN","1","8","0","0","0","9","9","1298","0","0","0","0","1298","1298","188","368016","0","0","0","368204","368204"
"2021-03-31","port1137","Samarinda","Indonesia","IDN","0","5","0","0","2","5","7","0","0","0","0","2125","0","2125","0","280183","0","0","1127","280183","281311"
"2021-04-01","port1137","Samarinda","Indonesia","IDN","1","2","0","0","1","3","4","1860","0","0","0","0","1860","1860","0","41224","0","0","6310","41224","47535"
"2021-04-02","port1137","Samarinda","Indonesia","IDN","0","5","0","0","0","5","5","0","0","0","0","0","0","0","0","257141","0","0","0","257141","257141"
"2021-04-03","port1137","Samarinda","Indonesia","IDN","1","5","1","0","1","7","8","209","0","795","0","918","1004","1923","0","219181","1360","0","738","220542","221281"
"2021-04-04","port1137","Samarinda","Indonesia","IDN","0","7","0","0","0","7","7","0","0","0","0","0","0","0","0","217303","0","0","0","217303","217303"
"2021-04-05","port1137","Samarinda","Indonesia","IDN","0","7","0","0","0","7","7","0","0","0","0","0","0","0","0","157627","0","0","0","157627","157627"
"2021-04-06","port1137","Samarinda","Indonesia","IDN","0","2","0","0","1","2","3","0","0","0","0","918","0","918","0","65166","0","0","738","65166","65905"
"2021-04-07","port1137","Samarinda","Indonesia","IDN","0","3","0","0","1","3","4","0","0","0","0","2635","0","2635","0","50913","0","0","3412","50913","54326"
"2021-04-08","port1137","Samarinda","Indonesia","IDN","2","5","0","0","1","7","8","2231","0","0","0","36","2231","2267","0","283667","0","0","0","283667","283667"
"2021-04-09","port1137","Samarinda","Indonesia","IDN","0","9","0","0","0","9","9","0","0","0","0","0","0","0","0","460292","0","0","0","460292","460292"
"2021-04-10","port1137","Samarinda","Indonesia","IDN","0","5","0","0","0","5","5","0","0","0","0","0","0","0","0","190584","0","0","0","190584","190584"
"2021-04-11","port1137","Samarinda","Indonesia","IDN","0","3","0","0","0","3","3","0","0","0","0","0","0","0","0","123238","0","0","0","123238","123238"
"2021-04-12","port1137","Samarinda","Indonesia","IDN","0","8","0","0","0","8","8","0","0","0","0","0","0","0","0","301106","0","0","0","301106","301106"
"2021-04-13","port1137","Samarinda","Indonesia","IDN","2","2","0","0","0","4","4","1298","0","0","0","0","1298","1298","390","151886","0","0","0","152276","152276"
"2023-06-23","port1137","Samarinda","Indonesia","IDN","1","5","2","0","1","8","9","0","0","1590","0","2705","1590","4296","1640","137172","2721","0","93","141534","141627"
"2019-02-04","port1137","Samarinda","Indonesia","IDN","0","8","1","0","0","9","9","0","0","170","0","0","170","170","0","283390","0","0","0","283390","283390"
"2019-02-05","port1137","Samarinda","Indonesia","IDN","1","11","0","0","0","12","12","0","0","0","0","0","0","0","210","372242","0","0","0","372453","372453"
"2021-04-15","port1137","Samarinda","Indonesia","IDN","0","5","1","0","1","6","7","0","0","3764","0","1207","3764","4971","0","172544","0","0","389","172544","172933"
"2023-06-24","port1137","Samarinda","Indonesia","IDN","1","4","1","0","0","6","6","0","0","0","0","0","0","0","203","149297","0","0","0","149500","149500"
"2021-04-16","port1137","Samarinda","Indonesia","IDN","0","3","0","0","0","3","3","0","0","0","0","0","0","0","0","106867","0","0","0","106867","106867"
"2022-05-19","port1137","Samarinda","Indonesia","IDN","3","5","2","0","0","10","10","1258","0","5224","0","0","6482","6482","417","115024","0","0","0","115441","115441"
"2023-06-25","port1137","Samarinda","Indonesia","IDN","1","3","0","0","1","4","5","837","0","0","0","0","837","837","0","168562","0","0","0","168562","168562"
"2021-04-17","port1137","Samarinda","Indonesia","IDN","0","4","0","0","0","4","4","0","0","0","0","0","0","0","0","123672","0","0","0","123672","123672"
"2023-06-26","port1137","Samarinda","Indonesia","IDN","0","5","0","0","0","5","5","0","0","0","0","0","0","0","0","191547","0","0","0","191547","191547"
"2022-05-20","port1137","Samarinda","Indonesia","IDN","1","2","0","0","0","3","3","2156","0","0","0","0","2156","2156","0","41224","0","0","0","41224","41224"
"2021-04-18","port1137","Samarinda","Indonesia","IDN","0","4","0","0","0","4","4","0","0","0","0","0","0","0","0","164897","0","0","0","164897","164897"
"2023-06-27","port1137","Samarinda","Indonesia","IDN","2","5","0","0","0","7","7","1238","0","0","0","0","1238","1238","0","283898","0","0","0","283898","283898"
"2019-02-06","port1137","Samarinda","Indonesia","IDN","0","5","0","0","0","5","5","0","0","0","0","0","0","0","0","167549","0","0","0","167549","167549"
"2022-05-21","port1137","Samarinda","Indonesia","IDN","0","6","1","0","1","7","8","0","0","0","0","1207","0","1207","0","218941","16750","0","389","235691","236081"
"2021-04-19","port1137","Samarinda","Indonesia","IDN","0","7","1","0","1","8","9","0","0","0","0","1207","0","1207","0","285564","0","0","389","285564","285954"
"2023-06-28","port1137","Samarinda","Indonesia","IDN","0","6","0","0","3","6","9","0","0","0","0","4472","0","4472","0","213735","0","0","4889","213735","218624"
"2019-02-07","port1137","Samarinda","Indonesia","IDN","0","4","0","1","0","5","5","0","0","0","143","0","143","143","0","89659","0","70","0","89729","89729"
"2021-04-20","port1137","Samarinda","Indonesia","IDN","1","4","0","0","0","5","5","1651","0","0","0","0","1651","1651","0","90763","0","0","0","90763","90763"
"2023-06-29","port1137","Samarinda","Indonesia","IDN","1","6","1","0","3","8","11","415","0","0","0","4434","415","4850","0","242583","0","0","738","242583","243321"
"2019-02-08","port1137","Samarinda","Indonesia","IDN","0","10","2","0","0","12","12","0","0","795","0","0","795","795","0","319786","1646","0","0","321433","321433"
"2021-04-21","port1137","Samarinda","Indonesia","IDN","1","6","0","0","0","7","7","1369","0","0","0","0","1369","1369","0","321989","0","0","0","321989","321989"
"2023-06-30","port1137","Samarinda","Indonesia","IDN","1","2","0","0","0","3","3","1864","0","0","0","0","1864","1864","0","157096","0","0","0","157096","157096"
"2022-05-22","port1137","Samarinda","Indonesia","IDN","0","7","1","0","0","8","8","0","0","795","0","0","795","795","0","453314","1360","0","0","454674","454674"
"2019-02-09","port1137","Samarinda","Indonesia","IDN","0","4","0","0","0","4","4","0","0","0","0","0","0","0","0","193684","0","0","0","193684","193684"
"2021-04-22","port1137","Samarinda","Indonesia","IDN","0","4","0","0","0","4","4","0","0","0","0","0","0","0","0","195168","0","0","0","195168","195168"
"2023-07-01","port1137","Samarinda","Indonesia","IDN","1","5","0","0","0","6","6","208","0","0","0","0","208","208","0","249373","0","0","0","249373","249373"
"2022-05-23","port1137","Samarinda","Indonesia","IDN","3","4","1","0","2","8","10","3896","0","0","0","3422","3896","7318","564","157191","0","0","3412","157756","161168"
"2019-02-10","port1137","Samarinda","Indonesia","IDN","1","10","0","0","0","11","11","0","0","0","0","0","0","0","0","443725","0","0","0","443725","443725"
"2021-04-23","port1137","Samarinda","Indonesia","IDN","1","3","0","0","0","4","4","1298","0","0","0","0","1298","1298","188","8271","0","0","0","8459","8459"
"2023-07-02","port1137","Samarinda","Indonesia","IDN","1","1","0","0","2","2","4","205","0","0","0","918","205","1123","0","50917","0","0","738","50917","51655"
"2022-05-24","port1137","Samarinda","Indonesia","IDN","0","7","1","0","0","8","8","0","0","689","0","0","689","689","0","291958","0","0","0","291958","291958"
"2019-02-11","port1137","Samarinda","Indonesia","IDN","0","3","0","0","1","3","4","0","0","0","0","918","0","918","0","96629","0","0","738","96629","97367"
"2021-04-24","port1137","Samarinda","Indonesia","IDN","1","7","0","0","0","8","8","0","0","0","0","0","0","0","209","281617","0","0","0","281826","281826"
"2023-07-03","port1137","Samarinda","Indonesia","IDN","2","5","0","0","2","7","9","1970","0","0","0","5836","1970","7807","82","268294","0","0","738","268376","269114"
"2023-07-04","port1137","Samarinda","Indonesia","IDN","0","6","0","0","0","6","6","0","0","0","0","0","0","0","0","284965","0","0","0","284965","284965"
"2023-07-05","port1137","Samarinda","Indonesia","IDN","1","5","0","0","0","6","6","1038","0","0","0","0","1038","1038","0","226519","0","0","0","226519","226519"
"2023-07-06","port1137","Samarinda","Indonesia","IDN","0","5","0","0","0","5","5","0","0","0","0","0","0","0","0","230592","0","0","0","230592","230592"
"2023-07-07","port1137","Samarinda","Indonesia","IDN","0","5","0","0","2","5","7","0","0","0","0","3553","0","3553","0","207881","0","0","4151","207881","212032"
"2023-07-08","port1137","Samarinda","Indonesia","IDN","4","3","0","0","1","7","8","9081","0","0","0","2705","9081","11786","188","168353","0","0","93","168541","168634"
"2023-07-09","port1137","Samarinda","Indonesia","IDN","0","5","0","0","1","5","6","0","0","0","0","918","0","918","0","109454","0","0","738","109454","110193"
"2023-07-10","port1137","Samarinda","Indonesia","IDN","0","5","0","0","1","5","6","0","0","0","0","0","0","0","0","389498","0","0","0","389498","389498"
"2023-07-11","port1137","Samarinda","Indonesia","IDN","1","5","0","0","1","6","7","625","0","0","0","0","625","625","0","193089","0","0","4918","193089","198007"
"2023-07-12","port1137","Samarinda","Indonesia","IDN","2","3","0","0","0","5","5","411","0","0","0","0","411","411","0","103449","0","0","0","103449","103449"
"2023-07-13","port1137","Samarinda","Indonesia","IDN","1","7","0","0","0","8","8","575","0","0","0","0","575","575","0","311488","0","0","0","311488","311488"
"2023-07-14","port1137","Samarinda","Indonesia","IDN","0","6","0","0","0","6","6","0","0","0","0","0","0","0","0","375373","0","0","0","375373","375373"
"2023-07-15","port1137","Samarinda","Indonesia","IDN","2","4","1","0","1","7","8","1864","0","0","0","918","1864","2782","414","206777","14359","0","738","221551","222289"
"2023-07-16","port1137","Samarinda","Indonesia","IDN","1","5","0","0","1","6","7","2083","0","0","0","2877","2083","4961","0","350439","0","0","242","350439","350681"
"2023-07-17","port1137","Samarinda","Indonesia","IDN","1","5","0","0","2","6","8","409","0","0","0","0","409","409","0","142164","0","0","0","142164","142164"
"2023-07-18","port1137","Samarinda","Indonesia","IDN","1","3","1","0","0","5","5","1298","0","0","0","0","1298","1298","188","111592","0","0","0","111780","111780"
"2023-07-19","port1137","Samarinda","Indonesia","IDN","0","3","1","0","1","4","5","0","0","0","0","2705","0","2705","0","179782","0","0","93","179782","179875"
"2023-07-20","port1137","Samarinda","Indonesia","IDN","1","7","1","0","1","9","10","0","0","1193","0","0","1193","1193","0","379906","0","0","3069","379906","382976"
"2023-07-21","port1137","Samarinda","Indonesia","IDN","0","8","0","0","2","8","10","0","0","0","0","1836","0","1836","0","370136","0","0","1476","370136","371613"
"2023-07-22","port1137","Samarinda","Indonesia","IDN","0","8","0","0","0","8","8","0","0","0","0","0","0","0","0","424175","0","0","0","424175","424175"
"2023-07-23","port1137","Samarinda","Indonesia","IDN","1","3","0","0","1","4","5","1873","0","0","0","2531","1873","4404","0","149837","0","0","0","149837","149837"
"2023-07-24","port1137","Samarinda","Indonesia","IDN","2","10","1","0","2","13","15","410","0","795","0","918","1205","2123","0","380660","1360","0","738","382021","382759"
"2023-07-25","port1137","Samarinda","Indonesia","IDN","0","4","1","0","1","5","6","0","0","0","0","526","0","526","0","222014","0","0","0","222014","222014"
"2023-07-26","port1137","Samarinda","Indonesia","IDN","0","7","0","0","2","7","9","0","0","0","0","3624","0","3624","0","384507","0","0","831","384507","385338"
"2023-07-27","port1137","Samarinda","Indonesia","IDN","2","4","1","0","1","7","8","2122","0","795","0","918","2917","3835","0","163368","1360","0","738","164728","165467"
"2023-07-28","port1137","Samarinda","Indonesia","IDN","0","11","1","0","2","12","14","0","0","0","0","918","0","918","0","603290","0","0","738","603290","604028"
"2023-07-29","port1137","Samarinda","Indonesia","IDN","0","5","0","0","0","5","5","0","0","0","0","0","0","0","0","184638","0","0","0","184638","184638"
"2023-07-30","port1137","Samarinda","Indonesia","IDN","2","3","1","0","0","6","6","1874","0","0","0","0","1874","1874","0","189185","0","0","0","189185","189185"
"2023-07-31","port1137","Samarinda","Indonesia","IDN","1","4","1","0","2","6","8","1298","0","795","0","3913","2093","6007","188","256704","1360","0","482","258252","258735"
"2023-08-01","port1137","Samarinda","Indonesia","IDN","1","3","2","0","0","6","6","0","0","1590","0","0","1590","1590","206","127800","2721","0","0","130728","130728"
"2023-08-02","port1137","Samarinda","Indonesia","IDN","2","4","0","0","1","6","7","1298","0","0","0","918","1298","2217","597","68568","0","0","738","69165","69904"
"2023-08-03","port1137","Samarinda","Indonesia","IDN","1","5","1","0","2","7","9","2152","0","0","0","1836","2152","3989","0","265643","0","0","1476","265643","267120"
"2023-08-04","port1137","Samarinda","Indonesia","IDN","1","8","0","0","1","9","10","0","0","0","0","0","0","0","0","451887","0","0","0","451887","451887"
"2023-08-05","port1137","Samarinda","Indonesia","IDN","3","5","1","0","0","9","9","6334","0","795","0","0","7130","7130","188","202740","1360","0","0","204289","204289"
"2023-08-06","port1137","Samarinda","Indonesia","IDN","1","4","2","0","0","7","7","1460","0","0","0","0","1460","1460","0","257334","0","0","0","257334","257334"
"2023-08-07","port1137","Samarinda","Indonesia","IDN","2","4","1","0","3","7","10","0","0","795","0","8176","795","8972","0","180630","1360","0","831","181991","182822"
"2023-08-08","port1137","Samarinda","Indonesia","IDN","0","3","1","0","1","4","5","0","0","795","0","918","795","1713","0","86096","1360","0","738","87456","88195"
"2023-08-09","port1137","Samarinda","Indonesia","IDN","3","4","0","0","1","7","8","5559","0","0","0","918","5559","6478","188","59761","0","0","738","59949","60687"
"2023-08-10","port1137","Samarinda","Indonesia","IDN","0","3","1","0","2","4","6","0","0","0","0","2965","0","2965","0","20057","7787","0","738","27844","28582"
"2023-08-11","port1137","Samarinda","Indonesia","IDN","1","5","1","0","0","7","7","0","0","32","0","0","32","32","0","211729","0","0","0","211729","211729"
"2023-08-12","port1137","Samarinda","Indonesia","IDN","1","2","0","0","3","3","6","1298","0","0","0","6357","1298","7656","188","112664","0","0","738","112852","113590"
"2023-08-13","port1137","Samarinda","Indonesia","IDN","1","6","0","0","5","7","12","835","0","0","0","14848","835","15683","0","199597","0","0","1959","199597","201556"
"2023-08-14","port1137","Samarinda","Indonesia","IDN","2","2","0","0","1","4","5","1033","0","0","0","918","1033","1952","0","110834","0","0","738","110834","111572"
"2023-08-15","port1137","Samarinda","Indonesia","IDN","0","3","0","0","0","3","3","0","0","0","0","0","0","0","0","155561","0","0","0","155561","155561"
"2023-08-16","port1137","Samarinda","Indonesia","IDN","0","5","1","0","0","6","6","0","0","0","0","0","0","0","0","202137","0","0","0","202137","202137"
"2023-08-17","port1137","Samarinda","Indonesia","IDN","1","0","1","0","3","2","5","1860","0","0","0","1836","1860","3697","0","0","7797","0","6225","7797","14022"
"2023-08-18","port1137","Samarinda","Indonesia","IDN","0","8","1","0","1","9","10","0","0","0","0","918","0","918","0","316484","8835","0","738","325320","326058"
"2023-08-19","port1137","Samarinda","Indonesia","IDN","2","4","1","0","0","7","7","1045","0","0","0","0","1045","1045","0","192147","0","0","0","192147","192147"
"2023-08-20","port1137","Samarinda","Indonesia","IDN","2","5","1","0","1","8","9","413","0","499","0","0","913","913","612","235336","0","0","4574","235949","240524"
"2023-08-21","port1137","Samarinda","Indonesia","IDN","1","8","0","0","1","9","10","0","0","0","0","918","0","918","0","286739","0","0","738","286739","287477"
"2023-08-22","port1137","Samarinda","Indonesia","IDN","1","7","2","0","0","10","10","2455","0","0","0","0","2455","2455","0","330020","0","0","0","330020","330020"
"2023-08-23","port1137","Samarinda","Indonesia","IDN","0","3","1","0","2","4","6","0","0","795","0","2125","795","2921","0","80834","1360","0","1127","82195","83323"
"2023-08-24","port1137","Samarinda","Indonesia","IDN","1","3","1","0","0","5","5","0","0","795","0","0","795","795","413","70937","1360","0","0","72712","72712"
"2023-08-25","port1137","Samarinda","Indonesia","IDN","0","5","0","0","2","5","7","0","0","0","0","918","0","918","0","245635","0","0","738","245635","246373"
"2023-08-26","port1137","Samarinda","Indonesia","IDN","1","3","0","0","0","4","4","0","0","0","0","0","0","0","0","152246","0","0","0","152246","152246"
"2023-08-27","port1137","Samarinda","Indonesia","IDN","0","4","1","0","0","5","5","0","0","0","0","0","0","0","0","97131","0","0","0","97131","97131"
"2023-08-28","port1137","Samarinda","Indonesia","IDN","1","4","0","0","0","5","5","198","0","0","0","0","198","198","0","147683","0","0","0","147683","147683"
"2023-08-29","port1137","Samarinda","Indonesia","IDN","2","7","1","0","0","10","10","2513","0","0","0","0","2513","2513","188","289527","455","0","0","290170","290170"
"2023-08-30","port1137","Samarinda","Indonesia","IDN","3","5","1","0","2","9","11","2443","0","1563","0","1836","4006","5843","188","196183","0","0","1476","196371","197847"
"2023-08-31","port1137","Samarinda","Indonesia","IDN","1","7","1","0","0","9","9","1235","0","0","0","0","1235","1235","0","277028","0","0","0","277028","277028"
"2023-09-01","port1137","Samarinda","Indonesia","IDN","0","4","0","0","1","4","5","0","0","0","0","1620","0","1620","0","123405","0","0","23","123405","123429"
"2023-09-02","port1137","Samarinda","Indonesia","IDN","1","10","2","0","2","13","15","1298","0","795","0","3624","2093","5718","188","354316","1360","0","831","355865","356696"
"2023-09-03","port1137","Samarinda","Indonesia","IDN","1","2","0","0","1","3","4","0","0","0","0","918","0","918","0","95792","0","0","738","95792","96530"
"2023-09-04","port1137","Samarinda","Indonesia","IDN","1","5","0","0","0","6","6","0","0","0","0","0","0","0","0","193225","0","0","0","193225","193225"
"2023-09-05","port1137","Samarinda","Indonesia","IDN","0","4","3","0","2","7","9","0","0","0","0","1701","0","1701","0","145932","2996","0","0","148929","148929"
"2023-09-06","port1137","Samarinda","Indonesia","IDN","1","4","1","0","1","6","7","2273","0","0","0","918","2273","3191","0","144251","0","0","738","144251","144989"
"2023-09-07","port1137","Samarinda","Indonesia","IDN","0","6","1","0","2","7","9","0","0","795","0","5782","795","6577","0","320523","1360","0","389","321884","322274"
"2023-09-08","port1137","Samarinda","Indonesia","IDN","2","8","2","0","1","12","13","2474","0","0","0","2705","2474","5179","0","371064","50","0","93","371115","371208"
"2023-09-09","port1137","Samarinda","Indonesia","IDN","1","6","1","0","0","8","8","0","0","0","0","0","0","0","637","162838","0","0","0","163476","163476"
"2023-09-10","port1137","Samarinda","Indonesia","IDN","0","9","0","0","1","9","10","0","0","0","0","866","0","866","0","443433","0","0","0","443433","443433"
"2023-09-11","port1137","Samarinda","Indonesia","IDN","3","4","1","0","0","8","8","3759","0","795","0","0","4554","4554","0","217175","1360","0","0","218536","218536"
"2023-09-12","port1137","Samarinda","Indonesia","IDN","2","4","0","0","1","6","7","3504","0","0","0","918","3504","4423","0","146586","0","0","738","146586","147325"
"2023-09-13","port1137","Samarinda","Indonesia","IDN","0","3","0","0","2","3","5","0","0","0","0","0","0","0","0","82448","0","0","0","82448","82448"
"2023-09-14","port1137","Samarinda","Indonesia","IDN","1","1","0","0","3","2","5","0","0","0","0","1836","0","1836","0","54328","0","0","1476","54328","55805"
"2023-09-15","port1137","Samarinda","Indonesia","IDN","1","3","0","1","2","5","7","1298","0","0","143","12612","1442","14054","188","129091","0","70","389","129349","129739"
"2023-09-16","port1137","Samarinda","Indonesia","IDN","0","4","3","0","0","7","7","0","0","0","0","0","0","0","0","192307","0","0","0","192307","192307"
"2023-09-17","port1137","Samarinda","Indonesia","IDN","0","8","1","0","2","9","11","0","0","1867","0","1836","1867","3704","0","133869","0","0","1476","133869","135346"
"2023-09-18","port1137","Samarinda","Indonesia","IDN","0","6","0","0","1","6","7","0","0","0","0","2705","0","2705","0","255579","0","0","93","255579","255672"
"2023-09-19","port1137","Samarinda","Indonesia","IDN","2","5","0","1","0","8","8","1648","0","0","143","0","1791","1791","0","271801","0","70","0","271871","271871"
"2023-09-20","port1137","Samarinda","Indonesia","IDN","0","2","0","0","1","2","3","0","0","0","0","918","0","918","0","106307","0","0","738","106307","107046"
"2023-09-21","port1137","Samarinda","Indonesia","IDN","2","2","0","0","3","4","7","1641","0","0","0","4542","1641","6184","0","104551","0","0","1569","104551","106121"
"2023-09-22","port1137","Samarinda","Indonesia","IDN","1","6","0","0","2","7","9","1877","0","0","0","918","1877","2795","0","218659","0","0","3005","218659","221665"
"2023-09-23","port1137","Samarinda","Indonesia","IDN","1","11","0","0","0","12","12","207","0","0","0","0","207","207","0","537309","0","0","0","537309","537309"
"2023-09-24","port1137","Samarinda","Indonesia","IDN","1","4","2","0","0","7","7","1253","0","0","0","0","1253","1253","0","151356","7599","0","0","158955","158955"
"2023-09-25","port1137","Samarinda","Indonesia","IDN","2","7","0","0","1","9","10","2368","0","0","0","918","2368","3287","0","305156","0","0","738","305156","305894"
"2023-09-26","port1137","Samarinda","Indonesia","IDN","0","5","0","0","1","5","6","0","0","0","0","918","0","918","0","150677","0","0","738","150677","151415"
"2023-09-27","port1137","Samarinda","Indonesia","IDN","1","8","2","0","2","11","13","411","0","795","0","3796","1206","5002","0","473517","1360","0","980","474878","475859"
"2023-09-28","port1137","Samarinda","Indonesia","IDN","3","5","0","0","2","8","10","2951","0","0","0","3624","2951","6575","0","299328","0","0","831","299328","300159"
"2023-09-29","port1137","Samarinda","Indonesia","IDN","2","7","0","0","1","9","10","3377","0","0","0","343","3377","3721","188","452666","0","0","0","452854","452854"
"2023-09-30","port1137","Samarinda","Indonesia","IDN","0","6","0","0","1","6","7","0","0","0","0","1207","0","1207","0","247203","0","0","389","247203","247593"
"2023-10-01","port1137","Samarinda","Indonesia","IDN","0","8","1","0","1","9","10","0","0","795","0","918","795","1713","0","481179","1360","0","738","482540","483278"
"2023-10-02","port1137","Samarinda","Indonesia","IDN","0","5","0","0","0","5","5","0","0","0","0","0","0","0","0","213738","0","0","0","213738","213738"
"2023-10-03","port1137","Samarinda","Indonesia","IDN","3","2","0","0","2","5","7","2680","0","0","0","918","2680","3598","0","53496","0","0","738","53496","54235"
"2023-10-04","port1137","Samarinda","Indonesia","IDN","1","5","0","0","0","6","6","2164","0","0","0","0","2164","2164","0","188188","0","0","0","188188","188188"
"2023-10-05","port1137","Samarinda","Indonesia","IDN","1","4","0","0","2","5","7","0","0","0","0","7795","0","7795","0","152223","0","0","242","152223","152465"
"2023-10-06","port1137","Samarinda","Indonesia","IDN","3","7","0","0","1","10","11","2773","0","0","0","0","2773","2773","0","350345","0","0","0","350345","350345"
"2023-10-07","port1137","Samarinda","Indonesia","IDN","0","3","1","0","0","4","4","0","0","0","0","0","0","0","0","164082","0","0","0","164082","164082"
"2023-10-08","port1137","Samarinda","Indonesia","IDN","1","3","1","0","1","5","6","2745","0","795","0","2705","3540","6245","0","50698","1360","0","93","52059","52152"
"2023-10-09","port1137","Samarinda","Indonesia","IDN","0","1","0","0","0","1","1","0","0","0","0","0","0","0","0","78783","0","0","0","78783","78783"
"2023-10-10","port1137","Samarinda","Indonesia","IDN","1","6","0","0","1","7","8","1699","0","0","0","918","1699","2618","0","271928","0","0","738","271928","272666"
"2023-10-11","port1137","Samarinda","Indonesia","IDN","1","5","0","0","1","6","7","1298","0","0","0","918","1298","2217","188","271324","0","0","738","271512","272250"
"2023-10-12","port1137","Samarinda","Indonesia","IDN","2","4","2","0","2","8","10","1298","0","1590","0","2635","2889","5524","188","168942","2721","0","3412","171852","175264"
"2023-10-13","port1137","Samarinda","Indonesia","IDN","1","0","0","0","1","1","2","986","0","0","0","0","986","986","0","0","0","0","0","0","0"
"2023-10-14","port1137","Samarinda","Indonesia","IDN","2","3","0","0","0","5","5","3956","0","0","0","0","3956","3956","0","106128","0","0","0","106128","106128"
"2023-10-15","port1137","Samarinda","Indonesia","IDN","3","0","0","0","0","3","3","1870","0","0","0","0","1870","1870","410","0","0","0","0","410","410"
"2023-10-16","port1137","Samarinda","Indonesia","IDN","0","2","0","0","1","2","3","0","0","0","0","0","0","0","0","107191","0","0","0","107191","107191"
"2023-10-17","port1137","Samarinda","Indonesia","IDN","1","1","0","0","0","2","2","0","0","0","0","0","0","0","0","79573","0","0","0","79573","79573"
"2023-10-18","port1137","Samarinda","Indonesia","IDN","2","5","2","0","2","9","11","896","0","1876","0","1836","2772","4609","0","203132","56","0","1476","203188","204665"
"2023-10-19","port1137","Samarinda","Indonesia","IDN","1","5","2","0","3","8","11","0","0","795","0","3624","795","4419","0","153892","1360","0","831","155253","156084"
"2023-10-20","port1137","Samarinda","Indonesia","IDN","1","3","0","0","1","4","5","1843","0","0","0","0","1843","1843","0","104060","0","0","0","104060","104060"
"2023-10-21","port1137","Samarinda","Indonesia","IDN","1","4","0","0","0","5","5","2705","0","0","0","0","2705","2705","0","215433","0","0","0","215433","215433"
"2023-10-22","port1137","Samarinda","Indonesia","IDN","0","4","0","0","0","4","4","0","0","0","0","0","0","0","0","160818","0","0","0","160818","160818"
"2023-10-23","port1137","Samarinda","Indonesia","IDN","1","1","0","0","0","2","2","0","0","0","0","0","0","0","207","71470","0","0","0","71677","71677"
"2023-10-24","port1137","Samarinda","Indonesia","IDN","1","5","0","0","2","6","8","0","0","0","0","2125","0","2125","0","284745","0","0","1127","284745","285873"
"2023-10-25","port1137","Samarinda","Indonesia","IDN","1","4","2","1","1","8","9","3320","0","795","143","918","4258","5177","0","205868","9700","70","738","215638","216377"
"2023-10-26","port1137","Samarinda","Indonesia","IDN","1","5","0","0","0","6","6","0","0","0","0","0","0","0","0","175512","0","0","0","175512","175512"
"2023-10-27","port1137","Samarinda","Indonesia","IDN","0","5","0","0","1","5","6","0","0","0","0","0","0","0","0","227513","0","0","0","227513","227513"
"2023-10-28","port1137","Samarinda","Indonesia","IDN","2","5","1","0","2","8","10","1996","0","0","0","3913","1996","5909","0","232423","8439","0","482","240863","241346"
"2023-10-29","port1137","Samarinda","Indonesia","IDN","2","3","0","0","2","5","7","4241","0","0","0","1836","4241","6078","0","157970","0","0","1476","157970","159446"
"2023-10-30","port1137","Samarinda","Indonesia","IDN","0","3","1","0","0","4","4","0","0","795","0","0","795","795","0","118525","1360","0","0","119886","119886"
"2023-10-31","port1137","Samarinda","Indonesia","IDN","3","4","1","0","0","8","8","3334","0","0","0","0","3334","3334","0","154303","0","0","0","154303","154303"
"2023-11-01","port1137","Samarinda","Indonesia","IDN","0","4","0","0","0","4","4","0","0","0","0","0","0","0","0","197448","0","0","0","197448","197448"
"2023-11-02","port1137","Samarinda","Indonesia","IDN","1","3","0","0","1","4","5","0","0","0","0","0","0","0","0","113191","0","0","0","113191","113191"
"2023-11-03","port1137","Samarinda","Indonesia","IDN","0","4","0","0","0","4","4","0","0","0","0","0","0","0","0","109574","0","0","0","109574","109574"
"2023-11-04","port1137","Samarinda","Indonesia","IDN","1","5","0","0","1","6","7","620","0","0","0","2705","620","3325","0","208953","0","0","93","208953","209046"
"2023-11-05","port1137","Samarinda","Indonesia","IDN","0","3","1","0","1","4","5","0","0","0","0","3071","0","3071","0","164075","789","0","0","164864","164864"
"2023-11-06","port1137","Samarinda","Indonesia","IDN","0","0","0","0","1","0","1","0","0","0","0","918","0","918","0","0","0","0","738","0","738"
"2023-11-07","port1137","Samarinda","Indonesia","IDN","1","4","1","0","1","6","7","2609","0","795","0","0","3404","3404","0","147323","1360","0","0","148684","148684"
"2023-11-08","port1137","Samarinda","Indonesia","IDN","1","8","1","0","0","10","10","1881","0","795","0","0","2676","2676","0","541109","1360","0","0","542469","542469"
"2023-11-09","port1137","Samarinda","Indonesia","IDN","3","6","1","0","2","10","12","3397","0","0","0","3624","3397","7021","0","181580","988","0","831","182568","183400"
"2023-11-10","port1137","Samarinda","Indonesia","IDN","0","2","1","0","0","3","3","0","0","795","0","0","795","795","0","1085","1360","0","0","2446","2446"
"2023-11-11","port1137","Samarinda","Indonesia","IDN","1","1","2","0","1","4","5","2078","0","170","0","0","2249","2249","0","54614","0","0","0","54614","54614"
"2023-11-12","port1137","Samarinda","Indonesia","IDN","1","6","0","0","0","7","7","2147","0","0","0","0","2147","2147","0","165196","0","0","0","165196","165196"
"2023-11-13","port1137","Samarinda","Indonesia","IDN","1","8","0","0","1","9","10","1231","0","0","0","918","1231","2149","0","459410","0","0","738","459410","460148"
"2023-11-14","port1137","Samarinda","Indonesia","IDN","2","5","0","0","1","7","8","3907","0","0","0","918","3907","4826","188","213480","0","0","738","213668","214406"
"2023-11-15","port1137","Samarinda","Indonesia","IDN","3","3","0","0","2","6","8","4364","0","0","0","1836","4364","6201","0","168934","0","0","1476","168934","170411"
"2023-11-16","port1137","Samarinda","Indonesia","IDN","0","0","0","0","0","0","0","0","0","0","0","0","0","0","0","0","0","0","0","0","0"
"2023-11-17","port1137","Samarinda","Indonesia","IDN","1","2","2","0","0","5","5","0","0","921","0","0","921","921","0","102597","0","0","0","102597","102597"
"2023-11-18","port1137","Samarinda","Indonesia","IDN","1","6","0","0","1","7","8","2160","0","0","0","100","2160","2261","0","300578","0","0","0","300578","300578"
"2023-11-19","port1137","Samarinda","Indonesia","IDN","0","3","1","0","1","4","5","0","0","795","0","0","795","795","0","81785","1360","0","0","83146","83146"
"2023-11-20","port1137","Samarinda","Indonesia","IDN","2","6","2","1","0","11","11","2369","0","795","143","0","3308","3308","831","258620","1360","70","0","260883","260883"
"2023-11-21","port1137","Samarinda","Indonesia","IDN","1","9","2","0","2","12","14","419","0","2982","0","5340","3402","8743","0","339896","1360","0","3505","341257","344763"
"2023-11-22","port1137","Samarinda","Indonesia","IDN","0","5","1","0","4","6","10","0","0","0","0","3814","0","3814","0","257121","0","0","857","257121","257979"
"2023-11-23","port1137","Samarinda","Indonesia","IDN","0","4","0","0","1","4","5","0","0","0","0","918","0","918","0","166453","0","0","738","166453","167192"
"2023-11-24","port1137","Samarinda","Indonesia","IDN","2","6","0","0","0","8","8","1235","0","0","0","0","1235","1235","0","200350","0","0","0","200350","200350"
"2023-11-25","port1137","Samarinda","Indonesia","IDN","1","1","1","0","0","3","3","435","0","0","0","0","435","435","0","24975","171","0","0","25147","25147"
"2023-11-26","port1137","Samarinda","Indonesia","IDN","1","2","0","0","0","3","3","408","0","0","0","0","408","408","0","51282","0","0","0","51282","51282"
"2023-11-27","port1137","Samarinda","Indonesia","IDN","2","2","0","1","2","5","7","623","0","0","143","2881","766","3648","0","103986","0","70","93","104056","104149"
"2023-11-28","port1137","Samarinda","Indonesia","IDN","2","5","1","0","1","8","9","3386","0","795","0","0","4181","4181","188","199879","1360","0","0","201428","201428"
"2023-11-29","port1137","Samarinda","Indonesia","IDN","1","5","0","0","2","6","8","1670","0","0","0","918","1670","2588","0","239808","0","0","738","239808","240546"
"2023-11-30","port1137","Samarinda","Indonesia","IDN","1","6","0","0","0","7","7","1856","0","0","0","0","1856","1856","0","272897","0","0","0","272897","272897"
"2023-12-01","port1137","Samarinda","Indonesia","IDN","1","2","0","1","2","4","6","1298","0","0","143","0","1442","1442","188","144074","0","70","711","144332","145044"
"2023-12-02","port1137","Samarinda","Indonesia","IDN","3","5","0","0","1","8","9","5977","0","0","0","918","5977","6895","188","309370","0","0","738","309558","310296"
"2023-12-03","port1137","Samarinda","Indonesia","IDN","0","8","0","0","0","8","8","0","0","0","0","0","0","0","0","350853","0","0","0","350853","350853"
"2023-12-04","port1137","Samarinda","Indonesia","IDN","0","4","1","0","1","5","6","0","0","245","0","0","245","245","0","303150","0","0","0","303150","303150"
"2023-12-05","port1137","Samarinda","Indonesia","IDN","0","5","1","0","1","6","7","0","0","795","0","2705","795","3500","0","296560","1360","0","93","297921","298014"
"2023-12-06","port1137","Samarinda","Indonesia","IDN","0","2","1","0","1","3","4","0","0","795","0","918","795","1713","0","115291","1360","0","738","116651","117390"
"2023-12-07","port1137","Samarinda","Indonesia","IDN","1","2","2","0","0","5","5","1298","0","60","0","0","1359","1359","188","74555","512","0","0","75255","75255"
"2023-12-08","port1137","Samarinda","Indonesia","IDN","1","6","0","0","0","7","7","1856","0","0","0","0","1856","1856","0","187010","0","0","0","187010","187010"
"2023-12-09","port1137","Samarinda","Indonesia","IDN","2","3","0","0","2","5","7","3044","0","0","0","1207","3044","4251","0","106320","0","0","389","106320","106710"
"2023-12-10","port1137","Samarinda","Indonesia","IDN","0","1","2","0","0","3","3","0","0","795","0","0","795","795","0","51129","1360","0","0","52490","52490"
"2023-12-11","port1137","Samarinda","Indonesia","IDN","1","1","0","0","0","2","2","0","0","0","0","0","0","0","621","0","0","0","0","621","621"
"2023-12-12","port1137","Samarinda","Indonesia","IDN","1","4","0","0","1","5","6","0","0","0","0","8065","0","8065","0","162761","0","0","0","162761","162761"
"2023-12-13","port1137","Samarinda","Indonesia","IDN","1","2","1","0","3","4","7","1990","0","795","0","2125","2785","4911","0","76943","1360","0","1127","78304","79432"
"2023-12-14","port1137","Samarinda","Indonesia","IDN","1","4","1","0","1","6","7","1038","0","0","0","0","1038","1038","0","226147","0","0","0","226147","226147"
"2023-12-15","port1137","Samarinda","Indonesia","IDN","3","4","0","0","2","7","9","4993","0","0","0","0","4993","4993","188","125790","0","0","0","125979","125979"
"2023-12-16","port1137","Samarinda","Indonesia","IDN","2","4","1","0","0","7","7","2918","0","795","0","0","3713","3713","0","222169","1360","0","0","223530","223530"
"2023-12-17","port1137","Samarinda","Indonesia","IDN","1","4","0","0","0","5","5","1246","0","0","0","0","1246","1246","0","176712","0","0","0","176712","176712"
"2023-12-18","port1137","Samarinda","Indonesia","IDN","0","2","0","0","2","2","4","0","0","0","0","3624","0","3624","0","93307","0","0","831","93307","94138"
"2023-12-19","port1137","Samarinda","Indonesia","IDN","1","7","2","0","1","10","11","0","0","795","0","2635","795","3430","2294","336831","1360","0","3412","340486","343899"
"2023-12-20","port1137","Samarinda","Indonesia","IDN","0","6","0","0","1","6","7","0","0","0","0","918","0","918","0","261814","0","0","738","261814","262552"
"2023-12-21","port1137","Samarinda","Indonesia","IDN","2","4","1","0","2","7","9","1659","0","0","0","4628","1659","6288","0","177853","0","0","389","177853","178243"
"2023-12-22","port1137","Samarinda","Indonesia","IDN","1","1","0","0","0","2","2","1670","0","0","0","0","1670","1670","0","2427","0","0","0","2427","2427"
"2023-12-23","port1137","Samarinda","Indonesia","IDN","1","2","0","0","1","3","4","621","0","0","0","2357","621","2978","0","25912","0","0","0","25912","25912"
"2023-12-24","port1137","Samarinda","Indonesia","IDN","0","1","1","0","2","2","4","0","0","60","0","2125","60","2186","0","0","56","0","1127","56","1184"
"2023-12-25","port1137","Samarinda","Indonesia","IDN","1","4","1","0","0","6","6","1298","0","676","0","0","1975","1975","188","232263","0","0","0","232451","232451"
"2023-12-26","port1137","Samarinda","Indonesia","IDN","0","2","0","0","1","2","3","0","0","0","0","2622","0","2622","0","71293","0","0","0","71293","71293"
"2023-12-27","port1137","Samarinda","Indonesia","IDN","0","2","2","0","1","4","5","0","0","2727","0","0","2727","2727","0","41224","1360","0","0","42585","42585"
"2023-12-28","port1137","Samarinda","Indonesia","IDN","2","2","0","0","0","4","4","208","0","0","0","0","208","208","0","115193","0","0","0","115193","115193"
"2023-12-29","port1137","Samarinda","Indonesia","IDN","2","1","0","0","0","3","3","1023","0","0","0","0","1023","1023","0","0","0","0","0","0","0"
"2023-12-30","port1137","Samarinda","Indonesia","IDN","2","3","0","0","1","5","6","2105","0","0","0","0","2105","2105","188","83173","0","0","0","83361","83361"
"2023-12-31","port1137","Samarinda","Indonesia","IDN","1","1","1","0","1","3","4","630","0","0","0","308","630","939","0","27142","0","0","0","27142","27142"
"2024-01-01","port1137","Samarinda","Indonesia","IDN","0","2","1","0","1","3","4","0","0","169","0","0","169","169","0","87534","0","0","835","87534","88370"
"2024-01-02","port1137","Samarinda","Indonesia","IDN","1","3","1","0","1","5","6","207","0","0","0","918","207","1125","0","105083","1523","0","738","106607","107345"
"2024-01-03","port1137","Samarinda","Indonesia","IDN","1","2","0","0","1","3","4","7065","0","0","0","2877","7065","9943","0","51193","0","0","242","51193","51435"
"2024-01-04","port1137","Samarinda","Indonesia","IDN","1","5","0","0","1","6","7","1031","0","0","0","918","1031","1949","0","227407","0","0","738","227407","228146"
"2024-01-05","port1137","Samarinda","Indonesia","IDN","1","0","0","0","1","1","2","206","0","0","0","2705","206","2912","0","0","0","0","93","0","93"
"2024-01-06","port1137","Samarinda","Indonesia","IDN","2","1","1","0","0","4","4","3732","0","795","0","0","4527","4527","188","41224","1360","0","0","42773","42773"
"2024-01-07","port1137","Samarinda","Indonesia","IDN","2","3","0","0","0","5","5","205","0","0","0","0","205","205","0","101441","0","0","0","101441","101441"
"2024-01-08","port1137","Samarinda","Indonesia","IDN","0","3","0","0","1","3","4","0","0","0","0","0","0","0","0","127607","0","0","1223","127607","128831"
"2024-01-09","port1137","Samarinda","Indonesia","IDN","1","2","2","0","0","5","5","0","0","795","0","0","795","795","0","0","8277","0","0","8277","8277"
"2024-01-10","port1137","Samarinda","Indonesia","IDN","0","3","1","0","0","4","4","0","0","1053","0","0","1053","1053","0","106328","0","0","0","106328","106328"
"2024-01-11","port1137","Samarinda","Indonesia","IDN","2","4","1","0","0","7","7","1909","0","0","0","0","1909","1909","188","108948","0","0","0","109137","109137"
"2024-01-12","port1137","Samarinda","Indonesia","IDN","0","2","0","0","1","2","3","0","0","0","0","918","0","918","0","99150","0","0","738","99150","99888"
"2024-01-13","port1137","Samarinda","Indonesia","IDN","1","1","2","0","1","4","5","2288","0","1815","0","0","4103","4103","0","54548","0","0","0","54548","54548"
"2024-01-14","port1137","Samarinda","Indonesia","IDN","1","1","0","0","0","2","2","1298","0","0","0","0","1298","1298","188","53330","0","0","0","53518","53518"
"2024-01-15","port1137","Samarinda","Indonesia","IDN","2","2","1","0","1","5","6","2590","0","795","0","918","3385","4303","0","52643","1360","0","738","54004","54742"
"2024-01-16","port1137","Samarinda","Indonesia","IDN","1","3","1","0","2","5","7","677","0","0","0","918","677","1595","0","174559","9088","0","738","183648","184386"
"2024-01-17","port1137","Samarinda","Indonesia","IDN","0","3","1","0","0","4","4","0","0","795","0","0","795","795","0","72402","1360","0","0","73763","73763"
"2024-01-18","port1137","Samarinda","Indonesia","IDN","2","4","0","0","1","6","7","1674","0","0","0","918","1674","2592","0","160826","0","0","738","160826","161564"
"2024-01-19","port1137","Samarinda","Indonesia","IDN","2","2","1","0","1","5","6","5300","0","1226","0","1207","6526","7733","0","113359","0","0","389","113359","113748"
"2024-01-20","port1137","Samarinda","Indonesia","IDN","2","3","0","0","0","5","5","2597","0","0","0","0","2597","2597","376","135764","0","0","0","136140","136140"
"2024-01-21","port1137","Samarinda","Indonesia","IDN","0","1","2","0","0","3","3","0","0","1590","0","0","1590","1590","0","59855","2721","0","0","62577","62577"
"2024-01-22","port1137","Samarinda","Indonesia","IDN","1","4","1","0","2","6","8","1663","0","332","0","2827","1996","4823","0","143650","0","0","412","143650","144063"
"2024-01-23","port1137","Samarinda","Indonesia","IDN","1","1","0","0","1","2","3","5474","0","0","0","2705","5474","8180","0","0","0","0","93","0","93"
"2024-01-24","port1137","Samarinda","Indonesia","IDN","0","2","1","0","1","3","4","0","0","795","0","918","795","1713","0","122364","1360","0","738","123725","124463"
"2024-01-25","port1137","Samarinda","Indonesia","IDN","3","1","1","0","1","5","6","1246","0","0","0","0","1246","1246","0","51284","0","0","0","51284","51284"
"2024-01-26","port1137","Samarinda","Indonesia","IDN","1","6","0","0","0","7","7","2499","0","0","0","0","2499","2499","0","167447","0","0","0","167447","167447"
"2024-01-27","port1137","Samarinda","Indonesia","IDN","1","2","1","0","0","4","4","0","0","795","0","0","795","795","0","75827","1360","0","0","77188","77188"
"2024-01-28","port1137","Samarinda","Indonesia","IDN","3","3","2","0","0","8","8","2337","0","4367","0","0","6705","6705","603","120186","0","0","0","120790","120790"
"2024-01-29","port1137","Samarinda","Indonesia","IDN","1","4","1","0","0","6","6","1457","0","795","0","0","2252","2252","0","186914","1360","0","0","188274","188274"
"2024-01-30","port1137","Samarinda","Indonesia","IDN","2","2","4","0","1","8","9","2078","0","795","0","2705","2874","5579","0","53826","1360","0","93","55187","55280"
"2024-01-31","port1137","Samarinda","Indonesia","IDN","2","4","0","0","2","6","8","3370","0","0","0","918","3370","4289","0","99139","0","0","738","99139","99877"
"2024-02-01","port1137","Samarinda","Indonesia","IDN","1","1","0","0","1","2","3","0","0","0","0","10597","0","10597","0","0","0","0","0","0","0"
"2024-02-02","port1137","Samarinda","Indonesia","IDN","1","1","0","0","1","2","3","198","0","0","0","918","198","1116","0","0","0","0","738","0","738"
"2024-02-03","port1137","Samarinda","Indonesia","IDN","0","3","0","0","0","3","3","0","0","0","0","0","0","0","0","123195","0","0","0","123195","123195"
"2024-02-04","port1137","Samarinda","Indonesia","IDN","2","1","1","0","0","4","4","2969","0","0","0","0","2969","2969","188","43734","0","0","0","43922","43922"
"2024-02-05","port1137","Samarinda","Indonesia","IDN","2","3","1","0","0","6","6","4583","0","795","0","0","5379","5379","0","42309","1360","0","0","43670","43670"
"2024-02-06","port1137","Samarinda","Indonesia","IDN","1","1","0","0","0","2","2","1557","0","0","0","0","1557","1557","82","673","0","0","0","755","755"
"2024-02-07","port1137","Samarinda","Indonesia","IDN","1","1","2","0","0","4","4","1038","0","60","0","0","1099","1099","0","451","56","0","0","507","507"
"2024-02-08","port1137","Samarinda","Indonesia","IDN","3","2","1","0","0","6","6","3950","0","0","0","0","3950","3950","0","68888","0","0","0","68888","68888"
"2024-02-09","port1137","Samarinda","Indonesia","IDN","0","3","0","0","0","3","3","0","0","0","0","0","0","0","0","66028","0","0","0","66028","66028"
"2024-02-10","port1137","Samarinda","Indonesia","IDN","0","4","0","0","1","4","5","0","0","0","0","918","0","918","0","90263","0","0","738","90263","91001"
"2024-02-11","port1137","Samarinda","Indonesia","IDN","1","0","0","0","0","1","1","2558","0","0","0","0","2558","2558","0","0","0","0","0","0","0"
"2024-02-12","port1137","Samarinda","Indonesia","IDN","1","1","0","0","1","2","3","209","0","0","0","2705","209","2915","0","0","0","0","93","0","93"
"2024-02-13","port1137","Samarinda","Indonesia","IDN","2","1","0","0","2","3","5","1719","0","0","0","1836","1719","3556","188","1085","0","0","1476","1273","2749"
"2024-02-14","port1137","Samarinda","Indonesia","IDN","2","2","1","0","0","5","5","1452","0","60","0","0","1513","1513","0","109837","56","0","0","109893","109893"
"2024-02-15","port1137","Samarinda","Indonesia","IDN","0","2","1","0","0","3","3","0","0","0","0","0","0","0","0","77942","1285","0","0","79228","79228"
"2024-02-16","port1137","Samarinda","Indonesia","IDN","0","0","1","0","0","1","1","0","0","795","0","0","795","795","0","0","1360","0","0","1360","1360"
"2024-02-17","port1137","Samarinda","Indonesia","IDN","1","2","0","0","0","3","3","1075","0","0","0","0","1075","1075","0","96449","0","0","0","96449","96449"
"2024-02-18","port1137","Samarinda","Indonesia","IDN","1","3","1","0","2","5","7","198","0","0","0","918","198","1116","0","108419","7061","0","738","115481","116219"
"2024-02-19","port1137","Samarinda","Indonesia","IDN","1","3","0","0","0","4","4","833","0","0","0","0","833","833","0","109585","0","0","0","109585","109585"
"2024-02-20","port1137","Samarinda","Indonesia","IDN","0","0","0","0","1","0","1","0","0","0","0","918","0","918","0","0","0","0","738","0","738"
"2024-02-21","port1137","Samarinda","Indonesia","IDN","2","4","1","0","1","7","8","408","0","0","0","0","408","408","0","45676","0","0","0","45676","45676"
"2024-02-22","port1137","Samarinda","Indonesia","IDN","1","2","1","0","0","4","4","1247","0","795","0","0","2042","2042","0","90302","1360","0","0","91663","91663"
"2024-02-23","port1137","Samarinda","Indonesia","IDN","0","2","1","0","3","3","6","0","0","795","0","1207","795","2002","0","49476","1360","0","557","50837","51394"
"2024-02-24","port1137","Samarinda","Indonesia","IDN","1","0","1","0","0","2","2","222","0","0","0","0","222","222","0","0","0","0","0","0","0"
"2024-02-25","port1137","Samarinda","Indonesia","IDN","1","2","0","0","1","3","4","992","0","0","0","918","992","1910","0","82448","0","0","738","82448","83186"
"2024-02-26","port1137","Samarinda","Indonesia","IDN","2","5","0","0","2","7","9","2128","0","0","0","1836","2128","3965","188","166731","0","0","1476","166919","168395"
"2024-02-27","port1137","Samarinda","Indonesia","IDN","1","0","0","0","0","1","1","1699","0","0","0","0","1699","1699","0","0","0","0","0","0","0"
"2024-02-28","port1137","Samarinda","Indonesia","IDN","1","1","0","0","1","2","3","0","0","0","0","2404","0","2404","621","51114","0","0","0","51736","51736"
"2024-02-29","port1137","Samarinda","Indonesia","IDN","2","3","3","0","3","8","11","1864","0","2385","0","1207","4249","5457","0","2236","4082","0","389","6319","6709"
"2024-03-01","port1137","Samarinda","Indonesia","IDN","1","2","0","0","1","3","4","0","0","0","0","0","0","0","0","51167","0","0","251","51167","51418"
"2024-03-02","port1137","Samarinda","Indonesia","IDN","1","3","0","1","0","5","5","994","0","0","143","0","1137","1137","0","82776","0","70","0","82846","82846"
"2024-03-03","port1137","Samarinda","Indonesia","IDN","0","0","0","0","0","0","0","0","0","0","0","0","0","0","0","0","0","0","0","0","0"
"2024-03-04","port1137","Samarinda","Indonesia","IDN","1","1","0","0","0","2","2","1298","0","0","0","0","1298","1298","188","53596","0","0","0","53784","53784"
"2024-03-05","port1137","Samarinda","Indonesia","IDN","2","2","1","0","0","5","5","4143","0","795","0","0","4938","4938","0","106916","1360","0","0","108277","108277"
"2024-03-06","port1137","Samarinda","Indonesia","IDN","2","2","0","0","1","4","5","6417","0","0","0","918","6417","7335","0","92528","0","0","738","92528","93266"
"2024-03-07","port1137","Samarinda","Indonesia","IDN","1","2","1","0","0","4","4","0","0","0","0","0","0","0","0","0","0","0","0","0","0"
"2024-03-08","port1137","Samarinda","Indonesia","IDN","1","4","2","0","2","7","9","0","0","795","0","3624","795","4419","1762","136872","7527","0","831","146162","146994"
"2024-03-09","port1137","Samarinda","Indonesia","IDN","0","0","0","0","0","0","0","0","0","0","0","0","0","0","0","0","0","0","0","0","0"
"2024-03-10","port1137","Samarinda","Indonesia","IDN","2","1","1","0","1","4","5","3412","0","795","0","1207","4207","5415","188","53299","1360","0","389","54848","55238"
"2024-03-11","port1137","Samarinda","Indonesia","IDN","0","3","3","0","3","6","9","0","0","855","0","35682","855","36538","0","124351","1417","0","5459","125768","131227"
"2024-03-12","port1137","Samarinda","Indonesia","IDN","1","1","2","0","2","4","6","4310","0","1590","0","700","5900","6601","0","0","2721","0","0","2721","2721"
"2024-03-13","port1137","Samarinda","Indonesia","IDN","0","2","0","0","1","2","3","0","0","0","0","918","0","918","0","91311","0","0","738","91311","92050"
"2024-03-14","port1137","Samarinda","Indonesia","IDN","1","2","0","0","0","3","3","1864","0","0","0","0","1864","1864","0","59880","0","0","0","59880","59880"
"2024-03-15","port1137","Samarinda","Indonesia","IDN","2","1","0","0","1","3","4","1873","0","0","0","918","1873","2791","0","41224","0","0","738","41224","41962"
"2024-03-16","port1137","Samarinda","Indonesia","IDN","0","2","0","0","0","2","2","0","0","0","0","0","0","0","0","25361","0","0","0","25361","25361"
"2024-03-17","port1137","Samarinda","Indonesia","IDN","0","5","0","0","0","5","5","0","0","0","0","0","0","0","0","198823","0","0","0","198823","198823"
"2024-03-18","port1137","Samarinda","Indonesia","IDN","1","10","1","0","1","12","13","1298","0","60","0","251","1359","1610","188","543775","56","0","0","544020","544020"
"2024-03-19","port1137","Samarinda","Indonesia","IDN","0","3","0","0","2","3","5","0","0","0","0","4612","0","4612","0","113425","0","0","0","113425","113425"
"2024-03-20","port1137","Samarinda","Indonesia","IDN","1","8","0","0","1","9","10","1231","0","0","0","0","1231","1231","0","336942","0","0","0","336942","336942"
"2024-03-21","port1137","Samarinda","Indonesia","IDN","2","12","0","0","0","14","14","2597","0","0","0","0","2597","2597","376","440818","0","0","0","441194","441194"
"2024-03-22","port1137","Samarinda","Indonesia","IDN","1","6","3","0","2","10","12","0","0","3085","0","2705","3085","5791","0","145031","1690","0","93","146722","146815"
"2024-03-23","port1137","Samarinda","Indonesia","IDN","0","6","0","0","1","6","7","0","0","0","0","1207","0","1207","0","190590","0","0","389","190590","190980"
"2024-03-24","port1137","Samarinda","Indonesia","IDN","0","2","0","1","2","3","5","0","0","0","143","918","143","1061","0","68767","0","70","1240","68837","70077"
"2024-03-25","port1137","Samarinda","Indonesia","IDN","0","4","1","0","0","5","5","0","0","0","0","0","0","0","0","84897","0","0","0","84897","84897"
"2024-03-26","port1137","Samarinda","Indonesia","IDN","0","3","1","0","2","4","6","0","0","795","0","918","795","1713","0","138400","1360","0","868","139761","140629"
"2024-03-27","port1137","Samarinda","Indonesia","IDN","2","9","1","0","1","12","13","3558","0","1272","0","2635","4830","7466","188","257621","0","0","3412","257809","261222"
"2024-03-28","port1137","Samarinda","Indonesia","IDN","1","5","1","1","1","8","9","1298","0","0","143","0","1442","1442","188","217000","0","70","0","217258","217258"
"2024-03-29","port1137","Samarinda","Indonesia","IDN","0","3","1","0","0","4","4","0","0","795","0","0","795","795","0","35482","1360","0","0","36843","36843"
"2024-03-30","port1137","Samarinda","Indonesia","IDN","2","7","0","0","1","9","10","596","0","0","0","0","596","596","0","250923","0","0","0","250923","250923"
"2024-03-31","port1137","Samarinda","Indonesia","IDN","1","5","0","0","1","6","7","0","0","0","0","2635","0","2635","0","168681","0","0","3412","168681","172094"
"2024-04-01","port1137","Samarinda","Indonesia","IDN","1","4","1","0","2","6","8","1298","0","795","0","343","2093","2437","188","190005","1360","0","0","191554","191554"
"2024-04-02","port1137","Samarinda","Indonesia","IDN","1","5","0","0","1","6","7","208","0","0","0","0","208","208","0","179337","0","0","0","179337","179337"
"2024-04-03","port1137","Samarinda","Indonesia","IDN","1","9","1","0","0","11","11","3173","0","60","0","0","3234","3234","0","321273","56","0","0","321330","321330"
"2024-04-04","port1137","Samarinda","Indonesia","IDN","1","4","2","0","1","7","8","1298","0","3009","0","918","4307","5226","188","160745","1360","0","738","162294","163032"
"2024-04-05","port1137","Samarinda","Indonesia","IDN","0","2","0","0","1","2","3","0","0","0","0","0","0","0","0","49947","0","0","0","49947","49947"
"2024-04-06","port1137","Samarinda","Indonesia","IDN","2","7","2","0","0","11","11","0","0","1520","0","0","1520","1520","1466","297743","1360","0","0","300570","300570"
"2024-04-07","port1137","Samarinda","Indonesia","IDN","2","6","1","0","3","9","12","394","0","0","0","4761","394","5155","1453","243152","0","0","4540","244606","249147"
"2024-04-08","port1137","Samarinda","Indonesia","IDN","1","5","0","1","1","7","8","350","0","0","287","0","637","637","0","181997","0","0","0","181997","181997"
"2024-04-09","port1137","Samarinda","Indonesia","IDN","0","3","1","0","1","4","5","0","0","60","0","918","60","979","0","122867","56","0","738","122924","123662"
"2024-04-10","port1137","Samarinda","Indonesia","IDN","0","5","0","0","0","5","5","0","0","0","0","0","0","0","0","231202","0","0","0","231202","231202"
"2024-04-11","port1137","Samarinda","Indonesia","IDN","0","8","0","0","2","8","10","0","0","0","0","918","0","918","0","220084","0","0","738","220084","220822"
"2024-04-12","port1137","Samarinda","Indonesia","IDN","0","3","1","0","0","4","4","0","0","0","0","0","0","0","0","154833","1353","0","0","156187","156187"
"2024-04-13","port1137","Samarinda","Indonesia","IDN","1","4","0","0","0","5","5","0","0","0","0","0","0","0","0","55167","0","0","0","55167","55167"
"2024-04-14","port1137","Samarinda","Indonesia","IDN","1","8","1","0","1","10","11","351","0","795","0","2705","1146","3852","0","219358","1360","0","93","220719","220812"
"2024-04-15","port1137","Samarinda","Indonesia","IDN","2","5","0","0","0","7","7","413","0","0","0","0","413","413","419","90241","0","0","0","90660","90660"
"2024-04-16","port1137","Samarinda","Indonesia","IDN","1","2","1","0","0","4","4","1298","0","1213","0","0","2512","2512","188","68586","0","0","0","68774","68774"
"2024-04-17","port1137","Samarinda","Indonesia","IDN","1","2","1","0","4","4","8","608","0","0","0","1443","608","2051","0","53970","0","0","6292","53970","60262"
"2024-04-18","port1137","Samarinda","Indonesia","IDN","0","5","0","0","2","5","7","0","0","0","0","918","0","918","0","110560","0","0","738","110560","111298"
"2024-04-19","port1137","Samarinda","Indonesia","IDN","0","4","1","0","1","5","6","0","0","795","0","0","795","795","0","156406","1360","0","0","157767","157767"
"2024-04-20","port1137","Samarinda","Indonesia","IDN","1","8","0","0","1","9","10","0","0","0","0","0","0","0","4289","352227","0","0","0","356517","356517"
"2024-04-21","port1137","Samarinda","Indonesia","IDN","2","5","1","0","1","8","9","1473","0","0","0","1207","1473","2680","188","187832","7426","0","389","195447","195837"
"2024-04-22","port1137","Samarinda","Indonesia","IDN","0","5","1","0","0","6","6","0","0","0","0","0","0","0","0","75675","1245","0","0","76920","76920"
"2024-04-23","port1137","Samarinda","Indonesia","IDN","4","5","2","0","1","11","12","2321","0","795","0","918","3116","4035","1049","95563","1360","0","738","97973","98712"
"2024-04-24","port1137","Samarinda","Indonesia","IDN","1","5","0","0","2","6","8","2151","0","0","0","918","2151","3070","0","57378","0","0","738","57378","58116"
"2024-04-25","port1137","Samarinda","Indonesia","IDN","1","5","0","0","1","6","7","0","0","0","0","818","0","818","0","189800","0","0","0","189800","189800"
"2024-04-26","port1137","Samarinda","Indonesia","IDN","1","5","1","0","1","7","8","1298","0","795","0","918","2093","3012","188","248882","1360","0","738","250431","251169"
"2024-04-27","port1137","Samarinda","Indonesia","IDN","0","4","0","0","1","4","5","0","0","0","0","918","0","918","0","94914","0","0","738","94914","95652"
"2024-04-28","port1137","Samarinda","Indonesia","IDN","2","2","1","0","1","5","6","2597","0","795","0","5245","3392","8638","376","145374","1360","0","0","147111","147111"
"2024-04-29","port1137","Samarinda","Indonesia","IDN","0","3","1","0","2","4","6","0","0","60","0","918","60","979","0","79897","56","0","738","79954","80692"
"2024-04-30","port1137","Samarinda","Indonesia","IDN","1","5","1","0","0","7","7","208","0","7350","0","0","7558","7558","0","221771","0","0","0","221771","221771"
"2024-05-01","port1137","Samarinda","Indonesia","IDN","1","3","0","0","1","4","5","611","0","0","0","918","611","1529","0","137637","0","0","738","137637","138376"
"2024-05-02","port1137","Samarinda","Indonesia","IDN","2","5","0","0","2","7","9","2273","0","0","0","1836","2273","4110","0","161531","0","0","1476","161531","163008"
"2024-05-03","port1137","Samarinda","Indonesia","IDN","1","2","0","0","1","3","4","1298","0","0","0","918","1298","2217","188","116711","0","0","738","116899","117638"
"2024-05-04","port1137","Samarinda","Indonesia","IDN","1","7","1","0","0","9","9","3452","0","2213","0","0","5666","5666","0","270143","0","0","0","270143","270143"
"2024-05-05","port1137","Samarinda","Indonesia","IDN","0","7","1","0","1","8","9","0","0","0","0","0","0","0","0","196082","0","0","0","196082","196082"
"2024-05-06","port1137","Samarinda","Indonesia","IDN","2","2","0","0","1","4","5","1987","0","0","0","2163","1987","4150","0","41224","0","0","0","41224","41224"
"2024-05-07","port1137","Samarinda","Indonesia","IDN","1","6","1","0","0","8","8","0","0","0","0","0","0","0","0","179982","0","0","0","179982","179982"
"2024-05-08","port1137","Samarinda","Indonesia","IDN","0","9","0","0","3","9","12","0","0","0","0","1081","0","1081","0","366963","0","0","738","366963","367701"
"2024-05-09","port1137","Samarinda","Indonesia","IDN","3","6","1","0","0","10","10","618","0","795","0","0","1413","1413","210","283100","1360","0","0","284672","284672"
"2024-05-10","port1137","Samarinda","Indonesia","IDN","1","3","0","0","1","4","5","1267","0","0","0","0","1267","1267","0","182483","0","0","0","182483","182483"
"2024-05-11","port1137","Samarinda","Indonesia","IDN","1","6","0","0","1","7","8","1238","0","0","0","918","1238","2157","0","238421","0","0","738","238421","239159"
"2024-05-12","port1137","Samarinda","Indonesia","IDN","1","5","3","0","1","9","10","6827","0","60","0","2046","6888","8935","0","206598","9174","0","0","215773","215773"
"2024-05-13","port1137","Samarinda","Indonesia","IDN","2","7","0","0","1","9","10","4827","0","0","0","83","4827","4911","0","155320","0","0","0","155320","155320"
"2024-05-14","port1137","Samarinda","Indonesia","IDN","2","2","1","0","0","5","5","4043","0","1377","0","0","5421","5421","0","117458","0","0","0","117458","117458"
"2024-05-15","port1137","Samarinda","Indonesia","IDN","1","7","0","0","2","8","10","2069","0","0","0","918","2069","2987","0","277786","0","0","738","277786","278524"
"2024-05-16","port1137","Samarinda","Indonesia","IDN","1","3","1","0","3","5","8","0","0","795","0","3553","795","4348","0","95179","1360","0","4685","96540","101225"
"2024-05-17","port1137","Samarinda","Indonesia","IDN","2","8","1","0","1","11","12","4196","0","0","0","918","4196","5114","0","319856","314","0","738","320170","320908"
"2024-05-18","port1137","Samarinda","Indonesia","IDN","0","2","1","0","1","3","4","0","0","0","0","1207","0","1207","0","104570","0","0","389","104570","104959"
"2024-05-19","port1137","Samarinda","Indonesia","IDN","2","4","0","0","0","6","6","1918","0","0","0","0","1918","1918","0","76285","0","0","0","76285","76285"
"2024-05-20","port1137","Samarinda","Indonesia","IDN","2","2","2","0","0","6","6","686","0","1875","0","0","2562","2562","0","95750","13983","0","0","109734","109734"
"2024-05-21","port1137","Samarinda","Indonesia","IDN","0","4","0","0","0","4","4","0","0","0","0","0","0","0","0","188701","0","0","0","188701","188701"
"2024-05-22","port1137","Samarinda","Indonesia","IDN","1","9","1","0","1","11","12","1298","0","60","0","0","1359","1359","188","281534","56","0","0","281779","281779"
"2024-05-23","port1137","Samarinda","Indonesia","IDN","1","6","1","0","2","8","10","1446","0","2336","0","0","3783","3783","0","228096","0","0","516","228096","228612"
"2024-05-24","port1137","Samarinda","Indonesia","IDN","1","6","1","0","1","8","9","0","0","0","0","918","0","918","0","202196","1051","0","738","203247","203986"
"2024-05-25","port1137","Samarinda","Indonesia","IDN","2","6","1","0","2","9","11","1918","0","2569","0","918","4488","5406","188","270525","0","0","738","270713","271451"
"2024-05-26","port1137","Samarinda","Indonesia","IDN","0","3","2","0","1","5","6","0","0","795","0","918","795","1713","0","50583","1360","0","738","51944","52682"
"2024-05-27","port1137","Samarinda","Indonesia","IDN","1","8","2","0","2","11","13","1452","0","795","0","2635","2248","4883","0","325023","1360","0","3412","326384","329797"
"2024-05-28","port1137","Samarinda","Indonesia","IDN","1","7","0","0","2","8","10","1223","0","0","0","918","1223","2141","0","200919","0","0","738","200919","201658"
"2024-05-29","port1137","Samarinda","Indonesia","IDN","2","6","0","0","0","8","8","4760","0","0","0","0","4760","4760","0","237294","0","0","0","237294","237294"
"2024-05-30","port1137","Samarinda","Indonesia","IDN","2","6","2","0","1","10","11","2142","0","476","0","0","2619","2619","0","309835","0","0","0","309835","309835"
"2024-05-31","port1137","Samarinda","Indonesia","IDN","1","7","1","0","1","9","10","1298","0","795","0","918","2093","3012","188","263254","1360","0","738","264803","265541"
"2024-06-01","port1137","Samarinda","Indonesia","IDN","1","5","3","0","0","9","9","0","0","795","0","0","795","795","998","203987","1360","0","0","206347","206347"
"2024-06-02","port1137","Samarinda","Indonesia","IDN","0","5","3","0","1","8","9","0","0","1429","0","918","1429","2348","0","156186","0","0","738","156186","156924"
"2024-06-03","port1137","Samarinda","Indonesia","IDN","1","5","0","0","2","6","8","0","0","0","0","1836","0","1836","0","99778","0","0","1476","99778","101255"
"2024-06-04","port1137","Samarinda","Indonesia","IDN","1","5","0","0","0","6","6","617","0","0","0","0","617","617","0","193940","0","0","0","193940","193940"
"2024-06-05","port1137","Samarinda","Indonesia","IDN","2","2","0","0","1","4","5","1557","0","0","0","2635","1557","4192","2699","41224","0","0","3412","43923","47336"
"2024-06-06","port1137","Samarinda","Indonesia","IDN","3","3","0","0","1","6","7","1509","0","0","0","918","1509","2427","188","82448","0","0","738","82636","83374"
"2024-06-07","port1137","Samarinda","Indonesia","IDN","1","5","2","0","0","8","8","1049","0","0","0","0","1049","1049","0","273474","0","0","0","273474","273474"
"2024-06-08","port1137","Samarinda","Indonesia","IDN","1","1","6","0","1","8","9","0","0","6678","0","918","6678","7597","825","0","2721","0","738","3547","4285"
"2024-06-09","port1137","Samarinda","Indonesia","IDN","1","6","2","0","2","9","11","2113","0","558","0","1207","2671","3879","0","301476","56","0","389","301533","301922"
"2024-06-10","port1137","Samarinda","Indonesia","IDN","1","6","1","0","1","8","9","1344","0","0","0","2635","1344","3979","0","260216","0","0","3412","260216","263628"
"2024-06-11","port1137","Samarinda","Indonesia","IDN","1","5","0","0","1","6","7","3457","0","0","0","918","3457","4376","0","89203","0","0","738","89203","89942"
"2024-06-12","port1137","Samarinda","Indonesia","IDN","1","3","1","0","1","5","6","1298","0","0","0","918","1298","2217","188","22632","0","0","738","22820","23559"
"2024-06-13","port1137","Samarinda","Indonesia","IDN","2","10","0","0","1","12","13","2154","0","0","0","918","2154","3072","0","311185","0","0","738","311185","311923"
"2024-06-14","port1137","Samarinda","Indonesia","IDN","0","1","1","0","1","2","3","0","0","169","0","0","169","169","0","0","0","0","0","0","0"
"2024-06-15","port1137","Samarinda","Indonesia","IDN","0","6","0","0","1","6","7","0","0","0","0","3224","0","3224","0","273848","0","0","0","273848","273848"
"2024-06-16","port1137","Samarinda","Indonesia","IDN","0","2","1","0","0","3","3","0","0","0","0","0","0","0","0","46811","0","0","0","46811","46811"
"2024-06-17","port1137","Samarinda","Indonesia","IDN","2","7","2","0","1","11","12","3596","0","795","0","2635","4391","7026","188","246779","5086","0","3412","252053","255466"
"2024-06-18","port1137","Samarinda","Indonesia","IDN","0","7","0","0","1","7","8","0","0","0","0","0","0","0","0","158527","0","0","0","158527","158527"
"2024-06-19","port1137","Samarinda","Indonesia","IDN","2","6","1","0","1","9","10","1298","0","2211","0","0","3510","3510","188","250334","0","0","5245","250522","255767"
"2024-06-20","port1137","Samarinda","Indonesia","IDN","2","2","1","0","0","5","5","0","0","0","0","0","0","0","1049","68358","8172","0","0","77580","77580"
"2024-06-21","port1137","Samarinda","Indonesia","IDN","1","3","0","0","2","4","6","2321","0","0","0","377","2321","2699","0","129358","0","0","0","129358","129358"
"2024-06-22","port1137","Samarinda","Indonesia","IDN","0","6","0","0","1","6","7","0","0","0","0","0","0","0","0","189981","0","0","3224","189981","193205"
"2024-06-23","port1137","Samarinda","Indonesia","IDN","1","6","1","0","1","8","9","1452","0","0","0","918","1452","2371","0","230596","0","0","738","230596","231335"
"2024-06-24","port1137","Samarinda","Indonesia","IDN","0","5","0","0","0","5","5","0","0","0","0","0","0","0","0","249243","0","0","0","249243","249243"
"2024-06-25","port1137","Samarinda","Indonesia","IDN","0","6","2","0","0","8","8","0","0","1006","0","0","1006","1006","0","133897","0","0","0","133897","133897"
"2024-06-26","port1137","Samarinda","Indonesia","IDN","1","7","0","0","1","8","9","206","0","0","0","918","206","1125","0","206214","0","0","738","206214","206952"
"2024-06-27","port1137","Samarinda","Indonesia","IDN","2","8","1","0","1","11","12","210","0","0","0","0","210","210","0","396765","0","0","0","396765","396765"
"2024-06-28","port1137","Samarinda","Indonesia","IDN","1","2","1","0","2","4","6","0","0","60","0","2635","60","2696","197","71025","56","0","3412","71280","74693"
"2024-06-29","port1137","Samarinda","Indonesia","IDN","0","3","2","0","2","5","7","0","0","795","0","1836","795","2632","0","104589","1401","0","1476","105990","107467"
"2024-06-30","port1137","Samarinda","Indonesia","IDN","0","5","0","0","1","5","6","0","0","0","0","501","0","501","0","113662","0","0","0","113662","113662"
"2024-07-01","port1137","Samarinda","Indonesia","IDN","1","7","1","0","0","9","9","0","0","1004","0","0","1004","1004","0","310390","0","0","0","310390","310390"
"2024-07-02","port1137","Samarinda","Indonesia","IDN","2","7","3","0","1","12","13","2959","0","1303","0","0","4262","4262","0","255810","0","0","0","255810","255810"
"2024-07-03","port1137","Samarinda","Indonesia","IDN","0","2","0","0","1","2","3","0","0","0","0","1620","0","1620","0","134348","0","0","23","134348","134371"
"2024-07-04","port1137","Samarinda","Indonesia","IDN","3","3","0","0","1","6","7","3828","0","0","0","0","3828","3828","188","99307","0","0","3224","99495","102720"
"2024-07-05","port1137","Samarinda","Indonesia","IDN","0","4","0","0","1","4","5","0","0","0","0","918","0","918","0","163178","0","0","738","163178","163917"
"2024-07-06","port1137","Samarinda","Indonesia","IDN","1","5","1","0","0","7","7","1382","0","2384","0","0","3766","3766","0","236864","0","0","0","236864","236864"
"2024-07-07","port1137","Samarinda","Indonesia","IDN","1","2","2","0","1","5","6","0","0","60","0","0","60","60","2499","33971","56","0","0","36527","36527"
"2024-07-08","port1137","Samarinda","Indonesia","IDN","1","7","0","0","1","8","9","2294","0","0","0","918","2294","3212","0","276193","0","0","738","276193","276931"
"2024-07-09","port1137","Samarinda","Indonesia","IDN","1","2","3","0","0","6","6","210","0","10061","0","0","10271","10271","0","49630","1360","0","0","50991","50991"
"2024-07-10","port1137","Samarinda","Indonesia","IDN","0","4","2","0","0","6","6","0","0","795","0","0","795","795","0","170653","1360","0","0","172014","172014"
"2024-07-11","port1137","Samarinda","Indonesia","IDN","1","5","0","0","3","6","9","1606","0","0","0","918","1606","2524","0","148956","0","0","738","148956","149694"
"2024-07-12","port1137","Samarinda","Indonesia","IDN","1","1","2","0","1","4","5","2292","0","60","0","0","2353","2353","0","41224","964","0","3656","42189","45845"
"2024-07-13","port1137","Samarinda","Indonesia","IDN","0","5","1","0","0","6","6","0","0","795","0","0","795","795","0","226793","1360","0","0","228154","228154"
"2024-07-14","port1137","Samarinda","Indonesia","IDN","0","5","0","0","0","5","5","0","0","0","0","0","0","0","0","180172","0","0","0","180172","180172"
"2024-07-15","port1137","Samarinda","Indonesia","IDN","0","9","2","0","1","11","12","0","0","1006","0","918","1006","1925","0","326764","0","0","738","326764","327502"
"2024-07-16","port1137","Samarinda","Indonesia","IDN","1","4","2","0","0","7","7","2113","0","1395","0","0","3508","3508","0","86337","1360","0","0","87698","87698"
"2024-07-17","port1137","Samarinda","Indonesia","IDN","0","4","0","0","2","4","6","0","0","0","0","918","0","918","0","138584","0","0","738","138584","139322"
"2024-07-18","port1137","Samarinda","Indonesia","IDN","2","1","0","0","1","3","4","2695","0","0","0","918","2695","3614","0","46426","0","0","738","46426","47165"
"2024-07-19","port1137","Samarinda","Indonesia","IDN","0","3","2","0","2","5","7","0","0","795","0","918","795","1713","0","2427","1360","0","738","3788","4526"
"2024-07-20","port1137","Samarinda","Indonesia","IDN","0","5","0","0","0","5","5","0","0","0","0","0","0","0","0","150336","0","0","0","150336","150336"
"2024-07-21","port1137","Samarinda","Indonesia","IDN","0","7","0","0","2","7","9","0","0","0","0","918","0","918","0","208735","0","0","738","208735","209473"
"2024-07-22","port1137","Samarinda","Indonesia","IDN","1","8","1","0","1","10","11","630","0","729","0","701","1360","2061","0","284217","0","0","0","284217","284217"
"2024-07-23","port1137","Samarinda","Indonesia","IDN","0","3","0","0","1","3","4","0","0","0","0","0","0","0","0","155917","0","0","0","155917","155917"
"2024-07-24","port1137","Samarinda","Indonesia","IDN","0","4","1","0","2","5","7","0","0","2550","0","0","2550","2550","0","184207","0","0","0","184207","184207"
"2024-07-25","port1137","Samarinda","Indonesia","IDN","0","5","0","0","0","5","5","0","0","0","0","0","0","0","0","215842","0","0","0","215842","215842"
"2024-07-26","port1137","Samarinda","Indonesia","IDN","1","4","0","0","3","5","8","0","0","0","0","918","0","918","0","223151","0","0","738","223151","223890"
"2019-02-12","port1137","Samarinda","Indonesia","IDN","0","3","0","0","1","3","4","0","0","0","0","2877","0","2877","0","92360","0","0","242","92360","92602"
"2022-05-25","port1137","Samarinda","Indonesia","IDN","1","2","1","0","0","4","4","1658","0","0","0","0","1658","1658","0","54401","596","0","0","54997","54997"
"2021-04-25","port1137","Samarinda","Indonesia","IDN","0","7","0","0","0","7","7","0","0","0","0","0","0","0","0","263210","0","0","0","263210","263210"
"2021-04-26","port1137","Samarinda","Indonesia","IDN","0","5","0","0","0","5","5","0","0","0","0","0","0","0","0","123672","0","0","0","123672","123672"
"2021-04-27","port1137","Samarinda","Indonesia","IDN","1","8","1","0","0","10","10","1298","0","0","0","0","1298","1298","188","320112","0","0","0","320300","320300"
"2021-04-28","port1137","Samarinda","Indonesia","IDN","2","5","0","0","1","7","8","1298","0","0","0","1207","1298","2506","914","132555","0","0","389","133469","133859"
"2021-04-29","port1137","Samarinda","Indonesia","IDN","2","3","0","0","1","5","6","1298","0","0","0","918","1298","2217","188","82448","0","0","738","82636","83374"
"2021-04-30","port1137","Samarinda","Indonesia","IDN","0","3","0","0","1","3","4","0","0","0","0","918","0","918","0","82448","0","0","738","82448","83186"
"2021-05-01","port1137","Samarinda","Indonesia","IDN","0","0","0","0","0","0","0","0","0","0","0","0","0","0","0","0","0","0","0","0","0"
"2021-05-02","port1137","Samarinda","Indonesia","IDN","1","5","1","0","0","7","7","1298","0","795","0","0","2093","2093","188","227246","1360","0","0","228795","228795"
"2021-05-03","port1137","Samarinda","Indonesia","IDN","0","6","0","0","0","6","6","0","0","0","0","0","0","0","0","250474","0","0","0","250474","250474"
"2021-05-04","port1137","Samarinda","Indonesia","IDN","0","3","1","0","0","4","4","0","0","0","0","0","0","0","0","137359","0","0","0","137359","137359"
"2021-05-05","port1137","Samarinda","Indonesia","IDN","2","4","0","0","0","6","6","5829","0","0","0","0","5829","5829","0","162768","0","0","0","162768","162768"
"2021-05-06","port1137","Samarinda","Indonesia","IDN","0","5","0","0","0","5","5","0","0","0","0","0","0","0","0","344192","0","0","0","344192","344192"
"2021-05-07","port1137","Samarinda","Indonesia","IDN","0","3","1","0","1","4","5","0","0","795","0","1207","795","2002","0","167799","1360","0","389","169160","169550"
"2021-05-08","port1137","Samarinda","Indonesia","IDN","0","3","0","0","0","3","3","0","0","0","0","0","0","0","0","148286","0","0","0","148286","148286"
"2021-05-09","port1137","Samarinda","Indonesia","IDN","0","2","0","0","1","2","3","0","0","0","0","2635","0","2635","0","50870","0","0","3412","50870","54283"
"2021-05-10","port1137","Samarinda","Indonesia","IDN","1","3","0","0","0","4","4","1852","0","0","0","0","1852","1852","0","172998","0","0","0","172998","172998"
"2021-05-11","port1137","Samarinda","Indonesia","IDN","1","6","0","0","1","7","8","1298","0","0","0","2705","1298","4004","188","276716","0","0","93","276904","276997"
"2021-05-12","port1137","Samarinda","Indonesia","IDN","0","4","0","0","0","4","4","0","0","0","0","0","0","0","0","149739","0","0","0","149739","149739"
"2021-05-13","port1137","Samarinda","Indonesia","IDN","0","1","1","0","0","2","2","0","0","795","0","0","795","795","0","49776","1360","0","0","51137","51137"
"2021-05-14","port1137","Samarinda","Indonesia","IDN","0","7","0","0","0","7","7","0","0","0","0","0","0","0","0","280758","0","0","0","280758","280758"
"2019-02-13","port1137","Samarinda","Indonesia","IDN","0","3","1","0","0","4","4","0","0","1981","0","0","1981","1981","0","87397","0","0","0","87397","87397"
"2022-05-26","port1137","Samarinda","Indonesia","IDN","2","3","1","0","0","6","6","0","0","2165","0","0","2165","2165","630","74557","0","0","0","75188","75188"
"2019-02-14","port1137","Samarinda","Indonesia","IDN","2","5","1","0","0","8","8","2730","0","340","0","0","3070","3070","188","166019","0","0","0","166207","166207"
"2022-05-27","port1137","Samarinda","Indonesia","IDN","1","4","1","0","0","6","6","3113","0","0","0","0","3113","3113","0","277600","1529","0","0","279129","279129"
"2019-02-15","port1137","Samarinda","Indonesia","IDN","0","5","0","0","0","5","5","0","0","0","0","0","0","0","0","258891","0","0","0","258891","258891"
"2021-05-15","port1137","Samarinda","Indonesia","IDN","0","5","1","0","0","6","6","0","0","795","0","0","795","795","0","302560","1360","0","0","303921","303921"
"2022-05-28","port1137","Samarinda","Indonesia","IDN","0","5","1","0","2","6","8","0","0","795","0","787","795","1582","0","252418","1360","0","835","253778","254614"
"2019-02-16","port1137","Samarinda","Indonesia","IDN","1","4","0","0","0","5","5","0","0","0","0","0","0","0","1236","189134","0","0","0","190371","190371"
"2021-05-16","port1137","Samarinda","Indonesia","IDN","0","4","0","0","0","4","4","0","0","0","0","0","0","0","0","172863","0","0","0","172863","172863"
"2022-05-29","port1137","Samarinda","Indonesia","IDN","0","5","1","0","0","6","6","0","0","0","0","0","0","0","0","224007","0","0","0","224007","224007"
"2019-02-17","port1137","Samarinda","Indonesia","IDN","0","4","0","0","0","4","4","0","0","0","0","0","0","0","0","113477","0","0","0","113477","113477"
"2021-05-17","port1137","Samarinda","Indonesia","IDN","0","5","1","0","1","6","7","0","0","0","0","918","0","918","0","125950","2179","0","738","128129","128868"
"2022-05-30","port1137","Samarinda","Indonesia","IDN","2","5","1","0","1","8","9","2748","0","0","0","0","2748","2748","188","253711","0","0","0","253899","253899"
"2019-02-18","port1137","Samarinda","Indonesia","IDN","1","4","0","0","0","5","5","0","0","0","0","0","0","0","0","233750","0","0","0","233750","233750"
"2021-05-18","port1137","Samarinda","Indonesia","IDN","0","3","0","0","0","3","3","0","0","0","0","0","0","0","0","123672","0","0","0","123672","123672"
"2022-05-31","port1137","Samarinda","Indonesia","IDN","2","4","1","0","0","7","7","1453","0","1097","0","0","2551","2551","0","166932","0","0","0","166932","166932"
"2019-02-19","port1137","Samarinda","Indonesia","IDN","1","5","1","0","0","7","7","1298","0","0","0","0","1298","1298","188","166416","0","0","0","166604","166604"
"2021-05-19","port1137","Samarinda","Indonesia","IDN","0","4","1","0","0","5","5","0","0","795","0","0","795","795","0","153819","1360","0","0","155180","155180"
"2022-06-01","port1137","Samarinda","Indonesia","IDN","0","6","0","1","0","7","7","0","0","0","143","0","143","143","0","217259","0","70","0","217330","217330"
"2019-02-20","port1137","Samarinda","Indonesia","IDN","0","7","0","0","2","7","9","0","0","0","0","918","0","918","0","268509","0","0","1041","268509","269551"
"2021-05-20","port1137","Samarinda","Indonesia","IDN","0","7","0","0","0","7","7","0","0","0","0","0","0","0","0","278799","0","0","0","278799","278799"
"2022-06-02","port1137","Samarinda","Indonesia","IDN","0","2","0","0","1","2","3","0","0","0","0","787","0","787","0","41224","0","0","0","41224","41224"
"2019-02-21","port1137","Samarinda","Indonesia","IDN","0","6","1","0","1","7","8","0","0","795","0","918","795","1713","0","187590","1360","0","738","188951","189689"
"2021-05-21","port1137","Samarinda","Indonesia","IDN","0","12","1","0","0","13","13","0","0","60","0","0","60","60","0","446920","56","0","0","446977","446977"
"2022-06-03","port1137","Samarinda","Indonesia","IDN","1","4","1","0","1","6","7","0","0","0","0","5439","0","5439","1864","272443","0","0","0","274307","274307"
"2019-02-22","port1137","Samarinda","Indonesia","IDN","0","10","0","0","0","10","10","0","0","0","0","0","0","0","0","362993","0","0","0","362993","362993"
"2021-05-22","port1137","Samarinda","Indonesia","IDN","0","4","1","0","0","5","5","0","0","795","0","0","795","795","0","164897","1360","0","0","166257","166257"
"2022-06-04","port1137","Samarinda","Indonesia","IDN","2","5","2","0","0","9","9","1298","0","1590","0","0","2889","2889","1108","237273","2721","0","0","241102","241102"
"2019-02-23","port1137","Samarinda","Indonesia","IDN","0","2","1","0","0","3","3","0","0","0","0","0","0","0","0","41224","5795","0","0","47020","47020"
"2021-05-23","port1137","Samarinda","Indonesia","IDN","0","4","0","0","1","4","5","0","0","0","0","1207","0","1207","0","148225","0","0","389","148225","148615"
"2022-06-05","port1137","Samarinda","Indonesia","IDN","3","4","0","0","0","7","7","2597","0","0","0","0","2597","2597","376","107252","0","0","0","107628","107628"
"2019-02-24","port1137","Samarinda","Indonesia","IDN","0","3","2","0","0","5","5","0","0","678","0","0","678","678","0","167851","1164","0","0","169015","169015"
"2021-05-24","port1137","Samarinda","Indonesia","IDN","0","8","1","0","1","9","10","0","0","0","0","0","0","0","0","291786","0","0","866","291786","292652"
"2022-06-06","port1137","Samarinda","Indonesia","IDN","2","7","0","0","0","9","9","2597","0","0","0","0","2597","2597","376","295421","0","0","0","295797","295797"
"2019-02-25","port1137","Samarinda","Indonesia","IDN","0","10","0","0","0","10","10","0","0","0","0","0","0","0","0","393109","0","0","0","393109","393109"
"2021-05-25","port1137","Samarinda","Indonesia","IDN","2","4","0","0","0","6","6","3558","0","0","0","0","3558","3558","188","211702","0","0","0","211890","211890"
"2022-06-07","port1137","Samarinda","Indonesia","IDN","0","3","2","0","0","5","5","0","0","1590","0","0","1590","1590","0","95956","2721","0","0","98677","98677"
"2019-02-26","port1137","Samarinda","Indonesia","IDN","1","10","2","0","0","13","13","1298","0","795","0","0","2093","2093","188","438871","2578","0","0","441638","441638"
"2021-05-26","port1137","Samarinda","Indonesia","IDN","0","8","0","0","0","8","8","0","0","0","0","0","0","0","0","348149","0","0","0","348149","348149"
"2022-06-08","port1137","Samarinda","Indonesia","IDN","0","7","2","0","0","9","9","0","0","2867","0","0","2867","2867","0","248392","1360","0","0","249753","249753"
"2019-02-27","port1137","Samarinda","Indonesia","IDN","1","2","1","0","0","4","4","0","0","795","0","0","795","795","421","41224","1360","0","0","43006","43006"
"2021-05-27","port1137","Samarinda","Indonesia","IDN","0","9","0","0","0","9","9","0","0","0","0","0","0","0","0","297804","0","0","0","297804","297804"
"2022-06-09","port1137","Samarinda","Indonesia","IDN","3","4","1","0","1","8","9","4662","0","363","0","918","5025","5944","376","205263","0","0","738","205639","206377"
"2021-05-28","port1137","Samarinda","Indonesia","IDN","0","5","1","0","0","6","6","0","0","0","0","0","0","0","0","164897","2273","0","0","167170","167170"
"2022-06-10","port1137","Samarinda","Indonesia","IDN","0","8","1","0","2","9","11","0","0","853","0","954","853","1808","0","334812","0","0","0","334812","334812"
"2019-02-28","port1137","Samarinda","Indonesia","IDN","1","10","0","0","1","11","12","0","0","0","0","918","0","918","0","404203","0","0","738","404203","404941"
"2021-05-29","port1137","Samarinda","Indonesia","IDN","0","5","0","0","0","5","5","0","0","0","0","0","0","0","0","189540","0","0","0","189540","189540"
"2022-06-11","port1137","Samarinda","Indonesia","IDN","1","3","1","0","0","5","5","0","0","795","0","0","795","795","0","132577","1360","0","0","133938","133938"
"2019-03-01","port1137","Samarinda","Indonesia","IDN","1","5","1","0","0","7","7","1298","0","7653","0","0","8952","8952","188","148412","0","0","0","148600","148600"
"2021-05-30","port1137","Samarinda","Indonesia","IDN","0","7","0","0","0","7","7","0","0","0","0","0","0","0","0","288553","0","0","0","288553","288553"
"2022-06-12","port1137","Samarinda","Indonesia","IDN","1","10","0","0","0","11","11","1047","0","0","0","0","1047","1047","0","616238","0","0","0","616238","616238"
"2019-03-02","port1137","Samarinda","Indonesia","IDN","0","5","0","0","0","5","5","0","0","0","0","0","0","0","0","218188","0","0","0","218188","218188"
"2021-05-31","port1137","Samarinda","Indonesia","IDN","1","4","1","0","0","6","6","2667","0","0","0","0","2667","2667","0","137471","0","0","0","137471","137471"
"2022-06-13","port1137","Samarinda","Indonesia","IDN","1","5","0","0","2","6","8","1298","0","0","0","1836","1298","3135","188","215966","0","0","1476","216155","217631"
"2019-03-03","port1137","Samarinda","Indonesia","IDN","0","8","1","0","0","9","9","0","0","647","0","0","647","647","0","340754","0","0","0","340754","340754"
"2021-06-01","port1137","Samarinda","Indonesia","IDN","0","2","0","0","0","2","2","0","0","0","0","0","0","0","0","65893","0","0","0","65893","65893"
"2022-06-14","port1137","Samarinda","Indonesia","IDN","0","4","2","0","0","6","6","0","0","795","0","0","795","795","0","159540","1360","0","0","160901","160901"
"2019-03-04","port1137","Samarinda","Indonesia","IDN","0","11","0","0","1","11","12","0","0","0","0","918","0","918","0","475073","0","0","738","475073","475811"
"2021-06-02","port1137","Samarinda","Indonesia","IDN","1","7","0","0","0","8","8","0","0","0","0","0","0","0","0","239001","0","0","0","239001","239001"
"2022-06-15","port1137","Samarinda","Indonesia","IDN","1","1","1","0","0","3","3","1298","0","795","0","0","2093","2093","188","77646","1360","0","0","79195","79195"
"2019-03-05","port1137","Samarinda","Indonesia","IDN","1","7","0","0","0","8","8","1298","0","0","0","0","1298","1298","188","219672","0","0","0","219860","219860"
"2021-06-03","port1137","Samarinda","Indonesia","IDN","0","2","0","0","0","2","2","0","0","0","0","0","0","0","0","224321","0","0","0","224321","224321"
"2022-06-16","port1137","Samarinda","Indonesia","IDN","3","8","0","0","1","11","12","1588","0","0","0","0","1588","1588","0","359975","0","0","292","359975","360267"
"2019-03-06","port1137","Samarinda","Indonesia","IDN","0","7","2","0","1","9","10","0","0","340","0","2635","340","2975","0","378743","1838","0","3412","380581","383994"
"2021-06-04","port1137","Samarinda","Indonesia","IDN","0","2","1","0","0","3","3","0","0","795","0","0","795","795","0","93888","1360","0","0","95248","95248"
"2022-06-17","port1137","Samarinda","Indonesia","IDN","3","5","0","0","1","8","9","608","0","0","0","954","608","1562","208","302253","0","0","0","302461","302461"
"2019-03-07","port1137","Samarinda","Indonesia","IDN","1","5","0","0","1","6","7","0","0","0","0","2141","0","2141","0","164897","0","0","0","164897","164897"
"2021-06-05","port1137","Samarinda","Indonesia","IDN","1","3","1","0","0","5","5","1298","0","1579","0","0","2878","2878","188","41224","0","0","0","41412","41412"
"2022-06-18","port1137","Samarinda","Indonesia","IDN","0","3","0","0","1","3","4","0","0","0","0","1207","0","1207","0","178957","0","0","389","178957","179347"
"2019-03-08","port1137","Samarinda","Indonesia","IDN","1","9","0","0","1","10","11","1298","0","0","0","918","1298","2217","188","335072","0","0","738","335260","335998"
"2021-06-06","port1137","Samarinda","Indonesia","IDN","0","0","0","0","0","0","0","0","0","0","0","0","0","0","0","0","0","0","0","0","0"
"2022-06-19","port1137","Samarinda","Indonesia","IDN","1","7","0","0","0","8","8","284","0","0","0","0","284","284","0","345453","0","0","0","345453","345453"
"2019-03-09","port1137","Samarinda","Indonesia","IDN","0","7","0","0","1","7","8","0","0","0","0","0","0","0","0","210655","0","0","106","210655","210761"
"2021-06-07","port1137","Samarinda","Indonesia","IDN","2","4","0","0","0","6","6","3901","0","0","0","0","3901","3901","188","180452","0","0","0","180640","180640"
"2022-06-20","port1137","Samarinda","Indonesia","IDN","1","11","1","0","0","13","13","1298","0","624","0","0","1923","1923","188","577186","0","0","0","577374","577374"
"2019-03-10","port1137","Samarinda","Indonesia","IDN","1","7","0","0","0","8","8","0","0","0","0","0","0","0","0","225050","0","0","0","225050","225050"
"2021-06-08","port1137","Samarinda","Indonesia","IDN","0","3","1","0","0","4","4","0","0","795","0","0","795","795","0","144738","1360","0","0","146099","146099"
"2022-06-21","port1137","Samarinda","Indonesia","IDN","0","5","1","0","0","6","6","0","0","1455","0","0","1455","1455","0","131405","0","0","0","131405","131405"
"2019-03-11","port1137","Samarinda","Indonesia","IDN","1","9","1","0","0","11","11","1029","0","795","0","0","1824","1824","0","388814","1360","0","0","390174","390174"
"2021-06-09","port1137","Samarinda","Indonesia","IDN","1","5","1","0","1","7","8","1557","0","3764","0","0","5321","5321","82","184482","0","0","36","184565","184601"
"2022-06-22","port1137","Samarinda","Indonesia","IDN","1","7","0","0","0","8","8","917","0","0","0","0","917","917","0","335893","0","0","0","335893","335893"
"2019-03-12","port1137","Samarinda","Indonesia","IDN","0","2","1","0","2","3","5","0","0","2677","0","918","2677","3595","0","77590","0","0","6450","77590","84040"
"2021-06-10","port1137","Samarinda","Indonesia","IDN","0","5","1","0","0","6","6","0","0","795","0","0","795","795","0","248976","1360","0","0","250336","250336"
"2022-06-23","port1137","Samarinda","Indonesia","IDN","1","7","1","0","1","9","10","0","0","0","0","918","0","918","0","286078","0","0","738","286078","286816"
"2021-06-11","port1137","Samarinda","Indonesia","IDN","0","3","1","0","0","4","4","0","0","0","0","0","0","0","0","153136","15822","0","0","168958","168958"
"2022-06-24","port1137","Samarinda","Indonesia","IDN","1","3","0","0","1","4","5","0","0","0","0","918","0","918","420","113436","0","0","738","113856","114594"
"2019-03-13","port1137","Samarinda","Indonesia","IDN","1","7","0","0","0","8","8","1298","0","0","0","0","1298","1298","188","278715","0","0","0","278903","278903"
"2021-06-12","port1137","Samarinda","Indonesia","IDN","0","1","0","0","0","1","1","0","0","0","0","0","0","0","0","41224","0","0","0","41224","41224"
"2022-06-25","port1137","Samarinda","Indonesia","IDN","0","4","2","0","1","6","7","0","0","2952","0","0","2952","2952","0","257843","0","0","0","257843","257843"
"2019-03-14","port1137","Samarinda","Indonesia","IDN","1","3","0","0","0","4","4","0","0","0","0","0","0","0","0","132691","0","0","0","132691","132691"
"2021-06-13","port1137","Samarinda","Indonesia","IDN","0","2","0","0","0","2","2","0","0","0","0","0","0","0","0","41224","0","0","0","41224","41224"
"2022-06-26","port1137","Samarinda","Indonesia","IDN","2","10","1","0","0","13","13","8363","0","795","0","0","9159","9159","188","409440","1360","0","0","410989","410989"
"2019-03-15","port1137","Samarinda","Indonesia","IDN","1","7","2","0","1","10","11","408","0","1978","0","2635","2386","5022","0","271423","1360","0","3412","272783","276196"
"2021-06-14","port1137","Samarinda","Indonesia","IDN","1","5","1","0","0","7","7","1298","0","795","0","0","2093","2093","188","164564","1360","0","0","166113","166113"
"2022-06-27","port1137","Samarinda","Indonesia","IDN","2","10","1","0","1","13","14","2597","0","0","0","349","2597","2947","376","558136","0","0","0","558512","558512"
"2019-03-16","port1137","Samarinda","Indonesia","IDN","0","5","1","0","0","6","6","0","0","795","0","0","795","795","0","104337","1360","0","0","105698","105698"
"2021-06-15","port1137","Samarinda","Indonesia","IDN","1","6","0","0","0","7","7","1467","0","0","0","0","1467","1467","0","166379","0","0","0","166379","166379"
"2022-06-28","port1137","Samarinda","Indonesia","IDN","1","3","1","0","1","5","6","207","0","795","0","0","1002","1002","0","154548","1360","0","0","155909","155909"
"2019-03-17","port1137","Samarinda","Indonesia","IDN","0","7","0","0","0","7","7","0","0","0","0","0","0","0","0","196772","0","0","0","196772","196772"
"2021-06-16","port1137","Samarinda","Indonesia","IDN","1","8","2","0","0","11","11","2878","0","2570","0","0","5449","5449","0","368099","1360","0","0","369460","369460"
"2022-06-29","port1137","Samarinda","Indonesia","IDN","2","6","1","0","0","9","9","1745","0","0","0","0","1745","1745","0","317175","0","0","0","317175","317175"
"2019-03-18","port1137","Samarinda","Indonesia","IDN","1","8","2","0","0","11","11","822","0","795","0","0","1617","1617","0","193950","2868","0","0","196819","196819"
"2021-06-17","port1137","Samarinda","Indonesia","IDN","0","6","0","0","0","6","6","0","0","0","0","0","0","0","0","173825","0","0","0","173825","173825"
"2022-06-30","port1137","Samarinda","Indonesia","IDN","1","0","0","0","1","1","2","0","0","0","0","0","0","0","0","0","0","0","72","0","72"
"2019-03-19","port1137","Samarinda","Indonesia","IDN","0","4","1","0","0","5","5","0","0","60","0","0","60","60","0","86003","56","0","0","86059","86059"
"2021-06-18","port1137","Samarinda","Indonesia","IDN","0","6","1","0","0","7","7","0","0","795","0","0","795","795","0","228892","1360","0","0","230253","230253"
"2022-07-01","port1137","Samarinda","Indonesia","IDN","2","11","2","0","0","15","15","3150","0","0","0","0","3150","3150","188","391771","8813","0","0","400773","400773"
"2019-03-20","port1137","Samarinda","Indonesia","IDN","2","5","2","0","0","9","9","1557","0","795","0","0","2352","2352","82","228740","5295","0","0","234118","234118"
"2021-06-19","port1137","Samarinda","Indonesia","IDN","1","4","0","0","1","5","6","1298","0","0","0","1207","1298","2506","188","178645","0","0","389","178833","179222"
"2022-07-02","port1137","Samarinda","Indonesia","IDN","0","3","2","0","1","5","6","0","0","4678","0","1207","4678","5886","0","123672","0","0","389","123672","124062"
"2019-03-21","port1137","Samarinda","Indonesia","IDN","0","5","1","0","1","6","7","0","0","0","0","918","0","918","0","225638","3281","0","738","228919","229658"
"2021-06-20","port1137","Samarinda","Indonesia","IDN","0","3","1","0","0","4","4","0","0","795","0","0","795","795","0","117397","1360","0","0","118758","118758"
"2022-07-03","port1137","Samarinda","Indonesia","IDN","0","5","1","0","1","6","7","0","0","0","0","0","0","0","0","277510","2382","0","292","279893","280185"
"2019-03-22","port1137","Samarinda","Indonesia","IDN","2","2","0","1","0","5","5","1920","0","0","6247","0","8167","8167","188","95647","0","0","0","95835","95835"
"2021-06-21","port1137","Samarinda","Indonesia","IDN","1","6","0","0","0","7","7","1298","0","0","0","0","1298","1298","188","252273","0","0","0","252461","252461"
"2022-07-04","port1137","Samarinda","Indonesia","IDN","1","14","1","0","0","16","16","1298","0","795","0","0","2093","2093","188","700155","1360","0","0","701704","701704"
"2019-03-23","port1137","Samarinda","Indonesia","IDN","0","5","0","0","0","5","5","0","0","0","0","0","0","0","0","204658","0","0","0","204658","204658"
"2021-06-22","port1137","Samarinda","Indonesia","IDN","0","6","0","0","1","6","7","0","0","0","0","918","0","918","0","273807","0","0","738","273807","274545"
"2022-07-05","port1137","Samarinda","Indonesia","IDN","1","2","2","0","1","5","6","838","0","1590","0","5439","2428","7868","0","41224","2721","0","0","43945","43945"
"2019-03-24","port1137","Samarinda","Indonesia","IDN","0","5","0","0","1","5","6","0","0","0","0","2877","0","2877","0","265149","0","0","242","265149","265391"
"2021-06-23","port1137","Samarinda","Indonesia","IDN","0","8","0","0","1","8","9","0","0","0","0","1207","0","1207","0","321834","0","0","389","321834","322224"
"2022-07-06","port1137","Samarinda","Indonesia","IDN","1","2","1","0","0","4","4","1864","0","0","0","0","1864","1864","0","41224","596","0","0","41820","41820"
"2019-03-25","port1137","Samarinda","Indonesia","IDN","1","6","2","0","0","9","9","1298","0","855","0","0","2154","2154","188","284672","1417","0","0","286278","286278"
"2021-06-24","port1137","Samarinda","Indonesia","IDN","0","5","0","0","0","5","5","0","0","0","0","0","0","0","0","235574","0","0","0","235574","235574"
"2022-07-07","port1137","Samarinda","Indonesia","IDN","2","3","0","0","0","5","5","1870","0","0","0","0","1870","1870","0","151546","0","0","0","151546","151546"
"2021-06-25","port1137","Samarinda","Indonesia","IDN","0","4","0","0","1","4","5","0","0","0","0","2635","0","2635","0","137471","0","0","3412","137471","140883"
"2022-07-08","port1137","Samarinda","Indonesia","IDN","0","10","1","0","0","11","11","0","0","0","0","0","0","0","0","350703","0","0","0","350703","350703"
"2019-03-26","port1137","Samarinda","Indonesia","IDN","0","5","0","0","1","5","6","0","0","0","0","0","0","0","0","123672","0","0","0","123672","123672"
"2021-06-26","port1137","Samarinda","Indonesia","IDN","0","8","0","0","0","8","8","0","0","0","0","0","0","0","0","341114","0","0","0","341114","341114"
"2022-07-09","port1137","Samarinda","Indonesia","IDN","1","4","1","0","0","6","6","6827","0","396","0","0","7224","7224","0","218927","0","0","0","218927","218927"
"2019-03-27","port1137","Samarinda","Indonesia","IDN","1","8","0","0","0","9","9","0","0","0","0","0","0","0","0","455524","0","0","0","455524","455524"
"2021-06-27","port1137","Samarinda","Indonesia","IDN","0","3","0","0","0","3","3","0","0","0","0","0","0","0","0","82448","0","0","0","82448","82448"
"2022-07-10","port1137","Samarinda","Indonesia","IDN","0","7","0","0","0","7","7","0","0","0","0","0","0","0","0","345882","0","0","0","345882","345882"
"2019-03-28","port1137","Samarinda","Indonesia","IDN","1","7","0","0","1","8","9","0","0","0","0","918","0","918","822","240496","0","0","738","241318","242057"
"2021-06-28","port1137","Samarinda","Indonesia","IDN","2","13","0","0","1","15","16","1520","0","0","0","0","1520","1520","0","427695","0","0","4294","427695","431989"
"2022-07-11","port1137","Samarinda","Indonesia","IDN","1","6","2","0","0","9","9","1298","0","1769","0","0","3068","3068","188","320694","1360","0","0","322243","322243"
"2019-03-29","port1137","Samarinda","Indonesia","IDN","0","12","1","0","1","13","14","0","0","1673","0","918","1673","2592","0","504396","0","0","738","504396","505134"
"2021-06-29","port1137","Samarinda","Indonesia","IDN","1","8","0","0","0","9","9","1298","0","0","0","0","1298","1298","188","288570","0","0","0","288758","288758"
"2022-07-12","port1137","Samarinda","Indonesia","IDN","1","3","0","0","0","4","4","819","0","0","0","0","819","819","0","177521","0","0","0","177521","177521"
"2019-03-30","port1137","Samarinda","Indonesia","IDN","0","7","1","0","0","8","8","0","0","795","0","0","795","795","0","341204","1360","0","0","342564","342564"
"2021-06-30","port1137","Samarinda","Indonesia","IDN","0","2","0","0","0","2","2","0","0","0","0","0","0","0","0","82448","0","0","0","82448","82448"
"2022-07-13","port1137","Samarinda","Indonesia","IDN","2","11","2","0","1","15","16","1756","0","795","0","918","2551","3470","0","434093","7041","0","738","441135","441873"
"2019-03-31","port1137","Samarinda","Indonesia","IDN","1","3","0","0","0","4","4","0","0","0","0","0","0","0","0","103553","0","0","0","103553","103553"
"2021-07-01","port1137","Samarinda","Indonesia","IDN","0","5","0","0","0","5","5","0","0","0","0","0","0","0","0","164897","0","0","0","164897","164897"
"2022-07-14","port1137","Samarinda","Indonesia","IDN","2","7","1","0","2","10","12","403","0","0","0","2635","403","3039","0","323968","0","0","3412","323968","327381"
"2019-04-01","port1137","Samarinda","Indonesia","IDN","0","8","1","1","1","10","11","0","0","0","892","1620","892","2512","0","306940","3432","1833","23","312205","312228"
"2021-07-02","port1137","Samarinda","Indonesia","IDN","0","4","0","0","0","4","4","0","0","0","0","0","0","0","0","119609","0","0","0","119609","119609"
"2022-07-15","port1137","Samarinda","Indonesia","IDN","1","5","1","0","1","7","8","203","0","0","0","0","203","203","0","209314","2382","0","787","211696","212483"
"2019-04-02","port1137","Samarinda","Indonesia","IDN","0","7","0","0","0","7","7","0","0","0","0","0","0","0","0","159725","0","0","0","159725","159725"
"2021-07-03","port1137","Samarinda","Indonesia","IDN","1","9","0","0","0","10","10","1298","0","0","0","0","1298","1298","188","388392","0","0","0","388580","388580"
"2022-07-16","port1137","Samarinda","Indonesia","IDN","0","5","2","0","0","7","7","0","0","342","0","0","342","342","0","189157","0","0","0","189157","189157"
"2019-04-03","port1137","Samarinda","Indonesia","IDN","0","3","0","0","0","3","3","0","0","0","0","0","0","0","0","82448","0","0","0","82448","82448"
"2021-07-04","port1137","Samarinda","Indonesia","IDN","0","5","0","0","0","5","5","0","0","0","0","0","0","0","0","162714","0","0","0","162714","162714"
"2022-07-17","port1137","Samarinda","Indonesia","IDN","1","2","0","0","1","3","4","0","0","0","0","918","0","918","411","107757","0","0","738","108168","108906"
"2019-04-04","port1137","Samarinda","Indonesia","IDN","1","9","1","0","0","11","11","0","0","795","0","0","795","795","0","408629","1360","0","0","409990","409990"
"2021-07-05","port1137","Samarinda","Indonesia","IDN","1","10","0","0","0","11","11","1298","0","0","0","0","1298","1298","188","484922","0","0","0","485110","485110"
"2022-07-18","port1137","Samarinda","Indonesia","IDN","1","10","0","0","0","11","11","1298","0","0","0","0","1298","1298","188","484630","0","0","0","484818","484818"
"2019-04-05","port1137","Samarinda","Indonesia","IDN","0","5","0","0","0","5","5","0","0","0","0","0","0","0","0","250012","0","0","0","250012","250012"
"2021-07-06","port1137","Samarinda","Indonesia","IDN","0","8","0","0","1","8","9","0","0","0","0","2635","0","2635","0","250692","0","0","3412","250692","254105"
"2022-07-19","port1137","Samarinda","Indonesia","IDN","2","5","1","0","2","8","10","1298","0","1447","0","1836","2746","4583","1219","207271","0","0","1476","208490","209967"
"2019-04-06","port1137","Samarinda","Indonesia","IDN","0","5","2","0","0","7","7","0","0","3230","0","0","3230","3230","0","316954","1360","0","0","318315","318315"
"2021-07-07","port1137","Samarinda","Indonesia","IDN","1","2","0","0","0","3","3","1298","0","0","0","0","1298","1298","188","99440","0","0","0","99628","99628"
"2022-07-20","port1137","Samarinda","Indonesia","IDN","0","6","3","0","1","9","10","0","0","3548","0","0","3548","3548","0","251472","2721","0","787","254194","254981"
"2019-04-07","port1137","Samarinda","Indonesia","IDN","0","1","0","0","2","1","3","0","0","0","0","918","0","918","0","66631","0","0","738","66631","67370"
"2021-07-08","port1137","Samarinda","Indonesia","IDN","0","4","0","0","1","4","5","0","0","0","0","1207","0","1207","0","165018","0","0","389","165018","165408"
"2022-07-21","port1137","Samarinda","Indonesia","IDN","0","9","1","0","1","10","11","0","0","1209","0","111","1209","1320","0","252872","0","0","0","252872","252872"
"2021-07-09","port1137","Samarinda","Indonesia","IDN","0","8","0","0","1","8","9","0","0","0","0","0","0","0","0","358149","0","0","0","358149","358149"
"2022-07-22","port1137","Samarinda","Indonesia","IDN","1","4","0","0","1","5","6","1726","0","0","0","1207","1726","2934","0","161347","0","0","389","161347","161737"
"2019-04-08","port1137","Samarinda","Indonesia","IDN","0","6","0","0","0","6","6","0","0","0","0","0","0","0","0","312939","0","0","0","312939","312939"
"2021-07-10","port1137","Samarinda","Indonesia","IDN","1","5","0","0","0","6","6","1298","0","0","0","0","1298","1298","188","177056","0","0","0","177244","177244"
"2022-07-23","port1137","Samarinda","Indonesia","IDN","1","6","1","0","2","8","10","1298","0","795","0","2619","2093","4713","188","259248","1360","0","738","260797","261535"
"2019-04-09","port1137","Samarinda","Indonesia","IDN","1","1","0","0","0","2","2","1298","0","0","0","0","1298","1298","188","58215","0","0","0","58404","58404"
"2021-07-11","port1137","Samarinda","Indonesia","IDN","0","1","0","0","1","1","2","0","0","0","0","918","0","918","0","72344","0","0","738","72344","73082"
"2022-07-24","port1137","Samarinda","Indonesia","IDN","1","5","0","0","0","6","6","1298","0","0","0","0","1298","1298","188","210377","0","0","0","210565","210565"
"2019-04-10","port1137","Samarinda","Indonesia","IDN","0","5","0","0","0","5","5","0","0","0","0","0","0","0","0","156774","0","0","0","156774","156774"
"2021-07-12","port1137","Samarinda","Indonesia","IDN","2","7","0","0","0","9","9","3826","0","0","0","0","3826","3826","0","304061","0","0","0","304061","304061"
"2022-07-25","port1137","Samarinda","Indonesia","IDN","1","7","0","0","0","8","8","1298","0","0","0","0","1298","1298","188","421135","0","0","0","421323","421323"
"2019-04-11","port1137","Samarinda","Indonesia","IDN","1","5","1","0","0","7","7","0","0","795","0","0","795","795","0","93736","1360","0","0","95097","95097"
"2021-07-13","port1137","Samarinda","Indonesia","IDN","0","5","0","0","0","5","5","0","0","0","0","0","0","0","0","176564","0","0","0","176564","176564"
"2022-07-26","port1137","Samarinda","Indonesia","IDN","1","6","3","0","1","10","11","888","0","733","0","918","1622","2540","0","403316","799","0","738","404116","404854"
"2019-04-12","port1137","Samarinda","Indonesia","IDN","1","2","0","0","0","3","3","205","0","0","0","0","205","205","0","78680","0","0","0","78680","78680"
"2021-07-14","port1137","Samarinda","Indonesia","IDN","0","3","0","0","0","3","3","0","0","0","0","0","0","0","0","125803","0","0","0","125803","125803"
"2022-07-27","port1137","Samarinda","Indonesia","IDN","1","0","0","0","0","1","1","526","0","0","0","0","526","526","0","0","0","0","0","0","0"
"2019-04-13","port1137","Samarinda","Indonesia","IDN","0","7","0","0","1","7","8","0","0","0","0","2635","0","2635","0","269040","0","0","3412","269040","272453"
"2021-07-15","port1137","Samarinda","Indonesia","IDN","0","4","1","0","0","5","5","0","0","795","0","0","795","795","0","163077","1360","0","0","164437","164437"
"2022-07-28","port1137","Samarinda","Indonesia","IDN","2","9","0","0","0","11","11","2565","0","0","0","0","2565","2565","0","272560","0","0","0","272560","272560"
"2019-04-14","port1137","Samarinda","Indonesia","IDN","2","2","2","0","2","6","8","1236","0","2388","0","1836","3625","5462","0","88655","1360","0","1476","90015","91492"
"2021-07-16","port1137","Samarinda","Indonesia","IDN","2","5","0","0","0","7","7","1298","0","0","0","0","1298","1298","188","175270","0","0","0","175458","175458"
"2022-07-29","port1137","Samarinda","Indonesia","IDN","3","3","0","0","0","6","6","4855","0","0","0","0","4855","4855","188","124671","0","0","0","124859","124859"
"2019-04-15","port1137","Samarinda","Indonesia","IDN","0","4","1","0","0","5","5","0","0","0","0","0","0","0","0","57128","604","0","0","57733","57733"
"2021-07-17","port1137","Samarinda","Indonesia","IDN","1","2","0","0","1","3","4","1298","0","0","0","0","1298","1298","188","69378","0","0","0","69566","69566"
"2022-07-30","port1137","Samarinda","Indonesia","IDN","1","5","3","0","0","9","9","1036","0","795","0","0","1831","1831","0","184587","1360","0","0","185948","185948"
"2019-04-16","port1137","Samarinda","Indonesia","IDN","1","5","0","0","0","6","6","1557","0","0","0","0","1557","1557","82","94620","0","0","0","94703","94703"
"2021-07-18","port1137","Samarinda","Indonesia","IDN","2","5","0","0","0","7","7","1298","0","0","0","0","1298","1298","603","202186","0","0","0","202789","202789"
"2022-07-31","port1137","Samarinda","Indonesia","IDN","0","5","1","0","2","6","8","0","0","795","0","3553","795","4348","0","197879","1360","0","4151","199240","203391"
"2019-04-17","port1137","Samarinda","Indonesia","IDN","0","3","0","0","0","3","3","0","0","0","0","0","0","0","0","281475","0","0","0","281475","281475"
"2021-07-19","port1137","Samarinda","Indonesia","IDN","2","6","1","0","0","9","9","1502","0","0","0","0","1502","1502","188","216033","0","0","0","216221","216221"
"2022-08-01","port1137","Samarinda","Indonesia","IDN","1","7","0","0","3","8","11","1298","0","0","0","2714","1298","4013","188","318621","0","0","1127","318809","319937"
"2019-04-18","port1137","Samarinda","Indonesia","IDN","2","2","0","0","0","4","4","420","0","0","0","0","420","420","0","105478","0","0","0","105478","105478"
"2021-07-20","port1137","Samarinda","Indonesia","IDN","0","7","0","0","0","7","7","0","0","0","0","0","0","0","0","324218","0","0","0","324218","324218"
"2022-08-02","port1137","Samarinda","Indonesia","IDN","1","4","0","0","2","5","7","406","0","0","0","1705","406","2112","0","171886","0","0","738","171886","172624"
"2019-04-19","port1137","Samarinda","Indonesia","IDN","1","2","0","0","1","3","4","1298","0","0","0","2877","1298","4176","188","41224","0","0","242","41412","41654"
"2021-07-21","port1137","Samarinda","Indonesia","IDN","0","5","1","0","0","6","6","0","0","795","0","0","795","795","0","211356","1360","0","0","212717","212717"
"2022-08-03","port1137","Samarinda","Indonesia","IDN","1","4","1","0","0","6","6","0","0","795","0","0","795","795","1230","68420","1360","0","0","71011","71011"
"2019-04-20","port1137","Samarinda","Indonesia","IDN","0","6","0","0","0","6","6","0","0","0","0","0","0","0","0","138906","0","0","0","138906","138906"
"2021-07-22","port1137","Samarinda","Indonesia","IDN","1","5","0","0","1","6","7","1429","0","0","0","1207","1429","2636","0","215810","0","0","389","215810","216200"
"2022-08-04","port1137","Samarinda","Indonesia","IDN","1","5","1","0","1","7","8","1031","0","2677","0","1025","3708","4734","0","149095","0","0","0","149095","149095"
"2021-07-23","port1137","Samarinda","Indonesia","IDN","0","5","1","0","0","6","6","0","0","795","0","0","795","795","0","164897","1360","0","0","166257","166257"
"2022-08-05","port1137","Samarinda","Indonesia","IDN","2","3","0","0","2","5","7","1786","0","0","0","0","1786","1786","188","95407","0","0","1237","95595","96833"
"2019-04-21","port1137","Samarinda","Indonesia","IDN","1","7","1","0","0","9","9","1233","0","795","0","0","2028","2028","0","220591","1360","0","0","221952","221952"
"2021-07-24","port1137","Samarinda","Indonesia","IDN","1","9","0","0","0","10","10","1298","0","0","0","0","1298","1298","188","419141","0","0","0","419329","419329"
"2022-08-06","port1137","Samarinda","Indonesia","IDN","0","0","1","0","1","1","2","0","0","795","0","866","795","1661","0","0","1360","0","0","1360","1360"
"2019-04-22","port1137","Samarinda","Indonesia","IDN","0","7","0","0","0","7","7","0","0","0","0","0","0","0","0","240008","0","0","0","240008","240008"
"2021-07-25","port1137","Samarinda","Indonesia","IDN","0","2","0","0","1","2","3","0","0","0","0","1207","0","1207","0","26433","0","0","389","26433","26823"
"2022-08-07","port1137","Samarinda","Indonesia","IDN","0","1","1","0","2","2","4","0","0","0","0","8074","0","8074","0","72236","2085","0","3412","74321","77734"
"2019-04-23","port1137","Samarinda","Indonesia","IDN","0","4","0","0","0","4","4","0","0","0","0","0","0","0","0","132677","0","0","0","132677","132677"
"2021-07-26","port1137","Samarinda","Indonesia","IDN","0","4","1","0","1","5","6","0","0","0","0","1207","0","1207","0","182848","0","0","389","182848","183238"
"2022-08-08","port1137","Samarinda","Indonesia","IDN","2","5","1","0","0","8","8","2597","0","340","0","0","2938","2938","376","279259","0","0","0","279635","279635"
"2019-04-24","port1137","Samarinda","Indonesia","IDN","3","3","1","0","0","7","7","811","0","60","0","0","872","872","0","20955","56","0","0","21012","21012"
"2021-07-27","port1137","Samarinda","Indonesia","IDN","3","4","0","0","0","7","7","2263","0","0","0","0","2263","2263","188","150512","0","0","0","150700","150700"
"2022-08-09","port1137","Samarinda","Indonesia","IDN","1","2","0","0","0","3","3","1298","0","0","0","0","1298","1298","188","71808","0","0","0","71996","71996"
"2019-04-25","port1137","Samarinda","Indonesia","IDN","0","4","0","1","0","5","5","0","0","0","143","0","143","143","0","145747","0","70","0","145817","145817"
"2021-07-28","port1137","Samarinda","Indonesia","IDN","1","9","0","0","0","10","10","1298","0","0","0","0","1298","1298","188","326242","0","0","0","326430","326430"
"2022-08-10","port1137","Samarinda","Indonesia","IDN","2","5","0","0","0","7","7","2792","0","0","0","0","2792","2792","188","224102","0","0","0","224290","224290"
"2019-04-26","port1137","Samarinda","Indonesia","IDN","1","5","2","0","1","8","9","203","0","795","0","918","998","1916","0","127389","2721","0","738","130110","130849"
"2021-07-29","port1137","Samarinda","Indonesia","IDN","0","6","0","0","0","6","6","0","0","0","0","0","0","0","0","186875","0","0","0","186875","186875"
"2022-08-11","port1137","Samarinda","Indonesia","IDN","1","6","1","0","2","8","10","0","0","795","0","1705","795","2500","0","351091","1360","0","738","352452","353190"
"2019-04-27","port1137","Samarinda","Indonesia","IDN","1","3","2","0","0","6","6","1298","0","795","0","0","2093","2093","188","119795","4642","0","0","124625","124625"
"2021-07-30","port1137","Samarinda","Indonesia","IDN","2","4","0","0","0","6","6","831","0","0","0","0","831","831","0","127140","0","0","0","127140","127140"
"2022-08-12","port1137","Samarinda","Indonesia","IDN","1","6","0","1","0","8","8","1449","0","0","143","0","1592","1592","0","190829","0","70","0","190899","190899"
"2019-04-28","port1137","Samarinda","Indonesia","IDN","1","6","1","0","1","8","9","1029","0","795","0","918","1824","2742","0","218188","1360","0","738","219549","220287"
"2021-07-31","port1137","Samarinda","Indonesia","IDN","1","3","0","0","1","4","5","0","0","0","0","1207","0","1207","0","167522","0","0","389","167522","167912"
"2022-08-13","port1137","Samarinda","Indonesia","IDN","1","5","0","0","0","6","6","2705","0","0","0","0","2705","2705","0","172824","0","0","0","172824","172824"
"2019-04-29","port1137","Samarinda","Indonesia","IDN","0","8","1","0","0","9","9","0","0","795","0","0","795","795","0","386206","1360","0","0","387567","387567"
"2021-08-01","port1137","Samarinda","Indonesia","IDN","0","2","0","0","0","2","2","0","0","0","0","0","0","0","0","96718","0","0","0","96718","96718"
"2022-08-14","port1137","Samarinda","Indonesia","IDN","1","6","1","0","0","8","8","2289","0","795","0","0","3084","3084","0","179370","1360","0","0","180731","180731"
"2019-04-30","port1137","Samarinda","Indonesia","IDN","0","7","0","0","0","7","7","0","0","0","0","0","0","0","0","444843","0","0","0","444843","444843"
"2021-08-02","port1137","Samarinda","Indonesia","IDN","1","5","0","0","0","6","6","1298","0","0","0","0","1298","1298","188","242192","0","0","0","242380","242380"
"2022-08-15","port1137","Samarinda","Indonesia","IDN","2","4","0","0","2","6","8","1298","0","0","0","1622","1298","2921","188","110719","0","0","0","110907","110907"
"2019-05-01","port1137","Samarinda","Indonesia","IDN","3","2","1","0","0","6","6","1557","0","795","0","0","2352","2352","82","41224","1360","0","0","42667","42667"
"2021-08-03","port1137","Samarinda","Indonesia","IDN","0","4","0","0","0","4","4","0","0","0","0","0","0","0","0","105073","0","0","0","105073","105073"
"2022-08-16","port1137","Samarinda","Indonesia","IDN","0","3","0","1","1","4","5","0","0","0","143","918","143","1061","0","218639","0","70","738","218709","219447"
"2019-05-02","port1137","Samarinda","Indonesia","IDN","0","4","0","0","0","4","4","0","0","0","0","0","0","0","0","170227","0","0","0","170227","170227"
"2021-08-04","port1137","Samarinda","Indonesia","IDN","1","2","0","0","0","3","3","2069","0","0","0","0","2069","2069","0","41224","0","0","0","41224","41224"
"2022-08-17","port1137","Samarinda","Indonesia","IDN","1","7","1","0","2","9","11","0","0","1566","0","918","1566","2484","206","280700","0","0","738","280906","281645"
"2019-05-03","port1137","Samarinda","Indonesia","IDN","0","0","0","1","0","1","1","0","0","0","143","0","143","143","0","0","0","70","0","70","70"
"2021-08-05","port1137","Samarinda","Indonesia","IDN","1","5","0","0","0","6","6","0","0","0","0","0","0","0","611","224211","0","0","0","224823","224823"
"2022-08-18","port1137","Samarinda","Indonesia","IDN","1","5","0","0","1","6","7","625","0","0","0","918","625","1543","0","222129","0","0","738","222129","222868"
"2021-08-06","port1137","Samarinda","Indonesia","IDN","0","3","0","0","0","3","3","0","0","0","0","0","0","0","0","113392","0","0","0","113392","113392"
"2022-08-19","port1137","Samarinda","Indonesia","IDN","1","3","1","0","0","5","5","0","0","795","0","0","795","795","0","124200","1360","0","0","125561","125561"
"2019-05-04","port1137","Samarinda","Indonesia","IDN","1","7","1","0","2","9","11","1298","0","795","0","1836","2093","3930","188","230603","1360","0","1476","232152","233628"
"2021-08-07","port1137","Samarinda","Indonesia","IDN","1","6","1","0","0","8","8","2123","0","795","0","0","2918","2918","0","245288","1360","0","0","246649","246649"
"2022-08-20","port1137","Samarinda","Indonesia","IDN","0","3","2","0","2","5","7","0","0","1590","0","0","1590","1590","0","66292","2721","0","513","69013","69527"
"2019-05-05","port1137","Samarinda","Indonesia","IDN","0","5","0","0","0","5","5","0","0","0","0","0","0","0","0","126621","0","0","0","126621","126621"
"2021-08-08","port1137","Samarinda","Indonesia","IDN","0","1","0","0","0","1","1","0","0","0","0","0","0","0","0","48862","0","0","0","48862","48862"
"2022-08-21","port1137","Samarinda","Indonesia","IDN","0","8","0","0","0","8","8","0","0","0","0","0","0","0","0","390204","0","0","0","390204","390204"
"2019-05-06","port1137","Samarinda","Indonesia","IDN","0","5","2","1","2","8","10","0","0","739","143","918","883","1801","0","177319","56","70","738","177445","178183"
"2021-08-09","port1137","Samarinda","Indonesia","IDN","1","7","0","0","0","8","8","4310","0","0","0","0","4310","4310","0","246068","0","0","0","246068","246068"
"2022-08-22","port1137","Samarinda","Indonesia","IDN","2","4","0","0","1","6","7","3386","0","0","0","5439","3386","8826","188","121346","0","0","0","121534","121534"
"2019-05-07","port1137","Samarinda","Indonesia","IDN","0","2","0","0","1","2","3","0","0","0","0","918","0","918","0","42845","0","0","738","42845","43583"
"2021-08-10","port1137","Samarinda","Indonesia","IDN","1","2","0","0","0","3","3","1298","0","0","0","0","1298","1298","188","41224","0","0","0","41412","41412"
"2022-08-23","port1137","Samarinda","Indonesia","IDN","3","5","0","0","0","8","8","4143","0","0","0","0","4143","4143","188","185662","0","0","0","185850","185850"
"2019-05-08","port1137","Samarinda","Indonesia","IDN","0","1","0","0","0","1","1","0","0","0","0","0","0","0","0","41224","0","0","0","41224","41224"
"2021-08-11","port1137","Samarinda","Indonesia","IDN","0","6","0","0","1","6","7","0","0","0","0","1207","0","1207","0","294511","0","0","389","294511","294900"
"2022-08-24","port1137","Samarinda","Indonesia","IDN","0","2","2","0","0","4","4","0","0","1590","0","0","1590","1590","0","106115","2721","0","0","108836","108836"
"2019-05-09","port1137","Samarinda","Indonesia","IDN","1","5","0","0","0","6","6","0","0","0","0","0","0","0","0","167594","0","0","0","167594","167594"
"2021-08-12","port1137","Samarinda","Indonesia","IDN","1","5","1","0","0","7","7","0","0","795","0","0","795","795","0","160851","1360","0","0","162212","162212"
"2022-08-25","port1137","Samarinda","Indonesia","IDN","1","2","4","0","1","7","8","1638","0","1816","0","918","3454","4373","0","79423","4386","0","738","83809","84548"
"2019-05-10","port1137","Samarinda","Indonesia","IDN","1","4","1","0","1","6","7","205","0","0","0","2635","205","2841","0","170946","1820","0","3412","172767","176180"
"2021-08-13","port1137","Samarinda","Indonesia","IDN","1","4","0","0","1","5","6","831","0","0","0","1207","831","2039","0","188071","0","0","389","188071","188461"
"2022-08-26","port1137","Samarinda","Indonesia","IDN","0","5","0","0","0","5","5","0","0","0","0","0","0","0","0","247179","0","0","0","247179","247179"
"2019-05-11","port1137","Samarinda","Indonesia","IDN","0","7","2","0","2","9","11","0","0","4076","0","1836","4076","5913","0","173917","1360","0","1476","175278","176754"
"2021-08-14","port1137","Samarinda","Indonesia","IDN","0","3","0","0","0","3","3","0","0","0","0","0","0","0","0","58902","0","0","0","58902","58902"
"2022-08-27","port1137","Samarinda","Indonesia","IDN","3","2","0","0","1","5","6","2334","0","0","0","1207","2334","3541","397","71378","0","0","389","71775","72165"
"2019-05-12","port1137","Samarinda","Indonesia","IDN","0","4","1","0","0","5","5","0","0","111","0","0","111","111","0","139950","0","0","0","139950","139950"
"2021-08-15","port1137","Samarinda","Indonesia","IDN","0","0","0","0","0","0","0","0","0","0","0","0","0","0","0","0","0","0","0","0","0"
"2022-08-28","port1137","Samarinda","Indonesia","IDN","0","6","0","0","0","6","6","0","0","0","0","0","0","0","0","357635","0","0","0","357635","357635"
"2019-05-13","port1137","Samarinda","Indonesia","IDN","1","5","0","0","1","6","7","204","0","0","0","918","204","1123","0","215713","0","0","738","215713","216452"
"2021-08-16","port1137","Samarinda","Indonesia","IDN","2","9","1","0","0","12","12","4374","0","0","0","0","4374","4374","188","386562","0","0","0","386750","386750"
"2022-08-29","port1137","Samarinda","Indonesia","IDN","0","7","0","0","1","7","8","0","0","0","0","2635","0","2635","0","269218","0","0","3412","269218","272630"
"2019-05-14","port1137","Samarinda","Indonesia","IDN","0","3","1","0","1","4","5","0","0","251","0","2635","251","2886","0","142772","344","0","3412","143117","146529"
"2021-08-17","port1137","Samarinda","Indonesia","IDN","1","3","0","0","1","4","5","1298","0","0","0","918","1298","2217","188","110508","0","0","738","110696","111434"
"2022-08-30","port1137","Samarinda","Indonesia","IDN","1","6","0","0","1","7","8","0","0","0","0","918","0","918","1026","314443","0","0","738","315470","316208"
"2019-05-15","port1137","Samarinda","Indonesia","IDN","1","10","1","0","1","12","13","1298","0","795","0","0","2093","2093","188","313905","1360","0","1956","315454","317411"
"2021-08-18","port1137","Samarinda","Indonesia","IDN","0","4","0","0","0","4","4","0","0","0","0","0","0","0","0","214058","0","0","0","214058","214058"
"2022-08-31","port1137","Samarinda","Indonesia","IDN","0","5","1","0","2","6","8","0","0","795","0","918","795","1713","0","173464","1360","0","738","174825","175563"
"2019-05-16","port1137","Samarinda","Indonesia","IDN","2","3","1","0","2","6","8","0","0","301","0","1836","301","2137","0","133882","0","0","1476","133882","135358"
"2021-08-19","port1137","Samarinda","Indonesia","IDN","0","4","0","0","0","4","4","0","0","0","0","0","0","0","0","188044","0","0","0","188044","188044"
"2022-09-01","port1137","Samarinda","Indonesia","IDN","0","4","2","0","1","6","7","0","0","795","0","918","795","1713","0","239838","1360","0","738","241199","241937"
"2021-08-20","port1137","Samarinda","Indonesia","IDN","0","6","0","0","0","6","6","0","0","0","0","0","0","0","0","333589","0","0","0","333589","333589"
"2022-09-02","port1137","Samarinda","Indonesia","IDN","0","2","0","0","3","2","5","0","0","0","0","6357","0","6357","0","52574","0","0","738","52574","53313"
"2019-05-17","port1137","Samarinda","Indonesia","IDN","0","6","0","0","1","6","7","0","0","0","0","2635","0","2635","0","221743","0","0","3412","221743","225156"
"2021-08-21","port1137","Samarinda","Indonesia","IDN","0","4","1","0","0","5","5","0","0","795","0","0","795","795","0","177083","1360","0","0","178444","178444"
"2022-09-03","port1137","Samarinda","Indonesia","IDN","0","3","0","0","0","3","3","0","0","0","0","0","0","0","0","128451","0","0","0","128451","128451"
"2019-05-18","port1137","Samarinda","Indonesia","IDN","1","8","1","0","1","10","11","1298","0","795","0","918","2093","3012","188","286770","1360","0","738","288319","289057"
"2021-08-22","port1137","Samarinda","Indonesia","IDN","0","4","0","0","0","4","4","0","0","0","0","0","0","0","0","121599","0","0","0","121599","121599"
"2022-09-04","port1137","Samarinda","Indonesia","IDN","0","6","1","0","0","7","7","0","0","795","0","0","795","795","0","222742","1360","0","0","224103","224103"
"2019-05-19","port1137","Samarinda","Indonesia","IDN","1","6","0","0","1","7","8","2680","0","0","0","918","2680","3598","0","266281","0","0","738","266281","267019"
"2021-08-23","port1137","Samarinda","Indonesia","IDN","0","7","1","0","0","8","8","0","0","795","0","0","795","795","0","344929","1360","0","0","346290","346290"
"2022-09-05","port1137","Samarinda","Indonesia","IDN","0","7","1","0","1","8","9","0","0","0","0","918","0","918","0","368037","5891","0","738","373928","374667"
"2019-05-20","port1137","Samarinda","Indonesia","IDN","1","14","0","0","0","15","15","826","0","0","0","0","826","826","0","465075","0","0","0","465075","465075"
"2021-08-24","port1137","Samarinda","Indonesia","IDN","0","7","0","0","1","7","8","0","0","0","0","1207","0","1207","0","214623","0","0","389","214623","215013"
"2022-09-06","port1137","Samarinda","Indonesia","IDN","0","7","1","0","1","8","9","0","0","795","0","918","795","1713","0","370292","1360","0","738","371653","372391"
"2019-05-21","port1137","Samarinda","Indonesia","IDN","0","9","1","0","0","10","10","0","0","251","0","0","251","251","0","277139","344","0","0","277484","277484"
"2021-08-25","port1137","Samarinda","Indonesia","IDN","0","5","0","0","0","5","5","0","0","0","0","0","0","0","0","264336","0","0","0","264336","264336"
"2022-09-07","port1137","Samarinda","Indonesia","IDN","0","8","2","0","2","10","12","0","0","795","0","79","795","874","0","359276","4943","0","0","364220","364220"
"2019-05-22","port1137","Samarinda","Indonesia","IDN","0","14","0","1","1","15","16","0","0","0","0","0","0","0","0","627374","0","0","43015","627374","670389"
"2021-08-26","port1137","Samarinda","Indonesia","IDN","1","2","0","0","0","3","3","1298","0","0","0","0","1298","1298","188","82448","0","0","0","82636","82636"
"2022-09-08","port1137","Samarinda","Indonesia","IDN","2","4","2","0","1","8","9","892","0","70","0","0","962","962","0","172726","891","0","0","173618","173618"
"2019-05-23","port1137","Samarinda","Indonesia","IDN","1","6","1","0","0","8","8","1038","0","0","0","0","1038","1038","0","329475","0","0","0","329475","329475"
"2021-08-27","port1137","Samarinda","Indonesia","IDN","0","2","0","0","0","2","2","0","0","0","0","0","0","0","0","82448","0","0","0","82448","82448"
"2022-09-09","port1137","Samarinda","Indonesia","IDN","1","5","0","0","0","6","6","0","0","0","0","0","0","0","1537","238172","0","0","0","239709","239709"
"2019-05-24","port1137","Samarinda","Indonesia","IDN","1","2","0","0","1","3","4","0","0","0","0","0","0","0","0","128656","0","0","4294","128656","132951"
"2021-08-28","port1137","Samarinda","Indonesia","IDN","0","4","0","0","0","4","4","0","0","0","0","0","0","0","0","210800","0","0","0","210800","210800"
"2022-09-10","port1137","Samarinda","Indonesia","IDN","0","9","0","0","2","9","11","0","0","0","0","1359","0","1359","0","378257","0","0","399","378257","378656"
"2019-05-25","port1137","Samarinda","Indonesia","IDN","0","7","0","0","1","7","8","0","0","0","0","0","0","0","0","294773","0","0","0","294773","294773"
"2021-08-29","port1137","Samarinda","Indonesia","IDN","1","6","0","0","0","7","7","1775","0","0","0","0","1775","1775","0","262910","0","0","0","262910","262910"
"2022-09-11","port1137","Samarinda","Indonesia","IDN","1","7","1","0","0","9","9","870","0","795","0","0","1665","1665","0","316853","1360","0","0","318214","318214"
"2019-05-26","port1137","Samarinda","Indonesia","IDN","0","7","0","0","0","7","7","0","0","0","0","0","0","0","0","275631","0","0","0","275631","275631"
"2021-08-30","port1137","Samarinda","Indonesia","IDN","0","8","0","0","0","8","8","0","0","0","0","0","0","0","0","342856","0","0","0","342856","342856"
"2022-09-12","port1137","Samarinda","Indonesia","IDN","2","7","0","0","2","9","11","2597","0","0","0","1794","2597","4391","376","345565","0","0","738","345941","346679"
"2019-05-27","port1137","Samarinda","Indonesia","IDN","1","5","1","0","0","7","7","824","0","795","0","0","1619","1619","0","222004","1360","0","0","223365","223365"
"2021-08-31","port1137","Samarinda","Indonesia","IDN","0","8","0","0","0","8","8","0","0","0","0","0","0","0","0","330145","0","0","0","330145","330145"
"2022-09-13","port1137","Samarinda","Indonesia","IDN","1","5","0","0","0","6","6","838","0","0","0","0","838","838","0","149282","0","0","0","149282","149282"
"2019-05-28","port1137","Samarinda","Indonesia","IDN","0","3","0","0","0","3","3","0","0","0","0","0","0","0","0","95719","0","0","0","95719","95719"
"2021-09-01","port1137","Samarinda","Indonesia","IDN","0","6","0","0","0","6","6","0","0","0","0","0","0","0","0","285017","0","0","0","285017","285017"
"2022-09-14","port1137","Samarinda","Indonesia","IDN","1","8","0","0","0","9","9","1230","0","0","0","0","1230","1230","0","393739","0","0","0","393739","393739"
"2019-05-29","port1137","Samarinda","Indonesia","IDN","0","6","1","0","0","7","7","0","0","795","0","0","795","795","0","313723","1360","0","0","315084","315084"
"2021-09-02","port1137","Samarinda","Indonesia","IDN","0","8","0","0","0","8","8","0","0","0","0","0","0","0","0","359136","0","0","0","359136","359136"
"2022-09-15","port1137","Samarinda","Indonesia","IDN","1","2","0","0","0","3","3","1437","0","0","0","0","1437","1437","0","82181","0","0","0","82181","82181"
"2021-09-03","port1137","Samarinda","Indonesia","IDN","0","7","0","0","0","7","7","0","0","0","0","0","0","0","0","331438","0","0","0","331438","331438"
"2022-09-16","port1137","Samarinda","Indonesia","IDN","2","2","0","0","0","4","4","1258","0","0","0","0","1258","1258","0","147853","0","0","0","147853","147853"
"2019-05-30","port1137","Samarinda","Indonesia","IDN","0","5","0","0","0","5","5","0","0","0","0","0","0","0","0","114252","0","0","0","114252","114252"
"2021-09-04","port1137","Samarinda","Indonesia","IDN","1","3","0","0","0","4","4","1298","0","0","0","0","1298","1298","188","123672","0","0","0","123860","123860"
"2022-09-17","port1137","Samarinda","Indonesia","IDN","0","7","0","0","0","7","7","0","0","0","0","0","0","0","0","490002","0","0","0","490002","490002"
"2019-05-31","port1137","Samarinda","Indonesia","IDN","1","6","0","0","0","7","7","0","0","0","0","0","0","0","0","144310","0","0","0","144310","144310"
"2021-09-05","port1137","Samarinda","Indonesia","IDN","0","2","0","0","0","2","2","0","0","0","0","0","0","0","0","112321","0","0","0","112321","112321"
"2022-09-18","port1137","Samarinda","Indonesia","IDN","0","4","1","0","1","5","6","0","0","243","0","0","243","243","0","118840","0","0","0","118840","118840"
"2019-06-01","port1137","Samarinda","Indonesia","IDN","0","7","0","0","0","7","7","0","0","0","0","0","0","0","0","224720","0","0","0","224720","224720"
"2021-09-06","port1137","Samarinda","Indonesia","IDN","0","6","0","0","0","6","6","0","0","0","0","0","0","0","0","199622","0","0","0","199622","199622"
"2022-09-19","port1137","Samarinda","Indonesia","IDN","1","7","1","0","1","9","10","1298","0","0","0","1207","1298","2506","188","342192","0","0","389","342380","342770"
"2019-06-02","port1137","Samarinda","Indonesia","IDN","0","3","0","0","0","3","3","0","0","0","0","0","0","0","0","122925","0","0","0","122925","122925"
"2021-09-07","port1137","Samarinda","Indonesia","IDN","1","5","0","0","0","6","6","1049","0","0","0","0","1049","1049","0","187092","0","0","0","187092","187092"
"2022-09-20","port1137","Samarinda","Indonesia","IDN","0","5","2","0","0","7","7","0","0","121","0","0","121","121","0","225678","113","0","0","225791","225791"
"2019-06-03","port1137","Samarinda","Indonesia","IDN","0","7","1","0","1","8","9","0","0","795","0","918","795","1713","0","364289","1360","0","738","365650","366388"
"2021-09-08","port1137","Samarinda","Indonesia","IDN","0","4","1","0","0","5","5","0","0","0","0","0","0","0","0","165076","3928","0","0","169004","169004"
"2022-09-21","port1137","Samarinda","Indonesia","IDN","2","5","0","0","0","7","7","1033","0","0","0","0","1033","1033","202","227502","0","0","0","227705","227705"
"2019-06-04","port1137","Samarinda","Indonesia","IDN","0","2","0","0","1","2","3","0","0","0","0","971","0","971","0","82448","0","0","0","82448","82448"
"2021-09-09","port1137","Samarinda","Indonesia","IDN","2","4","0","0","0","6","6","2325","0","0","0","0","2325","2325","188","190137","0","0","0","190325","190325"
"2022-09-22","port1137","Samarinda","Indonesia","IDN","0","5","0","0","1","5","6","0","0","0","0","918","0","918","0","141867","0","0","738","141867","142605"
"2019-06-05","port1137","Samarinda","Indonesia","IDN","0","0","0","0","1","0","1","0","0","0","0","918","0","918","0","0","0","0","738","0","738"
"2021-09-10","port1137","Samarinda","Indonesia","IDN","0","4","1","0","0","5","5","0","0","795","0","0","795","795","0","197990","1360","0","0","199351","199351"
"2022-09-23","port1137","Samarinda","Indonesia","IDN","3","3","1","0","0","7","7","3372","0","0","0","0","3372","3372","188","100525","15813","0","0","116527","116527"
"2019-06-06","port1137","Samarinda","Indonesia","IDN","1","6","0","0","0","7","7","1298","0","0","0","0","1298","1298","188","228762","0","0","0","228950","228950"
"2021-09-11","port1137","Samarinda","Indonesia","IDN","1","4","0","0","0","5","5","1298","0","0","0","0","1298","1298","188","171117","0","0","0","171305","171305"
"2022-09-24","port1137","Samarinda","Indonesia","IDN","1","7","0","0","0","8","8","210","0","0","0","0","210","210","0","269177","0","0","0","269177","269177"
"2019-06-07","port1137","Samarinda","Indonesia","IDN","0","2","1","0","1","3","4","0","0","795","0","918","795","1713","0","68767","1360","0","738","70128","70866"
"2021-09-12","port1137","Samarinda","Indonesia","IDN","0","5","0","0","1","5","6","0","0","0","0","2635","0","2635","0","194838","0","0","3412","194838","198250"
"2022-09-25","port1137","Samarinda","Indonesia","IDN","0","6","1","0","0","7","7","0","0","795","0","0","795","795","0","353872","1360","0","0","355233","355233"
"2019-06-08","port1137","Samarinda","Indonesia","IDN","0","2","0","0","0","2","2","0","0","0","0","0","0","0","0","68539","0","0","0","68539","68539"
"2021-09-13","port1137","Samarinda","Indonesia","IDN","0","9","0","0","0","9","9","0","0","0","0","0","0","0","0","252056","0","0","0","252056","252056"
"2022-09-26","port1137","Samarinda","Indonesia","IDN","1","4","0","0","0","5","5","0","0","0","0","0","0","0","827","262795","0","0","0","263623","263623"
"2019-06-09","port1137","Samarinda","Indonesia","IDN","1","3","2","0","0","6","6","577","0","795","0","0","1373","1373","0","58799","1472","0","0","60272","60272"
"2021-09-14","port1137","Samarinda","Indonesia","IDN","0","5","0","0","0","5","5","0","0","0","0","0","0","0","0","244145","0","0","0","244145","244145"
"2022-09-27","port1137","Samarinda","Indonesia","IDN","0","7","0","0","0","7","7","0","0","0","0","0","0","0","0","274993","0","0","0","274993","274993"
"2019-06-10","port1137","Samarinda","Indonesia","IDN","0","3","0","0","1","3","4","0","0","0","0","918","0","918","0","132899","0","0","738","132899","133637"
"2021-09-15","port1137","Samarinda","Indonesia","IDN","1","5","0","0","1","6","7","1298","0","0","0","918","1298","2217","188","305935","0","0","738","306123","306862"
"2022-09-28","port1137","Samarinda","Indonesia","IDN","0","4","1","0","0","5","5","0","0","0","0","0","0","0","0","229681","526","0","0","230207","230207"
"2019-06-11","port1137","Samarinda","Indonesia","IDN","0","6","0","0","2","6","8","0","0","0","0","3624","0","3624","0","155234","0","0","831","155234","156065"
"2021-09-16","port1137","Samarinda","Indonesia","IDN","1","4","0","0","0","5","5","1298","0","0","0","0","1298","1298","188","94795","0","0","0","94983","94983"
"2022-09-29","port1137","Samarinda","Indonesia","IDN","1","8","0","1","2","10","12","840","0","0","0","918","840","1758","0","353694","0","0","3869","353694","357563"
"2021-09-17","port1137","Samarinda","Indonesia","IDN","1","3","0","0","0","4","4","0","0","0","0","0","0","0","0","134639","0","0","0","134639","134639"
"2022-09-30","port1137","Samarinda","Indonesia","IDN","1","6","2","0","0","9","9","831","0","795","0","0","1626","1626","0","171745","1360","0","0","173105","173105"
"2021-09-18","port1137","Samarinda","Indonesia","IDN","0","0","0","0","1","0","1","0","0","0","0","918","0","918","0","0","0","0","738","0","738"
"2019-06-12","port1137","Samarinda","Indonesia","IDN","0","3","1","0","0","4","4","0","0","0","0","0","0","0","0","107044","3130","0","0","110175","110175"
"2022-10-01","port1137","Samarinda","Indonesia","IDN","1","3","0","0","0","4","4","0","0","0","0","0","0","0","0","175399","0","0","0","175399","175399"
"2021-09-19","port1137","Samarinda","Indonesia","IDN","1","1","0","0","1","2","3","1298","0","0","0","918","1298","2217","188","53883","0","0","738","54071","54809"
"2019-06-13","port1137","Samarinda","Indonesia","IDN","0","1","0","1","0","2","2","0","0","0","0","0","0","0","0","53396","0","0","0","53396","53396"
"2022-10-02","port1137","Samarinda","Indonesia","IDN","0","4","0","0","1","4","5","0","0","0","0","0","0","0","0","157230","0","0","787","157230","158017"
"2021-09-20","port1137","Samarinda","Indonesia","IDN","0","4","0","0","1","4","5","0","0","0","0","2635","0","2635","0","161241","0","0","3412","161241","164654"
"2019-06-14","port1137","Samarinda","Indonesia","IDN","0","3","0","0","0","3","3","0","0","0","0","0","0","0","0","82448","0","0","0","82448","82448"
"2022-10-03","port1137","Samarinda","Indonesia","IDN","1","6","0","0","1","7","8","1298","0","0","0","2705","1298","4004","188","278899","0","0","93","279087","279180"
"2021-09-21","port1137","Samarinda","Indonesia","IDN","0","6","0","0","0","6","6","0","0","0","0","0","0","0","0","287328","0","0","0","287328","287328"
"2019-06-15","port1137","Samarinda","Indonesia","IDN","0","6","0","0","0","6","6","0","0","0","0","0","0","0","0","195523","0","0","0","195523","195523"
"2022-10-04","port1137","Samarinda","Indonesia","IDN","2","2","1","0","2","5","7","1767","0","0","0","918","1767","2685","0","84750","6791","0","738","91541","92279"
"2021-09-22","port1137","Samarinda","Indonesia","IDN","0","3","0","0","0","3","3","0","0","0","0","0","0","0","0","123672","0","0","0","123672","123672"
"2019-06-16","port1137","Samarinda","Indonesia","IDN","0","7","0","0","0","7","7","0","0","0","0","0","0","0","0","232815","0","0","0","232815","232815"
"2022-10-05","port1137","Samarinda","Indonesia","IDN","2","5","0","0","0","7","7","1298","0","0","0","0","1298","1298","188","323999","0","0","0","324187","324187"
"2021-09-23","port1137","Samarinda","Indonesia","IDN","1","2","0","0","0","3","3","1298","0","0","0","0","1298","1298","188","1085","0","0","0","1273","1273"
"2019-06-17","port1137","Samarinda","Indonesia","IDN","0","6","1","0","0","7","7","0","0","795","0","0","795","795","0","193071","1360","0","0","194431","194431"
"2022-10-06","port1137","Samarinda","Indonesia","IDN","0","1","0","0","2","1","3","0","0","0","0","918","0","918","0","55567","0","0","738","55567","56305"
"2021-09-24","port1137","Samarinda","Indonesia","IDN","1","7","0","0","0","8","8","2150","0","0","0","0","2150","2150","0","344118","0","0","0","344118","344118"
"2019-06-18","port1137","Samarinda","Indonesia","IDN","0","3","1","0","1","4","5","0","0","2314","0","918","2314","3232","0","153982","0","0","738","153982","154721"
"2022-10-07","port1137","Samarinda","Indonesia","IDN","1","6","0","0","0","7","7","1338","0","0","0","0","1338","1338","0","275759","0","0","0","275759","275759"
"2021-09-25","port1137","Samarinda","Indonesia","IDN","0","4","0","0","1","4","5","0","0","0","0","2635","0","2635","0","290734","0","0","3412","290734","294146"
"2019-06-19","port1137","Samarinda","Indonesia","IDN","1","7","0","0","0","8","8","0","0","0","0","0","0","0","0","220792","0","0","0","220792","220792"
"2022-10-08","port1137","Samarinda","Indonesia","IDN","2","3","0","0","0","5","5","1719","0","0","0","0","1719","1719","188","109385","0","0","0","109573","109573"
"2021-09-26","port1137","Samarinda","Indonesia","IDN","0","4","0","0","1","4","5","0","0","0","0","918","0","918","0","164897","0","0","738","164897","165635"
"2019-06-20","port1137","Samarinda","Indonesia","IDN","1","10","1","0","0","12","12","0","0","0","0","0","0","0","0","347224","392","0","0","347616","347616"
"2022-10-09","port1137","Samarinda","Indonesia","IDN","0","4","0","0","1","4","5","0","0","0","0","0","0","0","0","101128","0","0","3131","101128","104259"
"2021-09-27","port1137","Samarinda","Indonesia","IDN","0","6","0","0","1","6","7","0","0","0","0","2705","0","2705","0","177593","0","0","93","177593","177686"
"2019-06-21","port1137","Samarinda","Indonesia","IDN","0","5","1","0","0","6","6","0","0","344","0","0","344","344","0","274831","0","0","0","274831","274831"
"2022-10-10","port1137","Samarinda","Indonesia","IDN","0","11","0","0","1","11","12","0","0","0","0","0","0","0","0","552717","0","0","0","552717","552717"
"2021-09-28","port1137","Samarinda","Indonesia","IDN","1","3","0","0","0","4","4","2164","0","0","0","0","2164","2164","0","113239","0","0","0","113239","113239"
"2019-06-22","port1137","Samarinda","Indonesia","IDN","0","3","1","0","0","4","4","0","0","0","0","0","0","0","0","118437","1893","0","0","120330","120330"
"2022-10-11","port1137","Samarinda","Indonesia","IDN","3","5","1","0","0","9","9","1505","0","0","0","0","1505","1505","1008","267488","3764","0","0","272260","272260"
"2021-09-29","port1137","Samarinda","Indonesia","IDN","0","6","1","0","0","7","7","0","0","1530","0","0","1530","1530","0","292476","0","0","0","292476","292476"
"2019-06-23","port1137","Samarinda","Indonesia","IDN","0","6","0","0","0","6","6","0","0","0","0","0","0","0","0","123672","0","0","0","123672","123672"
"2022-10-12","port1137","Samarinda","Indonesia","IDN","1","2","1","0","1","4","5","835","0","0","0","866","835","1701","0","82448","0","0","0","82448","82448"
"2021-09-30","port1137","Samarinda","Indonesia","IDN","0","7","0","0","0","7","7","0","0","0","0","0","0","0","0","322184","0","0","0","322184","322184"
"2019-06-24","port1137","Samarinda","Indonesia","IDN","1","3","1","0","0","5","5","1651","0","795","0","0","2447","2447","0","82448","1360","0","0","83809","83809"
"2022-10-13","port1137","Samarinda","Indonesia","IDN","2","2","0","0","0","4","4","2150","0","0","0","0","2150","2150","0","143746","0","0","0","143746","143746"
"2019-06-25","port1137","Samarinda","Indonesia","IDN","1","7","0","0","0","8","8","1298","0","0","0","0","1298","1298","188","214266","0","0","0","214455","214455"
"2022-10-14","port1137","Samarinda","Indonesia","IDN","0","7","0","0","1","7","8","0","0","0","0","1207","0","1207","0","264683","0","0","389","264683","265073"
"2021-10-01","port1137","Samarinda","Indonesia","IDN","1","7","0","0","0","8","8","1298","0","0","0","0","1298","1298","188","342059","0","0","0","342247","342247"
"2019-06-26","port1137","Samarinda","Indonesia","IDN","0","9","0","0","1","9","10","0","0","0","0","918","0","918","0","225637","0","0","738","225637","226375"
"2022-10-15","port1137","Samarinda","Indonesia","IDN","0","5","0","0","2","5","7","0","0","0","0","1705","0","1705","0","254370","0","0","738","254370","255108"
"2021-10-02","port1137","Samarinda","Indonesia","IDN","1","2","0","0","0","3","3","1298","0","0","0","0","1298","1298","188","41224","0","0","0","41412","41412"
"2019-06-27","port1137","Samarinda","Indonesia","IDN","2","13","0","0","0","15","15","1298","0","0","0","0","1298","1298","188","323013","0","0","0","323201","323201"
"2022-10-16","port1137","Samarinda","Indonesia","IDN","0","3","1","0","1","4","5","0","0","0","0","2635","0","2635","0","151578","596","0","3412","152175","155587"
"2021-10-03","port1137","Samarinda","Indonesia","IDN","0","2","0","0","1","2","3","0","0","0","0","918","0","918","0","41224","0","0","738","41224","41962"
"2019-06-28","port1137","Samarinda","Indonesia","IDN","0","5","0","0","0","5","5","0","0","0","0","0","0","0","0","137245","0","0","0","137245","137245"
"2022-10-17","port1137","Samarinda","Indonesia","IDN","0","7","0","0","1","7","8","0","0","0","0","83","0","83","0","376344","0","0","0","376344","376344"
"2021-10-04","port1137","Samarinda","Indonesia","IDN","0","5","0","0","0","5","5","0","0","0","0","0","0","0","0","206121","0","0","0","206121","206121"
"2019-06-29","port1137","Samarinda","Indonesia","IDN","0","3","0","0","0","3","3","0","0","0","0","0","0","0","0","139713","0","0","0","139713","139713"
"2022-10-18","port1137","Samarinda","Indonesia","IDN","2","5","0","0","0","7","7","2124","0","0","0","0","2124","2124","188","151060","0","0","0","151248","151248"
"2021-10-05","port1137","Samarinda","Indonesia","IDN","2","5","0","0","0","7","7","2856","0","0","0","0","2856","2856","270","270533","0","0","0","270804","270804"
"2019-06-30","port1137","Samarinda","Indonesia","IDN","0","4","1","0","0","5","5","0","0","0","0","0","0","0","0","78937","433","0","0","79371","79371"
"2022-10-19","port1137","Samarinda","Indonesia","IDN","0","3","0","0","0","3","3","0","0","0","0","0","0","0","0","116764","0","0","0","116764","116764"
"2021-10-06","port1137","Samarinda","Indonesia","IDN","1","10","0","0","0","11","11","1298","0","0","0","0","1298","1298","188","449811","0","0","0","449999","449999"
"2019-07-01","port1137","Samarinda","Indonesia","IDN","0","5","1","0","1","6","7","0","0","0","0","918","0","918","0","102479","1024","0","738","103503","104242"
"2022-10-20","port1137","Samarinda","Indonesia","IDN","2","4","0","0","2","6","8","1333","0","0","0","1836","1333","3170","0","153244","0","0","1476","153244","154720"
"2021-10-07","port1137","Samarinda","Indonesia","IDN","2","5","0","0","0","7","7","1298","0","0","0","0","1298","1298","981","184960","0","0","0","185941","185941"
"2019-07-02","port1137","Samarinda","Indonesia","IDN","0","8","0","0","0","8","8","0","0","0","0","0","0","0","0","408699","0","0","0","408699","408699"
"2022-10-21","port1137","Samarinda","Indonesia","IDN","1","8","1","0","1","10","11","0","0","1015","0","918","1015","1933","410","314642","0","0","738","315053","315791"
"2021-10-08","port1137","Samarinda","Indonesia","IDN","0","5","0","0","1","5","6","0","0","0","0","918","0","918","0","172170","0","0","738","172170","172909"
"2019-07-03","port1137","Samarinda","Indonesia","IDN","0","6","1","0","0","7","7","0","0","795","0","0","795","795","0","292626","1360","0","0","293987","293987"
"2022-10-22","port1137","Samarinda","Indonesia","IDN","0","4","2","0","0","6","6","0","0","1739","0","0","1739","1739","0","161448","1360","0","0","162809","162809"
"2021-10-09","port1137","Samarinda","Indonesia","IDN","1","2","0","0","0","3","3","2069","0","0","0","0","2069","2069","0","41224","0","0","0","41224","41224"
"2019-07-04","port1137","Samarinda","Indonesia","IDN","3","9","0","0","0","12","12","2597","0","0","0","0","2597","2597","376","393803","0","0","0","394179","394179"
"2022-10-23","port1137","Samarinda","Indonesia","IDN","1","2","1","0","3","4","7","617","0","1677","0","4846","2295","7141","0","114587","0","0","738","114587","115325"
"2021-10-10","port1137","Samarinda","Indonesia","IDN","2","2","0","0","0","4","4","3463","0","0","0","0","3463","3463","188","89057","0","0","0","89246","89246"
"2019-07-05","port1137","Samarinda","Indonesia","IDN","1","7","0","0","0","8","8","1298","0","0","0","0","1298","1298","188","242505","0","0","0","242693","242693"
"2022-10-24","port1137","Samarinda","Indonesia","IDN","2","2","0","0","2","4","6","1045","0","0","0","3842","1045","4887","0","130583","0","0","3802","130583","134386"
"2021-10-11","port1137","Samarinda","Indonesia","IDN","0","4","0","0","0","4","4","0","0","0","0","0","0","0","0","44561","0","0","0","44561","44561"
"2019-07-06","port1137","Samarinda","Indonesia","IDN","0","5","0","0","0","5","5","0","0","0","0","0","0","0","0","137947","0","0","0","137947","137947"
"2022-10-25","port1137","Samarinda","Indonesia","IDN","0","1","1","0","0","2","2","0","0","0","0","0","0","0","0","138233","0","0","0","138233","138233"
"2021-10-12","port1137","Samarinda","Indonesia","IDN","1","6","1","0","0","8","8","1298","0","795","0","0","2093","2093","188","317254","1360","0","0","318802","318802"
"2019-07-07","port1137","Samarinda","Indonesia","IDN","0","4","0","0","0","4","4","0","0","0","0","0","0","0","0","123672","0","0","0","123672","123672"
"2022-10-26","port1137","Samarinda","Indonesia","IDN","1","7","0","0","0","8","8","1298","0","0","0","0","1298","1298","188","305224","0","0","0","305412","305412"
"2021-10-13","port1137","Samarinda","Indonesia","IDN","0","5","0","0","0","5","5","0","0","0","0","0","0","0","0","206892","0","0","0","206892","206892"
"2019-07-08","port1137","Samarinda","Indonesia","IDN","1","7","0","0","1","8","9","2069","0","0","0","918","2069","2987","0","207359","0","0","738","207359","208097"
"2022-10-27","port1137","Samarinda","Indonesia","IDN","1","4","1","0","1","6","7","0","0","795","0","918","795","1713","0","176654","1360","0","738","178014","178753"
"2019-07-09","port1137","Samarinda","Indonesia","IDN","0","3","0","0","0","3","3","0","0","0","0","0","0","0","0","41224","0","0","0","41224","41224"
"2022-10-28","port1137","Samarinda","Indonesia","IDN","1","5","0","0","0","6","6","1247","0","0","0","0","1247","1247","0","214722","0","0","0","214722","214722"
"2021-10-14","port1137","Samarinda","Indonesia","IDN","1","7","0","0","0","8","8","1298","0","0","0","0","1298","1298","188","136823","0","0","0","137011","137011"
"2019-07-10","port1137","Samarinda","Indonesia","IDN","0","1","0","0","0","1","1","0","0","0","0","0","0","0","0","79755","0","0","0","79755","79755"
"2022-10-29","port1137","Samarinda","Indonesia","IDN","2","1","2","0","2","5","7","0","0","795","0","206","795","1001","623","53600","1360","0","0","55584","55584"
"2021-10-15","port1137","Samarinda","Indonesia","IDN","0","4","0","0","0","4","4","0","0","0","0","0","0","0","0","229842","0","0","0","229842","229842"
"2019-07-11","port1137","Samarinda","Indonesia","IDN","2","9","0","0","0","11","11","1550","0","0","0","0","1550","1550","0","423427","0","0","0","423427","423427"
"2022-10-30","port1137","Samarinda","Indonesia","IDN","0","3","0","0","1","3","4","0","0","0","0","918","0","918","0","210765","0","0","738","210765","211503"
"2021-10-16","port1137","Samarinda","Indonesia","IDN","1","6","0","0","1","7","8","1298","0","0","0","2635","1298","3934","188","178160","0","0","3412","178348","181761"
"2019-07-12","port1137","Samarinda","Indonesia","IDN","1","7","1","0","0","9","9","1082","0","854","0","0","1936","1936","0","245396","0","0","0","245396","245396"
"2022-10-31","port1137","Samarinda","Indonesia","IDN","0","0","1","0","0","1","1","0","0","795","0","0","795","795","0","0","1360","0","0","1360","1360"
"2021-10-17","port1137","Samarinda","Indonesia","IDN","1","4","0","0","0","5","5","1045","0","0","0","0","1045","1045","0","101768","0","0","0","101768","101768"
"2019-07-13","port1137","Samarinda","Indonesia","IDN","0","5","0","1","1","6","7","0","0","0","0","918","0","918","0","194218","0","0","738","194218","194956"
"2022-11-01","port1137","Samarinda","Indonesia","IDN","1","4","0","0","0","5","5","1298","0","0","0","0","1298","1298","188","229234","0","0","0","229422","229422"
"2021-10-18","port1137","Samarinda","Indonesia","IDN","2","3","1","0","0","6","6","2597","0","0","0","0","2597","2597","376","156065","10585","0","0","167026","167026"
"2019-07-14","port1137","Samarinda","Indonesia","IDN","2","7","1","0","0","10","10","0","0","0","0","0","0","0","1860","394516","2965","0","0","399342","399342"
"2022-11-02","port1137","Samarinda","Indonesia","IDN","0","2","2","0","0","4","4","0","0","60","0","0","60","60","0","67697","652","0","0","68350","68350"
"2021-10-19","port1137","Samarinda","Indonesia","IDN","0","5","0","0","0","5","5","0","0","0","0","0","0","0","0","92528","0","0","0","92528","92528"
"2019-07-15","port1137","Samarinda","Indonesia","IDN","0","5","0","0","1","5","6","0","0","0","0","918","0","918","0","225346","0","0","738","225346","226084"
"2022-11-03","port1137","Samarinda","Indonesia","IDN","2","3","0","0","1","5","6","1975","0","0","0","0","1975","1975","0","181753","0","0","0","181753","181753"
"2021-10-20","port1137","Samarinda","Indonesia","IDN","0","7","0","0","1","7","8","0","0","0","0","0","0","0","0","165592","0","0","446","165592","166039"
"2019-07-16","port1137","Samarinda","Indonesia","IDN","0","4","0","0","2","4","6","0","0","0","0","3796","0","3796","0","75105","0","0","980","75105","76085"
"2022-11-04","port1137","Samarinda","Indonesia","IDN","2","6","3","0","0","11","11","2346","0","2385","0","0","4731","4731","188","192991","4082","0","0","197261","197261"
"2021-10-21","port1137","Samarinda","Indonesia","IDN","1","5","0","0","2","6","8","1298","0","0","0","2125","1298","3424","188","214419","0","0","1127","214607","215735"
"2019-07-17","port1137","Samarinda","Indonesia","IDN","0","6","0","0","0","6","6","0","0","0","0","0","0","0","0","106022","0","0","0","106022","106022"
"2022-11-05","port1137","Samarinda","Indonesia","IDN","0","5","2","0","0","7","7","0","0","795","0","0","795","795","0","317320","4642","0","0","321962","321962"
"2021-10-22","port1137","Samarinda","Indonesia","IDN","1","3","0","0","1","4","5","1298","0","0","0","2635","1298","3934","188","135517","0","0","3412","135705","139118"
"2019-07-18","port1137","Samarinda","Indonesia","IDN","1","6","0","0","4","7","11","1519","0","0","0","5390","1519","6910","0","136839","0","0","5627","136839","142467"
"2022-11-06","port1137","Samarinda","Indonesia","IDN","1","3","0","0","1","4","5","210","0","0","0","918","210","1129","0","86342","0","0","738","86342","87080"
"2021-10-23","port1137","Samarinda","Indonesia","IDN","1","9","0","0","0","10","10","1298","0","0","0","0","1298","1298","188","284222","0","0","0","284410","284410"
"2019-07-19","port1137","Samarinda","Indonesia","IDN","1","5","0","0","0","6","6","0","0","0","0","0","0","0","0","66572","0","0","0","66572","66572"
"2022-11-07","port1137","Samarinda","Indonesia","IDN","1","5","1","0","1","7","8","1298","0","795","0","0","2093","2093","188","216485","1360","0","0","218034","218034"
"2021-10-24","port1137","Samarinda","Indonesia","IDN","0","6","0","0","2","6","8","0","0","0","0","1836","0","1836","0","174257","0","0","1476","174257","175733"
"2019-07-20","port1137","Samarinda","Indonesia","IDN","1","4","0","0","0","5","5","2883","0","0","0","0","2883","2883","0","106718","0","0","0","106718","106718"
"2022-11-08","port1137","Samarinda","Indonesia","IDN","1","3","0","0","1","4","5","1298","0","0","0","0","1298","1298","188","160820","0","0","0","161008","161008"
"2021-10-25","port1137","Samarinda","Indonesia","IDN","0","9","0","1","0","10","10","0","0","0","143","0","143","143","0","287502","0","70","0","287573","287573"
"2019-07-21","port1137","Samarinda","Indonesia","IDN","0","4","1","0","2","5","7","0","0","0","0","1836","0","1836","0","180816","4616","0","1476","185432","186909"
"2022-11-09","port1137","Samarinda","Indonesia","IDN","1","4","2","0","0","7","7","1298","0","795","0","0","2093","2093","188","172710","1360","0","0","174259","174259"
"2021-10-26","port1137","Samarinda","Indonesia","IDN","1","4","1","0","0","6","6","1298","0","795","0","0","2093","2093","188","161997","1360","0","0","163546","163546"
"2019-07-22","port1137","Samarinda","Indonesia","IDN","1","3","0","0","1","4","5","2064","0","0","0","1009","2064","3073","0","125927","0","0","0","125927","125927"
"2022-11-10","port1137","Samarinda","Indonesia","IDN","2","6","0","0","1","8","9","1439","0","0","0","0","1439","1439","0","234553","0","0","3131","234553","237685"
"2019-07-23","port1137","Samarinda","Indonesia","IDN","0","6","2","0","0","8","8","0","0","1590","0","0","1590","1590","0","246730","2721","0","0","249452","249452"
"2022-11-11","port1137","Samarinda","Indonesia","IDN","0","5","1","0","1","6","7","0","0","0","0","918","0","918","0","305050","1852","0","738","306903","307641"
"2021-10-27","port1137","Samarinda","Indonesia","IDN","0","10","0","0","1","10","11","0","0","0","0","918","0","918","0","339147","0","0","738","339147","339885"
"2019-07-24","port1137","Samarinda","Indonesia","IDN","0","4","0","0","0","4","4","0","0","0","0","0","0","0","0","208477","0","0","0","208477","208477"
"2022-11-12","port1137","Samarinda","Indonesia","IDN","0","3","1","0","1","4","5","0","0","0","0","2635","0","2635","0","106406","0","0","3412","106406","109819"
"2021-10-28","port1137","Samarinda","Indonesia","IDN","0","5","0","0","1","5","6","0","0","0","0","918","0","918","0","124758","0","0","738","124758","125496"
"2019-07-25","port1137","Samarinda","Indonesia","IDN","0","4","0","0","0","4","4","0","0","0","0","0","0","0","0","112118","0","0","0","112118","112118"
"2022-11-13","port1137","Samarinda","Indonesia","IDN","0","7","0","0","2","7","9","0","0","0","0","9317","0","9317","0","388484","0","0","0","388484","388484"
"2021-10-29","port1137","Samarinda","Indonesia","IDN","0","6","0","0","1","6","7","0","0","0","0","3772","0","3772","0","244700","0","0","0","244700","244700"
"2019-07-26","port1137","Samarinda","Indonesia","IDN","2","11","0","0","1","13","14","1246","0","0","0","0","1246","1246","0","427997","0","0","81695","427997","509692"
"2022-11-14","port1137","Samarinda","Indonesia","IDN","1","6","1","0","1","8","9","0","0","0","0","460","0","460","1659","356667","140","0","0","358467","358467"
"2021-10-30","port1137","Samarinda","Indonesia","IDN","0","5","0","0","0","5","5","0","0","0","0","0","0","0","0","114143","0","0","0","114143","114143"
"2019-07-27","port1137","Samarinda","Indonesia","IDN","0","8","0","0","2","8","10","0","0","0","0","1836","0","1836","0","197345","0","0","1476","197345","198822"
"2022-11-15","port1137","Samarinda","Indonesia","IDN","2","3","0","0","0","5","5","1509","0","0","0","0","1509","1509","188","118055","0","0","0","118243","118243"
"2021-10-31","port1137","Samarinda","Indonesia","IDN","1","9","0","0","1","10","11","1298","0","0","0","918","1298","2217","188","359234","0","0","738","359422","360160"
"2019-07-28","port1137","Samarinda","Indonesia","IDN","1","6","0","0","0","7","7","0","0","0","0","0","0","0","50540","197733","0","0","0","248274","248274"
"2022-11-16","port1137","Samarinda","Indonesia","IDN","2","5","1","0","1","8","9","2627","0","850","0","918","3477","4396","0","262160","0","0","738","262160","262898"
"2021-11-01","port1137","Samarinda","Indonesia","IDN","0","8","0","0","1","8","9","0","0","0","0","918","0","918","0","417921","0","0","738","417921","418659"
"2019-07-29","port1137","Samarinda","Indonesia","IDN","1","6","1","0","1","8","9","1241","0","0","0","918","1241","2160","0","115125","1332","0","738","116457","117195"
"2022-11-17","port1137","Samarinda","Indonesia","IDN","1","5","2","0","1","8","9","0","0","1770","0","0","1770","1770","0","305770","0","0","0","305770","305770"
"2021-11-02","port1137","Samarinda","Indonesia","IDN","0","3","0","0","0","3","3","0","0","0","0","0","0","0","0","84959","0","0","0","84959","84959"
"2019-07-30","port1137","Samarinda","Indonesia","IDN","0","1","1","0","0","2","2","0","0","795","0","0","795","795","0","0","1360","0","0","1360","1360"
"2022-11-18","port1137","Samarinda","Indonesia","IDN","1","6","1","0","0","8","8","1797","0","508","0","0","2305","2305","0","322890","0","0","0","322890","322890"
"2021-11-03","port1137","Samarinda","Indonesia","IDN","0","10","0","0","1","10","11","0","0","0","0","1207","0","1207","0","392147","0","0","389","392147","392537"
"2019-07-31","port1137","Samarinda","Indonesia","IDN","0","3","0","0","0","3","3","0","0","0","0","0","0","0","0","103420","0","0","0","103420","103420"
"2022-11-19","port1137","Samarinda","Indonesia","IDN","0","1","0","0","1","1","2","0","0","0","0","0","0","0","0","41224","0","0","3337","41224","44562"
"2021-11-04","port1137","Samarinda","Indonesia","IDN","0","3","0","0","0","3","3","0","0","0","0","0","0","0","0","106867","0","0","0","106867","106867"
"2019-08-01","port1137","Samarinda","Indonesia","IDN","1","5","1","0","0","7","7","0","0","795","0","0","795","795","0","200360","1360","0","0","201721","201721"
"2022-11-20","port1137","Samarinda","Indonesia","IDN","0","5","3","0","1","8","9","0","0","5872","0","918","5872","6790","0","204605","0","0","738","204605","205343"
"2021-11-05","port1137","Samarinda","Indonesia","IDN","0","9","0","0","0","9","9","0","0","0","0","0","0","0","0","231076","0","0","0","231076","231076"
"2019-08-02","port1137","Samarinda","Indonesia","IDN","1","1","0","0","1","2","3","0","0","0","0","918","0","918","0","53782","0","0","738","53782","54520"
"2022-11-21","port1137","Samarinda","Indonesia","IDN","1","5","0","0","3","6","9","1298","0","0","0","3553","1298","4852","188","238231","0","0","4501","238419","242921"
"2021-11-06","port1137","Samarinda","Indonesia","IDN","1","1","1","0","0","3","3","1298","0","0","0","0","1298","1298","188","4807","13773","0","0","18768","18768"
"2019-08-03","port1137","Samarinda","Indonesia","IDN","0","5","0","0","0","5","5","0","0","0","0","0","0","0","0","150153","0","0","0","150153","150153"
"2022-11-22","port1137","Samarinda","Indonesia","IDN","1","7","0","0","0","8","8","818","0","0","0","0","818","818","0","348038","0","0","0","348038","348038"
"2021-11-07","port1137","Samarinda","Indonesia","IDN","0","8","0","0","1","8","9","0","0","0","0","918","0","918","0","107578","0","0","738","107578","108316"
"2019-08-04","port1137","Samarinda","Indonesia","IDN","0","4","1","0","0","5","5","0","0","795","0","0","795","795","0","193354","1360","0","0","194715","194715"
"2022-11-23","port1137","Samarinda","Indonesia","IDN","1","6","0","0","1","7","8","406","0","0","0","918","406","1325","0","244238","0","0","738","244238","244976"
"2021-11-08","port1137","Samarinda","Indonesia","IDN","2","10","1","0","2","13","15","2334","0","0","0","3624","2334","5958","188","258826","0","0","831","259015","259846"
"2019-08-05","port1137","Samarinda","Indonesia","IDN","1","6","0","0","0","7","7","1298","0","0","0","0","1298","1298","188","156491","0","0","0","156679","156679"
"2022-11-24","port1137","Samarinda","Indonesia","IDN","1","4","2","0","0","7","7","222","0","0","0","0","222","222","0","138563","455","0","0","139019","139019"
"2019-08-06","port1137","Samarinda","Indonesia","IDN","0","9","0","0","1","9","10","0","0","0","0","918","0","918","0","291038","0","0","738","291038","291776"
"2022-11-25","port1137","Samarinda","Indonesia","IDN","1","5","1","0","2","7","9","0","0","60","0","349","60","410","0","119319","56","0","3131","119376","122507"
"2021-11-09","port1137","Samarinda","Indonesia","IDN","0","10","1","0","1","11","12","0","0","0","0","918","0","918","0","308271","0","0","738","308271","309009"
"2019-08-07","port1137","Samarinda","Indonesia","IDN","0","4","1","0","0","5","5","0","0","0","0","0","0","0","0","87497","764","0","0","88262","88262"
"2022-11-26","port1137","Samarinda","Indonesia","IDN","0","5","1","0","0","6","6","0","0","3657","0","0","3657","3657","0","143221","0","0","0","143221","143221"
"2021-11-10","port1137","Samarinda","Indonesia","IDN","1","2","0","0","0","3","3","1298","0","0","0","0","1298","1298","188","87654","0","0","0","87842","87842"
"2019-08-08","port1137","Samarinda","Indonesia","IDN","2","7","0","0","0","9","9","2705","0","0","0","0","2705","2705","0","323976","0","0","0","323976","323976"
"2022-11-27","port1137","Samarinda","Indonesia","IDN","0","8","1","0","1","9","10","0","0","0","0","0","0","0","0","302390","0","0","0","302390","302390"
"2021-11-11","port1137","Samarinda","Indonesia","IDN","2","4","0","0","0","6","6","0","0","0","0","0","0","0","2145","173183","0","0","0","175328","175328"
"2019-08-09","port1137","Samarinda","Indonesia","IDN","0","3","0","0","0","3","3","0","0","0","0","0","0","0","0","91599","0","0","0","91599","91599"
"2022-11-28","port1137","Samarinda","Indonesia","IDN","3","4","0","0","1","7","8","2549","0","0","0","918","2549","3468","188","195776","0","0","738","195964","196702"
"2021-11-12","port1137","Samarinda","Indonesia","IDN","0","4","1","0","0","5","5","0","0","212","0","0","212","212","0","100975","0","0","0","100975","100975"
"2019-08-10","port1137","Samarinda","Indonesia","IDN","0","4","0","0","1","4","5","0","0","0","0","918","0","918","0","52197","0","0","738","52197","52935"
"2022-11-29","port1137","Samarinda","Indonesia","IDN","0","6","2","0","1","8","9","0","0","2231","0","918","2231","3149","0","232593","1360","0","738","233954","234692"
"2021-11-13","port1137","Samarinda","Indonesia","IDN","1","3","0","0","0","4","4","2462","0","0","0","0","2462","2462","0","99444","0","0","0","99444","99444"
"2019-08-11","port1137","Samarinda","Indonesia","IDN","1","3","0","0","0","4","4","1557","0","0","0","0","1557","1557","82","115057","0","0","0","115139","115139"
"2022-11-30","port1137","Samarinda","Indonesia","IDN","3","4","0","0","1","7","8","4518","0","0","0","2635","4518","7153","0","139944","0","0","3412","139944","143357"
"2021-11-14","port1137","Samarinda","Indonesia","IDN","0","8","0","0","0","8","8","0","0","0","0","0","0","0","0","362665","0","0","0","362665","362665"
"2019-08-12","port1137","Samarinda","Indonesia","IDN","1","7","1","0","1","9","10","410","0","0","0","918","410","1328","0","301750","0","0","738","301750","302488"
"2022-12-01","port1137","Samarinda","Indonesia","IDN","1","2","0","0","0","3","3","1006","0","0","0","0","1006","1006","0","82448","0","0","0","82448","82448"
"2021-11-15","port1137","Samarinda","Indonesia","IDN","0","2","1","0","1","3","4","0","0","0","0","918","0","918","0","82448","0","0","738","82448","83186"
"2019-08-13","port1137","Samarinda","Indonesia","IDN","0","6","1","0","0","7","7","0","0","2384","0","0","2384","2384","0","144630","0","0","0","144630","144630"
"2022-12-02","port1137","Samarinda","Indonesia","IDN","2","6","1","1","0","10","10","0","0","795","0","0","795","795","0","296608","1360","0","0","297969","297969"
"2021-11-16","port1137","Samarinda","Indonesia","IDN","1","4","1","0","1","6","7","2204","0","122","0","0","2327","2327","0","168681","0","0","0","168681","168681"
"2019-08-14","port1137","Samarinda","Indonesia","IDN","0","3","0","0","1","3","4","0","0","0","0","918","0","918","0","83793","0","0","738","83793","84531"
"2022-12-03","port1137","Samarinda","Indonesia","IDN","1","8","2","0","0","11","11","1039","0","855","0","0","1895","1895","0","371094","1417","0","0","372511","372511"
"2021-11-17","port1137","Samarinda","Indonesia","IDN","2","1","0","0","1","3","4","2597","0","0","0","1207","2597","3804","376","71926","0","0","389","72302","72692"
"2019-08-15","port1137","Samarinda","Indonesia","IDN","0","3","0","0","0","3","3","0","0","0","0","0","0","0","0","135343","0","0","0","135343","135343"
"2022-12-04","port1137","Samarinda","Indonesia","IDN","2","3","3","0","1","8","9","2597","0","2252","0","1207","4850","6057","376","111957","1816","0","389","114149","114539"
"2021-11-18","port1137","Samarinda","Indonesia","IDN","1","3","0","0","0","4","4","0","0","0","0","0","0","0","0","166115","0","0","0","166115","166115"
"2019-08-16","port1137","Samarinda","Indonesia","IDN","1","6","0","0","0","7","7","1443","0","0","0","0","1443","1443","0","198331","0","0","0","198331","198331"
"2022-12-05","port1137","Samarinda","Indonesia","IDN","2","4","2","0","3","8","11","2785","0","855","0","918","3641","4559","188","213963","1417","0","738","215569","216307"
"2021-11-19","port1137","Samarinda","Indonesia","IDN","1","4","2","0","1","7","8","1250","0","1590","0","918","2840","3759","0","95618","2721","0","738","98339","99078"
"2019-08-17","port1137","Samarinda","Indonesia","IDN","1","5","0","0","0","6","6","1557","0","0","0","0","1557","1557","82","202219","0","0","0","202301","202301"
"2022-12-06","port1137","Samarinda","Indonesia","IDN","0","5","0","0","0","5","5","0","0","0","0","0","0","0","0","261407","0","0","0","261407","261407"
"2021-11-20","port1137","Samarinda","Indonesia","IDN","0","4","0","0","1","4","5","0","0","0","0","2635","0","2635","0","123182","0","0","3412","123182","126595"
"2019-08-18","port1137","Samarinda","Indonesia","IDN","0","5","2","0","1","7","8","0","0","1590","0","5263","1590","6853","0","60803","2721","0","0","63525","63525"
"2022-12-07","port1137","Samarinda","Indonesia","IDN","0","5","1","0","0","6","6","0","0","795","0","0","795","795","0","153573","1360","0","0","154934","154934"
"2021-11-21","port1137","Samarinda","Indonesia","IDN","1","5","0","0","0","6","6","2675","0","0","0","0","2675","2675","0","42075","0","0","0","42075","42075"
"2019-08-19","port1137","Samarinda","Indonesia","IDN","2","5","0","0","1","7","8","3158","0","0","0","0","3158","3158","188","208818","0","0","58567","209006","267574"
"2022-12-08","port1137","Samarinda","Indonesia","IDN","1","5","1","0","0","7","7","1298","0","795","0","0","2093","2093","188","281755","1360","0","0","283304","283304"
"2019-08-20","port1137","Samarinda","Indonesia","IDN","0","3","1","0","0","4","4","0","0","795","0","0","795","795","0","17588","1360","0","0","18949","18949"
"2022-12-09","port1137","Samarinda","Indonesia","IDN","3","10","3","0","1","16","17","1665","0","7923","0","2995","9588","12584","0","500263","1936","0","0","502199","502199"
"2021-11-22","port1137","Samarinda","Indonesia","IDN","0","3","1","0","1","4","5","0","0","795","0","918","795","1713","0","145999","1360","0","738","147360","148098"
"2019-08-21","port1137","Samarinda","Indonesia","IDN","0","4","0","0","1","4","5","0","0","0","0","918","0","918","0","232025","0","0","738","232025","232763"
"2022-12-10","port1137","Samarinda","Indonesia","IDN","1","5","1","0","1","7","8","821","0","795","0","918","1617","2535","0","161676","1360","0","738","163037","163775"
"2021-11-23","port1137","Samarinda","Indonesia","IDN","1","4","3","0","0","8","8","210","0","3584","0","0","3794","3794","0","167896","1360","0","0","169257","169257"
"2019-08-22","port1137","Samarinda","Indonesia","IDN","0","3","0","0","1","3","4","0","0","0","0","918","0","918","0","81484","0","0","738","81484","82222"
"2022-12-11","port1137","Samarinda","Indonesia","IDN","2","4","1","1","2","8","10","1298","0","388","143","427","1831","2258","2338","153685","0","70","0","156094","156094"
"2021-11-24","port1137","Samarinda","Indonesia","IDN","0","3","0","0","2","3","5","0","0","0","0","918","0","918","0","100377","0","0","738","100377","101115"
"2019-08-23","port1137","Samarinda","Indonesia","IDN","2","3","1","0","1","6","7","1024","0","0","0","918","1024","1942","80445","42309","2946","0","738","125701","126439"
"2022-12-12","port1137","Samarinda","Indonesia","IDN","1","2","0","0","1","3","4","1298","0","0","0","0","1298","1298","188","98176","0","0","0","98364","98364"
"2021-11-25","port1137","Samarinda","Indonesia","IDN","2","7","1","0","0","10","10","221","0","0","0","0","221","221","0","293748","0","0","0","293748","293748"
"2019-08-24","port1137","Samarinda","Indonesia","IDN","2","5","1","0","0","8","8","1557","0","0","0","0","1557","1557","82","212159","505","0","0","212748","212748"
"2022-12-13","port1137","Samarinda","Indonesia","IDN","1","4","1","0","2","6","8","1298","0","795","0","918","2093","3012","188","191271","1360","0","738","192820","193558"
"2021-11-26","port1137","Samarinda","Indonesia","IDN","2","4","0","0","1","6","7","2164","0","0","0","2635","2164","4799","188","98621","0","0","3412","98809","102222"
"2019-08-25","port1137","Samarinda","Indonesia","IDN","0","6","0","0","1","6","7","0","0","0","0","918","0","918","0","139294","0","0","738","139294","140032"
"2022-12-14","port1137","Samarinda","Indonesia","IDN","0","6","0","1","0","7","7","0","0","0","143","0","143","143","0","310009","0","70","0","310079","310079"
"2021-11-27","port1137","Samarinda","Indonesia","IDN","1","5","0","0","0","6","6","1453","0","0","0","0","1453","1453","0","118514","0","0","0","118514","118514"
"2019-08-26","port1137","Samarinda","Indonesia","IDN","1","5","1","0","2","7","9","1298","0","795","0","918","2093","3012","188","155811","1360","0","738","157360","158098"
"2022-12-15","port1137","Samarinda","Indonesia","IDN","2","3","0","0","2","5","7","2017","0","0","0","918","2017","2935","0","145294","0","0","1525","145294","146820"
"2021-11-28","port1137","Samarinda","Indonesia","IDN","2","5","0","0","2","7","9","2742","0","0","0","2635","2742","5377","188","163323","0","0","3412","163511","166924"
"2019-08-27","port1137","Samarinda","Indonesia","IDN","0","5","0","0","1","5","6","0","0","0","0","0","0","0","0","227172","0","0","44636","227172","271809"
"2022-12-16","port1137","Samarinda","Indonesia","IDN","1","4","0","0","1","5","6","1039","0","0","0","1207","1039","2247","0","179230","0","0","389","179230","179620"
"2021-11-29","port1137","Samarinda","Indonesia","IDN","1","12","1","0","0","14","14","2675","0","0","0","0","2675","2675","0","411994","0","0","0","411994","411994"
"2019-08-28","port1137","Samarinda","Indonesia","IDN","0","3","0","0","1","3","4","0","0","0","0","918","0","918","0","231341","0","0","738","231341","232079"
"2022-12-17","port1137","Samarinda","Indonesia","IDN","0","6","1","0","2","7","9","0","0","795","0","117","795","913","0","219537","1360","0","0","220897","220897"
"2021-11-30","port1137","Samarinda","Indonesia","IDN","0","2","0","0","1","2","3","0","0","0","0","918","0","918","0","114853","0","0","738","114853","115591"
"2019-08-29","port1137","Samarinda","Indonesia","IDN","0","2","0","0","0","2","2","0","0","0","0","0","0","0","0","126616","0","0","0","126616","126616"
"2022-12-18","port1137","Samarinda","Indonesia","IDN","2","6","1","0","1","9","10","2751","0","4348","0","918","7100","8019","188","327199","0","0","738","327387","328125"
"2021-12-01","port1137","Samarinda","Indonesia","IDN","1","8","0","0","0","9","9","1298","0","0","0","0","1298","1298","188","267173","0","0","0","267361","267361"
"2019-08-30","port1137","Samarinda","Indonesia","IDN","0","7","0","0","1","7","8","0","0","0","0","529","0","529","0","183452","0","0","0","183452","183452"
"2022-12-19","port1137","Samarinda","Indonesia","IDN","0","5","1","0","1","6","7","0","0","60","0","2995","60","3056","0","193412","56","0","0","193469","193469"
"2021-12-02","port1137","Samarinda","Indonesia","IDN","1","8","0","0","0","9","9","0","0","0","0","0","0","0","0","366518","0","0","0","366518","366518"
"2019-08-31","port1137","Samarinda","Indonesia","IDN","1","6","0","0","1","7","8","608","0","0","0","918","608","1526","0","216624","0","0","738","216624","217363"
"2022-12-20","port1137","Samarinda","Indonesia","IDN","2","4","2","0","3","8","11","2295","0","795","0","1836","3090","4927","0","242582","1360","0","1476","243943","245420"
"2021-12-03","port1137","Samarinda","Indonesia","IDN","0","2","0","0","0","2","2","0","0","0","0","0","0","0","0","87545","0","0","0","87545","87545"
"2019-09-01","port1137","Samarinda","Indonesia","IDN","0","5","0","0","0","5","5","0","0","0","0","0","0","0","0","175421","0","0","0","175421","175421"
"2022-12-21","port1137","Samarinda","Indonesia","IDN","0","2","0","0","1","2","3","0","0","0","0","10755","0","10755","0","91736","0","0","0","91736","91736"
"2021-12-04","port1137","Samarinda","Indonesia","IDN","1","2","1","0","2","4","6","1298","0","1549","0","0","2848","2848","188","113919","0","0","0","114107","114107"
"2019-09-02","port1137","Samarinda","Indonesia","IDN","0","7","0","0","1","7","8","0","0","0","0","2705","0","2705","0","190780","0","0","93","190780","190873"
"2022-12-22","port1137","Samarinda","Indonesia","IDN","3","6","0","0","1","9","10","432","0","0","0","0","432","432","0","271787","0","0","0","271787","271787"
"2019-09-03","port1137","Samarinda","Indonesia","IDN","0","6","1","0","1","7","8","0","0","0","0","918","0","918","0","216103","7144","0","738","223248","223986"
"2022-12-23","port1137","Samarinda","Indonesia","IDN","1","6","0","0","0","7","7","0","0","0","0","0","0","0","2142","258477","0","0","0","260620","260620"
"2021-12-05","port1137","Samarinda","Indonesia","IDN","1","9","1","0","2","11","13","0","0","0","0","2125","0","2125","614","279041","61","0","1127","279717","280845"
"2019-09-04","port1137","Samarinda","Indonesia","IDN","1","1","0","0","1","2","3","0","0","0","0","1207","0","1207","0","0","0","0","389","0","389"
"2022-12-24","port1137","Samarinda","Indonesia","IDN","1","4","2","0","0","7","7","1298","0","795","0","0","2093","2093","188","244160","1729","0","0","246078","246078"
"2021-12-06","port1137","Samarinda","Indonesia","IDN","0","4","2","0","0","6","6","0","0","0","0","0","0","0","0","201458","652","0","0","202110","202110"
"2019-09-05","port1137","Samarinda","Indonesia","IDN","0","4","2","0","1","6","7","0","0","795","0","918","795","1713","0","139865","1360","0","738","141226","141964"
"2022-12-25","port1137","Samarinda","Indonesia","IDN","1","4","1","0","1","6","7","1298","0","1989","0","918","3288","4206","188","140797","0","0","738","140985","141723"
"2021-12-07","port1137","Samarinda","Indonesia","IDN","1","8","2","0","0","11","11","3028","0","0","0","0","3028","3028","0","278429","3472","0","0","281901","281901"
"2019-09-06","port1137","Samarinda","Indonesia","IDN","0","3","1","0","1","4","5","0","0","795","0","0","795","795","0","141107","1360","0","0","142468","142468"
"2022-12-26","port1137","Samarinda","Indonesia","IDN","0","6","1","0","0","7","7","0","0","795","0","0","795","795","0","174798","1360","0","0","176159","176159"
"2021-12-08","port1137","Samarinda","Indonesia","IDN","0","8","1","0","1","9","10","0","0","0","0","918","0","918","0","297117","0","0","738","297117","297856"
"2019-09-07","port1137","Samarinda","Indonesia","IDN","1","6","0","0","0","7","7","0","0","0","0","0","0","0","416","254318","0","0","0","254735","254735"
"2022-12-27","port1137","Samarinda","Indonesia","IDN","2","4","0","0","1","6","7","2343","0","0","0","918","2343","3262","0","313152","0","0","738","313152","313891"
"2021-12-09","port1137","Samarinda","Indonesia","IDN","2","3","1","0","3","6","9","888","0","1338","0","2087","2227","4314","0","41350","0","0","1476","41350","42826"
"2019-09-08","port1137","Samarinda","Indonesia","IDN","0","5","0","0","1","5","6","0","0","0","0","918","0","918","0","168640","0","0","738","168640","169378"
"2022-12-28","port1137","Samarinda","Indonesia","IDN","0","6","1","0","2","7","9","0","0","973","0","918","973","1892","0","335426","0","0","738","335426","336165"
"2021-12-10","port1137","Samarinda","Indonesia","IDN","0","2","2","1","1","5","6","0","0","795","0","0","795","795","0","41224","2182","0","0","43406","43406"
"2019-09-09","port1137","Samarinda","Indonesia","IDN","1","9","2","0","0","12","12","1298","0","2545","0","0","3844","3844","188","229952","2531","0","0","232672","232672"
"2022-12-29","port1137","Samarinda","Indonesia","IDN","2","3","2","0","3","7","10","2278","0","795","0","2965","3074","6039","0","176061","1360","0","3662","177421","181084"
"2021-12-11","port1137","Samarinda","Indonesia","IDN","0","9","0","0","1","9","10","0","0","0","0","918","0","918","0","348507","0","0","738","348507","349245"
"2019-09-10","port1137","Samarinda","Indonesia","IDN","0","3","1","0","2","4","6","0","0","795","0","1836","795","2632","0","141061","1360","0","1476","142422","143898"
"2022-12-30","port1137","Samarinda","Indonesia","IDN","0","4","2","0","0","6","6","0","0","0","0","0","0","0","0","156133","3432","0","0","159565","159565"
"2021-12-12","port1137","Samarinda","Indonesia","IDN","2","5","0","0","0","7","7","2957","0","0","0","0","2957","2957","188","155042","0","0","0","155231","155231"
"2019-09-11","port1137","Samarinda","Indonesia","IDN","1","1","0","0","0","2","2","1298","0","0","0","0","1298","1298","188","22650","0","0","0","22838","22838"
"2022-12-31","port1137","Samarinda","Indonesia","IDN","0","5","0","1","0","6","6","0","0","0","143","0","143","143","0","203316","0","70","0","203387","203387"
"2021-12-13","port1137","Samarinda","Indonesia","IDN","0","4","0","0","0","4","4","0","0","0","0","0","0","0","0","244978","0","0","0","244978","244978"
"2019-09-12","port1137","Samarinda","Indonesia","IDN","0","6","0","0","0","6","6","0","0","0","0","0","0","0","0","257204","0","0","0","257204","257204"
"2023-01-01","port1137","Samarinda","Indonesia","IDN","0","5","0","0","0","5","5","0","0","0","0","0","0","0","0","174294","0","0","0","174294","174294"
"2021-12-14","port1137","Samarinda","Indonesia","IDN","0","6","0","0","2","6","8","0","0","0","0","3626","0","3626","0","292301","0","0","0","292301","292301"
"2019-09-13","port1137","Samarinda","Indonesia","IDN","1","5","1","0","3","7","10","1655","0","251","0","3044","1907","4951","0","267254","344","0","1866","267598","269464"
"2023-01-02","port1137","Samarinda","Indonesia","IDN","0","2","1","0","0","3","3","0","0","0","0","0","0","0","0","119369","596","0","0","119966","119966"
"2021-12-15","port1137","Samarinda","Indonesia","IDN","1","9","0","0","1","10","11","1255","0","0","0","918","1255","2173","0","332476","0","0","738","332476","333214"
"2019-09-14","port1137","Samarinda","Indonesia","IDN","1","2","1","0","0","4","4","1226","0","337","0","0","1563","1563","0","116360","0","0","0","116360","116360"
"2023-01-03","port1137","Samarinda","Indonesia","IDN","1","4","0","0","1","5","6","1035","0","0","0","918","1035","1954","0","106348","0","0","738","106348","107086"
"2021-12-16","port1137","Samarinda","Indonesia","IDN","3","6","3","0","1","12","13","204","0","1313","0","0","1518","1518","2145","282554","1360","0","122415","286060","408475"
"2019-09-15","port1137","Samarinda","Indonesia","IDN","0","7","1","0","1","8","9","0","0","0","0","918","0","918","0","194707","1347","0","738","196054","196792"
"2023-01-04","port1137","Samarinda","Indonesia","IDN","2","3","1","0","1","6","7","3201","0","0","0","0","3201","3201","0","168353","0","0","0","168353","168353"
"2021-12-17","port1137","Samarinda","Indonesia","IDN","0","3","0","0","2","3","5","0","0","0","0","918","0","918","0","166656","0","0","738","166656","167394"
"2019-09-16","port1137","Samarinda","Indonesia","IDN","0","4","0","0","0","4","4","0","0","0","0","0","0","0","0","144751","0","0","0","144751","144751"
"2023-01-05","port1137","Samarinda","Indonesia","IDN","2","3","0","0","0","5","5","443","0","0","0","0","443","443","0","114316","0","0","0","114316","114316"
"2019-09-17","port1137","Samarinda","Indonesia","IDN","0","4","2","0","1","6","7","0","0","1590","0","918","1590","2508","0","73683","2721","0","738","76404","77142"
"2023-01-06","port1137","Samarinda","Indonesia","IDN","0","6","0","0","0","6","6","0","0","0","0","0","0","0","0","321420","0","0","0","321420","321420"
"2021-12-18","port1137","Samarinda","Indonesia","IDN","0","6","3","0","1","9","10","0","0","4147","0","0","4147","4147","0","198197","3892","0","0","202090","202090"
"2019-09-18","port1137","Samarinda","Indonesia","IDN","2","9","0","0","1","11","12","1298","0","0","0","2111","1298","3410","188","375993","0","0","0","376181","376181"
"2023-01-07","port1137","Samarinda","Indonesia","IDN","0","6","0","1","4","7","11","0","0","0","143","6352","143","6496","0","293202","0","70","3869","293272","297141"
"2021-12-19","port1137","Samarinda","Indonesia","IDN","0","0","1","0","1","1","2","0","0","795","0","1207","795","2002","0","0","1360","0","389","1360","1750"
"2019-09-19","port1137","Samarinda","Indonesia","IDN","2","8","0","0","2","10","12","2883","0","0","0","1836","2883","4720","0","348473","0","0","1476","348473","349949"
"2023-01-08","port1137","Samarinda","Indonesia","IDN","0","5","1","0","0","6","6","0","0","795","0","0","795","795","0","201311","1360","0","0","202672","202672"
"2021-12-20","port1137","Samarinda","Indonesia","IDN","1","10","0","0","1","11","12","1298","0","0","0","2635","1298","3934","188","521453","0","0","3412","521641","525054"
"2019-09-20","port1137","Samarinda","Indonesia","IDN","0","3","1","0","0","4","4","0","0","795","0","0","795","795","0","41224","1360","0","0","42585","42585"
"2023-01-09","port1137","Samarinda","Indonesia","IDN","0","3","0","0","0","3","3","0","0","0","0","0","0","0","0","100473","0","0","0","100473","100473"
"2021-12-21","port1137","Samarinda","Indonesia","IDN","2","2","0","0","0","4","4","1503","0","0","0","0","1503","1503","188","41224","0","0","0","41412","41412"
"2019-09-21","port1137","Samarinda","Indonesia","IDN","1","6","0","0","0","7","7","1557","0","0","0","0","1557","1557","82","217500","0","0","0","217582","217582"
"2023-01-10","port1137","Samarinda","Indonesia","IDN","1","4","1","0","0","6","6","868","0","0","0","0","868","868","0","225201","455","0","0","225656","225656"
"2021-12-22","port1137","Samarinda","Indonesia","IDN","2","4","1","0","3","7","10","1493","0","1328","0","1836","2822","4659","925","154387","0","0","1476","155312","156788"
"2019-09-22","port1137","Samarinda","Indonesia","IDN","0","4","0","0","0","4","4","0","0","0","0","0","0","0","0","195876","0","0","0","195876","195876"
"2023-01-11","port1137","Samarinda","Indonesia","IDN","2","4","1","0","0","7","7","3089","0","2060","0","0","5149","5149","0","60179","0","0","0","60179","60179"
"2021-12-23","port1137","Samarinda","Indonesia","IDN","1","5","0","0","0","6","6","443","0","0","0","0","443","443","0","164897","0","0","0","164897","164897"
"2019-09-23","port1137","Samarinda","Indonesia","IDN","0","5","0","0","0","5","5","0","0","0","0","0","0","0","0","219675","0","0","0","219675","219675"
"2023-01-12","port1137","Samarinda","Indonesia","IDN","1","2","0","0","1","3","4","0","0","0","0","918","0","918","0","104330","0","0","738","104330","105069"
"2021-12-24","port1137","Samarinda","Indonesia","IDN","1","3","4","0","0","8","8","0","0","1590","0","0","1590","1590","0","154674","2893","0","0","157567","157567"
"2019-09-24","port1137","Samarinda","Indonesia","IDN","0","7","1","0","1","8","9","0","0","680","0","918","680","1598","0","304236","0","0","738","304236","304974"
"2023-01-13","port1137","Samarinda","Indonesia","IDN","1","0","0","0","1","1","2","1298","0","0","0","918","1298","2217","188","0","0","0","738","188","926"
"2021-12-25","port1137","Samarinda","Indonesia","IDN","2","5","1","0","0","8","8","1599","0","795","0","0","2394","2394","0","167006","1360","0","0","168367","168367"
"2019-09-25","port1137","Samarinda","Indonesia","IDN","1","3","0","0","0","4","4","2745","0","0","0","0","2745","2745","0","109993","0","0","0","109993","109993"
"2023-01-14","port1137","Samarinda","Indonesia","IDN","2","3","0","0","0","5","5","3107","0","0","0","0","3107","3107","82","247215","0","0","0","247297","247297"
"2021-12-26","port1137","Samarinda","Indonesia","IDN","1","4","1","0","1","6","7","1298","0","2564","0","918","3862","4781","188","79022","0","0","738","79210","79948"
"2019-09-26","port1137","Samarinda","Indonesia","IDN","2","6","0","0","1","8","9","1519","0","0","0","918","1519","2438","0","214112","0","0","738","214112","214850"
"2023-01-15","port1137","Samarinda","Indonesia","IDN","1","6","1","0","2","8","10","1298","0","0","0","3553","1298","4852","188","334729","3764","0","4151","338681","342832"
"2021-12-27","port1137","Samarinda","Indonesia","IDN","0","4","0","0","0","4","4","0","0","0","0","0","0","0","0","156986","0","0","0","156986","156986"
"2019-09-27","port1137","Samarinda","Indonesia","IDN","0","7","0","0","0","7","7","0","0","0","0","0","0","0","0","195453","0","0","0","195453","195453"
"2023-01-16","port1137","Samarinda","Indonesia","IDN","1","3","0","0","0","4","4","1031","0","0","0","0","1031","1031","0","101834","0","0","0","101834","101834"
"2021-12-28","port1137","Samarinda","Indonesia","IDN","3","5","0","0","1","8","9","2597","0","0","0","918","2597","3515","580","188564","0","0","738","189145","189883"
"2019-09-28","port1137","Samarinda","Indonesia","IDN","0","3","1","0","1","4","5","0","0","0","0","0","0","0","0","125198","1364","0","0","126563","126563"
"2023-01-17","port1137","Samarinda","Indonesia","IDN","0","3","0","0","0","3","3","0","0","0","0","0","0","0","0","176728","0","0","0","176728","176728"
"2021-12-29","port1137","Samarinda","Indonesia","IDN","0","4","2","0","2","6","8","0","0","1896","0","1207","1896","3103","0","164897","1360","0","389","166257","166647"
"2019-09-29","port1137","Samarinda","Indonesia","IDN","0","5","0","0","0","5","5","0","0","0","0","0","0","0","0","181264","0","0","0","181264","181264"
"2023-01-18","port1137","Samarinda","Indonesia","IDN","1","4","0","1","1","6","7","1966","0","0","143","0","2109","2109","0","206897","0","70","0","206967","206967"
"2021-12-30","port1137","Samarinda","Indonesia","IDN","0","3","3","0","1","6","7","0","0","2666","0","0","2666","2666","0","154860","1360","0","0","156221","156221"
"2019-09-30","port1137","Samarinda","Indonesia","IDN","1","8","0","0","1","9","10","0","0","0","0","918","0","918","822","278454","0","0","738","279277","280015"
"2023-01-19","port1137","Samarinda","Indonesia","IDN","2","3","1","0","0","6","6","1298","0","795","0","0","2093","2093","188","62505","1360","0","0","64054","64054"
"2019-10-01","port1137","Samarinda","Indonesia","IDN","0","5","0","0","2","5","7","0","0","0","0","2125","0","2125","0","116034","0","0","1127","116034","117162"
"2023-01-20","port1137","Samarinda","Indonesia","IDN","1","4","0","0","0","5","5","1298","0","0","0","0","1298","1298","188","162307","0","0","0","162495","162495"
"2021-12-31","port1137","Samarinda","Indonesia","IDN","1","11","0","0","0","12","12","1446","0","0","0","0","1446","1446","0","396944","0","0","0","396944","396944"
"2019-10-02","port1137","Samarinda","Indonesia","IDN","1","5","0","0","1","6","7","1298","0","0","0","918","1298","2217","188","189263","0","0","738","189451","190189"
"2023-01-21","port1137","Samarinda","Indonesia","IDN","1","7","0","0","1","8","9","0","0","0","0","2635","0","2635","462","230115","0","0","3412","230577","233990"
"2022-01-01","port1137","Samarinda","Indonesia","IDN","1","4","1","1","2","7","9","1806","0","2662","143","1836","4612","6449","0","123672","0","70","1476","123743","125219"
"2019-10-03","port1137","Samarinda","Indonesia","IDN","1","5","0","0","2","6","8","0","0","0","0","5773","0","5773","0","92209","0","0","3412","92209","95622"
"2023-01-22","port1137","Samarinda","Indonesia","IDN","0","3","1","1","1","5","6","0","0","1534","143","1207","1678","2885","0","188291","0","70","389","188361","188751"
"2022-01-02","port1137","Samarinda","Indonesia","IDN","0","2","0","0","1","2","3","0","0","0","0","918","0","918","0","82448","0","0","738","82448","83186"
"2019-10-04","port1137","Samarinda","Indonesia","IDN","0","7","1","0","0","8","8","0","0","1531","0","0","1531","1531","0","196281","0","0","0","196281","196281"
"2023-01-23","port1137","Samarinda","Indonesia","IDN","1","6","0","0","1","7","8","1298","0","0","0","918","1298","2217","188","226804","0","0","738","226992","227730"
"2022-01-03","port1137","Samarinda","Indonesia","IDN","1","6","1","1","0","9","9","1298","0","0","143","0","1442","1442","188","269836","0","70","0","270094","270094"
"2019-10-05","port1137","Samarinda","Indonesia","IDN","2","10","0","0","1","12","13","1557","0","0","0","918","1557","2475","494","444109","0","0","738","444604","445342"
"2023-01-24","port1137","Samarinda","Indonesia","IDN","2","3","1","0","2","6","8","3944","0","0","0","0","3944","3944","188","128596","455","0","3675","129239","132915"
"2022-01-04","port1137","Samarinda","Indonesia","IDN","1","3","0","1","2","5","7","1298","0","0","0","1836","1298","3135","188","135795","0","0","1476","135983","137460"
"2019-10-06","port1137","Samarinda","Indonesia","IDN","0","2","0","0","0","2","2","0","0","0","0","0","0","0","0","108615","0","0","0","108615","108615"
"2023-01-25","port1137","Samarinda","Indonesia","IDN","2","2","1","0","0","5","5","2767","0","2369","0","0","5136","5136","82","83187","0","0","0","83270","83270"
"2022-01-05","port1137","Samarinda","Indonesia","IDN","3","1","0","0","2","4","6","728","0","0","0","160","728","888","2353","41224","0","0","0","43577","43577"
"2019-10-07","port1137","Samarinda","Indonesia","IDN","0","9","0","0","1","9","10","0","0","0","0","311","0","311","0","423863","0","0","0","423863","423863"
"2023-01-26","port1137","Samarinda","Indonesia","IDN","0","4","1","0","2","5","7","0","0","3672","0","0","3672","3672","0","223891","0","0","2101","223891","225992"
"2022-01-06","port1137","Samarinda","Indonesia","IDN","1","3","0","0","0","4","4","1298","0","0","0","0","1298","1298","188","82448","0","0","0","82636","82636"
"2019-10-08","port1137","Samarinda","Indonesia","IDN","0","8","1","0","1","9","10","0","0","0","0","918","0","918","0","129170","17928","0","738","147098","147836"
"2023-01-27","port1137","Samarinda","Indonesia","IDN","1","7","1","0","0","9","9","1031","0","795","0","0","1826","1826","0","328459","1360","0","0","329820","329820"
"2022-01-07","port1137","Samarinda","Indonesia","IDN","0","4","0","0","1","4","5","0","0","0","0","1224","0","1224","0","95371","0","0","0","95371","95371"
"2019-10-09","port1137","Samarinda","Indonesia","IDN","1","4","0","0","0","5","5","1298","0","0","0","0","1298","1298","188","36003","0","0","0","36191","36191"
"2023-01-28","port1137","Samarinda","Indonesia","IDN","4","1","1","0","0","6","6","3829","0","3210","0","0","7040","7040","0","54917","0","0","0","54917","54917"
"2022-01-08","port1137","Samarinda","Indonesia","IDN","1","2","0","1","0","4","4","2030","0","0","0","0","2030","2030","0","82448","0","140","0","82588","82588"
"2019-10-10","port1137","Samarinda","Indonesia","IDN","0","3","1","0","1","4","5","0","0","0","0","918","0","918","0","92797","166","0","738","92963","93701"
"2023-01-29","port1137","Samarinda","Indonesia","IDN","2","6","0","0","0","8","8","3755","0","0","0","0","3755","3755","188","286387","0","0","0","286575","286575"
"2022-01-09","port1137","Samarinda","Indonesia","IDN","1","3","1","0","0","5","5","1298","0","0","0","0","1298","1298","188","41224","12489","0","0","53901","53901"
"2019-10-11","port1137","Samarinda","Indonesia","IDN","0","4","1","0","0","5","5","0","0","142","0","0","142","142","0","112783","0","0","0","112783","112783"
"2023-01-30","port1137","Samarinda","Indonesia","IDN","0","6","2","0","0","8","8","0","0","3508","0","0","3508","3508","0","303333","1360","0","0","304694","304694"
"2022-01-10","port1137","Samarinda","Indonesia","IDN","1","4","2","0","0","7","7","1860","0","795","0","0","2655","2655","0","160333","1360","0","0","161694","161694"
"2019-10-12","port1137","Samarinda","Indonesia","IDN","1","7","0","0","1","8","9","2302","0","0","0","0","2302","2302","0","233153","0","0","0","233153","233153"
"2023-01-31","port1137","Samarinda","Indonesia","IDN","0","2","0","1","2","3","5","0","0","0","143","1836","143","1980","0","77640","0","70","1476","77711","79187"
"2022-01-11","port1137","Samarinda","Indonesia","IDN","0","5","0","0","0","5","5","0","0","0","0","0","0","0","0","214058","0","0","0","214058","214058"
"2019-10-13","port1137","Samarinda","Indonesia","IDN","0","4","1","0","0","5","5","0","0","795","0","0","795","795","0","161040","1360","0","0","162401","162401"
"2023-02-01","port1137","Samarinda","Indonesia","IDN","1","3","0","0","0","4","4","973","0","0","0","0","973","973","0","275090","0","0","0","275090","275090"
"2022-01-12","port1137","Samarinda","Indonesia","IDN","0","3","1","0","1","4","5","0","0","1531","0","918","1531","2449","0","82448","0","0","738","82448","83186"
"2019-10-14","port1137","Samarinda","Indonesia","IDN","1","6","1","0","0","8","8","1298","0","678","0","0","1977","1977","188","296342","0","0","0","296530","296530"
"2023-02-02","port1137","Samarinda","Indonesia","IDN","1","7","0","0","0","8","8","205","0","0","0","0","205","205","0","204672","0","0","0","204672","204672"
"2019-10-15","port1137","Samarinda","Indonesia","IDN","1","5","0","0","1","6","7","1298","0","0","0","918","1298","2217","188","87520","0","0","738","87708","88446"
"2023-02-03","port1137","Samarinda","Indonesia","IDN","1","2","0","0","0","3","3","1298","0","0","0","0","1298","1298","188","99935","0","0","0","100123","100123"
"2023-02-04","port1137","Samarinda","Indonesia","IDN","2","7","1","1","1","11","12","2721","0","60","143","918","2925","3844","0","373236","56","70","738","373363","374101"
"2022-01-13","port1137","Samarinda","Indonesia","IDN","4","1","1","0","0","6","6","4462","0","0","0","0","4462","4462","376","41224","0","0","0","41600","41600"
"2019-10-16","port1137","Samarinda","Indonesia","IDN","0","6","1","0","1","7","8","0","0","795","0","918","795","1713","0","141108","1360","0","738","142469","143207"
"2023-02-05","port1137","Samarinda","Indonesia","IDN","0","3","0","0","1","3","4","0","0","0","0","918","0","918","0","198371","0","0","738","198371","199110"
"2022-01-14","port1137","Samarinda","Indonesia","IDN","1","6","0","0","1","7","8","1298","0","0","0","2635","1298","3934","188","189316","0","0","3412","189504","192916"
"2019-10-17","port1137","Samarinda","Indonesia","IDN","1","6","0","0","0","7","7","0","0","0","0","0","0","0","0","319958","0","0","0","319958","319958"
"2023-02-06","port1137","Samarinda","Indonesia","IDN","0","5","0","0","0","5","5","0","0","0","0","0","0","0","0","218124","0","0","0","218124","218124"
"2022-01-15","port1137","Samarinda","Indonesia","IDN","0","2","1","0","1","3","4","0","0","53","0","1207","53","1261","0","82448","0","0","389","82448","82838"
"2019-10-18","port1137","Samarinda","Indonesia","IDN","0","9","1","0","0","10","10","0","0","0","0","0","0","0","0","235090","607","0","0","235697","235697"
"2023-02-07","port1137","Samarinda","Indonesia","IDN","2","3","0","0","0","5","5","892","0","0","0","0","892","892","206","117932","0","0","0","118139","118139"
"2022-01-16","port1137","Samarinda","Indonesia","IDN","0","1","0","1","0","2","2","0","0","0","143","0","143","143","0","0","0","70","0","70","70"
"2019-10-19","port1137","Samarinda","Indonesia","IDN","0","2","0","0","1","2","3","0","0","0","0","918","0","918","0","41224","0","0","738","41224","41962"
"2023-02-08","port1137","Samarinda","Indonesia","IDN","2","5","0","0","1","7","8","1298","0","0","0","0","1298","1298","188","365554","0","0","0","365743","365743"
"2022-01-17","port1137","Samarinda","Indonesia","IDN","2","2","1","0","1","5","6","1540","0","795","0","918","2335","3254","0","109159","1360","0","738","110520","111258"
"2019-10-20","port1137","Samarinda","Indonesia","IDN","0","10","1","0","0","11","11","0","0","795","0","0","795","795","0","280087","1360","0","0","281448","281448"
"2023-02-09","port1137","Samarinda","Indonesia","IDN","3","5","1","0","1","9","10","6363","0","0","0","918","6363","7281","0","219587","0","0","738","219587","220325"
"2022-01-18","port1137","Samarinda","Indonesia","IDN","1","0","0","0","0","1","1","0","0","0","0","0","0","0","2152","0","0","0","0","2152","2152"
"2019-10-21","port1137","Samarinda","Indonesia","IDN","0","5","0","0","1","5","6","0","0","0","0","5955","0","5955","0","140049","0","0","0","140049","140049"
"2023-02-10","port1137","Samarinda","Indonesia","IDN","3","4","0","0","0","7","7","4407","0","0","0","0","4407","4407","188","217234","0","0","0","217422","217422"
"2022-01-19","port1137","Samarinda","Indonesia","IDN","0","3","1","0","0","4","4","0","0","0","0","0","0","0","0","143168","0","0","0","143168","143168"
"2019-10-22","port1137","Samarinda","Indonesia","IDN","1","2","0","0","1","3","4","2558","0","0","0","918","2558","3477","0","138442","0","0","738","138442","139181"
"2023-02-11","port1137","Samarinda","Indonesia","IDN","0","3","0","0","1","3","4","0","0","0","0","918","0","918","0","55405","0","0","738","55405","56143"
"2022-01-20","port1137","Samarinda","Indonesia","IDN","1","2","0","0","0","3","3","1674","0","0","0","0","1674","1674","0","82448","0","0","0","82448","82448"
"2019-10-23","port1137","Samarinda","Indonesia","IDN","0","8","0","0","1","8","9","0","0","0","0","0","0","0","0","294346","0","0","406","294346","294752"
"2023-02-12","port1137","Samarinda","Indonesia","IDN","1","5","2","1","1","9","10","1039","0","5099","143","918","6282","7200","0","224005","1360","70","738","225436","226174"
"2022-01-21","port1137","Samarinda","Indonesia","IDN","2","3","0","0","1","5","6","1298","0","0","0","2705","1298","4004","188","118803","0","0","93","118991","119084"
"2019-10-24","port1137","Samarinda","Indonesia","IDN","1","8","1","0","1","10","11","1298","0","1706","0","918","3005","3923","188","395727","0","0","738","395915","396653"
"2023-02-13","port1137","Samarinda","Indonesia","IDN","0","3","1","0","1","4","5","0","0","0","0","0","0","0","0","163330","0","0","0","163330","163330"
"2022-01-22","port1137","Samarinda","Indonesia","IDN","2","4","2","0","0","8","8","2166","0","1584","0","0","3750","3750","0","157230","12489","0","0","169719","169719"
"2019-10-25","port1137","Samarinda","Indonesia","IDN","1","6","1","0","1","8","9","410","0","795","0","918","1205","2123","0","165101","1360","0","738","166462","167200"
"2023-02-14","port1137","Samarinda","Indonesia","IDN","0","9","1","0","1","10","11","0","0","795","0","1207","795","2002","0","335994","1360","0","389","337355","337744"
"2022-01-23","port1137","Samarinda","Indonesia","IDN","0","3","0","0","0","3","3","0","0","0","0","0","0","0","0","152148","0","0","0","152148","152148"
"2019-10-26","port1137","Samarinda","Indonesia","IDN","0","2","0","0","0","2","2","0","0","0","0","0","0","0","0","67096","0","0","0","67096","67096"
"2023-02-15","port1137","Samarinda","Indonesia","IDN","2","5","0","0","1","7","8","2543","0","0","0","918","2543","3461","188","162999","0","0","738","163187","163925"
"2022-01-24","port1137","Samarinda","Indonesia","IDN","1","0","1","1","1","3","4","1298","0","795","143","2635","2237","4872","188","0","1360","70","3412","1619","5031"
"2019-10-27","port1137","Samarinda","Indonesia","IDN","0","9","0","0","1","9","10","0","0","0","0","993","0","993","0","356652","0","0","0","356652","356652"
"2023-02-16","port1137","Samarinda","Indonesia","IDN","1","2","1","0","0","4","4","221","0","0","0","0","221","221","0","170933","0","0","0","170933","170933"
"2022-01-25","port1137","Samarinda","Indonesia","IDN","1","1","0","0","0","2","2","1298","0","0","0","0","1298","1298","188","41224","0","0","0","41412","41412"
"2019-10-28","port1137","Samarinda","Indonesia","IDN","1","9","1","0","0","11","11","1860","0","0","0","0","1860","1860","0","212055","301","0","0","212356","212356"
"2022-01-26","port1137","Samarinda","Indonesia","IDN","0","2","1","0","1","3","4","0","0","510","0","0","510","510","0","82448","0","0","0","82448","82448"
"2019-10-29","port1137","Samarinda","Indonesia","IDN","1","7","0","0","2","8","10","3660","0","0","0","918","3660","4578","0","82448","0","0","738","82448","83186"
"2022-01-27","port1137","Samarinda","Indonesia","IDN","1","3","3","0","0","7","7","826","0","2502","0","0","3328","3328","0","114801","171","0","0","114973","114973"
"2019-10-30","port1137","Samarinda","Indonesia","IDN","0","5","0","0","1","5","6","0","0","0","0","918","0","918","0","217167","0","0","738","217167","217905"
"2022-01-28","port1137","Samarinda","Indonesia","IDN","0","2","1","0","1","3","4","0","0","0","0","918","0","918","0","29201","0","0","738","29201","29939"
"2023-02-17","port1137","Samarinda","Indonesia","IDN","2","4","3","0","2","9","11","2285","0","3014","0","3553","5299","8853","0","188678","1360","0","4151","190039","194190"
"2019-10-31","port1137","Samarinda","Indonesia","IDN","1","6","2","0","1","9","10","0","0","855","0","918","855","1774","0","172263","1417","0","738","173681","174419"
"2022-01-29","port1137","Samarinda","Indonesia","IDN","0","2","1","0","0","3","3","0","0","795","0","0","795","795","0","100959","1360","0","0","102320","102320"
"2023-02-18","port1137","Samarinda","Indonesia","IDN","0","1","0","0","1","1","2","0","0","0","0","918","0","918","0","0","0","0","738","0","738"
"2019-11-01","port1137","Samarinda","Indonesia","IDN","0","5","0","0","0","5","5","0","0","0","0","0","0","0","0","123311","0","0","0","123311","123311"
"2022-01-30","port1137","Samarinda","Indonesia","IDN","1","3","1","0","0","5","5","1298","0","0","0","0","1298","1298","188","69580","0","0","0","69768","69768"
"2023-02-19","port1137","Samarinda","Indonesia","IDN","0","5","1","0","0","6","6","0","0","0","0","0","0","0","0","288598","1572","0","0","290170","290170"
"2019-11-02","port1137","Samarinda","Indonesia","IDN","0","3","1","0","0","4","4","0","0","795","0","0","795","795","0","115616","1360","0","0","116976","116976"
"2022-01-31","port1137","Samarinda","Indonesia","IDN","1","6","1","0","1","8","9","1452","0","795","0","0","2248","2248","0","212458","1360","0","0","213819","213819"
"2023-02-20","port1137","Samarinda","Indonesia","IDN","1","3","0","0","1","4","5","1667","0","0","0","5255","1667","6922","0","210037","0","0","0","210037","210037"
"2019-11-03","port1137","Samarinda","Indonesia","IDN","0","4","1","0","0","5","5","0","0","1193","0","0","1193","1193","0","241115","0","0","0","241115","241115"
"2022-02-01","port1137","Samarinda","Indonesia","IDN","2","3","0","1","0","6","6","1913","0","0","143","0","2057","2057","188","130584","0","70","0","130842","130842"
"2023-02-21","port1137","Samarinda","Indonesia","IDN","0","6","2","0","1","8","9","0","0","1590","0","2705","1590","4296","0","202227","2721","0","93","204949","205042"
"2019-11-04","port1137","Samarinda","Indonesia","IDN","2","5","2","0","3","9","12","2534","0","1590","0","2755","4125","6880","188","146330","2721","0","2214","149240","151454"
"2022-02-02","port1137","Samarinda","Indonesia","IDN","1","4","0","0","1","5","6","1298","0","0","0","1207","1298","2506","188","95341","0","0","389","95529","95919"
"2023-02-22","port1137","Samarinda","Indonesia","IDN","2","4","0","0","1","6","7","0","0","0","0","0","0","0","350","163187","0","0","0","163537","163537"
"2019-11-05","port1137","Samarinda","Indonesia","IDN","0","8","0","0","1","8","9","0","0","0","0","2635","0","2635","0","330013","0","0","3412","330013","333425"
"2022-02-03","port1137","Samarinda","Indonesia","IDN","0","3","0","0","1","3","4","0","0","0","0","918","0","918","0","42372","0","0","738","42372","43111"
"2023-02-23","port1137","Samarinda","Indonesia","IDN","1","5","1","0","0","7","7","1856","0","60","0","0","1917","1917","0","208939","56","0","0","208996","208996"
"2019-11-06","port1137","Samarinda","Indonesia","IDN","0","4","1","0","3","5","8","0","0","795","0","6873","795","7668","0","173437","1360","0","884","174797","175682"
"2022-02-04","port1137","Samarinda","Indonesia","IDN","1","2","0","0","0","3","3","0","0","0","0","0","0","0","0","44398","0","0","0","44398","44398"
"2023-02-24","port1137","Samarinda","Indonesia","IDN","2","2","0","0","2","4","6","593","0","0","0","2125","593","2719","0","121607","0","0","1127","121607","122735"
"2019-11-07","port1137","Samarinda","Indonesia","IDN","1","4","0","0","1","5","6","0","0","0","0","918","0","918","0","192833","0","0","738","192833","193572"
"2022-02-05","port1137","Samarinda","Indonesia","IDN","0","3","1","0","1","4","5","0","0","0","0","918","0","918","0","113749","0","0","738","113749","114487"
"2023-02-25","port1137","Samarinda","Indonesia","IDN","1","5","1","0","2","7","9","2152","0","795","0","918","2947","3866","0","328075","1360","0","738","329436","330174"
"2019-11-08","port1137","Samarinda","Indonesia","IDN","0","0","1","1","0","2","2","0","0","795","892","0","1687","1687","0","0","1360","1833","0","3193","3193"
"2022-02-06","port1137","Samarinda","Indonesia","IDN","1","2","0","0","0","3","3","435","0","0","0","0","435","435","0","74365","0","0","0","74365","74365"
"2023-02-26","port1137","Samarinda","Indonesia","IDN","1","3","3","0","1","7","8","1298","0","4171","0","918","5470","6388","188","180397","2721","0","738","183307","184045"
"2019-11-09","port1137","Samarinda","Indonesia","IDN","1","3","0","0","0","4","4","1298","0","0","0","0","1298","1298","188","71653","0","0","0","71841","71841"
"2022-02-07","port1137","Samarinda","Indonesia","IDN","1","4","1","1","2","7","9","442","0","0","143","5270","585","5856","0","192087","0","70","6825","192157","198983"
"2023-02-27","port1137","Samarinda","Indonesia","IDN","2","5","1","0","1","8","9","1921","0","0","0","2635","1921","4557","188","183203","0","0","3412","183391","186804"
"2019-11-10","port1137","Samarinda","Indonesia","IDN","2","3","0","0","1","5","6","1968","0","0","0","918","1968","2886","82","144394","0","0","738","144476","145214"
"2022-02-08","port1137","Samarinda","Indonesia","IDN","1","3","2","0","1","6","7","1298","0","3775","0","918","5074","5992","188","59744","0","0","738","59932","60670"
"2023-02-28","port1137","Samarinda","Indonesia","IDN","1","9","2","0","0","12","12","2292","0","795","0","0","3088","3088","0","433352","1360","0","0","434713","434713"
"2019-11-11","port1137","Samarinda","Indonesia","IDN","0","8","0","0","1","8","9","0","0","0","0","918","0","918","0","195898","0","0","738","195898","196636"
"2022-02-09","port1137","Samarinda","Indonesia","IDN","0","6","1","0","0","7","7","0","0","0","0","0","0","0","0","215286","0","0","0","215286","215286"
"2019-11-12","port1137","Samarinda","Indonesia","IDN","2","6","0","0","0","8","8","1298","0","0","0","0","1298","1298","396","184833","0","0","0","185229","185229"
"2022-02-10","port1137","Samarinda","Indonesia","IDN","0","1","0","0","0","1","1","0","0","0","0","0","0","0","0","41224","0","0","0","41224","41224"
"2019-11-13","port1137","Samarinda","Indonesia","IDN","0","9","0","0","0","9","9","0","0","0","0","0","0","0","0","408270","0","0","0","408270","408270"
"2022-02-11","port1137","Samarinda","Indonesia","IDN","1","5","1","0","2","7","9","0","0","795","0","2125","795","2921","0","124758","1360","0","1127","126118","127246"
"2019-11-14","port1137","Samarinda","Indonesia","IDN","1","8","3","0","1","12","13","0","0","2221","0","0","2221","2221","0","306687","1417","0","123","308104","308228"
"2022-02-12","port1137","Samarinda","Indonesia","IDN","0","0","0","0","1","0","1","0","0","0","0","2635","0","2635","0","0","0","0","3412","0","3412"
"2019-11-15","port1137","Samarinda","Indonesia","IDN","0","3","1","0","0","4","4","0","0","0","0","0","0","0","0","144646","700","0","0","145346","145346"
"2022-02-13","port1137","Samarinda","Indonesia","IDN","2","8","0","0","0","10","10","2339","0","0","0","0","2339","2339","188","361786","0","0","0","361974","361974"
"2019-11-16","port1137","Samarinda","Indonesia","IDN","0","7","0","0","2","7","9","0","0","0","0","7123","0","7123","0","104510","0","0","23","104510","104533"
"2022-02-14","port1137","Samarinda","Indonesia","IDN","1","8","0","1","1","10","11","1864","0","0","143","1224","2007","3232","0","279821","0","70","0","279891","279891"
"2019-11-17","port1137","Samarinda","Indonesia","IDN","0","5","0","0","0","5","5","0","0","0","0","0","0","0","0","131628","0","0","0","131628","131628"
"2022-02-15","port1137","Samarinda","Indonesia","IDN","2","2","0","0","0","4","4","2597","0","0","0","0","2597","2597","376","137171","0","0","0","137547","137547"
"2019-11-18","port1137","Samarinda","Indonesia","IDN","0","6","1","0","1","7","8","0","0","0","0","2635","0","2635","0","270133","219","0","3412","270352","273765"
"2022-02-16","port1137","Samarinda","Indonesia","IDN","0","2","1","0","0","3","3","0","0","0","0","0","0","0","0","75084","1580","0","0","76664","76664"
"2019-11-19","port1137","Samarinda","Indonesia","IDN","1","5","0","0","1","6","7","3538","0","0","0","918","3538","4456","0","119528","0","0","738","119528","120266"
"2022-02-17","port1137","Samarinda","Indonesia","IDN","0","5","0","0","0","5","5","0","0","0","0","0","0","0","0","164897","0","0","0","164897","164897"
"2019-11-20","port1137","Samarinda","Indonesia","IDN","0","6","0","0","2","6","8","0","0","0","0","2177","0","2177","0","79993","0","0","738","79993","80731"
"2022-02-18","port1137","Samarinda","Indonesia","IDN","1","7","0","0","2","8","10","0","0","0","0","1836","0","1836","0","216298","0","0","1476","216298","217774"
"2019-11-21","port1137","Samarinda","Indonesia","IDN","1","8","0","0","2","9","11","0","0","0","0","1836","0","1836","0","293932","0","0","1476","293932","295408"
"2022-02-19","port1137","Samarinda","Indonesia","IDN","0","7","0","0","3","7","10","0","0","0","0","3044","0","3044","0","346252","0","0","1866","346252","348118"
"2019-11-22","port1137","Samarinda","Indonesia","IDN","0","5","0","0","2","5","7","0","0","0","0","1836","0","1836","0","70171","0","0","1476","70171","71647"
"2022-02-20","port1137","Samarinda","Indonesia","IDN","2","6","1","0","1","9","10","1382","0","1017","0","1224","2400","3625","4162","123672","0","0","0","127835","127835"
"2019-11-23","port1137","Samarinda","Indonesia","IDN","0","4","0","0","1","4","5","0","0","0","0","0","0","0","0","56222","0","0","79","56222","56301"
"2022-02-21","port1137","Samarinda","Indonesia","IDN","1","11","0","0","0","12","12","1644","0","0","0","0","1644","1644","0","411255","0","0","0","411255","411255"
"2019-11-24","port1137","Samarinda","Indonesia","IDN","0","8","0","0","1","8","9","0","0","0","0","0","0","0","0","166317","0","0","1326","166317","167643"
"2022-02-22","port1137","Samarinda","Indonesia","IDN","2","1","0","0","1","3","4","1298","0","0","0","2635","1298","3934","771","41224","0","0","3412","41995","45408"
"2019-11-25","port1137","Samarinda","Indonesia","IDN","0","12","0","0","0","12","12","0","0","0","0","0","0","0","0","486683","0","0","0","486683","486683"
"2022-02-23","port1137","Samarinda","Indonesia","IDN","2","7","0","0","0","9","9","1967","0","0","0","0","1967","1967","188","321711","0","0","0","321899","321899"
"2019-11-26","port1137","Samarinda","Indonesia","IDN","1","5","0","0","0","6","6","3954","0","0","0","0","3954","3954","0","95456","0","0","0","95456","95456"
"2022-02-24","port1137","Samarinda","Indonesia","IDN","1","5","1","0","0","7","7","623","0","0","0","0","623","623","0","128943","0","0","0","128943","128943"
"2019-11-27","port1137","Samarinda","Indonesia","IDN","0","7","1","0","0","8","8","0","0","60","0","0","60","60","0","320101","56","0","0","320157","320157"
"2022-02-25","port1137","Samarinda","Indonesia","IDN","2","7","1","1","0","11","11","2083","0","0","143","0","2227","2227","0","232884","243","70","0","233197","233197"
"2019-11-28","port1137","Samarinda","Indonesia","IDN","2","9","1","0","1","12","13","205","0","0","0","918","205","1124","0","347857","596","0","738","348454","349192"
"2022-02-26","port1137","Samarinda","Indonesia","IDN","1","5","2","0","2","8","10","421","0","795","0","3553","1216","4769","0","214430","4191","0","4151","218622","222773"
"2019-11-29","port1137","Samarinda","Indonesia","IDN","1","1","0","0","1","2","3","1298","0","0","0","918","1298","2217","188","70034","0","0","738","70222","70960"
"2022-02-27","port1137","Samarinda","Indonesia","IDN","1","2","0","0","0","3","3","2164","0","0","0","0","2164","2164","0","117962","0","0","0","117962","117962"
"2019-11-30","port1137","Samarinda","Indonesia","IDN","0","0","0","0","0","0","0","0","0","0","0","0","0","0","0","0","0","0","0","0","0"
"2022-02-28","port1137","Samarinda","Indonesia","IDN","0","5","0","0","2","5","7","0","0","0","0","1836","0","1836","0","226074","0","0","1476","226074","227550"
"2019-12-01","port1137","Samarinda","Indonesia","IDN","2","1","1","0","0","4","4","1993","0","795","0","0","2788","2788","0","41224","1360","0","0","42585","42585"
"2022-03-01","port1137","Samarinda","Indonesia","IDN","2","6","0","0","0","8","8","2597","0","0","0","0","2597","2597","376","235623","0","0","0","235999","235999"
"2019-12-02","port1137","Samarinda","Indonesia","IDN","1","11","0","0","0","12","12","2114","0","0","0","0","2114","2114","0","240991","0","0","0","240991","240991"
"2019-12-03","port1137","Samarinda","Indonesia","IDN","0","5","0","0","0","5","5","0","0","0","0","0","0","0","0","191825","0","0","0","191825","191825"
"2023-03-01","port1137","Samarinda","Indonesia","IDN","1","8","1","0","1","10","11","1298","0","0","0","918","1298","2217","188","329724","614","0","738","330527","331265"
"2023-03-02","port1137","Samarinda","Indonesia","IDN","2","4","0","0","2","6","8","2220","0","0","0","3624","2220","5844","0","208153","0","0","831","208153","208984"
"2023-03-03","port1137","Samarinda","Indonesia","IDN","1","12","2","0","1","15","16","0","0","795","0","0","795","795","0","407007","1360","0","0","408368","408368"
"2023-03-04","port1137","Samarinda","Indonesia","IDN","1","3","1","0","0","5","5","1298","0","795","0","0","2093","2093","188","152197","1360","0","0","153746","153746"
"2023-03-05","port1137","Samarinda","Indonesia","IDN","0","7","0","0","0","7","7","0","0","0","0","0","0","0","0","229904","0","0","0","229904","229904"
"2023-03-06","port1137","Samarinda","Indonesia","IDN","2","6","2","0","1","10","11","2836","0","795","0","918","3631","4549","188","284864","4041","0","738","289094","289832"
"2023-03-07","port1137","Samarinda","Indonesia","IDN","1","3","1","0","1","5","6","2507","0","2569","0","0","5076","5076","0","148692","0","0","0","148692","148692"
"2023-03-08","port1137","Samarinda","Indonesia","IDN","1","3","1","0","1","5","6","2433","0","795","0","709","3228","3937","0","135586","1360","0","0","136947","136947"
"2023-03-09","port1137","Samarinda","Indonesia","IDN","2","2","0","0","0","4","4","2152","0","0","0","0","2152","2152","0","116455","0","0","0","116455","116455"
"2023-03-10","port1137","Samarinda","Indonesia","IDN","1","4","0","0","1","5","6","208","0","0","0","3303","208","3511","0","202044","0","0","0","202044","202044"
"2023-03-11","port1137","Samarinda","Indonesia","IDN","0","6","0","0","0","6","6","0","0","0","0","0","0","0","0","336517","0","0","0","336517","336517"
"2023-03-12","port1137","Samarinda","Indonesia","IDN","1","10","1","0","1","12","13","1394","0","0","0","918","1394","2313","0","416517","455","0","738","416973","417711"
"2023-03-13","port1137","Samarinda","Indonesia","IDN","3","9","2","0","2","14","16","2450","0","46","0","1207","2496","3703","2069","483198","21799","0","389","507067","507456"
"2023-03-14","port1137","Samarinda","Indonesia","IDN","1","1","0","0","1","2","3","1298","0","0","0","918","1298","2217","188","34020","0","0","738","34208","34947"
"2023-03-15","port1137","Samarinda","Indonesia","IDN","1","5","0","0","0","6","6","664","0","0","0","0","664","664","0","96962","0","0","0","96962","96962"
"2022-03-02","port1137","Samarinda","Indonesia","IDN","0","4","1","0","0","5","5","0","0","0","0","0","0","0","0","208240","0","0","0","208240","208240"
"2023-03-16","port1137","Samarinda","Indonesia","IDN","2","3","0","0","0","5","5","1123","0","0","0","0","1123","1123","0","87625","0","0","0","87625","87625"
"2022-03-03","port1137","Samarinda","Indonesia","IDN","1","3","4","0","1","8","9","1731","0","2661","0","918","4393","5312","0","129026","2721","0","738","131748","132486"
"2019-12-04","port1137","Samarinda","Indonesia","IDN","0","7","2","0","0","9","9","0","0","1981","0","0","1981","1981","0","196594","1360","0","0","197955","197955"
"2023-03-17","port1137","Samarinda","Indonesia","IDN","0","4","0","0","0","4","4","0","0","0","0","0","0","0","0","188894","0","0","0","188894","188894"
"2022-03-04","port1137","Samarinda","Indonesia","IDN","1","8","1","0","0","10","10","2273","0","795","0","0","3068","3068","0","465725","1360","0","0","467085","467085"
"2019-12-05","port1137","Samarinda","Indonesia","IDN","1","4","0","0","1","5","6","0","0","0","0","918","0","918","0","82448","0","0","738","82448","83186"
"2023-03-18","port1137","Samarinda","Indonesia","IDN","0","6","0","0","0","6","6","0","0","0","0","0","0","0","0","293132","0","0","0","293132","293132"
"2022-03-05","port1137","Samarinda","Indonesia","IDN","1","4","1","1","0","7","7","409","0","1092","0","0","1502","1502","0","126283","0","0","0","126283","126283"
"2019-12-06","port1137","Samarinda","Indonesia","IDN","1","1","0","0","0","2","2","2876","0","0","0","0","2876","2876","0","25852","0","0","0","25852","25852"
"2023-03-19","port1137","Samarinda","Indonesia","IDN","0","9","0","0","0","9","9","0","0","0","0","0","0","0","0","343837","0","0","0","343837","343837"
"2022-03-06","port1137","Samarinda","Indonesia","IDN","0","7","1","1","2","9","11","0","0","60","143","3624","204","3828","0","151160","56","70","831","151287","152118"
"2019-12-07","port1137","Samarinda","Indonesia","IDN","0","5","0","0","0","5","5","0","0","0","0","0","0","0","0","158760","0","0","0","158760","158760"
"2023-03-20","port1137","Samarinda","Indonesia","IDN","0","8","1","0","1","9","10","0","0","0","0","918","0","918","0","377739","160","0","738","377900","378638"
"2022-03-07","port1137","Samarinda","Indonesia","IDN","0","8","0","0","1","8","9","0","0","0","0","1620","0","1620","0","238289","0","0","23","238289","238312"
"2019-12-08","port1137","Samarinda","Indonesia","IDN","0","8","0","0","0","8","8","0","0","0","0","0","0","0","0","302116","0","0","0","302116","302116"
"2023-03-21","port1137","Samarinda","Indonesia","IDN","1","9","0","0","1","10","11","954","0","0","0","2635","954","3589","0","440323","0","0","3412","440323","443736"
"2022-03-08","port1137","Samarinda","Indonesia","IDN","1","3","0","0","2","4","6","1298","0","0","0","3553","1298","4852","188","174524","0","0","4151","174712","178863"
"2019-12-09","port1137","Samarinda","Indonesia","IDN","1","10","0","0","1","11","12","1651","0","0","0","211","1651","1863","0","405179","0","0","0","405179","405179"
"2023-03-22","port1137","Samarinda","Indonesia","IDN","1","3","0","0","1","4","5","1298","0","0","0","918","1298","2217","188","149138","0","0","738","149326","150065"
"2022-03-09","port1137","Samarinda","Indonesia","IDN","3","4","1","0","0","8","8","2556","0","0","0","0","2556","2556","188","269887","0","0","0","270075","270075"
"2019-12-10","port1137","Samarinda","Indonesia","IDN","0","7","1","0","0","8","8","0","0","783","0","0","783","783","0","273446","0","0","0","273446","273446"
"2023-03-23","port1137","Samarinda","Indonesia","IDN","2","6","1","0","2","9","11","1862","0","1537","0","1836","3400","5237","0","246201","0","0","1476","246201","247677"
"2022-03-10","port1137","Samarinda","Indonesia","IDN","2","5","2","0","1","9","10","1453","0","1534","0","918","2987","3906","0","308231","1360","0","738","309592","310330"
"2019-12-11","port1137","Samarinda","Indonesia","IDN","0","8","1","0","2","9","11","0","0","795","0","1836","795","2632","0","293389","1360","0","1476","294750","296226"
"2023-03-24","port1137","Samarinda","Indonesia","IDN","0","6","1","0","1","7","8","0","0","3652","0","2705","3652","6358","0","196769","0","0","93","196769","196862"
"2019-12-12","port1137","Samarinda","Indonesia","IDN","3","10","0","0","0","13","13","2597","0","0","0","0","2597","2597","376","235131","0","0","0","235507","235507"
"2023-03-25","port1137","Samarinda","Indonesia","IDN","0","7","0","0","0","7","7","0","0","0","0","0","0","0","0","402911","0","0","0","402911","402911"
"2023-03-26","port1137","Samarinda","Indonesia","IDN","2","5","0","0","0","7","7","3173","0","0","0","0","3173","3173","396","237726","0","0","0","238122","238122"
"2023-03-27","port1137","Samarinda","Indonesia","IDN","3","7","1","0","1","11","12","4154","0","0","0","290","4154","4445","458","283209","2429","0","0","286098","286098"
"2023-03-28","port1137","Samarinda","Indonesia","IDN","2","2","0","0","0","4","4","2122","0","0","0","0","2122","2122","188","131056","0","0","0","131244","131244"
"2023-03-29","port1137","Samarinda","Indonesia","IDN","0","5","0","0","2","5","7","0","0","0","0","918","0","918","0","204614","0","0","1081","204614","205695"
"2023-03-30","port1137","Samarinda","Indonesia","IDN","1","3","0","0","1","4","5","0","0","0","0","0","0","0","0","134089","0","0","0","134089","134089"
"2023-03-31","port1137","Samarinda","Indonesia","IDN","1","3","0","0","1","4","5","1298","0","0","0","0","1298","1298","188","115096","0","0","0","115284","115284"
"2023-04-01","port1137","Samarinda","Indonesia","IDN","0","5","0","0","0","5","5","0","0","0","0","0","0","0","0","195544","0","0","0","195544","195544"
"2023-04-02","port1137","Samarinda","Indonesia","IDN","1","3","0","0","0","4","4","2142","0","0","0","0","2142","2142","0","87375","0","0","0","87375","87375"
"2023-04-03","port1137","Samarinda","Indonesia","IDN","2","9","1","0","2","12","14","1712","0","0","0","918","1712","2631","188","375957","455","0","738","376601","377339"
"2023-04-04","port1137","Samarinda","Indonesia","IDN","1","6","0","0","0","7","7","2113","0","0","0","0","2113","2113","0","239254","0","0","0","239254","239254"
"2023-04-05","port1137","Samarinda","Indonesia","IDN","0","6","1","0","2","7","9","0","0","1017","0","4752","1017","5770","0","309331","0","0","93","309331","309424"
"2023-04-06","port1137","Samarinda","Indonesia","IDN","0","5","2","0","0","7","7","0","0","714","0","0","714","714","0","264568","597","0","0","265166","265166"
"2023-04-07","port1137","Samarinda","Indonesia","IDN","0","4","0","0","1","4","5","0","0","0","0","0","0","0","0","200428","0","0","0","200428","200428"
"2023-04-08","port1137","Samarinda","Indonesia","IDN","2","6","0","0","1","8","9","0","0","0","0","918","0","918","0","214346","0","0","738","214346","215084"
"2023-04-09","port1137","Samarinda","Indonesia","IDN","0","13","0","0","2","13","15","0","0","0","0","1836","0","1836","0","529523","0","0","1476","529523","531000"
"2023-04-10","port1137","Samarinda","Indonesia","IDN","2","5","0","0","0","7","7","2490","0","0","0","0","2490","2490","188","252925","0","0","0","253113","253113"
"2023-04-11","port1137","Samarinda","Indonesia","IDN","0","6","0","0","2","6","8","0","0","0","0","3553","0","3553","0","373853","0","0","4151","373853","378004"
"2023-04-12","port1137","Samarinda","Indonesia","IDN","1","4","1","0","1","6","7","1107","0","0","0","918","1107","2025","0","277485","11224","0","738","288709","289447"
"2023-04-13","port1137","Samarinda","Indonesia","IDN","0","6","0","0","0","6","6","0","0","0","0","0","0","0","0","446635","0","0","0","446635","446635"
"2023-04-14","port1137","Samarinda","Indonesia","IDN","0","4","0","0","0","4","4","0","0","0","0","0","0","0","0","56843","0","0","0","56843","56843"
"2023-04-15","port1137","Samarinda","Indonesia","IDN","0","5","0","0","1","5","6","0","0","0","0","1207","0","1207","0","210629","0","0","389","210629","211019"
"2023-04-16","port1137","Samarinda","Indonesia","IDN","2","5","1","0","4","8","12","417","0","0","0","6268","417","6685","0","256848","265","0","738","257113","257851"
"2023-04-17","port1137","Samarinda","Indonesia","IDN","0","5","2","0","0","7","7","0","0","3077","0","0","3077","3077","0","185412","0","0","0","185412","185412"
"2023-04-18","port1137","Samarinda","Indonesia","IDN","1","4","1","0","2","6","8","1298","0","604","0","2635","1903","4538","188","157759","0","0","3412","157947","161360"
"2023-04-19","port1137","Samarinda","Indonesia","IDN","0","2","2","0","0","4","4","0","0","0","0","0","0","0","0","26271","455","0","0","26726","26726"
"2023-04-20","port1137","Samarinda","Indonesia","IDN","1","2","0","0","0","3","3","419","0","0","0","0","419","419","0","60910","0","0","0","60910","60910"
"2023-04-21","port1137","Samarinda","Indonesia","IDN","0","5","0","0","1","5","6","0","0","0","0","918","0","918","0","201583","0","0","738","201583","202321"
"2023-04-22","port1137","Samarinda","Indonesia","IDN","0","3","0","0","1","3","4","0","0","0","0","918","0","918","0","121666","0","0","738","121666","122404"
"2023-04-23","port1137","Samarinda","Indonesia","IDN","0","5","0","0","2","5","7","0","0","0","0","918","0","918","0","331156","0","0","738","331156","331894"
"2023-04-24","port1137","Samarinda","Indonesia","IDN","1","6","0","0","0","7","7","2083","0","0","0","0","2083","2083","0","352230","0","0","0","352230","352230"
"2023-04-25","port1137","Samarinda","Indonesia","IDN","2","6","0","0","1","8","9","1911","0","0","0","2705","1911","4617","188","300775","0","0","93","300963","301056"
"2023-04-26","port1137","Samarinda","Indonesia","IDN","3","4","0","0","1","7","8","5869","0","0","0","918","5869","6787","188","175604","0","0","738","175792","176530"
"2023-04-27","port1137","Samarinda","Indonesia","IDN","1","0","1","1","0","3","3","799","0","364","143","0","1307","1307","0","0","0","70","0","70","70"
"2023-04-28","port1137","Samarinda","Indonesia","IDN","1","4","0","0","0","5","5","417","0","0","0","0","417","417","0","186075","0","0","0","186075","186075"
"2023-04-29","port1137","Samarinda","Indonesia","IDN","0","6","0","0","0","6","6","0","0","0","0","0","0","0","0","157746","0","0","0","157746","157746"
"2023-04-30","port1137","Samarinda","Indonesia","IDN","1","4","0","0","0","5","5","0","0","0","0","0","0","0","0","95614","0","0","0","95614","95614"
"2023-05-01","port1137","Samarinda","Indonesia","IDN","0","3","3","0","0","6","6","0","0","60","0","0","60","60","0","176780","33060","0","0","209841","209841"
"2023-05-02","port1137","Samarinda","Indonesia","IDN","0","3","0","0","0","3","3","0","0","0","0","0","0","0","0","97116","0","0","0","97116","97116"
"2023-05-03","port1137","Samarinda","Indonesia","IDN","0","5","1","0","1","6","7","0","0","0","0","918","0","918","0","318615","0","0","738","318615","319353"
"2022-03-11","port1137","Samarinda","Indonesia","IDN","0","9","0","1","0","10","10","0","0","0","143","0","143","143","0","360496","0","70","0","360566","360566"
"2019-12-13","port1137","Samarinda","Indonesia","IDN","0","2","0","0","0","2","2","0","0","0","0","0","0","0","0","117953","0","0","0","117953","117953"
"2019-12-14","port1137","Samarinda","Indonesia","IDN","0","10","1","0","0","11","11","0","0","0","0","0","0","0","0","434119","1387","0","0","435506","435506"
"2019-12-15","port1137","Samarinda","Indonesia","IDN","1","4","1","0","0","6","6","1298","0","795","0","0","2093","2093","188","246605","1360","0","0","248154","248154"
"2019-12-16","port1137","Samarinda","Indonesia","IDN","0","7","1","0","0","8","8","0","0","795","0","0","795","795","0","218336","1360","0","0","219697","219697"
"2019-12-17","port1137","Samarinda","Indonesia","IDN","1","3","1","1","1","6","7","2467","0","795","892","2705","4155","6860","0","86015","1360","1833","93","89209","89302"
"2019-12-18","port1137","Samarinda","Indonesia","IDN","0","2","0","0","0","2","2","0","0","0","0","0","0","0","0","0","0","0","0","0","0"
"2019-12-19","port1137","Samarinda","Indonesia","IDN","3","8","1","0","0","12","12","2597","0","0","0","0","2597","2597","376","331784","1803","0","0","333963","333963"
"2019-12-20","port1137","Samarinda","Indonesia","IDN","0","5","1","0","2","6","8","0","0","795","0","5123","795","5918","0","113216","1360","0","738","114577","115315"
"2019-12-21","port1137","Samarinda","Indonesia","IDN","0","3","1","0","0","4","4","0","0","795","0","0","795","795","0","161640","1360","0","0","163001","163001"
"2019-12-22","port1137","Samarinda","Indonesia","IDN","0","4","0","0","0","4","4","0","0","0","0","0","0","0","0","205086","0","0","0","205086","205086"
"2019-12-23","port1137","Samarinda","Indonesia","IDN","0","9","1","0","0","10","10","0","0","0","0","0","0","0","0","408487","3526","0","0","412013","412013"
"2019-12-24","port1137","Samarinda","Indonesia","IDN","0","2","0","0","0","2","2","0","0","0","0","0","0","0","0","71281","0","0","0","71281","71281"
"2019-12-25","port1137","Samarinda","Indonesia","IDN","0","4","0","1","0","5","5","0","0","0","0","0","0","0","0","166422","0","6247","0","172669","172669"
"2019-12-26","port1137","Samarinda","Indonesia","IDN","2","6","1","0","0","9","9","1557","0","0","0","0","1557","1557","82","188660","1058","0","0","189801","189801"
"2019-12-27","port1137","Samarinda","Indonesia","IDN","0","5","1","0","0","6","6","0","0","795","0","0","795","795","0","176569","1360","0","0","177930","177930"
"2019-12-28","port1137","Samarinda","Indonesia","IDN","0","5","0","0","3","5","8","0","0","0","0","2755","0","2755","0","285639","0","0","2214","285639","287854"
"2019-12-29","port1137","Samarinda","Indonesia","IDN","0","8","0","0","0","8","8","0","0","0","0","0","0","0","0","249256","0","0","0","249256","249256"
"2019-12-30","port1137","Samarinda","Indonesia","IDN","0","4","0","0","2","4","6","0","0","0","0","1836","0","1836","0","178287","0","0","1476","178287","179763"
"2019-12-31","port1137","Samarinda","Indonesia","IDN","2","4","1","0","0","7","7","1298","0","0","0","0","1298","1298","392","139600","2458","0","0","142451","142451"
"2020-01-01","port1137","Samarinda","Indonesia","IDN","0","4","0","0","0","4","4","0","0","0","0","0","0","0","0","109333","0","0","0","109333","109333"
"2020-01-02","port1137","Samarinda","Indonesia","IDN","0","4","0","0","2","4","6","0","0","0","0","5584","0","5584","0","123130","0","0","389","123130","123520"
"2020-01-03","port1137","Samarinda","Indonesia","IDN","1","4","1","0","2","6","8","1298","0","795","0","1836","2093","3930","188","208948","1360","0","1476","210497","211973"
"2020-01-04","port1137","Samarinda","Indonesia","IDN","0","4","0","0","0","4","4","0","0","0","0","0","0","0","0","140214","0","0","0","140214","140214"
"2020-01-05","port1137","Samarinda","Indonesia","IDN","0","3","1","0","0","4","4","0","0","658","0","0","658","658","0","124433","0","0","0","124433","124433"
"2020-01-06","port1137","Samarinda","Indonesia","IDN","1","4","0","0","0","5","5","1298","0","0","0","0","1298","1298","188","133563","0","0","0","133751","133751"
"2020-01-07","port1137","Samarinda","Indonesia","IDN","0","7","0","0","0","7","7","0","0","0","0","0","0","0","0","261392","0","0","0","261392","261392"
"2020-01-08","port1137","Samarinda","Indonesia","IDN","0","4","0","0","0","4","4","0","0","0","0","0","0","0","0","153827","0","0","0","153827","153827"
"2020-01-09","port1137","Samarinda","Indonesia","IDN","0","3","0","0","0","3","3","0","0","0","0","0","0","0","0","99970","0","0","0","99970","99970"
"2020-01-10","port1137","Samarinda","Indonesia","IDN","0","7","2","0","0","9","9","0","0","795","0","0","795","795","0","260678","2559","0","0","263237","263237"
"2020-01-11","port1137","Samarinda","Indonesia","IDN","2","2","0","0","1","4","5","825","0","0","0","918","825","1744","1648","52388","0","0","738","54036","54774"
"2020-01-12","port1137","Samarinda","Indonesia","IDN","0","5","1","0","0","6","6","0","0","0","0","0","0","0","0","133397","0","0","0","133397","133397"
"2020-01-13","port1137","Samarinda","Indonesia","IDN","0","3","0","0","1","3","4","0","0","0","0","918","0","918","0","82448","0","0","738","82448","83186"
"2020-01-14","port1137","Samarinda","Indonesia","IDN","0","6","0","0","0","6","6","0","0","0","0","0","0","0","0","153968","0","0","0","153968","153968"
"2020-01-15","port1137","Samarinda","Indonesia","IDN","0","5","1","0","1","6","7","0","0","3764","0","918","3764","4682","0","206121","0","0","738","206121","206859"
"2020-01-16","port1137","Samarinda","Indonesia","IDN","0","6","0","0","0","6","6","0","0","0","0","0","0","0","0","239421","0","0","0","239421","239421"
"2020-01-17","port1137","Samarinda","Indonesia","IDN","1","3","0","0","1","4","5","0","0","0","0","422","0","422","0","145904","0","0","0","145904","145904"
"2020-01-18","port1137","Samarinda","Indonesia","IDN","0","1","0","0","0","1","1","0","0","0","0","0","0","0","0","51272","0","0","0","51272","51272"
"2020-01-19","port1137","Samarinda","Indonesia","IDN","0","8","1","0","1","9","10","0","0","0","0","918","0","918","0","409210","0","0","738","409210","409949"
"2020-01-20","port1137","Samarinda","Indonesia","IDN","0","3","0","0","0","3","3","0","0","0","0","0","0","0","0","123672","0","0","0","123672","123672"
"2020-01-21","port1137","Samarinda","Indonesia","IDN","1","6","1","0","1","8","9","1298","0","1534","0","918","2833","3751","188","247955","0","0","738","248143","248881"
"2020-01-22","port1137","Samarinda","Indonesia","IDN","3","4","0","0","0","7","7","3896","0","0","0","0","3896","3896","564","168892","0","0","0","169456","169456"
"2020-01-23","port1137","Samarinda","Indonesia","IDN","1","6","0","0","1","7","8","3456","0","0","0","918","3456","4375","0","223098","0","0","738","223098","223836"
"2022-03-12","port1137","Samarinda","Indonesia","IDN","0","2","1","0","1","3","4","0","0","795","0","918","795","1713","0","96465","1360","0","738","97825","98564"
"2023-05-04","port1137","Samarinda","Indonesia","IDN","0","4","1","0","2","5","7","0","0","0","0","2125","0","2125","0","125903","3582","0","1127","129486","130614"
"2023-05-05","port1137","Samarinda","Indonesia","IDN","0","7","0","0","1","7","8","0","0","0","0","2705","0","2705","0","291872","0","0","93","291872","291965"
"2023-05-06","port1137","Samarinda","Indonesia","IDN","1","2","1","0","0","4","4","0","0","795","0","0","795","795","409","102153","1360","0","0","103924","103924"
"2023-05-07","port1137","Samarinda","Indonesia","IDN","0","6","0","0","2","6","8","0","0","0","0","2538","0","2538","0","77866","0","0","761","77866","78627"
"2023-05-08","port1137","Samarinda","Indonesia","IDN","1","6","1","0","1","8","9","0","0","0","0","918","0","918","2574","197841","235","0","738","200651","201390"
"2023-05-09","port1137","Samarinda","Indonesia","IDN","1","6","0","0","0","7","7","416","0","0","0","0","416","416","0","253612","0","0","0","253612","253612"
"2023-05-10","port1137","Samarinda","Indonesia","IDN","0","4","0","0","0","4","4","0","0","0","0","0","0","0","0","154195","0","0","0","154195","154195"
"2023-05-11","port1137","Samarinda","Indonesia","IDN","2","7","1","0","2","10","12","2069","0","1805","0","3553","3874","7428","204","364668","0","0","4151","364873","369024"
"2023-05-12","port1137","Samarinda","Indonesia","IDN","2","5","0","0","3","7","10","2069","0","0","0","4831","2069","6900","1207","237174","0","0","1220","238381","239602"
"2023-05-13","port1137","Samarinda","Indonesia","IDN","1","6","2","0","1","9","10","0","0","0","0","2705","0","2705","0","271887","7767","0","93","279654","279747"
"2023-05-14","port1137","Samarinda","Indonesia","IDN","1","1","1","0","1","3","4","1298","0","0","0","918","1298","2217","188","41224","369","0","738","41781","42519"
"2023-05-15","port1137","Samarinda","Indonesia","IDN","1","8","3","0","1","12","13","0","0","1079","0","2705","1079","3784","0","372582","1417","0","93","373999","374092"
"2023-05-16","port1137","Samarinda","Indonesia","IDN","0","4","0","0","0","4","4","0","0","0","0","0","0","0","0","121274","0","0","0","121274","121274"
"2023-05-17","port1137","Samarinda","Indonesia","IDN","0","3","2","0","1","5","6","0","0","732","0","918","732","1651","0","132518","0","0","738","132518","133256"
"2023-05-18","port1137","Samarinda","Indonesia","IDN","2","1","0","0","1","3","4","2909","0","0","0","0","2909","2909","0","41224","0","0","0","41224","41224"
"2023-05-19","port1137","Samarinda","Indonesia","IDN","0","5","1","0","0","6","6","0","0","795","0","0","795","795","0","230691","1360","0","0","232052","232052"
"2023-05-20","port1137","Samarinda","Indonesia","IDN","3","6","1","0","0","10","10","2924","0","0","0","0","2924","2924","1049","167848","7112","0","0","176010","176010"
"2023-05-21","port1137","Samarinda","Indonesia","IDN","1","4","0","0","1","5","6","2069","0","0","0","525","2069","2594","0","212379","0","0","0","212379","212379"
"2023-05-22","port1137","Samarinda","Indonesia","IDN","0","7","0","0","1","7","8","0","0","0","0","918","0","918","0","310183","0","0","738","310183","310921"
"2023-05-23","port1137","Samarinda","Indonesia","IDN","2","8","0","0","1","10","11","1035","0","0","0","2705","1035","3741","207","382716","0","0","93","382923","383016"
"2023-05-24","port1137","Samarinda","Indonesia","IDN","1","9","1","0","1","11","12","2231","0","0","0","2635","2231","4866","0","528644","0","0","3412","528644","532057"
"2023-05-25","port1137","Samarinda","Indonesia","IDN","1","8","0","0","2","9","11","1712","0","0","0","918","1712","2631","0","278766","0","0","738","278766","279505"
"2023-05-26","port1137","Samarinda","Indonesia","IDN","0","9","0","0","0","9","9","0","0","0","0","0","0","0","0","506665","0","0","0","506665","506665"
"2023-05-27","port1137","Samarinda","Indonesia","IDN","2","0","0","0","1","2","3","4752","0","0","0","918","4752","5670","0","0","0","0","738","0","738"
"2023-05-28","port1137","Samarinda","Indonesia","IDN","1","6","0","0","0","7","7","1658","0","0","0","0","1658","1658","0","324265","0","0","0","324265","324265"
"2023-05-29","port1137","Samarinda","Indonesia","IDN","0","7","1","0","2","8","10","0","0","0","0","918","0","918","0","217438","455","0","738","217893","218632"
"2023-05-30","port1137","Samarinda","Indonesia","IDN","0","4","1","0","1","5","6","0","0","795","0","918","795","1713","0","165299","1360","0","738","166660","167399"
"2023-05-31","port1137","Samarinda","Indonesia","IDN","2","8","1","0","1","11","12","2972","0","0","0","2705","2972","5678","188","245573","7362","0","93","253124","253217"
"2023-06-01","port1137","Samarinda","Indonesia","IDN","1","3","0","0","1","4","5","1298","0","0","0","918","1298","2217","188","116829","0","0","738","117017","117755"
"2023-06-02","port1137","Samarinda","Indonesia","IDN","3","1","0","0","0","4","4","4745","0","0","0","0","4745","4745","0","55355","0","0","0","55355","55355"
"2023-06-03","port1137","Samarinda","Indonesia","IDN","0","3","2","0","2","5","7","0","0","853","0","3456","853","4310","0","63269","0","0","0","63269","63269"
"2023-06-04","port1137","Samarinda","Indonesia","IDN","1","7","0","0","0","8","8","2164","0","0","0","0","2164","2164","0","305073","0","0","0","305073","305073"
"2023-06-05","port1137","Samarinda","Indonesia","IDN","1","7","0","0","0","8","8","2204","0","0","0","0","2204","2204","0","357214","0","0","0","357214","357214"
"2023-06-06","port1137","Samarinda","Indonesia","IDN","1","3","0","0","3","4","7","3123","0","0","0","4472","3123","7595","0","48066","0","0","4889","48066","52955"
"2023-06-07","port1137","Samarinda","Indonesia","IDN","0","7","1","0","0","8","8","0","0","60","0","0","60","60","0","389301","56","0","0","389357","389357"
"2023-06-08","port1137","Samarinda","Indonesia","IDN","1","1","0","0","1","2","3","824","0","0","0","2705","824","3529","0","0","0","0","93","0","93"
"2023-06-09","port1137","Samarinda","Indonesia","IDN","1","7","0","0","1","8","9","0","0","0","0","0","0","0","206","298280","0","0","0","298486","298486"
"2023-06-10","port1137","Samarinda","Indonesia","IDN","1","3","0","0","1","4","5","2082","0","0","0","0","2082","2082","0","66148","0","0","3507","66148","69655"
"2023-06-11","port1137","Samarinda","Indonesia","IDN","2","2","1","0","0","5","5","2338","0","0","0","0","2338","2338","188","161055","0","0","0","161244","161244"
"2023-06-12","port1137","Samarinda","Indonesia","IDN","0","2","0","0","0","2","2","0","0","0","0","0","0","0","0","135147","0","0","0","135147","135147"
"2023-06-13","port1137","Samarinda","Indonesia","IDN","1","7","1","0","1","9","10","1663","0","0","0","1067","1663","2730","0","311164","0","0","0","311164","311164"
"2023-06-14","port1137","Samarinda","Indonesia","IDN","0","6","1","0","0","7","7","0","0","0","0","0","0","0","0","357368","0","0","0","357368","357368"
"2020-01-24","port1137","Samarinda","Indonesia","IDN","0","8","0","0","0","8","8","0","0","0","0","0","0","0","0","240433","0","0","0","240433","240433"
"2022-03-13","port1137","Samarinda","Indonesia","IDN","0","9","1","0","1","10","11","0","0","0","0","918","0","918","0","426116","5016","0","738","431133","431871"
"2020-01-25","port1137","Samarinda","Indonesia","IDN","1","5","1","0","0","7","7","203","0","0","0","0","203","203","0","123672","3432","0","0","127104","127104"
"2020-01-26","port1137","Samarinda","Indonesia","IDN","1","5","0","0","0","6","6","1298","0","0","0","0","1298","1298","188","160038","0","0","0","160226","160226"
"2022-03-14","port1137","Samarinda","Indonesia","IDN","0","4","1","0","1","5","6","0","0","0","0","0","0","0","0","164897","0","0","1815","164897","166712"
"2020-01-27","port1137","Samarinda","Indonesia","IDN","0","6","0","0","0","6","6","0","0","0","0","0","0","0","0","168854","0","0","0","168854","168854"
"2022-03-15","port1137","Samarinda","Indonesia","IDN","3","5","1","0","1","9","10","2321","0","795","0","918","3116","4035","1631","178061","1360","0","738","181054","181792"
"2020-01-28","port1137","Samarinda","Indonesia","IDN","0","7","1","0","2","8","10","0","0","795","0","4089","795","4884","0","166503","1360","0","738","167864","168602"
"2022-03-16","port1137","Samarinda","Indonesia","IDN","1","2","1","0","1","4","5","1557","0","0","0","918","1557","2475","82","26999","0","0","738","27082","27820"
"2020-01-29","port1137","Samarinda","Indonesia","IDN","0","7","0","0","0","7","7","0","0","0","0","0","0","0","0","242616","0","0","0","242616","242616"
"2022-03-17","port1137","Samarinda","Indonesia","IDN","3","8","0","0","1","11","12","1640","0","0","0","3459","1640","5100","0","227151","0","0","0","227151","227151"
"2020-01-30","port1137","Samarinda","Indonesia","IDN","0","3","0","0","0","3","3","0","0","0","0","0","0","0","0","94895","0","0","0","94895","94895"
"2022-03-18","port1137","Samarinda","Indonesia","IDN","1","3","0","0","0","4","4","0","0","0","0","0","0","0","2069","106156","0","0","0","108225","108225"
"2020-01-31","port1137","Samarinda","Indonesia","IDN","2","7","0","0","1","9","10","1298","0","0","0","918","1298","2217","188","135205","0","0","738","135393","136131"
"2022-03-19","port1137","Samarinda","Indonesia","IDN","0","7","0","1","0","8","8","0","0","0","143","0","143","143","0","329865","0","70","0","329935","329935"
"2020-02-01","port1137","Samarinda","Indonesia","IDN","1","5","1","0","0","7","7","1298","0","1695","0","0","2994","2994","188","189777","0","0","0","189965","189965"
"2022-03-20","port1137","Samarinda","Indonesia","IDN","1","4","1","0","0","6","6","1045","0","0","0","0","1045","1045","0","170443","0","0","0","170443","170443"
"2020-02-02","port1137","Samarinda","Indonesia","IDN","2","2","1","0","0","5","5","1298","0","0","0","0","1298","1298","391","81752","366","0","0","82510","82510"
"2022-03-21","port1137","Samarinda","Indonesia","IDN","0","13","0","0","0","13","13","0","0","0","0","0","0","0","0","649872","0","0","0","649872","649872"
"2020-02-03","port1137","Samarinda","Indonesia","IDN","0","8","0","0","1","8","9","0","0","0","0","0","0","0","0","314761","0","0","1825","314761","316587"
"2022-03-22","port1137","Samarinda","Indonesia","IDN","1","7","1","0","2","9","11","1298","0","0","0","2125","1298","3424","188","264392","0","0","1127","264580","265708"
"2020-02-04","port1137","Samarinda","Indonesia","IDN","0","10","0","0","0","10","10","0","0","0","0","0","0","0","0","374654","0","0","0","374654","374654"
"2022-03-23","port1137","Samarinda","Indonesia","IDN","2","4","0","0","1","6","7","1054","0","0","0","787","1054","1841","0","201383","0","0","0","201383","201383"
"2020-02-05","port1137","Samarinda","Indonesia","IDN","0","6","0","0","2","6","8","0","0","0","0","3624","0","3624","0","223205","0","0","831","223205","224037"
"2022-03-24","port1137","Samarinda","Indonesia","IDN","1","4","2","0","2","7","9","419","0","0","0","1836","419","2256","0","196114","243","0","1476","196357","197834"
"2020-02-06","port1137","Samarinda","Indonesia","IDN","0","2","0","0","0","2","2","0","0","0","0","0","0","0","0","54382","0","0","0","54382","54382"
"2022-03-25","port1137","Samarinda","Indonesia","IDN","2","5","1","0","0","8","8","1298","0","795","0","0","2093","2093","188","194511","1360","0","0","196059","196059"
"2020-02-07","port1137","Samarinda","Indonesia","IDN","1","5","0","0","0","6","6","1298","0","0","0","0","1298","1298","188","221968","0","0","0","222156","222156"
"2022-03-26","port1137","Samarinda","Indonesia","IDN","1","3","0","0","0","4","4","1557","0","0","0","0","1557","1557","82","199517","0","0","0","199599","199599"
"2020-02-08","port1137","Samarinda","Indonesia","IDN","2","5","0","0","0","7","7","207","0","0","0","0","207","207","0","249152","0","0","0","249152","249152"
"2023-06-15","port1137","Samarinda","Indonesia","IDN","1","3","1","0","3","5","8","1452","0","0","0","4542","1452","5995","0","121080","122","0","1569","121203","122772"
"2022-03-27","port1137","Samarinda","Indonesia","IDN","0","6","0","0","0","6","6","0","0","0","0","0","0","0","0","242994","0","0","0","242994","242994"
"2020-02-09","port1137","Samarinda","Indonesia","IDN","1","3","1","0","2","5","7","1557","0","795","0","2969","2352","5321","82","110461","1360","0","6321","111904","118226"
"2023-06-16","port1137","Samarinda","Indonesia","IDN","4","5","0","0","0","9","9","6854","0","0","0","0","6854","6854","0","136922","0","0","0","136922","136922"
"2022-03-28","port1137","Samarinda","Indonesia","IDN","3","5","1","0","2","9","11","3380","0","1689","0","2407","5069","7477","0","223625","0","0","23","223625","223648"
"2020-02-10","port1137","Samarinda","Indonesia","IDN","1","4","0","0","1","5","6","1298","0","0","0","918","1298","2217","188","114844","0","0","738","115032","115770"
"2023-06-17","port1137","Samarinda","Indonesia","IDN","2","5","1","0","0","8","8","2328","0","1089","0","0","3417","3417","0","214365","0","0","0","214365","214365"
"2022-03-29","port1137","Samarinda","Indonesia","IDN","1","6","0","0","0","7","7","1298","0","0","0","0","1298","1298","188","230498","0","0","0","230686","230686"
"2020-02-11","port1137","Samarinda","Indonesia","IDN","0","3","1","0","1","4","5","0","0","795","0","993","795","1788","0","94558","1360","0","0","95918","95918"
"2023-06-18","port1137","Samarinda","Indonesia","IDN","1","3","0","0","0","4","4","2789","0","0","0","0","2789","2789","0","55436","0","0","0","55436","55436"
"2022-03-30","port1137","Samarinda","Indonesia","IDN","1","6","1","0","0","8","8","1537","0","0","0","0","1537","1537","0","273880","0","0","0","273880","273880"
"2020-02-12","port1137","Samarinda","Indonesia","IDN","0","5","0","0","0","5","5","0","0","0","0","0","0","0","0","0","0","0","0","0","0"
"2023-06-19","port1137","Samarinda","Indonesia","IDN","0","7","0","0","0","7","7","0","0","0","0","0","0","0","0","292316","0","0","0","292316","292316"
"2020-02-13","port1137","Samarinda","Indonesia","IDN","1","5","0","0","0","6","6","1298","0","0","0","0","1298","1298","188","133499","0","0","0","133687","133687"
"2023-06-20","port1137","Samarinda","Indonesia","IDN","0","3","1","0","1","4","5","0","0","0","0","918","0","918","0","176890","179","0","738","177070","177808"
"2022-03-31","port1137","Samarinda","Indonesia","IDN","0","0","0","0","2","0","2","0","0","0","0","1784","0","1784","0","0","0","0","738","0","738"
"2023-06-21","port1137","Samarinda","Indonesia","IDN","1","6","2","0","1","9","10","207","0","60","0","2635","268","2903","0","282914","56","0","3412","282971","286384"
"2020-02-14","port1137","Samarinda","Indonesia","IDN","1","4","0","0","0","5","5","0","0","0","0","0","0","0","0","173594","0","0","0","173594","173594"
"2022-04-01","port1137","Samarinda","Indonesia","IDN","1","2","1","0","2","4","6","623","0","0","0","1836","623","2459","0","179909","2830","0","1476","182739","184216"
"2023-06-22","port1137","Samarinda","Indonesia","IDN","1","7","0","0","2","8","10","4128","0","0","0","3814","4128","7943","0","433716","0","0","738","433716","434455"
"2020-02-15","port1137","Samarinda","Indonesia","IDN","0","3","0","0","0","3","3","0","0","0","0","0","0","0","0","151614","0","0","0","151614","151614"
"2022-04-02","port1137","Samarinda","Indonesia","IDN","1","5","2","0","2","8","10","0","0","1590","0","3553","1590","5144","0","305934","2721","0","4151","308656","312807"
"2020-02-16","port1137","Samarinda","Indonesia","IDN","2","3","1","0","0","6","6","4630","0","795","0","0","5425","5425","188","98700","1360","0","0","100249","100249"
"2022-04-03","port1137","Samarinda","Indonesia","IDN","0","6","0","0","0","6","6","0","0","0","0","0","0","0","0","78525","0","0","0","78525","78525"
"2020-02-17","port1137","Samarinda","Indonesia","IDN","1","7","0","0","0","8","8","1452","0","0","0","0","1452","1452","0","230149","0","0","0","230149","230149"
"2022-04-04","port1137","Samarinda","Indonesia","IDN","1","4","0","0","0","5","5","840","0","0","0","0","840","840","0","183754","0","0","0","183754","183754"
"2020-02-18","port1137","Samarinda","Indonesia","IDN","0","6","1","0","1","7","8","0","0","795","0","918","795","1713","0","170964","1360","0","738","172324","173063"
"2022-04-05","port1137","Samarinda","Indonesia","IDN","0","4","0","0","1","4","5","0","0","0","0","0","0","0","0","162954","0","0","2761","162954","165716"
"2020-02-19","port1137","Samarinda","Indonesia","IDN","0","6","1","0","0","7","7","0","0","60","0","0","60","60","0","268663","56","0","0","268719","268719"
"2022-04-06","port1137","Samarinda","Indonesia","IDN","2","4","1","0","1","7","8","2597","0","0","0","918","2597","3515","376","126183","0","0","738","126559","127297"
"2020-02-20","port1137","Samarinda","Indonesia","IDN","2","6","0","0","1","8","9","1506","0","0","0","918","1506","2425","188","178395","0","0","738","178583","179322"
"2022-04-07","port1137","Samarinda","Indonesia","IDN","2","3","2","0","0","7","7","1599","0","795","0","0","2394","2394","0","145400","1360","0","0","146760","146760"
"2020-02-21","port1137","Samarinda","Indonesia","IDN","0","6","2","0","0","8","8","0","0","795","0","0","795","795","0","184595","2684","0","0","187280","187280"
"2022-04-08","port1137","Samarinda","Indonesia","IDN","1","6","1","0","0","8","8","1298","0","795","0","0","2093","2093","188","173641","1360","0","0","175190","175190"
"2020-02-22","port1137","Samarinda","Indonesia","IDN","2","5","1","1","0","9","9","1318","0","0","0","0","1318","1318","0","218870","684","6584","0","226139","226139"
"2022-04-09","port1137","Samarinda","Indonesia","IDN","1","1","1","0","1","3","4","624","0","795","0","787","1419","2206","0","60658","1360","0","0","62019","62019"
"2020-02-23","port1137","Samarinda","Indonesia","IDN","0","5","1","0","1","6","7","0","0","795","0","0","795","795","0","168157","1360","0","171","169518","169690"
"2022-04-10","port1137","Samarinda","Indonesia","IDN","0","8","0","0","0","8","8","0","0","0","0","0","0","0","0","330423","0","0","0","330423","330423"
"2020-02-24","port1137","Samarinda","Indonesia","IDN","1","4","1","0","0","6","6","1298","0","795","0","0","2093","2093","188","160680","1360","0","0","162229","162229"
"2022-04-11","port1137","Samarinda","Indonesia","IDN","3","9","0","0","2","12","14","1449","0","0","0","2143","1449","3592","0","372869","0","0","738","372869","373607"
"2020-02-25","port1137","Samarinda","Indonesia","IDN","0","4","0","0","2","4","6","0","0","0","0","1129","0","1129","0","164897","0","0","738","164897","165635"
"2022-04-12","port1137","Samarinda","Indonesia","IDN","0","3","2","0","0","5","5","0","0","921","0","0","921","921","0","131739","13312","0","0","145052","145052"
"2020-02-26","port1137","Samarinda","Indonesia","IDN","0","4","0","0","1","4","5","0","0","0","0","993","0","993","0","151937","0","0","0","151937","151937"
"2022-04-13","port1137","Samarinda","Indonesia","IDN","1","3","1","0","1","5","6","0","0","0","0","918","0","918","1651","144474","526","0","738","146652","147390"
"2020-02-27","port1137","Samarinda","Indonesia","IDN","1","6","2","0","0","9","9","1026","0","1590","0","0","2617","2617","0","146904","2721","0","0","149625","149625"
"2022-04-14","port1137","Samarinda","Indonesia","IDN","0","7","0","0","0","7","7","0","0","0","0","0","0","0","0","364424","0","0","0","364424","364424"
"2020-02-28","port1137","Samarinda","Indonesia","IDN","1","7","0","0","1","8","9","0","0","0","0","918","0","918","0","354434","0","0","738","354434","355173"
"2022-04-15","port1137","Samarinda","Indonesia","IDN","1","8","2","0","1","11","12","2156","0","0","0","1701","2156","3857","0","405921","0","0","0","405921","405921"
"2020-02-29","port1137","Samarinda","Indonesia","IDN","0","6","1","0","1","7","8","0","0","284","0","918","284","1202","0","228490","0","0","738","228490","229228"
"2022-04-16","port1137","Samarinda","Indonesia","IDN","1","3","1","0","1","5","6","1298","0","795","0","918","2093","3012","188","134053","1360","0","738","135601","136340"
"2020-03-01","port1137","Samarinda","Indonesia","IDN","0","6","1","0","0","7","7","0","0","795","0","0","795","795","0","360075","1360","0","0","361436","361436"
"2022-04-17","port1137","Samarinda","Indonesia","IDN","1","5","1","0","2","7","9","419","0","2516","0","2125","2935","5061","0","166426","0","0","1127","166426","167554"
"2020-03-02","port1137","Samarinda","Indonesia","IDN","0","15","1","0","0","16","16","0","0","0","0","0","0","0","0","505925","777","0","0","506702","506702"
"2020-03-03","port1137","Samarinda","Indonesia","IDN","1","2","0","0","0","3","3","1557","0","0","0","0","1557","1557","82","90156","0","0","0","90239","90239"
"2022-04-18","port1137","Samarinda","Indonesia","IDN","1","4","0","0","0","5","5","827","0","0","0","0","827","827","0","107436","0","0","0","107436","107436"
"2020-03-04","port1137","Samarinda","Indonesia","IDN","0","8","0","0","0","8","8","0","0","0","0","0","0","0","0","301687","0","0","0","301687","301687"
"2022-04-19","port1137","Samarinda","Indonesia","IDN","1","3","1","0","0","5","5","0","0","0","0","0","0","0","617","115889","3281","0","0","119788","119788"
"2020-03-05","port1137","Samarinda","Indonesia","IDN","0","7","0","0","0","7","7","0","0","0","0","0","0","0","0","421102","0","0","0","421102","421102"
"2022-04-20","port1137","Samarinda","Indonesia","IDN","2","2","1","0","0","5","5","4537","0","795","0","0","5332","5332","0","41224","1360","0","0","42585","42585"
"2020-03-06","port1137","Samarinda","Indonesia","IDN","0","2","0","0","1","2","3","0","0","0","0","918","0","918","0","51153","0","0","738","51153","51891"
"2022-04-21","port1137","Samarinda","Indonesia","IDN","2","3","1","0","0","6","6","3529","0","0","0","0","3529","3529","0","51625","0","0","0","51625","51625"
"2020-03-07","port1137","Samarinda","Indonesia","IDN","0","3","0","0","0","3","3","0","0","0","0","0","0","0","0","117700","0","0","0","117700","117700"
"2022-04-22","port1137","Samarinda","Indonesia","IDN","0","5","0","0","0","5","5","0","0","0","0","0","0","0","0","167099","0","0","0","167099","167099"
"2020-03-08","port1137","Samarinda","Indonesia","IDN","1","6","0","0","0","7","7","2494","0","0","0","0","2494","2494","0","237090","0","0","0","237090","237090"
"2022-04-23","port1137","Samarinda","Indonesia","IDN","1","8","2","0","0","11","11","625","0","917","0","0","1542","1542","0","310070","1360","0","0","311431","311431"
"2020-03-09","port1137","Samarinda","Indonesia","IDN","1","14","1","0","1","16","17","1868","0","0","0","1207","1868","3076","0","463227","0","0","389","463227","463617"
"2022-04-24","port1137","Samarinda","Indonesia","IDN","1","3","3","0","1","7","8","1550","0","2919","0","918","4469","5387","0","217613","2721","0","738","220334","221072"
"2022-04-25","port1137","Samarinda","Indonesia","IDN","1","4","1","0","0","6","6","1298","0","795","0","0","2093","2093","188","179307","1360","0","0","180856","180856"
"2022-04-26","port1137","Samarinda","Indonesia","IDN","0","8","1","0","1","9","10","0","0","685","0","2635","685","3320","0","379155","0","0","3412","379155","382568"
"2022-04-27","port1137","Samarinda","Indonesia","IDN","0","4","0","0","1","4","5","0","0","0","0","918","0","918","0","252962","0","0","738","252962","253700"
"2022-04-28","port1137","Samarinda","Indonesia","IDN","2","3","0","0","1","5","6","3974","0","0","0","787","3974","4761","188","97208","0","0","0","97397","97397"
"2022-04-29","port1137","Samarinda","Indonesia","IDN","2","6","1","0","0","9","9","2072","0","608","0","0","2681","2681","0","254194","0","0","0","254194","254194"
"2022-04-30","port1137","Samarinda","Indonesia","IDN","0","1","0","0","0","1","1","0","0","0","0","0","0","0","0","32867","0","0","0","32867","32867"
"2022-05-01","port1137","Samarinda","Indonesia","IDN","1","2","0","0","1","3","4","0","0","0","0","2635","0","2635","1856","102767","0","0","3412","104623","108036"
"2022-05-02","port1137","Samarinda","Indonesia","IDN","0","3","0","0","0","3","3","0","0","0","0","0","0","0","0","188456","0","0","0","188456","188456"
"2022-05-03","port1137","Samarinda","Indonesia","IDN","0","5","0","0","1","5","6","0","0","0","0","918","0","918","0","249543","0","0","738","249543","250281"
"2022-05-04","port1137","Samarinda","Indonesia","IDN","1","2","0","0","1","3","4","1298","0","0","0","231","1298","1530","188","86470","0","0","0","86658","86658"
"2022-05-05","port1137","Samarinda","Indonesia","IDN","1","1","2","0","0","4","4","1298","0","2765","0","0","4064","4064","188","41224","1360","0","0","42773","42773"
"2022-05-06","port1137","Samarinda","Indonesia","IDN","0","7","0","0","1","7","8","0","0","0","0","918","0","918","0","236893","0","0","738","236893","237632"
"2022-05-07","port1137","Samarinda","Indonesia","IDN","1","4","1","0","0","6","6","1238","0","2927","0","0","4166","4166","0","157347","0","0","0","157347","157347"
"2022-05-08","port1137","Samarinda","Indonesia","IDN","1","6","1","0","0","8","8","1298","0","0","0","0","1298","1298","188","229450","0","0","0","229638","229638"
"2022-05-09","port1137","Samarinda","Indonesia","IDN","0","7","0","0","0","7","7","0","0","0","0","0","0","0","0","353090","0","0","0","353090","353090"
"2022-05-10","port1137","Samarinda","Indonesia","IDN","0","7","1","0","0","8","8","0","0","795","0","0","795","795","0","262360","1360","0","0","263721","263721"
"2022-05-11","port1137","Samarinda","Indonesia","IDN","0","4","0","0","0","4","4","0","0","0","0","0","0","0","0","206515","0","0","0","206515","206515"
"2022-05-12","port1137","Samarinda","Indonesia","IDN","0","3","1","0","1","4","5","0","0","795","0","0","795","795","0","72737","1360","0","866","74098","74964"
"2022-05-13","port1137","Samarinda","Indonesia","IDN","1","2","0","0","1","3","4","0","0","0","0","1207","0","1207","409","84959","0","0","389","85368","85758"
"2022-05-14","port1137","Samarinda","Indonesia","IDN","0","1","0","1","0","2","2","0","0","0","143","0","143","143","0","106249","0","70","0","106319","106319"
"2022-05-15","port1137","Samarinda","Indonesia","IDN","1","9","1","0","2","11","13","1648","0","0","0","918","1648","2566","0","327165","0","0","1525","327165","328690"
"2022-05-16","port1137","Samarinda","Indonesia","IDN","1","3","0","0","2","4","6","1298","0","0","0","3089","1298","4388","188","149223","0","0","738","149411","150149"
"2022-05-17","port1137","Samarinda","Indonesia","IDN","1","5","1","0","2","7","9","0","0","795","0","1001","795","1797","204","292224","1360","0","738","293789","294527"
"2022-05-18","port1137","Samarinda","Indonesia","IDN","0","5","0","0","0","5","5","0","0","0","0","0","0","0","0","170154","0","0","0","170154","170154"
"2025-08-31","port1137","Samarinda","Indonesia","IDN","0","1","1","0","0","2","2","0","0","0","0","0","0","0","0","63203","0","0","0","63203","63203"
"2024-07-27","port1137","Samarinda","Indonesia","IDN","2","4","0","0","1","6","7","3514","0","0","0","10736","3514","14250","0","76126","0","0","0","76126","76126"
"2025-09-01","port1137","Samarinda","Indonesia","IDN","1","3","2","0","2","6","8","1298","0","0","0","2829","1298","4127","188","185651","0","0","738","185839","186578"
"2024-07-28","port1137","Samarinda","Indonesia","IDN","0","7","0","0","0","7","7","0","0","0","0","0","0","0","0","325638","0","0","0","325638","325638"
"2025-09-02","port1137","Samarinda","Indonesia","IDN","0","3","0","0","1","3","4","0","0","0","0","918","0","918","0","123301","0","0","738","123301","124040"
"2024-07-29","port1137","Samarinda","Indonesia","IDN","2","5","2","0","1","9","10","4310","0","60","0","918","4371","5289","0","240518","56","0","738","240574","241312"
"2025-09-03","port1137","Samarinda","Indonesia","IDN","3","6","0","0","0","9","9","2633","0","0","0","0","2633","2633","419","197753","0","0","0","198173","198173"
"2024-07-30","port1137","Samarinda","Indonesia","IDN","0","9","1","0","0","10","10","0","0","560","0","0","560","560","0","392588","0","0","0","392588","392588"
"2025-09-04","port1137","Samarinda","Indonesia","IDN","2","1","0","0","1","3","4","2148","0","0","0","0","2148","2148","0","0","0","0","0","0","0"
"2024-07-31","port1137","Samarinda","Indonesia","IDN","0","2","0","0","0","2","2","0","0","0","0","0","0","0","0","53826","0","0","0","53826","53826"
"2025-09-05","port1137","Samarinda","Indonesia","IDN","0","5","0","0","0","5","5","0","0","0","0","0","0","0","0","309447","0","0","0","309447","309447"
"2024-08-01","port1137","Samarinda","Indonesia","IDN","0","6","0","0","2","6","8","0","0","0","0","918","0","918","0","159620","0","0","738","159620","160358"
"2025-09-06","port1137","Samarinda","Indonesia","IDN","2","0","0","0","0","2","2","3300","0","0","0","0","3300","3300","0","0","0","0","0","0","0"
"2025-09-07","port1137","Samarinda","Indonesia","IDN","0","5","0","0","2","5","7","0","0","0","0","1836","0","1836","0","123466","0","0","1476","123466","124942"
"2024-08-02","port1137","Samarinda","Indonesia","IDN","2","2","2","0","2","6","8","2274","0","0","0","918","2274","3193","0","82448","13756","0","738","96205","96943"
"2025-09-08","port1137","Samarinda","Indonesia","IDN","2","2","1","0","0","5","5","1507","0","1637","0","0","3145","3145","188","74615","0","0","0","74803","74803"
"2024-08-03","port1137","Samarinda","Indonesia","IDN","3","5","1","0","1","9","10","2597","0","1703","0","0","4300","4300","376","134660","0","0","0","135036","135036"
"2025-09-09","port1137","Samarinda","Indonesia","IDN","0","3","0","0","1","3","4","0","0","0","0","0","0","0","0","121398","0","0","0","121398","121398"
"2024-08-04","port1137","Samarinda","Indonesia","IDN","1","3","1","0","1","5","6","1670","0","0","0","4358","1670","6028","0","0","0","0","0","0","0"
"2025-09-10","port1137","Samarinda","Indonesia","IDN","2","3","0","0","1","5","6","3518","0","0","0","918","3518","4436","0","41224","0","0","738","41224","41962"
"2024-08-05","port1137","Samarinda","Indonesia","IDN","1","6","1","0","1","8","9","3075","0","0","0","0","3075","3075","0","186536","0","0","0","186536","186536"
"2025-09-11","port1137","Samarinda","Indonesia","IDN","1","4","1","0","0","6","6","1557","0","795","0","0","2352","2352","82","56797","1360","0","0","58240","58240"
"2024-08-06","port1137","Samarinda","Indonesia","IDN","0","4","1","0","1","5","6","0","0","914","0","918","914","1832","0","177669","0","0","738","177669","178407"
"2025-09-12","port1137","Samarinda","Indonesia","IDN","4","2","1","0","1","7","8","2135","0","0","0","13298","2135","15433","188","72730","0","0","0","72918","72918"
"2024-08-07","port1137","Samarinda","Indonesia","IDN","1","3","1","0","0","5","5","2321","0","0","0","0","2321","2321","0","136815","6145","0","0","142960","142960"
"2025-09-13","port1137","Samarinda","Indonesia","IDN","2","3","1","0","2","6","8","2772","0","1542","0","22030","4314","26345","0","194574","0","0","1214","194574","195788"
"2024-08-08","port1137","Samarinda","Indonesia","IDN","1","8","1","0","1","10","11","611","0","251","0","0","862","862","0","119368","344","0","0","119712","119712"
"2025-09-14","port1137","Samarinda","Indonesia","IDN","0","6","1","0","2","7","9","0","0","0","0","1644","0","1644","0","106676","0","0","0","106676","106676"
"2024-08-09","port1137","Samarinda","Indonesia","IDN","1","7","1","0","1","9","10","1993","0","156","0","0","2149","2149","0","211510","0","0","0","211510","211510"
"2025-09-15","port1137","Samarinda","Indonesia","IDN","2","2","1","0","1","5","6","3358","0","60","0","0","3419","3419","188","0","56","0","0","244","244"
"2024-08-10","port1137","Samarinda","Indonesia","IDN","1","3","0","0","2","4","6","0","0","0","0","2635","0","2635","0","113939","0","0","7223","113939","121162"
"2024-08-11","port1137","Samarinda","Indonesia","IDN","0","4","2","0","0","6","6","0","0","795","0","0","795","795","0","135479","1360","0","0","136840","136840"
"2024-08-12","port1137","Samarinda","Indonesia","IDN","0","6","1","0","0","7","7","0","0","0","0","0","0","0","0","200562","6971","0","0","207534","207534"
"2025-09-16","port1137","Samarinda","Indonesia","IDN","0","6","1","0","0","7","7","0","0","1978","0","0","1978","1978","0","396993","0","0","0","396993","396993"
"2024-08-13","port1137","Samarinda","Indonesia","IDN","1","1","1","0","0","3","3","1035","0","60","0","0","1096","1096","0","41224","56","0","0","41280","41280"
"2025-09-17","port1137","Samarinda","Indonesia","IDN","3","1","1","0","0","5","5","3380","0","0","0","0","3380","3380","188","0","7572","0","0","7760","7760"
"2024-08-14","port1137","Samarinda","Indonesia","IDN","0","6","1","0","1","7","8","0","0","1053","0","0","1053","1053","0","291778","0","0","0","291778","291778"
"2025-09-18","port1137","Samarinda","Indonesia","IDN","0","2","1","0","1","3","4","0","0","0","0","2705","0","2705","0","33909","0","0","93","33909","34002"
"2024-08-15","port1137","Samarinda","Indonesia","IDN","2","6","0","0","1","8","9","630","0","0","0","0","630","630","0","334098","0","0","0","334098","334098"
"2025-09-19","port1137","Samarinda","Indonesia","IDN","2","3","0","0","1","5","6","1020","0","0","0","918","1020","1939","0","89554","0","0","738","89554","90292"
"2024-08-16","port1137","Samarinda","Indonesia","IDN","0","5","0","0","0","5","5","0","0","0","0","0","0","0","0","211664","0","0","0","211664","211664"
"2025-09-20","port1137","Samarinda","Indonesia","IDN","1","1","1","0","0","3","3","0","0","510","0","0","510","510","0","72165","0","0","0","72165","72165"
"2024-08-17","port1137","Samarinda","Indonesia","IDN","1","10","1","0","1","12","13","1281","0","1871","0","918","3153","4071","0","363092","0","0","738","363092","363830"
"2025-09-21","port1137","Samarinda","Indonesia","IDN","3","2","1","0","1","6","7","6027","0","0","0","0","6027","6027","0","106961","0","0","0","106961","106961"
"2024-08-18","port1137","Samarinda","Indonesia","IDN","0","1","0","0","1","1","2","0","0","0","0","0","0","0","0","41224","0","0","0","41224","41224"
"2025-09-22","port1137","Samarinda","Indonesia","IDN","1","5","0","0","1","6","7","1298","0","0","0","3135","1298","4433","188","149019","0","0","0","149207","149207"
"2024-08-19","port1137","Samarinda","Indonesia","IDN","3","5","1","0","3","9","12","11095","0","0","0","0","11095","11095","0","51286","9620","0","36519","60906","97426"
"2025-09-23","port1137","Samarinda","Indonesia","IDN","0","2","1","0","0","3","3","0","0","1974","0","0","1974","1974","0","99192","0","0","0","99192","99192"
"2024-08-20","port1137","Samarinda","Indonesia","IDN","0","5","1","0","1","6","7","0","0","60","0","3810","60","3871","0","143059","56","0","0","143115","143115"
"2025-09-24","port1137","Samarinda","Indonesia","IDN","3","3","0","0","1","6","7","1238","0","0","0","0","1238","1238","1872","111527","0","0","4685","113399","118085"
"2024-08-21","port1137","Samarinda","Indonesia","IDN","1","4","1","0","3","6","9","609","0","1053","0","918","1662","2581","0","230906","0","0","1383","230906","232290"
"2025-09-25","port1137","Samarinda","Indonesia","IDN","1","2","0","0","0","3","3","0","0","0","0","0","0","0","0","72207","0","0","0","72207","72207"
"2024-08-22","port1137","Samarinda","Indonesia","IDN","2","6","0","0","1","8","9","4089","0","0","0","8","4089","4097","0","261919","0","0","0","261919","261919"
"2025-09-26","port1137","Samarinda","Indonesia","IDN","3","3","0","0","1","6","7","931","0","0","0","2705","931","3637","204","197722","0","0","93","197926","198019"
"2024-08-23","port1137","Samarinda","Indonesia","IDN","1","5","0","0","1","6","7","0","0","0","0","0","0","0","0","85584","0","0","0","85584","85584"
"2025-09-27","port1137","Samarinda","Indonesia","IDN","0","3","0","0","1","3","4","0","0","0","0","918","0","918","0","63459","0","0","738","63459","64197"
"2024-08-24","port1137","Samarinda","Indonesia","IDN","2","2","1","0","0","5","5","1715","0","776","0","0","2492","2492","188","50184","297","0","0","50670","50670"
"2025-09-28","port1137","Samarinda","Indonesia","IDN","1","3","1","0","0","5","5","2196","0","776","0","0","2973","2973","0","126542","297","0","0","126840","126840"
"2024-08-25","port1137","Samarinda","Indonesia","IDN","1","4","1","0","0","6","6","1246","0","0","0","0","1246","1246","0","68778","0","0","0","68778","68778"
"2025-09-29","port1137","Samarinda","Indonesia","IDN","3","1","1","0","2","5","7","2925","0","795","0","334","3721","4055","188","42780","1360","0","0","44329","44329"
"2025-09-30","port1137","Samarinda","Indonesia","IDN","1","2","2","0","1","5","6","1881","0","1180","0","0","3061","3061","0","135591","7311","0","0","142902","142902"
"2025-10-01","port1137","Samarinda","Indonesia","IDN","0","3","2","0","1","5","6","0","0","1824","0","2705","1824","4530","0","194742","1360","0","93","196103","196196"
"2025-10-02","port1137","Samarinda","Indonesia","IDN","2","2","2","0","1","6","7","0","0","855","0","0","855","855","413","41224","1417","0","0","43055","43055"
"2025-10-03","port1137","Samarinda","Indonesia","IDN","2","2","1","0","1","5","6","1652","0","511","0","22030","2163","24194","0","56039","0","0","260","56039","56300"
"2025-10-04","port1137","Samarinda","Indonesia","IDN","0","3","0","0","3","3","6","0","0","0","0","4209","0","4209","0","120014","0","0","738","120014","120752"
"2025-10-05","port1137","Samarinda","Indonesia","IDN","2","5","0","0","1","7","8","3188","0","0","0","1620","3188","4808","0","162265","0","0","23","162265","162289"
"2025-10-06","port1137","Samarinda","Indonesia","IDN","2","2","0","0","1","4","5","2751","0","0","0","918","2751","3670","188","66","0","0","738","254","992"
"2025-10-07","port1137","Samarinda","Indonesia","IDN","0","2","2","0","1","4","5","0","0","1974","0","918","1974","2893","0","43734","0","0","738","43734","44472"
"2025-10-08","port1137","Samarinda","Indonesia","IDN","0","2","1","0","0","3","3","0","0","795","0","0","795","795","0","141185","1360","0","0","142546","142546"
"2025-10-09","port1137","Samarinda","Indonesia","IDN","2","4","0","0","2","6","8","0","0","0","0","24653","0","24653","0","177500","0","0","260","177500","177760"
"2025-10-10","port1137","Samarinda","Indonesia","IDN","2","2","1","0","1","5","6","4760","0","171","0","0","4932","4932","0","102185","0","0","0","102185","102185"
"2025-10-11","port1137","Samarinda","Indonesia","IDN","3","6","0","0","1","9","10","6474","0","0","0","0","6474","6474","0","138757","0","0","3866","138757","142624"
"2025-10-12","port1137","Samarinda","Indonesia","IDN","2","1","1","0","2","4","6","1553","0","1393","0","6551","2947","9498","0","8229","0","0","738","8229","8967"
"2024-08-26","port1137","Samarinda","Indonesia","IDN","1","6","0","0","1","7","8","630","0","0","0","918","630","1548","0","257174","0","0","738","257174","257912"
"2025-10-13","port1137","Samarinda","Indonesia","IDN","1","4","0","0","2","5","7","1298","0","0","0","918","1298","2217","188","141162","0","0","738","141350","142088"
"2024-08-27","port1137","Samarinda","Indonesia","IDN","1","5","1","0","3","7","10","6827","0","60","0","918","6888","7806","0","141028","56","0","738","141084","141822"
"2025-10-14","port1137","Samarinda","Indonesia","IDN","0","3","0","0","1","3","4","0","0","0","0","1620","0","1620","0","190932","0","0","23","190932","190956"
"2024-08-28","port1137","Samarinda","Indonesia","IDN","1","5","0","0","0","6","6","4136","0","0","0","0","4136","4136","0","169827","0","0","0","169827","169827"
"2025-10-15","port1137","Samarinda","Indonesia","IDN","4","2","0","0","1","6","7","4364","0","0","0","0","4364","4364","622","95705","0","0","0","96328","96328"
"2024-08-29","port1137","Samarinda","Indonesia","IDN","0","4","2","0","1","6","7","0","0","1802","0","0","1802","1802","0","241382","1360","0","0","242743","242743"
"2025-10-16","port1137","Samarinda","Indonesia","IDN","2","5","1","0","0","8","8","0","0","795","0","0","795","795","0","145254","1360","0","0","146614","146614"
"2024-08-30","port1137","Samarinda","Indonesia","IDN","1","3","1","0","3","5","8","0","0","0","0","5528","0","5528","0","41224","0","0","1476","41224","42700"
"2025-10-17","port1137","Samarinda","Indonesia","IDN","0","1","0","0","1","1","2","0","0","0","0","1620","0","1620","0","1085","0","0","23","1085","1108"
"2024-08-31","port1137","Samarinda","Indonesia","IDN","3","4","1","0","1","8","9","4081","0","0","0","7635","4081","11716","0","123132","0","0","0","123132","123132"
"2025-10-18","port1137","Samarinda","Indonesia","IDN","1","7","0","0","0","8","8","2680","0","0","0","0","2680","2680","0","258382","0","0","0","258382","258382"
"2025-10-19","port1137","Samarinda","Indonesia","IDN","1","4","0","0","1","5","6","1388","0","0","0","0","1388","1388","0","158543","0","0","0","158543","158543"
"2024-09-01","port1137","Samarinda","Indonesia","IDN","1","4","0","0","0","5","5","806","0","0","0","0","806","806","0","144602","0","0","0","144602","144602"
"2025-10-20","port1137","Samarinda","Indonesia","IDN","2","6","0","0","0","8","8","0","0","0","0","0","0","0","0","238513","0","0","0","238513","238513"
"2024-09-02","port1137","Samarinda","Indonesia","IDN","0","10","0","0","0","10","10","0","0","0","0","0","0","0","0","448050","0","0","0","448050","448050"
"2025-10-21","port1137","Samarinda","Indonesia","IDN","2","3","1","0","1","6","7","2549","0","795","0","0","3344","3344","188","194032","1360","0","0","195581","195581"
"2024-09-03","port1137","Samarinda","Indonesia","IDN","0","7","0","0","2","7","9","0","0","0","0","4108","0","4108","0","225920","0","0","738","225920","226658"
"2025-10-22","port1137","Samarinda","Indonesia","IDN","0","2","1","0","1","3","4","0","0","0","0","918","0","918","0","42799","0","0","738","42799","43538"
"2024-09-04","port1137","Samarinda","Indonesia","IDN","2","2","0","0","1","4","5","1578","0","0","0","0","1578","1578","350","54272","0","0","0","54623","54623"
"2025-10-23","port1137","Samarinda","Indonesia","IDN","2","3","0","0","0","5","5","1557","0","0","0","0","1557","1557","82","160647","0","0","0","160730","160730"
"2024-09-05","port1137","Samarinda","Indonesia","IDN","1","4","0","0","0","5","5","2069","0","0","0","0","2069","2069","0","187055","0","0","0","187055","187055"
"2025-10-24","port1137","Samarinda","Indonesia","IDN","1","3","0","0","1","4","5","1663","0","0","0","1620","1663","3283","0","43871","0","0","23","43871","43894"
"2024-09-06","port1137","Samarinda","Indonesia","IDN","2","3","2","0","0","7","7","2338","0","1053","0","0","3391","3391","188","41738","0","0","0","41926","41926"
"2025-10-25","port1137","Samarinda","Indonesia","IDN","2","5","0","0","0","7","7","1239","0","0","0","0","1239","1239","740","50721","0","0","0","51462","51462"
"2024-09-07","port1137","Samarinda","Indonesia","IDN","0","2","0","0","1","2","3","0","0","0","0","0","0","0","0","41224","0","0","1306","41224","42530"
"2025-10-26","port1137","Samarinda","Indonesia","IDN","1","5","2","0","0","8","8","204","0","203","0","0","408","408","0","167465","0","0","0","167465","167465"
"2024-09-08","port1137","Samarinda","Indonesia","IDN","2","4","0","0","1","6","7","5156","0","0","0","0","5156","5156","0","142767","0","0","3810","142767","146577"
"2025-10-27","port1137","Samarinda","Indonesia","IDN","1","2","0","0","3","3","6","0","0","0","0","2029","0","2029","0","74088","0","0","0","74088","74088"
"2024-09-09","port1137","Samarinda","Indonesia","IDN","1","6","1","0","1","8","9","2547","0","0","0","918","2547","3466","0","262199","8951","0","738","271150","271889"
"2025-10-28","port1137","Samarinda","Indonesia","IDN","2","3","0","0","0","5","5","3367","0","0","0","0","3367","3367","188","41224","0","0","0","41412","41412"
"2024-09-10","port1137","Samarinda","Indonesia","IDN","0","6","3","0","0","9","9","0","0","1717","0","0","1717","1717","0","310708","1360","0","0","312069","312069"
"2025-10-29","port1137","Samarinda","Indonesia","IDN","2","3","1","0","1","6","7","2699","0","787","0","0","3487","3487","0","170237","0","0","0","170237","170237"
"2024-09-11","port1137","Samarinda","Indonesia","IDN","2","3","1","0","1","6","7","2294","0","60","0","2207","2354","4562","0","40873","56","0","0","40930","40930"
"2024-09-12","port1137","Samarinda","Indonesia","IDN","0","4","2","0","1","6","7","0","0","60","0","0","60","60","0","211987","56","0","0","212044","212044"
"2025-10-30","port1137","Samarinda","Indonesia","IDN","1","4","0","0","0","5","5","0","0","0","0","0","0","0","0","215672","0","0","0","215672","215672"
"2024-09-13","port1137","Samarinda","Indonesia","IDN","3","4","0","0","1","7","8","3620","0","0","0","2635","3620","6255","188","44692","0","0","3412","44880","48293"
"2025-10-31","port1137","Samarinda","Indonesia","IDN","1","1","0","0","1","2","3","1298","0","0","0","918","1298","2217","188","36397","0","0","738","36585","37324"
"2024-09-14","port1137","Samarinda","Indonesia","IDN","2","6","0","0","0","8","8","1908","0","0","0","0","1908","1908","188","253680","0","0","0","253868","253868"
"2025-11-01","port1137","Samarinda","Indonesia","IDN","2","4","1","0","0","7","7","3085","0","776","0","0","3861","3861","0","226702","297","0","0","227000","227000"
"2024-09-15","port1137","Samarinda","Indonesia","IDN","1","3","2","0","1","6","7","1298","0","2421","0","0","3720","3720","188","44473","0","0","3810","44661","48471"
"2025-11-02","port1137","Samarinda","Indonesia","IDN","1","3","2","0","0","6","6","0","0","0","0","0","0","0","0","198139","2242","0","0","200382","200382"
"2024-09-16","port1137","Samarinda","Indonesia","IDN","1","6","1","0","1","8","9","1298","0","776","0","2899","2075","4974","188","241039","297","0","0","241525","241525"
"2025-11-03","port1137","Samarinda","Indonesia","IDN","0","4","0","0","0","4","4","0","0","0","0","0","0","0","0","209137","0","0","0","209137","209137"
"2024-09-17","port1137","Samarinda","Indonesia","IDN","0","5","0","0","2","5","7","0","0","0","0","1836","0","1836","0","183312","0","0","1476","183312","184788"
"2025-11-04","port1137","Samarinda","Indonesia","IDN","0","4","1","0","0","5","5","0","0","795","0","0","795","795","0","194217","1360","0","0","195578","195578"
"2024-09-18","port1137","Samarinda","Indonesia","IDN","1","2","1","0","0","4","4","630","0","0","0","0","630","630","0","21454","1350","0","0","22805","22805"
"2025-11-05","port1137","Samarinda","Indonesia","IDN","3","5","0","0","0","8","8","5734","0","0","0","0","5734","5734","188","191501","0","0","0","191689","191689"
"2024-09-19","port1137","Samarinda","Indonesia","IDN","0","4","0","0","1","4","5","0","0","0","0","0","0","0","0","90047","0","0","0","90047","90047"
"2025-11-06","port1137","Samarinda","Indonesia","IDN","2","2","2","0","0","6","6","1507","0","1590","0","0","3098","3098","188","140768","2721","0","0","143678","143678"
"2024-09-20","port1137","Samarinda","Indonesia","IDN","2","5","2","0","1","9","10","3737","0","0","0","0","3737","3737","0","209080","7816","0","0","216897","216897"
"2025-11-07","port1137","Samarinda","Indonesia","IDN","2","5","0","0","3","7","10","0","0","0","0","2538","0","2538","622","155000","0","0","761","155623","156384"
"2024-09-21","port1137","Samarinda","Indonesia","IDN","0","1","2","0","1","3","4","0","0","1580","0","918","1580","2499","0","70968","0","0","738","70968","71706"
"2025-11-08","port1137","Samarinda","Indonesia","IDN","0","5","2","0","0","7","7","0","0","2252","0","0","2252","2252","0","123894","85","0","0","123980","123980"
"2024-09-22","port1137","Samarinda","Indonesia","IDN","0","5","0","0","1","5","6","0","0","0","0","0","0","0","0","225024","0","0","3810","225024","228835"
"2025-11-09","port1137","Samarinda","Indonesia","IDN","1","3","1","0","2","5","7","1655","0","2926","0","3624","4582","8206","0","128663","0","0","831","128663","129495"
"2024-09-23","port1137","Samarinda","Indonesia","IDN","1","6","4","0","0","11","11","1298","0","1590","0","0","2889","2889","188","272303","10500","0","0","282992","282992"
"2025-11-10","port1137","Samarinda","Indonesia","IDN","2","3","0","0","0","5","5","1128","0","0","0","0","1128","1128","0","130994","0","0","0","130994","130994"
"2024-09-24","port1137","Samarinda","Indonesia","IDN","1","2","0","0","0","3","3","2529","0","0","0","0","2529","2529","0","41224","0","0","0","41224","41224"
"2025-11-11","port1137","Samarinda","Indonesia","IDN","2","2","1","0","0","5","5","2069","0","0","0","0","2069","2069","0","67409","0","0","0","67409","67409"
"2024-09-25","port1137","Samarinda","Indonesia","IDN","0","6","1","0","1","7","8","0","0","251","0","1306","251","1557","0","262621","344","0","0","262965","262965"
"2025-11-12","port1137","Samarinda","Indonesia","IDN","0","5","0","0","1","5","6","0","0","0","0","918","0","918","0","160637","0","0","738","160637","161375"
"2024-09-26","port1137","Samarinda","Indonesia","IDN","3","8","1","0","1","12","13","2325","0","795","0","0","3120","3120","392","398273","1360","0","0","400026","400026"
"2025-11-13","port1137","Samarinda","Indonesia","IDN","2","1","0","0","0","3","3","2268","0","0","0","0","2268","2268","0","51186","0","0","0","51186","51186"
"2024-09-27","port1137","Samarinda","Indonesia","IDN","2","7","1","0","1","10","11","1557","0","795","0","0","2352","2352","82","278203","1360","0","0","279646","279646"
"2025-11-14","port1137","Samarinda","Indonesia","IDN","1","3","2","0","0","6","6","0","0","1627","0","0","1627","1627","0","76145","0","0","0","76145","76145"
"2024-09-28","port1137","Samarinda","Indonesia","IDN","2","4","0","0","1","6","7","1031","0","0","0","918","1031","1949","0","195296","0","0","738","195296","196034"
"2025-11-15","port1137","Samarinda","Indonesia","IDN","1","5","0","0","1","6","7","2896","0","0","0","1207","2896","4103","0","141743","0","0","389","141743","142132"
"2024-09-29","port1137","Samarinda","Indonesia","IDN","1","3","1","0","0","5","5","1846","0","60","0","0","1907","1907","0","109387","56","0","0","109443","109443"
"2025-11-16","port1137","Samarinda","Indonesia","IDN","0","3","1","0","2","4","6","0","0","2308","0","918","2308","3227","0","112564","0","0","738","112564","113302"
"2024-09-30","port1137","Samarinda","Indonesia","IDN","1","3","1","0","0","5","5","1298","0","795","0","0","2093","2093","188","105086","1360","0","0","106635","106635"
"2025-11-17","port1137","Samarinda","Indonesia","IDN","1","5","0","0","1","6","7","345","0","0","0","918","345","1264","0","227284","0","0","738","227284","228022"
"2024-10-01","port1137","Samarinda","Indonesia","IDN","0","1","1","0","0","2","2","0","0","795","0","0","795","795","0","41703","1360","0","0","43064","43064"
"2025-11-18","port1137","Samarinda","Indonesia","IDN","1","4","0","0","0","5","5","1644","0","0","0","0","1644","1644","0","179435","0","0","0","179435","179435"
"2024-10-02","port1137","Samarinda","Indonesia","IDN","0","3","0","0","1","3","4","0","0","0","0","918","0","918","0","158113","0","0","738","158113","158852"
"2024-10-03","port1137","Samarinda","Indonesia","IDN","2","4","2","0","0","8","8","1460","0","251","0","0","1711","1711","0","139236","344","0","0","139580","139580"
"2025-11-19","port1137","Samarinda","Indonesia","IDN","2","2","1","0","2","5","7","2481","0","0","0","2705","2481","5187","0","70643","0","0","93","70643","70736"
"2024-10-04","port1137","Samarinda","Indonesia","IDN","0","2","0","0","3","2","5","0","0","0","0","1836","0","1836","0","41224","0","0","1476","41224","42700"
"2025-11-20","port1137","Samarinda","Indonesia","IDN","1","5","0","0","0","6","6","0","0","0","0","0","0","0","0","288206","0","0","0","288206","288206"
"2024-10-05","port1137","Samarinda","Indonesia","IDN","0","6","0","0","0","6","6","0","0","0","0","0","0","0","0","299035","0","0","0","299035","299035"
"2025-11-21","port1137","Samarinda","Indonesia","IDN","0","4","0","0","0","4","4","0","0","0","0","0","0","0","0","211359","0","0","0","211359","211359"
"2024-10-06","port1137","Samarinda","Indonesia","IDN","1","4","1","0","1","6","7","0","0","795","0","1207","795","2002","413","59178","1360","0","389","60953","61343"
"2025-11-22","port1137","Samarinda","Indonesia","IDN","1","3","1","0","1","5","6","0","0","682","0","918","682","1601","0","153175","0","0","738","153175","153913"
"2024-10-07","port1137","Samarinda","Indonesia","IDN","0","3","3","0","2","6","8","0","0","1770","0","1836","1770","3606","0","127748","1417","0","1476","129166","130642"
"2025-11-23","port1137","Samarinda","Indonesia","IDN","1","6","1","0","2","8","10","694","0","1272","0","7535","1967","9502","0","343187","0","0","0","343187","343187"
"2024-10-08","port1137","Samarinda","Indonesia","IDN","1","4","0","0","0","5","5","2006","0","0","0","0","2006","2006","0","59353","0","0","0","59353","59353"
"2025-11-24","port1137","Samarinda","Indonesia","IDN","0","5","0","0","0","5","5","0","0","0","0","0","0","0","0","275466","0","0","0","275466","275466"
"2024-10-09","port1137","Samarinda","Indonesia","IDN","1","6","1","0","1","8","9","3511","0","0","0","251","3511","3763","0","219703","0","0","0","219703","219703"
"2025-11-25","port1137","Samarinda","Indonesia","IDN","4","1","1","0","0","6","6","5083","0","0","0","0","5083","5083","0","49292","0","0","0","49292","49292"
"2024-10-10","port1137","Samarinda","Indonesia","IDN","1","5","1","0","1","7","8","0","0","349","0","918","349","1268","0","174340","0","0","738","174340","175078"
"2025-11-26","port1137","Samarinda","Indonesia","IDN","2","3","0","0","1","5","6","2230","0","0","0","1207","2230","3438","188","169999","0","0","389","170187","170577"
"2024-10-11","port1137","Samarinda","Indonesia","IDN","2","6","0","0","2","8","10","2454","0","0","0","2635","2454","5089","0","272765","0","0","3412","272765","276178"
"2025-11-27","port1137","Samarinda","Indonesia","IDN","1","5","1","0","0","7","7","1771","0","0","0","0","1771","1771","0","264365","0","0","0","264365","264365"
"2024-10-12","port1137","Samarinda","Indonesia","IDN","2","6","0","0","0","8","8","2597","0","0","0","0","2597","2597","376","239668","0","0","0","240044","240044"
"2025-11-28","port1137","Samarinda","Indonesia","IDN","1","7","1","0","1","9","10","0","0","0","0","918","0","918","0","350980","23909","0","738","374889","375627"
"2024-10-13","port1137","Samarinda","Indonesia","IDN","1","7","4","0","1","12","13","1412","0","2947","0","918","4360","5279","0","348288","2013","0","738","350302","351040"
"2025-11-29","port1137","Samarinda","Indonesia","IDN","1","5","0","0","0","6","6","0","0","0","0","0","0","0","0","133716","0","0","0","133716","133716"
"2024-10-14","port1137","Samarinda","Indonesia","IDN","1","4","0","0","0","5","5","1253","0","0","0","0","1253","1253","0","242745","0","0","0","242745","242745"
"2025-11-30","port1137","Samarinda","Indonesia","IDN","2","5","1","0","0","8","8","518","0","0","0","0","518","518","0","244509","0","0","0","244509","244509"
"2024-10-15","port1137","Samarinda","Indonesia","IDN","1","3","2","0","0","6","6","1553","0","690","0","0","2243","2243","0","188278","0","0","0","188278","188278"
"2025-12-01","port1137","Samarinda","Indonesia","IDN","0","2","0","0","2","2","4","0","0","0","0","918","0","918","0","111941","0","0","738","111941","112679"
"2024-10-16","port1137","Samarinda","Indonesia","IDN","0","2","0","0","2","2","4","0","0","0","0","7002","0","7002","0","42511","0","0","0","42511","42511"
"2025-12-02","port1137","Samarinda","Indonesia","IDN","2","2","1","0","2","5","7","3334","0","0","0","0","3334","3334","0","87090","153","0","0","87244","87244"
"2024-10-17","port1137","Samarinda","Indonesia","IDN","1","7","0","0","0","8","8","0","0","0","0","0","0","0","0","356505","0","0","0","356505","356505"
"2025-12-03","port1137","Samarinda","Indonesia","IDN","2","3","0","0","0","5","5","3336","0","0","0","0","3336","3336","0","54217","0","0","0","54217","54217"
"2024-10-18","port1137","Samarinda","Indonesia","IDN","2","6","0","0","2","8","10","2745","0","0","0","18574","2745","21320","188","232467","0","0","0","232655","232655"
"2025-12-04","port1137","Samarinda","Indonesia","IDN","1","6","0","0","1","7","8","1443","0","0","0","918","1443","2362","0","214698","0","0","738","214698","215436"
"2024-10-19","port1137","Samarinda","Indonesia","IDN","1","2","1","0","0","4","4","0","0","1703","0","0","1703","1703","0","107023","0","0","0","107023","107023"
"2025-12-05","port1137","Samarinda","Indonesia","IDN","0","3","3","0","0","6","6","0","0","2508","0","0","2508","2508","0","131260","297","0","0","131558","131558"
"2024-10-20","port1137","Samarinda","Indonesia","IDN","0","5","1","0","4","6","10","0","0","448","0","5059","448","5508","0","207516","0","0","1476","207516","208993"
"2025-12-06","port1137","Samarinda","Indonesia","IDN","0","1","0","0","0","1","1","0","0","0","0","0","0","0","0","41224","0","0","0","41224","41224"
"2024-10-21","port1137","Samarinda","Indonesia","IDN","2","3","1","0","0","6","6","2597","0","0","0","0","2597","2597","376","53645","12489","0","0","66510","66510"
"2025-12-07","port1137","Samarinda","Indonesia","IDN","2","5","1","0","1","8","9","335","0","314","0","0","649","649","0","155048","0","0","0","155048","155048"
"2024-10-22","port1137","Samarinda","Indonesia","IDN","1","4","2","0","2","7","9","1566","0","0","0","918","1566","2484","0","143297","455","0","738","143753","144491"
"2025-12-08","port1137","Samarinda","Indonesia","IDN","2","4","0","0","2","6","8","1460","0","0","0","918","1460","2378","0","173167","0","0","738","173167","173906"
"2024-10-23","port1137","Samarinda","Indonesia","IDN","2","5","2","0","0","9","9","1244","0","1590","0","0","2834","2834","0","295109","2721","0","0","297830","297830"
"2024-10-24","port1137","Samarinda","Indonesia","IDN","2","2","1","0","0","5","5","1244","0","0","0","0","1244","1244","0","83619","7742","0","0","91362","91362"
"2024-10-25","port1137","Samarinda","Indonesia","IDN","1","6","1","0","1","8","9","1298","0","795","0","918","2093","3012","188","190924","1360","0","738","192473","193211"
"2025-12-09","port1137","Samarinda","Indonesia","IDN","2","3","1","0","0","6","6","2069","0","0","0","0","2069","2069","0","124910","783","0","0","125694","125694"
"2024-10-26","port1137","Samarinda","Indonesia","IDN","2","9","1","0","0","12","12","3085","0","0","0","0","3085","3085","0","467532","0","0","0","467532","467532"
"2025-12-10","port1137","Samarinda","Indonesia","IDN","1","1","2","0","0","4","4","1775","0","795","0","0","2570","2570","0","60922","1360","0","0","62283","62283"
"2024-10-27","port1137","Samarinda","Indonesia","IDN","0","5","0","0","0","5","5","0","0","0","0","0","0","0","0","201207","0","0","0","201207","201207"
"2025-12-11","port1137","Samarinda","Indonesia","IDN","1","4","0","0","1","5","6","1443","0","0","0","427","1443","1870","0","261759","0","0","0","261759","261759"
"2024-10-28","port1137","Samarinda","Indonesia","IDN","0","5","1","0","0","6","6","0","0","795","0","0","795","795","0","170567","1360","0","0","171928","171928"
"2025-12-12","port1137","Samarinda","Indonesia","IDN","5","7","0","0","0","12","12","1815","0","0","0","0","1815","1815","209","374617","0","0","0","374827","374827"
"2024-10-29","port1137","Samarinda","Indonesia","IDN","0","3","1","0","2","4","6","0","0","60","0","918","60","979","0","48359","56","0","738","48415","49153"
"2025-12-13","port1137","Samarinda","Indonesia","IDN","1","5","0","1","1","7","8","1670","0","0","143","1207","1814","3021","0","134373","0","70","389","134444","134833"
"2024-10-30","port1137","Samarinda","Indonesia","IDN","2","5","0","0","2","7","9","2745","0","0","0","1836","2745","4582","188","188836","0","0","1476","189024","190501"
"2025-12-14","port1137","Samarinda","Indonesia","IDN","0","1","0","0","1","1","2","0","0","0","0","0","0","0","0","78711","0","0","0","78711","78711"
"2024-10-31","port1137","Samarinda","Indonesia","IDN","1","5","0","0","1","6","7","0","0","0","0","2877","0","2877","0","246893","0","0","242","246893","247136"
"2025-12-15","port1137","Samarinda","Indonesia","IDN","1","1","0","0","0","2","2","2259","0","0","0","0","2259","2259","0","72537","0","0","0","72537","72537"
"2024-11-01","port1137","Samarinda","Indonesia","IDN","2","1","2","0","1","5","6","3438","0","795","0","0","4233","4233","0","41224","1360","0","0","42585","42585"
"2025-12-16","port1137","Samarinda","Indonesia","IDN","1","4","1","0","2","6","8","0","0","1521","0","918","1521","2439","0","162901","0","0","738","162901","163640"
"2024-11-02","port1137","Samarinda","Indonesia","IDN","0","5","1","0","0","6","6","0","0","1703","0","0","1703","1703","0","196690","0","0","0","196690","196690"
"2025-12-17","port1137","Samarinda","Indonesia","IDN","0","5","1","0","0","6","6","0","0","0","0","0","0","0","0","311024","0","0","0","311024","311024"
"2024-11-03","port1137","Samarinda","Indonesia","IDN","2","5","1","0","1","8","9","1248","0","60","0","918","1309","2228","0","148621","56","0","738","148677","149415"
"2025-12-18","port1137","Samarinda","Indonesia","IDN","0","3","1","1","0","5","5","0","0","1187","143","0","1330","1330","0","109040","0","70","0","109110","109110"
"2024-11-04","port1137","Samarinda","Indonesia","IDN","1","4","1","0","0","6","6","1226","0","0","0","0","1226","1226","0","79480","0","0","0","79480","79480"
"2025-12-19","port1137","Samarinda","Indonesia","IDN","2","5","2","0","0","9","9","2069","0","1233","0","0","3302","3302","1373","146131","1360","0","0","148866","148866"
"2024-11-05","port1137","Samarinda","Indonesia","IDN","1","1","0","0","2","2","4","0","0","0","0","1743","0","1743","0","80950","0","0","389","80950","81340"
"2025-12-20","port1137","Samarinda","Indonesia","IDN","2","4","1","0","0","7","7","1864","0","667","0","0","2531","2531","0","123054","0","0","0","123054","123054"
"2024-11-06","port1137","Samarinda","Indonesia","IDN","1","6","0","0","0","7","7","411","0","0","0","0","411","411","0","311260","0","0","0","311260","311260"
"2025-12-21","port1137","Samarinda","Indonesia","IDN","2","4","1","0","0","7","7","1971","0","0","0","0","1971","1971","0","89211","5809","0","0","95020","95020"
"2024-11-07","port1137","Samarinda","Indonesia","IDN","3","5","0","0","0","8","8","3622","0","0","0","0","3622","3622","0","140298","0","0","0","140298","140298"
"2025-12-22","port1137","Samarinda","Indonesia","IDN","0","5","0","0","1","5","6","0","0","0","0","918","0","918","0","277884","0","0","738","277884","278623"
"2024-11-08","port1137","Samarinda","Indonesia","IDN","0","4","1","0","1","5","6","0","0","795","0","0","795","795","0","72147","1360","0","0","73508","73508"
"2025-12-23","port1137","Samarinda","Indonesia","IDN","0","3","1","0","0","4","4","0","0","795","0","0","795","795","0","29695","1360","0","0","31056","31056"
"2024-11-09","port1137","Samarinda","Indonesia","IDN","0","4","0","0","0","4","4","0","0","0","0","0","0","0","0","221884","0","0","0","221884","221884"
"2025-12-24","port1137","Samarinda","Indonesia","IDN","1","2","0","0","0","3","3","1298","0","0","0","0","1298","1298","188","39477","0","0","0","39665","39665"
"2024-11-10","port1137","Samarinda","Indonesia","IDN","0","5","1","0","1","6","7","0","0","0","0","0","0","0","0","174032","0","0","4056","174032","178088"
"2025-12-25","port1137","Samarinda","Indonesia","IDN","0","2","1","0","0","3","3","0","0","0","0","0","0","0","0","103011","0","0","0","103011","103011"
"2024-11-11","port1137","Samarinda","Indonesia","IDN","1","5","0","0","0","6","6","2737","0","0","0","0","2737","2737","0","127025","0","0","0","127025","127025"
"2025-12-26","port1137","Samarinda","Indonesia","IDN","1","1","0","0","1","2","3","1298","0","0","0","0","1298","1298","188","47206","0","0","0","47394","47394"
"2024-11-12","port1137","Samarinda","Indonesia","IDN","0","8","0","0","0","8","8","0","0","0","0","0","0","0","0","370016","0","0","0","370016","370016"
"2025-12-27","port1137","Samarinda","Indonesia","IDN","3","3","0","0","0","6","6","4748","0","0","0","0","4748","4748","0","163576","0","0","0","163576","163576"
"2024-11-13","port1137","Samarinda","Indonesia","IDN","1","3","0","0","0","4","4","1298","0","0","0","0","1298","1298","188","137173","0","0","0","137361","137361"
"2025-12-28","port1137","Samarinda","Indonesia","IDN","2","1","1","0","1","4","5","1247","0","776","0","2635","2023","4659","0","59322","297","0","3412","59620","63033"
"2024-11-14","port1137","Samarinda","Indonesia","IDN","1","5","1","0","1","7","8","0","0","1265","0","0","1265","1265","0","54944","0","0","0","54944","54944"
"2024-11-15","port1137","Samarinda","Indonesia","IDN","1","3","1","0","0","5","5","2499","0","0","0","0","2499","2499","0","71146","0","0","0","71146","71146"
"2024-11-16","port1137","Samarinda","Indonesia","IDN","0","4","0","0","1","4","5","0","0","0","0","251","0","251","0","168412","0","0","0","168412","168412"
"2024-11-17","port1137","Samarinda","Indonesia","IDN","1","1","1","0","0","3","3","1450","0","0","0","0","1450","1450","0","61993","5758","0","0","67751","67751"
"2024-11-18","port1137","Samarinda","Indonesia","IDN","0","5","3","0","1","8","9","0","0","916","0","0","916","916","0","221126","1473","0","5327","222600","227928"
"2024-11-19","port1137","Samarinda","Indonesia","IDN","2","5","2","0","3","9","12","1864","0","1046","0","2705","2910","5616","0","227204","1705","0","4935","228909","233844"
"2024-11-20","port1137","Samarinda","Indonesia","IDN","0","8","1","0","0","9","9","0","0","0","0","0","0","0","0","340975","0","0","0","340975","340975"
"2024-11-21","port1137","Samarinda","Indonesia","IDN","2","3","0","0","1","5","6","2043","0","0","0","0","2043","2043","0","108316","0","0","0","108316","108316"
"2024-11-22","port1137","Samarinda","Indonesia","IDN","0","5","1","0","2","6","8","0","0","795","0","2372","795","3168","0","254197","1360","0","389","255558","255947"
"2024-11-23","port1137","Samarinda","Indonesia","IDN","2","4","1","0","0","7","7","3711","0","795","0","0","4507","4507","0","171737","1360","0","0","173097","173097"
"2024-11-24","port1137","Samarinda","Indonesia","IDN","2","6","0","0","0","8","8","1298","0","0","0","0","1298","1298","331","245168","0","0","0","245500","245500"
"2024-11-25","port1137","Samarinda","Indonesia","IDN","0","4","1","0","0","5","5","0","0","0","0","0","0","0","0","175900","0","0","0","175900","175900"
"2024-11-26","port1137","Samarinda","Indonesia","IDN","0","5","0","0","2","5","7","0","0","0","0","7013","0","7013","0","288851","0","0","0","288851","288851"
"2024-11-27","port1137","Samarinda","Indonesia","IDN","1","5","0","0","2","6","8","0","0","0","0","2125","0","2125","0","177403","0","0","1127","177403","178531"
"2024-11-28","port1137","Samarinda","Indonesia","IDN","1","3","1","0","1","5","6","1658","0","0","0","0","1658","1658","0","76130","57","0","0","76188","76188"
"2024-11-29","port1137","Samarinda","Indonesia","IDN","1","8","0","0","1","9","10","2774","0","0","0","0","2774","2774","0","417554","0","0","891","417554","418446"
"2024-11-30","port1137","Samarinda","Indonesia","IDN","1","4","0","0","1","5","6","2003","0","0","0","918","2003","2921","0","107718","0","0","738","107718","108456"
"2024-12-01","port1137","Samarinda","Indonesia","IDN","0","4","0","0","1","4","5","0","0","0","0","918","0","918","0","210044","0","0","738","210044","210782"
"2024-12-02","port1137","Samarinda","Indonesia","IDN","1","8","0","0","0","9","9","0","0","0","0","0","0","0","0","228104","0","0","0","228104","228104"
"2024-12-03","port1137","Samarinda","Indonesia","IDN","2","7","0","0","0","9","9","6358","0","0","0","0","6358","6358","0","300062","0","0","0","300062","300062"
"2024-12-04","port1137","Samarinda","Indonesia","IDN","2","4","0","0","0","6","6","2958","0","0","0","0","2958","2958","188","229442","0","0","0","229630","229630"
"2024-12-05","port1137","Samarinda","Indonesia","IDN","2","6","0","0","0","8","8","1023","0","0","0","0","1023","1023","0","310649","0","0","0","310649","310649"
"2024-12-06","port1137","Samarinda","Indonesia","IDN","1","4","1","0","4","6","10","1239","0","0","0","1836","1239","3075","0","182338","0","0","9355","182338","191693"
"2024-12-07","port1137","Samarinda","Indonesia","IDN","1","4","0","0","0","5","5","1659","0","0","0","0","1659","1659","0","131413","0","0","0","131413","131413"
"2024-12-08","port1137","Samarinda","Indonesia","IDN","0","4","0","0","1","4","5","0","0","0","0","2705","0","2705","0","156765","0","0","93","156765","156858"
"2024-12-09","port1137","Samarinda","Indonesia","IDN","0","2","0","0","1","2","3","0","0","0","0","0","0","0","0","54499","0","0","0","54499","54499"
"2024-12-10","port1137","Samarinda","Indonesia","IDN","2","5","2","0","0","9","9","1963","0","0","0","0","1963","1963","0","238656","0","0","0","238656","238656"
"2024-12-11","port1137","Samarinda","Indonesia","IDN","0","5","1","0","2","6","8","0","0","795","0","1836","795","2632","0","254882","1360","0","1476","256243","257719"
"2024-12-12","port1137","Samarinda","Indonesia","IDN","1","7","1","0","0","9","9","0","0","60","0","0","60","60","0","322134","56","0","0","322191","322191"
"2024-12-13","port1137","Samarinda","Indonesia","IDN","0","4","0","0","1","4","5","0","0","0","0","0","0","0","0","217248","0","0","0","217248","217248"
"2024-12-14","port1137","Samarinda","Indonesia","IDN","2","1","0","0","4","3","7","838","0","0","0","2755","838","3593","781","21500","0","0","2214","22282","24496"
"2024-12-15","port1137","Samarinda","Indonesia","IDN","0","4","0","1","0","5","5","0","0","0","0","0","0","0","0","271605","0","0","0","271605","271605"
"2024-12-16","port1137","Samarinda","Indonesia","IDN","2","11","1","0","1","14","15","4310","0","0","0","0","4310","4310","0","503487","0","0","0","503487","503487"
"2024-12-17","port1137","Samarinda","Indonesia","IDN","2","5","0","0","0","7","7","1995","0","0","0","0","1995","1995","0","188066","0","0","0","188066","188066"
"2024-12-18","port1137","Samarinda","Indonesia","IDN","2","0","1","0","0","3","3","0","0","795","0","0","795","795","203","0","1360","0","0","1564","1564"
"2024-12-19","port1137","Samarinda","Indonesia","IDN","1","8","1","0","2","10","12","0","0","1524","0","2705","1524","4230","0","317448","0","0","93","317448","317541"
"2024-12-20","port1137","Samarinda","Indonesia","IDN","1","4","0","0","1","5","6","1869","0","0","0","918","1869","2787","0","200351","0","0","738","200351","201089"
"2024-12-21","port1137","Samarinda","Indonesia","IDN","0","0","0","0","1","0","1","0","0","0","0","918","0","918","0","0","0","0","738","0","738"
"2024-12-22","port1137","Samarinda","Indonesia","IDN","1","6","0","1","2","8","10","1298","0","0","0","167","1298","1466","188","363664","0","0","5542","363852","369394"
"2024-12-23","port1137","Samarinda","Indonesia","IDN","1","4","1","0","1","6","7","1298","0","0","0","2366","1298","3665","188","122398","360","0","0","122946","122946"
"2024-12-24","port1137","Samarinda","Indonesia","IDN","0","4","1","0","0","5","5","0","0","795","0","0","795","795","0","151148","1360","0","0","152509","152509"
"2024-12-25","port1137","Samarinda","Indonesia","IDN","0","6","1","0","1","7","8","0","0","187","0","918","187","1105","0","170057","0","0","738","170057","170795"
"2024-12-26","port1137","Samarinda","Indonesia","IDN","2","6","0","0","0","8","8","1298","0","0","0","0","1298","1298","188","291089","0","0","0","291277","291277"
"2024-12-27","port1137","Samarinda","Indonesia","IDN","2","4","1","0","0","7","7","3764","0","1871","0","0","5635","5635","0","137831","0","0","0","137831","137831"
"2024-12-28","port1137","Samarinda","Indonesia","IDN","2","2","2","0","2","6","8","2762","0","60","0","918","2822","3741","188","52948","56","0","738","53192","53930"
"2024-12-29","port1137","Samarinda","Indonesia","IDN","1","6","0","0","1","7","8","1298","0","0","0","11087","1298","12385","188","410104","0","0","0","410292","410292"
"2024-12-30","port1137","Samarinda","Indonesia","IDN","2","2","1","0","1","5","6","3680","0","795","0","0","4476","4476","188","61021","1360","0","5972","62570","68543"
"2024-12-31","port1137","Samarinda","Indonesia","IDN","1","3","1","0","1","5","6","408","0","0","0","350","408","759","0","76330","6972","0","0","83302","83302"
"2025-01-01","port1137","Samarinda","Indonesia","IDN","1","2","1","0","0","4","4","4289","0","795","0","0","5085","5085","0","46661","1360","0","0","48022","48022"
"2025-01-02","port1137","Samarinda","Indonesia","IDN","1","3","2","0","0","6","6","0","0","1867","0","0","1867","1867","0","77371","0","0","0","77371","77371"
"2025-01-03","port1137","Samarinda","Indonesia","IDN","2","2","0","0","2","4","6","3386","0","0","0","4160","3386","7546","188","96765","0","0","4228","96953","101181"
"2025-01-04","port1137","Samarinda","Indonesia","IDN","0","2","0","0","0","2","2","0","0","0","0","0","0","0","0","103905","0","0","0","103905","103905"
"2025-01-05","port1137","Samarinda","Indonesia","IDN","0","3","2","1","1","6","7","0","0","390","0","3544","390","3935","0","129054","0","0","0","129054","129054"
"2025-01-06","port1137","Samarinda","Indonesia","IDN","2","4","0","0","1","6","7","2332","0","0","0","0","2332","2332","188","194044","0","0","0","194232","194232"
"2025-01-07","port1137","Samarinda","Indonesia","IDN","0","5","1","0","0","6","6","0","0","795","0","0","795","795","0","196489","1360","0","0","197850","197850"
"2025-01-08","port1137","Samarinda","Indonesia","IDN","2","2","2","0","0","6","6","2128","0","795","0","0","2923","2923","188","100959","1360","0","0","102508","102508"
"2025-01-09","port1137","Samarinda","Indonesia","IDN","2","3","0","0","1","5","6","7065","0","0","0","918","7065","7983","0","231120","0","0","738","231120","231858"
"2025-01-10","port1137","Samarinda","Indonesia","IDN","1","3","1","0","1","5","6","1298","0","0","0","918","1298","2217","188","82448","1404","0","738","84040","84778"
"2025-01-11","port1137","Samarinda","Indonesia","IDN","1","2","0","0","1","3","4","1446","0","0","0","0","1446","1446","0","92315","0","0","5972","92315","98288"
"2025-01-12","port1137","Samarinda","Indonesia","IDN","0","6","2","1","1","9","10","0","0","0","0","0","0","0","0","184263","0","0","2023","184263","186287"
"2025-01-13","port1137","Samarinda","Indonesia","IDN","2","6","0","0","1","8","9","1503","0","0","0","918","1503","2421","188","372889","0","0","738","373077","373815"
"2025-01-14","port1137","Samarinda","Indonesia","IDN","0","2","2","0","1","4","5","0","0","1590","0","0","1590","1590","0","98585","2721","0","0","101307","101307"
"2025-01-15","port1137","Samarinda","Indonesia","IDN","1","4","3","0","0","8","8","1881","0","3066","0","0","4947","4947","0","182448","2275","0","0","184723","184723"
"2025-01-16","port1137","Samarinda","Indonesia","IDN","2","4","0","0","1","6","7","2387","0","0","0","918","2387","3306","0","145279","0","0","738","145279","146017"
"2025-01-17","port1137","Samarinda","Indonesia","IDN","0","2","1","0","0","3","3","0","0","517","0","0","517","517","0","91144","0","0","0","91144","91144"
"2025-01-18","port1137","Samarinda","Indonesia","IDN","2","3","1","0","3","6","9","4148","0","975","0","1002","5123","6125","0","110432","0","0","738","110432","111170"
"2025-01-19","port1137","Samarinda","Indonesia","IDN","2","2","1","1","0","6","6","0","0","1809","0","0","1809","1809","1406","31946","0","0","0","33352","33352"
"2025-01-20","port1137","Samarinda","Indonesia","IDN","2","8","0","0","1","10","11","2540","0","0","0","0","2540","2540","188","369797","0","0","0","369985","369985"
"2025-01-21","port1137","Samarinda","Indonesia","IDN","0","3","1","0","1","4","5","0","0","795","0","0","795","795","0","156008","1360","0","0","157369","157369"
"2025-01-22","port1137","Samarinda","Indonesia","IDN","0","6","0","0","0","6","6","0","0","0","0","0","0","0","0","262127","0","0","0","262127","262127"
"2025-01-23","port1137","Samarinda","Indonesia","IDN","2","5","0","0","0","7","7","0","0","0","0","0","0","0","0","226812","0","0","0","226812","226812"
"2025-01-24","port1137","Samarinda","Indonesia","IDN","2","5","1","0","2","8","10","2477","0","0","0","1836","2477","4314","0","200137","0","0","1476","200137","201613"
"2025-01-25","port1137","Samarinda","Indonesia","IDN","2","2","0","0","2","4","6","4142","0","0","0","0","4142","4142","0","63173","0","0","0","63173","63173"
"2025-01-26","port1137","Samarinda","Indonesia","IDN","1","6","1","1","0","9","9","1045","0","795","0","0","1840","1840","0","230981","1360","0","0","232342","232342"
"2025-01-27","port1137","Samarinda","Indonesia","IDN","2","1","2","0","0","5","5","3203","0","795","0","0","3998","3998","188","21500","1360","0","0","23049","23049"
"2025-01-28","port1137","Samarinda","Indonesia","IDN","0","6","0","0","0","6","6","0","0","0","0","0","0","0","0","262988","0","0","0","262988","262988"
"2025-01-29","port1137","Samarinda","Indonesia","IDN","1","6","0","0","0","7","7","0","0","0","0","0","0","0","1406","249697","0","0","0","251103","251103"
"2025-01-30","port1137","Samarinda","Indonesia","IDN","1","3","1","0","1","5","6","0","0","585","0","918","585","1503","0","92203","0","0","738","92203","92941"
"2025-01-31","port1137","Samarinda","Indonesia","IDN","4","0","0","0","0","4","4","5524","0","0","0","0","5524","5524","610","0","0","0","0","610","610"
"2025-02-01","port1137","Samarinda","Indonesia","IDN","0","3","1","0","1","4","5","0","0","0","0","0","0","0","0","199117","0","0","0","199117","199117"
"2025-02-02","port1137","Samarinda","Indonesia","IDN","2","4","0","1","0","7","7","2950","0","0","0","0","2950","2950","188","138346","0","0","0","138534","138534"
"2025-02-03","port1137","Samarinda","Indonesia","IDN","0","1","1","0","0","2","2","0","0","0","0","0","0","0","0","9561","0","0","0","9561","9561"
"2025-02-04","port1137","Samarinda","Indonesia","IDN","0","4","3","0","1","7","8","0","0","60","0","918","60","979","0","99514","26890","0","738","126404","127142"
"2025-02-05","port1137","Samarinda","Indonesia","IDN","2","4","0","0","0","6","6","2513","0","0","0","0","2513","2513","188","150932","0","0","0","151120","151120"
"2025-02-06","port1137","Samarinda","Indonesia","IDN","3","1","1","0","1","5","6","285","0","0","0","167","285","452","0","26433","6795","0","0","33229","33229"
"2025-02-07","port1137","Samarinda","Indonesia","IDN","1","4","1","0","0","6","6","0","0","921","0","0","921","921","0","132472","0","0","0","132472","132472"
"2025-02-08","port1137","Samarinda","Indonesia","IDN","2","0","1","0","2","3","5","2055","0","1867","0","3624","3922","7546","0","0","0","0","831","0","831"
"2025-02-09","port1137","Samarinda","Indonesia","IDN","2","8","0","1","0","11","11","1507","0","0","0","0","1507","1507","188","336628","0","0","0","336816","336816"
"2025-02-10","port1137","Samarinda","Indonesia","IDN","0","0","1","0","1","1","2","0","0","0","0","0","0","0","0","0","0","0","0","0","0"
"2025-02-11","port1137","Samarinda","Indonesia","IDN","2","3","0","0","1","5","6","1864","0","0","0","918","1864","2782","0","97518","0","0","738","97518","98257"
"2025-02-12","port1137","Samarinda","Indonesia","IDN","0","3","0","0","0","3","3","0","0","0","0","0","0","0","0","161785","0","0","0","161785","161785"
"2025-02-13","port1137","Samarinda","Indonesia","IDN","1","6","1","0","0","8","8","0","0","667","0","0","667","667","0","186686","0","0","0","186686","186686"
"2025-02-14","port1137","Samarinda","Indonesia","IDN","0","4","1","0","0","5","5","0","0","508","0","0","508","508","0","54543","0","0","0","54543","54543"
"2025-02-15","port1137","Samarinda","Indonesia","IDN","1","6","2","0","1","9","10","2555","0","1703","0","918","4258","5177","0","262888","6265","0","738","269154","269892"
"2025-02-16","port1137","Samarinda","Indonesia","IDN","0","2","0","1","1","3","4","0","0","0","0","918","0","918","0","106031","0","0","738","106031","106769"
"2025-02-17","port1137","Samarinda","Indonesia","IDN","4","5","1","0","1","10","11","3844","0","0","0","918","3844","4762","376","142914","0","0","738","143290","144028"
"2025-02-18","port1137","Samarinda","Indonesia","IDN","1","1","0","0","0","2","2","1651","0","0","0","0","1651","1651","0","0","0","0","0","0","0"
"2025-02-19","port1137","Samarinda","Indonesia","IDN","0","8","0","0","0","8","8","0","0","0","0","0","0","0","0","341293","0","0","0","341293","341293"
"2025-02-20","port1137","Samarinda","Indonesia","IDN","2","7","0","0","0","9","9","0","0","0","0","0","0","0","0","285276","0","0","0","285276","285276"
"2025-02-21","port1137","Samarinda","Indonesia","IDN","1","3","0","0","2","4","6","0","0","0","0","2125","0","2125","0","135210","0","0","1127","135210","136338"
"2025-02-22","port1137","Samarinda","Indonesia","IDN","0","5","1","0","0","6","6","0","0","908","0","0","908","908","0","263482","0","0","0","263482","263482"
"2025-02-23","port1137","Samarinda","Indonesia","IDN","1","3","1","1","2","6","8","0","0","0","0","0","0","0","0","124825","15459","0","0","140285","140285"
"2025-02-24","port1137","Samarinda","Indonesia","IDN","2","2","0","0","0","4","4","2120","0","0","0","0","2120","2120","188","65588","0","0","0","65776","65776"
"2025-02-25","port1137","Samarinda","Indonesia","IDN","1","2","4","0","1","7","8","2069","0","1773","0","2705","3842","6547","0","54876","2721","0","93","57597","57690"
"2025-02-26","port1137","Samarinda","Indonesia","IDN","0","3","0","0","1","3","4","0","0","0","0","918","0","918","0","109246","0","0","738","109246","109984"
"2025-02-27","port1137","Samarinda","Indonesia","IDN","2","4","1","0","0","7","7","1275","0","1334","0","0","2610","2610","0","203679","0","0","0","203679","203679"
"2025-02-28","port1137","Samarinda","Indonesia","IDN","2","4","1","0","0","7","7","3737","0","60","0","0","3798","3798","188","169594","56","0","0","169839","169839"
"2025-03-01","port1137","Samarinda","Indonesia","IDN","0","1","1","0","2","2","4","0","0","795","0","918","795","1713","0","42756","1360","0","738","44117","44855"
"2025-03-02","port1137","Samarinda","Indonesia","IDN","3","5","0","1","1","9","10","3463","0","0","0","1207","3463","4670","188","146497","0","0","389","146685","147074"
"2025-03-03","port1137","Samarinda","Indonesia","IDN","0","6","0","0","1","6","7","0","0","0","0","0","0","0","0","197806","0","0","4294","197806","202100"
"2025-03-04","port1137","Samarinda","Indonesia","IDN","3","5","3","0","1","11","12","4478","0","823","0","0","5302","5302","376","118356","0","0","0","118732","118732"
"2025-03-05","port1137","Samarinda","Indonesia","IDN","1","0","0","0","2","1","3","638","0","0","0","3624","638","4262","0","0","0","0","831","0","831"
"2025-03-06","port1137","Samarinda","Indonesia","IDN","0","5","1","0","0","6","6","0","0","0","0","0","0","0","0","201478","0","0","0","201478","201478"
"2025-03-07","port1137","Samarinda","Indonesia","IDN","3","2","1","0","2","6","8","3283","0","795","0","2125","4078","6204","0","42309","1360","0","1127","43670","44798"
"2025-03-08","port1137","Samarinda","Indonesia","IDN","1","2","0","0","1","3","4","0","0","0","0","918","0","918","0","120036","0","0","738","120036","120775"
"2025-03-09","port1137","Samarinda","Indonesia","IDN","2","3","1","1","3","7","10","1450","0","1570","0","1085","3021","4106","188","87167","0","0","738","87355","88094"
"2025-03-10","port1137","Samarinda","Indonesia","IDN","1","6","0","0","2","7","9","1298","0","0","0","918","1298","2217","188","277436","0","0","738","277624","278362"
"2025-03-11","port1137","Samarinda","Indonesia","IDN","0","5","1","0","0","6","6","0","0","795","0","0","795","795","0","151975","1360","0","0","153336","153336"
"2025-03-12","port1137","Samarinda","Indonesia","IDN","2","2","2","0","0","6","6","4208","0","339","0","0","4547","4547","188","38588","0","0","0","38776","38776"
"2025-03-13","port1137","Samarinda","Indonesia","IDN","1","1","0","0","2","2","4","0","0","0","0","918","0","918","0","0","0","0","738","0","738"
"2025-03-14","port1137","Samarinda","Indonesia","IDN","1","5","0","0","0","6","6","2579","0","0","0","0","2579","2579","0","190232","0","0","0","190232","190232"
"2025-03-15","port1137","Samarinda","Indonesia","IDN","2","2","1","0","0","5","5","2064","0","1637","0","0","3702","3702","0","215144","0","0","0","215144","215144"
"2025-03-16","port1137","Samarinda","Indonesia","IDN","2","2","0","1","1","5","6","206","0","0","0","918","206","1125","0","104361","0","0","738","104361","105099"
"2025-03-17","port1137","Samarinda","Indonesia","IDN","1","4","2","0","1","7","8","1298","0","1326","0","2705","2625","5330","188","159772","56","0","93","160017","160110"
"2025-03-18","port1137","Samarinda","Indonesia","IDN","0","4","0","0","0","4","4","0","0","0","0","0","0","0","0","195619","0","0","0","195619","195619"
"2025-03-19","port1137","Samarinda","Indonesia","IDN","1","3","1","0","0","5","5","2477","0","795","0","0","3272","3272","0","67938","1360","0","0","69299","69299"
"2025-03-20","port1137","Samarinda","Indonesia","IDN","1","2","1","0","0","4","4","629","0","795","0","0","1424","1424","0","109567","1360","0","0","110928","110928"
"2025-03-21","port1137","Samarinda","Indonesia","IDN","1","7","1","0","2","9","11","1298","0","0","0","0","1298","1298","188","192415","13712","0","0","206316","206316"
"2025-03-22","port1137","Samarinda","Indonesia","IDN","2","2","1","0","1","5","6","2288","0","0","0","0","2288","2288","0","121562","7268","0","4216","128830","133047"
"2025-03-23","port1137","Samarinda","Indonesia","IDN","0","1","0","1","2","2","4","0","0","0","0","3210","0","3210","0","1085","0","0","738","1085","1823"
"2025-03-24","port1137","Samarinda","Indonesia","IDN","1","5","0","0","1","6","7","2595","0","0","0","918","2595","3513","0","248051","0","0","738","248051","248789"
"2025-03-25","port1137","Samarinda","Indonesia","IDN","2","4","0","0","1","6","7","0","0","0","0","0","0","0","0","157356","0","0","0","157356","157356"
"2025-03-26","port1137","Samarinda","Indonesia","IDN","3","6","0","0","2","9","11","7022","0","0","0","0","7022","7022","0","315254","0","0","0","315254","315254"
"2025-03-27","port1137","Samarinda","Indonesia","IDN","0","3","0","0","0","3","3","0","0","0","0","0","0","0","0","163758","0","0","0","163758","163758"
"2025-03-28","port1137","Samarinda","Indonesia","IDN","0","1","1","0","0","2","2","0","0","1515","0","0","1515","1515","0","63996","0","0","0","63996","63996"
"2025-03-29","port1137","Samarinda","Indonesia","IDN","1","5","1","0","2","7","9","2128","0","0","0","918","2128","3047","0","226353","0","0","738","226353","227091"
"2025-03-30","port1137","Samarinda","Indonesia","IDN","1","4","0","0","0","5","5","1298","0","0","0","0","1298","1298","188","130257","0","0","0","130445","130445"
"2025-03-31","port1137","Samarinda","Indonesia","IDN","0","4","1","0","1","5","6","0","0","0","0","22030","0","22030","0","237415","0","0","260","237415","237676"
"2025-04-01","port1137","Samarinda","Indonesia","IDN","0","3","0","0","1","3","4","0","0","0","0","0","0","0","0","134065","0","0","0","134065","134065"
"2025-04-02","port1137","Samarinda","Indonesia","IDN","3","4","0","0","0","7","7","2597","0","0","0","0","2597","2597","376","201188","0","0","0","201564","201564"
"2025-04-03","port1137","Samarinda","Indonesia","IDN","1","2","1","0","0","4","4","0","0","60","0","0","60","60","0","124875","56","0","0","124931","124931"
"2025-04-04","port1137","Samarinda","Indonesia","IDN","1","1","1","0","0","3","3","1864","0","795","0","0","2659","2659","0","50123","1360","0","0","51484","51484"
"2025-04-05","port1137","Samarinda","Indonesia","IDN","1","6","2","0","1","9","10","409","0","1833","0","918","2242","3160","0","251198","0","0","738","251198","251936"
"2025-04-06","port1137","Samarinda","Indonesia","IDN","0","2","0","1","2","3","5","0","0","0","0","918","0","918","0","115058","0","0","738","115058","115796"
"2025-04-07","port1137","Samarinda","Indonesia","IDN","1","3","0","0","1","4","5","1298","0","0","0","918","1298","2217","188","41224","0","0","738","41412","42150"
"2025-04-08","port1137","Samarinda","Indonesia","IDN","1","4","0","0","0","5","5","403","0","0","0","0","403","403","0","110340","0","0","0","110340","110340"
"2025-04-09","port1137","Samarinda","Indonesia","IDN","2","2","0","0","1","4","5","3113","0","0","0","0","3113","3113","0","41224","0","0","83","41224","41308"
"2025-04-10","port1137","Samarinda","Indonesia","IDN","1","7","0","0","2","8","10","2294","0","0","0","2705","2294","4999","0","265881","0","0","93","265881","265974"
"2025-04-11","port1137","Samarinda","Indonesia","IDN","0","0","0","0","2","0","2","0","0","0","0","2125","0","2125","0","0","0","0","1127","0","1127"
"2025-04-12","port1137","Samarinda","Indonesia","IDN","0","3","1","0","1","4","5","0","0","795","0","1620","795","2415","0","183466","1360","0","23","184827","184850"
"2025-04-13","port1137","Samarinda","Indonesia","IDN","0","1","0","1","1","2","3","0","0","0","0","0","0","0","0","0","0","0","4562","0","4562"
"2025-04-14","port1137","Samarinda","Indonesia","IDN","2","1","0","0","3","3","6","1298","0","0","0","918","1298","2217","188","32441","0","0","738","32629","33367"
"2025-04-15","port1137","Samarinda","Indonesia","IDN","0","2","1","0","0","3","3","0","0","0","0","0","0","0","0","122750","1126","0","0","123876","123876"
"2025-04-16","port1137","Samarinda","Indonesia","IDN","1","4","1","0","0","6","6","2273","0","984","0","0","3257","3257","0","209712","0","0","0","209712","209712"
"2025-04-17","port1137","Samarinda","Indonesia","IDN","1","5","0","0","0","6","6","0","0","0","0","0","0","0","0","303797","0","0","0","303797","303797"
"2025-04-18","port1137","Samarinda","Indonesia","IDN","2","2","0","0","0","4","4","2499","0","0","0","0","2499","2499","0","41224","0","0","0","41224","41224"
"2025-04-19","port1137","Samarinda","Indonesia","IDN","2","3","2","0","0","7","7","3775","0","1537","0","0","5313","5313","188","96121","0","0","0","96309","96309"
"2025-04-20","port1137","Samarinda","Indonesia","IDN","0","5","4","1","0","10","10","0","0","855","0","0","855","855","0","268683","1417","0","0","270101","270101"
"2025-04-21","port1137","Samarinda","Indonesia","IDN","1","5","1","0","2","7","9","1298","0","795","0","1207","2093","3301","188","200532","1360","0","389","202081","202471"
"2025-04-22","port1137","Samarinda","Indonesia","IDN","1","4","1","0","1","6","7","1298","0","0","0","918","1298","2217","188","137297","0","0","738","137485","138224"
"2025-04-23","port1137","Samarinda","Indonesia","IDN","2","2","0","0","0","4","4","2898","0","0","0","0","2898","2898","0","57740","0","0","0","57740","57740"
"2025-04-24","port1137","Samarinda","Indonesia","IDN","1","6","0","0","3","7","10","0","0","0","0","1740","0","1740","0","324175","0","0","738","324175","324913"
"2025-04-25","port1137","Samarinda","Indonesia","IDN","0","4","0","0","3","4","7","0","0","0","0","3333","0","3333","0","89295","0","0","1517","89295","90813"
"2025-04-26","port1137","Samarinda","Indonesia","IDN","2","5","0","0","1","7","8","4305","0","0","0","0","4305","4305","0","117668","0","0","0","117668","117668"
"2025-04-27","port1137","Samarinda","Indonesia","IDN","2","0","0","1","0","3","3","1581","0","0","0","0","1581","1581","0","0","0","0","0","0","0"
"2025-04-28","port1137","Samarinda","Indonesia","IDN","2","5","0","0","0","7","7","1298","0","0","0","0","1298","1298","188","191199","0","0","0","191387","191387"
"2025-04-29","port1137","Samarinda","Indonesia","IDN","1","4","1","0","1","6","7","1298","0","795","0","918","2093","3012","188","23722","1360","0","738","25271","26009"
"2025-04-30","port1137","Samarinda","Indonesia","IDN","1","6","2","0","0","9","9","1860","0","1393","0","0","3254","3254","0","156931","0","0","0","156931","156931"
"2025-05-01","port1137","Samarinda","Indonesia","IDN","1","4","2","0","1","7","8","0","0","1438","0","918","1438","2356","0","77557","1360","0","738","78918","79656"
"2025-05-02","port1137","Samarinda","Indonesia","IDN","3","2","1","0","2","6","8","3745","0","795","0","918","4540","5458","0","234407","1360","0","738","235767","236506"
"2025-05-03","port1137","Samarinda","Indonesia","IDN","2","3","0","0","1","5","6","4124","0","0","0","0","4124","4124","188","66","0","0","83","254","338"
"2025-05-04","port1137","Samarinda","Indonesia","IDN","0","5","0","1","0","6","6","0","0","0","0","0","0","0","0","305740","0","0","0","305740","305740"
"2025-05-05","port1137","Samarinda","Indonesia","IDN","1","5","0","0","0","6","6","1687","0","0","0","0","1687","1687","0","209643","0","0","0","209643","209643"
"2025-05-06","port1137","Samarinda","Indonesia","IDN","2","5","1","0","1","8","9","2898","0","603","0","0","3502","3502","0","136158","0","0","0","136158","136158"
"2025-05-07","port1137","Samarinda","Indonesia","IDN","0","6","2","0","0","8","8","0","0","60","0","0","60","60","0","334075","6479","0","0","340555","340555"
"2025-05-08","port1137","Samarinda","Indonesia","IDN","2","2","0","0","2","4","6","2088","0","0","0","3624","2088","5712","0","72314","0","0","831","72314","73145"
"2025-05-09","port1137","Samarinda","Indonesia","IDN","2","1","1","0","0","4","4","3798","0","0","0","0","3798","3798","188","22656","0","0","0","22844","22844"
"2025-05-10","port1137","Samarinda","Indonesia","IDN","1","2","1","0","0","4","4","1397","0","0","0","0","1397","1397","0","41224","0","0","0","41224","41224"
"2025-05-11","port1137","Samarinda","Indonesia","IDN","0","6","1","1","2","8","10","0","0","0","0","2125","0","2125","0","171420","0","0","1127","171420","172548"
"2025-05-12","port1137","Samarinda","Indonesia","IDN","1","2","1","0","1","4","5","0","0","0","0","0","0","0","0","96823","0","0","0","96823","96823"
"2025-05-13","port1137","Samarinda","Indonesia","IDN","2","2","0","0","0","4","4","1867","0","0","0","0","1867","1867","0","110719","0","0","0","110719","110719"
"2025-05-14","port1137","Samarinda","Indonesia","IDN","3","4","0","0","0","7","7","4285","0","0","0","0","4285","4285","0","204358","0","0","0","204358","204358"
"2025-05-15","port1137","Samarinda","Indonesia","IDN","1","4","0","0","0","5","5","0","0","0","0","0","0","0","0","210142","0","0","0","210142","210142"
"2025-05-16","port1137","Samarinda","Indonesia","IDN","1","2","0","0","1","3","4","832","0","0","0","918","832","1751","0","20971","0","0","738","20971","21709"
"2025-05-17","port1137","Samarinda","Indonesia","IDN","0","4","1","0","0","5","5","0","0","795","0","0","795","795","0","99845","1360","0","0","101206","101206"
"2025-05-18","port1137","Samarinda","Indonesia","IDN","2","6","0","1","0","9","9","4234","0","0","0","0","4234","4234","0","164316","0","0","0","164316","164316"
"2025-05-19","port1137","Samarinda","Indonesia","IDN","1","4","0","0","1","5","6","1298","0","0","0","918","1298","2217","188","185746","0","0","738","185934","186672"
"2025-05-20","port1137","Samarinda","Indonesia","IDN","2","4","1","0","0","7","7","2499","0","795","0","0","3295","3295","0","156961","1360","0","0","158321","158321"
"2025-05-21","port1137","Samarinda","Indonesia","IDN","1","4","2","0","0","7","7","1236","0","1590","0","0","2826","2826","0","246676","2721","0","0","249398","249398"
"2025-05-22","port1137","Samarinda","Indonesia","IDN","1","4","1","0","2","6","8","0","0","667","0","1207","667","1874","0","250284","0","0","389","250284","250674"
"2025-05-23","port1137","Samarinda","Indonesia","IDN","1","4","1","0","0","6","6","1557","0","795","0","0","2352","2352","82","231019","1360","0","0","232462","232462"
"2025-05-24","port1137","Samarinda","Indonesia","IDN","1","2","1","0","0","4","4","1588","0","0","0","0","1588","1588","0","114143","0","0","0","114143","114143"
"2025-05-25","port1137","Samarinda","Indonesia","IDN","0","3","1","1","0","5","5","0","0","187","0","0","187","187","0","48234","0","0","0","48234","48234"
"2025-05-26","port1137","Samarinda","Indonesia","IDN","2","7","1","0","2","10","12","0","0","0","0","918","0","918","1664","270544","0","0","738","272209","272947"
"2025-05-27","port1137","Samarinda","Indonesia","IDN","0","3","3","0","1","6","7","0","0","0","0","1207","0","1207","0","121072","599","0","389","121672","122062"
"2025-05-28","port1137","Samarinda","Indonesia","IDN","1","3","0","0","1","4","5","1446","0","0","0","918","1446","2365","0","136696","0","0","738","136696","137434"
"2025-05-29","port1137","Samarinda","Indonesia","IDN","2","3","1","0","1","6","7","1049","0","0","0","918","1049","1967","0","135173","8040","0","738","143214","143952"
"2025-05-30","port1137","Samarinda","Indonesia","IDN","0","3","0","0","0","3","3","0","0","0","0","0","0","0","0","198794","0","0","0","198794","198794"
"2025-05-31","port1137","Samarinda","Indonesia","IDN","2","4","1","0","1","7","8","928","0","2354","0","0","3282","3282","0","242511","0","0","3884","242511","246396"
"2025-06-01","port1137","Samarinda","Indonesia","IDN","2","0","0","1","0","3","3","1225","0","0","0","0","1225","1225","210","0","0","0","0","210","210"
"2025-06-02","port1137","Samarinda","Indonesia","IDN","0","2","1","0","0","3","3","0","0","0","0","0","0","0","0","59601","0","0","0","59601","59601"
"2025-06-03","port1137","Samarinda","Indonesia","IDN","1","2","2","0","2","5","7","2488","0","4217","0","22030","6706","28736","0","101586","0","0","1688","101586","103275"
"2025-06-04","port1137","Samarinda","Indonesia","IDN","2","1","0","0","0","3","3","3154","0","0","0","0","3154","3154","188","0","0","0","0","188","188"
"2025-06-05","port1137","Samarinda","Indonesia","IDN","1","2","0","0","1","3","4","0","0","0","0","0","0","0","0","110480","0","0","0","110480","110480"
"2025-06-06","port1137","Samarinda","Indonesia","IDN","1","3","1","0","0","5","5","2125","0","0","0","0","2125","2125","0","116062","8115","0","0","124177","124177"
"2025-06-07","port1137","Samarinda","Indonesia","IDN","1","5","1","0","1","7","8","469","0","1957","0","0","2427","2427","0","48236","0","0","4228","48236","52464"
"2025-06-08","port1137","Samarinda","Indonesia","IDN","1","1","0","0","3","2","5","0","0","0","0","918","0","918","0","40410","0","0","738","40410","41149"
"2025-06-09","port1137","Samarinda","Indonesia","IDN","0","2","2","0","2","4","6","0","0","795","0","918","795","1713","0","116391","1547","0","738","117939","118677"
"2025-06-10","port1137","Samarinda","Indonesia","IDN","1","1","1","0","1","3","4","408","0","0","0","1207","408","1615","0","41224","0","0","389","41224","41614"
"2025-06-11","port1137","Samarinda","Indonesia","IDN","1","1","1","0","1","3","4","210","0","0","0","918","210","1129","0","0","0","0","738","0","738"
"2025-06-12","port1137","Samarinda","Indonesia","IDN","1","3","0","0","0","4","4","0","0","0","0","0","0","0","0","113725","0","0","0","113725","113725"
"2025-06-13","port1137","Samarinda","Indonesia","IDN","1","2","1","0","0","4","4","0","0","359","0","0","359","359","206","48181","0","0","0","48388","48388"
"2025-06-14","port1137","Samarinda","Indonesia","IDN","1","2","0","0","1","3","4","1856","0","0","0","0","1856","1856","0","69955","0","0","4228","69955","74183"
"2025-06-15","port1137","Samarinda","Indonesia","IDN","0","4","1","1","0","6","6","0","0","1150","0","0","1150","1150","0","264679","0","0","0","264679","264679"
"2025-06-16","port1137","Samarinda","Indonesia","IDN","1","5","0","0","1","6","7","1262","0","0","0","0","1262","1262","0","270285","0","0","0","270285","270285"
"2025-06-17","port1137","Samarinda","Indonesia","IDN","2","2","0","0","0","4","4","2856","0","0","0","0","2856","2856","270","82448","0","0","0","82719","82719"
"2025-06-18","port1137","Samarinda","Indonesia","IDN","3","1","2","0","0","6","6","1450","0","388","0","0","1839","1839","2103","0","0","0","0","2103","2103"
"2025-06-19","port1137","Samarinda","Indonesia","IDN","1","4","0","0","1","5","6","0","0","0","0","918","0","918","0","173573","0","0","738","173573","174311"
"2025-06-20","port1137","Samarinda","Indonesia","IDN","1","3","0","0","1","4","5","1298","0","0","0","918","1298","2217","188","134678","0","0","738","134866","135604"
"2025-06-21","port1137","Samarinda","Indonesia","IDN","1","4","0","0","1","5","6","1864","0","0","0","0","1864","1864","0","230544","0","0","0","230544","230544"
"2025-06-22","port1137","Samarinda","Indonesia","IDN","1","0","0","1","1","2","3","630","0","0","0","918","630","1548","0","0","0","0","738","0","738"
"2025-06-23","port1137","Samarinda","Indonesia","IDN","1","5","1","0","2","7","9","0","0","795","0","1085","795","1881","0","264604","1360","0","738","265965","266703"
"2025-06-24","port1137","Samarinda","Indonesia","IDN","2","4","0","0","0","6","6","2937","0","0","0","0","2937","2937","188","121727","0","0","0","121915","121915"
"2025-06-25","port1137","Samarinda","Indonesia","IDN","1","1","1","0","0","3","3","1298","0","0","0","0","1298","1298","188","3244","0","0","0","3432","3432"
"2025-06-26","port1137","Samarinda","Indonesia","IDN","0","4","1","0","0","5","5","0","0","0","0","0","0","0","0","101856","0","0","0","101856","101856"
"2025-06-27","port1137","Samarinda","Indonesia","IDN","1","1","0","0","1","2","3","0","0","0","0","0","0","0","0","0","0","0","0","0","0"
"2025-06-28","port1137","Samarinda","Indonesia","IDN","1","3","1","0","0","5","5","1856","0","795","0","0","2651","2651","0","107954","1360","0","0","109315","109315"
"2025-06-29","port1137","Samarinda","Indonesia","IDN","1","3","1","0","0","5","5","415","0","0","0","0","415","415","0","103338","0","0","0","103338","103338"
"2025-06-30","port1137","Samarinda","Indonesia","IDN","0","3","0","0","2","3","5","0","0","0","0","918","0","918","0","160796","0","0","910","160796","161707"
"2025-07-01","port1137","Samarinda","Indonesia","IDN","1","4","1","0","0","6","6","1298","0","795","0","0","2093","2093","188","166238","1360","0","0","167787","167787"
"2025-07-02","port1137","Samarinda","Indonesia","IDN","1","4","1","0","0","6","6","2147","0","795","0","0","2942","2942","0","124793","1360","0","0","126154","126154"
"2025-07-03","port1137","Samarinda","Indonesia","IDN","2","1","1","0","3","4","7","1557","0","0","0","4792","1557","6349","82","56328","0","0","1476","56411","57887"
"2025-07-04","port1137","Samarinda","Indonesia","IDN","1","5","2","0","1","8","9","0","0","1232","0","0","1232","1232","630","222885","297","0","0","223814","223814"
"2025-07-05","port1137","Samarinda","Indonesia","IDN","2","4","1","0","0","7","7","4049","0","1692","0","0","5742","5742","0","98838","0","0","0","98838","98838"
"2025-07-06","port1137","Samarinda","Indonesia","IDN","0","3","1","0","1","4","5","0","0","1882","0","1207","1882","3090","0","60517","0","0","389","60517","60907"
"2025-07-07","port1137","Samarinda","Indonesia","IDN","1","2","0","0","1","3","4","0","0","0","0","918","0","918","0","74877","0","0","738","74877","75616"
"2025-07-08","port1137","Samarinda","Indonesia","IDN","2","1","1","0","2","4","6","2321","0","0","0","172","2321","2493","188","37442","0","0","0","37630","37630"
"2025-07-09","port1137","Samarinda","Indonesia","IDN","1","1","1","0","0","3","3","1241","0","909","0","0","2151","2151","0","75010","0","0","0","75010","75010"
"2025-07-10","port1137","Samarinda","Indonesia","IDN","1","5","1","0","1","7","8","0","0","776","0","1207","776","1983","0","223699","297","0","389","223997","224386"
"2025-07-11","port1137","Samarinda","Indonesia","IDN","1","4","1","0","0","6","6","622","0","60","0","0","683","683","0","210733","56","0","0","210789","210789"
"2025-07-12","port1137","Samarinda","Indonesia","IDN","0","4","0","0","1","4","5","0","0","0","0","1910","0","1910","0","304742","0","0","0","304742","304742"
"2025-07-13","port1137","Samarinda","Indonesia","IDN","0","2","1","0","1","3","4","0","0","0","0","0","0","0","0","110263","0","0","0","110263","110263"
"2025-07-14","port1137","Samarinda","Indonesia","IDN","0","3","0","0","1","3","4","0","0","0","0","0","0","0","0","115013","0","0","0","115013","115013"
"2025-07-15","port1137","Samarinda","Indonesia","IDN","2","4","2","0","1","8","9","4182","0","1945","0","22030","6127","28158","188","100230","1360","0","260","101779","102039"
"2025-07-16","port1137","Samarinda","Indonesia","IDN","1","4","1","0","1","6","7","1651","0","0","0","918","1651","2570","0","212107","1549","0","738","213657","214395"
"2025-07-17","port1137","Samarinda","Indonesia","IDN","1","3","1","0","2","5","7","0","0","0","0","811","0","811","0","143329","0","0","0","143329","143329"
"2025-07-18","port1137","Samarinda","Indonesia","IDN","2","8","2","0","0","12","12","3248","0","795","0","0","4043","4043","188","323424","1360","0","0","324973","324973"
"2025-07-19","port1137","Samarinda","Indonesia","IDN","1","2","0","0","0","3","3","2273","0","0","0","0","2273","2273","0","57429","0","0","0","57429","57429"
"2025-07-20","port1137","Samarinda","Indonesia","IDN","3","1","2","0","1","6","7","4643","0","0","0","3067","4643","7711","0","44666","21072","0","0","65739","65739"
"2025-07-21","port1137","Samarinda","Indonesia","IDN","1","3","0","0","0","4","4","1298","0","0","0","0","1298","1298","188","45294","0","0","0","45482","45482"
"2025-07-22","port1137","Samarinda","Indonesia","IDN","2","4","2","0","1","8","9","2332","0","795","0","0","3127","3127","188","144945","1816","0","0","146950","146950"
"2025-07-23","port1137","Samarinda","Indonesia","IDN","3","1","0","0","0","4","4","1440","0","0","0","0","1440","1440","395","77772","0","0","0","78167","78167"
"2025-07-24","port1137","Samarinda","Indonesia","IDN","1","3","0","0","1","4","5","0","0","0","0","0","0","0","0","137633","0","0","1165","137633","138799"
"2025-07-25","port1137","Samarinda","Indonesia","IDN","0","4","2","0","0","6","6","0","0","2128","0","0","2128","2128","0","151459","726","0","0","152186","152186"
"2025-07-26","port1137","Samarinda","Indonesia","IDN","0","6","0","0","0","6","6","0","0","0","0","0","0","0","0","178643","0","0","0","178643","178643"
"2025-07-27","port1137","Samarinda","Indonesia","IDN","0","3","2","0","2","5","7","0","0","2637","0","918","2637","3556","0","148751","56","0","738","148808","149546"
"2025-07-28","port1137","Samarinda","Indonesia","IDN","2","2","1","0","2","5","7","4208","0","0","0","1836","4208","6045","188","41224","0","0","1476","41412","42888"
"2025-07-29","port1137","Samarinda","Indonesia","IDN","1","5","2","0","0","8","8","1033","0","0","0","0","1033","1033","0","63571","0","0","0","63571","63571"
"2025-07-30","port1137","Samarinda","Indonesia","IDN","1","2","0","0","0","3","3","2069","0","0","0","0","2069","2069","0","55969","0","0","0","55969","55969"
"2025-07-31","port1137","Samarinda","Indonesia","IDN","1","2","1","0","1","4","5","0","0","795","0","2877","795","3673","0","60989","1360","0","242","62350","62592"
"2025-08-01","port1137","Samarinda","Indonesia","IDN","0","1","2","0","2","3","5","0","0","2170","0","2254","2170","4424","0","0","297","0","0","297","297"
"2025-08-02","port1137","Samarinda","Indonesia","IDN","3","3","0","0","0","6","6","4577","0","0","0","0","4577","4577","82","128813","0","0","0","128895","128895"
"2025-08-03","port1137","Samarinda","Indonesia","IDN","0","1","0","0","0","1","1","0","0","0","0","0","0","0","0","41224","0","0","0","41224","41224"
"2025-08-04","port1137","Samarinda","Indonesia","IDN","4","4","0","0","2","8","10","4940","0","0","0","2877","4940","7818","11095","166065","0","0","242","177160","177402"
"2025-08-05","port1137","Samarinda","Indonesia","IDN","2","3","0","0","0","5","5","1443","0","0","0","0","1443","1443","0","44286","0","0","0","44286","44286"
"2025-08-06","port1137","Samarinda","Indonesia","IDN","0","1","0","0","0","1","1","0","0","0","0","0","0","0","0","41224","0","0","0","41224","41224"
"2025-08-07","port1137","Samarinda","Indonesia","IDN","2","3","2","0","0","7","7","1447","0","0","0","0","1447","1447","0","53059","2162","0","0","55222","55222"
"2025-08-08","port1137","Samarinda","Indonesia","IDN","0","3","1","0","0","4","4","0","0","1393","0","0","1393","1393","0","93509","0","0","0","93509","93509"
"2025-08-09","port1137","Samarinda","Indonesia","IDN","1","6","1","0","1","8","9","346","0","795","0","918","1141","2060","0","284953","1360","0","738","286314","287052"
"2025-08-10","port1137","Samarinda","Indonesia","IDN","0","1","0","0","0","1","1","0","0","0","0","0","0","0","0","160910","0","0","0","160910","160910"
"2025-08-11","port1137","Samarinda","Indonesia","IDN","1","3","3","0","0","7","7","1298","0","0","0","0","1298","1298","188","42309","490","0","0","42987","42987"
"2025-08-12","port1137","Samarinda","Indonesia","IDN","1","4","2","0","1","7","8","1298","0","1590","0","0","2889","2889","188","75416","2721","0","0","78326","78326"
"2025-08-13","port1137","Samarinda","Indonesia","IDN","3","4","1","0","0","8","8","4112","0","60","0","0","4173","4173","188","236964","56","0","0","237209","237209"
"2025-08-14","port1137","Samarinda","Indonesia","IDN","2","10","0","0","0","12","12","1298","0","0","0","0","1298","1298","188","468900","0","0","0","469088","469088"
"2025-08-15","port1137","Samarinda","Indonesia","IDN","0","4","0","0","0","4","4","0","0","0","0","0","0","0","0","109478","0","0","0","109478","109478"
"2025-08-16","port1137","Samarinda","Indonesia","IDN","1","3","0","0","1","4","5","1652","0","0","0","918","1652","2570","0","42267","0","0","738","42267","43005"
"2025-08-17","port1137","Samarinda","Indonesia","IDN","1","3","1","0","0","5","5","1734","0","795","0","0","2530","2530","0","82448","1360","0","0","83809","83809"
"2025-08-18","port1137","Samarinda","Indonesia","IDN","2","1","0","0","0","3","3","2191","0","0","0","0","2191","2191","0","41224","0","0","0","41224","41224"
"2025-08-19","port1137","Samarinda","Indonesia","IDN","0","3","0","0","3","3","6","0","0","0","0","0","0","0","0","96341","0","0","1791","96341","98133"
"2025-08-20","port1137","Samarinda","Indonesia","IDN","2","5","0","0","0","7","7","2597","0","0","0","0","2597","2597","376","178688","0","0","0","179064","179064"
"2025-08-21","port1137","Samarinda","Indonesia","IDN","1","1","0","0","1","2","3","0","0","0","0","4478","0","4478","0","61338","0","0","0","61338","61338"
"2025-08-22","port1137","Samarinda","Indonesia","IDN","1","6","1","0","3","8","11","1298","0","795","0","4542","2093","6636","188","253418","1360","0","1569","254967","256537"
"2025-08-23","port1137","Samarinda","Indonesia","IDN","2","4","1","0","0","7","7","1298","0","1171","0","0","2469","2469","188","94713","0","0","0","94901","94901"
"2025-08-24","port1137","Samarinda","Indonesia","IDN","3","5","0","0","1","8","9","4552","0","0","0","0","4552","4552","0","274209","0","0","4685","274209","278895"
"2025-08-25","port1137","Samarinda","Indonesia","IDN","1","3","0","0","0","4","4","2451","0","0","0","0","2451","2451","0","100199","0","0","0","100199","100199"
"2025-08-26","port1137","Samarinda","Indonesia","IDN","0","5","0","0","2","5","7","0","0","0","0","0","0","0","0","242326","0","0","0","242326","242326"
"2025-08-27","port1137","Samarinda","Indonesia","IDN","1","3","0","0","0","4","4","1446","0","0","0","0","1446","1446","0","206356","0","0","0","206356","206356"
"2025-08-28","port1137","Samarinda","Indonesia","IDN","3","2","1","0","0","6","6","2499","0","799","0","0","3299","3299","1244","12726","0","0","0","13971","13971"
"2025-08-29","port1137","Samarinda","Indonesia","IDN","2","3","1","0","0","6","6","2069","0","60","0","0","2129","2129","0","172305","56","0","0","172362","172362"
"2025-08-30","port1137","Samarinda","Indonesia","IDN","2","5","0","0","1","7","8","1023","0","0","0","918","1023","1941","0","155204","0","0","738","155204","155942"
"2025-12-29","port1137","Samarinda","Indonesia","IDN","0","2","2","0","1","4","5","0","0","0","0","918","0","918","0","96045","7788","0","738","103833","104571"
"2025-12-30","port1137","Samarinda","Indonesia","IDN","2","1","1","0","0","4","4","1444","0","1150","0","0","2594","2594","0","0","0","0","0","0","0"
"2025-12-31","port1137","Samarinda","Indonesia","IDN","0","3","0","0","0","3","3","0","0","0","0","0","0","0","0","159284","0","0","0","159284","159284"
"2026-01-01","port1137","Samarinda","Indonesia","IDN","2","1","0","0","0","3","3","2706","0","0","0","0","2706","2706","0","53283","0","0","0","53283","53283"
"2026-01-02","port1137","Samarinda","Indonesia","IDN","0","2","1","0","1","3","4","0","0","0","0","0","0","0","0","72679","490","0","0","73169","73169"
"2026-01-03","port1137","Samarinda","Indonesia","IDN","1","1","1","0","1","3","4","1298","0","0","0","0","1298","1298","188","0","651","0","0","839","839"
"2026-01-04","port1137","Samarinda","Indonesia","IDN","0","0","0","0","0","0","0","0","0","0","0","0","0","0","0","0","0","0","0","0","0"
"2026-01-05","port1137","Samarinda","Indonesia","IDN","0","5","0","0","1","5","6","0","0","0","0","0","0","0","0","172590","0","0","0","172590","172590"
"2026-01-06","port1137","Samarinda","Indonesia","IDN","1","5","0","0","1","6","7","1298","0","0","0","918","1298","2217","188","316410","0","0","738","316598","317336"
"2026-01-07","port1137","Samarinda","Indonesia","IDN","1","0","1","0","1","2","3","0","0","795","0","0","795","795","0","0","1360","0","0","1360","1360"
"2026-01-08","port1137","Samarinda","Indonesia","IDN","1","3","0","0","0","4","4","0","0","0","0","0","0","0","0","71892","0","0","0","71892","71892"
"2026-01-09","port1137","Samarinda","Indonesia","IDN","0","3","1","0","1","4","5","0","0","0","0","918","0","918","0","188900","0","0","738","188900","189638"
"2026-01-10","port1137","Samarinda","Indonesia","IDN","2","2","1","0","1","5","6","3199","0","795","0","0","3994","3994","82","41224","1360","0","0","42667","42667"
"2026-01-11","port1137","Samarinda","Indonesia","IDN","1","0","0","0","0","1","1","611","0","0","0","0","611","611","0","0","0","0","0","0","0"
"2026-01-12","port1137","Samarinda","Indonesia","IDN","0","5","0","0","1","5","6","0","0","0","0","0","0","0","0","228313","0","0","4899","228313","233213"
"2026-01-13","port1137","Samarinda","Indonesia","IDN","1","2","0","0","1","3","4","1674","0","0","0","0","1674","1674","0","129914","0","0","0","129914","129914"
"2026-01-14","port1137","Samarinda","Indonesia","IDN","1","3","1","0","0","5","5","1452","0","795","0","0","2248","2248","0","131517","1360","0","0","132878","132878"
"2026-01-15","port1137","Samarinda","Indonesia","IDN","1","5","0","0","1","6","7","0","0","0","0","0","0","0","0","128961","0","0","0","128961","128961"
"2026-01-16","port1137","Samarinda","Indonesia","IDN","0","1","1","0","0","2","2","0","0","0","0","0","0","0","0","78316","643","0","0","78959","78959"
"2026-01-17","port1137","Samarinda","Indonesia","IDN","2","3","0","0","0","5","5","5286","0","0","0","0","5286","5286","0","115737","0","0","0","115737","115737"
"2026-01-18","port1137","Samarinda","Indonesia","IDN","0","3","0","0","0","3","3","0","0","0","0","0","0","0","0","132590","0","0","0","132590","132590"
"2026-01-19","port1137","Samarinda","Indonesia","IDN","0","6","2","0","2","8","10","0","0","1770","0","918","1770","2689","0","282694","0","0","738","282694","283432"
"2026-01-20","port1137","Samarinda","Indonesia","IDN","1","5","1","0","1","7","8","826","0","0","0","1207","826","2033","0","230648","0","0","389","230648","231038"
"2026-01-21","port1137","Samarinda","Indonesia","IDN","1","3","0","0","0","4","4","0","0","0","0","0","0","0","0","24804","0","0","0","24804","24804"
"2026-01-22","port1137","Samarinda","Indonesia","IDN","2","1","0","0","2","3","5","1298","0","0","0","918","1298","2217","188","1085","0","0","2301","1273","3574"
"2026-01-23","port1137","Samarinda","Indonesia","IDN","1","0","1","0","1","2","3","1674","0","1515","0","9812","3189","13002","0","0","0","0","0","0","0"
"2026-01-24","port1137","Samarinda","Indonesia","IDN","0","2","0","0","1","2","3","0","0","0","0","0","0","0","0","95109","0","0","0","95109","95109"
"2026-01-25","port1137","Samarinda","Indonesia","IDN","1","3","1","0","1","5","6","1852","0","0","0","918","1852","2771","0","150703","7972","0","738","158675","159413"
"2026-01-26","port1137","Samarinda","Indonesia","IDN","1","1","0","0","0","2","2","1142","0","0","0","0","1142","1142","0","0","0","0","0","0","0"
"2026-01-27","port1137","Samarinda","Indonesia","IDN","0","1","1","0","2","2","4","0","0","515","0","0","515","515","0","46981","0","0","4045","46981","51027"
"2026-01-28","port1137","Samarinda","Indonesia","IDN","0","4","0","0","1","4","5","0","0","0","0","918","0","918","0","148247","0","0","738","148247","148985"
"2026-01-29","port1137","Samarinda","Indonesia","IDN","2","4","2","0","1","8","9","1658","0","656","0","0","2315","2315","0","128411","0","0","0","128411","128411"
"2026-01-30","port1137","Samarinda","Indonesia","IDN","1","1","0","0","0","2","2","1246","0","0","0","0","1246","1246","0","26031","0","0","0","26031","26031"
"2026-01-31","port1137","Samarinda","Indonesia","IDN","2","2","0","0","1","4","5","2088","0","0","0","0","2088","2088","0","88373","0","0","175","88373","88548"
"2026-02-01","port1137","Samarinda","Indonesia","IDN","0","1","0","0","1","1","2","0","0","0","0","0","0","0","0","41224","0","0","0","41224","41224"
"2026-02-02","port1137","Samarinda","Indonesia","IDN","0","2","2","0","1","4","5","0","0","60","0","0","60","60","0","53266","56","0","0","53323","53323"
"2026-02-03","port1137","Samarinda","Indonesia","IDN","2","3","1","0","0","6","6","2900","0","2375","0","0","5276","5276","412","112316","0","0","0","112729","112729"
"2026-02-04","port1137","Samarinda","Indonesia","IDN","0","4","0","0","1","4","5","0","0","0","0","918","0","918","0","60514","0","0","738","60514","61252"
"2026-02-05","port1137","Samarinda","Indonesia","IDN","1","6","0","0","2","7","9","1466","0","0","0","1836","1466","3303","0","215577","0","0","1476","215577","217053"
"2026-02-06","port1137","Samarinda","Indonesia","IDN","2","2","1","0","0","5","5","1298","0","795","0","0","2093","2093","188","90895","1360","0","0","92443","92443"
"2026-02-07","port1137","Samarinda","Indonesia","IDN","0","6","0","0","0","6","6","0","0","0","0","0","0","0","0","249487","0","0","0","249487","249487"
"2026-02-08","port1137","Samarinda","Indonesia","IDN","1","2","0","0","0","3","3","2056","0","0","0","0","2056","2056","0","49908","0","0","0","49908","49908"
"2026-02-09","port1137","Samarinda","Indonesia","IDN","1","3","1","0","0","5","5","0","0","0","0","0","0","0","0","150620","0","0","0","150620","150620"
"2026-02-10","port1137","Samarinda","Indonesia","IDN","0","3","2","0","2","5","7","0","0","2344","0","918","2344","3263","0","91031","1360","0","738","92392","93130"
"2026-02-11","port1137","Samarinda","Indonesia","IDN","0","3","0","0","0","3","3","0","0","0","0","0","0","0","0","84959","0","0","0","84959","84959"
"2026-02-12","port1137","Samarinda","Indonesia","IDN","1","8","0","0","1","9","10","1298","0","0","0","0","1298","1298","188","225025","0","0","0","225213","225213"
"2026-02-13","port1137","Samarinda","Indonesia","IDN","1","3","0","0","2","4","6","1298","0","0","0","918","1298","2217","188","82448","0","0","738","82636","83374"
"2026-02-14","port1137","Samarinda","Indonesia","IDN","2","5","2","0","0","9","9","2987","0","2292","0","0","5279","5279","0","185533","297","0","0","185831","185831"
"2026-02-15","port1137","Samarinda","Indonesia","IDN","2","1","1","0","1","4","5","4199","0","795","0","918","4994","5912","188","54362","1360","0","738","55911","56649"
"2026-02-16","port1137","Samarinda","Indonesia","IDN","1","3","0","0","1","4","5","2069","0","0","0","894","2069","2963","0","222449","0","0","0","222449","222449"
"2026-02-17","port1137","Samarinda","Indonesia","IDN","1","1","1","0","0","3","3","0","0","60","0","0","60","60","0","0","56","0","0","56","56"
"2026-02-18","port1137","Samarinda","Indonesia","IDN","0","2","1","0","0","3","3","0","0","0","0","0","0","0","0","58213","0","0","0","58213","58213"
"2026-02-19","port1137","Samarinda","Indonesia","IDN","2","5","0","0","3","7","10","1298","0","0","0","23238","1298","24536","188","183628","0","0","650","183816","184467"
"2026-02-20","port1137","Samarinda","Indonesia","IDN","2","3","0","0","0","5","5","2328","0","0","0","0","2328","2328","188","53242","0","0","0","53430","53430"
"2026-02-21","port1137","Samarinda","Indonesia","IDN","2","4","0","0","1","6","7","3706","0","0","0","918","3706","4625","0","213425","0","0","738","213425","214163"
"2026-02-22","port1137","Samarinda","Indonesia","IDN","1","2","1","0","1","4","5","0","0","1531","0","2705","1531","4237","0","66","0","0","93","66","159"
"2026-02-23","port1137","Samarinda","Indonesia","IDN","1","4","0","0","0","5","5","1298","0","0","0","0","1298","1298","188","101776","0","0","0","101964","101964"
"2026-02-24","port1137","Samarinda","Indonesia","IDN","1","1","0","0","1","2","3","1298","0","0","0","918","1298","2217","188","50822","0","0","738","51010","51748"
"2026-02-25","port1137","Samarinda","Indonesia","IDN","0","4","2","0","1","6","7","0","0","2067","0","0","2067","2067","0","158119","1360","0","0","159479","159479"
"2026-02-26","port1137","Samarinda","Indonesia","IDN","0","3","0","0","0","3","3","0","0","0","0","0","0","0","0","76536","0","0","0","76536","76536"
"2026-02-27","port1137","Samarinda","Indonesia","IDN","0","3","3","0","0","6","6","0","0","1649","0","0","1649","1649","0","58534","1360","0","0","59895","59895"
"2026-02-28","port1137","Samarinda","Indonesia","IDN","2","0","1","0","0","3","3","5588","0","776","0","0","6364","6364","188","0","297","0","0","485","485"
"2026-03-01","port1137","Samarinda","Indonesia","IDN","1","2","0","0","0","3","3","1452","0","0","0","0","1452","1452","0","752","0","0","0","752","752"
"2026-03-02","port1137","Samarinda","Indonesia","IDN","1","2","0","0","0","3","3","0","0","0","0","0","0","0","0","148217","0","0","0","148217","148217"
"2026-03-03","port1137","Samarinda","Indonesia","IDN","2","3","0","0","0","5","5","1441","0","0","0","0","1441","1441","0","149015","0","0","0","149015","149015"
"2026-03-04","port1137","Samarinda","Indonesia","IDN","1","0","0","0","1","1","2","822","0","0","0","0","822","822","0","0","0","0","855","0","855"
"2026-03-05","port1137","Samarinda","Indonesia","IDN","1","0","0","0","0","1","1","1298","0","0","0","0","1298","1298","188","0","0","0","0","188","188"
"2026-03-06","port1137","Samarinda","Indonesia","IDN","0","4","0","0","1","4","5","0","0","0","0","0","0","0","0","204965","0","0","0","204965","204965"
"2026-03-07","port1137","Samarinda","Indonesia","IDN","0","3","1","0","2","4","6","0","0","516","0","0","516","516","0","136225","0","0","0","136225","136225"
"2026-03-08","port1137","Samarinda","Indonesia","IDN","1","3","0","0","1","4","5","1298","0","0","0","1207","1298","2506","188","101914","0","0","389","102102","102492"
"2026-03-09","port1137","Samarinda","Indonesia","IDN","1","4","0","0","0","5","5","0","0","0","0","0","0","0","206","90029","0","0","0","90235","90235"
"2026-03-10","port1137","Samarinda","Indonesia","IDN","0","1","0","0","1","1","2","0","0","0","0","4572","0","4572","0","58641","0","0","0","58641","58641"
"2026-03-11","port1137","Samarinda","Indonesia","IDN","1","1","1","0","0","3","3","0","0","1022","0","0","1022","1022","0","0","0","0","0","0","0"
"2026-03-12","port1137","Samarinda","Indonesia","IDN","1","1","0","0","0","2","2","0","0","0","0","0","0","0","0","41224","0","0","0","41224","41224"
"2026-03-13","port1137","Samarinda","Indonesia","IDN","1","2","1","0","2","4","6","1529","0","1752","0","0","3281","3281","0","72551","0","0","641","72551","73192"
"2026-03-14","port1137","Samarinda","Indonesia","IDN","1","3","1","0","1","5","6","1298","0","0","0","0","1298","1298","188","77569","0","0","0","77757","77757"
"2026-03-15","port1137","Samarinda","Indonesia","IDN","1","1","0","0","0","2","2","1025","0","0","0","0","1025","1025","0","0","0","0","0","0","0"
"2026-03-16","port1137","Samarinda","Indonesia","IDN","2","7","0","0","2","9","11","2545","0","0","0","918","2545","3463","188","222317","0","0","738","222505","223244"
"2026-03-17","port1137","Samarinda","Indonesia","IDN","1","1","1","0","2","3","5","1298","0","0","0","1149","1298","2448","188","41224","8439","0","738","49852","50590"
"2026-03-18","port1137","Samarinda","Indonesia","IDN","1","2","0","0","0","3","3","3170","0","0","0","0","3170","3170","0","67928","0","0","0","67928","67928"
"2026-03-19","port1137","Samarinda","Indonesia","IDN","1","2","0","0","2","3","5","1645","0","0","0","3885","1645","5530","0","0","0","0","389","0","389"
"2026-03-20","port1137","Samarinda","Indonesia","IDN","0","2","0","0","2","2","4","0","0","0","0","0","0","0","0","64296","0","0","7595","64296","71891"
"2026-03-21","port1137","Samarinda","Indonesia","IDN","0","2","1","0","0","3","3","0","0","60","0","0","60","60","0","119549","56","0","0","119606","119606"
"2026-03-22","port1137","Samarinda","Indonesia","IDN","0","4","0","0","0","4","4","0","0","0","0","0","0","0","0","103955","0","0","0","103955","103955"
"2026-03-23","port1137","Samarinda","Indonesia","IDN","2","2","0","0","0","4","4","0","0","0","0","0","0","0","0","61255","0","0","0","61255","61255"
"2026-03-24","port1137","Samarinda","Indonesia","IDN","1","1","0","0","1","2","3","1298","0","0","0","0","1298","1298","188","81667","0","0","0","81855","81855"
"2026-03-25","port1137","Samarinda","Indonesia","IDN","1","0","1","0","0","2","2","0","0","1383","0","0","1383","1383","0","0","0","0","0","0","0"
"2026-03-26","port1137","Samarinda","Indonesia","IDN","1","4","1","0","0","6","6","1298","0","0","0","0","1298","1298","188","242232","12489","0","0","254909","254909"
"2026-03-27","port1137","Samarinda","Indonesia","IDN","1","5","0","0","1","6","7","2074","0","0","0","918","2074","2992","0","239582","0","0","738","239582","240320"
"2026-03-28","port1137","Samarinda","Indonesia","IDN","0","1","1","0","1","2","3","0","0","2165","0","0","2165","2165","0","41224","0","0","0","41224","41224"
"2026-03-29","port1137","Samarinda","Indonesia","IDN","0","0","0","0","0","0","0","0","0","0","0","0","0","0","0","0","0","0","0","0","0"
"2026-03-30","port1137","Samarinda","Indonesia","IDN","1","2","1","0","0","4","4","1298","0","0","0","0","1298","1298","188","43734","1300","0","0","45223","45223"
"2026-03-31","port1137","Samarinda","Indonesia","IDN","0","3","3","0","1","6","7","0","0","3307","0","918","3307","4225","0","117105","1360","0","738","118466","119204"
"2026-04-01","port1137","Samarinda","Indonesia","IDN","0","2","0","0","3","2","5","0","0","0","0","2635","0","2635","0","41224","0","0","3627","41224","44851"
"2026-04-02","port1137","Samarinda","Indonesia","IDN","0","3","3","0","0","6","6","0","0","1590","0","0","1590","1590","0","135577","2721","0","0","138299","138299"
"2026-04-03","port1137","Samarinda","Indonesia","IDN","2","3","0","0","0","5","5","0","0","0","0","0","0","0","0","185383","0","0","0","185383","185383"
"2026-04-04","port1137","Samarinda","Indonesia","IDN","1","4","0","0","0","5","5","1298","0","0","0","0","1298","1298","188","266078","0","0","0","266267","266267"
"2026-04-05","port1137","Samarinda","Indonesia","IDN","0","1","1","0","1","2","3","0","0","1974","0","0","1974","1974","0","71365","0","0","0","71365","71365"
"2026-04-06","port1137","Samarinda","Indonesia","IDN","1","5","1","0","0","7","7","840","0","795","0","0","1635","1635","0","136279","1360","0","0","137640","137640"
"2026-04-07","port1137","Samarinda","Indonesia","IDN","1","1","1","0","0","3","3","1298","0","60","0","0","1359","1359","188","72981","56","0","0","73226","73226"
"2026-04-08","port1137","Samarinda","Indonesia","IDN","1","7","0","0","1","8","9","1298","0","0","0","0","1298","1298","188","341072","0","0","0","341260","341260"
"2026-04-09","port1137","Samarinda","Indonesia","IDN","2","1","0","0","1","3","4","3111","0","0","0","2635","3111","5746","0","164121","0","0","3412","164121","167534"
"2026-04-10","port1137","Samarinda","Indonesia","IDN","3","1","0","0","2","4","6","2740","0","0","0","6031","2740","8771","0","53106","0","0","738","53106","53844"
"2026-04-11","port1137","Samarinda","Indonesia","IDN","1","0","1","0","0","2","2","2252","0","965","0","0","3218","3218","0","0","0","0","0","0","0"
"2026-04-12","port1137","Samarinda","Indonesia","IDN","1","2","0","0","0","3","3","2273","0","0","0","0","2273","2273","0","74179","0","0","0","74179","74179"
"2026-04-13","port1137","Samarinda","Indonesia","IDN","2","1","1","0","1","4","5","1298","0","776","0","0","2075","2075","188","72561","297","0","0","73046","73046"
"2026-04-14","port1137","Samarinda","Indonesia","IDN","0","2","0","0","1","2","3","0","0","0","0","0","0","0","0","65696","0","0","0","65696","65696"
"2026-04-15","port1137","Samarinda","Indonesia","IDN","2","5","0","0","0","7","7","2597","0","0","0","0","2597","2597","376","211886","0","0","0","212262","212262"
"2026-04-16","port1137","Samarinda","Indonesia","IDN","3","2","1","0","1","6","7","4769","0","0","0","918","4769","5687","188","0","7457","0","738","7645","8383"
"2026-04-17","port1137","Samarinda","Indonesia","IDN","0","2","0","0","0","2","2","0","0","0","0","0","0","0","0","88771","0","0","0","88771","88771"
"2026-04-18","port1137","Samarinda","Indonesia","IDN","1","3","0","0","0","4","4","0","0","0","0","0","0","0","0","20955","0","0","0","20955","20955"
"2026-04-19","port1137","Samarinda","Indonesia","IDN","0","1","0","0","1","1","2","0","0","0","0","0","0","0","0","0","0","0","0","0","0"
"2026-04-20","port1137","Samarinda","Indonesia","IDN","0","1","0","0","0","1","1","0","0","0","0","0","0","0","0","41224","0","0","0","41224","41224"
"2026-04-21","port1137","Samarinda","Indonesia","IDN","1","6","1","0","0","8","8","827","0","0","0","0","827","827","0","256162","0","0","0","256162","256162"
"2026-04-22","port1137","Samarinda","Indonesia","IDN","2","2","1","0","0","5","5","3738","0","0","0","0","3738","3738","0","61137","0","0","0","61137","61137"
"2026-04-23","port1137","Samarinda","Indonesia","IDN","1","3","1","0","0","5","5","0","0","60","0","0","60","60","0","163476","56","0","0","163533","163533"
"2026-04-24","port1137","Samarinda","Indonesia","IDN","1","2","1","0","0","4","4","1298","0","1207","0","0","2505","2505","188","125906","0","0","0","126094","126094"
"2026-04-25","port1137","Samarinda","Indonesia","IDN","2","4","0","0","2","6","8","3758","0","0","0","0","3758","3758","0","141177","0","0","8616","141177","149794"
"2026-04-26","port1137","Samarinda","Indonesia","IDN","3","2","1","0","0","6","6","2893","0","0","0","0","2893","2893","0","111769","0","0","0","111769","111769"
"2026-04-27","port1137","Samarinda","Indonesia","IDN","0","1","2","0","0","3","3","0","0","776","0","0","776","776","0","79276","297","0","0","79574","79574"
"2026-04-28","port1137","Samarinda","Indonesia","IDN","1","6","1","0","1","8","9","416","0","795","0","0","1211","1211","0","283571","1360","0","0","284932","284932"
"2026-04-29","port1137","Samarinda","Indonesia","IDN","1","4","0","0","1","5","6","1658","0","0","0","0","1658","1658","0","179193","0","0","0","179193","179193"
"2026-04-30","port1137","Samarinda","Indonesia","IDN","0","3","2","0","0","5","5","0","0","795","0","0","795","795","0","210800","1360","0","0","212160","212160"
"2026-05-01","port1137","Samarinda","Indonesia","IDN","2","2","0","0","2","4","6","837","0","0","0","918","837","1755","0","75107","0","0","738","75107","75845"
"2026-05-02","port1137","Samarinda","Indonesia","IDN","0","3","1","0","1","4","5","0","0","0","0","199","0","199","0","160208","0","0","0","160208","160208"
"2026-05-03","port1137","Samarinda","Indonesia","IDN","2","2","0","0","1","4","5","3367","0","0","0","0","3367","3367","188","150876","0","0","0","151064","151064"
"2026-05-04","port1137","Samarinda","Indonesia","IDN","1","1","1","0","1","3","4","1638","0","795","0","0","2433","2433","0","0","1360","0","0","1360","1360"
"2026-05-05","port1137","Samarinda","Indonesia","IDN","2","2","1","0","0","5","5","1298","0","795","0","0","2093","2093","188","123882","1360","0","0","125431","125431"
"2026-05-06","port1137","Samarinda","Indonesia","IDN","1","2","0","0","0","3","3","1658","0","0","0","0","1658","1658","0","158477","0","0","0","158477","158477"
"2026-05-07","port1137","Samarinda","Indonesia","IDN","1","3","1","0","0","5","5","1246","0","0","0","0","1246","1246","0","136139","0","0","0","136139","136139"
"2026-05-08","port1137","Samarinda","Indonesia","IDN","1","2","0","0","0","3","3","2128","0","0","0","0","2128","2128","0","146202","0","0","0","146202","146202"
"2026-05-09","port1137","Samarinda","Indonesia","IDN","1","4","0","0","1","5","6","1298","0","0","0","0","1298","1298","188","177888","0","0","0","178076","178076"
"2026-05-10","port1137","Samarinda","Indonesia","IDN","2","2","1","0","1","5","6","2069","0","60","0","918","2129","3048","0","93780","56","0","738","93837","94575"
"2026-05-11","port1137","Samarinda","Indonesia","IDN","2","7","0","0","1","9","10","3910","0","0","0","0","3910","3910","188","263681","0","0","0","263869","263869"
"2026-05-12","port1137","Samarinda","Indonesia","IDN","0","1","3","0","0","4","4","0","0","3827","0","0","3827","3827","0","0","5980","0","0","5980","5980"
"2026-05-13","port1137","Samarinda","Indonesia","IDN","2","1","1","0","1","4","5","1298","0","0","0","918","1298","2217","188","50952","0","0","738","51140","51879"
"2026-05-14","port1137","Samarinda","Indonesia","IDN","1","4","0","0","1","5","6","2069","0","0","0","918","2069","2987","0","215581","0","0","738","215581","216319"
"2026-05-15","port1137","Samarinda","Indonesia","IDN","3","3","1","0","0","7","7","1233","0","0","0","0","1233","1233","215","125795","0","0","0","126010","126010"
"2026-05-16","port1137","Samarinda","Indonesia","IDN","1","1","1","0","2","3","5","822","0","795","0","918","1617","2536","0","53259","1360","0","738","54620","55358"
"2026-05-17","port1137","Samarinda","Indonesia","IDN","1","6","0","0","0","7","7","616","0","0","0","0","616","616","0","229893","0","0","0","229893","229893"
"2026-05-18","port1137","Samarinda","Indonesia","IDN","1","3","0","0","0","4","4","1298","0","0","0","0","1298","1298","188","97383","0","0","0","97571","97571"
"2026-05-19","port1137","Samarinda","Indonesia","IDN","0","5","2","0","1","7","8","0","0","2205","0","400","2205","2606","0","277907","1360","0","0","279268","279268"
"2026-05-20","port1137","Samarinda","Indonesia","IDN","3","1","0","0","0","4","4","2680","0","0","0","0","2680","2680","610","41224","0","0","0","41835","41835"
"2026-05-21","port1137","Samarinda","Indonesia","IDN","1","2","0","0","1","3","4","1659","0","0","0","0","1659","1659","0","0","0","0","0","0","0"
"2026-05-22","port1137","Samarinda","Indonesia","IDN","2","2","1","0","1","5","6","1298","0","0","0","918","1298","2217","188","53056","512","0","738","53757","54495"
"2026-05-23","port1137","Samarinda","Indonesia","IDN","0","3","1","0","0","4","4","0","0","2416","0","0","2416","2416","0","154382","0","0","0","154382","154382"
"2026-05-24","port1137","Samarinda","Indonesia","IDN","1","4","1","0","1","6","7","2069","0","0","0","0","2069","2069","0","207070","599","0","0","207670","207670"
"2026-05-25","port1137","Samarinda","Indonesia","IDN","1","5","1","1","0","8","8","1298","0","0","0","0","1298","1298","188","135054","0","0","0","135242","135242"
"2026-05-26","port1137","Samarinda","Indonesia","IDN","0","2","0","0","2","2","4","0","0","0","0","918","0","918","0","0","0","0","738","0","738"
"2026-05-27","port1137","Samarinda","Indonesia","IDN","3","2","2","0","0","7","7","2335","0","855","0","0","3191","3191","0","100308","1417","0","0","101726","101726"
"2026-05-28","port1137","Samarinda","Indonesia","IDN","0","0","1","0","1","1","2","0","0","0","0","0","0","0","0","0","0","0","0","0","0"
"2026-05-29","port1137","Samarinda","Indonesia","IDN","1","5","1","0","1","7","8","820","0","1863","0","918","2684","3602","0","195694","0","0","738","195694","196432"
"2026-05-30","port1137","Samarinda","Indonesia","IDN","2","6","0","0","1","8","9","2273","0","0","0","0","2273","2273","0","283830","0","0","0","283830","283830"
"2026-05-31","port1137","Samarinda","Indonesia","IDN","1","2","1","0","1","4","5","1658","0","1569","0","2877","3228","6106","0","292022","0","0","242","292022","292264"
"2026-06-01","port1137","Samarinda","Indonesia","IDN","2","3","0","0","1","5","6","2751","0","0","0","918","2751","3670","188","180602","0","0","738","180790","181528"
"2026-06-02","port1137","Samarinda","Indonesia","IDN","0","2","0","0","0","2","2","0","0","0","0","0","0","0","0","76226","0","0","0","76226","76226"
"2026-06-03","port1137","Samarinda","Indonesia","IDN","0","3","0","0","0","3","3","0","0","0","0","0","0","0","0","71497","0","0","0","71497","71497"
"2026-06-04","port1137","Samarinda","Indonesia","IDN","1","3","0","0","2","4","6","1797","0","0","0","918","1797","2715","0","69276","0","0","738","69276","70014"
"2026-06-05","port1137","Samarinda","Indonesia","IDN","2","2","0","0","1","4","5","1298","0","0","0","0","1298","1298","188","71930","0","0","0","72118","72118"
"2026-06-06","port1137","Samarinda","Indonesia","IDN","2","6","0","0","0","8","8","2259","0","0","0","0","2259","2259","0","264261","0","0","0","264261","264261"
"2026-06-07","port1137","Samarinda","Indonesia","IDN","1","3","0","0","0","4","4","0","0","0","0","0","0","0","0","190679","0","0","0","190679","190679"
"2026-06-08","port1137","Samarinda","Indonesia","IDN","2","2","1","0","0","5","5","3775","0","0","0","0","3775","3775","188","139249","12489","0","0","151926","151926"
"2026-06-09","port1137","Samarinda","Indonesia","IDN","0","1","2","0","0","3","3","0","0","1590","0","0","1590","1590","0","35118","2721","0","0","37840","37840"
"2026-06-10","port1137","Samarinda","Indonesia","IDN","0","2","0","1","0","3","3","0","0","0","0","0","0","0","0","91529","0","0","0","91529","91529"
"2026-06-11","port1137","Samarinda","Indonesia","IDN","0","2","1","0","0","3","3","0","0","275","0","0","275","275","0","129507","0","0","0","129507","129507"
"2026-06-12","port1137","Samarinda","Indonesia","IDN","2","3","0","0","1","5","6","1505","0","0","0","918","1505","2424","188","130824","0","0","738","131012","131750"
"2026-06-13","port1137","Samarinda","Indonesia","IDN","2","1","0","0","0","3","3","1658","0","0","0","0","1658","1658","0","72378","0","0","0","72378","72378"
"2026-06-14","port1137","Samarinda","Indonesia","IDN","2","1","0","0","0","3","3","2836","0","0","0","0","2836","2836","0","53266","0","0","0","53266","53266"
"2026-06-15","port1137","Samarinda","Indonesia","IDN","1","4","1","0","1","6","7","1298","0","0","0","0","1298","1298","188","164328","12489","0","0","177005","177005"
"2026-06-16","port1137","Samarinda","Indonesia","IDN","2","4","1","0","0","7","7","1256","0","60","0","0","1316","1316","0","265765","56","0","0","265822","265822"
"2026-06-17","port1137","Samarinda","Indonesia","IDN","1","2","3","0","1","6","7","0","0","1508","0","918","1508","2427","1576","144545","705","0","738","146828","147566"
"2026-06-18","port1137","Samarinda","Indonesia","IDN","1","4","1","0","1","6","7","414","0","0","0","918","414","1333","0","217867","0","0","738","217867","218605"
"2026-06-19","port1137","Samarinda","Indonesia","IDN","1","1","1","0","0","3","3","1298","0","0","0","0","1298","1298","188","64170","0","0","0","64358","64358"
"2026-06-20","port1137","Samarinda","Indonesia","IDN","1","3","0","0","0","4","4","1864","0","0","0","0","1864","1864","0","177364","0","0","0","177364","177364"
"2026-06-21","port1137","Samarinda","Indonesia","IDN","1","5","0","0","0","6","6","1557","0","0","0","0","1557","1557","82","188214","0","0","0","188296","188296"
"2026-06-22","port1137","Samarinda","Indonesia","IDN","2","1","0","0","0","3","3","1298","0","0","0","0","1298","1298","188","68319","0","0","0","68507","68507"
"2026-06-23","port1137","Samarinda","Indonesia","IDN","2","1","0","0","1","3","4","509","0","0","0","918","509","1428","0","72814","0","0","738","72814","73552"
"2026-06-24","port1137","Samarinda","Indonesia","IDN","1","1","2","0","2","4","6","962","0","1590","0","1218","2552","3771","0","26642","2721","0","738","29363","30101"
"2026-06-25","port1137","Samarinda","Indonesia","IDN","0","0","1","0","1","1","2","0","0","795","0","918","795","1713","0","0","1360","0","738","1360","2099"
"2026-06-26","port1137","Samarinda","Indonesia","IDN","1","1","0","0","0","2","2","1453","0","0","0","0","1453","1453","0","38230","0","0","0","38230","38230"
"2026-06-27","port1137","Samarinda","Indonesia","IDN","0","2","1","0","0","3","3","0","0","486","0","0","486","486","0","75866","0","0","0","75866","75866"
"2026-06-28","port1137","Samarinda","Indonesia","IDN","2","3","0","0","0","5","5","1298","0","0","0","0","1298","1298","783","112220","0","0","0","113003","113003"
"2026-06-29","port1137","Samarinda","Indonesia","IDN","1","2","1","1","1","5","6","0","0","0","0","63254","0","63254","762","112157","0","0","0","112920","112920"
"2026-06-30","port1137","Samarinda","Indonesia","IDN","4","1","2","0","0","7","7","3162","0","2233","0","0","5395","5395","188","59145","0","0","0","59333","59333"
"2026-07-01","port1137","Samarinda","Indonesia","IDN","1","3","1","0","1","5","6","2477","0","0","0","0","2477","2477","0","147266","0","0","0","147266","147266"
"2026-07-02","port1137","Samarinda","Indonesia","IDN","0","3","0","0","0","3","3","0","0","0","0","0","0","0","0","57824","0","0","0","57824","57824"
"2026-07-03","port1137","Samarinda","Indonesia","IDN","3","0","0","0","0","3","3","3362","0","0","0","0","3362","3362","188","0","0","0","0","188","188"
"2026-07-04","port1137","Samarinda","Indonesia","IDN","1","5","0","0","0","6","6","1401","0","0","0","0","1401","1401","0","194925","0","0","0","194925","194925"
"2026-07-05","port1137","Samarinda","Indonesia","IDN","0","5","0","0","1","5","6","0","0","0","0","918","0","918","0","113706","0","0","738","113706","114444"
"2026-07-06","port1137","Samarinda","Indonesia","IDN","0","1","0","0","0","1","1","0","0","0","0","0","0","0","0","71409","0","0","0","71409","71409"
"2026-07-07","port1137","Samarinda","Indonesia","IDN","1","1","2","0","0","4","4","413","0","0","0","0","413","413","0","75069","7850","0","0","82920","82920"
"2026-07-08","port1137","Samarinda","Indonesia","IDN","1","3","3","0","1","7","8","2069","0","795","0","0","2864","2864","0","46950","1530","0","3713","48480","52193"
"2026-07-09","port1137","Samarinda","Indonesia","IDN","2","3","0","0","1","5","6","1298","0","0","0","0","1298","1298","188","201991","0","0","4294","202179","206474"
"2026-07-10","port1137","Samarinda","Indonesia","IDN","1","2","0","0","1","3","4","0","0","0","0","918","0","918","0","42798","0","0","738","42798","43536"
"2026-07-11","port1137","Samarinda","Indonesia","IDN","0","1","1","0","0","2","2","0","0","914","0","0","914","914","0","0","0","0","0","0","0"
"2026-07-12","port1137","Samarinda","Indonesia","IDN","1","5","0","0","0","6","6","1298","0","0","0","0","1298","1298","188","214572","0","0","0","214760","214760"
"2026-07-13","port1137","Samarinda","Indonesia","IDN","0","2","0","0","2","2","4","0","0","0","0","64173","0","64173","0","685","0","0","738","685","1423"
"2026-07-14","port1137","Samarinda","Indonesia","IDN","3","0","0","0","0","3","3","2751","0","0","0","0","2751","2751","805","0","0","0","0","805","805"
"2026-07-15","port1137","Samarinda","Indonesia","IDN","0","1","1","0","2","2","4","0","0","0","0","918","0","918","0","30180","0","0","738","30180","30918"
"2026-07-16","port1137","Samarinda","Indonesia","IDN","1","2","0","0","1","3","4","1298","0","0","0","918","1298","2217","188","41224","0","0","738","41412","42150"
"2026-07-17","port1137","Samarinda","Indonesia","IDN","1","4","1","0","0","6","6","1381","0","1531","0","0","2913","2913","0","173566","0","0","0","173566","173566"
"2026-07-18","port1137","Samarinda","Indonesia","IDN","2","2","0","0","0","4","4","1446","0","0","0","0","1446","1446","0","157232","0","0","0","157232","157232"
"2026-07-19","port1137","Samarinda","Indonesia","IDN","2","2","1","0","0","5","5","2457","0","1407","0","0","3864","3864","0","78227","0","0","0","78227","78227"
"2026-07-20","port1137","Samarinda","Indonesia","IDN","1","2","0","0","1","3","4","0","0","0","0","4400","0","4400","0","82448","0","0","0","82448","82448"
"2026-07-21","port1137","Samarinda","Indonesia","IDN","1","5","0","0","0","6","6","1298","0","0","0","0","1298","1298","188","294898","0","0","0","295086","295086"
"2026-07-22","port1137","Samarinda","Indonesia","IDN","1","5","2","0","0","8","8","1658","0","747","0","0","2406","2406","0","219910","56","0","0","219967","219967"
"2026-07-23","port1137","Samarinda","Indonesia","IDN","1","2","1","0","2","4","6","1298","0","795","0","3596","2093","5690","188","131245","1360","0","738","132794","133532"
"2026-07-24","port1137","Samarinda","Indonesia","IDN","0","3","0","0","0","3","3","0","0","0","0","0","0","0","0","165842","0","0","0","165842","165842"
"2026-07-25","port1137","Samarinda","Indonesia","IDN","2","2","0","0","0","4","4","3317","0","0","0","0","3317","3317","0","65080","0","0","0","65080","65080"
"2026-07-26","port1137","Samarinda","Indonesia","IDN","2","1","1","0","2","4","6","1298","0","2178","0","1836","3477","5314","188","52947","0","0","1476","53136","54612"
"2026-07-27","port1137","Samarinda","Indonesia","IDN","2","6","1","0","1","9","10","1037","0","0","0","22030","1037","23068","0","324170","0","0","260","324170","324431"
"2026-07-28","port1137","Samarinda","Indonesia","IDN","1","0","2","0","0","3","3","2088","0","1805","0","0","3893","3893","0","0","1360","0","0","1360","1360"
"2026-07-29","port1137","Samarinda","Indonesia","IDN","2","1","0","0","2","3","5","3978","0","0","0","3169","3978","7148","0","64274","0","0","0","64274","64274"
"2026-07-30","port1137","Samarinda","Indonesia","IDN","0","4","0","0","0","4","4","0","0","0","0","0","0","0","0","154539","0","0","0","154539","154539"
"2026-07-31","port1137","Samarinda","Indonesia","IDN","2","1","1","0","0","4","4","2597","0","795","0","0","3392","3392","376","86819","1360","0","0","88556","88556"
"2026-08-01","port1137","Samarinda","Indonesia","IDN","2","2","0","0","0","4","4","1637","0","0","0","0","1637","1637","0","149443","0","0","0","149443","149443"
"2026-08-02","port1137","Samarinda","Indonesia","IDN","2","4","1","0","2","7","9","3336","0","1140","0","918","4476","5395","0","166865","0","0","738","166865","167603"
"2026-08-03","port1137","Samarinda","Indonesia","IDN","1","4","1","0","1","6","7","0","0","0","0","2635","0","2635","0","230936","0","0","3412","230936","234349"
"2026-08-04","port1137","Samarinda","Indonesia","IDN","2","2","0","0","1","4","5","1913","0","0","0","918","1913","2832","0","43651","0","0","738","43651","44389"
"2026-08-05","port1137","Samarinda","Indonesia","IDN","1","1","1","0","1","3","4","1864","0","0","0","918","1864","2782","0","41224","0","0","738","41224","41962"
"2026-08-06","port1137","Samarinda","Indonesia","IDN","0","2","0","0","1","2","3","0","0","0","0","2635","0","2635","0","82448","0","0","3412","82448","85861"
"2026-08-07","port1137","Samarinda","Indonesia","IDN","0","3","0","0","2","3","5","0","0","0","0","918","0","918","0","131383","0","0","738","131383","132122"
"2026-08-08","port1137","Samarinda","Indonesia","IDN","2","2","1","0","3","5","8","1710","0","1699","0","3842","3410","7253","188","101112","0","0","8203","101300","109503"
"2026-08-09","port1137","Samarinda","Indonesia","IDN","2","1","1","0","0","4","4","3264","0","60","0","0","3325","3325","0","41224","56","0","0","41280","41280"
"2026-08-10","port1137","Samarinda","Indonesia","IDN","2","0","0","0","0","2","2","618","0","0","0","0","618","618","1682","0","0","0","0","1682","1682"
"2026-08-11","port1137","Samarinda","Indonesia","IDN","1","1","1","0","0","3","3","0","0","1314","0","0","1314","1314","0","61121","0","0","0","61121","61121"
"2026-08-12","port1137","Samarinda","Indonesia","IDN","2","3","1","0","1","6","7","2069","0","795","0","918","2864","3782","0","123672","1360","0","738","125033","125771"
"2026-08-13","port1137","Samarinda","Indonesia","IDN","2","4","0","0","1","6","7","2118","0","0","0","918","2118","3036","188","148278","0","0","738","148466","149204"
"2026-08-14","port1137","Samarinda","Indonesia","IDN","0","1","1","0","0","2","2","0","0","795","0","0","795","795","0","41224","1360","0","0","42585","42585"
2026-08-15,port1137,Samarinda,Indonesia,IDN,1,1,0,0,0,2,2,1658,0,0,0,0,1658,1658,0,55930,0,0,0,55930,55930
2026-08-16,port1137,Samarinda,Indonesia,IDN,0,4,2,0,1,6,7,0,0,0,0,0,0,0,0,122361,0,0,0,122361,122361
2026-08-17,port1137,Samarinda,Indonesia,IDN,2,4,0,0,0,6,6,2962,0,0,0,0,2962,2962,186,195854,0,0,0,196041,196041
2026-08-18,port1137,Samarinda,Indonesia,IDN,0,3,1,0,0,4,4,0,0,795,0,0,795,795,0,68369,1360,0,0,69730,69730
2026-08-19,port1137,Samarinda,Indonesia,IDN,3,2,1,0,0,6,6,2752,0,0,0,0,2752,2752,186,82531,5695,0,0,88413,88413
2026-08-20,port1137,Samarinda,Indonesia,IDN,1,3,0,0,0,4,4,0,0,0,0,0,0,0,0,97172,0,0,0,97172,97172
2026-08-21,port1137,Samarinda,Indonesia,IDN,0,1,0,0,3,1,4,0,0,0,0,1831,0,1831,0,65774,0,0,1495,65774,67269
2026-08-22,port1137,Samarinda,Indonesia,IDN,1,5,1,0,2,7,9,1864,0,795,0,1576,2659,4235,0,234086,1360,0,747,235447,236195
2026-08-23,port1137,Samarinda,Indonesia,IDN,0,1,0,0,0,1,1,0,0,0,0,0,0,0,0,20971,0,0,0,20971,20971
2026-08-24,port1137,Samarinda,Indonesia,IDN,1,4,0,0,0,5,5,1278,0,0,0,0,1278,1278,0,143790,0,0,0,143790,143790
2026-08-25,port1137,Samarinda,Indonesia,IDN,2,4,2,0,1,8,9,3070,0,2540,0,0,5611,5611,186,129680,1360,0,4228,131228,135456
2026-08-26,port1137,Samarinda,Indonesia,IDN,2,2,1,0,1,5,6,4467,0,60,0,915,4528,5444,0,113358,56,0,747,113415,114163
2026-08-27,port1137,Samarinda,Indonesia,IDN,2,2,0,0,1,4,5,1798,0,0,0,915,1798,2713,0,82531,0,0,747,82531,83279
2026-08-28,port1137,Samarinda,Indonesia,IDN,1,1,0,0,0,2,2,0,0,0,0,0,0,0,0,41265,0,0,0,41265,41265
