date,year,month,day,portid,portname,country,ISO3,portcalls_container,portcalls_dry_bulk,portcalls_general_cargo,portcalls_roro,portcalls_tanker,portcalls_cargo,portcalls,import_container,import_dry_bulk,import_general_cargo,import_roro,import_tanker,import_cargo,import,export_container,export_dry_bulk,export_general_cargo,export_roro,export_tanker,export_cargo,export,ObjectId
2022-02-13,2022,2,13,port1188,Shanghai,China,CHN,26,36,13,5,17,80,97,265943,203510,10286,749,39828,480490,520318,204613,248786,21949,11579,63607,486930,550537,186020
2021-01-09,2021,1,9,port1188,Shanghai,China,CHN,29,56,17,4,27,106,133,114284,546317,14052,817,86632,675471,762103,287260,396504,11294,2924,89979,697984,787963,186021
2019-01-01,2019,1,1,port1188,Shanghai,China,CHN,32,32,19,2,22,85,107,286811,434224,10967,817,35987,732820,768808,162502,125716,23605,2924,51527,314748,366276,186064
2019-01-02,2019,1,2,port1188,Shanghai,China,CHN,22,27,16,3,33,68,101,556926,406157,34478,817,74732,998380,1073113,352938,169298,6654,2924,41499,531816,573316,186065
2019-01-03,2019,1,3,port1188,Shanghai,China,CHN,27,45,16,2,20,90,110,327494,586124,21568,408,45882,935595,981477,158922,261889,34603,4416,17882,459832,477715,186066
2019-01-04,2019,1,4,port1188,Shanghai,China,CHN,16,20,15,3,11,54,65,141058,314470,18433,1226,86540,475188,561728,320532,272511,13538,4387,52674,610970,663645,186067
2019-01-05,2019,1,5,port1188,Shanghai,China,CHN,44,40,17,5,38,106,144,471817,438330,18511,817,127050,929476,1056527,479934,230493,16181,4642,306996,731251,1038248,186068
2019-01-06,2019,1,6,port1188,Shanghai,China,CHN,32,39,9,5,25,85,110,308417,323440,8651,1832,77434,642341,719776,256514,237699,7483,4387,66900,506085,572985,186069
2019-01-07,2019,1,7,port1188,Shanghai,China,CHN,42,34,17,7,26,100,126,446683,374098,17086,1741,119041,839609,958651,267996,261664,29853,5754,102053,565267,667321,186070
2019-01-08,2019,1,8,port1188,Shanghai,China,CHN,29,42,13,5,26,89,115,239770,671662,25915,1992,167560,939340,1106900,300716,193849,14443,1462,51811,510472,562284,186071
2019-01-09,2019,1,9,port1188,Shanghai,China,CHN,28,39,9,5,22,81,103,198581,375647,4493,1783,62616,580506,643123,331272,460866,33730,5570,150352,831440,981793,186072
2019-01-10,2019,1,10,port1188,Shanghai,China,CHN,27,44,15,2,20,88,108,122677,479445,13925,408,28044,616456,644500,295669,279044,13544,1837,110835,590095,700931,186073
2019-01-11,2019,1,11,port1188,Shanghai,China,CHN,39,38,12,6,35,95,130,406395,584223,18718,2276,114538,1011613,1126152,642921,132488,14819,14666,75165,804895,880061,186074
2019-01-12,2019,1,12,port1188,Shanghai,China,CHN,32,36,12,6,29,86,115,422791,364046,11436,2136,50587,800411,850999,301545,233437,26045,4698,128525,565726,694252,186075
2019-01-13,2019,1,13,port1188,Shanghai,China,CHN,31,41,20,2,21,94,115,484522,394174,10476,0,41444,889174,930618,286728,306778,22390,0,29115,615897,645012,186076
2019-01-14,2019,1,14,port1188,Shanghai,China,CHN,31,44,29,2,24,106,130,399410,692070,48321,817,91790,1140620,1232411,351301,596693,20973,2924,56471,971893,1028365,186077
2019-01-15,2019,1,15,port1188,Shanghai,China,CHN,35,37,12,5,24,89,113,174951,444962,7411,1635,31460,628961,660422,381854,317417,13853,6874,33149,720000,753149,186078
2019-01-16,2019,1,16,port1188,Shanghai,China,CHN,35,51,6,4,23,96,119,521140,342358,13767,1890,41123,879156,920280,361365,265468,5635,1462,73414,633931,707345,186079
2019-01-17,2019,1,17,port1188,Shanghai,China,CHN,26,39,20,2,24,87,111,210509,318884,15313,2560,75167,547267,622435,334122,323421,18497,0,47466,676041,723507,186080
2019-01-18,2019,1,18,port1188,Shanghai,China,CHN,30,31,17,2,27,80,107,134559,378727,10338,817,64280,524442,588723,443624,195302,50230,2924,40701,692082,732783,186081
2019-01-19,2019,1,19,port1188,Shanghai,China,CHN,31,34,9,6,22,80,102,253228,341311,11777,1226,78025,607544,685570,283822,294054,13335,4387,57242,595600,652842,186082
2019-01-20,2019,1,20,port1188,Shanghai,China,CHN,32,33,19,3,24,87,111,382224,311949,26715,817,65839,721706,787546,268441,172328,62592,2924,112977,506287,619264,186083
2019-01-21,2019,1,21,port1188,Shanghai,China,CHN,27,36,19,7,30,89,119,423692,339493,16774,1226,50213,781187,831400,381966,332959,17870,5562,82534,738359,820893,186084
2019-01-22,2019,1,22,port1188,Shanghai,China,CHN,33,42,24,3,25,102,127,404775,434059,28699,1226,114614,868760,983375,390687,312701,21270,4387,89609,729047,818656,186085
2019-01-23,2019,1,23,port1188,Shanghai,China,CHN,30,34,15,5,23,84,107,218354,454926,17847,5787,72572,696916,769488,438018,359320,7112,3799,29836,808250,838087,186086
2019-01-24,2019,1,24,port1188,Shanghai,China,CHN,19,32,5,1,18,57,75,248164,223175,2877,408,35975,474625,510601,291591,187759,12189,1462,62371,493002,555374,186087
2019-01-25,2019,1,25,port1188,Shanghai,China,CHN,38,41,25,6,32,110,142,577169,444155,17658,1734,104801,1040716,1145518,525962,335810,40126,4387,75472,906287,981759,186088
2019-01-26,2019,1,26,port1188,Shanghai,China,CHN,35,29,21,2,20,87,107,313488,159150,46564,408,25515,519612,545127,353294,231326,34736,1462,42130,620820,662951,186089
2019-01-27,2019,1,27,port1188,Shanghai,China,CHN,31,47,10,4,27,92,119,256483,508352,11946,817,104580,777600,882181,422602,351529,9078,7232,37476,790442,827918,186090
2019-01-28,2019,1,28,port1188,Shanghai,China,CHN,29,45,16,5,25,95,120,393688,398780,22943,1264,64863,816677,881541,363723,551531,33771,6482,22198,955508,977707,186091
2019-01-29,2019,1,29,port1188,Shanghai,China,CHN,30,34,9,4,17,77,94,447185,524560,3710,817,131393,976273,1107666,250009,148189,20639,12262,18916,431101,450017,186092
2019-01-30,2019,1,30,port1188,Shanghai,China,CHN,20,28,10,3,24,61,85,147093,221543,2877,1821,35282,373335,408618,252904,276110,10345,2053,161825,541413,703238,186093
2019-01-31,2019,1,31,port1188,Shanghai,China,CHN,33,26,12,1,21,72,93,142615,138493,18270,0,36020,299380,335400,498231,118196,17912,0,30291,634341,664632,186094
2019-02-01,2019,2,1,port1188,Shanghai,China,CHN,36,49,15,4,38,104,142,181674,386188,22035,3386,110937,593284,704222,540056,325590,16129,2924,39328,884701,924030,186095
2019-02-02,2019,2,2,port1188,Shanghai,China,CHN,33,44,17,4,20,98,118,156833,362371,35249,2241,63438,556696,620134,399902,472809,26260,1462,33117,900435,933552,186096
2019-02-03,2019,2,3,port1188,Shanghai,China,CHN,33,33,8,3,29,77,106,204868,234205,4101,4705,121812,447880,569693,414072,389622,8629,2996,64282,815320,879603,186097
2019-02-04,2019,2,4,port1188,Shanghai,China,CHN,20,22,12,3,11,57,68,127418,346304,7647,2462,20854,483832,504686,418100,73836,13599,2924,15573,508461,524034,186098
2019-02-05,2019,2,5,port1188,Shanghai,China,CHN,24,29,13,4,22,70,92,116951,409882,16306,817,83298,543958,627256,209150,187411,10640,8554,21970,415756,437727,186099
2019-02-06,2019,2,6,port1188,Shanghai,China,CHN,28,24,15,3,23,70,93,310970,272125,10918,3464,61688,597479,659167,251685,184161,18229,0,101112,454076,555188,186100
2019-02-07,2019,2,7,port1188,Shanghai,China,CHN,14,26,8,2,15,50,65,68602,265223,9026,817,86251,343669,429920,294363,352343,10243,2924,29915,659875,689790,186101
2019-02-08,2019,2,8,port1188,Shanghai,China,CHN,15,37,7,2,30,61,91,221949,478602,1764,0,36811,702316,739128,218372,413223,13952,0,63966,645549,709515,186102
2019-02-09,2019,2,9,port1188,Shanghai,China,CHN,24,24,8,1,26,57,83,498500,204174,14047,0,39090,716722,755813,148263,252680,6739,0,54981,407683,462665,186103
2019-02-10,2019,2,10,port1188,Shanghai,China,CHN,20,31,8,2,21,61,82,182830,507666,8034,1472,29703,700003,729706,171961,218616,24063,1182,91708,415825,507533,186104
2019-02-11,2019,2,11,port1188,Shanghai,China,CHN,28,28,11,4,21,71,92,396923,297154,17101,2775,115903,713953,829857,245866,251743,15959,4387,107014,517956,624971,186105
2019-02-12,2019,2,12,port1188,Shanghai,China,CHN,24,33,13,2,26,72,98,376774,497379,18015,408,63821,892578,956399,169352,374444,9875,6463,50737,560135,610873,186106
2019-02-13,2019,2,13,port1188,Shanghai,China,CHN,20,38,8,2,24,68,92,348193,377820,10042,408,167691,736464,904156,165907,220106,9145,4447,25837,399606,425444,186107
2019-02-14,2019,2,14,port1188,Shanghai,China,CHN,20,35,10,5,18,70,88,266203,656553,19022,1918,67199,943698,1010897,159214,66272,38569,1462,29546,265519,295065,186108
2019-02-15,2019,2,15,port1188,Shanghai,China,CHN,18,27,11,2,24,58,82,248220,312122,11395,2979,84679,574718,659397,128027,133662,5495,0,45031,267186,312217,186109
2019-02-16,2019,2,16,port1188,Shanghai,China,CHN,35,37,12,4,35,88,123,543803,179117,11401,8323,72509,742645,815155,214228,294585,9178,2924,104076,520917,624994,186110
2019-02-17,2019,2,17,port1188,Shanghai,China,CHN,23,34,13,5,23,75,98,157890,393502,22655,2167,40608,576214,616823,95600,331501,19218,1462,91130,447783,538914,186111
2019-02-18,2019,2,18,port1188,Shanghai,China,CHN,30,31,21,2,22,84,106,310093,434105,15342,3253,103062,762796,865858,146717,260046,18101,1462,90335,426327,516663,186112
2019-02-19,2019,2,19,port1188,Shanghai,China,CHN,29,46,13,3,18,91,109,371136,306018,13574,817,61567,691546,753113,296020,326411,15184,2924,75608,640541,716150,186113
2019-02-20,2019,2,20,port1188,Shanghai,China,CHN,23,36,15,2,38,76,114,237678,677984,38329,408,195521,954401,1149923,260478,115924,19342,3723,67827,399469,467296,186114
2019-02-21,2019,2,21,port1188,Shanghai,China,CHN,28,34,16,4,29,82,111,379727,454718,27856,408,42436,862711,905147,188607,386728,12645,1971,31865,589953,621818,186115
2019-02-22,2019,2,22,port1188,Shanghai,China,CHN,30,30,12,4,33,76,109,153704,241597,12807,1226,103530,409335,512866,262285,308135,26820,4387,69256,601629,670885,186116
2019-02-23,2019,2,23,port1188,Shanghai,China,CHN,39,42,17,4,26,102,128,431174,362470,27694,1635,98109,822976,921085,328087,510848,12605,5849,59738,857391,917130,186117
2019-02-24,2019,2,24,port1188,Shanghai,China,CHN,23,29,22,4,16,78,94,198759,265824,15254,446,24426,480284,504711,227113,322837,26566,2053,112732,578570,691303,186118
2019-02-25,2019,2,25,port1188,Shanghai,China,CHN,23,31,8,3,12,65,77,162402,116676,11540,2366,43696,292986,336682,143138,214058,11496,2924,38240,371617,409858,186119
2019-02-26,2019,2,26,port1188,Shanghai,China,CHN,33,47,33,6,36,119,155,181237,524207,56683,1603,89067,763732,852800,359320,780628,53021,4387,102768,1197357,1300125,186120
2019-02-27,2019,2,27,port1188,Shanghai,China,CHN,30,35,5,4,29,74,103,361171,374177,9607,1890,133098,746847,879946,268732,339467,1158,5070,104237,614429,718667,186121
2019-02-28,2019,2,28,port1188,Shanghai,China,CHN,44,26,9,4,19,83,102,638071,274247,15139,4184,24856,931642,956499,402041,293717,2273,2058,30144,700090,730234,186122
2019-03-01,2019,3,1,port1188,Shanghai,China,CHN,29,40,19,4,18,92,110,270972,283202,24570,1365,25144,580110,605254,347036,400526,33419,2924,15251,783907,799158,186123
2019-03-02,2019,3,2,port1188,Shanghai,China,CHN,30,44,8,5,31,87,118,166341,616621,28560,3005,69388,814528,883917,383838,342047,2629,3342,75557,731857,807415,186124
2019-03-03,2019,3,3,port1188,Shanghai,China,CHN,32,31,16,3,24,82,106,296082,251230,10069,408,80769,557791,638560,476998,260872,38899,4364,69176,781134,850311,186125
2019-03-04,2019,3,4,port1188,Shanghai,China,CHN,31,31,15,7,26,84,110,165094,299426,10732,2473,65705,477727,543433,361148,347425,14888,8861,76227,732323,808551,186126
2019-03-05,2019,3,5,port1188,Shanghai,China,CHN,23,25,13,4,13,65,78,183834,190353,21940,855,27600,396983,424584,189805,163139,7957,3515,16861,364417,381279,186127
2019-03-06,2019,3,6,port1188,Shanghai,China,CHN,25,45,22,3,26,95,121,313579,478522,25961,408,23161,818472,841633,192908,180292,35905,1462,77386,410569,487955,186128
2019-03-07,2019,3,7,port1188,Shanghai,China,CHN,40,45,21,5,23,111,134,437044,779521,20560,2775,36962,1239902,1276864,500458,343007,33422,8937,48647,885825,934473,186129
2019-03-08,2019,3,8,port1188,Shanghai,China,CHN,39,32,10,5,21,86,107,235415,347971,8833,817,92913,593038,685952,310500,160507,12388,2924,117668,486321,603989,186130
2019-03-09,2019,3,9,port1188,Shanghai,China,CHN,13,16,4,3,5,36,41,19253,135299,8398,855,14873,163807,178680,158161,87255,3842,3515,8644,252775,261420,186131
2019-03-10,2019,3,10,port1188,Shanghai,China,CHN,30,66,23,4,18,123,141,256017,610246,21552,2596,29674,890412,920087,285785,453963,28551,1462,44859,769762,814622,186132
2019-03-11,2019,3,11,port1188,Shanghai,China,CHN,29,49,15,5,15,98,113,459815,389466,19467,2366,9965,871116,881081,214603,346605,16531,4911,25304,582652,607956,186133
2019-03-12,2019,3,12,port1188,Shanghai,China,CHN,38,42,13,4,28,97,125,445580,435881,6791,5377,161505,893631,1055136,311204,244304,9618,2924,22006,568052,590058,186134
2019-03-13,2019,3,13,port1188,Shanghai,China,CHN,31,39,18,3,21,91,112,666850,359151,7954,0,62316,1033956,1096272,546621,315041,19908,4750,41406,886321,927727,186135
2019-03-14,2019,3,14,port1188,Shanghai,China,CHN,36,39,15,7,22,97,119,176263,563108,31436,5474,46785,776282,823067,423253,258275,17987,4387,26057,703904,729962,186136
2019-03-15,2019,3,15,port1188,Shanghai,China,CHN,31,38,15,6,28,90,118,317921,628891,17314,4464,79245,968593,1047838,337182,230277,13970,6350,105161,587780,692942,186137
2019-03-16,2019,3,16,port1188,Shanghai,China,CHN,30,29,18,6,19,83,102,126312,435791,33537,2289,65037,597930,662968,362659,249149,20414,2470,42962,634693,677656,186138
2019-03-17,2019,3,17,port1188,Shanghai,China,CHN,32,52,10,2,24,96,120,359348,599822,8405,408,98811,967985,1066796,291278,548625,5823,2588,56092,848316,904409,186139
2019-03-18,2019,3,18,port1188,Shanghai,China,CHN,39,43,20,5,24,107,131,514784,237809,27243,6621,34431,786458,820890,492708,415930,15356,5849,32169,929845,962014,186140
2019-03-19,2019,3,19,port1188,Shanghai,China,CHN,36,46,10,3,14,95,109,360860,367086,31642,408,33339,759997,793337,264627,312903,8536,2577,46451,588644,635095,186141
2019-03-20,2019,3,20,port1188,Shanghai,China,CHN,28,36,10,2,15,76,91,208006,296600,12877,1407,33417,518891,552309,409975,235878,7523,421,88886,653798,742684,186142
2019-03-21,2019,3,21,port1188,Shanghai,China,CHN,35,45,16,6,26,102,128,687729,664384,23473,817,92780,1376405,1469185,290832,272456,22296,5354,98617,590940,689558,186143
2019-03-22,2019,3,22,port1188,Shanghai,China,CHN,30,36,11,5,15,82,97,207663,345033,12054,3604,18563,568355,586919,440123,291105,12171,7352,60488,750752,811240,186144
2019-03-23,2019,3,23,port1188,Shanghai,China,CHN,41,40,18,3,20,102,122,302215,524535,23494,3583,30794,853828,884623,315990,256553,14785,2924,69766,590253,660020,186145
2019-03-24,2019,3,24,port1188,Shanghai,China,CHN,26,46,14,5,16,91,107,142767,513662,14203,408,81049,671042,752091,427296,241870,16986,1970,60479,688123,748603,186146
2019-03-25,2019,3,25,port1188,Shanghai,China,CHN,42,45,19,6,25,112,137,503517,595311,23653,3221,37037,1125703,1162741,291582,386806,29811,6440,41626,714641,756267,186147
2019-03-26,2019,3,26,port1188,Shanghai,China,CHN,30,44,20,2,28,96,124,289786,449908,9713,817,125974,750225,876199,368776,263573,26689,2924,89030,661964,750995,186148
2019-03-27,2019,3,27,port1188,Shanghai,China,CHN,34,34,15,7,27,90,117,301353,365241,10295,8474,64010,685364,749374,307592,147331,23487,3691,265388,482102,747491,186149
2019-03-28,2019,3,28,port1188,Shanghai,China,CHN,36,47,10,5,21,98,119,166422,469334,34359,1226,87098,671343,758442,543862,183055,4444,4387,23881,735749,759630,186150
2019-03-29,2019,3,29,port1188,Shanghai,China,CHN,31,34,15,3,15,83,98,307024,513972,36279,2287,11904,859563,871468,297226,189271,9986,2970,14630,499454,514085,186151
2019-03-30,2019,3,30,port1188,Shanghai,China,CHN,27,32,15,3,18,77,95,240969,308403,21862,408,22586,571644,594231,318445,264512,13279,4043,19675,600282,619957,186152
2019-03-31,2019,3,31,port1188,Shanghai,China,CHN,35,30,15,2,15,82,97,478231,280465,7013,817,12196,766528,778724,340495,522738,7403,2924,38813,873562,912375,186153
2019-04-01,2019,4,1,port1188,Shanghai,China,CHN,30,37,9,4,18,80,98,411316,330895,11893,2797,23676,756902,780578,321342,274658,5180,2924,6497,604106,610604,186154
2019-04-02,2019,4,2,port1188,Shanghai,China,CHN,31,33,21,5,26,90,116,199420,284404,19301,3509,60963,506635,567599,424207,187706,17642,4998,55323,634554,689878,186155
2019-04-03,2019,4,3,port1188,Shanghai,China,CHN,29,44,19,3,22,95,117,281063,452282,18981,4948,26810,757276,784086,192958,444765,35971,2488,113142,676184,789327,186156
2019-04-04,2019,4,4,port1188,Shanghai,China,CHN,31,33,19,4,20,87,107,176768,594707,21238,2366,35954,795080,831035,481370,115456,27387,2924,11832,627139,638971,186157
2019-04-05,2019,4,5,port1188,Shanghai,China,CHN,29,47,20,7,31,103,134,162577,590687,18073,1180,41258,772519,813778,220628,280989,23046,5214,53290,529878,583169,186158
2019-04-06,2019,4,6,port1188,Shanghai,China,CHN,28,41,13,3,27,85,112,140594,297371,11780,817,47663,450564,498227,264613,571258,9018,2924,66388,847815,914203,186159
2019-04-07,2019,4,7,port1188,Shanghai,China,CHN,31,41,10,4,12,86,98,632678,529193,20268,2896,36702,1185036,1221739,135708,241292,8799,6513,9368,392313,401682,186160
2019-04-08,2019,4,8,port1188,Shanghai,China,CHN,16,24,7,2,16,49,65,331324,285263,4795,817,64542,622200,686742,61158,138292,11023,2924,35002,213398,248400,186161
2019-04-09,2019,4,9,port1188,Shanghai,China,CHN,25,42,17,4,21,88,109,248189,271254,23685,855,70627,543984,614611,125872,286870,40985,3515,27711,457244,484955,186162
2019-04-10,2019,4,10,port1188,Shanghai,China,CHN,29,32,18,4,21,83,104,896031,222877,14975,4194,42645,1138078,1180724,162742,134116,31957,0,24638,328815,353454,186163
2019-04-11,2019,4,11,port1188,Shanghai,China,CHN,39,37,15,6,18,97,115,269361,665530,15011,855,47915,950759,998674,504878,30937,24877,5069,76759,565762,642521,186164
2019-04-12,2019,4,12,port1188,Shanghai,China,CHN,41,45,15,7,19,108,127,255132,578361,9436,4264,64525,847194,911719,452105,141495,8029,5936,116852,607566,724419,186165
2019-04-13,2019,4,13,port1188,Shanghai,China,CHN,36,32,13,3,24,84,108,223899,607718,19978,817,15152,852414,867567,468989,107681,20904,2924,24668,600500,625168,186166
2019-04-14,2019,4,14,port1188,Shanghai,China,CHN,31,32,16,4,21,83,104,179743,294083,16696,408,33787,490931,524719,251981,275136,15780,2966,70084,545865,615949,186167
2019-04-15,2019,4,15,port1188,Shanghai,China,CHN,32,40,17,3,15,92,107,338001,413078,19310,3371,36790,773762,810552,285194,175502,19240,2924,6366,482863,489229,186168
2019-04-16,2019,4,16,port1188,Shanghai,China,CHN,31,28,19,5,23,83,106,365205,204327,17335,2545,69293,589414,658708,425659,180639,25221,2558,22316,634080,656396,186169
2019-04-17,2019,4,17,port1188,Shanghai,China,CHN,25,58,25,6,26,114,140,227776,603883,18369,2052,89903,852082,941986,219981,342106,42269,3004,9323,607360,616684,186170
2019-04-18,2019,4,18,port1188,Shanghai,China,CHN,26,51,19,4,17,100,117,199581,880440,28200,817,80096,1109040,1189137,355474,301510,7279,2946,40062,667210,707273,186171
2019-04-19,2019,4,19,port1188,Shanghai,China,CHN,32,33,12,5,14,82,96,122891,184349,15632,4682,15068,327556,342624,335935,253819,9583,2924,40131,602263,642395,186172
2019-04-20,2019,4,20,port1188,Shanghai,China,CHN,40,44,13,5,34,102,136,315356,582382,16245,3174,72302,917158,989461,464980,317377,12693,5849,82120,800902,883023,186173
2019-04-21,2019,4,21,port1188,Shanghai,China,CHN,39,36,11,6,16,92,108,254282,345927,15627,2094,54644,617932,672577,464181,241825,13968,4705,17903,724680,742583,186174
2019-04-22,2019,4,22,port1188,Shanghai,China,CHN,32,41,14,5,17,92,109,219912,464889,18582,5899,56235,709283,765519,303752,337127,10484,2053,130104,653417,783522,186175
2019-04-23,2019,4,23,port1188,Shanghai,China,CHN,15,23,8,2,12,48,60,266187,249690,4890,408,41712,521177,562890,72002,197199,15830,3175,24878,288207,313085,186176
2019-04-24,2019,4,24,port1188,Shanghai,China,CHN,27,37,14,4,24,82,106,436098,148032,14518,6130,28690,604780,633471,217055,233811,19619,1462,42266,471948,514214,186177
2019-04-25,2019,4,25,port1188,Shanghai,China,CHN,34,54,21,7,31,116,147,473242,793145,32896,5997,118168,1305281,1423449,411678,385834,15293,10427,9186,823233,832419,186178
2019-04-26,2019,4,26,port1188,Shanghai,China,CHN,33,34,13,7,21,87,108,645169,315109,24369,1365,110466,986014,1096481,445894,316768,10546,8167,44210,781376,825586,186179
2019-04-27,2019,4,27,port1188,Shanghai,China,CHN,40,38,19,6,23,103,126,332918,198955,15067,6235,46871,553176,600048,376984,201864,41685,4536,33393,625070,658463,186180
2019-04-28,2019,4,28,port1188,Shanghai,China,CHN,31,38,16,4,17,89,106,265550,276292,13944,817,52973,556605,609578,427494,316632,13243,8690,21448,766060,787509,186181
2019-04-29,2019,4,29,port1188,Shanghai,China,CHN,32,41,15,4,22,92,114,281009,477353,15928,3932,62314,778224,840538,345858,91824,19032,823,37321,457539,494861,186182
2019-04-30,2019,4,30,port1188,Shanghai,China,CHN,11,16,5,2,7,34,41,267641,431156,4565,2541,40630,705905,746535,115461,55164,15415,1462,46646,187503,234150,186183
2019-05-01,2019,5,1,port1188,Shanghai,China,CHN,23,23,9,3,19,58,77,158296,567869,9422,2052,64634,737641,802276,313647,164483,20495,1462,17761,500087,517849,186184
2019-05-02,2019,5,2,port1188,Shanghai,China,CHN,37,63,19,5,31,124,155,384636,784706,27293,3553,76832,1200189,1277022,314670,221250,25041,2864,21571,563827,585398,186185
2019-05-03,2019,5,3,port1188,Shanghai,China,CHN,29,41,13,3,27,86,113,363236,443050,19786,2487,67244,828561,895805,377965,232231,24707,0,90576,634904,725480,186186
2019-05-04,2019,5,4,port1188,Shanghai,China,CHN,32,38,12,4,17,86,103,382844,462749,14449,3269,58127,863312,921440,226016,274253,7307,4387,14861,511965,526827,186187
2019-05-05,2019,5,5,port1188,Shanghai,China,CHN,28,43,23,5,14,99,113,252940,324381,14574,4236,102822,596133,698955,210044,49239,24286,7491,4656,291062,295719,186188
2019-05-06,2019,5,6,port1188,Shanghai,China,CHN,27,50,18,3,25,98,123,355668,774028,14039,408,77288,1144145,1221434,192315,320115,15405,5051,73108,532888,605996,186189
2019-05-07,2019,5,7,port1188,Shanghai,China,CHN,36,33,16,5,22,90,112,284384,307996,16514,408,54519,609303,663822,412899,115260,20252,8305,42615,556717,599332,186190
2019-05-08,2019,5,8,port1188,Shanghai,China,CHN,30,51,18,5,18,104,122,311512,441466,10120,1226,80585,764325,844911,276359,389360,21071,9224,28274,696016,724291,186191
2019-05-09,2019,5,9,port1188,Shanghai,China,CHN,32,41,11,3,26,87,113,370625,467437,3975,2041,149922,844079,994002,400468,244216,15963,0,42064,660648,702712,186192
2019-05-10,2019,5,10,port1188,Shanghai,China,CHN,38,39,12,5,24,94,118,81795,320387,8672,1148,59798,412004,471802,468052,148973,7234,1462,33233,625723,658957,186193
2019-05-11,2019,5,11,port1188,Shanghai,China,CHN,28,48,19,8,26,103,129,29736,486027,7845,817,30800,524427,555227,408655,147252,21943,4028,48468,581880,630348,186194
2019-05-12,2019,5,12,port1188,Shanghai,China,CHN,30,36,10,5,15,81,96,452213,400397,3762,8141,106558,864515,971074,333482,97975,34845,7894,52723,474198,526921,186195
2019-05-13,2019,5,13,port1188,Shanghai,China,CHN,31,38,9,7,14,85,99,175507,424817,6064,4795,23656,611184,634841,303242,303925,6649,5305,24074,619122,643197,186196
2019-05-14,2019,5,14,port1188,Shanghai,China,CHN,26,37,21,4,21,88,109,356697,298223,37542,725,56494,693188,749683,164731,344227,23802,590,22968,533351,556319,186197
2019-05-15,2019,5,15,port1188,Shanghai,China,CHN,32,32,9,7,15,80,95,244198,451449,25247,855,34373,721750,756124,322840,119333,14512,6138,52186,462825,515012,186198
2019-05-16,2019,5,16,port1188,Shanghai,China,CHN,18,30,7,3,14,58,72,62980,383062,15502,817,40041,462362,502403,217280,93547,1062,3842,47827,315733,363560,186199
2019-05-17,2019,5,17,port1188,Shanghai,China,CHN,1,5,3,2,1,11,12,0,25497,2014,601,1604,28113,29718,25067,100649,0,1462,842,127179,128021,186200
2019-05-18,2019,5,18,port1188,Shanghai,China,CHN,46,80,29,5,36,160,196,183964,997167,34476,3461,51853,1219071,1270924,391272,546088,46397,5064,72549,988822,1061371,186201
2019-05-19,2019,5,19,port1188,Shanghai,China,CHN,35,37,15,7,19,94,113,474874,437421,32062,5565,85137,949924,1035061,378618,107892,32699,4966,56694,524175,580870,186202
2019-05-20,2019,5,20,port1188,Shanghai,China,CHN,32,32,15,5,21,84,105,455690,293505,5104,2004,54876,756304,811181,300822,79776,17473,5465,17104,403538,420643,186203
2019-05-21,2019,5,21,port1188,Shanghai,China,CHN,43,53,15,5,26,116,142,490479,579275,20173,2468,56677,1092396,1149074,396311,163550,13791,508,14015,574160,588176,186204
2019-05-22,2019,5,22,port1188,Shanghai,China,CHN,32,37,19,7,30,95,125,486552,273227,23110,5561,95940,788452,884392,433960,294355,15962,4387,41226,748665,789892,186205
2019-05-23,2019,5,23,port1188,Shanghai,China,CHN,33,39,19,4,31,95,126,318862,347541,21993,408,141704,688806,830510,288632,293072,14376,2399,47869,598481,646351,186206
2019-05-24,2019,5,24,port1188,Shanghai,China,CHN,42,43,14,8,19,107,126,122222,507684,21580,3255,30084,654742,684826,460965,152102,11722,4387,59986,629178,689164,186207
2019-05-25,2019,5,25,port1188,Shanghai,China,CHN,33,42,10,2,16,87,103,293594,487525,12718,5107,20907,798946,819853,263627,365294,6471,0,58912,635393,694306,186208
2019-05-26,2019,5,26,port1188,Shanghai,China,CHN,24,34,10,4,15,72,87,111984,160006,13248,408,9377,285648,295026,219050,367473,12439,2972,11323,601936,613259,186209
2019-05-27,2019,5,27,port1188,Shanghai,China,CHN,35,44,12,10,18,101,119,169706,329735,15468,3319,69379,518230,587609,512131,316896,4292,14603,8770,847923,856694,186210
2019-05-28,2019,5,28,port1188,Shanghai,China,CHN,31,57,15,4,30,107,137,636164,567348,19899,5040,129467,1228452,1357920,224499,166398,10062,3746,123001,404706,527707,186211
2019-05-29,2019,5,29,port1188,Shanghai,China,CHN,28,31,11,4,23,74,97,284376,565447,5223,817,66198,855865,922063,211166,148089,19848,2924,8351,382030,390382,186212
2019-05-30,2019,5,30,port1188,Shanghai,China,CHN,33,39,12,2,17,86,103,171619,374997,3473,408,27147,550499,577647,468586,245864,8080,3011,153910,725542,879453,186213
2019-05-31,2019,5,31,port1188,Shanghai,China,CHN,35,43,17,3,20,98,118,183723,454993,23463,2680,60302,664860,725162,277174,282380,14762,0,8538,574317,582855,186214
2019-06-01,2019,6,1,port1188,Shanghai,China,CHN,39,43,17,6,26,105,131,456644,566217,15408,1264,158988,1039535,1198524,360459,105333,18885,5051,40546,489730,530276,186215
2019-06-02,2019,6,2,port1188,Shanghai,China,CHN,32,46,16,7,17,101,118,605207,464820,29288,1419,75219,1100736,1175955,290432,191758,28930,5504,3284,516626,519911,186216
2019-06-03,2019,6,3,port1188,Shanghai,China,CHN,36,40,18,6,32,100,132,253733,704485,26067,1226,44714,985512,1030227,248917,163040,17402,7010,34541,436370,470912,186217
2019-06-04,2019,6,4,port1188,Shanghai,China,CHN,30,49,10,7,23,96,119,332547,387564,9246,1635,83246,730994,814241,189568,500679,10728,14704,28285,715681,743966,186218
2019-06-05,2019,6,5,port1188,Shanghai,China,CHN,27,35,17,4,15,83,98,237230,414481,13254,754,101006,665721,766727,191927,232288,29498,2471,27306,456187,483493,186219
2019-06-06,2019,6,6,port1188,Shanghai,China,CHN,26,27,14,2,12,69,81,129669,205674,11154,0,57888,346499,404387,260518,275833,18358,0,49290,554711,604001,186220
2019-06-07,2019,6,7,port1188,Shanghai,China,CHN,32,48,17,8,28,105,133,275165,568342,50012,5274,66847,898794,965642,399338,392605,11293,5056,48348,808293,856641,186221
2019-06-08,2019,6,8,port1188,Shanghai,China,CHN,37,44,19,4,15,104,119,390520,593917,31567,2604,63320,1018609,1081930,302668,254495,16826,2924,44414,576915,621329,186222
2019-06-09,2019,6,9,port1188,Shanghai,China,CHN,35,38,13,2,28,88,116,189329,559040,21401,408,57187,770180,827368,383806,71121,8304,1462,41893,464694,506587,186223
2019-06-10,2019,6,10,port1188,Shanghai,China,CHN,39,41,18,8,17,106,123,225560,532623,17853,3650,79485,779687,859173,435891,161504,20318,8401,32379,626115,658494,186224
2019-06-11,2019,6,11,port1188,Shanghai,China,CHN,36,47,18,6,26,107,133,284366,539654,31230,6170,94406,861421,955827,445679,154612,22262,2997,72694,625552,698246,186225
2019-06-12,2019,6,12,port1188,Shanghai,China,CHN,31,41,15,5,24,92,116,371161,372628,16420,817,163744,761028,924772,251678,169358,9271,11875,56623,442183,498806,186226
2019-06-13,2019,6,13,port1188,Shanghai,China,CHN,34,54,11,4,25,103,128,276709,418151,21055,2122,153795,718039,871834,379096,430342,6444,21,3673,815905,819578,186227
2019-06-14,2019,6,14,port1188,Shanghai,China,CHN,28,49,12,6,22,95,117,157959,502988,4275,2477,58938,667701,726640,445458,334970,14986,7192,42434,802608,845042,186228
2019-06-15,2019,6,15,port1188,Shanghai,China,CHN,34,35,14,6,16,89,105,177306,221344,33271,4987,45248,436910,482159,357603,511301,18200,4978,106091,892083,998174,186229
2019-06-16,2019,6,16,port1188,Shanghai,China,CHN,40,38,12,5,14,95,109,433941,399301,43682,2871,43598,879796,923395,369673,203203,10325,4387,81037,587590,668628,186230
2019-06-17,2019,6,17,port1188,Shanghai,China,CHN,38,43,17,9,16,107,123,268788,500522,10607,2555,28416,782475,810892,332673,366142,37379,12979,17483,749175,766659,186231
2019-06-18,2019,6,18,port1188,Shanghai,China,CHN,31,40,11,8,22,90,112,203998,405847,17355,7189,58873,634391,693264,563043,343270,10775,7727,71951,924816,996768,186232
2019-06-19,2019,6,19,port1188,Shanghai,China,CHN,39,40,15,4,20,98,118,472592,207535,13547,817,41940,694493,736434,359192,215249,27052,5941,86636,607436,694072,186233
2019-06-20,2019,6,20,port1188,Shanghai,China,CHN,30,52,14,6,17,102,119,268804,586016,15805,446,70635,871072,941707,404340,720387,24898,4738,60851,1154365,1215217,186234
2019-12-06,2019,12,6,port1188,Shanghai,China,CHN,35,50,12,4,24,101,125,106188,423980,11016,408,56206,541593,597800,295070,547977,18320,3208,36614,864578,901192,186235
2019-06-21,2019,6,21,port1188,Shanghai,China,CHN,35,41,9,7,18,92,110,826839,465387,19213,8101,53229,1319542,1372772,390553,260385,27264,1462,35759,679665,715425,186236
2019-06-22,2019,6,22,port1188,Shanghai,China,CHN,36,47,12,2,18,97,115,193883,407747,12463,408,57108,614504,671612,261408,353788,14980,1462,13784,631639,645424,186237
2019-06-23,2019,6,23,port1188,Shanghai,China,CHN,32,40,17,6,17,95,112,136904,583312,30267,1635,66896,752120,819017,318804,191181,25339,8933,75367,544259,619626,186238
2019-06-24,2019,6,24,port1188,Shanghai,China,CHN,28,54,13,6,20,101,121,166995,716032,29072,4829,91120,916930,1008050,240705,345171,14389,2011,11917,602277,614194,186239
2019-06-25,2019,6,25,port1188,Shanghai,China,CHN,32,44,13,5,25,94,119,329299,287606,13363,3682,101563,633951,735515,397177,313600,24080,2924,35461,737783,773244,186240
2019-06-26,2019,6,26,port1188,Shanghai,China,CHN,35,38,14,5,24,92,116,560411,129370,14452,408,116493,704643,821137,292265,477308,25856,1462,85616,796893,882509,186241
2019-06-27,2019,6,27,port1188,Shanghai,China,CHN,27,38,17,4,21,86,107,420832,434130,32515,1226,74314,888705,963020,308669,292598,17168,7181,62179,625618,687797,186242
2019-06-28,2019,6,28,port1188,Shanghai,China,CHN,21,37,7,3,19,68,87,89713,359056,3204,408,77869,452383,530253,330859,318132,12282,2459,13996,663733,677729,186243
2019-06-29,2019,6,29,port1188,Shanghai,China,CHN,36,47,16,5,18,104,122,255236,314761,14009,2629,36433,586637,623071,469405,363660,13921,3435,44732,850423,895155,186244
2019-06-30,2019,6,30,port1188,Shanghai,China,CHN,31,45,11,3,14,90,104,443717,433302,13427,2078,50989,892526,943516,249771,281382,11036,8433,120687,550623,671311,186245
2019-07-01,2019,7,1,port1188,Shanghai,China,CHN,30,32,22,6,24,90,114,616347,404811,23803,817,101072,1045779,1146852,307146,208494,26410,7724,43532,549776,593308,186246
2019-07-02,2019,7,2,port1188,Shanghai,China,CHN,26,46,20,9,22,101,123,188822,613638,28024,4982,72645,835467,908113,433419,230854,21431,11721,59683,697427,757111,186247
2019-07-03,2019,7,3,port1188,Shanghai,China,CHN,37,36,15,5,25,93,118,200784,227247,27104,817,58283,455955,514239,274473,399414,19188,4132,54902,697209,752111,186248
2019-07-04,2019,7,4,port1188,Shanghai,China,CHN,39,40,12,6,18,97,115,329904,400393,17121,2775,73279,750194,823473,307379,465853,3852,4869,17402,781955,799357,186249
2019-07-05,2019,7,5,port1188,Shanghai,China,CHN,38,49,9,6,22,102,124,257527,461000,29262,5267,49571,753057,802628,433496,339679,2497,3288,23923,778961,802885,186250
2019-07-06,2019,7,6,port1188,Shanghai,China,CHN,36,39,15,0,25,90,115,81180,387580,17957,0,68034,486718,554752,353768,338464,13348,0,43458,705581,749039,186251
2019-07-07,2019,7,7,port1188,Shanghai,China,CHN,36,41,15,6,28,98,126,363641,524290,18077,1226,110660,907235,1017896,232230,333354,14866,8805,70130,589256,659386,186252
2019-07-08,2019,7,8,port1188,Shanghai,China,CHN,33,42,15,5,22,95,117,328256,414189,13886,4747,68763,761079,829842,224344,318155,16590,5955,36459,565045,601504,186253
2019-07-09,2019,7,9,port1188,Shanghai,China,CHN,34,40,16,5,19,95,114,148655,428958,15500,1163,25112,594277,619389,379844,495586,33679,7687,5546,916798,922345,186254
2019-07-10,2019,7,10,port1188,Shanghai,China,CHN,41,36,14,6,25,97,122,328465,374497,30930,817,115306,734711,850018,386097,148483,7298,2924,30464,544805,575269,186255
2019-07-11,2019,7,11,port1188,Shanghai,China,CHN,32,47,13,5,29,97,126,426346,368845,12046,817,146863,808056,954920,254295,217100,19367,4680,52505,495444,547949,186256
2019-07-12,2019,7,12,port1188,Shanghai,China,CHN,29,40,12,4,23,85,108,115189,426077,7459,1735,44665,550461,595126,243829,168154,29953,3450,59674,445388,505062,186257
2019-07-13,2019,7,13,port1188,Shanghai,China,CHN,30,42,11,7,11,90,101,71400,245989,15443,2073,22713,334906,357620,270587,508906,13613,5849,66612,798957,865570,186258
2019-07-14,2019,7,14,port1188,Shanghai,China,CHN,33,42,17,2,25,94,119,162632,530197,14792,2563,106357,710186,816543,301039,172554,17727,0,67971,491321,559292,186259
2019-07-15,2019,7,15,port1188,Shanghai,China,CHN,38,38,21,4,20,101,121,573369,294431,40338,2775,60606,910915,971522,384982,101116,15045,4387,28865,505531,534397,186260
2019-07-16,2019,7,16,port1188,Shanghai,China,CHN,27,30,9,5,23,71,94,164470,579651,10053,1875,72074,756051,828125,234652,104507,3075,3724,11230,345960,357191,186261
2019-07-17,2019,7,17,port1188,Shanghai,China,CHN,35,43,17,6,23,101,124,1070684,270321,17454,1879,15195,1360340,1375536,461933,228479,31964,4387,26284,726765,753050,186262
2019-07-18,2019,7,18,port1188,Shanghai,China,CHN,30,35,13,4,17,82,99,229021,396959,12975,817,64187,639774,703961,221238,306171,18213,3161,39150,548785,587936,186263
2019-07-19,2019,7,19,port1188,Shanghai,China,CHN,26,34,11,2,11,73,84,69509,225001,6973,983,14048,302468,316517,238356,196430,11710,0,27775,446498,474273,186264
2019-07-20,2019,7,20,port1188,Shanghai,China,CHN,35,57,18,4,21,114,135,231480,624099,32101,1226,83882,888908,972790,343755,262633,36038,4844,46727,647272,694000,186265
2019-07-21,2019,7,21,port1188,Shanghai,China,CHN,30,40,20,3,15,93,108,140269,534466,37095,1981,60816,713812,774629,191200,402548,14468,2924,32280,611141,643422,186266
2019-07-22,2019,7,22,port1188,Shanghai,China,CHN,31,50,7,10,26,98,124,486431,581337,11847,9299,110369,1088915,1199285,222472,350886,8492,10639,22815,592491,615307,186267
2019-07-23,2019,7,23,port1188,Shanghai,China,CHN,32,46,18,6,20,102,122,156552,381424,30622,5015,52489,573614,626103,353555,305646,26341,3394,26254,688938,715192,186268
2019-07-24,2019,7,24,port1188,Shanghai,China,CHN,33,46,11,5,22,95,117,336895,533861,9825,1406,71848,881989,953838,260099,209363,8600,5570,66621,483633,550255,186269
2019-07-25,2019,7,25,port1188,Shanghai,China,CHN,40,43,16,7,23,106,129,248861,311456,10471,817,55710,571607,627317,342535,301611,15679,9739,125526,669565,795091,186270
2019-07-26,2019,7,26,port1188,Shanghai,China,CHN,33,43,20,4,20,100,120,312704,475374,29402,1226,32344,818707,851052,418816,123519,12981,11104,24811,566422,591234,186271
2019-07-27,2019,7,27,port1188,Shanghai,China,CHN,38,33,14,3,22,88,110,88833,239548,18232,817,53177,347433,400610,459918,191194,15709,4983,62159,671805,733965,186272
2019-07-28,2019,7,28,port1188,Shanghai,China,CHN,29,40,14,6,24,89,113,245237,414359,9016,1226,71027,669840,740868,151323,190212,18920,6959,35060,367417,402477,186273
2019-07-29,2019,7,29,port1188,Shanghai,China,CHN,39,36,19,3,24,97,121,357200,426293,9627,1230,86040,794353,880393,288061,118637,30633,2262,74320,439594,513915,186274
2019-07-30,2019,7,30,port1188,Shanghai,China,CHN,31,45,16,6,28,98,126,206338,424317,33495,3957,129026,668109,797135,344860,455607,18632,5752,16747,824852,841600,186275
2019-07-31,2019,7,31,port1188,Shanghai,China,CHN,28,35,15,4,23,82,105,255344,365606,32485,1515,116687,654951,771638,163992,185597,15591,2490,16386,367671,384058,186276
2019-08-01,2019,8,1,port1188,Shanghai,China,CHN,32,40,17,5,23,94,117,407596,300628,16554,2764,62590,727544,790134,344135,255358,27473,6762,43312,633730,677042,186277
2019-08-02,2019,8,2,port1188,Shanghai,China,CHN,33,35,11,5,22,84,106,149403,334230,8273,1181,112156,493088,605244,378111,359949,12633,3353,86818,754047,840866,186278
2019-08-03,2019,8,3,port1188,Shanghai,China,CHN,37,35,15,5,23,92,115,304508,332216,16688,1774,50597,655187,705784,411760,345292,13957,10742,58505,781753,840258,186279
2019-08-04,2019,8,4,port1188,Shanghai,China,CHN,28,37,13,4,16,82,98,247895,256715,21529,5564,132435,531705,664141,236925,238159,14088,4095,14429,493269,507698,186280
2019-08-05,2019,8,5,port1188,Shanghai,China,CHN,37,56,14,4,35,111,146,503473,509372,14636,192,152953,1027675,1180628,290084,161362,17674,2496,97717,471617,569335,186281
2019-08-06,2019,8,6,port1188,Shanghai,China,CHN,29,49,14,5,24,97,121,285713,476019,28683,408,32472,790825,823298,238587,188992,6944,8889,87285,443413,530699,186282
2019-08-07,2019,8,7,port1188,Shanghai,China,CHN,31,41,17,7,19,96,115,285377,272110,24115,3388,126583,584991,711574,187632,223910,25706,4107,45165,441356,486522,186283
2019-08-08,2019,8,8,port1188,Shanghai,China,CHN,27,26,8,2,16,63,79,278423,99585,21735,408,32338,400154,432492,203800,194681,1401,1891,21965,401775,423740,186284
2019-08-09,2019,8,9,port1188,Shanghai,China,CHN,2,2,0,0,0,4,4,7888,0,0,0,0,7888,7888,9888,1345,0,0,0,11234,11234,186285
2019-08-10,2019,8,10,port1188,Shanghai,China,CHN,0,0,0,0,2,0,2,0,0,0,0,85124,0,85124,0,0,0,0,0,0,0,186286
2019-08-11,2019,8,11,port1188,Shanghai,China,CHN,27,30,10,2,16,69,85,155590,214241,592,3976,14649,374401,389050,276194,296494,17505,1462,15924,591658,607583,186287
2019-08-12,2019,8,12,port1188,Shanghai,China,CHN,31,56,25,7,34,119,153,158467,297078,20104,6415,123214,482066,605280,340216,527716,27421,6133,99128,901488,1000616,186288
2019-08-13,2019,8,13,port1188,Shanghai,China,CHN,49,43,11,8,29,111,140,462759,363511,11954,2044,85022,840269,925292,731379,189665,10726,17204,66041,948976,1015017,186289
2019-08-14,2019,8,14,port1188,Shanghai,China,CHN,31,35,19,4,28,89,117,235614,550071,23206,10046,122250,818939,941190,251202,177564,22511,1117,39999,452395,492395,186290
2019-08-15,2019,8,15,port1188,Shanghai,China,CHN,30,47,16,7,19,100,119,135713,753130,43100,9251,95707,941196,1036904,208781,187795,33412,5869,143377,435858,579235,186291
2019-08-16,2019,8,16,port1188,Shanghai,China,CHN,40,37,18,4,26,99,125,489880,323020,13999,817,49034,827719,876754,246658,349271,19094,4435,46942,619459,666402,186292
2019-08-17,2019,8,17,port1188,Shanghai,China,CHN,28,42,16,4,18,90,108,150013,389717,27968,683,51211,568383,619595,204093,79771,9708,1462,4806,295036,299842,186293
2019-08-18,2019,8,18,port1188,Shanghai,China,CHN,33,37,17,1,27,88,115,335409,277525,27437,0,73221,640372,713593,347656,249659,18036,0,95328,615352,710680,186294
2019-08-19,2019,8,19,port1188,Shanghai,China,CHN,39,49,13,7,26,108,134,336237,600465,15095,5837,71404,957634,1029039,658318,236357,12670,6278,24415,913624,938039,186295
2019-08-20,2019,8,20,port1188,Shanghai,China,CHN,34,42,16,1,24,93,117,219445,472256,15661,408,56047,707772,763819,242785,171431,28619,1462,13165,444299,457464,186296
2019-08-21,2019,8,21,port1188,Shanghai,China,CHN,34,46,17,4,30,101,131,244906,435453,28140,817,116301,709317,825618,270794,263694,21174,3938,34948,559602,594551,186297
2019-08-22,2019,8,22,port1188,Shanghai,China,CHN,31,49,18,6,28,104,132,170281,507597,10492,2665,130238,691037,821275,363493,448946,28980,7044,15233,848465,863699,186298
2019-08-23,2019,8,23,port1188,Shanghai,China,CHN,42,47,18,6,26,113,139,163311,679589,13070,2499,93126,858472,951598,536249,455920,41373,4387,19275,1037931,1057207,186299
2019-08-24,2019,8,24,port1188,Shanghai,China,CHN,30,45,20,4,27,99,126,251846,502993,25083,817,112381,780741,893122,268156,298151,15053,7017,79076,588379,667455,186300
2019-08-25,2019,8,25,port1188,Shanghai,China,CHN,39,41,13,5,18,98,116,203659,632570,14265,434,60308,850930,911238,335051,238789,11649,4575,33852,590065,623918,186301
2019-08-26,2019,8,26,port1188,Shanghai,China,CHN,27,40,17,5,22,89,111,292211,565834,25537,1907,67085,885490,952576,177264,310394,12038,2924,9327,502622,511949,186302
2019-08-27,2019,8,27,port1188,Shanghai,China,CHN,29,40,9,4,23,82,105,102852,309154,7136,5523,49046,424666,473713,437156,270287,10561,2834,58469,720839,779308,186303
2019-08-28,2019,8,28,port1188,Shanghai,China,CHN,30,42,15,4,29,91,120,202257,420625,42044,1774,77047,666702,743749,248127,128349,8708,874,46695,386059,432755,186304
2019-08-29,2019,8,29,port1188,Shanghai,China,CHN,30,34,15,5,28,84,112,526509,326362,24686,2743,98458,880302,978760,356573,251464,17823,1462,10227,627324,637552,186305
2019-08-30,2019,8,30,port1188,Shanghai,China,CHN,40,53,12,5,27,110,137,364732,568511,18232,890,76711,952367,1029079,419469,676193,7420,9165,12921,1112249,1125170,186306
2019-08-31,2019,8,31,port1188,Shanghai,China,CHN,32,35,14,5,17,86,103,149873,305586,5544,1226,22137,462230,484367,330154,226295,32249,4387,64714,593087,657801,186307
2019-09-01,2019,9,1,port1188,Shanghai,China,CHN,26,45,16,5,23,92,115,248942,420759,9345,2196,29408,681244,710653,363402,193761,22506,6299,91996,585970,677966,186308
2019-09-02,2019,9,2,port1188,Shanghai,China,CHN,38,30,22,8,23,98,121,358087,183868,27365,3032,83599,572354,655953,332206,181481,39164,9450,72960,562303,635264,186309
2019-09-03,2019,9,3,port1188,Shanghai,China,CHN,33,37,11,6,26,87,113,591459,522929,4617,1001,100781,1120007,1220789,283912,58805,17478,3493,23906,363690,387596,186310
2019-09-04,2019,9,4,port1188,Shanghai,China,CHN,29,47,19,6,19,101,120,258383,716122,26995,2713,122370,1004215,1126586,242842,121448,18456,5090,4388,387837,392226,186311
2019-09-05,2019,9,5,port1188,Shanghai,China,CHN,29,25,17,3,16,74,90,175091,285644,27671,0,51708,488407,540116,327242,279621,14712,5475,21200,627052,648252,186312
2019-09-06,2019,9,6,port1188,Shanghai,China,CHN,13,9,0,1,5,23,28,63050,44684,0,0,3632,107734,111367,120845,80828,0,436,28518,202110,230629,186313
2019-09-07,2019,9,7,port1188,Shanghai,China,CHN,35,68,16,5,39,124,163,111226,652527,19209,1252,98939,784215,883155,479572,536115,23292,7517,64291,1046498,1110789,186314
2019-09-08,2019,9,8,port1188,Shanghai,China,CHN,36,30,19,4,22,89,111,354158,347146,13454,4818,92859,719577,812436,318275,248314,26032,2530,56818,595153,651971,186315
2019-09-09,2019,9,9,port1188,Shanghai,China,CHN,37,40,20,3,24,100,124,603276,458492,56891,408,57547,1119068,1176615,474053,214260,12869,9989,4403,711172,715575,186316
2019-09-10,2019,9,10,port1188,Shanghai,China,CHN,33,36,16,7,28,92,120,320713,593852,18405,1544,83522,934515,1018038,305416,35418,15899,9003,182360,365738,548099,186317
2019-09-11,2019,9,11,port1188,Shanghai,China,CHN,29,46,11,6,19,92,111,441111,419489,5401,3951,52398,869953,922352,313195,494282,34102,5478,43469,847060,890529,186318
2019-09-12,2019,9,12,port1188,Shanghai,China,CHN,33,45,23,3,33,104,137,301399,647670,31379,408,92762,980858,1073621,375867,172150,41942,2361,80472,592322,672794,186319
2019-09-13,2019,9,13,port1188,Shanghai,China,CHN,38,40,10,4,24,92,116,134100,378192,6345,408,61507,519047,580555,358770,202317,16924,1462,42869,579475,622344,186320
2019-09-14,2019,9,14,port1188,Shanghai,China,CHN,40,43,16,5,17,104,121,328833,377264,22169,1277,74360,729546,803907,486328,275742,6752,4473,35167,773297,808464,186321
2019-09-15,2019,9,15,port1188,Shanghai,China,CHN,31,42,17,4,23,94,117,284618,413284,10085,4284,95757,712273,808031,308525,114930,26496,1833,28054,451785,479840,186322
2019-09-16,2019,9,16,port1188,Shanghai,China,CHN,36,42,11,8,32,97,129,726335,456225,5106,5054,83163,1192722,1275886,235781,161748,21427,5955,23614,424913,448527,186323
2019-09-17,2019,9,17,port1188,Shanghai,China,CHN,32,45,13,5,22,95,117,229466,558112,24964,1226,118797,813769,932566,352729,159484,16693,5924,37183,534832,572016,186324
2019-09-18,2019,9,18,port1188,Shanghai,China,CHN,26,44,15,4,29,89,118,481164,332007,23219,817,69798,837209,907008,267668,351745,37352,2924,50989,659691,710680,186325
2019-09-19,2019,9,19,port1188,Shanghai,China,CHN,38,38,11,3,22,90,112,481710,403514,26815,817,68917,912859,981776,349256,232553,14362,2924,64072,599097,663170,186326
2019-09-20,2019,9,20,port1188,Shanghai,China,CHN,23,40,15,3,19,81,100,181402,263286,15853,481,18392,461024,479416,274541,250757,11234,1462,50353,537995,588349,186327
2019-09-21,2019,9,21,port1188,Shanghai,China,CHN,3,14,1,1,5,19,24,48868,130356,1438,1303,26543,181967,208510,13397,98255,1314,0,33177,112967,146144,186328
2019-09-22,2019,9,22,port1188,Shanghai,China,CHN,10,27,7,1,10,45,55,0,262639,2877,0,36976,265516,302493,111171,16532,13954,0,5120,141659,146779,186329
2019-09-23,2019,9,23,port1188,Shanghai,China,CHN,43,57,26,8,35,134,169,460609,869957,28832,3483,124081,1362883,1486964,563900,406825,33001,6581,41765,1010308,1052074,186330
2019-09-24,2019,9,24,port1188,Shanghai,China,CHN,30,31,16,5,24,82,106,418023,299054,20519,5185,114191,742783,856974,368158,39124,16747,4677,16523,428708,445232,186331
2019-09-25,2019,9,25,port1188,Shanghai,China,CHN,35,34,12,7,29,88,117,169815,260187,7540,3962,86804,441505,528310,396172,419966,17321,4199,130076,837660,967736,186332
2019-09-26,2019,9,26,port1188,Shanghai,China,CHN,33,43,20,6,30,102,132,161601,471442,29550,2163,124996,664757,789754,444600,399754,22232,7216,22777,873803,896581,186333
2019-09-27,2019,9,27,port1188,Shanghai,China,CHN,35,48,15,3,34,101,135,95838,554546,31178,408,177664,681971,859636,529769,398603,13963,4937,100785,947274,1048059,186334
2019-09-28,2019,9,28,port1188,Shanghai,China,CHN,37,49,15,6,21,107,128,258161,442904,17353,7049,62185,725467,787653,439535,305728,15865,3955,109882,765085,874967,186335
2019-09-29,2019,9,29,port1188,Shanghai,China,CHN,36,42,11,4,26,93,119,199867,278255,22208,2484,156445,502816,659261,480932,367614,16934,4540,73421,870021,943443,186336
2019-09-30,2019,9,30,port1188,Shanghai,China,CHN,30,42,14,1,7,87,94,73234,283207,20849,408,35454,377699,413154,303202,415001,5118,1462,5779,724786,730565,186337
2019-10-01,2019,10,1,port1188,Shanghai,China,CHN,1,1,5,0,0,7,7,26373,0,11735,0,0,38109,38109,0,0,7600,0,0,7600,7600,186338
2019-10-02,2019,10,2,port1188,Shanghai,China,CHN,22,29,13,3,11,67,78,153201,227137,7776,2461,30470,390578,421048,318875,115806,17926,2924,3772,455534,459306,186339
2019-10-03,2019,10,3,port1188,Shanghai,China,CHN,43,71,29,7,33,150,183,189693,666498,42971,1320,122173,900483,1022656,408282,1009021,37697,6533,45854,1461534,1507389,186340
2019-10-04,2019,10,4,port1188,Shanghai,China,CHN,37,40,17,5,23,99,122,304620,302871,42554,2097,76522,652144,728666,512556,250195,24137,4387,39209,791276,830485,186341
2019-10-05,2019,10,5,port1188,Shanghai,China,CHN,30,28,10,4,25,72,97,401486,487849,9642,1713,170652,900692,1071344,311495,76392,28772,1978,16904,418639,435544,186342
2019-10-06,2019,10,6,port1188,Shanghai,China,CHN,34,50,21,6,25,111,136,263354,634675,41998,5355,135692,945382,1081075,326703,505736,31110,5917,41315,869467,910782,186343
2019-10-07,2019,10,7,port1188,Shanghai,China,CHN,39,43,14,6,28,102,130,384690,484327,16240,408,65423,885667,951090,351879,180225,14521,4810,60805,551437,612242,186344
2019-10-08,2019,10,8,port1188,Shanghai,China,CHN,28,39,9,3,26,79,105,503894,483076,9262,1886,112539,998119,1110658,205262,220977,9951,3493,170846,439685,610532,186345
2019-10-09,2019,10,9,port1188,Shanghai,China,CHN,26,42,13,6,18,87,105,386589,723899,26824,408,15598,1137722,1153321,184483,314418,26579,4546,14236,530028,544264,186346
2019-10-10,2019,10,10,port1188,Shanghai,China,CHN,26,35,15,8,25,84,109,402665,497789,23515,2048,54256,926018,980275,176420,190678,7975,6926,41176,382001,423177,186347
2019-10-11,2019,10,11,port1188,Shanghai,China,CHN,24,41,14,4,29,83,112,159782,799212,21288,817,82545,981101,1063647,426828,117910,13961,2924,68593,561625,630218,186348
2019-10-12,2019,10,12,port1188,Shanghai,China,CHN,37,33,12,4,25,86,111,427306,554204,18327,408,69766,1000246,1070012,259916,339878,17719,3620,71534,621133,692668,186349
2019-10-13,2019,10,13,port1188,Shanghai,China,CHN,31,39,22,6,27,98,125,395478,310139,56256,1226,149266,763101,912368,243468,181544,21831,7458,42055,454304,496360,186350
2019-10-14,2019,10,14,port1188,Shanghai,China,CHN,29,39,14,7,25,89,114,282933,246262,17448,5955,73016,552599,625615,472309,288828,9286,4387,62902,774812,837715,186351
2019-10-15,2019,10,15,port1188,Shanghai,China,CHN,29,36,12,4,22,81,103,120411,345645,15832,4194,127563,486083,613646,354503,226317,9072,0,20474,589893,610368,186352
2019-10-16,2019,10,16,port1188,Shanghai,China,CHN,31,50,21,4,21,106,127,422689,893778,21282,4585,46469,1342336,1388806,294894,171535,29445,4302,14400,500178,514578,186353
2019-10-17,2019,10,17,port1188,Shanghai,China,CHN,29,36,8,4,22,77,99,386651,531909,6027,1226,64632,925815,990448,640662,217246,10618,5041,31471,873569,905040,186354
2019-10-18,2019,10,18,port1188,Shanghai,China,CHN,34,33,19,6,24,92,116,173361,325897,17151,2640,107086,519050,626137,446089,193345,22517,2139,11061,664091,675152,186355
2019-10-19,2019,10,19,port1188,Shanghai,China,CHN,41,41,12,4,29,98,127,249066,539823,5754,2995,71217,797639,868856,541333,65529,18240,4387,78269,629491,707760,186356
2019-10-20,2019,10,20,port1188,Shanghai,China,CHN,30,34,11,3,22,78,100,288595,412782,32915,2078,64473,736371,800845,450184,190157,4806,5793,17847,650941,668789,186357
2019-10-21,2019,10,21,port1188,Shanghai,China,CHN,35,50,17,7,21,109,130,464006,580780,27001,1226,70638,1073015,1143654,267147,559943,22516,10205,17630,859813,877443,186358
2019-10-22,2019,10,22,port1188,Shanghai,China,CHN,29,44,14,6,31,93,124,379391,590464,13832,5012,60923,988701,1049624,297091,291472,31764,3814,48583,624143,672726,186359
2019-10-23,2019,10,23,port1188,Shanghai,China,CHN,23,39,5,2,31,69,100,331982,390632,672,1166,111988,724453,836442,273524,51942,11740,0,69791,337206,406997,186360
2019-10-24,2019,10,24,port1188,Shanghai,China,CHN,32,35,17,3,18,87,105,295530,424806,25484,1331,90740,747153,837893,334377,369487,20952,2924,59597,727742,787339,186361
2019-10-25,2019,10,25,port1188,Shanghai,China,CHN,37,35,20,6,17,98,115,403897,193290,19435,2366,127336,618989,746326,346426,122309,24137,5938,10464,498813,509277,186362
2019-10-26,2019,10,26,port1188,Shanghai,China,CHN,32,52,20,4,21,108,129,202031,728485,23222,3276,45354,957016,1002370,378524,217180,26227,1913,21520,623846,645366,186363
2019-10-27,2019,10,27,port1188,Shanghai,China,CHN,35,60,18,4,22,117,139,406437,663146,37778,817,85192,1108180,1193372,344636,379767,19361,7824,70221,751589,821810,186364
2019-10-28,2019,10,28,port1188,Shanghai,China,CHN,36,42,20,5,34,103,137,221036,462777,39852,1136,139708,724803,864511,303911,276048,35594,620,82450,616173,698624,186365
2019-10-29,2019,10,29,port1188,Shanghai,China,CHN,35,36,20,6,23,97,120,618439,230481,21535,3991,90633,874447,965081,469449,260391,23343,7512,2310,760696,763006,186366
2019-10-30,2019,10,30,port1188,Shanghai,China,CHN,27,36,16,3,23,82,105,135842,422773,24156,408,68563,583181,651745,372827,137237,14711,3583,81107,528360,609467,186367
2019-10-31,2019,10,31,port1188,Shanghai,China,CHN,29,42,16,5,28,92,120,253037,393159,19285,4616,216414,670098,886512,210292,381421,20761,5911,34435,618387,652823,186368
2019-11-01,2019,11,1,port1188,Shanghai,China,CHN,41,28,17,3,32,89,121,164061,161455,10074,4897,79677,340490,420167,464499,390815,23965,0,49987,879281,929268,186369
2019-11-02,2019,11,2,port1188,Shanghai,China,CHN,34,32,8,5,22,79,101,305058,191986,3609,3475,152118,504130,656249,214281,203649,10153,5103,5269,433186,438456,186370
2019-11-03,2019,11,3,port1188,Shanghai,China,CHN,34,31,8,7,24,80,104,342555,216882,5012,869,52195,565318,617514,460009,314148,8116,5654,63654,787927,851581,186371
2019-11-04,2019,11,4,port1188,Shanghai,China,CHN,38,36,11,8,27,93,120,140919,324523,6052,2859,40046,474354,514401,407141,288805,29106,9937,28330,734990,763321,186372
2019-11-05,2019,11,5,port1188,Shanghai,China,CHN,34,29,14,4,18,81,99,401157,123121,24106,817,87826,549203,637030,398796,207773,33952,5531,12928,646054,658982,186373
2019-11-06,2019,11,6,port1188,Shanghai,China,CHN,30,39,17,5,14,91,105,494009,421502,41685,4981,13299,962178,975478,239556,181303,23397,2626,50642,446883,497525,186374
2019-11-07,2019,11,7,port1188,Shanghai,China,CHN,27,31,11,4,25,73,98,170569,114110,10287,1354,88155,296321,384477,253030,195497,17401,3011,27187,468939,496127,186375
2019-11-08,2019,11,8,port1188,Shanghai,China,CHN,39,36,16,3,15,94,109,353745,471276,22168,3935,35641,851125,886767,450032,419856,7762,1462,19923,879113,899036,186376
2019-11-09,2019,11,9,port1188,Shanghai,China,CHN,37,46,16,6,22,105,127,242786,414269,23167,4508,85465,684733,770198,290916,219954,14284,6724,91597,531880,623477,186377
2019-11-10,2019,11,10,port1188,Shanghai,China,CHN,29,37,12,4,17,82,99,82904,634602,23930,2738,51182,744175,795358,258984,200585,12968,1484,78017,474021,552038,186378
2019-11-11,2019,11,11,port1188,Shanghai,China,CHN,31,45,16,7,29,99,128,271891,337477,20023,3184,124612,632576,757189,275675,322368,5077,14419,54626,617541,672168,186379
2019-11-12,2019,11,12,port1188,Shanghai,China,CHN,38,35,15,6,23,94,117,541637,444354,18166,1635,38208,1005794,1044003,524013,175427,13951,7012,27930,720404,748335,186380
2019-11-13,2019,11,13,port1188,Shanghai,China,CHN,26,34,10,8,30,78,108,247362,447978,29101,6241,138731,730685,869416,274371,58375,3475,5590,95732,341813,437546,186381
2019-11-14,2019,11,14,port1188,Shanghai,China,CHN,36,51,23,6,19,116,135,276585,433002,32062,3779,64567,745429,809996,267500,210609,14389,5849,50203,498349,548553,186382
2019-11-15,2019,11,15,port1188,Shanghai,China,CHN,35,51,12,2,26,100,126,111533,572760,7543,870,140139,692707,832846,420501,461845,24439,0,19567,906787,926355,186383
2019-11-16,2019,11,16,port1188,Shanghai,China,CHN,36,44,18,5,33,103,136,221189,300356,28261,446,48142,550254,598396,404242,123474,31811,3928,59898,563456,623354,186384
2019-11-17,2019,11,17,port1188,Shanghai,China,CHN,30,35,14,4,23,83,106,320040,354046,13029,3629,52027,690745,742772,270546,240571,34031,0,19764,545149,564913,186385
2019-11-18,2019,11,18,port1188,Shanghai,China,CHN,32,31,10,5,16,78,94,349028,338300,15535,1226,12934,704092,717026,344963,64519,11320,4387,23539,425190,448729,186386
2019-11-19,2019,11,19,port1188,Shanghai,China,CHN,33,41,14,7,22,95,117,228790,365738,9204,1226,39598,604959,644557,394667,301275,53962,7727,33155,757632,790788,186387
2019-11-20,2019,11,20,port1188,Shanghai,China,CHN,31,43,11,6,24,91,115,600754,455493,11853,3511,127951,1071612,1199563,428584,144857,9886,6258,48722,589586,638309,186388
2019-11-21,2019,11,21,port1188,Shanghai,China,CHN,30,46,10,4,24,90,114,121538,257262,12493,3709,159871,395003,554875,291597,88527,5489,4473,53125,390088,443214,186389
2019-11-22,2019,11,22,port1188,Shanghai,China,CHN,36,39,11,1,21,87,108,193472,479402,11618,0,75412,684493,759906,270892,144398,25986,0,36035,441276,477312,186390
2019-11-23,2019,11,23,port1188,Shanghai,China,CHN,26,33,17,5,20,81,101,174236,201114,21025,3793,64965,400169,465134,267751,89489,14631,4408,59326,376280,435606,186391
2019-11-24,2019,11,24,port1188,Shanghai,China,CHN,31,35,12,2,22,80,102,297667,280862,15631,408,51659,594570,646229,416641,387635,17708,2626,62150,824610,886761,186392
2019-11-25,2019,11,25,port1188,Shanghai,China,CHN,34,40,10,7,22,91,113,337740,450093,8997,1406,27170,798237,825408,232066,237757,8714,7400,46529,485939,532468,186393
2019-11-26,2019,11,26,port1188,Shanghai,China,CHN,27,41,17,5,42,90,132,303423,367864,21577,2445,80966,695311,776278,222977,237131,23494,1462,108350,485066,593417,186394
2019-11-27,2019,11,27,port1188,Shanghai,China,CHN,27,38,9,5,21,79,100,107235,346343,24920,817,30218,479317,509536,119967,170484,3451,5305,93048,299209,392258,186395
2019-11-28,2019,11,28,port1188,Shanghai,China,CHN,38,38,16,4,17,96,113,254315,222738,17318,5323,36033,499696,535729,419398,194720,23640,1535,64450,639294,703745,186396
2019-11-29,2019,11,29,port1188,Shanghai,China,CHN,35,53,15,3,24,106,130,110430,422923,19588,1714,51177,554657,605834,538280,704162,22348,3011,43428,1267803,1311231,186397
2019-11-30,2019,11,30,port1188,Shanghai,China,CHN,40,36,12,4,27,92,119,467410,298009,29511,2358,78319,797289,875609,267686,429958,7079,5824,42996,710548,753545,186398
2019-12-01,2019,12,1,port1188,Shanghai,China,CHN,25,25,11,4,18,65,83,401460,232045,28759,3612,103276,665878,769154,136607,228845,6121,3655,32870,375230,408101,186399
2019-12-02,2019,12,2,port1188,Shanghai,China,CHN,34,40,17,5,25,96,121,108147,473460,21355,1635,17561,604598,622160,384962,300415,13423,6918,105000,705719,810720,186400
2019-12-03,2019,12,3,port1188,Shanghai,China,CHN,41,51,20,7,28,119,147,270938,439056,6098,839,73528,716932,790461,368871,517596,53049,7861,69440,947379,1016819,186401
2019-12-04,2019,12,4,port1188,Shanghai,China,CHN,28,48,19,6,31,101,132,235895,272641,20630,5012,124632,534179,658811,221741,262303,22945,17881,69901,524871,594773,186402
2019-12-05,2019,12,5,port1188,Shanghai,China,CHN,35,38,14,4,15,91,106,349722,534455,14821,408,60240,899408,959648,178325,271076,15228,1484,43043,466114,509157,186403
2022-02-14,2022,2,14,port1188,Shanghai,China,CHN,25,29,11,7,19,72,91,281525,357841,15648,1226,108133,656241,764374,216918,175183,1314,27303,60749,420719,481469,186404
2021-01-10,2021,1,10,port1188,Shanghai,China,CHN,31,52,12,8,17,103,120,123873,512521,20148,2390,12996,658933,671930,377210,287402,8742,9775,87531,683131,770662,186405
2019-12-07,2019,12,7,port1188,Shanghai,China,CHN,26,43,16,7,31,92,123,162023,389676,23272,2044,127686,577017,704703,160249,450078,27914,9664,114700,647907,762607,186406
2022-02-15,2022,2,15,port1188,Shanghai,China,CHN,35,38,10,2,22,85,107,343577,235732,7250,0,130523,586560,717083,315907,455302,10473,1799,54858,783483,838342,186407
2021-01-11,2021,1,11,port1188,Shanghai,China,CHN,38,44,14,7,30,103,133,435836,348376,11309,6451,99333,801973,901307,428600,103501,8926,4387,116853,545415,662269,186408
2022-02-16,2022,2,16,port1188,Shanghai,China,CHN,23,38,14,5,24,80,104,240126,559501,37106,1433,77649,838168,915817,240045,117888,20781,1462,24964,380178,405142,186409
2019-12-08,2019,12,8,port1188,Shanghai,China,CHN,30,45,20,4,19,99,118,276598,483036,8237,408,27361,768281,795643,240997,415686,68790,7420,43655,732894,776550,186410
2021-01-12,2021,1,12,port1188,Shanghai,China,CHN,33,51,20,6,27,110,137,259923,495386,19724,1092,99300,776126,875426,463341,309420,24716,11006,87594,808484,896078,186411
2022-02-17,2022,2,17,port1188,Shanghai,China,CHN,33,35,7,4,21,79,100,510055,390643,13439,1842,63319,915980,979299,446894,288635,8284,4975,42990,748791,791781,186412
2019-12-09,2019,12,9,port1188,Shanghai,China,CHN,39,46,18,8,31,111,142,340780,274739,34243,6939,107881,656703,764585,479447,708381,30675,11906,93599,1230411,1324011,186413
2021-01-13,2021,1,13,port1188,Shanghai,China,CHN,31,38,19,7,30,95,125,308208,346155,23395,1092,104137,678852,782989,345921,506145,20105,8523,105214,880695,985909,186414
2022-02-18,2022,2,18,port1188,Shanghai,China,CHN,34,41,9,5,17,89,106,339531,370867,25907,1908,86579,738215,824794,310108,415179,12806,8007,52701,746102,798803,186415
2019-12-10,2019,12,10,port1188,Shanghai,China,CHN,30,29,14,7,24,80,104,345402,320665,15660,6113,65078,687842,752920,232708,200384,23916,8774,15484,465783,481267,186416
2021-01-14,2021,1,14,port1188,Shanghai,China,CHN,39,48,16,4,24,107,131,210806,493008,44216,817,46434,748849,795283,483732,375108,15056,12805,37566,886703,924270,186417
2022-02-19,2022,2,19,port1188,Shanghai,China,CHN,31,28,11,5,19,75,94,365118,148467,9373,2545,35011,525505,560516,205528,118469,8097,4396,78057,336491,414549,186418
2019-12-11,2019,12,11,port1188,Shanghai,China,CHN,27,36,12,5,18,80,98,312298,336659,32455,3279,48859,684694,733554,178679,270966,11036,5849,90007,466532,556539,186419
2021-01-15,2021,1,15,port1188,Shanghai,China,CHN,31,65,11,6,26,113,139,231930,471782,16756,2354,33481,722823,756305,363876,532303,8973,6537,53037,911690,964728,186420
2022-02-20,2022,2,20,port1188,Shanghai,China,CHN,31,35,6,6,16,78,94,385606,320118,9407,3804,59164,718937,778101,219334,146987,1639,7496,40205,375458,415663,186421
2019-12-12,2019,12,12,port1188,Shanghai,China,CHN,31,29,10,3,25,73,98,238505,363956,13948,1226,70974,617637,688612,235801,179416,11907,4387,58930,431512,490443,186422
2021-01-16,2021,1,16,port1188,Shanghai,China,CHN,32,30,13,5,24,80,104,142894,341013,24992,4588,96658,513488,610146,318027,155017,14689,0,100335,487733,588068,186423
2022-02-21,2022,2,21,port1188,Shanghai,China,CHN,27,40,13,6,18,86,104,300191,294264,48117,4175,101000,646750,747751,165930,273885,13842,11032,20378,464691,485069,186424
2019-12-13,2019,12,13,port1188,Shanghai,China,CHN,33,21,14,6,27,74,101,446202,326699,12946,1635,57025,787484,844509,201485,49153,19102,10698,70158,280439,350597,186425
2021-01-17,2021,1,17,port1188,Shanghai,China,CHN,30,49,19,7,20,105,125,230916,605809,64354,3683,20614,904763,925378,391817,274631,5713,7129,41701,679291,720993,186426
2022-02-22,2022,2,22,port1188,Shanghai,China,CHN,26,35,12,3,22,76,98,205323,219556,9170,890,30511,434940,465452,180585,99135,6393,2924,83828,289040,372868,186427
2019-12-14,2019,12,14,port1188,Shanghai,China,CHN,33,26,9,3,18,71,89,204398,219109,5002,1484,68575,429995,498570,274238,208138,19720,1462,62742,503560,566302,186428
2021-01-18,2021,1,18,port1188,Shanghai,China,CHN,33,51,24,6,36,114,150,361990,581821,37786,682,57686,982281,1039967,429398,375043,25840,3599,115785,833882,949667,186429
2022-02-23,2022,2,23,port1188,Shanghai,China,CHN,28,39,12,4,25,83,108,117099,317180,28567,817,96343,463665,560008,290663,200848,5444,11886,26027,508843,534871,186430
2019-12-15,2019,12,15,port1188,Shanghai,China,CHN,29,27,8,5,7,69,76,287204,217385,12763,588,131865,517942,649807,260408,108796,7266,5661,5179,382133,387313,186431
2021-01-19,2021,1,19,port1188,Shanghai,China,CHN,31,42,13,7,30,93,123,255983,498182,28384,2753,157502,785303,942806,401037,289294,11275,4387,45765,705994,751759,186432
2022-02-24,2022,2,24,port1188,Shanghai,China,CHN,33,50,17,7,12,107,119,704195,410629,30198,6381,50691,1151403,1202095,345167,264877,12299,2924,62916,625269,688186,186433
2019-12-16,2019,12,16,port1188,Shanghai,China,CHN,37,23,14,6,17,80,97,436472,298750,14966,2044,18271,752234,770505,245663,90885,23940,7312,19693,367803,387496,186434
2021-01-20,2021,1,20,port1188,Shanghai,China,CHN,28,50,19,7,36,104,140,166566,228985,23709,408,63688,419671,483360,381372,284483,21709,6672,134415,694238,828653,186435
2022-02-25,2022,2,25,port1188,Shanghai,China,CHN,34,30,12,3,19,79,98,342570,548141,26211,408,59991,917332,977324,379950,39214,22374,7166,176492,448705,625197,186436
2019-12-17,2019,12,17,port1188,Shanghai,China,CHN,31,26,9,6,22,72,94,206492,389897,7192,1635,67702,605219,672921,233222,92135,16880,5849,59665,348087,407753,186437
2021-01-21,2021,1,21,port1188,Shanghai,China,CHN,18,36,9,4,26,67,93,178123,458115,10108,3015,79813,649362,729175,306125,499015,4224,2924,56716,812290,869007,186438
2022-02-26,2022,2,26,port1188,Shanghai,China,CHN,37,30,7,5,18,79,97,302532,287456,11932,1226,100859,603148,704007,322538,76964,7914,10336,36446,417753,454200,186439
2019-12-18,2019,12,18,port1188,Shanghai,China,CHN,35,29,17,6,17,87,104,398900,256780,31536,2044,89520,689261,778782,244506,135031,27602,7312,58885,414452,473338,186440
2021-01-22,2021,1,22,port1188,Shanghai,China,CHN,24,32,16,3,20,75,95,221436,194712,22280,840,37997,439270,477268,342147,275897,25768,1462,32450,645275,677726,186441
2019-12-19,2019,12,19,port1188,Shanghai,China,CHN,33,28,13,5,33,79,112,206423,109211,26128,2390,112102,344154,456256,312497,158616,13258,6705,47600,491078,538678,186442
2021-01-23,2021,1,23,port1188,Shanghai,China,CHN,32,50,12,6,21,100,121,269762,633033,22280,2169,34917,927246,962163,300691,646242,15351,11498,75937,973783,1049720,186443
2019-12-20,2019,12,20,port1188,Shanghai,China,CHN,36,26,16,2,23,80,103,184646,364609,12670,408,44060,562335,606395,400061,245413,30021,3840,105103,679336,784440,186444
2022-02-27,2022,2,27,port1188,Shanghai,China,CHN,27,34,16,6,20,83,103,332711,159563,14796,3057,59156,510128,569285,231008,208272,29444,10355,16321,479081,495402,186445
2021-01-24,2021,1,24,port1188,Shanghai,China,CHN,30,35,16,7,15,88,103,302713,246887,27370,4313,54067,581285,635352,160457,274836,25810,5612,51775,466716,518492,186446
2019-12-21,2019,12,21,port1188,Shanghai,China,CHN,28,25,6,5,20,64,84,150240,161602,7444,1635,43172,320922,364095,230687,389096,7953,5849,44641,633586,678227,186447
2022-02-28,2022,2,28,port1188,Shanghai,China,CHN,36,29,9,6,21,80,101,203938,387017,12864,2775,45638,606596,652234,396369,101085,3271,11834,24769,512560,537330,186448
2021-01-25,2021,1,25,port1188,Shanghai,China,CHN,34,51,16,6,23,107,130,332497,639635,27704,817,42164,1000655,1042819,264377,548984,23673,7510,28743,844547,873290,186449
2019-12-22,2019,12,22,port1188,Shanghai,China,CHN,34,32,13,5,11,84,95,384510,305753,19074,917,42035,710256,752291,348963,168258,12295,2966,11485,532484,543969,186450
2022-03-01,2022,3,1,port1188,Shanghai,China,CHN,29,36,10,6,22,81,103,379893,354211,57574,601,131103,792280,923384,315131,274073,2076,10523,32521,601805,634327,186451
2021-01-26,2021,1,26,port1188,Shanghai,China,CHN,33,28,8,4,21,73,94,277343,259465,19753,408,59268,556971,616239,369235,160462,15983,2381,48686,548062,596748,186452
2019-12-23,2019,12,23,port1188,Shanghai,China,CHN,34,22,26,5,22,87,109,196254,80998,44028,2363,36778,323644,360423,306274,176390,37470,4899,44619,525035,569654,186453
2022-03-02,2022,3,2,port1188,Shanghai,China,CHN,40,33,10,4,20,87,107,465565,262214,4726,4809,82039,737316,819355,406379,203913,7911,4387,78566,622592,701158,186454
2021-01-27,2021,1,27,port1188,Shanghai,China,CHN,31,51,22,4,22,108,130,345239,530233,40210,817,37811,916501,954312,311090,504248,23313,12272,111545,850924,962470,186455
2019-12-24,2019,12,24,port1188,Shanghai,China,CHN,31,36,11,6,21,84,105,619468,341038,15604,1635,57437,977746,1035184,287048,119896,6906,8168,30710,422020,452730,186456
2022-03-03,2022,3,3,port1188,Shanghai,China,CHN,32,29,14,5,17,80,97,381980,163883,9036,817,86444,555718,642163,340800,290118,37840,11564,15911,680323,696235,186457
2021-01-28,2021,1,28,port1188,Shanghai,China,CHN,27,32,16,1,22,76,98,92326,123856,28458,192,51318,244834,296152,375055,172538,23396,0,24464,570990,595454,186458
2019-12-25,2019,12,25,port1188,Shanghai,China,CHN,32,29,7,5,20,73,93,258733,303344,12068,408,112282,574555,686838,330685,209625,3944,3677,26965,547932,574898,186459
2022-03-04,2022,3,4,port1188,Shanghai,China,CHN,31,33,15,3,24,82,106,393792,194900,12355,2152,89824,603201,693025,223331,227916,17720,4759,19414,473727,493142,186460
2021-01-29,2021,1,29,port1188,Shanghai,China,CHN,38,56,18,4,33,116,149,273593,547242,17341,408,76565,838586,915152,455708,440660,25459,8181,113906,930010,1043916,186461
2019-12-26,2019,12,26,port1188,Shanghai,China,CHN,31,23,17,5,25,76,101,210325,253488,23488,1226,108148,488528,596677,269760,37416,19629,6168,137688,332974,470663,186462
2022-03-05,2022,3,5,port1188,Shanghai,China,CHN,37,31,7,8,20,83,103,194800,177250,15144,2501,124005,389696,513702,291831,283458,4070,21371,67057,600732,667789,186463
2021-01-30,2021,1,30,port1188,Shanghai,China,CHN,35,47,10,9,27,101,128,192006,587739,25551,2665,29874,807962,837836,344732,562914,21686,6469,21483,935804,957288,186464
2019-12-27,2019,12,27,port1188,Shanghai,China,CHN,32,29,13,6,28,80,108,263746,453340,28238,2530,135859,747856,883716,288805,107269,2861,8205,21724,407142,428866,186465
2022-03-06,2022,3,6,port1188,Shanghai,China,CHN,35,34,11,4,18,84,102,391779,314312,28080,8684,17898,742856,760755,331024,450782,7442,5552,375059,794801,1169860,186466
2021-01-31,2021,1,31,port1188,Shanghai,China,CHN,31,39,14,5,20,89,109,460978,209167,18401,4705,47268,693252,740520,235910,275568,23536,0,13433,535015,548448,186467
2019-12-28,2019,12,28,port1188,Shanghai,China,CHN,37,25,14,5,21,81,102,240931,286271,14961,1635,44773,543800,588573,350152,111516,46358,5849,25251,513876,539128,186468
2022-03-07,2022,3,7,port1188,Shanghai,China,CHN,31,38,9,5,31,83,114,207584,320123,7342,817,72527,535868,608395,270406,262211,10659,11348,15224,554625,569850,186469
2021-02-01,2021,2,1,port1188,Shanghai,China,CHN,37,33,11,8,22,89,111,252806,453405,10408,3863,34967,720483,755451,286202,199775,21152,6907,21378,514037,535415,186470
2019-12-29,2019,12,29,port1188,Shanghai,China,CHN,29,28,9,4,19,70,89,198977,454154,19565,2922,74538,675620,750158,355057,123294,5331,1462,48483,485145,533628,186471
2022-03-08,2022,3,8,port1188,Shanghai,China,CHN,35,45,16,3,18,99,117,330545,439648,22303,408,97097,792906,890004,310882,164154,34193,1462,10072,510692,520765,186472
2021-02-02,2021,2,2,port1188,Shanghai,China,CHN,32,42,13,3,23,90,113,255798,389004,20763,2487,92943,668053,760996,368865,337333,23518,2619,47672,732337,780010,186473
2019-12-30,2019,12,30,port1188,Shanghai,China,CHN,33,21,17,7,22,78,100,141987,250105,17859,2044,74337,411997,486334,311731,143739,18399,7774,48484,481645,530130,186474
2022-03-09,2022,3,9,port1188,Shanghai,China,CHN,37,32,12,4,23,85,108,294509,175884,19652,1226,90326,491272,581599,340603,188311,15199,8950,13799,553063,566863,186475
2021-02-03,2021,2,3,port1188,Shanghai,China,CHN,30,43,22,6,27,101,128,251341,279300,16300,1635,97415,548577,645993,463947,353285,45504,5849,47186,868587,915773,186476
2019-12-31,2019,12,31,port1188,Shanghai,China,CHN,27,36,16,4,17,83,100,87442,270051,9030,1560,24301,368084,392386,187575,72414,28331,2924,76294,291247,367542,186477
2022-03-10,2022,3,10,port1188,Shanghai,China,CHN,44,35,10,3,23,92,115,517387,425398,16625,408,58403,959820,1018223,484870,288968,8722,3393,126525,785955,912481,186478
2021-02-04,2021,2,4,port1188,Shanghai,China,CHN,30,48,13,6,24,97,121,220509,594758,20996,1254,31224,837517,868742,385297,347516,19652,19730,74211,772197,846408,186479
2020-01-01,2020,1,1,port1188,Shanghai,China,CHN,40,35,16,6,33,97,130,240834,297039,14455,1917,121623,554246,675870,452742,107735,25673,4625,56025,590777,646802,186480
2022-03-11,2022,3,11,port1188,Shanghai,China,CHN,19,28,4,6,14,57,71,185752,123126,17811,817,86400,327508,413909,292602,452901,14,7319,18365,752838,771204,186481
2021-02-05,2021,2,5,port1188,Shanghai,China,CHN,29,37,15,4,32,85,117,119673,451144,10556,408,62896,581783,644680,254759,472814,19326,4227,172079,751127,923207,186482
2020-01-02,2020,1,2,port1188,Shanghai,China,CHN,35,45,21,6,20,107,127,158817,638040,30327,817,74981,828002,902983,417474,262516,27406,5437,21116,712835,733952,186483
2022-03-12,2022,3,12,port1188,Shanghai,China,CHN,36,19,13,5,13,73,86,291936,274126,21074,2664,36556,589802,626359,315304,27754,18505,4521,86527,366085,452612,186484
2021-02-06,2021,2,6,port1188,Shanghai,China,CHN,40,41,9,5,38,95,133,78271,451661,6785,1902,149583,538620,688204,431654,460711,11008,6878,117561,910253,1027815,186485
2021-02-07,2021,2,7,port1188,Shanghai,China,CHN,22,38,11,4,19,75,94,82812,193643,42698,274,21120,319429,340550,196933,179823,1850,4059,57630,382666,440296,186486
2021-02-08,2021,2,8,port1188,Shanghai,China,CHN,34,35,13,9,22,91,113,138837,257991,22352,5672,48926,424854,473780,285608,337916,22823,9359,28889,655707,684597,186487
2021-02-09,2021,2,9,port1188,Shanghai,China,CHN,32,35,18,7,26,92,118,298542,269354,12822,994,188664,581713,770377,270651,316795,23842,6411,22307,617700,640008,186488
2021-02-10,2021,2,10,port1188,Shanghai,China,CHN,32,55,10,4,16,101,117,180326,412625,13120,817,20210,606889,627100,463083,451131,7888,7253,94760,929357,1024118,186489
2021-02-11,2021,2,11,port1188,Shanghai,China,CHN,29,33,4,4,12,70,82,231358,345738,10378,817,23274,588292,611567,287597,307723,2805,2924,27635,601051,628687,186490
2021-02-12,2021,2,12,port1188,Shanghai,China,CHN,37,34,16,2,25,89,114,219648,210028,20804,511,64992,450992,515985,518545,250573,42820,6857,85574,818796,904371,186491
2021-02-13,2021,2,13,port1188,Shanghai,China,CHN,33,38,15,5,11,91,102,276453,243207,12562,661,29469,532885,562355,368621,128833,36136,2645,6444,536237,542682,186492
2021-02-14,2021,2,14,port1188,Shanghai,China,CHN,34,40,14,6,25,94,119,351269,338179,17324,1707,99956,708480,808437,254503,286489,12680,4827,31336,558500,589837,186493
2021-02-15,2021,2,15,port1188,Shanghai,China,CHN,40,40,12,2,28,94,122,429338,412861,17157,0,31106,859356,890463,326261,493771,20187,7071,94249,847292,941541,186494
2021-02-16,2021,2,16,port1188,Shanghai,China,CHN,26,31,23,1,25,81,106,266106,380395,47913,0,57248,694415,751664,308504,118916,39486,0,37094,466907,504001,186495
2021-02-17,2021,2,17,port1188,Shanghai,China,CHN,27,32,6,3,14,68,82,207071,210022,547,408,21662,418050,439712,218450,301731,8146,1462,68365,529791,598156,186496
2021-02-18,2021,2,18,port1188,Shanghai,China,CHN,22,44,8,4,29,78,107,393593,575071,30283,6190,82532,1005138,1087671,124702,437811,26284,0,84940,588798,673738,186497
2021-02-19,2021,2,19,port1188,Shanghai,China,CHN,30,39,10,6,17,85,102,469389,413578,23065,2000,43465,908033,951498,182134,244222,7453,4454,9778,438264,448042,186498
2021-02-20,2021,2,20,port1188,Shanghai,China,CHN,32,27,6,4,24,69,93,435930,106648,14841,408,94527,557829,652357,178594,159646,3970,6384,68395,348595,416991,186499
2021-02-21,2021,2,21,port1188,Shanghai,China,CHN,22,31,13,2,13,68,81,166010,264583,24410,601,52592,455605,508198,205999,122080,9143,1462,13441,338685,352127,186500
2021-02-22,2021,2,22,port1188,Shanghai,China,CHN,23,40,11,5,16,79,95,322327,269880,28001,1468,25479,621678,647157,157083,243647,10726,3517,23270,414975,438245,186501
2021-02-23,2021,2,23,port1188,Shanghai,China,CHN,27,39,18,6,25,90,115,380332,147222,36992,4777,37859,569324,607183,90001,478081,17978,4537,116980,590600,707580,186502
2021-02-24,2021,2,24,port1188,Shanghai,China,CHN,26,47,19,4,32,96,128,394081,483296,27645,1635,144947,906658,1051605,191682,244022,34908,5849,41614,476463,518077,186503
2021-02-25,2021,2,25,port1188,Shanghai,China,CHN,25,36,4,2,18,67,85,166101,209318,10723,0,33375,386143,419519,251040,187778,164,785,21247,439768,461016,186504
2021-02-26,2021,2,26,port1188,Shanghai,China,CHN,31,41,9,4,19,85,104,231214,205940,18455,2046,14938,457657,472595,272467,263667,25507,1895,35041,563536,598577,186505
2021-02-27,2021,2,27,port1188,Shanghai,China,CHN,37,31,11,7,17,86,103,157768,179193,9662,1240,30153,347865,378019,258779,252347,23225,6993,103849,541345,645195,186506
2021-02-28,2021,2,28,port1188,Shanghai,China,CHN,20,15,6,2,13,43,56,75047,76906,5701,0,48973,157655,206629,178204,11623,18633,5532,9401,213993,223395,186507
2021-03-01,2021,3,1,port1188,Shanghai,China,CHN,23,48,12,6,22,89,111,252235,313357,9193,870,50238,575656,625895,123580,204294,20982,0,46520,348857,395378,186508
2021-03-02,2021,3,2,port1188,Shanghai,China,CHN,33,55,16,10,27,114,141,414881,502484,29832,1635,64242,948835,1013077,393856,351393,21557,12096,96840,778903,875744,186509
2021-03-03,2021,3,3,port1188,Shanghai,China,CHN,31,38,15,6,15,90,105,308004,425352,21181,1327,77127,755865,832992,301481,150393,12834,5729,9367,470439,479807,186510
2021-03-04,2021,3,4,port1188,Shanghai,China,CHN,18,26,11,4,28,59,87,120183,247160,18247,2079,86371,387670,474042,166971,106909,7039,3718,38270,284637,322908,186511
2021-03-05,2021,3,5,port1188,Shanghai,China,CHN,37,43,13,4,34,97,131,439466,409114,11957,1644,135722,862181,997904,621960,430675,15904,3004,70801,1071544,1142345,186512
2021-03-06,2021,3,6,port1188,Shanghai,China,CHN,33,54,10,9,20,106,126,88172,441536,19147,2572,39554,551429,590983,386724,401457,13834,16553,112071,818569,930641,186513
2021-03-07,2021,3,7,port1188,Shanghai,China,CHN,38,38,21,1,20,98,118,440756,430731,29660,820,147660,901968,1049629,347962,607812,11496,0,10740,967271,978012,186514
2021-03-08,2021,3,8,port1188,Shanghai,China,CHN,40,42,19,7,30,108,138,349504,268850,24288,1226,75315,643870,719185,338898,359187,19528,15025,77838,732641,810480,186515
2021-03-09,2021,3,9,port1188,Shanghai,China,CHN,36,49,10,5,31,100,131,201662,452708,17863,2015,127064,674249,801314,361905,233716,5362,4713,51802,605698,657500,186516
2021-03-10,2021,3,10,port1188,Shanghai,China,CHN,35,30,13,7,18,85,103,293482,108149,18149,4387,29911,424168,454079,397106,53333,11108,7286,27041,468834,495876,186517
2021-03-11,2021,3,11,port1188,Shanghai,China,CHN,32,51,15,5,26,103,129,367307,441777,51561,3870,88398,864517,952915,310403,406255,6138,8899,83612,731696,815309,186518
2021-03-12,2021,3,12,port1188,Shanghai,China,CHN,35,37,15,4,26,91,117,333875,216144,11752,3551,45061,565324,610386,241604,456811,16546,5638,85334,720601,805936,186519
2021-03-13,2021,3,13,port1188,Shanghai,China,CHN,29,49,15,4,27,97,124,209602,321896,31464,2775,64271,565739,630011,308595,369527,9324,4387,16049,691835,707884,186520
2021-03-14,2021,3,14,port1188,Shanghai,China,CHN,32,37,18,3,19,90,109,187764,296026,23775,817,134260,508384,642644,342989,260187,22227,2924,39096,628329,667425,186521
2021-03-15,2021,3,15,port1188,Shanghai,China,CHN,41,33,11,3,22,88,110,471519,418022,3288,683,89190,893513,982704,348867,174438,21586,1462,20605,546354,566959,186522
2021-03-16,2021,3,16,port1188,Shanghai,China,CHN,31,55,18,5,35,109,144,128515,583395,47640,1091,158937,760643,919581,322491,171585,12377,2924,22425,509379,531804,186523
2021-03-17,2021,3,17,port1188,Shanghai,China,CHN,35,35,17,3,35,90,125,371811,417220,33115,0,123566,822147,945714,346220,89125,27725,5212,153456,468283,621740,186524
2021-03-18,2021,3,18,port1188,Shanghai,China,CHN,35,35,22,4,19,96,115,382891,205181,37077,6650,112498,631801,744299,333486,147549,31561,1462,25711,514059,539770,186525
2021-03-19,2021,3,19,port1188,Shanghai,China,CHN,18,33,6,2,24,59,83,104009,243479,4553,408,41999,352451,394450,169714,243501,3845,2490,31784,419551,451335,186526
2021-03-20,2021,3,20,port1188,Shanghai,China,CHN,39,60,19,5,40,123,163,379174,531109,16060,1331,68644,927676,996320,382128,415765,18838,3532,158858,820264,979123,186527
2021-03-21,2021,3,21,port1188,Shanghai,China,CHN,35,48,8,7,20,98,118,332206,502311,10311,2044,96614,846874,943489,438051,273999,4259,8418,9372,724728,734101,186528
2021-03-22,2021,3,22,port1188,Shanghai,China,CHN,34,43,13,6,37,96,133,257626,396514,17295,4748,109893,676185,786078,345871,232053,13624,4387,92191,595938,688129,186529
2021-03-23,2021,3,23,port1188,Shanghai,China,CHN,27,42,21,6,20,96,116,422883,385493,54168,4586,98673,867131,965804,351584,534676,30842,1197,50915,918301,969217,186530
2021-03-24,2021,3,24,port1188,Shanghai,China,CHN,33,39,11,5,17,88,105,168911,557293,16329,1707,26328,744242,770571,388765,349709,22799,6704,4208,767979,772187,186531
2021-03-25,2021,3,25,port1188,Shanghai,China,CHN,30,33,10,6,18,79,97,170449,373198,14167,4702,40937,562517,603455,392742,186156,10073,11737,34870,600710,635580,186532
2021-03-26,2021,3,26,port1188,Shanghai,China,CHN,37,43,13,4,18,97,115,329689,385618,26516,1939,55807,743764,799571,463743,283648,18704,5212,24828,771308,796137,186533
2021-03-27,2021,3,27,port1188,Shanghai,China,CHN,37,29,15,6,16,87,103,365022,293851,26357,4160,33765,689391,723156,337816,391510,14083,2924,88889,746335,835225,186534
2021-03-28,2021,3,28,port1188,Shanghai,China,CHN,22,42,18,4,15,86,101,129677,221860,20880,6278,28783,378697,407481,288870,199551,17409,1462,9002,507294,516297,186535
2021-03-29,2021,3,29,port1188,Shanghai,China,CHN,8,14,6,2,16,30,46,87419,66348,5705,1870,49943,161343,211287,48800,124571,7300,1462,24223,182135,206359,186536
2021-03-30,2021,3,30,port1188,Shanghai,China,CHN,48,63,28,6,44,145,189,693297,604224,27800,1226,161402,1326549,1487951,373461,521940,33628,13034,95710,942064,1037775,186537
2021-03-31,2021,3,31,port1188,Shanghai,China,CHN,30,23,15,1,19,69,88,144530,111144,25370,2367,83018,283413,366431,262328,219512,22466,0,46303,504308,550611,186538
2021-04-01,2021,4,1,port1188,Shanghai,China,CHN,1,0,0,2,0,3,3,9362,0,0,408,0,9771,9771,10321,0,0,1462,0,11783,11783,186539
2021-04-02,2021,4,2,port1188,Shanghai,China,CHN,25,60,29,6,36,120,156,125962,461264,26640,5466,50280,619333,669614,255013,280587,40634,6856,120313,583091,703405,186540
2021-04-03,2021,4,3,port1188,Shanghai,China,CHN,45,47,14,5,38,111,149,368842,413992,8411,817,127982,792063,920045,366818,143700,22376,8377,42133,541272,583406,186541
2021-04-04,2021,4,4,port1188,Shanghai,China,CHN,31,41,12,6,15,90,105,336630,220440,24024,2128,25661,583224,608885,382868,232711,14693,9105,16613,639378,655992,186542
2021-04-05,2021,4,5,port1188,Shanghai,China,CHN,38,39,14,6,33,97,130,436529,339913,9501,1500,107823,787444,895268,379962,173418,25696,17507,67763,596585,664348,186543
2021-04-06,2021,4,6,port1188,Shanghai,China,CHN,30,33,18,5,19,86,105,179399,147877,30909,4315,57302,362501,419803,398977,336164,19264,1462,22214,755868,778083,186544
2021-04-07,2021,4,7,port1188,Shanghai,China,CHN,29,32,14,6,24,81,105,488034,238313,18122,4738,118529,749208,867738,287324,201709,21286,4955,115353,515275,630628,186545
2021-04-08,2021,4,8,port1188,Shanghai,China,CHN,31,42,16,3,33,92,125,411984,470912,17947,1548,65830,902392,968223,311912,324091,16385,6195,72693,658585,731279,186546
2021-04-09,2021,4,9,port1188,Shanghai,China,CHN,34,50,22,6,20,112,132,421412,417971,42537,1277,37481,883199,920680,322507,362203,19249,8621,17933,712581,730514,186547
2021-04-10,2021,4,10,port1188,Shanghai,China,CHN,40,37,20,6,26,103,129,182002,310734,47025,4709,60790,544471,605262,497715,274202,24719,7457,70836,804094,874931,186548
2021-04-11,2021,4,11,port1188,Shanghai,China,CHN,31,44,14,6,17,95,112,330109,232375,14989,408,68413,577883,646297,300377,358156,6019,10721,95389,675275,770664,186549
2021-04-12,2021,4,12,port1188,Shanghai,China,CHN,42,55,20,7,22,124,146,509720,325179,48244,5181,29488,888327,917815,305686,380606,13642,5487,118210,705423,823634,186550
2021-04-13,2021,4,13,port1188,Shanghai,China,CHN,35,43,14,3,39,95,134,246781,355528,19651,3213,163386,625175,788562,322904,377905,25534,5895,56640,732239,788880,186551
2021-04-14,2021,4,14,port1188,Shanghai,China,CHN,32,47,24,4,22,107,129,223916,212408,39041,817,38702,476185,514888,355772,375327,36810,3477,55389,771388,826777,186552
2021-04-15,2021,4,15,port1188,Shanghai,China,CHN,36,60,19,6,19,121,140,215962,440472,36761,890,38357,694086,732443,486266,234388,22032,6579,34142,749267,783410,186553
2021-04-16,2021,4,16,port1188,Shanghai,China,CHN,37,38,18,4,23,97,120,558194,258278,9891,817,24130,827182,851312,450747,227674,20511,6661,118971,705594,824566,186554
2021-04-17,2021,4,17,port1188,Shanghai,China,CHN,33,41,15,5,24,94,118,355625,220997,17445,957,98971,595026,693997,325234,210976,13455,1921,70253,551587,621841,186555
2021-04-18,2021,4,18,port1188,Shanghai,China,CHN,35,53,14,4,29,106,135,375930,297943,13214,7963,51240,695051,746291,321363,372159,19207,1462,62593,714193,776786,186556
2021-04-19,2021,4,19,port1188,Shanghai,China,CHN,37,62,20,7,36,126,162,187472,293399,31937,4273,44835,517082,561918,242002,394652,22889,4387,77529,663931,741460,186557
2021-04-20,2021,4,20,port1188,Shanghai,China,CHN,29,26,14,2,31,71,102,244886,143552,17924,2588,62414,408952,471366,323119,107168,34373,1462,55818,466123,521942,186558
2021-04-21,2021,4,21,port1188,Shanghai,China,CHN,34,46,13,3,24,96,120,523059,195448,19742,3139,115708,741390,857099,321857,373530,18962,1973,55021,716323,771345,186559
2021-04-22,2021,4,22,port1188,Shanghai,China,CHN,27,36,17,3,20,83,103,452437,461858,44666,1526,82120,960488,1042608,215902,274293,19317,4713,88945,514226,603172,186560
2021-04-23,2021,4,23,port1188,Shanghai,China,CHN,19,22,4,5,18,50,68,205620,112165,6410,2707,12588,326903,339492,188063,257869,2027,2924,16616,450885,467501,186561
2021-04-24,2021,4,24,port1188,Shanghai,China,CHN,31,54,17,8,20,110,130,298718,410216,32096,1472,38230,742504,780735,243022,671728,22724,7380,51819,944855,996674,186562
2021-04-25,2021,4,25,port1188,Shanghai,China,CHN,35,38,10,5,28,88,116,271805,170321,13298,3903,86640,459329,545970,404563,405449,15053,6754,102161,831821,933982,186563
2021-04-26,2021,4,26,port1188,Shanghai,China,CHN,36,36,12,6,31,90,121,433700,330350,20613,5027,96110,789692,885802,338720,201068,4243,8322,53201,552355,605556,186564
2021-04-27,2021,4,27,port1188,Shanghai,China,CHN,27,43,13,4,18,87,105,130661,362246,35848,4052,68754,532807,601561,346047,348891,9245,7205,60771,711390,772161,186565
2021-04-28,2021,4,28,port1188,Shanghai,China,CHN,32,42,15,4,24,93,117,158039,556092,19398,4706,83710,738237,821947,395684,294968,17282,3510,32288,711446,743735,186566
2021-04-29,2021,4,29,port1188,Shanghai,China,CHN,33,35,21,5,27,94,121,543453,163752,34076,3619,100021,744901,844922,359483,105570,19530,1462,48706,486046,534753,186567
2021-04-30,2021,4,30,port1188,Shanghai,China,CHN,37,37,15,4,19,93,112,365710,237945,29474,408,71755,633538,705294,249807,243644,13953,11028,47226,518434,565660,186568
2021-05-01,2021,5,1,port1188,Shanghai,China,CHN,35,40,16,5,30,96,126,318709,175452,14461,2008,44454,510631,555085,488760,139260,11133,2924,31837,642079,673916,186569
2021-05-02,2021,5,2,port1188,Shanghai,China,CHN,25,45,10,6,27,86,113,260825,587237,9832,817,92255,858713,950968,268992,319655,5082,8275,21569,602006,623576,186570
2021-05-03,2021,5,3,port1188,Shanghai,China,CHN,31,34,12,5,14,82,96,155069,193614,16498,1539,11978,366721,378700,245131,187499,12637,9322,49781,454591,504373,186571
2021-05-04,2021,5,4,port1188,Shanghai,China,CHN,34,28,18,6,27,86,113,173065,116219,16331,192,103276,305809,409086,310754,63083,35678,8148,14586,417664,432250,186572
2021-05-05,2021,5,5,port1188,Shanghai,China,CHN,30,42,17,4,21,93,114,307365,302712,22608,817,26350,633504,659855,281925,246231,15228,8577,51858,551962,603821,186573
2021-05-06,2021,5,6,port1188,Shanghai,China,CHN,31,39,13,4,35,87,122,343433,328203,21902,3270,186869,696810,883679,293534,272615,31143,1462,27059,598756,625815,186574
2021-05-07,2021,5,7,port1188,Shanghai,China,CHN,37,37,10,4,29,88,117,383009,287050,23518,4232,104080,697811,801891,326860,208488,12552,5941,36555,553843,590399,186575
2021-05-08,2021,5,8,port1188,Shanghai,China,CHN,34,35,15,8,20,92,112,151234,186035,22620,2728,33646,362619,396266,429162,166196,35184,11507,20609,642051,662661,186576
2021-05-09,2021,5,9,port1188,Shanghai,China,CHN,23,42,13,3,19,81,100,414832,482311,18450,843,42608,916437,959046,169661,362170,20257,9174,3388,561264,564652,186577
2021-05-10,2021,5,10,port1188,Shanghai,China,CHN,20,13,9,3,17,45,62,90549,69685,2665,1957,58617,164857,223475,229139,71301,17235,1462,31056,319138,350194,186578
2021-05-11,2021,5,11,port1188,Shanghai,China,CHN,39,66,26,7,27,138,165,513360,627551,47161,4073,66705,1192146,1258851,457355,531167,35420,8411,27958,1032355,1060314,186579
2021-05-12,2021,5,12,port1188,Shanghai,China,CHN,34,29,19,2,19,84,103,148173,380566,29604,0,40502,558344,598846,427736,266596,20430,6917,20019,721680,741700,186580
2021-05-13,2021,5,13,port1188,Shanghai,China,CHN,29,30,19,4,32,82,114,221089,225114,56685,408,86166,503298,589464,252349,306499,11879,9613,113411,580342,693753,186581
2021-05-14,2021,5,14,port1188,Shanghai,China,CHN,29,19,6,1,9,55,64,265957,30673,10274,2559,19924,309464,329389,342378,179332,6335,0,12188,528046,540234,186582
2021-05-15,2021,5,15,port1188,Shanghai,China,CHN,31,55,23,4,29,113,142,313945,268750,30753,4730,69346,618179,687526,265097,205303,33608,5551,175858,509561,685419,186583
2021-05-16,2021,5,16,port1188,Shanghai,China,CHN,37,45,8,7,23,97,120,289069,579340,2877,2103,184907,873390,1058298,414279,284695,15102,7902,46951,721979,768931,186584
2021-05-17,2021,5,17,port1188,Shanghai,China,CHN,31,46,6,6,22,89,111,181689,428091,8411,1226,40038,619419,659457,195212,268441,6624,14123,20449,484402,504852,186585
2021-05-18,2021,5,18,port1188,Shanghai,China,CHN,37,39,14,8,27,98,125,590624,390735,16656,8389,133011,1006406,1139417,280836,287415,16422,7042,62057,591716,653773,186586
2021-05-19,2021,5,19,port1188,Shanghai,China,CHN,36,39,16,6,38,97,135,307296,281722,32681,4897,93042,626597,719640,440087,233896,20916,4408,119625,699308,818934,186587
2021-05-20,2021,5,20,port1188,Shanghai,China,CHN,37,41,17,5,21,100,121,285520,298008,19072,2849,50618,605450,656068,417971,235411,23538,8187,57717,685108,742826,186588
2021-05-21,2021,5,21,port1188,Shanghai,China,CHN,32,42,18,5,29,97,126,225478,350516,28664,0,41704,604660,646365,263248,356140,9906,1438,74114,630733,704848,186589
2021-05-22,2021,5,22,port1188,Shanghai,China,CHN,29,53,13,8,21,103,124,135261,416309,20318,2156,41205,574045,615251,270133,395450,15428,9049,66913,690063,756976,186590
2021-05-23,2021,5,23,port1188,Shanghai,China,CHN,25,34,15,5,14,79,93,220275,213783,30746,6680,92515,471485,564000,301039,248199,8697,1462,68915,559398,628314,186591
2021-05-24,2021,5,24,port1188,Shanghai,China,CHN,24,43,17,3,27,87,114,534710,532179,41426,817,69325,1109133,1178459,218050,183281,18403,3437,41458,423171,464630,186592
2021-05-25,2021,5,25,port1188,Shanghai,China,CHN,34,43,9,8,18,94,112,261142,274636,10476,1226,74442,547482,621924,339118,460432,3235,10748,21563,813533,835097,186593
2021-05-26,2021,5,26,port1188,Shanghai,China,CHN,34,40,20,4,18,98,116,155938,299047,27990,817,105015,483794,588810,391365,159931,31752,2924,17968,585974,603942,186594
2021-05-27,2021,5,27,port1188,Shanghai,China,CHN,36,48,15,4,27,103,130,443295,337227,22345,4077,99354,806946,906300,341478,354136,7986,1462,19444,705064,724508,186595
2021-05-28,2021,5,28,port1188,Shanghai,China,CHN,28,41,15,5,28,89,117,218433,219373,23199,11024,86139,472031,558170,236825,650613,31397,1308,57533,920144,977677,186596
2021-05-29,2021,5,29,port1188,Shanghai,China,CHN,29,48,9,8,24,94,118,153739,364283,18106,3384,14731,539515,554246,338305,608934,11859,11202,59159,970301,1029461,186597
2021-05-30,2021,5,30,port1188,Shanghai,China,CHN,33,32,18,3,21,86,107,350638,196488,19315,0,98240,566442,664682,350413,290311,32955,1130,71801,674811,746612,186598
2021-05-31,2021,5,31,port1188,Shanghai,China,CHN,31,50,9,5,24,95,119,282442,185569,42410,1226,92848,511649,604497,349871,218956,5682,8409,50770,582920,633691,186599
2021-06-01,2021,6,1,port1188,Shanghai,China,CHN,29,34,15,9,18,87,105,161165,186986,18120,3840,18423,370113,388536,367973,236668,16088,9794,69129,630524,699654,186600
2021-06-02,2021,6,2,port1188,Shanghai,China,CHN,19,28,9,2,14,58,72,74457,235630,16148,1117,35133,327353,362487,135871,786797,19369,4100,46053,946139,992192,186601
2021-06-03,2021,6,3,port1188,Shanghai,China,CHN,36,45,16,7,25,104,129,481950,384727,15783,1503,61000,883964,944964,429258,184628,20277,5922,40531,640087,680618,186602
2021-06-04,2021,6,4,port1188,Shanghai,China,CHN,26,39,18,5,35,88,123,446841,249838,40152,3941,110550,740773,851323,164637,225905,12880,4983,80732,408407,489139,186603
2021-06-05,2021,6,5,port1188,Shanghai,China,CHN,32,35,22,9,21,98,119,388507,360616,27950,3221,46755,780296,827051,392241,159781,23616,11439,50930,587078,638009,186604
2021-06-06,2021,6,6,port1188,Shanghai,China,CHN,30,42,12,3,20,87,107,441607,607652,15169,1304,42265,1065733,1107998,325712,530772,11915,1163,14177,869563,883740,186605
2021-06-07,2021,6,7,port1188,Shanghai,China,CHN,35,46,13,4,18,98,116,247967,310435,5081,1838,66302,565322,631625,326708,443316,21995,7874,14474,799894,814369,186606
2021-06-08,2021,6,8,port1188,Shanghai,China,CHN,36,35,13,8,16,92,108,463561,85403,39598,1957,34924,590521,625445,282298,193667,7049,9048,17697,492063,509760,186607
2021-06-09,2021,6,9,port1188,Shanghai,China,CHN,31,55,10,5,26,101,127,389849,494343,8186,2456,66419,894835,961255,337186,241677,8325,16091,10325,603281,613606,186608
2021-06-10,2021,6,10,port1188,Shanghai,China,CHN,28,46,12,5,27,91,118,265526,306011,15457,2599,90109,589594,679704,281622,488076,11771,3523,5690,784993,790684,186609
2021-06-11,2021,6,11,port1188,Shanghai,China,CHN,35,32,15,6,16,88,104,173052,331536,17388,6327,61072,528304,589377,323120,589672,24471,6587,37129,943851,980981,186610
2021-06-12,2021,6,12,port1188,Shanghai,China,CHN,34,43,19,6,28,102,130,159972,301883,42737,1010,101176,505603,606780,551998,72920,8988,3199,41938,637106,679045,186611
2021-06-13,2021,6,13,port1188,Shanghai,China,CHN,19,31,15,1,20,66,86,92277,318165,22123,37,18519,432603,451122,130746,168119,15099,590,17299,314556,331856,186612
2021-06-14,2021,6,14,port1188,Shanghai,China,CHN,31,41,16,3,19,91,110,206637,235082,27772,408,36306,469900,506207,396635,459705,10090,1462,31117,867894,899011,186613
2021-06-15,2021,6,15,port1188,Shanghai,China,CHN,31,50,15,6,23,102,125,513159,305346,8015,4074,56105,830596,886701,189583,441364,13330,2924,50674,647202,697877,186614
2021-06-16,2021,6,16,port1188,Shanghai,China,CHN,33,30,8,5,23,76,99,365589,381604,48177,3891,158839,799262,958102,232125,76529,2216,6079,17682,316950,334632,186615
2021-06-17,2021,6,17,port1188,Shanghai,China,CHN,30,30,12,4,30,76,106,355497,289984,22782,7284,71573,675548,747122,417840,145090,7247,1462,82806,571640,654446,186616
2021-06-18,2021,6,18,port1188,Shanghai,China,CHN,33,47,18,7,25,105,130,508005,254888,18308,1226,83736,782429,866165,257372,346930,40181,12450,41922,656935,698857,186617
2021-06-19,2021,6,19,port1188,Shanghai,China,CHN,37,36,19,7,15,99,114,340069,253698,38178,3347,66728,635294,702022,300263,219377,21683,7562,74017,548886,622904,186618
2021-06-20,2021,6,20,port1188,Shanghai,China,CHN,30,45,16,4,28,95,123,205086,604826,13289,408,91617,823611,915228,372927,336807,16158,7070,86423,732963,819387,186619
2021-06-21,2021,6,21,port1188,Shanghai,China,CHN,35,38,10,4,25,87,112,244737,155836,8599,5093,71246,414266,485512,354666,458027,20708,1462,33422,834865,868287,186620
2021-06-22,2021,6,22,port1188,Shanghai,China,CHN,35,27,15,6,26,83,109,469459,430964,12378,1957,120627,914759,1035386,268892,347915,13721,13990,13049,644519,657568,186621
2021-06-23,2021,6,23,port1188,Shanghai,China,CHN,31,37,19,5,26,92,118,598691,425383,45765,817,36278,1070657,1106936,316182,246738,12341,9283,18582,584546,603128,186622
2021-06-24,2021,6,24,port1188,Shanghai,China,CHN,33,35,13,6,33,87,120,352128,280675,20597,9344,134600,662745,797345,395284,198498,13823,4387,39835,611993,651829,186623
2021-06-25,2021,6,25,port1188,Shanghai,China,CHN,29,43,18,4,31,94,125,100024,414587,25297,3258,96445,543168,639614,244145,365046,18268,1462,95757,628923,724680,186624
2021-06-26,2021,6,26,port1188,Shanghai,China,CHN,29,40,18,8,29,95,124,328279,409472,48091,5287,76433,791130,867563,338370,407846,13984,5555,64421,765755,830176,186625
2021-06-27,2021,6,27,port1188,Shanghai,China,CHN,27,35,9,5,33,76,109,140006,207534,11664,2390,102229,361595,463825,300071,243309,13002,4387,18686,560770,579456,186626
2021-06-28,2021,6,28,port1188,Shanghai,China,CHN,28,38,15,8,22,89,111,210326,607635,20845,7354,114852,846161,961013,228550,140999,6510,8955,60379,385016,445395,186627
2021-06-29,2021,6,29,port1188,Shanghai,China,CHN,36,45,13,4,23,98,121,391249,363450,11122,5235,102459,771058,873517,258278,362466,13803,2587,34524,637136,671660,186628
2021-06-30,2021,6,30,port1188,Shanghai,China,CHN,37,42,14,5,21,98,119,576478,466573,22520,3207,48342,1068780,1117122,380067,267346,17005,6068,41960,670488,712449,186629
2021-07-01,2021,7,1,port1188,Shanghai,China,CHN,36,41,22,5,38,104,142,393629,258135,13613,2254,107474,667632,775107,386349,490396,36057,6737,45239,919540,964779,186630
2021-07-02,2021,7,2,port1188,Shanghai,China,CHN,30,32,11,6,27,79,106,331062,287023,21730,2204,168922,642020,810943,196260,318814,8563,6336,69302,529975,599277,186631
2021-07-03,2021,7,3,port1188,Shanghai,China,CHN,39,32,11,5,21,87,108,469285,175386,17605,855,23689,663133,686823,374518,125997,6386,6103,13137,513005,526143,186632
2021-07-04,2021,7,4,port1188,Shanghai,China,CHN,24,31,17,4,26,76,102,157724,104117,16666,890,71191,279399,350591,296243,287421,46943,8793,68085,639402,707487,186633
2021-07-05,2021,7,5,port1188,Shanghai,China,CHN,26,37,9,6,25,78,103,131023,255411,29798,5587,79968,421822,501790,284097,291561,7538,5480,33524,588678,622203,186634
2021-07-06,2021,7,6,port1188,Shanghai,China,CHN,36,38,15,5,27,94,121,261119,502784,8441,4505,108390,776851,885242,380285,369143,16863,9115,42097,775408,817506,186635
2021-07-07,2021,7,7,port1188,Shanghai,China,CHN,37,36,17,4,26,94,120,528081,501709,22998,817,56526,1053606,1110133,334222,362550,20127,11263,70673,728165,798838,186636
2021-07-08,2021,7,8,port1188,Shanghai,China,CHN,38,36,15,7,20,96,116,292944,162190,18726,681,72089,474542,546632,476655,167681,9247,4783,6358,658367,664726,186637
2021-07-09,2021,7,9,port1188,Shanghai,China,CHN,32,33,10,7,21,82,103,437689,224279,19455,6635,83133,688060,771193,114961,367302,0,4864,14814,487128,501943,186638
2021-07-10,2021,7,10,port1188,Shanghai,China,CHN,31,40,20,5,23,96,119,601940,370415,46464,408,117677,1019229,1136907,221337,118829,10961,5204,22196,356333,378529,186639
2021-07-11,2021,7,11,port1188,Shanghai,China,CHN,29,44,10,5,21,88,109,359605,353224,6793,1541,60281,721165,781447,303473,216299,16087,11152,49796,547012,596808,186640
2021-07-12,2021,7,12,port1188,Shanghai,China,CHN,35,34,10,6,23,85,108,607666,378558,16719,1953,100033,1004898,1104932,223830,361389,15758,15498,20316,616477,636793,186641
2021-07-13,2021,7,13,port1188,Shanghai,China,CHN,34,42,14,3,27,93,120,200376,217627,16419,4666,59965,439090,499056,359638,193776,24002,1462,159805,578880,738685,186642
2021-07-14,2021,7,14,port1188,Shanghai,China,CHN,32,48,12,3,22,95,117,311605,273187,13209,0,40025,598002,638028,396710,468743,9468,3228,60242,878151,938393,186643
2021-07-15,2021,7,15,port1188,Shanghai,China,CHN,28,39,16,6,22,89,111,235678,224174,19648,4311,51204,483812,535017,269570,197184,21909,11623,177621,500287,677908,186644
2021-07-16,2021,7,16,port1188,Shanghai,China,CHN,39,31,12,4,30,86,116,557550,271935,13166,72,73532,842724,916257,258452,49612,27525,2857,38783,338449,377232,186645
2021-07-17,2021,7,17,port1188,Shanghai,China,CHN,27,33,13,7,23,80,103,240639,519763,18220,3506,56216,782129,838346,310696,154221,24136,7620,23674,496674,520349,186646
2021-07-18,2021,7,18,port1188,Shanghai,China,CHN,29,41,15,5,23,90,113,201656,429893,23928,1476,112424,656955,769379,383224,171406,13010,13218,136381,580859,717240,186647
2021-07-19,2021,7,19,port1188,Shanghai,China,CHN,31,44,11,1,24,87,111,395260,531014,19647,408,74258,946331,1020589,241938,237359,3427,1462,67996,484188,552185,186648
2021-07-20,2021,7,20,port1188,Shanghai,China,CHN,35,29,22,9,28,95,123,317904,76056,35985,2531,78203,432478,510681,377335,159807,23953,6612,42108,567708,609816,186649
2021-07-21,2021,7,21,port1188,Shanghai,China,CHN,22,41,10,3,23,76,99,267675,382122,3968,408,44296,654175,698472,97525,243484,17215,9668,32267,367893,400160,186650
2021-07-22,2021,7,22,port1188,Shanghai,China,CHN,24,25,11,3,15,63,78,226085,160852,11590,0,48219,398528,446748,220234,156448,19660,4602,11168,400945,412114,186651
2021-07-23,2021,7,23,port1188,Shanghai,China,CHN,15,25,6,2,9,48,57,407557,57335,8043,5359,4817,478295,483112,107354,226651,6560,5211,5595,345778,351374,186652
2021-07-24,2021,7,24,port1188,Shanghai,China,CHN,0,0,0,0,0,0,0,0,0,0,0,0,0,0,0,0,0,0,0,0,0,186653
2021-07-25,2021,7,25,port1188,Shanghai,China,CHN,0,0,0,0,1,0,1,0,0,0,0,1604,0,1604,0,0,0,0,842,0,842,186654
2021-07-26,2021,7,26,port1188,Shanghai,China,CHN,0,0,0,0,1,0,1,0,0,0,0,1604,0,1604,0,0,0,0,842,0,842,186655
2021-07-27,2021,7,27,port1188,Shanghai,China,CHN,29,15,6,4,4,54,58,270291,175733,4056,908,29809,450989,480798,273673,134654,11410,7952,5534,427691,433225,186656
2021-07-28,2021,7,28,port1188,Shanghai,China,CHN,35,60,29,5,27,129,156,107926,537969,38526,3928,42897,688350,731248,637862,385038,21298,2924,97802,1047125,1144928,186657
2021-07-29,2021,7,29,port1188,Shanghai,China,CHN,30,28,19,7,34,84,118,335442,223139,36142,5261,133176,599985,733162,284332,119775,28423,6971,22946,439502,462449,186658
2021-07-30,2021,7,30,port1188,Shanghai,China,CHN,32,36,15,6,26,89,115,451384,556165,15828,6634,97580,1030014,1127594,345976,90883,19489,2646,11508,458995,470504,186659
2021-07-31,2021,7,31,port1188,Shanghai,China,CHN,41,33,13,5,28,92,120,275383,457781,16337,1257,44669,750759,795428,403021,126350,11360,3949,25675,544681,570356,186660
2021-08-01,2021,8,1,port1188,Shanghai,China,CHN,27,43,19,6,30,95,125,249592,362739,40075,855,126522,653262,779784,431271,236892,22251,16402,24311,706818,731129,186661
2021-08-02,2021,8,2,port1188,Shanghai,China,CHN,29,33,14,4,27,80,107,437708,399976,20534,5255,59444,863474,922919,271216,434482,4085,6547,26220,716331,742552,186662
2021-08-03,2021,8,3,port1188,Shanghai,China,CHN,25,40,10,2,34,77,111,223028,273453,26840,512,107096,523834,630930,332651,214507,6439,0,125107,553598,678705,186663
2021-08-04,2021,8,4,port1188,Shanghai,China,CHN,34,33,12,7,24,86,110,194651,363807,29933,4688,89580,593081,682661,454530,518466,6320,9035,107734,988353,1096087,186664
2021-08-05,2021,8,5,port1188,Shanghai,China,CHN,31,42,11,5,31,89,120,309662,392140,15628,2568,64829,719999,784829,221202,199871,6705,16392,46642,444171,490813,186665
2021-08-06,2021,8,6,port1188,Shanghai,China,CHN,29,42,20,5,27,96,123,132486,246892,32709,1776,57971,413864,471836,269440,249998,11404,9406,29259,540248,569508,186666
2021-08-07,2021,8,7,port1188,Shanghai,China,CHN,33,41,12,4,34,90,124,349984,537980,11514,817,109519,900297,1009817,311989,379264,20897,7476,58076,719626,777703,186667
2021-08-08,2021,8,8,port1188,Shanghai,China,CHN,31,34,11,8,18,84,102,395819,336465,14584,1264,88374,748132,836507,337537,378866,22475,12946,57627,751825,809453,186668
2021-08-09,2021,8,9,port1188,Shanghai,China,CHN,35,53,14,6,25,108,133,483327,338839,23821,408,56053,846397,902450,310407,425734,19648,11771,49681,767561,817243,186669
2021-08-10,2021,8,10,port1188,Shanghai,China,CHN,36,30,17,6,28,89,117,348598,205027,22797,1226,113076,577650,690727,345971,310312,24782,16927,20341,697994,718336,186670
2021-08-11,2021,8,11,port1188,Shanghai,China,CHN,34,40,16,4,31,94,125,421837,406350,11970,6137,110020,846297,956318,380835,103323,17507,1462,77785,503128,580913,186671
2021-08-12,2021,8,12,port1188,Shanghai,China,CHN,29,35,15,6,29,85,114,137283,324063,22933,0,49012,484280,533293,395978,417340,11548,9028,69588,833896,903484,186672
2021-08-13,2021,8,13,port1188,Shanghai,China,CHN,34,46,13,1,22,94,116,324552,452564,32560,1739,25962,811417,837379,262516,288360,11140,0,55520,562017,617538,186673
2021-08-14,2021,8,14,port1188,Shanghai,China,CHN,31,35,12,5,33,83,116,428130,402813,16330,3019,159027,850294,1009321,218433,338524,18401,2053,107846,577413,685260,186674
2021-08-15,2021,8,15,port1188,Shanghai,China,CHN,25,23,10,2,25,60,85,145655,235012,21200,408,88688,402277,490966,321289,336447,3905,3509,32523,665151,697674,186675
2021-08-16,2021,8,16,port1188,Shanghai,China,CHN,37,36,12,9,37,94,131,509690,460466,8193,1791,125426,980142,1105569,404538,284821,13704,11870,69659,714935,784595,186676
2021-08-17,2021,8,17,port1188,Shanghai,China,CHN,30,36,12,2,27,80,107,513910,369582,7721,408,79707,891623,971331,323523,193692,11514,8600,53780,537331,591112,186677
2021-08-18,2021,8,18,port1188,Shanghai,China,CHN,24,33,13,4,21,74,95,195344,149813,23625,817,51221,369600,420821,294804,230711,16027,9372,38585,550915,589501,186678
2021-08-19,2021,8,19,port1188,Shanghai,China,CHN,25,35,7,3,20,70,90,277498,309497,10954,408,129395,598359,727754,209289,377238,17720,6674,8140,610921,619062,186679
2021-08-20,2021,8,20,port1188,Shanghai,China,CHN,30,44,13,5,21,92,113,108315,365489,29424,408,65305,503638,568943,239984,316647,16704,9286,62214,582622,644837,186680
2021-08-21,2021,8,21,port1188,Shanghai,China,CHN,31,41,17,2,19,91,110,250963,374270,48385,0,113036,673619,786655,327448,387362,25603,4729,32045,745144,777189,186681
2021-08-22,2021,8,22,port1188,Shanghai,China,CHN,30,30,14,6,22,80,102,271629,202488,10203,1402,41352,485724,527077,288669,249211,12324,8870,33355,559076,592431,186682
2021-08-23,2021,8,23,port1188,Shanghai,China,CHN,30,30,18,4,31,82,113,172156,272687,17005,408,77974,462257,540232,324041,296889,19911,3725,194261,644567,838828,186683
2021-08-24,2021,8,24,port1188,Shanghai,China,CHN,31,34,12,3,22,80,102,319669,305408,14808,2816,56791,642702,699493,469847,164518,8381,0,51242,642747,693989,186684
2021-08-25,2021,8,25,port1188,Shanghai,China,CHN,31,33,16,5,24,85,109,462951,412157,20286,0,90354,895394,985749,412253,168599,15036,11115,24359,607004,631364,186685
2021-08-26,2021,8,26,port1188,Shanghai,China,CHN,30,28,13,3,25,74,99,147555,111046,14404,919,62573,273927,336501,215992,118322,10363,1462,35143,346141,381284,186686
2021-08-27,2021,8,27,port1188,Shanghai,China,CHN,32,45,9,6,22,92,114,277982,557810,9747,1542,42513,847083,889597,352100,551605,9729,9241,38632,922678,961310,186687
2021-08-28,2021,8,28,port1188,Shanghai,China,CHN,29,32,11,4,27,76,103,225692,686874,34088,2423,115029,949078,1064107,327499,169381,7254,4376,43721,508511,552233,186688
2021-08-29,2021,8,29,port1188,Shanghai,China,CHN,32,31,14,6,22,83,105,165594,269420,23522,1635,131508,460173,591682,351539,384322,6649,13020,32044,755532,787576,186689
2021-08-30,2021,8,30,port1188,Shanghai,China,CHN,30,37,20,4,22,91,113,387707,531199,29643,3870,20313,952421,972734,312314,135408,19706,6960,129682,474389,604071,186690
2021-08-31,2021,8,31,port1188,Shanghai,China,CHN,29,42,14,4,23,89,112,466359,405582,22532,1226,93150,895700,988851,187081,133469,23725,9048,35756,353324,389080,186691
2021-09-01,2021,9,1,port1188,Shanghai,China,CHN,29,34,5,3,21,71,92,236226,199705,2877,5904,179188,444712,623900,275821,347348,10387,0,17192,633557,650749,186692
2021-09-02,2021,9,2,port1188,Shanghai,China,CHN,28,47,14,5,25,94,119,217795,530320,38642,8586,51023,795344,846368,282002,286162,19702,0,65218,587867,653085,186693
2021-09-03,2021,9,3,port1188,Shanghai,China,CHN,33,42,11,4,19,90,109,364124,494390,32821,408,68980,891745,960726,294562,271550,3936,4516,73846,574564,648411,186694
2021-09-04,2021,9,4,port1188,Shanghai,China,CHN,26,25,13,5,15,69,84,175241,201737,7838,2299,69391,387116,456508,313887,266028,24019,7663,9694,611599,621294,186695
2021-09-05,2021,9,5,port1188,Shanghai,China,CHN,34,30,12,6,18,82,100,393152,176027,40969,7367,21136,617517,638654,336359,198341,16734,3515,52859,554950,607810,186696
2021-09-06,2021,9,6,port1188,Shanghai,China,CHN,31,42,14,4,23,91,114,392404,203149,29458,1639,66513,626652,693166,353450,477958,18435,6775,47978,856620,904598,186697
2021-09-07,2021,9,7,port1188,Shanghai,China,CHN,24,38,22,4,21,88,109,122310,336841,20982,0,29608,480134,509742,266745,486013,15493,5653,44180,773905,818086,186698
2021-09-08,2021,9,8,port1188,Shanghai,China,CHN,32,34,19,4,26,89,115,295712,466692,35268,408,74188,798082,872270,566936,306252,17771,16084,89055,907045,996100,186699
2021-09-09,2021,9,9,port1188,Shanghai,China,CHN,33,32,12,2,28,79,107,692744,141648,12937,408,68396,847738,916135,284120,403663,12476,1975,54269,702236,756505,186700
2021-09-10,2021,9,10,port1188,Shanghai,China,CHN,26,32,12,6,24,76,100,313964,265219,15229,3001,83497,597413,680911,202842,105564,16954,6260,51422,331622,383044,186701
2021-09-11,2021,9,11,port1188,Shanghai,China,CHN,27,46,14,6,22,93,115,306243,447378,24410,4387,43925,782419,826345,276906,164245,6918,2053,32686,450123,482809,186702
2021-09-12,2021,9,12,port1188,Shanghai,China,CHN,11,21,5,0,7,37,44,128099,126402,12677,0,56105,267179,323284,44113,164704,1314,0,51976,210133,262109,186703
2021-09-13,2021,9,13,port1188,Shanghai,China,CHN,1,0,0,0,0,1,1,12144,0,0,0,0,12144,12144,9931,0,0,0,0,9931,9931,186704
2021-09-14,2021,9,14,port1188,Shanghai,China,CHN,0,0,0,0,0,0,0,0,0,0,0,0,0,0,0,0,0,0,0,0,0,186705
2021-09-15,2021,9,15,port1188,Shanghai,China,CHN,22,22,7,0,4,51,55,152393,104463,9204,0,26507,266062,292569,235978,207270,10215,0,4937,453463,458401,186706
2021-09-16,2021,9,16,port1188,Shanghai,China,CHN,31,53,13,1,31,98,129,271223,332656,3914,0,80073,607794,687867,463508,309457,25679,0,50169,798645,848815,186707
2021-09-17,2021,9,17,port1188,Shanghai,China,CHN,31,50,24,8,24,113,137,501275,677539,52036,817,56131,1231669,1287801,319273,435552,17084,10199,8308,782109,790417,186708
2021-09-18,2021,9,18,port1188,Shanghai,China,CHN,32,39,17,5,20,93,113,107269,417908,24069,817,59130,550065,609195,288901,95193,28325,10595,38131,423016,461147,186709
2021-09-19,2021,9,19,port1188,Shanghai,China,CHN,27,43,9,4,25,83,108,269872,291439,15823,601,90535,577736,668272,142122,362544,10236,2402,71535,517306,588841,186710
2021-09-20,2021,9,20,port1188,Shanghai,China,CHN,25,38,18,5,21,86,107,578197,280393,31047,817,87569,890456,978025,358381,318287,11489,17562,17835,705720,723555,186711
2021-09-21,2021,9,21,port1188,Shanghai,China,CHN,34,35,14,5,30,88,118,357241,419030,22163,817,53368,799253,852621,299012,189437,16628,9544,43530,514622,558152,186712
2021-09-22,2021,9,22,port1188,Shanghai,China,CHN,33,35,12,3,21,83,104,345752,504891,30298,870,77692,881812,959504,259843,223395,12372,6226,44429,501838,546267,186713
2021-09-23,2021,9,23,port1188,Shanghai,China,CHN,36,37,11,8,26,92,118,298526,239133,16771,2048,115672,556479,672152,449821,440438,13945,18145,54121,922350,976472,186714
2021-09-24,2021,9,24,port1188,Shanghai,China,CHN,27,31,12,5,18,75,93,241806,60015,10777,2368,81311,314967,396278,297512,422130,26577,1462,50700,747683,798384,186715
2021-09-25,2021,9,25,port1188,Shanghai,China,CHN,32,29,10,3,25,74,99,255855,220270,27094,1534,78861,504754,583615,276725,188255,15639,3750,79045,484369,563415,186716
2021-09-26,2021,9,26,port1188,Shanghai,China,CHN,27,39,15,5,22,86,108,503222,241126,38357,446,83214,783152,866366,221512,152916,13472,6237,79773,394138,473912,186717
2021-09-27,2021,9,27,port1188,Shanghai,China,CHN,36,31,13,8,19,88,107,381358,114668,17416,2299,23111,515743,538855,343503,117560,12671,10205,10743,483940,494683,186718
2021-09-28,2021,9,28,port1188,Shanghai,China,CHN,33,43,15,6,27,97,124,500930,305300,27700,408,100528,834339,934868,236900,318082,19871,14442,54014,589296,643310,186719
2021-09-29,2021,9,29,port1188,Shanghai,China,CHN,23,41,23,4,25,91,116,357083,183842,33153,408,90409,574487,664897,257483,263044,20561,8372,47617,549462,597079,186720
2021-09-30,2021,9,30,port1188,Shanghai,China,CHN,33,47,16,5,27,101,128,326384,300117,26714,1434,72398,654651,727049,222325,407176,16953,4785,47498,651240,698739,186721
2021-10-01,2021,10,1,port1188,Shanghai,China,CHN,29,26,11,4,20,70,90,294050,139545,15652,1921,54570,451168,505739,363674,225173,5258,5781,81614,599887,681501,186722
2021-10-02,2021,10,2,port1188,Shanghai,China,CHN,25,32,15,5,17,77,94,330411,164293,24662,855,49769,520222,569992,225842,369996,27599,5870,24281,629308,653590,186723
2021-10-03,2021,10,3,port1188,Shanghai,China,CHN,33,39,11,7,19,90,109,557211,221851,29382,817,82889,809264,892153,259171,339973,12639,9023,55050,620807,675858,186724
2021-10-04,2021,10,4,port1188,Shanghai,China,CHN,33,36,19,4,23,92,115,209821,426571,33627,0,52615,670020,722635,354252,151409,16742,3850,38417,526255,564672,186725
2021-10-05,2021,10,5,port1188,Shanghai,China,CHN,27,34,12,3,21,76,97,329150,350618,19377,1163,67057,700309,767367,282547,170241,42629,3362,8392,498780,507173,186726
2021-10-06,2021,10,6,port1188,Shanghai,China,CHN,34,48,5,7,29,94,123,315718,389967,2182,2123,93074,709992,803066,265880,399687,13839,13187,101771,692594,794365,186727
2021-10-07,2021,10,7,port1188,Shanghai,China,CHN,28,29,7,5,27,69,96,229239,245582,7229,817,117986,482869,600855,258923,281326,9655,17155,12299,567061,579360,186728
2021-10-08,2021,10,8,port1188,Shanghai,China,CHN,33,37,13,2,20,85,105,628983,608526,30424,408,44453,1268342,1312796,225765,149034,7097,3451,47024,385348,432372,186729
2021-10-09,2021,10,9,port1188,Shanghai,China,CHN,33,35,15,5,27,88,115,232183,453268,9423,446,113757,695322,809080,277784,378259,28378,6947,65912,691369,757282,186730
2021-10-10,2021,10,10,port1188,Shanghai,China,CHN,27,34,12,2,19,75,94,359877,120897,5985,408,44814,487169,531983,150162,293618,13715,1462,19754,458959,478713,186731
2021-10-11,2021,10,11,port1188,Shanghai,China,CHN,30,17,4,2,14,53,67,414649,230026,9413,434,52483,654523,707006,383415,93388,0,3280,3898,480085,483983,186732
2021-10-12,2021,10,12,port1188,Shanghai,China,CHN,31,36,8,5,14,80,94,253592,353184,8981,3139,25787,618898,644685,213361,350622,24424,5659,62424,594068,656492,186733
2021-10-13,2021,10,13,port1188,Shanghai,China,CHN,30,56,8,4,24,98,122,245586,543228,6059,408,83320,795283,878604,266264,298411,20522,9250,15356,594448,609804,186734
2021-10-14,2021,10,14,port1188,Shanghai,China,CHN,30,39,14,5,32,88,120,220094,257913,29382,1617,97562,509008,606570,231640,391877,18682,11731,51486,653932,705418,186735
2021-10-15,2021,10,15,port1188,Shanghai,China,CHN,27,38,9,5,21,79,100,129217,261757,8026,817,53292,399820,453112,189714,260986,12086,4863,50952,467651,518603,186736
2021-10-16,2021,10,16,port1188,Shanghai,China,CHN,14,24,5,3,15,46,61,247608,263444,15075,2731,41029,528860,569889,96001,57833,11828,0,10494,165663,176158,186737
2021-10-17,2021,10,17,port1188,Shanghai,China,CHN,23,42,14,5,25,84,109,250261,124356,19290,2043,36721,395950,432671,178715,300456,8512,6062,64930,493746,558676,186738
2021-10-18,2021,10,18,port1188,Shanghai,China,CHN,36,41,17,7,28,101,129,437392,306333,16963,408,49555,761097,810653,356282,273052,16764,23110,136154,669210,805365,186739
2021-10-19,2021,10,19,port1188,Shanghai,China,CHN,27,41,20,5,16,93,109,446958,236163,35545,3994,20614,722662,743276,257337,298776,17863,7411,23961,581389,605351,186740
2021-10-20,2021,10,20,port1188,Shanghai,China,CHN,33,41,19,4,19,97,116,547073,281596,32085,2487,68445,863242,931687,163190,242215,24712,6577,41216,436696,477913,186741
2021-10-21,2021,10,21,port1188,Shanghai,China,CHN,36,29,7,3,22,75,97,339610,76407,19626,1508,80270,437154,517424,295033,357456,4050,3700,61533,660241,721775,186742
2021-10-22,2021,10,22,port1188,Shanghai,China,CHN,30,40,11,7,28,88,116,252033,177834,17753,1226,115943,448847,564791,288066,335911,5534,6937,61443,636449,697893,186743
2021-10-23,2021,10,23,port1188,Shanghai,China,CHN,31,37,9,6,28,83,111,315960,330845,27738,1972,48258,676517,724776,314555,464093,8734,14508,75691,801893,877585,186744
2021-10-24,2021,10,24,port1188,Shanghai,China,CHN,31,36,9,2,22,78,100,296158,302420,13356,416,74264,612352,686616,239911,221820,14337,0,31877,476069,507947,186745
2021-10-25,2021,10,25,port1188,Shanghai,China,CHN,25,40,20,6,24,91,115,303981,584871,34513,2871,49652,926237,975889,162095,253907,11278,12603,42474,439884,482359,186746
2021-10-26,2021,10,26,port1188,Shanghai,China,CHN,30,43,10,4,27,87,114,799846,268304,30505,0,116672,1098656,1215328,348185,347483,3564,3798,19520,703031,722551,186747
2021-10-27,2021,10,27,port1188,Shanghai,China,CHN,31,39,15,4,21,89,110,248361,376320,39378,817,123439,664878,788317,287772,465090,18645,11375,57716,782884,840600,186748
2021-10-28,2021,10,28,port1188,Shanghai,China,CHN,35,37,20,5,25,97,122,323322,305823,30317,876,73316,660340,733657,430773,137414,12327,7457,24240,587973,612213,186749
2021-10-29,2021,10,29,port1188,Shanghai,China,CHN,29,39,14,5,26,87,113,291320,655807,19524,408,68386,967061,1035448,192548,139046,11806,16480,32285,359881,392166,186750
2021-10-30,2021,10,30,port1188,Shanghai,China,CHN,35,47,15,4,29,101,130,251012,257022,24355,855,149750,533246,682997,324119,298218,7431,3515,28159,633284,661443,186751
2021-10-31,2021,10,31,port1188,Shanghai,China,CHN,33,36,10,3,21,82,103,572052,533174,15704,5150,30766,1126081,1156848,241914,218051,11550,0,26099,471516,497615,186752
2021-11-01,2021,11,1,port1188,Shanghai,China,CHN,26,40,15,9,35,90,125,359344,361945,39455,2366,102273,763111,865384,338466,177070,1693,9489,86453,526719,613173,186753
2021-11-02,2021,11,2,port1188,Shanghai,China,CHN,32,47,13,0,25,92,117,441710,365480,32401,0,84067,839591,923659,481264,404041,13417,0,26218,898723,924941,186754
2021-11-03,2021,11,3,port1188,Shanghai,China,CHN,31,43,12,5,18,91,109,552900,257816,13569,4239,53060,828524,881585,228882,302039,19228,7016,11002,557166,568169,186755
2021-11-04,2021,11,4,port1188,Shanghai,China,CHN,29,55,15,5,27,104,131,171766,278315,51919,958,86585,502959,589544,385438,522691,10338,11518,71979,929986,1001965,186756
2021-11-05,2021,11,5,port1188,Shanghai,China,CHN,28,37,16,4,27,85,112,361427,349187,17253,2163,61020,730032,791052,341587,362095,17016,8855,57445,729555,787001,186757
2021-11-06,2021,11,6,port1188,Shanghai,China,CHN,20,32,8,5,25,65,90,576515,248507,13983,817,41616,839824,881440,129453,534147,8570,8085,82479,680257,762736,186758
2021-11-07,2021,11,7,port1188,Shanghai,China,CHN,22,5,3,3,11,33,44,171425,75044,5741,1644,39326,253856,293182,180223,0,243,2829,5904,183297,189201,186759
2021-11-08,2021,11,8,port1188,Shanghai,China,CHN,30,16,6,2,4,54,58,226004,251889,18639,0,17502,496533,514036,318783,136913,1797,8163,287,465657,465945,186760
2021-11-09,2021,11,9,port1188,Shanghai,China,CHN,31,52,20,4,29,107,136,318156,916904,29261,0,136550,1264322,1400873,315562,511073,25580,1908,22333,854125,876459,186761
2021-11-10,2021,11,10,port1188,Shanghai,China,CHN,31,33,13,8,24,85,109,333911,372765,20279,2311,44932,729268,774201,302644,97699,17628,10250,38656,428223,466880,186762
2021-11-11,2021,11,11,port1188,Shanghai,China,CHN,33,35,17,7,27,92,119,216977,499163,56782,9845,50703,782768,833471,372790,143507,11527,9357,23847,537183,561030,186763
2021-11-12,2021,11,12,port1188,Shanghai,China,CHN,36,32,14,7,25,89,114,408957,308531,12794,3077,55024,733361,788385,310610,143828,31530,14134,18797,500104,518901,186764
2021-11-13,2021,11,13,port1188,Shanghai,China,CHN,36,27,11,5,18,79,97,334085,258542,25606,2332,39585,620566,660151,298726,134849,8592,4978,52432,447147,499579,186765
2021-11-14,2021,11,14,port1188,Shanghai,China,CHN,26,25,17,3,14,71,85,280248,111119,19774,3878,95345,415022,510367,140683,113847,32438,2924,0,289895,289895,186766
2021-11-15,2021,11,15,port1188,Shanghai,China,CHN,32,40,16,5,21,93,114,352978,514714,38900,817,87377,907411,994789,294327,230882,9605,7540,19678,542355,562034,186767
2021-11-16,2021,11,16,port1188,Shanghai,China,CHN,31,32,12,5,30,80,110,525676,361705,21399,919,99053,909700,1008754,340431,104915,14353,1462,49624,461162,510786,186768
2021-11-17,2021,11,17,port1188,Shanghai,China,CHN,40,27,11,7,22,85,107,446671,248052,9865,4530,97472,709119,806592,418634,117263,16205,15091,150422,567194,717617,186769
2021-11-18,2021,11,18,port1188,Shanghai,China,CHN,30,42,10,6,21,88,109,326477,452749,14789,1226,36936,795243,832180,271743,263428,21512,22834,12865,579518,592383,186770
2021-11-19,2021,11,19,port1188,Shanghai,China,CHN,30,19,16,4,23,69,92,399285,167089,22298,6001,44756,594674,639430,284766,75446,12357,0,43531,372569,416101,186771
2021-11-20,2021,11,20,port1188,Shanghai,China,CHN,28,41,12,7,24,88,112,141872,664169,18333,817,101945,825192,927138,268095,147486,4866,13902,60212,434350,494563,186772
2021-11-21,2021,11,21,port1188,Shanghai,China,CHN,21,33,10,5,20,69,89,216740,124660,7903,1719,54138,351023,405162,183855,304474,10597,2443,28572,501371,529943,186773
2021-11-22,2021,11,22,port1188,Shanghai,China,CHN,30,30,17,4,16,81,97,174735,346428,16856,2455,35811,540475,576286,286943,103208,22273,8948,25406,421374,446780,186774
2021-11-23,2021,11,23,port1188,Shanghai,China,CHN,30,43,11,8,19,92,111,323254,355518,14863,601,29410,694239,723649,290483,554158,10687,8144,96291,863474,959766,186775
2021-11-24,2021,11,24,port1188,Shanghai,China,CHN,32,37,17,4,26,90,116,345789,210311,37981,408,130949,594491,725441,301658,246347,9158,4225,24896,561390,586287,186776
2021-11-25,2021,11,25,port1188,Shanghai,China,CHN,26,32,10,7,21,75,96,180715,440281,16940,1226,119950,639164,759115,337604,79994,21907,7998,17994,447504,465498,186777
2021-11-26,2021,11,26,port1188,Shanghai,China,CHN,30,32,16,5,18,83,101,392973,294918,48737,2819,26536,739449,765985,306042,275334,13583,6691,152894,601652,754546,186778
2021-11-27,2021,11,27,port1188,Shanghai,China,CHN,33,29,14,9,17,85,102,356076,175592,28839,4831,96904,565339,662244,283183,230812,7187,16827,56950,538010,594961,186779
2021-11-28,2021,11,28,port1188,Shanghai,China,CHN,34,24,10,3,12,71,83,621579,237034,14355,1723,107115,874692,981808,189849,183706,3943,3254,8640,380754,389394,186780
2021-11-29,2021,11,29,port1188,Shanghai,China,CHN,32,32,8,2,13,74,87,242817,285718,13347,0,32540,541883,574423,337766,125254,3944,4892,7340,471858,479198,186781
2021-11-30,2021,11,30,port1188,Shanghai,China,CHN,26,26,9,3,17,64,81,177510,191739,10647,1541,49748,381438,431187,218392,256314,3874,1462,17348,480043,497391,186782
2021-12-01,2021,12,1,port1188,Shanghai,China,CHN,31,34,12,4,14,81,95,191287,130133,16327,7055,41608,344805,386413,374300,195400,15360,2924,12546,587985,600532,186783
2021-12-02,2021,12,2,port1188,Shanghai,China,CHN,28,44,11,5,22,88,110,324365,600033,4315,5190,90345,933904,1024250,290581,115890,10872,0,4981,417344,422326,186784
2021-12-03,2021,12,3,port1188,Shanghai,China,CHN,29,36,11,5,25,81,106,271300,242914,22444,6692,34081,543351,577432,415024,311269,19336,4872,107056,750502,857559,186785
2021-12-04,2021,12,4,port1188,Shanghai,China,CHN,30,36,18,5,32,89,121,142492,469554,28878,3054,84231,643979,728211,325104,215510,23066,13482,29136,577163,606299,186786
2021-12-05,2021,12,5,port1188,Shanghai,China,CHN,29,41,13,5,21,88,109,298312,423497,21856,5581,91497,749247,840745,242550,123805,16097,3196,38392,385650,424043,186787
2021-12-06,2021,12,6,port1188,Shanghai,China,CHN,32,44,10,4,25,90,115,224234,356903,8626,2122,104380,591886,696266,261044,339608,2898,1462,47053,605013,652067,186788
2021-12-07,2021,12,7,port1188,Shanghai,China,CHN,34,43,14,7,27,98,125,557103,224958,32464,2640,101341,817167,918509,267741,331725,11084,2924,90796,613476,704272,186789
2021-12-08,2021,12,8,port1188,Shanghai,China,CHN,26,49,14,4,21,93,114,357390,358030,28413,408,36014,744242,780257,217012,380049,15185,4373,72826,616620,689447,186790
2021-12-09,2021,12,9,port1188,Shanghai,China,CHN,19,23,6,4,17,52,69,140579,49165,5253,1603,34984,196602,231586,278035,213147,11957,0,20566,503140,523707,186791
2021-12-10,2021,12,10,port1188,Shanghai,China,CHN,36,42,20,5,35,103,138,555732,351296,22438,4842,153486,934309,1087795,427687,356549,38344,10695,29704,833277,862981,186792
2021-12-11,2021,12,11,port1188,Shanghai,China,CHN,29,40,14,6,16,89,105,320928,223574,12805,1264,78083,558572,636656,156911,251503,36168,17241,7818,461825,469643,186793
2021-12-12,2021,12,12,port1188,Shanghai,China,CHN,32,31,9,5,23,77,100,260002,72929,9615,1635,84431,344184,428615,234361,122022,19889,10875,3332,387148,390481,186794
2021-12-13,2021,12,13,port1188,Shanghai,China,CHN,33,44,11,5,23,93,116,619342,846736,9259,2316,122435,1477654,1600090,255185,235060,6645,9054,32622,505946,538568,186795
2021-12-14,2021,12,14,port1188,Shanghai,China,CHN,30,34,17,5,21,86,107,426122,253742,27122,2661,91952,709648,801601,195014,320829,28584,10857,31772,555286,587059,186796
2021-12-15,2021,12,15,port1188,Shanghai,China,CHN,32,33,12,5,20,82,102,402156,272364,33472,4332,161501,712325,873826,221849,351459,8569,4387,14233,586266,600499,186797
2021-12-16,2021,12,16,port1188,Shanghai,China,CHN,33,38,8,3,19,82,101,219833,276553,15150,0,17194,511537,528731,308189,369902,5258,10464,79297,693815,773113,186798
2021-12-17,2021,12,17,port1188,Shanghai,China,CHN,32,33,10,4,23,79,102,175455,499265,7111,3091,61006,684923,745930,311517,222823,11764,1736,28799,547841,576640,186799
2021-12-18,2021,12,18,port1188,Shanghai,China,CHN,26,41,10,5,24,82,106,360306,447039,11444,817,94063,819608,913671,198623,271821,8037,14455,67432,492937,560369,186800
2021-12-19,2021,12,19,port1188,Shanghai,China,CHN,32,35,10,7,17,84,101,265471,202118,3424,1406,25681,472421,498102,371909,304876,2885,6924,61487,686596,748083,186801
2021-12-20,2021,12,20,port1188,Shanghai,China,CHN,41,32,12,4,22,89,111,487511,148858,12462,3577,49593,652410,702004,225133,205274,4733,2921,57984,438063,496048,186802
2021-12-21,2021,12,21,port1188,Shanghai,China,CHN,38,26,14,4,26,82,108,321470,240382,21249,3636,102055,586737,688792,330635,242034,20911,4387,67801,597968,665770,186803
2021-12-22,2021,12,22,port1188,Shanghai,China,CHN,22,24,7,4,12,57,69,277002,281849,13526,1283,16715,573661,590377,157591,245368,5122,3355,12307,411436,423744,186804
2021-12-23,2021,12,23,port1188,Shanghai,China,CHN,32,51,17,4,24,104,128,87719,584805,31299,1617,57691,705441,763133,312337,197170,12172,6546,61201,528227,589429,186805
2021-12-24,2021,12,24,port1188,Shanghai,China,CHN,31,28,14,2,24,75,99,289522,217458,15291,408,94378,522681,617060,338113,96051,21875,1462,56551,457503,514055,186806
2021-12-25,2021,12,25,port1188,Shanghai,China,CHN,32,17,8,4,14,61,75,358075,23371,21230,408,48132,403086,451218,318846,322948,11278,9010,40440,662083,702524,186807
2021-12-26,2021,12,26,port1188,Shanghai,China,CHN,29,26,12,1,19,68,87,244187,258067,17615,0,66002,519870,585872,450182,224629,3944,562,29454,679319,708773,186808
2021-12-27,2021,12,27,port1188,Shanghai,China,CHN,33,44,12,6,30,95,125,333300,315869,17484,2280,160402,668934,829337,314924,419269,17029,1977,27931,753201,781133,186809
2021-12-28,2021,12,28,port1188,Shanghai,China,CHN,36,45,15,5,11,101,112,236559,733265,28146,1880,57340,999851,1057191,363208,106151,28650,5680,8285,503691,511976,186810
2021-12-29,2021,12,29,port1188,Shanghai,China,CHN,28,24,10,6,15,68,83,312170,220289,12123,3739,57500,548323,605824,325222,15542,8717,4898,53747,354380,408127,186811
2021-12-30,2021,12,30,port1188,Shanghai,China,CHN,25,24,12,4,14,65,79,125564,240317,19536,408,61299,385827,447127,141094,224232,11744,4250,18509,381321,399831,186812
2021-12-31,2021,12,31,port1188,Shanghai,China,CHN,32,37,14,4,29,87,116,284086,261802,41182,817,94446,587889,682335,385318,201990,21129,11621,62295,620059,682354,186813
2022-01-01,2022,1,1,port1188,Shanghai,China,CHN,33,34,15,3,19,85,104,271485,739762,21862,1951,180816,1035062,1215878,323993,148529,16450,4254,11730,493227,504958,186814
2022-01-02,2022,1,2,port1188,Shanghai,China,CHN,28,31,13,6,21,78,99,378851,215653,27723,1226,42889,623455,666344,225778,178077,19144,13103,24733,436103,460837,186815
2022-01-03,2022,1,3,port1188,Shanghai,China,CHN,27,37,10,5,27,79,106,239847,205761,8281,1713,98310,455603,553914,193430,130061,3276,10226,76363,336995,413358,186816
2022-01-04,2022,1,4,port1188,Shanghai,China,CHN,29,37,19,6,23,91,114,217297,291835,24392,4449,64494,537975,602469,280495,271622,16462,5840,40268,574421,614689,186817
2022-01-05,2022,1,5,port1188,Shanghai,China,CHN,29,36,12,8,26,85,111,242108,210146,20048,1692,90947,473995,564943,302454,443622,21614,13126,120186,780817,901003,186818
2022-01-06,2022,1,6,port1188,Shanghai,China,CHN,33,34,8,3,18,78,96,129509,351142,11884,273,63463,492810,556273,409445,143311,6045,3810,84415,562614,647029,186819
2022-01-07,2022,1,7,port1188,Shanghai,China,CHN,38,44,11,4,28,97,125,414006,761542,11887,1542,101788,1188978,1290767,420431,89754,14549,12291,82173,537025,619199,186820
2022-01-08,2022,1,8,port1188,Shanghai,China,CHN,31,36,11,8,21,86,107,67353,248267,15797,1673,83185,333091,416277,465394,202870,17976,12956,73116,699198,772314,186821
2022-01-09,2022,1,9,port1188,Shanghai,China,CHN,33,42,10,7,20,92,112,351295,389260,31447,5996,81860,778000,859860,370772,235837,16387,4011,46295,627009,673304,186822
2022-01-10,2022,1,10,port1188,Shanghai,China,CHN,37,37,10,5,26,89,115,316780,203322,16084,3005,90514,539193,629707,393513,312644,17701,12473,66081,736333,802414,186823
2022-01-11,2022,1,11,port1188,Shanghai,China,CHN,34,38,11,4,15,87,102,350317,287679,5911,3037,77249,646945,724194,319523,446529,18224,7232,6608,791510,798118,186824
2022-01-12,2022,1,12,port1188,Shanghai,China,CHN,25,41,13,2,19,81,100,192163,557682,34031,408,79638,784287,863925,327801,330380,7042,1462,15775,666687,682462,186825
2022-01-13,2022,1,13,port1188,Shanghai,China,CHN,26,34,15,4,19,79,98,381230,554425,35479,408,37599,971544,1009144,282849,199060,13370,6229,21486,501510,522997,186826
2022-01-14,2022,1,14,port1188,Shanghai,China,CHN,34,25,14,5,18,78,96,352162,219270,18512,817,66956,590763,657719,403504,170991,19350,10749,56581,604596,661177,186827
2022-01-15,2022,1,15,port1188,Shanghai,China,CHN,40,33,6,5,20,84,104,229329,204736,9696,4279,107881,448041,555922,555064,60609,11420,7369,28572,634464,663037,186828
2022-01-16,2022,1,16,port1188,Shanghai,China,CHN,29,36,13,7,26,85,111,343824,409086,16434,1291,118883,770636,889520,283226,345985,14682,8192,28929,652086,681015,186829
2022-01-17,2022,1,17,port1188,Shanghai,China,CHN,32,37,13,6,20,88,108,354133,367522,19225,1957,37255,742839,780095,339983,199033,18712,12013,37017,569742,606760,186830
2022-01-18,2022,1,18,port1188,Shanghai,China,CHN,37,30,13,4,24,84,108,205306,282742,28946,0,42102,516995,559097,418641,40982,17403,4652,80437,481679,562116,186831
2022-01-19,2022,1,19,port1188,Shanghai,China,CHN,30,37,13,7,27,87,114,119972,249702,13374,4201,54824,387251,442076,358853,114781,7009,14658,19754,495302,515057,186832
2022-01-20,2022,1,20,port1188,Shanghai,China,CHN,31,47,10,3,20,91,111,300749,521320,16482,1957,32388,840510,872899,257940,229779,27963,5288,123567,520972,644539,186833
2022-01-21,2022,1,21,port1188,Shanghai,China,CHN,32,37,12,5,21,86,107,227815,337990,11834,817,36878,578458,615336,425587,380774,12800,8814,19880,827978,847858,186834
2022-01-22,2022,1,22,port1188,Shanghai,China,CHN,34,35,19,5,15,93,108,471121,208927,30364,4279,61475,714693,776168,277561,327855,31332,10211,21460,646960,668421,186835
2022-01-23,2022,1,23,port1188,Shanghai,China,CHN,33,33,5,7,14,78,92,192465,254267,6413,4939,26604,458085,484689,269374,531216,10799,14395,106338,825786,932125,186836
2022-01-24,2022,1,24,port1188,Shanghai,China,CHN,35,36,13,2,38,86,124,97795,128128,13847,275,129679,240046,369726,427463,106984,11865,4439,99855,550753,650609,186837
2022-01-25,2022,1,25,port1188,Shanghai,China,CHN,27,43,10,7,31,87,118,303315,299931,26374,876,90339,630497,720836,251968,480188,1314,19771,110614,753242,863857,186838
2022-01-26,2022,1,26,port1188,Shanghai,China,CHN,37,29,5,3,20,74,94,68684,133435,9953,408,45134,212482,257616,329202,313994,8347,6944,22558,658488,681047,186839
2022-01-27,2022,1,27,port1188,Shanghai,China,CHN,28,27,5,4,21,64,85,280740,328924,11996,2548,25345,624210,649555,240863,206698,130,1462,86520,449155,535676,186840
2022-01-28,2022,1,28,port1188,Shanghai,China,CHN,27,35,7,4,23,73,96,120796,338257,33684,1011,89067,493749,582816,261118,378955,7605,11026,17889,658705,676595,186841
2022-01-29,2022,1,29,port1188,Shanghai,China,CHN,33,36,12,3,18,84,102,307599,314101,19682,2704,108241,644088,752329,260873,171536,17945,2924,76555,453279,529835,186842
2022-01-30,2022,1,30,port1188,Shanghai,China,CHN,41,36,6,4,15,87,102,307013,212277,3787,446,48663,523525,572188,282045,166817,2770,9248,12927,460882,473809,186843
2022-01-31,2022,1,31,port1188,Shanghai,China,CHN,25,25,9,4,13,63,76,411935,315341,2877,1917,10160,732072,742232,202892,87576,38119,10146,14176,338735,352911,186844
2022-02-01,2022,2,1,port1188,Shanghai,China,CHN,31,41,12,3,19,87,106,305683,263886,20277,2448,76953,592295,669249,450140,386470,4635,4719,48264,845965,894229,186845
2022-02-02,2022,2,2,port1188,Shanghai,China,CHN,33,48,14,5,22,100,122,411163,326633,46165,408,37348,784370,821719,256466,449775,7220,10390,150727,723853,874581,186846
2022-02-03,2022,2,3,port1188,Shanghai,China,CHN,27,47,7,5,22,86,108,148427,299307,3352,1226,65333,452313,517647,238800,667738,15568,8040,23850,930148,953998,186847
2022-02-04,2022,2,4,port1188,Shanghai,China,CHN,30,62,8,7,19,107,126,274156,522865,17260,1559,56253,815841,872094,256283,765575,14588,3519,30812,1039966,1070778,186848
2022-02-05,2022,2,5,port1188,Shanghai,China,CHN,21,32,14,4,17,71,88,306556,340203,21717,408,48185,668887,717072,108280,92101,38618,14173,70336,253173,323509,186849
2022-02-06,2022,2,6,port1188,Shanghai,China,CHN,33,47,13,2,19,95,114,676657,256346,23726,408,31476,957139,988615,157989,293270,24664,1462,10968,477387,488355,186850
2022-02-07,2022,2,7,port1188,Shanghai,China,CHN,20,31,9,5,14,65,79,256349,339106,1438,2337,43471,599232,642703,70439,57482,12620,2222,6107,142765,148872,186851
2022-02-08,2022,2,8,port1188,Shanghai,China,CHN,29,46,9,5,24,89,113,256260,547858,22289,817,82584,827225,909810,354170,248240,17132,11226,147903,630770,778673,186852
2022-02-09,2022,2,9,port1188,Shanghai,China,CHN,28,30,12,4,18,74,92,151608,169408,14786,1021,46500,336824,383324,244672,169507,14837,11787,23069,440804,463873,186853
2022-02-10,2022,2,10,port1188,Shanghai,China,CHN,31,40,9,7,23,87,110,438885,397116,11787,2787,47086,850577,897664,290429,447701,4126,5400,27163,747658,774822,186854
2022-02-11,2022,2,11,port1188,Shanghai,China,CHN,33,32,8,7,15,80,95,403474,296902,6805,5268,21679,712451,734130,199289,149288,21116,17802,66621,387497,454118,186855
2022-02-12,2022,2,12,port1188,Shanghai,China,CHN,29,31,12,6,19,78,97,260347,208232,40399,1544,52184,510523,562708,299670,39826,7302,6081,45686,352881,398567,186856
2020-01-03,2020,1,3,port1188,Shanghai,China,CHN,26,29,11,4,18,70,88,194118,179122,10890,408,86704,384540,471245,337158,212760,7169,2862,30935,559950,590886,186857
2020-01-04,2020,1,4,port1188,Shanghai,China,CHN,33,43,15,3,23,94,117,310466,323802,21416,5990,58006,661676,719682,292215,236603,6718,2996,39260,538534,577794,186858
2022-03-13,2022,3,13,port1188,Shanghai,China,CHN,26,32,14,6,14,78,92,165581,292752,25089,2328,38845,485751,524596,224028,384320,15393,8825,20945,632567,653512,186859
2020-01-05,2020,1,5,port1188,Shanghai,China,CHN,30,43,11,4,26,88,114,192749,368368,26121,408,185665,587647,773313,255267,240740,3905,9006,68118,508920,577039,186860
2022-03-14,2022,3,14,port1188,Shanghai,China,CHN,27,31,11,4,19,73,92,200761,317204,11578,817,28119,530363,558482,167424,73963,13159,12500,33024,267047,300072,186861
2020-01-06,2020,1,6,port1188,Shanghai,China,CHN,36,39,17,4,23,96,119,482849,328843,7411,2366,45453,821471,866924,239223,188478,33268,5988,38293,466958,505252,186862
2022-03-15,2022,3,15,port1188,Shanghai,China,CHN,36,28,8,5,17,77,94,274345,304817,14681,5075,105108,598920,704028,305573,24180,9556,11184,12199,350495,362694,186863
2020-01-07,2020,1,7,port1188,Shanghai,China,CHN,29,24,10,1,24,64,88,167073,186951,17264,549,33074,371838,404912,233779,109344,19225,0,74098,362349,436448,186864
2022-03-16,2022,3,16,port1188,Shanghai,China,CHN,16,27,9,2,23,54,77,252871,166210,3265,408,106736,422756,529493,103873,63801,19885,3503,32190,191065,223256,186865
2020-01-08,2020,1,8,port1188,Shanghai,China,CHN,34,49,18,4,29,105,134,205834,350755,27130,2359,41273,586080,627353,365402,267125,15133,2481,50643,650142,700785,186866
2022-03-17,2022,3,17,port1188,Shanghai,China,CHN,35,31,8,4,11,78,89,429190,160581,13047,1621,10487,604440,614928,244197,271879,2873,7572,72673,526523,599196,186867
2020-01-09,2020,1,9,port1188,Shanghai,China,CHN,30,40,16,7,27,93,120,267138,789663,16600,2003,91771,1075406,1167177,211247,318845,22342,10081,60346,562516,622863,186868
2022-03-18,2022,3,18,port1188,Shanghai,China,CHN,31,33,8,4,24,76,100,183363,103662,4806,817,163772,292650,456423,348246,327775,4952,5324,38514,686299,724814,186869
2020-01-10,2020,1,10,port1188,Shanghai,China,CHN,39,36,18,4,18,97,115,227642,350801,13869,843,121423,593157,714580,407445,177995,16610,1698,11404,603749,615153,186870
2022-03-19,2022,3,19,port1188,Shanghai,China,CHN,31,33,9,6,17,79,96,204006,214736,14300,749,30506,433793,464300,408717,245649,39343,3225,12657,696936,709594,186871
2020-01-11,2020,1,11,port1188,Shanghai,China,CHN,24,34,13,3,26,74,100,312730,255411,48775,5137,43794,622054,665849,346793,218926,10077,2061,66648,577859,644508,186872
2022-03-20,2022,3,20,port1188,Shanghai,China,CHN,40,37,9,4,10,90,100,591882,229289,15833,4578,36506,841583,878089,287929,58674,9204,6192,16330,362000,378331,186873
2020-01-12,2020,1,12,port1188,Shanghai,China,CHN,30,43,9,2,22,84,106,202801,724898,17788,408,107855,945897,1053752,289633,467604,15761,2530,12176,775530,787706,186874
2022-03-21,2022,3,21,port1188,Shanghai,China,CHN,36,21,10,2,14,69,83,276330,215583,22774,3821,99044,518509,617554,296724,25475,6935,313,32866,329448,362315,186875
2022-03-22,2022,3,22,port1188,Shanghai,China,CHN,35,25,14,6,17,80,97,231307,261918,15003,3751,11075,511980,523055,247060,167032,23306,1462,204682,438862,643544,186876
2020-01-13,2020,1,13,port1188,Shanghai,China,CHN,33,39,21,7,28,100,128,82710,831459,21951,2044,99059,938165,1037224,363001,161128,24117,8238,342764,556487,899252,186877
2022-03-23,2022,3,23,port1188,Shanghai,China,CHN,35,30,9,2,17,76,93,132467,474007,11226,980,80521,618681,699202,495933,110055,14111,730,47059,620831,667890,186878
2020-01-14,2020,1,14,port1188,Shanghai,China,CHN,41,34,22,7,33,104,137,191381,405572,20349,1526,164717,618829,783546,494343,162263,27753,4162,78854,688522,767376,186879
2022-03-24,2022,3,24,port1188,Shanghai,China,CHN,38,29,12,2,11,81,92,314846,174118,33741,4769,24482,527475,551958,318625,38370,13055,0,118910,370052,488963,186880
2020-01-15,2020,1,15,port1188,Shanghai,China,CHN,36,38,13,7,29,94,123,246807,303481,20122,3720,108349,574131,682480,339002,191435,18796,6977,71556,556212,627768,186881
2022-03-25,2022,3,25,port1188,Shanghai,China,CHN,38,20,6,3,5,67,72,327475,46647,10873,3210,7088,388207,395295,256174,94121,4216,0,1056,354512,355568,186882
2020-01-16,2020,1,16,port1188,Shanghai,China,CHN,32,37,13,4,30,86,116,241642,641608,6527,2791,47202,892569,939772,350305,215698,34989,2209,83205,603202,686407,186883
2022-03-26,2022,3,26,port1188,Shanghai,China,CHN,36,26,13,5,13,80,93,231684,127478,6624,1226,43256,367013,410269,455550,74082,9550,5262,4616,544445,549061,186884
2020-01-17,2020,1,17,port1188,Shanghai,China,CHN,33,49,11,2,26,95,121,129671,299106,16363,408,90001,445549,535551,459756,367838,7202,2945,19507,837741,857249,186885
2022-03-27,2022,3,27,port1188,Shanghai,China,CHN,27,26,11,4,22,68,90,255615,191054,14237,408,56409,461315,517725,252638,353744,12731,3504,107665,622618,730283,186886
2020-01-18,2020,1,18,port1188,Shanghai,China,CHN,33,42,19,5,19,99,118,288197,487051,27149,1247,137377,803645,941023,332930,248672,18828,2924,52157,603355,655513,186887
2022-03-28,2022,3,28,port1188,Shanghai,China,CHN,33,28,10,4,17,75,92,113905,381568,15185,1957,91647,512617,604264,314325,532146,8831,2197,7011,857501,864513,186888
2020-01-19,2020,1,19,port1188,Shanghai,China,CHN,38,32,22,5,25,97,122,63530,178257,11209,273,94386,253271,347657,512254,107727,51986,5104,54760,677073,731833,186889
2022-03-29,2022,3,29,port1188,Shanghai,China,CHN,26,35,9,5,16,75,91,192252,487952,24076,785,50904,705067,755971,158130,378747,10751,10467,12068,558096,570165,186890
2020-01-20,2020,1,20,port1188,Shanghai,China,CHN,18,28,19,6,22,71,93,143140,185571,21410,3371,121490,353494,474984,256747,184261,26353,5977,46891,473340,520231,186891
2022-03-30,2022,3,30,port1188,Shanghai,China,CHN,29,27,12,1,19,69,88,228626,127945,21777,2594,110782,380944,491727,254764,153180,15248,0,31205,423193,454398,186892
2020-01-21,2020,1,21,port1188,Shanghai,China,CHN,32,40,18,4,27,94,121,283375,512747,19827,3604,96038,819554,915593,357038,139484,26269,5168,106560,527961,634521,186893
2022-03-31,2022,3,31,port1188,Shanghai,China,CHN,30,29,7,1,16,67,83,172343,252156,6421,0,24772,430921,455693,289824,488584,4431,3736,27927,786577,814505,186894
2020-01-22,2020,1,22,port1188,Shanghai,China,CHN,15,12,1,4,6,32,38,15194,199873,0,1163,27739,216232,243972,193820,96675,0,1975,3581,292471,296052,186895
2022-04-01,2022,4,1,port1188,Shanghai,China,CHN,30,23,15,2,21,70,91,176733,148472,21042,408,97175,346658,443833,337484,212073,15362,5048,28769,569969,598738,186896
2020-01-23,2020,1,23,port1188,Shanghai,China,CHN,33,66,9,3,34,111,145,39706,512105,33078,1226,63363,586118,649481,388873,264099,4356,4387,80288,661717,742005,186897
2022-04-02,2022,4,2,port1188,Shanghai,China,CHN,30,31,11,3,23,75,98,88197,376858,14133,1548,61768,480739,542507,327869,144669,8718,735,110810,481992,592803,186898
2020-01-24,2020,1,24,port1188,Shanghai,China,CHN,33,25,9,6,18,73,91,48765,279728,19813,4184,65800,352492,418293,299307,145777,18961,3488,14942,467535,482478,186899
2022-04-03,2022,4,3,port1188,Shanghai,China,CHN,27,24,8,1,14,60,74,106468,316270,6624,0,50806,429363,480170,179752,57302,19488,2596,7047,259139,266187,186900
2020-01-25,2020,1,25,port1188,Shanghai,China,CHN,34,17,15,4,21,70,91,127162,141781,17479,1151,53817,287574,341391,255835,140460,16106,2135,33813,414537,448351,186901
2022-04-04,2022,4,4,port1188,Shanghai,China,CHN,32,37,19,3,14,91,105,194832,387487,48175,0,34124,630495,664619,291524,91323,22546,3237,49205,408631,457836,186902
2020-01-26,2020,1,26,port1188,Shanghai,China,CHN,31,29,5,3,8,68,76,222366,313933,3932,408,47649,540640,588290,268026,209292,11311,2380,155474,491010,646485,186903
2022-04-05,2022,4,5,port1188,Shanghai,China,CHN,31,30,9,3,19,73,92,155428,271294,26853,0,80591,453577,534168,228993,183120,7322,9771,63312,429207,492519,186904
2020-01-27,2020,1,27,port1188,Shanghai,China,CHN,24,26,10,3,21,63,84,227889,364842,22214,817,54490,615764,670255,181323,48792,10809,2924,42897,243850,286748,186905
2022-04-06,2022,4,6,port1188,Shanghai,China,CHN,32,25,11,2,13,70,83,160452,254958,16010,2553,10412,433976,444388,249973,74425,9925,0,67515,334324,401840,186906
2020-01-28,2020,1,28,port1188,Shanghai,China,CHN,30,22,9,4,25,65,90,722459,112110,6811,4390,116484,845771,962255,197773,106691,17253,2924,81262,324643,405906,186907
2022-04-07,2022,4,7,port1188,Shanghai,China,CHN,28,32,9,4,24,73,97,200325,245335,21062,2976,128199,469699,597899,184435,251997,13268,1462,83449,451163,534613,186908
2020-01-29,2020,1,29,port1188,Shanghai,China,CHN,27,44,9,5,21,85,106,555107,339298,6401,4058,102574,904866,1007441,98790,302783,12198,4978,75400,418750,494150,186909
2022-04-08,2022,4,8,port1188,Shanghai,China,CHN,31,27,11,3,20,72,92,190086,310473,8614,408,34639,509584,544223,239617,104961,13752,9567,32368,367899,400267,186910
2020-01-30,2020,1,30,port1188,Shanghai,China,CHN,26,42,7,2,23,77,100,240059,282922,6013,5988,69952,534983,604935,111236,220726,5238,1548,31652,338750,370402,186911
2022-04-09,2022,4,9,port1188,Shanghai,China,CHN,22,32,8,2,18,64,82,267038,187017,4440,0,37877,458496,496373,99891,314578,8895,4779,11495,428145,439641,186912
2020-01-31,2020,1,31,port1188,Shanghai,China,CHN,23,37,13,3,21,76,97,399594,628955,23149,2367,76074,1054068,1130142,68037,165163,9247,0,42543,242448,284992,186913
2022-04-10,2022,4,10,port1188,Shanghai,China,CHN,13,27,6,3,11,49,60,56500,162403,4027,408,58399,223341,281740,112788,308368,7570,7351,7305,436080,443385,186914
2020-02-01,2020,2,1,port1188,Shanghai,China,CHN,34,38,7,1,25,80,105,430661,309794,12340,0,135040,752797,887837,322985,315330,3798,2805,59871,644919,704791,186915
2020-02-02,2020,2,2,port1188,Shanghai,China,CHN,27,30,5,3,20,65,85,267234,345175,7869,408,72366,620688,693055,137772,174215,1670,1899,38662,315556,354219,186916
2022-04-11,2022,4,11,port1188,Shanghai,China,CHN,19,29,5,4,23,57,80,93218,134560,10284,408,24668,238472,263141,142170,186814,3298,5960,147627,338243,485871,186917
2020-02-03,2020,2,3,port1188,Shanghai,China,CHN,14,33,11,3,30,61,91,59219,283501,11151,408,73896,354281,428178,66472,440080,10655,4053,51927,521261,573189,186918
2022-04-12,2022,4,12,port1188,Shanghai,China,CHN,4,18,4,0,9,26,35,7989,27866,1136,0,12987,36992,49979,13424,137871,0,0,50925,151296,202221,186919
2020-02-04,2020,2,4,port1188,Shanghai,China,CHN,26,41,11,2,23,80,103,370032,534059,23982,1450,77250,929525,1006775,50793,230824,18144,0,38373,299761,338134,186920
2022-04-13,2022,4,13,port1188,Shanghai,China,CHN,17,13,7,1,12,38,50,83207,86899,27066,726,26987,197900,224888,175207,36762,3716,0,92396,215687,308083,186921
2020-02-05,2020,2,5,port1188,Shanghai,China,CHN,20,30,9,2,17,61,78,148874,151538,14216,998,70062,315627,385690,104728,287271,20850,1462,36485,414312,450798,186922
2022-04-14,2022,4,14,port1188,Shanghai,China,CHN,22,36,13,4,20,75,95,266038,480220,18036,0,89048,764294,853343,71969,459881,10011,11526,64028,553388,617417,186923
2020-02-06,2020,2,6,port1188,Shanghai,China,CHN,14,40,13,1,24,68,92,147998,386165,20135,0,24360,554300,578660,70017,113489,12449,974,46576,196931,243507,186924
2022-04-15,2022,4,15,port1188,Shanghai,China,CHN,30,13,8,4,15,55,70,179878,108270,5008,0,63332,293157,356490,205293,36056,20697,9356,10519,271404,281924,186925
2020-02-07,2020,2,7,port1188,Shanghai,China,CHN,23,33,11,3,29,70,99,346537,471626,18021,408,67533,836593,904126,122069,64244,8574,6232,32762,201121,233884,186926
2022-04-16,2022,4,16,port1188,Shanghai,China,CHN,23,37,14,0,20,74,94,290290,310233,16268,0,44258,616792,661050,128198,186863,31338,0,22873,346400,369273,186927
2020-02-08,2020,2,8,port1188,Shanghai,China,CHN,21,37,5,1,21,64,85,170187,400390,11909,408,117257,582896,700153,102737,153060,8633,1462,146421,265894,412315,186928
2022-04-17,2022,4,17,port1188,Shanghai,China,CHN,29,26,9,1,25,65,90,205983,326451,18200,0,97339,550636,647975,140321,80467,5591,511,44379,226893,271272,186929
2020-02-09,2020,2,9,port1188,Shanghai,China,CHN,21,41,12,3,22,77,99,270823,336474,12959,0,30595,620257,650852,88130,405972,19776,1624,57085,515504,572590,186930
2022-04-18,2022,4,18,port1188,Shanghai,China,CHN,20,33,12,3,16,68,84,66891,231623,11499,0,30501,310014,340516,199586,113645,6501,735,16189,320467,336657,186931
2020-02-10,2020,2,10,port1188,Shanghai,China,CHN,24,43,16,5,18,88,106,177839,375253,20415,2044,73613,575552,649166,134028,273138,12570,7312,5982,427049,433032,186932
2022-04-19,2022,4,19,port1188,Shanghai,China,CHN,23,24,9,2,23,58,81,65784,462365,9912,1548,100202,539611,639813,177827,75469,6205,5885,77098,265388,342486,186933
2020-02-11,2020,2,11,port1188,Shanghai,China,CHN,22,22,8,1,19,53,72,194262,181683,6513,0,54595,382458,437054,170382,133343,7802,2550,39242,314079,353322,186934
2022-04-20,2022,4,20,port1188,Shanghai,China,CHN,24,24,11,3,18,62,80,170992,385151,20315,0,97294,576460,673755,164788,195375,19905,1253,9628,381323,390951,186935
2020-02-12,2020,2,12,port1188,Shanghai,China,CHN,17,20,5,1,14,43,57,151016,164399,2877,408,32436,318702,351139,90954,115923,10402,1462,11745,218743,230488,186936
2022-04-21,2022,4,21,port1188,Shanghai,China,CHN,23,38,10,5,20,76,96,203578,536564,10528,1226,24374,751898,776273,146118,403106,22232,6470,55065,577928,632993,186937
2020-02-13,2020,2,13,port1188,Shanghai,China,CHN,25,47,8,3,9,83,92,280326,432074,5823,3972,9496,722196,731693,52409,376273,9138,1462,8727,439284,448012,186938
2022-04-22,2022,4,22,port1188,Shanghai,China,CHN,26,29,11,2,23,68,91,220528,146999,11230,0,49755,378758,428514,202946,145617,16504,3227,16183,368295,384479,186939
2020-02-14,2020,2,14,port1188,Shanghai,China,CHN,0,0,0,0,0,0,0,0,0,0,0,0,0,0,0,0,0,0,0,0,0,186940
2022-04-23,2022,4,23,port1188,Shanghai,China,CHN,24,26,13,2,20,65,85,104845,110321,22571,0,36440,237737,274178,206409,177714,7271,7525,44568,398920,443489,186941
2020-02-15,2020,2,15,port1188,Shanghai,China,CHN,30,47,10,3,16,90,106,153628,243579,15105,1511,22532,413825,436357,190308,367027,20367,1462,34871,579166,614037,186942
2022-04-24,2022,4,24,port1188,Shanghai,China,CHN,12,33,8,4,19,57,76,111086,277762,7774,0,81384,396623,478007,87218,188970,9362,3081,36739,288633,325373,186943
2020-02-16,2020,2,16,port1188,Shanghai,China,CHN,40,40,6,2,18,88,106,268133,135246,14346,0,67441,417726,485168,322871,312609,6836,1394,28360,643712,672073,186944
2022-04-25,2022,4,25,port1188,Shanghai,China,CHN,20,20,9,3,17,52,69,77441,72929,26779,2825,24037,179975,204012,123462,364437,12170,6880,75782,506951,582734,186945
2020-02-17,2020,2,17,port1188,Shanghai,China,CHN,30,38,9,4,25,81,106,176041,314946,19045,2276,82189,512310,594500,242647,351878,22141,1553,58666,618220,676887,186946
2022-04-26,2022,4,26,port1188,Shanghai,China,CHN,16,39,4,0,15,59,74,63367,471553,7499,0,61231,542420,603652,341837,611016,2732,0,15899,955586,971485,186947
2020-02-18,2020,2,18,port1188,Shanghai,China,CHN,33,38,15,3,22,89,111,331694,299715,18582,408,86626,650402,737029,190885,372046,16659,3884,16801,583475,600276,186948
2022-04-27,2022,4,27,port1188,Shanghai,China,CHN,21,33,5,4,18,63,81,204717,237250,1165,817,20137,443950,464088,216117,443373,20679,7532,65618,687702,753321,186949
2020-02-19,2020,2,19,port1188,Shanghai,China,CHN,29,32,8,4,23,73,96,183716,144615,8454,5346,58598,342133,400732,250565,211843,10294,4950,23710,477654,501364,186950
2022-04-28,2022,4,28,port1188,Shanghai,China,CHN,18,40,13,4,19,75,94,18853,445083,19115,10559,101679,493612,595291,149236,343272,7796,2924,69525,503230,572756,186951
2020-02-20,2020,2,20,port1188,Shanghai,China,CHN,29,29,16,4,23,78,101,213307,290068,35145,1941,51557,540463,592020,155092,127909,10079,4462,109181,297543,406724,186952
2022-04-29,2022,4,29,port1188,Shanghai,China,CHN,20,35,7,3,18,65,83,83466,321022,11148,0,112698,415637,528336,306461,82633,8581,3191,31295,400866,432161,186953
2020-02-21,2020,2,21,port1188,Shanghai,China,CHN,34,24,9,1,24,68,92,362663,205420,13874,408,129595,582367,711963,185462,118498,2979,1462,37591,308402,345993,186954
2022-04-30,2022,4,30,port1188,Shanghai,China,CHN,22,28,14,2,17,66,83,23567,191588,11445,0,62130,226601,288731,269826,48758,18196,7617,26750,344399,371150,186955
2020-02-22,2020,2,22,port1188,Shanghai,China,CHN,33,37,15,2,22,87,109,188592,350271,14520,2094,98603,555479,654083,291574,277709,15211,1462,42064,585958,628023,186956
2022-05-01,2022,5,1,port1188,Shanghai,China,CHN,20,29,13,1,19,63,82,98782,147130,21496,936,54108,268345,322453,279533,534106,17361,0,68367,831001,899369,186957
2020-02-23,2020,2,23,port1188,Shanghai,China,CHN,34,31,3,2,19,70,89,93068,154059,1438,2296,65042,250862,315904,319163,274273,6081,0,76898,599518,676416,186958
2020-02-24,2020,2,24,port1188,Shanghai,China,CHN,31,43,12,6,25,92,117,238016,328490,15393,3013,52584,584913,637498,324452,753653,14026,3993,81493,1096126,1177620,186959
2022-05-02,2022,5,2,port1188,Shanghai,China,CHN,17,32,16,1,23,66,89,194781,254222,26144,408,59940,475556,535496,146715,274772,35541,1462,20349,458491,478841,186960
2020-02-25,2020,2,25,port1188,Shanghai,China,CHN,32,43,13,4,20,92,112,229122,634144,20268,817,90554,884353,974908,248619,295086,9548,3637,24037,556891,580929,186961
2022-05-03,2022,5,3,port1188,Shanghai,China,CHN,25,31,5,3,16,64,80,210961,149473,9746,0,27825,370181,398007,206504,277415,8035,874,61366,492830,554196,186962
2022-05-04,2022,5,4,port1188,Shanghai,China,CHN,15,29,11,2,21,57,78,117523,507005,8301,0,94072,632831,726903,134766,534175,8930,3341,25506,681213,706719,186963
2020-02-26,2020,2,26,port1188,Shanghai,China,CHN,32,31,9,4,18,76,94,72463,290140,4001,4449,52406,371055,423461,306727,280885,17693,2924,33973,608231,642204,186964
2022-05-05,2022,5,5,port1188,Shanghai,China,CHN,15,34,11,3,15,63,78,25473,110488,8787,408,57481,145158,202639,144425,176123,15779,10960,100461,347289,447751,186965
2020-02-27,2020,2,27,port1188,Shanghai,China,CHN,22,33,14,4,19,73,92,142012,277052,26892,3322,45932,449280,495212,212352,376642,21610,6690,38059,617296,655356,186966
2020-02-28,2020,2,28,port1188,Shanghai,China,CHN,33,43,8,2,21,86,107,76574,425029,13597,0,112098,515201,627300,456648,179458,16707,1204,10524,654020,664544,186967
2022-05-06,2022,5,6,port1188,Shanghai,China,CHN,0,10,4,1,4,15,19,0,101862,7988,408,8091,110259,118351,0,62464,3944,1462,2538,67871,70410,186968
2020-02-29,2020,2,29,port1188,Shanghai,China,CHN,25,40,13,2,22,80,102,122718,427558,15144,601,101817,566023,667840,294038,344412,19793,1462,39001,659707,698708,186969
2022-05-07,2022,5,7,port1188,Shanghai,China,CHN,24,42,15,4,19,85,104,178689,331198,12427,0,30124,522316,552441,100764,326937,21932,9694,41693,459328,501022,186970
2020-03-01,2020,3,1,port1188,Shanghai,China,CHN,28,37,12,3,22,80,102,200224,376445,31149,0,69133,607819,676953,277413,406829,10733,6242,86970,701218,788189,186971
2022-05-08,2022,5,8,port1188,Shanghai,China,CHN,22,34,7,3,19,66,85,194184,351395,9608,408,52293,555597,607890,108021,520698,11041,7039,102325,646800,749125,186972
2020-03-02,2020,3,2,port1188,Shanghai,China,CHN,26,45,17,3,13,91,104,163909,381242,40695,2295,21545,588142,609688,209898,563177,5010,1548,50012,779635,829647,186973
2022-05-09,2022,5,9,port1188,Shanghai,China,CHN,26,25,12,3,11,66,77,160599,281707,15985,408,30860,458700,489560,179346,80062,22199,10229,24535,291838,316374,186974
2020-03-03,2020,3,3,port1188,Shanghai,China,CHN,34,40,15,4,27,93,120,384804,388940,16589,2025,49553,792359,841912,289556,352050,6069,2970,75423,650647,726070,186975
2022-05-10,2022,5,10,port1188,Shanghai,China,CHN,23,39,12,1,23,75,98,363396,274252,14737,0,87242,652386,739628,217097,543645,11659,0,58228,772401,830630,186976
2020-03-04,2020,3,4,port1188,Shanghai,China,CHN,30,42,12,3,29,87,116,318040,349910,22318,1941,105040,692210,797250,174740,440567,22956,2924,16343,641189,657533,186977
2022-05-11,2022,5,11,port1188,Shanghai,China,CHN,20,27,6,1,22,54,76,115814,145546,15333,408,92718,277103,369822,197533,172017,1314,1462,71548,372328,443876,186978
2020-03-05,2020,3,5,port1188,Shanghai,China,CHN,30,36,14,3,21,83,104,287576,463254,37627,1226,34063,789685,823748,248852,186057,8107,4387,80392,447404,527796,186979
2022-05-12,2022,5,12,port1188,Shanghai,China,CHN,22,36,7,2,17,67,84,368907,239069,15438,0,13064,623415,636480,134227,150025,8321,6219,42773,298792,341566,186980
2020-03-06,2020,3,6,port1188,Shanghai,China,CHN,35,38,11,3,26,87,113,185063,259953,15712,2469,35571,463199,498771,290337,257391,14644,2924,75877,565298,641175,186981
2022-05-13,2022,5,13,port1188,Shanghai,China,CHN,19,20,10,2,8,51,59,281515,56705,10917,0,15574,349138,364712,219624,228712,6953,4145,27112,459435,486547,186982
2020-03-07,2020,3,7,port1188,Shanghai,China,CHN,36,41,9,4,20,90,110,181040,456169,8147,3954,66786,649311,716098,262457,124103,25367,4460,15386,416389,431775,186983
2022-05-14,2022,5,14,port1188,Shanghai,China,CHN,23,27,11,2,18,63,81,401925,360949,14003,2908,31499,779786,811286,213107,93411,19321,5875,10413,331715,342128,186984
2020-03-08,2020,3,8,port1188,Shanghai,China,CHN,31,30,15,4,19,80,99,131398,302955,15019,1431,22690,450805,473496,309393,280274,32605,7032,68120,629306,697426,186985
2022-05-15,2022,5,15,port1188,Shanghai,China,CHN,25,36,9,2,18,72,90,163519,322500,16091,0,62602,502111,564714,220028,77075,15991,735,16012,313830,329842,186986
2020-03-09,2020,3,9,port1188,Shanghai,China,CHN,25,31,13,5,21,74,95,139383,289295,15884,2048,53491,446611,500102,245057,169225,12669,4387,59853,431340,491193,186987
2022-05-16,2022,5,16,port1188,Shanghai,China,CHN,27,27,11,1,20,66,86,525566,342960,12413,1548,40237,882489,922726,224948,243200,3912,0,17513,472061,489575,186988
2020-03-10,2020,3,10,port1188,Shanghai,China,CHN,27,36,5,5,21,73,94,190043,359237,0,2870,47619,552151,599771,346356,165247,38007,5895,60966,555506,616473,186989
2022-05-17,2022,5,17,port1188,Shanghai,China,CHN,18,27,8,2,22,55,77,119552,171706,6693,408,115730,298361,414092,149249,115395,5868,6418,4918,276930,281849,186990
2020-03-11,2020,3,11,port1188,Shanghai,China,CHN,35,40,16,5,26,96,122,361933,521794,11036,515,43466,895279,938745,337794,300441,11958,940,35046,651134,686181,186991
2022-05-18,2022,5,18,port1188,Shanghai,China,CHN,23,22,12,1,25,58,83,101227,122573,9022,408,55927,233232,289159,250119,223209,27652,1462,65716,502444,568160,186992
2020-03-12,2020,3,12,port1188,Shanghai,China,CHN,31,45,10,3,21,89,110,376355,509929,6838,588,33339,893712,927051,301684,218033,16093,7274,21214,543086,564300,186993
2022-05-19,2022,5,19,port1188,Shanghai,China,CHN,29,38,10,4,23,81,104,159740,202836,18298,2871,81234,383746,464980,256948,418515,17053,1775,62745,694292,757038,186994
2020-03-13,2020,3,13,port1188,Shanghai,China,CHN,40,36,16,5,22,97,119,315273,396412,27064,817,23136,739569,762705,382506,239385,34688,11208,125170,667788,792959,186995
2022-05-20,2022,5,20,port1188,Shanghai,China,CHN,25,27,7,4,21,63,84,117903,286954,3721,1548,100704,410129,510833,170506,37063,14174,5665,29185,227410,256596,186996
2020-03-14,2020,3,14,port1188,Shanghai,China,CHN,31,37,11,3,29,82,111,142433,690822,5319,824,166604,839398,1006003,370069,166113,14581,1536,29044,552301,581345,186997
2022-05-21,2022,5,21,port1188,Shanghai,China,CHN,25,28,7,2,14,62,76,95528,347260,1803,0,41941,444591,486533,264513,99817,7545,5649,52643,377526,430170,186998
2020-03-15,2020,3,15,port1188,Shanghai,China,CHN,40,38,8,4,16,90,106,416671,484464,10478,1226,35390,912841,948232,279638,272240,5550,5504,7264,562933,570198,186999
2022-05-22,2022,5,22,port1188,Shanghai,China,CHN,27,35,13,5,12,80,92,211572,202092,26779,408,23990,440854,464844,244350,167873,6165,5174,5632,423564,429196,187000
2020-03-16,2020,3,16,port1188,Shanghai,China,CHN,35,50,8,5,30,98,128,205627,484895,7636,601,68734,698760,767495,423435,279922,6139,4881,17593,714379,731972,187001
2022-05-23,2022,5,23,port1188,Shanghai,China,CHN,24,37,6,3,17,70,87,167034,368210,1438,817,32989,537501,570491,202649,285575,8574,10961,17353,507761,525114,187002
2022-05-24,2022,5,24,port1188,Shanghai,China,CHN,22,29,7,5,16,63,79,133866,396656,13743,408,43812,544675,588488,115719,106107,5772,14391,31023,241990,273014,187003
2020-03-17,2020,3,17,port1188,Shanghai,China,CHN,27,31,14,6,20,78,98,114434,150448,27110,1226,65675,293221,358897,230134,498402,4723,10980,14337,744239,758577,187004
2022-05-25,2022,5,25,port1188,Shanghai,China,CHN,25,32,13,0,21,70,91,187686,377514,12978,0,77154,578180,655334,178953,231904,18605,0,107721,429463,537185,187005
2020-03-18,2020,3,18,port1188,Shanghai,China,CHN,17,26,8,2,17,53,70,67591,160801,6297,3216,47011,237906,284918,245002,198160,22195,1462,35059,466821,501880,187006
2022-05-26,2022,5,26,port1188,Shanghai,China,CHN,21,38,10,4,19,73,92,68130,366568,7751,2669,26559,445118,471678,284835,337971,13407,3834,59878,640047,699926,187007
2020-03-19,2020,3,19,port1188,Shanghai,China,CHN,37,39,9,1,24,86,110,323245,248124,9934,0,80827,581305,662132,329180,120508,23438,1548,71677,474675,546352,187008
2022-05-27,2022,5,27,port1188,Shanghai,China,CHN,31,28,8,3,18,70,88,366011,315186,15133,1115,12176,697447,709623,286809,197734,7953,3341,62189,495839,558029,187009
2020-03-20,2020,3,20,port1188,Shanghai,China,CHN,33,37,15,1,18,86,104,62506,291283,20919,545,78579,375254,453833,455417,242142,27458,0,7136,725017,732154,187010
2022-05-28,2022,5,28,port1188,Shanghai,China,CHN,24,27,16,2,20,69,89,132388,446858,42871,0,59943,622118,682062,186496,83626,12207,1839,61038,284170,345208,187011
2020-03-21,2020,3,21,port1188,Shanghai,China,CHN,29,37,8,3,22,77,99,47286,439017,1133,1247,35851,488684,524535,315840,342990,10602,2924,40014,672359,712373,187012
2022-05-29,2022,5,29,port1188,Shanghai,China,CHN,37,31,10,4,10,82,92,183481,512535,29198,817,31745,726033,757779,357373,84262,2591,3660,43749,447887,491637,187013
2020-03-22,2020,3,22,port1188,Shanghai,China,CHN,37,38,14,3,24,92,116,365661,435828,20708,817,43550,823015,866565,391189,328197,17872,2924,45366,740184,785551,187014
2022-05-30,2022,5,30,port1188,Shanghai,China,CHN,24,24,12,3,20,63,83,145121,86500,13593,408,71196,245625,316821,276626,40534,9819,6463,18559,333443,352002,187015
2020-03-23,2020,3,23,port1188,Shanghai,China,CHN,31,42,19,5,25,97,122,104760,510966,27414,1650,37536,644791,682328,402773,271012,14094,2924,40370,690805,731175,187016
2022-05-31,2022,5,31,port1188,Shanghai,China,CHN,34,37,11,4,27,86,113,153569,501594,11286,4193,118938,670643,789582,289461,185699,20152,2484,63055,497797,560853,187017
2020-03-24,2020,3,24,port1188,Shanghai,China,CHN,33,36,16,5,31,90,121,104278,427614,19153,4490,71714,555537,627252,413002,333269,27371,1837,85966,775480,861446,187018
2022-06-01,2022,6,1,port1188,Shanghai,China,CHN,29,21,15,2,19,67,86,174296,221634,26023,408,27346,422363,449710,365219,187899,13217,3212,75094,569548,644642,187019
2020-03-25,2020,3,25,port1188,Shanghai,China,CHN,32,36,10,4,14,82,96,215759,309406,24164,1025,57791,550354,608145,402477,388573,2591,1533,75988,795175,871164,187020
2022-06-02,2022,6,2,port1188,Shanghai,China,CHN,25,31,12,3,14,71,85,283324,384856,4473,192,84995,672846,757841,346149,117536,14267,2507,38239,480461,518700,187021
2020-03-26,2020,3,26,port1188,Shanghai,China,CHN,20,25,11,3,17,59,76,73755,213292,15034,1226,25929,303308,329238,169206,238795,14991,4387,15265,427380,442646,187022
2022-06-03,2022,6,3,port1188,Shanghai,China,CHN,32,33,9,3,21,77,98,405195,187806,3574,0,96541,596575,693117,257779,140845,8435,11840,86620,418901,505521,187023
2020-03-27,2020,3,27,port1188,Shanghai,China,CHN,36,43,9,4,27,92,119,223883,300139,11093,1226,88958,536343,625301,289359,291100,17197,9420,31169,607078,638247,187024
2022-06-04,2022,6,4,port1188,Shanghai,China,CHN,14,25,5,1,13,45,58,77547,95519,4164,0,19303,177231,196534,55990,277712,2629,735,85008,337067,422075,187025
2020-03-28,2020,3,28,port1188,Shanghai,China,CHN,34,23,7,5,15,69,84,111614,77272,8228,1841,58456,198957,257414,369449,379821,9948,3951,39625,763170,802796,187026
2022-06-05,2022,6,5,port1188,Shanghai,China,CHN,33,31,14,4,19,82,101,619081,90971,26553,921,28070,737527,765598,226263,170075,14187,4505,70866,415032,485899,187027
2020-03-29,2020,3,29,port1188,Shanghai,China,CHN,32,44,17,6,15,99,114,321904,348122,24552,2808,125621,697389,823010,389821,252952,23687,5768,8593,672228,680822,187028
2022-06-06,2022,6,6,port1188,Shanghai,China,CHN,30,35,7,3,14,75,89,265939,404883,1438,3559,29788,675821,705609,189756,161821,10233,6460,53526,368272,421798,187029
2020-03-30,2020,3,30,port1188,Shanghai,China,CHN,37,32,13,6,20,88,108,369779,214462,22604,4947,67316,611794,679110,309512,186637,29186,6818,150743,532154,682898,187030
2022-06-07,2022,6,7,port1188,Shanghai,China,CHN,30,24,10,5,18,69,87,142517,66924,11771,1226,40032,222440,262472,271614,177138,9397,10569,43483,468719,512203,187031
2020-03-31,2020,3,31,port1188,Shanghai,China,CHN,35,30,13,6,24,84,108,236958,291091,47141,2286,37216,577477,614693,458993,250873,12962,8430,43033,731259,774292,187032
2022-06-08,2022,6,8,port1188,Shanghai,China,CHN,30,32,11,6,22,79,101,212517,352139,4833,817,67340,570308,637649,384939,120982,10746,3651,54246,520319,574565,187033
2020-04-01,2020,4,1,port1188,Shanghai,China,CHN,29,41,8,5,26,83,109,363223,375065,7391,2864,72522,748545,821068,258045,227290,7665,5979,45984,498981,544965,187034
2022-06-09,2022,6,9,port1188,Shanghai,China,CHN,29,33,7,7,25,76,101,85969,223655,18232,5563,75435,333421,408856,335144,422245,8316,11109,34713,776816,811529,187035
2020-04-02,2020,4,2,port1188,Shanghai,China,CHN,35,40,9,3,22,87,109,108974,334013,7030,2371,31809,452390,484199,348427,143305,16220,2142,42388,510095,552484,187036
2022-06-10,2022,6,10,port1188,Shanghai,China,CHN,31,37,11,2,13,81,94,255677,412403,17119,0,3066,685200,688266,225526,60920,7323,6115,36853,299886,336740,187037
2020-04-03,2020,4,3,port1188,Shanghai,China,CHN,37,38,16,6,21,97,118,208977,628283,16536,2712,38652,856509,895161,322249,300479,27406,5373,55095,655509,710605,187038
2022-06-11,2022,6,11,port1188,Shanghai,China,CHN,29,30,14,1,18,74,92,158909,388689,17974,408,133037,565981,699019,225449,182035,17752,1462,13431,426700,440131,187039
2020-04-04,2020,4,4,port1188,Shanghai,China,CHN,27,41,18,5,17,91,108,277177,430165,20497,408,24225,728249,752474,359496,271025,30228,4641,20388,665391,685780,187040
2022-06-12,2022,6,12,port1188,Shanghai,China,CHN,27,30,5,4,22,66,88,173789,257349,2677,0,121002,433817,554819,305833,157885,3803,1246,12380,468768,481149,187041
2020-04-05,2020,4,5,port1188,Shanghai,China,CHN,29,32,12,4,20,77,97,366285,117239,23889,2045,13937,509460,523398,177069,188240,3400,4387,87577,373098,460675,187042
2022-06-13,2022,6,13,port1188,Shanghai,China,CHN,39,39,13,2,17,93,110,412615,348431,15716,1548,70232,778312,848544,302147,65723,24332,5221,88676,397425,486101,187043
2020-04-06,2020,4,6,port1188,Shanghai,China,CHN,29,40,14,5,26,88,114,266838,486307,24357,1957,74080,779462,853542,377429,348674,17678,6497,47587,750278,797866,187044
2020-04-07,2020,4,7,port1188,Shanghai,China,CHN,30,34,20,5,16,89,105,209087,360691,49302,3140,63429,622222,685651,406496,232079,19394,7332,68392,665303,733696,187045
2022-06-14,2022,6,14,port1188,Shanghai,China,CHN,25,30,15,2,23,72,95,322537,111516,21839,998,32897,456891,489789,286494,160306,20755,1462,35678,469019,504697,187046
2020-04-08,2020,4,8,port1188,Shanghai,China,CHN,35,39,16,3,23,93,116,266952,249451,35198,1504,73935,553107,627042,283697,330195,26714,4279,38083,644887,682970,187047
2022-06-15,2022,6,15,port1188,Shanghai,China,CHN,27,31,15,4,22,77,99,328396,346463,17504,817,70431,693181,763613,221458,121514,9322,9354,74621,361650,436271,187048
2020-04-09,2020,4,9,port1188,Shanghai,China,CHN,37,38,16,3,21,94,115,278177,499804,22386,817,57581,801186,858767,269202,279325,19264,6268,17656,574061,591717,187049
2022-06-16,2022,6,16,port1188,Shanghai,China,CHN,31,32,9,5,11,77,88,225848,278519,18922,1038,16074,524328,540402,412661,183478,7271,10941,38094,614352,652446,187050
2020-04-10,2020,4,10,port1188,Shanghai,China,CHN,29,43,10,7,22,89,111,81325,406702,20618,4300,49602,512946,562548,429982,365747,11342,9474,13274,816548,829822,187051
2022-06-17,2022,6,17,port1188,Shanghai,China,CHN,31,42,9,4,18,86,104,363350,523280,17443,0,61679,904074,965754,416469,297799,7341,11808,47762,733418,781180,187052
2022-06-18,2022,6,18,port1188,Shanghai,China,CHN,32,35,9,6,18,82,100,271163,384948,12024,5778,38330,673914,712245,284893,658820,8774,2197,91723,954685,1046409,187053
2020-04-11,2020,4,11,port1188,Shanghai,China,CHN,33,27,16,6,21,82,103,194702,185075,32096,817,41720,412691,454412,266493,233756,47245,9925,35914,557420,593335,187054
2022-06-19,2022,6,19,port1188,Shanghai,China,CHN,26,25,11,4,15,66,81,200936,210409,27795,1737,57045,440879,497925,245306,102667,10164,10010,25364,368150,393515,187055
2020-04-12,2020,4,12,port1188,Shanghai,China,CHN,33,37,10,3,20,83,103,263406,359879,13290,817,27899,637394,665294,262176,148326,11020,2924,30974,424447,455422,187056
2022-06-20,2022,6,20,port1188,Shanghai,China,CHN,31,30,12,3,15,76,91,77269,188115,16826,3579,71915,285790,357706,312904,500949,20592,4064,56522,838510,895033,187057
2020-04-13,2020,4,13,port1188,Shanghai,China,CHN,26,56,23,2,23,107,130,123511,707576,34809,1957,118038,867854,985893,335325,364372,26812,1462,58633,727972,786605,187058
2020-04-14,2020,4,14,port1188,Shanghai,China,CHN,27,41,18,6,16,92,108,161246,248675,47125,3780,19280,460827,480107,298194,396290,21804,12374,8163,728663,736827,187059
2022-06-21,2022,6,21,port1188,Shanghai,China,CHN,30,28,10,1,17,69,86,213429,147966,16062,408,73523,377867,451390,305199,108312,12947,1462,11616,427921,439538,187060
2020-04-15,2020,4,15,port1188,Shanghai,China,CHN,30,35,17,2,25,84,109,316297,219737,35342,408,56460,571785,628246,367412,502516,15480,1462,26088,886871,912959,187061
2022-06-22,2022,6,22,port1188,Shanghai,China,CHN,39,31,10,7,17,87,104,235058,478928,15704,3822,39928,733513,773442,427487,189450,17798,12631,13615,647368,660983,187062
2020-04-16,2020,4,16,port1188,Shanghai,China,CHN,25,40,14,3,15,82,97,62466,446535,17673,588,16245,527264,543509,227555,708976,31794,5613,24410,973940,998351,187063
2022-06-23,2022,6,23,port1188,Shanghai,China,CHN,27,33,11,3,23,74,97,261188,452334,13067,890,50670,727481,778152,275661,257624,7430,2924,79671,543641,623312,187064
2020-04-17,2020,4,17,port1188,Shanghai,China,CHN,33,44,12,3,19,92,111,167690,431369,13601,817,101972,613479,715452,300216,258246,12845,5875,65856,577184,643040,187065
2022-06-24,2022,6,24,port1188,Shanghai,China,CHN,35,31,12,5,20,83,103,448921,280797,11199,2698,71020,743617,814637,287031,280487,15335,2924,28396,585779,614175,187066
2020-04-18,2020,4,18,port1188,Shanghai,China,CHN,37,41,18,3,28,99,127,239235,253503,7273,2611,78519,502623,581143,450154,210746,34530,1462,107296,696893,804190,187067
2022-06-25,2022,6,25,port1188,Shanghai,China,CHN,30,28,9,2,27,69,96,473464,181643,11103,408,48409,666620,715030,297221,146565,9563,7232,107641,460582,568223,187068
2020-04-19,2020,4,19,port1188,Shanghai,China,CHN,32,33,8,5,20,78,98,239043,281070,9654,1226,85043,530994,616038,146500,208052,4438,6136,45416,365127,410544,187069
2022-06-26,2022,6,26,port1188,Shanghai,China,CHN,27,28,14,4,9,73,82,217992,247711,26196,1548,39969,493449,533419,308017,337513,7948,4318,2750,657798,660548,187070
2020-04-20,2020,4,20,port1188,Shanghai,China,CHN,30,51,21,8,31,110,141,271081,720397,27052,5720,109888,1024252,1134141,184682,440630,23010,3515,151861,651838,803699,187071
2022-06-27,2022,6,27,port1188,Shanghai,China,CHN,27,33,14,0,19,74,93,217527,582577,24468,0,127041,824574,951616,313553,217421,8852,0,37429,539828,577257,187072
2020-04-21,2020,4,21,port1188,Shanghai,China,CHN,29,50,14,4,21,97,118,480915,311518,15883,3354,47120,811671,858791,300625,305324,28517,3299,38208,637766,675975,187073
2022-06-28,2022,6,28,port1188,Shanghai,China,CHN,38,19,10,6,19,73,92,581719,234798,12474,781,89204,829774,918979,307000,49956,12794,7419,34059,377171,411231,187074
2020-04-22,2020,4,22,port1188,Shanghai,China,CHN,29,44,17,6,19,96,115,66787,594016,16108,1981,25958,678894,704852,312528,223080,27666,8438,39025,571713,610739,187075
2022-06-29,2022,6,29,port1188,Shanghai,China,CHN,33,33,13,3,20,82,102,169808,399607,9908,1515,47359,580839,628199,340926,175430,15556,4404,110862,536317,647180,187076
2020-04-23,2020,4,23,port1188,Shanghai,China,CHN,27,40,11,3,24,81,105,158979,511382,18132,920,24711,689415,714127,204778,301982,2215,1891,74820,510869,585689,187077
2022-06-30,2022,6,30,port1188,Shanghai,China,CHN,32,33,9,5,22,79,101,169718,297906,3796,1226,103910,472647,576558,246843,62139,13946,8432,12252,331361,343613,187078
2020-04-24,2020,4,24,port1188,Shanghai,China,CHN,33,50,17,4,25,104,129,77654,600054,37158,2598,101691,717467,819159,423618,289288,12203,8564,29214,733675,762890,187079
2022-07-01,2022,7,1,port1188,Shanghai,China,CHN,33,22,11,3,16,69,85,178595,96432,16295,408,80334,291732,372067,265867,162306,12126,6205,27062,446506,473569,187080
2020-04-25,2020,4,25,port1188,Shanghai,China,CHN,35,39,18,3,21,95,116,150020,226998,20217,0,22144,397236,419381,267773,342806,22226,1715,66291,634522,700813,187081
2022-07-02,2022,7,2,port1188,Shanghai,China,CHN,30,33,15,6,17,84,101,228326,326064,14782,2366,68297,571540,639837,341304,154005,26349,8875,49133,530535,579669,187082
2020-04-26,2020,4,26,port1188,Shanghai,China,CHN,33,41,10,6,16,90,106,307889,218357,13521,817,61266,540586,601853,241977,351096,17352,7396,68357,617822,686179,187083
2022-07-03,2022,7,3,port1188,Shanghai,China,CHN,30,34,11,5,21,80,101,315388,187953,16093,1226,231094,520662,751757,221697,152024,8878,6929,41247,389528,430776,187084
2020-04-27,2020,4,27,port1188,Shanghai,China,CHN,28,41,15,5,27,89,116,325421,311712,24087,1226,108731,662447,771179,231551,407355,7706,9473,46371,656087,702458,187085
2022-07-04,2022,7,4,port1188,Shanghai,China,CHN,40,33,8,4,27,85,112,141729,549665,14240,2137,92293,707772,800066,436952,136753,9613,11118,13550,594438,607988,187086
2020-04-28,2020,4,28,port1188,Shanghai,China,CHN,31,40,16,3,23,90,113,347631,259420,14387,817,48448,622257,670705,297547,169422,34458,2924,51482,504352,555835,187087
2022-07-05,2022,7,5,port1188,Shanghai,China,CHN,28,23,11,4,22,66,88,228793,222272,8618,2784,40246,462468,502715,213492,185839,10086,7356,101202,416775,517977,187088
2020-04-29,2020,4,29,port1188,Shanghai,China,CHN,29,44,19,2,26,94,120,228840,542527,27701,920,84319,799990,884310,414055,413234,12010,1462,40405,840762,881167,187089
2022-07-06,2022,7,6,port1188,Shanghai,China,CHN,38,40,8,3,19,89,108,430899,258141,10769,817,108667,700628,809296,303951,421130,4601,4473,19625,734157,753782,187090
2020-04-30,2020,4,30,port1188,Shanghai,China,CHN,33,41,15,4,32,93,125,133400,273939,12262,601,172491,420204,592696,337726,254316,31807,3011,35864,626860,662724,187091
2022-07-07,2022,7,7,port1188,Shanghai,China,CHN,37,30,17,4,19,88,107,258354,337832,28949,408,26723,625545,652269,346712,68808,13147,5926,35892,434595,470487,187092
2020-05-01,2020,5,1,port1188,Shanghai,China,CHN,28,36,11,4,18,79,97,73798,576511,28352,4236,81859,682898,764758,406534,116626,4816,2924,76909,530902,607812,187093
2022-07-08,2022,7,8,port1188,Shanghai,China,CHN,37,36,15,4,13,92,105,264463,340008,24236,1133,50013,629842,679855,324837,130953,14865,5300,8786,475956,484743,187094
2020-05-02,2020,5,2,port1188,Shanghai,China,CHN,31,48,16,4,30,99,129,184255,515767,34129,0,148291,734152,882444,444405,239402,20326,2624,68922,706758,775680,187095
2022-07-09,2022,7,9,port1188,Shanghai,China,CHN,26,45,9,9,20,89,109,96442,468445,5268,2510,29021,572667,601688,182612,548550,6406,12470,26388,750040,776428,187096
2020-05-03,2020,5,3,port1188,Shanghai,China,CHN,34,44,16,3,23,97,120,359334,541146,13435,817,39250,914733,953984,192543,362560,30308,2924,101189,588337,689526,187097
2022-07-10,2022,7,10,port1188,Shanghai,China,CHN,31,23,13,3,17,70,87,346684,155862,20493,3697,30399,526738,557138,374764,56069,19538,1462,69817,451834,521651,187098
2020-05-04,2020,5,4,port1188,Shanghai,China,CHN,23,35,20,3,21,81,102,68463,388711,19897,1878,40182,478949,519131,280408,216307,9264,203,69653,506184,575837,187099
2022-07-11,2022,7,11,port1188,Shanghai,China,CHN,25,23,11,4,21,63,84,387828,245416,5721,4409,147627,643375,791002,215983,202550,14084,6431,8991,439050,448042,187100
2020-05-05,2020,5,5,port1188,Shanghai,China,CHN,21,41,15,7,20,84,104,353504,527513,26917,601,25810,908537,934347,185665,536041,35233,12251,69973,769193,839166,187101
2022-07-12,2022,7,12,port1188,Shanghai,China,CHN,36,33,16,5,18,90,108,304448,668548,19448,1255,41891,993700,1035591,343288,493552,18180,8051,18666,863073,881740,187102
2020-05-06,2020,5,6,port1188,Shanghai,China,CHN,38,39,21,5,22,103,125,323584,329898,28203,1226,51898,682913,734811,247898,282359,28392,9132,69983,567783,637766,187103
2022-07-13,2022,7,13,port1188,Shanghai,China,CHN,31,29,14,3,20,77,97,136814,552755,38368,1477,74927,729416,804343,258336,108881,18562,4038,46886,389818,436704,187104
2020-05-07,2020,5,7,port1188,Shanghai,China,CHN,28,38,12,3,10,81,91,617391,546525,16382,408,10165,1180708,1190874,121921,80775,15324,13386,34440,231408,265849,187105
2022-07-14,2022,7,14,port1188,Shanghai,China,CHN,41,26,15,4,26,86,112,297915,177314,13675,273,41480,489180,530660,315665,127387,31626,9675,96278,484354,580633,187106
2020-05-08,2020,5,8,port1188,Shanghai,China,CHN,28,34,8,1,16,71,87,157118,194650,12997,0,32019,364765,396785,206313,257660,14852,0,20717,478826,499543,187107
2022-07-15,2022,7,15,port1188,Shanghai,China,CHN,32,27,10,5,22,74,96,78274,382595,12688,3390,64480,476948,541428,344963,178679,10739,5396,23227,539778,563006,187108
2020-05-09,2020,5,9,port1188,Shanghai,China,CHN,31,60,15,5,44,111,155,230086,538999,17087,3007,228644,789181,1017826,230786,301999,12678,2924,79961,548389,628351,187109
2022-07-16,2022,7,16,port1188,Shanghai,China,CHN,31,33,14,5,17,83,100,193466,128594,20970,1226,50436,344257,394694,240755,288795,38698,11147,71411,579397,650808,187110
2020-05-10,2020,5,10,port1188,Shanghai,China,CHN,34,39,14,4,16,91,107,287604,323717,12799,3304,41475,627425,668901,174548,235629,11236,1462,94690,422877,517567,187111
2022-07-17,2022,7,17,port1188,Shanghai,China,CHN,34,33,12,3,15,82,97,90710,295650,14214,0,42302,400575,442877,369925,214884,12275,11007,9911,608092,618003,187112
2020-05-11,2020,5,11,port1188,Shanghai,China,CHN,30,42,16,5,28,93,121,221856,695366,27030,1226,36815,945480,982296,307288,265351,32384,4836,108597,609859,718456,187113
2022-07-18,2022,7,18,port1188,Shanghai,China,CHN,27,33,8,4,21,72,93,741080,476111,5766,1977,130572,1224936,1355509,153630,309672,14381,3177,54607,480862,535470,187114
2020-05-12,2020,5,12,port1188,Shanghai,China,CHN,24,47,8,4,36,83,119,353505,418906,12290,3286,86539,787988,874528,230485,335232,9301,1462,21262,576481,597743,187115
2022-07-19,2022,7,19,port1188,Shanghai,China,CHN,36,33,14,7,21,90,111,253495,482962,17617,5909,26225,759985,786211,396294,139212,24778,12560,61797,572845,634643,187116
2020-05-13,2020,5,13,port1188,Shanghai,China,CHN,28,39,15,2,30,84,114,490783,344936,14502,817,59476,851040,910516,297751,92730,13081,2924,112004,406488,518492,187117
2022-07-20,2022,7,20,port1188,Shanghai,China,CHN,38,30,14,7,18,89,107,260045,468168,24518,1226,76603,753959,830562,342106,105359,11758,20432,37486,479657,517144,187118
2020-05-14,2020,5,14,port1188,Shanghai,China,CHN,37,27,16,6,25,86,111,206408,189354,20744,855,81930,417362,499293,438879,128250,24784,10502,21762,602416,624179,187119
2022-07-21,2022,7,21,port1188,Shanghai,China,CHN,40,37,10,6,14,93,107,226147,563140,24270,2269,60091,815827,875919,445054,132383,13802,2208,6399,593449,599848,187120
2020-05-15,2020,5,15,port1188,Shanghai,China,CHN,28,48,12,4,21,92,113,149008,536222,10764,4666,173737,700661,874398,253970,301588,15199,2924,76199,573683,649883,187121
2022-07-22,2022,7,22,port1188,Shanghai,China,CHN,32,29,9,4,23,74,97,117250,370791,15085,3538,71451,506665,578117,374394,56048,11797,4210,17687,446450,464137,187122
2020-05-16,2020,5,16,port1188,Shanghai,China,CHN,18,33,10,2,17,63,80,112913,295192,4929,817,32238,413852,446090,150615,83228,19554,2924,30249,256323,286572,187123
2022-07-23,2022,7,23,port1188,Shanghai,China,CHN,32,23,6,4,17,65,82,129691,94658,3167,3356,30305,230874,261179,249429,317860,6815,4387,15371,578492,593863,187124
2020-05-17,2020,5,17,port1188,Shanghai,China,CHN,6,18,7,2,8,33,41,25287,129014,5458,820,14887,160581,175468,47203,124945,10259,0,8163,182408,190572,187125
2022-07-24,2022,7,24,port1188,Shanghai,China,CHN,31,26,8,7,11,72,83,412628,180806,17802,1621,34024,612857,646882,251148,206572,7859,11259,21980,476840,498821,187126
2020-05-18,2020,5,18,port1188,Shanghai,China,CHN,46,62,19,7,35,134,169,277696,442580,25056,3184,108401,748518,856919,384610,239734,13920,6918,79319,645183,724503,187127
2022-07-25,2022,7,25,port1188,Shanghai,China,CHN,40,38,14,4,17,96,113,201784,800458,25768,1774,74345,1029785,1104130,436365,225142,18990,4606,59861,685105,744966,187128
2020-05-19,2020,5,19,port1188,Shanghai,China,CHN,35,45,12,6,28,98,126,348356,529797,14051,601,63133,892807,955941,282524,259428,9498,1462,63927,552913,616841,187129
2022-07-26,2022,7,26,port1188,Shanghai,China,CHN,39,38,12,5,15,94,109,202418,429704,14081,2358,45184,648563,693748,308848,115393,10726,9679,21186,444648,465834,187130
2020-05-20,2020,5,20,port1188,Shanghai,China,CHN,34,39,16,3,31,92,123,379197,373512,26048,4666,85672,783425,869097,576423,281993,10061,1462,17642,869940,887583,187131
2020-05-21,2020,5,21,port1188,Shanghai,China,CHN,43,44,13,2,16,102,118,328153,410017,17679,340,14142,756190,770333,500734,230452,9968,427,56633,741584,798217,187132
2022-07-27,2022,7,27,port1188,Shanghai,China,CHN,37,28,16,5,26,86,112,272524,471419,29451,1265,144769,774660,919429,314675,217417,14647,3151,76313,549891,626205,187133
2020-05-22,2020,5,22,port1188,Shanghai,China,CHN,32,52,15,4,24,103,127,297287,332026,24331,2234,68984,655880,724865,275173,387630,8742,3284,59010,674831,733841,187134
2022-07-28,2022,7,28,port1188,Shanghai,China,CHN,31,29,15,5,15,80,95,228104,465935,32246,408,100520,726695,827215,295549,151179,16571,11604,2980,474904,477885,187135
2020-05-23,2020,5,23,port1188,Shanghai,China,CHN,36,46,12,3,37,97,134,239162,677586,7899,408,160300,925056,1085357,363303,167710,15375,2011,40573,548401,588975,187136
2022-07-29,2022,7,29,port1188,Shanghai,China,CHN,35,34,15,5,13,89,102,462387,177116,19351,1635,25885,660491,686377,327403,285921,10001,6407,76204,629733,705937,187137
2020-05-24,2020,5,24,port1188,Shanghai,China,CHN,40,43,21,6,26,110,136,358307,282872,32281,408,33535,673871,707406,438806,404737,25274,7400,47824,876219,924043,187138
2022-07-30,2022,7,30,port1188,Shanghai,China,CHN,32,35,10,4,14,81,95,514693,318252,5372,1957,87825,840276,928102,175436,165650,5617,7898,90368,354603,444972,187139
2020-05-25,2020,5,25,port1188,Shanghai,China,CHN,35,42,17,6,30,100,130,176190,537864,35942,1226,152468,751223,903692,328135,586642,9095,6008,50873,929882,980756,187140
2022-07-31,2022,7,31,port1188,Shanghai,China,CHN,32,32,10,3,18,77,95,498239,336898,11630,408,33111,847177,880289,278047,379085,7715,7423,46210,672271,718482,187141
2022-08-01,2022,8,1,port1188,Shanghai,China,CHN,36,38,12,6,31,92,123,502547,342379,8292,4612,146935,857831,1004766,270450,301849,5803,12656,19847,590759,610606,187142
2020-05-26,2020,5,26,port1188,Shanghai,China,CHN,30,40,18,3,16,91,107,239671,556943,15701,1226,46828,813543,860371,220680,179481,27884,4387,9530,432433,441964,187143
2022-08-02,2022,8,2,port1188,Shanghai,China,CHN,23,31,13,4,22,71,93,328396,444244,13071,1430,44714,787144,831858,178105,71758,38237,12915,40596,301017,341613,187144
2020-05-27,2020,5,27,port1188,Shanghai,China,CHN,35,45,20,4,26,104,130,368871,257005,30606,817,57421,657302,714723,267933,252662,14403,5967,16433,540966,557400,187145
2022-08-03,2022,8,3,port1188,Shanghai,China,CHN,38,40,11,2,18,91,109,230127,590906,13617,408,40998,835061,876059,258322,106553,12424,8380,54243,385681,439924,187146
2020-05-28,2020,5,28,port1188,Shanghai,China,CHN,27,38,10,5,23,80,103,394095,377958,16590,3977,33838,792620,826459,217254,278342,9240,3730,70479,508567,579047,187147
2022-08-04,2022,8,4,port1188,Shanghai,China,CHN,30,31,15,5,21,81,102,122718,353943,18157,340,36120,495160,531280,259005,116511,12150,9526,113582,397193,510775,187148
2020-05-29,2020,5,29,port1188,Shanghai,China,CHN,34,42,14,1,22,91,113,138801,410441,5961,2162,64361,557367,621729,350923,515218,16571,0,65427,882713,948141,187149
2022-08-05,2022,8,5,port1188,Shanghai,China,CHN,32,41,7,3,21,83,104,291653,276781,20446,1678,77596,590559,668156,249372,403490,5888,6259,33248,665010,698258,187150
2020-05-30,2020,5,30,port1188,Shanghai,China,CHN,31,30,6,3,13,70,83,297504,201399,4029,817,17076,503751,520827,233908,218067,10159,4363,16131,466498,482629,187151
2022-08-06,2022,8,6,port1188,Shanghai,China,CHN,30,27,14,8,12,79,91,165726,449716,17553,2688,15455,635684,651140,303438,171887,18338,9547,29008,503212,532221,187152
2020-05-31,2020,5,31,port1188,Shanghai,China,CHN,35,49,18,5,35,107,142,144365,332724,29415,772,41778,507278,549057,363429,638060,12885,1462,40549,1015838,1056387,187153
2022-08-07,2022,8,7,port1188,Shanghai,China,CHN,35,25,9,4,18,73,91,268168,521911,28540,2985,56986,821605,878592,320146,122140,6944,9360,66548,458591,525139,187154
2020-06-01,2020,6,1,port1188,Shanghai,China,CHN,32,44,18,7,27,101,128,287004,569850,46032,3868,77834,906756,984590,203658,271073,14133,5455,82283,494321,576605,187155
2022-08-08,2022,8,8,port1188,Shanghai,China,CHN,37,35,7,6,12,85,97,389141,468246,3138,683,75342,861210,936553,387221,240320,5863,17038,5709,650444,656153,187156
2020-06-02,2020,6,2,port1188,Shanghai,China,CHN,29,38,20,6,30,93,123,251938,261790,34813,3070,60770,551612,612383,349033,151634,25013,6108,137851,531789,669641,187157
2022-08-09,2022,8,9,port1188,Shanghai,China,CHN,35,25,15,4,16,79,95,240066,214917,18555,4282,34608,477822,512430,320697,119255,23377,1462,23862,464793,488656,187158
2020-06-03,2020,6,3,port1188,Shanghai,China,CHN,37,41,12,3,35,93,128,259070,198669,23180,408,64200,481329,545529,219705,203686,6939,2382,109338,432714,542052,187159
2022-08-10,2022,8,10,port1188,Shanghai,China,CHN,34,31,12,4,22,81,103,439482,244507,15726,5115,63042,704832,767874,220458,303078,9085,1462,35571,534083,569655,187160
2020-06-04,2020,6,4,port1188,Shanghai,China,CHN,23,33,15,3,23,74,97,158928,232808,13870,2712,93240,408321,501561,310646,273058,18049,1462,81653,603216,684870,187161
2022-08-11,2022,8,11,port1188,Shanghai,China,CHN,40,38,10,4,25,92,117,552641,361504,14604,1875,203493,930625,1134119,364587,296208,12173,0,7557,672970,680527,187162
2020-06-05,2020,6,5,port1188,Shanghai,China,CHN,39,37,15,3,28,94,122,269007,368654,21341,817,77430,659821,737252,359111,541269,23455,5747,17386,929583,946969,187163
2022-08-12,2022,8,12,port1188,Shanghai,China,CHN,31,30,16,5,21,82,103,368115,481580,34760,408,100258,884865,985124,254710,286989,22579,13614,19259,577893,597153,187164
2020-06-06,2020,6,6,port1188,Shanghai,China,CHN,37,44,15,4,28,100,128,224713,379532,24689,4645,84126,633581,717708,314787,158915,15726,2924,34054,492354,526409,187165
2022-08-13,2022,8,13,port1188,Shanghai,China,CHN,36,33,14,3,19,86,105,295576,375872,36911,192,58696,708553,767249,253894,330198,25376,807,100667,610278,710945,187166
2020-06-07,2020,6,7,port1188,Shanghai,China,CHN,32,34,14,5,19,85,104,355425,150177,55197,3357,61605,564157,625763,218823,239501,11445,5581,82657,475352,558009,187167
2022-08-14,2022,8,14,port1188,Shanghai,China,CHN,32,22,13,4,15,71,86,120060,336019,10210,817,32380,467108,499489,340180,209648,6250,6943,17891,563023,580915,187168
2020-06-08,2020,6,8,port1188,Shanghai,China,CHN,28,46,17,6,34,97,131,394341,425574,7469,4872,97707,832258,929965,208658,318591,23139,3094,70378,553482,623861,187169
2022-08-15,2022,8,15,port1188,Shanghai,China,CHN,34,40,14,6,20,94,114,331574,257229,22705,2144,29851,613653,643505,278511,469312,19780,9767,21332,777372,798705,187170
2020-06-09,2020,6,9,port1188,Shanghai,China,CHN,28,45,16,3,24,92,116,290213,545566,16930,3425,23013,856137,879150,152144,229343,19800,1462,67344,402751,470095,187171
2022-08-16,2022,8,16,port1188,Shanghai,China,CHN,34,30,12,4,20,80,100,397150,279346,24090,1226,89332,701813,791146,379905,172332,12304,6637,81235,571179,652415,187172
2020-06-10,2020,6,10,port1188,Shanghai,China,CHN,31,40,19,4,25,94,119,289620,462238,27074,817,68958,779751,848710,260004,539248,12374,4057,56212,815685,871897,187173
2022-08-17,2022,8,17,port1188,Shanghai,China,CHN,33,31,14,6,22,84,106,231982,285357,14820,408,62842,532570,595413,198807,251717,17613,14580,51040,482717,533757,187174
2020-06-11,2020,6,11,port1188,Shanghai,China,CHN,16,35,5,3,14,59,73,163556,90052,5375,1226,35083,260210,295294,235797,200682,1314,4387,46409,442181,488591,187175
2020-06-12,2020,6,12,port1188,Shanghai,China,CHN,43,58,22,6,36,129,165,261144,518684,32457,408,203318,812695,1016013,428519,289821,28914,6236,97459,753492,850952,187176
2020-06-13,2020,6,13,port1188,Shanghai,China,CHN,33,37,10,4,19,84,103,112129,298258,14334,1433,89365,426155,515520,461732,316825,16484,2974,3784,798017,801801,187177
2020-06-14,2020,6,14,port1188,Shanghai,China,CHN,39,29,14,7,23,89,112,282395,370026,14634,4672,33989,671728,705717,354318,194946,17301,2924,103211,569491,672702,187178
2020-06-15,2020,6,15,port1188,Shanghai,China,CHN,35,34,15,7,33,91,124,480572,245270,43938,4363,39251,774145,813396,148305,172532,29218,2924,65140,352981,418122,187179
2020-06-16,2020,6,16,port1188,Shanghai,China,CHN,33,36,12,3,19,84,103,144125,278228,14720,1226,67381,438300,505682,533521,205674,13445,4387,85808,757029,842838,187180
2020-06-17,2020,6,17,port1188,Shanghai,China,CHN,28,34,9,1,30,72,102,149975,358104,16625,2513,66532,527219,593751,266976,136491,19405,0,84937,422873,507811,187181
2020-06-18,2020,6,18,port1188,Shanghai,China,CHN,34,64,15,7,30,120,150,279472,719487,26029,1782,89088,1026771,1115860,333035,450844,13768,5897,124911,803545,928456,187182
2020-06-19,2020,6,19,port1188,Shanghai,China,CHN,40,39,25,4,25,108,133,264749,277308,58675,1226,50077,601959,652037,366518,343903,16542,5917,53397,732881,786279,187183
2020-06-20,2020,6,20,port1188,Shanghai,China,CHN,40,50,21,5,27,116,143,303103,441192,27339,1226,152687,772861,925548,339849,460519,31498,4387,19741,836255,855996,187184
2020-06-21,2020,6,21,port1188,Shanghai,China,CHN,31,49,16,6,27,102,129,252406,238019,31876,2487,96828,524790,621618,239551,413323,24112,5398,111765,682386,794151,187185
2020-06-22,2020,6,22,port1188,Shanghai,China,CHN,32,40,10,6,28,88,116,263895,467049,16434,1226,65860,748605,814466,404197,92601,11619,15573,32636,523991,556628,187186
2020-06-23,2020,6,23,port1188,Shanghai,China,CHN,36,57,15,4,34,112,146,233450,310221,15596,817,139480,560085,699566,438229,404104,22724,5177,119171,870237,989409,187187
2020-06-24,2020,6,24,port1188,Shanghai,China,CHN,36,44,15,6,31,101,132,233987,231693,10648,1831,111511,478161,589673,438678,159084,18208,1899,69284,617870,687155,187188
2020-06-25,2020,6,25,port1188,Shanghai,China,CHN,36,43,17,3,20,99,119,334016,437090,25237,1390,60425,797735,858160,305971,470922,20106,2261,82262,799261,881524,187189
2020-06-26,2020,6,26,port1188,Shanghai,China,CHN,22,26,11,3,24,62,86,200840,88325,10620,3424,118266,303210,421477,174670,294617,17915,2924,88563,490128,578692,187190
2020-06-27,2020,6,27,port1188,Shanghai,China,CHN,45,57,23,5,22,130,152,380201,560982,30721,1010,61865,972916,1034782,353023,412127,25879,14063,35333,805094,840428,187191
2020-06-28,2020,6,28,port1188,Shanghai,China,CHN,29,38,14,2,23,83,106,254574,273380,14895,956,39562,543806,583369,304178,293129,20156,1462,32788,618926,651715,187192
2020-06-29,2020,6,29,port1188,Shanghai,China,CHN,36,44,18,5,27,103,130,263659,685760,34939,408,160238,984767,1145006,268729,260857,17475,5134,57903,552197,610100,187193
2020-06-30,2020,6,30,port1188,Shanghai,China,CHN,29,43,17,5,24,94,118,382863,358835,35022,1635,42158,778356,820514,334808,155727,16189,7023,26276,513750,540026,187194
2020-07-01,2020,7,1,port1188,Shanghai,China,CHN,30,55,15,1,19,101,120,253615,515853,23480,0,36507,792949,829457,332999,398835,6597,0,82341,738432,820773,187195
2020-07-02,2020,7,2,port1188,Shanghai,China,CHN,25,45,17,5,16,92,108,167564,192993,19837,4725,64488,385121,449609,297124,311375,15271,2924,60820,626696,687517,187196
2020-07-03,2020,7,3,port1188,Shanghai,China,CHN,38,40,13,4,25,95,120,270313,342166,13691,2440,38578,628611,667190,243824,353066,4884,1892,15666,603667,619334,187197
2020-07-04,2020,7,4,port1188,Shanghai,China,CHN,40,37,11,6,25,94,119,734993,517845,14645,1635,74739,1269119,1343858,333167,120282,9992,6495,97514,469938,567452,187198
2020-07-05,2020,7,5,port1188,Shanghai,China,CHN,38,37,19,4,17,98,115,410375,412466,18862,5144,22783,846849,869632,332776,363220,38161,3838,12222,737996,750218,187199
2020-07-06,2020,7,6,port1188,Shanghai,China,CHN,39,44,11,8,37,102,139,300195,271475,21723,2793,51654,596187,647842,403808,381095,4931,10169,46739,800005,846745,187200
2020-07-07,2020,7,7,port1188,Shanghai,China,CHN,28,44,20,7,36,99,135,296710,308622,25152,2001,86743,632486,719230,301823,462153,16768,7012,64040,787758,851798,187201
2020-07-08,2020,7,8,port1188,Shanghai,China,CHN,26,29,9,2,23,66,89,365629,128898,5865,2234,27327,502628,529956,202697,215862,14483,1462,70121,434506,504627,187202
2020-07-09,2020,7,9,port1188,Shanghai,China,CHN,39,50,11,5,29,105,134,563628,587111,5251,1744,84064,1157736,1241800,315181,329764,25281,2924,40356,673151,713508,187203
2020-07-10,2020,7,10,port1188,Shanghai,China,CHN,32,41,23,3,20,99,119,169694,260127,21447,5649,46775,456918,503694,296853,126844,26599,436,65615,450734,516349,187204
2020-07-11,2020,7,11,port1188,Shanghai,China,CHN,37,36,16,6,26,95,121,660983,276876,37677,1635,106318,977173,1083492,308841,113060,13547,9344,32338,444793,477131,187205
2020-07-12,2020,7,12,port1188,Shanghai,China,CHN,33,43,15,4,28,95,123,120452,538783,24607,1092,69413,684935,754349,319376,463341,22476,1801,110716,806995,917711,187206
2020-07-13,2020,7,13,port1188,Shanghai,China,CHN,36,37,28,9,26,110,136,194905,507206,39865,4938,65421,746916,812337,292993,117418,29261,8420,42016,448093,490109,187207
2020-07-14,2020,7,14,port1188,Shanghai,China,CHN,34,36,16,5,23,91,114,272297,436399,22776,5656,123557,737130,860687,234372,204307,18522,5630,49832,462833,512666,187208
2020-07-15,2020,7,15,port1188,Shanghai,China,CHN,33,35,8,2,32,78,110,435696,205945,4785,408,63992,646836,710828,371758,307267,8922,1462,96440,689410,785850,187209
2020-07-16,2020,7,16,port1188,Shanghai,China,CHN,33,33,18,5,23,89,112,105220,293985,35926,5609,30789,440741,471530,266368,107642,20296,4387,99087,398695,497782,187210
2020-07-17,2020,7,17,port1188,Shanghai,China,CHN,36,45,9,6,20,96,116,287858,423159,3609,7438,31308,722066,753375,442616,266983,42948,5849,16541,758398,774940,187211
2020-07-18,2020,7,18,port1188,Shanghai,China,CHN,34,28,11,4,15,77,92,233023,271050,34236,5570,33839,543881,577721,258101,113049,14776,2924,61746,388852,450598,187212
2020-07-19,2020,7,19,port1188,Shanghai,China,CHN,39,38,11,6,25,94,119,233111,399275,21550,2643,61583,656582,718165,297850,269591,7685,6406,47481,581534,629015,187213
2020-07-20,2020,7,20,port1188,Shanghai,China,CHN,32,36,19,5,19,92,111,393770,336283,25145,3642,46845,758843,805689,166307,137065,10437,3993,37808,317804,355613,187214
2020-07-21,2020,7,21,port1188,Shanghai,China,CHN,24,55,18,4,21,101,122,112004,689704,15027,890,30515,817627,848142,177796,453189,14981,2924,69992,648893,718885,187215
2022-08-18,2022,8,18,port1188,Shanghai,China,CHN,37,40,9,6,12,92,104,311002,463652,14165,1957,27592,790778,818370,350799,219959,9054,9636,19352,589450,608802,187216
2020-07-22,2020,7,22,port1188,Shanghai,China,CHN,28,39,14,4,27,85,112,213217,426215,12358,408,78201,652199,730401,305941,232158,16097,6620,62153,560817,622970,187217
2022-08-19,2022,8,19,port1188,Shanghai,China,CHN,35,24,11,4,15,74,89,503579,275509,42353,4751,27981,826193,854175,377548,93069,5590,5791,32290,482000,514290,187218
2022-08-20,2022,8,20,port1188,Shanghai,China,CHN,34,42,9,7,10,92,102,585962,427772,2574,4660,74606,1020969,1095575,271593,125191,14685,7606,45697,419076,464773,187219
2020-07-23,2020,7,23,port1188,Shanghai,China,CHN,40,32,14,4,24,90,114,169600,221448,17523,1281,36692,409854,446547,560664,242393,12904,2924,113662,818886,932549,187220
2022-08-21,2022,8,21,port1188,Shanghai,China,CHN,39,23,17,4,18,83,101,234507,243703,9573,1226,45202,489012,534215,316778,100514,40345,12592,147895,470231,618126,187221
2020-07-24,2020,7,24,port1188,Shanghai,China,CHN,31,35,16,5,26,87,113,439450,209181,17846,5721,133820,672199,806020,293277,218231,25112,3472,58481,540093,598574,187222
2022-08-22,2022,8,22,port1188,Shanghai,China,CHN,43,35,14,3,26,95,121,349390,432273,50115,1957,71250,833736,904987,403403,204704,9493,5552,43094,623153,666247,187223
2020-07-25,2020,7,25,port1188,Shanghai,China,CHN,39,39,13,4,26,95,121,227392,551202,28187,817,86211,807600,893811,298517,223641,11564,2924,18500,536648,555148,187224
2022-08-23,2022,8,23,port1188,Shanghai,China,CHN,37,34,9,5,28,85,113,221831,354372,5731,408,105027,582345,687372,309512,306933,15374,11507,74829,643327,718156,187225
2020-07-26,2020,7,26,port1188,Shanghai,China,CHN,32,34,18,4,17,88,105,181581,290536,26341,1501,74337,499960,574297,356276,95313,34487,8514,11201,494592,505793,187226
2022-08-24,2022,8,24,port1188,Shanghai,China,CHN,37,27,11,7,21,82,103,482616,271705,20457,3366,55015,778146,833162,407831,224744,20851,3368,12016,656795,668812,187227
2020-07-27,2020,7,27,port1188,Shanghai,China,CHN,31,47,17,7,31,102,133,281515,424611,22095,4705,64830,732927,797758,410635,398715,27459,4387,87832,841197,929029,187228
2022-08-25,2022,8,25,port1188,Shanghai,China,CHN,31,32,13,6,19,82,101,177540,508187,15706,1226,122497,702662,825159,379189,107277,18454,9904,22916,514825,537742,187229
2020-07-28,2020,7,28,port1188,Shanghai,China,CHN,42,37,11,4,23,94,117,366221,295375,41891,2513,60948,706001,766950,368452,140548,5561,3625,47806,518186,565992,187230
2022-08-26,2022,8,26,port1188,Shanghai,China,CHN,37,29,15,7,21,88,109,255359,345641,39941,2366,85578,643308,728887,359483,219025,10031,8423,51535,596964,648500,187231
2020-07-29,2020,7,29,port1188,Shanghai,China,CHN,27,47,13,5,28,92,120,223415,486077,9192,4091,73684,722778,796462,288745,153903,21712,5094,57914,469455,527370,187232
2022-08-27,2022,8,27,port1188,Shanghai,China,CHN,31,32,15,4,19,82,101,389875,340310,6942,408,84702,737537,822240,328062,470223,22928,5049,36041,826264,862306,187233
2020-07-30,2020,7,30,port1188,Shanghai,China,CHN,36,41,22,6,33,105,138,393895,267050,49948,1739,80273,712634,792907,314883,460674,28317,5418,46183,809294,855477,187234
2022-08-28,2022,8,28,port1188,Shanghai,China,CHN,39,25,7,6,22,77,99,255126,128819,3439,6478,100556,393863,494420,318989,57110,5815,2299,13232,384216,397448,187235
2020-07-31,2020,7,31,port1188,Shanghai,China,CHN,41,46,14,4,23,105,128,181610,510996,28519,1635,20031,722762,742793,310760,174198,15654,5849,113225,506463,619688,187236
2022-08-29,2022,8,29,port1188,Shanghai,China,CHN,39,32,20,5,25,96,121,377862,309208,43312,1226,135177,731610,866788,329393,160361,20888,10378,57725,521022,578747,187237
2020-08-01,2020,8,1,port1188,Shanghai,China,CHN,29,43,18,4,30,94,124,245466,574298,27013,1226,103761,848005,951766,353334,342487,12618,4387,79144,712828,791972,187238
2022-08-30,2022,8,30,port1188,Shanghai,China,CHN,34,35,12,7,22,88,110,218423,384440,35664,1501,53417,640030,693448,298899,408364,6068,20819,65927,734152,800080,187239
2020-08-02,2020,8,2,port1188,Shanghai,China,CHN,29,41,16,3,15,89,104,171125,436332,16488,817,18324,624764,643088,279787,389293,14161,5220,24714,688462,713177,187240
2022-08-31,2022,8,31,port1188,Shanghai,China,CHN,30,36,12,3,15,81,96,245782,422062,12955,408,16873,681210,698083,350480,393999,13269,14959,25853,772709,798562,187241
2020-08-03,2020,8,3,port1188,Shanghai,China,CHN,35,45,16,6,44,102,146,326253,544027,16625,2775,155116,889681,1044797,202625,167672,16308,6168,93403,392775,486178,187242
2022-09-01,2022,9,1,port1188,Shanghai,China,CHN,30,22,10,3,21,65,86,389857,172260,11090,2887,67813,576095,643908,271644,34334,4861,0,72406,310840,383247,187243
2020-08-04,2020,8,4,port1188,Shanghai,China,CHN,15,18,5,0,7,38,45,52793,71105,6400,0,9356,130299,139655,173761,154081,6810,0,16999,334653,351653,187244
2022-09-02,2022,9,2,port1188,Shanghai,China,CHN,28,24,10,5,12,67,79,178057,98893,19023,457,15431,296431,311862,254743,241454,9801,11933,25271,517932,543203,187245
2020-08-05,2020,8,5,port1188,Shanghai,China,CHN,32,37,11,5,20,85,105,628170,162328,15949,6406,28649,812854,841504,229589,244319,23280,4387,51017,501576,552593,187246
2022-09-03,2022,9,3,port1188,Shanghai,China,CHN,15,17,0,2,1,34,35,175610,98361,0,72,2752,274044,276796,77942,27292,0,735,10696,105970,116666,187247
2020-08-06,2020,8,6,port1188,Shanghai,China,CHN,34,38,22,4,38,98,136,453023,544463,32455,2885,32084,1032827,1064912,425620,86857,21129,1462,106978,535069,642047,187248
2022-09-04,2022,9,4,port1188,Shanghai,China,CHN,0,1,0,0,1,1,2,0,3654,0,0,1604,3654,5258,0,0,0,0,842,0,842,187249
2020-08-07,2020,8,7,port1188,Shanghai,China,CHN,28,48,21,6,23,103,126,284805,307056,51643,2026,43669,645533,689202,212149,374139,31926,7334,140705,625551,766256,187250
2022-09-05,2022,9,5,port1188,Shanghai,China,CHN,0,4,1,0,1,5,6,0,2253,5116,0,1604,7369,8974,0,0,0,0,842,0,842,187251
2020-08-08,2020,8,8,port1188,Shanghai,China,CHN,30,32,16,6,27,84,111,104178,433233,33702,1226,109962,572341,682304,278273,217276,25658,10299,27185,531508,558694,187252
2022-09-06,2022,9,6,port1188,Shanghai,China,CHN,38,46,26,5,34,115,149,236383,222886,30531,408,102944,490210,593154,396534,345662,31872,7880,24813,781950,806763,187253
2020-08-09,2020,8,9,port1188,Shanghai,China,CHN,36,40,13,6,17,95,112,454210,506347,12509,4355,60750,977424,1038174,421279,221545,26645,1462,26450,670933,697384,187254
2022-09-07,2022,9,7,port1188,Shanghai,China,CHN,42,38,20,6,26,106,132,329048,414836,22049,2940,107732,768875,876607,426326,28592,51707,13939,57975,520565,578541,187255
2020-08-10,2020,8,10,port1188,Shanghai,China,CHN,30,40,17,6,40,93,133,315301,472376,22521,1980,146758,812180,958939,367274,262233,14566,7388,57637,651462,709100,187256
2022-09-08,2022,9,8,port1188,Shanghai,China,CHN,41,26,14,4,21,85,106,515485,431896,29922,408,55478,977713,1033192,377607,22260,327,6480,9867,406675,416543,187257
2020-08-11,2020,8,11,port1188,Shanghai,China,CHN,41,47,16,5,25,109,134,318028,386226,22282,601,43090,727139,770230,464702,581328,14885,1462,60996,1062379,1123376,187258
2022-09-09,2022,9,9,port1188,Shanghai,China,CHN,42,47,13,4,29,106,135,583634,205912,14774,817,92414,805139,897554,285712,487832,12113,8159,16551,793817,810369,187259
2020-08-12,2020,8,12,port1188,Shanghai,China,CHN,31,39,21,4,35,95,130,336854,227171,24868,8595,98418,597490,695908,315106,216173,21804,0,70413,553085,623498,187260
2022-09-10,2022,9,10,port1188,Shanghai,China,CHN,34,34,21,8,17,97,114,246723,396576,49188,1010,44452,693499,737952,370053,140789,8220,9158,32552,528221,560773,187261
2020-08-13,2020,8,13,port1188,Shanghai,China,CHN,32,34,13,6,41,85,126,292112,531280,13285,1331,67632,838009,905641,457411,168002,13209,9368,128899,647992,776892,187262
2022-09-11,2022,9,11,port1188,Shanghai,China,CHN,38,37,13,6,19,94,113,222391,230016,22191,4116,49127,478716,527844,437152,362753,13699,4376,69856,817982,887839,187263
2020-08-14,2020,8,14,port1188,Shanghai,China,CHN,35,45,22,3,24,105,129,263730,549722,40507,408,48417,854370,902787,400899,415664,33645,4365,32543,854575,887118,187264
2022-09-12,2022,9,12,port1188,Shanghai,China,CHN,40,44,17,5,13,106,119,489559,191879,14979,1715,57436,698133,755570,278321,321783,16769,10610,45480,627485,672966,187265
2020-08-15,2020,8,15,port1188,Shanghai,China,CHN,31,45,12,4,19,92,111,167266,388606,23408,4294,34765,583576,618342,255186,199627,24319,2924,51824,482059,533883,187266
2022-09-13,2022,9,13,port1188,Shanghai,China,CHN,15,12,3,1,4,31,35,192315,67897,1438,0,51888,261652,313541,106044,91530,1379,0,0,198954,198954,187267
2020-08-16,2020,8,16,port1188,Shanghai,China,CHN,29,32,13,5,30,79,109,494622,197232,28950,4189,114702,724995,839698,314753,256260,7708,2924,50742,581647,632390,187268
2022-09-14,2022,9,14,port1188,Shanghai,China,CHN,0,1,0,0,1,1,2,0,0,0,0,1604,0,1604,0,0,0,0,842,0,842,187269
2020-08-17,2020,8,17,port1188,Shanghai,China,CHN,36,43,18,4,28,101,129,228882,293368,23757,1010,65380,547019,612399,425707,295491,22853,2924,34418,746978,781396,187270
2022-09-15,2022,9,15,port1188,Shanghai,China,CHN,38,42,10,2,20,92,112,333671,344366,23426,0,35906,701463,737369,394245,363768,38074,14061,7592,810150,817742,187271
2020-08-18,2020,8,18,port1188,Shanghai,China,CHN,31,46,12,3,31,92,123,394076,496887,18099,817,76006,909881,985888,212832,72766,12213,2924,44160,300736,344897,187272
2022-09-16,2022,9,16,port1188,Shanghai,China,CHN,39,57,14,4,33,114,147,299161,639841,27168,1542,119720,967713,1087434,280352,375720,24786,2026,84814,682884,767699,187273
2020-08-19,2020,8,19,port1188,Shanghai,China,CHN,29,38,15,2,28,84,112,289688,240949,22622,817,37988,554078,592067,326029,186996,14856,2924,77235,530808,608044,187274
2022-09-17,2022,9,17,port1188,Shanghai,China,CHN,43,46,13,5,20,107,127,279262,493612,14930,860,114047,788666,902713,412092,113098,16897,3091,13900,545180,559080,187275
2020-08-20,2020,8,20,port1188,Shanghai,China,CHN,37,48,23,4,19,112,131,280811,691971,53117,872,44223,1026773,1070996,567879,269773,14816,1462,20798,853932,874730,187276
2022-09-18,2022,9,18,port1188,Shanghai,China,CHN,33,22,7,4,26,66,92,254509,127559,7174,0,74674,389242,463917,381234,30582,2629,8335,91826,422781,514607,187277
2020-08-21,2020,8,21,port1188,Shanghai,China,CHN,33,50,13,4,26,100,126,220582,558822,16852,817,134897,797076,931973,348491,249722,15548,7615,63319,621377,684697,187278
2022-09-19,2022,9,19,port1188,Shanghai,China,CHN,31,24,8,4,16,67,83,215182,143595,2594,2531,34130,363902,398033,308543,199940,15149,6405,54909,530039,584949,187279
2020-08-22,2020,8,22,port1188,Shanghai,China,CHN,34,42,18,2,21,96,117,326815,246065,22713,408,75677,596003,671681,332374,304337,22566,1462,44222,660740,704963,187280
2022-09-20,2022,9,20,port1188,Shanghai,China,CHN,40,33,17,7,17,97,114,529321,312604,13703,1285,39583,856914,896498,284225,233822,25338,12424,20903,555810,576714,187281
2020-08-23,2020,8,23,port1188,Shanghai,China,CHN,27,47,9,7,21,90,111,252635,468211,5146,1285,70945,727278,798223,222806,400174,14187,14426,82357,651595,733952,187282
2022-09-21,2022,9,21,port1188,Shanghai,China,CHN,40,35,14,4,20,93,113,453274,439769,34134,2450,92162,929628,1021790,434464,144195,7046,2906,32776,588612,621389,187283
2020-08-24,2020,8,24,port1188,Shanghai,China,CHN,33,35,17,4,21,89,110,327562,349933,13249,2896,13581,693641,707222,450605,181464,30190,2924,53875,665185,719060,187284
2022-09-22,2022,9,22,port1188,Shanghai,China,CHN,41,38,13,4,16,96,112,570823,520548,19497,0,86505,1110869,1197374,395463,319809,12284,5922,10304,733480,743784,187285
2020-08-25,2020,8,25,port1188,Shanghai,China,CHN,13,10,1,0,5,24,29,124343,206407,1438,0,5293,332188,337482,160670,31805,1314,0,40694,193790,234485,187286
2022-09-23,2022,9,23,port1188,Shanghai,China,CHN,31,39,16,3,16,89,105,234805,289300,17471,1548,34369,543125,577495,371336,329370,15479,313,51129,716499,767629,187287
2020-08-26,2020,8,26,port1188,Shanghai,China,CHN,31,35,22,7,28,95,123,207081,54130,18448,817,88033,280478,368511,346851,212409,61574,10593,59272,631428,690700,187288
2022-09-24,2022,9,24,port1188,Shanghai,China,CHN,43,33,17,2,25,95,120,377949,213889,26166,1068,116768,619073,735841,386893,246276,25955,4184,84618,663309,747928,187289
2020-08-27,2020,8,27,port1188,Shanghai,China,CHN,39,50,18,6,32,113,145,218465,331387,20378,2990,54750,573222,627973,578149,292828,35023,2599,180697,908601,1089299,187290
2022-09-25,2022,9,25,port1188,Shanghai,China,CHN,38,34,7,8,20,87,107,245303,354491,14497,1694,66313,615987,682300,450173,303402,4979,15212,18969,773768,792737,187291
2020-08-28,2020,8,28,port1188,Shanghai,China,CHN,30,32,14,4,21,80,101,348298,359520,29853,4077,64646,741750,806397,161836,193696,12957,10644,41269,379134,420403,187292
2022-09-26,2022,9,26,port1188,Shanghai,China,CHN,36,44,10,4,22,94,116,147761,563113,6238,2906,83040,720020,803060,477261,272023,11535,2997,79215,763818,843033,187293
2020-08-29,2020,8,29,port1188,Shanghai,China,CHN,35,37,14,4,23,90,113,208873,667232,36072,408,76146,912587,988733,353471,332187,9561,4606,18786,699827,718614,187294
2022-09-27,2022,9,27,port1188,Shanghai,China,CHN,35,37,17,4,29,93,122,424096,413669,17810,588,79750,856165,935915,388832,332138,19062,7713,87108,747746,834855,187295
2020-08-30,2020,8,30,port1188,Shanghai,China,CHN,33,39,12,7,25,91,116,279064,348766,17370,5985,39562,651187,690749,224513,168876,29353,5595,167473,428340,595813,187296
2022-09-28,2022,9,28,port1188,Shanghai,China,CHN,39,31,13,5,20,88,108,286022,368030,11776,4906,41358,670736,712094,294888,540900,12560,2924,105178,851274,956453,187297
2020-08-31,2020,8,31,port1188,Shanghai,China,CHN,32,44,19,6,34,101,135,244133,433397,18254,2353,77478,698138,775616,318294,212420,17129,7537,19856,555381,575238,187298
2022-09-29,2022,9,29,port1188,Shanghai,China,CHN,27,49,14,2,25,92,117,267546,425452,32420,0,90900,725419,816319,349251,341713,12472,0,34761,703437,738199,187299
2020-09-01,2020,9,1,port1188,Shanghai,China,CHN,24,22,10,2,11,58,69,167381,437987,12687,817,35769,618874,654643,237825,168383,10329,2924,24853,419463,444317,187300
2022-09-30,2022,9,30,port1188,Shanghai,China,CHN,28,36,16,6,35,86,121,169846,228651,50335,2128,122532,450960,573493,396631,181028,14376,22956,52294,614992,667287,187301
2020-09-02,2020,9,2,port1188,Shanghai,China,CHN,32,28,6,6,13,72,85,348003,177040,1438,3022,54332,529504,583837,377412,91799,22255,8218,59371,499686,559057,187302
2022-10-01,2022,10,1,port1188,Shanghai,China,CHN,35,39,15,6,20,95,115,332761,178465,20922,1376,40597,533525,574123,358264,605507,26772,15189,130479,1005734,1136214,187303
2020-09-03,2020,9,3,port1188,Shanghai,China,CHN,36,48,17,4,48,105,153,314986,343219,15163,817,131679,674187,805867,256182,439684,29091,6480,88849,731439,820288,187304
2022-10-02,2022,10,2,port1188,Shanghai,China,CHN,34,37,10,7,17,88,105,281351,193656,14749,817,49399,490575,539974,320372,326178,14656,14535,74285,675743,750028,187305
2022-10-03,2022,10,3,port1188,Shanghai,China,CHN,37,46,12,7,16,102,118,264254,386471,12434,2852,59357,666012,725369,375450,104975,6525,7757,16108,494709,510817,187306
2022-10-04,2022,10,4,port1188,Shanghai,China,CHN,31,26,9,3,12,69,81,103787,171371,11399,408,34351,286967,321319,267636,178012,13385,10374,3503,469409,472913,187307
2020-09-04,2020,9,4,port1188,Shanghai,China,CHN,27,34,9,1,22,71,93,194566,397899,18573,464,42544,611503,654047,476494,375561,4835,0,124896,856891,981788,187308
2022-10-05,2022,10,5,port1188,Shanghai,China,CHN,29,33,7,3,25,72,97,369310,614568,3028,378,125552,987285,1112838,229155,92777,7874,0,68368,329807,398176,187309
2020-09-05,2020,9,5,port1188,Shanghai,China,CHN,32,48,19,6,21,105,126,381058,452915,29482,1226,24566,864682,889249,239706,322521,10229,4387,105410,576845,682256,187310
2022-10-06,2022,10,6,port1188,Shanghai,China,CHN,34,40,9,4,32,87,119,458675,510921,4163,408,88600,974168,1062769,240754,251614,12000,9728,64307,514097,578404,187311
2020-09-06,2020,9,6,port1188,Shanghai,China,CHN,33,32,6,5,29,76,105,293560,164388,13878,1886,25706,473714,499420,316538,202425,3906,5327,20697,528198,548895,187312
2022-10-07,2022,10,7,port1188,Shanghai,China,CHN,27,32,14,5,20,78,98,123317,284792,16279,2935,65530,427324,492854,164235,66542,17108,2924,9661,250810,260472,187313
2020-09-07,2020,9,7,port1188,Shanghai,China,CHN,28,49,17,6,40,100,140,213126,448267,35400,1028,117069,697822,814891,363627,352763,23122,6759,60057,746273,806330,187314
2022-10-08,2022,10,8,port1188,Shanghai,China,CHN,26,31,13,5,20,75,95,350261,293778,12169,3575,84879,659785,744665,237655,101885,14125,6439,16774,360106,376880,187315
2020-09-08,2020,9,8,port1188,Shanghai,China,CHN,26,40,28,6,29,100,129,346953,489134,57806,5056,141238,898950,1040188,244841,419032,34620,4977,15089,703470,718560,187316
2022-10-09,2022,10,9,port1188,Shanghai,China,CHN,17,30,11,4,20,62,82,204781,134557,10156,408,82525,349904,432429,138021,159662,2482,8501,28531,308668,337199,187317
2020-09-09,2020,9,9,port1188,Shanghai,China,CHN,35,42,17,4,27,98,125,553734,344692,25218,6577,74010,930224,1004234,236364,80474,17243,2053,87396,336135,423532,187318
2022-10-10,2022,10,10,port1188,Shanghai,China,CHN,31,29,12,5,23,77,100,353339,200244,23089,817,51567,577491,629058,229560,336635,12224,10245,24605,588667,613272,187319
2020-09-10,2020,9,10,port1188,Shanghai,China,CHN,30,47,14,7,31,98,129,366449,311072,31366,2643,79424,711532,790957,261469,275532,7919,6413,30705,551336,582041,187320
2022-10-11,2022,10,11,port1188,Shanghai,China,CHN,33,39,13,4,22,89,111,314506,583287,35972,1254,103331,935020,1038352,189742,117107,7367,3042,128439,317259,445699,187321
2020-09-11,2020,9,11,port1188,Shanghai,China,CHN,34,36,22,6,33,98,131,277423,346469,24009,5893,96289,653796,750085,206832,300037,35366,8137,132144,550374,682518,187322
2022-10-12,2022,10,12,port1188,Shanghai,China,CHN,30,37,7,6,32,80,112,274440,372821,9843,2366,58972,659472,718444,260238,581251,5483,14122,57587,861095,918683,187323
2020-09-12,2020,9,12,port1188,Shanghai,China,CHN,32,57,14,6,26,109,135,219288,554697,22288,817,70587,797092,867680,279186,390431,32142,9719,37392,711480,748873,187324
2022-10-13,2022,10,13,port1188,Shanghai,China,CHN,29,44,18,3,22,94,116,86297,265429,14428,2224,95648,368379,464027,226292,457198,19416,1462,51972,704370,756342,187325
2020-09-13,2020,9,13,port1188,Shanghai,China,CHN,30,33,13,3,22,79,101,392896,284178,25320,547,122399,702942,825342,303473,262381,14119,5580,53315,585555,638871,187326
2022-10-14,2022,10,14,port1188,Shanghai,China,CHN,33,27,12,4,20,76,96,515732,405803,23168,1621,99333,946324,1045658,234349,125380,7273,9667,16812,376670,393482,187327
2020-09-14,2020,9,14,port1188,Shanghai,China,CHN,35,33,25,6,31,99,130,191968,201316,38062,1226,31628,432574,464203,266943,288095,24896,5485,159572,585421,744994,187328
2022-10-15,2022,10,15,port1188,Shanghai,China,CHN,33,31,11,7,16,82,98,242685,420578,15721,4296,96010,683282,779293,283241,72763,13166,7006,71912,376178,448090,187329
2020-09-15,2020,9,15,port1188,Shanghai,China,CHN,38,38,17,6,30,99,129,743781,490484,27597,3197,59234,1265060,1324295,466948,223258,10346,2924,136505,703478,839984,187330
2022-10-16,2022,10,16,port1188,Shanghai,China,CHN,34,39,14,3,21,90,111,146794,572629,14591,2194,41127,736210,777337,243889,503057,41040,4408,104171,792395,896567,187331
2020-09-16,2020,9,16,port1188,Shanghai,China,CHN,24,46,20,3,35,93,128,286061,458361,21069,0,92943,765493,858436,215434,565709,24198,3300,77853,808642,886495,187332
2022-10-17,2022,10,17,port1188,Shanghai,China,CHN,36,31,6,3,19,76,95,284198,383871,4326,408,36473,672804,709277,289370,261183,4539,4067,21635,559160,580796,187333
2020-09-17,2020,9,17,port1188,Shanghai,China,CHN,36,39,19,5,30,99,129,464800,483464,36739,2366,101070,987370,1088440,246823,274373,11925,6668,73927,539791,613718,187334
2022-10-18,2022,10,18,port1188,Shanghai,China,CHN,32,42,8,8,13,90,103,268335,461402,27378,4524,79624,761641,841265,230326,322468,3920,9194,54436,565911,620348,187335
2020-09-18,2020,9,18,port1188,Shanghai,China,CHN,30,39,17,6,24,92,116,145505,386423,31581,1910,46613,565421,612034,371112,133546,18830,2924,45992,526413,572406,187336
2022-10-19,2022,10,19,port1188,Shanghai,China,CHN,24,33,16,4,18,77,95,187091,286616,30495,4005,34290,508208,542499,283255,199478,14452,9630,39220,506816,546037,187337
2020-09-19,2020,9,19,port1188,Shanghai,China,CHN,29,46,13,4,33,92,125,324083,317497,8746,1979,37780,652306,690087,312103,423547,22210,5891,88654,763753,852407,187338
2022-10-20,2022,10,20,port1188,Shanghai,China,CHN,26,45,16,4,14,91,105,483816,482769,26871,817,58290,994276,1052566,240957,351145,28899,5045,162309,626048,788357,187339
2020-09-20,2020,9,20,port1188,Shanghai,China,CHN,29,46,13,4,26,92,118,120543,260167,20801,5140,83387,406653,490040,275143,263333,21897,1915,62303,562289,624593,187340
2022-10-21,2022,10,21,port1188,Shanghai,China,CHN,35,26,12,3,19,76,95,239584,299923,14810,756,47022,555074,602097,287130,60416,18329,1409,15665,367285,382951,187341
2020-09-21,2020,9,21,port1188,Shanghai,China,CHN,33,42,25,6,27,106,133,258394,297136,38461,1635,80074,595626,675701,243811,380818,16592,11028,72648,652250,724899,187342
2022-10-22,2022,10,22,port1188,Shanghai,China,CHN,34,34,8,5,13,81,94,271515,389168,2261,1010,19154,663956,683110,208526,348522,6415,6131,12901,569595,582497,187343
2020-09-22,2020,9,22,port1188,Shanghai,China,CHN,30,49,21,4,24,104,128,197817,485299,28015,3574,103600,714706,818306,270533,529746,28872,2924,64167,832077,896244,187344
2022-10-23,2022,10,23,port1188,Shanghai,China,CHN,31,26,7,6,19,70,89,430603,51983,8817,6131,30347,497537,527884,318400,273716,9559,4973,107784,606649,714434,187345
2020-09-23,2020,9,23,port1188,Shanghai,China,CHN,30,36,19,5,34,90,124,274804,442892,16126,855,49766,734679,784446,295817,271166,14096,3515,186014,584596,770611,187346
2022-10-24,2022,10,24,port1188,Shanghai,China,CHN,38,24,12,4,26,78,104,418811,251127,26993,817,71295,697749,769045,241815,144728,12705,11575,23530,410824,434354,187347
2020-09-24,2020,9,24,port1188,Shanghai,China,CHN,39,35,19,7,35,100,135,460850,213578,17169,1981,82508,693580,776089,242339,362260,41146,7371,129936,653118,783054,187348
2022-10-25,2022,10,25,port1188,Shanghai,China,CHN,38,41,20,4,14,103,117,450398,597632,43545,408,31899,1091986,1123886,344315,378805,9913,5907,10443,738941,749385,187349
2020-09-25,2020,9,25,port1188,Shanghai,China,CHN,31,36,10,6,34,83,117,235841,263510,12769,1264,65373,513386,578760,460326,230994,22956,9923,120932,724201,845133,187350
2022-10-26,2022,10,26,port1188,Shanghai,China,CHN,33,31,9,8,22,81,103,258892,216883,5363,3349,32793,484488,517282,259684,255342,13409,9549,76790,537985,614775,187351
2020-09-26,2020,9,26,port1188,Shanghai,China,CHN,27,45,24,3,25,99,124,260711,428547,22838,2234,49588,714333,763921,222545,338408,52018,5573,81178,618546,699724,187352
2022-10-27,2022,10,27,port1188,Shanghai,China,CHN,36,35,15,5,30,91,121,179595,633043,13064,1326,182564,827029,1009594,355783,253815,27673,5933,59534,643206,702740,187353
2020-09-27,2020,9,27,port1188,Shanghai,China,CHN,26,33,11,5,21,75,96,227716,225514,20267,956,47705,474454,522160,315977,119397,8170,7906,67334,451452,518786,187354
2022-10-28,2022,10,28,port1188,Shanghai,China,CHN,50,45,9,5,27,109,136,641560,522271,8223,10774,167706,1182830,1350537,229029,200388,8487,11715,39645,449620,489265,187355
2020-09-28,2020,9,28,port1188,Shanghai,China,CHN,44,43,27,5,29,119,148,369598,577714,57800,5441,58562,1010555,1069117,431918,470469,33357,2924,105885,938670,1044555,187356
2022-10-29,2022,10,29,port1188,Shanghai,China,CHN,33,38,12,4,24,87,111,286288,455923,10111,0,135555,752323,887878,445197,283881,16939,19998,81406,766016,847423,187357
2020-09-29,2020,9,29,port1188,Shanghai,China,CHN,35,35,14,3,29,87,116,127193,471678,24121,601,142416,623594,766010,404324,379995,21554,1462,225741,807337,1033079,187358
2022-10-30,2022,10,30,port1188,Shanghai,China,CHN,35,46,14,2,14,97,111,206299,544814,20103,408,28467,771625,800093,413580,192203,11982,2478,44715,620245,664960,187359
2020-09-30,2020,9,30,port1188,Shanghai,China,CHN,35,52,15,4,34,106,140,237952,579714,24581,2994,81982,845242,927225,516576,269830,17264,5297,87719,808969,896688,187360
2022-10-31,2022,10,31,port1188,Shanghai,China,CHN,42,42,10,5,25,99,124,123702,589523,16105,5969,123932,735301,859234,495879,350491,5282,6489,14285,858143,872428,187361
2020-10-01,2020,10,1,port1188,Shanghai,China,CHN,31,31,13,4,24,79,103,327158,475302,17432,4849,82738,824742,907480,339068,58033,5698,4387,58594,407186,465781,187362
2022-11-01,2022,11,1,port1188,Shanghai,China,CHN,30,28,18,7,23,83,106,399520,325208,25459,3756,69609,753944,823554,327363,180722,20036,11821,10605,539944,550549,187363
2020-10-02,2020,10,2,port1188,Shanghai,China,CHN,25,36,9,4,31,74,105,113477,485974,7285,817,76646,607555,684201,437880,124483,13930,2924,35102,579219,614322,187364
2022-11-02,2022,11,2,port1188,Shanghai,China,CHN,28,39,15,6,23,88,111,234997,434807,36891,2957,78938,709654,788592,313145,238876,9310,18600,27747,579933,607680,187365
2020-10-03,2020,10,3,port1188,Shanghai,China,CHN,29,27,12,5,32,73,105,176618,176100,11183,3079,61267,366980,428248,360930,444645,8453,7391,42562,821421,863983,187366
2022-11-03,2022,11,3,port1188,Shanghai,China,CHN,34,36,13,3,25,86,111,342386,419505,19669,2159,52112,783720,835832,284281,142909,16651,2924,70062,446766,516829,187367
2020-10-04,2020,10,4,port1188,Shanghai,China,CHN,32,30,14,2,19,78,97,151544,249859,20430,1378,21769,423213,444982,391232,97438,17810,0,49554,506481,556036,187368
2022-11-04,2022,11,4,port1188,Shanghai,China,CHN,30,43,13,5,18,91,109,326742,250915,25713,2156,79291,605528,684819,375234,292787,8057,7552,11295,683632,694927,187369
2020-10-05,2020,10,5,port1188,Shanghai,China,CHN,38,42,18,6,22,104,126,301526,317778,10722,3987,70685,634015,704700,361688,420194,20877,3324,53345,806084,859430,187370
2022-11-05,2022,11,5,port1188,Shanghai,China,CHN,35,39,9,5,24,88,112,209225,136929,10639,275,32400,357070,389470,225111,296369,16611,11823,70187,549915,620103,187371
2020-10-06,2020,10,6,port1188,Shanghai,China,CHN,36,53,18,3,27,110,137,460012,436781,37360,817,44637,934972,979610,357721,252722,9335,3679,36623,623458,660082,187372
2022-11-06,2022,11,6,port1188,Shanghai,China,CHN,32,26,12,6,15,76,91,336374,224302,6327,817,103050,567822,670872,442514,192780,24648,15266,76442,675209,751652,187373
2020-10-07,2020,10,7,port1188,Shanghai,China,CHN,26,32,15,5,17,78,95,415779,150428,37877,629,45445,604714,650159,282308,492035,10153,12869,70659,797367,868026,187374
2022-11-07,2022,11,7,port1188,Shanghai,China,CHN,40,43,14,7,29,104,133,428684,997891,15258,7534,143241,1449368,1592609,402692,249606,23005,1961,12519,677265,689785,187375
2020-10-08,2020,10,8,port1188,Shanghai,China,CHN,36,35,17,4,19,92,111,423999,203981,45350,3067,37648,676398,714047,260110,201455,9091,2924,10362,473582,483945,187376
2022-11-08,2022,11,8,port1188,Shanghai,China,CHN,37,43,16,6,22,102,124,334848,509740,16605,1226,95477,862421,957898,247402,326769,25335,11734,29009,611242,640252,187377
2020-10-09,2020,10,9,port1188,Shanghai,China,CHN,30,42,9,4,29,85,114,763503,264541,8490,922,72986,1037457,1110444,166959,247510,12928,3451,32466,430849,463315,187378
2022-11-09,2022,11,9,port1188,Shanghai,China,CHN,41,37,9,5,19,92,111,169580,303535,21930,3793,37922,498839,536762,698340,356364,9943,11064,126096,1075712,1201808,187379
2020-10-10,2020,10,10,port1188,Shanghai,China,CHN,24,38,10,4,14,76,90,398915,368998,30891,1226,36794,800032,836826,106142,334211,1960,4387,21902,446701,468603,187380
2022-11-10,2022,11,10,port1188,Shanghai,China,CHN,31,22,7,4,9,64,73,383766,205473,22268,2538,54730,614046,668777,307627,60981,4515,0,10370,373124,383494,187381
2020-10-11,2020,10,11,port1188,Shanghai,China,CHN,25,42,15,3,27,85,112,375853,309156,14408,547,79477,699965,779442,264210,309079,34818,3560,86398,611669,698067,187382
2022-11-11,2022,11,11,port1188,Shanghai,China,CHN,28,43,15,4,18,90,108,292192,860020,48027,3048,69343,1203288,1272631,288105,268557,13685,5001,37697,575350,613047,187383
2020-10-12,2020,10,12,port1188,Shanghai,China,CHN,31,41,12,4,25,88,113,345235,377241,12056,2456,40840,736988,777829,195776,140216,18994,0,33599,354987,388587,187384
2022-11-12,2022,11,12,port1188,Shanghai,China,CHN,32,33,16,4,26,85,111,293738,334940,28035,817,82620,657532,740153,255605,229110,22757,11044,23801,518517,542318,187385
2020-10-13,2020,10,13,port1188,Shanghai,China,CHN,28,36,11,7,18,82,100,265153,582500,23637,3429,104258,874721,978979,306255,228229,7310,1462,10129,543258,553387,187386
2022-11-13,2022,11,13,port1188,Shanghai,China,CHN,48,31,18,5,28,102,130,488210,508414,28164,2256,140400,1027046,1167446,326060,43216,39353,3288,75591,411918,487509,187387
2020-10-14,2020,10,14,port1188,Shanghai,China,CHN,27,35,16,4,25,82,107,358153,434298,33994,1924,94686,828371,923057,210887,227054,16496,6770,14294,461208,475502,187388
2022-11-14,2022,11,14,port1188,Shanghai,China,CHN,38,53,11,3,18,105,123,221118,909571,41334,817,84445,1172841,1257287,396742,202016,394,5481,44454,604634,649088,187389
2020-10-15,2020,10,15,port1188,Shanghai,China,CHN,34,43,8,4,26,89,115,311930,495570,17092,2344,56782,826937,883720,293894,344398,11949,2924,65648,653167,718816,187390
2022-11-15,2022,11,15,port1188,Shanghai,China,CHN,36,43,17,7,31,103,134,306777,485649,22406,1635,112657,816469,929126,301020,89220,17914,19226,71426,427381,498808,187391
2020-10-16,2020,10,16,port1188,Shanghai,China,CHN,37,40,14,2,26,93,119,281622,223283,19005,817,38117,524728,562846,368028,186759,10013,2924,145581,567726,713307,187392
2020-10-17,2020,10,17,port1188,Shanghai,China,CHN,37,39,26,6,25,108,133,316492,200996,22072,6031,46790,545592,592383,308355,295173,28150,5633,83324,637312,720637,187393
2022-11-16,2022,11,16,port1188,Shanghai,China,CHN,30,37,6,7,22,80,102,475061,637453,3422,3931,39477,1119868,1159345,229533,170392,5303,6927,27274,412156,439430,187394
2020-10-18,2020,10,18,port1188,Shanghai,China,CHN,29,43,13,5,26,90,116,273959,478100,18835,2281,44706,773176,817883,280379,247093,30149,4998,207190,562622,769812,187395
2022-11-17,2022,11,17,port1188,Shanghai,China,CHN,39,29,13,4,18,85,103,256780,347159,17434,779,64047,622154,686202,455702,118570,12948,1846,20241,589068,609309,187396
2020-10-19,2020,10,19,port1188,Shanghai,China,CHN,42,39,16,5,25,102,127,461951,448808,13677,408,29466,924846,954312,343331,212670,23337,12435,120556,591775,712332,187397
2022-11-18,2022,11,18,port1188,Shanghai,China,CHN,37,33,8,3,30,81,111,487919,312666,45104,515,87962,846204,934167,390781,80785,1314,4133,150978,477016,627994,187398
2020-10-20,2020,10,20,port1188,Shanghai,China,CHN,32,34,17,5,20,88,108,282001,244469,17399,817,129549,544688,674237,234621,103657,19752,7941,20439,365972,386411,187399
2022-11-19,2022,11,19,port1188,Shanghai,China,CHN,37,29,13,3,18,82,100,288973,470960,15587,919,41929,776442,818371,265542,123477,17956,4380,60934,411357,472291,187400
2020-10-21,2020,10,21,port1188,Shanghai,China,CHN,29,42,17,5,32,93,125,506164,418029,15531,1226,53075,940951,994027,399183,182535,27850,10228,65660,619797,685458,187401
2022-11-20,2022,11,20,port1188,Shanghai,China,CHN,39,25,15,6,20,85,105,470306,238067,18259,817,49183,727451,776635,307232,66219,23636,8352,47675,405441,453117,187402
2020-10-22,2020,10,22,port1188,Shanghai,China,CHN,35,39,15,3,25,92,117,479907,277669,31472,1226,67718,790277,857995,384417,126028,26028,4387,44778,540862,585640,187403
2022-11-21,2022,11,21,port1188,Shanghai,China,CHN,31,41,16,6,16,94,110,262040,569812,28130,2569,32483,862553,895036,304137,174045,11129,4387,17287,493700,510988,187404
2020-10-23,2020,10,23,port1188,Shanghai,China,CHN,32,48,17,7,26,104,130,239317,155945,36402,817,44288,432482,476770,340374,397964,5688,9401,83228,753428,836657,187405
2022-11-22,2022,11,22,port1188,Shanghai,China,CHN,41,37,17,4,21,99,120,222707,445621,57226,1936,65438,727491,792929,405688,242013,23022,4526,98896,675252,774148,187406
2020-10-24,2020,10,24,port1188,Shanghai,China,CHN,31,47,16,6,25,100,125,144427,544259,15383,1226,26302,705296,731598,453423,349659,10325,9754,183989,823163,1007153,187407
2022-11-23,2022,11,23,port1188,Shanghai,China,CHN,38,40,10,4,26,92,118,315530,377593,10365,4760,124604,708250,832854,355653,220242,5259,5933,121183,587089,708273,187408
2020-10-25,2020,10,25,port1188,Shanghai,China,CHN,31,38,11,4,23,84,107,351199,296555,7081,817,67304,655655,722959,298817,331885,7079,2924,79565,640707,720272,187409
2022-11-24,2022,11,24,port1188,Shanghai,China,CHN,36,44,18,5,21,103,124,442678,724487,21854,2699,54164,1191720,1245885,414981,231955,17792,5168,91995,669898,761894,187410
2020-10-26,2020,10,26,port1188,Shanghai,China,CHN,32,39,20,8,22,99,121,176131,278819,28524,3184,94231,486659,580891,272947,448608,27536,8042,102561,757135,859696,187411
2022-11-25,2022,11,25,port1188,Shanghai,China,CHN,28,40,21,4,16,93,109,323371,628937,38521,1919,37657,992749,1030407,262180,243628,27094,3827,2910,536730,539640,187412
2020-10-27,2020,10,27,port1188,Shanghai,China,CHN,26,47,11,5,20,89,109,254203,639960,11200,817,44705,906182,950887,164995,316669,15731,2997,67120,500394,567514,187413
2022-11-26,2022,11,26,port1188,Shanghai,China,CHN,36,36,14,7,25,93,118,471059,522051,16921,4188,151111,1014220,1165332,291558,348632,8754,12747,7406,661693,669100,187414
2020-10-28,2020,10,28,port1188,Shanghai,China,CHN,32,46,16,3,30,97,127,223110,196562,14462,1745,49309,435880,485189,311234,241681,26873,2924,46892,582715,629607,187415
2022-11-27,2022,11,27,port1188,Shanghai,China,CHN,39,36,7,2,18,84,102,429641,329044,4731,0,121843,763418,885261,356179,235060,11147,10788,50264,613175,663439,187416
2020-10-29,2020,10,29,port1188,Shanghai,China,CHN,35,41,21,2,23,99,122,253872,522996,50325,2970,98231,830163,928394,421227,239025,15022,1462,78217,676737,754955,187417
2022-11-28,2022,11,28,port1188,Shanghai,China,CHN,38,29,13,2,25,82,107,189215,427284,17115,408,142768,634025,776793,308290,225242,12912,5228,25564,551673,577238,187418
2020-10-30,2020,10,30,port1188,Shanghai,China,CHN,32,58,24,3,34,117,151,443571,428959,17093,2192,119804,891816,1011620,387140,442326,35723,2348,141902,867538,1009441,187419
2022-11-29,2022,11,29,port1188,Shanghai,China,CHN,16,23,6,2,15,47,62,141191,149140,5712,408,25025,296453,321478,101722,138729,2173,4255,9486,246880,256366,187420
2020-10-31,2020,10,31,port1188,Shanghai,China,CHN,34,45,11,3,23,93,116,250658,554361,10948,3875,85926,819843,905769,401768,196418,5486,1462,87423,605135,692559,187421
2022-11-30,2022,11,30,port1188,Shanghai,China,CHN,38,31,9,5,22,83,105,325885,434903,30681,3349,72286,794820,867106,343463,120954,7052,8630,9704,480100,489804,187422
2020-11-01,2020,11,1,port1188,Shanghai,China,CHN,32,43,21,5,29,101,130,474374,170909,28536,0,50154,673821,723975,258707,297336,35820,6850,71809,598715,670524,187423
2022-12-01,2022,12,1,port1188,Shanghai,China,CHN,34,46,20,4,19,104,123,212448,314076,28879,408,52181,555812,607993,333152,296874,10228,6771,78621,647027,725648,187424
2020-11-02,2020,11,2,port1188,Shanghai,China,CHN,31,44,18,8,28,101,129,459267,190047,21075,3184,117485,673575,791061,309469,314905,18353,8454,32300,651182,683482,187425
2022-12-02,2022,12,2,port1188,Shanghai,China,CHN,29,41,14,4,29,88,117,262441,366315,17183,817,68668,646757,715426,276160,175933,18790,7532,102637,478416,581053,187426
2020-11-03,2020,11,3,port1188,Shanghai,China,CHN,28,38,13,4,27,83,110,194574,310879,10254,817,63826,516525,580352,328553,330693,27047,3511,86344,689805,776150,187427
2022-12-03,2022,12,3,port1188,Shanghai,China,CHN,23,22,12,3,12,60,72,563076,133240,19678,408,30456,716404,746860,133574,84287,12149,3428,39239,233439,272679,187428
2020-11-04,2020,11,4,port1188,Shanghai,China,CHN,32,53,19,5,31,109,140,290364,381798,35975,408,43362,708548,751910,433630,533495,18343,5077,59848,990547,1050395,187429
2022-12-04,2022,12,4,port1188,Shanghai,China,CHN,35,33,5,1,10,74,84,220446,205425,5151,3818,38280,434842,473122,209722,382599,4753,0,5390,597075,602465,187430
2020-11-05,2020,11,5,port1188,Shanghai,China,CHN,37,39,17,4,27,97,124,119012,624025,17843,855,39728,761736,801465,409552,225071,16653,4679,31153,655957,687110,187431
2022-12-05,2022,12,5,port1188,Shanghai,China,CHN,36,47,21,7,26,111,137,141498,620222,21438,1226,79030,784386,863417,544200,172534,32380,11949,41770,761064,802834,187432
2020-11-06,2020,11,6,port1188,Shanghai,China,CHN,32,36,19,6,25,93,118,245451,356676,22527,5719,66538,630375,696913,235069,146234,22115,5201,141051,408621,549672,187433
2022-12-06,2022,12,6,port1188,Shanghai,China,CHN,31,37,14,5,26,87,113,330706,501381,22577,1994,105662,856659,962322,262865,88534,18646,2924,29157,372971,402128,187434
2020-11-07,2020,11,7,port1188,Shanghai,China,CHN,43,36,16,6,28,101,129,447110,234223,9035,408,94544,690777,785322,474762,130376,12012,3205,74198,620357,694556,187435
2020-11-08,2020,11,8,port1188,Shanghai,China,CHN,32,44,18,4,21,98,119,513650,229577,22196,408,87279,765832,853112,433327,485945,14901,4821,48779,938995,987774,187436
2022-12-07,2022,12,7,port1188,Shanghai,China,CHN,37,23,18,6,23,84,107,339830,112118,24922,2326,38637,479197,517835,311758,296775,15358,20309,39054,644200,683255,187437
2020-11-09,2020,11,9,port1188,Shanghai,China,CHN,28,42,18,8,23,96,119,219170,433707,17604,1828,66942,672310,739253,274046,222765,16333,10166,56135,523311,579447,187438
2022-12-08,2022,12,8,port1188,Shanghai,China,CHN,27,36,16,3,32,82,114,293698,482690,20973,817,137840,798180,936020,134326,302241,13274,2924,61949,452767,514717,187439
2020-11-10,2020,11,10,port1188,Shanghai,China,CHN,36,41,14,6,29,97,126,279822,292637,21571,1226,67408,595257,662666,320710,278730,12588,4460,46166,616490,662656,187440
2022-12-09,2022,12,9,port1188,Shanghai,China,CHN,37,31,12,6,10,86,96,170952,303807,4126,2404,21677,481290,502968,591882,228566,22380,5307,9295,848137,857432,187441
2020-11-11,2020,11,11,port1188,Shanghai,China,CHN,31,41,20,4,30,96,126,311821,172139,24062,5694,62957,513717,576674,363891,250105,28627,1462,122549,644088,766637,187442
2022-12-10,2022,12,10,port1188,Shanghai,China,CHN,36,35,8,5,23,84,107,382731,229974,14553,3116,90519,630374,720894,265616,195116,8338,4327,50518,473399,523918,187443
2020-11-12,2020,11,12,port1188,Shanghai,China,CHN,41,49,19,4,21,113,134,365015,546450,25386,4518,143282,941370,1084653,369764,175805,14528,7892,48874,567990,616865,187444
2022-12-11,2022,12,11,port1188,Shanghai,China,CHN,35,23,19,4,14,81,95,294665,412171,6353,1226,56135,714417,770552,436532,207485,30789,5149,9702,679957,689660,187445
2020-11-13,2020,11,13,port1188,Shanghai,China,CHN,35,49,14,6,22,104,126,467896,264504,10521,3628,36586,746550,783137,217875,474576,23897,1462,80392,717811,798204,187446
2022-12-12,2022,12,12,port1188,Shanghai,China,CHN,37,43,18,4,34,102,136,277653,650886,60454,5545,161834,994539,1156374,281582,426556,32051,7330,113813,747521,861335,187447
2020-11-14,2020,11,14,port1188,Shanghai,China,CHN,33,39,15,5,30,92,122,435644,460690,26077,1226,158428,923639,1082067,297348,292445,33097,5896,64100,628787,692888,187448
2022-12-13,2022,12,13,port1188,Shanghai,China,CHN,35,31,7,3,27,76,103,330419,256404,6473,817,135205,594115,729321,196222,360325,14290,6006,70035,576844,646880,187449
2020-11-15,2020,11,15,port1188,Shanghai,China,CHN,28,42,19,4,29,93,122,250284,387147,30152,3766,71427,671351,742779,270325,280370,28825,2924,94073,582446,676519,187450
2022-12-14,2022,12,14,port1188,Shanghai,China,CHN,37,41,14,4,18,96,114,120858,257757,14175,5303,77127,398095,475222,491001,188129,9097,7690,59790,695918,755709,187451
2020-11-16,2020,11,16,port1188,Shanghai,China,CHN,38,47,17,6,34,108,142,421457,400702,35463,6086,92722,863710,956432,387875,259521,7457,5579,149328,660435,809763,187452
2022-12-15,2022,12,15,port1188,Shanghai,China,CHN,34,38,13,2,17,87,104,411926,157203,24394,1117,97542,594642,692184,452906,197960,9202,4008,14026,664078,678104,187453
2020-11-17,2020,11,17,port1188,Shanghai,China,CHN,31,53,16,5,26,105,131,273626,430663,29663,2400,40635,736352,776988,289515,287427,13244,4387,50293,594575,644869,187454
2022-12-16,2022,12,16,port1188,Shanghai,China,CHN,38,35,10,6,16,89,105,240284,252199,18717,1497,32040,512699,544739,288034,209404,9265,9338,19674,516042,535716,187455
2020-11-18,2020,11,18,port1188,Shanghai,China,CHN,32,32,15,5,32,84,116,268263,219486,27783,817,79101,516351,595453,470998,322686,12527,2924,187317,809137,996454,187456
2022-12-17,2022,12,17,port1188,Shanghai,China,CHN,19,27,3,0,12,49,61,187286,169796,1438,0,8943,358521,367464,118683,91905,4206,0,76811,214795,291607,187457
2020-11-19,2020,11,19,port1188,Shanghai,China,CHN,39,42,15,3,26,99,125,600784,563740,10491,1434,65908,1176451,1242360,403944,252886,12227,5031,56494,674089,730584,187458
2022-12-18,2022,12,18,port1188,Shanghai,China,CHN,30,37,13,5,17,85,102,276124,247927,9862,5257,42984,539172,582157,364842,465698,16816,5936,17843,853293,871136,187459
2020-11-20,2020,11,20,port1188,Shanghai,China,CHN,34,43,18,4,26,99,125,431571,404615,33061,408,12113,869657,881771,257587,159100,23835,1535,293657,442059,735716,187460
2022-12-19,2022,12,19,port1188,Shanghai,China,CHN,31,45,16,5,29,97,126,254866,379164,23860,1886,92105,659777,751883,292904,286107,9573,9350,86353,597936,684290,187461
2020-11-21,2020,11,21,port1188,Shanghai,China,CHN,33,40,11,5,11,89,100,368377,403919,10298,1849,15355,784444,799799,268354,252606,9644,2320,7420,532925,540346,187462
2022-12-20,2022,12,20,port1188,Shanghai,China,CHN,31,34,9,7,17,81,98,292182,404238,9590,1252,38547,707263,745810,266583,281405,7688,18782,81134,574459,655593,187463
2020-11-22,2020,11,22,port1188,Shanghai,China,CHN,31,30,12,2,26,75,101,351443,276103,24197,408,94585,652154,746739,361298,204963,14082,4456,77263,584800,662064,187464
2022-12-21,2022,12,21,port1188,Shanghai,China,CHN,31,42,16,2,23,91,114,305173,393526,22840,408,106199,721949,828148,214789,332021,26612,2583,76269,576006,652276,187465
2020-11-23,2020,11,23,port1188,Shanghai,China,CHN,41,39,23,10,26,113,139,316242,503909,44165,3374,115427,867691,983118,401399,353583,19158,8261,112233,782401,894635,187466
2022-12-22,2022,12,22,port1188,Shanghai,China,CHN,19,27,9,1,12,56,68,139389,208589,12130,0,34248,360109,394358,351780,114940,16723,2334,20214,485779,505994,187467
2020-11-24,2020,11,24,port1188,Shanghai,China,CHN,26,44,15,4,21,89,110,126382,388109,20046,408,43766,534947,578713,370342,383366,15783,1462,32873,770954,803828,187468
2022-12-23,2022,12,23,port1188,Shanghai,China,CHN,30,31,10,5,23,76,99,284724,331220,4591,1910,45475,622446,667922,278393,68178,17129,3950,41389,367651,409041,187469
2020-11-25,2020,11,25,port1188,Shanghai,China,CHN,30,39,18,6,28,93,121,299316,306436,31571,1048,70313,638372,708685,295624,334501,9538,8933,25058,648597,673656,187470
2022-12-24,2022,12,24,port1188,Shanghai,China,CHN,28,31,7,6,17,72,89,181881,392396,19960,6113,24741,600352,625093,356350,320149,11495,7021,58782,695016,753799,187471
2020-11-26,2020,11,26,port1188,Shanghai,China,CHN,32,34,18,3,31,87,118,418704,287322,37710,408,60989,744146,805136,322636,209037,17472,1462,82969,550608,633577,187472
2022-12-25,2022,12,25,port1188,Shanghai,China,CHN,30,35,12,5,18,82,100,315416,381717,22866,408,109475,720409,829885,355565,260968,10846,6713,45869,634094,679963,187473
2020-11-27,2020,11,27,port1188,Shanghai,China,CHN,34,33,18,4,30,89,119,259968,345747,16194,2366,52683,624277,676960,400303,32167,13629,2924,64885,449025,513910,187474
2022-12-26,2022,12,26,port1188,Shanghai,China,CHN,34,40,14,2,21,90,111,203851,570674,20992,601,102325,796119,898445,335230,227492,20448,1462,19866,584633,604500,187475
2020-11-28,2020,11,28,port1188,Shanghai,China,CHN,29,50,11,5,20,95,115,116722,312045,7361,6651,78667,442781,521449,393828,138319,11669,3827,21349,547644,568994,187476
2022-12-27,2022,12,27,port1188,Shanghai,China,CHN,34,29,8,5,19,76,95,356017,180565,12317,2492,71309,551393,622703,262225,19416,11610,3897,133731,297149,430881,187477
2020-11-29,2020,11,29,port1188,Shanghai,China,CHN,28,35,16,5,27,84,111,185014,381147,12189,1687,133282,580039,713321,284783,241860,13781,4620,17134,545046,562181,187478
2022-12-28,2022,12,28,port1188,Shanghai,China,CHN,33,34,13,4,18,84,102,341141,265054,14884,2315,72033,623396,695430,313837,349434,12489,9789,14365,685552,699917,187479
2020-11-30,2020,11,30,port1188,Shanghai,China,CHN,33,35,19,5,31,92,123,499758,226742,7718,2988,96328,737207,833536,325895,193447,20474,2579,57554,542397,599952,187480
2022-12-29,2022,12,29,port1188,Shanghai,China,CHN,37,28,16,3,18,84,102,350433,93105,10233,1204,56329,454977,511307,532323,183084,31434,1182,13157,748025,761183,187481
2020-12-01,2020,12,1,port1188,Shanghai,China,CHN,37,44,22,4,17,107,124,357862,446607,15265,1949,53587,821685,875273,260226,371796,25091,2997,61233,660112,721346,187482
2022-12-30,2022,12,30,port1188,Shanghai,China,CHN,35,41,10,3,23,89,112,327882,391820,5108,817,69196,725629,794825,306886,298067,17116,5548,82890,627619,710510,187483
2020-12-02,2020,12,2,port1188,Shanghai,China,CHN,35,36,20,7,30,98,128,336250,309390,45348,4433,128626,695423,824049,341601,275813,34975,5820,128809,658210,787020,187484
2022-12-31,2022,12,31,port1188,Shanghai,China,CHN,39,38,14,5,23,96,119,269218,444266,19700,1322,71490,734508,805999,337830,121031,10323,7460,79340,476646,555986,187485
2020-12-03,2020,12,3,port1188,Shanghai,China,CHN,44,42,14,3,24,103,127,491447,495159,31864,5663,120377,1024135,1144513,377291,224614,9193,1462,65981,612561,678543,187486
2023-01-01,2023,1,1,port1188,Shanghai,China,CHN,35,35,13,6,18,89,107,407471,403056,12119,876,38112,823525,861637,128005,345949,26761,15114,55876,515830,571707,187487
2020-12-04,2020,12,4,port1188,Shanghai,China,CHN,32,35,18,6,27,91,118,105745,248982,20195,1508,29035,376431,405466,237057,213922,19184,8484,115406,478648,594054,187488
2023-01-02,2023,1,2,port1188,Shanghai,China,CHN,36,29,14,5,23,84,107,316860,357867,19817,817,81794,695362,777156,291677,187618,22124,5287,38706,506707,545414,187489
2020-12-05,2020,12,5,port1188,Shanghai,China,CHN,32,43,20,6,38,101,139,123556,433663,28631,2758,76419,588609,665028,264106,178665,19698,7388,91217,469859,561076,187490
2023-01-03,2023,1,3,port1188,Shanghai,China,CHN,32,39,12,5,21,88,109,185664,266255,29120,2833,70416,483872,554289,294383,382995,19149,7086,21402,703614,725016,187491
2020-12-06,2020,12,6,port1188,Shanghai,China,CHN,26,40,11,3,20,80,100,88092,304377,12721,0,29562,405191,434754,343638,346697,10412,1187,32207,701935,734143,187492
2023-01-04,2023,1,4,port1188,Shanghai,China,CHN,34,31,15,3,27,83,110,199954,471368,31158,408,104929,702889,807819,229111,192857,9736,4975,61483,436680,498163,187493
2020-12-07,2020,12,7,port1188,Shanghai,China,CHN,36,45,15,6,35,102,137,380520,478956,10471,1999,100841,871947,972789,447173,66627,18547,7398,47889,539747,587636,187494
2023-01-05,2023,1,5,port1188,Shanghai,China,CHN,38,43,15,4,30,100,130,404788,623372,31998,601,90823,1060760,1151583,159190,253152,13464,4526,95790,430334,526125,187495
2020-12-08,2020,12,8,port1188,Shanghai,China,CHN,32,29,13,6,27,80,107,256534,249427,16977,1979,91089,524918,616007,366194,227168,13552,10530,48472,617446,665918,187496
2023-01-06,2023,1,6,port1188,Shanghai,China,CHN,35,46,20,4,19,105,124,490839,345313,34171,5565,102362,875889,978252,307505,277480,37866,9241,23640,632094,655734,187497
2020-12-09,2020,12,9,port1188,Shanghai,China,CHN,31,41,25,3,26,100,126,388073,400412,41144,2261,107580,831892,939473,581059,314437,16816,1462,18330,913776,932106,187498
2023-01-07,2023,1,7,port1188,Shanghai,China,CHN,42,40,9,3,23,94,117,262707,517690,8937,3045,101343,792380,893723,345528,390841,8108,0,54838,744478,799317,187499
2020-12-10,2020,12,10,port1188,Shanghai,China,CHN,33,40,17,5,34,95,129,235690,469344,33837,408,81544,739280,820825,293548,218046,14033,7022,140376,532650,673027,187500
2023-01-08,2023,1,8,port1188,Shanghai,China,CHN,39,40,10,6,19,95,114,81149,189077,18812,601,87027,289639,376667,320399,411671,17777,10439,18188,760287,778476,187501
2020-12-11,2020,12,11,port1188,Shanghai,China,CHN,32,47,12,5,31,96,127,159910,412601,19524,3010,88056,595046,683102,226627,336628,11869,4710,95506,579836,675342,187502
2023-01-09,2023,1,9,port1188,Shanghai,China,CHN,44,44,16,4,35,108,143,330291,839359,18359,408,109557,1188418,1297976,363427,131115,16335,4217,40826,515097,555923,187503
2020-12-12,2020,12,12,port1188,Shanghai,China,CHN,32,40,15,5,20,92,112,209792,455141,35042,2113,67076,702090,769166,309928,45544,22966,9688,74304,388127,462432,187504
2023-01-10,2023,1,10,port1188,Shanghai,China,CHN,41,44,18,7,24,110,134,47562,583922,14497,4402,132051,650385,782436,445097,330015,23056,10307,27441,808477,835919,187505
2020-12-13,2020,12,13,port1188,Shanghai,China,CHN,31,36,12,2,24,81,105,410522,291140,20591,1304,85817,723558,809376,400871,199040,33150,0,58116,633063,691179,187506
2023-01-11,2023,1,11,port1188,Shanghai,China,CHN,28,36,16,2,23,82,105,75311,239880,34963,273,91121,350429,441550,372476,107777,7557,3401,70880,491213,562094,187507
2020-12-14,2020,12,14,port1188,Shanghai,China,CHN,31,29,8,2,4,70,74,212229,54854,5103,408,18121,272596,290718,247741,127807,12428,1462,9203,389440,398644,187508
2023-01-12,2023,1,12,port1188,Shanghai,China,CHN,6,7,2,3,14,18,32,94215,33762,1438,192,29847,129609,159456,106806,44695,2104,10234,11679,163840,175520,187509
2020-12-15,2020,12,15,port1188,Shanghai,China,CHN,32,38,8,7,5,85,90,202313,299688,14535,1226,23651,517765,541416,351892,139520,6158,10527,11307,508099,519406,187510
2023-01-13,2023,1,13,port1188,Shanghai,China,CHN,0,1,0,2,1,3,4,0,3449,0,408,11508,3858,15366,0,0,0,2009,877,2009,2887,187511
2020-12-16,2020,12,16,port1188,Shanghai,China,CHN,38,58,14,5,18,115,133,247174,463327,18280,3567,25465,732350,757816,432324,296255,9419,4011,35923,742010,777934,187512
2023-01-14,2023,1,14,port1188,Shanghai,China,CHN,45,68,21,6,38,140,178,97259,498369,11427,1062,103517,608119,711636,346542,738795,56901,3746,152891,1145986,1298878,187513
2020-12-17,2020,12,17,port1188,Shanghai,China,CHN,28,42,24,5,29,99,128,511336,456338,40787,1919,31692,1010382,1042074,360462,190243,19444,3983,158368,574133,732501,187514
2023-01-15,2023,1,15,port1188,Shanghai,China,CHN,40,23,9,5,16,77,93,169850,214452,5059,5319,29850,394681,424531,346498,44473,9820,5688,34597,406480,441078,187515
2020-12-18,2020,12,18,port1188,Shanghai,China,CHN,39,29,15,6,34,89,123,400630,206857,14970,817,91872,623276,715148,291116,143208,21745,8911,112558,464982,577540,187516
2023-01-16,2023,1,16,port1188,Shanghai,China,CHN,41,47,20,5,27,113,140,145911,467393,54121,820,53962,668246,722209,461887,167615,20990,9525,19197,660017,679215,187517
2020-12-19,2020,12,19,port1188,Shanghai,China,CHN,36,41,14,8,36,99,135,339037,272782,28178,3683,88714,643681,732396,368075,262933,13362,5849,32830,650221,683051,187518
2023-01-17,2023,1,17,port1188,Shanghai,China,CHN,34,39,17,5,17,95,112,132863,290761,16845,5594,55004,446064,501068,431042,140720,35559,3829,23443,611152,634595,187519
2020-12-20,2020,12,20,port1188,Shanghai,China,CHN,22,40,24,3,21,89,110,78033,309834,27483,0,16617,415351,431968,243488,240236,32635,3547,69545,519907,589452,187520
2023-01-18,2023,1,18,port1188,Shanghai,China,CHN,33,33,15,5,25,86,111,102766,341114,9934,408,58204,454225,512429,317161,223950,22609,11653,56929,575374,632303,187521
2023-01-19,2023,1,19,port1188,Shanghai,China,CHN,36,41,14,5,26,96,122,308231,436847,17661,2283,40935,765023,805959,354854,263584,26436,1978,54294,646853,701147,187522
2020-12-21,2020,12,21,port1188,Shanghai,China,CHN,38,51,23,6,37,118,155,356532,564471,25660,1638,152453,948302,1100756,304579,449560,20839,3200,177660,778180,955840,187523
2023-01-20,2023,1,20,port1188,Shanghai,China,CHN,33,43,16,7,26,99,125,181350,289139,20342,2826,49494,493658,543153,243311,274673,32588,16109,45271,566683,611954,187524
2020-12-22,2020,12,22,port1188,Shanghai,China,CHN,30,40,16,7,30,93,123,161909,466096,23305,4084,73015,655396,728412,283587,211968,9885,14937,84510,520379,604889,187525
2023-01-21,2023,1,21,port1188,Shanghai,China,CHN,31,31,9,4,16,75,91,172985,165008,13259,4199,39814,355452,395267,266199,197902,5878,6616,15921,476597,492519,187526
2020-12-23,2020,12,23,port1188,Shanghai,China,CHN,32,38,10,6,25,86,111,227682,450814,14844,1796,79095,695138,774234,332347,183392,13346,13131,67156,542219,609375,187527
2023-01-22,2023,1,22,port1188,Shanghai,China,CHN,25,43,12,5,15,85,100,30137,275130,2053,772,121301,308093,429394,251429,185609,21300,9466,37873,467806,505679,187528
2020-12-24,2020,12,24,port1188,Shanghai,China,CHN,25,34,16,2,25,77,102,168680,313146,9027,408,101150,491263,592414,306575,359367,22598,1462,54352,690004,744356,187529
2023-01-23,2023,1,23,port1188,Shanghai,China,CHN,33,40,15,0,21,88,109,227720,309373,8376,0,78488,545471,623959,188718,282425,12752,0,9772,483896,493668,187530
2020-12-25,2020,12,25,port1188,Shanghai,China,CHN,35,59,18,4,25,116,141,373272,493593,18248,4172,149615,889287,1038902,211867,316143,12564,6679,66714,547254,613968,187531
2023-01-24,2023,1,24,port1188,Shanghai,China,CHN,21,30,5,4,15,60,75,172508,93592,1752,4497,50542,272350,322893,185625,534180,5103,11648,39645,736557,776203,187532
2020-12-26,2020,12,26,port1188,Shanghai,China,CHN,31,55,17,5,20,108,128,333037,452720,16960,3826,103786,806544,910331,471248,559243,32324,4387,60136,1067204,1127340,187533
2023-01-25,2023,1,25,port1188,Shanghai,China,CHN,29,40,11,5,24,85,109,330548,378982,12794,3399,39261,725725,764987,193256,397236,10331,8865,19252,609689,628942,187534
2020-12-27,2020,12,27,port1188,Shanghai,China,CHN,24,42,17,8,28,91,119,199724,342807,22164,3305,105729,568003,673732,215054,340014,20258,5140,110481,580467,690949,187535
2023-01-26,2023,1,26,port1188,Shanghai,China,CHN,28,31,7,2,19,68,87,274123,251710,4116,2966,69144,532916,602061,221892,190095,15103,0,30466,427092,457558,187536
2020-12-28,2020,12,28,port1188,Shanghai,China,CHN,31,43,15,5,32,94,126,503789,444581,33077,1694,53502,983142,1036644,232518,223766,11045,1826,56073,469157,525230,187537
2023-01-27,2023,1,27,port1188,Shanghai,China,CHN,23,24,9,1,22,57,79,471357,127820,4810,0,77800,603988,681788,159718,102894,14002,3616,42853,280231,323085,187538
2020-12-29,2020,12,29,port1188,Shanghai,China,CHN,15,21,9,3,11,48,59,240935,339823,24416,408,32602,605584,638187,174045,29526,10633,3114,8978,217321,226299,187539
2023-01-28,2023,1,28,port1188,Shanghai,China,CHN,21,44,11,7,19,83,102,313283,420320,5867,2784,95069,742255,837324,68313,406693,12720,4387,22947,492113,515061,187540
2020-12-30,2020,12,30,port1188,Shanghai,China,CHN,4,19,3,1,5,27,32,52752,88488,6647,0,20105,147888,167994,10546,237704,7478,1884,6638,257614,264253,187541
2023-01-29,2023,1,29,port1188,Shanghai,China,CHN,30,40,15,4,25,89,114,322232,249228,25048,817,148363,597327,745691,226096,338645,13819,5492,18030,584053,602084,187542
2020-12-31,2020,12,31,port1188,Shanghai,China,CHN,33,30,15,6,36,84,120,89264,127934,30646,817,100653,248663,349316,395698,322294,19595,5284,146083,742872,888956,187543
2023-01-30,2023,1,30,port1188,Shanghai,China,CHN,34,38,14,2,19,88,107,648785,509932,33256,0,77846,1191973,1269820,187602,222862,12215,6091,66220,428772,494993,187544
2021-01-01,2021,1,1,port1188,Shanghai,China,CHN,34,43,21,4,35,102,137,462791,468018,14443,550,112869,945803,1058672,215131,289022,19728,1018,80877,524901,605779,187545
2023-01-31,2023,1,31,port1188,Shanghai,China,CHN,24,36,16,2,18,78,96,317205,394888,30223,408,26114,742726,768841,103751,241285,31561,7775,27526,384375,411901,187546
2021-01-02,2021,1,2,port1188,Shanghai,China,CHN,33,42,17,9,29,101,130,314905,437865,14376,1010,112886,768157,881043,395404,131316,12560,12907,49131,552190,601321,187547
2023-02-01,2023,2,1,port1188,Shanghai,China,CHN,21,30,7,2,16,60,76,176946,272577,29995,0,71592,479518,551110,104765,307329,13582,7573,65758,433250,499009,187548
2021-01-03,2021,1,3,port1188,Shanghai,China,CHN,33,38,19,4,31,94,125,817122,640382,16993,3808,99031,1478307,1577339,126635,132148,14019,461,194141,273264,467406,187549
2023-02-02,2023,2,2,port1188,Shanghai,China,CHN,25,46,14,4,23,89,112,147981,426027,49682,408,42173,624099,666272,207561,355664,11799,10891,58175,585916,644092,187550
2021-01-04,2021,1,4,port1188,Shanghai,China,CHN,35,39,29,6,43,109,152,237166,442000,31620,7399,86409,718187,804597,334857,142269,7183,4387,114141,488697,602839,187551
2023-02-03,2023,2,3,port1188,Shanghai,China,CHN,29,32,15,4,25,80,105,152521,681382,39825,890,122635,874620,997256,181738,125475,5932,5495,35034,318642,353677,187552
2021-01-05,2021,1,5,port1188,Shanghai,China,CHN,39,55,17,4,28,115,143,207010,585568,13323,1910,48608,807812,856421,306259,383539,16429,4628,106718,710857,817576,187553
2023-02-04,2023,2,4,port1188,Shanghai,China,CHN,27,45,22,5,24,99,123,517636,729225,26603,817,108555,1274284,1382839,289249,106493,37314,15864,63653,448922,512576,187554
2021-01-06,2021,1,6,port1188,Shanghai,China,CHN,23,35,19,3,23,80,103,189685,353277,21680,408,41851,565052,606904,286744,293603,60838,2475,99968,643661,743629,187555
2023-02-05,2023,2,5,port1188,Shanghai,China,CHN,30,33,14,4,17,81,98,177912,625116,14829,446,90719,818305,909025,203832,182527,6767,8783,40065,401911,441976,187556
2021-01-07,2021,1,7,port1188,Shanghai,China,CHN,25,22,5,1,10,53,63,55092,98757,6640,0,27713,160490,188204,355770,162162,4912,1738,56418,524583,581001,187557
2023-02-06,2023,2,6,port1188,Shanghai,China,CHN,30,28,5,5,16,68,84,419901,401249,4875,1226,50065,827253,877318,410003,134873,17676,12370,15969,574924,590893,187558
2021-01-08,2021,1,8,port1188,Shanghai,China,CHN,22,33,9,3,19,67,86,393867,149041,7403,2165,32827,552477,585305,313218,230766,12533,3772,25255,560291,585546,187559
2023-02-07,2023,2,7,port1188,Shanghai,China,CHN,32,43,19,7,33,101,134,655526,490310,35280,2836,51492,1183954,1235446,245416,196582,45310,17471,55856,504780,560637,187560
2023-02-08,2023,2,8,port1188,Shanghai,China,CHN,38,38,11,5,19,92,111,314021,583542,1991,1957,143113,901512,1044625,315502,76213,8988,3780,8113,404484,412598,187561
2023-02-09,2023,2,9,port1188,Shanghai,China,CHN,35,34,20,3,29,92,121,224897,437306,30128,1434,97039,693766,790805,421825,190972,19711,1977,55021,634487,689508,187562
2023-02-10,2023,2,10,port1188,Shanghai,China,CHN,41,26,11,5,25,83,108,206620,308907,10771,408,108668,526708,635376,345625,232176,16305,9756,75630,603863,679494,187563
2023-02-11,2023,2,11,port1188,Shanghai,China,CHN,21,37,11,2,24,71,95,114515,173480,2877,3258,55742,294131,349874,194376,305107,21519,590,80314,521594,601909,187564
2023-02-12,2023,2,12,port1188,Shanghai,China,CHN,33,24,18,7,17,82,99,368802,75836,21491,2312,39846,468443,508289,324235,179144,14520,3724,35280,521625,556905,187565
2023-02-13,2023,2,13,port1188,Shanghai,China,CHN,37,53,13,5,25,108,133,244017,470618,10698,3779,77598,729114,806713,316035,258213,21656,8157,55301,604062,659364,187566
2023-02-14,2023,2,14,port1188,Shanghai,China,CHN,36,30,8,5,14,79,93,379984,234581,11978,2122,78601,628667,707268,282488,159114,9117,13756,57987,464478,522466,187567
2023-02-15,2023,2,15,port1188,Shanghai,China,CHN,41,33,17,3,27,94,121,791866,362668,29334,817,69694,1184687,1254382,337121,335988,27835,4456,36280,705402,741683,187568
2023-02-16,2023,2,16,port1188,Shanghai,China,CHN,29,33,11,5,20,78,98,139147,437516,22894,1091,104351,600650,705002,297190,394452,1510,12928,20867,706082,726950,187569
2023-02-17,2023,2,17,port1188,Shanghai,China,CHN,39,36,15,5,22,95,117,139695,398044,12132,6217,29428,556089,585518,415799,449042,19170,3280,41465,887293,928758,187570
2023-02-18,2023,2,18,port1188,Shanghai,China,CHN,28,28,19,2,12,77,89,301607,150533,11732,0,38647,463873,502521,228198,137927,22397,4420,4422,392943,397365,187571
2023-02-19,2023,2,19,port1188,Shanghai,China,CHN,33,30,19,7,22,89,111,133473,229761,25453,1048,72885,389737,462623,407881,103736,19442,9101,7922,540162,548085,187572
2023-02-20,2023,2,20,port1188,Shanghai,China,CHN,41,32,11,7,21,91,112,340304,513814,7456,1708,75143,863283,938427,378019,227342,14631,7416,32538,627409,659947,187573
2023-02-21,2023,2,21,port1188,Shanghai,China,CHN,34,30,16,8,17,88,105,186619,451104,16166,2589,36263,656480,692743,443890,283619,25829,10004,39904,763343,803248,187574
2023-02-22,2023,2,22,port1188,Shanghai,China,CHN,38,51,12,6,25,107,132,510204,614336,8363,3876,127878,1136780,1264659,417651,410529,24388,1462,28192,854032,882225,187575
2023-02-23,2023,2,23,port1188,Shanghai,China,CHN,30,33,12,2,22,77,99,483364,315638,10823,408,68098,810235,878334,309231,317669,7266,1462,10256,635630,645886,187576
2023-02-24,2023,2,24,port1188,Shanghai,China,CHN,35,29,18,3,26,85,111,205453,425598,36983,787,90663,668822,759486,480086,256039,16330,9553,98066,762010,860076,187577
2023-02-25,2023,2,25,port1188,Shanghai,China,CHN,39,35,9,6,15,89,104,281580,449700,963,2867,85451,735112,820564,382911,320863,9641,7559,24146,720974,745121,187578
2023-02-26,2023,2,26,port1188,Shanghai,China,CHN,36,40,13,5,20,94,114,170336,473062,28718,1226,35303,673344,708647,377410,224625,4685,8768,78319,615490,693809,187579
2023-02-27,2023,2,27,port1188,Shanghai,China,CHN,43,33,25,3,21,104,125,341139,679286,28179,378,32820,1048983,1081804,372496,201658,17738,0,24307,591894,616201,187580
2023-02-28,2023,2,28,port1188,Shanghai,China,CHN,34,34,16,3,20,87,107,576901,288657,32029,408,107800,897998,1005798,232380,246437,5335,5061,19400,489215,508616,187581
2023-03-01,2023,3,1,port1188,Shanghai,China,CHN,41,33,9,2,27,85,112,318965,311020,10099,1428,88075,641514,729590,417462,194214,5550,1462,12668,618690,631358,187582
2023-03-02,2023,3,2,port1188,Shanghai,China,CHN,38,31,19,3,20,91,111,162662,249970,29911,467,43171,443012,486184,272454,210333,17086,6835,78929,506710,585639,187583
2023-03-03,2023,3,3,port1188,Shanghai,China,CHN,32,45,18,4,32,99,131,196969,589771,46943,408,93757,834092,927849,322657,277350,10605,2352,74500,612965,687466,187584
2023-03-04,2023,3,4,port1188,Shanghai,China,CHN,33,39,13,6,15,91,106,281971,572166,16468,3146,70387,873751,944139,293567,63815,17505,7390,47170,382278,429449,187585
2023-03-05,2023,3,5,port1188,Shanghai,China,CHN,41,27,12,7,19,87,106,494790,407812,9424,5128,25905,917155,943061,578717,244738,21258,13625,30462,858340,888802,187586
2023-03-06,2023,3,6,port1188,Shanghai,China,CHN,37,39,24,5,19,105,124,105312,464335,26077,682,67425,596409,663835,372868,408412,37367,4526,33684,823173,856858,187587
2023-03-07,2023,3,7,port1188,Shanghai,China,CHN,35,43,19,4,18,101,119,181213,427704,38551,2802,41653,650272,691925,388027,123385,13145,0,58726,524558,583284,187588
2023-03-08,2023,3,8,port1188,Shanghai,China,CHN,37,32,18,4,28,91,119,198873,505571,23394,5894,155088,733734,888823,349363,245694,19906,9107,13929,624072,638001,187589
2023-03-09,2023,3,9,port1188,Shanghai,China,CHN,40,40,12,5,27,97,124,326051,452186,34291,2299,92535,814830,907365,256080,549833,7778,7953,37490,821646,859136,187590
2023-03-10,2023,3,10,port1188,Shanghai,China,CHN,39,30,16,4,14,89,103,323738,436008,25520,0,70918,785266,856185,357768,254095,17987,12825,7376,642677,650053,187591
2023-03-11,2023,3,11,port1188,Shanghai,China,CHN,29,25,18,3,14,75,89,181130,194197,24592,37,88188,399957,488146,149459,157713,17849,6517,23735,331540,355275,187592
2023-03-12,2023,3,12,port1188,Shanghai,China,CHN,40,20,11,2,17,73,90,484753,182921,7333,0,154846,675008,829855,423410,247131,29297,6420,74634,706258,780892,187593
2023-03-13,2023,3,13,port1188,Shanghai,China,CHN,34,35,22,7,17,98,115,231991,484760,42484,3801,40013,763037,803050,281268,238664,24840,14367,8795,559139,567935,187594
2023-03-14,2023,3,14,port1188,Shanghai,China,CHN,36,26,13,3,17,78,95,321708,341316,25144,742,57591,688912,746503,446067,113776,5948,2762,20196,568554,588751,187595
2023-03-15,2023,3,15,port1188,Shanghai,China,CHN,47,41,18,3,17,109,126,621935,612729,15169,817,101718,1250651,1352370,419519,504124,31414,2924,2209,957983,960192,187596
2023-03-16,2023,3,16,port1188,Shanghai,China,CHN,40,31,12,5,19,88,107,247607,302373,9499,817,68027,560298,628326,332177,374044,7104,10433,12057,723759,735816,187597
2023-03-17,2023,3,17,port1188,Shanghai,China,CHN,30,30,10,3,19,73,92,108180,384398,24660,4188,66605,521428,588033,233083,318003,10290,1484,18659,562861,581521,187598
2023-03-18,2023,3,18,port1188,Shanghai,China,CHN,33,25,15,6,22,79,101,56868,232365,16660,1021,43966,306916,350882,357460,56071,7587,4994,28844,426114,454959,187599
2023-03-19,2023,3,19,port1188,Shanghai,China,CHN,37,42,16,3,15,98,113,370669,471095,2813,855,117825,845433,963259,311716,459178,24505,3515,42411,798916,841328,187600
2023-03-20,2023,3,20,port1188,Shanghai,China,CHN,30,25,14,1,11,70,81,311516,202889,11343,408,53441,526157,579598,340278,75385,12304,1462,10475,429431,439906,188001
2023-03-21,2023,3,21,port1188,Shanghai,China,CHN,12,22,5,1,20,40,60,270552,300808,1438,0,47456,572798,620255,115036,85442,2440,0,22918,202918,225836,188002
2023-03-22,2023,3,22,port1188,Shanghai,China,CHN,21,24,4,6,14,55,69,173507,181360,7724,6058,36646,368650,405296,227361,187041,810,8896,38697,424110,462808,188003
2023-03-23,2023,3,23,port1188,Shanghai,China,CHN,54,52,30,4,23,140,163,516633,442797,31083,1265,96212,991779,1087992,345500,364207,19687,13563,40215,742958,783174,188004
2023-03-24,2023,3,24,port1188,Shanghai,China,CHN,38,20,10,3,16,71,87,563081,100669,10231,408,64710,674391,739102,275977,165594,11287,4648,6418,457507,463926,188005
2023-03-25,2023,3,25,port1188,Shanghai,China,CHN,45,44,23,7,18,119,137,349842,508427,22640,4929,58163,885840,944003,455470,120579,33150,3338,155009,612538,767548,188006
2023-03-26,2023,3,26,port1188,Shanghai,China,CHN,45,44,13,5,28,107,135,183414,530333,7958,3476,156075,725183,881259,564070,144713,18576,6137,68040,733498,801538,188007
2023-03-27,2023,3,27,port1188,Shanghai,China,CHN,44,42,13,3,21,102,123,383877,347234,18141,1548,52833,750801,803634,311285,179213,10559,1117,21377,502175,523552,188008
2023-03-28,2023,3,28,port1188,Shanghai,China,CHN,41,45,21,3,14,110,124,379009,685379,35399,817,24632,1100606,1125238,273647,553607,22733,2924,58756,852913,911669,188009
2023-03-29,2023,3,29,port1188,Shanghai,China,CHN,40,50,18,5,30,113,143,278107,252599,21177,2787,114255,554672,668927,611865,177830,29762,5016,113132,824473,937606,188010
2023-03-30,2023,3,30,port1188,Shanghai,China,CHN,36,35,17,2,14,90,104,393498,288065,36458,0,19591,718022,737613,272879,357295,19019,0,12533,649194,661728,188011
2023-03-31,2023,3,31,port1188,Shanghai,China,CHN,25,31,15,5,21,76,97,264960,256768,30838,4887,74752,557455,632208,180068,290499,18144,5487,56635,494200,550836,188012
2023-04-01,2023,4,1,port1188,Shanghai,China,CHN,41,33,22,3,16,99,115,173228,426143,31042,1163,67306,631577,698884,414375,244596,20970,3759,5852,683701,689554,188013
2023-04-02,2023,4,2,port1188,Shanghai,China,CHN,22,21,7,5,15,55,70,323413,161026,6590,1171,19222,492201,511423,184684,130146,13329,3670,110954,331831,442785,188014
2023-04-03,2023,4,3,port1188,Shanghai,China,CHN,38,43,14,5,28,100,128,471040,598795,19318,408,113932,1089562,1203495,229539,540406,8473,12597,44464,791016,835481,188015
2023-04-04,2023,4,4,port1188,Shanghai,China,CHN,33,28,6,3,12,70,82,306946,311283,5593,1780,30859,625604,656463,340568,231502,1904,4750,15361,578726,594087,188016
2023-04-05,2023,4,5,port1188,Shanghai,China,CHN,41,43,19,8,38,111,149,543390,564095,47787,5116,118697,1160390,1279087,259976,359077,20481,11075,21546,650611,672158,188017
2023-04-06,2023,4,6,port1188,Shanghai,China,CHN,37,26,20,5,21,88,109,435594,282744,36812,408,54217,755560,809778,342159,168341,13923,9466,61473,533891,595365,188018
2023-04-07,2023,4,7,port1188,Shanghai,China,CHN,36,39,16,6,21,97,118,245573,556722,32104,3757,41817,838157,879974,313176,329757,24988,18620,106901,686544,793445,188019
2026-07-02,2026,7,2,port1188,Shanghai,China,CHN,33,26,15,6,16,80,96,230928,291195,12341,619,83468,535085,618553,407663,42285,21075,10044,65651,481069,546721,188020
2023-04-08,2023,4,8,port1188,Shanghai,China,CHN,38,41,22,6,24,107,131,246255,605943,37195,914,45367,890308,935675,247818,149913,38330,20013,32590,456075,488665,188021
2023-04-09,2023,4,9,port1188,Shanghai,China,CHN,36,37,19,6,22,98,120,478793,550162,15438,446,126330,1044840,1171170,277454,275116,17466,11582,78025,581620,659645,188022
2023-04-10,2023,4,10,port1188,Shanghai,China,CHN,38,36,20,5,12,99,111,464676,373066,23392,2060,86729,863195,949925,244374,356353,21130,1462,27629,623320,650950,188023
2023-04-11,2023,4,11,port1188,Shanghai,China,CHN,37,54,13,2,22,106,128,316758,373293,21465,0,29398,711517,740915,222934,335297,15196,5928,30778,579356,610135,188024
2023-04-12,2023,4,12,port1188,Shanghai,China,CHN,42,25,15,4,28,86,114,360849,230847,16819,408,108147,608924,717072,456287,43674,21416,5038,48665,526417,575082,188025
2023-04-13,2023,4,13,port1188,Shanghai,China,CHN,44,37,20,6,32,107,139,691107,791092,21410,2878,135223,1506489,1641713,305093,84380,30816,7382,34056,427672,461728,188026
2023-04-14,2023,4,14,port1188,Shanghai,China,CHN,39,34,12,4,21,89,110,516101,208369,12972,817,139329,738261,877590,291847,165086,14622,3438,38383,474994,513378,188027
2023-04-15,2023,4,15,port1188,Shanghai,China,CHN,30,23,14,3,15,70,85,374430,364966,25791,1458,99737,766646,866383,233263,53309,13489,214,18650,300276,318927,188028
2023-04-16,2023,4,16,port1188,Shanghai,China,CHN,40,36,11,6,12,93,105,351847,133999,18262,2585,19799,506695,526495,454329,155836,7353,3930,98395,621449,719845,188029
2023-04-17,2023,4,17,port1188,Shanghai,China,CHN,23,31,11,2,20,67,87,188324,491748,11197,1548,38682,692818,731500,181667,61257,6475,3543,17100,252944,270045,188030
2023-04-18,2023,4,18,port1188,Shanghai,China,CHN,39,45,13,5,21,102,123,179636,599274,34055,408,45284,813375,858659,377883,318297,12518,17094,23385,725794,749179,188031
2023-04-19,2023,4,19,port1188,Shanghai,China,CHN,36,38,17,4,19,95,114,485688,517812,27899,408,82804,1031808,1114613,255878,336142,16516,9273,2413,617811,620225,188032
2023-04-20,2023,4,20,port1188,Shanghai,China,CHN,37,47,17,3,19,104,123,279647,731092,16440,1161,59306,1028341,1087648,302691,169940,40187,6601,65060,519420,584480,188033
2023-04-21,2023,4,21,port1188,Shanghai,China,CHN,33,39,14,6,26,92,118,296945,206087,10716,1327,136712,515076,651789,357287,354473,7807,20082,59065,739651,798717,188034
2023-04-22,2023,4,22,port1188,Shanghai,China,CHN,43,37,12,6,22,98,120,249640,174859,20680,1291,65016,446472,511489,346407,246525,21052,6521,24132,620506,644639,188035
2023-04-23,2023,4,23,port1188,Shanghai,China,CHN,35,39,14,6,16,94,110,744685,292309,18119,1910,95919,1057025,1152944,198145,226927,9143,14932,12480,449149,461630,188036
2023-04-24,2023,4,24,port1188,Shanghai,China,CHN,39,27,15,3,22,84,106,209234,123533,10245,817,83875,343831,427707,305216,484090,20687,3677,49525,813672,863198,188037
2023-04-25,2023,4,25,port1188,Shanghai,China,CHN,44,39,20,5,21,108,129,374254,759140,22833,2569,38373,1158797,1197171,438667,303084,28248,8795,89421,778796,868218,188038
2023-04-26,2023,4,26,port1188,Shanghai,China,CHN,34,34,12,4,29,84,113,241658,473064,27984,4899,67176,747607,814783,408253,335557,14867,2383,99670,761062,860733,188039
2023-04-27,2023,4,27,port1188,Shanghai,China,CHN,37,35,20,5,21,97,118,326917,371372,40986,2419,50501,741696,792197,482814,166187,27634,9717,28209,686354,714563,188040
2023-04-28,2023,4,28,port1188,Shanghai,China,CHN,39,45,29,6,27,119,146,236858,729617,40759,2026,136344,1009261,1145606,279980,232945,36317,10486,6662,559731,566394,188041
2023-04-29,2023,4,29,port1188,Shanghai,China,CHN,39,33,12,2,19,86,105,413187,347477,11934,408,84898,773008,857907,322160,315037,11023,7528,12823,655749,668572,188042
2023-04-30,2023,4,30,port1188,Shanghai,China,CHN,39,35,15,5,21,94,115,253679,165891,25004,446,48641,445022,493663,414140,228578,13541,15771,62862,672032,734894,188043
2023-05-01,2023,5,1,port1188,Shanghai,China,CHN,35,45,8,6,18,94,112,390741,292875,7099,817,18729,691533,710263,328097,407320,21747,7064,25971,764230,790201,188044
2023-05-02,2023,5,2,port1188,Shanghai,China,CHN,25,34,18,6,16,83,99,241342,442870,39361,2251,89600,725826,815427,198143,281176,18570,4180,7493,502070,509564,188045
2023-05-03,2023,5,3,port1188,Shanghai,China,CHN,28,28,7,0,11,63,74,188122,195241,4573,0,13034,387936,400971,303992,271017,1977,0,65025,576987,642012,188046
2023-05-04,2023,5,4,port1188,Shanghai,China,CHN,38,42,11,4,15,95,110,525258,192121,29162,1432,23673,747975,771648,376855,282985,16981,10238,87465,687060,774526,188047
2023-05-05,2023,5,5,port1188,Shanghai,China,CHN,45,32,14,8,28,99,127,318267,687074,35054,2044,70572,1042441,1113014,367291,5673,15573,11070,24970,399609,424579,188048
2023-05-06,2023,5,6,port1188,Shanghai,China,CHN,41,39,18,8,17,106,123,480664,829234,52686,1635,124887,1364220,1489107,300760,206267,12438,8862,24317,528328,552646,188049
2023-05-07,2023,5,7,port1188,Shanghai,China,CHN,26,34,10,4,13,74,87,305526,591424,4905,37,23826,901894,925720,178867,148605,12586,12954,104017,353013,457030,188050
2023-05-08,2023,5,8,port1188,Shanghai,China,CHN,34,44,20,4,19,102,121,274293,452401,28126,1148,53011,755970,808982,223625,184177,11723,8710,15019,428236,443256,188051
2023-05-09,2023,5,9,port1188,Shanghai,China,CHN,22,29,15,3,27,69,96,356897,295740,24555,817,154656,678011,832667,244628,173437,14839,10434,86949,443340,530290,188052
2023-05-10,2023,5,10,port1188,Shanghai,China,CHN,37,39,13,7,22,96,118,239061,479189,12546,408,59348,731207,790556,409704,174082,11150,16578,54518,611515,666033,188053
2023-05-11,2023,5,11,port1188,Shanghai,China,CHN,45,39,20,4,17,108,125,763120,331357,19782,817,51653,1115078,1166732,303579,279236,15281,5057,24402,603154,627557,188054
2023-05-12,2023,5,12,port1188,Shanghai,China,CHN,45,47,18,5,21,115,136,321827,735782,15298,1226,80638,1074134,1154773,336562,313441,26058,14078,32128,690141,722269,188055
2023-05-13,2023,5,13,port1188,Shanghai,China,CHN,42,33,12,4,12,91,103,233272,314835,5314,446,97619,553868,651487,483846,293068,7501,3215,14621,787631,802253,188056
2023-05-14,2023,5,14,port1188,Shanghai,China,CHN,37,36,15,3,17,91,108,315207,442031,9868,651,79714,767757,847471,469170,203611,33650,5410,16679,711843,728523,188057
2023-05-15,2023,5,15,port1188,Shanghai,China,CHN,35,33,22,7,19,97,116,292015,560899,10785,3337,49862,867037,916900,347196,498504,37326,12683,29566,895711,925277,188058
2023-05-16,2023,5,16,port1188,Shanghai,China,CHN,34,33,14,2,12,83,95,276079,243375,24670,576,16188,544701,560890,264750,307411,11767,6032,50326,589961,640287,188059
2023-05-17,2023,5,17,port1188,Shanghai,China,CHN,28,39,6,3,18,76,94,187412,571111,9516,957,74397,768997,843394,371463,292152,8415,1462,22629,673494,696124,188060
2023-05-18,2023,5,18,port1188,Shanghai,China,CHN,37,36,19,9,32,101,133,98953,1255916,48731,1226,133406,1404827,1538234,704174,139467,20470,18210,19689,882322,902012,188061
2023-05-19,2023,5,19,port1188,Shanghai,China,CHN,29,31,6,4,16,70,86,359682,781201,11211,408,149731,1152503,1302235,243939,63587,4984,3482,9412,315994,325407,188062
2024-04-23,2024,4,23,port1188,Shanghai,China,CHN,41,50,18,8,33,117,150,329317,831029,22014,1226,175850,1183587,1359438,494711,1096496,22757,15220,79878,1629186,1709064,188063
2023-05-20,2023,5,20,port1188,Shanghai,China,CHN,37,26,11,5,14,79,93,352834,436050,15037,1226,62474,805148,867623,229616,68316,26053,6870,42442,330856,373299,188065
2023-05-21,2023,5,21,port1188,Shanghai,China,CHN,14,20,6,3,13,43,56,129196,374041,7694,1422,78072,512355,590427,179166,87472,11275,590,27344,278505,305849,188066
2023-05-22,2023,5,22,port1188,Shanghai,China,CHN,40,49,20,4,20,113,133,205054,1081306,27590,1329,67019,1315281,1382301,531752,317914,44010,6273,24653,899951,924604,188067
2023-05-23,2023,5,23,port1188,Shanghai,China,CHN,33,29,19,3,22,84,106,303549,275634,31017,1630,58235,611831,670067,410516,160236,21872,1462,108687,594087,702775,188068
2023-05-24,2023,5,24,port1188,Shanghai,China,CHN,32,40,16,4,20,92,112,279392,312874,30621,1617,73685,624506,698191,251931,276807,26023,6165,73917,560928,634845,188069
2023-05-25,2023,5,25,port1188,Shanghai,China,CHN,32,40,8,2,21,82,103,94710,539870,5388,817,55889,640787,696676,395216,137328,9648,2924,17110,545118,562228,188070
2023-05-26,2023,5,26,port1188,Shanghai,China,CHN,38,43,17,3,17,101,118,189758,297063,24536,817,45849,512177,558027,352247,289322,13134,2924,41395,657629,699025,188071
2023-05-27,2023,5,27,port1188,Shanghai,China,CHN,42,36,13,5,17,96,113,215019,387992,28116,2494,64423,633622,698046,421148,274130,10649,8259,46567,714187,760755,188072
2023-05-28,2023,5,28,port1188,Shanghai,China,CHN,23,28,12,4,17,67,84,384660,215625,15863,817,34744,616967,651712,173212,187984,7229,10562,19702,378989,398691,188073
2023-05-29,2023,5,29,port1188,Shanghai,China,CHN,40,31,18,6,15,95,110,305744,292739,22981,3178,16603,624644,641247,234430,85008,17455,2924,15958,339820,355779,188074
2023-05-30,2023,5,30,port1188,Shanghai,China,CHN,23,26,18,4,12,71,83,215467,365228,34885,817,51716,616398,668114,199498,114235,29965,3895,24705,347594,372300,188075
2023-05-31,2023,5,31,port1188,Shanghai,China,CHN,44,46,15,5,34,110,144,453093,578867,30528,3215,116119,1065704,1181823,566900,333251,12992,7330,23732,920474,944206,188076
2023-06-01,2023,6,1,port1188,Shanghai,China,CHN,28,25,21,4,14,78,92,256924,222874,40086,1953,34489,521838,556328,250904,236344,16187,4387,27380,507823,535204,188077
2023-06-02,2023,6,2,port1188,Shanghai,China,CHN,38,38,18,6,22,100,122,296533,259781,9749,1226,76852,567291,644144,408705,277457,29017,9978,17314,725158,742473,188078
2023-06-03,2023,6,3,port1188,Shanghai,China,CHN,43,41,16,7,22,107,129,228911,697717,13943,4711,134463,945284,1079748,447293,206273,25541,10087,23170,689195,712366,188079
2023-06-04,2023,6,4,port1188,Shanghai,China,CHN,36,33,15,7,18,91,109,557749,304535,40431,3090,120565,905807,1026372,522380,94264,9370,5043,19746,631058,650805,188080
2023-06-05,2023,6,5,port1188,Shanghai,China,CHN,39,28,15,6,24,88,112,302120,241520,13385,4197,55884,561224,617108,307447,26897,14106,5153,12195,353606,365801,188081
2023-06-06,2023,6,6,port1188,Shanghai,China,CHN,34,33,16,5,22,88,110,250717,363290,27931,4636,253457,646575,900032,364608,211407,15749,10631,9602,602397,612000,188082
2023-06-07,2023,6,7,port1188,Shanghai,China,CHN,38,43,17,4,24,102,126,315022,728724,12123,1515,138016,1057385,1195402,359485,203093,10579,6592,27642,579750,607392,188083
2023-06-08,2023,6,8,port1188,Shanghai,China,CHN,38,39,13,7,14,97,111,173593,221149,16200,997,36562,411940,448502,376029,177241,15214,14266,8149,582752,590902,188084
2023-06-09,2023,6,9,port1188,Shanghai,China,CHN,41,30,12,4,19,87,106,405071,317924,17282,817,42822,741096,783919,350270,137267,13286,6215,15718,507039,522758,188085
2023-06-10,2023,6,10,port1188,Shanghai,China,CHN,38,39,9,6,11,92,103,245871,461783,18395,2977,18115,729028,747143,283254,92152,4306,5878,15176,385592,400768,188086
2023-06-11,2023,6,11,port1188,Shanghai,China,CHN,31,34,15,4,26,84,110,199702,556953,39724,956,96369,797337,893706,415589,103358,14145,9943,91496,543036,634533,188087
2023-06-12,2023,6,12,port1188,Shanghai,China,CHN,30,37,15,5,21,87,108,267177,320335,32320,1226,50490,621059,671550,215403,99822,12275,4387,38434,331889,370324,188088
2023-06-13,2023,6,13,port1188,Shanghai,China,CHN,39,37,15,3,19,94,113,434557,363633,22621,1247,36439,822059,858499,526572,257244,18236,2924,43399,804978,848377,188089
2023-06-14,2023,6,14,port1188,Shanghai,China,CHN,33,33,15,4,15,85,100,241183,442794,22494,1001,58137,707474,765612,262791,322250,11806,0,96325,596848,693174,188090
2023-06-15,2023,6,15,port1188,Shanghai,China,CHN,32,31,19,3,16,85,101,422989,345475,30672,6305,30784,805443,836227,251186,128891,20703,2101,207586,402882,610469,188091
2023-06-16,2023,6,16,port1188,Shanghai,China,CHN,39,31,13,6,18,89,107,244734,312679,14140,1226,97358,572781,670140,343639,150234,10703,12116,38580,516694,555274,188092
2023-06-17,2023,6,17,port1188,Shanghai,China,CHN,34,34,14,6,19,88,107,486684,434898,22616,2719,78146,946920,1025066,185635,212433,9207,4387,8670,411664,420334,188093
2023-06-18,2023,6,18,port1188,Shanghai,China,CHN,34,30,9,4,14,77,91,441551,201358,4137,446,20347,647494,667842,252994,353894,8391,12114,54663,627395,682058,188094
2023-06-19,2023,6,19,port1188,Shanghai,China,CHN,42,34,19,8,24,103,127,396692,377841,46004,7267,115171,827805,942977,468313,243847,14921,5709,18576,732791,751368,188095
2023-06-20,2023,6,20,port1188,Shanghai,China,CHN,38,38,12,5,26,93,119,434732,199159,12286,2654,103854,648833,752687,360790,249966,7148,5750,10308,623655,633963,188096
2023-06-21,2023,6,21,port1188,Shanghai,China,CHN,36,32,18,8,25,94,119,91546,462238,51784,3647,104846,609217,714064,348659,120640,21893,8790,62922,499984,562906,188097
2023-06-22,2023,6,22,port1188,Shanghai,China,CHN,35,44,24,3,19,106,125,172895,560217,29308,408,24734,762829,787563,297963,243732,34811,7433,37719,583941,621661,188098
2023-06-23,2023,6,23,port1188,Shanghai,China,CHN,37,33,12,4,18,86,104,200140,442880,30389,8708,104544,682119,786664,455695,63833,5520,6448,204431,531498,735929,188099
2023-06-24,2023,6,24,port1188,Shanghai,China,CHN,33,27,8,5,6,73,79,228797,413954,1911,4165,52312,648829,701141,266303,148133,15883,3934,7078,434254,441333,188100
2023-06-25,2023,6,25,port1188,Shanghai,China,CHN,41,24,13,7,25,85,110,588851,279382,23164,2400,144219,893798,1038018,317061,36878,18207,6879,114848,379027,493875,188101
2023-06-26,2023,6,26,port1188,Shanghai,China,CHN,35,47,18,5,32,105,137,534251,773748,32567,2504,175021,1343072,1518093,349619,332226,11666,6832,34380,700345,734726,188102
2023-06-27,2023,6,27,port1188,Shanghai,China,CHN,31,42,26,3,13,102,115,126515,646736,42312,1226,37242,816791,854034,264539,108069,24518,4387,4831,401514,406346,188103
2023-06-28,2023,6,28,port1188,Shanghai,China,CHN,37,35,14,4,18,90,108,197988,350144,14159,1226,40320,563518,603839,436634,189122,25826,10871,61484,662455,723940,188104
2023-06-29,2023,6,29,port1188,Shanghai,China,CHN,40,46,16,1,21,103,124,482851,563508,11086,0,47588,1057446,1105034,286368,246985,18934,0,14564,552288,566852,188105
2023-06-30,2023,6,30,port1188,Shanghai,China,CHN,27,31,13,8,28,79,107,167776,427914,10629,2501,58728,608822,667551,268704,365908,21232,10028,27975,665872,693848,188106
2023-07-01,2023,7,1,port1188,Shanghai,China,CHN,42,25,8,6,21,81,102,201629,200114,8077,817,36909,410640,447549,378286,127335,17301,8944,27922,531867,559790,188107
2023-07-02,2023,7,2,port1188,Shanghai,China,CHN,29,41,10,6,9,86,95,490381,235342,26425,1729,61313,753879,815192,239213,225581,6963,10140,10954,481898,492853,188108
2023-07-03,2023,7,3,port1188,Shanghai,China,CHN,41,32,21,4,19,98,117,309547,145212,35735,4362,82108,494857,576965,309136,338211,16475,14607,6552,678431,684983,188109
2023-07-04,2023,7,4,port1188,Shanghai,China,CHN,38,33,15,6,10,92,102,377251,352033,22696,1946,159339,753927,913267,503092,169481,23171,7000,14686,702746,717433,188110
2023-07-05,2023,7,5,port1188,Shanghai,China,CHN,34,32,14,5,15,85,100,342743,395757,30571,408,47515,769481,816996,390483,123695,3100,8857,35079,526136,561215,188111
2023-07-06,2023,7,6,port1188,Shanghai,China,CHN,39,37,17,6,33,99,132,278894,145048,10854,817,134486,435615,570101,318973,176684,26108,5264,38739,527032,565771,188112
2023-07-07,2023,7,7,port1188,Shanghai,China,CHN,35,37,6,8,23,86,109,391857,348332,7272,1635,75905,749098,825003,246673,206544,5736,14916,27334,473871,501205,188113
2023-07-08,2023,7,8,port1188,Shanghai,China,CHN,43,36,11,6,20,96,116,309766,599260,6430,855,91807,916312,1008120,340111,193829,10167,7203,9315,551312,560627,188114
2023-07-09,2023,7,9,port1188,Shanghai,China,CHN,31,25,17,5,17,78,95,159314,328094,36297,1755,56890,525462,582353,389485,117884,21365,11245,77495,539981,617476,188115
2023-07-10,2023,7,10,port1188,Shanghai,China,CHN,37,44,12,4,21,97,118,331206,353645,13093,817,62268,698763,761031,248302,167029,19398,12146,16358,446876,463235,188116
2023-07-11,2023,7,11,port1188,Shanghai,China,CHN,38,33,18,2,13,91,104,272087,221982,49900,2353,52909,546323,599233,403744,137694,29007,4407,16906,574853,591760,188117
2023-07-12,2023,7,12,port1188,Shanghai,China,CHN,31,37,12,5,18,85,103,257084,365270,16173,2326,49675,640855,690530,275817,128077,11752,7578,58938,423226,482165,188118
2023-07-13,2023,7,13,port1188,Shanghai,China,CHN,34,31,16,3,23,84,107,530462,481496,14994,408,99775,1027361,1127137,252740,122148,12448,4218,27295,391556,418852,188119
2023-07-14,2023,7,14,port1188,Shanghai,China,CHN,41,45,15,4,21,105,126,377651,256642,26899,2138,119543,663332,782875,453425,267079,32881,5089,21477,758476,779953,188120
2023-07-15,2023,7,15,port1188,Shanghai,China,CHN,41,38,22,4,15,105,120,274552,657993,71111,817,62809,1004475,1067285,390348,154924,33697,5987,139550,584957,724507,188121
2023-07-16,2023,7,16,port1188,Shanghai,China,CHN,32,34,13,5,28,84,112,343436,549582,3896,855,102735,897771,1000506,274784,164831,10500,7612,51410,457728,509139,188122
2023-07-17,2023,7,17,port1188,Shanghai,China,CHN,37,40,15,3,22,95,117,445049,439660,18076,956,76057,903742,979799,332119,124661,23656,1930,91246,482367,573614,188123
2023-07-18,2023,7,18,port1188,Shanghai,China,CHN,31,33,17,3,20,84,104,218427,557149,31478,0,66317,807054,873372,380652,301275,17469,9498,15023,708896,723920,188124
2023-07-19,2023,7,19,port1188,Shanghai,China,CHN,39,29,20,5,16,93,109,214963,334747,19703,2753,60042,572167,632210,614718,207183,14701,4543,22005,841146,863152,188125
2023-07-20,2023,7,20,port1188,Shanghai,China,CHN,27,40,21,4,21,92,113,96216,297769,45504,3316,84418,442806,527225,253851,298261,18696,2924,10681,573733,584414,188126
2023-07-21,2023,7,21,port1188,Shanghai,China,CHN,41,33,15,6,19,95,114,459964,87177,11496,2065,72856,560704,633560,298637,114409,20436,11755,95988,445238,541227,188127
2023-07-22,2023,7,22,port1188,Shanghai,China,CHN,44,35,20,5,22,104,126,375743,594835,12382,5998,91437,988960,1080398,332787,284920,38338,4387,15078,660434,675512,188128
2023-07-23,2023,7,23,port1188,Shanghai,China,CHN,37,27,20,5,22,89,111,320527,173887,19950,1597,98736,515963,614700,340778,26466,51074,12524,20784,430843,451628,188129
2023-07-24,2023,7,24,port1188,Shanghai,China,CHN,41,33,17,6,19,97,116,267735,233003,17907,817,31689,519465,551155,455661,210766,16576,15244,37266,698250,735516,188130
2023-07-25,2023,7,25,port1188,Shanghai,China,CHN,36,33,16,5,14,90,104,379685,249270,18273,817,37170,648046,685217,252291,220275,21914,7672,26858,502154,529012,188131
2023-07-26,2023,7,26,port1188,Shanghai,China,CHN,40,44,9,3,21,96,117,502910,475724,17346,959,95296,996941,1092238,283249,141222,32033,2619,16219,459124,475344,188132
2023-07-27,2023,7,27,port1188,Shanghai,China,CHN,35,35,8,2,14,80,94,196176,429175,18297,0,56495,643648,700143,373514,214519,8989,2167,23743,599191,622934,188133
2023-07-28,2023,7,28,port1188,Shanghai,China,CHN,35,18,8,2,10,63,73,292994,85705,5567,1409,14867,385677,400544,271918,318708,13127,0,33352,603754,637107,188134
2023-07-29,2023,7,29,port1188,Shanghai,China,CHN,34,32,16,3,10,85,95,197635,387821,24138,817,33563,610413,643976,252530,141998,25938,2924,33882,423392,457275,188135
2023-07-30,2023,7,30,port1188,Shanghai,China,CHN,31,36,17,9,12,93,105,329787,194495,27657,1947,25022,553887,578910,196486,294644,8975,9696,30062,509802,539864,188136
2023-07-31,2023,7,31,port1188,Shanghai,China,CHN,24,35,10,2,18,71,89,158897,382360,4404,1774,76269,547436,623706,185443,64657,9406,1378,12579,260886,273465,188137
2023-08-01,2023,8,1,port1188,Shanghai,China,CHN,18,40,10,4,21,72,93,90220,406357,8824,1541,98998,506943,605941,149834,245784,9419,8623,34252,413662,447914,188138
2023-08-02,2023,8,2,port1188,Shanghai,China,CHN,36,26,11,3,19,76,95,412799,233548,16076,1847,26415,664271,690687,359021,244981,17479,1462,20596,622945,643542,188139
2023-08-03,2023,8,3,port1188,Shanghai,China,CHN,21,28,11,1,19,61,80,297865,228273,8597,363,92967,535100,628067,174899,128164,13893,0,40916,316957,357874,188140
2023-08-04,2023,8,4,port1188,Shanghai,China,CHN,33,29,14,4,16,80,96,321915,379473,8800,0,21514,710190,731704,202859,263464,19651,6620,32808,492595,525404,188141
2023-08-05,2023,8,5,port1188,Shanghai,China,CHN,36,35,15,4,14,90,104,329862,297920,29980,1128,31682,658892,690575,209263,268939,8078,6619,6909,492900,499809,188142
2023-08-06,2023,8,6,port1188,Shanghai,China,CHN,38,40,10,6,22,94,116,485788,433802,38650,855,95595,959096,1054692,312660,112754,6411,7611,46657,439438,486096,188143
2023-08-07,2023,8,7,port1188,Shanghai,China,CHN,48,25,10,6,25,89,114,386068,271121,15219,6573,139200,678982,818183,425243,44579,10915,7678,45489,488417,533906,188144
2023-08-08,2023,8,8,port1188,Shanghai,China,CHN,31,37,13,6,23,87,110,385389,651601,19568,5286,94042,1061845,1155888,219747,261806,9296,3246,38241,494097,532339,188145
2023-08-09,2023,8,9,port1188,Shanghai,China,CHN,31,42,24,6,30,103,133,390894,544692,17528,1010,140794,954125,1094920,257168,389892,25097,11505,39448,683662,723111,188146
2023-08-10,2023,8,10,port1188,Shanghai,China,CHN,35,44,16,4,26,99,125,178538,380778,18319,408,95725,578045,673770,340770,243144,14993,3012,69476,601920,671396,188147
2023-08-11,2023,8,11,port1188,Shanghai,China,CHN,35,30,11,5,18,81,99,453474,236926,18421,1445,97941,710267,808208,302117,197797,5301,2924,5495,508140,513636,188148
2023-08-12,2023,8,12,port1188,Shanghai,China,CHN,39,31,15,4,19,89,108,297118,240825,27799,1193,142279,566937,709216,398872,244475,9045,3139,40858,655531,696390,188149
2023-08-13,2023,8,13,port1188,Shanghai,China,CHN,37,50,13,4,23,104,127,283217,458113,10745,408,33887,752485,786372,368145,392094,20217,2337,90247,782794,873041,188150
2023-08-14,2023,8,14,port1188,Shanghai,China,CHN,31,51,23,7,27,112,139,447769,573320,26282,3288,77782,1050661,1128444,344246,154962,20693,13148,72659,533051,605710,188151
2023-08-15,2023,8,15,port1188,Shanghai,China,CHN,38,43,12,5,20,98,118,337937,512610,16162,4148,52302,870858,923161,243014,82579,8223,9139,12579,342957,355536,188152
2023-08-16,2023,8,16,port1188,Shanghai,China,CHN,34,40,11,6,22,91,113,255741,235850,14231,1438,172156,507261,679417,345493,546044,13742,5250,57868,910531,968399,188153
2023-08-17,2023,8,17,port1188,Shanghai,China,CHN,36,26,20,4,25,86,111,156787,131364,21654,0,55455,309806,365261,513866,236003,21789,4773,53344,776433,829778,188154
2023-08-18,2023,8,18,port1188,Shanghai,China,CHN,21,20,8,4,12,53,65,143105,382368,18466,2554,32582,546494,579076,125566,79161,11636,5200,59663,221565,281229,188155
2023-08-19,2023,8,19,port1188,Shanghai,China,CHN,22,23,10,2,17,57,74,182967,734891,18584,407,111992,936851,1048844,150221,18243,18114,0,13132,186579,199712,188156
2023-08-20,2023,8,20,port1188,Shanghai,China,CHN,16,20,10,3,18,49,67,82258,390385,10244,408,112710,483296,596007,213543,11333,19732,2224,20704,246834,267538,188157
2023-08-21,2023,8,21,port1188,Shanghai,China,CHN,44,55,17,6,24,122,146,315093,640011,16537,4982,103087,976624,1079712,321163,477190,13445,5854,60786,817653,878440,188158
2023-08-22,2023,8,22,port1188,Shanghai,China,CHN,40,38,19,4,25,101,126,218935,513138,15374,817,58673,748265,806938,447395,251949,15777,8364,12839,723486,736326,188159
2023-08-23,2023,8,23,port1188,Shanghai,China,CHN,37,34,21,4,16,96,112,168149,546927,46973,817,29105,762868,791973,388118,275028,37991,14053,28720,715191,743912,188160
2023-08-24,2023,8,24,port1188,Shanghai,China,CHN,37,38,19,6,26,100,126,375956,721094,12247,2271,113421,1111571,1224992,327341,87616,30937,2924,10988,448820,459808,188161
2023-08-25,2023,8,25,port1188,Shanghai,China,CHN,42,28,15,6,18,91,109,417204,202839,32461,837,79450,653342,732792,525668,253770,18572,8601,4940,806612,811552,188162
2023-08-26,2023,8,26,port1188,Shanghai,China,CHN,36,42,14,8,20,100,120,124851,325868,21790,1933,53319,474444,527763,384741,180036,6800,7042,31207,578621,609829,188163
2023-08-27,2023,8,27,port1188,Shanghai,China,CHN,39,38,12,4,15,93,108,317521,399597,10086,1136,35229,728341,763571,396824,249514,8626,4305,18332,659270,677603,188164
2023-08-28,2023,8,28,port1188,Shanghai,China,CHN,35,38,22,6,28,101,129,571485,368613,17107,2959,112706,960166,1072872,287665,329111,34933,6356,37273,658065,695339,188165
2023-08-29,2023,8,29,port1188,Shanghai,China,CHN,31,38,10,3,27,82,109,586720,481060,10315,2584,59437,1080681,1140118,258558,124134,9789,2924,14292,395407,409699,188166
2023-08-30,2023,8,30,port1188,Shanghai,China,CHN,37,33,9,3,28,82,110,641941,590363,11275,772,104608,1244352,1348961,227529,178703,10185,6243,68147,422661,490809,188167
2023-08-31,2023,8,31,port1188,Shanghai,China,CHN,35,43,18,4,15,100,115,193855,459616,26740,408,64526,680621,745147,358582,151506,13640,7496,16532,531225,547758,188168
2023-09-01,2023,9,1,port1188,Shanghai,China,CHN,31,31,19,5,23,86,109,193352,323481,7156,836,105841,524827,630668,350265,183956,32071,13750,24134,580043,604178,188169
2023-09-02,2023,9,2,port1188,Shanghai,China,CHN,34,35,9,2,21,80,101,359390,206706,11487,0,34469,577584,612054,181961,294732,18553,7734,72311,502982,575293,188170
2023-09-03,2023,9,3,port1188,Shanghai,China,CHN,34,45,13,5,21,97,118,263780,331964,17272,1508,80985,614526,695511,243478,377714,10036,7488,71590,638717,710308,188171
2023-09-04,2023,9,4,port1188,Shanghai,China,CHN,37,43,17,6,24,103,127,361987,647372,30272,2288,96959,1041920,1138880,368469,223991,25599,11098,82627,629159,711787,188172
2023-09-05,2023,9,5,port1188,Shanghai,China,CHN,31,35,14,4,16,84,100,565468,277352,25900,408,87995,869130,957125,215658,179119,16270,15188,48441,426236,474678,188173
2023-09-06,2023,9,6,port1188,Shanghai,China,CHN,28,42,15,6,20,91,111,187870,544789,13969,1526,163947,748155,912103,257846,168995,28104,7644,14235,462592,476827,188174
2023-09-07,2023,9,7,port1188,Shanghai,China,CHN,37,42,14,7,23,100,123,350559,317184,15922,4656,90364,688323,778688,384836,170271,16901,6150,14417,578160,592577,188175
2023-09-08,2023,9,8,port1188,Shanghai,China,CHN,39,35,11,7,21,92,113,180757,266346,17795,1254,132711,466154,598865,329608,250337,14967,16276,39665,611190,650855,188176
2023-09-09,2023,9,9,port1188,Shanghai,China,CHN,35,36,13,5,16,89,105,196198,243871,38943,3722,42760,482736,525496,214245,472940,11927,3208,31735,702322,734057,188177
2023-09-10,2023,9,10,port1188,Shanghai,China,CHN,39,29,13,6,19,87,106,606982,219720,10635,11317,104997,848655,953653,343543,107212,7692,4693,954,463142,464096,188178
2023-09-11,2023,9,11,port1188,Shanghai,China,CHN,32,37,15,5,28,89,117,260554,316358,22988,7852,40697,607753,648450,353764,532073,11653,1462,41893,898953,940846,188179
2023-09-12,2023,9,12,port1188,Shanghai,China,CHN,41,37,11,5,20,94,114,247526,403215,14886,1226,129361,666854,796216,294799,218941,5665,10249,16940,529655,546596,188180
2023-09-13,2023,9,13,port1188,Shanghai,China,CHN,40,35,9,2,17,86,103,634867,544281,19102,408,120936,1198660,1319596,346166,50002,4884,2487,5638,403540,409178,188181
2023-09-14,2023,9,14,port1188,Shanghai,China,CHN,36,39,17,5,28,97,125,419601,289971,14809,817,149154,725201,874355,328941,222712,17267,7034,11680,575955,587635,188182
2023-09-15,2023,9,15,port1188,Shanghai,China,CHN,39,33,15,9,13,96,109,248081,417339,15486,2538,38421,683445,721867,420371,281377,10910,11101,14751,723761,738513,188183
2023-09-16,2023,9,16,port1188,Shanghai,China,CHN,32,31,19,6,16,88,104,260263,380848,20338,1588,21964,663039,685003,250051,163803,15793,14770,91962,444419,536381,188184
2023-09-17,2023,9,17,port1188,Shanghai,China,CHN,35,24,14,5,25,78,103,313762,283600,28912,408,128190,626685,754875,235899,315996,14063,8817,96227,574777,671005,188185
2023-09-18,2023,9,18,port1188,Shanghai,China,CHN,41,40,23,5,25,109,134,603265,612083,21098,2299,92723,1238747,1331471,206467,157567,22122,8889,30781,395046,425828,188186
2023-09-19,2023,9,19,port1188,Shanghai,China,CHN,37,36,19,4,26,96,122,252085,336849,30030,1957,97019,620922,717942,330667,219424,21779,7191,78318,579063,657381,188187
2023-09-20,2023,9,20,port1188,Shanghai,China,CHN,32,25,13,4,17,74,91,354347,326510,12138,4289,91229,697285,788515,336650,199734,28944,5467,39326,570796,610122,188188
2023-09-21,2023,9,21,port1188,Shanghai,China,CHN,39,42,16,5,23,102,125,247530,364793,12011,2129,72789,626465,699255,326678,254850,28742,6675,25627,616946,642574,188189
2023-09-22,2023,9,22,port1188,Shanghai,China,CHN,39,29,10,3,24,81,105,218885,195561,20451,1162,42627,436060,478688,420248,259613,9621,0,59755,689482,749238,188190
2023-09-23,2023,9,23,port1188,Shanghai,China,CHN,38,27,13,6,22,84,106,286090,114343,24016,1226,46818,425677,472495,349736,265673,5011,5149,9005,625571,634576,188191
2023-09-24,2023,9,24,port1188,Shanghai,China,CHN,32,31,8,4,16,75,91,322065,227566,10828,1692,33309,562153,595462,285097,293447,13236,6975,60394,598757,659152,188192
2023-09-25,2023,9,25,port1188,Shanghai,China,CHN,33,37,14,4,24,88,112,203671,221976,10256,817,149658,436721,586380,263220,238532,7318,13985,49755,523057,572813,188193
2023-09-26,2023,9,26,port1188,Shanghai,China,CHN,40,38,7,4,18,89,107,190102,492531,10677,2878,101524,696189,797714,411036,301966,6221,3521,7899,722746,730645,188194
2023-09-27,2023,9,27,port1188,Shanghai,China,CHN,41,41,14,5,22,101,123,594478,306717,21425,1957,25845,924578,950423,362956,184992,10568,7433,56153,565951,622104,188195
2023-09-28,2023,9,28,port1188,Shanghai,China,CHN,36,50,18,6,15,110,125,167621,172155,29287,1226,41640,370291,411932,302544,268514,26691,7410,44180,605161,649342,188196
2023-09-29,2023,9,29,port1188,Shanghai,China,CHN,32,34,11,8,32,85,117,373847,311647,19256,3080,100041,707831,807872,344699,218469,7157,11727,73972,582054,656026,188197
2023-09-30,2023,9,30,port1188,Shanghai,China,CHN,30,37,18,5,27,90,117,132245,246323,13670,1736,103269,393976,497245,334299,211161,22519,11771,38707,579752,618459,188198
2023-10-01,2023,10,1,port1188,Shanghai,China,CHN,41,27,16,6,18,90,108,184108,220511,18226,6740,58874,429585,488459,335310,252448,25732,4345,11251,617836,629087,188199
2023-10-02,2023,10,2,port1188,Shanghai,China,CHN,34,36,12,3,20,85,105,370815,568239,17150,817,85024,957023,1042047,210573,260985,11351,5148,10882,488058,498941,188200
2023-10-03,2023,10,3,port1188,Shanghai,China,CHN,35,37,15,5,24,92,116,224688,274126,8513,4165,87985,511494,599479,446127,257423,27153,10799,15823,741503,757327,188201
2023-10-04,2023,10,4,port1188,Shanghai,China,CHN,30,30,12,4,24,76,100,536796,210423,8590,0,105568,755810,861379,195808,164334,7862,4156,123577,372163,495740,188202
2023-10-05,2023,10,5,port1188,Shanghai,China,CHN,29,21,14,3,22,67,89,197813,152529,12070,7204,66507,369618,436125,140000,204545,15678,4215,62962,364440,427403,188203
2023-10-06,2023,10,6,port1188,Shanghai,China,CHN,34,39,15,6,16,94,110,360874,259408,20611,1698,28829,642592,671422,188111,84949,12662,6267,8490,291991,300482,188204
2023-10-07,2023,10,7,port1188,Shanghai,China,CHN,23,15,3,5,17,46,63,352975,87315,8549,481,90983,449323,540306,239657,79860,3111,6488,25723,329118,354842,188205
2023-10-08,2023,10,8,port1188,Shanghai,China,CHN,26,34,11,3,11,74,85,401274,285829,6553,817,42873,694475,737348,126149,166625,8134,4088,19349,304998,324348,188206
2023-10-09,2023,10,9,port1188,Shanghai,China,CHN,28,32,15,2,20,77,97,271235,533637,24528,0,152347,829401,981748,179704,506069,14681,428,37891,700884,738776,188207
2023-10-10,2023,10,10,port1188,Shanghai,China,CHN,30,39,9,3,23,81,104,422123,312160,9738,192,127641,744215,871856,259625,156462,7053,6442,55716,429583,485300,188208
2023-10-11,2023,10,11,port1188,Shanghai,China,CHN,36,42,8,4,20,90,110,533478,322158,6556,1544,86778,863737,950516,315003,350048,5759,3951,14895,674763,689658,188209
2023-10-12,2023,10,12,port1188,Shanghai,China,CHN,30,32,15,7,16,84,100,399603,414597,22113,1226,103793,837541,941334,276245,111843,25002,9734,12890,422825,435715,188210
2023-10-13,2023,10,13,port1188,Shanghai,China,CHN,41,37,15,2,26,95,121,294098,412047,9083,408,39411,715637,755048,256689,284227,24665,11377,85908,576958,662867,188211
2023-10-14,2023,10,14,port1188,Shanghai,China,CHN,38,35,23,8,14,104,118,594829,202036,43680,6139,13277,846686,859963,334522,471614,16921,14285,20999,837344,858343,188212
2023-10-15,2023,10,15,port1188,Shanghai,China,CHN,34,26,14,4,23,78,101,543573,20780,21016,1520,163831,586890,750722,400959,413646,21015,6740,58506,842361,900868,188213
2023-10-16,2023,10,16,port1188,Shanghai,China,CHN,43,47,24,6,26,120,146,431463,487624,24821,2048,89121,945957,1035079,230685,472385,41933,7179,57228,752184,809412,188214
2023-10-17,2023,10,17,port1188,Shanghai,China,CHN,33,38,17,6,23,94,117,266413,645357,48511,874,193713,961157,1154870,261860,311866,16962,16521,33833,607211,641044,188215
2023-10-18,2023,10,18,port1188,Shanghai,China,CHN,34,43,14,4,21,95,116,285593,368417,32219,1208,71724,687438,759163,312773,262253,11362,3273,101929,589662,691591,188216
2023-10-19,2023,10,19,port1188,Shanghai,China,CHN,39,31,18,6,19,94,113,313163,414310,21637,3663,73241,752775,826016,471149,145468,31846,4984,47251,653449,700700,188217
2023-10-20,2023,10,20,port1188,Shanghai,China,CHN,38,45,15,4,19,102,121,344371,432278,25110,408,21389,802169,823558,395866,290023,11219,3431,22336,700541,722878,188218
2023-10-21,2023,10,21,port1188,Shanghai,China,CHN,42,38,9,6,15,95,110,220945,271881,20390,817,144783,514034,658818,403704,193824,7090,4686,8941,609305,618246,188219
2023-10-22,2023,10,22,port1188,Shanghai,China,CHN,35,33,11,3,21,82,103,229262,148139,3307,408,62117,381119,443236,350559,327036,24253,7831,83359,709681,793040,188220
2023-10-23,2023,10,23,port1188,Shanghai,China,CHN,37,42,15,5,15,99,114,414123,401084,7473,3782,27852,826464,854317,326392,216869,11981,2841,25293,558085,583379,188221
2023-10-24,2023,10,24,port1188,Shanghai,China,CHN,29,27,13,4,19,73,92,352644,441558,14855,4761,120790,813819,934609,197360,635769,18954,2924,56016,855009,911025,188222
2023-10-25,2023,10,25,port1188,Shanghai,China,CHN,30,32,27,6,15,95,110,323626,227996,46389,817,97457,598831,696288,371509,55239,60831,14910,19976,502490,522467,188223
2023-10-26,2023,10,26,port1188,Shanghai,China,CHN,36,30,16,6,13,88,101,189889,370447,53199,3804,37836,617341,655177,363102,156528,11011,11037,107619,541680,649299,188224
2023-10-27,2023,10,27,port1188,Shanghai,China,CHN,34,42,16,4,37,96,133,145886,490471,32704,408,117928,669471,787400,333919,261745,24680,7631,59082,627977,687060,188225
2023-10-28,2023,10,28,port1188,Shanghai,China,CHN,46,38,18,7,16,109,125,311648,138465,33124,1544,26616,484782,511399,351627,385103,15604,8991,6038,761327,767365,188226
2023-10-29,2023,10,29,port1188,Shanghai,China,CHN,32,40,15,4,15,91,106,165531,465550,34221,1199,67042,666502,733545,394373,123780,12078,0,45325,530231,575556,188227
2023-10-30,2023,10,30,port1188,Shanghai,China,CHN,38,42,13,3,18,96,114,372020,408956,26372,2366,15181,809716,824897,299500,206309,15154,2924,85866,523889,609756,188228
2023-10-31,2023,10,31,port1188,Shanghai,China,CHN,36,49,14,5,24,104,128,190510,517276,27890,1308,80906,736985,817892,461414,311981,10181,3180,37551,786758,824310,188229
2023-11-01,2023,11,1,port1188,Shanghai,China,CHN,37,27,9,5,21,78,99,302984,251313,8843,876,77896,564019,641915,286860,460406,33219,6720,335256,787206,1122462,188230
2023-11-02,2023,11,2,port1188,Shanghai,China,CHN,35,38,10,5,22,88,110,243366,482952,4006,408,106478,730733,837212,334889,169945,6703,4596,71446,516135,587581,188231
2023-11-03,2023,11,3,port1188,Shanghai,China,CHN,39,38,15,5,23,97,120,410545,310642,22233,1091,177460,744512,921972,427511,261037,13838,11829,14131,714216,728348,188232
2023-11-04,2023,11,4,port1188,Shanghai,China,CHN,44,38,12,6,18,100,118,277945,330085,9153,408,38889,617593,656482,385880,167189,22302,7248,70756,582620,653376,188233
2023-11-05,2023,11,5,port1188,Shanghai,China,CHN,37,22,15,2,11,76,87,374644,150987,14741,408,10101,540782,550884,242051,269936,10122,1975,28000,524085,552085,188234
2023-11-06,2023,11,6,port1188,Shanghai,China,CHN,39,29,14,5,25,87,112,224611,514079,42583,408,131732,781682,913415,350353,344009,13116,12554,20035,720033,740068,188235
2023-11-07,2023,11,7,port1188,Shanghai,China,CHN,34,37,11,4,21,86,107,301302,377776,17146,2288,52873,698513,751387,366722,179732,7315,1462,75595,555232,630827,188236
2023-11-08,2023,11,8,port1188,Shanghai,China,CHN,36,38,14,9,15,97,112,214176,538534,13717,3529,29710,769958,799669,392782,194574,14032,10105,16011,611494,627505,188237
2023-11-09,2023,11,9,port1188,Shanghai,China,CHN,40,47,12,2,20,101,121,273287,481966,14893,0,47773,770148,817921,435078,247989,9414,0,47048,692482,739530,188238
2023-11-10,2023,11,10,port1188,Shanghai,China,CHN,28,25,8,2,13,63,76,219273,215406,11022,0,51826,445702,497529,253903,102850,16837,5496,116318,379088,495406,188239
2023-11-11,2023,11,11,port1188,Shanghai,China,CHN,36,45,14,7,12,102,114,439843,526019,33363,5756,62211,1004982,1067193,180367,152595,15009,5525,5052,353497,358550,188240
2023-11-12,2023,11,12,port1188,Shanghai,China,CHN,36,28,10,4,15,78,93,273879,263493,15443,408,30365,553225,583590,235115,326960,19772,7100,14291,588949,603241,188241
2023-11-13,2023,11,13,port1188,Shanghai,China,CHN,38,34,13,4,28,89,117,222810,357510,46789,845,71095,627956,699052,373254,56070,16713,5567,85880,451606,537486,188242
2023-11-14,2023,11,14,port1188,Shanghai,China,CHN,36,35,17,7,21,95,116,152733,306325,30351,6224,66982,495634,562617,527727,271066,32990,7455,102361,839240,941601,188243
2023-11-15,2023,11,15,port1188,Shanghai,China,CHN,31,43,12,4,14,90,104,172908,222043,6579,2906,53745,404438,458184,256830,173486,16836,1917,37643,449071,486714,188244
2023-11-16,2023,11,16,port1188,Shanghai,China,CHN,34,28,15,2,16,79,95,196330,594512,13411,0,40602,804254,844856,373126,164316,27744,1806,72235,566994,639230,188245
2023-11-17,2023,11,17,port1188,Shanghai,China,CHN,40,30,9,1,19,80,99,314516,241845,2134,2701,70173,561197,631370,547732,183842,15677,0,25626,747252,772879,188246
2023-11-18,2023,11,18,port1188,Shanghai,China,CHN,36,31,18,8,22,93,115,639590,409987,10566,1635,53346,1061780,1115126,284286,387561,56474,13595,9241,741918,751159,188247
2023-11-19,2023,11,19,port1188,Shanghai,China,CHN,35,37,12,9,10,93,103,302724,389475,14630,2122,19064,708952,728017,269547,70548,15389,20562,59160,376048,435208,188248
2023-11-20,2023,11,20,port1188,Shanghai,China,CHN,36,31,18,7,25,92,117,523550,283012,16614,4462,57524,827639,885163,286087,73129,26247,8451,81038,393915,474953,188249
2023-11-21,2023,11,21,port1188,Shanghai,China,CHN,37,40,11,5,20,93,113,459849,392045,41072,363,65747,893330,959078,270279,190331,11780,1154,10774,473546,484320,188250
2023-11-22,2023,11,22,port1188,Shanghai,China,CHN,33,39,28,4,16,104,120,303266,401684,59050,1461,40734,765462,806197,316108,277653,25234,3954,13000,622951,635952,188251
2023-11-23,2023,11,23,port1188,Shanghai,China,CHN,38,30,19,2,17,89,106,313438,214132,29429,574,87798,557575,645374,236343,219202,16413,3295,11605,475255,486860,188252
2023-11-24,2023,11,24,port1188,Shanghai,China,CHN,33,34,9,5,26,81,107,445286,769527,14218,1617,49053,1230649,1279703,287187,76266,15958,15192,41546,394606,436152,188253
2023-11-25,2023,11,25,port1188,Shanghai,China,CHN,34,31,22,5,24,92,116,481083,205414,23221,192,56379,709912,766291,463151,277799,26630,9278,58513,776859,835372,188254
2023-11-26,2023,11,26,port1188,Shanghai,China,CHN,35,36,13,6,25,90,115,281143,430022,11524,6711,40828,729402,770230,462734,264344,26632,1883,50155,755595,805751,188255
2023-11-27,2023,11,27,port1188,Shanghai,China,CHN,45,31,20,6,22,102,124,363026,446332,24604,1226,67246,835191,902437,320705,111170,27937,16373,16861,476188,493049,188256
2023-11-28,2023,11,28,port1188,Shanghai,China,CHN,28,42,19,2,24,91,115,182708,262576,13988,1000,40575,460274,500849,278345,348117,24626,0,156858,651088,807946,188257
2023-11-29,2023,11,29,port1188,Shanghai,China,CHN,29,34,13,6,21,82,103,232491,631111,12840,1976,80832,878419,959252,256222,118833,24685,8464,41379,408207,449586,188258
2023-11-30,2023,11,30,port1188,Shanghai,China,CHN,36,40,12,4,19,92,111,746614,372318,11014,1226,35345,1131175,1166520,316862,143549,20399,5517,15938,486328,502267,188259
2023-12-01,2023,12,1,port1188,Shanghai,China,CHN,34,36,19,2,18,91,109,362847,411141,26005,3064,48948,803058,852007,363580,153958,14980,1610,22867,534129,556996,188260
2023-12-02,2023,12,2,port1188,Shanghai,China,CHN,36,32,18,9,16,95,111,371452,448196,26452,1917,58896,848019,906916,377362,222586,22004,17008,94296,638961,733258,188261
2023-12-03,2023,12,3,port1188,Shanghai,China,CHN,44,27,17,5,14,93,107,443804,198991,20682,1537,58036,665016,723053,295396,231462,5990,11773,29271,544621,573893,188262
2023-12-04,2023,12,4,port1188,Shanghai,China,CHN,30,39,8,7,31,84,115,320536,351768,13146,2344,157615,687795,845411,200702,289299,6447,8120,23886,504569,528456,188263
2023-12-05,2023,12,5,port1188,Shanghai,China,CHN,36,41,15,4,21,96,117,382343,462399,12815,817,84470,858375,942846,340603,248080,20071,9002,14219,617757,631977,188264
2023-12-06,2023,12,6,port1188,Shanghai,China,CHN,40,38,20,7,18,105,123,323814,344871,36089,1808,51451,706584,758036,530944,215443,26693,16758,113152,789840,902993,188265
2023-12-07,2023,12,7,port1188,Shanghai,China,CHN,33,30,18,5,24,86,110,382149,229779,28417,4978,103672,645324,748996,264323,190264,14296,4387,19299,473272,492571,188266
2023-12-08,2023,12,8,port1188,Shanghai,China,CHN,29,31,12,5,18,77,95,97443,190863,9557,3825,98329,301690,400019,324615,464372,14811,10253,30197,814052,844250,188267
2023-12-09,2023,12,9,port1188,Shanghai,China,CHN,36,38,14,8,21,96,117,225877,244039,19446,1890,47129,491254,538383,337864,411079,20845,15653,65798,785443,851241,188268
2023-12-10,2023,12,10,port1188,Shanghai,China,CHN,22,17,5,3,4,47,51,259109,139238,13192,817,6453,412358,418812,252110,79988,1979,2924,6496,337004,343500,188269
2023-12-11,2023,12,11,port1188,Shanghai,China,CHN,28,42,15,4,18,89,107,202942,307730,12595,1957,62401,525226,587628,352856,400820,17198,5131,36590,776006,812596,188270
2023-12-12,2023,12,12,port1188,Shanghai,China,CHN,36,33,11,5,13,85,98,532697,377563,12893,4032,29341,927187,956529,472307,221890,13251,3139,2471,710589,713061,188271
2023-12-13,2023,12,13,port1188,Shanghai,China,CHN,36,27,17,6,26,86,112,238341,370700,20316,4569,67696,633928,701624,419817,143881,12617,7726,34288,584043,618331,188272
2023-12-14,2023,12,14,port1188,Shanghai,China,CHN,36,23,15,5,20,79,99,185105,251745,29333,1226,209121,467411,676532,327406,44534,7070,4387,89100,383398,472499,188273
2023-12-15,2023,12,15,port1188,Shanghai,China,CHN,38,30,11,3,19,82,101,379112,147056,10810,2626,80986,539606,620592,347727,204201,27721,5002,6275,584654,590929,188274
2023-12-16,2023,12,16,port1188,Shanghai,China,CHN,27,16,3,1,9,47,56,502371,104680,2149,436,16284,609638,625922,180063,203208,5663,0,64277,388935,453213,188275
2023-12-17,2023,12,17,port1188,Shanghai,China,CHN,23,42,15,10,28,90,118,350701,317853,25864,2185,86086,696604,782691,149742,413596,20900,17046,23383,601286,624669,188276
2023-12-18,2023,12,18,port1188,Shanghai,China,CHN,39,28,12,3,15,82,97,361796,437668,31630,513,56095,831608,887704,429022,133954,2629,4913,6727,570520,577248,188277
2023-12-19,2023,12,19,port1188,Shanghai,China,CHN,29,28,12,3,22,72,94,514260,403683,8205,0,84843,926149,1010993,256278,154890,5941,13801,38941,430911,469852,188278
2023-12-20,2023,12,20,port1188,Shanghai,China,CHN,32,26,14,3,13,75,88,475215,209420,10833,362,10453,695831,706285,361633,125224,22104,3098,46186,512061,558248,188279
2023-12-21,2023,12,21,port1188,Shanghai,China,CHN,19,22,13,3,11,57,68,141449,160120,41750,563,31594,343883,375478,150895,67676,12657,0,9434,231229,240663,188280
2023-12-22,2023,12,22,port1188,Shanghai,China,CHN,44,41,21,5,39,111,150,427767,168974,16663,1982,156254,615388,771642,394351,240256,35658,8765,108452,679032,787484,188281
2023-12-23,2023,12,23,port1188,Shanghai,China,CHN,38,36,10,4,18,88,106,533762,456318,44233,817,86370,1035131,1121502,233008,202733,10683,9150,24770,455577,480347,188282
2023-12-24,2023,12,24,port1188,Shanghai,China,CHN,30,29,19,4,18,82,100,306616,320915,44426,408,79627,672366,751994,335045,198916,16715,6470,42777,557147,599925,188283
2023-12-25,2023,12,25,port1188,Shanghai,China,CHN,32,38,19,6,30,95,125,229208,299778,3673,6092,108858,538753,647611,381956,169260,47909,3857,72682,602984,675667,188284
2023-12-26,2023,12,26,port1188,Shanghai,China,CHN,39,35,22,3,10,99,109,375368,315884,53172,408,24653,744835,769488,281704,368483,20452,6873,48068,677514,725582,188285
2023-12-27,2023,12,27,port1188,Shanghai,China,CHN,28,36,9,3,24,76,100,506862,332779,15895,408,91568,855945,947513,231090,320229,12520,11121,78955,574961,653917,188286
2023-12-28,2023,12,28,port1188,Shanghai,China,CHN,10,7,3,1,2,21,23,147998,126800,0,0,17136,274799,291935,153055,23133,5170,461,842,181821,182664,188287
2023-12-29,2023,12,29,port1188,Shanghai,China,CHN,0,1,0,1,3,2,5,0,0,0,0,51266,0,51266,0,0,0,181,1720,181,1902,188288
2023-12-30,2023,12,30,port1188,Shanghai,China,CHN,56,73,29,6,25,164,189,611616,565810,14782,1500,34346,1193710,1228057,381068,371225,39471,20069,127334,811835,939170,188289
2023-12-31,2023,12,31,port1188,Shanghai,China,CHN,37,43,14,5,25,99,124,529212,358052,16482,408,151996,904157,1056153,312619,273810,20708,9494,11802,616632,628435,188290
2024-01-01,2024,1,1,port1188,Shanghai,China,CHN,46,29,17,6,24,98,122,412793,278304,44045,845,60078,735988,796067,301411,284216,6376,5741,35824,597745,633569,188291
2024-01-02,2024,1,2,port1188,Shanghai,China,CHN,34,37,17,4,23,92,115,674034,254686,24579,5567,100632,958867,1059499,329935,257999,32274,5541,16910,625751,642661,188292
2024-01-03,2024,1,3,port1188,Shanghai,China,CHN,43,49,16,6,19,114,133,210993,324892,15343,817,60715,552047,612763,435053,334626,12607,6166,48508,788454,836962,188293
2024-01-04,2024,1,4,port1188,Shanghai,China,CHN,40,44,14,7,28,105,133,268431,545565,26364,817,87064,841179,928243,405107,220533,15312,17099,21368,658052,679420,188294
2024-01-05,2024,1,5,port1188,Shanghai,China,CHN,34,44,17,4,25,99,124,412797,368742,12516,2592,47029,796648,843678,314507,405278,18826,13491,82014,752103,834118,188295
2024-01-06,2024,1,6,port1188,Shanghai,China,CHN,32,23,11,5,10,71,81,205469,106937,14939,683,48487,328028,376515,248609,151827,5257,4022,8383,409717,418101,188296
2024-01-07,2024,1,7,port1188,Shanghai,China,CHN,38,53,16,5,20,112,132,288229,421727,30156,1117,65553,741231,806784,379945,518291,26844,2049,69665,927131,996796,188297
2024-01-08,2024,1,8,port1188,Shanghai,China,CHN,40,48,18,9,26,115,141,316688,498865,25522,3184,92714,844260,936975,404970,523954,20026,11384,23314,960336,983650,188298
2024-01-09,2024,1,9,port1188,Shanghai,China,CHN,35,31,11,6,24,83,107,457176,214351,17970,561,138905,690059,828965,248187,186229,19412,16917,17381,470747,488128,188299
2024-01-10,2024,1,10,port1188,Shanghai,China,CHN,34,47,11,4,24,96,120,331368,621674,7630,5136,94706,965810,1060516,275473,339867,12952,1462,19575,629755,649331,188300
2024-01-11,2024,1,11,port1188,Shanghai,China,CHN,34,39,10,6,23,89,112,227524,234336,12331,2344,103214,476537,579752,396671,566418,16093,11324,22027,990507,1012534,188301
2024-01-12,2024,1,12,port1188,Shanghai,China,CHN,43,44,23,6,28,116,144,421364,492976,44539,3649,54489,962529,1017019,314673,350796,15695,6836,104632,688002,792635,188302
2024-01-13,2024,1,13,port1188,Shanghai,China,CHN,37,40,14,2,25,93,118,106649,428425,25492,1128,154694,561696,716391,443902,251254,28018,550,62110,723725,785836,188303
2024-01-14,2024,1,14,port1188,Shanghai,China,CHN,37,25,10,5,12,77,89,102394,151536,10780,1226,24288,265938,290227,492367,289889,14569,5481,15791,802307,818098,188304
2024-01-15,2024,1,15,port1188,Shanghai,China,CHN,44,45,26,2,13,117,130,357420,515875,41400,1957,11263,916653,927917,569047,198281,39617,1462,155593,808409,964002,188305
2024-01-16,2024,1,16,port1188,Shanghai,China,CHN,37,32,9,3,20,81,101,413742,370937,14867,408,58135,799956,858092,340924,169991,3867,1974,76289,516757,593046,188306
2024-01-17,2024,1,17,port1188,Shanghai,China,CHN,36,33,18,6,27,93,120,423524,502294,13595,817,122428,940232,1062660,392560,285799,20761,6850,29178,705972,735151,188307
2024-01-18,2024,1,18,port1188,Shanghai,China,CHN,35,40,19,7,24,101,125,281099,485514,19001,2047,22190,787663,809854,334622,147727,18119,12932,20669,513403,534073,188308
2024-01-19,2024,1,19,port1188,Shanghai,China,CHN,38,37,13,5,24,93,117,401426,721214,24737,408,42134,1147787,1189922,253271,184131,15818,7163,22123,460385,482508,188309
2024-01-20,2024,1,20,port1188,Shanghai,China,CHN,34,37,5,3,26,79,105,116207,536500,1573,436,126288,654717,781005,418969,387428,12217,0,31396,818615,850011,188310
2024-01-21,2024,1,21,port1188,Shanghai,China,CHN,31,36,7,3,14,77,91,216150,445021,6096,0,49063,667268,716331,305636,164243,13348,2855,11931,486083,498014,188311
2024-01-22,2024,1,22,port1188,Shanghai,China,CHN,34,30,15,2,11,81,92,131983,242685,29995,0,9945,404664,414609,453396,213824,21049,8236,4683,696507,701190,188312
2024-01-23,2024,1,23,port1188,Shanghai,China,CHN,36,40,12,2,12,90,102,407238,584698,13446,0,54516,1005383,1059900,402794,166410,16902,4660,76971,590767,667739,188313
2024-01-24,2024,1,24,port1188,Shanghai,China,CHN,25,43,18,6,29,92,121,233962,741660,22506,6621,122744,1004751,1127495,363534,158188,23836,11115,46831,556675,603506,188314
2024-01-25,2024,1,25,port1188,Shanghai,China,CHN,30,36,16,7,14,89,103,344958,395406,22830,2715,42130,765911,808042,292225,358146,20185,8262,19552,678820,698372,188315
2024-01-26,2024,1,26,port1188,Shanghai,China,CHN,39,38,11,4,28,92,120,213204,356084,22474,2641,99436,594405,693841,421595,363784,8134,2924,43689,796439,840129,188316
2024-01-27,2024,1,27,port1188,Shanghai,China,CHN,37,35,17,3,24,92,116,186813,279036,28716,408,144661,494975,639637,397545,407499,13220,10957,86040,829223,915264,188317
2024-01-28,2024,1,28,port1188,Shanghai,China,CHN,36,44,16,7,30,103,133,311179,840669,30361,5045,93838,1187255,1281093,307726,443762,30287,6274,181018,788050,969068,188318
2024-01-29,2024,1,29,port1188,Shanghai,China,CHN,32,54,18,5,21,109,130,324297,672159,30494,1332,118984,1028283,1147268,299106,196057,18157,4263,75122,517584,592706,188319
2024-01-30,2024,1,30,port1188,Shanghai,China,CHN,18,24,4,3,11,49,60,227595,224083,0,817,23900,452496,476396,136438,79002,7860,2924,12108,226225,238334,188320
2024-01-31,2024,1,31,port1188,Shanghai,China,CHN,0,1,0,2,5,3,8,0,11142,0,1738,18441,12880,31322,0,7711,0,1462,5056,9173,14230,188321
2024-02-01,2024,2,1,port1188,Shanghai,China,CHN,48,72,20,5,44,145,189,247170,606722,28225,408,90411,882527,972939,502643,338499,13537,2995,54089,857677,911766,188322
2024-02-02,2024,2,2,port1188,Shanghai,China,CHN,38,32,11,7,24,88,112,287631,481360,40367,3892,151299,813252,964551,361610,360387,15183,16658,50946,753840,804787,188323
2024-02-03,2024,2,3,port1188,Shanghai,China,CHN,36,33,14,4,21,87,108,285104,359468,10788,817,74435,656179,730614,283778,178459,11206,7981,23623,481425,505049,188324
2024-02-04,2024,2,4,port1188,Shanghai,China,CHN,36,31,7,5,13,79,92,178063,311467,7661,2501,106255,499694,605949,405004,230957,23396,2924,9832,662283,672115,188325
2024-02-05,2024,2,5,port1188,Shanghai,China,CHN,33,41,12,3,25,89,114,283733,940643,20864,964,106614,1246206,1352821,471174,401244,10340,4142,32726,886901,919627,188326
2024-02-06,2024,2,6,port1188,Shanghai,China,CHN,33,41,17,6,31,97,128,108143,663295,22525,2071,136662,796036,932698,405297,537264,26451,4735,72687,973749,1046437,188327
2024-02-07,2024,2,7,port1188,Shanghai,China,CHN,33,51,12,6,22,102,124,125676,622511,6747,408,71332,755343,826676,487025,725305,22607,7834,19852,1242772,1262625,188328
2024-02-08,2024,2,8,port1188,Shanghai,China,CHN,33,49,17,12,26,111,137,186493,741912,39214,2704,62733,970324,1033057,274974,460905,13343,20890,116762,770114,886876,188329
2024-02-09,2024,2,9,port1188,Shanghai,China,CHN,34,23,11,2,12,70,82,292827,286444,981,0,63263,580253,643516,376713,181077,13345,10114,5071,581250,586322,188330
2024-02-10,2024,2,10,port1188,Shanghai,China,CHN,41,28,10,3,30,82,112,116278,468859,1661,3351,136974,590151,727126,414811,104475,47028,5178,8275,571494,579769,188331
2024-02-11,2024,2,11,port1188,Shanghai,China,CHN,32,35,12,5,23,84,107,83376,594154,28693,0,102526,706224,808751,352381,178340,28798,7553,4834,567073,571908,188332
2024-02-12,2024,2,12,port1188,Shanghai,China,CHN,42,47,15,4,26,108,134,207832,623620,15506,1208,87536,848168,935704,482377,473407,34772,1462,95426,992019,1087446,188333
2024-02-13,2024,2,13,port1188,Shanghai,China,CHN,33,46,13,5,21,97,118,137338,734954,7026,1151,36498,880471,916970,376031,246190,19181,16322,32797,657726,690523,188334
2024-02-14,2024,2,14,port1188,Shanghai,China,CHN,31,39,16,2,23,88,111,201917,249484,28294,583,93229,480280,573509,235892,389773,19936,0,38292,645602,683895,188335
2024-02-15,2024,2,15,port1188,Shanghai,China,CHN,22,37,14,3,17,76,93,181996,442705,29345,408,41951,654456,696408,175586,447463,9958,1462,29934,634470,664404,188336
2024-02-16,2024,2,16,port1188,Shanghai,China,CHN,29,54,13,3,28,99,127,345059,568841,8081,1285,72969,923267,996236,206163,471137,14610,2924,59194,694836,754030,188337
2024-02-17,2024,2,17,port1188,Shanghai,China,CHN,31,42,8,6,22,87,109,342828,301433,8328,1181,48678,653771,702450,149319,432434,5980,3891,23176,591626,614802,188338
2024-02-18,2024,2,18,port1188,Shanghai,China,CHN,18,29,12,5,13,64,77,298373,338783,29439,0,25799,666597,692397,91230,137158,7506,5810,40470,241706,282177,188339
2024-02-19,2024,2,19,port1188,Shanghai,China,CHN,27,33,21,3,19,84,103,400941,297696,63412,408,41198,762459,803657,146368,137658,18645,3891,59813,306565,366378,188340
2024-02-20,2024,2,20,port1188,Shanghai,China,CHN,21,32,17,4,18,74,92,542241,175263,12100,3795,107400,733401,840802,86041,282233,24866,9394,60296,402535,462832,188341
2024-02-21,2024,2,21,port1188,Shanghai,China,CHN,26,34,10,2,24,72,96,713840,340188,15019,0,54588,1069048,1123636,133375,72947,11185,9017,70070,226525,296596,188342
2024-02-22,2024,2,22,port1188,Shanghai,China,CHN,33,21,9,1,18,64,82,457839,486255,21247,799,24465,966141,990606,229479,55760,20333,0,17870,305573,323443,188343
2024-02-23,2024,2,23,port1188,Shanghai,China,CHN,30,23,10,5,20,68,88,260693,259515,24135,408,81572,544754,626326,223881,289581,10230,1462,27365,525156,552522,188344
2024-02-24,2024,2,24,port1188,Shanghai,China,CHN,37,44,12,7,11,100,111,410428,481257,15947,2420,18189,910054,928243,177279,110506,24817,5209,3352,317813,321166,188345
2024-02-25,2024,2,25,port1188,Shanghai,China,CHN,31,24,15,3,12,73,85,232633,404614,18653,408,56806,656310,713117,168915,75133,12547,1462,10421,258057,268479,188346
2024-02-26,2024,2,26,port1188,Shanghai,China,CHN,38,30,19,7,28,94,122,285096,288341,14069,2465,108916,589973,698889,239684,192732,18937,6242,73974,457597,531571,188347
2024-02-27,2024,2,27,port1188,Shanghai,China,CHN,36,30,18,5,17,89,106,510676,486271,27681,1638,53420,1026268,1079689,360966,102157,26262,4891,13678,494277,507955,188348
2024-02-28,2024,2,28,port1188,Shanghai,China,CHN,41,34,16,3,33,94,127,573063,418397,17007,772,138715,1009240,1147956,319667,207258,17611,1462,30449,545999,576449,188349
2024-02-29,2024,2,29,port1188,Shanghai,China,CHN,43,39,13,4,31,99,130,389946,496841,21867,408,126118,909064,1035183,182981,301237,21465,10058,54170,515743,569914,188350
2024-03-01,2024,3,1,port1188,Shanghai,China,CHN,44,52,20,4,23,120,143,439180,808462,31419,2357,80557,1281420,1361977,338769,687198,11504,5239,56345,1042713,1099058,188351
2024-03-02,2024,3,2,port1188,Shanghai,China,CHN,38,68,15,5,41,126,167,248311,1452045,25055,408,179658,1725821,1905479,326854,783017,34783,2206,74965,1146861,1221827,188352
2024-03-03,2024,3,3,port1188,Shanghai,China,CHN,37,59,13,8,27,117,144,178841,838942,23571,5774,81316,1047130,1128446,407517,585948,14187,9591,81537,1017244,1098782,188353
2024-03-04,2024,3,4,port1188,Shanghai,China,CHN,29,40,6,2,32,77,109,238714,616350,8994,817,133829,864878,998707,200283,547552,1314,2924,110298,752075,862373,188354
2024-03-05,2024,3,5,port1188,Shanghai,China,CHN,35,43,23,5,29,106,135,212633,552046,39686,1226,79036,805593,884630,282747,433636,43679,7372,58334,767435,825769,188355
2024-03-06,2024,3,6,port1188,Shanghai,China,CHN,42,54,17,8,25,121,146,333500,1246489,53518,1498,75144,1635006,1710151,282767,701154,19021,16582,41789,1019525,1061315,188356
2024-03-07,2024,3,7,port1188,Shanghai,China,CHN,39,57,20,8,37,124,161,442090,673317,22285,817,91109,1138512,1229621,309051,1486462,30737,12145,80887,1838397,1919285,188357
2024-03-08,2024,3,8,port1188,Shanghai,China,CHN,38,52,14,4,30,108,138,548217,582093,10828,919,45712,1142060,1187772,284909,1174794,21654,4401,115375,1485760,1601135,188358
2024-03-09,2024,3,9,port1188,Shanghai,China,CHN,43,58,20,3,32,124,156,382141,749951,32605,408,54131,1165107,1219239,407639,773322,28324,5856,95897,1215142,1311039,188359
2024-03-10,2024,3,10,port1188,Shanghai,China,CHN,39,62,23,5,21,129,150,163296,1148618,31767,1226,93446,1344909,1438355,283323,708301,31170,10358,64379,1033154,1097533,188360
2024-03-11,2024,3,11,port1188,Shanghai,China,CHN,35,62,29,8,31,134,165,261033,961732,51104,817,152456,1274687,1427144,300770,745947,34135,21010,116957,1101863,1218821,188361
2024-03-12,2024,3,12,port1188,Shanghai,China,CHN,34,61,21,7,34,123,157,579292,913345,46934,4366,110967,1543939,1654906,208053,881350,23687,3436,62099,1116528,1178627,188362
2024-03-13,2024,3,13,port1188,Shanghai,China,CHN,41,53,17,5,35,116,151,535826,404406,26249,0,156845,966482,1123327,535467,828957,17807,10288,142889,1392520,1535409,188363
2024-03-14,2024,3,14,port1188,Shanghai,China,CHN,41,50,16,7,40,114,154,224521,1005944,24593,8488,110335,1263548,1373883,456584,821318,20680,1749,78431,1300333,1378764,188364
2024-03-15,2024,3,15,port1188,Shanghai,China,CHN,42,67,23,5,32,137,169,218342,715184,35746,273,78289,969546,1047836,427866,1135995,52685,3104,116335,1619651,1735987,188365
2024-03-16,2024,3,16,port1188,Shanghai,China,CHN,5,11,5,2,16,23,39,55826,106536,6553,817,45443,169734,215178,7134,95607,2586,2924,76517,108252,184770,188366
2024-03-17,2024,3,17,port1188,Shanghai,China,CHN,51,88,35,8,42,182,224,262298,907685,61226,3850,93053,1235061,1328114,397848,1969533,29019,9676,188137,2406078,2594215,188367
2024-03-18,2024,3,18,port1188,Shanghai,China,CHN,38,59,30,8,45,135,180,281564,1084756,44499,547,135839,1411366,1547206,338752,729735,37533,2911,94834,1108934,1203768,188368
2024-03-19,2024,3,19,port1188,Shanghai,China,CHN,43,53,19,5,30,120,150,275741,687399,17341,0,54318,980482,1034800,434199,464526,15884,8698,220400,923308,1143709,188369
2024-03-20,2024,3,20,port1188,Shanghai,China,CHN,41,62,19,3,38,125,163,300845,1168824,38182,0,136623,1507853,1644476,425972,858187,36472,1750,26262,1322383,1348645,188370
2024-03-21,2024,3,21,port1188,Shanghai,China,CHN,37,57,14,5,38,113,151,366434,408521,36823,0,190031,811780,1001812,239571,1080225,16984,4265,111908,1341046,1452954,188371
2024-03-22,2024,3,22,port1188,Shanghai,China,CHN,41,65,18,5,34,129,163,474529,940343,24438,2456,85386,1441768,1527154,507594,1014581,18384,7446,123444,1548007,1671452,188372
2024-03-23,2024,3,23,port1188,Shanghai,China,CHN,38,55,21,8,35,122,157,382594,647538,39711,817,196440,1070662,1267102,239074,1142315,27450,17387,106048,1426227,1532276,188373
2024-03-24,2024,3,24,port1188,Shanghai,China,CHN,31,36,16,6,21,89,110,198094,363686,49550,2455,71729,613786,685515,275071,455008,31719,11493,95910,773291,869202,188374
2024-03-25,2024,3,25,port1188,Shanghai,China,CHN,34,61,21,5,34,121,155,178963,1982637,22396,273,121226,2184271,2305498,285347,1150048,21111,3515,192932,1460023,1652955,188375
2024-03-26,2024,3,26,port1188,Shanghai,China,CHN,44,59,20,10,38,133,171,561041,1264801,32905,890,168901,1859639,2028540,372771,922115,42371,9493,118065,1346752,1464817,188376
2024-03-27,2024,3,27,port1188,Shanghai,China,CHN,41,48,26,6,26,121,147,291050,753608,52021,1226,68962,1097907,1166869,504389,575826,31889,10192,197606,1122297,1319904,188377
2024-03-28,2024,3,28,port1188,Shanghai,China,CHN,38,62,29,4,38,133,171,213887,1204411,48761,446,121925,1467507,1589432,504637,567528,33322,4988,77653,1110476,1188130,188378
2024-03-29,2024,3,29,port1188,Shanghai,China,CHN,37,59,23,3,34,122,156,175631,1137371,32797,602,283972,1346403,1630376,326474,698206,26346,12115,106402,1063144,1169546,188379
2024-03-30,2024,3,30,port1188,Shanghai,China,CHN,39,33,15,6,22,93,115,467790,339474,18644,436,54345,826346,880691,225929,162565,17617,17883,71745,423996,495741,188380
2024-03-31,2024,3,31,port1188,Shanghai,China,CHN,26,41,16,5,13,88,101,485362,470645,30085,817,15577,986911,1002488,232660,421954,17191,6947,108513,678753,787267,188381
2024-04-01,2024,4,1,port1188,Shanghai,China,CHN,37,36,16,3,16,92,108,321070,405288,14037,876,13458,741273,754731,359926,155314,43344,5473,48085,564058,612143,188382
2024-04-02,2024,4,2,port1188,Shanghai,China,CHN,44,27,12,5,29,88,117,352448,766024,17226,1226,125537,1136926,1262464,357987,71364,10279,7390,27478,447021,474499,188383
2024-04-03,2024,4,3,port1188,Shanghai,China,CHN,34,42,17,7,25,100,125,329200,367175,29947,4066,82286,730389,812675,454921,280955,19495,8831,13209,764204,777414,188384
2024-04-04,2024,4,4,port1188,Shanghai,China,CHN,35,35,28,6,34,104,138,288081,488933,43218,855,99272,821088,920361,196830,199859,25439,16185,94010,438315,532325,188385
2024-04-05,2024,4,5,port1188,Shanghai,China,CHN,40,53,20,5,33,118,151,360757,677229,16729,817,141222,1055534,1196756,395991,791751,14960,10042,40016,1212746,1252763,188386
2024-04-06,2024,4,6,port1188,Shanghai,China,CHN,42,38,15,3,21,98,119,255077,429895,42646,0,29096,727619,756716,384116,479790,18786,10188,182266,892882,1075149,188387
2024-04-07,2024,4,7,port1188,Shanghai,China,CHN,44,43,10,6,30,103,133,328117,595212,9189,4319,43947,936838,980785,406320,203655,10640,2924,73757,623542,697299,188388
2024-04-08,2024,4,8,port1188,Shanghai,China,CHN,37,54,23,5,27,119,146,241151,737917,29130,3886,47245,1012085,1059330,398926,730665,14879,7636,123351,1152108,1275460,188389
2024-04-09,2024,4,9,port1188,Shanghai,China,CHN,42,44,27,7,25,120,145,321976,546716,28567,4501,107472,901760,1009232,432491,565436,51059,16407,82373,1065394,1147768,188390
2024-04-10,2024,4,10,port1188,Shanghai,China,CHN,42,65,26,4,37,137,174,265770,1053810,44614,2448,107987,1366644,1474631,561273,744726,40307,7108,53025,1353416,1406442,188391
2024-04-11,2024,4,11,port1188,Shanghai,China,CHN,37,62,15,5,52,119,171,239515,1040562,25495,2554,178426,1308128,1486555,251811,805752,9207,3995,118826,1070767,1189593,188392
2024-04-12,2024,4,12,port1188,Shanghai,China,CHN,34,55,28,3,40,120,160,277803,1102316,56959,1226,135620,1438305,1573925,389987,656941,38394,4387,114442,1089710,1204152,188393
2024-04-13,2024,4,13,port1188,Shanghai,China,CHN,20,24,7,2,19,53,72,281018,296400,9593,0,21399,587012,608412,159930,481561,7380,874,42554,649746,692301,188394
2024-04-14,2024,4,14,port1188,Shanghai,China,CHN,22,23,8,2,21,55,76,127948,206067,4453,408,52927,338879,391807,143762,256613,4298,1925,47482,406601,454084,188395
2024-04-15,2024,4,15,port1188,Shanghai,China,CHN,40,63,38,3,52,144,196,226439,609230,81147,0,159290,916817,1076107,387167,1339629,43932,2221,192000,1772951,1964952,188396
2024-04-16,2024,4,16,port1188,Shanghai,China,CHN,46,45,20,7,20,118,138,311152,415010,33339,408,75223,759911,835134,488859,205027,19339,14969,19984,728195,748179,188397
2024-04-17,2024,4,17,port1188,Shanghai,China,CHN,48,43,13,6,27,110,137,332211,368719,21238,845,70029,723015,793044,450779,537300,21188,6526,47098,1015794,1062893,188398
2024-04-18,2024,4,18,port1188,Shanghai,China,CHN,38,49,30,10,29,127,156,263961,673456,86313,1581,86480,1025312,1111793,388068,352910,22193,7948,65849,771120,836969,188399
2024-04-19,2024,4,19,port1188,Shanghai,China,CHN,39,62,26,3,30,130,160,374675,995603,60840,408,98459,1431528,1529988,309725,491217,70359,5168,75386,876472,951858,188400
2024-04-20,2024,4,20,port1188,Shanghai,China,CHN,43,56,31,7,30,137,167,598238,1203103,29249,10269,143943,1840861,1984804,354086,605855,48320,2924,96575,1011187,1107763,188401
2024-04-21,2024,4,21,port1188,Shanghai,China,CHN,37,51,20,7,48,115,163,464423,749093,37960,855,207836,1252333,1460169,350710,620643,42105,11520,179900,1024980,1204880,188402
2024-04-22,2024,4,22,port1188,Shanghai,China,CHN,36,67,31,8,33,142,175,313408,674037,51325,1226,112382,1039997,1152380,551266,1129410,35521,13939,90738,1730138,1820876,188403
2025-05-28,2025,5,28,port1188,Shanghai,China,CHN,38,51,14,7,33,110,143,386668,621774,44446,1226,133487,1054116,1187603,556871,445381,8584,19918,33649,1030756,1064405,188404
2025-05-29,2025,5,29,port1188,Shanghai,China,CHN,40,46,11,8,20,105,125,354948,608440,19553,1419,75285,984361,1059647,225441,170347,17071,18721,57212,431581,488793,188405
2026-07-03,2026,7,3,port1188,Shanghai,China,CHN,33,27,10,9,14,79,93,515981,335576,26295,2026,98461,879879,978341,322981,54360,8689,17445,55432,403477,458909,188406
2024-04-24,2024,4,24,port1188,Shanghai,China,CHN,40,62,25,8,35,135,170,312244,616155,48928,408,115467,977737,1093204,519540,982728,77474,12612,120978,1592355,1713334,188409
2026-07-04,2026,7,4,port1188,Shanghai,China,CHN,32,19,7,6,18,64,82,415097,87534,1438,0,95730,504070,599801,373139,83033,18435,871,35021,475480,510502,188410
2025-05-30,2025,5,30,port1188,Shanghai,China,CHN,39,41,14,8,23,102,125,443173,325791,24138,1114,73844,794217,868062,374363,432640,14300,5057,26580,826361,852942,188412
2024-04-25,2024,4,25,port1188,Shanghai,China,CHN,44,58,17,3,35,122,157,251212,529895,20618,0,158665,801726,960392,609306,1336325,23789,2467,99563,1971890,2071454,188413
2026-07-05,2026,7,5,port1188,Shanghai,China,CHN,33,21,13,5,20,72,92,538985,185209,15809,0,95109,740004,835113,315627,212261,15184,16401,71771,559474,631246,188414
2025-05-31,2025,5,31,port1188,Shanghai,China,CHN,39,42,19,5,15,105,120,154024,651228,43874,1635,30203,850763,880967,432516,315675,37631,5849,9425,791673,801099,188416
2024-04-26,2024,4,26,port1188,Shanghai,China,CHN,44,57,24,7,23,132,155,474712,1113776,70279,1958,181281,1660727,1842009,463858,601833,14840,6750,93893,1087283,1181177,188417
2026-07-06,2026,7,6,port1188,Shanghai,China,CHN,35,29,9,4,16,77,93,364787,333983,9867,2830,38402,711468,749870,334127,380741,20255,8458,107471,743582,851053,188418
2025-06-01,2025,6,1,port1188,Shanghai,China,CHN,36,33,8,9,13,86,99,411717,284253,7878,1501,53813,705351,759165,350594,321254,11216,14183,78813,697249,776062,188420
2024-04-27,2024,4,27,port1188,Shanghai,China,CHN,44,65,21,4,33,134,167,400445,962847,62571,408,116150,1426273,1542423,404819,1182403,27002,5905,209138,1620130,1829269,188421
2026-07-07,2026,7,7,port1188,Shanghai,China,CHN,37,35,11,10,14,93,107,429104,320858,10254,1226,78055,761443,839499,412377,125918,26158,28825,30641,593279,623921,188422
2025-06-02,2025,6,2,port1188,Shanghai,China,CHN,39,43,15,9,31,106,137,640215,369476,27254,2112,157635,1039058,1196693,191905,161284,8154,10906,106441,372252,478693,188424
2024-04-28,2024,4,28,port1188,Shanghai,China,CHN,8,4,1,1,3,14,17,57718,99460,0,0,7737,157179,164917,43074,1820,2897,0,4831,47792,52623,188425
2026-07-08,2026,7,8,port1188,Shanghai,China,CHN,33,32,11,3,12,79,91,373725,550000,9158,0,9830,932885,942715,390970,85623,8702,8453,53279,493749,547029,188426
2025-06-03,2025,6,3,port1188,Shanghai,China,CHN,39,43,14,9,22,105,127,244867,235825,3371,1635,83926,485699,569626,535037,389033,19152,18460,78246,961683,1039930,188428
2024-04-29,2024,4,29,port1188,Shanghai,China,CHN,45,67,28,9,15,149,164,390084,575679,42602,2697,34156,1011063,1045220,333252,1101274,34934,16414,28630,1485876,1514506,188429
2026-07-09,2026,7,9,port1188,Shanghai,China,CHN,32,14,5,2,5,53,58,205737,153092,7869,408,3809,367108,370918,244501,48458,17079,4084,55392,314124,369516,188430
2025-06-04,2025,6,4,port1188,Shanghai,China,CHN,37,38,11,6,17,92,109,559418,422468,23940,508,72573,1006335,1078908,480067,113082,7767,12715,46982,613631,660613,188432
2024-04-30,2024,4,30,port1188,Shanghai,China,CHN,43,77,15,3,70,138,208,672826,1161065,23482,845,147990,1858220,2006211,400247,795429,22538,1462,179434,1219678,1399113,188433
2026-07-10,2026,7,10,port1188,Shanghai,China,CHN,6,0,1,0,0,7,7,157861,0,190,0,0,158052,158052,31664,0,0,0,0,31664,31664,188434
2025-06-05,2025,6,5,port1188,Shanghai,China,CHN,32,43,10,3,16,88,104,407996,404170,23537,0,36644,835704,872349,303220,128681,27720,8215,6325,467838,474164,188436
2025-06-06,2025,6,6,port1188,Shanghai,China,CHN,45,47,14,6,18,112,130,348520,270245,15321,817,64911,634905,699816,479571,220101,22536,10028,17120,732238,749359,188437
2025-06-07,2025,6,7,port1188,Shanghai,China,CHN,31,28,6,5,23,70,93,195103,300888,10294,817,106038,507104,613143,270256,288873,5548,5842,42752,570521,613274,188438
2025-06-08,2025,6,8,port1188,Shanghai,China,CHN,36,32,10,6,15,84,99,329038,310108,6151,1163,8269,646463,654732,235144,217121,8975,13182,84445,474424,558869,188439
2025-06-09,2025,6,9,port1188,Shanghai,China,CHN,35,46,19,6,24,106,130,501247,593425,25352,1774,144683,1121799,1266483,344333,213653,14755,4387,16217,577130,593347,188440
2025-06-10,2025,6,10,port1188,Shanghai,China,CHN,46,28,12,8,23,94,117,520827,247241,36333,1635,50290,806039,856329,401013,98537,10923,7801,62988,518275,581264,188441
2025-06-11,2025,6,11,port1188,Shanghai,China,CHN,39,38,17,5,31,99,130,156327,525130,23310,1418,49327,706187,755514,394310,183104,22537,5346,27941,605300,633241,188442
2025-06-12,2025,6,12,port1188,Shanghai,China,CHN,26,38,26,3,28,93,121,249403,408345,26746,817,124462,685313,809776,276550,128769,28752,5563,30002,439635,469638,188443
2025-06-13,2025,6,13,port1188,Shanghai,China,CHN,36,34,9,5,13,84,97,564502,414842,18540,1253,50626,999138,1049765,198480,74742,10435,2924,78661,286583,365244,188444
2025-06-14,2025,6,14,port1188,Shanghai,China,CHN,33,32,22,4,22,91,113,245290,284749,30023,817,150033,560881,710915,200761,91133,26568,10534,10606,328997,339604,188445
2025-06-15,2025,6,15,port1188,Shanghai,China,CHN,39,45,12,5,28,101,129,379566,517341,16506,1365,108783,914779,1023563,261998,185425,12735,3212,89638,463372,553010,188446
2025-06-16,2025,6,16,port1188,Shanghai,China,CHN,41,50,15,7,28,113,141,166078,564382,28938,954,51765,760354,812120,478046,378065,6633,19335,20462,882081,902543,188447
2025-06-17,2025,6,17,port1188,Shanghai,China,CHN,40,38,19,7,28,104,132,259742,437413,14546,2798,104953,714500,819454,317278,173846,11999,13337,13520,516462,529983,188448
2025-06-18,2025,6,18,port1188,Shanghai,China,CHN,42,39,15,5,27,101,128,210736,305700,21085,1064,79693,538586,618280,571866,519001,15351,7635,46775,1113855,1160631,188449
2025-06-19,2025,6,19,port1188,Shanghai,China,CHN,47,34,20,4,25,105,130,454443,173103,16758,408,82460,644714,727175,388512,349929,38854,7632,72961,784928,857890,188450
2025-06-20,2025,6,20,port1188,Shanghai,China,CHN,34,50,14,8,22,106,128,157064,882717,7924,8397,31370,1056104,1087475,434504,196893,11372,3433,81866,646203,728069,188451
2025-06-21,2025,6,21,port1188,Shanghai,China,CHN,35,35,13,7,19,90,109,241248,197725,21220,1382,93090,461576,554667,297050,229840,10932,11173,35306,548996,584303,188452
2025-06-22,2025,6,22,port1188,Shanghai,China,CHN,36,28,10,5,25,79,104,197205,181468,5254,1505,58455,385432,443888,259175,131335,12893,5092,44293,408496,452789,188453
2025-06-23,2025,6,23,port1188,Shanghai,China,CHN,41,42,11,8,28,102,130,320444,689218,315,2074,65634,1012053,1077687,314179,87650,9791,8548,35810,420168,455979,188454
2025-06-24,2025,6,24,port1188,Shanghai,China,CHN,39,46,21,10,18,116,134,567968,500117,26463,1729,40604,1096279,1136883,314478,372510,37954,10520,43535,735463,778999,188455
2025-06-25,2025,6,25,port1188,Shanghai,China,CHN,35,46,16,6,17,103,120,538567,408748,21539,1226,122678,970082,1092761,486561,267560,39942,11010,25819,805075,830894,188456
2025-06-26,2025,6,26,port1188,Shanghai,China,CHN,46,42,22,5,19,115,134,510403,427210,33627,1134,37222,972376,1009599,415667,262339,35607,9643,99816,723257,823074,188457
2025-06-27,2025,6,27,port1188,Shanghai,China,CHN,38,40,21,9,25,108,133,639680,298810,26824,1226,86830,966542,1053373,353576,114856,26558,30547,93190,525539,618729,188458
2025-06-28,2025,6,28,port1188,Shanghai,China,CHN,47,39,17,6,23,109,132,707412,537261,22350,5257,53906,1272282,1326188,348831,132213,19265,2924,29394,503235,532630,188459
2025-06-29,2025,6,29,port1188,Shanghai,China,CHN,39,41,13,6,21,99,120,432413,454609,4833,273,85511,892129,977640,370961,331032,28726,16282,63797,747002,810799,188460
2025-06-30,2025,6,30,port1188,Shanghai,China,CHN,37,53,18,8,26,116,142,637866,657765,43110,835,60022,1339578,1399601,246294,254344,22760,22406,89474,545805,635280,188461
2025-07-01,2025,7,1,port1188,Shanghai,China,CHN,41,28,14,5,28,88,116,265727,199327,15255,408,85085,480718,565804,431112,396298,18964,17106,94166,863481,957647,188462
2025-07-02,2025,7,2,port1188,Shanghai,China,CHN,37,47,16,6,27,106,133,172599,339444,36938,1226,66765,550209,616974,447192,564572,13079,5425,133567,1030269,1163837,188463
2025-07-03,2025,7,3,port1188,Shanghai,China,CHN,38,43,13,10,28,104,132,670241,528026,41089,3371,39881,1242728,1282610,249608,275498,11977,20946,62311,558030,620341,188464
2025-07-04,2025,7,4,port1188,Shanghai,China,CHN,35,51,14,10,30,110,140,187185,717479,18584,2299,103872,925549,1029421,345099,399755,19621,19516,56048,783993,840041,188465
2025-07-05,2025,7,5,port1188,Shanghai,China,CHN,32,42,12,5,24,91,115,250008,243615,6450,408,38223,500483,538707,305352,551139,17305,12156,156187,885953,1042141,188466
2025-07-06,2025,7,6,port1188,Shanghai,China,CHN,41,38,12,8,20,99,119,304053,299249,20653,949,73869,624906,698776,272147,123327,14699,7597,62718,417770,480489,188467
2025-07-07,2025,7,7,port1188,Shanghai,China,CHN,38,30,15,7,21,90,111,346194,231353,21079,1135,91520,599762,691283,304687,37001,9241,9550,135984,360481,496465,188468
2025-07-08,2025,7,8,port1188,Shanghai,China,CHN,36,31,7,4,14,78,92,300050,167429,1438,408,73560,469327,542887,467130,247248,20300,4612,14351,739293,753644,188469
2025-07-09,2025,7,9,port1188,Shanghai,China,CHN,38,54,17,7,29,116,145,272056,422413,10247,817,45978,705534,751513,264034,638945,28666,34394,77899,966041,1043941,188470
2025-07-10,2025,7,10,port1188,Shanghai,China,CHN,40,40,15,7,21,102,123,438861,381625,42774,2269,85358,865531,950890,431022,292111,6839,15516,54664,745489,800154,188471
2025-07-11,2025,7,11,port1188,Shanghai,China,CHN,33,40,12,3,21,88,109,422448,595034,20826,2288,37488,1040597,1078086,226410,188962,9533,6844,6380,431750,438130,188472
2025-07-12,2025,7,12,port1188,Shanghai,China,CHN,39,38,18,5,24,100,124,319789,253242,28454,817,47073,602303,649376,207649,291434,23544,16499,52129,539127,591257,188473
2025-07-13,2025,7,13,port1188,Shanghai,China,CHN,41,37,13,8,26,99,125,361008,211512,51533,2214,20947,626269,647216,389227,365028,19791,8472,26063,782519,808583,188474
2025-07-14,2025,7,14,port1188,Shanghai,China,CHN,33,38,11,6,22,88,110,319767,440020,8304,1091,51977,769183,821161,330339,304654,202,17432,15016,652627,667644,188475
2025-07-15,2025,7,15,port1188,Shanghai,China,CHN,44,31,14,5,17,94,111,479857,164610,13117,1524,87537,659109,746647,443158,109423,33845,6573,44798,593001,637799,188476
2025-07-16,2025,7,16,port1188,Shanghai,China,CHN,42,45,13,8,33,108,141,579131,361910,22000,4206,92505,967249,1059754,514167,265699,15370,14688,158158,809925,968083,188477
2025-07-17,2025,7,17,port1188,Shanghai,China,CHN,43,32,11,5,20,91,111,220913,200029,12243,1204,45906,434390,480296,268890,295143,22993,10965,74145,597993,672139,188478
2025-07-18,2025,7,18,port1188,Shanghai,China,CHN,43,47,16,5,12,111,123,346351,652528,13699,547,61354,1013126,1074481,375271,269986,28258,2425,24673,675941,700615,188479
2025-07-19,2025,7,19,port1188,Shanghai,China,CHN,35,38,12,5,20,90,110,271632,150288,9225,408,50039,431556,481595,364596,158948,22239,4394,89348,550179,639527,188480
2025-07-20,2025,7,20,port1188,Shanghai,China,CHN,37,47,18,4,15,106,121,180306,507349,6584,817,32257,695057,727315,373691,256546,40924,2924,25408,674086,699495,188481
2025-07-21,2025,7,21,port1188,Shanghai,China,CHN,40,30,9,8,8,87,95,522303,134803,10021,2408,51933,669537,721470,258530,192401,3420,12091,17782,466444,484227,188482
2025-07-22,2025,7,22,port1188,Shanghai,China,CHN,38,50,24,5,28,117,145,127319,486089,26838,3031,80720,643279,723999,419658,279531,26896,4196,202430,730282,932713,188483
2025-07-23,2025,7,23,port1188,Shanghai,China,CHN,35,32,15,5,34,87,121,206277,447053,16576,0,84874,669907,754782,319372,214367,35909,10630,160999,580281,741280,188484
2025-07-24,2025,7,24,port1188,Shanghai,China,CHN,39,38,8,5,32,90,122,432002,624201,5542,408,127880,1062155,1190035,367111,296284,10554,14768,68499,688719,757219,188485
2025-07-25,2025,7,25,port1188,Shanghai,China,CHN,40,19,15,5,12,79,91,549217,417562,14096,408,74278,981285,1055563,345667,101598,25781,5037,57680,478083,535764,188486
2025-07-26,2025,7,26,port1188,Shanghai,China,CHN,36,42,17,6,25,101,126,1131234,528951,20619,246,118297,1681050,1799348,226176,394224,25085,17890,72808,663377,736185,188487
2025-07-27,2025,7,27,port1188,Shanghai,China,CHN,27,33,15,9,21,84,105,253259,453371,12655,4884,43424,724171,767595,166196,126853,18449,8263,88102,319762,407864,188488
2025-07-28,2025,7,28,port1188,Shanghai,China,CHN,35,32,16,4,15,87,102,531151,281121,23921,246,27723,836441,864164,207918,237170,14880,9038,21203,469008,490211,188489
2025-07-29,2025,7,29,port1188,Shanghai,China,CHN,18,1,0,1,1,20,21,259533,43217,0,246,0,302998,302998,202809,0,0,3402,0,206211,206211,188490
2025-07-30,2025,7,30,port1188,Shanghai,China,CHN,1,0,0,0,0,1,1,0,0,0,0,0,0,0,1515,0,0,0,0,1515,1515,188491
2025-07-31,2025,7,31,port1188,Shanghai,China,CHN,46,17,13,14,24,90,114,474277,273682,28482,2291,95443,778732,874175,417521,22532,9771,18744,7563,468570,476134,188492
2025-08-01,2025,8,1,port1188,Shanghai,China,CHN,51,73,15,5,47,144,191,848371,909635,18469,870,213652,1777347,1990999,423296,280865,13994,4447,91735,722603,814338,188493
2025-08-02,2025,8,2,port1188,Shanghai,China,CHN,38,41,18,11,33,108,141,789698,357680,22798,0,51191,1170176,1221368,205988,184365,13473,26367,5858,430195,436053,188494
2025-08-03,2025,8,3,port1188,Shanghai,China,CHN,37,30,16,4,26,87,113,276216,370865,41112,0,67909,688195,756105,296147,32127,20816,9828,191262,358920,550183,188495
2025-08-04,2025,8,4,port1188,Shanghai,China,CHN,38,34,13,6,26,91,117,246239,208729,76921,901,76408,532792,609201,356162,252366,4490,12373,77934,625392,703327,188496
2025-08-05,2025,8,5,port1188,Shanghai,China,CHN,40,45,11,7,28,103,131,836291,342600,8539,2512,64272,1189944,1254217,412097,206233,15132,17696,73635,651160,724795,188497
2025-08-06,2025,8,6,port1188,Shanghai,China,CHN,37,50,20,10,35,117,152,199565,589483,28451,2707,138609,820208,958818,386395,113542,30578,9077,98289,539594,637883,188498
2025-08-07,2025,8,7,port1188,Shanghai,China,CHN,41,43,9,9,17,102,119,274435,750598,15728,1957,27099,1042719,1069818,576938,112151,8344,18270,29106,715705,744811,188499
2025-08-08,2025,8,8,port1188,Shanghai,China,CHN,37,38,9,12,27,96,123,525719,469614,14837,7597,67237,1017769,1085006,453489,307174,15255,14355,80624,790275,870900,188500
2025-08-09,2025,8,9,port1188,Shanghai,China,CHN,34,41,14,9,26,98,124,398087,694162,25763,1473,189568,1119486,1309054,275212,325586,19732,13489,26549,634019,660569,188501
2025-08-10,2025,8,10,port1188,Shanghai,China,CHN,33,36,13,8,25,90,115,710863,304912,22631,1219,88355,1039627,1127983,360130,237803,23407,12397,36090,633738,669829,188502
2025-08-11,2025,8,11,port1188,Shanghai,China,CHN,38,43,17,6,31,104,135,459380,192862,17474,408,313539,670126,983666,254721,827152,9162,22823,30600,1113860,1144460,188503
2025-08-12,2025,8,12,port1188,Shanghai,China,CHN,39,45,16,9,24,109,133,458125,597650,24922,655,107774,1081353,1189128,317375,368979,22925,20507,121477,729786,851263,188504
2025-08-13,2025,8,13,port1188,Shanghai,China,CHN,35,47,21,7,28,110,138,379097,681321,23984,1833,56458,1086237,1142695,358946,302532,23435,6987,98266,691901,790168,188505
2025-08-14,2025,8,14,port1188,Shanghai,China,CHN,43,44,17,9,33,113,146,384387,398529,19469,1770,67130,804157,871288,465651,47767,17297,6768,126536,537484,664021,188506
2025-08-15,2025,8,15,port1188,Shanghai,China,CHN,44,41,9,9,31,103,134,739446,518660,9310,0,120267,1267417,1387684,404816,586369,15317,11178,31102,1017683,1048785,188507
2025-08-16,2025,8,16,port1188,Shanghai,China,CHN,38,38,16,6,25,98,123,89406,509563,33514,1738,54536,634222,688758,401900,170774,13282,10666,92334,596623,688957,188508
2025-08-17,2025,8,17,port1188,Shanghai,China,CHN,39,38,15,6,19,98,117,171333,465601,42721,1610,50293,681267,731561,423217,200369,26490,10164,67950,660241,728191,188509
2025-08-18,2025,8,18,port1188,Shanghai,China,CHN,42,38,9,8,33,97,130,186769,363621,9900,1257,131623,561548,693171,350071,112753,4088,10916,112389,477830,590220,188510
2025-08-19,2025,8,19,port1188,Shanghai,China,CHN,32,49,14,4,32,99,131,330525,507245,27395,408,178905,865574,1044480,389091,692811,11947,9322,106963,1103173,1210137,188511
2025-08-20,2025,8,20,port1188,Shanghai,China,CHN,39,40,18,6,27,103,130,462753,817238,53209,817,87141,1334019,1421161,346277,409182,19613,6034,109910,781106,891017,188512
2025-08-21,2025,8,21,port1188,Shanghai,China,CHN,34,48,15,6,28,103,131,424903,678709,14439,817,73440,1118870,1192311,262124,305505,8404,14451,40554,590486,631041,188513
2025-08-22,2025,8,22,port1188,Shanghai,China,CHN,40,34,10,7,17,91,108,288266,312851,5803,1635,96841,608557,705398,270606,408137,13859,18556,39149,711160,750309,188514
2025-08-23,2025,8,23,port1188,Shanghai,China,CHN,43,34,19,5,36,101,137,520791,233386,21100,2703,145919,777981,923900,360236,350982,15481,12283,105033,738984,844017,188515
2025-08-24,2025,8,24,port1188,Shanghai,China,CHN,33,38,12,9,20,92,112,599103,467477,7098,1446,48172,1075125,1123297,391927,256124,18725,17278,111492,684054,795547,188516
2025-08-25,2025,8,25,port1188,Shanghai,China,CHN,42,46,15,10,29,113,142,558149,504436,17174,2291,69793,1082051,1151844,321659,364056,15074,13201,115725,713991,829716,188517
2025-08-26,2025,8,26,port1188,Shanghai,China,CHN,44,35,10,5,18,94,112,400299,202045,7505,655,79809,610505,690315,430923,653153,23359,9349,59637,1116785,1176423,188518
2025-08-27,2025,8,27,port1188,Shanghai,China,CHN,36,36,16,9,31,97,128,857666,284601,32086,2763,112488,1177118,1289606,275394,408273,11517,19573,69124,714758,783883,188519
2025-08-28,2025,8,28,port1188,Shanghai,China,CHN,43,50,18,6,21,117,138,913399,910451,37492,0,86488,1861343,1947831,341978,288125,21661,9197,22307,660962,683270,188520
2025-08-29,2025,8,29,port1188,Shanghai,China,CHN,40,29,14,7,31,90,121,356678,225927,7939,817,66507,591363,657870,277423,343352,8095,10465,94227,639337,733565,188521
2025-08-30,2025,8,30,port1188,Shanghai,China,CHN,36,34,17,4,20,91,111,239070,517360,14828,1544,116490,772804,889294,362904,173683,21209,3909,44499,561706,606206,188522
2025-08-31,2025,8,31,port1188,Shanghai,China,CHN,29,39,10,7,27,85,112,532141,871088,37750,1010,171169,1441990,1613160,255809,130962,16812,10441,28057,414025,442083,188523
2025-09-01,2025,9,1,port1188,Shanghai,China,CHN,40,45,11,7,30,103,133,454201,798603,5134,817,41994,1258757,1300752,420047,195851,16277,15401,104330,647577,751907,188524
2025-09-02,2025,9,2,port1188,Shanghai,China,CHN,36,33,19,4,23,92,115,439410,404398,28281,408,91671,872499,964170,349163,356982,13686,6515,27289,726348,753637,188525
2025-09-03,2025,9,3,port1188,Shanghai,China,CHN,41,41,10,7,26,99,125,534854,314656,1438,655,72994,851605,924599,451276,185203,11920,9547,90473,657947,748421,188526
2025-09-04,2025,9,4,port1188,Shanghai,China,CHN,34,43,17,6,30,100,130,248841,424677,47434,5126,79472,726079,805551,235946,364176,17089,1536,154738,618748,773487,188527
2025-09-05,2025,9,5,port1188,Shanghai,China,CHN,38,45,15,8,18,106,124,391585,376843,13411,2467,28811,784309,813120,430787,370867,15704,7231,67933,824592,892525,188528
2025-09-06,2025,9,6,port1188,Shanghai,China,CHN,38,29,16,7,24,90,114,240934,247289,42236,2634,107115,533094,640210,336160,267710,26641,14334,75425,644846,720272,188529
2025-09-07,2025,9,7,port1188,Shanghai,China,CHN,36,31,13,7,23,87,110,279589,419963,32222,1739,37767,733516,771283,327161,186953,8956,4354,75264,527426,602690,188530
2025-09-08,2025,9,8,port1188,Shanghai,China,CHN,36,56,20,8,27,120,147,259439,855965,22821,3122,74707,1141347,1216055,305723,595701,35381,10927,135106,947734,1082840,188531
2025-09-09,2025,9,9,port1188,Shanghai,China,CHN,34,40,14,8,18,96,114,512714,582115,5537,4971,66092,1105339,1171431,418643,243650,8454,19906,137607,690655,828262,188532
2025-09-10,2025,9,10,port1188,Shanghai,China,CHN,31,41,12,6,15,90,105,507246,351936,4804,817,90807,864805,955612,233072,330145,14336,5581,36329,583136,619465,188533
2025-09-11,2025,9,11,port1188,Shanghai,China,CHN,40,37,9,5,32,91,123,462814,486305,10893,5765,151484,965779,1117263,349008,133362,10719,4883,41125,497974,539099,188534
2025-09-12,2025,9,12,port1188,Shanghai,China,CHN,44,35,9,6,20,94,114,664477,307947,11832,2865,71514,987122,1058637,410518,355668,13403,17065,63130,796655,859786,188535
2025-09-13,2025,9,13,port1188,Shanghai,China,CHN,40,47,14,9,27,110,137,435688,687465,7524,1482,84330,1132161,1216491,425827,237183,14283,12889,62519,690184,752704,188536
2025-09-14,2025,9,14,port1188,Shanghai,China,CHN,41,36,8,7,23,92,115,617291,443537,5434,655,41682,1066918,1108600,301244,402376,5811,23648,40791,733080,773872,188537
2025-09-15,2025,9,15,port1188,Shanghai,China,CHN,44,33,21,3,21,101,122,403202,580324,51336,0,57770,1034863,1092633,428222,203957,25523,6417,57935,664121,722056,188538
2025-09-16,2025,9,16,port1188,Shanghai,China,CHN,31,37,17,6,25,91,116,243779,532606,11637,1628,33365,789652,823017,222673,227896,38485,12059,40572,501114,541687,188539
2025-09-17,2025,9,17,port1188,Shanghai,China,CHN,34,30,12,2,23,78,101,416939,395928,13310,0,161291,826177,987469,315144,327282,14294,2965,106195,659687,765882,188540
2025-09-18,2025,9,18,port1188,Shanghai,China,CHN,37,36,18,4,16,95,111,461640,451575,19694,408,31433,933318,964752,286174,239394,30044,11726,29510,567340,596851,188541
2025-09-19,2025,9,19,port1188,Shanghai,China,CHN,37,53,13,9,28,112,140,245845,529070,18236,1928,107784,795081,902865,337083,702950,7206,30144,68417,1077385,1145802,188542
2025-09-20,2025,9,20,port1188,Shanghai,China,CHN,42,38,16,5,28,101,129,347159,825513,31898,1635,148490,1206207,1354697,496154,404700,31049,11366,29747,943271,973018,188543
2025-09-21,2025,9,21,port1188,Shanghai,China,CHN,41,33,13,6,30,93,123,386373,444602,6934,817,116091,838728,954820,411908,331095,34304,15365,41401,792674,834075,188544
2025-09-22,2025,9,22,port1188,Shanghai,China,CHN,45,52,11,9,28,117,145,598402,908681,44371,1310,100674,1552766,1653441,432073,486075,17588,15096,30467,950834,981302,188545
2025-09-23,2025,9,23,port1188,Shanghai,China,CHN,39,36,13,10,26,98,124,594592,313446,21331,655,68894,930026,998920,418292,425158,12925,27081,58230,883458,941688,188546
2025-09-24,2025,9,24,port1188,Shanghai,China,CHN,39,39,11,4,30,93,123,302624,658265,5922,3927,64364,970740,1035104,302896,79023,24342,0,66225,406261,472487,188547
2025-09-25,2025,9,25,port1188,Shanghai,China,CHN,38,37,13,9,19,97,116,508973,932163,37232,1226,99055,1479596,1578652,283272,159548,12845,19342,42903,475009,517912,188548
2025-09-26,2025,9,26,port1188,Shanghai,China,CHN,41,36,12,4,22,93,115,376214,610087,14305,0,82290,1000606,1082897,353475,186638,11079,16183,65261,567376,632638,188549
2025-09-27,2025,9,27,port1188,Shanghai,China,CHN,34,39,16,8,31,97,128,398832,619685,10289,901,118122,1029709,1147831,341574,328362,29714,18829,54587,718481,773068,188550
2025-09-28,2025,9,28,port1188,Shanghai,China,CHN,35,45,7,6,26,93,119,268461,483618,4863,3269,78413,760212,838625,340382,465166,9630,8188,21704,823368,845073,188551
2025-09-29,2025,9,29,port1188,Shanghai,China,CHN,41,41,19,9,32,110,142,400317,423510,49314,1283,87464,874426,961890,377172,180278,29986,16642,161244,604079,765323,188552
2025-09-30,2025,9,30,port1188,Shanghai,China,CHN,33,42,16,4,22,95,117,286873,688753,65143,0,47336,1040770,1088106,336295,268892,24263,9829,44952,639280,684233,188553
2025-10-01,2025,10,1,port1188,Shanghai,China,CHN,31,39,16,4,23,90,113,336435,312138,24414,876,99404,673865,773269,380675,420949,6298,13068,67518,820991,888510,188554
2025-10-02,2025,10,2,port1188,Shanghai,China,CHN,36,37,13,4,21,90,111,282627,716161,40666,1662,52535,1041117,1093652,370097,355745,5584,5955,209933,737383,947316,188555
2025-10-03,2025,10,3,port1188,Shanghai,China,CHN,38,36,12,4,26,90,116,783503,514790,17084,1526,121069,1316905,1437974,323723,159524,12485,14643,105449,510377,615826,188556
2025-10-04,2025,10,4,port1188,Shanghai,China,CHN,33,23,13,9,19,78,97,555829,404748,13558,1799,51872,975935,1027807,242003,136157,13665,17510,69338,409336,478675,188557
2025-10-05,2025,10,5,port1188,Shanghai,China,CHN,39,46,7,11,24,103,127,350452,474226,9112,8341,98457,842133,940590,501780,394262,10511,16292,83333,922846,1006180,188558
2025-10-06,2025,10,6,port1188,Shanghai,China,CHN,38,38,11,10,18,97,115,380775,476460,23329,1800,29474,882365,911839,334446,469075,6082,18907,46248,828511,874760,188559
2025-10-07,2025,10,7,port1188,Shanghai,China,CHN,41,40,10,6,22,97,119,255450,477263,14158,2393,49701,749266,798968,516327,788928,4678,12129,45958,1322063,1368022,188560
2025-10-08,2025,10,8,port1188,Shanghai,China,CHN,35,28,18,3,26,84,110,399423,357788,23343,408,102424,780963,883388,265543,40134,19325,1462,30555,326465,357020,188561
2025-10-09,2025,10,9,port1188,Shanghai,China,CHN,36,40,21,10,25,107,132,454207,378110,27117,2257,88868,861693,950561,283670,267992,39734,20226,66525,611624,678149,188562
2025-10-10,2025,10,10,port1188,Shanghai,China,CHN,44,26,10,9,23,89,112,519015,264226,4961,7585,108590,795789,904379,403487,350294,15403,11242,9503,780429,789932,188563
2025-10-11,2025,10,11,port1188,Shanghai,China,CHN,31,33,23,6,20,93,113,290286,187789,30760,408,149815,509245,659061,240370,205778,22235,5271,56568,473656,530224,188564
2025-10-12,2025,10,12,port1188,Shanghai,China,CHN,39,36,15,4,22,94,116,219343,363686,33162,697,75544,616889,692433,359478,288468,43513,3866,55577,695327,750904,188565
2025-10-13,2025,10,13,port1188,Shanghai,China,CHN,42,33,16,4,33,95,128,385210,490168,12820,1226,116325,889425,1005750,491333,167280,42486,5487,126340,706588,832928,188566
2025-10-14,2025,10,14,port1188,Shanghai,China,CHN,36,34,15,9,31,94,125,191938,570820,28204,817,74965,791781,866747,355050,204586,27223,12463,206307,599323,805631,188567
2025-10-15,2025,10,15,port1188,Shanghai,China,CHN,33,38,12,6,28,89,117,221321,228211,8051,817,94892,458402,553294,526652,171930,16808,15939,51194,731330,782524,188568
2025-10-16,2025,10,16,port1188,Shanghai,China,CHN,25,31,19,7,29,82,111,72731,206604,29569,1490,189112,310396,499508,206346,251995,17934,8127,124251,484403,608655,188569
2025-10-17,2025,10,17,port1188,Shanghai,China,CHN,38,42,15,5,36,100,136,224429,439923,26213,817,105069,691383,796452,397492,170701,7567,9153,112258,584913,697172,188570
2025-10-18,2025,10,18,port1188,Shanghai,China,CHN,37,31,11,7,16,86,102,188717,432698,9572,1310,126803,632298,759102,319032,272674,19584,9729,39766,621021,660788,188571
2025-10-19,2025,10,19,port1188,Shanghai,China,CHN,25,28,6,2,13,61,74,252438,212314,27341,0,28810,492093,520903,256612,480237,2099,2032,430092,740982,1171075,188572
2025-10-20,2025,10,20,port1188,Shanghai,China,CHN,29,25,7,4,13,65,78,211932,216168,1787,0,70612,429888,500501,214875,250076,13237,14823,143214,493013,636227,188573
2025-10-21,2025,10,21,port1188,Shanghai,China,CHN,27,23,7,6,13,63,76,281313,186810,12934,551,73021,481610,554631,338421,147238,8269,5977,91927,499905,591833,188574
2025-10-22,2025,10,22,port1188,Shanghai,China,CHN,30,20,7,2,17,59,76,245403,289300,21058,0,25365,555761,581127,483164,217160,2402,2753,12866,705480,718347,188575
2025-10-23,2025,10,23,port1188,Shanghai,China,CHN,30,27,17,9,21,83,104,224653,248650,29057,3209,56583,505570,562154,216893,84269,19928,9410,34711,330502,365213,188576
2025-10-24,2025,10,24,port1188,Shanghai,China,CHN,40,37,19,8,30,104,134,385400,337597,36186,1635,215913,760819,976733,279362,137551,18238,6874,106088,442026,548114,188577
2025-10-25,2025,10,25,port1188,Shanghai,China,CHN,35,35,17,7,28,94,122,220452,413512,38346,408,84746,672720,757467,325294,374511,15734,13606,71390,729147,800538,188578
2025-10-26,2025,10,26,port1188,Shanghai,China,CHN,34,46,16,7,29,103,132,861405,401758,56105,3378,202180,1322648,1524828,213728,339001,22218,9542,53031,584491,637522,188579
2025-10-27,2025,10,27,port1188,Shanghai,China,CHN,40,35,17,8,37,100,137,385063,310868,12084,408,111246,708425,819671,497967,439209,14401,10359,291278,961939,1253218,188580
2025-10-28,2025,10,28,port1188,Shanghai,China,CHN,38,40,17,5,35,100,135,290160,864012,50901,655,124631,1205730,1330362,435266,331278,11040,14897,174657,792482,967140,188581
2025-10-29,2025,10,29,port1188,Shanghai,China,CHN,35,49,20,7,30,111,141,211759,869235,26728,8683,29511,1116407,1145919,381754,387003,46678,19857,169935,835294,1005229,188582
2025-10-30,2025,10,30,port1188,Shanghai,China,CHN,43,47,15,4,33,109,142,625626,548147,14002,0,86800,1187776,1274576,449939,648841,12987,3803,137604,1115571,1253176,188583
2025-10-31,2025,10,31,port1188,Shanghai,China,CHN,37,35,7,3,24,82,106,332832,523973,4315,817,35014,861939,896953,302316,124279,23608,2924,128882,453129,582011,188584
2025-11-01,2025,11,1,port1188,Shanghai,China,CHN,47,37,20,7,22,111,133,537080,401045,24179,3084,88909,965389,1054298,483145,355322,29233,10084,57744,877785,935530,188585
2025-11-02,2025,11,2,port1188,Shanghai,China,CHN,38,36,12,6,23,92,115,417079,241345,6160,9831,60338,674416,734754,401825,655040,10243,18106,18969,1085216,1104185,188586
2025-11-03,2025,11,3,port1188,Shanghai,China,CHN,36,42,13,9,27,100,127,290846,668465,10660,4187,83907,974160,1058068,265371,141145,13417,19176,117540,439110,556651,188587
2025-11-04,2025,11,4,port1188,Shanghai,China,CHN,42,39,15,8,19,104,123,397061,904848,19160,1882,108570,1322952,1431523,369941,119169,25784,24267,39409,539163,578573,188588
2025-11-05,2025,11,5,port1188,Shanghai,China,CHN,35,45,12,9,24,101,125,467064,548936,22054,2462,48441,1040518,1088960,348090,331521,9614,7898,136876,697124,834001,188589
2025-11-06,2025,11,6,port1188,Shanghai,China,CHN,39,41,15,7,22,102,124,265378,356804,55426,817,39397,678426,717823,394888,341724,11757,14158,99003,762528,861532,188590
2025-11-07,2025,11,7,port1188,Shanghai,China,CHN,36,36,21,3,43,96,139,179710,258105,18436,0,220127,456251,676379,300322,480491,34540,3748,128406,819103,947509,188591
2025-11-08,2025,11,8,port1188,Shanghai,China,CHN,40,38,9,5,26,92,118,545636,573268,13761,726,74836,1133392,1208229,379113,208444,10493,14919,87113,612969,700083,188592
2025-11-09,2025,11,9,port1188,Shanghai,China,CHN,38,38,13,6,23,95,118,413912,706275,26977,1802,56080,1148968,1205048,368240,268926,14686,7062,23503,658915,682418,188593
2025-11-10,2025,11,10,port1188,Shanghai,China,CHN,40,41,19,9,29,109,138,260317,295181,26208,1226,73592,582934,656526,373047,210484,17077,20661,65506,621271,686778,188594
2025-11-11,2025,11,11,port1188,Shanghai,China,CHN,38,36,7,3,42,84,126,534421,344865,4748,246,85673,884282,969955,269028,163413,12256,3402,256780,448100,704881,188595
2025-11-12,2025,11,12,port1188,Shanghai,China,CHN,39,23,7,5,18,74,92,276188,332236,8707,817,47378,617951,665329,427980,182661,6766,8729,12188,626136,638325,188596
2025-11-13,2025,11,13,port1188,Shanghai,China,CHN,36,52,15,6,23,109,132,127403,757470,26324,1226,38954,912424,951379,390809,356530,19218,14668,64392,781227,845619,188597
2025-11-14,2025,11,14,port1188,Shanghai,China,CHN,39,43,13,4,27,99,126,449731,659294,17064,408,82186,1126499,1208686,321370,588567,15854,7938,130711,933731,1064443,188598
2025-11-15,2025,11,15,port1188,Shanghai,China,CHN,33,33,18,11,14,95,109,290624,178199,44631,817,44850,514273,559123,303832,150091,14014,13887,46667,481826,528494,188599
2025-11-16,2025,11,16,port1188,Shanghai,China,CHN,34,38,9,4,26,85,111,237644,434633,6440,920,93828,679639,773468,328967,193282,13525,2447,113001,538222,651224,188600
2025-11-17,2025,11,17,port1188,Shanghai,China,CHN,31,31,8,2,19,72,91,165226,337505,5167,0,46584,507899,554483,244104,391629,9501,2054,101147,647290,748438,188601
2025-11-18,2025,11,18,port1188,Shanghai,China,CHN,40,43,12,10,30,105,135,448787,376545,14012,2225,77829,841570,919400,289392,424541,20690,15851,38888,750475,789363,188602
2025-11-19,2025,11,19,port1188,Shanghai,China,CHN,49,33,18,4,31,104,135,564808,460648,42014,952,113748,1068424,1182172,473454,287162,12491,10277,101568,783386,884954,188603
2025-11-20,2025,11,20,port1188,Shanghai,China,CHN,39,40,18,6,13,103,116,220090,701608,24458,817,57811,946974,1004786,320817,474275,18577,3681,56655,817351,874006,188604
2025-11-21,2025,11,21,port1188,Shanghai,China,CHN,32,34,12,8,25,86,111,155442,257339,19766,1019,133375,433566,566942,243345,257078,26431,22359,71726,549215,620941,188605
2025-11-22,2025,11,22,port1188,Shanghai,China,CHN,36,39,12,2,31,89,120,379854,421293,11460,408,214712,813017,1027729,386585,310046,5542,1737,83539,703912,787452,188606
2025-11-23,2025,11,23,port1188,Shanghai,China,CHN,35,37,14,4,25,90,115,130376,699435,16672,37,75657,846521,922179,375950,309556,22155,5063,91879,712726,804606,188607
2025-11-24,2025,11,24,port1188,Shanghai,China,CHN,36,32,11,7,29,86,115,426617,463709,22904,4361,64700,917593,982294,245192,172040,8319,10286,125132,435839,560972,188608
2025-11-25,2025,11,25,port1188,Shanghai,China,CHN,40,59,8,6,21,113,134,465663,746378,10873,1473,59520,1224388,1283908,305407,410555,12751,12389,67693,741104,808798,188609
2025-11-26,2025,11,26,port1188,Shanghai,China,CHN,44,43,10,4,25,101,126,298559,635956,9201,2630,78677,946347,1025025,471593,333467,17941,2924,140069,825928,965997,188610
2025-11-27,2025,11,27,port1188,Shanghai,China,CHN,48,44,14,3,19,109,128,453967,631666,9601,0,81664,1095235,1176899,371291,364208,31495,3925,35094,770921,806015,188611
2025-11-28,2025,11,28,port1188,Shanghai,China,CHN,39,39,20,5,33,103,136,570220,656088,31551,0,138220,1257860,1396081,240510,329783,32830,14310,83656,617434,701090,188612
2025-11-29,2025,11,29,port1188,Shanghai,China,CHN,39,38,13,5,22,95,117,350035,217760,23292,436,101827,591524,693352,363459,333164,7703,10232,98519,714559,813078,188613
2025-11-30,2025,11,30,port1188,Shanghai,China,CHN,31,33,15,4,20,83,103,522987,379122,7196,408,58779,909715,968495,245472,270742,35483,5987,15868,557687,573555,188614
2025-12-01,2025,12,1,port1188,Shanghai,China,CHN,38,40,15,11,37,104,141,407089,528899,19193,5887,145074,961069,1106144,326600,513026,35107,14103,75091,888837,963929,188615
2025-12-02,2025,12,2,port1188,Shanghai,China,CHN,32,39,11,7,23,89,112,451938,139366,16752,4339,110142,612396,722538,237068,160918,15111,13779,47101,426877,473978,188616
2025-12-03,2025,12,3,port1188,Shanghai,China,CHN,33,36,17,9,22,95,117,410769,312189,18693,1226,147867,742879,890746,387801,168557,28403,17814,25206,602577,627784,188617
2025-12-04,2025,12,4,port1188,Shanghai,China,CHN,38,47,14,7,35,106,141,288576,515267,20756,1957,85505,826557,912063,285774,453444,9399,12763,97516,761382,858898,188618
2025-12-05,2025,12,5,port1188,Shanghai,China,CHN,44,35,16,3,28,98,126,360679,189750,41500,0,161802,591931,753734,379207,224111,22594,12820,35155,638734,673889,188619
2025-12-06,2025,12,6,port1188,Shanghai,China,CHN,44,48,14,8,27,114,141,373666,448835,27148,4183,90458,853834,944292,334226,344296,10473,18512,48640,707508,756149,188620
2025-12-07,2025,12,7,port1188,Shanghai,China,CHN,27,37,13,4,20,81,101,77706,529956,12149,1480,46106,621292,667398,203258,317329,31008,984,46206,552580,598787,188621
2025-12-08,2025,12,8,port1188,Shanghai,China,CHN,37,32,14,4,20,87,107,199436,265641,16470,655,125311,482203,607514,223814,195051,6658,10610,136988,436135,573123,188622
2025-12-09,2025,12,9,port1188,Shanghai,China,CHN,41,21,18,6,30,86,116,232636,210430,11624,817,83889,455509,539399,283680,113227,10455,14865,87640,422227,509868,188623
2025-12-10,2025,12,10,port1188,Shanghai,China,CHN,36,36,10,7,28,89,117,186328,236792,8393,2170,145431,433684,579115,352844,176649,17908,20627,42406,568030,610436,188624
2025-12-11,2025,12,11,port1188,Shanghai,China,CHN,39,35,15,9,27,98,125,247591,339658,18650,4091,69660,609991,679652,374747,277439,24415,11926,30277,688527,718805,188625
2025-12-12,2025,12,12,port1188,Shanghai,China,CHN,40,41,21,7,11,109,120,376518,317278,29288,997,19289,724083,743373,335767,255406,50401,14024,11061,655600,666661,188626
2025-12-13,2025,12,13,port1188,Shanghai,China,CHN,37,34,2,4,17,77,94,295599,154385,3029,408,58012,453423,511435,250318,274641,0,10080,71429,535040,606469,188627
2025-12-14,2025,12,14,port1188,Shanghai,China,CHN,38,50,9,6,23,103,126,340800,346452,3689,408,120782,691350,812133,278702,208968,16114,18995,70676,522781,593458,188628
2025-12-15,2025,12,15,port1188,Shanghai,China,CHN,44,39,14,5,24,102,126,424469,321005,12217,754,108851,758447,867298,271868,172507,23654,8919,80992,476950,557943,188629
2025-12-16,2025,12,16,port1188,Shanghai,China,CHN,37,33,11,5,25,86,111,244187,408119,9757,546,167427,662610,830038,272717,278795,36519,22566,93929,610599,704528,188630
2025-12-17,2025,12,17,port1188,Shanghai,China,CHN,34,38,11,6,25,89,114,233577,305088,14441,6619,117902,559726,677629,308961,175622,17398,8169,66874,510151,577025,188631
2025-12-18,2025,12,18,port1188,Shanghai,China,CHN,36,40,9,6,26,91,117,281456,431259,3450,2775,117799,718941,836740,220502,377400,25619,4387,78030,627909,705940,188632
2025-12-19,2025,12,19,port1188,Shanghai,China,CHN,42,42,6,8,30,98,128,514625,273353,11208,1254,83800,800441,884242,302825,490440,4942,21045,191870,819253,1011124,188633
2025-12-20,2025,12,20,port1188,Shanghai,China,CHN,36,32,11,7,16,86,102,810617,499536,47230,1621,49637,1359006,1408644,232472,249706,3635,10465,71905,496279,568185,188634
2025-12-21,2025,12,21,port1188,Shanghai,China,CHN,38,45,14,7,19,104,123,343850,555502,6652,817,113245,906823,1020069,256771,321107,18837,13560,88197,610276,698474,188635
2025-12-22,2025,12,22,port1188,Shanghai,China,CHN,47,48,8,6,24,109,133,432619,364089,5964,982,103994,803657,907651,263512,478910,8942,12567,26167,763933,790100,188636
2025-12-23,2025,12,23,port1188,Shanghai,China,CHN,30,34,10,4,24,78,102,194979,221907,15545,817,74436,433250,507686,298688,536077,990,7296,127354,843052,970407,188637
2025-12-24,2025,12,24,port1188,Shanghai,China,CHN,41,42,10,7,26,100,126,291124,291448,23544,930,84978,607047,692026,308782,259197,8850,18475,82389,595306,677695,188638
2025-12-25,2025,12,25,port1188,Shanghai,China,CHN,40,20,12,5,21,77,98,215669,652510,1008,588,67458,869777,937236,404425,39989,11197,17449,136300,473062,609362,188639
2025-12-26,2025,12,26,port1188,Shanghai,China,CHN,42,39,13,8,24,102,126,382060,453530,33596,1135,95613,870323,965936,346415,396000,8972,13548,90413,764937,855350,188640
2025-12-27,2025,12,27,port1188,Shanghai,China,CHN,28,45,14,6,20,93,113,268939,486076,28122,817,56344,783956,840300,308968,410608,3863,14430,95253,737871,833124,188641
2025-12-28,2025,12,28,port1188,Shanghai,China,CHN,38,34,16,10,22,98,120,533430,318784,8851,1972,67032,863039,930071,204096,319875,18670,23924,25142,566567,591709,188642
2025-12-29,2025,12,29,port1188,Shanghai,China,CHN,39,31,10,7,26,87,113,331147,481009,10216,2686,189536,825059,1014596,370298,137960,8069,4635,68031,520963,588995,188643
2025-12-30,2025,12,30,port1188,Shanghai,China,CHN,35,39,13,5,20,92,112,95145,395455,19213,725,65383,510540,575923,562503,446689,17301,8132,56176,1034627,1090803,188644
2025-12-31,2025,12,31,port1188,Shanghai,China,CHN,36,29,15,7,21,87,108,194737,268595,17389,2537,35086,483259,518346,347567,281068,19633,5555,50721,653825,704546,188645
2026-01-01,2026,1,1,port1188,Shanghai,China,CHN,29,26,5,6,20,66,86,366572,342500,3725,408,52697,713206,765903,294757,163345,4520,7174,48972,469798,518770,188646
2026-01-02,2026,1,2,port1188,Shanghai,China,CHN,44,36,19,7,20,106,126,458691,263639,26284,246,45616,748861,794477,490651,102690,29799,21431,19464,644573,664037,188647
2026-01-03,2026,1,3,port1188,Shanghai,China,CHN,36,45,14,4,25,99,124,350066,1013624,13550,2985,79183,1380225,1459409,400928,331138,18624,4691,132345,755382,887728,188648
2026-01-04,2026,1,4,port1188,Shanghai,China,CHN,30,28,8,4,12,70,82,365350,128558,7106,1226,52189,502241,554431,308061,176128,15132,6234,13113,505556,518670,188649
2026-01-05,2026,1,5,port1188,Shanghai,China,CHN,40,35,18,7,22,100,122,418712,325941,20973,2161,94439,767789,862228,342176,369792,37835,15894,23655,765698,789353,188650
2026-01-06,2026,1,6,port1188,Shanghai,China,CHN,42,48,18,3,21,111,132,317355,369589,41894,916,84031,729756,813788,470906,263018,22268,1462,34675,757655,792330,188651
2026-01-07,2026,1,7,port1188,Shanghai,China,CHN,35,32,15,3,25,85,110,615801,357348,4487,467,51302,978104,1029407,351287,346387,41771,3227,78384,742673,821057,188652
2026-01-08,2026,1,8,port1188,Shanghai,China,CHN,50,42,13,5,23,110,133,362245,621978,31663,3345,99443,1019232,1118676,333797,215134,6235,8084,108874,563251,672126,188653
2026-01-09,2026,1,9,port1188,Shanghai,China,CHN,41,39,9,7,28,96,124,244857,255267,15307,1181,142620,516613,659234,480253,285688,8590,15890,111950,790423,902374,188654
2026-01-10,2026,1,10,port1188,Shanghai,China,CHN,37,40,14,3,17,94,111,556997,260323,16494,0,50155,833815,883971,349237,441683,26161,8744,15891,825827,841718,188655
2026-01-11,2026,1,11,port1188,Shanghai,China,CHN,33,36,16,5,21,90,111,331723,286354,8416,817,74817,627311,702129,273592,258059,20830,7178,15950,559661,575611,188656
2026-01-12,2026,1,12,port1188,Shanghai,China,CHN,31,26,16,4,23,77,100,619411,249517,13649,817,48142,883395,931537,253265,182126,28292,2924,84635,466610,551246,188657
2026-01-13,2026,1,13,port1188,Shanghai,China,CHN,35,34,10,4,19,83,102,573907,323739,19363,1417,38696,918428,957124,346264,126854,7478,7403,33032,488000,521033,188658
2026-01-14,2026,1,14,port1188,Shanghai,China,CHN,37,30,13,9,24,89,113,463747,356998,22846,1492,46293,845084,891377,375262,156046,10118,21234,74285,562662,636948,188659
2026-01-15,2026,1,15,port1188,Shanghai,China,CHN,28,42,8,2,19,80,99,236957,591873,7667,72,80235,836570,916806,419941,290913,8570,604,124351,720030,844381,188660
2026-01-16,2026,1,16,port1188,Shanghai,China,CHN,21,20,3,5,4,49,53,145033,258179,3272,1754,14017,408239,422257,232544,280752,2629,4017,7380,519943,527323,188661
2026-01-17,2026,1,17,port1188,Shanghai,China,CHN,38,44,15,5,30,102,132,257711,246269,10252,408,132961,514642,647603,394387,669032,12929,17966,135013,1094316,1229329,188662
2026-01-18,2026,1,18,port1188,Shanghai,China,CHN,34,35,12,6,25,87,112,256690,247314,10729,706,78600,515441,594042,368818,172640,36316,16273,80034,594049,674084,188663
2026-01-19,2026,1,19,port1188,Shanghai,China,CHN,37,32,12,6,23,87,110,312890,309486,22503,1094,75058,645973,721031,401710,433413,19887,21820,58062,876832,934895,188664
2026-01-20,2026,1,20,port1188,Shanghai,China,CHN,38,34,7,5,14,84,98,695073,348895,3943,408,26828,1048321,1075149,337972,447500,2629,9686,7598,797789,805388,188665
2026-01-21,2026,1,21,port1188,Shanghai,China,CHN,32,26,11,7,26,76,102,81990,327000,13467,1839,31498,424298,455796,447541,311220,4614,4967,49603,768344,817947,188666
2026-01-22,2026,1,22,port1188,Shanghai,China,CHN,43,50,19,9,34,121,155,731501,721171,18372,2295,60039,1473340,1533379,351879,257981,30786,11670,69961,652317,722278,188667
2026-01-23,2026,1,23,port1188,Shanghai,China,CHN,37,41,10,5,19,93,112,326978,335193,8701,1226,72577,672100,744678,317736,362852,12700,6351,15975,699641,715617,188668
2026-01-24,2026,1,24,port1188,Shanghai,China,CHN,39,35,18,9,17,101,118,664540,341814,10174,1599,62222,1018128,1080350,337652,415369,34147,15535,60842,802704,863547,188669
2026-01-25,2026,1,25,port1188,Shanghai,China,CHN,39,39,14,5,22,97,119,594470,560610,22094,0,121835,1177175,1299010,289799,520282,8591,7594,32657,826266,858923,188670
2026-01-26,2026,1,26,port1188,Shanghai,China,CHN,36,35,13,7,30,91,121,191411,261403,12197,1475,112713,466487,579201,393767,250717,17912,14334,197986,676731,874717,188671
2026-01-27,2026,1,27,port1188,Shanghai,China,CHN,35,36,11,7,27,89,116,306225,653741,15309,2022,90097,977299,1067396,325929,138678,6901,9996,64882,481506,546389,188672
2026-01-28,2026,1,28,port1188,Shanghai,China,CHN,36,37,16,8,19,97,116,322278,368628,13019,1419,53650,705345,758995,385427,611307,21784,22606,40347,1041125,1081473,188673
2026-01-29,2026,1,29,port1188,Shanghai,China,CHN,34,30,12,2,16,78,94,179074,330298,17760,0,36429,527133,563562,380579,208994,9692,1952,53824,601219,655043,188674
2026-01-30,2026,1,30,port1188,Shanghai,China,CHN,34,38,10,7,16,89,105,250647,245350,7992,772,17956,504762,522719,281939,284457,3557,5964,43550,575918,619469,188675
2026-01-31,2026,1,31,port1188,Shanghai,China,CHN,36,39,10,5,28,90,118,85500,589396,17348,1182,114679,693427,808107,426802,540800,10445,10422,47498,988471,1035969,188676
2026-02-01,2026,2,1,port1188,Shanghai,China,CHN,30,31,17,7,26,85,111,616253,371793,23510,984,87458,1012541,1100000,276795,197170,13283,16199,157667,503449,661116,188677
2026-02-02,2026,2,2,port1188,Shanghai,China,CHN,33,41,14,5,19,93,112,218596,226866,3693,408,79364,449565,528930,260402,762663,22662,12610,42889,1058339,1101228,188678
2026-02-03,2026,2,3,port1188,Shanghai,China,CHN,41,47,19,7,21,114,135,225041,838566,23430,3305,65983,1090344,1156328,393567,279294,16929,4387,58910,694178,753088,188679
2026-02-04,2026,2,4,port1188,Shanghai,China,CHN,37,48,20,10,24,115,139,651367,536475,10359,2453,55452,1200656,1256109,359943,254136,26599,18928,81032,659607,740640,188680
2026-02-05,2026,2,5,port1188,Shanghai,China,CHN,39,39,17,7,24,102,126,238292,275073,25466,817,97103,539649,636752,347265,518542,14985,15988,115661,896782,1012443,188681
2026-02-06,2026,2,6,port1188,Shanghai,China,CHN,39,32,9,5,9,85,94,197579,387815,11236,817,5491,597449,602940,342627,167625,12391,18297,11108,540942,552051,188682
2026-02-07,2026,2,7,port1188,Shanghai,China,CHN,39,18,4,7,12,68,80,308541,157480,1845,1909,116591,469777,586368,381055,81803,9030,4768,27089,476658,503748,188683
2026-02-08,2026,2,8,port1188,Shanghai,China,CHN,38,45,18,10,16,111,127,309921,601576,41601,1064,70279,954163,1024442,500550,416326,17221,13215,15481,947314,962795,188684
2026-02-09,2026,2,9,port1188,Shanghai,China,CHN,30,30,12,7,36,79,115,147301,174277,7016,1994,79239,330589,409829,274041,376777,24041,18682,162729,693543,856273,188685
2026-02-10,2026,2,10,port1188,Shanghai,China,CHN,28,36,10,7,16,81,97,102439,383568,1438,3234,62022,490681,552703,306665,106827,41620,5271,53070,460384,513455,188686
2026-02-11,2026,2,11,port1188,Shanghai,China,CHN,31,45,6,7,16,89,105,193202,514641,9019,956,51199,717819,769019,401028,385564,4096,11748,86513,802437,888951,188687
2026-02-12,2026,2,12,port1188,Shanghai,China,CHN,32,27,16,6,30,81,111,190018,53328,28168,408,86342,271924,358267,344878,471883,15773,15099,99407,847635,947042,188688
2026-02-13,2026,2,13,port1188,Shanghai,China,CHN,28,27,12,8,19,75,94,268792,216108,16006,3022,79192,503930,583123,178617,181080,19816,9897,65654,389411,455066,188689
2026-02-14,2026,2,14,port1188,Shanghai,China,CHN,41,43,12,4,22,100,122,158021,772214,30669,246,44862,961151,1006013,467829,131205,14690,10392,84363,624118,708482,188690
2026-02-15,2026,2,15,port1188,Shanghai,China,CHN,25,28,6,5,15,64,79,334850,202631,3813,2009,57156,543305,600461,284449,149455,9464,1462,99801,444831,544632,188691
2026-02-16,2026,2,16,port1188,Shanghai,China,CHN,41,27,10,5,19,83,102,281947,168401,4661,1662,86150,456672,542823,383254,132384,9376,14950,24179,539966,564145,188692
2026-02-17,2026,2,17,port1188,Shanghai,China,CHN,40,37,17,8,20,102,122,391513,458104,26576,408,170688,876602,1047290,508533,124379,26578,23252,13748,682744,696492,188693
2026-02-18,2026,2,18,port1188,Shanghai,China,CHN,30,31,8,7,24,76,100,280157,368080,7924,0,112302,656162,768464,434574,284839,3247,21017,63947,743678,807626,188694
2026-02-19,2026,2,19,port1188,Shanghai,China,CHN,37,36,12,9,19,94,113,236037,351665,18117,2183,60678,608003,668681,445200,454139,37398,27027,18391,963765,982157,188695
2026-02-20,2026,2,20,port1188,Shanghai,China,CHN,30,34,11,10,28,85,113,205290,89134,18680,1398,94309,314504,408814,332461,436094,22630,16047,93130,807233,900363,188696
2026-02-21,2026,2,21,port1188,Shanghai,China,CHN,35,31,10,3,15,79,94,413868,234431,2953,1796,80429,653049,733479,267344,307055,13053,2645,40003,590098,630102,188697
2026-02-22,2026,2,22,port1188,Shanghai,China,CHN,36,28,11,4,13,79,92,237144,118323,11849,408,34114,367726,401841,279994,40265,10282,14469,5347,345012,350359,188698
2026-02-23,2026,2,23,port1188,Shanghai,China,CHN,39,31,9,2,19,81,100,358022,205047,14329,0,52017,577399,629416,324175,157584,5429,6742,26986,493932,520919,188699
2026-02-24,2026,2,24,port1188,Shanghai,China,CHN,38,27,10,2,24,77,101,519483,349944,8806,0,132400,878235,1010635,271652,222369,14826,8879,112775,517727,630503,188700
2026-02-25,2026,2,25,port1188,Shanghai,China,CHN,31,47,13,6,29,97,126,530710,833976,13269,1019,70368,1378975,1449343,222562,165712,21290,1494,73465,411059,484525,188701
2026-02-26,2026,2,26,port1188,Shanghai,China,CHN,43,26,6,6,17,81,98,318299,387817,2323,1134,29581,709575,739157,343882,252777,677,2189,44099,599526,643625,188702
2026-02-27,2026,2,27,port1188,Shanghai,China,CHN,27,30,9,5,28,71,99,273718,345547,5778,2229,109490,627273,736764,198747,82153,14560,5552,76766,301013,377780,188703
2026-02-28,2026,2,28,port1188,Shanghai,China,CHN,32,43,16,4,25,95,120,504715,399145,29135,1439,70496,934435,1004931,296435,508525,23014,7877,57593,835852,893446,188704
2026-03-01,2026,3,1,port1188,Shanghai,China,CHN,29,43,19,9,20,100,120,392109,347361,27425,2892,98826,769789,868615,259695,355747,39389,8944,102168,663776,765944,188705
2026-03-02,2026,3,2,port1188,Shanghai,China,CHN,32,23,7,2,16,64,80,651337,100786,5613,408,48156,758145,806301,161756,100066,6664,4559,73309,273046,346355,188706
2026-03-03,2026,3,3,port1188,Shanghai,China,CHN,40,38,9,12,23,99,122,384994,404879,8347,2278,41001,800500,841501,341092,231956,2707,13461,162935,589217,752152,188707
2026-03-04,2026,3,4,port1188,Shanghai,China,CHN,33,55,16,8,23,112,135,221037,848739,15087,930,98994,1085795,1184789,258094,307190,8625,11483,62821,585394,648216,188708
2026-03-05,2026,3,5,port1188,Shanghai,China,CHN,34,26,17,9,28,86,114,195381,198158,12160,7990,183083,413691,596775,322377,171834,14817,19750,108802,528780,637583,188709
2026-03-06,2026,3,6,port1188,Shanghai,China,CHN,33,37,9,4,23,83,106,1263538,418617,6773,845,104023,1689774,1793797,175284,80980,12987,6738,68043,275990,344033,188710
2026-03-07,2026,3,7,port1188,Shanghai,China,CHN,37,44,17,2,20,100,120,538923,410517,11223,0,46280,960664,1006944,316367,300437,11833,5634,16076,634272,650349,188711
2026-03-08,2026,3,8,port1188,Shanghai,China,CHN,35,32,12,5,18,84,102,209167,271564,3672,1474,115736,485879,601616,246641,229223,15712,8571,57032,500149,557181,188712
2026-03-09,2026,3,9,port1188,Shanghai,China,CHN,38,41,16,7,26,102,128,227608,188695,11453,817,112158,428576,540734,291567,218601,28325,12919,87546,551413,638959,188713
2026-03-10,2026,3,10,port1188,Shanghai,China,CHN,37,48,14,3,27,102,129,347688,369012,16943,0,82663,733644,816307,258782,367567,9270,11218,33484,646838,680323,188714
2026-03-11,2026,3,11,port1188,Shanghai,China,CHN,43,38,9,5,19,95,114,526031,222755,14652,683,85797,764123,849920,335797,286286,17657,5540,89284,645281,734565,188715
2026-03-12,2026,3,12,port1188,Shanghai,China,CHN,36,40,18,5,24,99,123,344470,491211,23565,1635,99015,860884,959899,269935,321310,20281,8771,40013,620298,660311,188716
2026-03-13,2026,3,13,port1188,Shanghai,China,CHN,33,30,16,3,16,82,98,391671,276569,11575,1015,28961,680832,709793,273609,58236,23731,1462,54607,357039,411647,188717
2026-03-14,2026,3,14,port1188,Shanghai,China,CHN,39,38,6,5,25,88,113,225062,421753,6067,1012,57863,653896,711760,362674,122955,10474,12592,114446,508697,623144,188718
2026-03-15,2026,3,15,port1188,Shanghai,China,CHN,38,30,13,6,14,87,101,247770,329281,11633,1477,61708,590163,651871,344519,229145,19514,2126,67996,595305,663302,188719
2026-03-16,2026,3,16,port1188,Shanghai,China,CHN,37,39,16,7,29,99,128,702694,397790,11599,2366,97830,1114451,1212282,196870,252443,17210,21950,21180,488475,509655,188720
2026-03-17,2026,3,17,port1188,Shanghai,China,CHN,31,33,13,4,17,81,98,150998,427384,30429,408,42859,609221,652081,334991,176425,15604,7848,70465,534869,605334,188721
2026-03-18,2026,3,18,port1188,Shanghai,China,CHN,35,26,8,5,24,74,98,159230,96619,12242,956,49212,269048,318261,365806,288841,12059,7217,70817,673925,744743,188722
2026-03-19,2026,3,19,port1188,Shanghai,China,CHN,38,32,11,4,15,85,100,523369,372630,17147,3456,26424,916604,943028,351688,614091,22694,17016,89217,1005490,1094707,188723
2026-03-20,2026,3,20,port1188,Shanghai,China,CHN,41,40,13,6,20,100,120,313887,469317,12856,1542,52468,797604,850072,279826,198224,18488,11603,20171,508142,528314,188724
2026-03-21,2026,3,21,port1188,Shanghai,China,CHN,38,44,14,6,28,102,130,232767,444362,11790,408,81520,689329,770849,310920,366492,10626,11215,68253,699255,767508,188725
2026-03-22,2026,3,22,port1188,Shanghai,China,CHN,26,24,14,5,21,69,90,285919,172656,10973,817,122175,470368,592543,228967,115875,27940,9693,52424,382477,434901,188726
2026-03-23,2026,3,23,port1188,Shanghai,China,CHN,49,48,22,10,21,129,150,676308,625273,21314,1226,62265,1324123,1386388,469494,160169,25556,18198,99371,673419,772790,188727
2026-03-24,2026,3,24,port1188,Shanghai,China,CHN,40,41,13,7,20,101,121,192098,633323,37008,1692,84252,864123,948376,478106,140853,14971,7400,39062,641331,680394,188728
2026-03-25,2026,3,25,port1188,Shanghai,China,CHN,35,27,16,6,27,84,111,216015,224235,18587,1779,83102,460618,543720,346164,102124,14762,7415,74532,470466,544999,188729
2026-03-26,2026,3,26,port1188,Shanghai,China,CHN,43,36,15,5,26,99,125,416501,698437,26931,0,131339,1141871,1273211,384189,326081,8792,8757,33281,727821,761103,188730
2026-03-27,2026,3,27,port1188,Shanghai,China,CHN,34,41,10,5,19,90,109,242036,372448,12228,1498,27637,628211,655849,352275,142798,22677,12302,13097,530053,543150,188731
2026-03-28,2026,3,28,port1188,Shanghai,China,CHN,37,33,15,5,15,90,105,472679,216763,17047,3440,66114,709929,776044,195535,119565,15798,8622,78364,339522,417887,188732
2026-03-29,2026,3,29,port1188,Shanghai,China,CHN,39,32,7,3,17,81,98,353100,249766,32177,408,37013,635453,672467,288882,254426,2629,4352,11630,550291,561922,188733
2026-03-30,2026,3,30,port1188,Shanghai,China,CHN,36,27,10,7,17,80,97,307091,353426,6131,408,61246,667058,728304,394662,87674,27735,25828,7149,535901,543050,188734
2026-03-31,2026,3,31,port1188,Shanghai,China,CHN,39,46,18,5,29,108,137,212328,511881,17756,1226,109008,743193,852202,329718,176727,23641,10679,37227,540766,577994,188735
2026-04-01,2026,4,1,port1188,Shanghai,China,CHN,42,39,15,6,19,102,121,367461,244013,29807,637,87700,641920,729620,430529,163192,24520,12751,52390,630994,683384,188736
2026-04-02,2026,4,2,port1188,Shanghai,China,CHN,32,40,12,7,28,91,119,175158,352234,14002,4683,57116,546079,603195,355899,360175,8518,4608,18339,729201,747541,188737
2026-04-03,2026,4,3,port1188,Shanghai,China,CHN,32,38,13,6,26,89,115,310785,343530,16742,655,96241,671714,767955,249008,366652,8059,9061,76128,632782,708910,188738
2026-04-04,2026,4,4,port1188,Shanghai,China,CHN,38,41,14,6,23,99,122,433826,404701,10363,2626,71543,851517,923061,253774,305082,8622,5309,60107,572789,632897,188739
2026-04-05,2026,4,5,port1188,Shanghai,China,CHN,39,30,14,9,22,92,114,347778,110774,41242,10825,52316,510620,562936,198705,329803,12927,5196,19572,546633,566205,188740
2026-04-06,2026,4,6,port1188,Shanghai,China,CHN,37,32,12,10,31,91,122,248819,445875,15605,2913,150283,713213,863496,422937,390127,26858,17902,189642,857825,1047468,188741
2026-04-07,2026,4,7,port1188,Shanghai,China,CHN,37,58,15,5,17,115,132,241069,491851,18935,1692,99309,753548,852858,393234,166232,30990,13975,40549,604434,644983,188742
2026-04-08,2026,4,8,port1188,Shanghai,China,CHN,37,33,8,5,23,83,106,152587,227821,4314,817,151559,385541,537100,431746,385004,13684,12407,14826,842841,857668,188743
2026-04-09,2026,4,9,port1188,Shanghai,China,CHN,41,33,9,9,24,92,116,490532,222346,4935,817,80900,718632,799533,316307,40507,14477,21529,33768,392821,426590,188744
2026-04-10,2026,4,10,port1188,Shanghai,China,CHN,42,38,17,8,25,105,130,547908,367207,23536,817,53086,939470,992556,330283,225020,12590,11518,113549,579411,692961,188745
2026-04-11,2026,4,11,port1188,Shanghai,China,CHN,34,26,19,4,16,83,99,303110,320183,30439,408,71993,654142,726135,325493,61314,19123,1829,14828,407761,422590,188746
2026-04-12,2026,4,12,port1188,Shanghai,China,CHN,34,25,13,5,15,77,92,273510,239560,12309,817,70293,526197,596491,372296,52760,7699,4183,4819,436939,441759,188747
2026-04-13,2026,4,13,port1188,Shanghai,China,CHN,31,28,13,8,24,80,104,405462,410035,12096,2775,70463,830368,900832,300823,196497,19379,23569,24141,540270,564411,188748
2026-04-14,2026,4,14,port1188,Shanghai,China,CHN,35,36,13,6,23,90,113,341481,387231,10980,1226,89613,740920,830533,288567,97227,15895,6439,54763,408129,462893,188749
2026-04-15,2026,4,15,port1188,Shanghai,China,CHN,38,31,22,5,31,96,127,443426,196101,42754,543,56599,682825,739425,467629,346715,17180,29993,130515,861518,992034,188750
2026-04-16,2026,4,16,port1188,Shanghai,China,CHN,35,35,7,6,16,83,99,246869,209440,3054,3619,52300,462984,515285,407292,71998,16984,1028,32485,497304,529789,188751
2026-04-17,2026,4,17,port1188,Shanghai,China,CHN,38,39,21,7,17,105,122,385483,538444,54261,1030,64015,979220,1043236,381136,125572,23212,4262,26986,534183,561169,188752
2026-04-18,2026,4,18,port1188,Shanghai,China,CHN,30,28,11,4,21,73,94,361486,386505,9312,3283,103790,760588,864378,211927,556146,4929,8807,45953,781810,827764,188753
2026-04-19,2026,4,19,port1188,Shanghai,China,CHN,39,37,18,4,18,98,116,549295,203456,33446,311,64864,786510,851374,374257,139211,26237,590,34441,540298,574740,188754
2026-04-20,2026,4,20,port1188,Shanghai,China,CHN,33,38,11,6,16,88,104,261242,247366,27016,2564,59836,538190,598026,321683,163367,6591,5905,40662,497547,538209,188755
2026-04-21,2026,4,21,port1188,Shanghai,China,CHN,37,31,11,4,24,83,107,452607,316641,19997,1053,131655,790300,921956,314358,120375,4780,10358,33008,449873,482881,188756
2026-04-22,2026,4,22,port1188,Shanghai,China,CHN,37,36,13,5,18,91,109,202149,454850,16465,408,52987,673874,726862,397592,331352,6297,12515,19532,747757,767289,188757
2026-04-23,2026,4,23,port1188,Shanghai,China,CHN,38,37,16,7,22,98,120,639776,286234,21606,2044,44469,949661,994130,266794,39766,14996,7312,79055,328870,407925,188758
2026-04-24,2026,4,24,port1188,Shanghai,China,CHN,35,36,22,5,14,98,112,399556,410543,17039,1226,16647,828365,845013,309079,170301,35162,5941,94016,520485,614502,188759
2026-04-25,2026,4,25,port1188,Shanghai,China,CHN,36,26,12,7,16,81,97,147522,287699,14977,1226,46299,451426,497726,314796,92338,38225,28530,88861,473891,562753,188760
2026-04-26,2026,4,26,port1188,Shanghai,China,CHN,34,24,15,4,23,77,100,248932,189591,38195,549,31202,477269,508471,329852,171964,14159,984,56583,516961,573545,188761
2026-04-27,2026,4,27,port1188,Shanghai,China,CHN,32,45,14,5,15,96,111,329165,679001,17882,2561,115478,1028610,1144089,307053,384127,9181,7274,10967,707637,718604,188762
2026-04-28,2026,4,28,port1188,Shanghai,China,CHN,35,16,6,1,20,58,78,169499,169657,6279,0,120055,345436,465491,327342,59383,9149,7451,87223,403326,490549,188763
2026-04-29,2026,4,29,port1188,Shanghai,China,CHN,41,33,14,5,12,93,105,743277,212855,25828,817,48719,982779,1031499,479823,128659,7796,13078,52686,629358,682045,188764
2026-04-30,2026,4,30,port1188,Shanghai,China,CHN,38,31,19,7,20,95,115,165162,292970,27199,4239,104557,489571,594129,481632,227281,22424,8268,13247,739606,752853,188765
2026-05-01,2026,5,1,port1188,Shanghai,China,CHN,35,22,10,7,21,74,95,219555,242744,4587,0,70044,466887,536932,276678,110762,14971,16099,16419,418512,434931,188766
2026-05-02,2026,5,2,port1188,Shanghai,China,CHN,39,27,6,6,15,78,93,326181,244148,12486,8708,104894,591525,696419,390190,347374,5959,6351,6430,749876,756307,188767
2026-05-03,2026,5,3,port1188,Shanghai,China,CHN,36,32,9,6,16,83,99,274624,240821,8743,431,33680,524621,558301,429527,380894,11179,4268,105221,825869,931091,188768
2026-05-04,2026,5,4,port1188,Shanghai,China,CHN,42,39,10,6,20,97,117,336743,201246,11747,0,90165,549738,639904,471508,285838,14195,18084,66147,789626,855774,188769
2026-05-05,2026,5,5,port1188,Shanghai,China,CHN,30,26,4,4,14,64,78,135929,284747,5570,3316,35231,429563,464795,331635,98483,9314,4432,34926,443865,478792,188770
2026-05-06,2026,5,6,port1188,Shanghai,China,CHN,33,21,15,5,12,74,86,488575,101515,12333,1432,75000,603857,678858,319850,40022,12109,9116,25977,381098,407076,188771
2026-05-07,2026,5,7,port1188,Shanghai,China,CHN,35,30,4,7,8,76,84,317340,291337,10402,601,13310,619682,632992,228955,273367,3944,5368,11220,511635,522856,188772
2026-05-08,2026,5,8,port1188,Shanghai,China,CHN,38,20,13,7,22,78,100,453697,240676,12333,817,33689,707525,741215,339812,30015,34512,19081,140211,423422,563633,188773
2026-05-09,2026,5,9,port1188,Shanghai,China,CHN,35,30,10,4,12,79,91,150915,314342,18957,408,11375,484624,495999,312298,152682,12094,19561,37437,496638,534075,188774
2026-05-10,2026,5,10,port1188,Shanghai,China,CHN,34,21,13,8,16,76,92,214223,181008,13150,4930,21937,413312,435249,501625,171301,27366,10384,38954,710678,749632,188775
2026-05-11,2026,5,11,port1188,Shanghai,China,CHN,34,24,7,9,25,74,99,154511,46774,12278,2205,46674,215768,262443,327115,325008,24415,14136,65460,690675,756136,188776
2026-05-12,2026,5,12,port1188,Shanghai,China,CHN,21,22,10,3,11,56,67,245305,215336,6641,1439,68867,468723,537590,278894,72879,10150,1462,8520,363386,371907,188777
2026-05-13,2026,5,13,port1188,Shanghai,China,CHN,37,34,15,5,12,91,103,182032,280870,24762,1946,22108,489611,511719,365262,335928,12019,5784,66017,718993,785011,188778
2026-05-14,2026,5,14,port1188,Shanghai,China,CHN,37,23,9,8,19,77,96,498556,291176,14961,2640,49047,807334,856382,491027,60750,6943,13758,37637,572479,610116,188779
2026-05-15,2026,5,15,port1188,Shanghai,China,CHN,35,16,18,5,19,74,93,291507,107232,16779,1980,41929,417500,459430,428547,43777,37058,2924,55437,512308,567746,188780
2026-05-16,2026,5,16,port1188,Shanghai,China,CHN,41,21,9,4,15,75,90,207599,145434,6591,0,114769,359625,474394,422930,115301,10462,18959,19510,567653,587164,188781
2026-05-17,2026,5,17,port1188,Shanghai,China,CHN,40,22,9,6,11,77,88,385931,175887,12516,408,28211,574744,602956,391729,101012,6756,16622,14172,516120,530292,188782
2026-05-18,2026,5,18,port1188,Shanghai,China,CHN,32,22,15,9,19,78,97,252668,100475,10604,1524,78943,365272,444215,310723,145603,18297,24223,18964,498848,517813,188783
2026-05-19,2026,5,19,port1188,Shanghai,China,CHN,39,26,9,6,13,80,93,464047,264227,17661,3785,28245,749722,777967,486809,59808,17444,18648,40555,582711,623266,188784
2026-05-20,2026,5,20,port1188,Shanghai,China,CHN,33,17,12,6,16,68,84,390153,237850,22751,408,69318,651164,720482,409604,113098,25287,9419,63860,557409,621269,188785
2026-05-21,2026,5,21,port1188,Shanghai,China,CHN,33,30,20,7,17,90,107,247596,204692,18856,2668,40917,473813,514731,439918,96246,35128,17003,109036,588296,697333,188786
2026-05-22,2026,5,22,port1188,Shanghai,China,CHN,36,26,6,5,11,73,84,357720,186588,3205,817,20813,548332,569146,392853,175326,7646,10333,18439,586159,604598,188787
2026-05-23,2026,5,23,port1188,Shanghai,China,CHN,21,22,5,4,7,52,59,269152,184988,4900,817,12287,459858,472146,314031,159712,9301,6464,3608,489511,493120,188788
2026-05-24,2026,5,24,port1188,Shanghai,China,CHN,29,15,9,6,14,59,73,250678,61559,12831,1552,108860,326622,435483,226821,62177,15229,8185,9687,312414,322101,188789
2026-05-25,2026,5,25,port1188,Shanghai,China,CHN,8,2,3,3,2,16,18,21752,26554,1438,954,1108,50699,51808,50218,7409,4469,2493,697,64591,65288,188790
2026-05-26,2026,5,26,port1188,Shanghai,China,CHN,43,45,16,8,19,112,131,262798,297889,14422,1953,20559,577064,597623,477043,410043,16646,8538,80985,912272,993257,188791
2026-05-27,2026,5,27,port1188,Shanghai,China,CHN,47,29,13,4,23,93,116,271696,407173,10432,408,110794,689710,800504,513055,82390,27428,14522,125913,637396,763310,188792
2026-05-28,2026,5,28,port1188,Shanghai,China,CHN,25,17,10,5,11,57,68,289348,105115,17314,1498,57964,413277,471241,320406,147115,5323,6247,61890,479093,540984,188793
2026-05-29,2026,5,29,port1188,Shanghai,China,CHN,37,27,11,7,14,82,96,184413,228528,14863,3003,21891,430808,452700,362048,176683,16592,9158,17481,564483,581964,188794
2026-05-30,2026,5,30,port1188,Shanghai,China,CHN,31,23,13,4,17,71,88,223287,157393,5578,408,24825,386669,411495,367369,161589,16146,9842,7135,554948,562084,188795
2026-05-31,2026,5,31,port1188,Shanghai,China,CHN,34,26,10,9,12,79,91,814603,165860,23681,3441,18250,1007585,1025836,394692,11458,9220,18306,48852,433678,482530,188796
2026-06-01,2026,6,1,port1188,Shanghai,China,CHN,40,33,11,5,14,89,103,166747,341271,15066,1026,28761,524112,552873,418703,38513,17823,8837,5619,483877,489497,188797
2026-06-02,2026,6,2,port1188,Shanghai,China,CHN,40,31,11,3,17,85,102,355362,204349,35832,408,66055,595952,662008,466811,246667,9459,1462,23913,724400,748313,188798
2026-06-03,2026,6,3,port1188,Shanghai,China,CHN,36,26,14,6,17,82,99,441034,230778,16808,408,50124,689030,739155,352043,153073,21533,18792,30877,545442,576319,188799
2026-06-04,2026,6,4,port1188,Shanghai,China,CHN,33,30,14,7,16,84,100,330028,204027,10125,7890,64359,552072,616432,419972,240805,13985,14952,87633,689714,777348,188800
2026-06-05,2026,6,5,port1188,Shanghai,China,CHN,29,27,7,3,13,66,79,248423,132015,19901,874,14973,401214,416188,318193,355485,5970,10700,17832,690350,708182,188801
2026-06-06,2026,6,6,port1188,Shanghai,China,CHN,27,31,9,8,14,75,89,351194,357531,11341,1694,42961,721762,764723,229314,143082,21750,18440,7480,412586,420067,188802
2026-06-07,2026,6,7,port1188,Shanghai,China,CHN,30,29,13,5,18,77,95,143735,240448,28799,655,114818,413639,528457,456592,63114,16366,14861,9809,550935,560744,188803
2026-06-08,2026,6,8,port1188,Shanghai,China,CHN,38,23,7,5,17,73,90,642399,160647,3341,920,130708,807308,938017,375030,180703,7617,3729,29297,567080,596378,188804
2026-06-09,2026,6,9,port1188,Shanghai,China,CHN,40,23,8,4,15,75,90,364799,270051,8977,408,85368,644237,729605,504501,39943,10899,10937,52925,566281,619206,188805
2026-06-10,2026,6,10,port1188,Shanghai,China,CHN,37,31,9,6,14,83,97,204251,414808,4857,845,64088,624763,688852,304671,60215,6621,8592,61837,380100,441937,188806
2026-06-11,2026,6,11,port1188,Shanghai,China,CHN,39,29,9,7,19,84,103,583972,206413,11148,2595,44939,804130,849070,432267,223399,14435,8866,20849,678968,699818,188807
2026-06-12,2026,6,12,port1188,Shanghai,China,CHN,30,32,4,2,12,68,80,241434,357136,8156,580,52172,607309,659481,299505,251021,2925,0,8549,553452,562001,188808
2026-06-13,2026,6,13,port1188,Shanghai,China,CHN,38,28,14,8,13,88,101,627701,241900,19781,3058,47184,892441,939626,414054,74300,18543,15658,14119,522557,536676,188809
2026-06-14,2026,6,14,port1188,Shanghai,China,CHN,31,19,8,6,12,64,76,353942,112410,19123,1030,33301,486507,519809,276057,318847,4891,10814,105131,610611,715743,188810
2026-06-15,2026,6,15,port1188,Shanghai,China,CHN,36,41,9,9,18,95,113,414316,208913,14823,9425,82512,647479,729991,376508,188633,6751,18186,7107,590080,597187,188811
2026-06-16,2026,6,16,port1188,Shanghai,China,CHN,32,32,6,6,13,76,89,348398,220016,22540,817,49503,591773,641276,355966,54041,3399,8164,16481,421572,438054,188812
2026-06-17,2026,6,17,port1188,Shanghai,China,CHN,34,27,12,4,14,77,91,126456,309477,8166,0,32129,444100,476229,567533,97249,8649,10518,89864,683949,773813,188813
2026-06-18,2026,6,18,port1188,Shanghai,China,CHN,36,30,14,6,11,86,97,350319,213323,15654,4355,51273,583652,634925,456620,103269,20662,12103,36410,592655,629066,188814
2026-06-19,2026,6,19,port1188,Shanghai,China,CHN,36,13,12,9,13,70,83,235212,201950,1992,817,46480,439973,486453,365759,112769,18122,9502,47386,506154,553540,188815
2026-06-20,2026,6,20,port1188,Shanghai,China,CHN,33,21,12,7,21,73,94,775076,130319,21340,2038,64647,928774,993422,358845,205802,18860,13297,13625,596806,610431,188816
2026-06-21,2026,6,21,port1188,Shanghai,China,CHN,33,31,13,2,13,79,92,97581,148625,9891,0,74908,256098,331006,412922,148268,17547,4093,20950,582831,603782,188817
2026-06-22,2026,6,22,port1188,Shanghai,China,CHN,37,17,8,8,14,70,84,649016,125552,5812,5541,32669,785922,818592,351934,140720,10429,5358,13942,508444,522386,188818
2026-06-23,2026,6,23,port1188,Shanghai,China,CHN,39,27,10,6,10,82,92,290240,173129,9254,408,30416,473033,503450,353963,300244,16274,23068,9806,693550,703356,188819
2026-06-24,2026,6,24,port1188,Shanghai,China,CHN,30,35,6,3,18,74,92,167037,412431,20221,408,73013,600099,673112,552636,190811,0,7561,26511,751010,777521,188820
2026-06-25,2026,6,25,port1188,Shanghai,China,CHN,33,23,14,6,12,76,88,597535,205228,21085,1226,37205,825075,862281,294110,216015,15201,10615,51626,535943,587570,188821
2026-06-26,2026,6,26,port1188,Shanghai,China,CHN,34,30,11,1,23,76,99,411377,343478,12413,0,66544,767269,833814,400863,292206,9168,1819,75194,704059,779253,188822
2026-06-27,2026,6,27,port1188,Shanghai,China,CHN,36,34,12,7,9,89,98,637245,492083,12603,2087,81152,1144020,1225172,419390,167071,21042,10694,61668,618200,679868,188823
2026-06-28,2026,6,28,port1188,Shanghai,China,CHN,33,28,13,8,14,82,96,241277,235077,11833,997,104518,489185,593704,332341,55731,19636,17829,15127,425538,440665,188824
2026-06-29,2026,6,29,port1188,Shanghai,China,CHN,32,25,18,10,15,85,100,592617,283564,12922,4854,38833,893959,932793,240806,156040,14620,15445,47127,426913,474041,188825
2026-06-30,2026,6,30,port1188,Shanghai,China,CHN,34,27,8,5,16,74,90,924895,308507,9902,408,68409,1243714,1312124,342737,214269,25458,11203,7944,593669,601613,188826
2026-07-01,2026,7,1,port1188,Shanghai,China,CHN,34,17,3,8,14,62,76,316183,26756,13326,2422,60130,358688,418818,398491,46594,4469,11146,3388,460702,464090,188827
2024-05-01,2024,5,1,port1188,Shanghai,China,CHN,31,47,25,6,18,109,127,125065,843731,54545,2707,54312,1026051,1080363,348971,887704,23437,4289,36829,1264403,1301232,188829
2024-05-02,2024,5,2,port1188,Shanghai,China,CHN,44,57,26,7,29,134,163,498344,872236,45874,682,74395,1417138,1491533,568135,761880,19704,9830,31570,1359552,1391122,188830
2024-05-03,2024,5,3,port1188,Shanghai,China,CHN,39,63,26,5,53,133,186,419413,821821,46010,1987,211179,1289233,1500412,284423,1030112,62514,7115,170339,1384165,1554504,188831
2024-05-04,2024,5,4,port1188,Shanghai,China,CHN,40,50,27,5,35,122,157,251344,1458011,92699,2239,121997,1804295,1926293,282701,748717,52616,12734,232992,1096769,1329762,188832
2026-07-11,2026,7,11,port1188,Shanghai,China,CHN,0,0,0,0,0,0,0,0,0,0,0,0,0,0,0,0,0,0,0,0,0,188834
2024-05-05,2024,5,5,port1188,Shanghai,China,CHN,33,54,10,6,34,103,137,256216,845140,18629,2245,143637,1122231,1265869,289396,864839,12498,8238,107602,1174972,1282575,188835
2026-07-12,2026,7,12,port1188,Shanghai,China,CHN,0,0,0,0,0,0,0,0,0,0,0,0,0,0,0,0,0,0,0,0,0,188837
2024-05-06,2024,5,6,port1188,Shanghai,China,CHN,38,52,25,4,40,119,159,330556,1116113,42091,817,157009,1489579,1646589,422553,395634,66078,5131,166826,889397,1056223,188838
2026-07-13,2026,7,13,port1188,Shanghai,China,CHN,32,12,2,6,5,52,57,195521,149515,0,0,34496,345036,379533,208200,47519,402,11998,2891,268121,271013,188840
2024-05-07,2024,5,7,port1188,Shanghai,China,CHN,43,69,21,6,39,139,178,469901,1186389,24709,1163,100548,1682164,1782713,345606,1325760,53491,17479,121345,1742336,1863682,188841
2026-07-14,2026,7,14,port1188,Shanghai,China,CHN,35,16,16,6,20,73,93,1069451,72779,1438,1283,54861,1144953,1199814,307500,65452,41196,16464,38042,430613,468656,188843
2024-05-08,2024,5,8,port1188,Shanghai,China,CHN,37,47,19,2,32,105,137,469618,664474,22342,2550,123476,1158987,1282463,468650,299671,19449,6228,62515,794000,856516,188844
2026-07-15,2026,7,15,port1188,Shanghai,China,CHN,39,31,7,8,18,85,103,478268,330413,17628,4687,38026,830998,869024,396562,109734,13486,12027,60088,531810,591899,188846
2024-05-09,2024,5,9,port1188,Shanghai,China,CHN,44,68,18,5,38,135,173,325102,1211741,23963,0,64474,1560807,1625281,472566,644926,78376,2154,159759,1198024,1357783,188847
2026-07-16,2026,7,16,port1188,Shanghai,China,CHN,32,31,10,5,15,78,93,756075,314394,18124,817,105814,1089412,1195227,335398,96706,8963,16165,46628,457233,503862,188848
2024-05-10,2024,5,10,port1188,Shanghai,China,CHN,36,47,7,6,28,96,124,316072,668003,8110,917,45750,993103,1038853,217574,796319,12279,12248,131345,1038421,1169766,188850
2026-07-17,2026,7,17,port1188,Shanghai,China,CHN,33,28,16,6,23,83,106,571419,305162,12006,1876,71704,890464,962168,283976,121393,21580,21211,21226,448162,469388,188851
2024-05-11,2024,5,11,port1188,Shanghai,China,CHN,43,55,16,6,37,120,157,443095,1024715,34426,1953,217516,1504191,1721708,325137,626195,12521,7959,86628,971814,1058443,188853
2026-07-18,2026,7,18,port1188,Shanghai,China,CHN,34,32,17,6,20,89,109,248096,228975,32640,799,112424,510511,622935,344235,104887,18120,15048,90329,482291,572621,188854
2024-05-12,2024,5,12,port1188,Shanghai,China,CHN,44,47,22,6,28,119,147,220165,979445,44763,3630,63169,1248005,1311174,561856,349812,27295,3799,110811,942764,1053575,188856
2026-07-19,2026,7,19,port1188,Shanghai,China,CHN,33,30,7,5,19,75,94,338144,140590,1595,1564,117781,481895,599677,282804,37488,10219,4423,69692,334935,404628,188857
2024-05-13,2024,5,13,port1188,Shanghai,China,CHN,45,62,28,4,25,139,164,582382,1196362,74113,0,104004,1852858,1956862,413157,873466,51400,5293,61013,1343317,1404331,188859
2026-07-20,2026,7,20,port1188,Shanghai,China,CHN,38,37,9,6,31,90,121,293314,226380,39417,0,176270,559113,735384,292351,282906,4302,15642,145428,595203,740632,188860
2024-05-14,2024,5,14,port1188,Shanghai,China,CHN,35,65,18,5,34,123,157,411511,1471580,41525,3506,126134,1928123,2054257,304443,554315,23162,6171,139617,888092,1027710,188862
2026-07-21,2026,7,21,port1188,Shanghai,China,CHN,36,33,9,2,17,80,97,293691,517450,2647,0,63919,813789,877709,292686,127652,14672,273,18011,435285,453297,188863
2024-05-15,2024,5,15,port1188,Shanghai,China,CHN,37,59,15,6,26,117,143,165809,1301368,46385,1498,83916,1515061,1598977,525388,615692,11982,8761,68385,1161824,1230209,188865
2024-05-16,2024,5,16,port1188,Shanghai,China,CHN,40,62,27,5,40,134,174,199388,971222,78581,601,224845,1249794,1474640,372134,623125,18239,6683,62698,1020181,1082880,188867
2026-07-22,2026,7,22,port1188,Shanghai,China,CHN,33,41,7,7,15,88,103,255780,299672,182,1289,40602,556924,597526,411723,187326,10720,13751,30504,623521,654025,188868
2024-05-17,2024,5,17,port1188,Shanghai,China,CHN,32,56,21,3,31,112,143,157692,724343,59454,1089,128332,942579,1070911,215562,533325,22453,7224,75310,778565,853876,188870
2026-07-23,2026,7,23,port1188,Shanghai,China,CHN,20,24,6,7,17,57,74,186833,296048,5783,2389,63198,491054,554252,260470,59635,12737,8138,6208,340981,347190,188871
2024-05-18,2024,5,18,port1188,Shanghai,China,CHN,41,61,21,2,21,125,146,261258,826747,17353,817,40243,1106177,1146420,290647,875015,52475,2924,22785,1221063,1243848,188873
2026-07-24,2026,7,24,port1188,Shanghai,China,CHN,33,26,11,4,14,74,88,296866,358672,21253,408,21112,677201,698313,318584,73831,10772,9522,43112,412710,455822,188874
2024-05-19,2024,5,19,port1188,Shanghai,China,CHN,31,52,23,5,32,111,143,220444,722760,30198,817,188904,974221,1163125,272477,927645,23949,9054,33423,1233126,1266549,188876
2026-07-25,2026,7,25,port1188,Shanghai,China,CHN,22,23,14,6,16,65,81,277525,386712,22972,408,82126,687618,769745,169800,33693,23399,18314,51817,245208,297025,188877
2024-05-20,2024,5,20,port1188,Shanghai,China,CHN,33,58,16,4,41,111,152,369364,759960,15739,408,107069,1145472,1252541,279066,851711,30340,3011,117933,1164129,1282063,188879
2026-07-26,2026,7,26,port1188,Shanghai,China,CHN,28,27,10,6,16,71,87,505422,223797,41941,246,93135,771407,864543,307565,117652,9267,15095,27925,449581,477507,188880
2024-05-21,2024,5,21,port1188,Shanghai,China,CHN,43,65,29,9,32,146,178,177980,865745,51041,3604,133061,1098371,1231433,458237,895382,54933,12852,117216,1421405,1538622,188882
2026-07-27,2026,7,27,port1188,Shanghai,China,CHN,30,29,4,5,20,68,88,190073,403477,1438,857,145625,595847,741472,336348,74646,6570,4241,89357,421807,511164,188883
2024-05-22,2024,5,22,port1188,Shanghai,China,CHN,36,53,23,4,41,116,157,429141,586821,47100,408,184665,1063472,1248137,302914,879417,26734,11399,156708,1220466,1377175,188885
2026-07-28,2026,7,28,port1188,Shanghai,China,CHN,28,27,11,6,22,72,94,383423,225255,7000,1077,38789,616756,655545,199125,122939,19428,14136,25360,355630,380991,188886
2024-05-23,2024,5,23,port1188,Shanghai,China,CHN,41,46,22,5,39,114,153,309304,624388,29543,782,76243,964019,1040262,343196,827157,53001,4261,135699,1227616,1363316,188888
2026-07-29,2026,7,29,port1188,Shanghai,China,CHN,31,23,11,5,19,70,89,243621,130323,15030,3054,74800,392030,466831,500614,75097,13807,4107,20594,593626,614221,188889
2024-05-24,2024,5,24,port1188,Shanghai,China,CHN,39,55,29,5,31,128,159,253830,884974,42919,1329,40307,1183053,1223361,483561,1245295,34231,8114,217636,1771202,1988839,188891
2026-07-30,2026,7,30,port1188,Shanghai,China,CHN,33,28,5,3,7,69,76,774226,158496,11754,5477,56148,949954,1006103,429089,151098,3294,2924,23538,586408,609947,188892
2024-05-25,2024,5,25,port1188,Shanghai,China,CHN,40,59,23,4,41,126,167,215491,1576587,46334,408,81679,1838822,1920501,387690,580531,25347,2480,224113,996049,1220162,188894
2026-07-31,2026,7,31,port1188,Shanghai,China,CHN,35,25,6,3,16,69,85,888483,311188,4954,408,56340,1205035,1261376,395501,94841,3823,7918,52110,502085,554195,188895
2024-05-26,2024,5,26,port1188,Shanghai,China,CHN,40,50,17,7,20,114,134,126365,858210,13763,1388,35674,999729,1035403,492186,760034,24356,21689,127726,1298266,1425993,188897
2026-08-01,2026,8,1,port1188,Shanghai,China,CHN,30,24,11,8,11,73,84,761873,305784,7717,408,138261,1075784,1214046,209515,123408,22269,20115,51679,375309,426988,188898
2024-05-27,2024,5,27,port1188,Shanghai,China,CHN,47,55,11,7,35,120,155,385729,782437,3470,2766,198430,1174405,1372835,478917,837914,13039,10019,73845,1339891,1413736,188900
2026-08-02,2026,8,2,port1188,Shanghai,China,CHN,25,27,13,6,11,71,82,265421,111189,13201,706,80648,390519,471168,293159,55759,15585,3604,39809,368109,407918,188901
2024-05-28,2024,5,28,port1188,Shanghai,China,CHN,33,55,26,2,33,116,149,284633,691441,26757,0,57158,1002831,1059990,277527,827463,30393,0,57590,1135383,1192974,188903
2026-08-03,2026,8,3,port1188,Shanghai,China,CHN,35,25,8,7,20,75,95,324923,387372,4779,588,70963,717664,788627,338256,59545,10655,13025,20280,421483,441763,188904
2024-05-29,2024,5,29,port1188,Shanghai,China,CHN,41,53,23,3,29,120,149,323761,1429574,32429,757,57579,1786523,1844102,676088,867896,31400,463,245347,1575848,1821196,188906
2024-05-30,2024,5,30,port1188,Shanghai,China,CHN,35,53,23,3,38,114,152,222539,1078673,32693,0,78861,1333906,1412768,381742,831615,28700,5075,104066,1247133,1351199,188907
2024-05-31,2024,5,31,port1188,Shanghai,China,CHN,32,52,21,5,35,110,145,187538,570666,65305,817,102264,824328,926593,435913,827547,22505,3117,176106,1289084,1465190,188908
2024-06-01,2024,6,1,port1188,Shanghai,China,CHN,47,62,23,5,37,137,174,446215,1322560,32447,481,112783,1801705,1914488,360614,744673,42995,9877,139040,1158160,1297201,188909
2024-06-02,2024,6,2,port1188,Shanghai,China,CHN,28,70,17,4,30,119,149,588210,855730,30550,408,118806,1474900,1593707,216862,1356494,17450,7112,58908,1597919,1656828,188910
2024-06-03,2024,6,3,port1188,Shanghai,China,CHN,38,67,22,5,33,132,165,455782,965693,37288,1437,133595,1460202,1593797,375625,781095,29393,8218,87509,1194332,1281841,188911
2024-06-04,2024,6,4,port1188,Shanghai,China,CHN,36,57,18,7,32,118,150,799592,676543,19562,2155,163588,1497854,1661443,284785,972360,61111,8729,63872,1326986,1390858,188912
2024-06-05,2024,6,5,port1188,Shanghai,China,CHN,37,64,20,4,29,125,154,317802,1254075,36394,3731,76048,1612003,1688052,413998,489814,40204,8968,118684,952986,1071670,188913
2024-06-06,2024,6,6,port1188,Shanghai,China,CHN,36,52,18,9,30,115,145,207671,940756,27570,408,129366,1176407,1305773,600299,750691,21374,19064,57599,1391430,1449030,188914
2024-06-07,2024,6,7,port1188,Shanghai,China,CHN,45,51,30,5,32,131,163,580634,847425,23229,2026,118598,1453315,1571913,290974,1153315,59848,7344,144669,1511483,1656152,188915
2024-06-08,2024,6,8,port1188,Shanghai,China,CHN,45,66,22,5,34,138,172,277351,995309,63490,1900,94903,1338052,1432956,517655,985193,19929,15014,120648,1537792,1658441,188916
2024-06-09,2024,6,9,port1188,Shanghai,China,CHN,27,55,18,6,33,106,139,284024,817052,43789,1662,89061,1146529,1235590,304679,971953,28861,14308,98410,1319803,1418213,188917
2024-06-10,2024,6,10,port1188,Shanghai,China,CHN,37,51,20,6,28,114,142,494752,659471,59792,2368,80425,1216384,1296810,468029,853560,30548,6447,41669,1358585,1400255,188918
2024-06-11,2024,6,11,port1188,Shanghai,China,CHN,36,55,17,5,26,113,139,341559,717108,21275,2723,98256,1082666,1180922,366253,343512,24063,6711,62982,740540,803523,188919
2024-06-12,2024,6,12,port1188,Shanghai,China,CHN,38,43,17,7,30,105,135,199704,955668,36662,3217,122717,1195252,1317969,381087,684686,21349,9612,33718,1096736,1130454,188920
2024-06-13,2024,6,13,port1188,Shanghai,China,CHN,43,61,26,5,38,135,173,331525,998512,32320,408,155627,1362767,1518395,502462,543536,37481,10751,85606,1094231,1179837,188921
2024-06-14,2024,6,14,port1188,Shanghai,China,CHN,39,48,22,5,35,114,149,219588,949351,56009,817,127514,1225767,1353282,484337,464229,20460,19104,73718,988131,1061849,188922
2024-06-15,2024,6,15,port1188,Shanghai,China,CHN,48,67,14,6,28,135,163,542024,1073678,10955,4402,147661,1631061,1778723,283098,1018281,25852,2924,24893,1330157,1355050,188923
2024-06-16,2024,6,16,port1188,Shanghai,China,CHN,33,55,18,5,26,111,137,190995,811110,16621,408,56232,1019137,1075369,235561,1166795,44723,19330,54417,1466410,1520828,188924
2024-06-17,2024,6,17,port1188,Shanghai,China,CHN,30,50,18,5,40,103,143,399570,674142,49005,820,93372,1123538,1216910,273608,726759,11642,4088,101896,1016100,1117996,188925
2024-06-18,2024,6,18,port1188,Shanghai,China,CHN,42,46,14,5,22,107,129,207403,750489,34796,817,93390,993508,1086898,404179,492602,10036,4468,54368,911287,965655,188926
2024-06-19,2024,6,19,port1188,Shanghai,China,CHN,34,52,17,4,30,107,137,239780,555010,39883,874,104855,835548,940404,420067,1056252,4607,1030,149063,1481957,1631020,188927
2024-06-20,2024,6,20,port1188,Shanghai,China,CHN,31,48,11,5,22,95,117,438159,1180824,20745,1886,49813,1641616,1691430,353189,574254,9341,7819,68269,944605,1012874,188928
2024-06-21,2024,6,21,port1188,Shanghai,China,CHN,34,61,15,5,33,115,148,257762,913792,51939,1716,98147,1225211,1323358,477480,890095,14368,1828,136872,1383773,1520645,188929
2024-06-22,2024,6,22,port1188,Shanghai,China,CHN,42,43,18,2,31,105,136,447356,748934,9640,0,112860,1205931,1318791,515871,734419,20801,0,122577,1271092,1393670,188930
2024-06-23,2024,6,23,port1188,Shanghai,China,CHN,38,46,19,7,33,110,143,223030,1299756,46610,408,160379,1569806,1730186,418133,578631,15205,4785,126698,1016755,1143454,188931
2024-06-24,2024,6,24,port1188,Shanghai,China,CHN,37,63,21,9,37,130,167,136567,1135346,24028,3211,124058,1299154,1423213,436106,848411,30048,16160,79628,1330727,1410355,188932
2024-06-25,2024,6,25,port1188,Shanghai,China,CHN,38,54,19,4,37,115,152,238667,1073031,9237,408,181872,1321345,1503218,318521,492382,73443,1462,40484,885810,926294,188933
2024-06-26,2024,6,26,port1188,Shanghai,China,CHN,43,53,16,6,29,118,147,474060,957186,19797,1365,201267,1452409,1653677,481599,743483,19911,5073,55782,1250068,1305851,188934
2024-06-27,2024,6,27,port1188,Shanghai,China,CHN,36,57,22,5,27,120,147,324448,1712298,30107,214,49490,2067069,2116559,362759,922144,65061,7909,72668,1357874,1430542,188935
2024-06-28,2024,6,28,port1188,Shanghai,China,CHN,35,54,20,5,31,114,145,260869,871880,21557,2299,50674,1156607,1207282,329028,778707,27683,1462,126324,1136881,1263206,188936
2024-06-29,2024,6,29,port1188,Shanghai,China,CHN,40,40,17,5,26,102,128,248016,557679,12337,817,123813,818850,942663,276189,757826,56115,8054,90082,1098186,1188269,188937
2024-06-30,2024,6,30,port1188,Shanghai,China,CHN,36,46,14,3,27,99,126,197422,860394,17942,408,45250,1076167,1121418,341476,669423,22648,1462,134570,1035011,1169581,188938
2024-07-01,2024,7,1,port1188,Shanghai,China,CHN,34,52,15,4,27,105,132,537157,1141515,21069,408,128128,1700151,1828279,312168,1012335,11609,4958,109335,1341072,1450407,188939
2024-07-02,2024,7,2,port1188,Shanghai,China,CHN,43,44,17,6,35,110,145,450570,1163694,27157,14149,140117,1655572,1795689,612727,336680,16014,8714,57581,974137,1031718,188940
2024-07-03,2024,7,3,port1188,Shanghai,China,CHN,35,55,19,5,28,114,142,287528,1012916,17686,1132,114561,1319263,1433825,403330,940375,33122,5902,62025,1382731,1444756,188941
2024-07-04,2024,7,4,port1188,Shanghai,China,CHN,40,57,19,6,41,122,163,452839,784352,28216,817,157421,1266226,1423647,402850,732719,50809,12499,94237,1198879,1293116,188942
2024-07-05,2024,7,5,port1188,Shanghai,China,CHN,39,64,14,4,30,121,151,504580,891276,15284,817,137072,1411958,1549030,442364,1173543,28560,6052,40392,1650521,1690913,188943
2024-07-06,2024,7,6,port1188,Shanghai,China,CHN,41,58,20,6,29,125,154,357930,455799,22365,3274,80431,839369,919801,361656,1017360,24079,20877,75754,1423973,1499728,188944
2024-07-07,2024,7,7,port1188,Shanghai,China,CHN,44,61,23,5,26,133,159,725938,1123455,32358,5107,83841,1886859,1970700,329085,840438,46706,2015,58999,1218246,1277245,188945
2024-07-08,2024,7,8,port1188,Shanghai,China,CHN,41,61,23,3,34,128,162,502529,1128728,21891,408,140804,1653558,1794362,535613,708753,11319,5753,38849,1261440,1300289,188946
2024-07-09,2024,7,9,port1188,Shanghai,China,CHN,37,67,22,8,31,134,165,222340,893244,39255,1226,188284,1156068,1344352,376104,698926,33655,11698,62294,1120385,1182680,188947
2024-07-10,2024,7,10,port1188,Shanghai,China,CHN,36,70,11,6,43,123,166,280107,1094060,18028,1432,190872,1393629,1584502,475664,463322,9988,15681,88238,964656,1052895,188948
2024-07-11,2024,7,11,port1188,Shanghai,China,CHN,34,45,16,6,43,101,144,449088,866797,41386,1898,84377,1359171,1443549,320092,658099,26511,4504,95851,1009209,1105061,188949
2024-07-12,2024,7,12,port1188,Shanghai,China,CHN,37,66,18,5,30,126,156,459790,901577,10965,1010,97472,1373343,1470815,444893,862852,46234,8896,92861,1362877,1455738,188950
2024-07-13,2024,7,13,port1188,Shanghai,China,CHN,42,49,20,8,38,119,157,487538,495594,18117,1477,152640,1002727,1155367,402259,1021459,45391,10604,191600,1479715,1671315,188951
2024-07-14,2024,7,14,port1188,Shanghai,China,CHN,44,62,26,5,28,137,165,258289,531560,36979,2658,170271,829488,999759,285116,974043,63890,2924,47744,1325976,1373720,188952
2024-07-15,2024,7,15,port1188,Shanghai,China,CHN,45,61,15,8,35,129,164,418622,901001,7420,1226,61365,1328270,1389635,443608,612225,45945,14711,114072,1116490,1230562,188953
2024-07-16,2024,7,16,port1188,Shanghai,China,CHN,40,47,23,6,29,116,145,355104,566160,43078,408,48418,964752,1013170,443978,469792,23270,9072,19982,946113,966096,188954
2024-07-17,2024,7,17,port1188,Shanghai,China,CHN,31,39,22,3,24,95,119,227429,650418,46144,274,85722,924267,1009990,300087,460854,24658,2041,31293,787642,818935,188955
2024-07-18,2024,7,18,port1188,Shanghai,China,CHN,36,47,18,6,34,107,141,221884,384289,36228,2536,78212,644939,723151,445858,259247,28483,11914,32888,745504,778392,188956
2024-07-19,2024,7,19,port1188,Shanghai,China,CHN,29,53,11,5,29,98,127,208185,791776,20193,1425,44400,1021580,1065980,281164,929241,17166,10506,92945,1238079,1331024,188957
2024-07-20,2024,7,20,port1188,Shanghai,China,CHN,41,58,19,9,34,127,161,368358,827893,46325,2715,112278,1245293,1357571,224139,913800,8128,13179,106679,1159246,1265926,188958
2024-07-21,2024,7,21,port1188,Shanghai,China,CHN,31,60,19,6,31,116,147,170810,516417,22532,1057,191210,710817,902028,322534,717686,49440,4008,85040,1093670,1178710,188959
2024-07-22,2024,7,22,port1188,Shanghai,China,CHN,45,49,15,7,35,116,151,221669,1141405,54701,3628,140508,1421405,1561914,504210,550608,4724,4749,119045,1064293,1183338,188960
2024-07-23,2024,7,23,port1188,Shanghai,China,CHN,39,50,18,9,21,116,137,314264,916046,17482,2673,102998,1250465,1353464,272106,159551,19483,18538,70277,469680,539957,188961
2024-07-24,2024,7,24,port1188,Shanghai,China,CHN,34,26,14,4,24,78,102,367761,47249,52847,408,67415,468268,535683,473609,107867,16297,7986,96946,605759,702705,188962
2024-07-25,2024,7,25,port1188,Shanghai,China,CHN,37,33,6,3,13,79,92,161380,211883,8055,2404,27616,383723,411339,435046,139580,5379,2335,15591,582342,597934,188963
2024-07-26,2024,7,26,port1188,Shanghai,China,CHN,23,22,3,0,4,48,52,132465,111690,0,0,9588,244156,253745,274445,148298,4005,0,1997,426748,428746,188964
2024-07-27,2024,7,27,port1188,Shanghai,China,CHN,39,33,8,2,8,82,90,433864,75653,15427,0,27327,524945,552273,300380,267050,13252,9563,27513,590246,617759,188965
2024-07-28,2024,7,28,port1188,Shanghai,China,CHN,42,39,21,7,28,109,137,329069,783495,32099,817,64955,1145482,1210437,384957,97121,43978,11170,125555,537228,662784,188966
2024-07-29,2024,7,29,port1188,Shanghai,China,CHN,34,53,23,7,31,117,148,144948,604788,38256,6663,198384,794657,993042,277054,394938,33213,5041,47840,710248,758089,188967
2024-07-30,2024,7,30,port1188,Shanghai,China,CHN,30,43,21,5,24,99,123,124323,380613,25353,1136,43702,531426,575128,333004,228477,14784,2645,29329,578912,608241,188968
2024-07-31,2024,7,31,port1188,Shanghai,China,CHN,30,41,12,6,28,89,117,220583,222022,23693,408,127875,466708,594583,405654,683347,7659,10710,28760,1107371,1136132,188969
2024-08-01,2024,8,1,port1188,Shanghai,China,CHN,34,22,13,4,18,73,91,115455,164100,26388,2895,43642,308839,352482,296828,154348,3716,2337,25661,457230,482892,188970
2024-08-02,2024,8,2,port1188,Shanghai,China,CHN,48,49,12,7,28,116,144,463107,711143,41761,5943,82313,1221955,1304269,463127,227581,2939,3437,35403,697085,732489,188971
2024-08-03,2024,8,3,port1188,Shanghai,China,CHN,33,36,23,4,23,96,119,225439,481121,23206,0,46433,729766,776200,272565,295049,34338,10353,48314,612306,660621,188972
2024-08-04,2024,8,4,port1188,Shanghai,China,CHN,36,36,13,6,17,91,108,243538,390385,15440,2045,67803,651410,719213,295875,405518,17968,2599,47179,721961,769140,188973
2024-08-05,2024,8,5,port1188,Shanghai,China,CHN,44,52,15,8,32,119,151,418511,894938,29183,7825,111402,1350458,1461861,304640,363014,10246,9351,68814,687253,756067,188974
2024-08-06,2024,8,6,port1188,Shanghai,China,CHN,44,35,12,5,31,96,127,287691,413469,27078,817,134212,729057,863270,267893,120441,14456,8896,31038,411687,442726,188975
2024-08-07,2024,8,7,port1188,Shanghai,China,CHN,34,24,18,5,31,81,112,233953,312827,26358,817,55285,573957,629242,394536,101875,18019,17229,29636,531659,561296,188976
2024-08-08,2024,8,8,port1188,Shanghai,China,CHN,44,45,12,8,19,109,128,194069,569758,13913,3166,81829,780908,862737,486380,364805,13492,9903,20849,874582,895432,188977
2024-08-09,2024,8,9,port1188,Shanghai,China,CHN,34,35,12,4,30,85,115,237421,262749,7307,817,59279,508297,567576,344421,66298,22314,7014,62461,440048,502509,188978
2024-08-10,2024,8,10,port1188,Shanghai,China,CHN,42,35,20,7,19,104,123,530974,685116,32533,2736,63509,1251361,1314870,327371,336301,21345,10106,12269,695124,707394,188979
2024-08-11,2024,8,11,port1188,Shanghai,China,CHN,38,32,17,7,21,94,115,550830,347441,13092,273,104878,911637,1016516,323953,157456,25239,13642,80583,520291,600874,188980
2024-08-12,2024,8,12,port1188,Shanghai,China,CHN,39,37,14,4,28,94,122,344934,411610,13196,0,120157,769742,889899,411217,476499,7346,8181,82586,903245,985832,188981
2024-08-13,2024,8,13,port1188,Shanghai,China,CHN,40,51,18,8,31,117,148,403613,711282,44202,839,111560,1159938,1271498,301901,571277,20381,12250,17738,905810,923549,188982
2024-08-14,2024,8,14,port1188,Shanghai,China,CHN,36,37,20,5,30,98,128,140430,348260,21941,956,54848,511589,566437,507021,238283,31701,4452,108477,781458,889936,188983
2024-08-15,2024,8,15,port1188,Shanghai,China,CHN,29,30,13,1,18,73,91,234064,281847,17158,0,57549,533071,590620,194259,111488,25878,0,50833,331627,382460,188984
2024-08-16,2024,8,16,port1188,Shanghai,China,CHN,14,20,19,2,17,55,72,97779,261785,15005,408,42384,374979,417364,79273,216034,29739,1462,17227,326509,343737,188985
2024-08-17,2024,8,17,port1188,Shanghai,China,CHN,18,28,10,2,24,58,82,49392,279388,14829,408,69178,344019,413198,137289,94283,13332,4794,75813,249699,325513,188986
2024-08-18,2024,8,18,port1188,Shanghai,China,CHN,23,36,5,3,19,67,86,197115,480829,7154,408,50893,685509,736402,151841,84106,1574,9982,88881,247505,336387,188987
2024-08-19,2024,8,19,port1188,Shanghai,China,CHN,39,42,17,5,23,103,126,377784,564402,44510,817,88803,987514,1076317,308975,364415,24074,8031,36188,705495,741684,188988
2024-08-20,2024,8,20,port1188,Shanghai,China,CHN,31,27,10,3,24,71,95,723837,521787,7240,408,165622,1253273,1418896,214121,75889,15098,8709,8135,313819,321954,188989
2024-08-21,2024,8,21,port1188,Shanghai,China,CHN,44,42,12,3,27,101,128,333317,720361,26781,408,66920,1080869,1147790,483094,267178,19777,1899,34197,771949,806146,188990
2024-08-22,2024,8,22,port1188,Shanghai,China,CHN,40,44,15,8,24,107,131,761588,563964,15229,3961,89466,1344744,1434210,471745,360901,7379,18845,278227,858872,1137099,188991
2024-08-23,2024,8,23,port1188,Shanghai,China,CHN,41,32,15,7,22,95,117,311255,478158,13153,1285,90427,803852,894280,376903,165144,26949,14002,76271,582999,659271,188992
2024-08-24,2024,8,24,port1188,Shanghai,China,CHN,40,38,13,3,20,94,114,333204,442869,20887,0,47789,796961,844750,428225,147464,17924,5592,21496,599206,620703,188993
2024-08-25,2024,8,25,port1188,Shanghai,China,CHN,42,37,12,6,25,97,122,265146,408561,32314,408,172587,706430,879018,403784,438367,12128,15719,73973,869999,943972,188994
2024-08-26,2024,8,26,port1188,Shanghai,China,CHN,37,46,13,8,26,104,130,226369,419438,20280,2480,87790,668568,756358,226725,453701,14496,8897,84065,703820,787886,188995
2024-08-27,2024,8,27,port1188,Shanghai,China,CHN,34,43,18,4,29,99,128,162596,351271,9342,1538,154084,524748,678832,413349,173388,43249,7761,226160,637748,863909,188996
2024-08-28,2024,8,28,port1188,Shanghai,China,CHN,44,43,18,4,17,109,126,759252,212612,18963,1544,52046,992372,1044419,500320,183962,13073,5220,22054,702578,724632,188997
2024-08-29,2024,8,29,port1188,Shanghai,China,CHN,32,24,15,4,25,75,100,474883,228989,14430,192,101617,718495,820113,224098,119225,10092,2969,23326,356386,379712,188998
2024-08-30,2024,8,30,port1188,Shanghai,China,CHN,28,45,15,3,17,91,108,256522,388290,66038,408,20994,711260,732255,265538,404210,15874,13737,23148,699360,722508,188999
2024-08-31,2024,8,31,port1188,Shanghai,China,CHN,43,32,19,6,26,100,126,600020,637974,21152,1226,57637,1260374,1318012,431616,118359,24802,10304,37518,585083,622601,189000
2024-09-01,2024,9,1,port1188,Shanghai,China,CHN,46,40,11,3,23,100,123,502627,459129,7436,0,111626,969192,1080818,425174,324276,8517,7724,18701,765693,784395,189001
2024-09-02,2024,9,2,port1188,Shanghai,China,CHN,48,33,13,9,18,103,121,413367,374710,19523,3139,59657,810740,870398,316132,116492,12326,17085,65099,462036,527136,189002
2024-09-03,2024,9,3,port1188,Shanghai,China,CHN,29,40,9,4,21,82,103,150148,324834,26149,408,37043,501540,538584,356253,331727,34991,7621,41935,730592,772528,189003
2024-09-04,2024,9,4,port1188,Shanghai,China,CHN,39,37,19,5,20,100,120,537498,344658,61607,1229,68607,944993,1013600,402539,374353,20098,6682,42044,803673,845718,189004
2024-09-05,2024,9,5,port1188,Shanghai,China,CHN,38,44,14,7,25,103,128,431277,325024,23141,8197,117871,787641,905513,362534,231780,12977,5395,42826,612688,655514,189005
2024-09-06,2024,9,6,port1188,Shanghai,China,CHN,37,56,13,5,24,111,135,247622,326993,11687,3474,53099,589776,642875,344427,580068,9602,17447,17973,951546,969520,189006
2024-09-07,2024,9,7,port1188,Shanghai,China,CHN,37,38,15,4,30,94,124,180500,278606,17125,3549,44217,479781,523998,509914,322211,17940,6329,98242,856396,954638,189007
2024-09-08,2024,9,8,port1188,Shanghai,China,CHN,33,30,17,7,19,87,106,360562,428312,40316,5390,56661,834581,891242,446503,139521,34392,9978,26995,630396,657391,189008
2024-09-09,2024,9,9,port1188,Shanghai,China,CHN,41,42,12,6,22,101,123,314674,198184,1822,408,57354,515091,572446,343533,193020,39464,6226,15591,582244,597836,189009
2024-09-10,2024,9,10,port1188,Shanghai,China,CHN,29,40,18,4,24,91,115,154912,426575,33028,408,71582,614925,686507,283011,396560,22411,11393,50678,713376,764055,189010
2024-09-11,2024,9,11,port1188,Shanghai,China,CHN,41,56,15,5,28,117,145,459523,454877,11232,408,85394,926042,1011436,437425,180461,8607,8494,93752,634988,728740,189011
2024-09-12,2024,9,12,port1188,Shanghai,China,CHN,37,37,14,8,21,96,117,241540,496288,18371,799,86537,757000,843537,293630,363495,12317,17769,29368,687213,716582,189012
2024-09-13,2024,9,13,port1188,Shanghai,China,CHN,40,34,10,7,20,91,111,288498,273093,8079,5742,75662,575413,651076,323180,134332,16323,7162,77698,480998,558696,189013
2024-09-14,2024,9,14,port1188,Shanghai,China,CHN,10,27,1,1,8,39,47,79953,199534,0,0,14574,279487,294062,65124,194652,931,599,14454,261307,275761,189014
2024-09-15,2024,9,15,port1188,Shanghai,China,CHN,0,0,0,0,0,0,0,0,0,0,0,0,0,0,0,0,0,0,0,0,0,189015
2024-09-16,2024,9,16,port1188,Shanghai,China,CHN,21,0,2,2,0,25,25,125295,0,0,799,0,126095,126095,120078,0,12385,984,0,133448,133448,189016
2024-09-17,2024,9,17,port1188,Shanghai,China,CHN,35,58,18,9,24,120,144,435907,368882,31240,3486,33797,839517,873314,251574,384399,21322,19511,66279,676807,743087,189017
2024-09-18,2024,9,18,port1188,Shanghai,China,CHN,39,56,22,4,19,121,140,557440,554593,46631,273,53023,1158939,1211963,522953,349595,12415,1126,67278,886092,953370,189018
2024-09-19,2024,9,19,port1188,Shanghai,China,CHN,26,16,1,5,7,48,55,40768,57305,944,408,42391,99427,141818,303480,50232,0,9786,5583,363499,369082,189019
2024-09-20,2024,9,20,port1188,Shanghai,China,CHN,37,36,15,9,31,97,128,358151,230562,10907,4195,141559,603816,745375,328800,258898,9741,12430,134367,609870,744237,189020
2024-09-21,2024,9,21,port1188,Shanghai,China,CHN,41,46,10,5,36,102,138,766390,416426,12497,5484,60182,1200798,1260981,311720,488133,8080,7472,347142,815406,1162549,189021
2024-09-22,2024,9,22,port1188,Shanghai,China,CHN,31,32,19,7,22,89,111,341400,338191,10213,408,94293,690214,784508,250110,193253,18943,13112,39441,475420,514862,189022
2024-09-23,2024,9,23,port1188,Shanghai,China,CHN,40,57,18,5,30,120,150,319654,417037,27267,704,76927,764664,841591,445473,455857,13670,3066,90933,918068,1009001,189023
2024-09-24,2024,9,24,port1188,Shanghai,China,CHN,39,57,19,8,36,123,159,425838,465829,27751,1758,101492,921177,1022670,371091,463287,18494,17879,47223,870751,917975,189024
2024-09-25,2024,9,25,port1188,Shanghai,China,CHN,40,31,14,6,33,91,124,503662,299292,5998,917,65304,809870,875175,363368,307095,21933,7274,152762,699671,852433,189025
2024-09-26,2024,9,26,port1188,Shanghai,China,CHN,33,30,15,7,24,85,109,364631,591389,12058,3626,26511,971706,998217,316360,428415,24081,8733,66008,777591,843599,189026
2024-09-27,2024,9,27,port1188,Shanghai,China,CHN,30,45,21,3,22,99,121,314234,509969,25524,408,53926,850137,904063,341517,231935,20149,6698,57614,600300,657914,189027
2024-09-28,2024,9,28,port1188,Shanghai,China,CHN,44,52,20,3,26,119,145,672397,769836,25453,0,59383,1467687,1527070,367744,373463,34279,7325,62182,782813,844995,189028
2024-09-29,2024,9,29,port1188,Shanghai,China,CHN,34,47,11,8,31,100,131,254367,310434,8824,2980,119674,576607,696282,292594,298015,20784,17439,115086,628834,743920,189029
2024-09-30,2024,9,30,port1188,Shanghai,China,CHN,35,56,19,6,34,116,150,187230,232076,25524,0,71867,444831,516699,253431,581281,28501,6537,127672,869751,997423,189030
2024-10-01,2024,10,1,port1188,Shanghai,China,CHN,34,47,16,1,13,98,111,161242,219845,35141,0,15865,416228,432094,243015,332124,18018,6416,50229,599575,649804,189031
2024-10-02,2024,10,2,port1188,Shanghai,China,CHN,37,37,5,6,17,85,102,147314,186522,2219,3692,24185,339749,363934,484646,152516,7002,11901,162973,656067,819040,189032
2024-10-03,2024,10,3,port1188,Shanghai,China,CHN,38,46,13,5,21,102,123,192757,244900,29429,0,31719,467087,498807,483170,406784,4462,13718,59921,908136,968057,189033
2024-10-04,2024,10,4,port1188,Shanghai,China,CHN,37,40,12,6,25,95,120,318072,436955,12356,436,44088,767821,811909,225190,139322,21560,9947,62888,396020,458909,189034
2024-10-05,2024,10,5,port1188,Shanghai,China,CHN,38,33,11,5,19,87,106,219771,257740,9467,192,65549,487172,552721,395938,119966,9028,7205,101653,532139,633792,189035
2024-10-06,2024,10,6,port1188,Shanghai,China,CHN,38,43,15,8,19,104,123,248972,392313,12150,1845,113515,655282,768797,284587,241673,23593,7763,3201,557617,560818,189036
2024-10-07,2024,10,7,port1188,Shanghai,China,CHN,32,41,19,4,26,96,122,346075,330737,25390,1205,81488,703408,784896,199578,564767,21470,6132,60831,791948,852780,189037
2024-10-08,2024,10,8,port1188,Shanghai,China,CHN,42,42,18,3,31,105,136,802468,266741,18101,0,57266,1087311,1144578,217150,447223,16125,8269,35599,688769,724368,189038
2024-10-09,2024,10,9,port1188,Shanghai,China,CHN,39,41,17,5,26,102,128,301354,64482,31915,5389,106460,403143,509604,404780,452859,22161,5971,12045,885772,897818,189039
2024-10-10,2024,10,10,port1188,Shanghai,China,CHN,40,38,13,8,18,99,117,406708,217519,43307,2864,60479,670399,730878,266353,178316,3944,12461,30983,461075,492058,189040
2024-10-11,2024,10,11,port1188,Shanghai,China,CHN,42,50,19,5,23,116,139,446164,442050,47440,817,84470,936473,1020943,334238,552109,27053,16959,41082,930361,971443,189041
2024-10-12,2024,10,12,port1188,Shanghai,China,CHN,32,34,24,4,29,94,123,143652,546136,50868,817,83572,741474,825047,327680,97739,21395,2924,59327,449740,509068,189042
2024-10-13,2024,10,13,port1188,Shanghai,China,CHN,35,53,15,5,25,108,133,308160,333742,17795,817,96599,660516,757115,346128,382556,17686,12089,121464,758461,879925,189043
2024-10-14,2024,10,14,port1188,Shanghai,China,CHN,35,37,19,7,20,98,118,193146,259147,37086,1635,62773,491015,553788,252001,253829,23427,9498,8179,538756,546935,189044
2024-10-15,2024,10,15,port1188,Shanghai,China,CHN,37,37,11,5,24,90,114,325624,487812,7978,1162,58438,822577,881015,361920,66638,8637,11275,113994,448471,562465,189045
2024-10-16,2024,10,16,port1188,Shanghai,China,CHN,34,53,6,3,28,96,124,199228,618266,2962,408,91117,820867,911984,361706,521706,7227,7443,52990,898084,951074,189046
2024-10-17,2024,10,17,port1188,Shanghai,China,CHN,39,42,19,7,25,107,132,179880,404839,33053,1092,54951,618867,673818,359490,259893,14500,11394,95261,645278,740540,189047
2024-10-18,2024,10,18,port1188,Shanghai,China,CHN,36,45,19,3,29,103,132,268339,321507,22164,817,206517,612829,819346,402188,568312,17068,2924,36436,990494,1026930,189048
2024-10-19,2024,10,19,port1188,Shanghai,China,CHN,34,47,11,7,21,99,120,186609,528585,34044,1406,30738,750646,781385,333825,304296,15148,8099,10339,661370,671709,189049
2024-10-20,2024,10,20,port1188,Shanghai,China,CHN,41,31,9,6,17,87,104,502144,271135,18134,408,34499,791824,826323,288325,66012,2114,7144,52943,363596,416540,189050
2024-10-21,2024,10,21,port1188,Shanghai,China,CHN,35,47,9,6,23,97,120,141176,260012,14277,408,70292,415874,486166,254359,315946,16022,7988,32978,594317,627296,189051
2024-10-22,2024,10,22,port1188,Shanghai,China,CHN,38,35,14,6,33,93,126,441525,233154,10854,6571,159002,692105,851108,248326,93623,14722,1974,83955,358646,442602,189052
2024-10-23,2024,10,23,port1188,Shanghai,China,CHN,30,30,21,6,23,87,110,99391,414553,23150,3221,64727,540318,605046,303198,281790,30849,11616,88513,627455,715968,189053
2024-10-24,2024,10,24,port1188,Shanghai,China,CHN,36,31,5,6,26,78,104,137251,569125,14180,16089,123819,736646,860466,297474,154411,2629,4545,174243,459061,633304,189054
2024-10-25,2024,10,25,port1188,Shanghai,China,CHN,41,24,13,4,26,82,108,270850,243155,6542,408,68035,520957,588993,217869,261154,2014,8915,28835,489953,518789,189055
2024-10-26,2024,10,26,port1188,Shanghai,China,CHN,33,56,18,2,25,109,134,180016,789468,19737,0,99245,989221,1088467,296953,640058,43684,6570,53954,987266,1041221,189056
2024-10-27,2024,10,27,port1188,Shanghai,China,CHN,34,21,12,6,19,73,92,366098,310064,48640,817,84689,725621,810311,244986,199331,7678,9713,127648,461709,589358,189057
2024-10-28,2024,10,28,port1188,Shanghai,China,CHN,35,43,17,6,30,101,131,351117,588237,18130,1226,54865,958712,1013578,229840,422266,29164,11308,119657,692580,812238,189058
2024-10-29,2024,10,29,port1188,Shanghai,China,CHN,29,40,18,3,28,90,118,289557,518468,47263,408,168766,855697,1024464,321925,250736,46587,1462,33824,620712,654537,189059
2024-10-30,2024,10,30,port1188,Shanghai,China,CHN,32,36,19,5,23,92,115,193138,478225,43452,956,45386,715772,761159,217020,266892,32316,5731,143033,521961,664994,189060
2024-10-31,2024,10,31,port1188,Shanghai,China,CHN,34,33,12,4,16,83,99,268233,492507,8585,1498,24442,770824,795266,177037,235873,13328,1462,85043,427702,512745,189061
2024-11-01,2024,11,1,port1188,Shanghai,China,CHN,17,16,1,2,4,36,40,120127,84941,0,0,3066,205068,208135,188079,156383,394,0,53750,344857,398608,189062
2024-11-02,2024,11,2,port1188,Shanghai,China,CHN,26,54,17,6,37,103,140,128677,404442,20992,1010,155993,555123,711116,194608,324460,25350,8422,37411,552842,590253,189063
2024-11-03,2024,11,3,port1188,Shanghai,China,CHN,41,33,27,7,19,108,127,1002020,325011,17069,179,68308,1344280,1412589,246049,184201,26275,16367,28329,472893,501223,189064
2024-11-04,2024,11,4,port1188,Shanghai,China,CHN,40,41,16,8,35,105,140,600989,397924,21437,1226,96751,1021577,1118329,368987,442398,17015,11550,71906,839951,911858,189065
2024-11-05,2024,11,5,port1188,Shanghai,China,CHN,36,33,20,4,23,93,116,251255,232223,23982,0,52139,507461,559600,383601,287533,40782,7465,41358,719382,760741,189066
2024-11-06,2024,11,6,port1188,Shanghai,China,CHN,33,32,11,5,24,81,105,394576,292304,14150,1432,97697,702462,800160,410096,544669,10030,9871,124789,974667,1099456,189067
2024-11-07,2024,11,7,port1188,Shanghai,China,CHN,31,46,22,6,21,105,126,182793,359051,32153,408,35186,574407,609594,288645,570102,34905,7494,67339,901147,968487,189068
2024-11-08,2024,11,8,port1188,Shanghai,China,CHN,34,44,13,3,23,94,117,227354,649291,18341,6438,42166,901425,943591,262760,494411,30346,8159,100643,795678,896322,189069
2024-11-09,2024,11,9,port1188,Shanghai,China,CHN,38,40,16,7,13,101,114,655229,376202,17933,799,6406,1050165,1056571,326113,264332,15213,9726,19051,615385,634436,189070
2024-11-10,2024,11,10,port1188,Shanghai,China,CHN,39,42,18,5,27,104,131,94539,437347,23734,5320,86394,560942,647336,451496,287681,20793,7841,61764,767812,829576,189071
2024-11-11,2024,11,11,port1188,Shanghai,China,CHN,38,54,25,5,25,122,147,130729,1094352,36895,817,47098,1262796,1309894,354853,278769,28879,3953,38387,666455,704843,189072
2024-11-12,2024,11,12,port1188,Shanghai,China,CHN,40,40,19,6,23,105,128,289409,437670,16797,1635,36889,745513,782403,340536,334616,30947,11421,184377,717522,901899,189073
2024-11-13,2024,11,13,port1188,Shanghai,China,CHN,46,54,9,8,25,117,142,510471,546392,8192,1544,59559,1066600,1126160,404774,684243,9432,15429,68502,1113879,1182382,189074
2024-11-14,2024,11,14,port1188,Shanghai,China,CHN,36,37,21,2,20,96,116,387816,657859,19933,0,104895,1065609,1170505,470140,294863,15423,9014,43865,789440,833306,189075
2024-11-15,2024,11,15,port1188,Shanghai,China,CHN,25,11,4,2,8,42,50,245612,78720,3117,408,20898,327859,348757,150953,123993,2629,3011,12992,280587,293579,189076
2024-11-16,2024,11,16,port1188,Shanghai,China,CHN,37,61,22,4,34,124,158,455646,773378,20671,364,157317,1250060,1407377,203914,349020,38485,0,121172,591420,712592,189077
2024-11-17,2024,11,17,port1188,Shanghai,China,CHN,38,19,5,3,10,65,75,202886,339886,3450,37,166583,546261,712844,388823,263971,10939,2136,14955,665870,680825,189078
2024-11-18,2024,11,18,port1188,Shanghai,China,CHN,39,30,17,4,26,90,116,223868,304299,28140,408,83940,556717,640658,247981,510816,16687,8917,72454,784401,856856,189079
2024-11-19,2024,11,19,port1188,Shanghai,China,CHN,40,58,23,4,32,125,157,258637,890508,48974,3274,112968,1201394,1314362,333543,405480,21084,1973,35758,762083,797842,189080
2024-11-20,2024,11,20,port1188,Shanghai,China,CHN,33,35,19,6,24,93,117,721206,530768,28682,817,60754,1281475,1342230,328072,270000,18205,8260,81405,624538,705943,189081
2024-11-21,2024,11,21,port1188,Shanghai,China,CHN,37,41,22,3,32,103,135,493612,645421,31350,0,170129,1170384,1340514,352684,263127,24891,0,97524,640702,738226,189082
2024-11-22,2024,11,22,port1188,Shanghai,China,CHN,44,48,10,7,25,109,134,227296,721122,2420,2003,80104,952841,1032946,441980,609075,27287,8993,60040,1087336,1147376,189083
2024-11-23,2024,11,23,port1188,Shanghai,China,CHN,34,43,12,5,19,94,113,475936,732654,28576,589,43121,1237757,1280879,337355,538831,13073,0,88858,889261,978119,189084
2024-11-24,2024,11,24,port1188,Shanghai,China,CHN,36,38,14,5,17,93,110,282686,516561,24646,817,29087,824711,853799,296932,133468,22692,5411,20980,458505,479486,189085
2024-11-25,2024,11,25,port1188,Shanghai,China,CHN,38,33,10,4,18,85,103,215577,631609,20902,817,19836,868907,888744,401679,315085,8556,2924,99252,728246,827498,189086
2024-11-26,2024,11,26,port1188,Shanghai,China,CHN,38,32,9,3,23,82,105,268377,315070,8111,436,29311,591995,621307,281534,337606,7058,0,135150,626198,761349,189087
2024-11-27,2024,11,27,port1188,Shanghai,China,CHN,31,35,7,4,18,77,95,283959,442815,8418,817,65433,736011,801445,330337,246139,13374,3362,63612,593214,656827,189088
2024-11-28,2024,11,28,port1188,Shanghai,China,CHN,34,36,11,4,25,85,110,230493,714003,21401,817,131179,966717,1097896,420551,495743,9265,3526,41095,929087,970183,189089
2024-11-29,2024,11,29,port1188,Shanghai,China,CHN,41,39,21,4,30,105,135,330755,269652,39717,817,110228,640944,751173,488366,175828,31061,8025,74106,703281,777388,189090
2024-11-30,2024,11,30,port1188,Shanghai,China,CHN,42,45,17,7,39,111,150,258484,812332,8974,1208,115879,1081000,1196879,254699,80022,33276,9759,90278,377756,468035,189091
2024-12-01,2024,12,1,port1188,Shanghai,China,CHN,39,34,12,5,20,90,110,300673,188591,11652,3870,78142,504788,582931,283409,350137,26794,4387,21039,664728,685767,189092
2024-12-02,2024,12,2,port1188,Shanghai,China,CHN,39,39,12,5,23,95,118,378836,693456,8009,3645,77154,1083947,1161101,338986,232679,17595,5936,10272,595198,605470,189093
2024-12-03,2024,12,3,port1188,Shanghai,China,CHN,36,51,14,6,23,107,130,220220,542216,22379,1226,61883,786043,847926,270993,383208,11135,20650,63708,685988,749696,189094
2024-12-04,2024,12,4,port1188,Shanghai,China,CHN,36,43,18,7,34,104,138,552941,817500,56659,817,99579,1427919,1527498,358992,199764,18152,10028,87360,586938,674299,189095
2024-12-05,2024,12,5,port1188,Shanghai,China,CHN,31,45,18,6,36,100,136,397307,694634,51725,2614,54260,1146282,1200542,281640,476451,12078,6193,94698,776364,871062,189096
2024-12-06,2024,12,6,port1188,Shanghai,China,CHN,36,48,16,7,30,107,137,240289,977203,9742,1193,49353,1228429,1277783,321848,484191,30378,15639,110623,852058,962682,189097
2024-12-07,2024,12,7,port1188,Shanghai,China,CHN,41,40,18,7,23,106,129,269353,251437,42702,1284,44412,564778,609190,364279,596141,12017,1462,54627,973900,1028527,189098
2024-12-08,2024,12,8,port1188,Shanghai,China,CHN,40,53,14,5,24,112,136,403908,485015,7049,5276,42365,901249,943614,280667,468088,24932,12385,55706,786074,841780,189099
2024-12-09,2024,12,9,port1188,Shanghai,China,CHN,35,41,26,5,28,107,135,636686,780068,53214,773,62363,1470742,1533106,184937,452723,19114,13638,79747,670413,750160,189100
2024-12-10,2024,12,10,port1188,Shanghai,China,CHN,34,45,21,7,27,107,134,336366,624931,47773,1226,64846,1010299,1075145,306872,354563,27566,13751,118743,702753,821497,189101
2024-12-11,2024,12,11,port1188,Shanghai,China,CHN,33,43,7,6,26,89,115,138866,753431,6253,1635,49669,900187,949857,330639,519001,5191,5849,81180,860682,941863,189102
2024-12-12,2024,12,12,port1188,Shanghai,China,CHN,37,28,20,4,19,89,108,460600,336407,20034,817,102254,817860,920115,194825,287923,24089,2924,109164,509762,618926,189103
2024-12-13,2024,12,13,port1188,Shanghai,China,CHN,32,38,11,4,21,85,106,178645,455363,17127,817,58874,651954,710828,229583,387888,10653,6374,44744,634499,679244,189104
2024-12-14,2024,12,14,port1188,Shanghai,China,CHN,37,48,9,3,20,97,117,350078,1067888,6741,408,67552,1425117,1492670,281461,513245,21472,5404,103638,821583,925222,189105
2024-12-15,2024,12,15,port1188,Shanghai,China,CHN,38,39,16,4,21,97,118,327696,405763,7471,601,168956,741533,910489,259233,343769,32941,2447,75072,638391,713464,189106
2024-12-16,2024,12,16,port1188,Shanghai,China,CHN,40,40,12,6,16,98,114,369746,561359,37613,817,46623,969537,1016161,336247,294279,21439,13376,22228,665343,687572,189107
2024-12-17,2024,12,17,port1188,Shanghai,China,CHN,40,45,12,2,21,99,120,336159,587862,60330,817,83058,985170,1068229,301433,318266,33295,2924,13463,655921,669385,189108
2024-12-18,2024,12,18,port1188,Shanghai,China,CHN,37,40,19,6,18,102,120,212626,347510,40841,2269,98243,603246,701490,479417,329871,33210,5764,61067,848263,909331,189109
2024-12-19,2024,12,19,port1188,Shanghai,China,CHN,41,47,14,4,24,106,130,458845,576061,2988,817,124408,1038714,1163123,256843,464692,19796,6827,31621,748159,779781,189110
2024-12-20,2024,12,20,port1188,Shanghai,China,CHN,37,33,18,5,28,93,121,477212,756514,24254,4637,65432,1262618,1328051,254824,571084,21034,10745,135121,857688,992810,189111
2024-12-21,2024,12,21,port1188,Shanghai,China,CHN,36,45,16,5,27,102,129,173448,547209,32007,1299,173128,753964,927093,254715,526137,17757,5084,63619,803694,867314,189112
2024-12-22,2024,12,22,port1188,Shanghai,China,CHN,42,46,23,3,18,114,132,314199,502551,49558,408,36100,866717,902818,333978,347236,33463,3522,58689,718200,776890,189113
2024-12-23,2024,12,23,port1188,Shanghai,China,CHN,40,30,17,6,38,93,131,578696,585239,11195,817,195254,1175950,1371204,291696,331855,10114,16168,77590,649834,727425,189114
2024-12-24,2024,12,24,port1188,Shanghai,China,CHN,31,50,21,5,22,107,129,184593,726286,16059,408,29875,927349,957224,229843,532522,50050,11061,40214,823477,863692,189115
2024-12-25,2024,12,25,port1188,Shanghai,China,CHN,30,38,10,5,18,83,101,227315,710279,3524,0,23529,941119,964648,403485,394155,28492,5843,34857,831976,866834,189116
2024-12-26,2024,12,26,port1188,Shanghai,China,CHN,37,27,11,2,28,77,105,214752,422944,11748,408,70884,649854,720739,323582,227281,11869,1462,71354,564195,635550,189117
2024-12-27,2024,12,27,port1188,Shanghai,China,CHN,39,46,16,4,25,105,130,291258,531001,16071,1129,44129,839461,883590,334968,425326,13895,4214,37679,778405,816085,189118
2024-12-28,2024,12,28,port1188,Shanghai,China,CHN,32,46,19,5,16,102,118,506186,544269,20620,1394,54868,1072470,1127339,164508,517451,35313,363,17251,717636,734887,189119
2024-12-29,2024,12,29,port1188,Shanghai,China,CHN,36,40,6,4,14,86,100,233964,317837,3684,2299,63635,557786,621422,299312,545718,10275,8640,67516,863947,931463,189120
2024-12-30,2024,12,30,port1188,Shanghai,China,CHN,35,56,19,5,29,115,144,296028,959828,27052,956,66779,1283866,1350645,225447,420452,32635,3280,66827,681815,748642,189121
2024-12-31,2024,12,31,port1188,Shanghai,China,CHN,36,47,16,7,16,106,122,350110,446422,21669,817,66156,819020,885176,266150,289724,14820,11112,45268,581808,627076,189122
2025-01-01,2025,1,1,port1188,Shanghai,China,CHN,34,35,21,7,24,97,121,85111,346676,20125,408,52945,452322,505267,315767,162717,30273,17234,95264,525993,621257,189123
2025-01-02,2025,1,2,port1188,Shanghai,China,CHN,35,50,18,7,23,110,133,395206,611973,20613,408,54780,1028202,1082983,430695,358793,16530,15874,99677,821894,921571,189124
2025-01-03,2025,1,3,port1188,Shanghai,China,CHN,41,36,11,3,28,91,119,991467,673238,11498,0,78289,1676204,1754493,405858,172086,14563,1935,8407,594444,602851,189125
2025-01-04,2025,1,4,port1188,Shanghai,China,CHN,36,40,19,5,24,100,124,132454,666679,26027,0,95274,825161,920436,267105,220072,35783,13387,86681,536349,623030,189126
2025-01-05,2025,1,5,port1188,Shanghai,China,CHN,37,45,15,6,17,103,120,362779,692771,10993,3498,79929,1070043,1149972,291267,402921,15344,9534,20523,719068,739591,189127
2025-01-06,2025,1,6,port1188,Shanghai,China,CHN,44,35,15,6,30,100,130,396824,438846,24897,7808,104680,868376,973056,376950,456214,39596,9811,24344,882572,906917,189128
2025-01-07,2025,1,7,port1188,Shanghai,China,CHN,39,44,19,5,27,107,134,154137,784851,27613,917,80624,967519,1048144,399474,284004,15306,9142,49685,707927,757612,189129
2025-01-08,2025,1,8,port1188,Shanghai,China,CHN,33,31,8,5,15,77,92,221454,455089,10039,817,61412,687402,748814,397973,361824,13116,3439,24628,776353,800981,189130
2025-01-09,2025,1,9,port1188,Shanghai,China,CHN,32,23,9,6,20,70,90,688426,549545,5479,3275,62274,1246726,1309001,234014,156685,18543,11396,47225,420639,467864,189131
2025-01-10,2025,1,10,port1188,Shanghai,China,CHN,37,32,21,7,29,97,126,429558,382209,57737,408,120951,869914,990866,266666,233829,16118,10755,71909,527370,599280,189132
2025-01-11,2025,1,11,port1188,Shanghai,China,CHN,39,56,11,3,25,109,134,157288,758501,25051,408,68932,941250,1010183,411789,628333,5766,1462,46720,1047352,1094072,189133
2025-01-12,2025,1,12,port1188,Shanghai,China,CHN,39,45,12,8,25,104,129,245784,784753,32988,4498,93140,1068024,1161164,454338,667528,26012,3024,102813,1150903,1253716,189134
2025-01-13,2025,1,13,port1188,Shanghai,China,CHN,35,32,11,7,27,85,112,279106,287360,21557,1253,71495,589278,660774,399071,172408,7054,9101,44925,587635,632561,189135
2025-01-14,2025,1,14,port1188,Shanghai,China,CHN,33,42,18,4,33,97,130,358789,588492,55118,817,89073,1003217,1092291,247373,184863,20667,2997,43151,455902,499054,189136
2025-01-15,2025,1,15,port1188,Shanghai,China,CHN,39,47,10,4,19,100,119,281960,602142,4963,1526,67522,890593,958115,623494,204060,34596,3329,61166,865480,926647,189137
2025-01-16,2025,1,16,port1188,Shanghai,China,CHN,36,51,22,3,27,112,139,121987,519887,29843,0,64661,671718,736379,363630,475132,30672,6699,73368,876134,949502,189138
2025-01-17,2025,1,17,port1188,Shanghai,China,CHN,33,31,11,3,28,78,106,63577,540698,32529,817,118825,637624,756449,375542,109620,17135,2924,72823,505222,578046,189139
2025-01-18,2025,1,18,port1188,Shanghai,China,CHN,40,45,12,8,20,105,125,209648,749993,14819,817,59594,975279,1034873,221507,338147,6634,11818,28992,578107,607100,189140
2025-01-19,2025,1,19,port1188,Shanghai,China,CHN,37,46,10,5,18,98,116,268958,453838,10862,0,47863,733659,781523,314212,555526,8480,16669,59399,894889,954288,189141
2025-01-20,2025,1,20,port1188,Shanghai,China,CHN,35,43,22,6,28,106,134,283998,390107,30783,1285,134921,706174,841096,227505,472901,30773,5841,25773,737022,762796,189142
2025-01-21,2025,1,21,port1188,Shanghai,China,CHN,39,62,13,8,31,122,153,349966,871387,20692,1738,151522,1243785,1395307,415511,526216,17807,14414,86101,973950,1060051,189143
2025-01-22,2025,1,22,port1188,Shanghai,China,CHN,35,49,10,3,26,97,123,334482,784303,7643,874,62427,1127304,1189731,514633,209463,13828,0,86472,737924,824397,189144
2025-01-23,2025,1,23,port1188,Shanghai,China,CHN,39,41,12,4,22,96,118,310150,671049,31934,408,43041,1013543,1056584,372335,202599,12720,7102,53058,594758,647817,189145
2025-01-24,2025,1,24,port1188,Shanghai,China,CHN,33,45,15,5,24,98,122,252149,589787,31528,817,110341,874283,984625,370654,225796,18772,9160,88059,624383,712443,189146
2025-01-25,2025,1,25,port1188,Shanghai,China,CHN,33,38,17,5,26,93,119,286170,698078,9883,817,153334,994950,1148285,250378,304217,19324,5081,80238,579001,659240,189147
2025-01-26,2025,1,26,port1188,Shanghai,China,CHN,33,43,8,6,24,90,114,256341,638616,10304,408,114022,905671,1019693,350046,511058,8709,2783,132658,872597,1005256,189148
2025-01-27,2025,1,27,port1188,Shanghai,China,CHN,41,37,13,7,21,98,119,170299,496826,73599,408,32139,741134,773273,419525,294621,6243,3608,18613,723998,742611,189149
2025-01-28,2025,1,28,port1188,Shanghai,China,CHN,36,15,8,5,18,64,82,170681,95425,2421,547,76174,269074,345249,428296,204787,14407,4178,16596,651670,668267,189150
2025-01-29,2025,1,29,port1188,Shanghai,China,CHN,44,39,12,4,24,99,123,688683,840032,6475,2025,90402,1537217,1627619,402079,309916,18153,3872,25912,734022,759934,189151
2025-01-30,2025,1,30,port1188,Shanghai,China,CHN,40,41,7,4,18,92,110,502656,885193,2199,0,92076,1390048,1482124,340684,254461,9186,6002,75155,610335,685491,189152
2025-01-31,2025,1,31,port1188,Shanghai,China,CHN,32,33,6,6,22,77,99,355336,314349,4473,1526,92486,675685,768172,346757,205971,6167,14440,9888,573337,583226,189153
2025-02-01,2025,2,1,port1188,Shanghai,China,CHN,34,27,10,4,25,75,100,218412,284786,23490,1226,39411,527915,567327,303596,222999,20244,6524,149548,553365,702913,189154
2025-02-02,2025,2,2,port1188,Shanghai,China,CHN,35,39,16,4,19,94,113,520287,512959,9509,0,24080,1042755,1066836,391534,203257,27031,3038,77203,624862,702065,189155
2025-02-03,2025,2,3,port1188,Shanghai,China,CHN,39,43,6,5,15,93,108,407850,306232,17373,1572,83185,733028,816214,365522,252024,7297,7691,13131,632535,645667,189156
2025-02-04,2025,2,4,port1188,Shanghai,China,CHN,30,44,8,5,22,87,109,199552,637148,23522,408,84747,860631,945379,231447,644330,5476,2663,18506,883918,902425,189157
2025-02-05,2025,2,5,port1188,Shanghai,China,CHN,27,50,12,5,26,94,120,140416,644541,53255,3946,65427,842159,907587,267704,582531,7560,4803,128680,862600,991280,189158
2025-02-06,2025,2,6,port1188,Shanghai,China,CHN,33,30,14,4,21,81,102,409954,277608,16868,831,47919,705263,753182,320358,203072,17378,2662,97848,543472,641321,189159
2025-02-07,2025,2,7,port1188,Shanghai,China,CHN,19,18,3,2,10,42,52,273855,276362,10135,408,43960,560763,604724,284862,82128,0,1462,83651,368453,452104,189160
2025-02-08,2025,2,8,port1188,Shanghai,China,CHN,22,34,15,4,22,75,97,247805,478552,44647,0,23519,771006,794525,151685,325439,8995,10105,80740,496226,576967,189161
2025-02-09,2025,2,9,port1188,Shanghai,China,CHN,32,34,16,1,23,83,106,346855,231992,25416,408,121932,604673,726606,247911,272922,28194,1462,40130,550491,590621,189162
2025-02-10,2025,2,10,port1188,Shanghai,China,CHN,33,41,11,3,19,88,107,394038,687319,12601,408,36873,1094367,1131241,209412,282734,18369,2766,38682,513283,551965,189163
2025-02-11,2025,2,11,port1188,Shanghai,China,CHN,29,33,12,6,24,80,104,356169,458788,16080,1226,73144,832265,905410,204419,99215,12607,10889,77871,327132,405003,189164
2025-02-12,2025,2,12,port1188,Shanghai,China,CHN,34,28,14,5,15,81,96,429486,600608,31971,1330,65385,1063397,1128782,268932,305647,8465,6152,75389,589198,664587,189165
2025-02-13,2025,2,13,port1188,Shanghai,China,CHN,32,45,24,5,21,106,127,383585,765862,28365,1226,53638,1179040,1232678,191869,403490,38208,5936,96262,639504,735767,189166
2025-02-14,2025,2,14,port1188,Shanghai,China,CHN,39,50,18,3,29,110,139,388804,822732,12370,817,54108,1224724,1278833,360340,423201,18815,8694,107170,811051,918222,189167
2025-02-15,2025,2,15,port1188,Shanghai,China,CHN,33,32,11,4,23,80,103,617699,366408,14051,408,54342,998567,1052910,283826,379767,9061,8872,20124,681528,701653,189168
2025-02-16,2025,2,16,port1188,Shanghai,China,CHN,29,39,14,5,17,87,104,221296,268610,26521,817,31629,517246,548875,205618,568569,34636,4666,64656,813490,878146,189169
2025-02-17,2025,2,17,port1188,Shanghai,China,CHN,39,46,13,7,42,105,147,275394,756801,11417,1226,172710,1044841,1217551,299536,377321,18968,9417,92722,705243,797965,189170
2025-02-18,2025,2,18,port1188,Shanghai,China,CHN,39,44,18,6,32,107,139,347069,565960,35755,1010,120835,949796,1070632,325121,459032,29580,8511,134739,822245,956985,189171
2025-02-19,2025,2,19,port1188,Shanghai,China,CHN,41,43,15,4,32,103,135,708475,877609,33219,0,81452,1619304,1700756,226533,220136,35194,15463,89997,497328,587326,189172
2025-02-20,2025,2,20,port1188,Shanghai,China,CHN,41,41,12,8,23,102,125,188724,611701,10208,1428,87010,812062,899073,397971,451218,20153,12995,27581,882338,909920,189173
2025-02-21,2025,2,21,port1188,Shanghai,China,CHN,36,33,12,6,21,87,108,161526,493196,11613,408,47975,666745,714720,231622,517081,6614,15212,79081,770530,849611,189174
2025-02-22,2025,2,22,port1188,Shanghai,China,CHN,41,39,9,7,28,96,124,336868,541589,15371,0,32969,893830,926800,397293,146902,10964,16293,128114,571453,699568,189175
2025-02-23,2025,2,23,port1188,Shanghai,China,CHN,32,30,19,4,23,85,108,197911,487089,72153,408,92450,757562,850013,272294,216942,17989,8721,26004,515947,541952,189176
2025-02-24,2025,2,24,port1188,Shanghai,China,CHN,37,39,14,9,27,99,126,285168,343838,14063,3442,82887,646512,729399,308985,295631,10455,17807,41011,632880,673891,189177
2025-02-25,2025,2,25,port1188,Shanghai,China,CHN,39,37,16,5,21,97,118,279691,430501,41647,0,95587,751840,847428,355685,304811,10762,1107,47473,672366,719839,189178
2025-02-26,2025,2,26,port1188,Shanghai,China,CHN,30,39,14,7,24,90,114,208177,714403,13482,2323,88300,938386,1026687,241685,231424,29328,12761,81698,515200,596898,189179
2025-02-27,2025,2,27,port1188,Shanghai,China,CHN,29,38,11,3,12,81,93,56882,568464,20870,408,104836,646626,751462,477648,459912,6335,10312,5273,954209,959482,189180
2025-02-28,2025,2,28,port1188,Shanghai,China,CHN,15,0,1,2,7,18,25,279511,0,1438,408,19605,281358,300964,101297,0,1314,1462,8850,104074,112924,189181
2025-03-01,2025,3,1,port1188,Shanghai,China,CHN,40,39,15,3,24,97,121,344607,266700,20454,0,45142,631763,676905,321864,212452,16224,8801,110002,559343,669346,189182
2025-03-02,2025,3,2,port1188,Shanghai,China,CHN,37,39,15,7,39,98,137,226141,558493,17939,547,69864,803121,872985,287370,504965,31071,9828,136670,833236,969906,189183
2025-03-03,2025,3,3,port1188,Shanghai,China,CHN,42,42,13,8,28,105,133,269942,148047,3160,817,117866,421968,539834,337438,557069,37178,13416,36866,945102,981969,189184
2025-03-04,2025,3,4,port1188,Shanghai,China,CHN,36,31,14,6,15,87,102,178948,507950,18118,3277,77155,708294,785449,345627,194350,27094,5406,21348,572478,593826,189185
2025-03-05,2025,3,5,port1188,Shanghai,China,CHN,38,48,13,4,34,103,137,130609,570966,8534,408,109352,710519,819871,309690,230496,13254,4139,150886,557581,708467,189186
2025-03-06,2025,3,6,port1188,Shanghai,China,CHN,41,41,14,10,21,106,127,394233,686025,54174,588,111885,1135022,1246908,268227,215265,13378,12683,40377,509555,549933,189187
2025-03-07,2025,3,7,port1188,Shanghai,China,CHN,45,40,8,4,28,97,125,126165,608477,12420,726,119658,747790,867449,449052,240902,10837,11188,63098,711980,775079,189188
2025-03-08,2025,3,8,port1188,Shanghai,China,CHN,37,39,14,5,20,95,115,262814,227586,11209,408,64676,502019,566695,345517,322355,9681,6356,7365,683910,691275,189189
2025-03-09,2025,3,9,port1188,Shanghai,China,CHN,40,37,13,9,26,99,125,243201,334505,15246,2602,58534,595555,654089,394085,203140,12081,10503,46584,619811,666396,189190
2025-03-10,2025,3,10,port1188,Shanghai,China,CHN,37,39,18,5,15,99,114,191518,673138,26062,2817,37203,893536,930740,244508,239338,32187,2924,29074,518960,548035,189191
2025-03-11,2025,3,11,port1188,Shanghai,China,CHN,1,1,0,2,1,4,5,9805,0,0,0,3447,9805,13253,10024,0,0,2264,4120,12289,16409,189192
2025-03-12,2025,3,12,port1188,Shanghai,China,CHN,37,48,26,6,21,117,138,300002,376771,27418,1064,69122,705257,774379,248834,343354,20768,10761,46758,623719,670478,189193
2025-03-13,2025,3,13,port1188,Shanghai,China,CHN,39,46,27,4,36,116,152,237823,471967,38727,408,93750,748927,842677,389461,553712,31977,4458,109708,979610,1089318,189194
2025-03-14,2025,3,14,port1188,Shanghai,China,CHN,38,42,17,5,20,102,122,184061,415975,46357,817,117419,647212,764631,298061,293127,19841,11690,10603,622720,633323,189195
2025-03-15,2025,3,15,port1188,Shanghai,China,CHN,36,27,13,6,23,82,105,274003,449045,12321,1226,89444,736597,826041,267114,68496,12855,9372,66068,357839,423907,189196
2025-03-16,2025,3,16,port1188,Shanghai,China,CHN,35,34,13,6,23,88,111,193240,255524,26788,408,100160,475961,576122,281104,178969,31824,13072,54647,504970,559618,189197
2025-03-17,2025,3,17,port1188,Shanghai,China,CHN,39,41,17,3,32,100,132,278958,894336,17055,408,73916,1190759,1264676,312790,389658,37969,5566,40964,745984,786949,189198
2025-03-18,2025,3,18,port1188,Shanghai,China,CHN,35,37,16,6,37,94,131,154673,450344,12302,1572,66365,618892,685257,407576,154309,33662,8406,70130,603955,674086,189199
2025-03-19,2025,3,19,port1188,Shanghai,China,CHN,36,45,10,4,27,95,122,419031,837018,8795,0,44832,1264845,1309678,415613,404900,4587,8320,40341,833422,873764,189200
2025-03-20,2025,3,20,port1188,Shanghai,China,CHN,38,37,23,5,22,103,125,478432,699212,25526,179,122051,1203352,1325403,327903,249223,18832,5697,197719,601657,799377,189201
2025-03-21,2025,3,21,port1188,Shanghai,China,CHN,40,46,14,5,22,105,127,360849,597116,30412,408,98780,988788,1087569,280201,296417,11272,9660,19109,597552,616661,189202
2025-03-22,2025,3,22,port1188,Shanghai,China,CHN,37,33,11,7,19,88,107,216093,571795,26782,817,86669,815488,902158,411077,68289,12863,21023,66376,513254,579630,189203
2025-03-23,2025,3,23,port1188,Shanghai,China,CHN,41,35,16,5,19,97,116,212894,691108,8583,817,35954,913403,949357,451257,279764,27763,7267,46995,766051,813046,189204
2025-03-24,2025,3,24,port1188,Shanghai,China,CHN,38,41,14,6,21,99,120,334446,580981,12974,817,42943,929220,972164,378468,281103,31379,2924,34823,693876,728699,189205
2025-03-25,2025,3,25,port1188,Shanghai,China,CHN,42,50,19,3,22,114,136,378857,573358,12270,655,89069,965142,1054212,440981,266631,46308,4864,123126,758785,881911,189206
2025-03-26,2025,3,26,port1188,Shanghai,China,CHN,29,30,7,4,17,70,87,223606,383815,16579,408,113992,624409,738401,187094,226144,4348,6256,86754,423843,510598,189207
2025-03-27,2025,3,27,port1188,Shanghai,China,CHN,35,33,5,2,20,75,95,104208,279473,0,509,57889,384191,442080,257478,94805,12666,4997,17512,369947,387460,189208
2025-03-28,2025,3,28,port1188,Shanghai,China,CHN,39,35,29,6,27,109,136,190958,532462,45565,2766,82018,771753,853771,381887,117631,36788,6278,101625,542586,644212,189209
2025-03-29,2025,3,29,port1188,Shanghai,China,CHN,38,46,18,8,26,110,136,404196,1004457,39600,1379,112531,1449633,1562165,259962,364433,19212,6715,28845,650323,679169,189210
2025-03-30,2025,3,30,port1188,Shanghai,China,CHN,41,36,7,7,21,91,112,273186,515958,10237,408,120861,799790,920652,409545,192260,6516,9730,92926,618054,710980,189211
2025-03-31,2025,3,31,port1188,Shanghai,China,CHN,40,45,14,10,27,109,136,390688,620294,30178,3184,77970,1044345,1122316,219627,481390,9166,19313,92505,729498,822003,189212
2025-04-01,2025,4,1,port1188,Shanghai,China,CHN,40,45,18,4,32,107,139,330879,508566,30546,834,37107,870827,907934,335866,180186,28427,9026,63941,553505,617447,189213
2025-04-02,2025,4,2,port1188,Shanghai,China,CHN,45,50,14,7,28,116,144,422781,269010,11005,5915,94695,708713,803408,493667,262263,7641,10053,150772,773626,924398,189214
2025-04-03,2025,4,3,port1188,Shanghai,China,CHN,39,45,20,5,25,109,134,425307,428394,25019,2323,61485,881044,942530,347281,165772,30184,4328,114420,547566,661987,189215
2025-04-04,2025,4,4,port1188,Shanghai,China,CHN,41,37,14,5,26,97,123,218009,886554,40254,408,107279,1145227,1252507,294651,334231,36389,17176,72347,682448,754795,189216
2025-04-05,2025,4,5,port1188,Shanghai,China,CHN,35,40,12,5,29,92,121,296685,433407,13279,726,51814,744100,795915,270485,167536,12522,984,101250,451528,552779,189217
2025-04-06,2025,4,6,port1188,Shanghai,China,CHN,33,41,12,5,24,91,115,306521,396174,15356,2418,55431,720469,775901,328742,232009,23634,7366,43436,591752,635189,189218
2025-04-07,2025,4,7,port1188,Shanghai,China,CHN,36,42,19,7,16,104,120,187835,245293,20383,1635,56348,455147,511496,418644,614898,37712,8548,75672,1079803,1155476,189219
2025-04-08,2025,4,8,port1188,Shanghai,China,CHN,35,46,17,8,21,106,127,519292,665099,16154,2938,80856,1203485,1284341,246887,272372,17202,9030,46980,545493,592474,189220
2025-04-09,2025,4,9,port1188,Shanghai,China,CHN,44,40,16,5,18,105,123,457204,523876,17710,408,49618,999199,1048818,347236,255959,25265,10423,57518,638884,696403,189221
2025-04-10,2025,4,10,port1188,Shanghai,China,CHN,36,39,7,2,23,84,107,430520,486801,3930,0,75859,921252,997112,270085,415597,7245,5470,69638,698398,768036,189222
2025-04-11,2025,4,11,port1188,Shanghai,China,CHN,26,10,3,3,6,42,48,144636,119917,2369,408,20207,267332,287539,229734,11220,7315,7387,12769,255658,268427,189223
2025-04-12,2025,4,12,port1188,Shanghai,China,CHN,16,17,10,1,6,44,50,263541,189468,21385,0,19906,474394,494300,49087,142476,8084,984,4656,200632,205288,189224
2025-04-13,2025,4,13,port1188,Shanghai,China,CHN,40,54,13,6,17,113,130,331452,678399,22254,408,129256,1032514,1161770,384218,521350,28655,1974,30846,936199,967046,189225
2025-04-14,2025,4,14,port1188,Shanghai,China,CHN,48,49,16,9,14,122,136,261837,332142,29293,1285,75718,624558,700277,442129,282328,25307,35358,54380,785124,839505,189226
2025-04-15,2025,4,15,port1188,Shanghai,China,CHN,35,44,22,3,32,104,136,181361,597894,37178,0,157184,816433,973618,324676,583695,23737,2948,49640,935057,984697,189227
2025-04-16,2025,4,16,port1188,Shanghai,China,CHN,40,51,16,7,26,114,140,361054,502661,59236,408,56568,923361,979930,402598,301690,16322,10288,19118,730899,750017,189228
2025-04-17,2025,4,17,port1188,Shanghai,China,CHN,32,42,18,4,20,96,116,354388,616797,24704,2422,40720,998313,1039033,354278,260700,26327,16299,20407,657606,678014,189229
2025-04-18,2025,4,18,port1188,Shanghai,China,CHN,27,30,13,5,14,75,89,276044,283115,23516,1589,85320,584266,669587,251373,117299,28608,4857,15630,402138,417768,189230
2025-04-19,2025,4,19,port1188,Shanghai,China,CHN,39,53,18,7,23,117,140,196661,396091,30685,997,89780,624435,714215,434536,472809,7925,11134,21982,926405,948388,189231
2025-04-20,2025,4,20,port1188,Shanghai,China,CHN,39,41,16,7,27,103,130,259237,668316,35265,2021,84324,964840,1049164,351242,370953,15621,6625,228722,744443,973166,189232
2025-04-21,2025,4,21,port1188,Shanghai,China,CHN,43,30,22,6,28,101,129,427164,374169,25491,408,83026,827233,910260,339140,254076,25672,14553,67608,633443,701051,189233
2025-04-22,2025,4,22,port1188,Shanghai,China,CHN,37,41,18,4,26,100,126,187598,326972,34059,1064,62496,549695,612192,255814,593206,24006,6327,84149,879354,963504,189234
2025-04-23,2025,4,23,port1188,Shanghai,China,CHN,41,43,19,6,22,109,131,563612,407113,22847,817,37805,994392,1032197,403931,334849,22579,10671,16234,772031,788266,189235
2025-04-24,2025,4,24,port1188,Shanghai,China,CHN,32,38,16,7,25,93,118,192867,704301,32234,246,125522,929650,1055172,397155,192415,26321,12397,130646,628290,758936,189236
2025-04-25,2025,4,25,port1188,Shanghai,China,CHN,41,44,13,5,32,103,135,284300,693573,15247,2606,129511,995727,1125239,401274,173827,27295,5781,87237,608178,695416,189237
2025-04-26,2025,4,26,port1188,Shanghai,China,CHN,41,48,12,6,23,107,130,259009,595884,22000,2445,76179,879340,955519,261611,519069,18754,4460,71325,803896,875222,189238
2025-04-27,2025,4,27,port1188,Shanghai,China,CHN,37,43,13,7,23,100,123,283391,605777,21996,1155,40440,912320,952760,353421,243868,12737,20534,53749,630561,684311,189239
2025-04-28,2025,4,28,port1188,Shanghai,China,CHN,39,42,19,6,31,106,137,319749,504838,33600,817,127013,859006,986020,302577,139182,20758,10873,24234,473392,497626,189240
2025-04-29,2025,4,29,port1188,Shanghai,China,CHN,40,38,15,5,24,98,122,427258,706994,35583,4500,82987,1174337,1257324,352763,318582,12150,4864,15043,688361,703404,189241
2025-04-30,2025,4,30,port1188,Shanghai,China,CHN,41,41,14,6,24,102,126,157762,490810,6984,1365,102722,656922,759645,535353,191658,19441,11190,61151,757643,818795,189242
2025-05-01,2025,5,1,port1188,Shanghai,China,CHN,41,36,10,8,32,95,127,162106,582024,13687,3686,232096,761504,993601,437021,304057,8858,13734,19810,763672,783482,189243
2025-05-02,2025,5,2,port1188,Shanghai,China,CHN,39,29,12,4,22,84,106,269147,348567,24035,0,52527,641750,694278,325818,52903,9790,7918,54879,396430,451310,189244
2025-05-03,2025,5,3,port1188,Shanghai,China,CHN,43,37,13,7,26,100,126,217026,288806,25787,3100,103944,534721,638665,398974,282422,18083,9777,53564,709257,762822,189245
2025-05-04,2025,5,4,port1188,Shanghai,China,CHN,35,40,17,5,22,97,119,492821,444937,30992,408,127383,969161,1096544,248333,155161,16907,7985,35939,428387,464327,189246
2025-05-05,2025,5,5,port1188,Shanghai,China,CHN,40,43,16,6,26,105,131,495637,405329,32034,655,86515,933656,1020172,191605,172535,13042,11646,64082,388829,452912,189247
2025-05-06,2025,5,6,port1188,Shanghai,China,CHN,38,35,12,6,25,91,116,308580,546305,14394,2069,45365,871349,916715,322914,40816,16544,9796,63555,390071,453627,189248
2025-05-07,2025,5,7,port1188,Shanghai,China,CHN,38,42,13,8,21,101,122,237002,430573,21144,1846,40345,690567,730912,387181,442458,8703,16355,83921,854698,938619,189249
2025-05-08,2025,5,8,port1188,Shanghai,China,CHN,23,33,13,6,13,75,88,89646,220895,50772,1842,33033,363157,396190,114615,138828,12838,10961,78187,277243,355431,189250
2025-05-09,2025,5,9,port1188,Shanghai,China,CHN,43,36,21,8,29,108,137,387623,332750,24109,848,92632,745330,837963,438920,178214,27660,19734,21184,664530,685715,189251
2025-05-10,2025,5,10,port1188,Shanghai,China,CHN,44,51,14,6,39,115,154,533617,709322,26184,3506,132709,1272630,1405340,423214,478890,9313,4254,79978,915673,995651,189252
2025-05-11,2025,5,11,port1188,Shanghai,China,CHN,39,40,14,10,20,103,123,337629,300103,7320,5661,28726,650714,679440,370966,419689,15237,13673,27540,819566,847106,189253
2025-05-12,2025,5,12,port1188,Shanghai,China,CHN,41,43,17,6,25,107,132,257889,398638,49069,408,81803,706006,787810,462213,379754,12529,18450,44303,872947,917250,189254
2025-05-13,2025,5,13,port1188,Shanghai,China,CHN,38,41,11,9,27,99,126,528196,362190,24434,655,207415,915477,1122892,311914,272684,5725,19040,34657,609364,644022,189255
2025-05-14,2025,5,14,port1188,Shanghai,China,CHN,40,36,13,7,26,96,122,117470,322123,10558,13210,107591,463362,570954,455917,134712,30905,2924,85865,624459,710325,189256
2025-05-15,2025,5,15,port1188,Shanghai,China,CHN,21,33,11,4,16,69,85,253258,592203,12595,2325,28388,860382,888770,304910,173713,32933,3869,34388,515427,549815,189257
2025-05-16,2025,5,16,port1188,Shanghai,China,CHN,54,59,19,10,26,142,168,537620,776345,28223,4645,79680,1346835,1426515,482359,256334,34051,12968,56305,785713,842018,189258
2025-05-17,2025,5,17,port1188,Shanghai,China,CHN,40,36,19,8,28,103,131,286462,417448,15716,1635,56116,721263,777379,427375,131794,13939,11395,17586,584504,602090,189259
2025-05-18,2025,5,18,port1188,Shanghai,China,CHN,42,47,12,9,29,110,139,390815,711671,16897,1328,110269,1120712,1230981,282803,78190,8488,16506,92503,385988,478492,189260
2025-05-19,2025,5,19,port1188,Shanghai,China,CHN,30,32,14,5,27,81,108,250422,342145,26380,706,93430,619655,713085,258278,105253,12649,3866,78457,380047,458505,189261
2025-05-20,2025,5,20,port1188,Shanghai,China,CHN,41,39,16,8,37,104,141,219138,421739,9839,408,77415,651126,728541,244223,302472,30325,13878,80668,590900,671568,189262
2025-05-21,2025,5,21,port1188,Shanghai,China,CHN,23,29,9,4,17,65,82,237188,325257,29683,5774,13848,597904,611752,226140,146073,1783,8167,78013,382163,460177,189263
2025-05-22,2025,5,22,port1188,Shanghai,China,CHN,47,38,15,6,20,106,126,408011,192765,23736,408,40853,624921,665775,450749,233405,24952,19286,45953,728393,774347,189264
2025-05-23,2025,5,23,port1188,Shanghai,China,CHN,35,39,15,8,15,97,112,163313,322082,10162,3470,62999,499028,562027,247321,369868,23715,18492,48653,659398,708051,189265
2025-05-24,2025,5,24,port1188,Shanghai,China,CHN,39,35,16,5,26,95,121,205158,327015,17144,0,96164,549318,645482,421258,153898,19122,14098,34175,608377,642552,189266
2025-05-25,2025,5,25,port1188,Shanghai,China,CHN,38,49,12,7,23,106,129,271594,379625,16876,579,52411,668676,721088,274794,341370,6165,14101,24072,636432,660505,189267
2025-05-26,2025,5,26,port1188,Shanghai,China,CHN,37,43,15,6,26,101,127,290349,528921,12081,2012,107885,833366,941251,347495,208901,22199,11398,34273,589995,624268,189268
2025-05-27,2025,5,27,port1188,Shanghai,China,CHN,38,40,19,7,25,104,129,257965,314022,31118,817,87709,603923,691633,430402,115025,23093,12017,69280,580538,649819,189269
2026-08-04,2026,8,4,port1188,Shanghai,China,CHN,30,28,13,5,26,76,102,271523,205454,10548,817,133346,488344,621690,390719,168285,8305,11929,77946,579241,657187,189270
2026-08-05,2026,8,5,port1188,Shanghai,China,CHN,33,36,8,6,13,83,96,148534,662028,1578,817,42804,812959,855763,426935,139695,8393,16767,91346,591792,683138,189271
2026-08-06,2026,8,6,port1188,Shanghai,China,CHN,32,16,8,4,1,60,61,381835,213849,26771,682,0,623139,623139,344165,55439,10175,14762,0,424542,424542,189273
2026-08-07,2026,8,7,port1188,Shanghai,China,CHN,9,6,0,0,2,15,17,334098,90057,0,0,0,424156,424156,14409,14104,0,0,0,28514,28514,189274
2026-08-08,2026,8,8,port1188,Shanghai,China,CHN,0,0,0,0,0,0,0,0,0,0,0,0,0,0,0,0,0,0,0,0,0,189276
2026-08-09,2026,8,9,port1188,Shanghai,China,CHN,0,1,0,0,0,1,1,0,11142,0,0,0,11142,11142,0,7711,0,0,0,7711,7711,189278
2026-08-10,2026,8,10,port1188,Shanghai,China,CHN,7,2,0,0,1,9,10,35222,0,0,0,0,35222,35222,102791,0,0,0,0,102791,102791,189280
2026-08-11,2026,8,11,port1188,Shanghai,China,CHN,32,7,4,6,13,49,62,389880,86838,12283,1956,25840,490958,516799,329600,15979,7250,11107,37916,363938,401855,189282
2026-08-12,2026,8,12,port1188,Shanghai,China,CHN,36,20,13,7,25,76,101,429687,244827,18271,0,130485,692786,823272,353642,85510,11650,27546,35102,478350,513453,189284
2026-08-13,2026,8,13,port1188,Shanghai,China,CHN,34,19,6,5,22,64,86,959568,198466,8547,7801,89771,1174384,1264156,360486,71977,3944,2924,40200,439332,479533,189286
2026-08-14,2026,8,14,port1188,Shanghai,China,CHN,27,17,11,7,14,62,76,268526,128682,8951,1064,72920,407224,480144,269963,49093,8612,20203,20061,347873,367935,189288
