"date","portid","portname","country","ISO3","portcalls_container","portcalls_dry_bulk","portcalls_general_cargo","portcalls_roro","portcalls_tanker","portcalls_cargo","portcalls","import_container","import_dry_bulk","import_general_cargo","import_roro","import_tanker","import_cargo","import","export_container","export_dry_bulk","export_general_cargo","export_roro","export_tanker","export_cargo","export"
"2019-01-01","port1367","Visakhapatnam","India","IND","1","2","1","0","2","4","6","0","120697","0","0","70156","120697","190853","7519","0","7895","0","0","15415","15415"
"2019-01-02","port1367","Visakhapatnam","India","IND","1","5","0","0","2","6","8","10132","146379","0","0","7559","156512","164072","0","54984","0","0","5224","54984","60209"
"2019-01-03","port1367","Visakhapatnam","India","IND","0","3","1","0","3","4","7","0","108733","2954","0","0","111688","111688","0","70425","3233","0","0","73659","73659"
"2019-01-04","port1367","Visakhapatnam","India","IND","1","4","1","0","2","6","8","0","138054","2954","0","15255","141009","156265","3495","60091","3233","0","0","66820","66820"
"2019-01-05","port1367","Visakhapatnam","India","IND","1","4","0","0","3","5","8","1653","105094","0","0","3160","106748","109908","4138","103483","0","0","33623","107621","141245"
"2019-01-06","port1367","Visakhapatnam","India","IND","0","2","0","0","2","2","4","0","18807","0","0","40197","18807","59004","0","32856","0","0","4918","32856","37775"
"2019-01-07","port1367","Visakhapatnam","India","IND","1","6","0","0","1","7","8","1653","272745","0","0","12633","274399","287032","4138","39979","0","0","0","44117","44117"
"2019-01-08","port1367","Visakhapatnam","India","IND","1","3","0","0","3","4","7","0","21072","0","0","49629","21072","70701","1498","33220","0","0","0","34719","34719"
"2019-01-09","port1367","Visakhapatnam","India","IND","2","4","0","0","2","6","8","1653","274831","0","0","16004","276485","292490","4881","15701","0","0","0","20582","20582"
"2019-01-10","port1367","Visakhapatnam","India","IND","0","5","2","0","1","7","8","0","342225","2954","0","0","345180","345180","0","42149","11948","0","3690","54097","57788"
"2019-01-11","port1367","Visakhapatnam","India","IND","1","4","1","0","2","6","8","1653","131207","2954","0","63832","135816","199648","4138","61022","3233","0","8426","68393","76819"
"2019-01-12","port1367","Visakhapatnam","India","IND","0","3","0","1","2","4","6","0","104422","0","0","31075","104422","135497","0","54817","0","4670","0","59488","59488"
"2019-01-13","port1367","Visakhapatnam","India","IND","0","3","1","0","1","4","5","0","152284","986","0","15515","153270","168786","0","3459","0","0","0","3459","3459"
"2019-01-14","port1367","Visakhapatnam","India","IND","1","2","1","0","2","4","6","1653","104533","0","0","30530","106186","136717","4138","15701","17519","0","388","37358","37747"
"2019-01-15","port1367","Visakhapatnam","India","IND","1","1","0","0","4","2","6","1653","55096","0","0","39623","56749","96372","4138","0","0","0","4530","4138","8668"
"2019-01-16","port1367","Visakhapatnam","India","IND","1","4","0","0","0","5","5","6740","100711","0","0","0","107452","107452","0","16537","0","0","0","16537","16537"
"2019-01-17","port1367","Visakhapatnam","India","IND","0","3","0","0","1","3","4","0","86756","0","0","0","86756","86756","0","17747","0","0","0","17747","17747"
"2019-01-18","port1367","Visakhapatnam","India","IND","0","1","0","0","1","1","2","0","0","0","0","0","0","0","0","47059","0","0","0","47059","47059"
"2019-01-19","port1367","Visakhapatnam","India","IND","0","2","0","0","0","2","2","0","114976","0","0","0","114976","114976","0","15701","0","0","0","15701","15701"
"2019-01-20","port1367","Visakhapatnam","India","IND","1","1","0","0","0","2","2","6597","160302","0","0","0","166899","166899","0","0","0","0","0","0","0"
"2019-01-21","port1367","Visakhapatnam","India","IND","1","4","0","0","0","5","5","0","155247","0","0","0","155247","155247","6156","47104","0","0","0","53260","53260"
"2019-01-22","port1367","Visakhapatnam","India","IND","1","5","0","0","0","6","6","1653","162890","0","0","0","164543","164543","4138","59106","0","0","0","63244","63244"
"2019-01-23","port1367","Visakhapatnam","India","IND","0","2","1","0","0","3","3","0","68639","4802","0","0","73441","73441","0","31402","0","0","0","31402","31402"
"2019-01-24","port1367","Visakhapatnam","India","IND","0","1","0","0","0","1","1","0","34319","0","0","0","34319","34319","0","15701","0","0","0","15701","15701"
"2019-01-25","port1367","Visakhapatnam","India","IND","0","1","1","0","2","2","4","0","51498","2954","0","30530","54453","84983","0","0","3233","0","388","3233","3622"
"2019-01-26","port1367","Visakhapatnam","India","IND","0","5","0","0","0","5","5","0","254508","0","0","0","254508","254508","0","30858","0","0","0","30858","30858"
"2019-01-27","port1367","Visakhapatnam","India","IND","1","1","0","0","1","2","3","0","34319","0","0","9666","34319","43986","17424","15701","0","0","4530","33125","37655"
"2019-01-28","port1367","Visakhapatnam","India","IND","0","3","1","0","1","4","5","0","141757","13918","0","0","155675","155675","0","15701","0","0","2642","15701","18344"
"2019-01-29","port1367","Visakhapatnam","India","IND","1","1","2","0","0","4","4","1653","34319","9769","0","0","45743","45743","4138","15701","3233","0","0","23073","23073"
"2019-01-30","port1367","Visakhapatnam","India","IND","1","1","0","0","0","2","2","1653","35907","0","0","0","37560","37560","4138","0","0","0","0","4138","4138"
"2019-01-31","port1367","Visakhapatnam","India","IND","1","4","0","1","1","6","7","1653","168244","0","2674","0","172572","172572","4138","0","0","0","0","4138","4138"
"2019-02-01","port1367","Visakhapatnam","India","IND","0","2","0","0","0","2","2","0","195434","0","0","0","195434","195434","0","15701","0","0","0","15701","15701"
"2019-02-02","port1367","Visakhapatnam","India","IND","1","2","1","0","1","4","5","0","87759","2954","0","0","90714","90714","502","15701","3233","0","41732","19437","61170"
"2019-02-03","port1367","Visakhapatnam","India","IND","0","2","0","0","1","2","3","0","55089","0","0","9666","55089","64756","0","86577","0","0","4530","86577","91107"
"2019-02-04","port1367","Visakhapatnam","India","IND","0","0","1","0","1","1","2","0","0","2954","0","51292","2954","54247","0","0","3233","0","0","3233","3233"
"2019-02-05","port1367","Visakhapatnam","India","IND","0","3","0","0","0","3","3","0","166629","0","0","0","166629","166629","0","15701","0","0","0","15701","15701"
"2019-02-06","port1367","Visakhapatnam","India","IND","1","3","0","0","0","4","4","4331","1647","0","0","0","5978","5978","0","45422","0","0","0","45422","45422"
"2019-02-07","port1367","Visakhapatnam","India","IND","0","2","0","0","0","2","2","0","46413","0","0","0","46413","46413","0","0","0","0","0","0","0"
"2019-02-08","port1367","Visakhapatnam","India","IND","0","1","0","0","0","1","1","0","79147","0","0","0","79147","79147","0","0","0","0","0","0","0"
"2019-02-09","port1367","Visakhapatnam","India","IND","0","2","0","0","0","2","2","0","34319","0","0","0","34319","34319","0","61933","0","0","0","61933","61933"
"2019-02-10","port1367","Visakhapatnam","India","IND","0","2","1","0","0","3","3","0","25276","7707","0","0","32983","32983","0","2464","0","0","0","2464","2464"
"2019-02-11","port1367","Visakhapatnam","India","IND","1","4","0","0","2","5","7","0","175831","0","0","19333","175831","195164","5204","47104","0","0","9060","52308","61368"
"2019-02-12","port1367","Visakhapatnam","India","IND","1","3","0","0","0","4","4","1653","97509","0","0","0","99162","99162","4138","49993","0","0","0","54131","54131"
"2019-02-13","port1367","Visakhapatnam","India","IND","1","2","0","0","0","3","3","0","109389","0","0","0","109389","109389","10999","15701","0","0","0","26700","26700"
"2019-02-14","port1367","Visakhapatnam","India","IND","0","3","0","0","1","3","4","0","73062","0","0","0","73062","73062","0","13802","0","0","4903","13802","18705"
"2019-02-15","port1367","Visakhapatnam","India","IND","1","1","0","0","0","2","2","0","79668","0","0","0","79668","79668","5493","0","0","0","0","5493","5493"
"2019-02-16","port1367","Visakhapatnam","India","IND","0","3","1","0","0","4","4","0","103230","2954","0","0","106185","106185","0","31402","3233","0","0","34636","34636"
"2019-02-17","port1367","Visakhapatnam","India","IND","0","1","0","0","0","1","1","0","78948","0","0","0","78948","78948","0","0","0","0","0","0","0"
"2019-02-18","port1367","Visakhapatnam","India","IND","0","0","2","0","0","2","2","0","0","0","0","0","0","0","0","0","5499","0","0","5499","5499"
"2019-02-19","port1367","Visakhapatnam","India","IND","2","4","0","0","1","6","7","0","128068","0","0","9666","128068","137735","27966","70453","0","0","4530","98420","102950"
"2019-02-20","port1367","Visakhapatnam","India","IND","0","2","1","0","1","3","4","0","97205","3368","0","0","100573","100573","0","0","0","0","0","0","0"
"2019-02-21","port1367","Visakhapatnam","India","IND","0","5","2","0","4","7","11","0","216771","2599","0","19038","219370","238408","0","77531","0","0","0","77531","77531"
"2019-02-22","port1367","Visakhapatnam","India","IND","0","5","1","0","1","6","7","0","229807","0","0","0","229807","229807","0","54817","0","0","4903","54817","59720"
"2019-02-23","port1367","Visakhapatnam","India","IND","0","1","1","0","2","2","4","0","517","2954","0","46918","3472","50391","0","0","3233","0","0","3233","3233"
"2019-02-24","port1367","Visakhapatnam","India","IND","3","1","0","0","1","4","5","48257","73200","0","0","30719","121458","152178","10398","0","0","0","0","10398","10398"
"2019-02-25","port1367","Visakhapatnam","India","IND","0","2","0","0","0","2","2","0","161460","0","0","0","161460","161460","0","0","0","0","0","0","0"
"2019-02-26","port1367","Visakhapatnam","India","IND","1","4","0","0","1","5","6","1653","154743","0","0","0","156397","156397","4138","103507","0","0","0","107645","107645"
"2019-02-27","port1367","Visakhapatnam","India","IND","1","2","0","0","2","3","5","0","25654","0","0","47026","25654","72681","3772","42372","0","0","0","46144","46144"
"2019-02-28","port1367","Visakhapatnam","India","IND","0","2","2","0","2","4","6","0","70210","9756","0","14095","79966","94061","0","0","2712","0","12104","2712","14816"
"2019-03-01","port1367","Visakhapatnam","India","IND","1","2","0","0","4","3","7","0","696","0","0","66077","696","66774","2019","44324","0","0","0","46343","46343"
"2019-03-02","port1367","Visakhapatnam","India","IND","1","4","1","0","2","6","8","0","197970","16216","0","19333","214186","233519","2654","0","0","0","9060","2654","11715"
"2019-03-03","port1367","Visakhapatnam","India","IND","1","3","0","0","1","4","5","575","83343","0","0","49914","83919","133834","0","103483","0","0","0","103483","103483"
"2019-03-04","port1367","Visakhapatnam","India","IND","1","5","0","0","0","6","6","1512","183690","0","0","0","185202","185202","0","68978","0","0","0","68978","68978"
"2019-03-05","port1367","Visakhapatnam","India","IND","1","2","1","0","2","4","6","1004","0","2954","0","186","3959","4145","0","91237","3233","0","0","94471","94471"
"2019-03-06","port1367","Visakhapatnam","India","IND","0","2","0","0","3","2","5","0","0","0","0","33439","0","33439","0","41600","0","0","4421","41600","46022"
"2019-03-07","port1367","Visakhapatnam","India","IND","1","1","2","0","3","4","7","0","32256","16038","0","42807","48294","91102","2432","0","3174","0","1363","5606","6970"
"2019-03-08","port1367","Visakhapatnam","India","IND","1","2","1","0","2","4","6","1030","112934","0","0","0","113964","113964","0","15701","4477","0","15596","20178","35775"
"2019-03-09","port1367","Visakhapatnam","India","IND","0","6","0","0","1","6","7","0","202890","0","0","45405","202890","248295","0","4698","0","0","0","4698","4698"
"2019-03-10","port1367","Visakhapatnam","India","IND","0","2","0","0","3","2","5","0","41623","0","0","13969","41623","55593","0","0","0","0","0","0","0"
"2019-03-11","port1367","Visakhapatnam","India","IND","0","2","0","0","3","2","5","0","70995","0","0","52355","70995","123350","0","11906","0","0","696","11906","12603"
"2019-03-12","port1367","Visakhapatnam","India","IND","1","6","1","0","5","8","13","0","153414","7326","0","80783","160740","241524","2486","163731","0","0","66212","166218","232430"
"2019-03-13","port1367","Visakhapatnam","India","IND","1","2","2","0","0","5","5","0","113857","2954","0","0","116812","116812","3805","0","5459","0","0","9265","9265"
"2019-03-14","port1367","Visakhapatnam","India","IND","0","5","1","0","2","6","8","0","201811","2954","0","3615","204766","208382","0","114859","3233","0","0","118092","118092"
"2019-03-15","port1367","Visakhapatnam","India","IND","1","2","1","0","1","4","5","0","78133","666","0","0","78799","78799","2519","74247","0","0","0","76767","76767"
"2019-03-16","port1367","Visakhapatnam","India","IND","1","2","0","0","2","3","5","0","45855","0","0","0","45855","45855","7206","103507","0","0","739","110714","111454"
"2019-03-17","port1367","Visakhapatnam","India","IND","1","1","0","0","0","2","2","0","72680","0","0","0","72680","72680","1982","0","0","0","0","1982","1982"
"2019-03-18","port1367","Visakhapatnam","India","IND","1","10","1","0","3","12","15","301","413134","0","0","49889","413436","463325","0","33333","7144","0","0","40478","40478"
"2019-03-19","port1367","Visakhapatnam","India","IND","1","3","1","0","3","5","8","0","149604","2954","0","80548","152559","233108","6895","0","3233","0","3690","10129","13820"
"2019-03-20","port1367","Visakhapatnam","India","IND","1","5","0","0","3","6","9","0","202795","0","0","43817","202795","246612","5492","66934","0","0","208","72427","72635"
"2019-03-21","port1367","Visakhapatnam","India","IND","0","4","1","0","2","5","7","0","138364","2954","0","70304","141319","211623","0","119185","3233","0","0","122418","122418"
"2019-03-22","port1367","Visakhapatnam","India","IND","1","5","0","0","0","6","6","1653","152477","0","0","0","154131","154131","4138","119971","0","0","0","124109","124109"
"2019-03-23","port1367","Visakhapatnam","India","IND","0","2","0","0","0","2","2","0","34319","0","0","0","34319","34319","0","36776","0","0","0","36776","36776"
"2019-03-24","port1367","Visakhapatnam","India","IND","2","1","1","0","0","4","4","6512","0","12982","0","0","19495","19495","0","53834","0","0","0","53834","53834"
"2019-03-25","port1367","Visakhapatnam","India","IND","1","4","2","0","4","7","11","0","109439","6029","0","67703","115468","183172","16767","54436","6063","0","0","77266","77266"
"2019-03-26","port1367","Visakhapatnam","India","IND","1","5","0","0","0","6","6","1653","314712","0","0","0","316366","316366","4138","31402","0","0","0","35540","35540"
"2019-03-27","port1367","Visakhapatnam","India","IND","1","2","1","0","2","4","6","0","54883","0","0","6185","54883","61068","5869","0","1364","0","0","7233","7233"
"2019-03-28","port1367","Visakhapatnam","India","IND","0","1","0","0","5","1","6","0","0","0","0","68021","0","68021","0","60433","0","0","17036","60433","77470"
"2019-03-29","port1367","Visakhapatnam","India","IND","1","2","2","0","1","5","6","0","75119","2954","0","0","78074","78074","5531","33471","10629","0","0","49632","49632"
"2019-03-30","port1367","Visakhapatnam","India","IND","2","4","1","0","4","7","11","53123","88514","0","0","47310","141638","188948","0","15701","7984","0","9486","23685","33172"
"2019-03-31","port1367","Visakhapatnam","India","IND","1","2","0","0","3","3","6","3450","124962","0","0","37900","128413","166313","0","0","0","0","12084","0","12084"
"2019-04-01","port1367","Visakhapatnam","India","IND","0","5","0","0","1","5","6","0","89251","0","0","14229","89251","103481","0","15701","0","0","0","15701","15701"
"2019-04-02","port1367","Visakhapatnam","India","IND","1","2","0","0","1","3","4","4350","153235","0","0","2621","157586","160208","0","0","0","0","0","0","0"
"2019-04-03","port1367","Visakhapatnam","India","IND","1","4","1","0","4","6","10","2593","166619","6128","0","62740","175340","238081","0","31637","0","0","0","31637","31637"
"2019-04-04","port1367","Visakhapatnam","India","IND","1","6","3","0","2","10","12","2999","251994","0","0","31800","254994","286794","0","130972","21619","0","2109","152591","154701"
"2019-04-05","port1367","Visakhapatnam","India","IND","1","2","1","0","1","4","5","0","30878","7212","0","48433","38091","86525","1516","55008","0","0","0","56525","56525"
"2019-04-06","port1367","Visakhapatnam","India","IND","0","5","0","0","1","5","6","0","210299","0","0","17618","210299","227917","0","89803","0","0","0","89803","89803"
"2019-04-07","port1367","Visakhapatnam","India","IND","0","6","0","0","2","6","8","0","244321","0","0","9972","244321","254293","0","71666","0","0","0","71666","71666"
"2019-04-08","port1367","Visakhapatnam","India","IND","1","1","0","0","2","2","4","4595","34319","0","0","8866","38915","47782","0","15701","0","0","10501","15701","26203"
"2019-04-09","port1367","Visakhapatnam","India","IND","1","5","0","0","2","6","8","0","263690","0","0","0","263690","263690","724","119185","0","0","0","119909","119909"
"2019-04-10","port1367","Visakhapatnam","India","IND","1","2","1","0","2","4","6","0","88427","0","0","9666","88427","98094","5267","0","4900","0","4530","10167","14697"
"2019-04-11","port1367","Visakhapatnam","India","IND","0","4","0","0","2","4","6","0","99625","0","0","15353","99625","114979","0","129069","0","0","0","129069","129069"
"2019-04-12","port1367","Visakhapatnam","India","IND","1","2","0","0","2","3","5","0","34319","0","0","30530","34319","64850","3508","57774","0","0","388","61282","61670"
"2019-04-13","port1367","Visakhapatnam","India","IND","0","4","0","0","3","4","7","0","12635","0","0","9666","12635","22301","0","74655","0","0","4530","74655","79185"
"2019-04-14","port1367","Visakhapatnam","India","IND","1","2","0","0","2","3","5","0","52981","0","0","83205","52981","136187","3306","50626","0","0","0","53933","53933"
"2019-04-15","port1367","Visakhapatnam","India","IND","0","4","0","0","2","4","6","0","188692","0","0","99226","188692","287918","0","85577","0","0","6156","85577","91734"
"2019-04-16","port1367","Visakhapatnam","India","IND","1","4","0","1","0","6","6","7771","243782","0","0","0","251554","251554","0","103483","0","3875","0","107359","107359"
"2019-04-17","port1367","Visakhapatnam","India","IND","2","3","1","0","1","6","7","1653","137896","205","0","9666","139755","149422","4878","73951","0","0","4530","78830","83360"
"2019-04-18","port1367","Visakhapatnam","India","IND","0","3","0","0","2","3","5","0","80804","0","0","7032","80804","87836","0","15701","0","0","0","15701","15701"
"2019-04-19","port1367","Visakhapatnam","India","IND","0","2","1","0","0","3","3","0","34319","1682","0","0","36001","36001","0","16208","0","0","0","16208","16208"
"2019-04-20","port1367","Visakhapatnam","India","IND","0","2","0","0","2","2","4","0","34319","0","0","24474","34319","58794","0","19037","0","0","3165","19037","22202"
"2019-04-21","port1367","Visakhapatnam","India","IND","1","3","0","0","0","4","4","1653","106305","0","0","0","107959","107959","4138","67199","0","0","0","71337","71337"
"2019-04-22","port1367","Visakhapatnam","India","IND","1","1","0","0","0","2","2","0","78864","0","0","0","78864","78864","4427","0","0","0","0","4427","4427"
"2019-04-23","port1367","Visakhapatnam","India","IND","0","5","1","0","3","6","9","0","157149","8697","0","49889","165847","215736","0","131330","0","0","0","131330","131330"
"2019-04-24","port1367","Visakhapatnam","India","IND","1","3","0","0","3","4","7","0","160650","0","0","42402","160650","203053","5171","15701","0","0","6601","20872","27473"
"2019-04-25","port1367","Visakhapatnam","India","IND","1","1","1","0","0","3","3","0","54316","2954","0","0","57271","57271","5172","0","3233","0","0","8406","8406"
"2019-04-26","port1367","Visakhapatnam","India","IND","1","6","1","0","2","8","10","0","269133","0","0","11402","269133","280536","5031","26456","4546","0","0","36033","36033"
"2019-04-27","port1367","Visakhapatnam","India","IND","1","3","0","0","1","4","5","0","178569","0","0","0","178569","178569","0","119185","0","0","0","119185","119185"
"2019-04-28","port1367","Visakhapatnam","India","IND","2","2","0","0","2","4","6","1653","50398","0","0","10432","52051","62484","5047","0","0","0","0","5047","5047"
"2019-04-29","port1367","Visakhapatnam","India","IND","1","5","0","0","2","6","8","6251","133102","0","0","9666","139353","149019","0","0","0","0","4530","0","4530"
"2019-04-30","port1367","Visakhapatnam","India","IND","0","0","0","0","1","0","1","0","0","0","0","0","0","0","0","0","0","0","0","0","0"
"2019-05-01","port1367","Visakhapatnam","India","IND","0","0","0","0","0","0","0","0","0","0","0","0","0","0","0","0","0","0","0","0","0"
"2019-05-02","port1367","Visakhapatnam","India","IND","0","0","0","0","0","0","0","0","0","0","0","0","0","0","0","0","0","0","0","0","0"
"2019-05-03","port1367","Visakhapatnam","India","IND","2","10","2","0","3","14","17","1653","410999","1098","0","47939","413752","461691","8599","147831","9985","0","4381","166415","170797"
"2019-05-04","port1367","Visakhapatnam","India","IND","3","5","1","0","1","9","10","2439","260438","0","0","98455","262877","361332","5242","52550","5275","0","0","63068","63068"
"2019-05-05","port1367","Visakhapatnam","India","IND","0","4","0","0","4","4","8","0","90232","0","0","48308","90232","138540","0","19334","0","0","4530","19334","23864"
"2019-05-06","port1367","Visakhapatnam","India","IND","0","4","0","0","2","4","6","0","65963","0","0","9666","65963","75630","0","119185","0","0","4530","119185","123715"
"2019-05-07","port1367","Visakhapatnam","India","IND","1","2","0","0","2","3","5","0","116072","0","0","76898","116072","192970","3508","0","0","0","388","3508","3897"
"2019-05-08","port1367","Visakhapatnam","India","IND","2","2","0","0","1","4","5","24191","34319","0","0","0","58511","58511","7303","69776","0","0","0","77079","77079"
"2019-05-09","port1367","Visakhapatnam","India","IND","1","2","0","0","0","3","3","0","74155","0","0","0","74155","74155","1087","53407","0","0","0","54495","54495"
"2019-05-10","port1367","Visakhapatnam","India","IND","1","2","0","0","2","3","5","3951","239509","0","0","48268","243461","291730","0","0","0","0","3734","0","3734"
"2019-05-11","port1367","Visakhapatnam","India","IND","0","1","0","0","0","1","1","0","25525","0","0","0","25525","25525","0","0","0","0","0","0","0"
"2019-05-12","port1367","Visakhapatnam","India","IND","1","1","0","0","0","2","2","14511","6003","0","0","0","20514","20514","0","0","0","0","0","0","0"
"2019-05-13","port1367","Visakhapatnam","India","IND","1","2","0","0","2","3","5","10894","77159","0","0","54425","88054","142480","0","15701","0","0","3734","15701","19436"
"2019-05-14","port1367","Visakhapatnam","India","IND","1","0","1","0","0","2","2","0","0","15537","0","0","15537","15537","2737","0","0","0","0","2737","2737"
"2019-05-15","port1367","Visakhapatnam","India","IND","1","2","0","0","1","3","4","0","72326","0","0","9666","72326","81993","0","0","0","0","4530","0","4530"
"2019-05-16","port1367","Visakhapatnam","India","IND","0","5","0","0","0","5","5","0","223120","0","0","0","223120","223120","0","57600","0","0","0","57600","57600"
"2019-05-17","port1367","Visakhapatnam","India","IND","0","3","1","0","0","4","4","0","117358","0","0","0","117358","117358","0","15701","2070","0","0","17771","17771"
"2019-05-18","port1367","Visakhapatnam","India","IND","0","4","1","0","0","5","5","0","186907","2954","0","0","189862","189862","0","15701","3233","0","0","18935","18935"
"2019-05-19","port1367","Visakhapatnam","India","IND","1","2","0","0","0","3","3","3254","225590","0","0","0","228845","228845","0","0","0","0","0","0","0"
"2019-05-20","port1367","Visakhapatnam","India","IND","0","4","0","0","1","4","5","0","143825","0","0","25856","143825","169682","0","31402","0","0","0","31402","31402"
"2019-05-21","port1367","Visakhapatnam","India","IND","0","2","0","0","1","2","3","0","27128","0","0","15901","27128","43029","0","46812","0","0","0","46812","46812"
"2019-05-22","port1367","Visakhapatnam","India","IND","1","3","0","0","0","4","4","8857","34319","0","0","0","43177","43177","0","58722","0","0","0","58722","58722"
"2019-05-23","port1367","Visakhapatnam","India","IND","1","5","0","0","0","6","6","1653","119786","0","0","0","121439","121439","4138","15701","0","0","0","19839","19839"
"2019-05-24","port1367","Visakhapatnam","India","IND","1","6","0","0","1","7","8","1653","177007","0","0","8289","178660","186949","4138","17751","0","0","0","21889","21889"
"2019-05-25","port1367","Visakhapatnam","India","IND","0","1","0","0","0","1","1","0","0","0","0","0","0","0","0","54724","0","0","0","54724","54724"
"2019-05-26","port1367","Visakhapatnam","India","IND","0","4","0","0","2","4","6","0","191674","0","0","9281","191674","200955","0","92455","0","0","0","92455","92455"
"2019-05-27","port1367","Visakhapatnam","India","IND","0","2","2","0","2","4","6","0","137675","23628","0","0","161304","161304","0","0","0","0","3684","0","3684"
"2019-05-28","port1367","Visakhapatnam","India","IND","0","3","0","0","0","3","3","0","115969","0","0","0","115969","115969","0","15701","0","0","0","15701","15701"
"2019-05-29","port1367","Visakhapatnam","India","IND","0","3","0","0","0","3","3","0","278923","0","0","0","278923","278923","0","15701","0","0","0","15701","15701"
"2019-05-30","port1367","Visakhapatnam","India","IND","1","3","0","0","0","4","4","1653","84523","0","0","0","86176","86176","4138","0","0","0","0","4138","4138"
"2019-05-31","port1367","Visakhapatnam","India","IND","0","5","0","0","0","5","5","0","208093","0","0","0","208093","208093","0","59424","0","0","0","59424","59424"
"2019-06-01","port1367","Visakhapatnam","India","IND","0","2","0","0","0","2","2","0","79467","0","0","0","79467","79467","0","2785","0","0","0","2785","2785"
"2019-06-02","port1367","Visakhapatnam","India","IND","0","2","0","0","0","2","2","0","34319","0","0","0","34319","34319","0","16899","0","0","0","16899","16899"
"2019-06-03","port1367","Visakhapatnam","India","IND","0","2","0","0","1","2","3","0","23624","0","0","0","23624","23624","0","49616","0","0","0","49616","49616"
"2020-07-08","port1367","Visakhapatnam","India","IND","1","2","0","0","0","3","3","0","0","0","0","0","0","0","16564","31279","0","0","0","47843","47843"
"2020-07-09","port1367","Visakhapatnam","India","IND","1","4","0","0","1","5","6","1653","182983","0","0","0","184636","184636","4138","95771","0","0","0","99909","99909"
"2020-07-10","port1367","Visakhapatnam","India","IND","1","5","1","0","2","7","9","0","208788","10966","0","48460","219755","268215","2578","102665","0","0","0","105244","105244"
"2020-07-11","port1367","Visakhapatnam","India","IND","0","2","0","0","0","2","2","0","77329","0","0","0","77329","77329","0","0","0","0","0","0","0"
"2020-07-12","port1367","Visakhapatnam","India","IND","1","3","0","0","0","4","4","0","93802","0","0","0","93802","93802","7861","105183","0","0","0","113044","113044"
"2020-07-13","port1367","Visakhapatnam","India","IND","1","2","1","0","3","4","7","0","16600","2954","0","20876","19555","40431","811","25462","3233","0","519","29507","30027"
"2020-07-14","port1367","Visakhapatnam","India","IND","1","4","2","0","2","7","9","0","201061","2954","0","43222","204016","247238","14387","31402","5227","0","0","51016","51016"
"2020-07-15","port1367","Visakhapatnam","India","IND","1","6","0","0","0","7","7","0","105193","0","0","0","105193","105193","0","212030","0","0","0","212030","212030"
"2020-07-16","port1367","Visakhapatnam","India","IND","0","3","2","0","1","5","6","0","89687","2954","0","76","92642","92719","0","43911","6314","0","4251","50225","54476"
"2020-07-17","port1367","Visakhapatnam","India","IND","1","3","0","0","0","4","4","0","40675","0","0","0","40675","40675","5628","87133","0","0","0","92761","92761"
"2020-07-18","port1367","Visakhapatnam","India","IND","0","6","0","0","0","6","6","0","246583","0","0","0","246583","246583","0","111522","0","0","0","111522","111522"
"2020-07-19","port1367","Visakhapatnam","India","IND","1","2","0","0","3","3","6","0","54101","0","0","23761","54101","77863","5266","52470","0","0","12956","57736","70692"
"2020-07-20","port1367","Visakhapatnam","India","IND","1","4","0","0","1","5","6","127","68639","0","0","0","68766","68766","1074","84732","0","0","10018","85807","95825"
"2020-07-21","port1367","Visakhapatnam","India","IND","1","5","0","0","0","6","6","0","105683","0","0","0","105683","105683","13352","50091","0","0","0","63444","63444"
"2020-07-22","port1367","Visakhapatnam","India","IND","0","4","2","0","1","6","7","0","95801","2954","0","30530","98756","129287","0","31402","5514","0","388","36916","37305"
"2020-07-23","port1367","Visakhapatnam","India","IND","1","3","0","0","0","4","4","1653","152725","0","0","0","154379","154379","4138","0","0","0","0","4138","4138"
"2020-07-24","port1367","Visakhapatnam","India","IND","0","3","0","0","1","3","4","0","34319","0","0","1318","34319","35637","0","76968","0","0","0","76968","76968"
"2020-07-25","port1367","Visakhapatnam","India","IND","1","5","0","0","1","6","7","0","35933","0","0","0","35933","35933","6050","201553","0","0","32147","207604","239751"
"2020-07-26","port1367","Visakhapatnam","India","IND","1","5","1","0","0","7","7","0","106796","0","0","0","106796","106796","7289","140884","7957","0","0","156132","156132"
"2020-07-27","port1367","Visakhapatnam","India","IND","0","4","1","0","2","5","7","0","0","0","0","28339","0","28339","0","142169","92","0","4530","142261","146791"
"2020-07-28","port1367","Visakhapatnam","India","IND","2","2","1","0","0","5","5","2145","77958","0","0","0","80104","80104","6495","0","9411","0","0","15907","15907"
"2020-07-29","port1367","Visakhapatnam","India","IND","1","3","1","0","1","5","6","0","54121","0","0","26318","54121","80439","1502","47195","6471","0","0","55169","55169"
"2020-07-30","port1367","Visakhapatnam","India","IND","0","5","0","0","1","5","6","0","54095","0","0","626","54095","54722","0","126220","0","0","0","126220","126220"
"2020-07-31","port1367","Visakhapatnam","India","IND","1","5","0","0","3","6","9","0","228054","0","0","32552","228054","260606","10284","15701","0","0","12956","25986","38942"
"2020-08-01","port1367","Visakhapatnam","India","IND","1","5","0","0","0","6","6","1653","63268","0","0","0","64921","64921","4138","206859","0","0","0","210998","210998"
"2020-08-02","port1367","Visakhapatnam","India","IND","1","3","0","0","0","4","4","0","53672","0","0","0","53672","53672","8478","0","0","0","0","8478","8478"
"2020-08-03","port1367","Visakhapatnam","India","IND","1","1","0","0","0","2","2","0","0","0","0","0","0","0","9629","51073","0","0","0","60703","60703"
"2020-08-04","port1367","Visakhapatnam","India","IND","0","2","1","0","2","3","5","0","34319","0","0","23870","34319","58189","0","69166","0","0","0","69166","69166"
"2020-08-05","port1367","Visakhapatnam","India","IND","0","2","2","0","0","4","4","0","0","5909","0","0","5909","5909","0","53800","6467","0","0","60268","60268"
"2020-08-06","port1367","Visakhapatnam","India","IND","0","7","1","0","3","8","11","0","75603","10216","0","56990","85820","142811","0","159774","0","0","32624","159774","192398"
"2020-08-07","port1367","Visakhapatnam","India","IND","0","3","1","0","0","4","4","0","47324","14071","0","0","61396","61396","0","104778","0","0","0","104778","104778"
"2023-10-21","port1367","Visakhapatnam","India","IND","0","2","0","0","1","2","3","0","53671","0","0","0","53671","53671","0","556","0","0","940","556","1497"
"2020-08-08","port1367","Visakhapatnam","India","IND","1","1","0","0","1","2","3","0","0","0","0","9833","0","9833","12859","77813","0","0","0","90672","90672"
"2020-08-09","port1367","Visakhapatnam","India","IND","1","4","1","0","1","6","7","0","130420","2954","0","0","133375","133375","7710","70437","3233","0","0","81381","81381"
"2020-08-10","port1367","Visakhapatnam","India","IND","1","2","0","0","0","3","3","1653","34319","0","0","0","35973","35973","4138","41373","0","0","0","45511","45511"
"2020-08-11","port1367","Visakhapatnam","India","IND","1","6","0","0","2","7","9","0","226617","0","0","76","226617","226694","11251","80251","0","0","4251","91502","95753"
"2020-08-12","port1367","Visakhapatnam","India","IND","2","5","1","0","1","8","9","0","271353","12422","0","9666","283775","293442","16825","15701","0","0","4530","32526","37057"
"2020-08-13","port1367","Visakhapatnam","India","IND","0","1","0","0","4","1","5","0","0","0","0","17605","0","17605","0","92426","0","0","5410","92426","97836"
"2020-08-14","port1367","Visakhapatnam","India","IND","3","2","0","0","0","5","5","0","156320","0","0","0","156320","156320","26778","0","0","0","0","26778","26778"
"2020-08-15","port1367","Visakhapatnam","India","IND","1","2","1","0","1","4","5","0","0","2954","0","11181","2954","14136","4829","98522","3233","0","0","106586","106586"
"2020-08-16","port1367","Visakhapatnam","India","IND","1","4","0","0","0","5","5","0","101084","0","0","0","101084","101084","0","36761","0","0","0","36761","36761"
"2020-08-17","port1367","Visakhapatnam","India","IND","1","4","1","0","0","6","6","0","134411","2954","0","0","137366","137366","10681","69409","3233","0","0","83325","83325"
"2020-08-18","port1367","Visakhapatnam","India","IND","1","8","0","0","0","9","9","0","400961","0","0","0","400961","400961","2691","66636","0","0","0","69327","69327"
"2020-08-19","port1367","Visakhapatnam","India","IND","1","5","0","0","0","6","6","0","45724","0","0","0","45724","45724","1941","156117","0","0","0","158059","158059"
"2020-08-20","port1367","Visakhapatnam","India","IND","0","3","0","0","0","3","3","0","83937","0","0","0","83937","83937","0","0","0","0","0","0","0"
"2020-08-21","port1367","Visakhapatnam","India","IND","1","4","0","0","0","5","5","0","48425","0","0","0","48425","48425","4452","149709","0","0","0","154161","154161"
"2020-08-22","port1367","Visakhapatnam","India","IND","1","4","0","0","0","5","5","0","34724","0","0","0","34724","34724","6006","161937","0","0","0","167944","167944"
"2020-08-23","port1367","Visakhapatnam","India","IND","1","2","0","0","0","3","3","0","80608","0","0","0","80608","80608","13993","15701","0","0","0","29694","29694"
"2020-08-24","port1367","Visakhapatnam","India","IND","1","8","0","0","2","9","11","1653","395248","0","0","10705","396902","407607","4138","151192","0","0","4530","155330","159860"
"2020-08-25","port1367","Visakhapatnam","India","IND","1","4","1","0","2","6","8","127","139481","23232","0","33666","162841","196507","1074","51368","0","0","0","52442","52442"
"2020-08-26","port1367","Visakhapatnam","India","IND","1","2","1","0","2","4","6","0","68639","17517","0","71087","86156","157244","2428","31402","0","0","0","33831","33831"
"2020-08-27","port1367","Visakhapatnam","India","IND","1","5","0","0","1","6","7","127","56361","0","0","0","56489","56489","1074","132793","0","0","0","133867","133867"
"2020-08-28","port1367","Visakhapatnam","India","IND","0","7","0","0","2","7","9","0","187516","0","0","3069","187516","190585","0","102344","0","0","4251","102344","106595"
"2020-08-29","port1367","Visakhapatnam","India","IND","1","3","0","0","2","4","6","0","33546","0","0","60783","33546","94329","2891","83982","0","0","0","86874","86874"
"2020-08-30","port1367","Visakhapatnam","India","IND","2","1","1","0","2","4","6","0","27039","2954","0","18845","29994","48839","11789","0","3233","0","0","15022","15022"
"2020-08-31","port1367","Visakhapatnam","India","IND","0","3","0","0","3","3","6","0","54677","0","0","42268","54677","96946","0","66973","0","0","4918","66973","71892"
"2020-09-01","port1367","Visakhapatnam","India","IND","1","2","1","0","1","4","5","0","68639","0","0","9666","68639","78306","594","31402","29094","0","4530","61091","65622"
"2020-09-02","port1367","Visakhapatnam","India","IND","1","4","1","0","3","6","9","0","113366","5040","0","71577","118407","189984","3536","26535","0","0","0","30071","30071"
"2020-09-03","port1367","Visakhapatnam","India","IND","1","4","0","0","1","5","6","0","71183","0","0","0","71183","71183","2752","161533","0","0","0","164286","164286"
"2020-09-04","port1367","Visakhapatnam","India","IND","1","8","0","0","2","9","11","0","210368","0","0","30530","210368","240899","8478","78452","0","0","388","86931","87319"
"2020-09-05","port1367","Visakhapatnam","India","IND","0","3","0","0","0","3","3","0","35933","0","0","0","35933","35933","0","60825","0","0","0","60825","60825"
"2020-09-06","port1367","Visakhapatnam","India","IND","1","2","1","0","0","4","4","0","76040","0","0","0","76040","76040","5771","31259","4733","0","0","41764","41764"
"2020-09-07","port1367","Visakhapatnam","India","IND","2","7","0","0","1","9","10","2402","181832","0","0","48713","184234","232948","7609","121098","0","0","0","128708","128708"
"2020-09-08","port1367","Visakhapatnam","India","IND","0","3","0","0","1","3","4","0","115291","0","0","19087","115291","134379","0","30925","0","0","0","30925","30925"
"2020-09-09","port1367","Visakhapatnam","India","IND","2","3","0","1","2","6","8","1653","4084","0","1323","0","7060","7060","9498","32580","0","2513","0","44592","44592"
"2020-09-10","port1367","Visakhapatnam","India","IND","0","2","0","0","1","2","3","0","53583","0","0","21188","53583","74771","0","0","0","0","0","0","0"
"2020-09-11","port1367","Visakhapatnam","India","IND","1","3","0","0","1","4","5","670","89620","0","0","0","90291","90291","0","93059","0","0","31333","93059","124393"
"2020-09-12","port1367","Visakhapatnam","India","IND","0","10","0","0","0","10","10","0","252676","0","0","0","252676","252676","0","181718","0","0","0","181718","181718"
"2020-09-13","port1367","Visakhapatnam","India","IND","1","2","0","0","1","3","4","0","95291","0","0","930","95291","96221","16030","0","0","0","0","16030","16030"
"2020-09-14","port1367","Visakhapatnam","India","IND","1","7","0","0","0","8","8","0","182766","0","0","0","182766","182766","4748","105029","0","0","0","109778","109778"
"2020-09-15","port1367","Visakhapatnam","India","IND","2","4","0","0","0","6","6","269","106816","0","0","0","107085","107085","8478","49557","0","0","0","58036","58036"
"2020-09-16","port1367","Visakhapatnam","India","IND","2","1","1","0","3","4","7","3575","55028","9002","0","57331","67605","124937","2569","0","0","0","34824","2569","37393"
"2020-09-17","port1367","Visakhapatnam","India","IND","0","6","0","0","3","6","9","0","215757","0","0","76","215757","215834","0","135605","0","0","4251","135605","139856"
"2020-09-18","port1367","Visakhapatnam","India","IND","2","4","1","0","2","7","9","1653","49103","0","0","77844","50757","128601","6067","86884","5125","0","0","98078","98078"
"2020-09-19","port1367","Visakhapatnam","India","IND","1","5","0","0","1","6","7","0","255355","0","0","0","255355","255355","13518","85926","0","0","0","99445","99445"
"2020-09-20","port1367","Visakhapatnam","India","IND","1","3","0","0","1","4","5","0","54327","0","0","1628","54327","55955","14847","48950","0","0","0","63798","63798"
"2020-09-21","port1367","Visakhapatnam","India","IND","1","2","1","0","4","4","8","1653","66157","2954","0","76","70766","70843","4138","15701","3233","0","4251","23073","27324"
"2020-09-22","port1367","Visakhapatnam","India","IND","0","6","0","0","2","6","8","0","147979","0","0","17349","147979","165329","0","134914","0","0","0","134914","134914"
"2020-09-23","port1367","Visakhapatnam","India","IND","1","2","1","0","1","4","5","0","85214","8129","0","9976","93344","103320","17563","15701","0","0","0","33264","33264"
"2020-09-24","port1367","Visakhapatnam","India","IND","0","2","0","0","1","2","3","0","78240","0","0","48113","78240","126354","0","28326","0","0","0","28326","28326"
"2020-09-25","port1367","Visakhapatnam","India","IND","1","5","1","0","3","7","10","0","103778","12905","0","65068","116684","181752","899","89416","0","0","0","90315","90315"
"2020-09-26","port1367","Visakhapatnam","India","IND","0","7","0","0","3","7","10","0","181541","0","0","46204","181541","227745","0","69817","0","0","29824","69817","99641"
"2020-09-27","port1367","Visakhapatnam","India","IND","1","6","0","0","1","7","8","0","408568","0","0","0","408568","408568","19585","0","0","0","0","19585","19585"
"2020-09-28","port1367","Visakhapatnam","India","IND","2","4","0","0","1","6","7","0","198226","0","0","0","198226","198226","11256","126563","0","0","30307","137819","168126"
"2020-09-29","port1367","Visakhapatnam","India","IND","0","6","0","0","1","6","7","0","190651","0","0","0","190651","190651","0","117224","0","0","0","117224","117224"
"2020-09-30","port1367","Visakhapatnam","India","IND","1","1","2","0","3","4","7","1653","72562","2954","0","66740","77171","143911","4138","0","6438","0","0","10576","10576"
"2020-10-01","port1367","Visakhapatnam","India","IND","0","3","0","0","3","3","6","0","149973","0","0","7965","149973","157938","0","15701","0","0","0","15701","15701"
"2020-10-02","port1367","Visakhapatnam","India","IND","1","4","0","0","3","5","8","0","31679","0","0","8333","31679","40013","10558","185550","0","0","29511","196109","225620"
"2020-10-03","port1367","Visakhapatnam","India","IND","0","5","0","0","0","5","5","0","193154","0","0","0","193154","193154","0","70267","0","0","0","70267","70267"
"2020-10-04","port1367","Visakhapatnam","India","IND","0","5","0","0","1","5","6","0","145779","0","0","51421","145779","197200","0","73255","0","0","0","73255","73255"
"2020-10-05","port1367","Visakhapatnam","India","IND","1","4","0","0","2","5","7","0","269209","0","0","112297","269209","381506","520","0","0","0","0","520","520"
"2020-10-06","port1367","Visakhapatnam","India","IND","0","4","1","0","1","5","6","0","102959","0","0","10686","102959","113646","0","100310","6638","0","0","106949","106949"
"2020-10-07","port1367","Visakhapatnam","India","IND","1","7","1","0","2","9","11","1913","294712","2954","0","21790","299580","321371","0","171624","3233","0","0","174858","174858"
"2020-10-08","port1367","Visakhapatnam","India","IND","0","5","0","0","0","5","5","0","262577","0","0","0","262577","262577","0","0","0","0","0","0","0"
"2020-10-09","port1367","Visakhapatnam","India","IND","1","4","1","0","2","6","8","0","101545","0","0","0","101545","101545","8849","64239","9393","0","0","82483","82483"
"2020-10-10","port1367","Visakhapatnam","India","IND","1","5","0","0","3","6","9","0","190071","0","0","6419","190071","196491","6655","89997","0","0","31341","96653","127994"
"2020-10-11","port1367","Visakhapatnam","India","IND","1","3","0","0","2","4","6","1653","81428","0","0","10607","83081","93689","4138","65882","0","0","0","70020","70020"
"2020-10-12","port1367","Visakhapatnam","India","IND","0","1","0","0","0","1","1","0","22859","0","0","0","22859","22859","0","0","0","0","0","0","0"
"2020-10-13","port1367","Visakhapatnam","India","IND","1","3","0","0","0","4","4","1653","51359","0","0","0","53012","53012","4138","107727","0","0","0","111865","111865"
"2020-10-14","port1367","Visakhapatnam","India","IND","0","2","0","0","1","2","3","0","37382","0","0","0","37382","37382","0","0","0","0","0","0","0"
"2020-10-15","port1367","Visakhapatnam","India","IND","0","2","0","0","1","2","3","0","34319","0","0","45672","34319","79992","0","47019","0","0","0","47019","47019"
"2020-10-16","port1367","Visakhapatnam","India","IND","1","6","3","0","2","10","12","0","297456","2954","0","76","300411","300488","1435","63685","5136","0","32488","70257","102746"
"2020-10-17","port1367","Visakhapatnam","India","IND","2","3","1","0","2","6","8","127","147473","0","0","19031","147600","166631","1878","0","5303","0","0","7182","7182"
"2020-10-18","port1367","Visakhapatnam","India","IND","1","2","0","0","1","3","4","0","0","0","0","37976","0","37976","657","114033","0","0","0","114691","114691"
"2020-10-19","port1367","Visakhapatnam","India","IND","1","5","1","0","1","7","8","1653","173935","2954","0","4805","178543","183349","4138","57428","3233","0","0","64800","64800"
"2020-10-20","port1367","Visakhapatnam","India","IND","1","4","0","0","2","5","7","1653","131026","0","0","126986","132679","259666","4138","15701","0","0","0","19839","19839"
"2020-10-21","port1367","Visakhapatnam","India","IND","1","2","0","0","1","3","4","2134","3742","0","0","45522","5876","51399","0","0","0","0","0","0","0"
"2020-10-22","port1367","Visakhapatnam","India","IND","1","8","1","0","3","10","13","959","188354","2954","0","29511","192269","221780","0","172293","3233","0","0","175527","175527"
"2020-10-23","port1367","Visakhapatnam","India","IND","1","3","0","0","2","4","6","0","44268","0","0","48460","44268","92728","1162","130155","0","0","0","131317","131317"
"2020-10-24","port1367","Visakhapatnam","India","IND","1","5","0","0","0","6","6","0","335477","0","0","0","335477","335477","17325","15701","0","0","0","33026","33026"
"2020-10-25","port1367","Visakhapatnam","India","IND","0","3","1","0","2","4","6","0","121759","0","0","943","121759","122702","0","25982","6820","0","0","32803","32803"
"2020-10-26","port1367","Visakhapatnam","India","IND","1","7","0","0","3","8","11","0","208143","0","0","33985","208143","242128","13290","15701","0","0","24314","28992","53306"
"2020-10-27","port1367","Visakhapatnam","India","IND","2","3","0","0","1","5","6","1653","34319","0","0","238","35973","36211","11049","68077","0","0","0","79127","79127"
"2020-10-28","port1367","Visakhapatnam","India","IND","0","3","1","0","3","4","7","0","222918","2954","0","46634","225873","272507","0","15701","3233","0","41259","18935","60194"
"2020-10-29","port1367","Visakhapatnam","India","IND","1","6","0","0","2","7","9","0","184886","0","0","18861","184886","203748","13651","78042","0","0","0","91694","91694"
"2020-10-30","port1367","Visakhapatnam","India","IND","1","5","1","0","1","7","8","1653","131943","2954","0","12683","136551","149235","4138","149635","3233","0","0","157006","157006"
"2020-10-31","port1367","Visakhapatnam","India","IND","1","3","1","0","0","5","5","1653","81315","0","0","0","82969","82969","4138","68946","17928","0","0","91012","91012"
"2020-11-01","port1367","Visakhapatnam","India","IND","0","3","0","0","1","3","4","0","89072","0","0","14095","89072","103167","0","59821","0","0","8426","59821","68247"
"2020-11-02","port1367","Visakhapatnam","India","IND","1","5","0","0","0","6","6","0","389357","0","0","0","389357","389357","4461","15701","0","0","0","20163","20163"
"2020-11-03","port1367","Visakhapatnam","India","IND","0","2","0","0","3","2","5","0","112039","0","0","167465","112039","279504","0","15701","0","0","8426","15701","24127"
"2020-11-04","port1367","Visakhapatnam","India","IND","2","5","0","0","0","7","7","0","102959","0","0","0","102959","102959","18906","174963","0","0","0","193869","193869"
"2020-11-05","port1367","Visakhapatnam","India","IND","0","4","0","0","1","4","5","0","110777","0","0","47306","110777","158083","0","58533","0","0","0","58533","58533"
"2020-11-06","port1367","Visakhapatnam","India","IND","0","6","1","0","0","7","7","0","381409","2954","0","0","384364","384364","0","54752","3233","0","0","57986","57986"
"2020-11-07","port1367","Visakhapatnam","India","IND","1","5","1","0","0","7","7","0","120759","2954","0","0","123714","123714","12278","77573","3233","0","0","93085","93085"
"2020-11-08","port1367","Visakhapatnam","India","IND","0","3","0","0","1","3","4","0","77515","0","0","9666","77515","87182","0","66033","0","0","4530","66033","70563"
"2020-11-09","port1367","Visakhapatnam","India","IND","1","2","0","0","1","3","4","0","100867","0","0","0","100867","100867","6660","0","0","0","33561","6660","40221"
"2020-11-10","port1367","Visakhapatnam","India","IND","1","5","0","0","1","6","7","8699","261890","0","0","11838","270590","282428","0","94297","0","0","0","94297","94297"
"2020-11-11","port1367","Visakhapatnam","India","IND","1","7","1","0","1","9","10","0","283813","0","0","9666","283813","293480","641","86186","7895","0","4530","94723","99253"
"2020-11-12","port1367","Visakhapatnam","India","IND","1","3","2","0","2","6","8","0","109041","2954","0","20099","111996","132096","14809","119185","8128","0","0","142123","142123"
"2020-11-13","port1367","Visakhapatnam","India","IND","0","6","0","0","1","6","7","0","166314","0","0","944","166314","167259","0","79296","0","0","0","79296","79296"
"2020-11-14","port1367","Visakhapatnam","India","IND","1","0","2","0","2","3","5","0","0","6638","0","60673","6638","67311","2905","0","5109","0","0","8014","8014"
"2020-11-15","port1367","Visakhapatnam","India","IND","1","3","0","0","3","4","7","0","21535","0","0","14095","21535","35630","16213","158251","0","0","18516","174465","192981"
"2020-11-16","port1367","Visakhapatnam","India","IND","1","6","0","0","1","7","8","1339","292227","0","0","26715","293566","320282","0","68679","0","0","0","68679","68679"
"2020-11-17","port1367","Visakhapatnam","India","IND","0","7","0","0","3","7","10","0","249071","0","0","30765","249071","279837","0","69333","0","0","83612","69333","152945"
"2020-11-18","port1367","Visakhapatnam","India","IND","1","3","1","0","2","5","7","0","246766","0","0","55920","246766","302687","4173","70939","6388","0","3734","81502","85236"
"2020-11-19","port1367","Visakhapatnam","India","IND","1","1","0","0","0","2","2","0","34319","0","0","0","34319","34319","5456","15701","0","0","0","21157","21157"
"2020-11-20","port1367","Visakhapatnam","India","IND","0","4","0","0","3","4","7","0","68639","0","0","49169","68639","117808","0","161969","0","0","4530","161969","166499"
"2020-11-21","port1367","Visakhapatnam","India","IND","0","3","0","0","1","3","4","0","34319","0","0","0","34319","34319","0","68955","0","0","0","68955","68955"
"2020-11-22","port1367","Visakhapatnam","India","IND","0","5","0","0","2","5","7","0","176883","0","0","18049","176883","194932","0","48562","0","0","0","48562","48562"
"2020-11-23","port1367","Visakhapatnam","India","IND","1","6","1","0","0","8","8","0","321072","5788","0","0","326861","326861","13290","0","0","0","0","13290","13290"
"2020-11-24","port1367","Visakhapatnam","India","IND","1","4","0","0","0","5","5","0","105829","0","0","0","105829","105829","4553","124808","0","0","0","129362","129362"
"2020-11-25","port1367","Visakhapatnam","India","IND","0","9","2","0","1","11","12","0","343799","5909","0","20048","349709","369758","0","78506","6467","0","0","84974","84974"
"2020-11-26","port1367","Visakhapatnam","India","IND","1","2","1","0","4","4","8","0","66647","2954","0","71458","69602","141061","12425","0","3233","0","8814","15659","24473"
"2020-11-27","port1367","Visakhapatnam","India","IND","0","2","0","0","2","2","4","0","34319","0","0","0","34319","34319","0","94457","0","0","39080","94457","133538"
"2020-11-28","port1367","Visakhapatnam","India","IND","1","2","2","0","3","5","8","0","75765","5909","0","78157","81675","159833","9156","15701","6467","0","4530","31325","35855"
"2020-11-29","port1367","Visakhapatnam","India","IND","1","6","0","0","2","7","9","1653","187003","0","0","76","188656","188733","4138","134910","0","0","4251","139048","143299"
"2020-11-30","port1367","Visakhapatnam","India","IND","0","5","1","0","1","6","7","0","225981","2954","0","9666","228936","238603","0","46812","3233","0","4530","50046","54576"
"2020-12-01","port1367","Visakhapatnam","India","IND","1","11","1","0","3","13","16","0","362580","0","0","0","362580","362580","7784","144199","0","0","30240","151983","182223"
"2020-12-02","port1367","Visakhapatnam","India","IND","1","1","2","0","1","4","5","5622","0","3670","0","53848","9293","63142","0","0","2390","0","0","2390","2390"
"2020-12-03","port1367","Visakhapatnam","India","IND","1","3","2","0","4","6","10","1653","132600","2954","0","138774","137209","275983","4138","15701","6393","0","14273","26233","40506"
"2020-12-04","port1367","Visakhapatnam","India","IND","0","7","1","0","2","8","10","0","217356","0","0","19210","217356","236567","0","136696","8714","0","4251","145411","149662"
"2020-12-05","port1367","Visakhapatnam","India","IND","0","3","0","0","3","3","6","0","40714","0","0","46273","40714","86987","0","103483","0","0","0","103483","103483"
"2020-12-06","port1367","Visakhapatnam","India","IND","1","1","1","1","0","4","4","1283","82225","8726","0","0","92235","92235","0","0","0","3076","0","3076","3076"
"2020-12-07","port1367","Visakhapatnam","India","IND","1","4","1","0","1","6","7","0","264837","10211","0","14095","275048","289144","12357","31402","0","0","8426","43760","52186"
"2020-12-08","port1367","Visakhapatnam","India","IND","0","6","1","0","1","7","8","0","244086","7412","0","0","251499","251499","0","72041","0","0","0","72041","72041"
"2020-12-09","port1367","Visakhapatnam","India","IND","0","7","1","0","0","8","8","0","345190","1194","0","0","346384","346384","0","108268","0","0","0","108268","108268"
"2020-12-10","port1367","Visakhapatnam","India","IND","1","3","0","0","4","4","8","2717","82587","0","0","64978","85305","150283","0","54369","0","0","39577","54369","93946"
"2020-12-11","port1367","Visakhapatnam","India","IND","1","1","1","0","0","3","3","0","17876","309","0","0","18186","18186","26904","0","0","0","0","26904","26904"
"2020-12-12","port1367","Visakhapatnam","India","IND","0","6","0","0","0","6","6","0","229009","0","0","0","229009","229009","0","101680","0","0","0","101680","101680"
"2020-12-13","port1367","Visakhapatnam","India","IND","2","7","0","0","4","9","13","0","160168","0","0","107664","160168","267833","19541","140816","0","0","3656","160358","164014"
"2020-12-14","port1367","Visakhapatnam","India","IND","2","4","0","0","2","6","8","1653","34319","0","0","57835","35973","93809","18336","126401","0","0","0","144737","144737"
"2020-12-15","port1367","Visakhapatnam","India","IND","1","4","0","0","2","5","7","0","307506","0","0","36426","307506","343932","2768","15701","0","0","0","18470","18470"
"2020-12-16","port1367","Visakhapatnam","India","IND","1","5","1","0","2","7","9","0","213374","2954","0","6782","216329","223112","9878","35572","3233","0","0","48684","48684"
"2020-12-17","port1367","Visakhapatnam","India","IND","0","4","1","0","1","5","6","0","84602","6491","0","0","91093","91093","0","25227","0","0","4123","25227","29350"
"2020-12-18","port1367","Visakhapatnam","India","IND","1","5","1","0","1","7","8","1653","300105","0","0","61597","301758","363355","4138","109693","7310","0","0","121141","121141"
"2020-12-19","port1367","Visakhapatnam","India","IND","0","5","0","0","5","5","10","0","136431","0","0","117432","136431","253863","0","82277","0","0","0","82277","82277"
"2020-12-20","port1367","Visakhapatnam","India","IND","0","6","0","0","1","6","7","0","202950","0","0","49422","202950","252372","0","86828","0","0","0","86828","86828"
"2020-12-21","port1367","Visakhapatnam","India","IND","0","5","1","0","3","6","9","0","253585","4505","0","43829","258091","301920","0","92382","0","0","28985","92382","121367"
"2020-12-22","port1367","Visakhapatnam","India","IND","1","4","0","0","3","5","8","1653","78854","0","0","119790","80507","200298","4138","145267","0","0","30563","149405","179968"
"2020-12-23","port1367","Visakhapatnam","India","IND","1","3","2","0","1","6","7","0","63383","2954","0","10971","66338","77310","1299","81878","8059","0","0","91237","91237"
"2020-12-24","port1367","Visakhapatnam","India","IND","0","4","1","0","2","5","7","0","208512","233","0","12381","208746","221127","0","31402","0","0","0","31402","31402"
"2020-12-25","port1367","Visakhapatnam","India","IND","2","3","1","0","3","6","9","5970","78644","0","0","97743","84615","182358","9798","81003","7032","0","0","97833","97833"
"2020-12-26","port1367","Visakhapatnam","India","IND","1","7","0","0","2","8","10","0","226567","0","0","104070","226567","330638","2574","173516","0","0","3656","176090","179747"
"2020-12-27","port1367","Visakhapatnam","India","IND","2","4","0","0","3","6","9","0","325280","0","0","34617","325280","359898","14906","31402","0","0","0","46308","46308"
"2020-12-28","port1367","Visakhapatnam","India","IND","2","1","0","0","2","3","5","2325","34319","0","0","990","36645","37635","4358","15701","0","0","0","20060","20060"
"2020-12-29","port1367","Visakhapatnam","India","IND","0","4","0","0","3","4","7","0","79093","0","0","96415","79093","175508","0","139862","0","0","0","139862","139862"
"2020-12-30","port1367","Visakhapatnam","India","IND","1","0","1","0","2","2","4","1653","0","0","0","5721","1653","7375","4138","0","4957","0","0","9095","9095"
"2020-12-31","port1367","Visakhapatnam","India","IND","0","6","1","0","0","7","7","0","417400","1712","0","0","419113","419113","0","77505","0","0","0","77505","77505"
"2021-01-01","port1367","Visakhapatnam","India","IND","1","2","0","0","0","3","3","0","0","0","0","0","0","0","7752","64476","0","0","0","72229","72229"
"2021-01-02","port1367","Visakhapatnam","India","IND","0","7","1","0","0","8","8","0","227361","2954","0","0","230316","230316","0","115140","3233","0","0","118374","118374"
"2021-01-03","port1367","Visakhapatnam","India","IND","1","2","0","0","0","3","3","0","34319","0","0","0","34319","34319","1801","42321","0","0","0","44122","44122"
"2021-01-04","port1367","Visakhapatnam","India","IND","0","4","0","0","2","4","6","0","196309","0","0","13255","196309","209564","0","0","0","0","0","0","0"
"2021-01-05","port1367","Visakhapatnam","India","IND","0","5","1","0","1","6","7","0","199748","713","0","21673","200462","222135","0","42105","0","0","0","42105","42105"
"2021-01-06","port1367","Visakhapatnam","India","IND","0","5","0","0","2","5","7","0","146667","0","0","80360","146667","227027","0","83281","0","0","0","83281","83281"
"2021-01-07","port1367","Visakhapatnam","India","IND","1","4","2","0","0","7","7","0","220452","5909","0","0","226362","226362","359","0","6467","0","0","6827","6827"
"2021-01-08","port1367","Visakhapatnam","India","IND","0","4","0","0","3","4","7","0","46362","0","0","58126","46362","104489","0","45482","0","0","4530","45482","50012"
"2021-01-09","port1367","Visakhapatnam","India","IND","1","0","0","0","1","1","2","0","0","0","0","80012","0","80012","6901","0","0","0","0","6901","6901"
"2021-01-10","port1367","Visakhapatnam","India","IND","2","6","0","0","1","8","9","1748","331506","0","0","31461","333255","364717","7068","54576","0","0","0","61645","61645"
"2021-01-11","port1367","Visakhapatnam","India","IND","0","3","2","0","3","5","8","0","63377","2213","0","50199","65590","115789","0","84867","7093","0","3656","91961","95618"
"2021-01-12","port1367","Visakhapatnam","India","IND","1","2","0","0","0","3","3","0","89965","0","0","0","89965","89965","519","15701","0","0","0","16221","16221"
"2021-01-13","port1367","Visakhapatnam","India","IND","1","5","0","0","1","6","7","0","167281","0","0","30530","167281","197811","638","80014","0","0","388","80652","81041"
"2021-01-14","port1367","Visakhapatnam","India","IND","1","3","0","0","1","4","5","0","150234","0","0","0","150234","150234","13854","31402","0","0","0","45256","45256"
"2021-01-15","port1367","Visakhapatnam","India","IND","0","0","0","0","1","0","1","0","0","0","0","0","0","0","0","0","0","0","0","0","0"
"2021-01-16","port1367","Visakhapatnam","India","IND","0","5","1","0","0","6","6","0","247175","5198","0","0","252373","252373","0","67163","0","0","0","67163","67163"
"2021-01-17","port1367","Visakhapatnam","India","IND","2","6","1","0","1","9","10","9745","204039","0","0","9666","213784","223451","10840","156454","2245","0","4530","169540","174070"
"2021-01-18","port1367","Visakhapatnam","India","IND","1","9","2","0","3","12","15","0","461955","9498","0","43500","471454","514955","5537","54440","0","0","8426","59978","68404"
"2021-01-19","port1367","Visakhapatnam","India","IND","1","6","0","0","1","7","8","0","173878","0","0","0","173878","173878","13600","142457","0","0","0","156057","156057"
"2021-01-20","port1367","Visakhapatnam","India","IND","0","5","0","0","0","5","5","0","78738","0","0","0","78738","78738","0","102492","0","0","0","102492","102492"
"2021-01-21","port1367","Visakhapatnam","India","IND","1","4","0","0","1","5","6","1653","181505","0","0","68835","183159","251994","4138","47104","0","0","0","51242","51242"
"2021-01-22","port1367","Visakhapatnam","India","IND","0","5","0","0","2","5","7","0","68639","0","0","47556","68639","116195","0","191521","0","0","3271","191521","194792"
"2021-01-23","port1367","Visakhapatnam","India","IND","0","1","1","0","0","2","2","0","34319","2954","0","0","37274","37274","0","15701","3233","0","0","18935","18935"
"2021-01-24","port1367","Visakhapatnam","India","IND","0","0","1","0","0","1","1","0","0","0","0","0","0","0","0","0","2891","0","0","2891","2891"
"2021-01-25","port1367","Visakhapatnam","India","IND","0","3","1","0","0","4","4","0","170270","2954","0","0","173225","173225","0","53430","3233","0","0","56664","56664"
"2021-01-26","port1367","Visakhapatnam","India","IND","0","3","2","0","0","5","5","0","34319","5909","0","0","40229","40229","0","118218","6467","0","0","124685","124685"
"2021-01-27","port1367","Visakhapatnam","India","IND","0","5","0","0","0","5","5","0","124140","0","0","0","124140","124140","0","77381","0","0","0","77381","77381"
"2021-01-28","port1367","Visakhapatnam","India","IND","1","3","0","0","0","4","4","1653","232987","0","0","0","234640","234640","4138","31402","0","0","0","35540","35540"
"2021-01-29","port1367","Visakhapatnam","India","IND","1","0","0","0","0","1","1","0","0","0","0","0","0","0","4233","0","0","0","0","4233","4233"
"2021-01-30","port1367","Visakhapatnam","India","IND","0","5","0","0","0","5","5","0","73204","0","0","0","73204","73204","0","143622","0","0","0","143622","143622"
"2021-01-31","port1367","Visakhapatnam","India","IND","0","4","2","0","1","6","7","0","101839","9430","0","0","111269","111269","0","54609","3233","0","0","57842","57842"
"2021-02-01","port1367","Visakhapatnam","India","IND","0","1","0","0","0","1","1","0","34319","0","0","0","34319","34319","0","15701","0","0","0","15701","15701"
"2021-02-02","port1367","Visakhapatnam","India","IND","0","7","0","0","0","7","7","0","250446","0","0","0","250446","250446","0","78506","0","0","0","78506","78506"
"2021-02-03","port1367","Visakhapatnam","India","IND","1","2","0","0","0","3","3","1653","77771","0","0","0","79425","79425","4138","47893","0","0","0","52031","52031"
"2021-02-04","port1367","Visakhapatnam","India","IND","0","3","0","0","0","3","3","0","113625","0","0","0","113625","113625","0","15701","0","0","0","15701","15701"
"2021-02-05","port1367","Visakhapatnam","India","IND","0","3","1","0","0","4","4","0","102959","2954","0","0","105914","105914","0","47104","3233","0","0","50337","50337"
"2021-02-06","port1367","Visakhapatnam","India","IND","0","4","0","0","1","4","5","0","68639","0","0","26410","68639","95049","0","153655","0","0","0","153655","153655"
"2021-08-12","port1367","Visakhapatnam","India","IND","1","3","0","0","0","4","4","0","82262","0","0","0","82262","82262","4924","0","0","0","0","4924","4924"
"2021-02-07","port1367","Visakhapatnam","India","IND","0","2","0","0","0","2","2","0","199716","0","0","0","199716","199716","0","15701","0","0","0","15701","15701"
"2021-02-08","port1367","Visakhapatnam","India","IND","0","5","0","0","0","5","5","0","153721","0","0","0","153721","153721","0","47104","0","0","0","47104","47104"
"2021-02-09","port1367","Visakhapatnam","India","IND","1","4","0","0","0","5","5","1653","496392","0","0","0","498046","498046","4138","0","0","0","0","4138","4138"
"2021-02-10","port1367","Visakhapatnam","India","IND","0","3","0","0","0","3","3","0","108820","0","0","0","108820","108820","0","0","0","0","0","0","0"
"2021-02-11","port1367","Visakhapatnam","India","IND","0","4","1","0","1","5","6","0","266986","2954","0","9666","269940","279607","0","15701","3233","0","4530","18935","23465"
"2021-02-12","port1367","Visakhapatnam","India","IND","0","1","1","0","1","2","3","0","51168","1700","0","9666","52869","62536","0","0","0","0","4530","0","4530"
"2021-02-13","port1367","Visakhapatnam","India","IND","0","3","0","0","0","3","3","0","236304","0","0","0","236304","236304","0","31402","0","0","0","31402","31402"
"2021-02-14","port1367","Visakhapatnam","India","IND","0","3","1","0","1","4","5","0","35530","7098","0","1825","42629","44455","0","70331","0","0","0","70331","70331"
"2021-02-15","port1367","Visakhapatnam","India","IND","0","1","1","0","2","2","4","0","0","0","0","11838","0","11838","0","54817","7553","0","0","62370","62370"
"2021-02-16","port1367","Visakhapatnam","India","IND","0","2","0","0","0","2","2","0","77611","0","0","0","77611","77611","0","46812","0","0","0","46812","46812"
"2021-02-17","port1367","Visakhapatnam","India","IND","0","3","1","0","0","4","4","0","146244","2954","0","0","149199","149199","0","31402","3233","0","0","34636","34636"
"2021-02-18","port1367","Visakhapatnam","India","IND","0","4","0","0","0","4","4","0","161421","0","0","0","161421","161421","0","0","0","0","0","0","0"
"2021-02-19","port1367","Visakhapatnam","India","IND","0","2","0","0","1","2","3","0","34319","0","0","7232","34319","41552","0","56555","0","0","0","56555","56555"
"2021-02-20","port1367","Visakhapatnam","India","IND","0","1","0","0","0","1","1","0","34319","0","0","0","34319","34319","0","15701","0","0","0","15701","15701"
"2021-02-21","port1367","Visakhapatnam","India","IND","0","4","0","0","1","4","5","0","111560","0","0","8589","111560","120149","0","65653","0","0","0","65653","65653"
"2021-02-22","port1367","Visakhapatnam","India","IND","0","2","0","0","0","2","2","0","34319","0","0","0","34319","34319","0","50230","0","0","0","50230","50230"
"2021-02-23","port1367","Visakhapatnam","India","IND","0","0","0","0","0","0","0","0","0","0","0","0","0","0","0","0","0","0","0","0","0"
"2021-02-24","port1367","Visakhapatnam","India","IND","1","3","0","0","0","4","4","652","114596","0","0","0","115249","115249","0","22472","0","0","0","22472","22472"
"2021-02-25","port1367","Visakhapatnam","India","IND","0","2","0","0","0","2","2","0","0","0","0","0","0","0","0","90915","0","0","0","90915","90915"
"2021-02-26","port1367","Visakhapatnam","India","IND","0","6","0","0","1","6","7","0","212597","0","0","30530","212597","243128","0","101474","0","0","388","101474","101863"
"2021-02-27","port1367","Visakhapatnam","India","IND","0","1","0","0","0","1","1","0","0","0","0","0","0","0","0","0","0","0","0","0","0"
"2021-02-28","port1367","Visakhapatnam","India","IND","0","1","0","0","0","1","1","0","79730","0","0","0","79730","79730","0","0","0","0","0","0","0"
"2021-03-01","port1367","Visakhapatnam","India","IND","1","4","0","0","0","5","5","0","231727","0","0","0","231727","231727","970","15701","0","0","0","16671","16671"
"2021-03-02","port1367","Visakhapatnam","India","IND","0","3","0","0","2","3","5","0","190397","0","0","3671","190397","194069","0","15701","0","0","0","15701","15701"
"2021-03-03","port1367","Visakhapatnam","India","IND","0","0","1","0","0","1","1","0","0","2954","0","0","2954","2954","0","0","3233","0","0","3233","3233"
"2021-03-04","port1367","Visakhapatnam","India","IND","0","1","2","0","0","3","3","0","162313","0","0","0","162313","162313","0","0","9852","0","0","9852","9852"
"2021-03-05","port1367","Visakhapatnam","India","IND","0","4","0","0","0","4","4","0","149748","0","0","0","149748","149748","0","110268","0","0","0","110268","110268"
"2021-03-06","port1367","Visakhapatnam","India","IND","0","2","0","0","0","2","2","0","62376","0","0","0","62376","62376","0","15701","0","0","0","15701","15701"
"2021-03-07","port1367","Visakhapatnam","India","IND","0","1","1","0","0","2","2","0","34319","0","0","0","34319","34319","0","15701","26382","0","0","42083","42083"
"2021-03-08","port1367","Visakhapatnam","India","IND","0","3","0","0","0","3","3","0","92212","0","0","0","92212","92212","0","67926","0","0","0","67926","67926"
"2021-03-09","port1367","Visakhapatnam","India","IND","0","2","0","0","0","2","2","0","60816","0","0","0","60816","60816","0","15701","0","0","0","15701","15701"
"2021-03-10","port1367","Visakhapatnam","India","IND","0","2","0","0","0","2","2","0","89035","0","0","0","89035","89035","0","15701","0","0","0","15701","15701"
"2021-03-11","port1367","Visakhapatnam","India","IND","0","1","2","0","1","3","4","0","51807","6348","0","38973","58155","97129","0","0","3233","0","0","3233","3233"
"2021-03-12","port1367","Visakhapatnam","India","IND","0","4","1","0","0","5","5","0","106319","2954","0","0","109274","109274","0","61965","3233","0","0","65198","65198"
"2021-03-13","port1367","Visakhapatnam","India","IND","0","0","0","0","1","0","1","0","0","0","0","0","0","0","0","0","0","0","0","0","0"
"2021-03-14","port1367","Visakhapatnam","India","IND","0","2","0","0","0","2","2","0","60230","0","0","0","60230","60230","0","15701","0","0","0","15701","15701"
"2021-03-15","port1367","Visakhapatnam","India","IND","1","4","1","0","0","6","6","2628","37011","6196","0","0","45835","45835","0","100292","0","0","0","100292","100292"
"2021-03-16","port1367","Visakhapatnam","India","IND","0","4","0","0","0","4","4","0","107182","0","0","0","107182","107182","0","87597","0","0","0","87597","87597"
"2021-03-17","port1367","Visakhapatnam","India","IND","0","1","0","0","0","1","1","0","34319","0","0","0","34319","34319","0","15701","0","0","0","15701","15701"
"2021-03-18","port1367","Visakhapatnam","India","IND","1","4","0","0","0","5","5","2842","161808","0","0","0","164650","164650","0","68175","0","0","0","68175","68175"
"2021-03-19","port1367","Visakhapatnam","India","IND","0","1","0","0","1","1","2","0","0","0","0","11329","0","11329","0","60683","0","0","0","60683","60683"
"2021-03-20","port1367","Visakhapatnam","India","IND","0","3","0","0","0","3","3","0","34319","0","0","0","34319","34319","0","69423","0","0","0","69423","69423"
"2021-03-21","port1367","Visakhapatnam","India","IND","0","0","1","0","1","1","2","0","0","4681","0","0","4681","4681","0","0","0","0","33249","0","33249"
"2021-03-22","port1367","Visakhapatnam","India","IND","1","5","0","0","0","6","6","0","121184","0","0","0","121184","121184","16504","52719","0","0","0","69223","69223"
"2021-03-23","port1367","Visakhapatnam","India","IND","1","0","1","0","0","2","2","1783","0","0","0","0","1783","1783","0","0","3100","0","0","3100","3100"
"2021-03-24","port1367","Visakhapatnam","India","IND","0","3","0","0","0","3","3","0","198164","0","0","0","198164","198164","0","72121","0","0","0","72121","72121"
"2021-03-25","port1367","Visakhapatnam","India","IND","0","5","0","0","2","5","7","0","124957","0","0","44776","124957","169733","0","89021","0","0","0","89021","89021"
"2021-03-26","port1367","Visakhapatnam","India","IND","0","7","0","0","1","7","8","0","202002","0","0","99676","202002","301679","0","173590","0","0","0","173590","173590"
"2021-03-27","port1367","Visakhapatnam","India","IND","0","3","0","0","0","3","3","0","112921","0","0","0","112921","112921","0","61331","0","0","0","61331","61331"
"2021-03-28","port1367","Visakhapatnam","India","IND","0","4","0","0","0","4","4","0","125098","0","0","0","125098","125098","0","79188","0","0","0","79188","79188"
"2021-03-29","port1367","Visakhapatnam","India","IND","1","5","0","0","0","6","6","0","222599","0","0","0","222599","222599","3769","95313","0","0","0","99082","99082"
"2021-03-30","port1367","Visakhapatnam","India","IND","0","6","2","0","0","8","8","0","111673","5909","0","0","117583","117583","0","100812","6467","0","0","107279","107279"
"2021-03-31","port1367","Visakhapatnam","India","IND","0","6","1","0","1","7","8","0","279315","2954","0","2551","282270","284822","0","112601","3233","0","0","115834","115834"
"2021-04-01","port1367","Visakhapatnam","India","IND","0","7","0","0","1","7","8","0","126512","0","0","14095","126512","140608","0","223063","0","0","8426","223063","231489"
"2021-04-02","port1367","Visakhapatnam","India","IND","0","3","0","0","0","3","3","0","114313","0","0","0","114313","114313","0","15701","0","0","0","15701","15701"
"2021-04-03","port1367","Visakhapatnam","India","IND","0","2","1","0","1","3","4","0","196070","2954","0","0","199025","199025","0","15701","3233","0","0","18935","18935"
"2021-04-04","port1367","Visakhapatnam","India","IND","2","5","0","0","2","7","9","0","142192","0","0","11146","142192","153339","29247","75001","0","0","0","104249","104249"
"2021-04-05","port1367","Visakhapatnam","India","IND","0","2","2","0","0","4","4","0","54407","0","0","0","54407","54407","0","15701","9055","0","0","24756","24756"
"2021-04-06","port1367","Visakhapatnam","India","IND","0","4","0","0","0","4","4","0","40628","0","0","0","40628","40628","0","76860","0","0","0","76860","76860"
"2021-04-07","port1367","Visakhapatnam","India","IND","0","1","1","0","0","2","2","0","0","0","0","0","0","0","0","51323","5733","0","0","57056","57056"
"2021-04-08","port1367","Visakhapatnam","India","IND","0","6","0","0","1","6","7","0","255581","0","0","0","255581","255581","0","102225","0","0","0","102225","102225"
"2021-04-09","port1367","Visakhapatnam","India","IND","0","4","2","0","3","6","9","0","66966","13590","0","102281","80556","182838","0","131342","6739","0","0","138082","138082"
"2021-04-10","port1367","Visakhapatnam","India","IND","1","4","0","0","0","5","5","0","0","0","0","0","0","0","3464","100230","0","0","0","103694","103694"
"2021-04-11","port1367","Visakhapatnam","India","IND","1","6","1","0","0","8","8","1653","186863","0","0","0","188516","188516","4138","86694","6783","0","0","97616","97616"
"2021-04-12","port1367","Visakhapatnam","India","IND","1","2","0","0","2","3","5","0","0","0","0","82743","0","82743","9146","26076","0","0","8426","35222","43648"
"2021-04-13","port1367","Visakhapatnam","India","IND","0","5","0","0","2","5","7","0","189127","0","0","19051","189127","208178","0","86113","0","0","46918","86113","133031"
"2021-04-14","port1367","Visakhapatnam","India","IND","1","4","0","0","2","5","7","0","46475","0","0","10952","46475","57427","15342","156370","0","0","0","171712","171712"
"2021-04-15","port1367","Visakhapatnam","India","IND","1","5","0","0","1","6","7","0","106708","0","0","0","106708","106708","4444","68390","0","0","0","72835","72835"
"2021-04-16","port1367","Visakhapatnam","India","IND","1","5","0","0","2","6","8","0","51868","0","0","141804","51868","193673","10516","106063","0","0","0","116579","116579"
"2021-04-17","port1367","Visakhapatnam","India","IND","1","4","0","0","0","5","5","0","148569","0","0","0","148569","148569","7701","2921","0","0","0","10622","10622"
"2021-04-18","port1367","Visakhapatnam","India","IND","1","3","0","0","2","4","6","0","80109","0","0","87462","80109","167572","3675","76329","0","0","0","80004","80004"
"2021-04-19","port1367","Visakhapatnam","India","IND","1","3","0","0","1","4","5","28243","0","0","0","81023","28243","109267","0","244117","0","0","0","244117","244117"
"2021-04-20","port1367","Visakhapatnam","India","IND","0","7","0","0","4","7","11","0","279771","0","0","98496","279771","378267","0","128658","0","0","0","128658","128658"
"2021-04-21","port1367","Visakhapatnam","India","IND","2","3","2","0","3","7","10","1653","66261","10240","0","3507","78155","81663","8401","54817","3233","0","3656","66453","70110"
"2021-04-22","port1367","Visakhapatnam","India","IND","0","2","0","0","1","2","3","0","164735","0","0","31042","164735","195777","0","25856","0","0","0","25856","25856"
"2021-04-23","port1367","Visakhapatnam","India","IND","0","4","1","0","1","5","6","0","88933","5993","0","0","94927","94927","0","76718","0","0","0","76718","76718"
"2021-04-24","port1367","Visakhapatnam","India","IND","1","3","0","0","1","4","5","0","0","0","0","0","0","0","10811","95042","0","0","26946","105854","132800"
"2021-04-25","port1367","Visakhapatnam","India","IND","1","7","0","0","3","8","11","0","245162","0","0","53058","245162","298221","12825","47818","0","0","0","60643","60643"
"2021-04-26","port1367","Visakhapatnam","India","IND","0","4","1","0","1","5","6","0","276108","0","0","66589","276108","342697","0","15701","8644","0","0","24346","24346"
"2021-04-27","port1367","Visakhapatnam","India","IND","0","4","0","0","3","4","7","0","157948","0","0","80127","157948","238075","0","0","0","0","8509","0","8509"
"2021-04-28","port1367","Visakhapatnam","India","IND","1","2","1","0","2","4","6","2944","197165","0","0","8978","200110","209088","0","0","6981","0","24734","6981","31715"
"2021-04-29","port1367","Visakhapatnam","India","IND","0","2","1","0","2","3","5","0","167754","0","0","11725","167754","179479","0","67498","6374","0","50243","73872","124116"
"2021-04-30","port1367","Visakhapatnam","India","IND","1","4","0","0","3","5","8","0","58883","0","0","96383","58883","155266","15342","105730","0","0","0","121072","121072"
"2021-05-01","port1367","Visakhapatnam","India","IND","1","3","0","0","2","4","6","8850","172790","0","0","19716","181641","201357","0","0","0","0","166","0","166"
"2021-05-02","port1367","Visakhapatnam","India","IND","1","7","0","0","1","8","9","0","167334","0","0","0","167334","167334","14892","101757","0","0","0","116650","116650"
"2021-05-03","port1367","Visakhapatnam","India","IND","1","7","1","0","4","9","13","0","203160","3251","0","128858","206412","335270","9316","166461","0","0","17731","175777","193509"
"2022-09-16","port1367","Visakhapatnam","India","IND","2","5","1","0","0","8","8","1653","313603","0","0","0","315257","315257","4138","73321","6164","0","0","83624","83624"
"2021-05-04","port1367","Visakhapatnam","India","IND","0","5","0","0","3","5","8","0","95704","0","0","14095","95704","109799","0","110874","0","0","8426","110874","119300"
"2021-05-05","port1367","Visakhapatnam","India","IND","0","5","0","0","1","5","6","0","174706","0","0","7633","174706","182340","0","39041","0","0","0","39041","39041"
"2021-05-06","port1367","Visakhapatnam","India","IND","1","4","0","0","2","5","7","0","234672","0","0","106564","234672","341236","2018","35264","0","0","30796","37282","68079"
"2021-05-07","port1367","Visakhapatnam","India","IND","0","4","0","0","2","4","6","0","191582","0","0","15038","191582","206620","0","103635","0","0","14074","103635","117710"
"2021-05-08","port1367","Visakhapatnam","India","IND","2","2","0","0","1","4","5","10642","16415","0","0","46651","27058","73710","14354","0","0","0","0","14354","14354"
"2021-05-09","port1367","Visakhapatnam","India","IND","0","4","2","0","1","6","7","0","166292","3997","0","24764","170290","195054","0","68918","0","0","0","68918","68918"
"2021-05-10","port1367","Visakhapatnam","India","IND","1","5","1","0","2","7","9","0","125965","0","0","17791","125965","143756","4587","94349","4163","0","28249","103099","131349"
"2021-05-11","port1367","Visakhapatnam","India","IND","1","4","0","0","1","5","6","0","183253","0","0","11317","183253","194571","1760","27042","0","0","0","28802","28802"
"2021-05-12","port1367","Visakhapatnam","India","IND","1","5","1","0","3","7","10","0","168070","838","0","57514","168908","226423","5581","87228","0","0","14305","92810","107116"
"2021-05-13","port1367","Visakhapatnam","India","IND","1","3","0","0","2","4","6","6699","49721","0","0","93747","56420","150168","0","144051","0","0","0","144051","144051"
"2021-05-14","port1367","Visakhapatnam","India","IND","1","4","1","0","1","6","7","1552","179621","7075","0","48870","188249","237119","0","53869","0","0","0","53869","53869"
"2021-05-15","port1367","Visakhapatnam","India","IND","1","3","0","0","1","4","5","14808","113982","0","0","0","128791","128791","0","63614","0","0","0","63614","63614"
"2021-05-16","port1367","Visakhapatnam","India","IND","0","3","2","0","2","5","7","0","80760","2954","0","123089","83715","206805","0","64402","11238","0","0","75641","75641"
"2021-05-17","port1367","Visakhapatnam","India","IND","1","3","0","0","2","4","6","1127","64002","0","0","0","65129","65129","0","151208","0","0","24389","151208","175598"
"2021-05-18","port1367","Visakhapatnam","India","IND","2","6","1","0","2","9","11","10420","209862","0","0","64409","220283","284693","4840","150379","5552","0","14074","160772","174847"
"2021-05-19","port1367","Visakhapatnam","India","IND","1","4","1","0","1","6","7","0","287424","8517","0","45336","295941","341278","11945","52141","0","0","0","64087","64087"
"2021-05-20","port1367","Visakhapatnam","India","IND","0","2","0","0","3","2","5","0","0","0","0","63848","0","63848","0","117952","0","0","844","117952","118796"
"2021-05-21","port1367","Visakhapatnam","India","IND","0","6","0","0","2","6","8","0","281410","0","0","69948","281410","351359","0","88777","0","0","0","88777","88777"
"2021-05-22","port1367","Visakhapatnam","India","IND","1","3","1","0","2","5","7","479","43587","4171","0","48268","48238","96507","0","113449","0","0","3734","113449","117184"
"2021-05-23","port1367","Visakhapatnam","India","IND","1","2","0","0","2","3","5","0","42156","0","0","2141","42156","44297","12069","18122","0","0","0","30192","30192"
"2021-05-24","port1367","Visakhapatnam","India","IND","1","1","1","0","0","3","3","0","0","0","0","0","0","0","20752","0","6242","0","0","26994","26994"
"2021-05-25","port1367","Visakhapatnam","India","IND","0","2","0","0","1","2","3","0","38699","0","0","0","38699","38699","0","4998","0","0","9236","4998","14235"
"2021-05-26","port1367","Visakhapatnam","India","IND","2","5","0","0","2","7","9","0","166666","0","0","65798","166666","232464","17774","196479","0","0","0","214253","214253"
"2021-05-27","port1367","Visakhapatnam","India","IND","0","5","0","0","3","5","8","0","172762","0","0","9666","172762","182429","0","67440","0","0","4530","67440","71970"
"2021-05-28","port1367","Visakhapatnam","India","IND","2","2","1","0","2","5","7","10908","28397","2954","0","3982","42261","46243","1074","51242","3233","0","0","55550","55550"
"2021-05-29","port1367","Visakhapatnam","India","IND","1","5","1","0","2","7","9","2244","151875","2954","0","102057","157074","259132","0","28629","3233","0","0","31863","31863"
"2021-05-30","port1367","Visakhapatnam","India","IND","0","3","0","0","1","3","4","0","61877","0","0","18861","61877","80739","0","50634","0","0","0","50634","50634"
"2021-05-31","port1367","Visakhapatnam","India","IND","1","4","1","0","4","6","10","12081","199982","2954","0","109795","215018","324814","0","0","3233","0","24734","3233","27967"
"2021-06-01","port1367","Visakhapatnam","India","IND","2","4","1","0","0","7","7","8821","239835","0","0","0","248656","248656","4138","53384","0","0","0","57522","57522"
"2021-06-02","port1367","Visakhapatnam","India","IND","1","4","1","0","1","6","7","1653","54617","10667","0","0","66938","66938","4138","70425","0","0","0","74563","74563"
"2021-06-03","port1367","Visakhapatnam","India","IND","0","2","0","0","3","2","5","0","31958","0","0","77066","31958","109024","0","69614","0","0","0","69614","69614"
"2021-06-04","port1367","Visakhapatnam","India","IND","1","5","1","0","2","7","9","0","134955","2954","0","68257","137910","206168","8315","100096","3233","0","0","111645","111645"
"2021-06-05","port1367","Visakhapatnam","India","IND","0","7","0","0","2","7","9","0","190620","0","0","108961","190620","299581","0","167188","0","0","0","167188","167188"
"2021-06-06","port1367","Visakhapatnam","India","IND","2","0","0","0","2","2","4","1653","0","0","0","12118","1653","13771","7466","0","0","0","4251","7466","11717"
"2021-06-07","port1367","Visakhapatnam","India","IND","1","5","0","0","2","6","8","6645","333324","0","0","14821","339969","354791","0","181799","0","0","0","181799","181799"
"2021-06-08","port1367","Visakhapatnam","India","IND","0","4","1","0","2","5","7","0","276195","6692","0","39316","282888","322204","0","22093","0","0","0","22093","22093"
"2021-06-09","port1367","Visakhapatnam","India","IND","1","3","0","0","2","4","6","7596","5537","0","0","0","13133","13133","0","29344","0","0","9236","29344","38581"
"2021-06-10","port1367","Visakhapatnam","India","IND","2","3","1","0","0","6","6","0","72367","0","0","0","72367","72367","6318","103495","7834","0","0","117647","117647"
"2021-06-11","port1367","Visakhapatnam","India","IND","0","5","0","0","1","5","6","0","224692","0","0","48268","224692","272961","0","102852","0","0","3734","102852","106587"
"2021-06-12","port1367","Visakhapatnam","India","IND","1","4","1","0","3","6","9","0","113218","0","0","119342","113218","232561","11348","138870","0","0","0","150219","150219"
"2021-06-13","port1367","Visakhapatnam","India","IND","1","4","0","0","1","5","6","0","121586","0","0","16974","121586","138561","4501","13306","0","0","0","17807","17807"
"2021-06-14","port1367","Visakhapatnam","India","IND","0","5","2","0","1","7","8","0","68639","5909","0","0","74549","74549","0","107063","6467","0","33736","113531","147267"
"2021-06-15","port1367","Visakhapatnam","India","IND","1","3","0","0","3","4","7","4491","34319","0","0","89486","38811","128297","0","94298","0","0","388","94298","94686"
"2021-06-16","port1367","Visakhapatnam","India","IND","2","2","1","0","0","5","5","0","74303","3670","0","0","77973","77973","21876","0","0","0","0","21876","21876"
"2021-06-17","port1367","Visakhapatnam","India","IND","0","5","0","0","2","5","7","0","114662","0","0","144458","114662","259120","0","70020","0","0","0","70020","70020"
"2021-06-18","port1367","Visakhapatnam","India","IND","1","9","0","0","0","10","10","0","352474","0","0","0","352474","352474","3907","135970","0","0","0","139878","139878"
"2021-06-19","port1367","Visakhapatnam","India","IND","1","4","0","0","3","5","8","0","27573","0","0","41820","27573","69393","8478","130955","0","0","22222","139433","161655"
"2021-06-20","port1367","Visakhapatnam","India","IND","1","2","0","0","0","3","3","0","0","0","0","0","0","0","7228","60725","0","0","0","67953","67953"
"2021-06-21","port1367","Visakhapatnam","India","IND","1","4","1","0","1","6","7","0","78873","0","0","0","78873","78873","15013","72615","6101","0","271","93730","94002"
"2021-06-22","port1367","Visakhapatnam","India","IND","0","2","1","0","1","3","4","0","68639","2954","0","29314","71594","100908","0","31402","3233","0","0","34636","34636"
"2021-06-23","port1367","Visakhapatnam","India","IND","1","3","0","0","3","4","7","0","78847","0","0","57327","78847","136175","1046","97773","0","0","0","98820","98820"
"2021-06-24","port1367","Visakhapatnam","India","IND","1","3","0","0","1","4","5","1653","63305","0","0","106916","64958","171875","4138","0","0","0","0","4138","4138"
"2021-06-25","port1367","Visakhapatnam","India","IND","0","5","0","0","1","5","6","0","228582","0","0","0","228582","228582","0","4814","0","0","30612","4814","35426"
"2021-06-26","port1367","Visakhapatnam","India","IND","1","4","0","0","1","5","6","1653","76952","0","0","7155","78605","85761","4138","99603","0","0","0","103741","103741"
"2021-06-27","port1367","Visakhapatnam","India","IND","0","6","0","0","2","6","8","0","185054","0","0","53764","185054","238818","0","111910","0","0","4530","111910","116440"
"2021-06-28","port1367","Visakhapatnam","India","IND","1","1","0","0","2","2","4","0","0","0","0","18360","0","18360","7662","11437","0","0","0","19100","19100"
"2021-06-29","port1367","Visakhapatnam","India","IND","0","4","1","0","1","5","6","0","225576","8770","0","16756","234347","251103","0","0","0","0","0","0","0"
"2021-06-30","port1367","Visakhapatnam","India","IND","3","9","0","0","1","12","13","6562","147308","0","0","51405","153871","205277","958","209968","0","0","0","210926","210926"
"2021-07-01","port1367","Visakhapatnam","India","IND","0","5","0","0","3","5","8","0","274455","0","0","350","274455","274805","0","84818","0","0","24734","84818","109552"
"2021-07-02","port1367","Visakhapatnam","India","IND","1","5","0","0","1","6","7","1653","224389","0","0","47019","226043","273063","4138","122453","0","0","0","126591","126591"
"2021-07-03","port1367","Visakhapatnam","India","IND","0","3","0","0","0","3","3","0","114045","0","0","0","114045","114045","0","23002","0","0","0","23002","23002"
"2021-07-04","port1367","Visakhapatnam","India","IND","1","1","0","0","1","2","3","0","0","0","0","33736","0","33736","5287","55766","0","0","0","61053","61053"
"2021-07-05","port1367","Visakhapatnam","India","IND","1","6","0","0","4","7","11","0","220185","0","0","108954","220185","329139","5038","126424","0","0","987","131462","132450"
"2021-07-06","port1367","Visakhapatnam","India","IND","2","4","0","0","3","6","9","1653","140925","0","0","68226","142579","210805","9930","67026","0","0","14074","76957","91032"
"2021-07-07","port1367","Visakhapatnam","India","IND","1","3","0","0","1","4","5","0","263095","0","0","0","263095","263095","6700","15701","0","0","0","22402","22402"
"2021-07-08","port1367","Visakhapatnam","India","IND","0","4","1","0","4","5","9","0","138185","0","0","84138","138185","222324","0","7660","2709","0","4530","10369","14899"
"2021-07-09","port1367","Visakhapatnam","India","IND","2","4","0","0","0","6","6","0","77215","0","0","0","77215","77215","14367","80543","0","0","0","94911","94911"
"2021-07-10","port1367","Visakhapatnam","India","IND","0","1","1","0","2","2","4","0","134082","0","0","48775","134082","182857","0","0","7198","0","0","7198","7198"
"2021-07-11","port1367","Visakhapatnam","India","IND","1","7","0","0","1","8","9","0","297498","0","0","0","297498","297498","7435","68435","0","0","2003","75870","77874"
"2021-07-12","port1367","Visakhapatnam","India","IND","0","2","1","0","1","3","4","0","0","0","0","10872","0","10872","0","50135","7308","0","14074","57444","71519"
"2021-07-13","port1367","Visakhapatnam","India","IND","0","3","2","0","1","5","6","0","113567","2954","0","48268","116522","164791","0","66000","8663","0","3734","74664","78399"
"2021-07-14","port1367","Visakhapatnam","India","IND","1","4","0","0","1","5","6","134","72993","0","0","17355","73128","90483","0","84088","0","0","0","84088","84088"
"2021-07-15","port1367","Visakhapatnam","India","IND","1","3","1","0","1","5","6","1653","72205","5464","0","14095","79322","93417","4138","127489","0","0","8426","131628","140054"
"2021-07-16","port1367","Visakhapatnam","India","IND","1","6","0","0","1","7","8","377","78277","0","0","48870","78654","127525","0","199746","0","0","0","199746","199746"
"2021-07-17","port1367","Visakhapatnam","India","IND","0","5","0","0","0","5","5","0","104857","0","0","0","104857","104857","0","79116","0","0","0","79116","79116"
"2021-07-18","port1367","Visakhapatnam","India","IND","0","5","1","0","2","6","8","0","133309","0","0","98998","133309","232307","0","64336","3100","0","0","67437","67437"
"2021-07-19","port1367","Visakhapatnam","India","IND","0","0","0","0","0","0","0","0","0","0","0","0","0","0","0","0","0","0","0","0","0"
"2021-07-20","port1367","Visakhapatnam","India","IND","1","4","1","0","2","6","8","0","185183","5411","0","114045","190595","304640","1467","7791","0","0","0","9258","9258"
"2021-07-21","port1367","Visakhapatnam","India","IND","1","7","1","0","2","9","11","5600","12893","0","0","51543","18494","70037","0","366661","8583","0","0","375245","375245"
"2021-07-22","port1367","Visakhapatnam","India","IND","1","3","0","0","1","4","5","0","0","0","0","0","0","0","4479","109790","0","0","24734","114269","139003"
"2021-07-23","port1367","Visakhapatnam","India","IND","0","4","0","0","0","4","4","0","99159","0","0","0","99159","99159","0","15701","0","0","0","15701","15701"
"2021-07-24","port1367","Visakhapatnam","India","IND","1","6","0","0","3","7","10","0","82403","0","0","9666","82403","92070","12458","223082","0","0","4530","235540","240071"
"2021-07-25","port1367","Visakhapatnam","India","IND","1","1","0","0","1","2","3","0","80530","0","0","9236","80530","89767","4363","0","0","0","0","4363","4363"
"2021-07-26","port1367","Visakhapatnam","India","IND","0","3","1","0","2","4","6","0","347745","0","0","48268","347745","396014","0","0","1810","0","3734","1810","5545"
"2021-07-27","port1367","Visakhapatnam","India","IND","1","5","1","0","3","7","10","0","0","0","0","21331","0","21331","6279","190368","7692","0","0","204340","204340"
"2021-07-28","port1367","Visakhapatnam","India","IND","1","2","0","0","1","3","4","0","51165","0","0","3170","51165","54336","4058","48618","0","0","0","52676","52676"
"2021-07-29","port1367","Visakhapatnam","India","IND","1","4","1","0","2","6","8","0","138885","6599","0","8244","145485","153729","5364","69473","0","0","678","74838","75517"
"2021-07-30","port1367","Visakhapatnam","India","IND","0","3","0","0","2","3","5","0","80487","0","0","70046","80487","150533","0","54576","0","0","0","54576","54576"
"2021-07-31","port1367","Visakhapatnam","India","IND","1","2","0","0","0","3","3","0","34319","0","0","0","34319","34319","377","15701","0","0","0","16078","16078"
"2021-08-01","port1367","Visakhapatnam","India","IND","1","2","1","0","2","4","6","0","58564","3011","0","25017","61575","86592","5369","29810","0","0","4530","35180","39710"
"2021-08-02","port1367","Visakhapatnam","India","IND","0","4","0","0","1","4","5","0","193729","0","0","0","193729","193729","0","36781","0","0","8243","36781","45025"
"2021-08-03","port1367","Visakhapatnam","India","IND","0","2","2","0","2","4","6","0","0","2954","0","44615","2954","47570","0","79590","5934","0","0","85524","85524"
"2021-08-04","port1367","Visakhapatnam","India","IND","0","1","0","0","4","1","5","0","44181","0","0","122922","44181","167104","0","0","0","0","0","0","0"
"2021-08-05","port1367","Visakhapatnam","India","IND","2","5","0","0","3","7","10","3307","34319","0","0","36957","37626","74584","8276","152436","0","0","0","160712","160712"
"2021-08-06","port1367","Visakhapatnam","India","IND","0","3","0","0","0","3","3","0","34319","0","0","0","34319","34319","0","107814","0","0","0","107814","107814"
"2021-08-07","port1367","Visakhapatnam","India","IND","1","4","3","0","1","8","9","0","159860","2954","0","2210","162815","165025","1736","58139","17927","0","0","77803","77803"
"2021-08-08","port1367","Visakhapatnam","India","IND","0","3","0","0","1","3","4","0","57685","0","0","14095","57685","71781","0","65362","0","0","8426","65362","73788"
"2021-08-09","port1367","Visakhapatnam","India","IND","1","2","1","0","2","4","6","0","78827","4257","0","0","83084","83084","9363","53299","0","0","0","62663","62663"
"2021-08-10","port1367","Visakhapatnam","India","IND","1","5","0","0","1","6","7","0","162416","0","0","32215","162416","194631","8377","149409","0","0","0","157787","157787"
"2021-08-11","port1367","Visakhapatnam","India","IND","1","2","1","0","2","4","6","2773","188667","0","0","120080","191441","311521","0","0","0","0","0","0","0"
"2023-10-22","port1367","Visakhapatnam","India","IND","0","4","0","0","1","4","5","0","239096","0","0","46489","239096","285586","0","15701","0","0","0","15701","15701"
"2021-08-13","port1367","Visakhapatnam","India","IND","1","3","0","0","3","4","7","1653","88175","0","0","69871","89829","159700","4138","54363","0","0","0","58501","58501"
"2023-10-23","port1367","Visakhapatnam","India","IND","1","2","0","0","1","3","4","0","0","0","0","9666","0","9666","2063","54239","0","0","4530","56303","60833"
"2022-09-17","port1367","Visakhapatnam","India","IND","0","2","0","0","0","2","2","0","34319","0","0","0","34319","34319","0","15701","0","0","0","15701","15701"
"2021-08-14","port1367","Visakhapatnam","India","IND","0","3","0","0","2","3","5","0","27152","0","0","57935","27152","85088","0","30193","0","0","8264","30193","38458"
"2023-10-24","port1367","Visakhapatnam","India","IND","0","2","0","0","1","2","3","0","79461","0","0","1837","79461","81298","0","0","0","0","0","0","0"
"2021-08-15","port1367","Visakhapatnam","India","IND","1","5","0","0","3","6","9","0","133923","0","0","56496","133923","190419","4128","60036","0","0","0","64165","64165"
"2022-09-18","port1367","Visakhapatnam","India","IND","0","3","1","0","3","4","7","0","237968","0","0","55866","237968","293835","0","0","3806","0","388","3806","4194"
"2023-10-25","port1367","Visakhapatnam","India","IND","1","3","0","0","1","4","5","0","107889","0","0","101355","107889","209244","754","15701","0","0","0","16456","16456"
"2021-08-16","port1367","Visakhapatnam","India","IND","0","5","0","0","0","5","5","0","119819","0","0","0","119819","119819","0","117762","0","0","0","117762","117762"
"2022-09-19","port1367","Visakhapatnam","India","IND","1","8","1","0","2","10","12","0","253232","2954","0","0","256187","256187","1917","181361","3233","0","0","186513","186513"
"2023-10-26","port1367","Visakhapatnam","India","IND","0","2","0","0","1","2","3","0","32733","0","0","0","32733","32733","0","53671","0","0","307","53671","53979"
"2021-08-17","port1367","Visakhapatnam","India","IND","1","5","1","0","2","7","9","0","111122","0","0","106818","111122","217940","3284","137104","9202","0","0","149592","149592"
"2022-09-20","port1367","Visakhapatnam","India","IND","0","4","0","0","0","4","4","0","295163","0","0","0","295163","295163","0","15701","0","0","0","15701","15701"
"2023-10-27","port1367","Visakhapatnam","India","IND","1","3","0","0","0","4","4","0","88019","0","0","0","88019","88019","948","48900","0","0","0","49849","49849"
"2021-08-18","port1367","Visakhapatnam","India","IND","1","4","0","0","2","5","7","0","56842","0","0","43366","56842","100208","2804","79520","0","0","0","82325","82325"
"2019-06-04","port1367","Visakhapatnam","India","IND","1","2","0","0","1","3","4","0","79495","0","0","0","79495","79495","7926","77947","0","0","0","85874","85874"
"2022-09-21","port1367","Visakhapatnam","India","IND","2","4","2","0","2","8","10","0","68639","0","0","49850","68639","118489","10039","139210","11699","0","0","160949","160949"
"2023-10-28","port1367","Visakhapatnam","India","IND","0","0","1","0","0","1","1","0","0","0","0","0","0","0","0","0","0","0","0","0","0"
"2021-08-19","port1367","Visakhapatnam","India","IND","1","2","0","0","2","3","5","0","129515","0","0","54905","129515","184420","7566","51106","0","0","0","58673","58673"
"2019-06-05","port1367","Visakhapatnam","India","IND","1","4","0","0","0","5","5","4474","230699","0","0","0","235174","235174","0","134886","0","0","0","134886","134886"
"2022-09-22","port1367","Visakhapatnam","India","IND","1","9","0","0","2","10","12","0","479560","0","0","10949","479560","490509","2229","29117","0","0","18326","31347","49673"
"2023-10-29","port1367","Visakhapatnam","India","IND","1","2","2","0","0","5","5","1377","34319","5909","0","0","41607","41607","0","39977","6467","0","0","46444","46444"
"2021-08-20","port1367","Visakhapatnam","India","IND","1","5","1","0","2","7","9","0","34319","0","0","0","34319","34319","8478","149942","6471","0","3656","164891","168548"
"2019-06-06","port1367","Visakhapatnam","India","IND","1","5","1","0","0","7","7","1653","175824","2954","0","0","180433","180433","4138","101598","3233","0","0","108970","108970"
"2022-09-23","port1367","Visakhapatnam","India","IND","0","3","0","0","1","3","4","0","133595","0","0","9666","133595","143262","0","15701","0","0","4530","15701","20231"
"2023-10-30","port1367","Visakhapatnam","India","IND","1","4","0","0","0","5","5","2376","167032","0","0","0","169408","169408","0","158130","0","0","0","158130","158130"
"2021-08-21","port1367","Visakhapatnam","India","IND","0","2","0","0","3","2","5","0","52758","0","0","120647","52758","173405","0","57600","0","0","0","57600","57600"
"2019-06-07","port1367","Visakhapatnam","India","IND","1","2","0","0","1","3","4","0","125157","0","0","0","125157","125157","1315","0","0","0","0","1315","1315"
"2022-09-24","port1367","Visakhapatnam","India","IND","0","4","0","0","0","4","4","0","149282","0","0","0","149282","149282","0","54310","0","0","0","54310","54310"
"2023-10-31","port1367","Visakhapatnam","India","IND","0","4","0","0","0","4","4","0","34319","0","0","0","34319","34319","0","92110","0","0","0","92110","92110"
"2021-08-22","port1367","Visakhapatnam","India","IND","0","5","0","0","1","5","6","0","74794","0","0","1263","74794","76058","0","69019","0","0","0","69019","69019"
"2019-06-08","port1367","Visakhapatnam","India","IND","0","4","1","0","0","5","5","0","195710","0","0","0","195710","195710","0","147274","5497","0","0","152771","152771"
"2022-09-25","port1367","Visakhapatnam","India","IND","0","4","0","0","0","4","4","0","79001","0","0","0","79001","79001","0","72019","0","0","0","72019","72019"
"2023-11-01","port1367","Visakhapatnam","India","IND","1","2","1","0","1","4","5","1034","154132","0","0","2152","155167","157320","0","0","17542","0","0","17542","17542"
"2021-08-23","port1367","Visakhapatnam","India","IND","1","3","0","0","0","4","4","0","0","0","0","0","0","0","12420","68260","0","0","0","80680","80680"
"2019-06-09","port1367","Visakhapatnam","India","IND","1","4","0","0","1","5","6","1653","217384","0","0","0","219037","219037","4138","31402","0","0","0","35540","35540"
"2022-09-26","port1367","Visakhapatnam","India","IND","1","3","0","0","0","4","4","0","69572","0","0","0","69572","69572","1441","0","0","0","0","1441","1441"
"2023-11-02","port1367","Visakhapatnam","India","IND","1","4","1","0","0","6","6","0","277819","5051","0","0","282870","282870","5073","18773","0","0","0","23846","23846"
"2021-08-24","port1367","Visakhapatnam","India","IND","1","1","0","0","0","2","2","0","0","0","0","0","0","0","4642","69473","0","0","0","74115","74115"
"2019-06-10","port1367","Visakhapatnam","India","IND","1","4","0","0","1","5","6","0","49330","0","0","9666","49330","58997","2124","98620","0","0","4530","100744","105274"
"2022-09-27","port1367","Visakhapatnam","India","IND","0","6","0","0","4","6","10","0","117316","0","0","85246","117316","202562","0","141849","0","0","4530","141849","146379"
"2023-11-03","port1367","Visakhapatnam","India","IND","1","3","0","0","1","4","5","0","128705","0","0","0","128705","128705","3919","0","0","0","29452","3919","33372"
"2021-08-25","port1367","Visakhapatnam","India","IND","1","3","0","0","4","4","8","0","75791","0","0","51157","75791","126948","6901","15701","0","0","388","22602","22991"
"2019-06-11","port1367","Visakhapatnam","India","IND","2","3","0","0","0","5","5","6361","68639","0","0","0","75000","75000","1074","134910","0","0","0","135984","135984"
"2019-06-12","port1367","Visakhapatnam","India","IND","1","4","0","0","0","5","5","1653","270618","0","0","0","272271","272271","4138","15701","0","0","0","19839","19839"
"2019-06-13","port1367","Visakhapatnam","India","IND","1","1","0","0","1","2","3","1653","695","0","0","9666","2349","12016","4138","0","0","0","4530","4138","8668"
"2019-06-14","port1367","Visakhapatnam","India","IND","0","3","0","0","0","3","3","0","143230","0","0","0","143230","143230","0","15701","0","0","0","15701","15701"
"2019-06-15","port1367","Visakhapatnam","India","IND","1","4","1","0","2","6","8","127","198430","2954","0","25395","201512","226908","1074","46400","3233","0","0","50708","50708"
"2019-06-16","port1367","Visakhapatnam","India","IND","1","5","0","0","0","6","6","0","264650","0","0","0","264650","264650","5173","119185","0","0","0","124358","124358"
"2019-06-17","port1367","Visakhapatnam","India","IND","1","3","0","0","0","4","4","0","193207","0","0","0","193207","193207","6132","15701","0","0","0","21833","21833"
"2019-06-18","port1367","Visakhapatnam","India","IND","0","0","1","0","1","1","2","0","0","0","0","9666","0","9666","0","0","3661","0","4530","3661","8191"
"2019-06-19","port1367","Visakhapatnam","India","IND","1","4","1","0","2","6","8","0","87521","2954","0","30530","90476","121006","13119","3012","3233","0","3902","19365","23267"
"2019-06-20","port1367","Visakhapatnam","India","IND","1","1","0","0","0","2","2","734","0","0","0","0","734","734","0","25895","0","0","0","25895","25895"
"2019-06-21","port1367","Visakhapatnam","India","IND","1","4","0","0","1","5","6","0","115412","0","0","0","115412","115412","1313","31402","0","0","0","32716","32716"
"2019-06-22","port1367","Visakhapatnam","India","IND","0","4","0","0","1","4","5","0","195588","0","0","18911","195588","214500","0","18027","0","0","0","18027","18027"
"2019-06-23","port1367","Visakhapatnam","India","IND","1","3","0","0","0","4","4","1653","102959","0","0","0","104612","104612","4138","47104","0","0","0","51242","51242"
"2019-06-24","port1367","Visakhapatnam","India","IND","1","2","1","0","0","4","4","0","0","2954","0","0","2954","2954","3681","113158","3233","0","0","120073","120073"
"2019-06-25","port1367","Visakhapatnam","India","IND","0","8","0","0","0","8","8","0","382971","0","0","0","382971","382971","0","55841","0","0","0","55841","55841"
"2019-06-26","port1367","Visakhapatnam","India","IND","0","4","1","0","1","5","6","0","139239","6666","0","8415","145906","154321","0","49545","0","0","0","49545","49545"
"2019-06-27","port1367","Visakhapatnam","India","IND","1","3","1","0","0","5","5","1653","250289","8970","0","0","260913","260913","4138","0","0","0","0","4138","4138"
"2019-06-28","port1367","Visakhapatnam","India","IND","0","2","0","0","1","2","3","0","37951","0","0","0","37951","37951","0","48554","0","0","0","48554","48554"
"2019-06-29","port1367","Visakhapatnam","India","IND","0","3","1","0","1","4","5","0","116704","12529","0","9666","129234","138901","0","31402","0","0","4530","31402","35932"
"2019-06-30","port1367","Visakhapatnam","India","IND","0","4","0","0","1","4","5","0","159811","0","0","43594","159811","203406","0","6424","0","0","0","6424","6424"
"2019-07-01","port1367","Visakhapatnam","India","IND","1","5","1","0","1","7","8","1653","107919","2954","0","17721","112528","130249","4138","134910","3233","0","0","142282","142282"
"2019-07-02","port1367","Visakhapatnam","India","IND","0","2","1","0","0","3","3","0","68639","0","0","0","68639","68639","0","31402","7350","0","0","38753","38753"
"2019-07-03","port1367","Visakhapatnam","India","IND","0","3","0","0","0","3","3","0","68639","0","0","0","68639","68639","0","53200","0","0","0","53200","53200"
"2019-07-04","port1367","Visakhapatnam","India","IND","1","2","0","0","0","3","3","1653","34319","0","0","0","35973","35973","4138","66626","0","0","0","70764","70764"
"2019-07-05","port1367","Visakhapatnam","India","IND","1","7","0","0","0","8","8","0","413698","0","0","0","413698","413698","4607","31402","0","0","0","36010","36010"
"2019-07-06","port1367","Visakhapatnam","India","IND","0","5","0","0","0","5","5","0","121655","0","0","0","121655","121655","0","134886","0","0","0","134886","134886"
"2019-07-07","port1367","Visakhapatnam","India","IND","0","3","0","0","0","3","3","0","90784","0","0","0","90784","90784","0","31402","0","0","0","31402","31402"
"2019-07-08","port1367","Visakhapatnam","India","IND","0","2","1","0","0","3","3","0","25370","2954","0","0","28325","28325","0","54784","3233","0","0","58017","58017"
"2019-07-09","port1367","Visakhapatnam","India","IND","0","3","0","0","1","3","4","0","68639","0","0","3339","68639","71978","0","31402","0","0","0","31402","31402"
"2019-07-10","port1367","Visakhapatnam","India","IND","0","2","0","0","1","2","3","0","68639","0","0","14095","68639","82734","0","31402","0","0","8426","31402","39828"
"2019-07-11","port1367","Visakhapatnam","India","IND","0","3","0","0","1","3","4","0","230381","0","0","45349","230381","275730","0","31402","0","0","0","31402","31402"
"2019-07-12","port1367","Visakhapatnam","India","IND","1","5","0","0","1","6","7","0","313074","0","0","9666","313074","322740","12535","101391","0","0","4530","113926","118457"
"2019-07-13","port1367","Visakhapatnam","India","IND","1","5","2","0","0","8","8","0","132080","2954","0","0","135035","135035","0","100600","14506","0","0","115107","115107"
"2019-07-14","port1367","Visakhapatnam","India","IND","1","3","1","0","0","5","5","650","140356","2954","0","0","143961","143961","0","0","3233","0","0","3233","3233"
"2019-07-15","port1367","Visakhapatnam","India","IND","1","2","0","0","2","3","5","0","50440","0","0","23431","50440","73871","4461","22372","0","0","0","26834","26834"
"2019-07-16","port1367","Visakhapatnam","India","IND","0","5","1","0","1","6","7","0","111759","2954","0","43431","114714","158145","0","29528","3233","0","0","32761","32761"
"2019-07-17","port1367","Visakhapatnam","India","IND","1","6","0","0","0","7","7","668","422659","0","0","0","423328","423328","0","31402","0","0","0","31402","31402"
"2019-07-18","port1367","Visakhapatnam","India","IND","1","2","0","0","1","3","4","1653","88582","0","0","0","90236","90236","4138","15701","0","0","0","19839","19839"
"2019-07-19","port1367","Visakhapatnam","India","IND","2","6","0","0","1","8","9","6635","108715","0","0","0","115351","115351","0","211114","0","0","0","211114","211114"
"2019-07-20","port1367","Visakhapatnam","India","IND","0","3","2","0","0","5","5","0","145752","5909","0","0","151661","151661","0","31402","6467","0","0","37870","37870"
"2019-07-21","port1367","Visakhapatnam","India","IND","0","1","1","0","1","2","3","0","34319","0","0","0","34319","34319","0","15701","7895","0","0","23596","23596"
"2019-07-22","port1367","Visakhapatnam","India","IND","0","2","1","0","1","3","4","0","68639","2954","0","9666","71594","81261","0","31402","3233","0","4530","34636","39166"
"2019-07-23","port1367","Visakhapatnam","India","IND","1","6","0","0","2","7","9","8064","325950","0","0","0","334015","334015","0","79020","0","0","0","79020","79020"
"2019-07-24","port1367","Visakhapatnam","India","IND","1","2","0","0","0","3","3","1653","74124","0","0","0","75778","75778","4138","61108","0","0","0","65246","65246"
"2019-07-25","port1367","Visakhapatnam","India","IND","1","6","1","0","1","8","9","1653","204731","2954","0","3628","209340","212968","4138","134886","3233","0","0","142258","142258"
"2019-07-26","port1367","Visakhapatnam","India","IND","0","2","0","0","0","2","2","0","222609","0","0","0","222609","222609","0","0","0","0","0","0","0"
"2019-07-27","port1367","Visakhapatnam","India","IND","0","6","0","0","0","6","6","0","141641","0","0","0","141641","141641","0","90438","0","0","0","90438","90438"
"2019-07-28","port1367","Visakhapatnam","India","IND","1","3","0","0","0","4","4","1653","89012","0","0","0","90665","90665","4138","69964","0","0","0","74102","74102"
"2019-07-29","port1367","Visakhapatnam","India","IND","0","5","0","0","0","5","5","0","129860","0","0","0","129860","129860","0","46536","0","0","0","46536","46536"
"2019-07-30","port1367","Visakhapatnam","India","IND","0","3","0","0","0","3","3","0","107020","0","0","0","107020","107020","0","0","0","0","0","0","0"
"2019-07-31","port1367","Visakhapatnam","India","IND","1","7","0","0","1","8","9","10318","114581","0","0","42077","124900","166977","0","32157","0","0","0","32157","32157"
"2019-08-01","port1367","Visakhapatnam","India","IND","2","1","0","0","1","3","4","1653","70709","0","0","0","72363","72363","5589","0","0","0","9049","5589","14639"
"2019-08-02","port1367","Visakhapatnam","India","IND","1","2","0","0","0","3","3","9321","18018","0","0","0","27340","27340","0","15439","0","0","0","15439","15439"
"2019-08-03","port1367","Visakhapatnam","India","IND","0","1","3","0","1","4","5","0","35174","8864","0","9666","44038","53705","0","0","9701","0","4530","9701","14231"
"2019-08-04","port1367","Visakhapatnam","India","IND","0","6","1","0","0","7","7","0","233684","5298","0","0","238983","238983","0","164073","0","0","0","164073","164073"
"2019-08-05","port1367","Visakhapatnam","India","IND","1","0","1","0","0","2","2","6439","0","2954","0","0","9394","9394","0","0","3233","0","0","3233","3233"
"2019-08-06","port1367","Visakhapatnam","India","IND","0","4","0","0","2","4","6","0","126491","0","0","9666","126491","136157","0","39871","0","0","4530","39871","44401"
"2019-08-07","port1367","Visakhapatnam","India","IND","1","0","1","0","0","2","2","0","0","0","0","0","0","0","670","0","7267","0","0","7937","7937"
"2019-08-08","port1367","Visakhapatnam","India","IND","0","2","3","0","0","5","5","0","38354","5909","0","0","44264","44264","0","0","12949","0","0","12949","12949"
"2019-08-09","port1367","Visakhapatnam","India","IND","1","6","0","0","0","7","7","1653","362098","0","0","0","363752","363752","4138","158208","0","0","0","162346","162346"
"2019-08-10","port1367","Visakhapatnam","India","IND","0","3","0","0","0","3","3","0","50301","0","0","0","50301","50301","0","48127","0","0","0","48127","48127"
"2019-08-11","port1367","Visakhapatnam","India","IND","0","1","0","0","0","1","1","0","77634","0","0","0","77634","77634","0","0","0","0","0","0","0"
"2019-08-12","port1367","Visakhapatnam","India","IND","1","1","0","0","0","2","2","1653","79132","0","0","0","80786","80786","4138","0","0","0","0","4138","4138"
"2019-08-13","port1367","Visakhapatnam","India","IND","1","1","2","0","1","4","5","1653","0","2954","0","0","4608","4608","4138","27876","6137","0","0","38151","38151"
"2019-08-14","port1367","Visakhapatnam","India","IND","0","3","0","0","2","3","5","0","226204","0","0","28190","226204","254394","0","31402","0","0","16852","31402","48254"
"2019-08-15","port1367","Visakhapatnam","India","IND","1","1","0","0","0","2","2","1653","0","0","0","0","1653","1653","4138","51136","0","0","0","55274","55274"
"2019-08-16","port1367","Visakhapatnam","India","IND","1","1","0","0","0","2","2","1998","34319","0","0","0","36318","36318","0","15701","0","0","0","15701","15701"
"2019-08-17","port1367","Visakhapatnam","India","IND","0","5","0","0","0","5","5","0","190872","0","0","0","190872","190872","0","79734","0","0","0","79734","79734"
"2019-08-18","port1367","Visakhapatnam","India","IND","0","0","0","0","1","0","1","0","0","0","0","0","0","0","0","0","0","0","0","0","0"
"2019-08-19","port1367","Visakhapatnam","India","IND","0","3","0","0","0","3","3","0","65184","0","0","0","65184","65184","0","15701","0","0","0","15701","15701"
"2019-08-20","port1367","Visakhapatnam","India","IND","0","2","1","0","1","3","4","0","34319","2954","0","30530","37274","67805","0","24583","3233","0","388","27817","28206"
"2019-08-21","port1367","Visakhapatnam","India","IND","0","0","0","0","1","0","1","0","0","0","0","36486","0","36486","0","0","0","0","0","0","0"
"2019-08-22","port1367","Visakhapatnam","India","IND","1","2","0","0","1","3","4","1653","164605","0","0","9666","166259","175925","4138","54319","0","0","4530","58457","62987"
"2019-08-23","port1367","Visakhapatnam","India","IND","0","4","0","0","1","4","5","0","1097","0","0","30530","1097","31627","0","77031","0","0","388","77031","77420"
"2019-08-24","port1367","Visakhapatnam","India","IND","0","3","0","0","1","3","4","0","118711","0","0","9666","118711","128378","0","15701","0","0","4530","15701","20231"
"2019-08-25","port1367","Visakhapatnam","India","IND","0","5","0","0","0","5","5","0","247243","0","0","0","247243","247243","0","74909","0","0","0","74909","74909"
"2019-08-26","port1367","Visakhapatnam","India","IND","0","3","0","0","2","3","5","0","101596","0","0","48315","101596","149911","0","15701","0","0","0","15701","15701"
"2019-08-27","port1367","Visakhapatnam","India","IND","1","2","0","0","0","3","3","0","89764","0","0","0","89764","89764","6188","15701","0","0","0","21889","21889"
"2019-08-28","port1367","Visakhapatnam","India","IND","0","0","0","0","1","0","1","0","0","0","0","70854","0","70854","0","0","0","0","0","0","0"
"2019-08-29","port1367","Visakhapatnam","India","IND","1","5","0","0","1","6","7","1653","346082","0","0","10729","347736","358465","4138","47104","0","0","0","51242","51242"
"2019-08-30","port1367","Visakhapatnam","India","IND","0","3","1","0","0","4","4","0","126239","2954","0","0","129194","129194","0","31402","3233","0","0","34636","34636"
"2019-08-31","port1367","Visakhapatnam","India","IND","0","1","0","0","2","1","3","0","0","0","0","40197","0","40197","0","0","0","0","4918","0","4918"
"2019-09-01","port1367","Visakhapatnam","India","IND","0","1","0","0","0","1","1","0","34319","0","0","0","34319","34319","0","15701","0","0","0","15701","15701"
"2019-09-02","port1367","Visakhapatnam","India","IND","0","3","0","0","0","3","3","0","75427","0","0","0","75427","75427","0","0","0","0","0","0","0"
"2019-09-03","port1367","Visakhapatnam","India","IND","0","6","0","0","0","6","6","0","155269","0","0","0","155269","155269","0","39181","0","0","0","39181","39181"
"2019-09-04","port1367","Visakhapatnam","India","IND","0","3","0","0","0","3","3","0","108779","0","0","0","108779","108779","0","15701","0","0","0","15701","15701"
"2019-09-05","port1367","Visakhapatnam","India","IND","1","5","0","0","0","6","6","208","96434","0","0","0","96643","96643","0","34734","0","0","0","34734","34734"
"2019-09-06","port1367","Visakhapatnam","India","IND","2","1","0","0","0","3","3","3307","34319","0","0","0","37626","37626","8276","15701","0","0","0","23977","23977"
"2019-09-07","port1367","Visakhapatnam","India","IND","0","3","0","0","0","3","3","0","102959","0","0","0","102959","102959","0","47104","0","0","0","47104","47104"
"2019-09-08","port1367","Visakhapatnam","India","IND","0","2","0","0","0","2","2","0","51994","0","0","0","51994","51994","0","15701","0","0","0","15701","15701"
"2019-09-09","port1367","Visakhapatnam","India","IND","0","3","1","0","0","4","4","0","167014","2954","0","0","169969","169969","0","15701","3233","0","0","18935","18935"
"2019-09-10","port1367","Visakhapatnam","India","IND","1","5","0","0","1","6","7","2643","137278","0","0","18257","139922","158180","0","117945","0","0","0","117945","117945"
"2019-09-11","port1367","Visakhapatnam","India","IND","1","1","0","0","0","2","2","0","34319","0","0","0","34319","34319","2155","15701","0","0","0","17857","17857"
"2019-09-12","port1367","Visakhapatnam","India","IND","0","5","0","0","0","5","5","0","149071","0","0","0","149071","149071","0","128936","0","0","0","128936","128936"
"2019-09-13","port1367","Visakhapatnam","India","IND","1","6","0","0","0","7","7","1653","266232","0","0","0","267885","267885","4138","62805","0","0","0","66943","66943"
"2019-09-14","port1367","Visakhapatnam","India","IND","0","5","1","0","1","6","7","0","209790","21348","0","9666","231139","240806","0","31402","0","0","4530","31402","35932"
"2019-09-15","port1367","Visakhapatnam","India","IND","0","2","0","0","0","2","2","0","82181","0","0","0","82181","82181","0","0","0","0","0","0","0"
"2019-09-16","port1367","Visakhapatnam","India","IND","1","3","1","0","0","5","5","1653","113699","2954","0","0","118308","118308","4138","63133","3233","0","0","70505","70505"
"2019-09-17","port1367","Visakhapatnam","India","IND","1","4","1","0","1","6","7","0","272508","4126","0","2269","276634","278904","5486","31402","0","0","0","36889","36889"
"2019-09-18","port1367","Visakhapatnam","India","IND","0","5","0","0","0","5","5","0","233984","0","0","0","233984","233984","0","31402","0","0","0","31402","31402"
"2019-09-19","port1367","Visakhapatnam","India","IND","0","2","0","0","1","2","3","0","34319","0","0","9666","34319","43986","0","15701","0","0","4530","15701","20231"
"2019-09-20","port1367","Visakhapatnam","India","IND","1","2","0","0","0","3","3","1653","87738","0","0","0","89391","89391","4138","15701","0","0","0","19839","19839"
"2019-09-21","port1367","Visakhapatnam","India","IND","0","3","1","0","1","4","5","0","68639","2954","0","0","71594","71594","0","49562","3233","0","38066","52796","90863"
"2019-09-22","port1367","Visakhapatnam","India","IND","0","2","0","0","0","2","2","0","34319","0","0","0","34319","34319","0","51470","0","0","0","51470","51470"
"2019-09-23","port1367","Visakhapatnam","India","IND","1","3","0","0","1","4","5","0","68639","0","0","104186","68639","172825","13606","31402","0","0","0","45009","45009"
"2019-09-24","port1367","Visakhapatnam","India","IND","0","0","1","0","2","1","3","0","0","0","0","88781","0","88781","0","0","0","0","388","0","388"
"2019-09-25","port1367","Visakhapatnam","India","IND","0","0","0","0","1","0","1","0","0","0","0","57212","0","57212","0","0","0","0","0","0","0"
"2019-09-26","port1367","Visakhapatnam","India","IND","0","2","0","1","1","3","4","0","68639","0","1323","0","69962","69962","0","31402","0","2513","0","33915","33915"
"2019-09-27","port1367","Visakhapatnam","India","IND","0","4","0","0","2","4","6","0","137278","0","0","7634","137278","144913","0","62805","0","0","82639","62805","145445"
"2019-09-28","port1367","Visakhapatnam","India","IND","0","4","0","0","0","4","4","0","110828","0","0","0","110828","110828","0","59139","0","0","0","59139","59139"
"2019-09-29","port1367","Visakhapatnam","India","IND","0","1","0","0","0","1","1","0","34319","0","0","0","34319","34319","0","15701","0","0","0","15701","15701"
"2019-09-30","port1367","Visakhapatnam","India","IND","0","5","1","0","1","6","7","0","199353","2954","0","49014","202308","251323","0","31402","3233","0","0","34636","34636"
"2019-10-01","port1367","Visakhapatnam","India","IND","0","0","0","0","0","0","0","0","0","0","0","0","0","0","0","0","0","0","0","0","0"
"2019-10-02","port1367","Visakhapatnam","India","IND","0","1","1","0","0","2","2","0","38784","0","0","0","38784","38784","0","0","2914","0","0","2914","2914"
"2019-10-03","port1367","Visakhapatnam","India","IND","1","2","2","0","0","5","5","0","34319","0","0","0","34319","34319","6736","15701","12764","0","0","35202","35202"
"2019-10-04","port1367","Visakhapatnam","India","IND","1","2","0","0","1","3","4","1653","46377","0","0","38370","48031","86402","4138","15701","0","0","0","19839","19839"
"2019-10-05","port1367","Visakhapatnam","India","IND","0","1","0","0","0","1","1","0","34319","0","0","0","34319","34319","0","15701","0","0","0","15701","15701"
"2019-10-06","port1367","Visakhapatnam","India","IND","0","1","1","0","0","2","2","0","0","2954","0","0","2954","2954","0","0","3233","0","0","3233","3233"
"2019-10-07","port1367","Visakhapatnam","India","IND","1","2","0","0","1","3","4","5315","113325","0","0","149758","118641","268399","0","15701","0","0","0","15701","15701"
"2019-10-08","port1367","Visakhapatnam","India","IND","0","3","1","0","0","4","4","0","37249","2954","0","0","40204","40204","0","70127","3233","0","0","73361","73361"
"2019-10-09","port1367","Visakhapatnam","India","IND","0","3","0","0","0","3","3","0","131922","0","0","0","131922","131922","0","36552","0","0","0","36552","36552"
"2019-10-10","port1367","Visakhapatnam","India","IND","1","1","0","0","0","2","2","1653","78405","0","0","0","80058","80058","4138","0","0","0","0","4138","4138"
"2019-10-11","port1367","Visakhapatnam","India","IND","0","2","0","0","1","2","3","0","68639","0","0","14095","68639","82734","0","31402","0","0","8426","31402","39828"
"2019-10-12","port1367","Visakhapatnam","India","IND","0","3","0","0","1","3","4","0","96494","0","0","0","96494","96494","0","15701","0","0","0","15701","15701"
"2019-10-13","port1367","Visakhapatnam","India","IND","1","2","1","0","0","4","4","1653","34319","257","0","0","36230","36230","4138","15701","0","0","0","19839","19839"
"2019-10-14","port1367","Visakhapatnam","India","IND","0","3","0","0","1","3","4","0","68639","0","0","0","68639","68639","0","85978","0","0","0","85978","85978"
"2019-10-15","port1367","Visakhapatnam","India","IND","0","1","0","0","0","1","1","0","77604","0","0","0","77604","77604","0","0","0","0","0","0","0"
"2019-10-16","port1367","Visakhapatnam","India","IND","1","1","0","0","0","2","2","1653","34319","0","0","0","35973","35973","4138","15701","0","0","0","19839","19839"
"2019-10-17","port1367","Visakhapatnam","India","IND","1","1","0","0","1","2","3","0","0","0","0","30530","0","30530","3822","0","0","0","388","3822","4210"
"2019-10-18","port1367","Visakhapatnam","India","IND","1","1","0","0","0","2","2","509","34319","0","0","0","34829","34829","0","15701","0","0","0","15701","15701"
"2019-10-19","port1367","Visakhapatnam","India","IND","0","1","0","0","0","1","1","0","34319","0","0","0","34319","34319","0","15701","0","0","0","15701","15701"
"2019-10-20","port1367","Visakhapatnam","India","IND","0","2","0","0","1","2","3","0","39325","0","0","9666","39325","48992","0","15701","0","0","4530","15701","20231"
"2019-10-21","port1367","Visakhapatnam","India","IND","0","4","0","0","2","4","6","0","109354","0","0","0","109354","109354","0","1603","0","0","32353","1603","33956"
"2019-10-22","port1367","Visakhapatnam","India","IND","0","2","0","0","0","2","2","0","68639","0","0","0","68639","68639","0","31402","0","0","0","31402","31402"
"2019-10-23","port1367","Visakhapatnam","India","IND","0","2","0","0","1","2","3","0","88182","0","0","9666","88182","97849","0","15701","0","0","4530","15701","20231"
"2019-10-24","port1367","Visakhapatnam","India","IND","1","2","1","0","1","4","5","1653","87506","1587","0","9666","90747","100413","4138","15701","0","0","4530","19839","24369"
"2019-10-25","port1367","Visakhapatnam","India","IND","1","3","0","0","3","4","7","0","233019","0","0","43540","233019","276560","6708","31402","0","0","0","38111","38111"
"2019-10-26","port1367","Visakhapatnam","India","IND","0","4","0","0","1","4","5","0","147428","0","0","65157","147428","212585","0","32098","0","0","0","32098","32098"
"2019-10-27","port1367","Visakhapatnam","India","IND","0","3","0","0","1","3","4","0","34802","0","0","0","34802","34802","0","45528","0","0","54057","45528","99585"
"2019-10-28","port1367","Visakhapatnam","India","IND","0","6","1","0","0","7","7","0","170788","2954","0","0","173743","173743","0","15701","3233","0","0","18935","18935"
"2019-10-29","port1367","Visakhapatnam","India","IND","0","2","0","0","0","2","2","0","68639","0","0","0","68639","68639","0","31402","0","0","0","31402","31402"
"2019-10-30","port1367","Visakhapatnam","India","IND","0","2","1","0","0","3","3","0","45986","2954","0","0","48941","48941","0","15508","3233","0","0","18742","18742"
"2019-10-31","port1367","Visakhapatnam","India","IND","1","4","1","0","1","6","7","3148","129788","2954","0","0","135892","135892","0","31402","3233","0","0","34636","34636"
"2019-11-01","port1367","Visakhapatnam","India","IND","1","0","0","0","0","1","1","1653","0","0","0","0","1653","1653","4138","0","0","0","0","4138","4138"
"2019-11-02","port1367","Visakhapatnam","India","IND","0","2","1","0","1","3","4","0","68639","3754","0","30530","72394","102924","0","31402","0","0","388","31402","31791"
"2019-11-03","port1367","Visakhapatnam","India","IND","0","1","3","0","0","4","4","0","34319","8030","0","0","42350","42350","0","15701","15351","0","0","31053","31053"
"2019-11-04","port1367","Visakhapatnam","India","IND","1","5","0","0","1","6","7","1653","157590","0","0","0","159244","159244","4138","34188","0","0","0","38326","38326"
"2019-11-05","port1367","Visakhapatnam","India","IND","0","0","0","0","2","0","2","0","0","0","0","18948","0","18948","0","0","0","0","0","0","0"
"2019-11-06","port1367","Visakhapatnam","India","IND","0","2","0","0","0","2","2","0","68639","0","0","0","68639","68639","0","31402","0","0","0","31402","31402"
"2019-11-07","port1367","Visakhapatnam","India","IND","1","2","0","0","0","3","3","0","81367","0","0","0","81367","81367","0","15701","0","0","0","15701","15701"
"2019-11-08","port1367","Visakhapatnam","India","IND","1","3","1","0","0","5","5","2011","34319","2954","0","0","39286","39286","0","79680","3233","0","0","82914","82914"
"2019-11-09","port1367","Visakhapatnam","India","IND","0","4","0","0","1","4","5","0","142343","0","0","14095","142343","156439","0","31402","0","0","8426","31402","39828"
"2019-11-10","port1367","Visakhapatnam","India","IND","0","1","0","0","1","1","2","0","0","0","0","8894","0","8894","0","5845","0","0","0","5845","5845"
"2019-11-11","port1367","Visakhapatnam","India","IND","0","4","0","0","0","4","4","0","76985","0","0","0","76985","76985","0","86138","0","0","0","86138","86138"
"2019-11-12","port1367","Visakhapatnam","India","IND","0","3","0","0","0","3","3","0","108000","0","0","0","108000","108000","0","15701","0","0","0","15701","15701"
"2019-11-13","port1367","Visakhapatnam","India","IND","0","1","0","0","0","1","1","0","0","0","0","0","0","0","0","0","0","0","0","0","0"
"2019-11-14","port1367","Visakhapatnam","India","IND","1","0","0","0","0","1","1","1653","0","0","0","0","1653","1653","4138","0","0","0","0","4138","4138"
"2019-11-15","port1367","Visakhapatnam","India","IND","0","1","1","0","0","2","2","0","0","0","0","0","0","0","0","46442","3501","0","0","49944","49944"
"2019-11-16","port1367","Visakhapatnam","India","IND","1","2","1","0","0","4","4","1653","107238","202","0","0","109094","109094","4138","15701","0","0","0","19839","19839"
"2019-11-17","port1367","Visakhapatnam","India","IND","0","4","0","0","1","4","5","0","144273","0","0","9666","144273","153940","0","31402","0","0","4530","31402","35932"
"2019-11-18","port1367","Visakhapatnam","India","IND","0","2","1","0","1","3","4","0","89337","2954","0","25569","92292","117861","0","5044","3233","0","0","8278","8278"
"2019-11-19","port1367","Visakhapatnam","India","IND","0","4","0","0","0","4","4","0","227929","0","0","0","227929","227929","0","31402","0","0","0","31402","31402"
"2019-11-20","port1367","Visakhapatnam","India","IND","0","4","0","1","0","5","5","0","202698","0","5263","0","207962","207962","0","15701","0","0","0","15701","15701"
"2019-11-21","port1367","Visakhapatnam","India","IND","1","2","0","0","1","3","4","1653","48908","0","0","30322","50562","80884","4138","103507","0","0","0","107645","107645"
"2019-11-22","port1367","Visakhapatnam","India","IND","0","2","1","0","0","3","3","0","82375","2954","0","0","85330","85330","0","15701","3233","0","0","18935","18935"
"2019-11-23","port1367","Visakhapatnam","India","IND","1","1","0","0","0","2","2","7151","0","0","0","0","7151","7151","0","555","0","0","0","555","555"
"2019-11-24","port1367","Visakhapatnam","India","IND","0","1","0","0","0","1","1","0","41620","0","0","0","41620","41620","0","0","0","0","0","0","0"
"2019-11-25","port1367","Visakhapatnam","India","IND","0","2","0","0","1","2","3","0","16315","0","0","1802","16315","18117","0","615","0","0","0","615","615"
"2019-11-26","port1367","Visakhapatnam","India","IND","1","4","0","0","1","5","6","0","160600","0","0","13315","160600","173916","1788","15701","0","0","0","17489","17489"
"2019-11-27","port1367","Visakhapatnam","India","IND","1","1","1","0","1","3","4","1653","34319","0","0","0","35973","35973","4138","15701","6951","0","0","26791","26791"
"2019-11-28","port1367","Visakhapatnam","India","IND","1","2","0","0","0","3","3","1653","34319","0","0","0","35973","35973","4138","17482","0","0","0","21620","21620"
"2019-11-29","port1367","Visakhapatnam","India","IND","0","3","0","0","2","3","5","0","100942","0","0","30530","100942","131472","0","15701","0","0","388","15701","16089"
"2019-11-30","port1367","Visakhapatnam","India","IND","0","4","0","0","0","4","4","0","207636","0","0","0","207636","207636","0","15701","0","0","0","15701","15701"
"2019-12-01","port1367","Visakhapatnam","India","IND","0","4","0","0","1","4","5","0","224991","0","0","0","224991","224991","0","31402","0","0","34580","31402","65983"
"2019-12-02","port1367","Visakhapatnam","India","IND","0","3","0","0","0","3","3","0","120595","0","0","0","120595","120595","0","71289","0","0","0","71289","71289"
"2019-12-03","port1367","Visakhapatnam","India","IND","0","4","0","0","1","4","5","0","173911","0","0","30530","173911","204441","0","31402","0","0","388","31402","31791"
"2019-12-04","port1367","Visakhapatnam","India","IND","0","1","0","0","0","1","1","0","0","0","0","0","0","0","0","32992","0","0","0","32992","32992"
"2019-12-05","port1367","Visakhapatnam","India","IND","1","3","1","0","0","5","5","1653","146066","2954","0","0","150674","150674","4138","15701","3233","0","0","23073","23073"
"2019-12-06","port1367","Visakhapatnam","India","IND","0","7","0","0","1","7","8","0","187264","0","0","0","187264","187264","0","64198","0","0","942","64198","65140"
"2019-12-07","port1367","Visakhapatnam","India","IND","0","4","0","0","1","4","5","0","121633","0","0","30530","121633","152163","0","41919","0","0","388","41919","42308"
"2019-12-08","port1367","Visakhapatnam","India","IND","1","1","0","0","0","2","2","11823","8843","0","0","0","20667","20667","0","0","0","0","0","0","0"
"2019-12-09","port1367","Visakhapatnam","India","IND","0","1","0","0","0","1","1","0","34319","0","0","0","34319","34319","0","15701","0","0","0","15701","15701"
"2019-12-10","port1367","Visakhapatnam","India","IND","0","2","0","0","0","2","2","0","4387","0","0","0","4387","4387","0","0","0","0","0","0","0"
"2019-12-11","port1367","Visakhapatnam","India","IND","0","2","1","0","0","3","3","0","87731","0","0","0","87731","87731","0","15701","0","0","0","15701","15701"
"2019-12-12","port1367","Visakhapatnam","India","IND","1","1","0","0","0","2","2","1653","34319","0","0","0","35973","35973","4138","15701","0","0","0","19839","19839"
"2019-12-13","port1367","Visakhapatnam","India","IND","1","1","0","0","0","2","2","1653","34319","0","0","0","35973","35973","4138","15701","0","0","0","19839","19839"
"2019-12-14","port1367","Visakhapatnam","India","IND","0","2","1","0","0","3","3","0","68639","9487","0","0","78127","78127","0","31402","0","0","0","31402","31402"
"2019-12-15","port1367","Visakhapatnam","India","IND","0","2","0","0","0","2","2","0","133408","0","0","0","133408","133408","0","0","0","0","0","0","0"
"2019-12-16","port1367","Visakhapatnam","India","IND","1","1","0","0","0","2","2","1653","55664","0","0","0","57317","57317","4138","0","0","0","0","4138","4138"
"2019-12-17","port1367","Visakhapatnam","India","IND","0","4","0","0","0","4","4","0","102959","0","0","0","102959","102959","0","49035","0","0","0","49035","49035"
"2019-12-18","port1367","Visakhapatnam","India","IND","0","5","1","0","2","6","8","0","68639","2954","0","57041","71594","128635","0","95383","3233","0","388","98617","99005"
"2019-12-19","port1367","Visakhapatnam","India","IND","1","2","0","0","0","3","3","1653","166563","0","0","0","168217","168217","4138","15701","0","0","0","19839","19839"
"2019-12-20","port1367","Visakhapatnam","India","IND","1","2","1","0","0","4","4","2672","68639","2954","0","0","74266","74266","0","31402","3233","0","0","34636","34636"
"2019-12-21","port1367","Visakhapatnam","India","IND","1","1","0","0","0","2","2","1653","34319","0","0","0","35973","35973","4138","15701","0","0","0","19839","19839"
"2019-12-22","port1367","Visakhapatnam","India","IND","0","1","0","0","1","1","2","0","34319","0","0","4195","34319","38514","0","15701","0","0","0","15701","15701"
"2019-12-23","port1367","Visakhapatnam","India","IND","1","1","1","0","1","3","4","1653","55167","2954","0","9666","59775","69442","4138","0","3233","0","4530","7371","11901"
"2019-12-24","port1367","Visakhapatnam","India","IND","0","5","0","0","0","5","5","0","181638","0","0","0","181638","181638","0","101598","0","0","0","101598","101598"
"2019-12-25","port1367","Visakhapatnam","India","IND","0","3","0","0","1","3","4","0","72547","0","0","0","72547","72547","0","119185","0","0","0","119185","119185"
"2019-12-26","port1367","Visakhapatnam","India","IND","1","3","0","0","0","4","4","1653","102959","0","0","0","104612","104612","4138","47104","0","0","0","51242","51242"
"2019-12-27","port1367","Visakhapatnam","India","IND","0","2","1","0","0","3","3","0","34319","2954","0","0","37274","37274","0","119185","3233","0","0","122418","122418"
"2019-12-28","port1367","Visakhapatnam","India","IND","1","4","0","0","0","5","5","1653","113588","0","0","0","115241","115241","4138","52795","0","0","0","56933","56933"
"2019-12-29","port1367","Visakhapatnam","India","IND","0","0","0","0","0","0","0","0","0","0","0","0","0","0","0","0","0","0","0","0","0"
"2019-12-30","port1367","Visakhapatnam","India","IND","0","5","0","0","1","5","6","0","81781","0","0","9666","81781","91448","0","30641","0","0","4530","30641","35171"
"2019-12-31","port1367","Visakhapatnam","India","IND","0","6","1","0","0","7","7","0","217579","0","0","0","217579","217579","0","62805","7641","0","0","70446","70446"
"2020-01-01","port1367","Visakhapatnam","India","IND","0","2","1","0","0","3","3","0","68639","0","0","0","68639","68639","0","31402","5800","0","0","37203","37203"
"2020-01-02","port1367","Visakhapatnam","India","IND","1","0","0","0","1","1","2","1653","0","0","0","2590","1653","4244","4138","0","0","0","0","4138","4138"
"2020-01-03","port1367","Visakhapatnam","India","IND","0","2","0","0","1","2","3","0","68639","0","0","18590","68639","87229","0","31402","0","0","0","31402","31402"
"2020-01-04","port1367","Visakhapatnam","India","IND","1","5","1","0","1","7","8","6658","137278","2954","0","9666","146892","156559","0","69177","3233","0","4530","72411","76941"
"2020-01-05","port1367","Visakhapatnam","India","IND","1","1","0","0","1","2","3","1653","34319","0","0","9666","35973","45640","4138","15701","0","0","4530","19839","24369"
"2020-01-06","port1367","Visakhapatnam","India","IND","0","3","1","0","0","4","4","0","95342","0","0","0","95342","95342","0","31402","4026","0","0","35429","35429"
"2020-01-07","port1367","Visakhapatnam","India","IND","1","2","1","0","0","4","4","0","162020","2954","0","0","164975","164975","3528","55139","3233","0","0","61902","61902"
"2020-01-08","port1367","Visakhapatnam","India","IND","1","4","0","0","0","5","5","0","68750","0","0","0","68750","68750","1290","42318","0","0","0","43609","43609"
"2020-01-09","port1367","Visakhapatnam","India","IND","0","5","0","0","0","5","5","0","163802","0","0","0","163802","163802","0","102870","0","0","0","102870","102870"
"2020-01-10","port1367","Visakhapatnam","India","IND","0","5","1","0","0","6","6","0","144365","2954","0","0","147320","147320","0","65669","3233","0","0","68903","68903"
"2020-01-11","port1367","Visakhapatnam","India","IND","1","4","1","0","0","6","6","1653","137278","2954","0","0","141887","141887","4138","62805","3233","0","0","70177","70177"
"2020-01-12","port1367","Visakhapatnam","India","IND","2","0","0","0","1","2","3","0","0","0","0","48268","0","48268","5946","0","0","0","3734","5946","9680"
"2020-01-13","port1367","Visakhapatnam","India","IND","0","1","0","0","0","1","1","0","34319","0","0","0","34319","34319","0","15701","0","0","0","15701","15701"
"2020-01-14","port1367","Visakhapatnam","India","IND","0","3","0","0","0","3","3","0","69434","0","0","0","69434","69434","0","15701","0","0","0","15701","15701"
"2020-01-15","port1367","Visakhapatnam","India","IND","0","3","0","0","0","3","3","0","90632","0","0","0","90632","90632","0","76709","0","0","0","76709","76709"
"2020-01-16","port1367","Visakhapatnam","India","IND","1","2","0","0","0","3","3","1653","68639","0","0","0","70293","70293","4138","31402","0","0","0","35540","35540"
"2020-01-17","port1367","Visakhapatnam","India","IND","0","2","0","0","0","2","2","0","68639","0","0","0","68639","68639","0","31402","0","0","0","31402","31402"
"2020-01-18","port1367","Visakhapatnam","India","IND","0","1","0","0","0","1","1","0","0","0","0","0","0","0","0","54229","0","0","0","54229","54229"
"2020-01-19","port1367","Visakhapatnam","India","IND","1","3","0","0","1","4","5","1653","143445","0","0","30530","145099","175629","4138","31402","0","0","388","35540","35929"
"2020-01-20","port1367","Visakhapatnam","India","IND","0","6","0","0","0","6","6","0","171598","0","0","0","171598","171598","0","78506","0","0","0","78506","78506"
"2020-01-21","port1367","Visakhapatnam","India","IND","0","5","0","0","0","5","5","0","165820","0","0","0","165820","165820","0","62805","0","0","0","62805","62805"
"2020-01-22","port1367","Visakhapatnam","India","IND","0","0","0","0","0","0","0","0","0","0","0","0","0","0","0","0","0","0","0","0","0"
"2020-01-23","port1367","Visakhapatnam","India","IND","1","7","0","0","0","8","8","0","163124","0","0","0","163124","163124","3872","74559","0","0","0","78431","78431"
"2020-01-24","port1367","Visakhapatnam","India","IND","0","1","0","0","0","1","1","0","34319","0","0","0","34319","34319","0","15701","0","0","0","15701","15701"
"2020-01-25","port1367","Visakhapatnam","India","IND","0","4","1","0","1","5","6","0","214100","2954","0","9666","217055","226722","0","31402","3233","0","4530","34636","39166"
"2020-01-26","port1367","Visakhapatnam","India","IND","0","1","0","0","1","1","2","0","34319","0","0","19051","34319","53371","0","15701","0","0","0","15701","15701"
"2020-01-27","port1367","Visakhapatnam","India","IND","1","1","0","0","0","2","2","1653","103384","0","0","0","105038","105038","4138","0","0","0","0","4138","4138"
"2020-01-28","port1367","Visakhapatnam","India","IND","0","4","0","0","0","4","4","0","68806","0","0","0","68806","68806","0","32638","0","0","0","32638","32638"
"2020-01-29","port1367","Visakhapatnam","India","IND","0","7","1","0","1","8","9","0","210225","4903","0","9666","215129","224795","0","63631","0","0","4530","63631","68162"
"2020-01-30","port1367","Visakhapatnam","India","IND","1","3","0","0","1","4","5","1653","70466","0","0","30530","72119","102650","4138","165420","0","0","388","169558","169947"
"2020-01-31","port1367","Visakhapatnam","India","IND","2","1","1","0","0","4","4","5454","79928","0","0","0","85382","85382","1074","0","4033","0","0","5107","5107"
"2020-02-01","port1367","Visakhapatnam","India","IND","0","2","0","0","0","2","2","0","25441","0","0","0","25441","25441","0","46855","0","0","0","46855","46855"
"2020-02-02","port1367","Visakhapatnam","India","IND","1","1","0","0","0","2","2","9868","20999","0","0","0","30867","30867","0","0","0","0","0","0","0"
"2020-02-03","port1367","Visakhapatnam","India","IND","0","0","0","0","1","0","1","0","0","0","0","0","0","0","0","0","0","0","0","0","0"
"2020-02-04","port1367","Visakhapatnam","India","IND","0","2","0","0","1","2","3","0","34319","0","0","0","34319","34319","0","52141","0","0","576","52141","52717"
"2020-02-05","port1367","Visakhapatnam","India","IND","0","5","0","0","0","5","5","0","159199","0","0","0","159199","159199","0","46906","0","0","0","46906","46906"
"2020-02-06","port1367","Visakhapatnam","India","IND","1","1","0","0","1","2","3","1653","0","0","0","35002","1653","36656","4138","42793","0","0","0","46931","46931"
"2020-02-07","port1367","Visakhapatnam","India","IND","1","0","0","0","2","1","3","1653","0","0","0","62930","1653","64583","4138","0","0","0","388","4138","4526"
"2020-02-08","port1367","Visakhapatnam","India","IND","0","0","0","0","0","0","0","0","0","0","0","0","0","0","0","0","0","0","0","0","0"
"2020-02-09","port1367","Visakhapatnam","India","IND","0","1","0","0","0","1","1","0","0","0","0","0","0","0","0","54308","0","0","0","54308","54308"
"2020-02-10","port1367","Visakhapatnam","India","IND","0","0","0","0","0","0","0","0","0","0","0","0","0","0","0","0","0","0","0","0","0"
"2020-02-11","port1367","Visakhapatnam","India","IND","0","4","2","0","1","6","7","0","55567","8419","0","14095","63987","78082","0","70841","0","0","8426","70841","79267"
"2020-02-12","port1367","Visakhapatnam","India","IND","1","4","0","0","2","5","7","0","115529","0","0","48268","115529","163798","4664","0","0","0","52674","4664","57339"
"2020-02-13","port1367","Visakhapatnam","India","IND","1","5","1","0","1","7","8","0","190324","2954","0","0","193278","193278","4598","110887","3233","0","29881","118719","148601"
"2020-02-14","port1367","Visakhapatnam","India","IND","1","2","1","0","1","4","5","4017","75238","0","0","18073","79255","97328","0","0","3256","0","0","3256","3256"
"2020-02-15","port1367","Visakhapatnam","India","IND","1","7","0","0","0","8","8","0","69917","0","0","0","69917","69917","853","125282","0","0","0","126136","126136"
"2020-02-16","port1367","Visakhapatnam","India","IND","1","6","0","0","0","7","7","1653","261310","0","0","0","262963","262963","4138","103406","0","0","0","107544","107544"
"2020-02-17","port1367","Visakhapatnam","India","IND","1","1","0","0","1","2","3","0","34319","0","0","31975","34319","66295","2695","15701","0","0","0","18396","18396"
"2020-02-18","port1367","Visakhapatnam","India","IND","0","3","0","0","1","3","4","0","107953","0","0","0","107953","107953","0","76184","0","0","0","76184","76184"
"2020-02-19","port1367","Visakhapatnam","India","IND","1","3","1","0","1","5","6","0","102959","2954","0","9666","105914","115580","7061","47104","3233","0","4530","57399","61929"
"2020-02-20","port1367","Visakhapatnam","India","IND","1","6","1","0","0","8","8","1653","139082","2954","0","0","143690","143690","4138","100100","3233","0","0","107472","107472"
"2020-02-21","port1367","Visakhapatnam","India","IND","1","4","0","0","1","5","6","1653","33525","0","0","12631","35178","47810","4138","122738","0","0","0","126876","126876"
"2020-02-22","port1367","Visakhapatnam","India","IND","1","1","1","0","2","3","5","0","34319","2954","0","452","37274","37726","6073","15701","3233","0","0","25008","25008"
"2020-02-23","port1367","Visakhapatnam","India","IND","2","2","0","0","2","4","6","1780","68639","0","0","30312","70420","100733","5212","31402","0","0","4736","36614","41351"
"2020-02-24","port1367","Visakhapatnam","India","IND","1","1","0","0","0","2","2","3503","76040","0","0","0","79543","79543","0","0","0","0","0","0","0"
"2020-02-25","port1367","Visakhapatnam","India","IND","0","1","0","0","0","1","1","0","34319","0","0","0","34319","34319","0","15701","0","0","0","15701","15701"
"2020-02-26","port1367","Visakhapatnam","India","IND","1","8","1","0","2","10","12","0","140787","4794","0","30530","145582","176112","4582","235263","0","0","388","239845","240234"
"2020-02-27","port1367","Visakhapatnam","India","IND","1","3","1","0","0","5","5","1653","236555","0","0","0","238209","238209","4138","31402","0","0","0","35540","35540"
"2020-02-28","port1367","Visakhapatnam","India","IND","1","6","1","0","0","8","8","0","69197","2954","0","0","72152","72152","4025","84852","3233","0","0","92111","92111"
"2020-02-29","port1367","Visakhapatnam","India","IND","1","5","0","0","2","6","8","1653","145216","0","0","38849","146869","185718","4138","115427","0","0","388","119565","119954"
"2020-03-01","port1367","Visakhapatnam","India","IND","1","1","1","0","1","3","4","1653","0","2954","0","99046","4608","103654","4138","20461","3233","0","0","27833","27833"
"2020-03-02","port1367","Visakhapatnam","India","IND","1","9","3","0","3","13","16","3510","270365","7925","0","18174","281801","299975","0","152639","4558","0","8426","157197","165624"
"2020-03-03","port1367","Visakhapatnam","India","IND","0","3","1","0","1","4","5","0","109862","2954","0","9666","112817","122483","0","51195","3233","0","4530","54429","58959"
"2020-03-04","port1367","Visakhapatnam","India","IND","1","2","1","0","3","4","7","0","101328","0","0","1318","101328","102646","5434","50052","0","0","0","55487","55487"
"2020-03-05","port1367","Visakhapatnam","India","IND","1","8","1","0","2","10","12","0","196544","0","0","1875","196544","198420","11953","138644","0","0","5418","150598","156016"
"2020-03-06","port1367","Visakhapatnam","India","IND","1","2","2","0","3","5","8","0","113018","5127","0","72743","118145","190888","516","15701","0","0","4530","16218","20748"
"2020-03-07","port1367","Visakhapatnam","India","IND","0","6","0","0","1","6","7","0","203302","0","0","0","203302","203302","0","0","0","0","0","0","0"
"2020-03-08","port1367","Visakhapatnam","India","IND","1","1","0","0","1","2","3","0","0","0","0","38068","0","38068","3661","31950","0","0","0","35612","35612"
"2020-03-09","port1367","Visakhapatnam","India","IND","2","3","0","0","0","5","5","0","130614","0","0","0","130614","130614","10380","0","0","0","0","10380","10380"
"2020-03-10","port1367","Visakhapatnam","India","IND","0","6","0","0","0","6","6","0","425503","0","0","0","425503","425503","0","87465","0","0","0","87465","87465"
"2020-03-11","port1367","Visakhapatnam","India","IND","0","4","0","0","2","4","6","0","87243","0","0","49774","87243","137018","0","97190","0","0","0","97190","97190"
"2020-03-12","port1367","Visakhapatnam","India","IND","1","5","0","0","2","6","8","1653","158585","0","0","57191","160239","217430","4138","85992","0","0","29734","90130","119864"
"2020-03-13","port1367","Visakhapatnam","India","IND","1","5","2","0","3","8","11","1653","351096","2954","0","24358","355704","380063","4138","0","3233","0","2500","7371","9872"
"2020-03-14","port1367","Visakhapatnam","India","IND","1","2","0","0","3","3","6","1926","163646","0","0","75868","165573","241441","0","50533","0","0","0","50533","50533"
"2020-03-15","port1367","Visakhapatnam","India","IND","0","2","0","0","0","2","2","0","0","0","0","0","0","0","0","149875","0","0","0","149875","149875"
"2020-03-16","port1367","Visakhapatnam","India","IND","1","3","0","0","2","4","6","0","60472","0","0","28187","60472","88660","890","62513","0","0","0","63404","63404"
"2020-03-17","port1367","Visakhapatnam","India","IND","2","4","1","0","2","7","9","9414","112062","0","0","49607","121476","171084","1074","68027","6276","0","0","75378","75378"
"2020-03-18","port1367","Visakhapatnam","India","IND","0","2","0","0","2","2","4","0","165255","0","0","50913","165255","216169","0","54827","0","0","0","54827","54827"
"2020-03-19","port1367","Visakhapatnam","India","IND","1","6","0","0","2","7","9","650","83213","0","0","21901","83864","105765","0","217369","0","0","8426","217369","225795"
"2020-03-20","port1367","Visakhapatnam","India","IND","2","2","1","0","0","5","5","0","107349","0","0","0","107349","107349","17559","15701","3100","0","0","36361","36361"
"2020-03-21","port1367","Visakhapatnam","India","IND","0","2","1","0","1","3","4","0","60671","0","0","66425","60671","127096","0","53646","0","0","0","53646","53646"
"2020-03-22","port1367","Visakhapatnam","India","IND","2","3","1","0","0","6","6","2607","166707","3120","0","0","172435","172435","3681","108002","0","0","0","111683","111683"
"2020-03-23","port1367","Visakhapatnam","India","IND","1","6","0","0","1","7","8","2259","214253","0","0","0","216513","216513","0","136501","0","0","0","136501","136501"
"2020-03-24","port1367","Visakhapatnam","India","IND","0","2","0","0","0","2","2","0","96570","0","0","0","96570","96570","0","0","0","0","0","0","0"
"2020-03-25","port1367","Visakhapatnam","India","IND","0","5","0","0","3","5","8","0","334892","0","0","0","334892","334892","0","15701","0","0","5589","15701","21290"
"2020-03-26","port1367","Visakhapatnam","India","IND","2","3","1","0","1","6","7","0","120201","0","0","96140","120201","216342","5387","15701","0","0","0","21088","21088"
"2020-03-27","port1367","Visakhapatnam","India","IND","0","2","0","0","0","2","2","0","44766","0","0","0","44766","44766","0","15701","0","0","0","15701","15701"
"2020-03-28","port1367","Visakhapatnam","India","IND","1","2","0","0","2","3","5","2651","84324","0","0","52308","86975","139283","0","15701","0","0","0","15701","15701"
"2020-03-29","port1367","Visakhapatnam","India","IND","0","2","0","0","1","2","3","0","72326","0","0","8085","72326","80412","0","51272","0","0","0","51272","51272"
"2020-03-30","port1367","Visakhapatnam","India","IND","0","5","1","0","2","6","8","0","102954","2954","0","48928","105909","154837","0","112526","3233","0","4530","115759","120290"
"2020-03-31","port1367","Visakhapatnam","India","IND","1","5","0","0","1","6","7","8507","310916","0","0","0","319423","319423","0","68604","0","0","234","68604","68839"
"2020-04-01","port1367","Visakhapatnam","India","IND","1","1","0","0","2","2","4","0","34319","0","0","99694","34319","134014","3184","15701","0","0","0","18885","18885"
"2020-04-02","port1367","Visakhapatnam","India","IND","1","3","0","0","0","4","4","1653","88693","0","0","0","90347","90347","4138","15701","0","0","0","19839","19839"
"2020-04-03","port1367","Visakhapatnam","India","IND","0","3","1","0","1","4","5","0","52540","2954","0","0","55495","55495","0","61325","3233","0","0","64558","64558"
"2020-04-04","port1367","Visakhapatnam","India","IND","1","1","1","0","0","3","3","0","11342","20007","0","0","31349","31349","6285","0","0","0","0","6285","6285"
"2020-04-05","port1367","Visakhapatnam","India","IND","2","3","0","0","1","5","6","11793","35569","0","0","0","47363","47363","0","70295","0","0","35630","70295","105925"
"2020-04-06","port1367","Visakhapatnam","India","IND","1","2","1","0","1","4","5","12535","122157","2954","0","0","137648","137648","0","0","3233","0","0","3233","3233"
"2020-04-07","port1367","Visakhapatnam","India","IND","0","0","0","0","1","0","1","0","0","0","0","45558","0","45558","0","0","0","0","0","0","0"
"2020-04-08","port1367","Visakhapatnam","India","IND","0","5","1","0","0","6","6","0","332677","0","0","0","332677","332677","0","8499","7405","0","0","15905","15905"
"2020-04-09","port1367","Visakhapatnam","India","IND","0","5","1","0","3","6","9","0","93430","7863","0","5405","101293","106699","0","32665","0","0","0","32665","32665"
"2020-04-10","port1367","Visakhapatnam","India","IND","1","3","1","0","1","5","6","1320","206067","2954","0","0","210343","210343","0","0","3233","0","0","3233","3233"
"2020-04-11","port1367","Visakhapatnam","India","IND","0","1","0","0","2","1","3","0","158035","0","0","19641","158035","177676","0","0","0","0","8305","0","8305"
"2020-04-12","port1367","Visakhapatnam","India","IND","0","2","0","0","2","2","4","0","79538","0","0","3006","79538","82545","0","15701","0","0","0","15701","15701"
"2020-04-13","port1367","Visakhapatnam","India","IND","0","3","0","0","3","3","6","0","89072","0","0","56378","89072","145450","0","20991","0","0","4530","20991","25521"
"2020-04-14","port1367","Visakhapatnam","India","IND","1","1","0","0","0","2","2","3308","0","0","0","0","3308","3308","0","1384","0","0","0","1384","1384"
"2020-04-15","port1367","Visakhapatnam","India","IND","0","2","0","0","0","2","2","0","72301","0","0","0","72301","72301","0","56317","0","0","0","56317","56317"
"2020-04-16","port1367","Visakhapatnam","India","IND","0","2","0","0","0","2","2","0","34792","0","0","0","34792","34792","0","51195","0","0","0","51195","51195"
"2020-04-17","port1367","Visakhapatnam","India","IND","1","4","0","0","0","5","5","1653","112333","0","0","0","113986","113986","4138","72989","0","0","0","77127","77127"
"2020-04-18","port1367","Visakhapatnam","India","IND","1","5","1","0","1","7","8","1653","191880","2954","0","25677","196488","222165","4138","35439","3233","0","0","42811","42811"
"2020-04-19","port1367","Visakhapatnam","India","IND","0","2","0","0","2","2","4","0","87397","0","0","56352","87397","143750","0","15701","0","0","8426","15701","24127"
"2020-04-20","port1367","Visakhapatnam","India","IND","0","4","0","0","1","4","5","0","156555","0","0","30530","156555","187085","0","47104","0","0","388","47104","47492"
"2020-04-21","port1367","Visakhapatnam","India","IND","1","1","0","0","0","2","2","1653","103483","0","0","0","105137","105137","4138","0","0","0","0","4138","4138"
"2020-04-22","port1367","Visakhapatnam","India","IND","1","3","0","0","0","4","4","1653","88849","0","0","0","90503","90503","4138","15701","0","0","0","19839","19839"
"2020-04-23","port1367","Visakhapatnam","India","IND","1","4","0","0","0","5","5","1653","102959","0","0","0","104612","104612","4138","47104","0","0","0","51242","51242"
"2020-04-24","port1367","Visakhapatnam","India","IND","0","2","0","0","0","2","2","0","112830","0","0","0","112830","112830","0","15701","0","0","0","15701","15701"
"2020-04-25","port1367","Visakhapatnam","India","IND","0","1","0","0","0","1","1","0","27212","0","0","0","27212","27212","0","0","0","0","0","0","0"
"2020-04-26","port1367","Visakhapatnam","India","IND","1","1","0","0","0","2","2","0","55227","0","0","0","55227","55227","2690","0","0","0","0","2690","2690"
"2020-04-27","port1367","Visakhapatnam","India","IND","0","7","1","0","2","8","10","0","159202","0","0","0","159202","159202","0","59306","386","0","71032","59693","130725"
"2020-04-28","port1367","Visakhapatnam","India","IND","1","4","3","0","0","8","8","0","106390","5909","0","0","112300","112300","6166","26945","9226","0","0","42338","42338"
"2020-04-29","port1367","Visakhapatnam","India","IND","1","4","1","0","2","6","8","0","50880","0","0","29513","50880","80393","5807","126954","3666","0","32306","136428","168734"
"2020-04-30","port1367","Visakhapatnam","India","IND","0","0","0","0","0","0","0","0","0","0","0","0","0","0","0","0","0","0","0","0","0"
"2020-05-01","port1367","Visakhapatnam","India","IND","1","3","1","0","0","5","5","0","34319","0","0","0","34319","34319","9798","115011","10303","0","0","135113","135113"
"2020-05-02","port1367","Visakhapatnam","India","IND","1","7","1","0","0","9","9","4353","297955","2954","0","0","305263","305263","0","117435","3233","0","0","120668","120668"
"2020-05-03","port1367","Visakhapatnam","India","IND","0","1","0","0","3","1","4","0","34319","0","0","67823","34319","102143","0","15701","0","0","9060","15701","24761"
"2020-05-04","port1367","Visakhapatnam","India","IND","2","3","0","0","0","5","5","1780","113331","0","0","0","115112","115112","5212","63386","0","0","0","68599","68599"
"2020-05-05","port1367","Visakhapatnam","India","IND","0","1","1","0","0","2","2","0","0","2954","0","0","2954","2954","0","73160","3233","0","0","76394","76394"
"2020-05-06","port1367","Visakhapatnam","India","IND","0","1","0","0","0","1","1","0","0","0","0","0","0","0","0","55455","0","0","0","55455","55455"
"2020-05-07","port1367","Visakhapatnam","India","IND","1","3","0","0","0","4","4","0","0","0","0","0","0","0","10789","117153","0","0","0","127942","127942"
"2020-05-08","port1367","Visakhapatnam","India","IND","1","7","2","0","1","10","11","0","171198","760","0","48815","171959","220775","10609","170707","0","0","0","181316","181316"
"2020-05-09","port1367","Visakhapatnam","India","IND","0","2","0","0","3","2","5","0","68639","0","0","7623","68639","76262","0","31402","0","0","1601","31402","33004"
"2020-05-10","port1367","Visakhapatnam","India","IND","1","1","0","0","0","2","2","6270","79187","0","0","0","85457","85457","0","0","0","0","0","0","0"
"2020-05-11","port1367","Visakhapatnam","India","IND","0","4","0","0","0","4","4","0","80489","0","0","0","80489","80489","0","107596","0","0","0","107596","107596"
"2020-05-12","port1367","Visakhapatnam","India","IND","2","5","0","0","1","7","8","0","179630","0","0","0","179630","179630","13385","99546","0","0","43954","112932","156886"
"2020-05-13","port1367","Visakhapatnam","India","IND","2","3","0","0","2","5","7","1470","144942","0","0","49432","146412","195845","1074","15701","0","0","388","16775","17164"
"2020-05-14","port1367","Visakhapatnam","India","IND","0","4","0","0","1","4","5","0","133093","0","0","0","133093","133093","0","30892","0","0","41115","30892","72008"
"2020-05-15","port1367","Visakhapatnam","India","IND","2","3","0","0","1","5","6","6530","113588","0","0","9666","120118","129785","11160","44391","0","0","4530","55552","60082"
"2020-05-16","port1367","Visakhapatnam","India","IND","1","6","1","0","0","8","8","0","204680","2954","0","0","207635","207635","8622","47477","3233","0","0","59333","59333"
"2020-05-17","port1367","Visakhapatnam","India","IND","1","2","1","0","1","4","5","0","12087","0","0","0","12087","12087","1738","15621","0","0","0","17359","17359"
"2020-05-18","port1367","Visakhapatnam","India","IND","1","3","0","0","1","4","5","0","70749","0","0","30518","70749","101268","2649","104134","0","0","0","106783","106783"
"2020-05-19","port1367","Visakhapatnam","India","IND","0","1","0","0","0","1","1","0","0","0","0","0","0","0","0","59055","0","0","0","59055","59055"
"2020-05-20","port1367","Visakhapatnam","India","IND","0","8","1","0","1","9","10","0","303298","6442","0","18381","309740","328121","0","125504","0","0","0","125504","125504"
"2020-05-21","port1367","Visakhapatnam","India","IND","1","4","0","0","0","5","5","0","80638","0","0","0","80638","80638","11945","101813","0","0","0","113758","113758"
"2020-05-22","port1367","Visakhapatnam","India","IND","1","3","0","0","1","4","5","1653","144722","0","0","16784","146376","163160","4138","31402","0","0","0","35540","35540"
"2020-05-23","port1367","Visakhapatnam","India","IND","1","1","0","0","0","2","2","5538","0","0","0","0","5538","5538","0","4006","0","0","0","4006","4006"
"2020-05-24","port1367","Visakhapatnam","India","IND","2","1","0","0","0","3","3","4128","35992","0","0","0","40121","40121","4138","0","0","0","0","4138","4138"
"2020-05-25","port1367","Visakhapatnam","India","IND","0","3","0","0","0","3","3","0","0","0","0","0","0","0","0","138036","0","0","0","138036","138036"
"2020-05-26","port1367","Visakhapatnam","India","IND","1","1","1","0","1","3","4","0","77786","2954","0","20036","80741","100778","10876","0","3233","0","0","14110","14110"
"2020-05-27","port1367","Visakhapatnam","India","IND","0","4","1","0","2","5","7","0","98939","0","0","53714","98939","152654","0","51170","20421","0","0","71591","71591"
"2020-05-28","port1367","Visakhapatnam","India","IND","0","5","1","0","0","6","6","0","203004","2954","0","0","205959","205959","0","25844","3233","0","0","29078","29078"
"2020-05-29","port1367","Visakhapatnam","India","IND","1","2","1","0","0","4","4","0","54885","2954","0","0","57840","57840","1062","53089","3233","0","0","57386","57386"
"2020-05-30","port1367","Visakhapatnam","India","IND","1","2","1","0","2","4","6","0","9287","1881","0","8415","11168","19584","11724","75938","0","0","0","87662","87662"
"2020-05-31","port1367","Visakhapatnam","India","IND","1","4","1","0","2","6","8","0","60964","0","0","9666","60964","70631","2762","119460","3199","0","36285","125423","161708"
"2020-06-01","port1367","Visakhapatnam","India","IND","0","6","0","0","2","6","8","0","142254","0","0","0","142254","142254","0","107424","0","0","0","107424","107424"
"2020-06-02","port1367","Visakhapatnam","India","IND","1","5","0","0","0","6","6","0","234161","0","0","0","234161","234161","11610","71477","0","0","0","83088","83088"
"2020-06-03","port1367","Visakhapatnam","India","IND","1","3","0","0","1","4","5","0","15853","0","0","14095","15853","29948","9798","80372","0","0","8426","90170","98596"
"2020-06-04","port1367","Visakhapatnam","India","IND","1","3","0","0","1","4","5","0","51304","0","0","0","51304","51304","6188","50888","0","0","0","57076","57076"
"2020-06-05","port1367","Visakhapatnam","India","IND","1","5","0","0","1","6","7","0","0","0","0","14095","0","14095","6041","150283","0","0","8426","156324","164750"
"2020-06-06","port1367","Visakhapatnam","India","IND","0","6","1","0","2","7","9","0","179900","14119","0","4190","194020","198210","0","72953","0","0","0","72953","72953"
"2020-06-07","port1367","Visakhapatnam","India","IND","2","4","1","0","0","7","7","2465","99387","0","0","0","101852","101852","793","114909","6525","0","0","122228","122228"
"2020-06-08","port1367","Visakhapatnam","India","IND","0","5","0","0","0","5","5","0","215703","0","0","0","215703","215703","0","62805","0","0","0","62805","62805"
"2020-06-09","port1367","Visakhapatnam","India","IND","0","0","0","0","0","0","0","0","0","0","0","0","0","0","0","0","0","0","0","0","0"
"2020-06-10","port1367","Visakhapatnam","India","IND","1","1","0","0","0","2","2","0","0","0","0","0","0","0","21120","56054","0","0","0","77175","77175"
"2020-06-11","port1367","Visakhapatnam","India","IND","0","3","1","0","0","4","4","0","213758","0","0","0","213758","213758","0","86543","264","0","0","86807","86807"
"2020-06-12","port1367","Visakhapatnam","India","IND","2","3","1","0","0","6","6","0","115914","2954","0","0","118869","118869","16628","65902","3233","0","0","85764","85764"
"2020-06-13","port1367","Visakhapatnam","India","IND","1","1","0","0","0","2","2","1653","50600","0","0","0","52254","52254","4138","0","0","0","0","4138","4138"
"2020-06-14","port1367","Visakhapatnam","India","IND","0","4","0","0","0","4","4","0","90296","0","0","0","90296","90296","0","22227","0","0","0","22227","22227"
"2020-06-15","port1367","Visakhapatnam","India","IND","1","3","0","0","0","4","4","0","34319","0","0","0","34319","34319","8014","100011","0","0","0","108025","108025"
"2020-06-16","port1367","Visakhapatnam","India","IND","1","7","0","0","0","8","8","1653","102737","0","0","0","104390","104390","4138","185656","0","0","0","189794","189794"
"2020-06-17","port1367","Visakhapatnam","India","IND","0","2","0","0","0","2","2","0","11673","0","0","0","11673","11673","0","0","0","0","0","0","0"
"2020-06-18","port1367","Visakhapatnam","India","IND","2","2","1","0","0","5","5","3307","87904","2954","0","0","94166","94166","8276","15701","3233","0","0","27211","27211"
"2020-06-19","port1367","Visakhapatnam","India","IND","0","2","0","0","2","2","4","0","0","0","0","56336","0","56336","0","27070","0","0","0","27070","27070"
"2020-06-20","port1367","Visakhapatnam","India","IND","1","2","0","0","1","3","4","0","34319","0","0","9666","34319","43986","6041","65564","0","0","4530","71605","76135"
"2020-06-21","port1367","Visakhapatnam","India","IND","1","1","0","0","0","2","2","1653","34319","0","0","0","35973","35973","4138","15701","0","0","0","19839","19839"
"2020-06-22","port1367","Visakhapatnam","India","IND","0","4","0","0","1","4","5","0","52508","0","0","36669","52508","89178","0","138658","0","0","0","138658","138658"
"2020-06-23","port1367","Visakhapatnam","India","IND","0","1","0","0","2","1","3","0","34319","0","0","35933","34319","70253","0","15701","0","0","388","15701","16089"
"2020-06-24","port1367","Visakhapatnam","India","IND","1","4","2","0","0","7","7","0","14583","2954","0","0","17538","17538","14456","112206","11397","0","0","138060","138060"
"2020-06-25","port1367","Visakhapatnam","India","IND","1","2","0","0","0","3","3","0","164901","0","0","0","164901","164901","3225","0","0","0","0","3225","3225"
"2020-06-26","port1367","Visakhapatnam","India","IND","1","5","2","0","3","8","11","0","34319","6333","0","117236","40652","157889","13482","184291","3233","0","0","201007","201007"
"2020-06-27","port1367","Visakhapatnam","India","IND","0","2","0","0","0","2","2","0","163990","0","0","0","163990","163990","0","2916","0","0","0","2916","2916"
"2020-06-28","port1367","Visakhapatnam","India","IND","0","3","0","0","0","3","3","0","17363","0","0","0","17363","17363","0","97478","0","0","0","97478","97478"
"2020-06-29","port1367","Visakhapatnam","India","IND","1","7","0","0","2","8","10","0","118235","0","0","9666","118235","127902","924","195477","0","0","4530","196401","200931"
"2020-06-30","port1367","Visakhapatnam","India","IND","0","2","1","0","0","3","3","0","53834","2954","0","0","56789","56789","0","50064","3233","0","0","53297","53297"
"2020-07-01","port1367","Visakhapatnam","India","IND","0","5","0","0","0","5","5","0","153156","0","0","0","153156","153156","0","76448","0","0","0","76448","76448"
"2020-07-02","port1367","Visakhapatnam","India","IND","1","3","0","0","1","4","5","1653","22626","0","0","42682","24280","66962","4138","49392","0","0","0","53530","53530"
"2020-07-03","port1367","Visakhapatnam","India","IND","1","4","0","0","0","5","5","0","34319","0","0","0","34319","34319","6041","153381","0","0","0","159422","159422"
"2020-07-04","port1367","Visakhapatnam","India","IND","0","4","1","0","1","5","6","0","122852","4087","0","17341","126940","144282","0","85783","0","0","0","85783","85783"
"2020-07-05","port1367","Visakhapatnam","India","IND","1","1","0","0","0","2","2","0","34319","0","0","0","34319","34319","3878","15701","0","0","0","19579","19579"
"2020-07-06","port1367","Visakhapatnam","India","IND","1","8","1","0","6","10","16","0","116678","0","0","177058","116678","293736","15865","178369","5321","0","0","199557","199557"
"2020-07-07","port1367","Visakhapatnam","India","IND","0","5","0","0","1","5","6","0","116220","0","0","0","116220","116220","0","100735","0","0","5589","100735","106325"
"2022-09-28","port1367","Visakhapatnam","India","IND","2","4","0","0","3","6","9","0","190532","0","0","15247","190532","205779","7710","0","0","0","0","7710","7710"
"2023-11-04","port1367","Visakhapatnam","India","IND","0","4","0","0","1","4","5","0","35420","0","0","18049","35420","53469","0","72053","0","0","0","72053","72053"
"2021-08-26","port1367","Visakhapatnam","India","IND","0","3","1","0","1","4","5","0","238773","0","0","56858","238773","295631","0","15701","1681","0","0","17383","17383"
"2022-09-29","port1367","Visakhapatnam","India","IND","2","4","0","0","1","6","7","1653","0","0","0","11662","1653","13316","7607","37347","0","0","0","44955","44955"
"2023-11-05","port1367","Visakhapatnam","India","IND","0","4","1","0","0","5","5","0","185956","7413","0","0","193370","193370","0","15701","0","0","0","15701","15701"
"2021-08-27","port1367","Visakhapatnam","India","IND","1","1","0","0","0","2","2","0","0","0","0","0","0","0","6731","74490","0","0","0","81222","81222"
"2022-09-30","port1367","Visakhapatnam","India","IND","1","3","0","0","3","4","7","0","244718","0","0","14026","244718","258744","2052","0","0","0","68242","2052","70294"
"2023-11-06","port1367","Visakhapatnam","India","IND","2","3","0","0","0","5","5","3505","81646","0","0","0","85151","85151","3079","103477","0","0","0","106557","106557"
"2021-08-28","port1367","Visakhapatnam","India","IND","0","1","0","0","2","1","3","0","46976","0","0","67910","46976","114886","0","0","0","0","0","0","0"
"2022-10-01","port1367","Visakhapatnam","India","IND","0","3","1","0","2","4","6","0","67724","0","0","28869","67724","96594","0","36036","11718","0","0","47755","47755"
"2023-11-07","port1367","Visakhapatnam","India","IND","0","4","0","0","0","4","4","0","107014","0","0","0","107014","107014","0","102697","0","0","0","102697","102697"
"2021-08-29","port1367","Visakhapatnam","India","IND","1","1","0","0","1","2","3","0","0","0","0","0","0","0","753","53229","0","0","22222","53982","76204"
"2022-10-02","port1367","Visakhapatnam","India","IND","0","2","1","0","0","3","3","0","45731","1492","0","0","47224","47224","0","103507","0","0","0","103507","103507"
"2023-11-08","port1367","Visakhapatnam","India","IND","2","1","0","0","0","3","3","3316","53916","0","0","0","57232","57232","4138","0","0","0","0","4138","4138"
"2021-08-30","port1367","Visakhapatnam","India","IND","1","3","0","0","2","4","6","0","34319","0","0","34070","34319","68390","8478","64169","0","0","8426","72648","81074"
"2022-10-03","port1367","Visakhapatnam","India","IND","0","3","0","0","3","3","6","0","75137","0","0","61939","75137","137076","0","0","0","0","14074","0","14074"
"2023-11-09","port1367","Visakhapatnam","India","IND","0","4","0","0","0","4","4","0","242160","0","0","0","242160","242160","0","15701","0","0","0","15701","15701"
"2021-08-31","port1367","Visakhapatnam","India","IND","1","4","0","0","1","5","6","1653","68639","0","0","10164","70293","80457","4138","141781","0","0","0","145919","145919"
"2022-10-04","port1367","Visakhapatnam","India","IND","1","2","1","0","2","4","6","5300","75069","17379","0","44178","97749","141928","0","48796","0","0","0","48796","48796"
"2021-09-01","port1367","Visakhapatnam","India","IND","1","5","0","0","0","6","6","2658","278925","0","0","0","281584","281584","0","29241","0","0","0","29241","29241"
"2022-10-05","port1367","Visakhapatnam","India","IND","2","3","0","0","2","5","7","0","67353","0","0","102023","67353","169377","9551","29014","0","0","0","38565","38565"
"2021-09-02","port1367","Visakhapatnam","India","IND","1","3","0","0","1","4","5","0","0","0","0","51074","0","51074","4472","122894","0","0","0","127366","127366"
"2023-11-10","port1367","Visakhapatnam","India","IND","0","7","1","0","1","8","9","0","181288","2954","0","35775","184243","220019","0","101352","3233","0","0","104586","104586"
"2022-10-06","port1367","Visakhapatnam","India","IND","2","1","0","0","1","3","4","4493","34319","0","0","23032","38813","61845","2195","15701","0","0","0","17896","17896"
"2021-09-03","port1367","Visakhapatnam","India","IND","0","7","0","0","2","7","9","0","129312","0","0","55471","129312","184784","0","118691","0","0","0","118691","118691"
"2023-11-11","port1367","Visakhapatnam","India","IND","0","3","0","0","0","3","3","0","84922","0","0","0","84922","84922","0","0","0","0","0","0","0"
"2022-10-07","port1367","Visakhapatnam","India","IND","0","1","0","0","2","1","3","0","0","0","0","57672","0","57672","0","78159","0","0","0","78159","78159"
"2021-09-04","port1367","Visakhapatnam","India","IND","0","2","1","0","3","3","6","0","132324","3229","0","81026","135554","216581","0","0","0","0","0","0","0"
"2023-11-12","port1367","Visakhapatnam","India","IND","0","4","0","0","0","4","4","0","68639","0","0","0","68639","68639","0","84865","0","0","0","84865","84865"
"2022-10-08","port1367","Visakhapatnam","India","IND","0","5","1","0","3","6","9","0","268080","8601","0","2467","276682","279149","0","26094","0","0","0","26094","26094"
"2021-09-05","port1367","Visakhapatnam","India","IND","0","4","0","0","1","4","5","0","166700","0","0","0","166700","166700","0","31402","0","0","0","31402","31402"
"2023-11-13","port1367","Visakhapatnam","India","IND","0","5","0","0","0","5","5","0","318668","0","0","0","318668","318668","0","0","0","0","0","0","0"
"2022-10-09","port1367","Visakhapatnam","India","IND","0","3","0","0","0","3","3","0","139340","0","0","0","139340","139340","0","0","0","0","0","0","0"
"2021-09-06","port1367","Visakhapatnam","India","IND","1","7","0","0","1","8","9","0","126131","0","0","0","126131","126131","13920","191800","0","0","0","205721","205721"
"2023-11-14","port1367","Visakhapatnam","India","IND","1","3","0","0","1","4","5","3597","34319","0","0","0","37917","37917","0","118367","0","0","0","118367","118367"
"2022-10-10","port1367","Visakhapatnam","India","IND","2","1","0","0","1","3","4","1653","17708","0","0","0","19361","19361","5571","0","0","0","0","5571","5571"
"2021-09-07","port1367","Visakhapatnam","India","IND","1","4","0","0","0","5","5","543","139970","0","0","0","140514","140514","0","80749","0","0","0","80749","80749"
"2023-11-15","port1367","Visakhapatnam","India","IND","1","2","1","0","1","4","5","0","50743","5574","0","76","56317","56394","3543","0","0","0","4251","3543","7794"
"2022-10-11","port1367","Visakhapatnam","India","IND","1","4","0","0","2","5","7","0","239154","0","0","19136","239154","258291","1002","0","0","0","0","1002","1002"
"2021-09-08","port1367","Visakhapatnam","India","IND","1","1","0","0","2","2","4","0","167754","0","0","67804","167754","235559","1323","0","0","0","0","1323","1323"
"2023-11-16","port1367","Visakhapatnam","India","IND","0","4","0","0","0","4","4","0","148047","0","0","0","148047","148047","0","31019","0","0","0","31019","31019"
"2022-10-12","port1367","Visakhapatnam","India","IND","1","0","0","0","3","1","4","1653","0","0","0","67471","1653","69125","4138","0","0","0","14074","4138","18212"
"2021-09-09","port1367","Visakhapatnam","India","IND","1","3","0","0","2","4","6","0","50171","0","0","93653","50171","143824","4234","26102","0","0","3656","30336","33993"
"2023-11-17","port1367","Visakhapatnam","India","IND","1","4","0","0","0","5","5","10774","122379","0","0","0","133153","133153","0","107108","0","0","0","107108","107108"
"2022-10-13","port1367","Visakhapatnam","India","IND","0","2","1","0","3","3","6","0","0","0","0","30311","0","30311","0","31205","3850","0","8426","35056","43482"
"2021-09-10","port1367","Visakhapatnam","India","IND","1","1","1","0","2","3","5","0","36253","2954","0","96187","39208","135396","6684","0","3233","0","3734","9918","13652"
"2023-11-18","port1367","Visakhapatnam","India","IND","0","2","0","0","1","2","3","0","55305","0","0","7126","55305","62432","0","0","0","0","0","0","0"
"2022-10-14","port1367","Visakhapatnam","India","IND","1","1","1","0","0","3","3","0","48049","0","0","0","48049","48049","3525","0","10777","0","0","14302","14302"
"2021-09-11","port1367","Visakhapatnam","India","IND","1","3","0","0","2","4","6","0","194451","0","0","18074","194451","212525","5364","28283","0","0","0","33647","33647"
"2023-11-19","port1367","Visakhapatnam","India","IND","0","1","0","0","0","1","1","0","28145","0","0","0","28145","28145","0","0","0","0","0","0","0"
"2022-10-15","port1367","Visakhapatnam","India","IND","1","4","0","0","3","5","8","0","53091","0","0","132748","53091","185840","3598","91394","0","0","0","94992","94992"
"2021-09-12","port1367","Visakhapatnam","India","IND","1","5","0","0","1","6","7","1653","190517","0","0","0","192170","192170","4138","42666","0","0","0","46804","46804"
"2023-11-20","port1367","Visakhapatnam","India","IND","2","1","0","0","1","3","4","4626","0","0","0","29806","4626","34433","769","76204","0","0","0","76974","76974"
"2022-10-16","port1367","Visakhapatnam","India","IND","0","2","0","0","1","2","3","0","38706","0","0","0","38706","38706","0","24277","0","0","0","24277","24277"
"2021-09-13","port1367","Visakhapatnam","India","IND","0","4","0","0","0","4","4","0","279816","0","0","0","279816","279816","0","0","0","0","0","0","0"
"2023-11-21","port1367","Visakhapatnam","India","IND","0","1","0","0","0","1","1","0","0","0","0","0","0","0","0","54313","0","0","0","54313","54313"
"2022-10-17","port1367","Visakhapatnam","India","IND","1","6","1","0","0","8","8","0","278083","0","0","0","278083","278083","7375","47104","5792","0","0","60271","60271"
"2021-09-14","port1367","Visakhapatnam","India","IND","1","0","0","0","1","1","2","3830","0","0","0","31799","3830","35629","0","0","0","0","0","0","0"
"2023-11-22","port1367","Visakhapatnam","India","IND","0","5","1","0","1","6","7","0","116249","7976","0","18796","124226","143022","0","155464","0","0","0","155464","155464"
"2022-10-18","port1367","Visakhapatnam","India","IND","3","3","1","0","2","7","9","8986","0","0","0","15928","8986","24915","4628","273767","1096","0","29497","279492","308989"
"2023-11-23","port1367","Visakhapatnam","India","IND","1","7","1","0","2","9","11","0","235283","15413","0","0","250697","250697","3256","157359","0","0","36052","160616","196669"
"2022-10-19","port1367","Visakhapatnam","India","IND","0","4","1","0","1","5","6","0","197320","2954","0","48145","200275","248421","0","0","3233","0","0","3233","3233"
"2023-11-24","port1367","Visakhapatnam","India","IND","1","1","0","0","0","2","2","468","0","0","0","0","468","468","0","103477","0","0","0","103477","103477"
"2021-09-15","port1367","Visakhapatnam","India","IND","1","2","1","0","3","4","7","558","61093","8340","0","99528","69992","169520","0","15701","0","0","0","15701","15701"
"2022-10-20","port1367","Visakhapatnam","India","IND","1","2","0","0","2","3","5","0","73759","0","0","77971","73759","151730","1133","0","0","0","4251","1133","5385"
"2023-11-25","port1367","Visakhapatnam","India","IND","0","4","0","0","2","4","6","0","104358","0","0","70402","104358","174760","0","23773","0","0","0","23773","23773"
"2021-09-16","port1367","Visakhapatnam","India","IND","0","3","0","0","0","3","3","0","151541","0","0","0","151541","151541","0","0","0","0","0","0","0"
"2022-10-21","port1367","Visakhapatnam","India","IND","1","1","0","0","1","2","3","0","0","0","0","0","0","0","3730","25433","0","0","0","29164","29164"
"2023-11-26","port1367","Visakhapatnam","India","IND","2","3","1","0","1","6","7","4221","100836","16692","0","76","121751","121828","1839","60652","0","0","4251","62492","66743"
"2021-09-17","port1367","Visakhapatnam","India","IND","1","2","0","0","5","3","8","6669","38489","0","0","114434","45158","159592","0","0","0","0","4530","0","4530"
"2022-10-22","port1367","Visakhapatnam","India","IND","0","6","0","0","1","6","7","0","184902","0","0","30339","184902","215241","0","87065","0","0","0","87065","87065"
"2023-11-27","port1367","Visakhapatnam","India","IND","0","4","0","0","1","4","5","0","161799","0","0","5052","161799","166852","0","102530","0","0","0","102530","102530"
"2021-09-18","port1367","Visakhapatnam","India","IND","0","2","0","0","1","2","3","0","57709","0","0","0","57709","57709","0","15701","0","0","23477","15701","39178"
"2022-10-23","port1367","Visakhapatnam","India","IND","0","5","0","0","0","5","5","0","198921","0","0","0","198921","198921","0","119209","0","0","0","119209","119209"
"2023-11-28","port1367","Visakhapatnam","India","IND","1","3","0","0","1","4","5","5687","115414","0","0","14095","121101","135196","0","46589","0","0","8426","46589","55015"
"2021-09-19","port1367","Visakhapatnam","India","IND","1","3","0","0","1","4","5","0","158316","0","0","0","158316","158316","5481","68517","0","0","0","73998","73998"
"2022-10-24","port1367","Visakhapatnam","India","IND","1","2","1","0","2","4","6","0","112897","177","0","9927","113075","123003","4372","15701","0","0","28143","20073","48217"
"2023-11-29","port1367","Visakhapatnam","India","IND","0","3","0","0","1","3","4","0","0","0","0","8455","0","8455","0","54817","0","0","0","54817","54817"
"2021-09-20","port1367","Visakhapatnam","India","IND","2","3","0","0","2","5","7","5711","156260","0","0","56834","161972","218806","6232","1086","0","0","0","7319","7319"
"2022-10-25","port1367","Visakhapatnam","India","IND","3","3","0","0","1","6","7","6681","83218","0","0","17713","89899","107613","5283","48349","0","0","0","53632","53632"
"2023-11-30","port1367","Visakhapatnam","India","IND","1","3","0","0","0","4","4","0","105955","0","0","0","105955","105955","0","53671","0","0","0","53671","53671"
"2021-09-21","port1367","Visakhapatnam","India","IND","1","3","0","0","0","4","4","0","0","0","0","0","0","0","7624","90874","0","0","0","98498","98498"
"2022-10-26","port1367","Visakhapatnam","India","IND","1","5","0","0","2","6","8","1653","221542","0","0","38322","223196","261519","4138","15701","0","0","0","19839","19839"
"2023-12-01","port1367","Visakhapatnam","India","IND","0","1","0","0","0","1","1","0","0","0","0","0","0","0","0","54420","0","0","0","54420","54420"
"2021-09-22","port1367","Visakhapatnam","India","IND","0","2","0","0","1","2","3","0","43391","0","0","5294","43391","48686","0","0","0","0","0","0","0"
"2022-10-27","port1367","Visakhapatnam","India","IND","1","3","0","0","1","4","5","0","168974","0","0","45193","168974","214167","6810","0","0","0","0","6810","6810"
"2023-12-02","port1367","Visakhapatnam","India","IND","0","4","0","0","0","4","4","0","100078","0","0","0","100078","100078","0","0","0","0","0","0","0"
"2021-09-23","port1367","Visakhapatnam","India","IND","3","7","0","0","1","10","11","10018","283715","0","0","29266","293734","323001","3935","144112","0","0","0","148048","148048"
"2022-10-28","port1367","Visakhapatnam","India","IND","1","4","0","0","2","5","7","0","126319","0","0","138234","126319","264553","13858","3865","0","0","32191","17723","49914"
"2023-12-03","port1367","Visakhapatnam","India","IND","0","3","0","0","1","3","4","0","89608","0","0","0","89608","89608","0","31402","0","0","0","31402","31402"
"2021-09-24","port1367","Visakhapatnam","India","IND","2","2","0","0","3","4","7","0","68639","0","0","108535","68639","177174","8855","31402","0","0","3656","40258","43915"
"2022-10-29","port1367","Visakhapatnam","India","IND","0","5","1","0","0","6","6","0","263717","2085","0","0","265803","265803","0","0","0","0","0","0","0"
"2023-12-04","port1367","Visakhapatnam","India","IND","0","0","0","0","0","0","0","0","0","0","0","0","0","0","0","0","0","0","0","0","0"
"2021-09-25","port1367","Visakhapatnam","India","IND","0","6","0","0","2","6","8","0","217915","0","0","48292","217915","266207","0","73602","0","0","0","73602","73602"
"2022-10-30","port1367","Visakhapatnam","India","IND","1","2","0","0","4","3","7","0","72742","0","0","84347","72742","157089","5915","28784","0","0","8426","34700","43126"
"2023-12-05","port1367","Visakhapatnam","India","IND","0","1","0","0","1","1","2","0","78860","0","0","0","78860","78860","0","0","0","0","0","0","0"
"2021-09-26","port1367","Visakhapatnam","India","IND","0","2","0","0","0","2","2","0","63799","0","0","0","63799","63799","0","45302","0","0","0","45302","45302"
"2022-10-31","port1367","Visakhapatnam","India","IND","1","4","0","0","1","5","6","0","271036","0","0","8329","271036","279366","1957","102267","0","0","0","104225","104225"
"2023-12-06","port1367","Visakhapatnam","India","IND","2","4","1","0","1","7","8","6355","75006","7947","0","76","89309","89386","0","70684","0","0","4251","70684","74935"
"2021-09-27","port1367","Visakhapatnam","India","IND","1","6","0","0","2","7","9","1653","152991","0","0","30370","154644","185015","4138","42282","0","0","0","46420","46420"
"2022-11-01","port1367","Visakhapatnam","India","IND","0","7","0","0","1","7","8","0","211906","0","0","45134","211906","257040","0","15701","0","0","0","15701","15701"
"2021-09-28","port1367","Visakhapatnam","India","IND","1","2","2","0","2","5","7","0","34749","21013","0","95609","55762","151371","8702","47256","3233","0","27821","59192","87013"
"2022-11-02","port1367","Visakhapatnam","India","IND","2","2","0","0","2","4","6","749","26776","0","0","12343","27526","39870","5733","73089","0","0","0","78823","78823"
"2021-09-29","port1367","Visakhapatnam","India","IND","1","5","0","0","1","6","7","0","110079","0","0","46691","110079","156771","15778","71325","0","0","0","87104","87104"
"2023-12-07","port1367","Visakhapatnam","India","IND","1","2","0","0","1","3","4","0","119610","0","0","0","119610","119610","6062","0","0","0","36270","6062","42333"
"2022-11-03","port1367","Visakhapatnam","India","IND","0","2","1","0","1","3","4","0","90284","0","0","13703","90284","103988","0","0","8394","0","0","8394","8394"
"2021-09-30","port1367","Visakhapatnam","India","IND","1","3","0","0","1","4","5","0","34319","0","0","56792","34319","91112","5785","43159","0","0","0","48944","48944"
"2023-12-08","port1367","Visakhapatnam","India","IND","0","5","0","0","0","5","5","0","217501","0","0","0","217501","217501","0","173674","0","0","0","173674","173674"
"2022-11-04","port1367","Visakhapatnam","India","IND","1","4","0","0","2","5","7","0","107161","0","0","14675","107161","121836","4428","56597","0","0","24734","61025","85759"
"2021-10-01","port1367","Visakhapatnam","India","IND","1","5","0","0","0","6","6","2719","184145","0","0","0","186865","186865","0","68438","0","0","0","68438","68438"
"2023-12-09","port1367","Visakhapatnam","India","IND","0","1","0","0","1","1","2","0","166670","0","0","17344","166670","184014","0","0","0","0","0","0","0"
"2022-11-05","port1367","Visakhapatnam","India","IND","1","3","0","0","1","4","5","0","83993","0","0","18571","83993","102564","390","50135","0","0","0","50526","50526"
"2021-10-02","port1367","Visakhapatnam","India","IND","0","6","0","0","0","6","6","0","157991","0","0","0","157991","157991","0","170217","0","0","0","170217","170217"
"2023-12-10","port1367","Visakhapatnam","India","IND","0","1","0","0","1","1","2","0","28053","0","0","30530","28053","58584","0","0","0","0","388","0","388"
"2022-11-06","port1367","Visakhapatnam","India","IND","2","4","0","0","2","6","8","6304","149631","0","0","47145","155936","203081","0","103635","0","0","4251","103635","107887"
"2021-10-03","port1367","Visakhapatnam","India","IND","0","1","0","0","1","1","2","0","25352","0","0","0","25352","25352","0","0","0","0","0","0","0"
"2023-12-11","port1367","Visakhapatnam","India","IND","0","3","0","0","0","3","3","0","184935","0","0","0","184935","184935","0","30195","0","0","0","30195","30195"
"2022-11-07","port1367","Visakhapatnam","India","IND","1","3","1","0","3","5","8","0","133364","0","0","10872","133364","144237","0","15701","13248","0","42696","28949","71646"
"2021-10-04","port1367","Visakhapatnam","India","IND","0","3","0","0","0","3","3","0","6063","0","0","0","6063","6063","0","69602","0","0","0","69602","69602"
"2023-12-12","port1367","Visakhapatnam","India","IND","3","0","0","0","1","3","4","7260","0","0","0","49255","7260","56515","8276","0","0","0","0","8276","8276"
"2022-11-08","port1367","Visakhapatnam","India","IND","2","7","0","0","2","9","11","0","287357","0","0","28041","287357","315399","872","0","0","0","8426","872","9298"
"2021-10-05","port1367","Visakhapatnam","India","IND","0","1","1","0","0","2","2","0","34319","2954","0","0","37274","37274","0","15701","3233","0","0","18935","18935"
"2023-12-13","port1367","Visakhapatnam","India","IND","1","3","0","0","0","4","4","0","148484","0","0","0","148484","148484","2182","0","0","0","0","2182","2182"
"2022-11-09","port1367","Visakhapatnam","India","IND","1","3","0","0","0","4","4","1653","78835","0","0","0","80488","80488","4138","194020","0","0","0","198158","198158"
"2021-10-06","port1367","Visakhapatnam","India","IND","0","3","0","0","0","3","3","0","68639","0","0","0","68639","68639","0","31402","0","0","0","31402","31402"
"2023-12-14","port1367","Visakhapatnam","India","IND","1","1","0","0","1","2","3","1582","0","0","0","0","1582","1582","0","69844","0","0","0","69844","69844"
"2022-11-10","port1367","Visakhapatnam","India","IND","0","2","0","0","2","2","4","0","77778","0","0","44126","77778","121904","0","55604","0","0","0","55604","55604"
"2021-10-07","port1367","Visakhapatnam","India","IND","0","6","0","0","0","6","6","0","130599","0","0","0","130599","130599","0","77031","0","0","0","77031","77031"
"2023-12-15","port1367","Visakhapatnam","India","IND","1","7","0","0","0","8","8","0","374261","0","0","0","374261","374261","6025","23340","0","0","0","29365","29365"
"2022-11-11","port1367","Visakhapatnam","India","IND","1","1","1","0","2","3","5","0","0","2384","0","13427","2384","15811","4081","47529","0","0","0","51610","51610"
"2021-10-08","port1367","Visakhapatnam","India","IND","2","5","1","0","1","8","9","1653","146533","0","0","9666","148187","157854","12923","31864","17379","0","4530","62167","66697"
"2023-12-16","port1367","Visakhapatnam","India","IND","1","2","0","0","0","3","3","0","37470","0","0","0","37470","37470","989","23617","0","0","0","24606","24606"
"2022-11-12","port1367","Visakhapatnam","India","IND","0","2","0","0","0","2","2","0","76688","0","0","0","76688","76688","0","12045","0","0","0","12045","12045"
"2021-10-09","port1367","Visakhapatnam","India","IND","0","3","0","0","0","3","3","0","34319","0","0","0","34319","34319","0","102158","0","0","0","102158","102158"
"2023-12-17","port1367","Visakhapatnam","India","IND","0","3","0","0","0","3","3","0","276826","0","0","0","276826","276826","0","15701","0","0","0","15701","15701"
"2022-11-13","port1367","Visakhapatnam","India","IND","0","7","1","0","1","8","9","0","241031","0","0","0","241031","241031","0","168348","0","0","0","168348","168348"
"2021-10-10","port1367","Visakhapatnam","India","IND","0","0","0","0","1","0","1","0","0","0","0","14095","0","14095","0","0","0","0","8426","0","8426"
"2023-12-18","port1367","Visakhapatnam","India","IND","2","0","1","0","0","3","3","0","0","7976","0","0","7976","7976","3066","0","0","0","0","3066","3066"
"2022-11-14","port1367","Visakhapatnam","India","IND","2","4","1","0","1","7","8","0","76411","0","0","27962","76411","104374","13509","73391","3732","0","0","90632","90632"
"2021-10-11","port1367","Visakhapatnam","India","IND","0","2","0","0","0","2","2","0","28221","0","0","0","28221","28221","0","31509","0","0","0","31509","31509"
"2023-12-19","port1367","Visakhapatnam","India","IND","0","4","0","0","0","4","4","0","34319","0","0","0","34319","34319","0","264349","0","0","0","264349","264349"
"2022-11-15","port1367","Visakhapatnam","India","IND","1","6","0","0","2","7","9","505","202166","0","0","48172","202672","250844","0","15701","0","0","0","15701","15701"
"2023-12-20","port1367","Visakhapatnam","India","IND","0","2","0","0","0","2","2","0","0","0","0","0","0","0","0","90207","0","0","0","90207","90207"
"2022-11-16","port1367","Visakhapatnam","India","IND","0","4","0","0","2","4","6","0","255867","0","0","0","255867","255867","0","31402","0","0","8725","31402","40128"
"2023-12-21","port1367","Visakhapatnam","India","IND","0","4","0","0","1","4","5","0","130441","0","0","0","130441","130441","0","0","0","0","38752","0","38752"
"2021-10-12","port1367","Visakhapatnam","India","IND","0","2","0","0","0","2","2","0","79440","0","0","0","79440","79440","0","57382","0","0","0","57382","57382"
"2022-11-17","port1367","Visakhapatnam","India","IND","0","2","0","0","2","2","4","0","62360","0","0","76","62360","62437","0","15701","0","0","4251","15701","19952"
"2023-12-22","port1367","Visakhapatnam","India","IND","1","3","1","0","2","5","7","0","232777","0","0","68987","232777","301765","0","0","6745","0","0","6745","6745"
"2021-10-13","port1367","Visakhapatnam","India","IND","2","5","0","0","1","7","8","0","97819","0","0","20036","97819","117855","8022","59313","0","0","0","67336","67336"
"2022-11-18","port1367","Visakhapatnam","India","IND","0","3","0","0","0","3","3","0","100348","0","0","0","100348","100348","0","30126","0","0","0","30126","30126"
"2023-12-23","port1367","Visakhapatnam","India","IND","0","1","0","0","0","1","1","0","79730","0","0","0","79730","79730","0","0","0","0","0","0","0"
"2021-10-14","port1367","Visakhapatnam","India","IND","1","5","0","0","4","6","10","0","164815","0","0","136856","164815","301672","3413","0","0","0","3656","3413","7070"
"2022-11-19","port1367","Visakhapatnam","India","IND","0","9","0","0","2","9","11","0","301483","0","0","10872","301483","312355","0","119185","0","0","41599","119185","160784"
"2023-12-24","port1367","Visakhapatnam","India","IND","1","5","0","0","0","6","6","0","240651","0","0","0","240651","240651","6616","0","0","0","0","6616","6616"
"2021-10-15","port1367","Visakhapatnam","India","IND","0","3","0","0","0","3","3","0","34319","0","0","0","34319","34319","0","139450","0","0","0","139450","139450"
"2022-11-20","port1367","Visakhapatnam","India","IND","0","2","0","0","0","2","2","0","63502","0","0","0","63502","63502","0","0","0","0","0","0","0"
"2023-12-25","port1367","Visakhapatnam","India","IND","0","3","0","0","0","3","3","0","150420","0","0","0","150420","150420","0","15701","0","0","0","15701","15701"
"2021-10-16","port1367","Visakhapatnam","India","IND","0","6","0","0","2","6","8","0","188868","0","0","80816","188868","269685","0","12449","0","0","0","12449","12449"
"2022-11-21","port1367","Visakhapatnam","India","IND","0","2","0","0","2","2","4","0","47316","0","0","136715","47316","184032","0","25433","0","0","0","25433","25433"
"2023-12-26","port1367","Visakhapatnam","India","IND","2","3","0","0","1","5","6","0","191997","0","0","20408","191997","212406","2612","0","0","0","0","2612","2612"
"2021-10-17","port1367","Visakhapatnam","India","IND","1","4","1","0","2","6","8","7516","162640","0","0","120918","170156","291075","0","0","1207","0","8426","1207","9633"
"2022-11-22","port1367","Visakhapatnam","India","IND","2","4","0","0","2","6","8","2017","34547","0","0","10872","36564","47437","2470","32407","0","0","14074","34878","48953"
"2023-12-27","port1367","Visakhapatnam","India","IND","0","3","0","0","0","3","3","0","64646","0","0","0","64646","64646","0","56385","0","0","0","56385","56385"
"2021-10-18","port1367","Visakhapatnam","India","IND","1","3","0","0","2","4","6","0","226993","0","0","60635","226993","287628","16016","15701","0","0","0","31717","31717"
"2022-11-23","port1367","Visakhapatnam","India","IND","2","2","1","0","2","5","7","0","0","0","0","6502","0","6502","9944","79017","3655","0","0","92616","92616"
"2023-12-28","port1367","Visakhapatnam","India","IND","0","4","0","0","1","4","5","0","113237","0","0","100882","113237","214119","0","100801","0","0","0","100801","100801"
"2021-10-19","port1367","Visakhapatnam","India","IND","1","1","1","0","1","3","4","0","37300","2954","0","12985","40255","53241","7898","0","3233","0","0","11131","11131"
"2022-11-24","port1367","Visakhapatnam","India","IND","0","1","0","0","3","1","4","0","0","0","0","47949","0","47949","0","2932","0","0","0","2932","2932"
"2023-12-29","port1367","Visakhapatnam","India","IND","0","4","0","0","2","4","6","0","242594","0","0","0","242594","242594","0","53071","0","0","42287","53071","95359"
"2021-10-20","port1367","Visakhapatnam","India","IND","0","2","0","0","1","2","3","0","107512","0","0","9666","107512","117179","0","15701","0","0","4530","15701","20231"
"2022-11-25","port1367","Visakhapatnam","India","IND","2","2","0","0","1","4","5","0","0","0","0","2844","0","2844","14154","101052","0","0","0","115207","115207"
"2023-12-30","port1367","Visakhapatnam","India","IND","0","5","0","0","1","5","6","0","101244","0","0","4938","101244","106182","0","119337","0","0","0","119337","119337"
"2021-10-21","port1367","Visakhapatnam","India","IND","0","4","0","0","1","4","5","0","172117","0","0","78836","172117","250953","0","32827","0","0","0","32827","32827"
"2022-11-26","port1367","Visakhapatnam","India","IND","0","2","0","0","3","2","5","0","79073","0","0","43921","79073","122994","0","103635","0","0","4251","103635","107887"
"2023-12-31","port1367","Visakhapatnam","India","IND","0","3","0","0","0","3","3","0","71412","0","0","0","71412","71412","0","0","0","0","0","0","0"
"2021-10-22","port1367","Visakhapatnam","India","IND","0","5","0","0","1","5","6","0","83341","0","0","76","83341","83418","0","2400","0","0","4251","2400","6652"
"2022-11-27","port1367","Visakhapatnam","India","IND","0","0","1","0","0","1","1","0","0","0","0","0","0","0","0","0","7023","0","0","7023","7023"
"2024-01-01","port1367","Visakhapatnam","India","IND","1","1","0","0","0","2","2","1558","0","0","0","0","1558","1558","0","75438","0","0","0","75438","75438"
"2021-10-23","port1367","Visakhapatnam","India","IND","0","8","1","0","3","9","12","0","210301","2351","0","114645","212652","327297","0","88674","0","0","27058","88674","115732"
"2022-11-28","port1367","Visakhapatnam","India","IND","2","3","2","0","0","7","7","0","101457","1059","0","0","102517","102517","4548","102530","1572","0","0","108651","108651"
"2024-01-02","port1367","Visakhapatnam","India","IND","0","4","0","0","1","4","5","0","192706","0","0","38573","192706","231279","0","15701","0","0","0","15701","15701"
"2021-10-24","port1367","Visakhapatnam","India","IND","0","4","0","0","1","4","5","0","145489","0","0","0","145489","145489","0","0","0","0","0","0","0"
"2022-11-29","port1367","Visakhapatnam","India","IND","1","1","1","0","1","3","4","0","34319","7581","0","30530","41901","72431","2304","15701","0","0","388","18005","18394"
"2021-10-25","port1367","Visakhapatnam","India","IND","0","3","1","0","0","4","4","0","0","0","0","0","0","0","0","138498","7000","0","0","145499","145499"
"2022-11-30","port1367","Visakhapatnam","India","IND","2","7","1","0","3","10","13","0","293462","2954","0","0","296417","296417","12636","16153","3233","0","28835","32024","60859"
"2024-01-03","port1367","Visakhapatnam","India","IND","2","4","0","0","0","6","6","1849","26711","0","0","0","28560","28560","1690","108931","0","0","0","110621","110621"
"2021-10-26","port1367","Visakhapatnam","India","IND","0","5","0","0","2","5","7","0","224254","0","0","18695","224254","242949","0","69621","0","0","0","69621","69621"
"2022-12-01","port1367","Visakhapatnam","India","IND","1","3","0","0","1","4","5","0","201152","0","0","56723","201152","257876","886","15701","0","0","0","16588","16588"
"2024-01-04","port1367","Visakhapatnam","India","IND","0","3","1","0","0","4","4","0","152593","2954","0","0","155548","155548","0","31402","3233","0","0","34636","34636"
"2021-10-27","port1367","Visakhapatnam","India","IND","1","5","0","0","1","6","7","0","74096","0","0","0","74096","74096","1331","72458","0","0","0","73789","73789"
"2022-12-02","port1367","Visakhapatnam","India","IND","1","3","0","0","0","4","4","0","84289","0","0","0","84289","84289","2603","0","0","0","0","2603","2603"
"2024-01-05","port1367","Visakhapatnam","India","IND","0","3","0","0","0","3","3","0","153363","0","0","0","153363","153363","0","15701","0","0","0","15701","15701"
"2021-10-28","port1367","Visakhapatnam","India","IND","1","11","2","0","3","14","17","0","170742","0","0","60160","170742","230903","19025","203755","11359","0","14074","234141","248216"
"2022-12-03","port1367","Visakhapatnam","India","IND","1","2","0","0","3","3","6","0","11739","0","0","34766","11739","46505","2419","113","0","0","4251","2533","6785"
"2024-01-06","port1367","Visakhapatnam","India","IND","1","3","0","0","0","4","4","0","85339","0","0","0","85339","85339","3751","15701","0","0","0","19452","19452"
"2021-10-29","port1367","Visakhapatnam","India","IND","0","2","0","0","1","2","3","0","113134","0","0","50523","113134","163657","0","15701","0","0","0","15701","15701"
"2022-12-04","port1367","Visakhapatnam","India","IND","0","1","0","0","0","1","1","0","0","0","0","0","0","0","0","51535","0","0","0","51535","51535"
"2024-01-07","port1367","Visakhapatnam","India","IND","0","6","0","0","0","6","6","0","242809","0","0","0","242809","242809","0","28455","0","0","0","28455","28455"
"2021-10-30","port1367","Visakhapatnam","India","IND","2","3","0","0","1","5","6","7107","149033","0","0","25921","156140","182061","1339","0","0","0","0","1339","1339"
"2022-12-05","port1367","Visakhapatnam","India","IND","2","3","0","0","2","5","7","10756","23245","0","0","8329","34001","42331","4138","154313","0","0","45680","158451","204132"
"2024-01-08","port1367","Visakhapatnam","India","IND","0","4","0","0","0","4","4","0","188123","0","0","0","188123","188123","0","56415","0","0","0","56415","56415"
"2021-10-31","port1367","Visakhapatnam","India","IND","1","7","0","0","1","8","9","0","281768","0","0","0","281768","281768","3755","118231","0","0","5212","121987","127199"
"2022-12-06","port1367","Visakhapatnam","India","IND","2","10","0","0","0","12","12","2760","321445","0","0","0","324205","324205","0","158296","0","0","0","158296","158296"
"2024-01-09","port1367","Visakhapatnam","India","IND","2","4","0","0","0","6","6","1653","113253","0","0","0","114906","114906","6951","138795","0","0","0","145747","145747"
"2021-11-01","port1367","Visakhapatnam","India","IND","1","4","1","0","2","6","8","0","170540","0","0","1535","170540","172075","152","31402","2680","0","0","34236","34236"
"2022-12-07","port1367","Visakhapatnam","India","IND","1","2","0","0","2","3","5","1653","68639","0","0","142989","70293","213282","4138","31402","0","0","0","35540","35540"
"2024-01-10","port1367","Visakhapatnam","India","IND","1","5","0","0","1","6","7","0","289108","0","0","21256","289108","310364","806","15701","0","0","0","16507","16507"
"2021-11-02","port1367","Visakhapatnam","India","IND","1","2","1","0","1","4","5","0","164376","5574","0","10872","169950","180822","1084","50822","0","0","14074","51906","65981"
"2022-12-08","port1367","Visakhapatnam","India","IND","2","1","0","0","1","3","4","0","34319","0","0","0","34319","34319","3836","15701","0","0","0","19537","19537"
"2024-01-11","port1367","Visakhapatnam","India","IND","0","4","0","0","0","4","4","0","72816","0","0","0","72816","72816","0","70469","0","0","0","70469","70469"
"2021-11-03","port1367","Visakhapatnam","India","IND","1","3","0","0","4","4","8","1983","81782","0","0","148984","83766","232750","0","73732","0","0","3656","73732","77389"
"2022-12-09","port1367","Visakhapatnam","India","IND","1","6","0","0","0","7","7","0","141476","0","0","0","141476","141476","6674","222814","0","0","0","229489","229489"
"2024-01-12","port1367","Visakhapatnam","India","IND","0","5","0","0","1","5","6","0","144269","0","0","37754","144269","182024","0","114416","0","0","0","114416","114416"
"2021-11-04","port1367","Visakhapatnam","India","IND","1","3","0","0","0","4","4","0","0","0","0","0","0","0","2956","130177","0","0","0","133133","133133"
"2022-12-10","port1367","Visakhapatnam","India","IND","0","1","0","0","0","1","1","0","23590","0","0","0","23590","23590","0","0","0","0","0","0","0"
"2024-01-13","port1367","Visakhapatnam","India","IND","1","2","0","0","0","3","3","1939","47630","0","0","0","49569","49569","0","15701","0","0","0","15701","15701"
"2021-11-05","port1367","Visakhapatnam","India","IND","0","8","0","0","4","8","12","0","315676","0","0","168807","315676","484484","0","58264","0","0","388","58264","58653"
"2022-12-11","port1367","Visakhapatnam","India","IND","1","2","0","0","2","3","5","1653","34319","0","0","76","35973","36050","4138","69941","0","0","32649","74079","106729"
"2024-01-14","port1367","Visakhapatnam","India","IND","0","1","0","0","1","1","2","0","0","0","0","30530","0","30530","0","33190","0","0","388","33190","33579"
"2021-11-06","port1367","Visakhapatnam","India","IND","0","5","0","0","0","5","5","0","297696","0","0","0","297696","297696","0","85187","0","0","0","85187","85187"
"2022-12-12","port1367","Visakhapatnam","India","IND","2","9","0","0","1","11","12","1653","320204","0","0","46641","321858","368500","6045","22764","0","0","0","28809","28809"
"2024-01-15","port1367","Visakhapatnam","India","IND","0","3","0","0","0","3","3","0","199333","0","0","0","199333","199333","0","64838","0","0","0","64838","64838"
"2021-11-07","port1367","Visakhapatnam","India","IND","1","0","1","0","1","2","3","0","0","0","0","0","0","0","15523","0","4344","0","0","19867","19867"
"2022-12-13","port1367","Visakhapatnam","India","IND","0","9","1","0","2","10","12","0","242096","14107","0","7088","256204","263293","0","131589","0","0","0","131589","131589"
"2021-11-08","port1367","Visakhapatnam","India","IND","0","2","2","0","1","4","5","0","86220","10461","0","0","96681","96681","0","15701","175","0","0","15876","15876"
"2022-12-14","port1367","Visakhapatnam","India","IND","2","1","0","0","2","3","5","0","34319","0","0","13691","34319","48010","11376","15701","0","0","0","27077","27077"
"2021-11-09","port1367","Visakhapatnam","India","IND","0","1","0","0","1","1","2","0","34319","0","0","0","34319","34319","0","15701","0","0","7307","15701","23009"
"2024-01-16","port1367","Visakhapatnam","India","IND","0","3","0","0","1","3","4","0","85681","0","0","43094","85681","128776","0","51226","0","0","0","51226","51226"
"2022-12-15","port1367","Visakhapatnam","India","IND","0","4","1","0","2","5","7","0","280360","4071","0","76135","284431","360567","0","46356","0","0","0","46356","46356"
"2021-11-10","port1367","Visakhapatnam","India","IND","1","2","0","0","0","3","3","0","48216","0","0","0","48216","48216","2240","15701","0","0","0","17941","17941"
"2024-01-17","port1367","Visakhapatnam","India","IND","0","0","1","0","1","1","2","0","0","4048","0","0","4048","4048","0","0","0","0","0","0","0"
"2022-12-16","port1367","Visakhapatnam","India","IND","1","5","1","0","0","7","7","0","56241","4578","0","0","60819","60819","4136","191295","0","0","0","195431","195431"
"2021-11-11","port1367","Visakhapatnam","India","IND","0","6","1","0","1","7","8","0","111625","0","0","76","111625","111702","0","120455","3142","0","4251","123598","127849"
"2024-01-18","port1367","Visakhapatnam","India","IND","1","2","1","0","0","4","4","0","0","10599","0","0","10599","10599","3022","102813","0","0","0","105835","105835"
"2022-12-17","port1367","Visakhapatnam","India","IND","1","3","0","0","2","4","6","0","60251","0","0","61288","60251","121539","8321","29483","0","0","0","37804","37804"
"2021-11-12","port1367","Visakhapatnam","India","IND","0","1","0","0","0","1","1","0","26314","0","0","0","26314","26314","0","0","0","0","0","0","0"
"2024-01-19","port1367","Visakhapatnam","India","IND","0","6","0","0","2","6","8","0","325276","0","0","30530","325276","355806","0","31402","0","0","33625","31402","65027"
"2022-12-18","port1367","Visakhapatnam","India","IND","0","3","0","0","0","3","3","0","83956","0","0","0","83956","83956","0","15701","0","0","0","15701","15701"
"2021-11-13","port1367","Visakhapatnam","India","IND","0","3","0","0","2","3","5","0","186856","0","0","110428","186856","297285","0","0","0","0","0","0","0"
"2024-01-20","port1367","Visakhapatnam","India","IND","0","4","1","0","0","5","5","0","24835","8266","0","0","33102","33102","0","188633","0","0","0","188633","188633"
"2022-12-19","port1367","Visakhapatnam","India","IND","1","6","1","0","2","8","10","0","218630","0","0","17075","218630","235705","1622","103426","9540","0","0","114589","114589"
"2021-11-14","port1367","Visakhapatnam","India","IND","1","3","0","0","2","4","6","3807","83700","0","0","33184","87508","120692","0","15701","0","0","0","15701","15701"
"2024-01-21","port1367","Visakhapatnam","India","IND","0","1","0","0","0","1","1","0","34319","0","0","0","34319","34319","0","15701","0","0","0","15701","15701"
"2022-12-20","port1367","Visakhapatnam","India","IND","0","6","0","0","1","6","7","0","142976","0","0","18263","142976","161239","0","101333","0","0","0","101333","101333"
"2021-11-15","port1367","Visakhapatnam","India","IND","0","5","1","0","1","6","7","0","68639","0","0","0","68639","68639","0","162235","5497","0","0","167733","167733"
"2024-01-22","port1367","Visakhapatnam","India","IND","1","2","0","0","0","3","3","4109","148024","0","0","0","152133","152133","0","0","0","0","0","0","0"
"2022-12-21","port1367","Visakhapatnam","India","IND","3","5","0","0","1","8","9","0","126274","0","0","0","126274","126274","27314","66928","0","0","0","94243","94243"
"2021-11-16","port1367","Visakhapatnam","India","IND","0","2","0","0","0","2","2","0","86478","0","0","0","86478","86478","0","15701","0","0","0","15701","15701"
"2024-01-23","port1367","Visakhapatnam","India","IND","0","4","1","0","0","5","5","0","410601","0","0","0","410601","410601","0","0","12630","0","0","12630","12630"
"2022-12-22","port1367","Visakhapatnam","India","IND","1","4","1","0","3","6","9","0","88165","20339","0","109134","108504","217638","2953","31417","0","0","14074","34371","48446"
"2021-11-17","port1367","Visakhapatnam","India","IND","0","5","0","0","1","5","6","0","181085","0","0","0","181085","181085","0","115538","0","0","0","115538","115538"
"2024-01-24","port1367","Visakhapatnam","India","IND","0","3","0","0","2","3","5","0","166518","0","0","40197","166518","206716","0","103477","0","0","4918","103477","108396"
"2022-12-23","port1367","Visakhapatnam","India","IND","1","3","2","0","2","6","8","0","98172","926","0","64378","99099","163477","10805","103635","12382","0","0","126823","126823"
"2021-11-18","port1367","Visakhapatnam","India","IND","0","0","2","0","2","2","4","0","0","13142","0","59380","13142","72523","0","0","3233","0","14074","3233","17308"
"2024-01-25","port1367","Visakhapatnam","India","IND","0","4","0","0","0","4","4","0","84771","0","0","0","84771","84771","0","82638","0","0","0","82638","82638"
"2022-12-24","port1367","Visakhapatnam","India","IND","0","5","0","0","0","5","5","0","149852","0","0","0","149852","149852","0","15701","0","0","0","15701","15701"
"2021-11-19","port1367","Visakhapatnam","India","IND","0","3","0","0","0","3","3","0","107137","0","0","0","107137","107137","0","15701","0","0","0","15701","15701"
"2024-01-26","port1367","Visakhapatnam","India","IND","0","2","0","0","0","2","2","0","113876","0","0","0","113876","113876","0","15701","0","0","0","15701","15701"
"2022-12-25","port1367","Visakhapatnam","India","IND","1","3","0","0","2","4","6","0","133276","0","0","64933","133276","198210","5205","54240","0","0","0","59445","59445"
"2021-11-20","port1367","Visakhapatnam","India","IND","0","5","0","0","0","5","5","0","311355","0","0","0","311355","311355","0","42312","0","0","0","42312","42312"
"2024-01-27","port1367","Visakhapatnam","India","IND","0","2","1","0","0","3","3","0","0","2954","0","0","2954","2954","0","54438","3233","0","0","57672","57672"
"2022-12-26","port1367","Visakhapatnam","India","IND","2","5","0","0","1","7","8","5889","262974","0","0","0","268863","268863","20713","0","0","0","964","20713","21677"
"2021-11-21","port1367","Visakhapatnam","India","IND","0","1","0","0","0","1","1","0","24379","0","0","0","24379","24379","0","0","0","0","0","0","0"
"2024-01-28","port1367","Visakhapatnam","India","IND","0","0","0","0","1","0","1","0","0","0","0","9666","0","9666","0","0","0","0","4530","0","4530"
"2022-12-27","port1367","Visakhapatnam","India","IND","0","5","0","0","1","5","6","0","21799","0","0","8331","21799","30131","0","93310","0","0","0","93310","93310"
"2024-01-29","port1367","Visakhapatnam","India","IND","0","5","0","0","2","5","7","0","90168","0","0","92928","90168","183097","0","84340","0","0","0","84340","84340"
"2022-12-28","port1367","Visakhapatnam","India","IND","2","2","1","0","2","5","7","0","0","12655","0","53309","12655","65965","14334","80304","0","0","0","94638","94638"
"2021-11-22","port1367","Visakhapatnam","India","IND","1","3","0","0","2","4","6","5746","73140","0","0","26207","78886","105094","0","83599","0","0","8426","83599","92025"
"2024-01-30","port1367","Visakhapatnam","India","IND","0","2","1","0","0","3","3","0","34319","2954","0","0","37274","37274","0","86583","3233","0","0","89817","89817"
"2022-12-29","port1367","Visakhapatnam","India","IND","1","3","0","0","0","4","4","0","201348","0","0","0","201348","201348","5131","0","0","0","0","5131","5131"
"2021-11-23","port1367","Visakhapatnam","India","IND","1","4","0","0","1","5","6","2817","102959","0","0","48268","105776","154045","0","47104","0","0","3734","47104","50838"
"2024-01-31","port1367","Visakhapatnam","India","IND","2","2","0","0","2","4","6","1653","34319","0","0","30530","35973","66503","4138","118231","0","0","36188","122369","158557"
"2022-12-30","port1367","Visakhapatnam","India","IND","0","5","0","0","3","5","8","0","171110","0","0","25954","171110","197064","0","64278","0","0","0","64278","64278"
"2021-11-24","port1367","Visakhapatnam","India","IND","0","4","1","0","0","5","5","0","149035","10267","0","0","159302","159302","0","87096","0","0","0","87096","87096"
"2024-02-01","port1367","Visakhapatnam","India","IND","0","2","0","0","0","2","2","0","68639","0","0","0","68639","68639","0","31402","0","0","0","31402","31402"
"2022-12-31","port1367","Visakhapatnam","India","IND","0","5","0","0","2","5","7","0","142371","0","0","78745","142371","221116","0","172187","0","0","0","172187","172187"
"2021-11-25","port1367","Visakhapatnam","India","IND","0","0","0","0","1","0","1","0","0","0","0","0","0","0","0","0","0","0","0","0","0"
"2024-02-02","port1367","Visakhapatnam","India","IND","0","3","0","0","0","3","3","0","99654","0","0","0","99654","99654","0","13695","0","0","0","13695","13695"
"2023-01-01","port1367","Visakhapatnam","India","IND","1","3","0","0","1","4","5","0","115549","0","0","2791","115549","118341","4479","0","0","0","0","4479","4479"
"2021-11-26","port1367","Visakhapatnam","India","IND","0","3","0","0","1","3","4","0","55733","0","0","30593","55733","86326","0","92916","0","0","0","92916","92916"
"2024-02-03","port1367","Visakhapatnam","India","IND","0","0","0","0","2","0","2","0","0","0","0","43785","0","43785","0","0","0","0","4251","0","4251"
"2023-01-02","port1367","Visakhapatnam","India","IND","2","10","0","0","1","12","13","1968","447897","0","0","0","449866","449866","422","46356","0","0","0","46779","46779"
"2021-11-27","port1367","Visakhapatnam","India","IND","0","1","0","0","0","1","1","0","0","0","0","0","0","0","0","39687","0","0","0","39687","39687"
"2024-02-04","port1367","Visakhapatnam","India","IND","0","1","1","0","0","2","2","0","34319","2954","0","0","37274","37274","0","15701","3233","0","0","18935","18935"
"2023-01-03","port1367","Visakhapatnam","India","IND","1","1","0","0","1","2","3","459","127269","0","0","43594","127728","171322","0","0","0","0","0","0","0"
"2021-11-28","port1367","Visakhapatnam","India","IND","0","2","1","0","0","3","3","0","6881","2954","0","0","9836","9836","0","27784","3233","0","0","31018","31018"
"2024-02-05","port1367","Visakhapatnam","India","IND","1","0","0","0","0","1","1","0","0","0","0","0","0","0","25","0","0","0","0","25","25"
"2023-01-04","port1367","Visakhapatnam","India","IND","2","10","0","0","0","12","12","4435","278997","0","0","0","283433","283433","0","229777","0","0","0","229777","229777"
"2021-11-29","port1367","Visakhapatnam","India","IND","0","3","0","0","0","3","3","0","76970","0","0","0","76970","76970","0","16050","0","0","0","16050","16050"
"2024-02-06","port1367","Visakhapatnam","India","IND","0","2","0","0","0","2","2","0","72914","0","0","0","72914","72914","0","15701","0","0","0","15701","15701"
"2023-01-05","port1367","Visakhapatnam","India","IND","1","5","0","0","2","6","8","2599","53942","0","0","61925","56542","118468","0","61726","0","0","8426","61726","70152"
"2021-11-30","port1367","Visakhapatnam","India","IND","0","4","1","0","0","5","5","0","110559","13603","0","0","124162","124162","0","33592","0","0","0","33592","33592"
"2024-02-07","port1367","Visakhapatnam","India","IND","0","1","0","0","0","1","1","0","0","0","0","0","0","0","0","103635","0","0","0","103635","103635"
"2023-01-06","port1367","Visakhapatnam","India","IND","1","3","0","0","3","4","7","0","215600","0","0","38738","215600","254338","5660","0","0","0","4251","5660","9912"
"2021-12-01","port1367","Visakhapatnam","India","IND","1","0","1","0","0","2","2","1653","0","0","0","0","1653","1653","4138","0","9609","0","0","13747","13747"
"2024-02-08","port1367","Visakhapatnam","India","IND","1","1","0","0","0","2","2","0","81986","0","0","0","81986","81986","3283","0","0","0","0","3283","3283"
"2023-01-07","port1367","Visakhapatnam","India","IND","0","4","0","0","0","4","4","0","93242","0","0","0","93242","93242","0","54092","0","0","0","54092","54092"
"2021-12-02","port1367","Visakhapatnam","India","IND","0","3","0","0","0","3","3","0","102959","0","0","0","102959","102959","0","47104","0","0","0","47104","47104"
"2024-02-09","port1367","Visakhapatnam","India","IND","0","4","0","0","1","4","5","0","78982","0","0","76","78982","79059","0","115077","0","0","4251","115077","119328"
"2023-01-08","port1367","Visakhapatnam","India","IND","0","3","2","0","1","5","6","0","17811","9659","0","42540","27470","70011","0","106733","4075","0","0","110809","110809"
"2021-12-03","port1367","Visakhapatnam","India","IND","0","2","1","0","0","3","3","0","181959","2954","0","0","184914","184914","0","0","3233","0","0","3233","3233"
"2024-02-10","port1367","Visakhapatnam","India","IND","1","2","0","0","1","3","4","1653","78951","0","0","9666","80604","90271","4138","15701","0","0","4530","19839","24369"
"2023-01-09","port1367","Visakhapatnam","India","IND","0","4","0","0","1","4","5","0","71548","0","0","2387","71548","73936","0","122772","0","0","0","122772","122772"
"2021-12-04","port1367","Visakhapatnam","India","IND","1","1","0","0","0","2","2","0","61096","0","0","0","61096","61096","1124","0","0","0","0","1124","1124"
"2024-02-11","port1367","Visakhapatnam","India","IND","0","3","0","0","1","3","4","0","236926","0","0","45822","236926","282748","0","31402","0","0","0","31402","31402"
"2023-01-10","port1367","Visakhapatnam","India","IND","2","2","0","0","2","4","6","6864","34319","0","0","40900","41184","82084","8217","22585","0","0","0","30802","30802"
"2024-02-12","port1367","Visakhapatnam","India","IND","0","4","0","0","0","4","4","0","214081","0","0","0","214081","214081","0","69844","0","0","0","69844","69844"
"2023-01-11","port1367","Visakhapatnam","India","IND","1","6","0","0","3","7","10","0","198849","0","0","24895","198849","223744","5814","191072","0","0","65339","196886","262226"
"2024-02-13","port1367","Visakhapatnam","India","IND","1","4","0","0","0","5","5","0","118394","0","0","0","118394","118394","3857","85960","0","0","0","89818","89818"
"2021-12-05","port1367","Visakhapatnam","India","IND","0","4","1","0","1","5","6","0","112801","2954","0","0","115756","115756","0","15701","3233","0","4020","18935","22955"
"2023-01-12","port1367","Visakhapatnam","India","IND","1","2","1","0","2","4","6","0","98780","8681","0","40936","107461","148398","8589","0","0","0","0","8589","8589"
"2024-02-14","port1367","Visakhapatnam","India","IND","1","2","0","0","1","3","4","0","82890","0","0","2107","82890","84998","1390","15701","0","0","0","17091","17091"
"2021-12-06","port1367","Visakhapatnam","India","IND","0","0","0","0","0","0","0","0","0","0","0","0","0","0","0","0","0","0","0","0","0"
"2023-01-13","port1367","Visakhapatnam","India","IND","3","2","0","0","3","5","8","880","46145","0","0","103291","47026","150317","6052","51214","0","0","18683","57267","75950"
"2024-02-15","port1367","Visakhapatnam","India","IND","0","2","2","0","0","4","4","0","32933","5770","0","0","38704","38704","0","78067","12415","0","0","90482","90482"
"2021-12-07","port1367","Visakhapatnam","India","IND","0","2","0","0","1","2","3","0","67681","0","0","3338","67681","71020","0","0","0","0","0","0","0"
"2023-01-14","port1367","Visakhapatnam","India","IND","1","3","0","0","1","4","5","0","69824","0","0","0","69824","69824","6654","31402","0","0","0","38056","38056"
"2024-02-16","port1367","Visakhapatnam","India","IND","0","4","0","0","2","4","6","0","169334","0","0","70548","169334","239883","0","42071","0","0","0","42071","42071"
"2021-12-08","port1367","Visakhapatnam","India","IND","1","9","0","0","0","10","10","0","387644","0","0","0","387644","387644","2561","47104","0","0","0","49665","49665"
"2023-01-15","port1367","Visakhapatnam","India","IND","0","5","0","0","2","5","7","0","58527","0","0","0","58527","58527","0","128533","0","0","0","128533","128533"
"2024-02-17","port1367","Visakhapatnam","India","IND","2","3","0","0","1","5","6","4253","173245","0","0","0","177499","177499","10490","89210","0","0","34229","99700","133929"
"2021-12-09","port1367","Visakhapatnam","India","IND","1","2","0","0","0","3","3","0","34319","0","0","0","34319","34319","4680","50510","0","0","0","55191","55191"
"2023-01-16","port1367","Visakhapatnam","India","IND","0","4","0","0","1","4","5","0","290887","0","0","0","290887","290887","0","0","0","0","6235","0","6235"
"2024-02-18","port1367","Visakhapatnam","India","IND","1","1","0","0","1","2","3","513","34319","0","0","76","34833","34910","0","15701","0","0","4251","15701","19952"
"2021-12-10","port1367","Visakhapatnam","India","IND","1","3","0","0","3","4","7","0","85586","0","0","96329","85586","181916","6732","78979","0","0","17731","85712","103443"
"2023-01-17","port1367","Visakhapatnam","India","IND","1","0","0","0","1","1","2","436","0","0","0","9666","436","10103","0","0","0","0","4530","0","4530"
"2024-02-19","port1367","Visakhapatnam","India","IND","1","0","0","0","0","1","1","0","0","0","0","0","0","0","3751","0","0","0","0","3751","3751"
"2021-12-11","port1367","Visakhapatnam","India","IND","0","3","1","0","0","4","4","0","198919","2954","0","0","201874","201874","0","15701","3233","0","0","18935","18935"
"2023-01-18","port1367","Visakhapatnam","India","IND","1","6","0","0","2","7","9","2169","134719","0","0","49485","136888","186374","0","107386","0","0","0","107386","107386"
"2024-02-20","port1367","Visakhapatnam","India","IND","0","4","1","0","0","5","5","0","239495","2954","0","0","242450","242450","0","81531","3233","0","0","84765","84765"
"2021-12-12","port1367","Visakhapatnam","India","IND","0","2","0","0","0","2","2","0","34319","0","0","0","34319","34319","0","16866","0","0","0","16866","16866"
"2023-01-19","port1367","Visakhapatnam","India","IND","1","6","0","0","0","7","7","17335","297557","0","0","0","314892","314892","0","50135","0","0","0","50135","50135"
"2024-02-21","port1367","Visakhapatnam","India","IND","0","4","0","0","0","4","4","0","34319","0","0","0","34319","34319","0","131825","0","0","0","131825","131825"
"2021-12-13","port1367","Visakhapatnam","India","IND","0","3","0","0","1","3","4","0","110206","0","0","3325","110206","113532","0","65078","0","0","0","65078","65078"
"2023-01-20","port1367","Visakhapatnam","India","IND","2","4","1","0","2","7","9","0","64431","5411","0","67513","69843","137356","10573","172701","0","0","0","183275","183275"
"2024-02-22","port1367","Visakhapatnam","India","IND","1","3","0","0","0","4","4","5427","50597","0","0","0","56025","56025","0","95694","0","0","0","95694","95694"
"2021-12-14","port1367","Visakhapatnam","India","IND","0","3","1","0","0","4","4","0","62947","0","0","0","62947","62947","0","65837","3396","0","0","69233","69233"
"2023-01-21","port1367","Visakhapatnam","India","IND","1","5","1","0","1","7","8","1108","237196","0","0","38648","238304","276952","0","0","7900","0","0","7900","7900"
"2024-02-23","port1367","Visakhapatnam","India","IND","1","4","0","0","0","5","5","510","68639","0","0","0","69150","69150","0","108721","0","0","0","108721","108721"
"2021-12-15","port1367","Visakhapatnam","India","IND","1","0","0","0","0","1","1","1653","0","0","0","0","1653","1653","4138","0","0","0","0","4138","4138"
"2023-01-22","port1367","Visakhapatnam","India","IND","2","5","1","0","1","8","9","0","115837","2954","0","31664","118792","150457","10777","237055","3233","0","0","251066","251066"
"2024-02-24","port1367","Visakhapatnam","India","IND","0","4","0","0","0","4","4","0","247143","0","0","0","247143","247143","0","0","0","0","0","0","0"
"2021-12-16","port1367","Visakhapatnam","India","IND","1","5","0","0","0","6","6","0","105327","0","0","0","105327","105327","6652","50459","0","0","0","57111","57111"
"2023-01-23","port1367","Visakhapatnam","India","IND","0","5","0","0","3","5","8","0","225037","0","0","11645","225037","236682","0","15701","0","0","6235","15701","21936"
"2024-02-25","port1367","Visakhapatnam","India","IND","2","2","0","0","1","4","5","1653","78938","0","0","76","80592","80669","11829","0","0","0","4251","11829","16081"
"2021-12-17","port1367","Visakhapatnam","India","IND","0","6","0","0","0","6","6","0","243234","0","0","0","243234","243234","0","31402","0","0","0","31402","31402"
"2023-01-24","port1367","Visakhapatnam","India","IND","2","3","0","0","2","5","7","1169","124489","0","0","4584","125658","130242","8700","0","0","0","0","8700","8700"
"2021-12-18","port1367","Visakhapatnam","India","IND","1","6","0","0","1","7","8","0","209593","0","0","50144","209593","259738","9059","69570","0","0","0","78630","78630"
"2023-01-25","port1367","Visakhapatnam","India","IND","2","2","1","0","1","5","6","0","146294","17886","0","16078","164181","180260","12701","0","0","0","0","12701","12701"
"2021-12-19","port1367","Visakhapatnam","India","IND","0","1","0","0","0","1","1","0","45460","0","0","0","45460","45460","0","0","0","0","0","0","0"
"2024-02-26","port1367","Visakhapatnam","India","IND","0","4","0","0","1","4","5","0","208392","0","0","0","208392","208392","0","31402","0","0","0","31402","31402"
"2023-01-26","port1367","Visakhapatnam","India","IND","1","3","0","0","2","4","6","0","46972","0","0","70015","46972","116987","5636","77039","0","0","0","82676","82676"
"2021-12-20","port1367","Visakhapatnam","India","IND","1","4","0","0","0","5","5","1653","136141","0","0","0","137794","137794","4138","15701","0","0","0","19839","19839"
"2024-02-27","port1367","Visakhapatnam","India","IND","1","4","1","0","2","6","8","1653","156445","7925","0","48268","166024","214293","4138","31402","0","0","26793","35540","62333"
"2023-01-27","port1367","Visakhapatnam","India","IND","1","2","0","0","0","3","3","0","82213","0","0","0","82213","82213","8181","0","0","0","0","8181","8181"
"2021-12-21","port1367","Visakhapatnam","India","IND","1","1","1","0","0","3","3","0","26352","0","0","0","26352","26352","4025","0","0","0","0","4025","4025"
"2024-02-28","port1367","Visakhapatnam","India","IND","1","5","0","0","1","6","7","1653","105698","0","0","30530","107352","137882","4138","149085","0","0","388","153223","153611"
"2023-01-28","port1367","Visakhapatnam","India","IND","0","6","0","0","2","6","8","0","131325","0","0","43594","131325","174919","0","165449","0","0","30486","165449","195935"
"2021-12-22","port1367","Visakhapatnam","India","IND","0","3","1","0","4","4","8","0","203144","0","0","118415","203144","321559","0","59283","361","0","27058","59645","86703"
"2024-02-29","port1367","Visakhapatnam","India","IND","1","6","1","0","1","8","9","3663","257184","13143","0","9666","273991","283657","0","103353","0","0","4530","103353","107883"
"2023-01-29","port1367","Visakhapatnam","India","IND","0","2","0","0","0","2","2","0","26080","0","0","0","26080","26080","0","0","0","0","0","0","0"
"2021-12-23","port1367","Visakhapatnam","India","IND","0","1","0","0","0","1","1","0","34319","0","0","0","34319","34319","0","15701","0","0","0","15701","15701"
"2024-03-01","port1367","Visakhapatnam","India","IND","0","7","0","0","2","7","9","0","151358","0","0","1872","151358","153231","0","136354","0","0","46805","136354","183160"
"2023-01-30","port1367","Visakhapatnam","India","IND","2","2","0","0","0","4","4","0","74700","0","0","0","74700","74700","10170","0","0","0","0","10170","10170"
"2021-12-24","port1367","Visakhapatnam","India","IND","1","6","0","0","1","7","8","0","352722","0","0","44030","352722","396753","9592","53975","0","0","0","63568","63568"
"2024-03-02","port1367","Visakhapatnam","India","IND","0","2","0","0","0","2","2","0","28191","0","0","0","28191","28191","0","78907","0","0","0","78907","78907"
"2023-01-31","port1367","Visakhapatnam","India","IND","1","3","0","0","1","4","5","10031","60527","0","0","0","70559","70559","0","78045","0","0","6235","78045","84280"
"2021-12-25","port1367","Visakhapatnam","India","IND","0","0","0","0","0","0","0","0","0","0","0","0","0","0","0","0","0","0","0","0","0"
"2024-03-03","port1367","Visakhapatnam","India","IND","0","3","0","0","1","3","4","0","34319","0","0","48268","34319","82588","0","109238","0","0","3734","109238","112973"
"2023-02-01","port1367","Visakhapatnam","India","IND","2","2","0","0","0","4","4","0","34319","0","0","0","34319","34319","10686","71022","0","0","0","81709","81709"
"2021-12-26","port1367","Visakhapatnam","India","IND","0","1","0","0","0","1","1","0","0","0","0","0","0","0","0","0","0","0","0","0","0"
"2024-03-04","port1367","Visakhapatnam","India","IND","0","6","0","0","2","6","8","0","506111","0","0","76","506111","506188","0","44981","0","0","4251","44981","49233"
"2023-02-02","port1367","Visakhapatnam","India","IND","0","4","0","0","1","4","5","0","99718","0","0","0","99718","99718","0","47615","0","0","0","47615","47615"
"2021-12-27","port1367","Visakhapatnam","India","IND","0","3","0","0","2","3","5","0","61319","0","0","28463","61319","89782","0","51201","0","0","4530","51201","55731"
"2024-03-05","port1367","Visakhapatnam","India","IND","0","2","0","0","0","2","2","0","68639","0","0","0","68639","68639","0","31402","0","0","0","31402","31402"
"2023-02-03","port1367","Visakhapatnam","India","IND","1","2","0","0","1","3","4","0","80044","0","0","23667","80044","103712","11247","54767","0","0","0","66014","66014"
"2021-12-28","port1367","Visakhapatnam","India","IND","0","2","0","0","0","2","2","0","25402","0","0","0","25402","25402","0","51344","0","0","0","51344","51344"
"2024-03-06","port1367","Visakhapatnam","India","IND","0","3","0","0","0","3","3","0","73894","0","0","0","73894","73894","0","16257","0","0","0","16257","16257"
"2023-02-04","port1367","Visakhapatnam","India","IND","1","3","0","0","1","4","5","0","0","0","0","67949","0","67949","7357","55413","0","0","0","62770","62770"
"2021-12-29","port1367","Visakhapatnam","India","IND","2","1","0","0","1","3","4","9480","34319","0","0","0","43800","43800","0","15701","0","0","0","15701","15701"
"2024-03-07","port1367","Visakhapatnam","India","IND","0","4","0","0","1","4","5","0","111924","0","0","0","111924","111924","0","146318","0","0","37930","146318","184248"
"2023-02-05","port1367","Visakhapatnam","India","IND","0","7","0","0","0","7","7","0","150605","0","0","0","150605","150605","0","42051","0","0","0","42051","42051"
"2021-12-30","port1367","Visakhapatnam","India","IND","0","3","0","0","0","3","3","0","26433","0","0","0","26433","26433","0","54427","0","0","0","54427","54427"
"2024-03-08","port1367","Visakhapatnam","India","IND","0","4","0","0","1","4","5","0","60686","0","0","51100","60686","111786","0","69880","0","0","0","69880","69880"
"2023-02-06","port1367","Visakhapatnam","India","IND","0","3","0","0","0","3","3","0","26440","0","0","0","26440","26440","0","112978","0","0","0","112978","112978"
"2021-12-31","port1367","Visakhapatnam","India","IND","0","3","0","0","1","3","4","0","34319","0","0","48268","34319","82588","0","107602","0","0","3734","107602","111337"
"2024-03-09","port1367","Visakhapatnam","India","IND","0","2","0","0","0","2","2","0","26802","0","0","0","26802","26802","0","15861","0","0","0","15861","15861"
"2023-02-07","port1367","Visakhapatnam","India","IND","0","3","0","0","3","3","6","0","78593","0","0","14095","78593","92688","0","23536","0","0","14661","23536","38197"
"2024-03-10","port1367","Visakhapatnam","India","IND","0","3","0","0","0","3","3","0","150071","0","0","0","150071","150071","0","15701","0","0","0","15701","15701"
"2023-02-08","port1367","Visakhapatnam","India","IND","0","4","0","0","0","4","4","0","96855","0","0","0","96855","96855","0","180484","0","0","0","180484","180484"
"2022-01-01","port1367","Visakhapatnam","India","IND","1","3","1","0","2","5","7","0","112267","0","0","99071","112267","211338","8478","18099","0","0","3734","26577","30312"
"2024-03-11","port1367","Visakhapatnam","India","IND","0","4","0","0","1","4","5","0","102959","0","0","14095","102959","117054","0","47104","0","0","8426","47104","55530"
"2023-02-09","port1367","Visakhapatnam","India","IND","0","0","0","0","1","0","1","0","0","0","0","19473","0","19473","0","0","0","0","0","0","0"
"2022-01-02","port1367","Visakhapatnam","India","IND","1","3","0","0","1","4","5","0","88375","0","0","0","88375","88375","890","119337","0","0","1653","120227","121880"
"2024-03-12","port1367","Visakhapatnam","India","IND","1","4","0","0","1","5","6","0","118325","0","0","736","118325","119062","0","15701","0","0","0","15701","15701"
"2023-02-10","port1367","Visakhapatnam","India","IND","1","3","0","0","0","4","4","0","78571","0","0","0","78571","78571","6198","31675","0","0","0","37873","37873"
"2022-01-03","port1367","Visakhapatnam","India","IND","0","1","0","0","0","1","1","0","170125","0","0","0","170125","170125","0","0","0","0","0","0","0"
"2024-03-13","port1367","Visakhapatnam","India","IND","1","4","0","0","2","5","7","0","137278","0","0","62218","137278","199497","8221","62805","0","0","0","71026","71026"
"2023-02-11","port1367","Visakhapatnam","India","IND","0","1","0","0","0","1","1","0","57915","0","0","0","57915","57915","0","0","0","0","0","0","0"
"2022-01-04","port1367","Visakhapatnam","India","IND","0","4","0","0","0","4","4","0","34319","0","0","0","34319","34319","0","93471","0","0","0","93471","93471"
"2024-03-14","port1367","Visakhapatnam","India","IND","1","3","0","0","1","4","5","3663","123915","0","0","6235","127578","133813","0","71323","0","0","0","71323","71323"
"2023-02-12","port1367","Visakhapatnam","India","IND","1","3","0","0","3","4","7","0","63187","0","0","127391","63187","190579","8228","31460","0","0","388","39688","40077"
"2022-01-05","port1367","Visakhapatnam","India","IND","1","1","0","0","0","2","2","11339","0","0","0","0","11339","11339","0","37217","0","0","0","37217","37217"
"2024-03-15","port1367","Visakhapatnam","India","IND","0","5","1","0","1","6","7","0","144707","0","0","0","144707","144707","0","97998","2784","0","0","100783","100783"
"2023-02-13","port1367","Visakhapatnam","India","IND","2","7","1","0","1","10","11","1346","217590","7356","0","42696","226293","268989","17004","90127","0","0","0","107132","107132"
"2022-01-06","port1367","Visakhapatnam","India","IND","0","2","0","0","1","2","3","0","38669","0","0","30530","38669","69199","0","15701","0","0","388","15701","16089"
"2024-03-16","port1367","Visakhapatnam","India","IND","0","4","0","0","2","4","6","0","98893","0","0","134031","98893","232925","0","55063","0","0","0","55063","55063"
"2023-02-14","port1367","Visakhapatnam","India","IND","1","4","1","0","2","6","8","0","147505","2954","0","16088","150460","166548","4661","83125","3233","0","24734","91021","115755"
"2022-01-07","port1367","Visakhapatnam","India","IND","0","4","0","0","0","4","4","0","68639","0","0","0","68639","68639","0","56249","0","0","0","56249","56249"
"2024-03-17","port1367","Visakhapatnam","India","IND","0","3","0","0","1","3","4","0","53796","0","0","76","53796","53873","0","73626","0","0","4251","73626","77877"
"2023-02-15","port1367","Visakhapatnam","India","IND","0","1","0","0","2","1","3","0","0","0","0","9666","0","9666","0","70131","0","0","9824","70131","79955"
"2022-01-08","port1367","Visakhapatnam","India","IND","0","0","0","0","0","0","0","0","0","0","0","0","0","0","0","0","0","0","0","0","0"
"2024-03-18","port1367","Visakhapatnam","India","IND","2","2","0","0","1","4","5","470","85209","0","0","0","85679","85679","2054","15701","0","0","36258","17756","54014"
"2023-02-16","port1367","Visakhapatnam","India","IND","0","6","0","0","1","6","7","0","190681","0","0","48268","190681","238950","0","123043","0","0","3734","123043","126777"
"2022-01-09","port1367","Visakhapatnam","India","IND","1","1","0","0","0","2","2","3565","34319","0","0","0","37885","37885","0","15701","0","0","0","15701","15701"
"2024-03-19","port1367","Visakhapatnam","India","IND","0","2","0","0","0","2","2","0","84173","0","0","0","84173","84173","0","0","0","0","0","0","0"
"2023-02-17","port1367","Visakhapatnam","India","IND","1","3","0","0","1","4","5","0","61886","0","0","0","61886","61886","16031","36869","0","0","0","52901","52901"
"2022-01-10","port1367","Visakhapatnam","India","IND","2","9","2","0","1","13","14","1653","334430","12601","0","3803","348686","352489","11202","31275","0","0","0","42477","42477"
"2024-03-20","port1367","Visakhapatnam","India","IND","1","4","2","0","0","7","7","0","176349","12395","0","0","188745","188745","9744","31402","3040","0","0","44187","44187"
"2023-02-18","port1367","Visakhapatnam","India","IND","0","4","0","0","0","4","4","0","157876","0","0","0","157876","157876","0","0","0","0","0","0","0"
"2022-01-11","port1367","Visakhapatnam","India","IND","0","3","0","0","2","3","5","0","0","0","0","52813","0","52813","0","158301","0","0","0","158301","158301"
"2024-03-21","port1367","Visakhapatnam","India","IND","1","3","0","0","1","4","5","0","31329","0","0","0","31329","31329","8717","47458","0","0","0","56175","56175"
"2023-02-19","port1367","Visakhapatnam","India","IND","0","3","0","0","2","3","5","0","79411","0","0","46353","79411","125765","0","55062","0","0","0","55062","55062"
"2022-01-12","port1367","Visakhapatnam","India","IND","1","4","0","0","1","5","6","1653","104921","0","0","50583","106575","157158","4138","15701","0","0","0","19839","19839"
"2024-03-22","port1367","Visakhapatnam","India","IND","0","1","2","0","0","3","3","0","0","27191","0","0","27191","27191","0","27149","0","0","0","27149","27149"
"2023-02-20","port1367","Visakhapatnam","India","IND","0","3","0","0","0","3","3","0","59991","0","0","0","59991","59991","0","15701","0","0","0","15701","15701"
"2022-01-13","port1367","Visakhapatnam","India","IND","1","2","1","0","0","4","4","0","34319","2954","0","0","37274","37274","2930","36585","3233","0","0","42749","42749"
"2024-03-23","port1367","Visakhapatnam","India","IND","0","3","0","0","0","3","3","0","81109","0","0","0","81109","81109","0","173328","0","0","0","173328","173328"
"2023-02-21","port1367","Visakhapatnam","India","IND","0","3","0","0","1","3","4","0","125035","0","0","0","125035","125035","0","0","0","0","6235","0","6235"
"2024-03-24","port1367","Visakhapatnam","India","IND","1","2","0","0","0","3","3","0","0","0","0","0","0","0","3297","102219","0","0","0","105516","105516"
"2023-02-22","port1367","Visakhapatnam","India","IND","1","1","0","0","1","2","3","0","34319","0","0","0","34319","34319","14378","15701","0","0","0","30080","30080"
"2024-03-25","port1367","Visakhapatnam","India","IND","0","2","0","0","2","2","4","0","38841","0","0","0","38841","38841","0","15701","0","0","145748","15701","161449"
"2022-01-14","port1367","Visakhapatnam","India","IND","1","3","0","0","1","4","5","0","220613","0","0","8400","220613","229014","9307","0","0","0","0","9307","9307"
"2023-02-23","port1367","Visakhapatnam","India","IND","0","2","0","0","1","2","3","0","71449","0","0","47172","71449","118622","0","0","0","0","0","0","0"
"2024-03-26","port1367","Visakhapatnam","India","IND","1","6","0","0","1","7","8","0","148421","0","0","0","148421","148421","3141","184796","0","0","36052","187937","223990"
"2022-01-15","port1367","Visakhapatnam","India","IND","0","3","2","0","1","5","6","0","193531","5909","0","0","199441","199441","0","15701","6467","0","0","22168","22168"
"2023-02-24","port1367","Visakhapatnam","India","IND","1","4","0","0","0","5","5","0","102037","0","0","0","102037","102037","10804","138206","0","0","0","149011","149011"
"2024-03-27","port1367","Visakhapatnam","India","IND","2","1","1","0","1","4","5","8339","0","5788","0","48964","14128","63092","4221","55616","0","0","0","59838","59838"
"2022-01-16","port1367","Visakhapatnam","India","IND","0","3","0","0","0","3","3","0","78389","0","0","0","78389","78389","0","8896","0","0","0","8896","8896"
"2023-02-25","port1367","Visakhapatnam","India","IND","0","1","0","0","0","1","1","0","160398","0","0","0","160398","160398","0","0","0","0","0","0","0"
"2024-03-28","port1367","Visakhapatnam","India","IND","0","2","0","0","2","2","4","0","123450","0","0","37667","123450","161118","0","0","0","0","6235","0","6235"
"2022-01-17","port1367","Visakhapatnam","India","IND","0","4","2","0","0","6","6","0","105969","11801","0","0","117770","117770","0","34004","0","0","0","34004","34004"
"2023-02-26","port1367","Visakhapatnam","India","IND","1","2","0","0","0","3","3","0","44920","0","0","0","44920","44920","3752","0","0","0","0","3752","3752"
"2024-03-29","port1367","Visakhapatnam","India","IND","1","3","1","0","0","5","5","0","111667","5574","0","0","117241","117241","8735","15701","0","0","0","24437","24437"
"2022-01-18","port1367","Visakhapatnam","India","IND","1","5","0","0","0","6","6","0","164126","0","0","0","164126","164126","3655","31402","0","0","0","35058","35058"
"2023-02-27","port1367","Visakhapatnam","India","IND","0","1","0","0","0","1","1","0","0","0","0","0","0","0","0","0","0","0","0","0","0"
"2024-03-30","port1367","Visakhapatnam","India","IND","0","4","0","0","1","4","5","0","70908","0","0","0","70908","70908","0","101742","0","0","0","101742","101742"
"2022-01-19","port1367","Visakhapatnam","India","IND","0","3","1","0","0","4","4","0","180673","2954","0","0","183627","183627","0","31068","3233","0","0","34302","34302"
"2023-02-28","port1367","Visakhapatnam","India","IND","1","4","1","0","0","6","6","0","62449","9080","0","0","71530","71530","1957","89791","0","0","0","91748","91748"
"2024-03-31","port1367","Visakhapatnam","India","IND","1","1","0","0","0","2","2","0","34319","0","0","0","34319","34319","9590","15701","0","0","0","25291","25291"
"2022-01-20","port1367","Visakhapatnam","India","IND","0","10","0","0","1","10","11","0","198720","0","0","3676","198720","202397","0","179174","0","0","0","179174","179174"
"2023-03-01","port1367","Visakhapatnam","India","IND","1","5","0","0","0","6","6","0","128850","0","0","0","128850","128850","6121","119337","0","0","0","125459","125459"
"2024-04-01","port1367","Visakhapatnam","India","IND","0","3","1","0","2","4","6","0","137304","2954","0","47940","140259","188199","0","103507","3233","0","0","106741","106741"
"2022-01-21","port1367","Visakhapatnam","India","IND","0","3","0","0","0","3","3","0","121231","0","0","0","121231","121231","0","31402","0","0","0","31402","31402"
"2023-03-02","port1367","Visakhapatnam","India","IND","1","3","0","0","1","4","5","1653","87590","0","0","0","89243","89243","4138","72480","0","0","6235","76618","82853"
"2024-04-02","port1367","Visakhapatnam","India","IND","1","1","1","0","0","3","3","2053","19954","2954","0","0","24962","24962","0","0","3233","0","0","3233","3233"
"2022-01-22","port1367","Visakhapatnam","India","IND","0","2","0","0","0","2","2","0","79444","0","0","0","79444","79444","0","0","0","0","0","0","0"
"2023-03-03","port1367","Visakhapatnam","India","IND","1","2","0","0","0","3","3","0","113180","0","0","0","113180","113180","11409","15701","0","0","0","27110","27110"
"2024-04-03","port1367","Visakhapatnam","India","IND","0","2","0","0","2","2","4","0","76475","0","0","0","76475","76475","0","15701","0","0","27253","15701","42955"
"2022-01-23","port1367","Visakhapatnam","India","IND","0","3","0","0","1","3","4","0","112222","0","0","0","112222","112222","0","39118","0","0","0","39118","39118"
"2023-03-04","port1367","Visakhapatnam","India","IND","0","6","0","0","0","6","6","0","166365","0","0","0","166365","166365","0","112648","0","0","0","112648","112648"
"2024-04-04","port1367","Visakhapatnam","India","IND","0","4","0","0","0","4","4","0","116278","0","0","0","116278","116278","0","71549","0","0","0","71549","71549"
"2022-01-24","port1367","Visakhapatnam","India","IND","1","2","1","0","0","4","4","1653","0","0","0","0","1653","1653","4138","155512","12601","0","0","172252","172252"
"2023-03-05","port1367","Visakhapatnam","India","IND","0","2","1","0","1","3","4","0","163925","0","0","47761","163925","211686","0","0","0","0","0","0","0"
"2024-04-05","port1367","Visakhapatnam","India","IND","0","3","0","0","2","3","5","0","160571","0","0","0","160571","160571","0","58137","0","0","0","58137","58137"
"2022-01-25","port1367","Visakhapatnam","India","IND","0","1","0","0","0","1","1","0","34319","0","0","0","34319","34319","0","15701","0","0","0","15701","15701"
"2023-03-06","port1367","Visakhapatnam","India","IND","1","7","1","0","0","9","9","0","153302","0","0","0","153302","153302","15707","128419","13940","0","0","158067","158067"
"2024-04-06","port1367","Visakhapatnam","India","IND","0","2","0","0","1","2","3","0","95230","0","0","0","95230","95230","0","15701","0","0","0","15701","15701"
"2022-01-26","port1367","Visakhapatnam","India","IND","0","7","0","0","2","7","9","0","148452","0","0","21121","148452","169573","0","84238","0","0","0","84238","84238"
"2023-03-07","port1367","Visakhapatnam","India","IND","1","4","0","0","1","5","6","0","39289","0","0","43594","39289","82883","2100","109236","0","0","0","111337","111337"
"2022-01-27","port1367","Visakhapatnam","India","IND","0","1","1","0","0","2","2","0","0","6181","0","0","6181","6181","0","31773","0","0","0","31773","31773"
"2023-03-08","port1367","Visakhapatnam","India","IND","0","0","0","0","0","0","0","0","0","0","0","0","0","0","0","0","0","0","0","0","0"
"2022-01-28","port1367","Visakhapatnam","India","IND","1","5","1","0","0","7","7","4701","333954","2954","0","0","341611","341611","0","56279","3233","0","0","59512","59512"
"2024-04-07","port1367","Visakhapatnam","India","IND","1","2","0","0","0","3","3","0","23144","0","0","0","23144","23144","5699","73951","0","0","0","79651","79651"
"2023-03-09","port1367","Visakhapatnam","India","IND","0","2","0","0","0","2","2","0","79851","0","0","0","79851","79851","0","23274","0","0","0","23274","23274"
"2022-01-29","port1367","Visakhapatnam","India","IND","0","4","2","0","1","6","7","0","167859","0","0","49305","167859","217165","0","54481","12118","0","0","66600","66600"
"2024-04-08","port1367","Visakhapatnam","India","IND","0","2","0","0","1","2","3","0","0","0","0","0","0","0","0","23242","0","0","0","23242","23242"
"2023-03-10","port1367","Visakhapatnam","India","IND","2","1","0","0","1","3","4","0","0","0","0","51074","0","51074","11054","52113","0","0","0","63167","63167"
"2022-01-30","port1367","Visakhapatnam","India","IND","0","4","0","0","0","4","4","0","50419","0","0","0","50419","50419","0","148478","0","0","0","148478","148478"
"2024-04-09","port1367","Visakhapatnam","India","IND","2","8","0","0","3","10","13","0","186919","0","0","56260","186919","243179","7704","174783","0","0","6935","182488","189423"
"2023-03-11","port1367","Visakhapatnam","India","IND","1","3","0","0","0","4","4","0","79349","0","0","0","79349","79349","4074","101546","0","0","0","105621","105621"
"2022-01-31","port1367","Visakhapatnam","India","IND","1","1","0","0","1","2","3","3027","34319","0","0","0","37347","37347","0","15701","0","0","0","15701","15701"
"2024-04-10","port1367","Visakhapatnam","India","IND","0","2","0","0","1","2","3","0","34319","0","0","49226","34319","83546","0","42478","0","0","0","42478","42478"
"2023-03-12","port1367","Visakhapatnam","India","IND","0","3","0","0","1","3","4","0","34319","0","0","0","34319","34319","0","84607","0","0","5294","84607","89901"
"2022-02-01","port1367","Visakhapatnam","India","IND","0","4","0","0","0","4","4","0","71167","0","0","0","71167","71167","0","47567","0","0","0","47567","47567"
"2024-04-11","port1367","Visakhapatnam","India","IND","0","2","0","0","1","2","3","0","51202","0","0","15812","51202","67015","0","0","0","0","0","0","0"
"2023-03-13","port1367","Visakhapatnam","India","IND","0","4","0","0","0","4","4","0","88681","0","0","0","88681","88681","0","70137","0","0","0","70137","70137"
"2022-02-02","port1367","Visakhapatnam","India","IND","1","1","0","0","1","2","3","0","51286","0","0","30530","51286","81816","8692","0","0","0","388","8692","9081"
"2024-04-12","port1367","Visakhapatnam","India","IND","1","2","0","0","1","3","4","0","32297","0","0","14095","32297","46392","0","0","0","0","8426","0","8426"
"2023-03-14","port1367","Visakhapatnam","India","IND","1","2","0","0","0","3","3","0","90855","0","0","0","90855","90855","7028","0","0","0","0","7028","7028"
"2022-02-03","port1367","Visakhapatnam","India","IND","1","4","0","0","1","5","6","0","115530","0","0","0","115530","115530","3751","14246","0","0","0","17997","17997"
"2024-04-13","port1367","Visakhapatnam","India","IND","0","3","0","0","3","3","6","0","68932","0","0","52084","68932","121017","0","31402","0","0","0","31402","31402"
"2023-03-15","port1367","Visakhapatnam","India","IND","0","2","0","0","0","2","2","0","34319","0","0","0","34319","34319","0","119179","0","0","0","119179","119179"
"2022-02-04","port1367","Visakhapatnam","India","IND","0","6","0","0","4","6","10","0","192133","0","0","106511","192133","298644","0","125095","0","0","14074","125095","139169"
"2024-04-14","port1367","Visakhapatnam","India","IND","0","4","0","0","1","4","5","0","155847","0","0","76","155847","155924","0","15701","0","0","4251","15701","19952"
"2023-03-16","port1367","Visakhapatnam","India","IND","0","2","1","0","0","3","3","0","146719","0","0","0","146719","146719","0","0","1558","0","0","1558","1558"
"2022-02-05","port1367","Visakhapatnam","India","IND","1","1","0","0","0","2","2","0","41879","0","0","0","41879","41879","1886","0","0","0","0","1886","1886"
"2024-04-15","port1367","Visakhapatnam","India","IND","2","5","0","0","1","7","8","9919","228298","0","0","0","238218","238218","11307","31402","0","0","34138","42710","76848"
"2023-03-17","port1367","Visakhapatnam","India","IND","0","3","0","0","0","3","3","0","101035","0","0","0","101035","101035","0","31402","0","0","0","31402","31402"
"2022-02-06","port1367","Visakhapatnam","India","IND","1","4","0","0","1","5","6","0","169615","0","0","0","169615","169615","11092","0","0","0","0","11092","11092"
"2024-04-16","port1367","Visakhapatnam","India","IND","1","1","0","0","0","2","2","6659","52697","0","0","0","59356","59356","0","0","0","0","0","0","0"
"2023-03-18","port1367","Visakhapatnam","India","IND","0","3","0","0","1","3","4","0","77487","0","0","49153","77487","126641","0","31402","0","0","0","31402","31402"
"2022-02-07","port1367","Visakhapatnam","India","IND","1","2","0","0","2","3","5","0","51896","0","0","28921","51896","80818","8478","89480","0","0","14074","97959","112034"
"2024-04-17","port1367","Visakhapatnam","India","IND","1","1","0","0","1","2","3","1653","0","0","0","0","1653","1653","4138","59519","0","0","0","63657","63657"
"2023-03-19","port1367","Visakhapatnam","India","IND","1","3","1","0","2","5","7","0","105618","2954","0","81023","108573","189597","8812","0","3233","0","0","12046","12046"
"2022-02-08","port1367","Visakhapatnam","India","IND","0","5","0","0","1","5","6","0","176402","0","0","0","176402","176402","0","49940","0","0","27032","49940","76973"
"2024-04-18","port1367","Visakhapatnam","India","IND","1","2","0","0","1","3","4","0","34319","0","0","0","34319","34319","3837","38393","0","0","5383","42230","47613"
"2023-03-20","port1367","Visakhapatnam","India","IND","0","3","0","0","2","3","5","0","61398","0","0","13112","61398","74511","0","103876","0","0","6235","103876","110111"
"2022-02-09","port1367","Visakhapatnam","India","IND","1","3","0","0","2","4","6","0","102665","0","0","62233","102665","164899","3381","114354","0","0","0","117735","117735"
"2024-04-19","port1367","Visakhapatnam","India","IND","2","4","0","0","1","6","7","5735","207854","0","0","46489","213589","260079","15123","31402","0","0","0","46526","46526"
"2023-03-21","port1367","Visakhapatnam","India","IND","0","2","0","0","1","2","3","0","119101","0","0","14095","119101","133196","0","15701","0","0","8426","15701","24127"
"2024-04-20","port1367","Visakhapatnam","India","IND","1","2","2","0","0","5","5","1653","68639","16491","0","0","86784","86784","4138","31402","2473","0","0","38014","38014"
"2023-03-22","port1367","Visakhapatnam","India","IND","0","4","0","0","0","4","4","0","181956","0","0","0","181956","181956","0","16808","0","0","0","16808","16808"
"2024-04-21","port1367","Visakhapatnam","India","IND","1","2","0","0","0","3","3","1653","34319","0","0","0","35973","35973","4138","16397","0","0","0","20535","20535"
"2022-02-10","port1367","Visakhapatnam","India","IND","0","5","1","0","0","6","6","0","76475","7914","0","0","84390","84390","0","140335","0","0","0","140335","140335"
"2023-03-23","port1367","Visakhapatnam","India","IND","1","4","0","0","0","5","5","0","94947","0","0","0","94947","94947","5148","186310","0","0","0","191459","191459"
"2024-04-22","port1367","Visakhapatnam","India","IND","0","2","0","0","1","2","3","0","31946","0","0","0","31946","31946","0","30957","0","0","0","30957","30957"
"2022-02-11","port1367","Visakhapatnam","India","IND","1","1","0","0","4","2","6","0","0","0","0","34089","0","34089","0","20904","0","0","14074","20904","34979"
"2023-03-24","port1367","Visakhapatnam","India","IND","0","3","0","0","1","3","4","0","92977","0","0","18383","92977","111361","0","70077","0","0","0","70077","70077"
"2024-04-23","port1367","Visakhapatnam","India","IND","1","6","0","0","0","7","7","6784","292362","0","0","0","299146","299146","0","47104","0","0","0","47104","47104"
"2022-02-12","port1367","Visakhapatnam","India","IND","1","4","0","0","0","5","5","0","91959","0","0","0","91959","91959","6914","130383","0","0","0","137297","137297"
"2023-03-25","port1367","Visakhapatnam","India","IND","0","4","1","0","1","5","6","0","68639","0","0","0","68639","68639","0","168706","2311","0","0","171017","171017"
"2024-04-24","port1367","Visakhapatnam","India","IND","2","3","0","0","3","5","8","17628","147087","0","0","32489","164715","197205","4138","15701","0","0","4251","19839","24090"
"2022-02-13","port1367","Visakhapatnam","India","IND","1","1","2","0","1","4","5","0","34319","4491","0","9666","38811","48478","5207","15701","7217","0","4530","28126","32656"
"2023-03-26","port1367","Visakhapatnam","India","IND","0","2","0","0","0","2","2","0","50393","0","0","0","50393","50393","0","79318","0","0","0","79318","79318"
"2024-04-25","port1367","Visakhapatnam","India","IND","1","2","0","0","0","3","3","1071","40507","0","0","0","41579","41579","0","0","0","0","0","0","0"
"2022-02-14","port1367","Visakhapatnam","India","IND","1","3","1","0","0","5","5","0","39837","2954","0","0","42792","42792","911","152187","3233","0","0","156332","156332"
"2023-03-27","port1367","Visakhapatnam","India","IND","1","1","0","0","0","2","2","0","34319","0","0","0","34319","34319","9287","15701","0","0","0","24988","24988"
"2024-04-26","port1367","Visakhapatnam","India","IND","2","5","0","0","2","7","9","16563","241406","0","0","48409","257970","306379","8464","15701","0","0","0","24165","24165"
"2022-02-15","port1367","Visakhapatnam","India","IND","1","5","0","0","2","6","8","10387","178986","0","0","6729","189373","196102","0","50135","0","0","3656","50135","53792"
"2023-03-28","port1367","Visakhapatnam","India","IND","2","5","0","0","1","7","8","0","186572","0","0","0","186572","186572","15787","75773","0","0","6235","91560","97795"
"2024-04-27","port1367","Visakhapatnam","India","IND","1","3","1","0","0","5","5","0","147373","0","0","0","147373","147373","6721","31402","6810","0","0","44934","44934"
"2022-02-16","port1367","Visakhapatnam","India","IND","1","3","0","0","4","4","8","0","68107","0","0","68204","68107","136311","15857","0","0","0","0","15857","15857"
"2023-03-29","port1367","Visakhapatnam","India","IND","1","3","1","0","0","5","5","1653","61172","0","0","0","62826","62826","4138","15701","1549","0","0","21389","21389"
"2024-04-28","port1367","Visakhapatnam","India","IND","2","4","1","0","0","7","7","0","119573","0","0","0","119573","119573","11389","60274","2040","0","0","73704","73704"
"2022-02-17","port1367","Visakhapatnam","India","IND","0","5","0","0","1","5","6","0","168585","0","0","4376","168585","172962","0","119184","0","0","0","119184","119184"
"2023-03-30","port1367","Visakhapatnam","India","IND","0","5","0","0","0","5","5","0","159526","0","0","0","159526","159526","0","31402","0","0","0","31402","31402"
"2024-04-29","port1367","Visakhapatnam","India","IND","0","5","1","0","0","6","6","0","148061","0","0","0","148061","148061","0","116552","0","0","0","116552","116552"
"2022-02-18","port1367","Visakhapatnam","India","IND","2","3","1","0","3","6","9","1653","73652","3652","0","31042","78958","110000","9494","15701","0","0","305","25195","25501"
"2023-03-31","port1367","Visakhapatnam","India","IND","0","2","0","0","1","2","3","0","115048","0","0","37734","115048","152782","0","0","0","0","0","0","0"
"2024-04-30","port1367","Visakhapatnam","India","IND","1","0","1","0","3","2","5","0","0","2954","0","14172","2954","17127","7051","0","3233","0","12677","10285","22962"
"2022-02-19","port1367","Visakhapatnam","India","IND","0","4","1","0","1","5","6","0","161795","0","0","0","161795","161795","0","94914","0","0","0","94914","94914"
"2023-04-01","port1367","Visakhapatnam","India","IND","0","2","0","0","0","2","2","0","133003","0","0","0","133003","133003","0","0","0","0","0","0","0"
"2024-05-01","port1367","Visakhapatnam","India","IND","1","5","0","0","1","6","7","11735","116359","0","0","24683","128095","152778","0","150587","0","0","0","150587","150587"
"2022-02-20","port1367","Visakhapatnam","India","IND","1","6","0","0","0","7","7","3792","166943","0","0","0","170736","170736","0","55766","0","0","0","55766","55766"
"2023-04-02","port1367","Visakhapatnam","India","IND","1","2","0","0","1","3","4","1653","54947","0","0","9666","56600","66267","4138","0","0","0","4530","4138","8668"
"2024-05-02","port1367","Visakhapatnam","India","IND","1","3","0","0","0","4","4","23773","116721","0","0","0","140495","140495","0","15701","0","0","0","15701","15701"
"2022-02-21","port1367","Visakhapatnam","India","IND","0","6","1","0","2","7","9","0","257397","0","0","18841","257397","276239","0","67383","1509","0","0","68892","68892"
"2023-04-03","port1367","Visakhapatnam","India","IND","0","3","0","0","0","3","3","0","131519","0","0","0","131519","131519","0","0","0","0","0","0","0"
"2024-05-03","port1367","Visakhapatnam","India","IND","0","4","1","0","0","5","5","0","177711","0","0","0","177711","177711","0","17950","6105","0","0","24055","24055"
"2022-02-22","port1367","Visakhapatnam","India","IND","0","6","1","0","0","7","7","0","136965","0","0","0","136965","136965","0","100523","4092","0","0","104615","104615"
"2023-04-04","port1367","Visakhapatnam","India","IND","1","3","0","0","1","4","5","3142","128008","0","0","0","131150","131150","0","46904","0","0","0","46904","46904"
"2022-02-23","port1367","Visakhapatnam","India","IND","0","0","0","0","1","0","1","0","0","0","0","30612","0","30612","0","0","0","0","0","0","0"
"2023-04-05","port1367","Visakhapatnam","India","IND","0","4","0","0","2","4","6","0","34319","0","0","0","34319","34319","0","58286","0","0","0","58286","58286"
"2022-02-24","port1367","Visakhapatnam","India","IND","0","1","0","0","0","1","1","0","34319","0","0","0","34319","34319","0","15701","0","0","0","15701","15701"
"2024-05-04","port1367","Visakhapatnam","India","IND","0","1","0","0","1","1","2","0","1392","0","0","0","1392","1392","0","0","0","0","6235","0","6235"
"2023-04-06","port1367","Visakhapatnam","India","IND","1","3","0","0","3","4","7","0","164284","0","0","68677","164284","232961","1854","0","0","0","3734","1854","5588"
"2022-02-25","port1367","Visakhapatnam","India","IND","0","2","0","0","0","2","2","0","18976","0","0","0","18976","18976","0","51792","0","0","0","51792","51792"
"2024-05-05","port1367","Visakhapatnam","India","IND","0","1","0","0","0","1","1","0","0","0","0","0","0","0","0","56415","0","0","0","56415","56415"
"2023-04-07","port1367","Visakhapatnam","India","IND","1","2","0","0","0","3","3","0","68639","0","0","0","68639","68639","1021","31402","0","0","0","32424","32424"
"2022-02-26","port1367","Visakhapatnam","India","IND","1","3","0","0","1","4","5","0","173608","0","0","9666","173608","183275","375","102530","0","0","4530","102905","107436"
"2024-05-06","port1367","Visakhapatnam","India","IND","1","2","0","0","1","3","4","0","34319","0","0","0","34319","34319","13174","15701","0","0","0","28875","28875"
"2023-04-08","port1367","Visakhapatnam","India","IND","0","1","0","0","1","1","2","0","78928","0","0","370","78928","79298","0","0","0","0","0","0","0"
"2022-02-27","port1367","Visakhapatnam","India","IND","0","3","1","0","1","4","5","0","206808","0","0","31665","206808","238474","0","9711","5705","0","0","15417","15417"
"2024-05-07","port1367","Visakhapatnam","India","IND","1","6","0","0","1","7","8","0","162412","0","0","30530","162412","192942","4688","63489","0","0","388","68177","68566"
"2023-04-09","port1367","Visakhapatnam","India","IND","1","5","0","0","1","6","7","0","240138","0","0","0","240138","240138","10951","82488","0","0","30362","93440","123803"
"2022-02-28","port1367","Visakhapatnam","India","IND","2","3","0","0","0","5","5","0","124907","0","0","0","124907","124907","13542","0","0","0","0","13542","13542"
"2024-05-08","port1367","Visakhapatnam","India","IND","0","3","0","0","0","3","3","0","94141","0","0","0","94141","94141","0","31402","0","0","0","31402","31402"
"2023-04-10","port1367","Visakhapatnam","India","IND","1","3","0","0","0","4","4","0","43665","0","0","0","43665","43665","1314","132402","0","0","0","133716","133716"
"2022-03-01","port1367","Visakhapatnam","India","IND","1","2","0","0","1","3","4","0","14770","0","0","42247","14770","57017","15202","27609","0","0","0","42811","42811"
"2024-05-09","port1367","Visakhapatnam","India","IND","2","5","0","0","0","7","7","1653","114661","0","0","0","116314","116314","4138","89223","0","0","0","93361","93361"
"2023-04-11","port1367","Visakhapatnam","India","IND","1","4","0","0","0","5","5","0","163844","0","0","0","163844","163844","6537","65837","0","0","0","72375","72375"
"2022-03-02","port1367","Visakhapatnam","India","IND","0","4","1","0","0","5","5","0","78868","0","0","0","78868","78868","0","169321","767","0","0","170088","170088"
"2024-05-10","port1367","Visakhapatnam","India","IND","2","1","0","0","1","3","4","24421","75650","0","0","0","100071","100071","266","0","0","0","42114","266","42380"
"2023-04-12","port1367","Visakhapatnam","India","IND","1","1","0","0","0","2","2","0","33894","0","0","0","33894","33894","1079","0","0","0","0","1079","1079"
"2022-03-03","port1367","Visakhapatnam","India","IND","0","3","0","0","0","3","3","0","127074","0","0","0","127074","127074","0","31402","0","0","0","31402","31402"
"2024-05-11","port1367","Visakhapatnam","India","IND","1","1","0","0","1","2","3","32518","34319","0","0","32294","66838","99133","0","15701","0","0","0","15701","15701"
"2023-04-13","port1367","Visakhapatnam","India","IND","0","2","0","0","0","2","2","0","75180","0","0","0","75180","75180","0","55580","0","0","0","55580","55580"
"2022-03-04","port1367","Visakhapatnam","India","IND","0","3","1","0","0","4","4","0","59687","0","0","0","59687","59687","0","67139","6403","0","0","73543","73543"
"2024-05-12","port1367","Visakhapatnam","India","IND","0","2","1","0","2","3","5","0","111924","2954","0","0","114879","114879","0","15701","3233","0","0","18935","18935"
"2023-04-14","port1367","Visakhapatnam","India","IND","0","5","0","0","1","5","6","0","79073","0","0","14095","79073","93169","0","62458","0","0","8426","62458","70884"
"2022-03-05","port1367","Visakhapatnam","India","IND","0","2","0","0","0","2","2","0","19443","0","0","0","19443","19443","0","320","0","0","0","320","320"
"2024-05-13","port1367","Visakhapatnam","India","IND","2","4","0","0","0","6","6","15722","122978","0","0","0","138701","138701","7671","109827","0","0","0","117498","117498"
"2023-04-15","port1367","Visakhapatnam","India","IND","0","1","0","0","0","1","1","0","0","0","0","0","0","0","0","36009","0","0","0","36009","36009"
"2022-03-06","port1367","Visakhapatnam","India","IND","0","2","0","0","0","2","2","0","166122","0","0","0","166122","166122","0","49918","0","0","0","49918","49918"
"2024-05-14","port1367","Visakhapatnam","India","IND","0","4","1","0","1","5","6","0","107851","0","0","0","107851","107851","0","31402","406","0","36052","31808","67861"
"2023-04-16","port1367","Visakhapatnam","India","IND","1","2","0","0","0","3","3","0","252268","0","0","0","252268","252268","11806","0","0","0","0","11806","11806"
"2022-03-07","port1367","Visakhapatnam","India","IND","0","5","0","0","1","5","6","0","80411","0","0","48063","80411","128474","0","108533","0","0","0","108533","108533"
"2024-05-15","port1367","Visakhapatnam","India","IND","2","5","0","0","1","7","8","0","147505","0","0","0","147505","147505","16005","84528","0","0","0","100534","100534"
"2023-04-17","port1367","Visakhapatnam","India","IND","0","5","0","0","0","5","5","0","243202","0","0","0","243202","243202","0","15701","0","0","0","15701","15701"
"2022-03-08","port1367","Visakhapatnam","India","IND","0","5","0","0","0","5","5","0","281778","0","0","0","281778","281778","0","13082","0","0","0","13082","13082"
"2024-05-16","port1367","Visakhapatnam","India","IND","1","4","1","0","2","6","8","11606","297398","17404","0","109207","326409","435616","0","0","0","0","0","0","0"
"2023-04-18","port1367","Visakhapatnam","India","IND","3","5","0","0","0","8","8","790","136497","0","0","0","137287","137287","19596","0","0","0","0","19596","19596"
"2024-05-17","port1367","Visakhapatnam","India","IND","1","0","0","0","0","1","1","0","0","0","0","0","0","0","11765","0","0","0","0","11765","11765"
"2023-04-19","port1367","Visakhapatnam","India","IND","0","2","0","0","0","2","2","0","2736","0","0","0","2736","2736","0","53204","0","0","0","53204","53204"
"2024-05-18","port1367","Visakhapatnam","India","IND","1","2","0","0","1","3","4","3862","88212","0","0","0","92074","92074","0","15701","0","0","27674","15701","43375"
"2022-03-09","port1367","Visakhapatnam","India","IND","0","2","0","0","0","2","2","0","167158","0","0","0","167158","167158","0","46273","0","0","0","46273","46273"
"2023-04-20","port1367","Visakhapatnam","India","IND","1","1","1","0","1","3","4","0","36936","0","0","14095","36936","51031","0","0","2872","0","8426","2872","11298"
"2024-05-19","port1367","Visakhapatnam","India","IND","0","2","1","0","2","3","5","0","28628","0","0","30530","28628","59158","0","166902","0","0","18413","166902","185315"
"2022-03-10","port1367","Visakhapatnam","India","IND","0","1","0","0","2","1","3","0","34319","0","0","79064","34319","113384","0","15701","0","0","0","15701","15701"
"2023-04-21","port1367","Visakhapatnam","India","IND","2","1","0","0","0","3","3","0","0","0","0","0","0","0","11929","0","0","0","0","11929","11929"
"2024-05-20","port1367","Visakhapatnam","India","IND","2","4","0","0","0","6","6","0","236505","0","0","0","236505","236505","4849","15701","0","0","0","20550","20550"
"2022-03-11","port1367","Visakhapatnam","India","IND","0","4","0","0","0","4","4","0","79401","0","0","0","79401","79401","0","157272","0","0","0","157272","157272"
"2023-04-22","port1367","Visakhapatnam","India","IND","2","3","0","0","0","5","5","3307","78708","0","0","0","82015","82015","8276","105751","0","0","0","114027","114027"
"2024-05-21","port1367","Visakhapatnam","India","IND","0","3","0","0","1","3","4","0","181783","0","0","0","181783","181783","0","0","0","0","6235","0","6235"
"2022-03-12","port1367","Visakhapatnam","India","IND","0","4","0","0","0","4","4","0","228652","0","0","0","228652","228652","0","0","0","0","0","0","0"
"2023-04-23","port1367","Visakhapatnam","India","IND","1","3","0","0","1","4","5","1653","115511","0","0","56482","117165","173648","4138","15701","0","0","0","19839","19839"
"2024-05-22","port1367","Visakhapatnam","India","IND","2","1","0","0","1","3","4","23494","0","0","0","48955","23494","72449","4138","103483","0","0","0","107621","107621"
"2022-03-13","port1367","Visakhapatnam","India","IND","0","3","0","0","0","3","3","0","43586","0","0","0","43586","43586","0","119209","0","0","0","119209","119209"
"2023-04-24","port1367","Visakhapatnam","India","IND","0","3","0","0","0","3","3","0","34459","0","0","0","34459","34459","0","94914","0","0","0","94914","94914"
"2024-05-23","port1367","Visakhapatnam","India","IND","2","5","0","0","0","7","7","1653","175824","0","0","0","177478","177478","4683","119534","0","0","0","124217","124217"
"2022-03-14","port1367","Visakhapatnam","India","IND","0","4","0","0","0","4","4","0","114454","0","0","0","114454","114454","0","41888","0","0","0","41888","41888"
"2023-04-25","port1367","Visakhapatnam","India","IND","1","4","0","0","0","5","5","0","222955","0","0","0","222955","222955","4472","63095","0","0","0","67567","67567"
"2024-05-24","port1367","Visakhapatnam","India","IND","0","7","0","0","1","7","8","0","307789","0","0","0","307789","307789","0","48696","0","0","37667","48696","86363"
"2022-03-15","port1367","Visakhapatnam","India","IND","2","4","0","0","0","6","6","0","140985","0","0","0","140985","140985","16920","98776","0","0","0","115696","115696"
"2023-04-26","port1367","Visakhapatnam","India","IND","2","6","0","0","1","8","9","0","172199","0","0","14095","172199","186294","9397","110237","0","0","8426","119634","128060"
"2024-05-25","port1367","Visakhapatnam","India","IND","0","3","0","0","1","3","4","0","68639","0","0","0","68639","68639","0","81105","0","0","0","81105","81105"
"2022-03-16","port1367","Visakhapatnam","India","IND","0","12","0","0","1","12","13","0","505105","0","0","76","505105","505182","0","257181","0","0","4251","257181","261433"
"2023-04-27","port1367","Visakhapatnam","India","IND","0","4","0","0","0","4","4","0","34319","0","0","0","34319","34319","0","193400","0","0","0","193400","193400"
"2024-05-26","port1367","Visakhapatnam","India","IND","2","4","0","0","1","6","7","13521","337933","0","0","6331","351454","357785","881","58836","0","0","0","59718","59718"
"2022-03-17","port1367","Visakhapatnam","India","IND","1","2","1","0","1","4","5","0","140378","2954","0","0","143332","143332","9953","54752","3233","0","0","67940","67940"
"2023-04-28","port1367","Visakhapatnam","India","IND","0","8","0","0","0","8","8","0","300721","0","0","0","300721","300721","0","169097","0","0","0","169097","169097"
"2024-05-27","port1367","Visakhapatnam","India","IND","0","1","0","0","1","1","2","0","2780","0","0","4674","2780","7455","0","0","0","0","0","0","0"
"2022-03-18","port1367","Visakhapatnam","India","IND","2","1","0","0","2","3","5","0","52323","0","0","55093","52323","107417","11486","0","0","0","42972","11486","54458"
"2023-04-29","port1367","Visakhapatnam","India","IND","0","2","0","0","1","2","3","0","57591","0","0","0","57591","57591","0","0","0","0","0","0","0"
"2024-05-28","port1367","Visakhapatnam","India","IND","1","7","0","0","3","8","11","3703","261365","0","0","57935","265068","323004","0","68345","0","0","40565","68345","108911"
"2022-03-19","port1367","Visakhapatnam","India","IND","0","3","0","0","0","3","3","0","106947","0","0","0","106947","106947","0","32125","0","0","0","32125","32125"
"2023-04-30","port1367","Visakhapatnam","India","IND","2","2","0","0","1","4","5","1622","106140","0","0","17605","107763","125369","5188","15701","0","0","0","20889","20889"
"2024-05-29","port1367","Visakhapatnam","India","IND","1","3","1","0","0","5","5","0","115728","2954","0","0","118683","118683","5555","15701","3233","0","0","24490","24490"
"2022-03-20","port1367","Visakhapatnam","India","IND","1","4","0","0","1","5","6","0","165423","0","0","48547","165423","213971","19658","53302","0","0","0","72960","72960"
"2023-05-01","port1367","Visakhapatnam","India","IND","1","2","0","0","0","3","3","0","0","0","0","0","0","0","15490","4406","0","0","0","19896","19896"
"2024-05-30","port1367","Visakhapatnam","India","IND","0","4","0","0","0","4","4","0","160353","0","0","0","160353","160353","0","134880","0","0","0","134880","134880"
"2022-03-21","port1367","Visakhapatnam","India","IND","0","5","1","0","1","6","7","0","218470","7338","0","30345","225808","256154","0","0","0","0","0","0","0"
"2023-05-02","port1367","Visakhapatnam","India","IND","0","3","0","0","1","3","4","0","60412","0","0","10309","60412","70722","0","50822","0","0","0","50822","50822"
"2022-03-22","port1367","Visakhapatnam","India","IND","0","3","1","0","0","4","4","0","192843","2954","0","0","195798","195798","0","102530","3233","0","0","105763","105763"
"2023-05-03","port1367","Visakhapatnam","India","IND","1","2","1","0","1","4","5","0","15381","2954","0","14095","18336","32431","3659","139","3233","0","8426","7033","15459"
"2022-03-23","port1367","Visakhapatnam","India","IND","0","2","0","0","0","2","2","0","21538","0","0","0","21538","21538","0","27542","0","0","0","27542","27542"
"2024-05-31","port1367","Visakhapatnam","India","IND","1","2","1","0","1","4","5","4137","68639","0","0","76","72777","72854","0","31402","0","0","4251","31402","35653"
"2023-05-04","port1367","Visakhapatnam","India","IND","1","1","1","0","1","3","4","0","34319","0","0","48547","34319","82867","5327","15701","1388","0","0","22417","22417"
"2022-03-24","port1367","Visakhapatnam","India","IND","0","8","0","0","1","8","9","0","344525","0","0","49305","344525","393830","0","139272","0","0","0","139272","139272"
"2024-06-01","port1367","Visakhapatnam","India","IND","2","5","0","0","0","7","7","1653","91748","0","0","0","93402","93402","8723","94093","0","0","0","102816","102816"
"2023-05-05","port1367","Visakhapatnam","India","IND","2","3","0","0","0","5","5","1622","88690","0","0","0","90313","90313","5145","20494","0","0","0","25640","25640"
"2022-03-25","port1367","Visakhapatnam","India","IND","1","4","0","0","1","5","6","0","145231","0","0","0","145231","145231","12183","0","0","0","27488","12183","39672"
"2024-06-02","port1367","Visakhapatnam","India","IND","1","8","0","0","1","9","10","6237","299234","0","0","9666","305471","315138","0","80008","0","0","4530","80008","84538"
"2023-05-06","port1367","Visakhapatnam","India","IND","0","2","0","0","0","2","2","0","35015","0","0","0","35015","35015","0","15701","0","0","0","15701","15701"
"2022-03-26","port1367","Visakhapatnam","India","IND","0","2","1","0","0","3","3","0","47390","3513","0","0","50903","50903","0","15701","0","0","0","15701","15701"
"2024-06-03","port1367","Visakhapatnam","India","IND","2","7","0","0","0","9","9","1842","192477","0","0","0","194320","194320","3530","63083","0","0","0","66614","66614"
"2023-05-07","port1367","Visakhapatnam","India","IND","2","6","0","0","1","8","9","0","142370","0","0","2480","142370","144850","19451","130103","0","0","0","149554","149554"
"2022-03-27","port1367","Visakhapatnam","India","IND","0","2","0","0","0","2","2","0","34319","0","0","0","34319","34319","0","70176","0","0","0","70176","70176"
"2024-06-04","port1367","Visakhapatnam","India","IND","1","4","0","0","3","5","8","2056","60366","0","0","63778","62422","126201","0","15701","0","0","4530","15701","20231"
"2023-05-08","port1367","Visakhapatnam","India","IND","0","2","0","0","0","2","2","0","243519","0","0","0","243519","243519","0","0","0","0","0","0","0"
"2022-03-28","port1367","Visakhapatnam","India","IND","0","2","0","0","1","2","3","0","61384","0","0","59468","61384","120852","0","0","0","0","0","0","0"
"2024-06-05","port1367","Visakhapatnam","India","IND","2","7","0","0","2","9","11","2094","370065","0","0","1006","372159","373166","4138","0","0","0","0","4138","4138"
"2023-05-09","port1367","Visakhapatnam","India","IND","2","3","0","0","1","5","6","0","43826","0","0","0","43826","43826","6936","90831","0","0","0","97768","97768"
"2022-03-29","port1367","Visakhapatnam","India","IND","2","9","1","0","1","12","13","1127","223417","13871","0","9666","238416","248083","11409","58851","0","0","4530","70261","74791"
"2024-06-06","port1367","Visakhapatnam","India","IND","2","4","1","0","1","7","8","0","137983","2954","0","30530","140938","171469","18178","72430","3233","0","388","93842","94230"
"2023-05-10","port1367","Visakhapatnam","India","IND","0","4","0","0","0","4","4","0","40257","0","0","0","40257","40257","0","78167","0","0","0","78167","78167"
"2022-03-30","port1367","Visakhapatnam","India","IND","1","8","2","0","2","11","13","0","338013","9881","0","99592","347894","447486","6584","122091","286","0","3734","128961","132696"
"2024-06-07","port1367","Visakhapatnam","India","IND","0","4","0","0","1","4","5","0","94479","0","0","0","94479","94479","0","43994","0","0","0","43994","43994"
"2023-05-11","port1367","Visakhapatnam","India","IND","1","2","0","0","0","3","3","0","63414","0","0","0","63414","63414","5249","0","0","0","0","5249","5249"
"2022-03-31","port1367","Visakhapatnam","India","IND","0","5","0","0","0","5","5","0","271402","0","0","0","271402","271402","0","131853","0","0","0","131853","131853"
"2024-06-08","port1367","Visakhapatnam","India","IND","0","2","0","0","0","2","2","0","74755","0","0","0","74755","74755","0","34569","0","0","0","34569","34569"
"2023-05-12","port1367","Visakhapatnam","India","IND","2","2","0","0","1","4","5","0","68639","0","0","45906","68639","114546","10089","31402","0","0","0","41491","41491"
"2022-04-01","port1367","Visakhapatnam","India","IND","1","1","0","0","2","2","4","0","74036","0","0","7233","74036","81270","8478","0","0","0","4251","8478","12729"
"2024-06-09","port1367","Visakhapatnam","India","IND","2","8","0","0","1","10","11","7076","215744","0","0","14095","222821","236916","3499","62805","0","0","8426","66304","74730"
"2023-05-13","port1367","Visakhapatnam","India","IND","0","2","0","0","0","2","2","0","0","0","0","0","0","0","0","128375","0","0","0","128375","128375"
"2022-04-02","port1367","Visakhapatnam","India","IND","1","5","0","0","1","6","7","0","210742","0","0","0","210742","210742","12507","82340","0","0","0","94847","94847"
"2024-06-10","port1367","Visakhapatnam","India","IND","1","6","0","0","1","7","8","1653","138576","0","0","0","140230","140230","4138","107013","0","0","0","111151","111151"
"2023-05-14","port1367","Visakhapatnam","India","IND","0","2","0","0","0","2","2","0","0","0","0","0","0","0","0","40879","0","0","0","40879","40879"
"2022-04-03","port1367","Visakhapatnam","India","IND","0","5","0","0","1","5","6","0","108139","0","0","4646","108139","112786","0","184454","0","0","0","184454","184454"
"2024-06-11","port1367","Visakhapatnam","India","IND","2","1","0","0","1","3","4","8866","0","0","0","50627","8866","59493","4138","0","0","0","0","4138","4138"
"2023-05-15","port1367","Visakhapatnam","India","IND","0","3","0","0","1","3","4","0","290751","0","0","76","290751","290828","0","0","0","0","4251","0","4251"
"2022-04-04","port1367","Visakhapatnam","India","IND","0","6","0","0","2","6","8","0","341361","0","0","62080","341361","403441","0","26868","0","0","8426","26868","35294"
"2024-06-12","port1367","Visakhapatnam","India","IND","1","1","0","0","2","2","4","0","0","0","0","111176","0","111176","5373","54576","0","0","4530","59949","64479"
"2023-05-16","port1367","Visakhapatnam","India","IND","0","1","0","0","0","1","1","0","55418","0","0","0","55418","55418","0","0","0","0","0","0","0"
"2024-06-13","port1367","Visakhapatnam","India","IND","1","6","0","0","2","7","9","1000","129653","0","0","48345","130653","178999","0","122731","0","0","7985","122731","130717"
"2023-05-17","port1367","Visakhapatnam","India","IND","2","1","0","0","2","3","5","3760","6262","0","0","3664","10023","13687","6150","0","0","0","0","6150","6150"
"2022-04-05","port1367","Visakhapatnam","India","IND","1","4","1","0","1","6","7","0","116591","0","0","16546","116591","133138","1919","93612","1546","0","0","97078","97078"
"2024-06-14","port1367","Visakhapatnam","India","IND","1","2","0","0","0","3","3","0","68639","0","0","0","68639","68639","9234","31402","0","0","0","40636","40636"
"2023-05-18","port1367","Visakhapatnam","India","IND","0","2","0","0","0","2","2","0","138677","0","0","0","138677","138677","0","0","0","0","0","0","0"
"2022-04-06","port1367","Visakhapatnam","India","IND","0","6","0","0","0","6","6","0","346081","0","0","0","346081","346081","0","99706","0","0","0","99706","99706"
"2024-06-15","port1367","Visakhapatnam","India","IND","1","5","0","0","0","6","6","1653","147175","0","0","0","148828","148828","4138","65249","0","0","0","69387","69387"
"2023-05-19","port1367","Visakhapatnam","India","IND","0","1","0","0","0","1","1","0","55026","0","0","0","55026","55026","0","0","0","0","0","0","0"
"2022-04-07","port1367","Visakhapatnam","India","IND","2","7","0","0","0","9","9","1653","217686","0","0","0","219340","219340","7512","184899","0","0","0","192411","192411"
"2024-06-16","port1367","Visakhapatnam","India","IND","1","2","2","0","0","5","5","11710","34319","2954","0","0","48985","48985","0","15701","15292","0","0","30993","30993"
"2023-05-20","port1367","Visakhapatnam","India","IND","0","2","0","0","0","2","2","0","60601","0","0","0","60601","60601","0","51334","0","0","0","51334","51334"
"2022-04-08","port1367","Visakhapatnam","India","IND","0","5","0","0","0","5","5","0","157147","0","0","0","157147","157147","0","108302","0","0","0","108302","108302"
"2024-06-17","port1367","Visakhapatnam","India","IND","0","5","0","0","2","5","7","0","100303","0","0","14095","100303","114398","0","68635","0","0","8426","68635","77061"
"2023-05-21","port1367","Visakhapatnam","India","IND","1","1","1","0","0","3","3","0","34319","0","0","0","34319","34319","15264","15701","9062","0","0","40028","40028"
"2022-04-09","port1367","Visakhapatnam","India","IND","0","3","0","0","2","3","5","0","95591","0","0","48134","95591","143726","0","15701","0","0","0","15701","15701"
"2024-06-18","port1367","Visakhapatnam","India","IND","1","8","0","0","2","9","11","0","382694","0","0","85726","382694","468421","1618","118231","0","0","0","119850","119850"
"2023-05-22","port1367","Visakhapatnam","India","IND","0","6","0","0","2","6","8","0","309363","0","0","45928","309363","355291","0","125290","0","0","6130","125290","131420"
"2022-04-10","port1367","Visakhapatnam","India","IND","0","3","0","0","1","3","4","0","166565","0","0","19059","166565","185624","0","15701","0","0","0","15701","15701"
"2024-06-19","port1367","Visakhapatnam","India","IND","2","5","0","0","1","7","8","24945","133421","0","0","18697","158366","177063","3334","84553","0","0","0","87887","87887"
"2023-05-23","port1367","Visakhapatnam","India","IND","2","3","1","0","2","6","8","1653","120293","0","0","5318","121946","127265","9988","15701","7717","0","32038","33406","65444"
"2022-04-11","port1367","Visakhapatnam","India","IND","0","1","0","0","0","1","1","0","0","0","0","0","0","0","0","49971","0","0","0","49971","49971"
"2024-06-20","port1367","Visakhapatnam","India","IND","2","4","0","0","3","6","9","3925","77818","0","0","0","81743","81743","13901","94097","0","0","36052","107999","144052"
"2023-05-24","port1367","Visakhapatnam","India","IND","1","2","0","0","1","3","4","1653","76079","0","0","37870","77733","115603","4138","51451","0","0","0","55589","55589"
"2022-04-12","port1367","Visakhapatnam","India","IND","2","5","0","0","1","7","8","0","269191","0","0","35651","269191","304842","24420","47529","0","0","0","71949","71949"
"2024-06-21","port1367","Visakhapatnam","India","IND","3","3","1","0","2","7","9","40331","110804","0","0","76","151136","151213","0","69713","0","0","4251","69713","73964"
"2023-05-25","port1367","Visakhapatnam","India","IND","0","4","1","0","0","5","5","0","127041","8426","0","0","135468","135468","0","35500","0","0","0","35500","35500"
"2022-04-13","port1367","Visakhapatnam","India","IND","0","5","0","0","1","5","6","0","23183","0","0","25063","23183","48247","0","142383","0","0","0","142383","142383"
"2024-06-22","port1367","Visakhapatnam","India","IND","0","5","1","0","0","6","6","0","154389","2954","0","0","157344","157344","0","140239","3233","0","0","143472","143472"
"2023-05-26","port1367","Visakhapatnam","India","IND","0","5","0","0","0","5","5","0","123539","0","0","0","123539","123539","0","44157","0","0","0","44157","44157"
"2022-04-14","port1367","Visakhapatnam","India","IND","3","6","1","0","2","10","12","4299","178411","0","0","21166","182711","203877","8171","123702","6022","0","4251","137896","142148"
"2024-06-23","port1367","Visakhapatnam","India","IND","2","2","0","0","1","4","5","18996","88702","0","0","0","107699","107699","31144","0","0","0","0","31144","31144"
"2023-05-27","port1367","Visakhapatnam","India","IND","1","5","0","0","1","6","7","0","138432","0","0","19610","138432","158042","3923","80422","0","0","0","84345","84345"
"2022-04-15","port1367","Visakhapatnam","India","IND","0","5","0","0","3","5","8","0","143172","0","0","0","143172","143172","0","82654","0","0","24734","82654","107388"
"2024-06-24","port1367","Visakhapatnam","India","IND","0","3","1","0","0","4","4","0","34319","17057","0","0","51377","51377","0","46567","0","0","0","46567","46567"
"2023-05-28","port1367","Visakhapatnam","India","IND","1","5","0","0","1","6","7","530","174363","0","0","49207","174894","224101","0","0","0","0","0","0","0"
"2022-04-16","port1367","Visakhapatnam","India","IND","0","4","0","0","1","4","5","0","254144","0","0","57582","254144","311726","0","61146","0","0","0","61146","61146"
"2024-06-25","port1367","Visakhapatnam","India","IND","0","4","1","0","0","5","5","0","141287","660","0","0","141947","141947","0","170532","0","0","0","170532","170532"
"2023-05-29","port1367","Visakhapatnam","India","IND","0","2","0","0","0","2","2","0","171104","0","0","0","171104","171104","0","46915","0","0","0","46915","46915"
"2022-04-17","port1367","Visakhapatnam","India","IND","0","8","1","0","4","9","13","0","241267","13231","0","70893","254499","325392","0","158861","0","0","8426","158861","167287"
"2024-06-26","port1367","Visakhapatnam","India","IND","0","3","0","0","2","3","5","0","7238","0","0","0","7238","7238","0","103774","0","0","5524","103774","109298"
"2023-05-30","port1367","Visakhapatnam","India","IND","0","2","0","0","1","2","3","0","200723","0","0","0","200723","200723","0","15701","0","0","5712","15701","21413"
"2024-06-27","port1367","Visakhapatnam","India","IND","0","5","0","0","3","5","8","0","249102","0","0","31410","249102","280513","0","18747","0","0","8426","18747","27173"
"2023-05-31","port1367","Visakhapatnam","India","IND","1","3","1","0","0","5","5","886","159894","2954","0","0","163735","163735","0","0","3233","0","0","3233","3233"
"2024-06-28","port1367","Visakhapatnam","India","IND","1","3","0","0","0","4","4","6936","102959","0","0","0","109896","109896","0","47104","0","0","0","47104","47104"
"2022-04-18","port1367","Visakhapatnam","India","IND","0","3","0","0","0","3","3","0","104682","0","0","0","104682","104682","0","15701","0","0","0","15701","15701"
"2023-06-01","port1367","Visakhapatnam","India","IND","0","3","0","0","2","3","5","0","54183","0","0","31235","54183","85418","0","133226","0","0","8426","133226","141652"
"2024-06-29","port1367","Visakhapatnam","India","IND","2","4","0","0","1","6","7","11722","199602","0","0","76","211325","211402","542","31402","0","0","4251","31945","36196"
"2022-04-19","port1367","Visakhapatnam","India","IND","1","4","0","0","2","5","7","0","86175","0","0","23033","86175","109209","2588","267362","0","0","0","269951","269951"
"2023-06-02","port1367","Visakhapatnam","India","IND","0","1","0","0","1","1","2","0","0","0","0","62818","0","62818","0","51252","0","0","0","51252","51252"
"2024-06-30","port1367","Visakhapatnam","India","IND","1","3","1","0","2","5","7","1767","34319","2954","0","48238","39042","87281","0","108566","3233","0","0","111800","111800"
"2022-04-20","port1367","Visakhapatnam","India","IND","0","3","1","0","2","4","6","0","193678","0","0","53620","193678","247299","0","54629","8478","0","4530","63108","67638"
"2023-06-03","port1367","Visakhapatnam","India","IND","1","2","1","0","2","4","6","268","47774","2954","0","61060","50997","112058","0","15701","3233","0","777","18935","19712"
"2024-07-01","port1367","Visakhapatnam","India","IND","0","5","0","0","1","5","6","0","150877","0","0","9666","150877","160544","0","70453","0","0","4530","70453","74983"
"2022-04-21","port1367","Visakhapatnam","India","IND","0","3","0","0","0","3","3","0","97691","0","0","0","97691","97691","0","15701","0","0","0","15701","15701"
"2023-06-04","port1367","Visakhapatnam","India","IND","2","3","0","0","1","5","6","3469","98204","0","0","0","101673","101673","12944","0","0","0","0","12944","12944"
"2024-07-02","port1367","Visakhapatnam","India","IND","2","2","0","0","2","4","6","503","54945","0","0","30530","55449","85980","458","156126","0","0","388","156585","156973"
"2022-04-22","port1367","Visakhapatnam","India","IND","1","4","0","0","2","5","7","0","97111","0","0","67482","97111","164594","4128","15634","0","0","0","19762","19762"
"2023-06-05","port1367","Visakhapatnam","India","IND","1","6","0","0","1","7","8","0","70167","0","0","0","70167","70167","2665","81538","0","0","33813","84203","118016"
"2024-07-03","port1367","Visakhapatnam","India","IND","1","6","0","0","1","7","8","5688","255517","0","0","0","261205","261205","0","45587","0","0","33236","45587","78823"
"2022-04-23","port1367","Visakhapatnam","India","IND","1","4","1","0","0","6","6","0","87415","1762","0","0","89177","89177","1525","175615","0","0","0","177141","177141"
"2023-06-06","port1367","Visakhapatnam","India","IND","2","3","1","0","0","6","6","0","76104","6823","0","0","82928","82928","7462","1816","0","0","0","9279","9279"
"2024-07-04","port1367","Visakhapatnam","India","IND","1","4","0","0","0","5","5","1653","213846","0","0","0","215499","215499","4138","15701","0","0","0","19839","19839"
"2022-04-24","port1367","Visakhapatnam","India","IND","1","4","1","0","1","6","7","4619","157063","1682","0","0","163364","163364","0","95469","0","0","0","95469","95469"
"2023-06-07","port1367","Visakhapatnam","India","IND","0","6","0","0","0","6","6","0","231733","0","0","0","231733","231733","0","92779","0","0","0","92779","92779"
"2024-07-05","port1367","Visakhapatnam","India","IND","1","2","0","0","1","3","4","0","54339","0","0","30530","54339","84870","31771","77145","0","0","388","108916","109304"
"2022-04-25","port1367","Visakhapatnam","India","IND","1","4","0","0","3","5","8","0","0","0","0","8302","0","8302","9748","173796","0","0","0","183545","183545"
"2023-06-08","port1367","Visakhapatnam","India","IND","0","5","0","0","1","5","6","0","171151","0","0","1949","171151","173100","0","85414","0","0","0","85414","85414"
"2024-07-06","port1367","Visakhapatnam","India","IND","0","1","0","0","0","1","1","0","78898","0","0","0","78898","78898","0","0","0","0","0","0","0"
"2022-04-26","port1367","Visakhapatnam","India","IND","1","5","0","0","2","6","8","0","247858","0","0","46489","247858","294347","6823","39863","0","0","0","46686","46686"
"2023-06-09","port1367","Visakhapatnam","India","IND","0","6","0","0","2","6","8","0","167329","0","0","49074","167329","216404","0","153389","0","0","0","153389","153389"
"2024-07-07","port1367","Visakhapatnam","India","IND","1","3","0","0","1","4","5","1622","131738","0","0","76","133361","133438","0","0","0","0","4251","0","4251"
"2022-04-27","port1367","Visakhapatnam","India","IND","2","6","0","0","2","8","10","660","185630","0","0","47166","186291","233458","8478","107199","0","0","0","115677","115677"
"2023-06-10","port1367","Visakhapatnam","India","IND","1","5","0","0","0","6","6","1295","255337","0","0","0","256632","256632","0","17498","0","0","0","17498","17498"
"2024-07-08","port1367","Visakhapatnam","India","IND","1","1","1","0","0","3","3","10324","34319","0","0","0","44644","44644","0","15701","6711","0","0","22412","22412"
"2022-04-28","port1367","Visakhapatnam","India","IND","1","4","0","0","1","5","6","0","129585","0","0","15848","129585","145433","13482","69403","0","0","0","82885","82885"
"2023-06-11","port1367","Visakhapatnam","India","IND","1","2","1","0","0","4","4","0","68639","19127","0","0","87766","87766","2909","31402","0","0","0","34312","34312"
"2024-07-09","port1367","Visakhapatnam","India","IND","2","7","1","0","0","10","10","0","213758","0","0","0","213758","213758","12261","62607","5518","0","0","80387","80387"
"2022-04-29","port1367","Visakhapatnam","India","IND","0","6","0","0","1","6","7","0","90971","0","0","43594","90971","134565","0","240744","0","0","0","240744","240744"
"2023-06-12","port1367","Visakhapatnam","India","IND","1","4","0","0","1","5","6","0","93344","0","0","44306","93344","137651","3692","20467","0","0","0","24160","24160"
"2024-07-10","port1367","Visakhapatnam","India","IND","1","1","0","0","0","2","2","1653","34319","0","0","0","35973","35973","4138","15701","0","0","0","19839","19839"
"2022-04-30","port1367","Visakhapatnam","India","IND","0","2","1","0","1","3","4","0","212088","0","0","9266","212088","221354","0","0","20633","0","0","20633","20633"
"2023-06-13","port1367","Visakhapatnam","India","IND","1","1","1","0","0","3","3","0","0","2954","0","0","2954","2954","4496","0","3233","0","0","7730","7730"
"2022-05-01","port1367","Visakhapatnam","India","IND","0","3","0","0","1","3","4","0","205371","0","0","76","205371","205448","0","0","0","0","4251","0","4251"
"2023-06-14","port1367","Visakhapatnam","India","IND","0","2","0","0","2","2","4","0","0","0","0","0","0","0","0","83410","0","0","0","83410","83410"
"2024-07-11","port1367","Visakhapatnam","India","IND","1","5","1","0","1","7","8","544","96791","992","0","30530","98329","128859","0","118540","0","0","388","118540","118929"
"2022-05-02","port1367","Visakhapatnam","India","IND","0","2","1","0","5","3","8","0","54752","0","0","112259","54752","167012","0","32316","2680","0","3734","34997","38732"
"2023-06-15","port1367","Visakhapatnam","India","IND","1","7","0","0","0","8","8","0","227769","0","0","0","227769","227769","5620","82467","0","0","0","88087","88087"
"2024-07-12","port1367","Visakhapatnam","India","IND","0","4","1","0","0","5","5","0","114111","0","0","0","114111","114111","0","16286","14120","0","0","30406","30406"
"2022-05-03","port1367","Visakhapatnam","India","IND","1","12","0","0","1","13","14","0","555190","0","0","46273","555190","601464","4518","230086","0","0","0","234605","234605"
"2023-06-16","port1367","Visakhapatnam","India","IND","1","4","0","0","0","5","5","0","146138","0","0","0","146138","146138","1876","31402","0","0","0","33279","33279"
"2024-07-13","port1367","Visakhapatnam","India","IND","1","6","1","0","0","8","8","0","247510","6366","0","0","253877","253877","1312","51534","0","0","0","52847","52847"
"2022-05-04","port1367","Visakhapatnam","India","IND","1","1","0","0","1","2","3","5616","0","0","0","14095","5616","19711","0","0","0","0","8426","0","8426"
"2023-06-17","port1367","Visakhapatnam","India","IND","1","5","0","0","1","6","7","0","267707","0","0","0","267707","267707","24609","77209","0","0","0","101818","101818"
"2024-07-14","port1367","Visakhapatnam","India","IND","0","2","0","0","0","2","2","0","29880","0","0","0","29880","29880","0","0","0","0","0","0","0"
"2022-05-05","port1367","Visakhapatnam","India","IND","0","2","0","0","0","2","2","0","36424","0","0","0","36424","36424","0","0","0","0","0","0","0"
"2023-06-18","port1367","Visakhapatnam","India","IND","0","3","0","0","0","3","3","0","0","0","0","0","0","0","0","140190","0","0","0","140190","140190"
"2024-07-15","port1367","Visakhapatnam","India","IND","1","3","0","0","1","4","5","0","48139","0","0","0","48139","48139","1083","87651","0","0","0","88735","88735"
"2022-05-06","port1367","Visakhapatnam","India","IND","1","4","0","0","2","5","7","0","108061","0","0","20950","108061","129011","0","38616","0","0","0","38616","38616"
"2023-06-19","port1367","Visakhapatnam","India","IND","1","3","2","0","1","6","7","3378","40081","0","0","9666","43459","53126","0","56136","27945","0","4530","84081","88611"
"2024-07-16","port1367","Visakhapatnam","India","IND","1","5","0","0","0","6","6","0","330182","0","0","0","330182","330182","1493","33527","0","0","0","35021","35021"
"2022-05-07","port1367","Visakhapatnam","India","IND","1","4","0","0","2","5","7","2227","54335","0","0","87428","56562","143991","0","72121","0","0","3734","72121","75856"
"2023-06-20","port1367","Visakhapatnam","India","IND","1","2","0","0","0","3","3","0","163842","0","0","0","163842","163842","1618","0","0","0","0","1618","1618"
"2024-07-17","port1367","Visakhapatnam","India","IND","0","3","0","0","2","3","5","0","110484","0","0","141492","110484","251976","0","102412","0","0","4251","102412","106663"
"2022-05-08","port1367","Visakhapatnam","India","IND","1","5","0","0","1","6","7","0","195090","0","0","7806","195090","202896","7708","48015","0","0","0","55724","55724"
"2023-06-21","port1367","Visakhapatnam","India","IND","2","3","0","0","3","5","8","0","99948","0","0","104312","99948","204261","24035","31402","0","0","0","55437","55437"
"2024-07-18","port1367","Visakhapatnam","India","IND","1","5","1","0","2","7","9","1673","106574","0","0","9666","108247","117914","0","94245","4333","0","25278","98579","123857"
"2022-05-09","port1367","Visakhapatnam","India","IND","1","1","0","0","0","2","2","0","0","0","0","0","0","0","2833","35150","0","0","0","37984","37984"
"2023-06-22","port1367","Visakhapatnam","India","IND","0","5","0","0","1","5","6","0","102436","0","0","76","102436","102513","0","81366","0","0","4251","81366","85617"
"2024-07-19","port1367","Visakhapatnam","India","IND","0","3","0","0","0","3","3","0","30555","0","0","0","30555","30555","0","0","0","0","0","0","0"
"2022-05-10","port1367","Visakhapatnam","India","IND","0","0","0","0","0","0","0","0","0","0","0","0","0","0","0","0","0","0","0","0","0"
"2023-06-23","port1367","Visakhapatnam","India","IND","1","3","0","0","0","4","4","0","74323","0","0","0","74323","74323","12406","65073","0","0","0","77479","77479"
"2024-07-20","port1367","Visakhapatnam","India","IND","1","1","0","0","3","2","5","0","0","0","0","30530","0","30530","15708","33516","0","0","37540","49224","86765"
"2022-05-11","port1367","Visakhapatnam","India","IND","0","4","0","0","0","4","4","0","129240","0","0","0","129240","129240","0","25337","0","0","0","25337","25337"
"2023-06-24","port1367","Visakhapatnam","India","IND","1","6","0","0","1","7","8","5979","96354","0","0","15889","102333","118223","0","136546","0","0","0","136546","136546"
"2024-07-21","port1367","Visakhapatnam","India","IND","1","6","0","0","0","7","7","11464","190867","0","0","0","202332","202332","0","132518","0","0","0","132518","132518"
"2022-05-12","port1367","Visakhapatnam","India","IND","3","11","0","0","7","14","21","6541","592128","0","0","114503","598669","713173","18646","136620","0","0","4251","155267","159518"
"2023-06-25","port1367","Visakhapatnam","India","IND","3","5","0","0","0","8","8","3666","201862","0","0","0","205529","205529","11483","44934","0","0","0","56417","56417"
"2024-07-22","port1367","Visakhapatnam","India","IND","0","4","0","0","1","4","5","0","194458","0","0","20748","194458","215207","0","31402","0","0","0","31402","31402"
"2022-05-13","port1367","Visakhapatnam","India","IND","1","8","0","0","0","9","9","0","206806","0","0","0","206806","206806","12875","71269","0","0","0","84145","84145"
"2023-06-26","port1367","Visakhapatnam","India","IND","0","4","0","0","0","4","4","0","211072","0","0","0","211072","211072","0","73603","0","0","0","73603","73603"
"2024-07-23","port1367","Visakhapatnam","India","IND","1","5","0","0","0","6","6","0","122284","0","0","0","122284","122284","3081","101403","0","0","0","104484","104484"
"2022-05-14","port1367","Visakhapatnam","India","IND","2","3","1","0","0","6","6","1653","89585","0","0","0","91238","91238","8219","75888","3221","0","0","87329","87329"
"2023-06-27","port1367","Visakhapatnam","India","IND","0","1","1","0","0","2","2","0","0","7160","0","0","7160","7160","0","36704","0","0","0","36704","36704"
"2022-05-15","port1367","Visakhapatnam","India","IND","2","4","0","0","5","6","11","0","84915","0","0","108804","84915","193720","7927","68517","0","0","8426","76445","84871"
"2023-06-28","port1367","Visakhapatnam","India","IND","1","6","0","0","0","7","7","0","82049","0","0","0","82049","82049","263","29967","0","0","0","30231","30231"
"2024-07-24","port1367","Visakhapatnam","India","IND","1","2","0","0","2","3","5","1653","34319","0","0","16108","35973","52081","4138","46810","0","0","4530","50948","55478"
"2022-05-16","port1367","Visakhapatnam","India","IND","0","5","0","0","1","5","6","0","214811","0","0","0","214811","214811","0","25573","0","0","7787","25573","33360"
"2023-06-29","port1367","Visakhapatnam","India","IND","1","5","1","0","0","7","7","0","200857","2152","0","0","203010","203010","2930","80687","0","0","0","83617","83617"
"2024-07-25","port1367","Visakhapatnam","India","IND","0","3","0","0","0","3","3","0","72886","0","0","0","72886","72886","0","107671","0","0","0","107671","107671"
"2022-05-17","port1367","Visakhapatnam","India","IND","1","6","2","0","1","9","10","0","282680","131","0","11064","282812","293876","7122","224001","3217","0","0","234341","234341"
"2023-06-30","port1367","Visakhapatnam","India","IND","0","8","0","0","2","8","10","0","280267","0","0","25167","280267","305434","0","172956","0","0","5503","172956","178459"
"2024-07-26","port1367","Visakhapatnam","India","IND","0","1","0","0","2","1","3","0","15271","0","0","101941","15271","117212","0","0","0","0","0","0","0"
"2022-05-18","port1367","Visakhapatnam","India","IND","1","3","0","0","1","4","5","0","0","0","0","0","0","0","1736","187552","0","0","0","189288","189288"
"2023-07-01","port1367","Visakhapatnam","India","IND","0","6","0","0","1","6","7","0","213977","0","0","48080","213977","262057","0","32452","0","0","0","32452","32452"
"2024-07-27","port1367","Visakhapatnam","India","IND","0","4","0","0","1","4","5","0","86159","0","0","76","86159","86236","0","16119","0","0","4251","16119","20370"
"2022-05-19","port1367","Visakhapatnam","India","IND","0","2","0","0","1","2","3","0","108595","0","0","56913","108595","165508","0","41622","0","0","0","41622","41622"
"2023-07-02","port1367","Visakhapatnam","India","IND","0","3","0","0","0","3","3","0","71097","0","0","0","71097","71097","0","103483","0","0","0","103483","103483"
"2024-07-28","port1367","Visakhapatnam","India","IND","2","4","0","0","1","6","7","0","98796","0","0","9666","98796","108462","13621","62268","0","0","4530","75889","80419"
"2022-05-20","port1367","Visakhapatnam","India","IND","1","5","0","0","3","6","9","0","465056","0","0","18248","465056","483305","6606","30610","0","0","4251","37216","41468"
"2023-07-03","port1367","Visakhapatnam","India","IND","0","3","0","0","0","3","3","0","50000","0","0","0","50000","50000","0","69713","0","0","0","69713","69713"
"2024-07-29","port1367","Visakhapatnam","India","IND","0","5","0","0","1","5","6","0","183997","0","0","0","183997","183997","0","0","0","0","41999","0","41999"
"2022-05-21","port1367","Visakhapatnam","India","IND","0","3","0","0","3","3","6","0","94780","0","0","67936","94780","162717","0","74412","0","0","0","74412","74412"
"2023-07-04","port1367","Visakhapatnam","India","IND","1","6","0","0","0","7","7","0","147734","0","0","0","147734","147734","8727","141246","0","0","0","149973","149973"
"2024-07-30","port1367","Visakhapatnam","India","IND","1","3","2","0","0","6","6","0","68639","0","0","0","68639","68639","1259","101115","1953","0","0","104328","104328"
"2022-05-22","port1367","Visakhapatnam","India","IND","1","5","0","0","0","6","6","0","150182","0","0","0","150182","150182","2633","49168","0","0","0","51801","51801"
"2023-07-05","port1367","Visakhapatnam","India","IND","0","3","0","0","1","3","4","0","114143","0","0","48679","114143","162823","0","0","0","0","0","0","0"
"2024-07-31","port1367","Visakhapatnam","India","IND","0","1","0","0","1","1","2","0","0","0","0","0","0","0","0","48703","0","0","37587","48703","86291"
"2022-05-23","port1367","Visakhapatnam","India","IND","0","3","0","0","2","3","5","0","41076","0","0","0","41076","41076","0","81313","0","0","24880","81313","106193"
"2023-07-06","port1367","Visakhapatnam","India","IND","2","6","1","0","0","9","9","1066","336987","0","0","0","338053","338053","3461","53901","0","0","0","57363","57363"
"2024-08-01","port1367","Visakhapatnam","India","IND","1","2","0","0","1","3","4","0","0","0","0","30530","0","30530","2207","35440","0","0","388","37648","38036"
"2022-05-24","port1367","Visakhapatnam","India","IND","1","3","0","0","1","4","5","0","55734","0","0","1269","55734","57004","7952","24405","0","0","0","32357","32357"
"2023-07-07","port1367","Visakhapatnam","India","IND","0","1","0","0","0","1","1","0","77273","0","0","0","77273","77273","0","0","0","0","0","0","0"
"2024-08-02","port1367","Visakhapatnam","India","IND","0","6","0","0","1","6","7","0","192521","0","0","56771","192521","249293","0","88934","0","0","0","88934","88934"
"2022-05-25","port1367","Visakhapatnam","India","IND","2","6","0","0","3","8","11","0","111478","0","0","32088","111478","143566","11187","89052","0","0","0","100240","100240"
"2023-07-08","port1367","Visakhapatnam","India","IND","1","1","0","0","2","2","4","0","41383","0","0","14095","41383","55478","3195","0","0","0","14661","3195","17856"
"2024-08-03","port1367","Visakhapatnam","India","IND","1","3","1","0","2","5","7","0","78270","0","0","0","78270","78270","2429","31402","6877","0","65903","40709","106613"
"2022-05-26","port1367","Visakhapatnam","India","IND","0","4","0","0","1","4","5","0","113824","0","0","0","113824","113824","0","117317","0","0","0","117317","117317"
"2023-07-09","port1367","Visakhapatnam","India","IND","2","7","1","0","0","10","10","401","217636","0","0","0","218038","218038","2045","157364","5378","0","0","164788","164788"
"2024-08-04","port1367","Visakhapatnam","India","IND","0","1","0","0","1","1","2","0","0","0","0","0","0","0","0","0","0","0","36323","0","36323"
"2022-05-27","port1367","Visakhapatnam","India","IND","2","5","0","0","1","7","8","5448","128290","0","0","46328","133739","180067","5977","35491","0","0","0","41468","41468"
"2023-07-10","port1367","Visakhapatnam","India","IND","1","3","0","0","1","4","5","0","133806","0","0","99489","133806","233295","6200","0","0","0","0","6200","6200"
"2024-08-05","port1367","Visakhapatnam","India","IND","1","7","0","0","0","8","8","1373","221541","0","0","0","222914","222914","0","23889","0","0","0","23889","23889"
"2022-05-28","port1367","Visakhapatnam","India","IND","0","4","0","0","1","4","5","0","150518","0","0","0","150518","150518","0","65316","0","0","0","65316","65316"
"2023-07-11","port1367","Visakhapatnam","India","IND","2","2","0","0","1","4","5","528","20451","0","0","26133","20980","47113","4104","49160","0","0","0","53265","53265"
"2022-05-29","port1367","Visakhapatnam","India","IND","1","5","0","0","0","6","6","0","189062","0","0","0","189062","189062","8478","67485","0","0","0","75963","75963"
"2023-07-12","port1367","Visakhapatnam","India","IND","0","2","1","0","0","3","3","0","53662","0","0","0","53662","53662","0","0","0","0","0","0","0"
"2022-05-30","port1367","Visakhapatnam","India","IND","0","3","0","0","1","3","4","0","167064","0","0","76","167064","167141","0","0","0","0","4251","0","4251"
"2024-08-06","port1367","Visakhapatnam","India","IND","1","2","0","0","1","3","4","3093","36527","0","0","23246","39621","62867","0","51207","0","0","0","51207","51207"
"2023-07-13","port1367","Visakhapatnam","India","IND","0","3","0","0","0","3","3","0","230520","0","0","0","230520","230520","0","15701","0","0","0","15701","15701"
"2022-05-31","port1367","Visakhapatnam","India","IND","1","4","0","0","2","5","7","0","53309","0","0","101255","53309","154564","5365","100152","0","0","0","105518","105518"
"2024-08-07","port1367","Visakhapatnam","India","IND","2","2","0","0","0","4","4","1653","52412","0","0","0","54066","54066","5850","15701","0","0","0","21552","21552"
"2023-07-14","port1367","Visakhapatnam","India","IND","0","4","1","0","0","5","5","0","102959","2954","0","0","105914","105914","0","47104","3233","0","0","50337","50337"
"2022-06-01","port1367","Visakhapatnam","India","IND","1","5","0","0","3","6","9","0","323577","0","0","49369","323577","372946","14942","105891","0","0","14074","120833","134908"
"2024-08-08","port1367","Visakhapatnam","India","IND","0","5","0","0","1","5","6","0","181735","0","0","48268","181735","230004","0","55355","0","0","3734","55355","59090"
"2023-07-15","port1367","Visakhapatnam","India","IND","0","4","0","0","1","4","5","0","124369","0","0","42036","124369","166405","0","19866","0","0","0","19866","19866"
"2022-06-02","port1367","Visakhapatnam","India","IND","0","2","1","0","3","3","6","0","133537","0","0","60138","133537","193676","0","0","7216","0","29649","7216","36865"
"2024-08-09","port1367","Visakhapatnam","India","IND","1","1","0","0","3","2","5","0","69713","0","0","21025","69713","90738","1843","0","0","0","4530","1843","6374"
"2023-07-16","port1367","Visakhapatnam","India","IND","2","3","0","0","0","5","5","0","239720","0","0","0","239720","239720","15399","15701","0","0","0","31101","31101"
"2022-06-03","port1367","Visakhapatnam","India","IND","0","2","2","0","2","4","6","0","34319","20256","0","146588","54575","201163","0","82230","0","0","0","82230","82230"
"2024-08-10","port1367","Visakhapatnam","India","IND","0","3","0","0","0","3","3","0","67617","0","0","0","67617","67617","0","34992","0","0","0","34992","34992"
"2023-07-17","port1367","Visakhapatnam","India","IND","1","3","0","0","0","4","4","0","68639","0","0","0","68639","68639","2080","101115","0","0","0","103195","103195"
"2022-06-04","port1367","Visakhapatnam","India","IND","0","5","0","0","1","5","6","0","153649","0","0","9666","153649","163316","0","0","0","0","4530","0","4530"
"2024-08-11","port1367","Visakhapatnam","India","IND","2","0","0","0","1","2","3","0","0","0","0","24734","0","24734","7758","0","0","0","0","7758","7758"
"2023-07-18","port1367","Visakhapatnam","India","IND","1","1","0","0","0","2","2","0","0","0","0","0","0","0","1843","53156","0","0","0","55000","55000"
"2022-06-05","port1367","Visakhapatnam","India","IND","1","7","1","0","3","9","12","0","465855","0","0","23170","465855","489025","3755","75946","19166","0","8426","98868","107294"
"2024-08-12","port1367","Visakhapatnam","India","IND","1","2","0","0","1","3","4","0","56295","0","0","49820","56295","106116","926","31602","0","0","0","32528","32528"
"2023-07-19","port1367","Visakhapatnam","India","IND","2","5","2","0","0","9","9","0","173004","2954","0","0","175959","175959","2724","103635","18099","0","0","124460","124460"
"2022-06-06","port1367","Visakhapatnam","India","IND","0","3","0","0","3","3","6","0","113545","0","0","62758","113545","176304","0","15701","0","0","0","15701","15701"
"2024-08-13","port1367","Visakhapatnam","India","IND","0","4","0","0","0","4","4","0","111234","0","0","0","111234","111234","0","15701","0","0","0","15701","15701"
"2023-07-20","port1367","Visakhapatnam","India","IND","0","6","0","0","0","6","6","0","324469","0","0","0","324469","324469","0","31402","0","0","0","31402","31402"
"2022-06-07","port1367","Visakhapatnam","India","IND","2","2","0","0","3","4","7","483","47020","0","0","42400","47503","89904","5898","54752","0","0","0","60650","60650"
"2024-08-14","port1367","Visakhapatnam","India","IND","1","1","0","0","0","2","2","0","110167","0","0","0","110167","110167","1112","0","0","0","0","1112","1112"
"2023-07-21","port1367","Visakhapatnam","India","IND","0","3","0","0","2","3","5","0","90885","0","0","103513","90885","194398","0","31402","0","0","6235","31402","37637"
"2022-06-08","port1367","Visakhapatnam","India","IND","0","5","0","0","0","5","5","0","188082","0","0","0","188082","188082","0","28258","0","0","0","28258","28258"
"2024-08-15","port1367","Visakhapatnam","India","IND","0","2","0","0","0","2","2","0","34319","0","0","0","34319","34319","0","70196","0","0","0","70196","70196"
"2023-07-22","port1367","Visakhapatnam","India","IND","0","2","1","0","2","3","5","0","155087","2954","0","47068","158042","205111","0","0","3233","0","0","3233","3233"
"2022-06-09","port1367","Visakhapatnam","India","IND","3","5","0","0","2","8","10","0","66009","0","0","49026","66009","115035","33606","71107","0","0","0","104713","104713"
"2024-08-16","port1367","Visakhapatnam","India","IND","0","0","0","0","0","0","0","0","0","0","0","0","0","0","0","0","0","0","0","0","0"
"2023-07-23","port1367","Visakhapatnam","India","IND","1","3","1","0","0","5","5","0","15154","2954","0","0","18109","18109","3093","104245","3233","0","0","110572","110572"
"2022-06-10","port1367","Visakhapatnam","India","IND","0","5","0","0","1","5","6","0","252295","0","0","30762","252295","283057","0","42047","0","0","0","42047","42047"
"2024-08-17","port1367","Visakhapatnam","India","IND","0","2","1","0","1","3","4","0","193631","2954","0","0","196586","196586","0","15701","3233","0","29358","18935","48293"
"2023-07-24","port1367","Visakhapatnam","India","IND","0","4","0","0","0","4","4","0","147241","0","0","0","147241","147241","0","31402","0","0","0","31402","31402"
"2022-06-11","port1367","Visakhapatnam","India","IND","2","6","0","0","3","8","11","4339","235278","0","0","28243","239618","267862","3587","94382","0","0","4530","97970","102500"
"2024-08-18","port1367","Visakhapatnam","India","IND","0","2","0","0","1","2","3","0","104431","0","0","0","104431","104431","0","0","0","0","17889","0","17889"
"2023-07-25","port1367","Visakhapatnam","India","IND","0","3","2","0","0","5","5","0","25638","2954","0","0","28593","28593","0","116142","11522","0","0","127665","127665"
"2024-08-19","port1367","Visakhapatnam","India","IND","0","4","1","0","1","5","6","0","134664","3126","0","46489","137791","184280","0","18225","0","0","0","18225","18225"
"2023-07-26","port1367","Visakhapatnam","India","IND","1","5","0","0","0","6","6","0","204261","0","0","0","204261","204261","2476","15701","0","0","0","18178","18178"
"2022-06-12","port1367","Visakhapatnam","India","IND","1","2","0","0","1","3","4","0","198153","0","0","0","198153","198153","15273","0","0","0","0","15273","15273"
"2024-08-20","port1367","Visakhapatnam","India","IND","0","8","2","0","1","10","11","0","234407","9353","0","0","243760","243760","0","151085","0","0","0","151085","151085"
"2023-07-27","port1367","Visakhapatnam","India","IND","0","1","1","0","1","2","3","0","47820","0","0","20780","47820","68601","0","0","0","0","0","0","0"
"2022-06-13","port1367","Visakhapatnam","India","IND","1","7","1","0","2","9","11","1653","323635","0","0","64211","325289","389500","4138","76458","998","0","0","81594","81594"
"2024-08-21","port1367","Visakhapatnam","India","IND","2","4","2","0","2","8","10","3307","125572","323","0","109998","129203","239201","8276","0","1939","0","0","10215","10215"
"2023-07-28","port1367","Visakhapatnam","India","IND","1","3","1","0","0","5","5","0","35517","2954","0","0","38472","38472","1540","119179","3233","0","0","123953","123953"
"2022-06-14","port1367","Visakhapatnam","India","IND","1","6","1","0","2","8","10","0","234665","0","0","7250","234665","241916","4880","0","700","0","28395","5581","33977"
"2024-08-22","port1367","Visakhapatnam","India","IND","0","4","0","0","0","4","4","0","34319","0","0","0","34319","34319","0","225652","0","0","0","225652","225652"
"2023-07-29","port1367","Visakhapatnam","India","IND","1","5","0","0","1","6","7","0","83154","0","0","0","83154","83154","8127","105045","0","0","6235","113173","119408"
"2022-06-15","port1367","Visakhapatnam","India","IND","1","3","0","0","3","4","7","0","206631","0","0","43936","206631","250568","10952","53270","0","0","4251","64223","68474"
"2024-08-23","port1367","Visakhapatnam","India","IND","2","1","0","0","1","3","4","8067","0","0","0","45200","8067","53268","993","30453","0","0","0","31447","31447"
"2023-07-30","port1367","Visakhapatnam","India","IND","2","2","1","0","3","5","8","3953","156723","2954","0","70356","163632","233988","5327","0","3233","0","0","8561","8561"
"2022-06-16","port1367","Visakhapatnam","India","IND","0","4","0","0","1","4","5","0","113200","0","0","9965","113200","123166","0","122232","0","0","0","122232","122232"
"2024-08-24","port1367","Visakhapatnam","India","IND","2","7","0","0","2","9","11","30085","171598","0","0","2848","201684","204532","893","169020","0","0","0","169913","169913"
"2023-07-31","port1367","Visakhapatnam","India","IND","1","2","1","0","0","4","4","3107","84418","0","0","0","87526","87526","0","0","6547","0","0","6547","6547"
"2022-06-17","port1367","Visakhapatnam","India","IND","1","3","1","0","4","5","9","0","44094","11795","0","27302","55889","83191","3545","79204","0","0","4530","82749","87279"
"2024-08-25","port1367","Visakhapatnam","India","IND","0","1","0","0","0","1","1","0","0","0","0","0","0","0","0","31141","0","0","0","31141","31141"
"2023-08-01","port1367","Visakhapatnam","India","IND","0","4","2","0","1","6","7","0","307824","3417","0","14095","311242","325337","0","2876","3233","0","8426","6110","14536"
"2022-06-18","port1367","Visakhapatnam","India","IND","0","5","0","0","1","5","6","0","285398","0","0","48960","285398","334358","0","104949","0","0","0","104949","104949"
"2024-08-26","port1367","Visakhapatnam","India","IND","1","4","0","0","0","5","5","1653","102004","0","0","0","103657","103657","4138","26976","0","0","0","31114","31114"
"2023-08-02","port1367","Visakhapatnam","India","IND","0","1","0","0","0","1","1","0","0","0","0","0","0","0","0","57926","0","0","0","57926","57926"
"2022-06-19","port1367","Visakhapatnam","India","IND","0","6","0","0","2","6","8","0","230929","0","0","94732","230929","325661","0","41349","0","0","0","41349","41349"
"2024-08-27","port1367","Visakhapatnam","India","IND","0","3","1","0","1","4","5","0","266188","11763","0","76","277952","278029","0","0","0","0","4251","0","4251"
"2023-08-03","port1367","Visakhapatnam","India","IND","0","1","0","0","0","1","1","0","58338","0","0","0","58338","58338","0","0","0","0","0","0","0"
"2022-06-20","port1367","Visakhapatnam","India","IND","2","6","0","0","2","8","10","1653","171838","0","0","71209","173491","244701","9011","127229","0","0","0","136241","136241"
"2024-08-28","port1367","Visakhapatnam","India","IND","2","3","0","0","2","5","7","150","130507","0","0","51638","130658","182296","11708","72908","0","0","40292","84617","124910"
"2023-08-04","port1367","Visakhapatnam","India","IND","1","5","0","0","2","6","8","0","116162","0","0","6633","116162","122795","18839","98975","0","0","2234","117815","120050"
"2022-06-21","port1367","Visakhapatnam","India","IND","1","1","0","0","2","2","4","2910","168303","0","0","110114","171214","281328","0","0","0","0","0","0","0"
"2024-08-29","port1367","Visakhapatnam","India","IND","2","4","1","0","0","7","7","1653","66080","0","0","0","67734","67734","4683","76140","663","0","0","81486","81486"
"2023-08-05","port1367","Visakhapatnam","India","IND","0","3","0","0","1","3","4","0","140035","0","0","0","140035","140035","0","31402","0","0","6235","31402","37637"
"2022-06-22","port1367","Visakhapatnam","India","IND","1","3","1","0","2","5","7","0","206422","0","0","56599","206422","263021","6628","46391","4319","0","41077","57338","98415"
"2024-08-30","port1367","Visakhapatnam","India","IND","0","3","1","0","1","4","5","0","106042","0","0","101156","106042","207199","0","0","7393","0","0","7393","7393"
"2023-08-06","port1367","Visakhapatnam","India","IND","1","0","0","0","0","1","1","0","0","0","0","0","0","0","9507","0","0","0","0","9507","9507"
"2022-06-23","port1367","Visakhapatnam","India","IND","1","7","0","0","2","8","10","0","236675","0","0","76","236675","236752","14750","93295","0","0","4251","108046","112297"
"2024-08-31","port1367","Visakhapatnam","India","IND","2","3","0","0","0","5","5","3493","114208","0","0","0","117701","117701","501","0","0","0","0","501","501"
"2023-08-07","port1367","Visakhapatnam","India","IND","1","5","0","0","0","6","6","0","133794","0","0","0","133794","133794","9111","171813","0","0","0","180924","180924"
"2022-06-24","port1367","Visakhapatnam","India","IND","1","5","1","0","2","7","9","0","240703","0","0","58328","240703","299032","3497","75545","8600","0","0","87643","87643"
"2024-09-01","port1367","Visakhapatnam","India","IND","0","3","0","0","3","3","6","0","90686","0","0","142230","90686","232916","0","78424","0","0","0","78424","78424"
"2023-08-08","port1367","Visakhapatnam","India","IND","0","3","0","0","0","3","3","0","110764","0","0","0","110764","110764","0","31402","0","0","0","31402","31402"
"2024-09-02","port1367","Visakhapatnam","India","IND","2","6","0","0","1","8","9","745","133889","0","0","18485","134635","153120","2336","109988","0","0","0","112324","112324"
"2023-08-09","port1367","Visakhapatnam","India","IND","0","4","0","0","2","4","6","0","222083","0","0","30723","222083","252806","0","15701","0","0","388","15701","16089"
"2022-06-25","port1367","Visakhapatnam","India","IND","1","3","0","0","1","4","5","3467","79091","0","0","30530","82558","113089","0","99955","0","0","388","99955","100343"
"2024-09-03","port1367","Visakhapatnam","India","IND","0","1","0","0","3","1","4","0","0","0","0","51421","0","51421","0","30380","0","0","9530","30380","39910"
"2023-08-10","port1367","Visakhapatnam","India","IND","2","1","0","0","1","3","4","0","166521","0","0","14095","166521","180616","9228","0","0","0","8426","9228","17654"
"2022-06-26","port1367","Visakhapatnam","India","IND","1","3","0","0","1","4","5","0","128286","0","0","0","128286","128286","0","51139","0","0","24734","51139","75873"
"2024-09-04","port1367","Visakhapatnam","India","IND","2","3","0","0","1","5","6","1653","167419","0","0","0","169073","169073","11845","0","0","0","6235","11845","18080"
"2023-08-11","port1367","Visakhapatnam","India","IND","0","3","0","0","0","3","3","0","139357","0","0","0","139357","139357","0","15701","0","0","0","15701","15701"
"2022-06-27","port1367","Visakhapatnam","India","IND","0","4","0","0","0","4","4","0","150516","0","0","0","150516","150516","0","66529","0","0","0","66529","66529"
"2024-09-05","port1367","Visakhapatnam","India","IND","1","3","0","0","2","4","6","0","115996","0","0","40179","115996","156176","3448","15701","0","0","36323","19149","55473"
"2023-08-12","port1367","Visakhapatnam","India","IND","0","3","0","0","0","3","3","0","177876","0","0","0","177876","177876","0","15701","0","0","0","15701","15701"
"2022-06-28","port1367","Visakhapatnam","India","IND","1","4","0","0","2","5","7","0","262133","0","0","48674","262133","310807","1952","0","0","0","0","1952","1952"
"2024-09-06","port1367","Visakhapatnam","India","IND","1","4","0","0","2","5","7","0","75090","0","0","10971","75090","86062","1143","44458","0","0","0","45601","45601"
"2023-08-13","port1367","Visakhapatnam","India","IND","0","2","0","0","0","2","2","0","21563","0","0","0","21563","21563","0","11111","0","0","0","11111","11111"
"2022-06-29","port1367","Visakhapatnam","India","IND","2","6","0","0","0","8","8","0","211984","0","0","0","211984","211984","19033","1661","0","0","0","20694","20694"
"2024-09-07","port1367","Visakhapatnam","India","IND","2","1","0","0","0","3","3","2890","0","0","0","0","2890","2890","0","28365","0","0","0","28365","28365"
"2023-08-14","port1367","Visakhapatnam","India","IND","1","3","0","0","0","4","4","0","112674","0","0","0","112674","112674","19374","37895","0","0","0","57269","57269"
"2022-06-30","port1367","Visakhapatnam","India","IND","1","5","0","0","2","6","8","0","151452","0","0","34503","151452","185955","0","0","0","0","8426","0","8426"
"2024-09-08","port1367","Visakhapatnam","India","IND","0","2","0","0","1","2","3","0","77994","0","0","49883","77994","127878","0","78694","0","0","0","78694","78694"
"2023-08-15","port1367","Visakhapatnam","India","IND","2","3","0","0","0","5","5","1920","38056","0","0","0","39976","39976","4138","9887","0","0","0","14025","14025"
"2022-07-01","port1367","Visakhapatnam","India","IND","2","4","0","0","3","6","9","0","215838","0","0","18843","215838","234682","8645","81605","0","0","4251","90251","94502"
"2024-09-09","port1367","Visakhapatnam","India","IND","2","3","0","0","0","5","5","0","91017","0","0","0","91017","91017","4319","116232","0","0","0","120551","120551"
"2023-08-16","port1367","Visakhapatnam","India","IND","1","3","1","0","1","5","6","0","83996","0","0","18528","83996","102524","5501","3632","386","0","0","9520","9520"
"2022-07-02","port1367","Visakhapatnam","India","IND","0","6","0","0","2","6","8","0","131561","0","0","40605","131561","172167","0","53557","0","0","28510","53557","82068"
"2024-09-10","port1367","Visakhapatnam","India","IND","2","2","0","0","1","4","5","6025","60830","0","0","0","66856","66856","4466","54363","0","0","0","58829","58829"
"2023-08-17","port1367","Visakhapatnam","India","IND","0","2","1","0","1","3","4","0","81818","5338","0","0","87157","87157","0","0","0","0","7992","0","7992"
"2022-07-03","port1367","Visakhapatnam","India","IND","0","5","1","0","0","6","6","0","348342","0","0","0","348342","348342","0","15701","18704","0","0","34405","34405"
"2024-09-11","port1367","Visakhapatnam","India","IND","0","2","1","0","4","3","7","0","48357","14840","0","0","63197","63197","0","0","0","0","49838","0","49838"
"2023-08-18","port1367","Visakhapatnam","India","IND","1","5","0","0","1","6","7","0","97558","0","0","0","97558","97558","18983","210923","0","0","5294","229907","235201"
"2022-07-04","port1367","Visakhapatnam","India","IND","0","4","0","0","3","4","7","0","170093","0","0","53909","170093","224003","0","15701","0","0","0","15701","15701"
"2024-09-12","port1367","Visakhapatnam","India","IND","2","4","1","0","0","7","7","2180","93465","0","0","0","95646","95646","4138","69731","4585","0","0","78455","78455"
"2023-08-19","port1367","Visakhapatnam","India","IND","2","0","0","0","0","2","2","0","0","0","0","0","0","0","3953","0","0","0","0","3953","3953"
"2022-07-05","port1367","Visakhapatnam","India","IND","1","6","0","0","2","7","9","0","156311","0","0","31213","156311","187524","1938","34719","0","0","0","36657","36657"
"2024-09-13","port1367","Visakhapatnam","India","IND","2","3","0","0","2","5","7","12449","74571","0","0","0","87021","87021","4138","51897","0","0","6235","56035","62270"
"2023-08-20","port1367","Visakhapatnam","India","IND","0","1","0","0","1","1","2","0","0","0","0","0","0","0","0","103477","0","0","0","103477","103477"
"2022-07-06","port1367","Visakhapatnam","India","IND","0","5","0","0","1","5","6","0","310043","0","0","1046","310043","311090","0","99837","0","0","0","99837","99837"
"2024-09-14","port1367","Visakhapatnam","India","IND","1","5","0","0","0","6","6","11532","225401","0","0","0","236933","236933","0","89774","0","0","0","89774","89774"
"2023-08-21","port1367","Visakhapatnam","India","IND","2","0","0","0","1","2","3","0","0","0","0","1586","0","1586","11403","0","0","0","0","11403","11403"
"2022-07-07","port1367","Visakhapatnam","India","IND","0","6","0","0","2","6","8","0","279803","0","0","152040","279803","431843","0","55766","0","0","0","55766","55766"
"2024-09-15","port1367","Visakhapatnam","India","IND","1","2","0","0","1","3","4","0","78457","0","0","0","78457","78457","2252","19611","0","0","0","21864","21864"
"2023-08-22","port1367","Visakhapatnam","India","IND","1","3","0","0","1","4","5","1653","43088","0","0","35824","44741","80566","4138","16283","0","0","0","20421","20421"
"2024-09-16","port1367","Visakhapatnam","India","IND","3","4","1","0","1","8","9","14060","107186","0","0","48268","121247","169516","6510","73630","0","0","3734","80140","83875"
"2023-08-23","port1367","Visakhapatnam","India","IND","0","2","0","0","1","2","3","0","0","0","0","35665","0","35665","0","164414","0","0","0","164414","164414"
"2022-07-08","port1367","Visakhapatnam","India","IND","0","1","0","0","2","1","3","0","0","0","0","39048","0","39048","0","43125","0","0","0","43125","43125"
"2024-09-17","port1367","Visakhapatnam","India","IND","1","2","0","0","2","3","5","0","113567","0","0","167436","113567","281003","9589","0","0","0","0","9589","9589"
"2023-08-24","port1367","Visakhapatnam","India","IND","0","4","0","0","1","4","5","0","77527","0","0","18220","77527","95747","0","47894","0","0","0","47894","47894"
"2022-07-09","port1367","Visakhapatnam","India","IND","1","3","0","0","3","4","7","0","73052","0","0","56142","73052","129195","8478","64323","0","0","18326","72802","91128"
"2024-09-18","port1367","Visakhapatnam","India","IND","1","6","0","0","0","7","7","922","100095","0","0","0","101017","101017","0","114244","0","0","0","114244","114244"
"2023-08-25","port1367","Visakhapatnam","India","IND","2","2","0","0","0","4","4","1653","89864","0","0","0","91517","91517","8261","15701","0","0","0","23963","23963"
"2022-07-10","port1367","Visakhapatnam","India","IND","1","5","0","0","0","6","6","0","182238","0","0","0","182238","182238","6049","65885","0","0","0","71935","71935"
"2024-09-19","port1367","Visakhapatnam","India","IND","1","4","1","0","2","6","8","0","159887","0","0","13258","159887","173145","12800","71817","5263","0","34832","89882","124714"
"2023-08-26","port1367","Visakhapatnam","India","IND","0","3","0","0","1","3","4","0","34905","0","0","0","34905","34905","0","37706","0","0","0","37706","37706"
"2022-07-11","port1367","Visakhapatnam","India","IND","1","7","0","0","1","8","9","0","375244","0","0","0","375244","375244","5646","47439","0","0","0","53085","53085"
"2024-09-20","port1367","Visakhapatnam","India","IND","0","1","0","0","1","1","2","0","22093","0","0","9977","22093","32071","0","0","0","0","0","0","0"
"2023-08-27","port1367","Visakhapatnam","India","IND","1","3","0","0","2","4","6","0","167170","0","0","40197","167170","207368","17094","15701","0","0","4918","32795","37714"
"2022-07-12","port1367","Visakhapatnam","India","IND","1","2","0","0","0","3","3","971","105156","0","0","0","106128","106128","0","0","0","0","0","0","0"
"2024-09-21","port1367","Visakhapatnam","India","IND","1","4","0","0","1","5","6","1653","62947","0","0","97635","64601","162237","4138","93020","0","0","0","97158","97158"
"2023-08-28","port1367","Visakhapatnam","India","IND","1","3","0","0","0","4","4","0","85379","0","0","0","85379","85379","1554","110167","0","0","0","111722","111722"
"2022-07-13","port1367","Visakhapatnam","India","IND","1","2","0","0","1","3","4","0","113191","0","0","0","113191","113191","9677","15701","0","0","0","25378","25378"
"2024-09-22","port1367","Visakhapatnam","India","IND","2","3","0","0","2","5","7","3508","113658","0","0","48268","117167","165436","3454","0","0","0","9865","3454","13319"
"2023-08-29","port1367","Visakhapatnam","India","IND","1","1","0","0","0","2","2","0","37371","0","0","0","37371","37371","0","0","0","0","0","0","0"
"2022-07-14","port1367","Visakhapatnam","India","IND","0","5","0","0","1","5","6","0","118597","0","0","43682","118597","162280","0","98830","0","0","0","98830","98830"
"2024-09-23","port1367","Visakhapatnam","India","IND","1","2","0","0","1","3","4","0","11052","0","0","48480","11052","59533","3527","78461","0","0","0","81988","81988"
"2023-08-30","port1367","Visakhapatnam","India","IND","1","3","0","0","1","4","5","0","146898","0","0","0","146898","146898","2959","0","0","0","6235","2959","9194"
"2022-07-15","port1367","Visakhapatnam","India","IND","1","5","0","0","3","6","9","3770","185343","0","0","7156","189114","196270","0","9570","0","0","0","9570","9570"
"2024-09-24","port1367","Visakhapatnam","India","IND","0","5","0","0","2","5","7","0","147487","0","0","14209","147487","161697","0","25711","0","0","0","25711","25711"
"2023-08-31","port1367","Visakhapatnam","India","IND","1","0","1","0","0","2","2","0","0","1404","0","0","1404","1404","0","0","0","0","0","0","0"
"2022-07-16","port1367","Visakhapatnam","India","IND","0","3","0","0","0","3","3","0","226803","0","0","0","226803","226803","0","67475","0","0","0","67475","67475"
"2024-09-25","port1367","Visakhapatnam","India","IND","1","3","0","0","2","4","6","3380","215827","0","0","0","219208","219208","0","69713","0","0","46567","69713","116280"
"2023-09-01","port1367","Visakhapatnam","India","IND","0","5","0","0","0","5","5","0","68639","0","0","0","68639","68639","0","138222","0","0","0","138222","138222"
"2022-07-17","port1367","Visakhapatnam","India","IND","0","7","0","0","1","7","8","0","284449","0","0","0","284449","284449","0","101724","0","0","31042","101724","132766"
"2024-09-26","port1367","Visakhapatnam","India","IND","1","4","0","0","2","5","7","0","78423","0","0","9666","78423","88090","13340","163946","0","0","4634","177286","181921"
"2023-09-02","port1367","Visakhapatnam","India","IND","0","5","0","0","0","5","5","0","117744","0","0","0","117744","117744","0","111","0","0","0","111","111"
"2022-07-18","port1367","Visakhapatnam","India","IND","0","4","0","0","0","4","4","0","257510","0","0","0","257510","257510","0","0","0","0","0","0","0"
"2024-09-27","port1367","Visakhapatnam","India","IND","0","0","0","0","2","0","2","0","0","0","0","101941","0","101941","0","0","0","0","0","0","0"
"2023-09-03","port1367","Visakhapatnam","India","IND","1","2","0","0","0","3","3","0","108676","0","0","0","108676","108676","2015","0","0","0","0","2015","2015"
"2022-07-19","port1367","Visakhapatnam","India","IND","2","8","1","0","0","11","11","5318","348970","0","0","0","354288","354288","3998","15701","0","0","0","19700","19700"
"2024-09-28","port1367","Visakhapatnam","India","IND","1","3","0","0","1","4","5","0","102859","0","0","0","102859","102859","12013","0","0","0","0","12013","12013"
"2023-09-04","port1367","Visakhapatnam","India","IND","0","2","0","0","0","2","2","0","54916","0","0","0","54916","54916","0","0","0","0","0","0","0"
"2022-07-20","port1367","Visakhapatnam","India","IND","1","3","0","0","2","4","6","0","152899","0","0","162971","152899","315871","783","15701","0","0","0","16484","16484"
"2024-09-29","port1367","Visakhapatnam","India","IND","1","3","0","0","1","4","5","0","210241","0","0","32392","210241","242633","4547","102530","0","0","0","107077","107077"
"2023-09-05","port1367","Visakhapatnam","India","IND","0","2","0","0","2","2","4","0","37837","0","0","36147","37837","73985","0","51246","0","0","0","51246","51246"
"2024-09-30","port1367","Visakhapatnam","India","IND","0","3","0","0","2","3","5","0","100717","0","0","477","100717","101195","0","7938","0","0","0","7938","7938"
"2023-09-06","port1367","Visakhapatnam","India","IND","0","6","0","0","0","6","6","0","122551","0","0","0","122551","122551","0","119185","0","0","0","119185","119185"
"2024-10-01","port1367","Visakhapatnam","India","IND","2","2","1","0","1","5","6","7167","18709","0","0","0","25876","25876","5253","78732","6154","0","36052","90140","126193"
"2022-07-21","port1367","Visakhapatnam","India","IND","0","3","0","0","0","3","3","0","142617","0","0","0","142617","142617","0","39980","0","0","0","39980","39980"
"2023-09-07","port1367","Visakhapatnam","India","IND","1","0","0","0","0","1","1","1653","0","0","0","0","1653","1653","4138","0","0","0","0","4138","4138"
"2024-10-02","port1367","Visakhapatnam","India","IND","0","2","0","0","0","2","2","0","55663","0","0","0","55663","55663","0","6343","0","0","0","6343","6343"
"2022-07-22","port1367","Visakhapatnam","India","IND","0","5","0","0","1","5","6","0","185081","0","0","12552","185081","197633","0","54401","0","0","0","54401","54401"
"2023-09-08","port1367","Visakhapatnam","India","IND","1","2","0","0","0","3","3","0","34319","0","0","0","34319","34319","2339","170015","0","0","0","172354","172354"
"2024-10-03","port1367","Visakhapatnam","India","IND","1","4","0","0","0","5","5","0","190935","0","0","0","190935","190935","7116","47424","0","0","0","54541","54541"
"2022-07-23","port1367","Visakhapatnam","India","IND","0","9","0","0","0","9","9","0","338992","0","0","0","338992","338992","0","155029","0","0","0","155029","155029"
"2023-09-09","port1367","Visakhapatnam","India","IND","1","6","0","0","0","7","7","0","265916","0","0","0","265916","265916","5327","59911","0","0","0","65239","65239"
"2024-10-04","port1367","Visakhapatnam","India","IND","1","5","0","0","1","6","7","1653","141036","0","0","0","142690","142690","4138","52028","0","0","52104","56166","108270"
"2022-07-24","port1367","Visakhapatnam","India","IND","0","7","0","0","0","7","7","0","252003","0","0","0","252003","252003","0","20322","0","0","0","20322","20322"
"2023-09-10","port1367","Visakhapatnam","India","IND","1","0","1","0","1","2","3","11953","0","2954","0","34835","14908","49743","0","0","3233","0","0","3233","3233"
"2024-10-05","port1367","Visakhapatnam","India","IND","0","1","1","0","2","2","4","0","0","0","0","131861","0","131861","0","30690","1789","0","6235","32479","38714"
"2022-07-25","port1367","Visakhapatnam","India","IND","2","6","1","0","1","9","10","0","317855","2954","0","30362","320810","351173","9626","83141","3233","0","0","96001","96001"
"2023-09-11","port1367","Visakhapatnam","India","IND","1","2","0","0","1","3","4","5666","0","0","0","0","5666","5666","0","23660","0","0","0","23660","23660"
"2024-10-06","port1367","Visakhapatnam","India","IND","1","5","0","0","1","6","7","1653","153503","0","0","0","155157","155157","4138","127681","0","0","29780","131819","161599"
"2022-07-26","port1367","Visakhapatnam","India","IND","1","3","1","0","1","5","6","0","254129","2954","0","6415","257084","263500","4394","0","3233","0","0","7628","7628"
"2023-09-12","port1367","Visakhapatnam","India","IND","0","2","0","0","1","2","3","0","55411","0","0","2521","55411","57932","0","20745","0","0","0","20745","20745"
"2024-10-07","port1367","Visakhapatnam","India","IND","2","1","0","0","2","3","5","5558","57914","0","0","0","63472","63472","0","0","0","0","0","0","0"
"2022-07-27","port1367","Visakhapatnam","India","IND","1","4","0","0","1","5","6","0","103362","0","0","10561","103362","113923","3312","82587","0","0","0","85899","85899"
"2023-09-13","port1367","Visakhapatnam","India","IND","2","9","0","0","0","11","11","1653","348568","0","0","0","350222","350222","9639","194128","0","0","0","203767","203767"
"2024-10-08","port1367","Visakhapatnam","India","IND","1","0","0","0","1","1","2","0","0","0","0","106074","0","106074","503","0","0","0","0","503","503"
"2022-07-28","port1367","Visakhapatnam","India","IND","1","3","0","0","1","4","5","0","175971","0","0","39956","175971","215927","1514","0","0","0","0","1514","1514"
"2023-09-14","port1367","Visakhapatnam","India","IND","2","2","0","0","0","4","4","3630","78031","0","0","0","81661","81661","0","0","0","0","0","0","0"
"2024-10-09","port1367","Visakhapatnam","India","IND","3","6","0","0","1","9","10","12581","153995","0","0","13874","166577","180451","4138","134687","0","0","0","138825","138825"
"2022-07-29","port1367","Visakhapatnam","India","IND","0","4","0","0","2","4","6","0","170844","0","0","11222","170844","182067","0","15701","0","0","4530","15701","20231"
"2023-09-15","port1367","Visakhapatnam","India","IND","0","2","1","0","1","3","4","0","150643","14083","0","0","164726","164726","0","0","0","0","6235","0","6235"
"2024-10-10","port1367","Visakhapatnam","India","IND","1","6","1","0","0","8","8","3287","192812","0","0","0","196099","196099","0","31197","7984","0","0","39181","39181"
"2022-07-30","port1367","Visakhapatnam","India","IND","0","7","0","0","0","7","7","0","399025","0","0","0","399025","399025","0","28846","0","0","0","28846","28846"
"2023-09-16","port1367","Visakhapatnam","India","IND","0","2","1","0","0","3","3","0","79480","6201","0","0","85682","85682","0","0","0","0","0","0","0"
"2024-10-11","port1367","Visakhapatnam","India","IND","0","8","0","0","2","8","10","0","267319","0","0","48268","267319","315588","0","86707","0","0","3734","86707","90441"
"2022-07-31","port1367","Visakhapatnam","India","IND","0","1","0","0","1","1","2","0","0","0","0","12091","0","12091","0","0","0","0","0","0","0"
"2023-09-17","port1367","Visakhapatnam","India","IND","1","1","0","0","0","2","2","0","26311","0","0","0","26311","26311","0","0","0","0","0","0","0"
"2024-10-12","port1367","Visakhapatnam","India","IND","1","1","0","0","0","2","2","2942","34319","0","0","0","37261","37261","0","15701","0","0","0","15701","15701"
"2022-08-01","port1367","Visakhapatnam","India","IND","0","3","1","0","0","4","4","0","196670","2954","0","0","199625","199625","0","60126","3233","0","0","63359","63359"
"2023-09-18","port1367","Visakhapatnam","India","IND","2","1","0","0","0","3","3","0","34319","0","0","0","34319","34319","3631","15701","0","0","0","19332","19332"
"2024-10-13","port1367","Visakhapatnam","India","IND","2","3","0","0","3","5","8","11373","47146","0","0","5220","58520","63740","4138","41319","0","0","42253","45457","87710"
"2022-08-02","port1367","Visakhapatnam","India","IND","1","3","1","0","1","5","6","2426","98206","0","0","0","100633","100633","0","15701","0","0","28017","15701","43718"
"2023-09-19","port1367","Visakhapatnam","India","IND","0","4","0","0","2","4","6","0","113931","0","0","58154","113931","172086","0","102530","0","0","0","102530","102530"
"2022-08-03","port1367","Visakhapatnam","India","IND","0","3","0","0","1","3","4","0","43960","0","0","18955","43960","62916","0","54752","0","0","0","54752","54752"
"2023-09-20","port1367","Visakhapatnam","India","IND","0","3","0","0","1","3","4","0","167782","0","0","0","167782","167782","0","15701","0","0","0","15701","15701"
"2024-10-14","port1367","Visakhapatnam","India","IND","0","5","0","0","2","5","7","0","174604","0","0","0","174604","174604","0","67777","0","0","0","67777","67777"
"2022-08-04","port1367","Visakhapatnam","India","IND","1","4","3","0","1","8","9","0","269063","11933","0","0","280997","280997","1500","15701","6467","0","24553","23669","48222"
"2023-09-21","port1367","Visakhapatnam","India","IND","0","2","0","0","1","2","3","0","166144","0","0","39324","166144","205469","0","26076","0","0","0","26076","26076"
"2024-10-15","port1367","Visakhapatnam","India","IND","1","2","0","0","2","3","5","4112","64214","0","0","32643","68327","100970","0","15701","0","0","0","15701","15701"
"2022-08-05","port1367","Visakhapatnam","India","IND","0","4","0","0","0","4","4","0","102959","0","0","0","102959","102959","0","95714","0","0","0","95714","95714"
"2023-09-22","port1367","Visakhapatnam","India","IND","1","4","0","0","0","5","5","4504","105018","0","0","0","109522","109522","0","15701","0","0","0","15701","15701"
"2024-10-16","port1367","Visakhapatnam","India","IND","1","4","1","0","3","6","9","14544","136768","0","0","58075","151313","209388","0","15701","14369","0","10765","30071","40836"
"2022-08-06","port1367","Visakhapatnam","India","IND","0","7","2","0","1","9","10","0","411060","6335","0","57433","417395","474828","0","37059","3233","0","0","40292","40292"
"2023-09-23","port1367","Visakhapatnam","India","IND","0","3","0","0","0","3","3","0","91779","0","0","0","91779","91779","0","31402","0","0","0","31402","31402"
"2024-10-17","port1367","Visakhapatnam","India","IND","2","4","1","0","1","7","8","3676","300860","0","0","18355","304537","322892","0","0","791","0","0","791","791"
"2022-08-07","port1367","Visakhapatnam","India","IND","0","0","0","0","2","0","2","0","0","0","0","40100","0","40100","0","0","0","0","0","0","0"
"2023-09-24","port1367","Visakhapatnam","India","IND","1","6","1","0","1","8","9","1653","218195","0","0","0","219849","219849","4138","80072","9349","0","0","93560","93560"
"2024-10-18","port1367","Visakhapatnam","India","IND","0","5","1","0","1","6","7","0","145850","4705","0","132526","150555","283082","0","95298","0","0","0","95298","95298"
"2022-08-08","port1367","Visakhapatnam","India","IND","0","6","0","0","0","6","6","0","162826","0","0","0","162826","162826","0","79689","0","0","0","79689","79689"
"2023-09-25","port1367","Visakhapatnam","India","IND","0","3","1","0","1","4","5","0","147607","1241","0","0","148849","148849","0","0","0","0","6235","0","6235"
"2024-10-19","port1367","Visakhapatnam","India","IND","0","3","1","0","0","4","4","0","76474","0","0","0","76474","76474","0","94619","800","0","0","95419","95419"
"2022-08-09","port1367","Visakhapatnam","India","IND","2","2","0","0","1","4","5","0","200681","0","0","45193","200681","245875","16101","15701","0","0","0","31802","31802"
"2023-09-26","port1367","Visakhapatnam","India","IND","3","2","0","0","0","5","5","3469","108903","0","0","0","112373","112373","2293","0","0","0","0","2293","2293"
"2024-10-20","port1367","Visakhapatnam","India","IND","1","5","0","0","1","6","7","2321","121735","0","0","78025","124057","202083","0","110520","0","0","0","110520","110520"
"2022-08-10","port1367","Visakhapatnam","India","IND","2","4","1","0","2","7","9","0","243331","0","0","14329","243331","257660","9223","70243","13617","0","4251","93085","97336"
"2023-09-27","port1367","Visakhapatnam","India","IND","0","2","1","0","2","3","5","0","75790","0","0","11270","75790","87060","0","29025","10017","0","28875","39042","67918"
"2024-10-21","port1367","Visakhapatnam","India","IND","0","4","1","0","2","5","7","0","41927","9313","0","10700","51241","61941","0","81989","0","0","0","81989","81989"
"2022-08-11","port1367","Visakhapatnam","India","IND","0","5","0","0","1","5","6","0","178659","0","0","48268","178659","226928","0","40915","0","0","3734","40915","44650"
"2023-09-28","port1367","Visakhapatnam","India","IND","0","5","0","0","0","5","5","0","138094","0","0","0","138094","138094","0","104470","0","0","0","104470","104470"
"2024-10-22","port1367","Visakhapatnam","India","IND","1","4","0","0","0","5","5","0","34319","0","0","0","34319","34319","1414","177636","0","0","0","179050","179050"
"2022-08-12","port1367","Visakhapatnam","India","IND","2","7","0","0","0","9","9","12748","388293","0","0","0","401041","401041","374","100041","0","0","0","100416","100416"
"2023-09-29","port1367","Visakhapatnam","India","IND","0","5","0","0","1","5","6","0","213631","0","0","0","213631","213631","0","15701","0","0","42999","15701","58700"
"2024-10-23","port1367","Visakhapatnam","India","IND","2","4","1","0","0","7","7","4380","130701","1517","0","0","136599","136599","10297","87229","0","0","0","97526","97526"
"2022-08-13","port1367","Visakhapatnam","India","IND","0","4","1","0","1","5","6","0","147626","2954","0","43594","150581","194176","0","81876","3233","0","0","85109","85109"
"2023-09-30","port1367","Visakhapatnam","India","IND","0","3","0","0","0","3","3","0","96818","0","0","0","96818","96818","0","1361","0","0","0","1361","1361"
"2024-10-24","port1367","Visakhapatnam","India","IND","1","3","0","0","0","4","4","494","65061","0","0","0","65556","65556","0","94263","0","0","0","94263","94263"
"2022-08-14","port1367","Visakhapatnam","India","IND","0","4","0","0","0","4","4","0","162700","0","0","0","162700","162700","0","31402","0","0","0","31402","31402"
"2023-10-01","port1367","Visakhapatnam","India","IND","0","1","0","0","0","1","1","0","77781","0","0","0","77781","77781","0","0","0","0","0","0","0"
"2024-10-25","port1367","Visakhapatnam","India","IND","0","4","0","0","0","4","4","0","70247","0","0","0","70247","70247","0","42179","0","0","0","42179","42179"
"2022-08-15","port1367","Visakhapatnam","India","IND","0","8","0","0","3","8","11","0","223652","0","0","58964","223652","282616","0","114543","0","0","8426","114543","122969"
"2023-10-02","port1367","Visakhapatnam","India","IND","0","2","0","0","2","2","4","0","112650","0","0","54068","112650","166718","0","0","0","0","4530","0","4530"
"2024-10-26","port1367","Visakhapatnam","India","IND","0","2","0","0","1","2","3","0","113218","0","0","0","113218","113218","0","15701","0","0","60276","15701","75977"
"2022-08-16","port1367","Visakhapatnam","India","IND","3","4","2","0","1","9","10","10565","106513","2954","0","0","120033","120033","0","92310","4431","0","0","96741","96741"
"2023-10-03","port1367","Visakhapatnam","India","IND","1","3","1","0","0","5","5","0","102959","0","0","0","102959","102959","1323","47104","3183","0","0","51611","51611"
"2022-08-17","port1367","Visakhapatnam","India","IND","2","5","0","0","1","7","8","928","351603","0","0","46641","352532","399174","8555","0","0","0","0","8555","8555"
"2023-10-04","port1367","Visakhapatnam","India","IND","1","1","0","0","2","2","4","1653","0","0","0","13090","1653","14744","4138","585","0","0","0","4723","4723"
"2022-08-18","port1367","Visakhapatnam","India","IND","0","3","1","0","1","4","5","0","148064","0","0","0","148064","148064","0","0","8583","0","0","8583","8583"
"2024-10-27","port1367","Visakhapatnam","India","IND","2","7","1","0","3","10","13","4882","97052","0","0","16553","101934","118488","0","123337","6129","0","38180","129466","167646"
"2023-10-05","port1367","Visakhapatnam","India","IND","0","3","0","0","1","3","4","0","57353","0","0","0","57353","57353","0","76208","0","0","43594","76208","119802"
"2022-08-19","port1367","Visakhapatnam","India","IND","2","8","0","0","0","10","10","2057","149317","0","0","0","151374","151374","884","80407","0","0","0","81291","81291"
"2024-10-28","port1367","Visakhapatnam","India","IND","0","3","0","0","1","3","4","0","68639","0","0","102963","68639","171602","0","63261","0","0","0","63261","63261"
"2023-10-06","port1367","Visakhapatnam","India","IND","1","4","0","0","1","5","6","0","119827","0","0","0","119827","119827","0","85732","0","0","0","85732","85732"
"2022-08-20","port1367","Visakhapatnam","India","IND","0","1","0","0","0","1","1","0","7265","0","0","0","7265","7265","0","0","0","0","0","0","0"
"2024-10-29","port1367","Visakhapatnam","India","IND","0","3","0","0","0","3","3","0","87890","0","0","0","87890","87890","0","60559","0","0","0","60559","60559"
"2023-10-07","port1367","Visakhapatnam","India","IND","0","2","0","0","0","2","2","0","197172","0","0","0","197172","197172","0","0","0","0","0","0","0"
"2022-08-21","port1367","Visakhapatnam","India","IND","0","3","0","0","0","3","3","0","109915","0","0","0","109915","109915","0","31402","0","0","0","31402","31402"
"2024-10-30","port1367","Visakhapatnam","India","IND","2","3","0","0","1","5","6","0","34319","0","0","0","34319","34319","23900","149533","0","0","0","173434","173434"
"2023-10-08","port1367","Visakhapatnam","India","IND","0","2","0","0","2","2","4","0","164476","0","0","0","164476","164476","0","0","0","0","0","0","0"
"2022-08-22","port1367","Visakhapatnam","India","IND","2","7","2","0","2","11","13","3115","355165","3182","0","15301","361464","376765","4138","72874","3233","0","27729","80246","107975"
"2024-10-31","port1367","Visakhapatnam","India","IND","1","5","0","0","0","6","6","0","146218","0","0","0","146218","146218","1755","71327","0","0","0","73083","73083"
"2023-10-09","port1367","Visakhapatnam","India","IND","1","3","0","0","0","4","4","1551","104486","0","0","0","106038","106038","0","9053","0","0","0","9053","9053"
"2022-08-23","port1367","Visakhapatnam","India","IND","0","4","0","0","1","4","5","0","173986","0","0","0","173986","173986","0","47104","0","0","0","47104","47104"
"2024-11-01","port1367","Visakhapatnam","India","IND","1","4","0","0","2","5","7","1653","102959","0","0","0","104612","104612","4138","49865","0","0","53930","54003","107934"
"2023-10-10","port1367","Visakhapatnam","India","IND","0","7","0","0","2","7","9","0","322754","0","0","9666","322754","332421","0","41043","0","0","5268","41043","46311"
"2022-08-24","port1367","Visakhapatnam","India","IND","1","4","0","0","2","5","7","0","224969","0","0","2824","224969","227793","1578","31402","0","0","4251","32980","37231"
"2024-11-02","port1367","Visakhapatnam","India","IND","0","1","0","0","2","1","3","0","34319","0","0","0","34319","34319","0","15701","0","0","0","15701","15701"
"2023-10-11","port1367","Visakhapatnam","India","IND","1","4","0","0","2","5","7","0","70885","0","0","43117","70885","114003","1106","172548","0","0","0","173655","173655"
"2022-08-25","port1367","Visakhapatnam","India","IND","0","3","0","0","1","3","4","0","34319","0","0","48268","34319","82588","0","61897","0","0","3734","61897","65632"
"2024-11-03","port1367","Visakhapatnam","India","IND","0","1","0","0","0","1","1","0","79495","0","0","0","79495","79495","0","0","0","0","0","0","0"
"2023-10-12","port1367","Visakhapatnam","India","IND","0","1","1","0","0","2","2","0","78877","0","0","0","78877","78877","0","0","5317","0","0","5317","5317"
"2022-08-26","port1367","Visakhapatnam","India","IND","0","1","0","0","0","1","1","0","55721","0","0","0","55721","55721","0","0","0","0","0","0","0"
"2024-11-04","port1367","Visakhapatnam","India","IND","0","1","0","0","2","1","3","0","0","0","0","76","0","76","0","26971","0","0","4251","26971","31223"
"2023-10-13","port1367","Visakhapatnam","India","IND","0","4","0","0","0","4","4","0","143010","0","0","0","143010","143010","0","85546","0","0","0","85546","85546"
"2022-08-27","port1367","Visakhapatnam","India","IND","1","5","0","0","1","6","7","0","186098","0","0","2735","186098","188833","3998","65026","0","0","0","69024","69024"
"2024-11-05","port1367","Visakhapatnam","India","IND","0","3","0","0","1","3","4","0","120714","0","0","0","120714","120714","0","0","0","0","35669","0","35669"
"2023-10-14","port1367","Visakhapatnam","India","IND","0","4","0","0","1","4","5","0","263068","0","0","76","263068","263145","0","15701","0","0","4251","15701","19952"
"2022-08-28","port1367","Visakhapatnam","India","IND","0","4","1","0","2","5","7","0","141134","0","0","39995","141134","181130","0","31402","6373","0","0","37776","37776"
"2024-11-06","port1367","Visakhapatnam","India","IND","1","4","0","0","1","5","6","1653","70219","0","0","47201","71873","119074","4138","73081","0","0","0","77219","77219"
"2023-10-15","port1367","Visakhapatnam","India","IND","1","7","0","0","1","8","9","1653","214850","0","0","14095","216503","230598","4138","131343","0","0","8426","135481","143907"
"2022-08-29","port1367","Visakhapatnam","India","IND","0","9","1","0","1","10","11","0","239858","0","0","31447","239858","271306","0","176005","4075","0","0","180081","180081"
"2024-11-07","port1367","Visakhapatnam","India","IND","0","2","0","0","0","2","2","0","37382","0","0","0","37382","37382","0","78694","0","0","0","78694","78694"
"2023-10-16","port1367","Visakhapatnam","India","IND","0","1","0","0","0","1","1","0","0","0","0","0","0","0","0","103477","0","0","0","103477","103477"
"2022-08-30","port1367","Visakhapatnam","India","IND","1","2","1","0","1","4","5","0","108776","6242","0","18258","115018","133277","972","15701","0","0","0","16673","16673"
"2024-11-08","port1367","Visakhapatnam","India","IND","2","0","0","0","0","2","2","966","0","0","0","0","966","966","2027","0","0","0","0","2027","2027"
"2023-10-17","port1367","Visakhapatnam","India","IND","2","3","1","0","0","6","6","1653","113034","0","0","0","114688","114688","4138","15701","12003","0","0","31843","31843"
"2024-11-09","port1367","Visakhapatnam","India","IND","0","1","2","0","1","3","4","0","0","0","0","19569","0","19569","0","5990","5611","0","0","11601","11601"
"2023-10-18","port1367","Visakhapatnam","India","IND","1","5","0","0","0","6","6","0","188042","0","0","0","188042","188042","11061","15701","0","0","0","26762","26762"
"2022-08-31","port1367","Visakhapatnam","India","IND","1","4","0","0","1","5","6","440","144685","0","0","45352","145125","190477","0","65738","0","0","0","65738","65738"
"2024-11-10","port1367","Visakhapatnam","India","IND","0","2","0","0","1","2","3","0","577","0","0","14095","577","14673","0","14403","0","0","8426","14403","22829"
"2023-10-19","port1367","Visakhapatnam","India","IND","0","1","1","0","0","2","2","0","55352","9299","0","0","64651","64651","0","0","0","0","0","0","0"
"2022-09-01","port1367","Visakhapatnam","India","IND","0","4","0","0","0","4","4","0","166699","0","0","0","166699","166699","0","47104","0","0","0","47104","47104"
"2024-11-11","port1367","Visakhapatnam","India","IND","2","5","0","0","0","7","7","9957","70281","0","0","0","80238","80238","4138","97631","0","0","0","101769","101769"
"2023-10-20","port1367","Visakhapatnam","India","IND","1","4","0","0","0","5","5","1653","129329","0","0","0","130983","130983","4138","47104","0","0","0","51242","51242"
"2022-09-02","port1367","Visakhapatnam","India","IND","1","4","0","0","1","5","6","0","221638","0","0","9666","221638","231305","3072","15701","0","0","4530","18773","23303"
"2024-11-12","port1367","Visakhapatnam","India","IND","1","2","0","0","1","3","4","0","41831","0","0","0","41831","41831","1350","26998","0","0","34586","28349","62935"
"2022-09-03","port1367","Visakhapatnam","India","IND","0","5","0","0","1","5","6","0","189925","0","0","0","189925","189925","0","134910","0","0","0","134910","134910"
"2024-11-13","port1367","Visakhapatnam","India","IND","1","6","0","0","1","7","8","0","346631","0","0","76","346631","346708","7033","80469","0","0","4251","87503","91754"
"2022-09-04","port1367","Visakhapatnam","India","IND","0","4","0","0","1","4","5","0","168740","0","0","76","168740","168817","0","15701","0","0","4251","15701","19952"
"2024-11-14","port1367","Visakhapatnam","India","IND","1","2","0","0","0","3","3","1653","0","0","0","0","1653","1653","4138","82028","0","0","0","86166","86166"
"2022-09-05","port1367","Visakhapatnam","India","IND","1","4","1","0","0","6","6","2220","31725","2954","0","0","36900","36900","0","61374","3233","0","0","64608","64608"
"2024-11-15","port1367","Visakhapatnam","India","IND","0","0","0","0","0","0","0","0","0","0","0","0","0","0","0","0","0","0","0","0","0"
"2022-09-06","port1367","Visakhapatnam","India","IND","1","3","0","0","0","4","4","1653","106607","0","0","0","108261","108261","4138","0","0","0","0","4138","4138"
"2024-11-16","port1367","Visakhapatnam","India","IND","0","2","0","0","0","2","2","0","73365","0","0","0","73365","73365","0","15701","0","0","0","15701","15701"
"2022-09-07","port1367","Visakhapatnam","India","IND","0","4","0","0","0","4","4","0","94032","0","0","0","94032","94032","0","154318","0","0","0","154318","154318"
"2024-11-17","port1367","Visakhapatnam","India","IND","1","0","0","0","1","1","2","11354","0","0","0","0","11354","11354","0","0","0","0","11674","0","11674"
"2022-09-08","port1367","Visakhapatnam","India","IND","0","2","1","0","0","3","3","0","54380","2954","0","0","57335","57335","0","15701","3233","0","0","18935","18935"
"2024-11-18","port1367","Visakhapatnam","India","IND","0","2","1","0","1","3","4","0","23983","0","0","0","23983","23983","0","116232","0","0","0","116232","116232"
"2022-09-09","port1367","Visakhapatnam","India","IND","1","6","0","0","0","7","7","1653","228837","0","0","0","230491","230491","4138","31402","0","0","0","35540","35540"
"2024-11-19","port1367","Visakhapatnam","India","IND","1","3","0","0","0","4","4","1653","59689","0","0","0","61343","61343","4138","10626","0","0","0","14764","14764"
"2022-09-10","port1367","Visakhapatnam","India","IND","0","6","0","0","1","6","7","0","39435","0","0","0","39435","39435","0","49274","0","0","0","49274","49274"
"2024-11-20","port1367","Visakhapatnam","India","IND","0","3","0","0","2","3","5","0","102959","0","0","49223","102959","152182","0","47104","0","0","4251","47104","51355"
"2022-09-11","port1367","Visakhapatnam","India","IND","0","2","0","0","1","2","3","0","77404","0","0","56944","77404","134349","0","0","0","0","0","0","0"
"2024-11-21","port1367","Visakhapatnam","India","IND","1","2","0","0","1","3","4","0","97267","0","0","98282","97267","195550","12397","0","0","0","0","12397","12397"
"2022-09-12","port1367","Visakhapatnam","India","IND","0","0","0","0","1","0","1","0","0","0","0","28914","0","28914","0","0","0","0","0","0","0"
"2024-11-22","port1367","Visakhapatnam","India","IND","0","1","0","0","0","1","1","0","53899","0","0","0","53899","53899","0","0","0","0","0","0","0"
"2022-09-13","port1367","Visakhapatnam","India","IND","2","1","0","0","3","3","6","3327","34319","0","0","149892","37647","187539","3785","15701","0","0","4251","19486","23738"
"2024-11-23","port1367","Visakhapatnam","India","IND","0","1","1","0","0","2","2","0","44144","0","0","0","44144","44144","0","0","5654","0","0","5654","5654"
"2022-09-14","port1367","Visakhapatnam","India","IND","2","7","0","0","1","9","10","3465","278230","0","0","7913","281695","289609","376","199059","0","0","0","199435","199435"
"2022-09-15","port1367","Visakhapatnam","India","IND","0","5","0","0","0","5","5","0","165484","0","0","0","165484","165484","0","15701","0","0","0","15701","15701"
"2024-11-24","port1367","Visakhapatnam","India","IND","0","1","0","0","3","1","4","0","21469","0","0","160479","21469","181949","0","0","0","0","0","0","0"
"2025-12-29","port1367","Visakhapatnam","India","IND","1","2","0","0","1","3","4","5438","55622","0","0","38915","61060","99975","0","11097","0","0","0","11097","11097"
"2025-12-30","port1367","Visakhapatnam","India","IND","1","2","0","0","0","3","3","1653","108475","0","0","0","110128","110128","4138","11543","0","0","0","15681","15681"
"2024-11-25","port1367","Visakhapatnam","India","IND","2","3","0","0","0","5","5","0","71874","0","0","0","71874","71874","5950","31402","0","0","0","37353","37353"
"2025-12-31","port1367","Visakhapatnam","India","IND","1","2","0","0","0","3","3","0","43208","0","0","0","43208","43208","5144","31942","0","0","0","37086","37086"
"2024-11-26","port1367","Visakhapatnam","India","IND","0","1","0","0","1","1","2","0","34319","0","0","44158","34319","78478","0","15701","0","0","0","15701","15701"
"2026-01-01","port1367","Visakhapatnam","India","IND","1","1","0","0","1","2","3","1653","34319","0","0","76","35973","36050","4138","15701","0","0","4251","19839","24090"
"2024-11-27","port1367","Visakhapatnam","India","IND","1","2","0","0","2","3","5","1772","114697","0","0","2027","116469","118497","0","15701","0","0","35253","15701","50954"
"2026-01-02","port1367","Visakhapatnam","India","IND","2","3","0","0","0","5","5","1780","95245","0","0","0","97026","97026","5212","15701","0","0","0","20913","20913"
"2024-11-28","port1367","Visakhapatnam","India","IND","0","4","0","0","1","4","5","0","119622","0","0","76","119622","119699","0","91987","0","0","4251","91987","96238"
"2026-01-03","port1367","Visakhapatnam","India","IND","0","2","0","0","0","2","2","0","49067","0","0","0","49067","49067","0","15383","0","0","0","15383","15383"
"2024-11-29","port1367","Visakhapatnam","India","IND","1","5","0","0","1","6","7","1546","160466","0","0","14095","162012","176107","0","62805","0","0","8426","62805","71231"
"2024-11-30","port1367","Visakhapatnam","India","IND","0","3","0","0","1","3","4","0","68639","0","0","0","68639","68639","0","31402","0","0","68878","31402","100281"
"2024-12-01","port1367","Visakhapatnam","India","IND","1","3","1","0","1","5","6","0","69196","2139","0","16365","71335","87701","3021","31402","0","0","0","34423","34423"
"2024-12-02","port1367","Visakhapatnam","India","IND","0","2","0","0","1","2","3","0","35714","0","0","51074","35714","86789","0","15701","0","0","0","15701","15701"
"2024-12-03","port1367","Visakhapatnam","India","IND","1","4","0","0","0","5","5","881","102959","0","0","0","103840","103840","0","79168","0","0","0","79168","79168"
"2024-12-04","port1367","Visakhapatnam","India","IND","1","2","0","0","0","3","3","1653","143942","0","0","0","145596","145596","4138","15701","0","0","0","19839","19839"
"2024-12-05","port1367","Visakhapatnam","India","IND","0","2","0","0","1","2","3","0","62689","0","0","0","62689","62689","0","15701","0","0","37627","15701","53328"
"2024-12-06","port1367","Visakhapatnam","India","IND","0","6","0","0","1","6","7","0","241841","0","0","56792","241841","298634","0","31402","0","0","0","31402","31402"
"2024-12-07","port1367","Visakhapatnam","India","IND","0","6","0","0","0","6","6","0","100625","0","0","0","100625","100625","0","148688","0","0","0","148688","148688"
"2024-12-08","port1367","Visakhapatnam","India","IND","2","2","0","0","1","4","5","8931","32131","0","0","76","41062","41139","873","28616","0","0","4251","29489","33741"
"2024-12-09","port1367","Visakhapatnam","India","IND","0","4","0","0","1","4","5","0","66141","0","0","0","66141","66141","0","99356","0","0","0","99356","99356"
"2024-12-10","port1367","Visakhapatnam","India","IND","2","4","0","0","0","6","6","13704","69196","0","0","0","82901","82901","4138","31402","0","0","0","35540","35540"
"2024-12-11","port1367","Visakhapatnam","India","IND","1","5","2","0","2","8","10","0","83858","0","0","104292","83858","188151","6398","83600","14583","0","0","104582","104582"
"2024-12-12","port1367","Visakhapatnam","India","IND","0","2","2","0","0","4","4","0","52479","7559","0","0","60038","60038","0","15701","2725","0","0","18427","18427"
"2024-12-13","port1367","Visakhapatnam","India","IND","1","2","1","0","0","4","4","1653","18290","0","0","0","19943","19943","4138","699","2060","0","0","6897","6897"
"2024-12-14","port1367","Visakhapatnam","India","IND","0","1","0","0","1","1","2","0","34319","0","0","14095","34319","48414","0","15701","0","0","8426","15701","24127"
"2024-12-15","port1367","Visakhapatnam","India","IND","0","2","0","0","1","2","3","0","34319","0","0","1002","34319","35321","0","15701","0","0","0","15701","15701"
"2024-12-16","port1367","Visakhapatnam","India","IND","2","1","0","0","1","3","4","12325","2787","0","0","0","15113","15113","495","0","0","0","0","495","495"
"2024-12-17","port1367","Visakhapatnam","India","IND","0","0","0","0","1","0","1","0","0","0","0","0","0","0","0","0","0","0","33299","0","33299"
"2024-12-18","port1367","Visakhapatnam","India","IND","0","3","0","0","0","3","3","0","147499","0","0","0","147499","147499","0","31402","0","0","0","31402","31402"
"2024-12-19","port1367","Visakhapatnam","India","IND","0","4","1","0","1","5","6","0","140382","2954","0","0","143337","143337","0","47104","3233","0","0","50337","50337"
"2024-12-20","port1367","Visakhapatnam","India","IND","0","3","1","0","0","4","4","0","96567","2863","0","0","99431","99431","0","0","0","0","0","0","0"
"2024-12-21","port1367","Visakhapatnam","India","IND","0","1","0","0","3","1","4","0","34319","0","0","85846","34319","120166","0","15701","0","0","3734","15701","19436"
"2024-12-22","port1367","Visakhapatnam","India","IND","0","4","0","0","1","4","5","0","108976","0","0","23927","108976","132903","0","31402","0","0","0","31402","31402"
"2024-12-23","port1367","Visakhapatnam","India","IND","2","1","1","0","1","4","5","1653","32279","0","0","10285","33933","44218","20922","0","2853","0","0","23776","23776"
"2024-12-24","port1367","Visakhapatnam","India","IND","1","1","0","0","2","2","4","1653","0","0","0","0","1653","1653","4138","71950","0","0","336","76088","76425"
"2024-12-25","port1367","Visakhapatnam","India","IND","0","7","0","0","1","7","8","0","180563","0","0","3224","180563","183788","0","146262","0","0","0","146262","146262"
"2024-12-26","port1367","Visakhapatnam","India","IND","2","3","0","0","1","5","6","4120","62541","0","0","129459","66662","196121","4021","15701","0","0","0","19722","19722"
"2024-12-27","port1367","Visakhapatnam","India","IND","1","3","1","0","0","5","5","0","131809","0","0","0","131809","131809","2390","0","3576","0","0","5967","5967"
"2024-12-28","port1367","Visakhapatnam","India","IND","1","3","0","0","0","4","4","1653","34319","0","0","0","35973","35973","4138","19716","0","0","0","23854","23854"
"2024-12-29","port1367","Visakhapatnam","India","IND","1","6","0","0","2","7","9","0","190310","0","0","14172","190310","204482","3501","68105","0","0","12677","71606","84284"
"2024-12-30","port1367","Visakhapatnam","India","IND","1","2","0","0","0","3","3","1394","68639","0","0","0","70034","70034","0","31402","0","0","0","31402","31402"
"2024-12-31","port1367","Visakhapatnam","India","IND","0","3","0","0","0","3","3","0","68639","0","0","0","68639","68639","0","87164","0","0","0","87164","87164"
"2025-01-01","port1367","Visakhapatnam","India","IND","1","2","0","0","2","3","5","1653","68639","0","0","30344","70293","100637","4138","31402","0","0","34447","35540","69988"
"2025-01-02","port1367","Visakhapatnam","India","IND","0","3","0","0","0","3","3","0","158005","0","0","0","158005","158005","0","0","0","0","0","0","0"
"2025-01-03","port1367","Visakhapatnam","India","IND","0","2","0","0","1","2","3","0","68639","0","0","30530","68639","99169","0","31402","0","0","388","31402","31791"
"2025-01-04","port1367","Visakhapatnam","India","IND","1","3","0","0","0","4","4","1653","88534","0","0","0","90187","90187","4138","99655","0","0","0","103793","103793"
"2025-01-05","port1367","Visakhapatnam","India","IND","1","2","0","0","1","3","4","0","38341","0","0","98717","38341","137058","17347","15701","0","0","0","33048","33048"
"2025-01-06","port1367","Visakhapatnam","India","IND","0","4","0","0","0","4","4","0","168692","0","0","0","168692","168692","0","15701","0","0","0","15701","15701"
"2025-01-07","port1367","Visakhapatnam","India","IND","0","4","0","0","2","4","6","0","179111","0","0","61840","179111","240952","0","31402","0","0","8426","31402","39828"
"2025-01-08","port1367","Visakhapatnam","India","IND","2","1","0","0","2","3","5","10202","2355","0","0","4576","12557","17133","0","0","0","0","6235","0","6235"
"2025-01-09","port1367","Visakhapatnam","India","IND","0","5","0","0","1","5","6","0","167443","0","0","0","167443","167443","0","31402","0","0","33478","31402","64881"
"2025-01-10","port1367","Visakhapatnam","India","IND","1","2","0","0","0","3","3","0","34319","0","0","0","34319","34319","915","70921","0","0","0","71836","71836"
"2025-01-11","port1367","Visakhapatnam","India","IND","0","1","0","0","1","1","2","0","0","0","0","9666","0","9666","0","0","0","0","4530","0","4530"
"2025-01-12","port1367","Visakhapatnam","India","IND","0","0","0","0","3","0","3","0","0","0","0","192293","0","192293","0","0","0","0","8814","0","8814"
"2025-01-13","port1367","Visakhapatnam","India","IND","0","7","1","0","0","8","8","0","333303","0","0","0","333303","333303","0","112884","12230","0","0","125114","125114"
"2025-01-14","port1367","Visakhapatnam","India","IND","0","5","0","0","1","5","6","0","194428","0","0","2408","194428","196836","0","15701","0","0","0","15701","15701"
"2025-01-15","port1367","Visakhapatnam","India","IND","1","3","0","0","1","4","5","1526","160427","0","0","0","161953","161953","0","15701","0","0","0","15701","15701"
"2025-01-16","port1367","Visakhapatnam","India","IND","0","1","0","0","0","1","1","0","34319","0","0","0","34319","34319","0","15701","0","0","0","15701","15701"
"2025-01-17","port1367","Visakhapatnam","India","IND","0","2","0","0","0","2","2","0","34319","0","0","0","34319","34319","0","69254","0","0","0","69254","69254"
"2025-01-18","port1367","Visakhapatnam","India","IND","2","3","0","0","2","5","7","3955","126353","0","0","14172","130309","144481","0","54784","0","0","12677","54784","67461"
"2025-01-19","port1367","Visakhapatnam","India","IND","1","6","0","0","0","7","7","3490","208516","0","0","0","212007","212007","0","134885","0","0","0","134885","134885"
"2025-01-20","port1367","Visakhapatnam","India","IND","1","2","0","0","1","3","4","3884","67692","0","0","142561","71577","214138","0","11963","0","0","0","11963","11963"
"2025-01-21","port1367","Visakhapatnam","India","IND","0","3","0","0","1","3","4","0","34319","0","0","11694","34319","46014","0","33426","0","0","0","33426","33426"
"2025-01-22","port1367","Visakhapatnam","India","IND","1","1","0","0","0","2","2","0","54313","0","0","0","54313","54313","4016","0","0","0","0","4016","4016"
"2025-01-23","port1367","Visakhapatnam","India","IND","0","6","1","0","1","7","8","0","213346","0","0","0","213346","213346","0","111002","12291","0","40786","123294","164081"
"2025-01-24","port1367","Visakhapatnam","India","IND","0","5","0","0","1","5","6","0","109485","0","0","0","109485","109485","0","85310","0","0","0","85310","85310"
"2025-01-25","port1367","Visakhapatnam","India","IND","0","1","0","0","2","1","3","0","78363","0","0","30530","78363","108893","0","0","0","0","8056","0","8056"
"2025-01-26","port1367","Visakhapatnam","India","IND","0","3","0","0","0","3","3","0","68639","0","0","0","68639","68639","0","88244","0","0","0","88244","88244"
"2025-01-27","port1367","Visakhapatnam","India","IND","0","3","3","0","0","6","6","0","147398","5666","0","0","153065","153065","0","31402","6105","0","0","37508","37508"
"2025-01-28","port1367","Visakhapatnam","India","IND","0","5","1","0","0","6","6","0","262159","397","0","0","262557","262557","0","47104","0","0","0","47104","47104"
"2025-01-29","port1367","Visakhapatnam","India","IND","2","1","1","0","2","4","6","3307","34319","0","0","30607","37626","68234","8276","15701","18704","0","4639","42681","47321"
"2025-01-30","port1367","Visakhapatnam","India","IND","0","5","0","0","0","5","5","0","140874","0","0","0","140874","140874","0","70001","0","0","0","70001","70001"
"2025-01-31","port1367","Visakhapatnam","India","IND","0","3","0","0","0","3","3","0","37100","0","0","0","37100","37100","0","42427","0","0","0","42427","42427"
"2025-02-01","port1367","Visakhapatnam","India","IND","2","1","0","0","0","3","3","3166","0","0","0","0","3166","3166","3884","56381","0","0","0","60266","60266"
"2025-02-02","port1367","Visakhapatnam","India","IND","0","3","3","0","0","6","6","0","187506","8439","0","0","195946","195946","0","15701","6467","0","0","22168","22168"
"2025-02-03","port1367","Visakhapatnam","India","IND","0","2","0","0","0","2","2","0","54548","0","0","0","54548","54548","0","103507","0","0","0","103507","103507"
"2025-02-04","port1367","Visakhapatnam","India","IND","0","3","0","0","1","3","4","0","111348","0","0","10536","111348","121884","0","45331","0","0","694","45331","46026"
"2025-02-05","port1367","Visakhapatnam","India","IND","0","2","0","0","0","2","2","0","112896","0","0","0","112896","112896","0","15701","0","0","0","15701","15701"
"2025-02-06","port1367","Visakhapatnam","India","IND","0","1","0","0","0","1","1","0","211365","0","0","0","211365","211365","0","0","0","0","0","0","0"
"2025-02-07","port1367","Visakhapatnam","India","IND","1","5","0","0","3","6","9","469","244707","0","0","61060","245176","306237","0","115075","0","0","7012","115075","122087"
"2025-02-08","port1367","Visakhapatnam","India","IND","0","1","0","0","1","1","2","0","78855","0","0","10536","78855","89391","0","0","0","0","694","0","694"
"2025-02-09","port1367","Visakhapatnam","India","IND","0","1","1","0","0","2","2","0","78777","2954","0","0","81732","81732","0","0","3233","0","0","3233","3233"
"2025-02-10","port1367","Visakhapatnam","India","IND","0","3","1","0","1","4","5","0","34319","0","0","1646","34319","35965","0","125305","7428","0","0","132734","132734"
"2025-02-11","port1367","Visakhapatnam","India","IND","0","3","1","0","0","4","4","0","158108","4348","0","0","162457","162457","0","72430","0","0","0","72430","72430"
"2025-02-12","port1367","Visakhapatnam","India","IND","0","1","0","0","0","1","1","0","56212","0","0","0","56212","56212","0","0","0","0","0","0","0"
"2025-02-13","port1367","Visakhapatnam","India","IND","1","2","0","0","1","3","4","4707","78638","0","0","43822","83346","127168","0","54399","0","0","0","54399","54399"
"2025-02-14","port1367","Visakhapatnam","India","IND","0","2","0","0","1","2","3","0","109920","0","0","76","109920","109997","0","15701","0","0","4251","15701","19952"
"2025-02-15","port1367","Visakhapatnam","India","IND","1","2","0","0","1","3","4","1653","58867","0","0","0","60521","60521","4138","53671","0","0","64840","57809","122649"
"2025-02-16","port1367","Visakhapatnam","India","IND","0","1","0","0","1","1","2","0","66894","0","0","76","66894","66971","0","0","0","0","4251","0","4251"
"2025-02-17","port1367","Visakhapatnam","India","IND","2","1","1","0","0","4","4","2795","79359","23901","0","0","106055","106055","3821","0","0","0","0","3821","3821"
"2025-02-18","port1367","Visakhapatnam","India","IND","1","1","0","0","0","2","2","0","53649","0","0","0","53649","53649","228","0","0","0","0","228","228"
"2025-02-19","port1367","Visakhapatnam","India","IND","0","1","0","0","1","1","2","0","0","0","0","0","0","0","0","102530","0","0","0","102530","102530"
"2025-02-20","port1367","Visakhapatnam","India","IND","0","0","0","0","1","0","1","0","0","0","0","7699","0","7699","0","0","0","0","0","0","0"
"2025-02-21","port1367","Visakhapatnam","India","IND","0","2","0","0","1","2","3","0","58471","0","0","30530","58471","89001","0","15701","0","0","388","15701","16089"
"2025-02-22","port1367","Visakhapatnam","India","IND","0","1","1","0","0","2","2","0","34319","0","0","0","34319","34319","0","15701","7418","0","0","23120","23120"
"2025-02-23","port1367","Visakhapatnam","India","IND","0","4","0","0","0","4","4","0","92791","0","0","0","92791","92791","0","32555","0","0","0","32555","32555"
"2025-02-24","port1367","Visakhapatnam","India","IND","0","2","1","0","1","3","4","0","0","0","0","147372","0","147372","0","177459","17544","0","0","195003","195003"
"2025-02-25","port1367","Visakhapatnam","India","IND","1","4","0","0","1","5","6","6648","69943","0","0","0","76592","76592","0","38203","0","0","6235","38203","44438"
"2025-02-26","port1367","Visakhapatnam","India","IND","1","3","0","0","1","4","5","1653","2332","0","0","0","3985","3985","4138","77847","0","0","35055","81985","117041"
"2025-02-27","port1367","Visakhapatnam","India","IND","0","1","0","0","1","1","2","0","19423","0","0","64811","19423","84235","0","0","0","0","0","0","0"
"2025-02-28","port1367","Visakhapatnam","India","IND","0","4","0","0","0","4","4","0","230571","0","0","0","230571","230571","0","15701","0","0","0","15701","15701"
"2025-03-01","port1367","Visakhapatnam","India","IND","1","3","0","0","0","4","4","0","34319","0","0","0","34319","34319","14932","120022","0","0","0","134955","134955"
"2025-03-02","port1367","Visakhapatnam","India","IND","1","1","0","0","1","2","3","5513","31220","0","0","0","36733","36733","0","0","0","0","0","0","0"
"2025-03-03","port1367","Visakhapatnam","India","IND","0","4","2","0","0","6","6","0","168586","5360","0","0","173946","173946","0","31217","0","0","0","31217","31217"
"2025-03-04","port1367","Visakhapatnam","India","IND","0","3","0","0","0","3","3","0","102959","0","0","0","102959","102959","0","47104","0","0","0","47104","47104"
"2025-03-05","port1367","Visakhapatnam","India","IND","0","0","0","0","0","0","0","0","0","0","0","0","0","0","0","0","0","0","0","0","0"
"2025-03-06","port1367","Visakhapatnam","India","IND","0","2","0","0","1","2","3","0","34319","0","0","43159","34319","77478","0","71381","0","0","0","71381","71381"
"2025-03-07","port1367","Visakhapatnam","India","IND","0","1","1","0","1","2","3","0","54821","0","0","0","54821","54821","0","0","6318","0","34867","6318","41185"
"2025-03-08","port1367","Visakhapatnam","India","IND","1","4","0","0","1","5","6","0","126851","0","0","76","126851","126928","1922","47104","0","0","4251","49026","53277"
"2025-03-09","port1367","Visakhapatnam","India","IND","0","0","0","0","0","0","0","0","0","0","0","0","0","0","0","0","0","0","0","0","0"
"2025-03-10","port1367","Visakhapatnam","India","IND","0","2","1","0","1","3","4","0","68639","0","0","14095","68639","82734","0","31402","6396","0","8426","37799","46225"
"2025-03-11","port1367","Visakhapatnam","India","IND","0","2","0","0","1","2","3","0","44574","0","0","0","44574","44574","0","15701","0","0","69215","15701","84916"
"2025-03-12","port1367","Visakhapatnam","India","IND","1","4","0","0","1","5","6","1786","152660","0","0","0","154446","154446","0","82149","0","0","0","82149","82149"
"2025-03-13","port1367","Visakhapatnam","India","IND","0","2","0","0","2","2","4","0","0","0","0","75414","0","75414","0","70667","0","0","388","70667","71056"
"2025-03-14","port1367","Visakhapatnam","India","IND","0","3","0","0","0","3","3","0","78084","0","0","0","78084","78084","0","60589","0","0","0","60589","60589"
"2025-03-15","port1367","Visakhapatnam","India","IND","1","2","0","0","0","3","3","0","34319","0","0","0","34319","34319","1282","26221","0","0","0","27504","27504"
"2025-03-16","port1367","Visakhapatnam","India","IND","3","1","0","0","0","4","4","4304","34319","0","0","0","38623","38623","7613","15701","0","0","0","23315","23315"
"2025-03-17","port1367","Visakhapatnam","India","IND","0","3","0","0","1","3","4","0","102959","0","0","0","102959","102959","0","47104","0","0","6235","47104","53339"
"2025-03-18","port1367","Visakhapatnam","India","IND","0","4","0","0","0","4","4","0","163626","0","0","0","163626","163626","0","31402","0","0","0","31402","31402"
"2025-03-19","port1367","Visakhapatnam","India","IND","0","0","0","0","0","0","0","0","0","0","0","0","0","0","0","0","0","0","0","0","0"
"2025-03-20","port1367","Visakhapatnam","India","IND","0","3","0","0","0","3","3","0","162207","0","0","0","162207","162207","0","15701","0","0","0","15701","15701"
"2025-03-21","port1367","Visakhapatnam","India","IND","0","1","0","0","0","1","1","0","0","0","0","0","0","0","0","84020","0","0","0","84020","84020"
"2025-03-22","port1367","Visakhapatnam","India","IND","0","2","1","0","0","3","3","0","110666","0","0","0","110666","110666","0","15701","6639","0","0","22340","22340"
"2025-03-23","port1367","Visakhapatnam","India","IND","2","2","0","0","0","4","4","0","58168","0","0","0","58168","58168","14371","15701","0","0","0","30073","30073"
"2025-03-24","port1367","Visakhapatnam","India","IND","0","2","0","0","0","2","2","0","26925","0","0","0","26925","26925","0","35254","0","0","0","35254","35254"
"2025-03-25","port1367","Visakhapatnam","India","IND","0","2","0","0","1","2","3","0","112448","0","0","0","112448","112448","0","15701","0","0","310","15701","16012"
"2025-03-26","port1367","Visakhapatnam","India","IND","2","3","0","0","2","5","7","4450","68639","0","0","0","73089","73089","8977","110991","0","0","6235","119969","126204"
"2025-03-27","port1367","Visakhapatnam","India","IND","2","1","0","0","0","3","3","0","34319","0","0","0","34319","34319","1884","15701","0","0","0","17585","17585"
"2025-03-28","port1367","Visakhapatnam","India","IND","0","6","1","0","0","7","7","0","165041","2954","0","0","167996","167996","0","152763","3233","0","0","155996","155996"
"2025-03-29","port1367","Visakhapatnam","India","IND","0","2","1","0","1","3","4","0","153978","0","0","0","153978","153978","0","0","3023","0","34247","3023","37270"
"2025-03-30","port1367","Visakhapatnam","India","IND","1","3","1","0","0","5","5","0","179615","0","0","0","179615","179615","3570","0","0","0","0","3570","3570"
"2025-03-31","port1367","Visakhapatnam","India","IND","1","2","1","0","1","4","5","1653","68639","2954","0","9666","73247","82914","4138","31402","3233","0","4530","38774","43304"
"2025-04-01","port1367","Visakhapatnam","India","IND","1","1","0","0","0","2","2","4326","34319","0","0","0","38646","38646","0","15701","0","0","0","15701","15701"
"2025-04-02","port1367","Visakhapatnam","India","IND","2","1","0","0","0","3","3","11627","78978","0","0","0","90605","90605","0","0","0","0","0","0","0"
"2025-04-03","port1367","Visakhapatnam","India","IND","1","2","0","0","1","3","4","0","90701","0","0","4808","90701","95509","549","15701","0","0","0","16250","16250"
"2025-04-04","port1367","Visakhapatnam","India","IND","0","5","0","0","1","5","6","0","216332","0","0","13097","216332","229429","0","80528","0","0","0","80528","80528"
"2025-04-05","port1367","Visakhapatnam","India","IND","0","3","0","0","0","3","3","0","68639","0","0","0","68639","68639","0","51461","0","0","0","51461","51461"
"2025-04-06","port1367","Visakhapatnam","India","IND","0","2","0","0","0","2","2","0","34319","0","0","0","34319","34319","0","38250","0","0","0","38250","38250"
"2025-04-07","port1367","Visakhapatnam","India","IND","1","3","0","0","0","4","4","0","136360","0","0","0","136360","136360","387","31402","0","0","0","31789","31789"
"2025-04-08","port1367","Visakhapatnam","India","IND","0","3","0","0","1","3","4","0","68639","0","0","76","68639","68716","0","109794","0","0","4251","109794","114045"
"2025-04-09","port1367","Visakhapatnam","India","IND","0","0","0","0","0","0","0","0","0","0","0","0","0","0","0","0","0","0","0","0","0"
"2025-04-10","port1367","Visakhapatnam","India","IND","1","0","0","0","0","1","1","0","0","0","0","0","0","0","3279","0","0","0","0","3279","3279"
"2025-04-11","port1367","Visakhapatnam","India","IND","1","1","0","0","0","2","2","1834","0","0","0","0","1834","1834","0","32438","0","0","0","32438","32438"
"2025-04-12","port1367","Visakhapatnam","India","IND","0","2","0","0","0","2","2","0","56364","0","0","0","56364","56364","0","103507","0","0","0","103507","103507"
"2025-04-13","port1367","Visakhapatnam","India","IND","0","1","0","0","0","1","1","0","0","0","0","0","0","0","0","8883","0","0","0","8883","8883"
"2025-04-14","port1367","Visakhapatnam","India","IND","1","3","1","0","1","5","6","5079","244820","0","0","3287","249900","253188","0","0","1807","0","0","1807","1807"
"2025-04-15","port1367","Visakhapatnam","India","IND","1","2","0","0","0","3","3","18676","0","0","0","0","18676","18676","0","23268","0","0","0","23268","23268"
"2025-04-16","port1367","Visakhapatnam","India","IND","0","3","0","0","0","3","3","0","34319","0","0","0","34319","34319","0","73517","0","0","0","73517","73517"
"2025-04-17","port1367","Visakhapatnam","India","IND","0","0","0","0","0","0","0","0","0","0","0","0","0","0","0","0","0","0","0","0","0"
"2025-04-18","port1367","Visakhapatnam","India","IND","2","4","0","0","1","6","7","0","221005","0","0","76","221005","221082","9634","31402","0","0","4251","41037","45288"
"2025-04-19","port1367","Visakhapatnam","India","IND","1","1","2","0","2","4","6","0","55603","13580","0","44030","69183","113214","3178","0","3233","0","0","6412","6412"
"2025-04-20","port1367","Visakhapatnam","India","IND","0","2","0","0","2","2","4","0","109703","0","0","31700","109703","141404","0","0","0","0","8426","0","8426"
"2025-04-21","port1367","Visakhapatnam","India","IND","1","2","1","0","1","4","5","1653","75186","0","0","0","76840","76840","4138","78855","3049","0","0","86042","86042"
"2025-04-22","port1367","Visakhapatnam","India","IND","1","2","0","0","0","3","3","3468","121381","0","0","0","124850","124850","0","0","0","0","0","0","0"
"2025-04-23","port1367","Visakhapatnam","India","IND","2","1","1","0","0","4","4","2984","0","3483","0","0","6467","6467","4138","0","0","0","0","4138","4138"
"2025-04-24","port1367","Visakhapatnam","India","IND","0","3","0","0","0","3","3","0","82428","0","0","0","82428","82428","0","51400","0","0","0","51400","51400"
"2025-04-25","port1367","Visakhapatnam","India","IND","0","2","0","0","3","2","5","0","66314","0","0","76","66314","66391","0","15701","0","0","4251","15701","19952"
"2025-04-26","port1367","Visakhapatnam","India","IND","0","0","0","0","1","0","1","0","0","0","0","30530","0","30530","0","0","0","0","388","0","388"
"2025-04-27","port1367","Visakhapatnam","India","IND","0","1","1","0","1","2","3","0","60698","778","0","0","61476","61476","0","0","0","0","36622","0","36622"
"2025-04-28","port1367","Visakhapatnam","India","IND","2","1","0","0","0","3","3","5766","34319","0","0","0","40086","40086","4138","15701","0","0","0","19839","19839"
"2025-04-29","port1367","Visakhapatnam","India","IND","0","2","0","0","1","2","3","0","131816","0","0","30530","131816","162346","0","0","0","0","388","0","388"
"2025-04-30","port1367","Visakhapatnam","India","IND","0","1","0","0","2","1","3","0","61166","0","0","15730","61166","76896","0","0","0","0","0","0","0"
"2025-05-01","port1367","Visakhapatnam","India","IND","0","2","1","0","0","3","3","0","156342","6735","0","0","163077","163077","0","0","0","0","0","0","0"
"2025-05-02","port1367","Visakhapatnam","India","IND","0","2","0","0","2","2","4","0","76495","0","0","68822","76495","145317","0","7056","0","0","0","7056","7056"
"2025-05-03","port1367","Visakhapatnam","India","IND","1","4","0","0","1","5","6","3759","85142","0","0","0","88901","88901","0","131508","0","0","6235","131508","137743"
"2025-05-04","port1367","Visakhapatnam","India","IND","0","1","0","0","0","1","1","0","31909","0","0","0","31909","31909","0","0","0","0","0","0","0"
"2025-05-05","port1367","Visakhapatnam","India","IND","1","2","0","0","1","3","4","0","34319","0","0","0","34319","34319","1015","119184","0","0","0","120200","120200"
"2025-05-06","port1367","Visakhapatnam","India","IND","0","3","0","0","0","3","3","0","129672","0","0","0","129672","129672","0","60580","0","0","0","60580","60580"
"2025-05-07","port1367","Visakhapatnam","India","IND","0","2","0","0","1","2","3","0","34319","0","0","0","34319","34319","0","16122","0","0","34718","16122","50841"
"2025-05-08","port1367","Visakhapatnam","India","IND","1","2","0","0","0","3","3","1653","0","0","0","0","1653","1653","4138","104349","0","0","0","108487","108487"
"2025-05-09","port1367","Visakhapatnam","India","IND","1","3","0","0","0","4","4","10342","72164","0","0","0","82507","82507","0","15701","0","0","0","15701","15701"
"2025-05-10","port1367","Visakhapatnam","India","IND","0","1","0","0","1","1","2","0","0","0","0","44005","0","44005","0","80438","0","0","0","80438","80438"
"2025-05-11","port1367","Visakhapatnam","India","IND","1","3","1","0","1","5","6","0","165879","252","0","76","166132","166208","10696","72886","0","0","4251","83582","87834"
"2025-05-12","port1367","Visakhapatnam","India","IND","0","2","0","0","3","2","5","0","171470","0","0","9685","171470","181156","0","52937","0","0","56117","52937","109055"
"2025-05-13","port1367","Visakhapatnam","India","IND","1","3","0","0","3","4","7","1653","107595","0","0","77103","109249","186352","4138","48971","0","0","0","53109","53109"
"2025-05-14","port1367","Visakhapatnam","India","IND","0","4","0","0","2","4","6","0","78571","0","0","59468","78571","138039","0","142483","0","0","0","142483","142483"
"2025-05-15","port1367","Visakhapatnam","India","IND","0","3","0","0","1","3","4","0","102959","0","0","0","102959","102959","0","47104","0","0","35377","47104","82481"
"2025-05-16","port1367","Visakhapatnam","India","IND","0","3","0","0","0","3","3","0","112878","0","0","0","112878","112878","0","119179","0","0","0","119179","119179"
"2025-05-17","port1367","Visakhapatnam","India","IND","1","5","0","0","0","6","6","0","176370","0","0","0","176370","176370","5728","97921","0","0","0","103649","103649"
"2025-05-18","port1367","Visakhapatnam","India","IND","0","3","0","0","1","3","4","0","68639","0","0","76","68639","68716","0","103615","0","0","4251","103615","107866"
"2025-05-19","port1367","Visakhapatnam","India","IND","0","3","0","0","1","3","4","0","82163","0","0","4738","82163","86901","0","15701","0","0","0","15701","15701"
"2025-05-20","port1367","Visakhapatnam","India","IND","0","2","1","0","1","3","4","0","8472","2954","0","30530","11427","41957","0","6273","3233","0","388","9506","9895"
"2025-05-21","port1367","Visakhapatnam","India","IND","2","3","1","0","1","6","7","5199","100507","2954","0","0","108661","108661","4138","31402","3233","0","35863","38774","74637"
"2025-05-22","port1367","Visakhapatnam","India","IND","1","5","1","1","2","8","10","3671","394243","1331","0","0","399246","399246","0","31402","0","3455","2672","34858","37530"
"2025-05-23","port1367","Visakhapatnam","India","IND","0","1","1","0","0","2","2","0","78874","2954","0","0","81829","81829","0","0","3233","0","0","3233","3233"
"2025-05-24","port1367","Visakhapatnam","India","IND","0","4","0","0","2","4","6","0","102959","0","0","0","102959","102959","0","98165","0","0","13190","98165","111355"
"2025-05-25","port1367","Visakhapatnam","India","IND","1","3","1","0","1","5","6","0","119013","0","0","22254","119013","141267","1541","15701","0","0","0","17242","17242"
"2025-05-26","port1367","Visakhapatnam","India","IND","1","3","0","0","2","4","6","0","34731","0","0","143985","34731","178716","929","16287","0","0","4251","17216","21468"
"2025-05-27","port1367","Visakhapatnam","India","IND","0","4","0","0","0","4","4","0","94378","0","0","0","94378","94378","0","94460","0","0","0","94460","94460"
"2025-05-28","port1367","Visakhapatnam","India","IND","0","1","1","0","1","2","3","0","0","0","0","34462","0","34462","0","55141","6803","0","0","61945","61945"
"2025-05-29","port1367","Visakhapatnam","India","IND","0","3","0","0","0","3","3","0","119755","0","0","0","119755","119755","0","31402","0","0","0","31402","31402"
"2025-05-30","port1367","Visakhapatnam","India","IND","0","2","0","0","1","2","3","0","34412","0","0","14095","34412","48507","0","0","0","0","8426","0","8426"
"2025-05-31","port1367","Visakhapatnam","India","IND","0","6","0","0","1","6","7","0","189241","0","0","30530","189241","219771","0","34929","0","0","388","34929","35318"
"2025-06-01","port1367","Visakhapatnam","India","IND","2","3","0","0","1","5","6","1653","96400","0","0","0","98054","98054","7213","70190","0","0","36859","77404","114263"
"2025-06-02","port1367","Visakhapatnam","India","IND","0","2","0","0","2","2","4","0","53760","0","0","30530","53760","84291","0","15701","0","0","388","15701","16089"
"2025-06-03","port1367","Visakhapatnam","India","IND","0","3","1","0","0","4","4","0","113639","0","0","0","113639","113639","0","99105","386","0","0","99491","99491"
"2025-06-04","port1367","Visakhapatnam","India","IND","1","1","0","0","3","2","5","5310","34319","0","0","30607","39629","70237","0","15701","0","0","4639","15701","20341"
"2025-06-05","port1367","Visakhapatnam","India","IND","0","2","0","0","0","2","2","0","200922","0","0","0","200922","200922","0","15701","0","0","0","15701","15701"
"2025-06-06","port1367","Visakhapatnam","India","IND","0","0","1","0","1","1","2","0","0","2954","0","19563","2954","22518","0","0","3233","0","0","3233","3233"
"2025-06-07","port1367","Visakhapatnam","India","IND","1","2","0","0","1","3","4","0","107151","0","0","2293","107151","109444","5135","15701","0","0","0","20836","20836"
"2025-06-08","port1367","Visakhapatnam","India","IND","1","0","0","0","1","1","2","0","0","0","0","0","0","0","923","0","0","0","38160","923","39083"
"2025-06-09","port1367","Visakhapatnam","India","IND","1","6","1","0","1","8","9","23409","171856","398","0","0","195664","195664","0","34546","0","0","0","34546","34546"
"2025-06-10","port1367","Visakhapatnam","India","IND","1","2","0","0","0","3","3","0","132803","0","0","0","132803","132803","2489","0","0","0","0","2489","2489"
"2025-06-11","port1367","Visakhapatnam","India","IND","0","2","1","0","0","3","3","0","30554","2954","0","0","33509","33509","0","0","3233","0","0","3233","3233"
"2025-06-12","port1367","Visakhapatnam","India","IND","1","4","1","0","4","6","10","1653","95254","0","0","64657","96908","161565","4138","94766","10831","0","13065","109735","122801"
"2025-06-13","port1367","Visakhapatnam","India","IND","1","4","0","0","2","5","7","0","136920","0","0","10872","136920","147792","2654","31402","0","0","49139","34057","83196"
"2025-06-14","port1367","Visakhapatnam","India","IND","0","2","0","0","0","2","2","0","28707","0","0","0","28707","28707","0","8441","0","0","0","8441","8441"
"2025-06-15","port1367","Visakhapatnam","India","IND","1","4","0","0","0","5","5","1653","137278","0","0","0","138932","138932","4138","62805","0","0","0","66943","66943"
"2025-06-16","port1367","Visakhapatnam","India","IND","0","4","0","0","1","4","5","0","141007","0","0","14095","141007","155102","0","91628","0","0","8426","91628","100054"
"2025-06-17","port1367","Visakhapatnam","India","IND","1","4","0","0","2","5","7","0","82833","0","0","561","82833","83394","870","31402","0","0","0","32273","32273"
"2025-06-18","port1367","Visakhapatnam","India","IND","0","3","1","0","1","4","5","0","110786","2954","0","0","113741","113741","0","93489","3233","0","0","96723","96723"
"2025-06-19","port1367","Visakhapatnam","India","IND","3","3","0","0","2","6","8","35474","76235","0","0","152931","111710","264642","8276","31402","0","0","0","39678","39678"
"2025-06-20","port1367","Visakhapatnam","India","IND","0","3","0","0","1","3","4","0","160776","0","0","76","160776","160853","0","5166","0","0","4251","5166","9418"
"2025-06-21","port1367","Visakhapatnam","India","IND","0","3","0","0","0","3","3","0","68639","0","0","0","68639","68639","0","31402","0","0","0","31402","31402"
"2025-06-22","port1367","Visakhapatnam","India","IND","2","4","0","0","0","6","6","8350","102959","0","0","0","111309","111309","1031","47193","0","0","0","48225","48225"
"2025-06-23","port1367","Visakhapatnam","India","IND","0","1","0","0","0","1","1","0","0","0","0","0","0","0","0","31628","0","0","0","31628","31628"
"2025-06-24","port1367","Visakhapatnam","India","IND","1","3","0","0","2","4","6","1447","115884","0","0","30530","117332","147863","0","15701","0","0","388","15701","16089"
"2025-06-25","port1367","Visakhapatnam","India","IND","0","3","0","0","0","3","3","0","123740","0","0","0","123740","123740","0","15701","0","0","0","15701","15701"
"2025-06-26","port1367","Visakhapatnam","India","IND","1","3","0","0","1","4","5","1653","102959","0","0","10872","104612","115485","4138","47104","0","0","14074","51242","65316"
"2025-06-27","port1367","Visakhapatnam","India","IND","0","3","0","0","1","3","4","0","68639","0","0","0","68639","68639","0","61537","0","0","0","61537","61537"
"2025-06-28","port1367","Visakhapatnam","India","IND","0","3","0","0","0","3","3","0","89619","0","0","0","89619","89619","0","31402","0","0","0","31402","31402"
"2025-06-29","port1367","Visakhapatnam","India","IND","0","1","0","0","1","1","2","0","34319","0","0","30530","34319","64850","0","15701","0","0","388","15701","16089"
"2025-06-30","port1367","Visakhapatnam","India","IND","2","0","0","0","3","2","5","0","0","0","0","7003","0","7003","28166","0","0","0","10944","28166","39111"
"2025-07-01","port1367","Visakhapatnam","India","IND","1","2","0","0","0","3","3","0","107785","0","0","0","107785","107785","3969","15701","0","0","0","19670","19670"
"2025-07-02","port1367","Visakhapatnam","India","IND","1","1","0","0","2","2","4","5502","34319","0","0","2978","39821","42800","0","15701","0","0","0","15701","15701"
"2025-07-03","port1367","Visakhapatnam","India","IND","0","4","0","0","2","4","6","0","118178","0","0","154534","118178","272712","0","31402","0","0","11063","31402","42466"
"2025-07-04","port1367","Visakhapatnam","India","IND","1","3","0","0","3","4","7","19535","129984","0","0","18409","149519","167928","0","31402","0","0","0","31402","31402"
"2025-07-05","port1367","Visakhapatnam","India","IND","0","1","0","0","1","1","2","0","34319","0","0","26447","34319","60767","0","15701","0","0","0","15701","15701"
"2025-07-06","port1367","Visakhapatnam","India","IND","2","3","0","0","1","5","6","5145","60668","0","0","9049","65814","74864","3263","27245","0","0","2502","30508","33010"
"2025-07-07","port1367","Visakhapatnam","India","IND","0","4","0","0","1","4","5","0","143489","0","0","0","143489","143489","0","31402","0","0","0","31402","31402"
"2025-07-08","port1367","Visakhapatnam","India","IND","0","2","0","0","1","2","3","0","34319","0","0","9666","34319","43986","0","47139","0","0","4530","47139","51669"
"2025-07-09","port1367","Visakhapatnam","India","IND","0","3","0","0","3","3","6","0","227959","0","0","147617","227959","375576","0","0","0","0","4251","0","4251"
"2025-07-10","port1367","Visakhapatnam","India","IND","4","5","0","0","0","9","9","18737","90171","0","0","0","108909","108909","4773","27245","0","0","0","32019","32019"
"2025-07-11","port1367","Visakhapatnam","India","IND","0","2","0","0","2","2","4","0","13500","0","0","9666","13500","23166","0","0","0","0","4530","0","4530"
"2025-07-12","port1367","Visakhapatnam","India","IND","1","1","0","0","1","2","3","0","34319","0","0","0","34319","34319","1863","15701","0","0","40292","17564","57857"
"2025-07-13","port1367","Visakhapatnam","India","IND","1","2","0","0","2","3","5","1653","68639","0","0","61060","70293","131353","4138","31402","0","0","777","35540","36317"
"2025-07-14","port1367","Visakhapatnam","India","IND","1","3","0","0","0","4","4","0","82832","0","0","0","82832","82832","283","66481","0","0","0","66765","66765"
"2025-07-15","port1367","Visakhapatnam","India","IND","0","1","0","0","1","1","2","0","34319","0","0","0","34319","34319","0","15701","0","0","0","15701","15701"
"2025-07-16","port1367","Visakhapatnam","India","IND","2","2","0","0","2","4","6","1653","65939","0","0","0","67593","67593","13776","32829","0","0","0","46606","46606"
"2025-07-17","port1367","Visakhapatnam","India","IND","1","3","0","0","0","4","4","2520","87480","0","0","0","90000","90000","0","12383","0","0","0","12383","12383"
"2025-07-18","port1367","Visakhapatnam","India","IND","0","1","0","0","0","1","1","0","34319","0","0","0","34319","34319","0","15701","0","0","0","15701","15701"
"2025-07-19","port1367","Visakhapatnam","India","IND","0","1","0","0","1","1","2","0","0","0","0","76","0","76","0","2730","0","0","4251","2730","6981"
"2025-07-20","port1367","Visakhapatnam","India","IND","1","4","0","0","0","5","5","7151","135992","0","0","0","143144","143144","0","81282","0","0","0","81282","81282"
"2025-07-21","port1367","Visakhapatnam","India","IND","3","2","0","0","0","5","5","1653","0","0","0","0","1653","1653","27831","31967","0","0","0","59799","59799"
"2025-07-22","port1367","Visakhapatnam","India","IND","0","2","0","0","2","2","4","0","132937","0","0","30530","132937","163468","0","0","0","0","388","0","388"
"2025-07-23","port1367","Visakhapatnam","India","IND","0","3","0","0","0","3","3","0","11475","0","0","0","11475","11475","0","10268","0","0","0","10268","10268"
"2025-07-24","port1367","Visakhapatnam","India","IND","0","1","0","0","0","1","1","0","34319","0","0","0","34319","34319","0","15701","0","0","0","15701","15701"
"2025-07-25","port1367","Visakhapatnam","India","IND","1","3","0","0","0","4","4","1653","262283","0","0","0","263937","263937","4138","11543","0","0","0","15681","15681"
"2025-07-26","port1367","Visakhapatnam","India","IND","1","3","0","0","1","4","5","0","102959","0","0","0","102959","102959","4364","47104","0","0","6235","51468","57703"
"2025-07-27","port1367","Visakhapatnam","India","IND","0","3","0","0","0","3","3","0","68639","0","0","0","68639","68639","0","37648","0","0","0","37648","37648"
"2025-07-28","port1367","Visakhapatnam","India","IND","0","1","0","0","1","1","2","0","0","0","0","0","0","0","0","79588","0","0","0","79588","79588"
"2025-07-29","port1367","Visakhapatnam","India","IND","0","3","0","0","1","3","4","0","56989","0","0","30530","56989","87519","0","67462","0","0","388","67462","67850"
"2025-07-30","port1367","Visakhapatnam","India","IND","0","3","1","0","2","4","6","0","146865","18311","0","0","165177","165177","0","31402","0","0","33812","31402","65215"
"2025-07-31","port1367","Visakhapatnam","India","IND","1","3","0","0","1","4","5","806","101503","0","0","7138","102310","109448","0","31402","0","0","0","31402","31402"
"2025-08-01","port1367","Visakhapatnam","India","IND","0","6","0","0","3","6","9","0","198289","0","0","2218","198289","200507","0","105349","0","0","0","105349","105349"
"2025-08-02","port1367","Visakhapatnam","India","IND","0","1","1","0","1","2","3","0","34319","14922","0","0","49242","49242","0","15701","0","0","34002","15701","49704"
"2025-08-03","port1367","Visakhapatnam","India","IND","1","1","0","0","0","2","2","0","34319","0","0","0","34319","34319","1535","15701","0","0","0","17236","17236"
"2025-08-04","port1367","Visakhapatnam","India","IND","1","2","1","0","0","4","4","8930","69761","2954","0","0","81646","81646","0","0","3233","0","0","3233","3233"
"2025-08-05","port1367","Visakhapatnam","India","IND","1","4","0","0","2","5","7","474","67617","0","0","0","68091","68091","0","73369","0","0","0","73369","73369"
"2025-08-06","port1367","Visakhapatnam","India","IND","1","3","0","0","1","4","5","1653","93060","0","0","0","94713","94713","4138","15701","0","0","35349","19839","55188"
"2025-08-07","port1367","Visakhapatnam","India","IND","1","1","1","0","1","3","4","0","34319","2954","0","5155","37274","42430","3726","15701","3233","0","0","22661","22661"
"2025-08-08","port1367","Visakhapatnam","India","IND","1","2","0","0","0","3","3","1653","85312","0","0","0","86966","86966","4138","0","0","0","0","4138","4138"
"2025-08-09","port1367","Visakhapatnam","India","IND","0","3","1","1","0","5","5","0","34319","688","0","0","35007","35007","0","95729","0","0","0","95729","95729"
"2025-08-10","port1367","Visakhapatnam","India","IND","0","3","0","0","1","3","4","0","35015","0","0","9666","35015","44682","0","25680","0","0","4530","25680","30210"
"2025-08-11","port1367","Visakhapatnam","India","IND","0","4","0","0","0","4","4","0","112890","0","0","0","112890","112890","0","62599","0","0","0","62599","62599"
"2025-08-12","port1367","Visakhapatnam","India","IND","1","1","0","0","2","2","4","1653","37442","0","0","17908","39096","57004","4138","0","0","0","0","4138","4138"
"2025-08-13","port1367","Visakhapatnam","India","IND","0","4","0","0","0","4","4","0","36588","0","0","0","36588","36588","0","22097","0","0","0","22097","22097"
"2025-08-14","port1367","Visakhapatnam","India","IND","1","4","0","0","1","5","6","912","149414","0","0","9666","150327","159993","0","31402","0","0","4530","31402","35932"
"2025-08-15","port1367","Visakhapatnam","India","IND","0","1","0","0","2","1","3","0","0","0","0","0","0","0","0","49953","0","0","69215","49953","119168"
"2025-08-16","port1367","Visakhapatnam","India","IND","2","4","1","0","1","7","8","5450","142377","1061","0","0","148889","148889","4138","63418","0","0","0","67556","67556"
"2025-08-17","port1367","Visakhapatnam","India","IND","2","2","0","0","1","4","5","2903","81429","0","0","19973","84332","104305","0","50067","0","0","0","50067","50067"
"2025-08-18","port1367","Visakhapatnam","India","IND","1","2","0","0","0","3","3","1381","68639","0","0","0","70020","70020","0","31402","0","0","0","31402","31402"
"2025-08-19","port1367","Visakhapatnam","India","IND","1","3","0","0","0","4","4","0","38930","0","0","0","38930","38930","10817","16650","0","0","0","27468","27468"
"2025-08-20","port1367","Visakhapatnam","India","IND","2","2","0","0","1","4","5","0","31387","0","0","0","31387","31387","5861","972","0","0","6235","6833","13069"
"2025-08-21","port1367","Visakhapatnam","India","IND","1","0","1","0","1","2","3","1885","0","0","0","0","1885","1885","0","0","7290","0","0","7290","7290"
"2025-08-22","port1367","Visakhapatnam","India","IND","0","3","0","0","2","3","5","0","58244","0","0","60800","58244","119044","0","15701","0","0","8426","15701","24127"
"2025-08-23","port1367","Visakhapatnam","India","IND","0","0","0","0","0","0","0","0","0","0","0","0","0","0","0","0","0","0","0","0","0"
"2025-08-24","port1367","Visakhapatnam","India","IND","1","3","0","0","0","4","4","16394","35450","0","0","0","51844","51844","0","21467","0","0","0","21467","21467"
"2025-08-25","port1367","Visakhapatnam","India","IND","0","0","0","0","0","0","0","0","0","0","0","0","0","0","0","0","0","0","0","0","0"
"2025-08-26","port1367","Visakhapatnam","India","IND","1","0","0","0","0","1","1","0","0","0","0","0","0","0","768","0","0","0","0","768","768"
"2025-08-27","port1367","Visakhapatnam","India","IND","0","0","0","0","1","0","1","0","0","0","0","14095","0","14095","0","0","0","0","8426","0","8426"
"2025-08-28","port1367","Visakhapatnam","India","IND","0","2","0","0","1","2","3","0","34319","0","0","9049","34319","43369","0","42568","0","0","2502","42568","45071"
"2025-08-29","port1367","Visakhapatnam","India","IND","0","2","0","0","3","2","5","0","68639","0","0","76","68639","68716","0","31402","0","0","4251","31402","35653"
"2025-08-30","port1367","Visakhapatnam","India","IND","0","3","0","0","0","3","3","0","94988","0","0","0","94988","94988","0","42946","0","0","0","42946","42946"
"2025-08-31","port1367","Visakhapatnam","India","IND","0","3","0","0","2","3","5","0","91593","0","0","20384","91593","111978","0","31402","0","0","4530","31402","35932"
"2025-09-01","port1367","Visakhapatnam","India","IND","1","2","0","0","2","3","5","0","34319","0","0","0","34319","34319","5603","50271","0","0","0","55874","55874"
"2025-09-02","port1367","Visakhapatnam","India","IND","1","3","0","0","1","4","5","0","71429","0","0","0","71429","71429","8279","31402","0","0","0","39681","39681"
"2025-09-03","port1367","Visakhapatnam","India","IND","1","2","2","0","1","5","6","0","61936","3475","0","9666","65412","75079","438","0","3233","0","4530","3671","8201"
"2025-09-04","port1367","Visakhapatnam","India","IND","0","2","0","0","2","2","4","0","25043","0","0","5836","25043","30879","0","0","0","0","0","0","0"
"2025-09-05","port1367","Visakhapatnam","India","IND","0","3","1","0","1","4","5","0","111422","2954","0","30839","114377","145216","0","15701","3233","0","0","18935","18935"
"2025-09-06","port1367","Visakhapatnam","India","IND","1","3","0","0","0","4","4","493","84521","0","0","0","85015","85015","0","27245","0","0","0","27245","27245"
"2025-09-07","port1367","Visakhapatnam","India","IND","0","1","0","0","0","1","1","0","27197","0","0","0","27197","27197","0","0","0","0","0","0","0"
"2025-09-08","port1367","Visakhapatnam","India","IND","3","2","0","0","5","5","10","3068","68639","0","0","179025","71708","250733","4138","31402","0","0","6623","35540","42164"
"2025-09-09","port1367","Visakhapatnam","India","IND","1","4","0","0","0","5","5","0","68639","0","0","0","68639","68639","3980","136839","0","0","0","140819","140819"
"2025-09-10","port1367","Visakhapatnam","India","IND","1","2","0","0","0","3","3","1653","68639","0","0","0","70293","70293","4138","31402","0","0","0","35540","35540"
"2025-09-11","port1367","Visakhapatnam","India","IND","0","2","0","0","1","2","3","0","60983","0","0","0","60983","60983","0","15701","0","0","0","15701","15701"
"2025-09-12","port1367","Visakhapatnam","India","IND","0","2","0","0","0","2","2","0","78633","0","0","0","78633","78633","0","4427","0","0","0","4427","4427"
"2025-09-13","port1367","Visakhapatnam","India","IND","1","2","0","0","0","3","3","1653","111582","0","0","0","113236","113236","4138","15701","0","0","0","19839","19839"
"2025-09-14","port1367","Visakhapatnam","India","IND","0","1","0","0","0","1","1","0","34319","0","0","0","34319","34319","0","15701","0","0","0","15701","15701"
"2025-09-15","port1367","Visakhapatnam","India","IND","0","3","1","0","0","4","4","0","96820","2954","0","0","99775","99775","0","31402","3233","0","0","34636","34636"
"2025-09-16","port1367","Visakhapatnam","India","IND","1","3","0","0","1","4","5","4618","110564","0","0","0","115183","115183","0","67112","0","0","0","67112","67112"
"2025-09-17","port1367","Visakhapatnam","India","IND","0","3","0","0","1","3","4","0","92753","0","0","1646","92753","94399","0","31402","0","0","0","31402","31402"
"2025-09-18","port1367","Visakhapatnam","India","IND","0","4","1","0","1","5","6","0","104641","0","0","14095","104641","118736","0","110299","1835","0","8426","112134","120560"
"2025-09-19","port1367","Visakhapatnam","India","IND","1","4","0","0","2","5","7","0","174738","0","0","76","174738","174815","7950","15701","0","0","4251","23652","27903"
"2025-09-20","port1367","Visakhapatnam","India","IND","0","2","0","0","0","2","2","0","68639","0","0","0","68639","68639","0","31402","0","0","0","31402","31402"
"2025-09-21","port1367","Visakhapatnam","India","IND","0","3","0","0","0","3","3","0","58595","0","0","0","58595","58595","0","6831","0","0","0","6831","6831"
"2025-09-22","port1367","Visakhapatnam","India","IND","1","4","0","0","2","5","7","0","126571","0","0","14095","126571","140666","505","36773","0","0","8426","37279","45705"
"2025-09-23","port1367","Visakhapatnam","India","IND","0","1","0","0","0","1","1","0","47493","0","0","0","47493","47493","0","0","0","0","0","0","0"
"2025-09-24","port1367","Visakhapatnam","India","IND","0","3","1","0","2","4","6","0","105282","2954","0","0","108237","108237","0","31402","3233","0","38160","34636","72796"
"2025-09-25","port1367","Visakhapatnam","India","IND","0","3","0","0","0","3","3","0","102959","0","0","0","102959","102959","0","47104","0","0","0","47104","47104"
"2025-09-26","port1367","Visakhapatnam","India","IND","1","2","1","0","1","4","5","1653","34319","389","0","14095","36363","50458","4138","95290","0","0","8426","99428","107854"
"2025-09-27","port1367","Visakhapatnam","India","IND","0","3","0","0","2","3","5","0","34319","0","0","0","34319","34319","0","65584","0","0","0","65584","65584"
"2025-09-28","port1367","Visakhapatnam","India","IND","0","3","0","0","2","3","5","0","62343","0","0","9049","62343","71392","0","965","0","0","4611","965","5577"
"2025-09-29","port1367","Visakhapatnam","India","IND","1","3","0","0","2","4","6","0","115378","0","0","26047","115378","141426","10457","42578","0","0","0","53035","53035"
"2025-09-30","port1367","Visakhapatnam","India","IND","1","3","1","0","1","5","6","0","73089","2954","0","0","76044","76044","3827","30948","3233","0","0","38009","38009"
"2025-10-01","port1367","Visakhapatnam","India","IND","0","4","0","0","1","4","5","0","186723","0","0","9666","186723","196390","0","31402","0","0","4530","31402","35932"
"2025-10-02","port1367","Visakhapatnam","India","IND","0","1","0","0","2","1","3","0","26911","0","0","36024","26911","62936","0","0","0","0","388","0","388"
"2025-10-03","port1367","Visakhapatnam","India","IND","0","2","0","0","1","2","3","0","68639","0","0","0","68639","68639","0","31402","0","0","0","31402","31402"
"2025-10-04","port1367","Visakhapatnam","India","IND","1","1","0","0","1","2","3","6079","2035","0","0","4831","8115","12946","0","0","0","0","0","0","0"
"2025-10-05","port1367","Visakhapatnam","India","IND","3","2","0","0","2","5","7","3035","34319","0","0","14095","37355","51450","2945","37759","0","0","43697","40704","84402"
"2025-10-06","port1367","Visakhapatnam","India","IND","1","2","0","0","1","3","4","0","63409","0","0","0","63409","63409","1540","15701","0","0","0","17241","17241"
"2025-10-07","port1367","Visakhapatnam","India","IND","2","4","0","0","0","6","6","14990","144340","0","0","0","159330","159330","0","62594","0","0","0","62594","62594"
"2025-10-08","port1367","Visakhapatnam","India","IND","1","3","0","0","4","4","8","1653","144974","0","0","27983","146627","174611","4138","31402","0","0","8426","35540","43966"
"2025-10-09","port1367","Visakhapatnam","India","IND","0","1","0","0","1","1","2","0","34319","0","0","0","34319","34319","0","15701","0","0","69215","15701","84916"
"2025-10-10","port1367","Visakhapatnam","India","IND","0","3","0","0","2","3","5","0","68639","0","0","76","68639","68716","0","62087","0","0","4251","62087","66338"
"2025-10-11","port1367","Visakhapatnam","India","IND","0","3","1","0","2","4","6","0","196637","0","0","74296","196637","270933","0","15701","0","0","3734","15701","19436"
"2025-10-12","port1367","Visakhapatnam","India","IND","2","1","1","0","0","4","4","4791","94531","2954","0","0","102277","102277","7284","0","3233","0","0","10518","10518"
"2025-10-13","port1367","Visakhapatnam","India","IND","1","3","0","0","2","4","6","1653","86692","0","0","0","88345","88345","4138","54767","0","0","16638","58905","75544"
"2025-10-14","port1367","Visakhapatnam","India","IND","1","3","0","0","2","4","6","14470","64766","0","0","28095","79236","107332","0","27245","0","0","0","27245","27245"
"2025-10-15","port1367","Visakhapatnam","India","IND","2","0","1","0","0","3","3","866","0","2954","0","0","3821","3821","2926","0","3233","0","0","6160","6160"
"2025-10-16","port1367","Visakhapatnam","India","IND","0","3","0","0","0","3","3","0","102959","0","0","0","102959","102959","0","47104","0","0","0","47104","47104"
"2025-10-17","port1367","Visakhapatnam","India","IND","1","2","0","0","0","3","3","0","34319","0","0","0","34319","34319","9679","95290","0","0","0","104969","104969"
"2025-10-18","port1367","Visakhapatnam","India","IND","1","1","1","0","0","3","3","0","34319","2954","0","0","37274","37274","436","15701","3233","0","0","19372","19372"
"2025-10-19","port1367","Visakhapatnam","India","IND","1","1","0","0","1","2","3","0","47693","0","0","76","47693","47770","7383","0","0","0","4251","7383","11634"
"2025-10-20","port1367","Visakhapatnam","India","IND","1","1","1","0","0","3","3","1653","34319","2954","0","0","38928","38928","4138","15701","3233","0","0","23073","23073"
"2025-10-21","port1367","Visakhapatnam","India","IND","0","2","2","0","0","4","4","0","34319","416","0","0","34735","34735","0","24475","201","0","0","24677","24677"
"2025-10-22","port1367","Visakhapatnam","India","IND","0","2","1","0","2","3","5","0","68639","19582","0","0","88221","88221","0","31402","0","0","42775","31402","74178"
"2025-10-23","port1367","Visakhapatnam","India","IND","3","1","0","0","1","4","5","3493","1162","0","0","0","4656","4656","7178","0","0","0","34407","7178","41585"
"2025-10-24","port1367","Visakhapatnam","India","IND","1","3","1","0","0","5","5","0","144230","2954","0","0","147185","147185","2176","15701","3233","0","0","21111","21111"
"2025-10-25","port1367","Visakhapatnam","India","IND","0","1","0","0","0","1","1","0","34319","0","0","0","34319","34319","0","15701","0","0","0","15701","15701"
"2025-10-26","port1367","Visakhapatnam","India","IND","1","3","0","0","0","4","4","1653","102959","0","0","0","104612","104612","4138","47104","0","0","0","51242","51242"
"2025-10-27","port1367","Visakhapatnam","India","IND","0","0","0","0","1","0","1","0","0","0","0","0","0","0","0","0","0","0","14404","0","14404"
"2025-10-28","port1367","Visakhapatnam","India","IND","0","0","0","0","0","0","0","0","0","0","0","0","0","0","0","0","0","0","0","0","0"
"2025-10-29","port1367","Visakhapatnam","India","IND","1","5","0","0","1","6","7","7356","266900","0","0","14095","274256","288351","0","15701","0","0","8426","15701","24127"
"2025-10-30","port1367","Visakhapatnam","India","IND","1","2","0","0","2","3","5","0","39967","0","0","0","39967","39967","3178","11647","0","0","0","14826","14826"
"2025-10-31","port1367","Visakhapatnam","India","IND","1","5","1","0","0","7","7","0","135652","2954","0","0","138607","138607","2505","83882","3233","0","0","89621","89621"
"2025-11-01","port1367","Visakhapatnam","India","IND","0","3","0","0","1","3","4","0","45181","0","0","0","45181","45181","0","15701","0","0","0","15701","15701"
"2025-11-02","port1367","Visakhapatnam","India","IND","0","2","0","0","2","2","4","0","79683","0","0","9126","79683","88809","0","11543","0","0","6753","11543","18297"
"2025-11-03","port1367","Visakhapatnam","India","IND","0","1","0","0","0","1","1","0","0","0","0","0","0","0","0","79413","0","0","0","79413","79413"
"2025-11-04","port1367","Visakhapatnam","India","IND","3","2","0","0","3","5","8","17264","68639","0","0","32144","85904","118049","4138","31402","0","0","8426","35540","43966"
"2025-11-05","port1367","Visakhapatnam","India","IND","0","4","1","0","2","5","7","0","136001","0","0","14095","136001","150096","0","42946","11041","0","8426","53988","62414"
"2025-11-06","port1367","Visakhapatnam","India","IND","0","2","0","0","0","2","2","0","110218","0","0","0","110218","110218","0","15701","0","0","0","15701","15701"
"2025-11-07","port1367","Visakhapatnam","India","IND","1","2","1","0","0","4","4","1653","113221","2954","0","0","117829","117829","4138","0","3233","0","0","7371","7371"
"2025-11-08","port1367","Visakhapatnam","India","IND","1","1","0","0","0","2","2","0","34319","0","0","0","34319","34319","5071","15701","0","0","0","20773","20773"
"2025-11-09","port1367","Visakhapatnam","India","IND","0","2","0","0","0","2","2","0","34319","0","0","0","34319","34319","0","70190","0","0","0","70190","70190"
"2025-11-10","port1367","Visakhapatnam","India","IND","1","2","0","0","3","3","6","1653","71986","0","0","76","73639","73716","4138","15701","0","0","4251","19839","24090"
"2025-11-11","port1367","Visakhapatnam","India","IND","1","2","0","0","1","3","4","440","0","0","0","9666","440","10107","0","41205","0","0","4530","41205","45736"
"2025-11-12","port1367","Visakhapatnam","India","IND","1","5","0","0","0","6","6","0","216118","0","0","0","216118","216118","3277","47104","0","0","0","50381","50381"
"2025-11-13","port1367","Visakhapatnam","India","IND","1","3","0","0","0","4","4","528","49173","0","0","0","49701","49701","0","9649","0","0","0","9649","9649"
"2025-11-14","port1367","Visakhapatnam","India","IND","1","3","1","0","2","5","7","1653","102959","0","0","11558","104612","116171","4138","47104","1821","0","38192","53063","91256"
"2025-11-15","port1367","Visakhapatnam","India","IND","0","0","0","0","2","0","2","0","0","0","0","0","0","0","0","0","0","0","0","0","0"
"2025-11-16","port1367","Visakhapatnam","India","IND","0","1","1","0","3","2","5","0","0","2954","0","81551","2954","84506","0","103507","3233","0","8814","106741","115556"
"2025-11-17","port1367","Visakhapatnam","India","IND","1","2","0","0","2","3","5","8006","68608","0","0","0","76614","76614","0","15701","0","0","0","15701","15701"
"2025-11-18","port1367","Visakhapatnam","India","IND","1","2","0","0","1","3","4","1653","60668","0","0","76","62322","62399","4138","27245","0","0","4251","31383","35634"
"2025-11-19","port1367","Visakhapatnam","India","IND","0","4","0","0","0","4","4","0","68639","0","0","0","68639","68639","0","32534","0","0","0","32534","32534"
"2025-11-20","port1367","Visakhapatnam","India","IND","0","3","1","0","2","4","6","0","74395","0","0","33264","74395","107660","0","17204","18704","0","0","35908","35908"
"2025-11-21","port1367","Visakhapatnam","India","IND","1","1","0","0","0","2","2","1653","34319","0","0","0","35973","35973","4138","15701","0","0","0","19839","19839"
"2025-11-22","port1367","Visakhapatnam","India","IND","1","1","0","0","1","2","3","1653","105428","0","0","4146","107081","111228","4138","0","0","0","0","4138","4138"
"2025-11-23","port1367","Visakhapatnam","India","IND","0","2","1","0","1","3","4","0","68639","0","0","0","68639","68639","0","31402","948","0","0","32351","32351"
"2025-11-24","port1367","Visakhapatnam","India","IND","0","4","0","0","1","4","5","0","148486","0","0","0","148486","148486","0","31402","0","0","0","31402","31402"
"2025-11-25","port1367","Visakhapatnam","India","IND","1","4","0","0","1","5","6","2836","240279","0","0","14095","243115","257210","0","15701","0","0","8426","15701","24127"
"2025-11-26","port1367","Visakhapatnam","India","IND","1","1","0","0","0","2","2","18567","77592","0","0","0","96159","96159","0","0","0","0","0","0","0"
"2025-11-27","port1367","Visakhapatnam","India","IND","2","2","0","0","2","4","6","3308","34319","0","0","30607","37627","68235","5919","29149","0","0","4639","35069","39709"
"2025-11-28","port1367","Visakhapatnam","India","IND","0","5","1","0","1","6","7","0","215652","2954","0","0","218607","218607","0","15701","3233","0","0","18935","18935"
"2025-11-29","port1367","Visakhapatnam","India","IND","0","3","0","0","1","3","4","0","138046","0","0","30530","138046","168576","0","30641","0","0","388","30641","31029"
"2025-11-30","port1367","Visakhapatnam","India","IND","0","3","0","0","1","3","4","0","78513","0","0","4559","78513","83072","0","15877","0","0","0","15877","15877"
"2025-12-01","port1367","Visakhapatnam","India","IND","0","5","0","0","1","5","6","0","177256","0","0","0","177256","177256","0","18138","0","0","0","18138","18138"
"2025-12-02","port1367","Visakhapatnam","India","IND","0","0","0","0","0","0","0","0","0","0","0","0","0","0","0","0","0","0","0","0","0"
"2025-12-03","port1367","Visakhapatnam","India","IND","0","4","0","0","0","4","4","0","126345","0","0","0","126345","126345","0","42184","0","0","0","42184","42184"
"2025-12-04","port1367","Visakhapatnam","India","IND","0","1","0","0","1","1","2","0","42955","0","0","14095","42955","57050","0","0","0","0","8426","0","8426"
"2025-12-05","port1367","Visakhapatnam","India","IND","4","2","0","0","1","6","7","1653","59859","0","0","0","61513","61513","33171","2905","0","0","6235","36076","42311"
"2025-12-06","port1367","Visakhapatnam","India","IND","0","6","0","0","2","6","8","0","270375","0","0","46524","270375","316899","0","0","0","0","0","0","0"
"2025-12-07","port1367","Visakhapatnam","India","IND","3","2","1","0","0","6","6","764","78848","2680","0","0","82293","82293","9358","19701","0","0","0","29060","29060"
"2025-12-08","port1367","Visakhapatnam","India","IND","0","2","0","0","0","2","2","0","45072","0","0","0","45072","45072","0","0","0","0","0","0","0"
"2025-12-09","port1367","Visakhapatnam","India","IND","0","1","0","0","0","1","1","0","28081","0","0","0","28081","28081","0","0","0","0","0","0","0"
"2025-12-10","port1367","Visakhapatnam","India","IND","1","1","0","0","0","2","2","468","34319","0","0","0","34788","34788","0","15701","0","0","0","15701","15701"
"2025-12-11","port1367","Visakhapatnam","India","IND","0","2","0","0","1","2","3","0","34319","0","0","14095","34319","48414","0","71575","0","0","8426","71575","80001"
"2025-12-12","port1367","Visakhapatnam","India","IND","1","0","0","0","0","1","1","1653","0","0","0","0","1653","1653","4138","0","0","0","0","4138","4138"
"2025-12-13","port1367","Visakhapatnam","India","IND","0","0","0","0","0","0","0","0","0","0","0","0","0","0","0","0","0","0","0","0","0"
"2025-12-14","port1367","Visakhapatnam","India","IND","1","0","0","0","0","1","1","1266","0","0","0","0","1266","1266","0","0","0","0","0","0","0"
"2025-12-15","port1367","Visakhapatnam","India","IND","0","2","0","0","0","2","2","0","34319","0","0","0","34319","34319","0","17843","0","0","0","17843","17843"
"2025-12-16","port1367","Visakhapatnam","India","IND","0","2","0","0","0","2","2","0","83238","0","0","0","83238","83238","0","0","0","0","0","0","0"
"2025-12-17","port1367","Visakhapatnam","India","IND","0","2","0","0","1","2","3","0","51482","0","0","10872","51482","62354","0","15701","0","0","14074","15701","29776"
"2025-12-18","port1367","Visakhapatnam","India","IND","0","0","0","0","0","0","0","0","0","0","0","0","0","0","0","0","0","0","0","0","0"
"2025-12-19","port1367","Visakhapatnam","India","IND","0","1","0","0","1","1","2","0","0","0","0","9666","0","9666","0","0","0","0","4530","0","4530"
"2025-12-20","port1367","Visakhapatnam","India","IND","1","1","0","0","1","2","3","3951","34319","0","0","30530","38270","68801","0","15701","0","0","388","15701","16089"
"2025-12-21","port1367","Visakhapatnam","India","IND","2","3","0","0","0","5","5","3307","102959","0","0","0","106266","106266","8276","47104","0","0","0","55380","55380"
"2025-12-22","port1367","Visakhapatnam","India","IND","1","2","0","0","1","3","4","1854","119652","0","0","30530","121506","152037","0","15701","0","0","388","15701","16089"
"2025-12-23","port1367","Visakhapatnam","India","IND","1","1","0","0","1","2","3","1653","26349","0","0","76","28002","28079","4138","11543","0","0","4251","15681","19933"
"2025-12-24","port1367","Visakhapatnam","India","IND","0","2","0","0","0","2","2","0","34319","0","0","0","34319","34319","0","43328","0","0","0","43328","43328"
"2025-12-25","port1367","Visakhapatnam","India","IND","1","4","0","0","0","5","5","1653","170739","0","0","0","172392","172392","4138","77206","0","0","0","81344","81344"
"2025-12-26","port1367","Visakhapatnam","India","IND","0","4","0","0","0","4","4","0","171959","0","0","0","171959","171959","0","48530","0","0","0","48530","48530"
"2025-12-27","port1367","Visakhapatnam","India","IND","0","2","0","0","0","2","2","0","0","0","0","0","0","0","0","36798","0","0","0","36798","36798"
"2025-12-28","port1367","Visakhapatnam","India","IND","1","2","0","0","0","3","3","0","34319","0","0","0","34319","34319","24036","70208","0","0","0","94245","94245"
"2026-01-04","port1367","Visakhapatnam","India","IND","1","3","0","0","1","4","5","0","154613","0","0","0","154613","154613","5311","15701","0","0","0","21012","21012"
"2026-01-05","port1367","Visakhapatnam","India","IND","0","2","0","0","1","2","3","0","34319","0","0","30530","34319","64850","0","15701","0","0","388","15701","16089"
"2026-01-06","port1367","Visakhapatnam","India","IND","1","2","0","0","1","3","4","0","69698","0","0","22161","69698","91859","3763","15701","0","0","0","19464","19464"
"2026-01-07","port1367","Visakhapatnam","India","IND","1","1","0","0","1","2","3","0","33884","0","0","5731","33884","39616","2323","0","0","0","0","2323","2323"
"2026-01-08","port1367","Visakhapatnam","India","IND","0","2","0","0","0","2","2","0","64520","0","0","0","64520","64520","0","15701","0","0","0","15701","15701"
"2026-01-09","port1367","Visakhapatnam","India","IND","0","0","0","0","0","0","0","0","0","0","0","0","0","0","0","0","0","0","0","0","0"
"2026-01-10","port1367","Visakhapatnam","India","IND","0","1","0","0","1","1","2","0","34319","0","0","9666","34319","43986","0","15701","0","0","4530","15701","20231"
"2026-01-11","port1367","Visakhapatnam","India","IND","0","3","0","0","0","3","3","0","165407","0","0","0","165407","165407","0","15701","0","0","0","15701","15701"
"2026-01-12","port1367","Visakhapatnam","India","IND","0","1","0","0","1","1","2","0","2456","0","0","19529","2456","21986","0","0","0","0","0","0","0"
"2026-01-13","port1367","Visakhapatnam","India","IND","0","2","0","0","1","2","3","0","0","0","0","0","0","0","0","61008","0","0","0","61008","61008"
"2026-01-14","port1367","Visakhapatnam","India","IND","1","0","0","0","1","1","2","1653","0","0","0","76","1653","1730","4138","0","0","0","4251","4138","8389"
"2026-01-15","port1367","Visakhapatnam","India","IND","0","0","0","0","2","0","2","0","0","0","0","38771","0","38771","0","0","0","0","388","0","388"
"2026-01-16","port1367","Visakhapatnam","India","IND","0","4","0","0","0","4","4","0","178580","0","0","0","178580","178580","0","35936","0","0","0","35936","35936"
"2026-01-17","port1367","Visakhapatnam","India","IND","2","3","0","0","2","5","7","0","294221","0","0","4411","294221","298632","6739","15701","0","0","0","22440","22440"
"2026-01-18","port1367","Visakhapatnam","India","IND","0","3","0","0","0","3","3","0","55150","0","0","0","55150","55150","0","41297","0","0","0","41297","41297"
"2026-01-19","port1367","Visakhapatnam","India","IND","2","3","0","0","1","5","6","1653","68639","0","0","30530","70293","100823","6943","135038","0","0","388","141981","142370"
"2026-01-20","port1367","Visakhapatnam","India","IND","0","2","0","0","0","2","2","0","34319","0","0","0","34319","34319","0","91674","0","0","0","91674","91674"
"2026-01-21","port1367","Visakhapatnam","India","IND","3","2","0","0","0","5","5","11012","34319","0","0","0","45332","45332","10716","19361","0","0","0","30078","30078"
"2026-01-22","port1367","Visakhapatnam","India","IND","1","2","0","0","0","3","3","0","121579","0","0","0","121579","121579","15615","0","0","0","0","15615","15615"
"2026-01-23","port1367","Visakhapatnam","India","IND","1","3","0","0","0","4","4","0","75848","0","0","0","75848","75848","1827","45375","0","0","0","47203","47203"
"2026-01-24","port1367","Visakhapatnam","India","IND","1","2","1","0","0","4","4","0","173592","0","0","0","173592","173592","5052","73951","10083","0","0","89087","89087"
"2026-01-25","port1367","Visakhapatnam","India","IND","0","0","0","0","2","0","2","0","0","0","0","36535","0","36535","0","0","0","0","4251","0","4251"
"2026-01-26","port1367","Visakhapatnam","India","IND","1","5","0","0","0","6","6","0","207267","0","0","0","207267","207267","2307","47104","0","0","0","49411","49411"
"2026-01-27","port1367","Visakhapatnam","India","IND","0","1","1","0","0","2","2","0","34319","10538","0","0","44858","44858","0","15701","0","0","0","15701","15701"
"2026-01-28","port1367","Visakhapatnam","India","IND","0","1","0","0","3","1","4","0","5335","0","0","52043","5335","57379","0","0","0","0","8814","0","8814"
"2026-01-29","port1367","Visakhapatnam","India","IND","0","1","0","0","1","1","2","0","34319","0","0","0","34319","34319","0","15701","0","0","38276","15701","53977"
"2026-01-30","port1367","Visakhapatnam","India","IND","2","0","0","0","0","2","2","1653","0","0","0","0","1653","1653","31032","0","0","0","0","31032","31032"
"2026-01-31","port1367","Visakhapatnam","India","IND","0","2","0","0","2","2","4","0","111023","0","0","58850","111023","169873","0","15701","0","0","4251","15701","19952"
"2026-02-01","port1367","Visakhapatnam","India","IND","0","3","0","0","1","3","4","0","100435","0","0","4290","100435","104726","0","0","0","0","0","0","0"
"2026-02-02","port1367","Visakhapatnam","India","IND","0","4","0","0","0","4","4","0","36321","0","0","0","36321","36321","0","83320","0","0","0","83320","83320"
"2026-02-03","port1367","Visakhapatnam","India","IND","0","2","0","0","0","2","2","0","34319","0","0","0","34319","34319","0","15701","0","0","0","15701","15701"
"2026-02-04","port1367","Visakhapatnam","India","IND","2","1","0","0","1","3","4","9146","80317","0","0","2368","89464","91832","0","0","0","0","0","0","0"
"2026-02-05","port1367","Visakhapatnam","India","IND","0","7","0","0","0","7","7","0","201760","0","0","0","201760","201760","0","140868","0","0","0","140868","140868"
"2026-02-06","port1367","Visakhapatnam","India","IND","1","4","0","0","1","5","6","0","195393","0","0","76","195393","195470","3663","69844","0","0","4251","73508","77759"
"2026-02-07","port1367","Visakhapatnam","India","IND","2","3","0","0","1","5","6","1653","19803","0","0","9666","21456","31123","4601","109420","0","0","4530","114022","118552"
"2026-02-08","port1367","Visakhapatnam","India","IND","1","1","0","0","2","2","4","0","0","0","0","0","0","0","9732","5889","0","0","17515","15622","33138"
"2026-02-09","port1367","Visakhapatnam","India","IND","2","3","0","0","1","5","6","3307","71872","0","0","30530","75179","105710","8276","46084","0","0","388","54360","54749"
"2026-02-10","port1367","Visakhapatnam","India","IND","0","2","1","0","1","3","4","0","106343","0","0","14095","106343","120438","0","15701","0","0","8426","15701","24127"
"2026-02-11","port1367","Visakhapatnam","India","IND","0","4","1","0","3","5","8","0","94704","692","0","64416","95397","159814","0","175609","0","0","43803","175609","219412"
"2026-02-12","port1367","Visakhapatnam","India","IND","0","4","0","0","0","4","4","0","53569","0","0","0","53569","53569","0","26205","0","0","0","26205","26205"
"2026-02-13","port1367","Visakhapatnam","India","IND","1","4","0","0","1","5","6","1653","94988","0","0","76","96642","96719","4138","97671","0","0","4251","101809","106060"
"2026-02-14","port1367","Visakhapatnam","India","IND","0","2","1","0","1","3","4","0","56025","2954","0","19529","58980","78509","0","0","3233","0","0","3233","3233"
"2026-02-15","port1367","Visakhapatnam","India","IND","0","3","0","0","0","3","3","0","87575","0","0","0","87575","87575","0","29591","0","0","0","29591","29591"
"2026-02-16","port1367","Visakhapatnam","India","IND","0","5","0","0","0","5","5","0","234582","0","0","0","234582","234582","0","46376","0","0","0","46376","46376"
"2026-02-17","port1367","Visakhapatnam","India","IND","1","2","0","0","1","3","4","0","49891","0","0","147448","49891","197340","3006","0","0","0","0","3006","3006"
"2026-02-18","port1367","Visakhapatnam","India","IND","1","1","0","0","0","2","2","8364","34319","0","0","0","42684","42684","0","15701","0","0","0","15701","15701"
"2026-02-19","port1367","Visakhapatnam","India","IND","1","8","0","0","0","9","9","1653","270396","0","0","0","272050","272050","4138","28107","0","0","0","32245","32245"
"2026-02-20","port1367","Visakhapatnam","India","IND","1","6","0","0","0","7","7","0","367118","0","0","0","367118","367118","27424","47104","0","0","0","74528","74528"
"2026-02-21","port1367","Visakhapatnam","India","IND","2","1","0","0","0","3","3","5600","34319","0","0","0","39920","39920","3172","15701","0","0","0","18873","18873"
"2026-02-22","port1367","Visakhapatnam","India","IND","0","5","0","0","0","5","5","0","184803","0","0","0","184803","184803","0","47104","0","0","0","47104","47104"
"2026-02-23","port1367","Visakhapatnam","India","IND","0","2","0","0","0","2","2","0","106890","0","0","0","106890","106890","0","0","0","0","0","0","0"
"2026-02-24","port1367","Visakhapatnam","India","IND","1","3","1","0","0","5","5","0","76024","386","0","0","76410","76410","3195","103482","0","0","0","106678","106678"
"2026-02-25","port1367","Visakhapatnam","India","IND","1","2","0","0","0","3","3","0","75778","0","0","0","75778","75778","5276","52522","0","0","0","57799","57799"
"2026-02-26","port1367","Visakhapatnam","India","IND","1","3","0","0","2","4","6","1421","113412","0","0","59998","114834","174832","0","31672","0","0","4530","31672","36202"
"2026-02-27","port1367","Visakhapatnam","India","IND","0","0","0","0","0","0","0","0","0","0","0","0","0","0","0","0","0","0","0","0","0"
"2026-02-28","port1367","Visakhapatnam","India","IND","1","4","0","0","0","5","5","0","86180","0","0","0","86180","86180","6062","89652","0","0","0","95715","95715"
"2026-03-01","port1367","Visakhapatnam","India","IND","1","6","0","0","1","7","8","0","180645","0","0","14095","180645","194741","7009","158265","0","0","8426","165275","173701"
"2026-03-02","port1367","Visakhapatnam","India","IND","1","4","1","0","1","6","7","0","108294","2954","0","8044","111249","119294","2028","70159","3233","0","0","75421","75421"
"2026-03-03","port1367","Visakhapatnam","India","IND","1","7","0","0","0","8","8","0","298346","0","0","0","298346","298346","1226","43718","0","0","0","44945","44945"
"2026-03-04","port1367","Visakhapatnam","India","IND","2","2","1","0","1","5","6","7461","113826","0","0","10872","121287","132160","1972","0","0","0","14074","1972","16047"
"2026-03-05","port1367","Visakhapatnam","India","IND","1","4","0","0","1","5","6","0","172559","0","0","0","172559","172559","2930","15701","0","0","0","18632","18632"
"2026-03-06","port1367","Visakhapatnam","India","IND","1","7","0","0","1","8","9","1653","278582","0","0","49453","280236","329690","4138","136035","0","0","0","140173","140173"
"2026-03-07","port1367","Visakhapatnam","India","IND","1","2","0","0","0","3","3","0","92953","0","0","0","92953","92953","6403","15701","0","0","0","22104","22104"
"2026-03-08","port1367","Visakhapatnam","India","IND","1","1","0","0","2","2","4","0","34319","0","0","5282","34319","39602","2813","15701","0","0","2659","18514","21173"
"2026-03-09","port1367","Visakhapatnam","India","IND","0","2","0","0","0","2","2","0","39324","0","0","0","39324","39324","0","78423","0","0","0","78423","78423"
"2026-03-10","port1367","Visakhapatnam","India","IND","1","6","0","0","1","7","8","0","170198","0","0","22257","170198","192456","0","145443","0","0","0","145443","145443"
"2026-03-11","port1367","Visakhapatnam","India","IND","1","1","0","0","0","2","2","6397","34319","0","0","0","40717","40717","0","15701","0","0","0","15701","15701"
"2026-03-12","port1367","Visakhapatnam","India","IND","0","6","2","0","1","8","9","0","324793","0","0","0","324793","324793","0","135924","8192","0","29788","144116","173905"
"2026-03-13","port1367","Visakhapatnam","India","IND","2","0","0","0","1","2","3","2771","0","0","0","10872","2771","13643","3099","0","0","0","14074","3099","17174"
"2026-03-14","port1367","Visakhapatnam","India","IND","1","3","0","0","1","4","5","3554","68639","0","0","0","72194","72194","0","62512","0","0","33291","62512","95804"
"2026-03-15","port1367","Visakhapatnam","India","IND","0","3","0","0","0","3","3","0","245134","0","0","0","245134","245134","0","0","0","0","0","0","0"
"2026-03-16","port1367","Visakhapatnam","India","IND","1","3","0","0","0","4","4","1653","67519","0","0","0","69172","69172","4138","62881","0","0","0","67019","67019"
"2026-03-17","port1367","Visakhapatnam","India","IND","1","1","0","0","1","2","3","0","34319","0","0","14095","34319","48414","21056","15701","0","0","8426","36758","45184"
"2026-03-18","port1367","Visakhapatnam","India","IND","0","1","1","0","1","2","3","0","0","2954","0","9666","2954","12621","0","58633","3233","0","4530","61867","66397"
"2026-03-19","port1367","Visakhapatnam","India","IND","1","1","0","0","1","2","3","1653","34319","0","0","14095","35973","50068","4138","15701","0","0","8426","19839","28265"
"2026-03-20","port1367","Visakhapatnam","India","IND","2","4","0","0","2","6","8","1653","89153","0","0","23761","90806","114568","29103","70190","0","0","12956","99294","112251"
"2026-03-21","port1367","Visakhapatnam","India","IND","1","4","0","0","0","5","5","0","72888","0","0","0","72888","72888","8881","94278","0","0","0","103159","103159"
"2026-03-22","port1367","Visakhapatnam","India","IND","1","0","0","0","1","1","2","0","0","0","0","14095","0","14095","7222","0","0","0","8426","7222","15648"
"2026-03-23","port1367","Visakhapatnam","India","IND","1","3","0","0","0","4","4","8510","225334","0","0","0","233845","233845","0","15701","0","0","0","15701","15701"
"2026-03-24","port1367","Visakhapatnam","India","IND","0","2","0","0","1","2","3","0","0","0","0","0","0","0","0","34893","0","0","34735","34893","69629"
"2026-03-25","port1367","Visakhapatnam","India","IND","2","3","0","0","1","5","6","0","68639","0","0","18883","68639","87522","9308","33192","0","0","0","42501","42501"
"2026-03-26","port1367","Visakhapatnam","India","IND","1","8","1","0","2","10","12","0","441807","1831","0","14095","443638","457733","7173","89652","0","0","8426","96826","105252"
"2026-03-27","port1367","Visakhapatnam","India","IND","1","1","0","0","2","2","4","0","7247","0","0","47501","7247","54748","3709","0","0","0","0","3709","3709"
"2026-03-28","port1367","Visakhapatnam","India","IND","2","2","0","0","0","4","4","0","117334","0","0","0","117334","117334","8083","0","0","0","0","8083","8083"
"2026-03-29","port1367","Visakhapatnam","India","IND","1","4","0","0","0","5","5","0","136282","0","0","0","136282","136282","4478","23642","0","0","0","28120","28120"
"2026-03-30","port1367","Visakhapatnam","India","IND","1","1","0","0","2","2","4","0","0","0","0","48103","0","48103","941","27627","0","0","0","28569","28569"
"2026-03-31","port1367","Visakhapatnam","India","IND","1","0","0","0","3","1","4","1653","0","0","0","64082","1653","65735","4138","0","0","0","9060","4138","13198"
"2026-04-01","port1367","Visakhapatnam","India","IND","1","4","1","0","1","6","7","14983","147498","805","0","0","163287","163287","0","110991","0","0","33447","110991","144439"
"2026-04-02","port1367","Visakhapatnam","India","IND","1","2","0","0","2","3","5","0","34319","0","0","14095","34319","48414","4570","33641","0","0","8426","38212","46638"
"2026-04-03","port1367","Visakhapatnam","India","IND","1","2","0","0","2","3","5","6058","78789","0","0","10872","84847","95719","0","13326","0","0","83290","13326","96616"
"2026-04-04","port1367","Visakhapatnam","India","IND","0","5","0","0","1","5","6","0","125042","0","0","0","125042","125042","0","100497","0","0","0","100497","100497"
"2026-04-05","port1367","Visakhapatnam","India","IND","1","0","1","0","0","2","2","1653","0","12924","0","0","14578","14578","4138","0","0","0","0","4138","4138"
"2026-04-06","port1367","Visakhapatnam","India","IND","0","1","0","0","1","1","2","0","0","0","0","0","0","0","0","78859","0","0","7223","78859","86083"
"2026-04-07","port1367","Visakhapatnam","India","IND","1","1","0","0","0","2","2","0","34319","0","0","0","34319","34319","21216","15701","0","0","0","36917","36917"
"2026-04-08","port1367","Visakhapatnam","India","IND","0","1","0","0","2","1","3","0","0","0","0","48155","0","48155","0","78032","0","0","0","78032","78032"
"2026-04-09","port1367","Visakhapatnam","India","IND","0","0","0","0","0","0","0","0","0","0","0","0","0","0","0","0","0","0","0","0","0"
"2026-04-10","port1367","Visakhapatnam","India","IND","1","2","0","0","1","3","4","0","52841","0","0","66845","52841","119687","18205","15701","0","0","0","33906","33906"
"2026-04-11","port1367","Visakhapatnam","India","IND","2","4","0","0","2","6","8","6982","258451","0","0","36120","265434","301554","3361","0","0","0","0","3361","3361"
"2026-04-12","port1367","Visakhapatnam","India","IND","1","4","0","0","1","5","6","0","34319","0","0","9666","34319","43986","1981","204072","0","0","4530","206054","210584"
"2026-04-13","port1367","Visakhapatnam","India","IND","1","8","0","0","1","9","10","1653","477568","0","0","9666","479222","488889","4138","47567","0","0","4530","51705","56236"
"2026-04-14","port1367","Visakhapatnam","India","IND","0","0","0","0","0","0","0","0","0","0","0","0","0","0","0","0","0","0","0","0","0"
"2026-04-15","port1367","Visakhapatnam","India","IND","1","1","0","0","0","2","2","0","26349","0","0","0","26349","26349","3310","11543","0","0","0","14854","14854"
"2026-04-16","port1367","Visakhapatnam","India","IND","1","3","0","0","0","4","4","4189","60994","0","0","0","65184","65184","0","93733","0","0","0","93733","93733"
"2026-04-17","port1367","Visakhapatnam","India","IND","1","4","0","0","0","5","5","0","199619","0","0","0","199619","199619","14920","94575","0","0","0","109496","109496"
"2026-04-18","port1367","Visakhapatnam","India","IND","0","3","0","0","0","3","3","0","89466","0","0","0","89466","89466","0","69499","0","0","0","69499","69499"
"2026-04-19","port1367","Visakhapatnam","India","IND","0","5","0","0","0","5","5","0","92448","0","0","0","92448","92448","0","142902","0","0","0","142902","142902"
"2026-04-20","port1367","Visakhapatnam","India","IND","1","5","0","0","0","6","6","0","227225","0","0","0","227225","227225","21056","27245","0","0","0","48302","48302"
"2026-04-21","port1367","Visakhapatnam","India","IND","2","1","0","0","0","3","3","7190","42156","0","0","0","49346","49346","0","0","0","0","0","0","0"
"2026-04-22","port1367","Visakhapatnam","India","IND","3","2","0","0","1","5","6","1653","234642","0","0","0","236295","236295","15485","15701","0","0","0","31187","31187"
"2026-04-23","port1367","Visakhapatnam","India","IND","3","6","0","0","0","9","9","4344","235385","0","0","0","239729","239729","23976","88852","0","0","0","112829","112829"
"2026-04-24","port1367","Visakhapatnam","India","IND","0","2","1","0","0","3","3","0","46489","1129","0","0","47618","47618","0","9688","0","0","0","9688","9688"
"2026-04-25","port1367","Visakhapatnam","India","IND","2","6","0","0","2","8","10","0","287109","0","0","0","287109","287109","4708","0","0","0","33299","4708","38007"
"2026-04-26","port1367","Visakhapatnam","India","IND","1","3","0","0","1","4","5","5601","130267","0","0","34713","135869","170583","0","69844","0","0","0","69844","69844"
"2026-04-27","port1367","Visakhapatnam","India","IND","2","6","0","0","3","8","11","515","172068","0","0","205165","172584","377749","9308","33744","0","0","0","43053","43053"
"2026-04-28","port1367","Visakhapatnam","India","IND","1","4","1","0","1","6","7","0","113791","0","0","10872","113791","124663","2207","69207","0","0","14074","71414","85489"
"2026-04-29","port1367","Visakhapatnam","India","IND","1","3","1","0","3","5","8","0","80773","0","0","30702","80773","111476","0","139980","225","0","5304","140205","145509"
"2026-04-30","port1367","Visakhapatnam","India","IND","0","2","0","0","0","2","2","0","26425","0","0","0","26425","26425","0","54304","0","0","0","54304","54304"
"2026-05-01","port1367","Visakhapatnam","India","IND","2","5","0","0","1","7","8","0","138111","0","0","0","138111","138111","14964","182118","0","0","0","197083","197083"
"2026-05-02","port1367","Visakhapatnam","India","IND","2","3","0","0","1","5","6","3346","48950","0","0","0","52296","52296","10129","79401","0","0","35149","89531","124681"
"2026-05-03","port1367","Visakhapatnam","India","IND","0","6","0","0","1","6","7","0","116497","0","0","43726","116497","160224","0","118110","0","0","0","118110","118110"
"2026-05-04","port1367","Visakhapatnam","India","IND","4","3","1","0","2","8","10","7497","95250","0","0","10872","102747","113619","20577","54784","0","0","14074","75361","89436"
"2026-05-05","port1367","Visakhapatnam","India","IND","1","3","0","0","2","4","6","1653","189936","0","0","48268","191589","239858","4138","0","0","0","3734","4138","7872"
"2026-05-06","port1367","Visakhapatnam","India","IND","1","2","1","0","3","4","7","4636","72132","6771","0","32766","83539","116306","0","77341","0","0","7863","77341","85204"
"2026-05-07","port1367","Visakhapatnam","India","IND","0","1","1","0","2","2","4","0","26349","0","0","45189","26349","71538","0","11543","0","0","13459","11543","25003"
"2026-05-08","port1367","Visakhapatnam","India","IND","0","5","0","0","0","5","5","0","245974","0","0","0","245974","245974","0","11543","0","0","0","11543","11543"
"2026-05-09","port1367","Visakhapatnam","India","IND","3","6","0","0","4","9","13","5158","185406","0","0","39151","190564","229715","19073","103754","0","0","0","122828","122828"
"2026-05-10","port1367","Visakhapatnam","India","IND","0","3","1","0","1","4","5","0","126169","0","0","119567","126169","245736","0","78850","16649","0","0","95500","95500"
"2026-05-11","port1367","Visakhapatnam","India","IND","0","5","0","0","3","5","8","0","216194","0","0","1151","216194","217346","0","0","0","0","34455","0","34455"
"2026-05-12","port1367","Visakhapatnam","India","IND","0","8","0","0","0","8","8","0","338938","0","0","0","338938","338938","0","104861","0","0","0","104861","104861"
"2026-05-13","port1367","Visakhapatnam","India","IND","3","2","0","0","2","5","7","0","43015","0","0","10872","43015","53888","25315","15701","0","0","18852","41016","59869"
"2026-05-14","port1367","Visakhapatnam","India","IND","1","3","1","0","2","5","7","1653","174739","2954","0","55119","179348","234467","4138","55243","3233","0","0","62615","62615"
"2026-05-15","port1367","Visakhapatnam","India","IND","0","5","0","0","0","5","5","0","146827","0","0","0","146827","146827","0","92600","0","0","0","92600","92600"
"2026-05-16","port1367","Visakhapatnam","India","IND","1","4","0","0","2","5","7","0","144227","0","0","0","144227","144227","20579","114369","0","0","14395","134949","149344"
"2026-05-17","port1367","Visakhapatnam","India","IND","2","4","0","0","1","6","7","0","111430","0","0","31339","111430","142769","7630","71035","0","0","0","78666","78666"
"2026-05-18","port1367","Visakhapatnam","India","IND","1","3","1","0","2","5","7","0","16072","7351","0","45397","23424","68821","24700","132943","0","0","4530","157643","162174"
"2026-05-19","port1367","Visakhapatnam","India","IND","3","4","0","0","2","7","9","4860","120986","0","0","112392","125846","238239","8276","3455","0","0","0","11731","11731"
"2026-05-20","port1367","Visakhapatnam","India","IND","1","6","1","0","2","8","10","6328","358882","2954","0","0","368165","368165","0","90086","3233","0","72136","93320","165457"
"2026-05-21","port1367","Visakhapatnam","India","IND","1","4","0","0","1","5","6","0","104035","0","0","917","104035","104952","935","91664","0","0","0","92599","92599"
"2026-05-22","port1367","Visakhapatnam","India","IND","2","2","2","0","1","6","7","2018","61661","3732","0","48615","67413","116028","1476","15701","0","0","0","17177","17177"
"2026-05-23","port1367","Visakhapatnam","India","IND","2","1","0","0","1","3","4","12004","0","0","0","0","12004","12004","0","53075","0","0","0","53075","53075"
"2026-05-24","port1367","Visakhapatnam","India","IND","1","5","0","0","2","6","8","0","235564","0","0","49783","235564","285347","1339","77341","0","0","0","78680","78680"
"2026-05-25","port1367","Visakhapatnam","India","IND","0","4","0","0","1","4","5","0","196411","0","0","0","196411","196411","0","103482","0","0","0","103482","103482"
"2026-05-26","port1367","Visakhapatnam","India","IND","1","3","0","0","3","4","7","0","197066","0","0","50315","197066","247381","9559","75328","0","0","52104","84888","136992"
"2026-05-27","port1367","Visakhapatnam","India","IND","1","6","0","0","2","7","9","0","198890","0","0","1864","198890","200754","6681","92894","0","0","0","99575","99575"
"2026-05-28","port1367","Visakhapatnam","India","IND","1","2","1","0","2","4","6","2782","0","0","0","9666","2782","12449","0","86906","19779","0","39481","106686","146168"
"2026-05-29","port1367","Visakhapatnam","India","IND","2","2","0","0","3","4","7","1841","56669","0","0","127636","58510","186146","8383","0","0","0","12536","8383","20919"
"2026-05-30","port1367","Visakhapatnam","India","IND","2","7","0","0","2","9","11","9942","207622","0","0","0","217564","217564","3522","112827","0","0","17935","116349","134285"
"2026-05-31","port1367","Visakhapatnam","India","IND","1","3","1","0","2","5","7","0","257455","0","0","77430","257455","334885","15207","15701","2067","0","0","32976","32976"
"2026-06-01","port1367","Visakhapatnam","India","IND","1","3","0","0","3","4","7","0","7884","0","0","12148","7884","20033","2517","122339","0","0","0","124856","124856"
"2026-06-02","port1367","Visakhapatnam","India","IND","1","5","2","0","1","8","9","0","192927","0","0","48268","192927","241196","12617","37815","5581","0","3734","56014","59748"
"2026-06-03","port1367","Visakhapatnam","India","IND","0","9","1","0","2","10","12","0","290610","0","0","14095","290610","304705","0","158078","10804","0","51406","168882","220289"
"2026-06-04","port1367","Visakhapatnam","India","IND","3","5","0","0","1","8","9","0","86002","0","0","140596","86002","226598","7805","77987","0","0","0","85793","85793"
"2026-06-05","port1367","Visakhapatnam","India","IND","0","5","0","0","5","5","10","0","145249","0","0","18670","145249","163919","0","82285","0","0","14074","82285","96359"
"2026-06-06","port1367","Visakhapatnam","India","IND","2","2","0","0","3","4","7","495","107185","0","0","40494","107680","148175","28780","15701","0","0","4530","44481","49011"
"2026-06-07","port1367","Visakhapatnam","India","IND","1","1","1","0","2","3","5","0","0","0","0","0","0","0","11494","0","3601","0","0","15095","15095"
"2026-06-08","port1367","Visakhapatnam","India","IND","1","6","0","0","2","7","9","1653","132248","0","0","14095","133902","147997","4138","46316","0","0","52380","50454","102834"
"2026-06-09","port1367","Visakhapatnam","India","IND","2","6","0","0","6","8","14","290","264073","0","0","107010","264364","371375","3765","15701","0","0","14074","19466","33541"
"2026-06-10","port1367","Visakhapatnam","India","IND","4","3","1","0","2","8","10","19064","82117","2650","0","30775","103832","134607","8276","60805","0","0","4530","69081","73612"
"2026-06-11","port1367","Visakhapatnam","India","IND","2","4","0","0","3","6","9","0","178216","0","0","28168","178216","206384","17190","95084","0","0","30008","112274","142283"
"2026-06-12","port1367","Visakhapatnam","India","IND","0","7","0","0","1","7","8","0","312520","0","0","10872","312520","323392","0","89327","0","0","14074","89327","103402"
"2026-06-13","port1367","Visakhapatnam","India","IND","1","4","0","0","4","5","9","0","233157","0","0","44013","233157","277171","0","0","0","0","77751","0","77751"
"2026-06-14","port1367","Visakhapatnam","India","IND","3","4","0","0","2","7","9","13379","73201","0","0","8461","86581","95043","3429","14956","0","0","12384","18385","30770"
"2026-06-15","port1367","Visakhapatnam","India","IND","1","4","0","0","1","5","6","0","176343","0","0","0","176343","176343","7363","33008","0","0","0","40371","40371"
"2026-06-16","port1367","Visakhapatnam","India","IND","0","5","1","0","4","6","10","0","164009","0","0","23761","164009","187771","0","54489","6376","0","18582","60866","79448"
"2026-06-17","port1367","Visakhapatnam","India","IND","3","7","0","0","2","10","12","10381","212777","0","0","42613","223159","265772","13746","83098","0","0","12583","96844","109428"
"2026-06-18","port1367","Visakhapatnam","India","IND","1","3","1","0","2","5","7","0","83856","0","0","9266","83856","93123","1847","54370","7133","0","41867","63352","105219"
"2026-06-19","port1367","Visakhapatnam","India","IND","2","4","0","0","2","6","8","0","191657","0","0","138534","191657","330192","22608","0","0","0","0","22608","22608"
"2026-06-20","port1367","Visakhapatnam","India","IND","1","3","1","0","1","5","6","6999","61777","8955","0","45102","77732","122834","0","132910","0","0","0","132910","132910"
"2026-06-21","port1367","Visakhapatnam","India","IND","3","4","0","0","2","7","9","7363","60786","0","0","0","68150","68150","8060","124140","0","0","34415","132201","166616"
"2026-06-22","port1367","Visakhapatnam","India","IND","1","8","0","0","3","9","12","0","281138","0","0","40053","281138","321192","9458","76334","0","0","35882","85793","121675"
"2026-06-23","port1367","Visakhapatnam","India","IND","1","5","0","0","1","6","7","0","24379","0","0","0","24379","24379","2570","111897","0","0","0","114467","114467"
"2026-06-24","port1367","Visakhapatnam","India","IND","2","3","0","0","2","5","7","2103","229819","0","0","35800","231922","267722","4690","46007","0","0","4530","50697","55227"
"2026-06-25","port1367","Visakhapatnam","India","IND","0","2","0","0","4","2","6","0","56003","0","0","66128","56003","122132","0","103635","0","0","12557","103635","116193"
"2026-06-26","port1367","Visakhapatnam","India","IND","3","6","1","0","1","10","11","2232","319033","2954","0","0","324220","324220","10158","75991","3233","0","34790","89383","124174"
"2026-06-27","port1367","Visakhapatnam","India","IND","3","6","0","0","1","9","10","0","76737","0","0","4031","76737","80768","30047","62874","0","0","0","92922","92922"
"2026-06-28","port1367","Visakhapatnam","India","IND","2","1","2","0","1","5","6","0","50634","0","0","0","50634","50634","22880","0","16419","0","35465","39299","74765"
"2026-06-29","port1367","Visakhapatnam","India","IND","1","6","0","0","3","7","10","2252","284637","0","0","9666","286889","296556","0","11543","0","0","4530","11543","16074"
"2026-06-30","port1367","Visakhapatnam","India","IND","1","5","0","0","3","6","9","0","89425","0","0","83403","89425","172829","6049","146458","0","0","33895","152508","186404"
"2026-07-01","port1367","Visakhapatnam","India","IND","1","2","1","0","2","4","6","1653","34319","0","0","30530","35973","66503","4138","22062","522","0","9412","26722","36134"
"2026-07-02","port1367","Visakhapatnam","India","IND","2","4","0","0","0","6","6","6048","91318","0","0","0","97366","97366","0","81707","0","0","0","81707","81707"
"2026-07-03","port1367","Visakhapatnam","India","IND","3","3","0","0","2","6","8","5133","61702","0","0","9666","66836","76503","12479","87560","0","0","4530","100039","104569"
"2026-07-04","port1367","Visakhapatnam","India","IND","2","1","0","0","1","3","4","0","60729","0","0","41484","60729","102213","16960","0","0","0","0","16960","16960"
"2026-07-05","port1367","Visakhapatnam","India","IND","1","4","0","0","2","5","7","0","279652","0","0","0","279652","279652","367","15701","0","0","0","16069","16069"
"2026-07-06","port1367","Visakhapatnam","India","IND","1","2","1","0","2","4","6","866","38775","1682","0","45558","41323","86881","0","72908","0","0","12384","72908","85293"
"2026-07-07","port1367","Visakhapatnam","India","IND","1","4","0","0","2","5","7","0","87645","0","0","0","87645","87645","3873","126798","0","0","0","130672","130672"
"2026-07-08","port1367","Visakhapatnam","India","IND","0","3","0","0","2","3","5","0","76310","0","0","5958","76310","82268","0","89824","0","0","34541","89824","124366"
"2026-07-09","port1367","Visakhapatnam","India","IND","2","6","0","0","1","8","9","1117","434704","0","0","9666","435821","445487","3085","0","0","0","4530","3085","7616"
"2026-07-10","port1367","Visakhapatnam","India","IND","1","6","0","0","0","7","7","0","160966","0","0","0","160966","160966","4420","34038","0","0","0","38459","38459"
"2026-07-11","port1367","Visakhapatnam","India","IND","1","5","0","0","1","6","7","0","359468","0","0","0","359468","359468","8430","78601","0","0","36640","87031","123672"
"2026-07-12","port1367","Visakhapatnam","India","IND","0","3","0","0","0","3","3","0","65164","0","0","0","65164","65164","0","15701","0","0","0","15701","15701"
"2026-07-13","port1367","Visakhapatnam","India","IND","1","2","0","0","2","3","5","0","61816","0","0","51851","61816","113667","11012","22228","0","0","0","33241","33241"
"2026-07-14","port1367","Visakhapatnam","India","IND","0","6","0","0","3","6","9","0","106640","0","0","26982","106640","133623","0","195971","0","0","39228","195971","235200"
"2026-07-15","port1367","Visakhapatnam","India","IND","0","6","0","0","1","6","7","0","216946","0","0","3412","216946","220358","0","75951","0","0","0","75951","75951"
"2026-07-16","port1367","Visakhapatnam","India","IND","1","3","0","0","2","4","6","0","56951","0","0","0","56951","56951","5891","58741","0","0","4621","64633","69254"
"2026-07-17","port1367","Visakhapatnam","India","IND","1","3","0","0","2","4","6","0","34319","0","0","481","34319","34801","4471","102214","0","0","10225","106686","116912"
"2026-07-18","port1367","Visakhapatnam","India","IND","2","5","0","0","1","7","8","541","256337","0","0","52989","256879","309868","5401","74402","0","0","0","79803","79803"
"2026-07-19","port1367","Visakhapatnam","India","IND","1","5","0","0","2","6","8","937","221637","0","0","0","222574","222574","0","0","0","0","35452","0","35452"
"2026-07-20","port1367","Visakhapatnam","India","IND","2","3","0","0","3","5","8","1653","129204","0","0","6891","130858","137750","7333","32714","0","0","0","40048","40048"
"2026-07-21","port1367","Visakhapatnam","India","IND","0","5","0","0","3","5","8","0","187364","0","0","20952","187364","208317","0","91145","0","0","4530","91145","95675"
"2026-07-22","port1367","Visakhapatnam","India","IND","1","5","1","0","1","7","8","1653","83044","2954","0","9666","87652","97319","4138","155187","3233","0","4530","162559","167089"
"2026-07-23","port1367","Visakhapatnam","India","IND","1","4","0","0","3","5","8","0","305957","0","0","62364","305957","368321","16855","31402","0","0","12160","48258","60419"
"2026-07-24","port1367","Visakhapatnam","India","IND","2","6","0","0","1","8","9","3936","69637","0","0","0","73574","73574","2247","124637","0","0","12148","126885","139033"
"2026-07-25","port1367","Visakhapatnam","India","IND","1","3","0","0","3","4","7","0","118340","0","0","49444","118340","167784","0","15701","0","0","37925","15701","53626"
"2026-07-26","port1367","Visakhapatnam","India","IND","1","1","0","0","2","2","4","0","0","0","0","48268","0","48268","2997","58708","0","0","38548","61706","100254"
"2026-07-27","port1367","Visakhapatnam","India","IND","1","6","1","0","0","8","8","0","246527","0","0","0","246527","246527","4061","64513","7885","0","0","76460","76460"
"2026-07-28","port1367","Visakhapatnam","India","IND","1","2","0","0","1","3","4","1552","0","0","0","0","1552","1552","0","152754","0","0","0","152754","152754"
"2026-07-29","port1367","Visakhapatnam","India","IND","1","4","0","0","4","5","9","0","131043","0","0","6606","131043","137649","0","70280","0","0","13909","70280","84189"
"2026-07-30","port1367","Visakhapatnam","India","IND","1","1","0","0","2","2","4","1737","34319","0","0","14559","36057","50617","0","15701","0","0","8426","15701","24127"
"2026-07-31","port1367","Visakhapatnam","India","IND","0","5","0","0","3","5","8","0","188823","0","0","51363","188823","240187","0","115673","0","0","35061","115673","150734"
"2026-08-01","port1367","Visakhapatnam","India","IND","1","2","0","0","3","3","6","1977","0","0","0","67698","1977","69675","0","70641","0","0","0","70641","70641"
"2026-08-02","port1367","Visakhapatnam","India","IND","1","2","0","0","1","3","4","0","60668","0","0","9666","60668","70335","16485","27245","0","0","4530","43730","48260"
"2026-08-03","port1367","Visakhapatnam","India","IND","2","2","0","0","2","4","6","18066","52299","0","0","54087","70366","124454","0","55067","0","0","0","55067","55067"
"2026-08-04","port1367","Visakhapatnam","India","IND","0","2","0","0","0","2","2","0","46594","0","0","0","46594","46594","0","15701","0","0","0","15701","15701"
"2026-08-05","port1367","Visakhapatnam","India","IND","3","4","0","0","0","7","7","9564","113760","0","0","0","123324","123324","9403","144459","0","0","0","153862","153862"
"2026-08-06","port1367","Visakhapatnam","India","IND","1","4","0","0","3","5","8","0","228470","0","0","32930","228470","261400","5339","11543","0","0","36735","16883","53619"
"2026-08-07","port1367","Visakhapatnam","India","IND","1","5","1","0","2","7","9","0","75042","0","0","0","75042","75042","6427","219367","0","0","12250","225794","238045"
"2026-08-08","port1367","Visakhapatnam","India","IND","1","6","0","0","1","7","8","0","236594","0","0","9549","236594","246144","2519","102945","0","0","0","105465","105465"
"2026-08-09","port1367","Visakhapatnam","India","IND","0","3","0","0","2","3","5","0","138156","0","0","0","138156","138156","0","27245","0","0","5279","27245","32525"
"2026-08-10","port1367","Visakhapatnam","India","IND","3","3","0","0","3","6","9","7820","68639","0","0","36114","76459","112574","937","86186","0","0","4530","87124","91654"
"2026-08-11","port1367","Visakhapatnam","India","IND","0","4","1","0","3","5","8","0","183659","14458","0","50045","198117","248163","0","47104","0","0","9060","47104","56164"
"2026-08-12","port1367","Visakhapatnam","India","IND","0","6","0","0","1","6","7","0","171598","0","0","0","171598","171598","0","133966","0","0","34414","133966","168381"
"2026-08-13","port1367","Visakhapatnam","India","IND","0","3","0","0","1","3","4","0","78660","0","0","0","78660","78660","0","92694","0","0","0","92694","92694"
"2026-08-14","port1367","Visakhapatnam","India","IND","1","1","1","0","1","3","4","4685","26349","1920","0","9666","32954","42621","0","11543","1741","0","4530","13285","17816"
